# 260929_17:24:37.502643
t	CH1	CH2
0.000000e+00	-3.399243e-03	2.077974e-01
1.000000e-08	-7.646922e-04	-1.364170e-01
2.000000e-08	8.180677e-03	-3.594710e-01
3.000000e-08	-5.233670e-03	-6.443050e-01
4.000000e-08	1.057565e-03	-9.189420e-01
5.000000e-08	-6.361328e-03	-1.180971e+00
6.000000e-08	5.796643e-04	-1.475791e+00
7.000000e-08	-3.304213e-03	-1.726420e+00
8.000000e-08	2.068360e-02	-1.980475e+00
9.000000e-08	8.202654e-02	-2.251203e+00
1.000000e-07	2.319833e-03	-2.589602e+00
1.100000e-07	-7.192501e-02	-2.990552e+00
1.200000e-07	-3.687657e-02	-3.348316e+00
1.300000e-07	-2.592836e-02	-3.526392e+00
1.400000e-07	-4.074294e-02	-3.780549e+00
1.500000e-07	2.067232e-03	-4.001947e+00
1.600000e-07	1.041488e-01	-4.178973e+00
1.700000e-07	-1.483426e-01	-4.456761e+00
1.800000e-07	1.884169e-01	-4.759823e+00
1.900000e-07	-8.491811e-02	-5.052179e+00
2.000000e-07	-3.077075e-02	-5.433479e+00
2.100000e-07	3.841718e-02	-5.623132e+00
2.200000e-07	-1.358261e-01	-5.949371e+00
2.300000e-07	1.565847e-01	-6.140872e+00
2.400000e-07	-1.095371e-01	-6.436134e+00
2.500000e-07	5.669962e-02	-6.738800e+00
2.600000e-07	1.682831e-02	-6.970004e+00
2.700000e-07	-6.624887e-02	-7.347792e+00
2.800000e-07	5.741508e-02	-7.549319e+00
2.900000e-07	-1.137593e-01	-7.883088e+00
3.000000e-07	9.438362e-02	-8.107666e+00
3.100000e-07	-5.134161e-02	-8.296847e+00
3.200000e-07	1.165232e-02	-8.591328e+00
3.300000e-07	2.407224e-02	-8.822534e+00
3.400000e-07	-7.349007e-02	-9.065213e+00
3.500000e-07	6.727452e-02	-9.267086e+00
3.600000e-07	-8.934902e-02	-9.549769e+00
3.700000e-07	6.637068e-02	-9.761323e+00
3.800000e-07	-6.064776e-02	-9.991871e+00
3.900000e-07	4.056601e-02	-1.020393e+01
4.000000e-07	-2.651125e-02	-1.047448e+01
4.100000e-07	-1.549354e-02	-1.066564e+01
4.200000e-07	4.350759e-03	-1.082351e+01
4.300000e-07	-3.588268e-02	-1.104604e+01
4.400000e-07	2.939657e-02	-1.128411e+01
4.500000e-07	-4.804296e-02	-1.149614e+01
4.600000e-07	3.306228e-02	-1.172761e+01
4.700000e-07	-4.250573e-02	-1.191659e+01
4.800000e-07	2.322686e-02	-1.211969e+01
4.900000e-07	-4.433509e-02	-1.224614e+01
5.000000e-07	7.661976e-03	-1.245616e+01
5.100000e-07	-2.271609e-02	-1.262496e+01
5.200000e-07	-1.635292e-04	-1.281348e+01
5.300000e-07	-1.258850e-02	-1.299130e+01
5.400000e-07	-1.523553e-02	-1.312869e+01
5.500000e-07	1.801091e-04	-1.331802e+01
5.600000e-07	-2.379364e-02	-1.341293e+01
5.700000e-07	-1.242407e-03	-1.359172e+01
5.800000e-07	-3.218613e-02	-1.376919e+01
5.900000e-07	3.323886e-03	-1.389751e+01
6.000000e-07	-2.486148e-02	-1.400538e+01
6.100000e-07	-1.415906e-03	-1.414921e+01
6.200000e-07	-2.502254e-02	-1.422641e+01
6.300000e-07	-6.502874e-03	-1.436283e+01
6.400000e-07	-1.888844e-02	-1.452859e+01
6.500000e-07	-1.461082e-02	-1.462336e+01
6.600000e-07	-1.776296e-02	-1.468754e+01
6.700000e-07	-1.643976e-02	-1.478325e+01
6.800000e-07	-1.250067e-02	-1.487696e+01
6.900000e-07	-1.945804e-02	-1.496167e+01
7.000000e-07	-1.663803e-02	-1.504538e+01
7.100000e-07	-2.115329e-02	-1.513906e+01
7.200000e-07	-1.559849e-02	-1.514135e+01
7.300000e-07	-2.181542e-02	-1.522491e+01
7.400000e-07	-1.867269e-02	-1.531902e+01
7.500000e-07	-2.234125e-02	-1.539222e+01
7.600000e-07	-1.691869e-02	-1.535235e+01
7.700000e-07	-2.439737e-02	-1.544488e+01
7.800000e-07	-2.208434e-02	-1.549643e+01
7.900000e-07	-2.478701e-02	-1.551801e+01
8.000000e-07	-2.239641e-02	-1.552704e+01
8.100000e-07	-2.416333e-02	-1.552109e+01
8.200000e-07	-2.695414e-02	-1.556067e+01
8.300000e-07	-2.689489e-02	-1.553112e+01
8.400000e-07	-2.878326e-02	-1.553112e+01
8.500000e-07	-2.791262e-02	-1.556212e+01
8.600000e-07	-3.233928e-02	-1.552164e+01
8.700000e-07	-3.212751e-02	-1.551906e+01
8.800000e-07	-3.404763e-02	-1.551799e+01
8.900000e-07	-3.464606e-02	-1.545588e+01
9.000000e-07	-3.893582e-02	-1.545343e+01
9.100000e-07	-3.919581e-02	-1.539220e+01
9.200000e-07	-4.091736e-02	-1.533167e+01
9.300000e-07	-4.152473e-02	-1.529851e+01
9.400000e-07	-4.462366e-02	-1.523740e+01
9.500000e-07	-4.709727e-02	-1.520175e+01
9.600000e-07	-4.995544e-02	-1.512849e+01
9.700000e-07	-5.193305e-02	-1.505628e+01
9.800000e-07	-5.605520e-02	-1.501115e+01
9.900000e-07	-5.972038e-02	-1.488896e+01
1.000000e-06	-6.195950e-02	-1.480332e+01
1.010000e-06	-6.424052e-02	-1.475859e+01
1.020000e-06	-6.615513e-02	-1.460485e+01
1.030000e-06	-6.963649e-02	-1.454807e+01
1.040000e-06	-6.946582e-02	-1.442268e+01
1.050000e-06	-6.963648e-02	-1.426649e+01
1.060000e-06	-6.835105e-02	-1.418964e+01
1.070000e-06	-6.892739e-02	-1.405441e+01
1.080000e-06	-6.653475e-02	-1.389799e+01
1.090000e-06	-6.418102e-02	-1.378222e+01
1.100000e-06	-6.082741e-02	-1.366483e+01
1.110000e-06	-5.872204e-02	-1.347689e+01
1.120000e-06	-5.591707e-02	-1.334009e+01
1.130000e-06	-5.230955e-02	-1.316172e+01
1.140000e-06	-4.793768e-02	-1.303385e+01
1.150000e-06	-4.628911e-02	-1.291641e+01
1.160000e-06	-4.387041e-02	-1.269697e+01
1.170000e-06	-4.145367e-02	-1.252009e+01
1.180000e-06	-3.801625e-02	-1.238067e+01
1.190000e-06	-3.616523e-02	-1.216317e+01
1.200000e-06	-3.440554e-02	-1.202165e+01
1.210000e-06	-3.319940e-02	-1.180430e+01
1.220000e-06	-2.932374e-02	-1.158067e+01
1.230000e-06	-2.756324e-02	-1.135104e+01
1.240000e-06	-2.605483e-02	-1.110954e+01
1.250000e-06	-2.517076e-02	-1.092761e+01
1.260000e-06	-2.423441e-02	-1.075811e+01
1.270000e-06	-2.232644e-02	-1.053959e+01
1.280000e-06	-2.058220e-02	-1.030851e+01
1.290000e-06	-1.959560e-02	-1.009643e+01
1.300000e-06	-1.930135e-02	-9.814907e+00
1.310000e-06	-1.799124e-02	-9.665910e+00
1.320000e-06	-1.596889e-02	-9.422879e+00
1.330000e-06	-1.587361e-02	-9.201296e+00
1.340000e-06	-1.558747e-02	-8.970194e+00
1.350000e-06	-1.469674e-02	-8.738489e+00
1.360000e-06	-1.305130e-02	-8.484061e+00
1.370000e-06	-1.281469e-02	-8.242329e+00
1.380000e-06	-1.278306e-02	-8.030853e+00
1.390000e-06	-1.277385e-02	-7.746187e+00
1.400000e-06	-1.155594e-02	-7.423454e+00
1.410000e-06	-1.017193e-02	-7.189794e+00
1.420000e-06	-1.163820e-02	-6.898608e+00
1.430000e-06	-9.813470e-03	-6.664084e+00
1.440000e-06	-1.039655e-02	-6.401831e+00
1.450000e-06	-7.442376e-03	-6.108661e+00
1.460000e-06	-9.905184e-03	-5.865005e+00
1.470000e-06	-9.446141e-03	-5.592776e+00
1.480000e-06	-8.428087e-03	-5.347088e+00
1.490000e-06	-8.330426e-03	-5.001298e+00
1.500000e-06	-7.927994e-03	-4.665536e+00
1.510000e-06	-7.451098e-03	-4.442530e+00
1.520000e-06	-6.813917e-03	-4.200821e+00
1.530000e-06	-7.396645e-03	-3.885642e+00
1.540000e-06	-7.478289e-03	-3.631024e+00
1.550000e-06	-8.743560e-03	-3.338670e+00
1.560000e-06	-6.478617e-03	-3.064427e+00
1.570000e-06	-6.994525e-03	-2.738771e+00
1.580000e-06	-3.980441e-03	-2.474660e+00
1.590000e-06	-5.941495e-03	-2.192373e+00
1.600000e-06	-5.017359e-03	-1.895766e+00
1.610000e-06	-6.479258e-03	-1.663007e+00
1.620000e-06	-5.234951e-03	-1.327233e+00
1.630000e-06	-7.166722e-03	-1.011449e+00
1.640000e-06	-4.904933e-03	-7.157384e-01
1.650000e-06	-3.810333e-03	-4.094775e-01
1.660000e-06	-1.760394e-03	-1.877685e-01
1.670000e-06	2.715642e-03	1.454121e-01
1.680000e-06	7.136516e-03	4.206028e-01
1.690000e-06	-2.485020e-03	6.516844e-01
1.700000e-06	1.728551e-03	9.368384e-01
1.710000e-06	-3.075853e-03	1.253183e+00
1.720000e-06	2.514713e-03	1.546443e+00
1.730000e-06	-8.101538e-04	1.832033e+00
1.740000e-06	1.634942e-02	2.012055e+00
1.750000e-06	5.061158e-02	2.316833e+00
1.760000e-06	6.320707e-02	2.691234e+00
1.770000e-06	-7.071921e-02	3.019596e+00
1.780000e-06	-4.334668e-02	3.242662e+00
1.790000e-06	-2.939478e-02	3.588394e+00
1.800000e-06	7.141277e-03	3.748950e+00
1.810000e-06	-5.533164e-02	4.000421e+00
1.820000e-06	2.964443e-03	4.262133e+00
1.830000e-06	8.613204e-02	4.536841e+00
1.840000e-06	-6.128897e-02	4.802000e+00
1.850000e-06	1.330048e-01	5.125212e+00
1.860000e-06	-8.772600e-02	5.433579e+00
1.870000e-06	-9.547302e-03	5.645188e+00
1.880000e-06	3.579718e-02	5.979421e+00
1.890000e-06	-3.279780e-02	6.213950e+00
1.900000e-06	4.300291e-02	6.466108e+00
1.910000e-06	-6.003142e-02	6.799447e+00
1.920000e-06	5.998552e-02	7.044053e+00
1.930000e-06	1.334823e-02	7.298115e+00
1.940000e-06	-2.182343e-02	7.591946e+00
1.950000e-06	-2.366785e-02	7.834584e+00
1.960000e-06	2.801096e-04	8.198466e+00
1.970000e-06	6.157533e-02	8.370445e+00
1.980000e-06	-3.153768e-02	8.580978e+00
1.990000e-06	-5.322761e-03	8.845478e+00
2.000000e-06	1.790000e-02	9.114061e+00
2.010000e-06	1.884259e-03	9.328713e+00
2.020000e-06	1.482663e-02	9.508186e+00
2.030000e-06	-3.191265e-02	9.793326e+00
2.040000e-06	2.469833e-02	1.000290e+01
2.050000e-06	1.172137e-02	1.023490e+01
2.060000e-06	2.156177e-02	1.043393e+01
2.070000e-06	-2.053528e-02	1.066658e+01
2.080000e-06	-4.486552e-03	1.088556e+01
2.090000e-06	2.468720e-02	1.109498e+01
2.100000e-06	2.602356e-03	1.123301e+01
2.110000e-06	2.078537e-03	1.149751e+01
2.120000e-06	-9.610960e-03	1.171770e+01
2.130000e-06	2.986248e-02	1.195916e+01
2.140000e-06	7.113725e-03	1.211704e+01
2.150000e-06	6.955130e-04	1.226911e+01
2.160000e-06	-8.283533e-03	1.251548e+01
2.170000e-06	1.584766e-02	1.261343e+01
2.180000e-06	1.582198e-02	1.277177e+01
2.190000e-06	-3.102017e-04	1.297174e+01
2.200000e-06	2.624590e-03	1.311857e+01
2.210000e-06	1.316511e-02	1.329866e+01
2.220000e-06	2.036814e-02	1.343341e+01
2.230000e-06	-9.256653e-04	1.357170e+01
2.240000e-06	-9.166739e-04	1.369869e+01
2.250000e-06	1.029110e-02	1.390541e+01
2.260000e-06	1.800689e-02	1.401177e+01
2.270000e-06	7.093337e-03	1.414020e+01
2.280000e-06	7.347819e-04	1.429696e+01
2.290000e-06	1.406106e-02	1.438325e+01
2.300000e-06	1.771901e-02	1.454059e+01
2.310000e-06	8.752587e-03	1.459288e+01
2.320000e-06	1.435252e-03	1.471904e+01
2.330000e-06	1.208763e-02	1.479340e+01
2.340000e-06	1.977674e-02	1.490753e+01
2.350000e-06	1.222826e-02	1.494014e+01
2.360000e-06	7.116875e-03	1.503585e+01
2.370000e-06	1.028359e-02	1.510703e+01
2.380000e-06	2.075741e-02	1.518315e+01
2.390000e-06	1.367303e-02	1.520485e+01
2.400000e-06	8.237521e-03	1.530646e+01
2.410000e-06	1.308438e-02	1.533814e+01
2.420000e-06	2.059751e-02	1.544272e+01
2.430000e-06	1.984804e-02	1.544325e+01
2.440000e-06	1.109141e-02	1.546784e+01
2.450000e-06	1.704986e-02	1.547844e+01
2.460000e-06	2.047710e-02	1.552856e+01
2.470000e-06	2.301202e-02	1.551049e+01
2.480000e-06	1.560853e-02	1.551057e+01
2.490000e-06	1.990392e-02	1.552209e+01
2.500000e-06	2.465787e-02	1.556207e+01
2.510000e-06	2.628342e-02	1.552957e+01
2.520000e-06	2.215605e-02	1.553804e+01
2.530000e-06	2.368814e-02	1.550941e+01
2.540000e-06	3.140441e-02	1.545891e+01
2.550000e-06	3.203589e-02	1.542435e+01
2.560000e-06	3.110853e-02	1.543373e+01
2.570000e-06	2.881945e-02	1.538259e+01
2.580000e-06	3.697620e-02	1.536952e+01
2.590000e-06	3.840388e-02	1.529796e+01
2.600000e-06	3.793383e-02	1.522385e+01
2.610000e-06	3.825406e-02	1.518114e+01
2.620000e-06	4.573144e-02	1.509743e+01
2.630000e-06	4.906134e-02	1.503475e+01
2.640000e-06	4.864003e-02	1.495114e+01
2.650000e-06	5.053077e-02	1.484538e+01
2.660000e-06	5.630078e-02	1.479119e+01
2.670000e-06	6.254485e-02	1.466739e+01
2.680000e-06	6.000139e-02	1.461277e+01
2.690000e-06	6.097683e-02	1.451741e+01
2.700000e-06	6.202163e-02	1.434259e+01
2.710000e-06	6.495806e-02	1.424586e+01
2.720000e-06	6.221247e-02	1.413849e+01
2.730000e-06	5.973131e-02	1.402167e+01
2.740000e-06	5.938321e-02	1.386685e+01
2.750000e-06	5.778240e-02	1.373959e+01
2.760000e-06	5.422070e-02	1.357114e+01
2.770000e-06	4.780438e-02	1.346433e+01
2.780000e-06	4.641631e-02	1.328741e+01
2.790000e-06	4.588219e-02	1.311898e+01
2.800000e-06	4.152454e-02	1.299167e+01
2.810000e-06	3.801968e-02	1.278377e+01
2.820000e-06	3.508508e-02	1.263485e+01
2.830000e-06	3.398068e-02	1.247641e+01
2.840000e-06	2.959904e-02	1.230798e+01
2.850000e-06	2.673158e-02	1.213804e+01
2.860000e-06	2.490056e-02	1.195054e+01
2.870000e-06	2.504648e-02	1.172909e+01
2.880000e-06	2.118487e-02	1.152107e+01
2.890000e-06	1.903823e-02	1.132894e+01
2.900000e-06	1.786044e-02	1.111711e+01
2.910000e-06	1.733118e-02	1.091699e+01
2.920000e-06	1.504607e-02	1.070751e+01
2.930000e-06	1.223960e-02	1.048743e+01
2.940000e-06	1.263828e-02	1.026598e+01
2.950000e-06	1.137672e-02	1.007480e+01
2.960000e-06	1.011983e-02	9.814252e+00
2.970000e-06	8.031101e-03	9.590697e+00
2.980000e-06	7.573859e-03	9.349194e+00
2.990000e-06	7.365979e-03	9.158563e+00
3.000000e-06	6.718660e-03	8.895931e+00
3.010000e-06	4.240919e-03	8.683882e+00
3.020000e-06	4.245734e-03	8.443426e+00
3.030000e-06	5.069604e-03	8.171249e+00
3.040000e-06	4.303989e-03	7.938065e+00
3.050000e-06	2.020358e-03	7.696904e+00
3.060000e-06	1.791868e-03	7.419820e+00
3.070000e-06	2.726161e-03	7.146666e+00
3.080000e-06	2.647937e-03	6.896054e+00
3.090000e-06	2.823627e-05	6.591748e+00
3.100000e-06	-7.727633e-04	6.358119e+00
3.110000e-06	8.783513e-04	6.086111e+00
3.120000e-06	1.320139e-03	5.832852e+00
3.130000e-06	-9.664507e-04	5.579772e+00
3.140000e-06	-1.346582e-03	5.275481e+00
3.150000e-06	5.006439e-05	4.960156e+00
3.160000e-06	3.931711e-04	4.633404e+00
3.170000e-06	-2.082944e-03	4.371243e+00
3.180000e-06	-3.674225e-03	4.124458e+00
3.190000e-06	-2.289431e-03	3.830271e+00
3.200000e-06	-1.333686e-03	3.549714e+00
3.210000e-06	-2.437501e-03	3.272479e+00
3.220000e-06	-4.553344e-03	2.978796e+00
3.230000e-06	-3.491286e-03	2.715163e+00
3.240000e-06	-2.091574e-03	2.399374e+00
3.250000e-06	-3.225973e-03	2.115186e+00
3.260000e-06	-5.864286e-03	1.884455e+00
3.270000e-06	-4.467825e-03	1.548816e+00
3.280000e-06	-2.813425e-03	1.282481e+00
3.290000e-06	-3.021302e-03	9.456121e-01
3.300000e-06	-5.107198e-03	6.310043e-01
3.310000e-06	-4.496187e-03	3.688184e-01
3.320000e-06	-1.238928e-03	4.150276e-02
3.330000e-06	1.702815e-03	-2.015790e-01
3.340000e-06	3.711835e-03	-4.522142e-01
3.350000e-06	-5.423403e-03	-7.880424e-01
3.360000e-06	-6.806901e-05	-1.020129e+00
3.370000e-06	-3.055446e-03	-1.284806e+00
3.380000e-06	-2.030104e-03	-1.599455e+00
3.390000e-06	1.543146e-03	-1.861080e+00
3.400000e-06	3.746762e-02	-2.052080e+00
3.410000e-06	9.716141e-02	-2.308522e+00
3.420000e-06	-7.196334e-02	-2.696843e+00
3.430000e-06	-4.138687e-02	-3.128845e+00
3.440000e-06	-4.858737e-02	-3.421075e+00
3.450000e-06	-5.905385e-03	-3.622981e+00
3.460000e-06	-6.837905e-02	-3.925834e+00
3.470000e-06	9.792647e-02	-4.064663e+00
3.480000e-06	-1.558975e-02	-4.307264e+00
3.490000e-06	-4.640776e-02	-4.560529e+00
3.500000e-06	1.610315e-01	-4.844629e+00
3.510000e-06	-1.816338e-01	-5.199494e+00
3.520000e-06	9.649804e-02	-5.497163e+00
3.530000e-06	-9.180616e-02	-5.747424e+00
3.540000e-06	-1.018161e-03	-6.024128e+00
3.550000e-06	8.324275e-02	-6.234584e+00
3.560000e-06	-1.141497e-01	-6.590477e+00
3.570000e-06	1.235440e-01	-6.783008e+00
3.580000e-06	-8.130427e-02	-7.116445e+00
3.590000e-06	1.829541e-02	-7.402999e+00
3.600000e-06	-1.925250e-02	-7.573679e+00
3.610000e-06	-5.007486e-02	-7.967417e+00
3.620000e-06	9.135485e-02	-8.159896e+00
3.630000e-06	-9.957671e-02	-8.432083e+00
3.640000e-06	8.224847e-02	-8.717585e+00
3.650000e-06	-6.401774e-02	-8.918267e+00
3.660000e-06	1.335750e-02	-9.170825e+00
3.670000e-06	-4.895481e-03	-9.390873e+00
3.680000e-06	-4.418758e-02	-9.624607e+00
3.690000e-06	4.864818e-02	-9.813006e+00
3.700000e-06	-5.950648e-02	-1.005556e+01
3.710000e-06	6.254342e-02	-1.027759e+01
3.720000e-06	-7.326670e-02	-1.052727e+01
3.730000e-06	3.658148e-02	-1.069777e+01
3.740000e-06	-4.585694e-02	-1.088922e+01
3.750000e-06	1.392830e-02	-1.116080e+01
3.760000e-06	-2.050712e-02	-1.135975e+01
3.770000e-06	-8.138303e-03	-1.160032e+01
3.780000e-06	9.384238e-03	-1.178283e+01
3.790000e-06	-2.401448e-02	-1.199137e+01
3.800000e-06	6.913362e-03	-1.218935e+01
3.810000e-06	-4.189322e-02	-1.234975e+01
3.820000e-06	1.866746e-02	-1.252930e+01
3.830000e-06	-3.471599e-02	-1.271659e+01
3.840000e-06	1.090942e-02	-1.289649e+01
3.850000e-06	-3.276184e-02	-1.303496e+01
3.860000e-06	1.159034e-02	-1.319190e+01
3.870000e-06	-2.157809e-02	-1.331974e+01
3.880000e-06	-8.932781e-03	-1.348761e+01
3.890000e-06	-2.121697e-02	-1.360535e+01
3.900000e-06	-1.124868e-02	-1.380293e+01
3.910000e-06	-6.049754e-03	-1.391961e+01
3.920000e-06	-2.149335e-02	-1.402503e+01
3.930000e-06	-8.841641e-03	-1.417288e+01
3.940000e-06	-2.001785e-02	-1.435864e+01
3.950000e-06	-3.786984e-03	-1.442382e+01
3.960000e-06	-2.550952e-02	-1.453024e+01
3.970000e-06	-1.380951e-02	-1.465388e+01
3.980000e-06	-2.028114e-02	-1.470922e+01
3.990000e-06	-8.518669e-03	-1.486445e+01
4.000000e-06	-1.971205e-02	-1.491109e+01
4.010000e-06	-1.846572e-02	-1.503430e+01
4.020000e-06	-1.941166e-02	-1.507593e+01
4.030000e-06	-1.507063e-02	-1.515862e+01
4.040000e-06	-2.007827e-02	-1.520277e+01
4.050000e-06	-2.279773e-02	-1.523681e+01
4.060000e-06	-2.023256e-02	-1.533960e+01
4.070000e-06	-1.600754e-02	-1.534275e+01
4.080000e-06	-1.878166e-02	-1.546280e+01
4.090000e-06	-2.715305e-02	-1.544593e+01
4.100000e-06	-2.220761e-02	-1.547491e+01
4.110000e-06	-2.255533e-02	-1.550804e+01
4.120000e-06	-1.996314e-02	-1.550911e+01
4.130000e-06	-3.030867e-02	-1.554009e+01
4.140000e-06	-2.666135e-02	-1.553812e+01
4.150000e-06	-2.561019e-02	-1.556014e+01
4.160000e-06	-2.638382e-02	-1.556012e+01
4.170000e-06	-3.328653e-02	-1.555107e+01
4.180000e-06	-3.443160e-02	-1.549761e+01
4.190000e-06	-2.952745e-02	-1.550659e+01
4.200000e-06	-3.239101e-02	-1.549591e+01
4.210000e-06	-3.807221e-02	-1.545591e+01
4.220000e-06	-4.196663e-02	-1.543383e+01
4.230000e-06	-3.766436e-02	-1.537275e+01
4.240000e-06	-3.942646e-02	-1.534799e+01
4.250000e-06	-4.384350e-02	-1.528596e+01
4.260000e-06	-4.823729e-02	-1.524588e+01
4.270000e-06	-4.677522e-02	-1.516267e+01
4.280000e-06	-4.783698e-02	-1.510691e+01
4.290000e-06	-5.465815e-02	-1.501230e+01
4.300000e-06	-6.049488e-02	-1.493061e+01
4.310000e-06	-6.048833e-02	-1.486499e+01
4.320000e-06	-6.042543e-02	-1.479115e+01
4.330000e-06	-6.504355e-02	-1.465751e+01
4.340000e-06	-7.029914e-02	-1.457327e+01
4.350000e-06	-7.069133e-02	-1.450751e+01
4.360000e-06	-6.711883e-02	-1.436167e+01
4.370000e-06	-6.818093e-02	-1.422678e+01
4.380000e-06	-7.085091e-02	-1.411701e+01
4.390000e-06	-6.930097e-02	-1.398327e+01
4.400000e-06	-6.261404e-02	-1.385283e+01
4.410000e-06	-6.160057e-02	-1.372754e+01
4.420000e-06	-6.227646e-02	-1.356159e+01
4.430000e-06	-5.995300e-02	-1.342233e+01
4.440000e-06	-5.266588e-02	-1.324494e+01
4.450000e-06	-4.870333e-02	-1.311864e+01
4.460000e-06	-4.897476e-02	-1.298975e+01
4.470000e-06	-4.692608e-02	-1.280420e+01
4.480000e-06	-4.120863e-02	-1.268388e+01
4.490000e-06	-3.793151e-02	-1.248751e+01
4.500000e-06	-3.854736e-02	-1.229641e+01
4.510000e-06	-3.892955e-02	-1.213656e+01
4.520000e-06	-3.289876e-02	-1.188946e+01
4.530000e-06	-2.849661e-02	-1.168654e+01
4.540000e-06	-2.868008e-02	-1.148901e+01
4.550000e-06	-3.024249e-02	-1.126538e+01
4.560000e-06	-2.594131e-02	-1.105451e+01
4.570000e-06	-2.116982e-02	-1.083445e+01
4.580000e-06	-2.233339e-02	-1.061496e+01
4.590000e-06	-2.518255e-02	-1.048296e+01
4.600000e-06	-2.144312e-02	-1.020338e+01
4.610000e-06	-1.645221e-02	-9.972244e+00
4.620000e-06	-1.744543e-02	-9.780721e+00
4.630000e-06	-1.999199e-02	-9.570170e+00
4.640000e-06	-1.747783e-02	-9.319612e+00
4.650000e-06	-1.263652e-02	-9.106536e+00
4.660000e-06	-1.405836e-02	-8.905983e+00
4.670000e-06	-1.736340e-02	-8.620802e+00
4.680000e-06	-1.513783e-02	-8.339747e+00
4.690000e-06	-1.078985e-02	-8.158268e+00
4.700000e-06	-1.036018e-02	-7.936064e+00
4.710000e-06	-1.373249e-02	-7.610878e+00
4.720000e-06	-1.347988e-02	-7.337216e+00
4.730000e-06	-8.858109e-03	-7.064008e+00
4.740000e-06	-8.935775e-03	-6.813900e+00
4.750000e-06	-1.075706e-02	-6.537744e+00
4.760000e-06	-1.222080e-02	-6.298112e+00
4.770000e-06	-7.181179e-03	-6.023852e+00
4.780000e-06	-7.348756e-03	-5.750191e+00
4.790000e-06	-7.206501e-03	-5.495587e+00
4.800000e-06	-1.067816e-02	-5.170723e+00
4.810000e-06	-8.176708e-03	-4.896479e+00
4.820000e-06	-6.533688e-03	-4.568796e+00
4.830000e-06	-5.341305e-03	-4.327720e+00
4.840000e-06	-9.523054e-03	-4.094582e+00
4.850000e-06	-7.618205e-03	-3.812371e+00
4.860000e-06	-7.365642e-03	-3.517191e+00
4.870000e-06	-5.772422e-03	-3.243963e+00
4.880000e-06	-8.120002e-03	-2.977742e+00
4.890000e-06	-6.267891e-03	-2.674033e+00
4.900000e-06	-4.775493e-03	-2.380395e+00
4.910000e-06	-3.133755e-03	-2.103584e+00
4.920000e-06	-5.767648e-03	-1.821900e+00
4.930000e-06	-7.014222e-03	-1.508265e+00
4.940000e-06	-5.276190e-03	-1.207770e+00
4.950000e-06	-4.091627e-03	-9.251883e-01
4.960000e-06	-5.603309e-03	-6.134751e-01
4.970000e-06	-5.922761e-03	-3.261932e-01
4.980000e-06	-3.124612e-05	-3.208406e-02
4.990000e-06	9.338989e-03	2.122353e-01
5.000000e-06	5.970648e-04	5.438170e-01
5.010000e-06	-1.785184e-03	7.679671e-01
5.020000e-06	-1.630059e-03	1.062158e+00
5.030000e-06	3.421536e-03	1.326894e+00
5.040000e-06	9.402098e-04	1.623653e+00
5.050000e-06	8.757301e-04	1.883789e+00
5.060000e-06	2.219500e-02	2.116368e+00
5.070000e-06	7.888565e-02	2.443080e+00
5.080000e-06	5.478037e-03	2.809974e+00
5.090000e-06	-6.801161e-02	3.063739e+00
5.100000e-06	-4.491204e-02	3.336920e+00
5.110000e-06	-3.593836e-03	3.632129e+00
5.120000e-06	-1.237941e-02	3.893109e+00
5.130000e-06	-5.449784e-02	4.094538e+00
5.140000e-06	5.693739e-02	4.336844e+00
5.150000e-06	2.414425e-02	4.643135e+00
5.160000e-06	1.964773e-03	4.897135e+00
5.170000e-06	9.065093e-02	5.244128e+00
5.180000e-06	-1.225635e-01	5.538843e+00
5.190000e-06	5.344890e-02	5.759376e+00
5.200000e-06	-7.256903e-03	6.065633e+00
5.210000e-06	2.625377e-03	6.307660e+00
5.220000e-06	7.926619e-03	6.599976e+00
5.230000e-06	-4.064678e-02	6.876157e+00
5.240000e-06	8.746324e-02	7.138214e+00
5.250000e-06	-3.242122e-02	7.432425e+00
5.260000e-06	-5.614572e-03	7.707663e+00
5.270000e-06	-3.932336e-02	7.961394e+00
5.280000e-06	4.925798e-02	8.233555e+00
5.290000e-06	2.751966e-02	8.445132e+00
5.300000e-06	-4.570292e-02	8.677161e+00
5.310000e-06	2.506784e-02	8.899168e+00
5.320000e-06	-1.021890e-04	9.198371e+00
5.330000e-06	2.591414e-02	9.390370e+00
5.340000e-06	-2.333608e-02	9.643979e+00
5.350000e-06	-2.880946e-03	9.886059e+00
5.360000e-06	1.699079e-02	1.007622e+01
5.370000e-06	2.124433e-02	1.031816e+01
5.380000e-06	4.593335e-03	1.052834e+01
5.390000e-06	-2.518970e-02	1.077879e+01
5.400000e-06	2.040300e-02	1.093927e+01
5.410000e-06	1.047080e-02	1.112017e+01
5.420000e-06	8.572839e-03	1.132127e+01
5.430000e-06	-1.615862e-02	1.157165e+01
5.440000e-06	1.726488e-02	1.180385e+01
5.450000e-06	1.841875e-02	1.198585e+01
5.460000e-06	8.027497e-03	1.215333e+01
5.470000e-06	-1.134750e-02	1.239969e+01
5.480000e-06	3.494525e-03	1.252969e+01
5.490000e-06	2.076360e-02	1.267659e+01
5.500000e-06	5.634014e-03	1.284591e+01
5.510000e-06	4.445554e-04	1.304435e+01
5.520000e-06	3.110131e-03	1.317030e+01
5.530000e-06	2.551387e-02	1.332924e+01
5.540000e-06	6.672319e-03	1.345706e+01
5.550000e-06	7.591036e-05	1.364292e+01
5.560000e-06	-1.271891e-03	1.380185e+01
5.570000e-06	2.006144e-02	1.391007e+01
5.580000e-06	1.260902e-02	1.404636e+01
5.590000e-06	1.299203e-03	1.417275e+01
5.600000e-06	5.843015e-03	1.431814e+01
5.610000e-06	1.754524e-02	1.442543e+01
5.620000e-06	1.749686e-02	1.458020e+01
5.630000e-06	8.513790e-04	1.469533e+01
5.640000e-06	7.478013e-03	1.478122e+01
5.650000e-06	1.497372e-02	1.486388e+01
5.660000e-06	2.033036e-02	1.490011e+01
5.670000e-06	4.760462e-03	1.498235e+01
5.680000e-06	8.257771e-03	1.505646e+01
5.690000e-06	1.529824e-02	1.511806e+01
5.700000e-06	2.157580e-02	1.522217e+01
5.710000e-06	9.226714e-03	1.524696e+01
5.720000e-06	7.463887e-03	1.533951e+01
5.730000e-06	1.906476e-02	1.534014e+01
5.740000e-06	1.983634e-02	1.539423e+01
5.750000e-06	1.664414e-02	1.546588e+01
5.760000e-06	7.702573e-03	1.550843e+01
5.770000e-06	2.139132e-02	1.549754e+01
5.780000e-06	2.410416e-02	1.551956e+01
5.790000e-06	2.083843e-02	1.551954e+01
5.800000e-06	1.327549e-02	1.556804e+01
5.810000e-06	2.124311e-02	1.551062e+01
5.820000e-06	2.840115e-02	1.555962e+01
5.830000e-06	2.371031e-02	1.554909e+01
5.840000e-06	2.094774e-02	1.550112e+01
5.850000e-06	2.474143e-02	1.547753e+01
5.860000e-06	3.545502e-02	1.545636e+01
5.870000e-06	3.240234e-02	1.542581e+01
5.880000e-06	2.687908e-02	1.540517e+01
5.890000e-06	3.108914e-02	1.538007e+01
5.900000e-06	3.960621e-02	1.530956e+01
5.910000e-06	4.056214e-02	1.527741e+01
5.920000e-06	3.535663e-02	1.521420e+01
5.930000e-06	3.801732e-02	1.512857e+01
5.940000e-06	4.878900e-02	1.507633e+01
5.950000e-06	5.134344e-02	1.501372e+01
5.960000e-06	4.897102e-02	1.495203e+01
5.970000e-06	4.969884e-02	1.484633e+01
5.980000e-06	5.986688e-02	1.475962e+01
5.990000e-06	6.472788e-02	1.468430e+01
6.000000e-06	6.012223e-02	1.456112e+01
6.010000e-06	5.949014e-02	1.444378e+01
6.020000e-06	6.457005e-02	1.433904e+01
6.030000e-06	6.819981e-02	1.422478e+01
6.040000e-06	6.071834e-02	1.408736e+01
6.050000e-06	5.640898e-02	1.391102e+01
6.060000e-06	5.704633e-02	1.380378e+01
6.070000e-06	6.096581e-02	1.367738e+01
6.080000e-06	5.369945e-02	1.351854e+01
6.090000e-06	4.486628e-02	1.335217e+01
6.100000e-06	4.274532e-02	1.325378e+01
6.110000e-06	4.805445e-02	1.305585e+01
6.120000e-06	4.180396e-02	1.289849e+01
6.130000e-06	3.480868e-02	1.272909e+01
6.140000e-06	3.182959e-02	1.256272e+01
6.150000e-06	3.510062e-02	1.243325e+01
6.160000e-06	3.169630e-02	1.223585e+01
6.170000e-06	2.333962e-02	1.206585e+01
6.180000e-06	2.196194e-02	1.184495e+01
6.190000e-06	2.414060e-02	1.169586e+01
6.200000e-06	2.474160e-02	1.144678e+01
6.210000e-06	1.645361e-02	1.125423e+01
6.220000e-06	1.487198e-02	1.103388e+01
6.230000e-06	1.769171e-02	1.084273e+01
6.240000e-06	1.760450e-02	1.060380e+01
6.250000e-06	1.168417e-02	1.045180e+01
6.260000e-06	8.223424e-03	1.017127e+01
6.270000e-06	1.122875e-02	1.000059e+01
6.280000e-06	1.363679e-02	9.748612e+00
6.290000e-06	8.482131e-03	9.485984e+00
6.300000e-06	4.351213e-03	9.274436e+00
6.310000e-06	6.652726e-03	9.035905e+00
6.320000e-06	9.829493e-03	8.792196e+00
6.330000e-06	6.096979e-03	8.579723e+00
6.340000e-06	1.098247e-03	8.349641e+00
6.350000e-06	3.160384e-03	8.076962e+00
6.360000e-06	6.705033e-03	7.794876e+00
6.370000e-06	5.017038e-03	7.550567e+00
6.380000e-06	-1.946940e-03	7.295086e+00
6.390000e-06	1.062561e-03	7.013799e+00
6.400000e-06	2.793661e-03	6.811722e+00
6.410000e-06	3.784898e-03	6.496486e+00
6.420000e-06	-3.272271e-03	6.243427e+00
6.430000e-06	-2.296899e-03	6.001899e+00
6.440000e-06	4.299127e-03	5.747660e+00
6.450000e-06	2.464483e-03	5.444456e+00
6.460000e-06	-1.120716e-03	5.160764e+00
6.470000e-06	-5.649818e-03	4.811724e+00
6.480000e-06	-1.534989e-04	4.526767e+00
6.490000e-06	-1.691956e-03	4.285904e+00
6.500000e-06	-2.964637e-03	3.948245e+00
6.510000e-06	-5.962238e-03	3.697037e+00
6.520000e-06	3.135172e-04	3.421829e+00
6.530000e-06	2.663723e-03	3.157690e+00
6.540000e-06	-2.423986e-03	2.872583e+00
6.550000e-06	-7.477336e-03	2.620320e+00
6.560000e-06	-4.411997e-03	2.306561e+00
6.570000e-06	-7.126812e-04	2.041399e+00
6.580000e-06	-4.417413e-03	1.757142e+00
6.590000e-06	-7.548038e-03	1.482429e+00
6.600000e-06	-4.464647e-03	1.116734e+00
6.610000e-06	2.560079e-03	7.809213e-01
6.620000e-06	-2.928912e-03	5.266884e-01
6.630000e-06	-6.373260e-03	2.935316e-01
6.640000e-06	-3.949747e-03	-6.125903e-02
6.650000e-06	1.033378e-02	-2.968895e-01
6.660000e-06	-9.045674e-04	-5.075025e-01
6.670000e-06	-2.493493e-03	-8.337079e-01
6.680000e-06	-9.346483e-03	-1.116942e+00
6.690000e-06	2.250293e-03	-1.423158e+00
6.700000e-06	-1.109221e-03	-1.664287e+00
6.710000e-06	1.248502e-02	-1.917392e+00
6.720000e-06	6.167672e-02	-2.094991e+00
6.730000e-06	5.352599e-02	-2.496391e+00
6.740000e-06	-8.526064e-02	-2.885887e+00
6.750000e-06	-3.173360e-02	-3.293130e+00
6.760000e-06	-4.409713e-02	-3.476235e+00
6.770000e-06	-2.144261e-02	-3.737867e+00
6.780000e-06	-4.428502e-02	-3.949895e+00
6.790000e-06	1.380093e-01	-4.146817e+00
6.800000e-06	-1.334630e-01	-4.421630e+00
6.810000e-06	1.173852e-01	-4.716692e+00
6.820000e-06	2.383232e-02	-4.937341e+00
6.830000e-06	-1.186355e-01	-5.317867e+00
6.840000e-06	9.852684e-02	-5.599925e+00
6.850000e-06	-1.634372e-01	-5.866186e+00
6.860000e-06	1.327209e-01	-6.108762e+00
6.870000e-06	-4.777393e-02	-6.368951e+00
6.880000e-06	-1.682002e-02	-6.706712e+00
6.890000e-06	8.061773e-02	-6.906666e+00
6.900000e-06	-9.949903e-02	-7.243583e+00
6.910000e-06	7.102709e-02	-7.516740e+00
6.920000e-06	-1.001365e-01	-7.750800e+00
6.930000e-06	4.807612e-02	-8.055083e+00
6.940000e-06	7.774405e-03	-8.274259e+00
6.950000e-06	-4.590177e-02	-8.550270e+00
6.960000e-06	7.140140e-02	-8.790322e+00
6.970000e-06	-1.003612e-01	-9.083031e+00
6.980000e-06	7.269134e-02	-9.265030e+00
6.990000e-06	-7.422344e-02	-9.506688e+00
7.000000e-06	3.715684e-02	-9.758739e+00
7.010000e-06	-2.639571e-02	-9.928242e+00
7.020000e-06	-1.627426e-04	-1.016035e+01
7.030000e-06	1.722713e-02	-1.040090e+01
7.040000e-06	-5.109835e-02	-1.062200e+01
7.050000e-06	3.078705e-02	-1.079195e+01
7.060000e-06	-5.718104e-02	-1.098245e+01
7.070000e-06	4.204705e-02	-1.123353e+01
7.080000e-06	-5.051678e-02	-1.144358e+01
7.090000e-06	2.742501e-02	-1.167498e+01
7.100000e-06	-3.383118e-02	-1.189448e+01
7.110000e-06	1.262635e-02	-1.208711e+01
7.120000e-06	-2.708442e-02	-1.224495e+01
7.130000e-06	-1.165449e-02	-1.243445e+01
7.140000e-06	-6.648227e-03	-1.257335e+01
7.150000e-06	-1.658138e-02	-1.280225e+01
7.160000e-06	4.283370e-03	-1.297872e+01
7.170000e-06	-2.822976e-02	-1.309659e+01
7.180000e-06	8.838494e-03	-1.324491e+01
7.190000e-06	-3.045366e-02	-1.342333e+01
7.200000e-06	4.266579e-03	-1.356119e+01
7.210000e-06	-3.262834e-02	-1.373761e+01
7.220000e-06	1.046011e-04	-1.387551e+01
7.230000e-06	-2.090957e-02	-1.395117e+01
7.240000e-06	-4.564728e-03	-1.410806e+01
7.250000e-06	-1.866847e-02	-1.422593e+01
7.260000e-06	-1.367029e-02	-1.436172e+01
7.270000e-06	-1.345319e-02	-1.447553e+01
7.280000e-06	-1.731685e-02	-1.457183e+01
7.290000e-06	-1.333785e-02	-1.469548e+01
7.300000e-06	-2.178484e-02	-1.474080e+01
7.310000e-06	-1.034777e-02	-1.486554e+01
7.320000e-06	-1.889353e-02	-1.494122e+01
7.330000e-06	-1.447852e-02	-1.502535e+01
7.340000e-06	-2.379345e-02	-1.505654e+01
7.350000e-06	-1.529792e-02	-1.516072e+01
7.360000e-06	-2.137872e-02	-1.525430e+01
7.370000e-06	-1.750904e-02	-1.528804e+01
7.380000e-06	-2.385490e-02	-1.534962e+01
7.390000e-06	-1.815188e-02	-1.540330e+01
7.400000e-06	-2.107152e-02	-1.542438e+01
7.410000e-06	-2.260730e-02	-1.544596e+01
7.420000e-06	-2.438212e-02	-1.547801e+01
7.430000e-06	-2.461869e-02	-1.551754e+01
7.440000e-06	-2.170173e-02	-1.550904e+01
7.450000e-06	-2.668989e-02	-1.559162e+01
7.460000e-06	-2.663345e-02	-1.554914e+01
7.470000e-06	-3.024960e-02	-1.557117e+01
7.480000e-06	-2.683293e-02	-1.553072e+01
7.490000e-06	-3.142984e-02	-1.553856e+01
7.500000e-06	-3.215130e-02	-1.551801e+01
7.510000e-06	-3.462534e-02	-1.548649e+01
7.520000e-06	-3.449455e-02	-1.547648e+01
7.530000e-06	-3.605616e-02	-1.545388e+01
7.540000e-06	-3.936093e-02	-1.536385e+01
7.550000e-06	-4.152394e-02	-1.536128e+01
7.560000e-06	-4.156171e-02	-1.530007e+01
7.570000e-06	-4.331618e-02	-1.526641e+01
7.580000e-06	-4.593308e-02	-1.521280e+01
7.590000e-06	-5.064911e-02	-1.510909e+01
7.600000e-06	-5.105013e-02	-1.504596e+01
7.610000e-06	-5.456867e-02	-1.502077e+01
7.620000e-06	-5.840251e-02	-1.493756e+01
7.630000e-06	-6.171751e-02	-1.484540e+01
7.640000e-06	-6.410988e-02	-1.471111e+01
7.650000e-06	-6.501666e-02	-1.460493e+01
7.660000e-06	-6.821691e-02	-1.456060e+01
7.670000e-06	-7.029405e-02	-1.447488e+01
7.680000e-06	-7.151090e-02	-1.432701e+01
7.690000e-06	-6.914148e-02	-1.419435e+01
7.700000e-06	-6.764383e-02	-1.409493e+01
7.710000e-06	-6.731597e-02	-1.388751e+01
7.720000e-06	-6.582252e-02	-1.382420e+01
7.730000e-06	-6.159796e-02	-1.370604e+01
7.740000e-06	-5.836867e-02	-1.351851e+01
7.750000e-06	-5.698415e-02	-1.336119e+01
7.760000e-06	-5.477490e-02	-1.321274e+01
7.770000e-06	-4.970879e-02	-1.308538e+01
7.780000e-06	-4.577692e-02	-1.291857e+01
7.790000e-06	-4.457314e-02	-1.275059e+01
7.800000e-06	-4.258678e-02	-1.259167e+01
7.810000e-06	-3.970827e-02	-1.242227e+01
7.820000e-06	-3.575494e-02	-1.223388e+01
7.830000e-06	-3.518030e-02	-1.207483e+01
7.840000e-06	-3.378857e-02	-1.186383e+01
7.850000e-06	-3.085433e-02	-1.162375e+01
7.860000e-06	-2.691711e-02	-1.140318e+01
7.870000e-06	-2.594383e-02	-1.117975e+01
7.880000e-06	-2.565964e-02	-1.100027e+01
7.890000e-06	-2.431260e-02	-1.078125e+01
7.900000e-06	-2.224454e-02	-1.055125e+01
7.910000e-06	-2.046974e-02	-1.038067e+01
7.920000e-06	-2.058713e-02	-1.016866e+01
7.930000e-06	-1.982587e-02	-9.917515e+00
7.940000e-06	-1.770980e-02	-9.678015e+00
7.950000e-06	-1.609113e-02	-9.495983e+00
7.960000e-06	-1.563121e-02	-9.274353e+00
7.970000e-06	-1.567462e-02	-9.012826e+00
7.980000e-06	-1.554158e-02	-8.832715e+00
7.990000e-06	-1.283242e-02	-8.510167e+00
8.000000e-06	-1.255824e-02	-8.285986e+00
8.010000e-06	-1.240503e-02	-8.066033e+00
8.020000e-06	-1.220885e-02	-7.789325e+00
8.030000e-06	-1.051303e-02	-7.497086e+00
8.040000e-06	-1.097794e-02	-7.253932e+00
8.050000e-06	-1.131624e-02	-7.002245e+00
8.060000e-06	-1.083544e-02	-6.676117e+00
8.070000e-06	-9.573489e-03	-6.483061e+00
8.080000e-06	-8.711253e-03	-6.181802e+00
8.090000e-06	-9.440603e-03	-5.937637e+00
8.100000e-06	-9.915243e-03	-5.695054e+00
8.110000e-06	-7.714901e-03	-5.361322e+00
8.120000e-06	-9.439507e-03	-5.094588e+00
8.130000e-06	-8.766256e-03	-4.768190e+00
8.140000e-06	-8.593935e-03	-4.464184e+00
8.150000e-06	-5.132089e-03	-4.272480e+00
8.160000e-06	-6.406189e-03	-3.989892e+00
8.170000e-06	-7.232079e-03	-3.703583e+00
8.180000e-06	-9.927812e-03	-3.422553e+00
8.190000e-06	-5.544373e-03	-3.156245e+00
8.200000e-06	-6.119712e-03	-2.822479e+00
8.210000e-06	-5.108923e-03	-2.548316e+00
8.220000e-06	-7.108158e-03	-2.304184e+00
8.230000e-06	-3.507813e-03	-1.978395e+00
8.240000e-06	-4.553213e-03	-1.695184e+00
8.250000e-06	-6.799387e-03	-1.390353e+00
8.260000e-06	-7.485547e-03	-1.052055e+00
8.270000e-06	-4.791445e-03	-7.914289e-01
8.280000e-06	-2.903545e-03	-5.126095e-01
8.290000e-06	-3.336585e-03	-2.305015e-01
8.300000e-06	-3.400578e-04	5.313171e-02
8.310000e-06	1.031247e-02	3.384160e-01
8.320000e-06	-1.574514e-03	5.915523e-01
8.330000e-06	2.658557e-03	8.431378e-01
8.340000e-06	-3.340494e-03	1.168925e+00
8.350000e-06	2.500213e-03	1.432660e+00
8.360000e-06	-1.374818e-03	1.778923e+00
8.370000e-06	1.059870e-02	1.969449e+00
8.380000e-06	3.693399e-02	2.220507e+00
8.390000e-06	8.040079e-02	2.556895e+00
8.400000e-06	-5.344492e-02	2.885813e+00
8.410000e-06	-4.677496e-02	3.211444e+00
8.420000e-06	-3.733572e-02	3.483333e+00
8.430000e-06	8.399334e-03	3.707170e+00
8.440000e-06	-4.597384e-02	3.937920e+00
8.450000e-06	-2.456237e-02	4.129950e+00
8.460000e-06	9.449306e-02	4.484687e+00
8.470000e-06	-5.122791e-02	4.758317e+00
8.480000e-06	1.006414e-01	5.032548e+00
8.490000e-06	-2.275891e-02	5.369394e+00
8.500000e-06	-6.130206e-02	5.621526e+00
8.510000e-06	5.651522e-02	5.955286e+00
8.520000e-06	-3.695339e-02	6.140319e+00
8.530000e-06	3.987002e-02	6.455403e+00
8.540000e-06	-4.108578e-02	6.748362e+00
8.550000e-06	2.036427e-02	6.979848e+00
8.560000e-06	4.804645e-02	7.205482e+00
8.570000e-06	-3.463060e-02	7.526816e+00
8.580000e-06	-8.129042e-03	7.791428e+00
8.590000e-06	-2.406770e-02	8.084811e+00
8.600000e-06	6.705369e-02	8.357786e+00
8.610000e-06	-1.122162e-02	8.550695e+00
8.620000e-06	-2.539461e-02	8.799899e+00
8.630000e-06	2.720004e-02	9.094876e+00
8.640000e-06	-9.827409e-03	9.264631e+00
8.650000e-06	2.942531e-02	9.496059e+00
8.660000e-06	-3.580392e-02	9.740239e+00
8.670000e-06	2.197522e-02	9.999795e+00
8.680000e-06	8.019613e-03	1.020882e+01
8.690000e-06	2.448135e-02	1.040185e+01
8.700000e-06	-1.025268e-02	1.061295e+01
8.710000e-06	-1.707231e-02	1.084240e+01
8.720000e-06	2.692796e-02	1.101193e+01
8.730000e-06	-8.539148e-04	1.126338e+01
8.740000e-06	1.221196e-02	1.143438e+01
8.750000e-06	-1.660312e-02	1.165603e+01
8.760000e-06	3.007594e-02	1.188598e+01
8.770000e-06	6.333082e-03	1.203638e+01
8.780000e-06	7.016034e-03	1.223445e+01
8.790000e-06	-1.127683e-02	1.242287e+01
8.800000e-06	1.075777e-02	1.263285e+01
8.810000e-06	1.795676e-02	1.275027e+01
8.820000e-06	1.870481e-03	1.292962e+01
8.830000e-06	4.587801e-03	1.307651e+01
8.840000e-06	5.231174e-03	1.326596e+01
8.850000e-06	2.305120e-02	1.342333e+01
8.860000e-06	5.620097e-04	1.353964e+01
8.870000e-06	2.304945e-03	1.370696e+01
8.880000e-06	4.305874e-03	1.383393e+01
8.890000e-06	1.885949e-02	1.399269e+01
8.900000e-06	9.846605e-03	1.408902e+01
8.910000e-06	3.081447e-03	1.425650e+01
8.920000e-06	1.110118e-02	1.438070e+01
8.930000e-06	1.488606e-02	1.449696e+01
8.940000e-06	1.269016e-02	1.465222e+01
8.950000e-06	1.167031e-03	1.472856e+01
8.960000e-06	1.121340e-02	1.481170e+01
8.970000e-06	1.601740e-02	1.485648e+01
8.980000e-06	1.580604e-02	1.494004e+01
8.990000e-06	9.715249e-03	1.502533e+01
9.000000e-06	7.649845e-03	1.509698e+01
9.010000e-06	1.765539e-02	1.517167e+01
9.020000e-06	1.396255e-02	1.522528e+01
9.030000e-06	1.280430e-02	1.524791e+01
9.040000e-06	1.129832e-02	1.535109e+01
9.050000e-06	2.121352e-02	1.535123e+01
9.060000e-06	1.645743e-02	1.543470e+01
9.070000e-06	1.435262e-02	1.547593e+01
9.080000e-06	1.226113e-02	1.545589e+01
9.090000e-06	2.010716e-02	1.551854e+01
9.100000e-06	2.129792e-02	1.553701e+01
9.110000e-06	1.967526e-02	1.554899e+01
9.120000e-06	1.960504e-02	1.553157e+01
9.130000e-06	2.350466e-02	1.560904e+01
9.140000e-06	2.633012e-02	1.557909e+01
9.150000e-06	1.900237e-02	1.551006e+01
9.160000e-06	2.439265e-02	1.550952e+01
9.170000e-06	2.699894e-02	1.545848e+01
9.180000e-06	3.373261e-02	1.544533e+01
9.190000e-06	3.167474e-02	1.541533e+01
9.200000e-06	3.199315e-02	1.538524e+01
9.210000e-06	3.484421e-02	1.539057e+01
9.220000e-06	3.807138e-02	1.532999e+01
9.230000e-06	3.695606e-02	1.522588e+01
9.240000e-06	3.816797e-02	1.520320e+01
9.250000e-06	4.327055e-02	1.511056e+01
9.260000e-06	4.710298e-02	1.503591e+01
9.270000e-06	5.019699e-02	1.495225e+01
9.280000e-06	5.199762e-02	1.489843e+01
9.290000e-06	5.720246e-02	1.480328e+01
9.300000e-06	6.028204e-02	1.467809e+01
9.310000e-06	6.072492e-02	1.462318e+01
9.320000e-06	6.099898e-02	1.450861e+01
9.330000e-06	6.211497e-02	1.442165e+01
9.340000e-06	6.392473e-02	1.433891e+01
9.350000e-06	6.366533e-02	1.414207e+01
9.360000e-06	6.143090e-02	1.402630e+01
9.370000e-06	6.121507e-02	1.388791e+01
9.380000e-06	5.668446e-02	1.375960e+01
9.390000e-06	5.473380e-02	1.363425e+01
9.400000e-06	4.960488e-02	1.347595e+01
9.410000e-06	4.844383e-02	1.333809e+01
9.420000e-06	4.380063e-02	1.315054e+01
9.430000e-06	4.129318e-02	1.300228e+01
9.440000e-06	3.945955e-02	1.282438e+01
9.450000e-06	3.689130e-02	1.270545e+01
9.460000e-06	3.473309e-02	1.253907e+01
9.470000e-06	2.916709e-02	1.234259e+01
9.480000e-06	2.814300e-02	1.217070e+01
9.490000e-06	2.543934e-02	1.202167e+01
9.500000e-06	2.426508e-02	1.177165e+01
9.510000e-06	2.078063e-02	1.156115e+01
9.520000e-06	2.057300e-02	1.138216e+01
9.530000e-06	1.939905e-02	1.117069e+01
9.540000e-06	1.807121e-02	1.095064e+01
9.550000e-06	1.443996e-02	1.078009e+01
9.560000e-06	1.291199e-02	1.053812e+01
9.570000e-06	1.407883e-02	1.030854e+01
9.580000e-06	1.242642e-02	1.011806e+01
9.590000e-06	9.432614e-03	9.875456e+00
9.600000e-06	7.790595e-03	9.632274e+00
9.610000e-06	8.881181e-03	9.403320e+00
9.620000e-06	7.558309e-03	9.200668e+00
9.630000e-06	6.263056e-03	8.949641e+00
9.640000e-06	4.307370e-03	8.717486e+00
9.650000e-06	5.720431e-03	8.517983e+00
9.660000e-06	5.249346e-03	8.244474e+00
9.670000e-06	3.756047e-03	7.989771e+00
9.680000e-06	1.267607e-03	7.759113e+00
9.690000e-06	2.974854e-03	7.495455e+00
9.700000e-06	1.966579e-03	7.180697e+00
9.710000e-06	2.203485e-03	6.958242e+00
9.720000e-06	2.900531e-04	6.676086e+00
9.730000e-06	1.175355e-03	6.380424e+00
9.740000e-06	9.854346e-04	6.137745e+00
9.750000e-06	1.459263e-03	5.897133e+00
9.760000e-06	-2.754286e-03	5.641849e+00
9.770000e-06	-1.540968e-03	5.387642e+00
9.780000e-06	1.074991e-04	5.012798e+00
9.790000e-06	9.540689e-04	4.706686e+00
9.800000e-06	-2.060710e-03	4.441953e+00
9.810000e-06	-2.609115e-03	4.190719e+00
9.820000e-06	-2.210528e-03	3.892584e+00
9.830000e-06	-1.470415e-03	3.630995e+00
9.840000e-06	-3.107407e-03	3.336658e+00
9.850000e-06	-4.560891e-03	3.023505e+00
9.860000e-06	-3.539818e-03	2.788319e+00
9.870000e-06	-2.183823e-03	2.504057e+00
9.880000e-06	-2.679742e-03	2.189820e+00
9.890000e-06	-5.037401e-03	1.967167e+00
9.900000e-06	-3.313707e-03	1.640475e+00
9.910000e-06	-3.090791e-03	1.316666e+00
9.920000e-06	-3.428575e-03	9.914262e-01
9.930000e-06	-5.264024e-03	7.161094e-01
9.940000e-06	-4.661034e-03	4.310300e-01
9.950000e-06	-2.223672e-03	1.472145e-01
9.960000e-06	7.462752e-04	-1.464421e-01
9.970000e-06	6.636766e-03	-3.785525e-01
9.980000e-06	-7.087204e-03	-6.723379e-01
9.990000e-06	2.805654e-03	-9.689748e-01
1.000000e-05	-4.341592e-03	-1.193131e+00
1.001000e-05	-3.290280e-04	-1.536444e+00
1.002000e-05	-4.084769e-03	-1.768450e+00
1.003000e-05	2.745024e-02	-2.000977e+00
1.004000e-05	9.277154e-02	-2.286339e+00
1.005000e-05	-3.004286e-02	-2.641786e+00
1.006000e-05	-6.068472e-02	-3.072704e+00
1.007000e-05	-4.113539e-02	-3.386922e+00
1.008000e-05	-1.451661e-02	-3.578446e+00
1.009000e-05	-5.513996e-02	-3.822582e+00
1.010000e-05	3.773446e-02	-4.043557e+00
1.011000e-05	6.575077e-02	-4.231554e+00
1.012000e-05	-1.253649e-01	-4.517317e+00
1.013000e-05	2.004447e-01	-4.798422e+00
1.014000e-05	-1.379752e-01	-5.035363e+00
1.015000e-05	2.624755e-02	-5.493499e+00
1.016000e-05	-9.488649e-03	-5.655787e+00
1.017000e-05	-9.370533e-02	-5.979078e+00
1.018000e-05	1.406248e-01	-6.182401e+00
1.019000e-05	-1.265359e-01	-6.487190e+00
1.020000e-05	9.438786e-02	-6.789947e+00
1.021000e-05	-2.414044e-02	-6.993980e+00
1.022000e-05	-3.652418e-02	-7.348195e+00
1.023000e-05	3.360332e-02	-7.581400e+00
1.024000e-05	-9.774319e-02	-7.913182e+00
1.025000e-05	1.049269e-01	-8.168767e+00
1.026000e-05	-8.101005e-02	-8.389498e+00
1.027000e-05	4.447348e-02	-8.622382e+00
1.028000e-05	-9.720665e-03	-8.854036e+00
1.029000e-05	-4.287272e-02	-9.118292e+00
1.030000e-05	4.415555e-02	-9.297242e+00
1.031000e-05	-8.102832e-02	-9.592377e+00
1.032000e-05	6.993057e-02	-9.811426e+00
1.033000e-05	-6.810677e-02	-1.001197e+01
1.034000e-05	5.573243e-02	-1.023588e+01
1.035000e-05	-5.232956e-02	-1.049611e+01
1.036000e-05	8.482350e-03	-1.066674e+01
1.037000e-05	-1.572256e-02	-1.085513e+01
1.038000e-05	-1.819374e-02	-1.109764e+01
1.039000e-05	1.124692e-02	-1.128514e+01
1.040000e-05	-3.500372e-02	-1.151721e+01
1.041000e-05	2.942144e-02	-1.175064e+01
1.042000e-05	-4.054438e-02	-1.193882e+01
1.043000e-05	2.020656e-02	-1.213832e+01
1.044000e-05	-4.735159e-02	-1.232657e+01
1.045000e-05	1.694676e-02	-1.248619e+01
1.046000e-05	-3.056245e-02	-1.267504e+01
1.047000e-05	5.426898e-03	-1.286513e+01
1.048000e-05	-2.131999e-02	-1.298288e+01
1.049000e-05	-2.699153e-03	-1.315022e+01
1.050000e-05	-8.461851e-03	-1.329711e+01
1.051000e-05	-2.051952e-02	-1.348394e+01
1.052000e-05	-8.081946e-03	-1.359193e+01
1.053000e-05	-2.353811e-02	-1.374082e+01
1.054000e-05	8.390416e-04	-1.387764e+01
1.055000e-05	-2.645609e-02	-1.402338e+01
1.056000e-05	-2.133143e-03	-1.413070e+01
1.057000e-05	-2.212016e-02	-1.429548e+01
1.058000e-05	-4.004730e-03	-1.442283e+01
1.059000e-05	-2.536768e-02	-1.451867e+01
1.060000e-05	-1.277307e-02	-1.462340e+01
1.061000e-05	-1.755302e-02	-1.470763e+01
1.062000e-05	-1.320098e-02	-1.479227e+01
1.063000e-05	-1.641871e-02	-1.486704e+01
1.064000e-05	-1.841956e-02	-1.496114e+01
1.065000e-05	-1.540878e-02	-1.506488e+01
1.066000e-05	-1.868429e-02	-1.509969e+01
1.067000e-05	-1.876042e-02	-1.523172e+01
1.068000e-05	-2.266819e-02	-1.527630e+01
1.069000e-05	-1.743802e-02	-1.532991e+01
1.070000e-05	-2.076632e-02	-1.534170e+01
1.071000e-05	-1.796400e-02	-1.540331e+01
1.072000e-05	-2.532027e-02	-1.545536e+01
1.073000e-05	-2.170610e-02	-1.544598e+01
1.074000e-05	-2.461609e-02	-1.548596e+01
1.075000e-05	-2.430577e-02	-1.554854e+01
1.076000e-05	-2.640734e-02	-1.555007e+01
1.077000e-05	-2.570539e-02	-1.552122e+01
1.078000e-05	-2.438279e-02	-1.559064e+01
1.079000e-05	-2.894499e-02	-1.554177e+01
1.080000e-05	-2.876917e-02	-1.555019e+01
1.081000e-05	-3.326482e-02	-1.554966e+01
1.082000e-05	-3.053315e-02	-1.552004e+01
1.083000e-05	-3.667129e-02	-1.550604e+01
1.084000e-05	-3.825400e-02	-1.547496e+01
1.085000e-05	-3.883906e-02	-1.544330e+01
1.086000e-05	-3.696802e-02	-1.539327e+01
1.087000e-05	-3.921733e-02	-1.534015e+01
1.088000e-05	-4.274707e-02	-1.529901e+01
1.089000e-05	-4.481586e-02	-1.527530e+01
1.090000e-05	-4.783274e-02	-1.516067e+01
1.091000e-05	-5.022398e-02	-1.511849e+01
1.092000e-05	-5.564288e-02	-1.504535e+01
1.093000e-05	-5.756073e-02	-1.493974e+01
1.094000e-05	-5.961532e-02	-1.488796e+01
1.095000e-05	-5.960701e-02	-1.482130e+01
1.096000e-05	-6.436361e-02	-1.471699e+01
1.097000e-05	-6.768922e-02	-1.458330e+01
1.098000e-05	-6.949693e-02	-1.451744e+01
1.099000e-05	-6.899235e-02	-1.442169e+01
1.100000e-05	-7.105430e-02	-1.426656e+01
1.101000e-05	-7.114723e-02	-1.418214e+01
1.102000e-05	-6.739280e-02	-1.401683e+01
1.103000e-05	-6.492461e-02	-1.387531e+01
1.104000e-05	-6.192210e-02	-1.375064e+01
1.105000e-05	-6.302456e-02	-1.357320e+01
1.106000e-05	-5.792964e-02	-1.344393e+01
1.107000e-05	-5.451523e-02	-1.329764e+01
1.108000e-05	-5.146246e-02	-1.312114e+01
1.109000e-05	-5.090267e-02	-1.297227e+01
1.110000e-05	-4.602868e-02	-1.284538e+01
1.111000e-05	-4.178970e-02	-1.268703e+01
1.112000e-05	-4.003176e-02	-1.250661e+01
1.113000e-05	-3.918151e-02	-1.229957e+01
1.114000e-05	-3.683501e-02	-1.215115e+01
1.115000e-05	-3.314917e-02	-1.198165e+01
1.116000e-05	-3.165601e-02	-1.178919e+01
1.117000e-05	-3.062452e-02	-1.155007e+01
1.118000e-05	-2.909536e-02	-1.131751e+01
1.119000e-05	-2.470943e-02	-1.109604e+01
1.120000e-05	-2.334709e-02	-1.086801e+01
1.121000e-05	-2.335883e-02	-1.066664e+01
1.122000e-05	-2.270200e-02	-1.051798e+01
1.123000e-05	-2.020587e-02	-1.025496e+01
1.124000e-05	-1.849895e-02	-1.005336e+01
1.125000e-05	-1.963775e-02	-9.843925e+00
1.126000e-05	-1.975195e-02	-9.661801e+00
1.127000e-05	-1.617596e-02	-9.389853e+00
1.128000e-05	-1.499739e-02	-9.148196e+00
1.129000e-05	-1.580644e-02	-8.939144e+00
1.130000e-05	-1.552064e-02	-8.657390e+00
1.131000e-05	-1.317225e-02	-8.411882e+00
1.132000e-05	-1.168657e-02	-8.210173e+00
1.133000e-05	-1.196522e-02	-7.910222e+00
1.134000e-05	-1.335446e-02	-7.696455e+00
1.135000e-05	-1.190420e-02	-7.391371e+00
1.136000e-05	-9.537554e-03	-7.120121e+00
1.137000e-05	-1.100760e-02	-6.914557e+00
1.138000e-05	-1.109985e-02	-6.613400e+00
1.139000e-05	-1.046433e-02	-6.399249e+00
1.140000e-05	-7.391053e-03	-6.126161e+00
1.141000e-05	-9.061262e-03	-5.863880e+00
1.142000e-05	-9.320122e-03	-5.548770e+00
1.143000e-05	-9.548394e-03	-5.236384e+00
1.144000e-05	-7.727881e-03	-4.959670e+00
1.145000e-05	-8.197562e-03	-4.661433e+00
1.146000e-05	-6.981948e-03	-4.379821e+00
1.147000e-05	-8.732710e-03	-4.137669e+00
1.148000e-05	-6.216717e-03	-3.863478e+00
1.149000e-05	-6.375803e-03	-3.560345e+00
1.150000e-05	-8.658842e-03	-3.336163e+00
1.151000e-05	-8.329030e-03	-3.023424e+00
1.152000e-05	-5.307636e-03	-2.716116e+00
1.153000e-05	-4.089530e-03	-2.424053e+00
1.154000e-05	-6.038346e-03	-2.177797e+00
1.155000e-05	-6.804006e-03	-1.875537e+00
1.156000e-05	-4.713789e-03	-1.581498e+00
1.157000e-05	-3.671116e-03	-1.283583e+00
1.158000e-05	-6.866495e-03	-9.488460e-01
1.159000e-05	-7.216232e-03	-7.151568e-01
1.160000e-05	-4.280140e-03	-3.893711e-01
1.161000e-05	7.368737e-04	-9.569059e-02
1.162000e-05	3.824623e-03	1.869713e-01
1.163000e-05	3.619200e-03	4.536604e-01
1.164000e-05	-1.696301e-03	6.873158e-01
1.165000e-05	2.523099e-03	9.764950e-01
1.166000e-05	-1.858131e-03	1.273709e+00
1.167000e-05	1.800411e-04	1.569044e+00
1.168000e-05	-4.774039e-05	1.853682e+00
1.169000e-05	1.978291e-02	2.053632e+00
1.170000e-05	6.033022e-02	2.347496e+00
1.171000e-05	4.266812e-02	2.734313e+00
1.172000e-05	-7.283020e-02	2.981501e+00
1.173000e-05	-4.129955e-02	3.295163e+00
1.174000e-05	-2.111417e-02	3.620500e+00
1.175000e-05	-1.298916e-04	3.801051e+00
1.176000e-05	-5.801326e-02	4.022454e+00
1.177000e-05	2.546431e-02	4.304181e+00
1.178000e-05	6.823636e-02	4.569424e+00
1.179000e-05	-4.942077e-02	4.785580e+00
1.180000e-05	1.303547e-01	5.188842e+00
1.181000e-05	-1.103256e-01	5.475088e+00
1.182000e-05	1.961230e-02	5.666166e+00
1.183000e-05	1.809686e-02	6.040504e+00
1.184000e-05	-2.270063e-02	6.253556e+00
1.185000e-05	3.507449e-02	6.527716e+00
1.186000e-05	-5.898006e-02	6.813103e+00
1.187000e-05	7.579802e-02	7.085607e+00
1.188000e-05	-8.404056e-03	7.330324e+00
1.189000e-05	-1.309391e-02	7.633061e+00
1.190000e-05	-2.975470e-02	7.879136e+00
1.191000e-05	1.995734e-02	8.171472e+00
1.192000e-05	4.992302e-02	8.372377e+00
1.193000e-05	-3.983268e-02	8.632532e+00
1.194000e-05	8.971362e-03	8.845636e+00
1.195000e-05	1.009243e-02	9.118113e+00
1.196000e-05	1.037417e-02	9.319188e+00
1.197000e-05	-5.799436e-04	9.579317e+00
1.198000e-05	-2.036741e-02	9.792927e+00
1.199000e-05	2.242527e-02	1.004406e+01
1.200000e-05	1.472021e-02	1.024603e+01
1.201000e-05	1.579078e-02	1.046453e+01
1.202000e-05	-2.332025e-02	1.069759e+01
1.203000e-05	5.953107e-03	1.087761e+01
1.204000e-05	1.829554e-02	1.109914e+01
1.205000e-05	3.808725e-03	1.132663e+01
1.206000e-05	-4.384288e-03	1.152969e+01
1.207000e-05	2.237784e-03	1.174080e+01
1.208000e-05	2.511777e-02	1.195979e+01
1.209000e-05	6.826663e-03	1.213964e+01
1.210000e-05	-3.449585e-03	1.229804e+01
1.211000e-05	-3.498678e-03	1.249661e+01
1.212000e-05	1.739629e-02	1.265548e+01
1.213000e-05	1.268294e-02	1.280433e+01
1.214000e-05	1.136657e-05	1.299077e+01
1.215000e-05	3.745878e-03	1.309864e+01
1.216000e-05	1.675360e-02	1.331021e+01
1.217000e-05	1.394443e-02	1.343485e+01
1.218000e-05	1.792949e-04	1.361332e+01
1.219000e-05	-9.886343e-04	1.374209e+01
1.220000e-05	1.419916e-02	1.387806e+01
1.221000e-05	1.474537e-02	1.399326e+01
1.222000e-05	5.993136e-03	1.419259e+01
1.223000e-05	3.591410e-03	1.430804e+01
1.224000e-05	1.566708e-02	1.442533e+01
1.225000e-05	1.632408e-02	1.454947e+01
1.226000e-05	6.337686e-03	1.465593e+01
1.227000e-05	4.274290e-03	1.474806e+01
1.228000e-05	1.282382e-02	1.481380e+01
1.229000e-05	1.915322e-02	1.487856e+01
1.230000e-05	8.686040e-03	1.500027e+01
1.231000e-05	8.028183e-03	1.504488e+01
1.232000e-05	1.303639e-02	1.510804e+01
1.233000e-05	1.988782e-02	1.516122e+01
1.234000e-05	1.102495e-02	1.522485e+01
1.235000e-05	8.809562e-03	1.533696e+01
1.236000e-05	1.663592e-02	1.535166e+01
1.237000e-05	2.080281e-02	1.536330e+01
1.238000e-05	1.706859e-02	1.543531e+01
1.239000e-05	9.472625e-03	1.547578e+01
1.240000e-05	1.882412e-02	1.546896e+01
1.241000e-05	2.186472e-02	1.549952e+01
1.242000e-05	2.172939e-02	1.548859e+01
1.243000e-05	1.418442e-02	1.555062e+01
1.244000e-05	2.192913e-02	1.555162e+01
1.245000e-05	2.668118e-02	1.555062e+01
1.246000e-05	2.337936e-02	1.553007e+01
1.247000e-05	2.095976e-02	1.556854e+01
1.248000e-05	2.503761e-02	1.550689e+01
1.249000e-05	3.331036e-02	1.547601e+01
1.250000e-05	3.074139e-02	1.546623e+01
1.251000e-05	2.950357e-02	1.542325e+01
1.252000e-05	3.088780e-02	1.539157e+01
1.253000e-05	3.921276e-02	1.532901e+01
1.254000e-05	3.740129e-02	1.531798e+01
1.255000e-05	3.532219e-02	1.522530e+01
1.256000e-05	3.964453e-02	1.516066e+01
1.257000e-05	4.726723e-02	1.506493e+01
1.258000e-05	4.989495e-02	1.504375e+01
1.259000e-05	4.790746e-02	1.494861e+01
1.260000e-05	5.094930e-02	1.487590e+01
1.261000e-05	5.770509e-02	1.479217e+01
1.262000e-05	6.219750e-02	1.470536e+01
1.263000e-05	5.845388e-02	1.460312e+01
1.264000e-05	6.107457e-02	1.448644e+01
1.265000e-05	6.350556e-02	1.434019e+01
1.266000e-05	6.559727e-02	1.422430e+01
1.267000e-05	6.045157e-02	1.410849e+01
1.268000e-05	5.834138e-02	1.399265e+01
1.269000e-05	6.010354e-02	1.383425e+01
1.270000e-05	5.842515e-02	1.367901e+01
1.271000e-05	5.224416e-02	1.355057e+01
1.272000e-05	4.673065e-02	1.341275e+01
1.273000e-05	4.620961e-02	1.329488e+01
1.274000e-05	4.701689e-02	1.314746e+01
1.275000e-05	3.989365e-02	1.296012e+01
1.276000e-05	3.654370e-02	1.279219e+01
1.277000e-05	3.426168e-02	1.260277e+01
1.278000e-05	3.530139e-02	1.245588e+01
1.279000e-05	2.949017e-02	1.227588e+01
1.280000e-05	2.472045e-02	1.209751e+01
1.281000e-05	2.472100e-02	1.188801e+01
1.282000e-05	2.523991e-02	1.172953e+01
1.283000e-05	2.282547e-02	1.149746e+01
1.284000e-05	1.735337e-02	1.131590e+01
1.285000e-05	1.810267e-02	1.107540e+01
1.286000e-05	1.752941e-02	1.090561e+01
1.287000e-05	1.583805e-02	1.069493e+01
1.288000e-05	1.154257e-02	1.046488e+01
1.289000e-05	1.060146e-02	1.019385e+01
1.290000e-05	1.230852e-02	1.001232e+01
1.291000e-05	1.138734e-02	9.761746e+00
1.292000e-05	7.642872e-03	9.580119e+00
1.293000e-05	6.743738e-03	9.307663e+00
1.294000e-05	8.231561e-03	9.066109e+00
1.295000e-05	6.776788e-03	8.865406e+00
1.296000e-05	3.808070e-03	8.613823e+00
1.297000e-05	2.574815e-03	8.402325e+00
1.298000e-05	4.959089e-03	8.118691e+00
1.299000e-05	5.032852e-03	7.854982e+00
1.300000e-05	2.392742e-03	7.654255e+00
1.301000e-05	1.584631e-03	7.350617e+00
1.302000e-05	2.405332e-03	7.086561e+00
1.303000e-05	3.125368e-03	6.863354e+00
1.304000e-05	4.044531e-04	6.550242e+00
1.305000e-05	-3.020702e-04	6.295635e+00
1.306000e-05	-1.633612e-05	6.074432e+00
1.307000e-05	1.797658e-03	5.801773e+00
1.308000e-05	-1.594839e-03	5.517217e+00
1.309000e-05	-2.860728e-03	5.243348e+00
1.310000e-05	-9.598314e-04	4.955083e+00
1.311000e-05	7.130095e-04	4.590824e+00
1.312000e-05	-1.972985e-03	4.339169e+00
1.313000e-05	-2.413329e-03	4.042926e+00
1.314000e-05	-2.240788e-03	3.747244e+00
1.315000e-05	-1.331009e-03	3.537683e+00
1.316000e-05	-3.477383e-03	3.220924e+00
1.317000e-05	-4.449526e-03	2.917191e+00
1.318000e-05	-4.261383e-03	2.665461e+00
1.319000e-05	-2.075584e-03	2.337715e+00
1.320000e-05	-2.291114e-03	2.083558e+00
1.321000e-05	-4.401283e-03	1.851849e+00
1.322000e-05	-4.904173e-03	1.455184e+00
1.323000e-05	-1.777552e-03	1.212399e+00
1.324000e-05	-4.197740e-03	8.926093e-01
1.325000e-05	-5.588274e-03	5.792926e-01
1.326000e-05	-3.799347e-03	3.267656e-01
1.327000e-05	-7.196794e-04	-1.002606e-02
1.328000e-05	4.051363e-03	-2.721542e-01
1.329000e-05	1.213668e-03	-4.968606e-01
1.330000e-05	-3.092184e-03	-8.106275e-01
1.331000e-05	-1.902540e-03	-1.052754e+00
1.332000e-05	-1.901654e-03	-1.307424e+00
1.333000e-05	-4.135399e-03	-1.610130e+00
1.334000e-05	5.806080e-03	-1.862184e+00
1.335000e-05	4.797181e-02	-2.095266e+00
1.336000e-05	8.808730e-02	-2.430152e+00
1.337000e-05	-8.442031e-02	-2.810028e+00
1.338000e-05	-3.477315e-02	-3.207528e+00
1.339000e-05	-4.812837e-02	-3.453178e+00
1.340000e-05	-8.667429e-03	-3.634183e+00
1.341000e-05	-6.800164e-02	-3.937443e+00
1.342000e-05	1.244932e-01	-4.105158e+00
1.343000e-05	-6.738531e-02	-4.337891e+00
1.344000e-05	1.967701e-02	-4.692580e+00
1.345000e-05	1.167141e-01	-4.864713e+00
1.346000e-05	-1.716121e-01	-5.203554e+00
1.347000e-05	1.143966e-01	-5.547847e+00
1.348000e-05	-1.325612e-01	-5.779475e+00
1.349000e-05	5.814353e-02	-6.075086e+00
1.350000e-05	3.367879e-02	-6.305790e+00
1.351000e-05	-8.497962e-02	-6.641605e+00
1.352000e-05	1.184639e-01	-6.844633e+00
1.353000e-05	-1.005656e-01	-7.170449e+00
1.354000e-05	4.698632e-02	-7.462979e+00
1.355000e-05	-5.365840e-02	-7.696287e+00
1.356000e-05	-1.238296e-02	-8.029477e+00
1.357000e-05	6.491659e-02	-8.221928e+00
1.358000e-05	-8.820216e-02	-8.467735e+00
1.359000e-05	8.884249e-02	-8.717124e+00
1.360000e-05	-8.732540e-02	-8.989376e+00
1.361000e-05	4.270061e-02	-9.202851e+00
1.362000e-05	-3.544312e-02	-9.392461e+00
1.363000e-05	-1.185894e-02	-9.667135e+00
1.364000e-05	2.320486e-02	-9.856113e+00
1.365000e-05	-4.207262e-02	-1.012972e+01
1.366000e-05	4.967755e-02	-1.033721e+01
1.367000e-05	-7.232615e-02	-1.056985e+01
1.368000e-05	4.198155e-02	-1.076075e+01
1.369000e-05	-5.568867e-02	-1.094835e+01
1.370000e-05	2.903867e-02	-1.118190e+01
1.371000e-05	-3.584514e-02	-1.132290e+01
1.372000e-05	7.562802e-03	-1.161535e+01
1.373000e-05	-8.788645e-03	-1.179235e+01
1.374000e-05	-1.139919e-02	-1.195353e+01
1.375000e-05	-5.509162e-03	-1.221930e+01
1.376000e-05	-3.169181e-02	-1.238087e+01
1.377000e-05	1.265948e-02	-1.254083e+01
1.378000e-05	-3.144475e-02	-1.272764e+01
1.379000e-05	1.106902e-02	-1.293811e+01
1.380000e-05	-3.424170e-02	-1.303498e+01
1.381000e-05	1.287963e-02	-1.323390e+01
1.382000e-05	-2.830039e-02	-1.337030e+01
1.383000e-05	-1.362662e-03	-1.352769e+01
1.384000e-05	-2.572403e-02	-1.362451e+01
1.385000e-05	-5.849367e-03	-1.380450e+01
1.386000e-05	-1.294289e-02	-1.391067e+01
1.387000e-05	-1.567905e-02	-1.408856e+01
1.388000e-05	-1.177048e-02	-1.417182e+01
1.389000e-05	-1.860917e-02	-1.432066e+01
1.390000e-05	-6.651911e-03	-1.444500e+01
1.391000e-05	-2.482884e-02	-1.455982e+01
1.392000e-05	-1.075127e-02	-1.465503e+01
1.393000e-05	-2.027554e-02	-1.471062e+01
1.394000e-05	-8.031225e-03	-1.482640e+01
1.395000e-05	-2.124089e-02	-1.489869e+01
1.396000e-05	-1.697701e-02	-1.502280e+01
1.397000e-05	-2.116267e-02	-1.503701e+01
1.398000e-05	-1.498881e-02	-1.512119e+01
1.399000e-05	-2.120306e-02	-1.518230e+01
1.400000e-05	-2.102261e-02	-1.527643e+01
1.401000e-05	-2.180721e-02	-1.527114e+01
1.402000e-05	-1.696240e-02	-1.538180e+01
1.403000e-05	-1.975724e-02	-1.540430e+01
1.404000e-05	-2.531020e-02	-1.543451e+01
1.405000e-05	-2.225850e-02	-1.543551e+01
1.406000e-05	-2.247948e-02	-1.551796e+01
1.407000e-05	-2.214856e-02	-1.549912e+01
1.408000e-05	-3.024399e-02	-1.551915e+01
1.409000e-05	-2.623300e-02	-1.555172e+01
1.410000e-05	-2.652847e-02	-1.555062e+01
1.411000e-05	-2.739257e-02	-1.554119e+01
1.412000e-05	-3.263479e-02	-1.552064e+01
1.413000e-05	-3.256013e-02	-1.554169e+01
1.414000e-05	-2.966069e-02	-1.547751e+01
1.415000e-05	-3.321416e-02	-1.549693e+01
1.416000e-05	-3.806712e-02	-1.547588e+01
1.417000e-05	-4.071851e-02	-1.540480e+01
1.418000e-05	-3.885310e-02	-1.534217e+01
1.419000e-05	-4.081144e-02	-1.533909e+01
1.420000e-05	-4.475785e-02	-1.528843e+01
1.421000e-05	-4.756165e-02	-1.521328e+01
1.422000e-05	-4.676739e-02	-1.513014e+01
1.423000e-05	-4.960033e-02	-1.509796e+01
1.424000e-05	-5.512097e-02	-1.502330e+01
1.425000e-05	-5.921710e-02	-1.493109e+01
1.426000e-05	-6.044590e-02	-1.487640e+01
1.427000e-05	-6.151272e-02	-1.472122e+01
1.428000e-05	-6.584622e-02	-1.466446e+01
1.429000e-05	-6.979120e-02	-1.456117e+01
1.430000e-05	-6.999069e-02	-1.451640e+01
1.431000e-05	-6.890693e-02	-1.437064e+01
1.432000e-05	-6.999247e-02	-1.421380e+01
1.433000e-05	-7.030351e-02	-1.410751e+01
1.434000e-05	-6.763001e-02	-1.394117e+01
1.435000e-05	-6.240532e-02	-1.382385e+01
1.436000e-05	-6.172661e-02	-1.370801e+01
1.437000e-05	-6.173034e-02	-1.351912e+01
1.438000e-05	-5.898958e-02	-1.341432e+01
1.439000e-05	-5.259196e-02	-1.329443e+01
1.440000e-05	-4.928164e-02	-1.307849e+01
1.441000e-05	-4.944559e-02	-1.295077e+01
1.442000e-05	-4.606981e-02	-1.284020e+01
1.443000e-05	-4.053476e-02	-1.263425e+01
1.444000e-05	-3.807961e-02	-1.250440e+01
1.445000e-05	-3.885968e-02	-1.226503e+01
1.446000e-05	-3.701999e-02	-1.210549e+01
1.447000e-05	-3.190726e-02	-1.189648e+01
1.448000e-05	-2.890767e-02	-1.164598e+01
1.449000e-05	-3.085330e-02	-1.146503e+01
1.450000e-05	-2.769077e-02	-1.125534e+01
1.451000e-05	-2.406308e-02	-1.102238e+01
1.452000e-05	-2.180480e-02	-1.079330e+01
1.453000e-05	-2.532707e-02	-1.060488e+01
1.454000e-05	-2.272487e-02	-1.044183e+01
1.455000e-05	-1.898206e-02	-1.014980e+01
1.456000e-05	-1.723685e-02	-9.978794e+00
1.457000e-05	-1.964731e-02	-9.729745e+00
1.458000e-05	-1.892204e-02	-9.509141e+00
1.459000e-05	-1.612217e-02	-9.277583e+00
1.460000e-05	-1.340792e-02	-9.033164e+00
1.461000e-05	-1.551598e-02	-8.872929e+00
1.462000e-05	-1.594092e-02	-8.560677e+00
1.463000e-05	-1.284894e-02	-8.319717e+00
1.464000e-05	-1.119630e-02	-8.137139e+00
1.465000e-05	-1.054502e-02	-7.862933e+00
1.466000e-05	-1.356401e-02	-7.611720e+00
1.467000e-05	-1.313486e-02	-7.287138e+00
1.468000e-05	-7.771665e-03	-7.031929e+00
1.469000e-05	-1.005681e-02	-6.799796e+00
1.470000e-05	-1.107058e-02	-6.529692e+00
1.471000e-05	-1.212048e-02	-6.264084e+00
1.472000e-05	-7.257980e-03	-5.979771e+00
1.473000e-05	-6.648214e-03	-5.747217e+00
1.474000e-05	-8.495331e-03	-5.452959e+00
1.475000e-05	-9.830146e-03	-5.107166e+00
1.476000e-05	-7.018910e-03	-4.801404e+00
1.477000e-05	-6.905234e-03	-4.536766e+00
1.478000e-05	-8.681231e-03	-4.306692e+00
1.479000e-05	-9.923918e-03	-4.040928e+00
1.480000e-05	-7.452655e-03	-3.710315e+00
1.481000e-05	-5.857520e-03	-3.484611e+00
1.482000e-05	-4.515906e-03	-3.230348e+00
1.483000e-05	-6.824627e-03	-2.845138e+00
1.484000e-05	-4.738590e-03	-2.602451e+00
1.485000e-05	-3.946011e-03	-2.368716e+00
1.486000e-05	-5.706828e-03	-2.013950e+00
1.487000e-05	-7.433680e-03	-1.790395e+00
1.488000e-05	-8.307875e-03	-1.466013e+00
1.489000e-05	-5.263054e-03	-1.136817e+00
1.490000e-05	-3.551662e-03	-8.625856e-01
1.491000e-05	-4.522008e-03	-5.302946e-01
1.492000e-05	-2.728033e-03	-3.032343e-01
1.493000e-05	1.083127e-04	-3.000263e-02
1.494000e-05	9.647837e-03	2.727844e-01
1.495000e-05	-2.572363e-03	5.364208e-01
1.496000e-05	1.136987e-03	7.996023e-01
1.497000e-05	-3.143161e-03	1.115862e+00
1.498000e-05	2.065687e-03	1.379471e+00
1.499000e-05	-4.198631e-06	1.727338e+00
1.500000e-05	5.970033e-03	1.947391e+00
1.501000e-05	2.627139e-02	2.158970e+00
1.502000e-05	8.354807e-02	2.462684e+00
1.503000e-05	-1.879750e-02	2.831083e+00
1.504000e-05	-5.884965e-02	3.106867e+00
1.505000e-05	-4.334040e-02	3.410894e+00
1.506000e-05	1.245086e-03	3.665161e+00
1.507000e-05	-2.570132e-02	3.895735e+00
1.508000e-05	-4.541950e-02	4.066716e+00
1.509000e-05	7.694157e-02	4.422025e+00
1.510000e-05	-8.634678e-03	4.686634e+00
1.511000e-05	4.146179e-02	4.916741e+00
1.512000e-05	5.001107e-02	5.295687e+00
1.513000e-05	-1.060353e-01	5.548897e+00
1.514000e-05	6.023170e-02	5.840949e+00
1.515000e-05	-2.222133e-02	6.096637e+00
1.516000e-05	1.991455e-02	6.378365e+00
1.517000e-05	-1.123633e-02	6.684158e+00
1.518000e-05	-1.961816e-02	6.909188e+00
1.519000e-05	7.820983e-02	7.199343e+00
1.520000e-05	-3.758757e-02	7.444507e+00
1.521000e-05	-3.982209e-03	7.738167e+00
1.522000e-05	-3.738073e-02	8.032375e+00
1.523000e-05	6.011168e-02	8.264113e+00
1.524000e-05	1.357275e-02	8.497136e+00
1.525000e-05	-4.109910e-02	8.746639e+00
1.526000e-05	2.813746e-02	8.969920e+00
1.527000e-05	-6.377363e-03	9.230900e+00
1.528000e-05	3.142172e-02	9.422502e+00
1.529000e-05	-3.133566e-02	9.693060e+00
1.530000e-05	8.016596e-03	9.897110e+00
1.531000e-05	1.320110e-02	1.013769e+01
1.532000e-05	2.286355e-02	1.030869e+01
1.533000e-05	-6.704991e-04	1.057929e+01
1.534000e-05	-2.418035e-02	1.076977e+01
1.535000e-05	2.617581e-02	1.100032e+01
1.536000e-05	4.472914e-03	1.119122e+01
1.537000e-05	1.082985e-02	1.137380e+01
1.538000e-05	-1.908487e-02	1.161435e+01
1.539000e-05	2.511995e-02	1.183335e+01
1.540000e-05	1.384833e-02	1.198235e+01
1.541000e-05	7.687343e-03	1.218285e+01
1.542000e-05	-1.284630e-02	1.237185e+01
1.543000e-05	7.269025e-03	1.259072e+01
1.544000e-05	2.067595e-02	1.269872e+01
1.545000e-05	3.371462e-03	1.286753e+01
1.546000e-05	1.720767e-03	1.305538e+01
1.547000e-05	3.941497e-03	1.322385e+01
1.548000e-05	2.611990e-02	1.334969e+01
1.549000e-05	3.023250e-03	1.351701e+01
1.550000e-05	8.917479e-04	1.365451e+01
1.551000e-05	-3.678972e-04	1.380423e+01
1.552000e-05	2.081221e-02	1.392864e+01
1.553000e-05	1.039385e-02	1.410738e+01
1.554000e-05	2.804995e-03	1.425440e+01
1.555000e-05	9.090931e-03	1.436169e+01
1.556000e-05	1.760933e-02	1.446551e+01
1.557000e-05	1.577920e-02	1.455169e+01
1.558000e-05	-5.439347e-04	1.467641e+01
1.559000e-05	9.019434e-03	1.478170e+01
1.560000e-05	1.438126e-02	1.485488e+01
1.561000e-05	1.821500e-02	1.488959e+01
1.562000e-05	5.942987e-03	1.501232e+01
1.563000e-05	8.500303e-03	1.506793e+01
1.564000e-05	1.714858e-02	1.511859e+01
1.565000e-05	1.905230e-02	1.518223e+01
1.566000e-05	1.036928e-02	1.525693e+01
1.567000e-05	7.255003e-03	1.530857e+01
1.568000e-05	1.969973e-02	1.537269e+01
1.569000e-05	1.969245e-02	1.541275e+01
1.570000e-05	1.425759e-02	1.544438e+01
1.571000e-05	8.661830e-03	1.549548e+01
1.572000e-05	2.142903e-02	1.550796e+01
1.573000e-05	2.504185e-02	1.550913e+01
1.574000e-05	2.037229e-02	1.551007e+01
1.575000e-05	1.450816e-02	1.559011e+01
1.576000e-05	2.106650e-02	1.555219e+01
1.577000e-05	2.756577e-02	1.555052e+01
1.578000e-05	2.228476e-02	1.552953e+01
1.579000e-05	2.138523e-02	1.550796e+01
1.580000e-05	2.598485e-02	1.549896e+01
1.581000e-05	3.547744e-02	1.548540e+01
1.582000e-05	3.210668e-02	1.543533e+01
1.583000e-05	2.841399e-02	1.539372e+01
1.584000e-05	3.233949e-02	1.538307e+01
1.585000e-05	3.928591e-02	1.527951e+01
1.586000e-05	3.956984e-02	1.525633e+01
1.587000e-05	3.630190e-02	1.521327e+01
1.588000e-05	4.058881e-02	1.511161e+01
1.589000e-05	4.794542e-02	1.507536e+01
1.590000e-05	5.010126e-02	1.497120e+01
1.591000e-05	4.909025e-02	1.490904e+01
1.592000e-05	5.252179e-02	1.479433e+01
1.593000e-05	6.108073e-02	1.475759e+01
1.594000e-05	6.367569e-02	1.462425e+01
1.595000e-05	6.064898e-02	1.458104e+01
1.596000e-05	6.081086e-02	1.444335e+01
1.597000e-05	6.483854e-02	1.431001e+01
1.598000e-05	6.580147e-02	1.420219e+01
1.599000e-05	5.975888e-02	1.406586e+01
1.600000e-05	5.802101e-02	1.392901e+01
1.601000e-05	5.764506e-02	1.378224e+01
1.602000e-05	5.912918e-02	1.366421e+01
1.603000e-05	5.090999e-02	1.348648e+01
1.604000e-05	4.775337e-02	1.336109e+01
1.605000e-05	4.343228e-02	1.324127e+01
1.606000e-05	4.603079e-02	1.304380e+01
1.607000e-05	3.866943e-02	1.288641e+01
1.608000e-05	3.618831e-02	1.269659e+01
1.609000e-05	3.349749e-02	1.254064e+01
1.610000e-05	3.310648e-02	1.237320e+01
1.611000e-05	2.833142e-02	1.224230e+01
1.612000e-05	2.404111e-02	1.203478e+01
1.613000e-05	2.457428e-02	1.182395e+01
1.614000e-05	2.360668e-02	1.163183e+01
1.615000e-05	2.198183e-02	1.139332e+01
1.616000e-05	1.767625e-02	1.121030e+01
1.617000e-05	1.740483e-02	1.101375e+01
1.618000e-05	1.615752e-02	1.082220e+01
1.619000e-05	1.458571e-02	1.063277e+01
1.620000e-05	1.076143e-02	1.039112e+01
1.621000e-05	1.045446e-02	1.016069e+01
1.622000e-05	1.092394e-02	9.978514e+00
1.623000e-05	1.039467e-02	9.698385e+00
1.624000e-05	7.976569e-03	9.454449e+00
1.625000e-05	7.668147e-03	9.264356e+00
1.626000e-05	7.123853e-03	9.011270e+00
1.627000e-05	6.514810e-03	8.799192e+00
1.628000e-05	4.637947e-03	8.537712e+00
1.629000e-05	2.804562e-03	8.305036e+00
1.630000e-05	3.915957e-03	8.014829e+00
1.631000e-05	3.403504e-03	7.790274e+00
1.632000e-05	3.510897e-03	7.548088e+00
1.633000e-05	1.748809e-03	7.294425e+00
1.634000e-05	1.478078e-03	7.021270e+00
1.635000e-05	3.042268e-03	6.779089e+00
1.636000e-05	2.020138e-03	6.464529e+00
1.637000e-05	4.156909e-04	6.210899e+00
1.638000e-05	-4.085425e-04	5.979295e+00
1.639000e-05	-2.949401e-04	5.716108e+00
1.640000e-05	-3.447170e-04	5.412374e+00
1.641000e-05	-1.769149e-03	5.086007e+00
1.642000e-05	-2.151322e-03	4.768743e+00
1.643000e-05	-2.947537e-04	4.515611e+00
1.644000e-05	4.005361e-04	4.263804e+00
1.645000e-05	-7.554348e-04	3.918640e+00
1.646000e-05	-2.918336e-03	3.654482e+00
1.647000e-05	-2.831132e-03	3.391291e+00
1.648000e-05	-3.153578e-03	3.094632e+00
1.649000e-05	-4.399043e-03	2.831930e+00
1.650000e-05	-4.573300e-03	2.546137e+00
1.651000e-05	-2.937546e-03	2.243450e+00
1.652000e-05	-1.193954e-03	1.999921e+00
1.653000e-05	-2.274349e-03	1.705636e+00
1.654000e-05	-3.510903e-03	1.410846e+00
1.655000e-05	-4.159920e-03	1.096535e+00
1.656000e-05	-3.806123e-03	7.583159e-01
1.657000e-05	-5.134706e-03	4.931605e-01
1.658000e-05	-4.191065e-03	2.697538e-01
1.659000e-05	-2.016076e-03	-5.481428e-02
1.660000e-05	8.800251e-03	-3.569159e-01
1.661000e-05	-2.998855e-03	-5.912064e-01
1.662000e-05	1.838426e-03	-8.747906e-01
1.663000e-05	-7.390205e-03	-1.149421e+00
1.664000e-05	9.656345e-04	-1.525280e+00
1.665000e-05	-3.448978e-03	-1.685316e+00
1.666000e-05	1.807525e-02	-1.938946e+00
1.667000e-05	7.490724e-02	-2.190028e+00
1.668000e-05	2.372545e-02	-2.538997e+00
1.669000e-05	-7.766048e-02	-2.925467e+00
1.670000e-05	-3.446023e-02	-3.255317e+00
1.671000e-05	-3.236888e-02	-3.507316e+00
1.672000e-05	-3.320304e-02	-3.738950e+00
1.673000e-05	-1.843125e-02	-3.988525e+00
1.674000e-05	1.220196e-01	-4.117473e+00
1.675000e-05	-1.471966e-01	-4.456163e+00
1.676000e-05	1.662470e-01	-4.708390e+00
1.677000e-05	-4.617628e-02	-5.009980e+00
1.678000e-05	-6.691991e-02	-5.410426e+00
1.679000e-05	6.611159e-02	-5.621054e+00
1.680000e-05	-1.520622e-01	-5.926795e+00
1.681000e-05	1.523876e-01	-6.168289e+00
1.682000e-05	-8.955793e-02	-6.403661e+00
1.683000e-05	3.082759e-02	-6.726792e+00
1.684000e-05	4.358317e-02	-6.969450e+00
1.685000e-05	-8.313939e-02	-7.286708e+00
1.686000e-05	6.618101e-02	-7.517815e+00
1.687000e-05	-1.105628e-01	-7.823004e+00
1.688000e-05	7.996927e-02	-8.076214e+00
1.689000e-05	-3.138602e-02	-8.328765e+00
1.690000e-05	-1.141640e-02	-8.540828e+00
1.691000e-05	4.451779e-02	-8.833477e+00
1.692000e-05	-8.561842e-02	-9.083134e+00
1.693000e-05	7.156019e-02	-9.213136e+00
1.694000e-05	-8.599155e-02	-9.515343e+00
1.695000e-05	5.918180e-02	-9.748297e+00
1.696000e-05	-4.776866e-02	-9.958869e+00
1.697000e-05	2.372618e-02	-1.019240e+01
1.698000e-05	-1.101709e-02	-1.041143e+01
1.699000e-05	-2.876031e-02	-1.064403e+01
1.700000e-05	1.587044e-02	-1.081253e+01
1.701000e-05	-4.595861e-02	-1.106451e+01
1.702000e-05	3.481435e-02	-1.124448e+01
1.703000e-05	-4.973778e-02	-1.146506e+01
1.704000e-05	3.176194e-02	-1.162764e+01
1.705000e-05	-4.253128e-02	-1.191699e+01
1.706000e-05	2.029096e-02	-1.209869e+01
1.707000e-05	-3.675054e-02	-1.227604e+01
1.708000e-05	2.911053e-03	-1.247551e+01
1.709000e-05	-1.710384e-02	-1.263241e+01
1.710000e-05	-7.358318e-03	-1.283533e+01
1.711000e-05	-5.665840e-03	-1.298027e+01
1.712000e-05	-2.032371e-02	-1.307819e+01
1.713000e-05	1.972138e-03	-1.324653e+01
1.714000e-05	-2.846664e-02	-1.342393e+01
1.715000e-05	3.125403e-03	-1.357965e+01
1.716000e-05	-3.111818e-02	-1.371924e+01
1.717000e-05	3.444142e-03	-1.385501e+01
1.718000e-05	-2.468616e-02	-1.399325e+01
1.719000e-05	-2.608291e-03	-1.411764e+01
1.720000e-05	-2.274518e-02	-1.426391e+01
1.721000e-05	-1.041767e-02	-1.439022e+01
1.722000e-05	-1.845390e-02	-1.445758e+01
1.723000e-05	-1.609125e-02	-1.462332e+01
1.724000e-05	-1.461173e-02	-1.465604e+01
1.725000e-05	-1.844170e-02	-1.477228e+01
1.726000e-05	-1.135275e-02	-1.486496e+01
1.727000e-05	-1.968937e-02	-1.495227e+01
1.728000e-05	-1.492154e-02	-1.502433e+01
1.729000e-05	-2.225482e-02	-1.508954e+01
1.730000e-05	-1.620821e-02	-1.518975e+01
1.731000e-05	-2.171652e-02	-1.525333e+01
1.732000e-05	-1.768104e-02	-1.530849e+01
1.733000e-05	-2.232181e-02	-1.534162e+01
1.734000e-05	-1.801370e-02	-1.538233e+01
1.735000e-05	-2.365204e-02	-1.540395e+01
1.736000e-05	-2.187234e-02	-1.545596e+01
1.737000e-05	-2.479198e-02	-1.547601e+01
1.738000e-05	-2.322469e-02	-1.554911e+01
1.739000e-05	-2.340588e-02	-1.549054e+01
1.740000e-05	-2.583815e-02	-1.555081e+01
1.741000e-05	-2.609618e-02	-1.559111e+01
1.742000e-05	-3.000996e-02	-1.555071e+01
1.743000e-05	-2.846849e-02	-1.551062e+01
1.744000e-05	-3.174064e-02	-1.556022e+01
1.745000e-05	-3.137196e-02	-1.555711e+01
1.746000e-05	-3.389957e-02	-1.548858e+01
1.747000e-05	-3.513223e-02	-1.545601e+01
1.748000e-05	-3.743219e-02	-1.541445e+01
1.749000e-05	-3.915817e-02	-1.539278e+01
1.750000e-05	-4.172848e-02	-1.535120e+01
1.751000e-05	-4.273165e-02	-1.531861e+01
1.752000e-05	-4.389485e-02	-1.529595e+01
1.753000e-05	-4.663566e-02	-1.518382e+01
1.754000e-05	-5.011455e-02	-1.511852e+01
1.755000e-05	-5.299829e-02	-1.505693e+01
1.756000e-05	-5.569133e-02	-1.499075e+01
1.757000e-05	-5.921539e-02	-1.490904e+01
1.758000e-05	-6.189489e-02	-1.478383e+01
1.759000e-05	-6.392630e-02	-1.473054e+01
1.760000e-05	-6.632348e-02	-1.465483e+01
1.761000e-05	-6.893133e-02	-1.452807e+01
1.762000e-05	-7.038462e-02	-1.442280e+01
1.763000e-05	-7.048480e-02	-1.430941e+01
1.764000e-05	-6.939542e-02	-1.420119e+01
1.765000e-05	-6.849627e-02	-1.403694e+01
1.766000e-05	-6.735712e-02	-1.391806e+01
1.767000e-05	-6.479995e-02	-1.375222e+01
1.768000e-05	-6.129910e-02	-1.364531e+01
1.769000e-05	-5.892072e-02	-1.347596e+01
1.770000e-05	-5.677422e-02	-1.332967e+01
1.771000e-05	-5.342688e-02	-1.319232e+01
1.772000e-05	-4.972987e-02	-1.303396e+01
1.773000e-05	-4.518558e-02	-1.289746e+01
1.774000e-05	-4.485509e-02	-1.268806e+01
1.775000e-05	-4.160565e-02	-1.256117e+01
1.776000e-05	-3.836277e-02	-1.237027e+01
1.777000e-05	-3.529825e-02	-1.218330e+01
1.778000e-05	-3.511771e-02	-1.204175e+01
1.779000e-05	-3.278597e-02	-1.181132e+01
1.780000e-05	-2.962232e-02	-1.162218e+01
1.781000e-05	-2.785779e-02	-1.136016e+01
1.782000e-05	-2.690047e-02	-1.113012e+01
1.783000e-05	-2.541398e-02	-1.093669e+01
1.784000e-05	-2.387059e-02	-1.075906e+01
1.785000e-05	-2.176147e-02	-1.053070e+01
1.786000e-05	-2.126897e-02	-1.031807e+01
1.787000e-05	-1.921352e-02	-1.010609e+01
1.788000e-05	-1.945965e-02	-9.865136e+00
1.789000e-05	-1.691645e-02	-9.635509e+00
1.790000e-05	-1.696568e-02	-9.454427e+00
1.791000e-05	-1.624627e-02	-9.162802e+00
1.792000e-05	-1.523239e-02	-8.999794e+00
1.793000e-05	-1.451604e-02	-8.690196e+00
1.794000e-05	-1.319170e-02	-8.487058e+00
1.795000e-05	-1.276055e-02	-8.235456e+00
1.796000e-05	-1.244306e-02	-8.043354e+00
1.797000e-05	-1.170237e-02	-7.749618e+00
1.798000e-05	-1.071463e-02	-7.444560e+00
1.799000e-05	-1.059300e-02	-7.221904e+00
1.800000e-05	-1.116246e-02	-6.938664e+00
1.801000e-05	-1.034040e-02	-6.705063e+00
1.802000e-05	-9.944500e-03	-6.433505e+00
1.803000e-05	-9.851924e-03	-6.169721e+00
1.804000e-05	-9.606606e-03	-5.924587e+00
1.805000e-05	-9.373421e-03	-5.602004e+00
1.806000e-05	-6.797305e-03	-5.349691e+00
1.807000e-05	-9.490030e-03	-5.000925e+00
1.808000e-05	-7.368707e-03	-4.717613e+00
1.809000e-05	-7.402767e-03	-4.452480e+00
1.810000e-05	-6.331981e-03	-4.200878e+00
1.811000e-05	-8.116781e-03	-3.878690e+00
1.812000e-05	-6.679372e-03	-3.609979e+00
1.813000e-05	-9.151230e-03	-3.359817e+00
1.814000e-05	-5.562947e-03	-3.094183e+00
1.815000e-05	-6.280127e-03	-2.788870e+00
1.816000e-05	-4.734185e-03	-2.534640e+00
1.817000e-05	-5.954647e-03	-2.232404e+00
1.818000e-05	-3.559763e-03	-1.925264e+00
1.819000e-05	-5.412603e-03	-1.685109e+00
1.820000e-05	-6.822516e-03	-1.366767e+00
1.821000e-05	-7.325648e-03	-1.051507e+00
1.822000e-05	-5.121807e-03	-7.373723e-01
1.823000e-05	-4.601874e-03	-4.306090e-01
1.824000e-05	-3.592294e-03	-1.788712e-01
1.825000e-05	2.338761e-03	8.433934e-02
1.826000e-05	9.467664e-03	4.199538e-01
1.827000e-05	-1.234600e-03	6.936041e-01
1.828000e-05	2.176944e-03	9.234357e-01
1.829000e-05	-3.225591e-03	1.231104e+00
1.830000e-05	2.045052e-03	1.456288e+00
1.831000e-05	-9.829668e-04	1.800477e+00
1.832000e-05	1.381770e-02	2.011599e+00
1.833000e-05	4.459397e-02	2.284759e+00
1.834000e-05	7.216986e-02	2.620624e+00
1.835000e-05	-6.429811e-02	2.937371e+00
1.836000e-05	-4.364170e-02	3.241597e+00
1.837000e-05	-3.313506e-02	3.526843e+00
1.838000e-05	8.471221e-03	3.768421e+00
1.839000e-05	-5.197153e-02	4.008372e+00
1.840000e-05	-8.053344e-03	4.210553e+00
1.841000e-05	9.158114e-02	4.505792e+00
1.842000e-05	-6.019710e-02	4.797950e+00
1.843000e-05	1.247967e-01	5.023108e+00
1.844000e-05	-6.562656e-02	5.432475e+00
1.845000e-05	-3.059245e-02	5.674059e+00
1.846000e-05	4.625179e-02	5.959324e+00
1.847000e-05	-3.468858e-02	6.190502e+00
1.848000e-05	4.342087e-02	6.464531e+00
1.849000e-05	-5.526673e-02	6.749447e+00
1.850000e-05	4.661179e-02	7.040526e+00
1.851000e-05	2.807815e-02	7.274111e+00
1.852000e-05	-2.792123e-02	7.630943e+00
1.853000e-05	-1.776427e-02	7.815008e+00
1.854000e-05	-9.097872e-03	8.117691e+00
1.855000e-05	6.643602e-02	8.360269e+00
1.856000e-05	-2.590455e-02	8.559868e+00
1.857000e-05	-1.240974e-02	8.813473e+00
1.858000e-05	2.142569e-02	9.043980e+00
1.859000e-05	-1.468014e-03	9.296133e+00
1.860000e-05	1.921270e-02	9.487211e+00
1.861000e-05	-3.452559e-02	9.778792e+00
1.862000e-05	2.604127e-02	9.991424e+00
1.863000e-05	1.155453e-02	1.020393e+01
1.864000e-05	2.350143e-02	1.038185e+01
1.865000e-05	-1.717420e-02	1.064493e+01
1.866000e-05	-8.725009e-03	1.086563e+01
1.867000e-05	2.263195e-02	1.106548e+01
1.868000e-05	-5.305190e-05	1.125548e+01
1.869000e-05	6.730253e-03	1.149696e+01
1.870000e-05	-9.137433e-03	1.170616e+01
1.871000e-05	3.339734e-02	1.191806e+01
1.872000e-05	7.758675e-03	1.210751e+01
1.873000e-05	2.117377e-03	1.226435e+01
1.874000e-05	-1.045902e-02	1.243498e+01
1.875000e-05	1.069894e-02	1.263343e+01
1.876000e-05	1.585142e-02	1.281330e+01
1.877000e-05	6.072683e-04	1.293969e+01
1.878000e-05	6.130216e-03	1.312751e+01
1.879000e-05	1.384789e-02	1.326751e+01
1.880000e-05	2.153806e-02	1.343337e+01
1.881000e-05	-6.321625e-04	1.357067e+01
1.882000e-05	-1.759308e-03	1.371816e+01
1.883000e-05	6.710543e-03	1.385530e+01
1.884000e-05	1.608374e-02	1.396170e+01
1.885000e-05	9.086489e-03	1.412156e+01
1.886000e-05	2.540190e-03	1.428701e+01
1.887000e-05	1.657395e-02	1.440479e+01
1.888000e-05	1.697272e-02	1.454816e+01
1.889000e-05	1.118460e-02	1.462375e+01
1.890000e-05	3.198725e-04	1.471911e+01
1.891000e-05	1.041238e-02	1.481232e+01
1.892000e-05	1.675632e-02	1.488751e+01
1.893000e-05	1.259886e-02	1.495122e+01
1.894000e-05	8.244935e-03	1.503536e+01
1.895000e-05	1.012800e-02	1.507701e+01
1.896000e-05	2.168222e-02	1.517219e+01
1.897000e-05	1.435430e-02	1.523538e+01
1.898000e-05	9.708961e-03	1.526694e+01
1.899000e-05	1.090160e-02	1.535064e+01
1.900000e-05	2.027582e-02	1.539270e+01
1.901000e-05	1.720191e-02	1.544438e+01
1.902000e-05	1.197117e-02	1.546636e+01
1.903000e-05	1.598433e-02	1.547861e+01
1.904000e-05	2.233896e-02	1.551801e+01
1.905000e-05	2.309281e-02	1.551809e+01
1.906000e-05	1.624335e-02	1.558009e+01
1.907000e-05	1.966467e-02	1.556012e+01
1.908000e-05	2.345854e-02	1.558212e+01
1.909000e-05	2.622357e-02	1.554066e+01
1.910000e-05	2.126705e-02	1.551954e+01
1.911000e-05	2.416189e-02	1.549906e+01
1.912000e-05	3.061551e-02	1.544746e+01
1.913000e-05	3.310418e-02	1.546595e+01
1.914000e-05	2.997976e-02	1.544375e+01
1.915000e-05	2.903735e-02	1.540369e+01
1.916000e-05	3.635690e-02	1.535011e+01
1.917000e-05	3.753478e-02	1.532706e+01
1.918000e-05	3.749556e-02	1.521280e+01
1.919000e-05	3.817256e-02	1.518265e+01
1.920000e-05	4.477737e-02	1.512744e+01
1.921000e-05	4.980671e-02	1.504335e+01
1.922000e-05	4.855203e-02	1.499164e+01
1.923000e-05	5.051398e-02	1.488648e+01
1.924000e-05	5.561920e-02	1.481175e+01
1.925000e-05	6.210572e-02	1.470749e+01
1.926000e-05	5.827253e-02	1.460275e+01
1.927000e-05	6.144768e-02	1.450696e+01
1.928000e-05	6.233816e-02	1.439122e+01
1.929000e-05	6.611815e-02	1.423543e+01
1.930000e-05	6.192861e-02	1.414957e+01
1.931000e-05	6.014686e-02	1.408323e+01
1.932000e-05	6.045305e-02	1.392741e+01
1.933000e-05	5.777224e-02	1.371859e+01
1.934000e-05	5.285678e-02	1.360169e+01
1.935000e-05	4.729042e-02	1.342530e+01
1.936000e-05	4.776805e-02	1.332696e+01
1.937000e-05	4.611042e-02	1.316956e+01
1.938000e-05	4.273391e-02	1.298117e+01
1.939000e-05	3.733597e-02	1.282388e+01
1.940000e-05	3.603374e-02	1.269595e+01
1.941000e-05	3.383637e-02	1.252596e+01
1.942000e-05	2.917172e-02	1.234751e+01
1.943000e-05	2.622139e-02	1.214014e+01
1.944000e-05	2.447783e-02	1.196909e+01
1.945000e-05	2.501640e-02	1.176162e+01
1.946000e-05	2.296351e-02	1.155004e+01
1.947000e-05	1.965264e-02	1.131959e+01
1.948000e-05	1.645011e-02	1.113964e+01
1.949000e-05	1.637435e-02	1.093961e+01
1.950000e-05	1.564967e-02	1.072864e+01
1.951000e-05	1.351746e-02	1.049898e+01
1.952000e-05	1.090588e-02	1.032506e+01
1.953000e-05	1.153165e-02	1.011601e+01
1.954000e-05	1.075825e-02	9.853876e+00
1.955000e-05	8.228825e-03	9.580795e+00
1.956000e-05	6.823061e-03	9.348644e+00
1.957000e-05	6.286862e-03	9.141647e+00
1.958000e-05	6.981675e-03	8.919107e+00
1.959000e-05	6.704933e-03	8.717007e+00
1.960000e-05	4.059952e-03	8.483803e+00
1.961000e-05	2.978891e-03	8.192303e+00
1.962000e-05	4.371427e-03	7.947640e+00
1.963000e-05	4.124557e-03	7.697035e+00
1.964000e-05	4.408907e-04	7.433925e+00
1.965000e-05	2.285487e-03	7.139189e+00
1.966000e-05	-3.395776e-04	6.896161e+00
1.967000e-05	2.692356e-03	6.603850e+00
1.968000e-05	-6.805953e-04	6.328745e+00
1.969000e-05	1.770729e-03	6.126691e+00
1.970000e-05	7.182285e-04	5.855509e+00
1.971000e-05	2.608742e-03	5.572295e+00
1.972000e-05	-1.699595e-03	5.296587e+00
1.973000e-05	-2.119947e-03	4.958159e+00
1.974000e-05	-2.532355e-03	4.704505e+00
1.975000e-05	-3.272347e-03	4.411324e+00
1.976000e-05	-2.969493e-03	4.176659e+00
1.977000e-05	-1.243040e-03	3.832950e+00
1.978000e-05	1.262341e-04	3.548849e+00
1.979000e-05	-3.187842e-04	3.293608e+00
1.980000e-05	-2.010733e-03	2.981374e+00
1.981000e-05	-5.558059e-03	2.757343e+00
1.982000e-05	-3.810309e-03	2.410399e+00
1.983000e-05	-4.882122e-03	2.127290e+00
1.984000e-05	-4.147064e-03	1.896609e+00
1.985000e-05	-4.856732e-03	1.608317e+00
1.986000e-05	-1.982836e-03	1.283061e+00
1.987000e-05	-2.556779e-03	9.591672e-01
1.988000e-05	-2.258896e-03	6.724778e-01
1.989000e-05	-4.459841e-03	3.899212e-01
1.990000e-05	-3.127475e-03	1.131303e-01
1.991000e-05	9.978233e-05	-1.601239e-01
1.992000e-05	4.731175e-03	-4.516078e-01
1.993000e-05	-6.416113e-03	-7.569199e-01
1.994000e-05	-9.405467e-04	-9.810736e-01
1.995000e-05	-3.538417e-03	-1.274217e+00
1.996000e-05	4.986860e-04	-1.600475e+00
1.997000e-05	1.085917e-03	-1.832674e+00
1.998000e-05	3.263913e-02	-2.052077e+00
1.999000e-05	9.622507e-02	-2.366396e+00
2.000000e-05	-5.599631e-02	-2.685368e+00
2.001000e-05	-4.899923e-02	-3.115343e+00
2.002000e-05	-4.693051e-02	-3.410025e+00
2.003000e-05	-9.608123e-03	-3.581478e+00
2.004000e-05	-6.379528e-02	-3.864688e+00
2.005000e-05	7.793776e-02	-4.043079e+00
2.006000e-05	1.672474e-02	-4.233182e+00
2.007000e-05	-8.333470e-02	-4.559976e+00
2.008000e-05	1.820617e-01	-4.800480e+00
2.009000e-05	-1.693987e-01	-5.106896e+00
2.010000e-05	7.244577e-02	-5.493185e+00
2.011000e-05	-6.300470e-02	-5.726815e+00
2.012000e-05	-3.700020e-02	-6.011529e+00
2.013000e-05	1.113957e-01	-6.283130e+00
2.014000e-05	-1.250095e-01	-6.558870e+00
2.015000e-05	1.139303e-01	-6.802528e+00
2.016000e-05	-6.269732e-02	-7.055213e+00
2.017000e-05	3.762715e-04	-7.399500e+00
2.018000e-05	1.498075e-03	-7.600903e+00
2.019000e-05	-7.207223e-02	-7.957392e+00
2.020000e-05	1.004153e-01	-8.169420e+00
2.021000e-05	-9.420807e-02	-8.400952e+00
2.022000e-05	7.096690e-02	-8.686608e+00
2.023000e-05	-4.654104e-02	-8.917243e+00
2.024000e-05	-9.266503e-03	-9.168870e+00
2.025000e-05	1.629173e-02	-9.291272e+00
2.026000e-05	-6.022990e-02	-9.603577e+00
2.027000e-05	5.802946e-02	-9.831478e+00
2.028000e-05	-6.594594e-02	-1.005508e+01
2.029000e-05	6.313890e-02	-1.027558e+01
2.030000e-05	-6.577835e-02	-1.045519e+01
2.031000e-05	2.629839e-02	-1.072721e+01
2.032000e-05	-3.693882e-02	-1.092764e+01
2.033000e-05	2.601292e-03	-1.110879e+01
2.034000e-05	-7.353489e-03	-1.132969e+01
2.035000e-05	-1.925004e-02	-1.155075e+01
2.036000e-05	1.704547e-02	-1.175115e+01
2.037000e-05	-3.089139e-02	-1.196980e+01
2.038000e-05	1.467373e-02	-1.219025e+01
2.039000e-05	-4.554036e-02	-1.234872e+01
2.040000e-05	1.732306e-02	-1.250812e+01
2.041000e-05	-3.295349e-02	-1.271601e+01
2.042000e-05	1.131563e-02	-1.291563e+01
2.043000e-05	-2.791530e-02	-1.302290e+01
2.044000e-05	4.635378e-03	-1.315937e+01
2.045000e-05	-1.677461e-02	-1.327964e+01
2.046000e-05	-1.183206e-02	-1.345649e+01
2.047000e-05	-1.559553e-02	-1.359285e+01
2.048000e-05	-1.957414e-02	-1.379985e+01
2.049000e-05	-2.206926e-03	-1.390816e+01
2.050000e-05	-2.104043e-02	-1.402598e+01
2.051000e-05	-4.374694e-03	-1.418072e+01
2.052000e-05	-2.361815e-02	-1.431709e+01
2.053000e-05	-3.887496e-03	-1.443388e+01
2.054000e-05	-2.371723e-02	-1.454860e+01
2.055000e-05	-1.154529e-02	-1.464491e+01
2.056000e-05	-2.047126e-02	-1.471852e+01
2.057000e-05	-1.092706e-02	-1.479538e+01
2.058000e-05	-1.522963e-02	-1.490751e+01
2.059000e-05	-1.870878e-02	-1.500130e+01
2.060000e-05	-2.009424e-02	-1.503638e+01
2.061000e-05	-2.015390e-02	-1.514057e+01
2.062000e-05	-1.779994e-02	-1.519210e+01
2.063000e-05	-2.140687e-02	-1.526700e+01
2.064000e-05	-1.945187e-02	-1.530854e+01
2.065000e-05	-1.988211e-02	-1.534120e+01
2.066000e-05	-1.623861e-02	-1.542478e+01
2.067000e-05	-2.407522e-02	-1.544486e+01
2.068000e-05	-2.396442e-02	-1.546694e+01
2.069000e-05	-2.720863e-02	-1.550706e+01
2.070000e-05	-2.023312e-02	-1.553806e+01
2.071000e-05	-2.580388e-02	-1.556964e+01
2.072000e-05	-2.712786e-02	-1.552919e+01
2.073000e-05	-2.909258e-02	-1.553021e+01
2.074000e-05	-2.659635e-02	-1.556120e+01
2.075000e-05	-2.839189e-02	-1.554121e+01
2.076000e-05	-3.334965e-02	-1.553909e+01
2.077000e-05	-3.272303e-02	-1.550854e+01
2.078000e-05	-3.378024e-02	-1.549748e+01
2.079000e-05	-3.486146e-02	-1.546493e+01
2.080000e-05	-4.034956e-02	-1.541495e+01
2.081000e-05	-4.108006e-02	-1.538365e+01
2.082000e-05	-4.056291e-02	-1.535169e+01
2.083000e-05	-4.168296e-02	-1.529898e+01
2.084000e-05	-4.540493e-02	-1.524490e+01
2.085000e-05	-4.799355e-02	-1.517212e+01
2.086000e-05	-5.090215e-02	-1.509902e+01
2.087000e-05	-5.445061e-02	-1.504280e+01
2.088000e-05	-5.837907e-02	-1.498164e+01
2.089000e-05	-6.076886e-02	-1.488701e+01
2.090000e-05	-6.155067e-02	-1.476269e+01
2.091000e-05	-6.459860e-02	-1.466654e+01
2.092000e-05	-6.716119e-02	-1.461325e+01
2.093000e-05	-7.054197e-02	-1.449708e+01
2.094000e-05	-7.013865e-02	-1.437157e+01
2.095000e-05	-7.072473e-02	-1.421686e+01
2.096000e-05	-6.962996e-02	-1.414904e+01
2.097000e-05	-6.823186e-02	-1.398425e+01
2.098000e-05	-6.492231e-02	-1.387533e+01
2.099000e-05	-6.243917e-02	-1.373807e+01
2.100000e-05	-6.150478e-02	-1.360172e+01
2.101000e-05	-5.828018e-02	-1.342283e+01
2.102000e-05	-5.472535e-02	-1.329749e+01
2.103000e-05	-5.129272e-02	-1.313816e+01
2.104000e-05	-4.927154e-02	-1.294125e+01
2.105000e-05	-4.618325e-02	-1.284388e+01
2.106000e-05	-4.267545e-02	-1.262588e+01
2.107000e-05	-3.961378e-02	-1.249754e+01
2.108000e-05	-3.767322e-02	-1.231864e+01
2.109000e-05	-3.717677e-02	-1.209961e+01
2.110000e-05	-3.408632e-02	-1.193062e+01
2.111000e-05	-3.078186e-02	-1.172919e+01
2.112000e-05	-2.806366e-02	-1.152809e+01
2.113000e-05	-2.772809e-02	-1.131699e+01
2.114000e-05	-2.600400e-02	-1.106595e+01
2.115000e-05	-2.465962e-02	-1.089541e+01
2.116000e-05	-2.335002e-02	-1.062593e+01
2.117000e-05	-2.335007e-02	-1.046546e+01
2.118000e-05	-2.107309e-02	-1.026485e+01
2.119000e-05	-1.890691e-02	-1.004388e+01
2.120000e-05	-1.739187e-02	-9.782725e+00
2.121000e-05	-1.714037e-02	-9.602177e+00
2.122000e-05	-1.723258e-02	-9.378237e+00
2.123000e-05	-1.575360e-02	-9.106591e+00
2.124000e-05	-1.571848e-02	-8.906637e+00
2.125000e-05	-1.424082e-02	-8.653911e+00
2.126000e-05	-1.329400e-02	-8.410799e+00
2.127000e-05	-1.170950e-02	-8.189245e+00
2.128000e-05	-1.195615e-02	-7.897569e+00
2.129000e-05	-1.302905e-02	-7.582828e+00
2.130000e-05	-1.354199e-02	-7.320216e+00
2.131000e-05	-1.011050e-02	-7.106063e+00
2.132000e-05	-9.693667e-03	-6.843554e+00
2.133000e-05	-8.367435e-03	-6.601316e+00
2.134000e-05	-9.967668e-03	-6.316620e+00
2.135000e-05	-8.602256e-03	-6.084528e+00
2.136000e-05	-9.618696e-03	-5.800220e+00
2.137000e-05	-8.687986e-03	-5.547112e+00
2.138000e-05	-1.010377e-02	-5.212849e+00
2.139000e-05	-7.602313e-03	-4.897538e+00
2.140000e-05	-7.359076e-03	-4.600870e+00
2.141000e-05	-5.466334e-03	-4.356792e+00
2.142000e-05	-7.602350e-03	-4.116690e+00
2.143000e-05	-7.168373e-03	-3.871998e+00
2.144000e-05	-7.837137e-03	-3.537242e+00
2.145000e-05	-8.003882e-03	-3.263559e+00
2.146000e-05	-7.874553e-03	-2.940818e+00
2.147000e-05	-6.078131e-03	-2.694558e+00
2.148000e-05	-4.943447e-03	-2.422429e+00
2.149000e-05	-5.056742e-03	-2.075208e+00
2.150000e-05	-5.557300e-03	-1.852554e+00
2.151000e-05	-5.970028e-03	-1.590347e+00
2.152000e-05	-5.537173e-03	-1.219425e+00
2.153000e-05	-6.560323e-03	-9.372133e-01
2.154000e-05	-4.992242e-03	-6.030326e-01
2.155000e-05	-4.949004e-03	-3.269134e-01
2.156000e-05	-8.247044e-04	-8.308302e-02
2.157000e-05	5.891033e-03	2.206225e-01
2.158000e-05	3.157416e-03	4.952842e-01
2.159000e-05	7.887281e-05	7.674872e-01
2.160000e-05	-1.206684e-03	1.031580e+00
2.161000e-05	-1.915589e-04	1.305815e+00
2.162000e-05	1.226288e-03	1.600652e+00
2.163000e-05	2.050911e-03	1.885209e+00
2.164000e-05	2.051925e-02	2.083813e+00
2.165000e-05	7.132593e-02	2.460421e+00
2.166000e-05	2.060069e-02	2.748895e+00
2.167000e-05	-6.905685e-02	3.052205e+00
2.168000e-05	-4.370228e-02	3.317367e+00
2.169000e-05	-1.102002e-02	3.641551e+00
2.170000e-05	-7.676108e-03	3.814600e+00
2.171000e-05	-5.474440e-02	4.053582e+00
2.172000e-05	4.463674e-02	4.346862e+00
2.173000e-05	4.235936e-02	4.643550e+00
2.174000e-05	-2.168458e-02	4.855132e+00
2.175000e-05	1.112292e-01	5.230027e+00
2.176000e-05	-1.215712e-01	5.506788e+00
2.177000e-05	4.292200e-02	5.749797e+00
2.178000e-05	1.444939e-03	6.034079e+00
2.179000e-05	-6.725122e-03	6.287187e+00
2.180000e-05	1.988046e-02	6.530901e+00
2.181000e-05	-4.967579e-02	6.875637e+00
2.182000e-05	8.365109e-02	7.156765e+00
2.183000e-05	-2.397133e-02	7.352375e+00
2.184000e-05	-7.449280e-03	7.697609e+00
2.185000e-05	-3.622969e-02	7.989270e+00
2.186000e-05	3.835964e-02	8.222879e+00
2.187000e-05	3.678051e-02	8.415056e+00
2.188000e-05	-4.414434e-02	8.645632e+00
2.189000e-05	1.906914e-02	8.878164e+00
2.190000e-05	2.057367e-03	9.160166e+00
2.191000e-05	2.085951e-02	9.371271e+00
2.192000e-05	-1.348775e-02	9.611854e+00
2.193000e-05	-8.170935e-03	9.824503e+00
2.194000e-05	1.866465e-02	1.010713e+01
2.195000e-05	1.759062e-02	1.028562e+01
2.196000e-05	9.200062e-03	1.054966e+01
2.197000e-05	-2.559234e-02	1.073974e+01
2.198000e-05	1.537365e-02	1.093826e+01
2.199000e-05	1.283776e-02	1.109869e+01
2.200000e-05	8.159530e-03	1.135934e+01
2.201000e-05	-1.013777e-02	1.156969e+01
2.202000e-05	1.155772e-02	1.177180e+01
2.203000e-05	2.040388e-02	1.197184e+01
2.204000e-05	8.097985e-03	1.213869e+01
2.205000e-05	-7.822496e-03	1.233864e+01
2.206000e-05	5.803248e-04	1.253916e+01
2.207000e-05	1.918499e-02	1.266746e+01
2.208000e-05	8.166212e-03	1.283345e+01
2.209000e-05	1.794835e-04	1.300280e+01
2.210000e-05	2.663728e-03	1.320017e+01
2.211000e-05	2.168022e-02	1.333122e+01
2.212000e-05	9.774555e-03	1.347653e+01
2.213000e-05	1.176087e-04	1.364533e+01
2.214000e-05	-1.095765e-03	1.375222e+01
2.215000e-05	1.751476e-02	1.390748e+01
2.216000e-05	1.299732e-02	1.403485e+01
2.217000e-05	3.822192e-03	1.416315e+01
2.218000e-05	4.224953e-03	1.434816e+01
2.219000e-05	1.645478e-02	1.449589e+01
2.220000e-05	1.726767e-02	1.453166e+01
2.221000e-05	3.893306e-03	1.467490e+01
2.222000e-05	6.456549e-03	1.475119e+01
2.223000e-05	1.409894e-02	1.486398e+01
2.224000e-05	1.982864e-02	1.490796e+01
2.225000e-05	7.478534e-03	1.501287e+01
2.226000e-05	8.464576e-03	1.506493e+01
2.227000e-05	1.334629e-02	1.513056e+01
2.228000e-05	2.040133e-02	1.519025e+01
2.229000e-05	1.041810e-02	1.527638e+01
2.230000e-05	8.005162e-03	1.529796e+01
2.231000e-05	1.692449e-02	1.537214e+01
2.232000e-05	2.076360e-02	1.537170e+01
2.233000e-05	1.788202e-02	1.543488e+01
2.234000e-05	8.779281e-03	1.549593e+01
2.235000e-05	1.983864e-02	1.548793e+01
2.236000e-05	2.252021e-02	1.552786e+01
2.237000e-05	2.197597e-02	1.554917e+01
2.238000e-05	1.419939e-02	1.555004e+01
2.239000e-05	1.953607e-02	1.559066e+01
2.240000e-05	2.756814e-02	1.551009e+01
2.241000e-05	2.606869e-02	1.555052e+01
2.242000e-05	2.048969e-02	1.552947e+01
2.243000e-05	2.408389e-02	1.547853e+01
2.244000e-05	3.346327e-02	1.547540e+01
2.245000e-05	3.320835e-02	1.547628e+01
2.246000e-05	2.871397e-02	1.541365e+01
2.247000e-05	2.977933e-02	1.537122e+01
2.248000e-05	3.732015e-02	1.532856e+01
2.249000e-05	4.090882e-02	1.526748e+01
2.250000e-05	3.677257e-02	1.521280e+01
2.251000e-05	3.827949e-02	1.517109e+01
2.252000e-05	4.659600e-02	1.512691e+01
2.253000e-05	5.188811e-02	1.498227e+01
2.254000e-05	4.894581e-02	1.491859e+01
2.255000e-05	5.048292e-02	1.487588e+01
2.256000e-05	5.652790e-02	1.475112e+01
2.257000e-05	6.362712e-02	1.465646e+01
2.258000e-05	6.012033e-02	1.458060e+01
2.259000e-05	6.004882e-02	1.445688e+01
2.260000e-05	6.321718e-02	1.434906e+01
2.261000e-05	6.684136e-02	1.423480e+01
2.262000e-05	6.189206e-02	1.407796e+01
2.263000e-05	5.758884e-02	1.396012e+01
2.264000e-05	5.776081e-02	1.381423e+01
2.265000e-05	5.852992e-02	1.370741e+01
2.266000e-05	5.266415e-02	1.354113e+01
2.267000e-05	4.677493e-02	1.336168e+01
2.268000e-05	4.395980e-02	1.323491e+01
2.269000e-05	4.626638e-02	1.308636e+01
2.270000e-05	4.165086e-02	1.291701e+01
2.271000e-05	3.649480e-02	1.278019e+01
2.272000e-05	3.264866e-02	1.258225e+01
2.273000e-05	3.377892e-02	1.247386e+01
2.274000e-05	3.112083e-02	1.225643e+01
2.275000e-05	2.479774e-02	1.209693e+01
2.276000e-05	2.359639e-02	1.187648e+01
2.277000e-05	2.344139e-02	1.174641e+01
2.278000e-05	2.290463e-02	1.143733e+01
2.279000e-05	1.802484e-02	1.121538e+01
2.280000e-05	1.620060e-02	1.103438e+01
2.281000e-05	1.658114e-02	1.087393e+01
2.282000e-05	1.606986e-02	1.066493e+01
2.283000e-05	1.224532e-02	1.042280e+01
2.284000e-05	1.012826e-02	1.020183e+01
2.285000e-05	1.043313e-02	1.000072e+01
2.286000e-05	1.126662e-02	9.749591e+00
2.287000e-05	8.544337e-03	9.487587e+00
2.288000e-05	5.391995e-03	9.276462e+00
2.289000e-05	6.459782e-03	9.044403e+00
2.290000e-05	7.769402e-03	8.834374e+00
2.291000e-05	5.572696e-03	8.580794e+00
2.292000e-05	2.772848e-03	8.348694e+00
2.293000e-05	3.021240e-03	8.117086e+00
2.294000e-05	4.745040e-03	7.854430e+00
2.295000e-05	4.121818e-03	7.601744e+00
2.296000e-05	6.712677e-04	7.327686e+00
2.297000e-05	9.149870e-04	7.054480e+00
2.298000e-05	3.068414e-03	6.781400e+00
2.299000e-05	2.143506e-03	6.579614e+00
2.300000e-05	-8.372737e-04	6.274084e+00
2.301000e-05	-1.002409e-03	6.043522e+00
2.302000e-05	1.217920e-03	5.789567e+00
2.303000e-05	1.520468e-03	5.476084e+00
2.304000e-05	-1.555448e-03	5.201291e+00
2.305000e-05	-2.161408e-03	4.851882e+00
2.306000e-05	-4.157770e-04	4.558217e+00
2.307000e-05	-1.236239e-03	4.266107e+00
2.308000e-05	-2.877391e-03	4.030828e+00
2.309000e-05	-4.071396e-03	3.716192e+00
2.310000e-05	-1.457719e-03	3.425057e+00
2.311000e-05	-1.014662e-03	3.197747e+00
2.312000e-05	-3.005319e-03	2.895088e+00
2.313000e-05	-4.574581e-03	2.652901e+00
2.314000e-05	-2.716011e-03	2.317161e+00
2.315000e-05	-2.802241e-03	2.053505e+00
2.316000e-05	-3.550409e-03	1.809276e+00
2.317000e-05	-4.586530e-03	1.452581e+00
2.318000e-05	-4.598969e-03	1.209318e+00
2.319000e-05	-2.672612e-03	8.224477e-01
2.320000e-05	-3.935129e-03	5.387935e-01
2.321000e-05	-4.309928e-03	2.735341e-01
2.322000e-05	-2.005097e-03	-3.062653e-02
2.323000e-05	6.568901e-03	-2.952833e-01
2.324000e-05	4.124928e-04	-5.474225e-01
2.325000e-05	-1.440956e-03	-8.326577e-01
2.326000e-05	-5.281154e-03	-1.104789e+00
2.327000e-05	-5.548075e-04	-1.419050e+00
2.328000e-05	-2.700761e-03	-1.643680e+00
2.329000e-05	8.939179e-03	-1.904812e+00
2.330000e-05	5.564142e-02	-2.086968e+00
2.331000e-05	6.858910e-02	-2.454288e+00
2.332000e-05	-8.616489e-02	-2.824634e+00
2.333000e-05	-3.130334e-02	-3.231204e+00
2.334000e-05	-4.543531e-02	-3.493658e+00
2.335000e-05	-1.565417e-02	-3.664691e+00
2.336000e-05	-5.647945e-02	-3.967418e+00
2.337000e-05	1.368085e-01	-4.115740e+00
2.338000e-05	-1.119894e-01	-4.328549e+00
2.339000e-05	8.130968e-02	-4.726684e+00
2.340000e-05	6.168506e-02	-4.906768e+00
2.341000e-05	-1.438609e-01	-5.285587e+00
2.342000e-05	1.099111e-01	-5.568894e+00
2.343000e-05	-1.562485e-01	-5.813204e+00
2.344000e-05	1.072776e-01	-6.126192e+00
2.345000e-05	-1.712817e-02	-6.339345e+00
2.346000e-05	-4.428566e-02	-6.663709e+00
2.347000e-05	9.735908e-02	-6.877342e+00
2.348000e-05	-1.044071e-01	-7.191575e+00
2.349000e-05	6.383706e-02	-7.454636e+00
2.350000e-05	-8.334688e-02	-7.749316e+00
2.351000e-05	2.677752e-02	-8.022505e+00
2.352000e-05	3.050806e-02	-8.264656e+00
2.353000e-05	-6.476197e-02	-8.467743e+00
2.354000e-05	8.113087e-02	-8.768794e+00
2.355000e-05	-9.801985e-02	-9.001429e+00
2.356000e-05	6.367462e-02	-9.233952e+00
2.357000e-05	-6.125528e-02	-9.414036e+00
2.358000e-05	1.985237e-02	-9.678212e+00
2.359000e-05	-7.085013e-03	-9.887163e+00
2.360000e-05	-1.788759e-02	-1.011877e+01
2.361000e-05	3.160715e-02	-1.037822e+01
2.362000e-05	-6.029570e-02	-1.062185e+01
2.363000e-05	3.724580e-02	-1.077035e+01
2.364000e-05	-5.868497e-02	-1.097235e+01
2.365000e-05	3.829222e-02	-1.123443e+01
2.366000e-05	-4.619324e-02	-1.140138e+01
2.367000e-05	2.131798e-02	-1.161298e+01
2.368000e-05	-2.423990e-02	-1.183343e+01
2.369000e-05	3.826988e-03	-1.202501e+01
2.370000e-05	-1.799768e-02	-1.222443e+01
2.371000e-05	-1.932132e-02	-1.241335e+01
2.372000e-05	1.427945e-03	-1.261127e+01
2.373000e-05	-2.418345e-02	-1.276824e+01
2.374000e-05	6.993352e-03	-1.295769e+01
2.375000e-05	-3.171900e-02	-1.306659e+01
2.376000e-05	1.250148e-02	-1.322438e+01
2.377000e-05	-2.985933e-02	-1.339182e+01
2.378000e-05	1.556598e-03	-1.357011e+01
2.379000e-05	-3.013362e-02	-1.371553e+01
2.380000e-05	-1.608837e-03	-1.384295e+01
2.381000e-05	-1.803490e-02	-1.393974e+01
2.382000e-05	-1.011188e-02	-1.408759e+01
2.383000e-05	-1.527531e-02	-1.423437e+01
2.384000e-05	-1.495002e-02	-1.434962e+01
2.385000e-05	-9.453081e-03	-1.444655e+01
2.386000e-05	-2.091418e-02	-1.457185e+01
2.387000e-05	-1.121670e-02	-1.468601e+01
2.388000e-05	-2.165714e-02	-1.475017e+01
2.389000e-05	-9.234395e-03	-1.484641e+01
2.390000e-05	-2.078733e-02	-1.491772e+01
2.391000e-05	-1.526476e-02	-1.503535e+01
2.392000e-05	-2.181413e-02	-1.505501e+01
2.393000e-05	-1.554053e-02	-1.517064e+01
2.394000e-05	-2.171378e-02	-1.518390e+01
2.395000e-05	-1.894365e-02	-1.525796e+01
2.396000e-05	-2.133855e-02	-1.534864e+01
2.397000e-05	-1.586164e-02	-1.542270e+01
2.398000e-05	-2.190282e-02	-1.540543e+01
2.399000e-05	-2.481250e-02	-1.545498e+01
2.400000e-05	-2.440156e-02	-1.547499e+01
2.401000e-05	-2.417670e-02	-1.551961e+01
2.402000e-05	-2.130267e-02	-1.552854e+01
2.403000e-05	-2.784583e-02	-1.554017e+01
2.404000e-05	-2.597886e-02	-1.555064e+01
2.405000e-05	-2.815176e-02	-1.553017e+01
2.406000e-05	-2.693833e-02	-1.550959e+01
2.407000e-05	-3.262796e-02	-1.556167e+01
2.408000e-05	-3.413184e-02	-1.550011e+01
2.409000e-05	-3.264220e-02	-1.550851e+01
2.410000e-05	-3.388096e-02	-1.548606e+01
2.411000e-05	-3.637367e-02	-1.544496e+01
2.412000e-05	-4.024795e-02	-1.541333e+01
2.413000e-05	-4.024345e-02	-1.538267e+01
2.414000e-05	-4.193230e-02	-1.530959e+01
2.415000e-05	-4.275082e-02	-1.525701e+01
2.416000e-05	-4.565145e-02	-1.524383e+01
2.417000e-05	-5.082884e-02	-1.512909e+01
2.418000e-05	-5.285983e-02	-1.509496e+01
2.419000e-05	-5.366634e-02	-1.500180e+01
2.420000e-05	-5.669518e-02	-1.494809e+01
2.421000e-05	-6.305812e-02	-1.482385e+01
2.422000e-05	-6.549467e-02	-1.471956e+01
2.423000e-05	-6.398286e-02	-1.467545e+01
2.424000e-05	-6.654195e-02	-1.455067e+01
2.425000e-05	-7.029180e-02	-1.447636e+01
2.426000e-05	-7.204603e-02	-1.432997e+01
2.427000e-05	-6.879565e-02	-1.421375e+01
2.428000e-05	-6.755940e-02	-1.406696e+01
2.429000e-05	-6.793581e-02	-1.393914e+01
2.430000e-05	-6.722801e-02	-1.380220e+01
2.431000e-05	-6.214329e-02	-1.368493e+01
2.432000e-05	-5.805543e-02	-1.347804e+01
2.433000e-05	-5.712505e-02	-1.337867e+01
2.434000e-05	-5.518323e-02	-1.321388e+01
2.435000e-05	-5.053912e-02	-1.305546e+01
2.436000e-05	-4.558564e-02	-1.295864e+01
2.437000e-05	-4.391845e-02	-1.277160e+01
2.438000e-05	-4.405912e-02	-1.259127e+01
2.439000e-05	-4.028329e-02	-1.241435e+01
2.440000e-05	-3.576797e-02	-1.222388e+01
2.441000e-05	-3.472461e-02	-1.208548e+01
2.442000e-05	-3.489058e-02	-1.187491e+01
2.443000e-05	-3.159962e-02	-1.165428e+01
2.444000e-05	-2.664206e-02	-1.143182e+01
2.445000e-05	-2.618521e-02	-1.124230e+01
2.446000e-05	-2.574384e-02	-1.096078e+01
2.447000e-05	-2.507362e-02	-1.078120e+01
2.448000e-05	-2.144132e-02	-1.053280e+01
2.449000e-05	-2.049470e-02	-1.043125e+01
2.450000e-05	-2.150010e-02	-1.014919e+01
2.451000e-05	-2.001694e-02	-9.948142e+00
2.452000e-05	-1.720407e-02	-9.719093e+00
2.453000e-05	-1.531652e-02	-9.496461e+00
2.454000e-05	-1.691542e-02	-9.244979e+00
2.455000e-05	-1.637671e-02	-9.013379e+00
2.456000e-05	-1.409841e-02	-8.821927e+00
2.457000e-05	-1.261544e-02	-8.558743e+00
2.458000e-05	-1.322056e-02	-8.296639e+00
2.459000e-05	-1.395659e-02	-8.086609e+00
2.460000e-05	-1.214575e-02	-7.802350e+00
2.461000e-05	-1.015068e-02	-7.527191e+00
2.462000e-05	-1.120343e-02	-7.285113e+00
2.463000e-05	-1.185045e-02	-7.030951e+00
2.464000e-05	-1.122782e-02	-6.776744e+00
2.465000e-05	-8.108472e-03	-6.496164e+00
2.466000e-05	-8.697895e-03	-6.253298e+00
2.467000e-05	-9.564051e-03	-5.937269e+00
2.468000e-05	-1.186970e-02	-5.675565e+00
2.469000e-05	-5.500162e-03	-5.392422e+00
2.470000e-05	-1.136334e-02	-5.136141e+00
2.471000e-05	-7.524467e-03	-4.781845e+00
2.472000e-05	-1.088094e-02	-4.496161e+00
2.473000e-05	-4.800831e-03	-4.284159e+00
2.474000e-05	-5.483969e-03	-3.959829e+00
2.475000e-05	-5.414698e-03	-3.715643e+00
2.476000e-05	-1.000022e-02	-3.424054e+00
2.477000e-05	-6.866155e-03	-3.197842e+00
2.478000e-05	-6.953231e-03	-2.833480e+00
2.479000e-05	-7.028799e-03	-2.549794e+00
2.480000e-05	-8.037915e-03	-2.285161e+00
2.481000e-05	-3.789278e-03	-1.991473e+00
2.482000e-05	-2.248460e-03	-1.706288e+00
2.483000e-05	-4.314788e-03	-1.492430e+00
2.484000e-05	-6.912142e-03	-1.094684e+00
2.485000e-05	-7.451996e-03	-8.320253e-01
2.486000e-05	-3.197948e-03	-5.267658e-01
2.487000e-05	-5.131248e-03	-2.621068e-01
2.488000e-05	-4.671277e-04	3.358540e-02
2.489000e-05	8.015563e-03	3.567684e-01
2.490000e-05	-8.090418e-05	5.989711e-01
2.491000e-05	4.282047e-03	8.325067e-01
2.492000e-05	-4.408267e-03	1.166392e+00
2.493000e-05	1.281756e-03	1.401580e+00
2.494000e-05	-1.484306e-04	1.737914e+00
2.495000e-05	1.089579e-02	1.938442e+00
2.496000e-05	3.108163e-02	2.188024e+00
2.497000e-05	8.214020e-02	2.588340e+00
2.498000e-05	-4.118410e-02	2.883660e+00
2.499000e-05	-4.864659e-02	3.118949e+00
2.500000e-05	-4.207978e-02	3.451653e+00
2.501000e-05	5.836863e-03	3.694762e+00
2.502000e-05	-3.760980e-02	3.927287e+00
2.503000e-05	-3.155230e-02	4.119221e+00
2.504000e-05	8.853344e-02	4.443632e+00
2.505000e-05	-3.776012e-02	4.746263e+00
2.506000e-05	7.854395e-02	4.970367e+00
2.507000e-05	6.261152e-03	5.328294e+00
2.508000e-05	-8.033161e-02	5.622530e+00
2.509000e-05	5.913573e-02	5.865181e+00
2.510000e-05	-3.157429e-02	6.137242e+00
2.511000e-05	3.403370e-02	6.380349e+00
2.512000e-05	-3.047186e-02	6.724709e+00
2.513000e-05	3.491831e-03	6.948291e+00
2.514000e-05	6.098652e-02	7.231995e+00
2.515000e-05	-3.616834e-02	7.526135e+00
2.516000e-05	-4.923300e-03	7.771322e+00
2.517000e-05	-3.084734e-02	8.073558e+00
2.518000e-05	6.506642e-02	8.306790e+00
2.519000e-05	-1.452500e-03	8.528714e+00
2.520000e-05	-3.105620e-02	8.769266e+00
2.521000e-05	2.865333e-02	8.941848e+00
2.522000e-05	-1.062750e-02	9.224030e+00
2.523000e-05	3.061068e-02	9.463531e+00
2.524000e-05	-3.450066e-02	9.696159e+00
2.525000e-05	1.827523e-02	9.948768e+00
2.526000e-05	8.555384e-03	1.011977e+01
2.527000e-05	2.485296e-02	1.035129e+01
2.528000e-05	-4.986289e-03	1.063252e+01
2.529000e-05	-2.030233e-02	1.082145e+01
2.530000e-05	2.534072e-02	1.099283e+01
2.531000e-05	1.154421e-03	1.120380e+01
2.532000e-05	1.311496e-02	1.141440e+01
2.533000e-05	-1.815630e-02	1.164481e+01
2.534000e-05	2.720759e-02	1.183448e+01
2.535000e-05	8.216603e-03	1.203485e+01
2.536000e-05	8.807165e-03	1.222293e+01
2.537000e-05	-1.193958e-02	1.241192e+01
2.538000e-05	8.180951e-03	1.259234e+01
2.539000e-05	1.890182e-02	1.274064e+01
2.540000e-05	2.811785e-03	1.292653e+01
2.541000e-05	3.816805e-03	1.305596e+01
2.542000e-05	3.793722e-03	1.325343e+01
2.543000e-05	2.426385e-02	1.339177e+01
2.544000e-05	2.446605e-03	1.353909e+01
2.545000e-05	2.851037e-03	1.367748e+01
2.546000e-05	6.028100e-04	1.382530e+01
2.547000e-05	1.904290e-02	1.397069e+01
2.548000e-05	1.088040e-02	1.405756e+01
2.549000e-05	4.757264e-03	1.426688e+01
2.550000e-05	9.359344e-03	1.441124e+01
2.551000e-05	1.437988e-02	1.450741e+01
2.552000e-05	1.547092e-02	1.458065e+01
2.553000e-05	1.728098e-03	1.469704e+01
2.554000e-05	1.037129e-02	1.479285e+01
2.555000e-05	1.298252e-02	1.487441e+01
2.556000e-05	1.909977e-02	1.493912e+01
2.557000e-05	5.720377e-03	1.503485e+01
2.558000e-05	1.116704e-02	1.506853e+01
2.559000e-05	1.481863e-02	1.512016e+01
2.560000e-05	1.706799e-02	1.519480e+01
2.561000e-05	1.233258e-02	1.527593e+01
2.562000e-05	1.139262e-02	1.532962e+01
2.563000e-05	1.841233e-02	1.538272e+01
2.564000e-05	1.793247e-02	1.541280e+01
2.565000e-05	1.411867e-02	1.545885e+01
2.566000e-05	1.191056e-02	1.547749e+01
2.567000e-05	1.866340e-02	1.551744e+01
2.568000e-05	2.523205e-02	1.548804e+01
2.569000e-05	2.021467e-02	1.553954e+01
2.570000e-05	2.036138e-02	1.554166e+01
2.571000e-05	2.123873e-02	1.556057e+01
2.572000e-05	2.480748e-02	1.553866e+01
2.573000e-05	2.047294e-02	1.553804e+01
2.574000e-05	2.073337e-02	1.552854e+01
2.575000e-05	2.682792e-02	1.548849e+01
2.576000e-05	3.334913e-02	1.550540e+01
2.577000e-05	3.573431e-02	1.541577e+01
2.578000e-05	3.076193e-02	1.545472e+01
2.579000e-05	3.475341e-02	1.534059e+01
2.580000e-05	3.583519e-02	1.530904e+01
2.581000e-05	3.868663e-02	1.525581e+01
2.582000e-05	3.590441e-02	1.516369e+01
2.583000e-05	3.948524e-02	1.515849e+01
2.584000e-05	4.699356e-02	1.508488e+01
2.585000e-05	5.270500e-02	1.498365e+01
2.586000e-05	5.424249e-02	1.485756e+01
2.587000e-05	5.503512e-02	1.481180e+01
2.588000e-05	5.885733e-02	1.469949e+01
2.589000e-05	6.161271e-02	1.463480e+01
2.590000e-05	6.035330e-02	1.455801e+01
2.591000e-05	5.969632e-02	1.441528e+01
2.592000e-05	6.255369e-02	1.433748e+01
2.593000e-05	6.544424e-02	1.418015e+01
2.594000e-05	6.240848e-02	1.409633e+01
2.595000e-05	5.951170e-02	1.392051e+01
2.596000e-05	5.673111e-02	1.379322e+01
2.597000e-05	5.659776e-02	1.363478e+01
2.598000e-05	5.093303e-02	1.346590e+01
2.599000e-05	4.798283e-02	1.332156e+01
2.600000e-05	4.299557e-02	1.315214e+01
2.601000e-05	4.320222e-02	1.302440e+01
2.602000e-05	3.892122e-02	1.284638e+01
2.603000e-05	3.534509e-02	1.268648e+01
2.604000e-05	3.259349e-02	1.254907e+01
2.605000e-05	3.136344e-02	1.238967e+01
2.606000e-05	2.985877e-02	1.219273e+01
2.607000e-05	2.536579e-02	1.199467e+01
2.608000e-05	2.337459e-02	1.179330e+01
2.609000e-05	2.230982e-02	1.160319e+01
2.610000e-05	2.063385e-02	1.140265e+01
2.611000e-05	1.821954e-02	1.115072e+01
2.612000e-05	1.563940e-02	1.096165e+01
2.613000e-05	1.445728e-02	1.078167e+01
2.614000e-05	1.465242e-02	1.057079e+01
2.615000e-05	1.213935e-02	1.031914e+01
2.616000e-05	1.009309e-02	1.013066e+01
2.617000e-05	1.053869e-02	9.888507e+00
2.618000e-05	1.077050e-02	9.674304e+00
2.619000e-05	9.969826e-03	9.422949e+00
2.620000e-05	5.188503e-03	9.222272e+00
2.621000e-05	4.857499e-03	8.979245e+00
2.622000e-05	5.415849e-03	8.738136e+00
2.623000e-05	5.907480e-03	8.526537e+00
2.624000e-05	2.870051e-03	8.275035e+00
2.625000e-05	3.491888e-03	8.000773e+00
2.626000e-05	4.485503e-03	7.738746e+00
2.627000e-05	4.330822e-03	7.545533e+00
2.628000e-05	1.911672e-03	7.211249e+00
2.629000e-05	4.763709e-04	6.970219e+00
2.630000e-05	1.518863e-03	6.696561e+00
2.631000e-05	1.083420e-03	6.432848e+00
2.632000e-05	1.820469e-04	6.180269e+00
2.633000e-05	-1.027200e-03	5.958641e+00
2.634000e-05	-4.000863e-04	5.622426e+00
2.635000e-05	9.689882e-04	5.400745e+00
2.636000e-05	2.115218e-05	5.062986e+00
2.637000e-05	-1.536458e-03	4.716142e+00
2.638000e-05	-1.203343e-03	4.462530e+00
2.639000e-05	-1.059555e-03	4.190270e+00
2.640000e-05	-2.060753e-03	3.895581e+00
2.641000e-05	-3.453984e-03	3.661976e+00
2.642000e-05	-4.180394e-03	3.308764e+00
2.643000e-05	-1.987888e-03	3.074057e+00
2.644000e-05	-2.303996e-03	2.810974e+00
2.645000e-05	-4.252336e-03	2.505559e+00
2.646000e-05	-3.763910e-03	2.189898e+00
2.647000e-05	-2.873281e-03	1.938774e+00
2.648000e-05	-2.524208e-03	1.633052e+00
2.649000e-05	-5.413456e-03	1.339843e+00
2.650000e-05	-5.065015e-03	1.061501e+00
2.651000e-05	-3.022486e-03	7.257395e-01
2.652000e-05	-3.006630e-03	4.835315e-01
2.653000e-05	-4.701247e-03	1.881922e-01
2.654000e-05	-2.403745e-03	-1.054172e-01
2.655000e-05	8.015208e-03	-3.599975e-01
2.656000e-05	-3.642709e-03	-6.743368e-01
2.657000e-05	2.116783e-03	-9.163158e-01
2.658000e-05	-7.253294e-03	-1.200518e+00
2.659000e-05	1.160425e-03	-1.495211e+00
2.660000e-05	-1.807285e-03	-1.727945e+00
2.661000e-05	2.238453e-02	-1.988479e+00
2.662000e-05	8.508041e-02	-2.230204e+00
2.663000e-05	-9.732409e-03	-2.611578e+00
2.664000e-05	-6.604767e-02	-2.971653e+00
2.665000e-05	-3.825543e-02	-3.345888e+00
2.666000e-05	-2.209347e-02	-3.557817e+00
2.667000e-05	-4.768307e-02	-3.799529e+00
2.668000e-05	1.603652e-02	-4.011551e+00
2.669000e-05	9.093904e-02	-4.181027e+00
2.670000e-05	-1.412091e-01	-4.505265e+00
2.671000e-05	1.936099e-01	-4.738297e+00
2.672000e-05	-1.032261e-01	-5.013637e+00
2.673000e-05	-9.407186e-03	-5.420505e+00
2.674000e-05	2.174657e-02	-5.635137e+00
2.675000e-05	-1.210507e-01	-5.956871e+00
2.676000e-05	1.508870e-01	-6.170426e+00
2.677000e-05	-1.137145e-01	-6.454704e+00
2.678000e-05	7.112137e-02	-6.767320e+00
2.679000e-05	2.555431e-04	-7.010376e+00
2.680000e-05	-5.656218e-02	-7.336766e+00
2.681000e-05	4.881947e-02	-7.549320e+00
2.682000e-05	-1.068565e-01	-7.885187e+00
2.683000e-05	9.758349e-02	-8.128741e+00
2.684000e-05	-6.260409e-02	-8.388845e+00
2.685000e-05	2.494499e-02	-8.632926e+00
2.686000e-05	1.196753e-02	-8.833661e+00
2.687000e-05	-6.221960e-02	-9.086188e+00
2.688000e-05	5.598984e-02	-9.285662e+00
2.689000e-05	-8.553888e-02	-9.578870e+00
2.690000e-05	6.806385e-02	-9.771799e+00
2.691000e-05	-6.123257e-02	-9.991373e+00
2.692000e-05	4.513367e-02	-1.020385e+01
2.693000e-05	-3.567382e-02	-1.048458e+01
2.694000e-05	-6.600024e-03	-1.068561e+01
2.695000e-05	-4.119828e-03	-1.087461e+01
2.696000e-05	-2.909976e-02	-1.107661e+01
2.697000e-05	2.315262e-02	-1.129656e+01
2.698000e-05	-4.085264e-02	-1.149764e+01
2.699000e-05	3.116987e-02	-1.172824e+01
2.700000e-05	-4.133108e-02	-1.192769e+01
2.701000e-05	2.039044e-02	-1.213922e+01
2.702000e-05	-4.520065e-02	-1.230708e+01
2.703000e-05	1.122835e-02	-1.246609e+01
2.704000e-05	-2.565548e-02	-1.264496e+01
2.705000e-05	1.688396e-03	-1.283348e+01
2.706000e-05	-1.451955e-02	-1.298085e+01
2.707000e-05	-9.958632e-03	-1.314021e+01
2.708000e-05	-3.913239e-03	-1.328701e+01
2.709000e-05	-2.292513e-02	-1.345493e+01
2.710000e-05	-2.938982e-03	-1.360230e+01
2.711000e-05	-2.811328e-02	-1.373072e+01
2.712000e-05	3.052760e-03	-1.387601e+01
2.713000e-05	-2.636888e-02	-1.398231e+01
2.714000e-05	-2.164227e-03	-1.418122e+01
2.715000e-05	-2.321685e-02	-1.425591e+01
2.716000e-05	-5.852946e-03	-1.438325e+01
2.717000e-05	-2.082092e-02	-1.448756e+01
2.718000e-05	-1.397498e-02	-1.462345e+01
2.719000e-05	-1.659406e-02	-1.470608e+01
2.720000e-05	-1.454393e-02	-1.480233e+01
2.721000e-05	-1.415484e-02	-1.486602e+01
2.722000e-05	-1.927122e-02	-1.498022e+01
2.723000e-05	-1.703015e-02	-1.503386e+01
2.724000e-05	-2.060708e-02	-1.510804e+01
2.725000e-05	-1.658352e-02	-1.511925e+01
2.726000e-05	-2.206378e-02	-1.524585e+01
2.727000e-05	-1.753268e-02	-1.528649e+01
2.728000e-05	-2.094768e-02	-1.533067e+01
2.729000e-05	-1.761469e-02	-1.541330e+01
2.730000e-05	-2.478656e-02	-1.541433e+01
2.731000e-05	-2.143766e-02	-1.545548e+01
2.732000e-05	-2.499263e-02	-1.548001e+01
2.733000e-05	-2.232075e-02	-1.552858e+01
2.734000e-05	-2.556109e-02	-1.552864e+01
2.735000e-05	-2.672372e-02	-1.551964e+01
2.736000e-05	-2.642542e-02	-1.555219e+01
2.737000e-05	-2.858190e-02	-1.556069e+01
2.738000e-05	-2.882875e-02	-1.550912e+01
2.739000e-05	-3.241112e-02	-1.554014e+01
2.740000e-05	-3.212156e-02	-1.551904e+01
2.741000e-05	-3.337687e-02	-1.549646e+01
2.742000e-05	-3.535956e-02	-1.548538e+01
2.743000e-05	-3.931532e-02	-1.542483e+01
2.744000e-05	-4.020097e-02	-1.541230e+01
2.745000e-05	-4.106646e-02	-1.538117e+01
2.746000e-05	-4.202742e-02	-1.531954e+01
2.747000e-05	-4.528613e-02	-1.526636e+01
2.748000e-05	-4.686555e-02	-1.520317e+01
2.749000e-05	-4.946758e-02	-1.512007e+01
2.750000e-05	-5.176223e-02	-1.505588e+01
2.751000e-05	-5.718947e-02	-1.500117e+01
2.752000e-05	-5.993546e-02	-1.485896e+01
2.753000e-05	-6.261603e-02	-1.481285e+01
2.754000e-05	-6.400759e-02	-1.469804e+01
2.755000e-05	-6.686146e-02	-1.463380e+01
2.756000e-05	-6.948299e-02	-1.452012e+01
2.757000e-05	-6.981086e-02	-1.443322e+01
2.758000e-05	-7.054387e-02	-1.429836e+01
2.759000e-05	-6.895290e-02	-1.416962e+01
2.760000e-05	-6.878444e-02	-1.402440e+01
2.761000e-05	-6.674208e-02	-1.391491e+01
2.762000e-05	-6.428832e-02	-1.373122e+01
2.763000e-05	-6.100230e-02	-1.366228e+01
2.764000e-05	-5.878672e-02	-1.345548e+01
2.765000e-05	-5.587180e-02	-1.330861e+01
2.766000e-05	-5.300626e-02	-1.318222e+01
2.767000e-05	-4.883484e-02	-1.303332e+01
2.768000e-05	-4.540036e-02	-1.287396e+01
2.769000e-05	-4.289360e-02	-1.270809e+01
2.770000e-05	-4.126364e-02	-1.250914e+01
2.771000e-05	-3.809768e-02	-1.235909e+01
2.772000e-05	-3.648191e-02	-1.216122e+01
2.773000e-05	-3.472039e-02	-1.198267e+01
2.774000e-05	-3.281497e-02	-1.175122e+01
2.775000e-05	-2.985093e-02	-1.159267e+01
2.776000e-05	-2.730167e-02	-1.137856e+01
2.777000e-05	-2.567943e-02	-1.112002e+01
2.778000e-05	-2.467391e-02	-1.091911e+01
2.779000e-05	-2.214154e-02	-1.071809e+01
2.780000e-05	-2.309659e-02	-1.051757e+01
2.781000e-05	-2.111401e-02	-1.028404e+01
2.782000e-05	-2.039895e-02	-1.008644e+01
2.783000e-05	-1.841322e-02	-9.844503e+00
2.784000e-05	-1.769446e-02	-9.614481e+00
2.785000e-05	-1.631767e-02	-9.393777e+00
2.786000e-05	-1.647458e-02	-9.169670e+00
2.787000e-05	-1.491111e-02	-8.968765e+00
2.788000e-05	-1.389785e-02	-8.727114e+00
2.789000e-05	-1.395928e-02	-8.444454e+00
2.790000e-05	-1.285270e-02	-8.212375e+00
2.791000e-05	-1.112124e-02	-7.981825e+00
2.792000e-05	-1.177566e-02	-7.668084e+00
2.793000e-05	-1.165097e-02	-7.442880e+00
2.794000e-05	-1.183210e-02	-7.170348e+00
2.795000e-05	-1.176237e-02	-6.906111e+00
2.796000e-05	-1.117970e-02	-6.653508e+00
2.797000e-05	-1.071616e-02	-6.420348e+00
2.798000e-05	-8.248405e-03	-6.108192e+00
2.799000e-05	-8.554414e-03	-5.854024e+00
2.800000e-05	-8.034170e-03	-5.518894e+00
2.801000e-05	-7.639917e-03	-5.254537e+00
2.802000e-05	-8.729331e-03	-4.998820e+00
2.803000e-05	-8.479094e-03	-4.633555e+00
2.804000e-05	-8.432718e-03	-4.390483e+00
2.805000e-05	-7.349394e-03	-4.159344e+00
2.806000e-05	-8.583457e-03	-3.875559e+00
2.807000e-05	-7.494502e-03	-3.620347e+00
2.808000e-05	-7.814473e-03	-3.336696e+00
2.809000e-05	-4.231836e-03	-3.072977e+00
2.810000e-05	-5.543205e-03	-2.737822e+00
2.811000e-05	-4.675788e-03	-2.473583e+00
2.812000e-05	-6.058372e-03	-2.219946e+00
2.813000e-05	-6.042241e-03	-1.885112e+00
2.814000e-05	-6.878776e-03	-1.612999e+00
2.815000e-05	-5.918838e-03	-1.306086e+00
2.816000e-05	-6.549010e-03	-9.697974e-01
2.817000e-05	-4.349978e-03	-6.668147e-01
2.818000e-05	-3.097372e-03	-4.004712e-01
2.819000e-05	-1.143711e-03	-1.078395e-01
2.820000e-05	3.332869e-03	1.664407e-01
2.821000e-05	6.842126e-03	4.126340e-01
2.822000e-05	-3.384435e-03	7.248107e-01
2.823000e-05	-5.577047e-05	9.283921e-01
2.824000e-05	-2.520553e-03	1.233134e+00
2.825000e-05	3.790466e-03	1.539417e+00
2.826000e-05	1.021313e-03	1.861629e+00
2.827000e-05	1.667045e-02	2.063083e+00
2.828000e-05	5.464161e-02	2.315785e+00
2.829000e-05	5.598817e-02	2.654831e+00
2.830000e-05	-7.071386e-02	2.989547e+00
2.831000e-05	-4.364745e-02	3.225705e+00
2.832000e-05	-2.690622e-02	3.599969e+00
2.833000e-05	5.365199e-03	3.788495e+00
2.834000e-05	-5.510522e-02	4.021955e+00
2.835000e-05	1.181469e-02	4.293578e+00
2.836000e-05	7.934380e-02	4.577844e+00
2.837000e-05	-5.656564e-02	4.810523e+00
2.838000e-05	1.317442e-01	5.116218e+00
2.839000e-05	-9.656868e-02	5.454129e+00
2.840000e-05	6.111262e-04	5.657637e+00
2.841000e-05	3.003862e-02	5.980899e+00
2.842000e-05	-2.679124e-02	6.220579e+00
2.843000e-05	4.075435e-02	6.445610e+00
2.844000e-05	-5.906693e-02	6.810479e+00
2.845000e-05	6.484692e-02	7.052059e+00
2.846000e-05	4.582908e-03	7.319240e+00
2.847000e-05	-1.878361e-02	7.601075e+00
2.848000e-05	-2.582995e-02	7.886661e+00
2.849000e-05	8.159483e-03	8.160867e+00
2.850000e-05	5.785570e-02	8.380850e+00
2.851000e-05	-3.425080e-02	8.611902e+00
2.852000e-05	-9.989487e-04	8.813528e+00
2.853000e-05	1.606746e-02	9.106989e+00
2.854000e-05	5.510126e-03	9.317689e+00
2.855000e-05	8.650065e-03	9.559764e+00
2.856000e-05	-2.792548e-02	9.789850e+00
2.857000e-05	2.383106e-02	1.004301e+01
2.858000e-05	1.322765e-02	1.024335e+01
2.859000e-05	1.847896e-02	1.043301e+01
2.860000e-05	-2.081161e-02	1.066554e+01
2.861000e-05	-2.231018e-04	1.089711e+01
2.862000e-05	2.277901e-02	1.107658e+01
2.863000e-05	2.064698e-03	1.123503e+01
2.864000e-05	-1.294888e-03	1.151659e+01
2.865000e-05	-4.506371e-03	1.170772e+01
2.866000e-05	2.851661e-02	1.192916e+01
2.867000e-05	6.952737e-03	1.207869e+01
2.868000e-05	-1.854100e-03	1.234601e+01
2.869000e-05	-6.008517e-03	1.243659e+01
2.870000e-05	1.726540e-02	1.265492e+01
2.871000e-05	1.332099e-02	1.281225e+01
2.872000e-05	-1.251553e-03	1.295027e+01
2.873000e-05	2.669062e-03	1.311956e+01
2.874000e-05	1.435748e-02	1.332808e+01
2.875000e-05	1.705624e-02	1.344243e+01
2.876000e-05	-1.606031e-03	1.358229e+01
2.877000e-05	2.063967e-03	1.371914e+01
2.878000e-05	1.170543e-02	1.389745e+01
2.879000e-05	2.003138e-02	1.398378e+01
2.880000e-05	4.267592e-03	1.416072e+01
2.881000e-05	3.063653e-03	1.429698e+01
2.882000e-05	1.298702e-02	1.443438e+01
2.883000e-05	1.608838e-02	1.452859e+01
2.884000e-05	6.499250e-03	1.461383e+01
2.885000e-05	4.931519e-03	1.471811e+01
2.886000e-05	1.531991e-02	1.479333e+01
2.887000e-05	1.985401e-02	1.489603e+01
2.888000e-05	9.598919e-03	1.497066e+01
2.889000e-05	6.874823e-03	1.501491e+01
2.890000e-05	1.067503e-02	1.509006e+01
2.891000e-05	1.980410e-02	1.514314e+01
2.892000e-05	1.046133e-02	1.525590e+01
2.893000e-05	9.620460e-03	1.528803e+01
2.894000e-05	1.597897e-02	1.532909e+01
2.895000e-05	2.094625e-02	1.539367e+01
2.896000e-05	1.727922e-02	1.542430e+01
2.897000e-05	1.021465e-02	1.545433e+01
2.898000e-05	1.848800e-02	1.547949e+01
2.899000e-05	2.144225e-02	1.548799e+01
2.900000e-05	2.165420e-02	1.549907e+01
2.901000e-05	1.532229e-02	1.559997e+01
2.902000e-05	2.131712e-02	1.558164e+01
2.903000e-05	2.482112e-02	1.555062e+01
2.904000e-05	2.513720e-02	1.555104e+01
2.905000e-05	2.163985e-02	1.552954e+01
2.906000e-05	2.477991e-02	1.549847e+01
2.907000e-05	3.212175e-02	1.547941e+01
2.908000e-05	3.063943e-02	1.544683e+01
2.909000e-05	3.046610e-02	1.543383e+01
2.910000e-05	2.948681e-02	1.542212e+01
2.911000e-05	3.840214e-02	1.532904e+01
2.912000e-05	3.764148e-02	1.526691e+01
2.913000e-05	3.754948e-02	1.521627e+01
2.914000e-05	3.879783e-02	1.517014e+01
2.915000e-05	4.567137e-02	1.511741e+01
2.916000e-05	4.907987e-02	1.504373e+01
2.917000e-05	4.737913e-02	1.493117e+01
2.918000e-05	5.040990e-02	1.485488e+01
2.919000e-05	5.720703e-02	1.475365e+01
2.920000e-05	6.294197e-02	1.472791e+01
2.921000e-05	5.929399e-02	1.456264e+01
2.922000e-05	6.133557e-02	1.448683e+01
2.923000e-05	6.300146e-02	1.433267e+01
2.924000e-05	6.529442e-02	1.424436e+01
2.925000e-05	6.063038e-02	1.414099e+01
2.926000e-05	5.897041e-02	1.394166e+01
2.927000e-05	5.947351e-02	1.384743e+01
2.928000e-05	5.793516e-02	1.372891e+01
2.929000e-05	5.413272e-02	1.357865e+01
2.930000e-05	4.781289e-02	1.341370e+01
2.931000e-05	4.754148e-02	1.328451e+01
2.932000e-05	4.545767e-02	1.309851e+01
2.933000e-05	4.044959e-02	1.297062e+01
2.934000e-05	3.749317e-02	1.281022e+01
2.935000e-05	3.436075e-02	1.263385e+01
2.936000e-05	3.455409e-02	1.252488e+01
2.937000e-05	2.933356e-02	1.226896e+01
2.938000e-05	2.576787e-02	1.215001e+01
2.939000e-05	2.443186e-02	1.194951e+01
2.940000e-05	2.431327e-02	1.175954e+01
2.941000e-05	2.199705e-02	1.154801e+01
2.942000e-05	1.898851e-02	1.133599e+01
2.943000e-05	1.755525e-02	1.108696e+01
2.944000e-05	1.774998e-02	1.091659e+01
2.945000e-05	1.576861e-02	1.066706e+01
2.946000e-05	1.154043e-02	1.053588e+01
2.947000e-05	1.089965e-02	1.023538e+01
2.948000e-05	1.152033e-02	1.006443e+01
2.949000e-05	1.059080e-02	9.811800e+00
2.950000e-05	8.196533e-03	9.588243e+00
2.951000e-05	7.319409e-03	9.358217e+00
2.952000e-05	7.603560e-03	9.129090e+00
2.953000e-05	6.714804e-03	8.915931e+00
2.954000e-05	4.639630e-03	8.624399e+00
2.955000e-05	3.212869e-03	8.392847e+00
2.956000e-05	4.831864e-03	8.180692e+00
2.957000e-05	4.843682e-03	7.916637e+00
2.958000e-05	3.134525e-03	7.653481e+00
2.959000e-05	1.096586e-03	7.400222e+00
2.960000e-05	2.321586e-03	7.147116e+00
2.961000e-05	3.038251e-03	6.845460e+00
2.962000e-05	1.944500e-03	6.600326e+00
2.963000e-05	-7.847186e-04	6.347615e+00
2.964000e-05	2.292483e-04	6.063559e+00
2.965000e-05	1.390258e-03	5.813900e+00
2.966000e-05	-4.603576e-04	5.548716e+00
2.967000e-05	-1.994491e-03	5.234907e+00
2.968000e-05	-1.185463e-03	4.957064e+00
2.969000e-05	-3.906622e-04	4.644002e+00
2.970000e-05	-5.736714e-04	4.338270e+00
2.971000e-05	-2.109445e-03	4.076457e+00
2.972000e-05	-3.054575e-03	3.819799e+00
2.973000e-05	-1.684747e-03	3.519162e+00
2.974000e-05	-3.173786e-03	3.230477e+00
2.975000e-05	-4.257698e-03	2.968791e+00
2.976000e-05	-3.791452e-03	2.675633e+00
2.977000e-05	-3.028080e-03	2.348844e+00
2.978000e-05	-2.251982e-03	2.106188e+00
2.979000e-05	-4.187340e-03	1.844906e+00
2.980000e-05	-3.577563e-03	1.526768e+00
2.981000e-05	-3.755776e-03	1.222527e+00
2.982000e-05	-4.449809e-03	9.065621e-01
2.983000e-05	-4.032307e-03	6.409763e-01
2.984000e-05	-4.455921e-03	3.692672e-01
2.985000e-05	-3.011166e-03	3.410144e-02
2.986000e-05	2.099082e-03	-1.996289e-01
2.987000e-05	5.162145e-03	-4.932580e-01
2.988000e-05	-3.689541e-03	-7.795210e-01
2.989000e-05	-1.466706e-03	-1.033083e+00
2.990000e-05	-4.014905e-03	-1.316369e+00
2.991000e-05	-8.564957e-04	-1.609600e+00
2.992000e-05	3.986546e-03	-1.834709e+00
2.993000e-05	4.051759e-02	-2.034583e+00
2.994000e-05	9.129246e-02	-2.418552e+00
2.995000e-05	-7.479943e-02	-2.779471e+00
2.996000e-05	-3.810311e-02	-3.148943e+00
2.997000e-05	-4.827102e-02	-3.422105e+00
2.998000e-05	-8.904814e-03	-3.602628e+00
2.999000e-05	-6.760633e-02	-3.934338e+00
3.000000e-05	1.086917e-01	-4.043658e+00
3.001000e-05	-3.474588e-02	-4.344238e+00
3.002000e-05	-2.312306e-02	-4.642476e+00
3.003000e-05	1.461241e-01	-4.822112e+00
3.004000e-05	-1.766513e-01	-5.188530e+00
3.005000e-05	1.009548e-01	-5.535190e+00
3.006000e-05	-1.078999e-01	-5.779423e+00
3.007000e-05	1.975727e-02	-6.014685e+00
3.008000e-05	6.747353e-02	-6.293158e+00
3.009000e-05	-1.021491e-01	-6.621030e+00
3.010000e-05	1.201399e-01	-6.852055e+00
3.011000e-05	-8.823532e-02	-7.126871e+00
3.012000e-05	3.033775e-02	-7.414498e+00
3.013000e-05	-3.096186e-02	-7.645083e+00
3.014000e-05	-3.741577e-02	-7.921953e+00
3.015000e-05	7.865338e-02	-8.200428e+00
3.016000e-05	-9.344722e-02	-8.435660e+00
3.017000e-05	8.510365e-02	-8.736690e+00
3.018000e-05	-7.178616e-02	-8.947294e+00
3.019000e-05	2.155550e-02	-9.189849e+00
3.020000e-05	-1.543390e-02	-9.402402e+00
3.021000e-05	-3.058038e-02	-9.664107e+00
3.022000e-05	3.965319e-02	-9.873632e+00
3.023000e-05	-5.473510e-02	-1.003569e+01
3.024000e-05	5.644226e-02	-1.032666e+01
3.025000e-05	-6.972785e-02	-1.054784e+01
3.026000e-05	3.800629e-02	-1.074824e+01
3.027000e-05	-5.061333e-02	-1.093924e+01
3.028000e-05	1.854729e-02	-1.120027e+01
3.029000e-05	-2.430220e-02	-1.136032e+01
3.030000e-05	-1.584745e-03	-1.157385e+01
3.031000e-05	1.180243e-03	-1.177233e+01
3.032000e-05	-1.897102e-02	-1.201540e+01
3.033000e-05	3.384361e-03	-1.220237e+01
3.034000e-05	-3.623115e-02	-1.235982e+01
3.035000e-05	1.440226e-02	-1.256812e+01
3.036000e-05	-3.318844e-02	-1.270711e+01
3.037000e-05	1.176388e-02	-1.290764e+01
3.038000e-05	-3.247445e-02	-1.302393e+01
3.039000e-05	1.081107e-02	-1.320338e+01
3.040000e-05	-2.354954e-02	-1.334072e+01
3.041000e-05	-4.799545e-03	-1.349751e+01
3.042000e-05	-2.213414e-02	-1.365340e+01
3.043000e-05	-1.029725e-02	-1.385085e+01
3.044000e-05	-8.517720e-03	-1.390811e+01
3.045000e-05	-1.836973e-02	-1.406651e+01
3.046000e-05	-9.098711e-03	-1.418225e+01
3.047000e-05	-1.985670e-02	-1.434762e+01
3.048000e-05	-5.466184e-03	-1.442285e+01
3.049000e-05	-2.396241e-02	-1.458024e+01
3.050000e-05	-1.027792e-02	-1.466595e+01
3.051000e-05	-2.181723e-02	-1.472767e+01
3.052000e-05	-9.455493e-03	-1.485586e+01
3.053000e-05	-2.078290e-02	-1.490756e+01
3.054000e-05	-1.619085e-02	-1.502181e+01
3.055000e-05	-2.069128e-02	-1.506498e+01
3.056000e-05	-1.678894e-02	-1.513917e+01
3.057000e-05	-2.075159e-02	-1.522432e+01
3.058000e-05	-1.999145e-02	-1.520543e+01
3.059000e-05	-2.016380e-02	-1.529952e+01
3.060000e-05	-1.990657e-02	-1.538177e+01
3.061000e-05	-1.995728e-02	-1.539278e+01
3.062000e-05	-2.434833e-02	-1.546548e+01
3.063000e-05	-2.214830e-02	-1.545601e+01
3.064000e-05	-2.517165e-02	-1.548561e+01
3.065000e-05	-2.209869e-02	-1.551751e+01
3.066000e-05	-2.784793e-02	-1.556114e+01
3.067000e-05	-2.509173e-02	-1.555116e+01
3.068000e-05	-2.856548e-02	-1.555817e+01
3.069000e-05	-2.800107e-02	-1.557060e+01
3.070000e-05	-3.034750e-02	-1.554057e+01
3.071000e-05	-3.177957e-02	-1.555008e+01
3.072000e-05	-3.253607e-02	-1.548959e+01
3.073000e-05	-3.476727e-02	-1.547741e+01
3.074000e-05	-3.651792e-02	-1.544338e+01
3.075000e-05	-3.931193e-02	-1.544380e+01
3.076000e-05	-3.920696e-02	-1.536132e+01
3.077000e-05	-4.182681e-02	-1.532914e+01
3.078000e-05	-4.324662e-02	-1.528904e+01
3.079000e-05	-4.610838e-02	-1.524337e+01
3.080000e-05	-4.707374e-02	-1.517017e+01
3.081000e-05	-5.112156e-02	-1.507701e+01
3.082000e-05	-5.363216e-02	-1.500433e+01
3.083000e-05	-5.813229e-02	-1.497102e+01
3.084000e-05	-6.027764e-02	-1.485491e+01
3.085000e-05	-6.454910e-02	-1.476067e+01
3.086000e-05	-6.526989e-02	-1.466746e+01
3.087000e-05	-6.889544e-02	-1.455170e+01
3.088000e-05	-6.940034e-02	-1.450688e+01
3.089000e-05	-7.013236e-02	-1.435072e+01
3.090000e-05	-6.929572e-02	-1.422483e+01
3.091000e-05	-6.871772e-02	-1.410795e+01
3.092000e-05	-6.784184e-02	-1.393025e+01
3.093000e-05	-6.564254e-02	-1.375488e+01
3.094000e-05	-6.307511e-02	-1.371851e+01
3.095000e-05	-6.091138e-02	-1.354922e+01
3.096000e-05	-5.729735e-02	-1.338180e+01
3.097000e-05	-5.458619e-02	-1.328698e+01
3.098000e-05	-5.046292e-02	-1.311759e+01
3.099000e-05	-4.769467e-02	-1.294964e+01
3.100000e-05	-4.493096e-02	-1.281223e+01
3.101000e-05	-4.253075e-02	-1.262243e+01
3.102000e-05	-3.973747e-02	-1.244490e+01
3.103000e-05	-3.705084e-02	-1.228706e+01
3.104000e-05	-3.630539e-02	-1.212849e+01
3.105000e-05	-3.362800e-02	-1.188746e+01
3.106000e-05	-3.181909e-02	-1.170644e+01
3.107000e-05	-2.799422e-02	-1.151551e+01
3.108000e-05	-2.803832e-02	-1.123441e+01
3.109000e-05	-2.596964e-02	-1.106436e+01
3.110000e-05	-2.472322e-02	-1.086388e+01
3.111000e-05	-2.225042e-02	-1.064491e+01
3.112000e-05	-2.120060e-02	-1.046543e+01
3.113000e-05	-2.026876e-02	-1.021078e+01
3.114000e-05	-1.962353e-02	-1.000070e+01
3.115000e-05	-1.820258e-02	-9.760267e+00
3.116000e-05	-1.748932e-02	-9.599641e+00
3.117000e-05	-1.741356e-02	-9.328016e+00
3.118000e-05	-1.654378e-02	-9.096564e+00
3.119000e-05	-1.524665e-02	-8.855936e+00
3.120000e-05	-1.383847e-02	-8.643382e+00
3.121000e-05	-1.287018e-02	-8.355220e+00
3.122000e-05	-1.273276e-02	-8.158166e+00
3.123000e-05	-1.200112e-02	-7.916009e+00
3.124000e-05	-1.101613e-02	-7.609246e+00
3.125000e-05	-1.175965e-02	-7.338640e+00
3.126000e-05	-1.132104e-02	-7.095584e+00
3.127000e-05	-1.127584e-02	-6.761424e+00
3.128000e-05	-9.676243e-03	-6.537720e+00
3.129000e-05	-1.028639e-02	-6.316142e+00
3.130000e-05	-8.424616e-03	-6.051400e+00
3.131000e-05	-1.006399e-02	-5.746195e+00
3.132000e-05	-7.281839e-03	-5.514610e+00
3.133000e-05	-8.854873e-03	-5.158872e+00
3.134000e-05	-7.767910e-03	-4.853953e+00
3.135000e-05	-9.093561e-03	-4.526768e+00
3.136000e-05	-6.030649e-03	-4.337193e+00
3.137000e-05	-7.356464e-03	-4.065633e+00
3.138000e-05	-6.958256e-03	-3.780245e+00
3.139000e-05	-8.847383e-03	-3.495738e+00
3.140000e-05	-6.960601e-03	-3.251408e+00
3.141000e-05	-6.729974e-03	-2.926717e+00
3.142000e-05	-5.293684e-03	-2.662982e+00
3.143000e-05	-5.647510e-03	-2.348345e+00
3.144000e-05	-4.334805e-03	-2.014610e+00
3.145000e-05	-5.255091e-03	-1.801903e+00
3.146000e-05	-5.175125e-03	-1.496641e+00
3.147000e-05	-7.275347e-03	-1.158870e+00
3.148000e-05	-6.213747e-03	-8.646593e-01
3.149000e-05	-4.462284e-03	-6.218248e-01
3.150000e-05	-2.987538e-03	-3.146419e-01
3.151000e-05	-2.206002e-03	-1.057625e-02
3.152000e-05	7.185942e-03	2.622530e-01
3.153000e-05	1.054012e-03	5.074146e-01
3.154000e-05	1.465717e-03	7.693750e-01
3.155000e-05	-2.421269e-03	1.046737e+00
3.156000e-05	-1.094201e-04	1.368417e+00
3.157000e-05	6.082341e-04	1.652713e+00
3.158000e-05	5.248357e-03	1.886291e+00
3.159000e-05	2.342708e-02	2.136342e+00
3.160000e-05	7.794965e-02	2.453203e+00
3.161000e-05	-3.466391e-03	2.780449e+00
3.162000e-05	-6.205468e-02	3.144688e+00
3.163000e-05	-4.355015e-02	3.338892e+00
3.164000e-05	-4.271389e-03	3.655604e+00
3.165000e-05	-1.836384e-02	3.883184e+00
3.166000e-05	-4.864862e-02	4.085663e+00
3.167000e-05	6.521146e-02	4.360392e+00
3.168000e-05	1.120403e-02	4.656654e+00
3.169000e-05	1.533166e-02	4.865111e+00
3.170000e-05	7.744560e-02	5.253702e+00
3.171000e-05	-1.148185e-01	5.530316e+00
3.172000e-05	5.505740e-02	5.828497e+00
3.173000e-05	-1.358792e-02	6.065636e+00
3.174000e-05	1.049368e-02	6.328215e+00
3.175000e-05	1.811577e-03	6.631981e+00
3.176000e-05	-3.375803e-02	6.908165e+00
3.177000e-05	8.193084e-02	7.169288e+00
3.178000e-05	-3.459776e-02	7.454478e+00
3.179000e-05	-4.363222e-03	7.736666e+00
3.180000e-05	-3.674641e-02	7.961451e+00
3.181000e-05	5.382039e-02	8.256082e+00
3.182000e-05	2.371345e-02	8.455108e+00
3.183000e-05	-4.361781e-02	8.707691e+00
3.184000e-05	2.590745e-02	8.909220e+00
3.185000e-05	-3.477339e-03	9.218922e+00
3.186000e-05	2.715867e-02	9.392351e+00
3.187000e-05	-2.597228e-02	9.605477e+00
3.188000e-05	1.745576e-03	9.896457e+00
3.189000e-05	1.541364e-02	1.014919e+01
3.190000e-05	2.303358e-02	1.029869e+01
3.191000e-05	2.971303e-03	1.054819e+01
3.192000e-05	-2.509041e-02	1.079987e+01
3.193000e-05	2.190000e-02	1.097025e+01
3.194000e-05	8.000197e-03	1.114169e+01
3.195000e-05	9.955710e-03	1.140280e+01
3.196000e-05	-1.782080e-02	1.160275e+01
3.197000e-05	1.967078e-02	1.179197e+01
3.198000e-05	1.557248e-02	1.200279e+01
3.199000e-05	8.421784e-03	1.216277e+01
3.200000e-05	-1.053290e-02	1.236017e+01
3.201000e-05	4.940412e-03	1.256974e+01
3.202000e-05	2.056778e-02	1.266699e+01
3.203000e-05	5.626705e-03	1.285546e+01
3.204000e-05	4.322218e-04	1.303393e+01
3.205000e-05	2.833527e-03	1.320335e+01
3.206000e-05	2.465038e-02	1.332069e+01
3.207000e-05	4.758603e-03	1.347556e+01
3.208000e-05	9.113476e-04	1.366648e+01
3.209000e-05	-6.716046e-04	1.378275e+01
3.210000e-05	1.969059e-02	1.393804e+01
3.211000e-05	1.210831e-02	1.406548e+01
3.212000e-05	3.403347e-03	1.420270e+01
3.213000e-05	7.158221e-03	1.434014e+01
3.214000e-05	1.762002e-02	1.443735e+01
3.215000e-05	1.660856e-02	1.458974e+01
3.216000e-05	5.903642e-04	1.463546e+01
3.217000e-05	7.864262e-03	1.479017e+01
3.218000e-05	1.409826e-02	1.484540e+01
3.219000e-05	2.058059e-02	1.493908e+01
3.220000e-05	5.980447e-03	1.502272e+01
3.221000e-05	8.421924e-03	1.505641e+01
3.222000e-05	1.569965e-02	1.510961e+01
3.223000e-05	2.003810e-02	1.517322e+01
3.224000e-05	9.779606e-03	1.527586e+01
3.225000e-05	8.381126e-03	1.529701e+01
3.226000e-05	1.818979e-02	1.537167e+01
3.227000e-05	2.035695e-02	1.540227e+01
3.228000e-05	1.625133e-02	1.544543e+01
3.229000e-05	1.040319e-02	1.546638e+01
3.230000e-05	2.077670e-02	1.551046e+01
3.231000e-05	2.261402e-02	1.555994e+01
3.232000e-05	2.003939e-02	1.551949e+01
3.233000e-05	1.551871e-02	1.555009e+01
3.234000e-05	2.210881e-02	1.557114e+01
3.235000e-05	2.716719e-02	1.558117e+01
3.236000e-05	2.323439e-02	1.553897e+01
3.237000e-05	2.189687e-02	1.550856e+01
3.238000e-05	2.548345e-02	1.552746e+01
3.239000e-05	3.381752e-02	1.545738e+01
3.240000e-05	3.138294e-02	1.545580e+01
3.241000e-05	2.863705e-02	1.538423e+01
3.242000e-05	3.176230e-02	1.536952e+01
3.243000e-05	3.851424e-02	1.530804e+01
3.244000e-05	4.014580e-02	1.527788e+01
3.245000e-05	3.645214e-02	1.521320e+01
3.246000e-05	3.999140e-02	1.513806e+01
3.247000e-05	4.778208e-02	1.509485e+01
3.248000e-05	5.140511e-02	1.500215e+01
3.249000e-05	4.913422e-02	1.491914e+01
3.250000e-05	5.113518e-02	1.482325e+01
3.251000e-05	5.832823e-02	1.475066e+01
3.252000e-05	6.345551e-02	1.463543e+01
3.253000e-05	6.028918e-02	1.453157e+01
3.254000e-05	6.013772e-02	1.443588e+01
3.255000e-05	6.365398e-02	1.431901e+01
3.256000e-05	6.538334e-02	1.420370e+01
3.257000e-05	5.971418e-02	1.405733e+01
3.258000e-05	5.828568e-02	1.393956e+01
3.259000e-05	5.746393e-02	1.383420e+01
3.260000e-05	5.830595e-02	1.366488e+01
3.261000e-05	5.019239e-02	1.350696e+01
3.262000e-05	4.777278e-02	1.334169e+01
3.263000e-05	4.483746e-02	1.321270e+01
3.264000e-05	4.500967e-02	1.308388e+01
3.265000e-05	3.807964e-02	1.291706e+01
3.266000e-05	3.562839e-02	1.277804e+01
3.267000e-05	3.407204e-02	1.257069e+01
3.268000e-05	3.374283e-02	1.238280e+01
3.269000e-05	2.875074e-02	1.225288e+01
3.270000e-05	2.459792e-02	1.204585e+01
3.271000e-05	2.493455e-02	1.185538e+01
3.272000e-05	2.439091e-02	1.166441e+01
3.273000e-05	2.163613e-02	1.143525e+01
3.274000e-05	1.650602e-02	1.124383e+01
3.275000e-05	1.741567e-02	1.098333e+01
3.276000e-05	1.672356e-02	1.086425e+01
3.277000e-05	1.537759e-02	1.057083e+01
3.278000e-05	1.053397e-02	1.039117e+01
3.279000e-05	1.106742e-02	1.016014e+01
3.280000e-05	1.263690e-02	9.940142e+00
3.281000e-05	1.009903e-02	9.727513e+00
3.282000e-05	5.881392e-03	9.507005e+00
3.283000e-05	6.548368e-03	9.284486e+00
3.284000e-05	9.538126e-03	9.013378e+00
3.285000e-05	6.401340e-03	8.782248e+00
3.286000e-05	2.818817e-03	8.549190e+00
3.287000e-05	2.290207e-03	8.387691e+00
3.288000e-05	5.800213e-03	8.084482e+00
3.289000e-05	4.505430e-03	7.822350e+00
3.290000e-05	1.370294e-03	7.547770e+00
3.291000e-05	7.133832e-04	7.305456e+00
3.292000e-05	3.813378e-03	7.023402e+00
3.293000e-05	2.882881e-03	6.799748e+00
3.294000e-05	-5.676272e-04	6.527012e+00
3.295000e-05	-1.385809e-03	6.272853e+00
3.296000e-05	1.426287e-03	5.980295e+00
3.297000e-05	1.724895e-03	5.728112e+00
3.298000e-05	-1.595696e-03	5.462504e+00
3.299000e-05	-3.212828e-03	5.148664e+00
3.300000e-05	-8.250091e-04	4.780399e+00
3.301000e-05	-2.195516e-06	4.515215e+00
3.302000e-05	-1.347953e-03	4.264028e+00
3.303000e-05	-3.128612e-03	3.928771e+00
3.304000e-05	-1.471091e-03	3.684608e+00
3.305000e-05	-1.078942e-03	3.423403e+00
3.306000e-05	-2.985360e-03	3.147165e+00
3.307000e-05	-5.245856e-03	2.854605e+00
3.308000e-05	-3.718152e-03	2.591697e+00
3.309000e-05	-1.749947e-03	2.286033e+00
3.310000e-05	-3.033826e-03	2.012929e+00
3.311000e-05	-4.817148e-03	1.726691e+00
3.312000e-05	-4.215839e-03	1.441430e+00
3.313000e-05	-2.407529e-03	1.126714e+00
3.314000e-05	-3.579486e-03	7.794249e-01
3.315000e-05	-5.473664e-03	5.061869e-01
3.316000e-05	-4.050583e-03	2.814528e-01
3.317000e-05	-1.043582e-03	-9.375534e-02
3.318000e-05	6.810307e-03	-3.164645e-01
3.319000e-05	-3.083171e-03	-5.780726e-01
3.320000e-05	-1.062828e-03	-8.725832e-01
3.321000e-05	-5.120441e-03	-1.146395e+00
3.322000e-05	1.032835e-03	-1.481180e+00
3.323000e-05	-3.255790e-03	-1.693763e+00
3.324000e-05	1.391246e-02	-1.946895e+00
3.325000e-05	6.827222e-02	-2.157948e+00
3.326000e-05	4.156602e-02	-2.536417e+00
3.327000e-05	-8.427341e-02	-2.886895e+00
3.328000e-05	-3.283474e-02	-3.273608e+00
3.329000e-05	-3.724298e-02	-3.514215e+00
3.330000e-05	-2.564348e-02	-3.749265e+00
3.331000e-05	-3.770744e-02	-4.000024e+00
3.332000e-05	1.314913e-01	-4.116292e+00
3.333000e-05	-1.347641e-01	-4.422604e+00
3.334000e-05	1.351634e-01	-4.707165e+00
3.335000e-05	-3.477750e-03	-4.979421e+00
3.336000e-05	-1.007629e-01	-5.347465e+00
3.337000e-05	8.851919e-02	-5.601497e+00
3.338000e-05	-1.571193e-01	-5.926233e+00
3.339000e-05	1.373740e-01	-6.118766e+00
3.340000e-05	-6.322701e-02	-6.410026e+00
3.341000e-05	1.428071e-03	-6.695741e+00
3.342000e-05	6.826237e-02	-6.938344e+00
3.343000e-05	-9.540179e-02	-7.275181e+00
3.344000e-05	6.673532e-02	-7.495665e+00
3.345000e-05	-1.024592e-01	-7.770975e+00
3.346000e-05	6.287476e-02	-8.076663e+00
3.347000e-05	-6.035211e-03	-8.283693e+00
3.348000e-05	-3.483584e-02	-8.529297e+00
3.349000e-05	6.117402e-02	-8.811798e+00
3.350000e-05	-9.239110e-02	-9.073058e+00
3.351000e-05	7.107763e-02	-9.243528e+00
3.352000e-05	-8.004620e-02	-9.516615e+00
3.353000e-05	4.370728e-02	-9.729693e+00
3.354000e-05	-3.135824e-02	-9.956294e+00
3.355000e-05	9.400118e-03	-1.021235e+01
3.356000e-05	5.642119e-03	-1.041037e+01
3.357000e-05	-4.305199e-02	-1.062298e+01
3.358000e-05	2.730113e-02	-1.079187e+01
3.359000e-05	-5.131144e-02	-1.102341e+01
3.360000e-05	3.688761e-02	-1.123441e+01
3.361000e-05	-5.176269e-02	-1.143596e+01
3.362000e-05	3.008016e-02	-1.166763e+01
3.363000e-05	-3.252072e-02	-1.183601e+01
3.364000e-05	1.434933e-02	-1.205761e+01
3.365000e-05	-3.223498e-02	-1.224349e+01
3.366000e-05	-6.091937e-03	-1.240504e+01
3.367000e-05	-7.831090e-03	-1.260285e+01
3.368000e-05	-1.391586e-02	-1.280278e+01
3.369000e-05	-2.071966e-03	-1.296875e+01
3.370000e-05	-2.486350e-02	-1.308661e+01
3.371000e-05	9.722238e-03	-1.320598e+01
3.372000e-05	-2.834846e-02	-1.338238e+01
3.373000e-05	8.132520e-04	-1.354917e+01
3.374000e-05	-3.261935e-02	-1.370866e+01
3.375000e-05	3.494856e-03	-1.385493e+01
3.376000e-05	-2.177492e-02	-1.391069e+01
3.377000e-05	-6.127979e-03	-1.409661e+01
3.378000e-05	-2.066790e-02	-1.424441e+01
3.379000e-05	-1.144918e-02	-1.438132e+01
3.380000e-05	-1.383542e-02	-1.445704e+01
3.381000e-05	-1.796847e-02	-1.461183e+01
3.382000e-05	-1.426460e-02	-1.466604e+01
3.383000e-05	-1.965460e-02	-1.477122e+01
3.384000e-05	-9.398255e-03	-1.484551e+01
3.385000e-05	-1.981863e-02	-1.493114e+01
3.386000e-05	-1.584287e-02	-1.505540e+01
3.387000e-05	-2.270680e-02	-1.510706e+01
3.388000e-05	-1.529628e-02	-1.517119e+01
3.389000e-05	-2.202315e-02	-1.522488e+01
3.390000e-05	-1.911191e-02	-1.526651e+01
3.391000e-05	-2.227751e-02	-1.533924e+01
3.392000e-05	-1.682680e-02	-1.539275e+01
3.393000e-05	-2.160901e-02	-1.544443e+01
3.394000e-05	-2.348172e-02	-1.545398e+01
3.395000e-05	-2.432691e-02	-1.548758e+01
3.396000e-05	-2.305700e-02	-1.552959e+01
3.397000e-05	-2.265974e-02	-1.552011e+01
3.398000e-05	-2.769150e-02	-1.554909e+01
3.399000e-05	-2.698112e-02	-1.554074e+01
3.400000e-05	-2.946164e-02	-1.554167e+01
3.401000e-05	-2.647108e-02	-1.555112e+01
3.402000e-05	-3.221883e-02	-1.553864e+01
3.403000e-05	-3.178770e-02	-1.550847e+01
3.404000e-05	-3.300453e-02	-1.552911e+01
3.405000e-05	-3.400073e-02	-1.548598e+01
3.406000e-05	-3.746270e-02	-1.545488e+01
3.407000e-05	-3.973768e-02	-1.539438e+01
3.408000e-05	-4.115389e-02	-1.535170e+01
3.409000e-05	-4.121011e-02	-1.532906e+01
3.410000e-05	-4.425429e-02	-1.523741e+01
3.411000e-05	-4.798004e-02	-1.519227e+01
3.412000e-05	-4.902109e-02	-1.512862e+01
3.413000e-05	-5.104426e-02	-1.505588e+01
3.414000e-05	-5.432228e-02	-1.500382e+01
3.415000e-05	-5.932866e-02	-1.491861e+01
3.416000e-05	-6.191383e-02	-1.483490e+01
3.417000e-05	-6.350620e-02	-1.473851e+01
3.418000e-05	-6.654690e-02	-1.463433e+01
3.419000e-05	-6.946947e-02	-1.453120e+01
3.420000e-05	-7.013288e-02	-1.443440e+01
3.421000e-05	-6.976400e-02	-1.433799e+01
3.422000e-05	-6.848818e-02	-1.417165e+01
3.423000e-05	-6.903538e-02	-1.408741e+01
3.424000e-05	-6.691703e-02	-1.392951e+01
3.425000e-05	-6.333904e-02	-1.379120e+01
3.426000e-05	-6.075591e-02	-1.364483e+01
3.427000e-05	-5.936871e-02	-1.348801e+01
3.428000e-05	-5.708890e-02	-1.335122e+01
3.429000e-05	-5.315488e-02	-1.322083e+01
3.430000e-05	-4.999264e-02	-1.301393e+01
3.431000e-05	-4.733683e-02	-1.292606e+01
3.432000e-05	-4.443817e-02	-1.272949e+01
3.433000e-05	-4.141446e-02	-1.257079e+01
3.434000e-05	-3.839349e-02	-1.244128e+01
3.435000e-05	-3.681392e-02	-1.221433e+01
3.436000e-05	-3.453174e-02	-1.204445e+01
3.437000e-05	-3.237931e-02	-1.182288e+01
3.438000e-05	-2.946370e-02	-1.163423e+01
3.439000e-05	-2.795283e-02	-1.139262e+01
3.440000e-05	-2.709249e-02	-1.115080e+01
3.441000e-05	-2.574443e-02	-1.099912e+01
3.442000e-05	-2.343011e-02	-1.077127e+01
3.443000e-05	-2.199675e-02	-1.056032e+01
3.444000e-05	-2.148904e-02	-1.034757e+01
3.445000e-05	-2.028362e-02	-1.012716e+01
3.446000e-05	-1.910075e-02	-9.906611e+00
3.447000e-05	-1.802401e-02	-9.716088e+00
3.448000e-05	-1.695341e-02	-9.434935e+00
3.449000e-05	-1.642784e-02	-9.242877e+00
3.450000e-05	-1.451833e-02	-9.011826e+00
3.451000e-05	-1.463448e-02	-8.780746e+00
3.452000e-05	-1.343945e-02	-8.517116e+00
3.453000e-05	-1.295825e-02	-8.255031e+00
3.454000e-05	-1.261637e-02	-8.043403e+00
3.455000e-05	-1.242367e-02	-7.790722e+00
3.456000e-05	-1.186170e-02	-7.485466e+00
3.457000e-05	-1.135104e-02	-7.232856e+00
3.458000e-05	-1.159836e-02	-6.989269e+00
3.459000e-05	-1.071294e-02	-6.725666e+00
3.460000e-05	-9.749214e-03	-6.492580e+00
3.461000e-05	-9.166260e-03	-6.161776e+00
3.462000e-05	-9.594454e-03	-5.937166e+00
3.463000e-05	-9.355266e-03	-5.653504e+00
3.464000e-05	-8.057226e-03	-5.359272e+00
3.465000e-05	-9.480484e-03	-5.063883e+00
3.466000e-05	-7.731025e-03	-4.768687e+00
3.467000e-05	-8.663372e-03	-4.483634e+00
3.468000e-05	-6.172004e-03	-4.232532e+00
3.469000e-05	-7.810731e-03	-3.946844e+00
3.470000e-05	-7.486972e-03	-3.693032e+00
3.471000e-05	-9.529279e-03	-3.431450e+00
3.472000e-05	-5.649566e-03	-3.106669e+00
3.473000e-05	-7.618500e-03	-2.821451e+00
3.474000e-05	-4.998232e-03	-2.529166e+00
3.475000e-05	-6.356976e-03	-2.244605e+00
3.476000e-05	-4.392053e-03	-1.967843e+00
3.477000e-05	-5.865239e-03	-1.723238e+00
3.478000e-05	-6.239323e-03	-1.378423e+00
3.479000e-05	-7.433845e-03	-1.053604e+00
3.480000e-05	-5.422401e-03	-8.199512e-01
3.481000e-05	-4.073315e-03	-4.841855e-01
3.482000e-05	-3.190959e-03	-2.599501e-01
3.483000e-05	1.348114e-03	8.165659e-02
3.484000e-05	9.760784e-03	4.004473e-01
3.485000e-05	-2.043815e-03	6.521039e-01
3.486000e-05	1.898628e-03	8.932320e-01
3.487000e-05	-3.253871e-03	1.179022e+00
3.488000e-05	2.386063e-03	1.454682e+00
3.489000e-05	-9.881250e-04	1.779496e+00
3.490000e-05	1.157932e-02	2.010021e+00
3.491000e-05	3.887875e-02	2.242056e+00
3.492000e-05	7.796667e-02	2.548999e+00
3.493000e-05	-5.614787e-02	2.927766e+00
3.494000e-05	-4.587632e-02	3.240973e+00
3.495000e-05	-3.725000e-02	3.475711e+00
3.496000e-05	9.575420e-03	3.766841e+00
3.497000e-05	-4.719520e-02	3.958292e+00
3.498000e-05	-1.943536e-02	4.220304e+00
3.499000e-05	9.196563e-02	4.496711e+00
3.500000e-05	-5.317756e-02	4.770842e+00
3.501000e-05	1.091342e-01	5.022533e+00
3.502000e-05	-3.965253e-02	5.380347e+00
3.503000e-05	-5.200088e-02	5.674579e+00
3.504000e-05	5.391525e-02	5.934340e+00
3.505000e-05	-3.312133e-02	6.169950e+00
3.506000e-05	4.149492e-02	6.452458e+00
3.507000e-05	-4.746550e-02	6.737314e+00
3.508000e-05	2.960501e-02	6.979375e+00
3.509000e-05	4.119035e-02	7.233533e+00
3.510000e-05	-3.257057e-02	7.549638e+00
3.511000e-05	-1.460768e-02	7.802350e+00
3.512000e-05	-1.828413e-02	8.054661e+00
3.513000e-05	6.939826e-02	8.358719e+00
3.514000e-05	-1.512139e-02	8.508794e+00
3.515000e-05	-2.279717e-02	8.749350e+00
3.516000e-05	2.628513e-02	9.023903e+00
3.517000e-05	-5.033613e-03	9.266135e+00
3.518000e-05	2.533558e-02	9.506087e+00
3.519000e-05	-3.770773e-02	9.699694e+00
3.520000e-05	2.167906e-02	9.960271e+00
3.521000e-05	1.076231e-02	1.019128e+01
3.522000e-05	2.470140e-02	1.037182e+01
3.523000e-05	-1.499640e-02	1.062491e+01
3.524000e-05	-1.411070e-02	1.085403e+01
3.525000e-05	2.778000e-02	1.103493e+01
3.526000e-05	1.935098e-03	1.125542e+01
3.527000e-05	7.953246e-03	1.147549e+01
3.528000e-05	-1.596295e-02	1.167663e+01
3.529000e-05	3.164531e-02	1.192871e+01
3.530000e-05	7.992265e-03	1.206491e+01
3.531000e-05	3.216665e-03	1.227343e+01
3.532000e-05	-1.338317e-02	1.243398e+01
3.533000e-05	1.338023e-02	1.262187e+01
3.534000e-05	1.920882e-02	1.273972e+01
3.535000e-05	-4.244613e-05	1.292804e+01
3.536000e-05	2.562781e-03	1.307696e+01
3.537000e-05	8.572491e-03	1.327493e+01
3.538000e-05	2.429914e-02	1.342340e+01
3.539000e-05	-1.184175e-03	1.356017e+01
3.540000e-05	1.662560e-04	1.372761e+01
3.541000e-05	6.860441e-03	1.382480e+01
3.542000e-05	2.115840e-02	1.394272e+01
3.543000e-05	7.312735e-03	1.412004e+01
3.544000e-05	1.458302e-03	1.429541e+01
3.545000e-05	1.215215e-02	1.436172e+01
3.546000e-05	1.772654e-02	1.451701e+01
3.547000e-05	1.126213e-02	1.459172e+01
3.548000e-05	7.050219e-04	1.470954e+01
3.549000e-05	1.278553e-02	1.480222e+01
3.550000e-05	1.778466e-02	1.490643e+01
3.551000e-05	1.454942e-02	1.495914e+01
3.552000e-05	6.821366e-03	1.500275e+01
3.553000e-05	1.012481e-02	1.508801e+01
3.554000e-05	1.921577e-02	1.514917e+01
3.555000e-05	1.502358e-02	1.522677e+01
3.556000e-05	9.689690e-03	1.528689e+01
3.557000e-05	1.112067e-02	1.535956e+01
3.558000e-05	2.006831e-02	1.537222e+01
3.559000e-05	1.909580e-02	1.540372e+01
3.560000e-05	1.211164e-02	1.545790e+01
3.561000e-05	1.548267e-02	1.548689e+01
3.562000e-05	2.109627e-02	1.552744e+01
3.563000e-05	2.224588e-02	1.553902e+01
3.564000e-05	1.613709e-02	1.549951e+01
3.565000e-05	1.890911e-02	1.555062e+01
3.566000e-05	2.384650e-02	1.553959e+01
3.567000e-05	2.603998e-02	1.554957e+01
3.568000e-05	2.090476e-02	1.551953e+01
3.569000e-05	2.293419e-02	1.551846e+01
3.570000e-05	3.066701e-02	1.551741e+01
3.571000e-05	3.231271e-02	1.547738e+01
3.572000e-05	2.980255e-02	1.542428e+01
3.573000e-05	2.821293e-02	1.541162e+01
3.574000e-05	3.713516e-02	1.536059e+01
3.575000e-05	3.836597e-02	1.527742e+01
3.576000e-05	3.778297e-02	1.523678e+01
3.577000e-05	3.715672e-02	1.519272e+01
3.578000e-05	4.452791e-02	1.507754e+01
3.579000e-05	4.976321e-02	1.506435e+01
3.580000e-05	4.911875e-02	1.495015e+01
3.581000e-05	4.986964e-02	1.489694e+01
3.582000e-05	5.474779e-02	1.482325e+01
3.583000e-05	6.303525e-02	1.470743e+01
3.584000e-05	6.021144e-02	1.461335e+01
3.585000e-05	6.052551e-02	1.454761e+01
3.586000e-05	6.100479e-02	1.437372e+01
3.587000e-05	6.569807e-02	1.426648e+01
3.588000e-05	6.337403e-02	1.416114e+01
3.589000e-05	5.982275e-02	1.404275e+01
3.590000e-05	5.889107e-02	1.385688e+01
3.591000e-05	5.770137e-02	1.376964e+01
3.592000e-05	5.571491e-02	1.363433e+01
3.593000e-05	4.804113e-02	1.345541e+01
3.594000e-05	4.693914e-02	1.329051e+01
3.595000e-05	4.421114e-02	1.317159e+01
3.596000e-05	4.437955e-02	1.300183e+01
3.597000e-05	3.724298e-02	1.282538e+01
3.598000e-05	3.710933e-02	1.268496e+01
3.599000e-05	3.177252e-02	1.250701e+01
3.600000e-05	3.200379e-02	1.234806e+01
3.601000e-05	2.560182e-02	1.217017e+01
3.602000e-05	2.470784e-02	1.200062e+01
3.603000e-05	2.390790e-02	1.176967e+01
3.604000e-05	2.445744e-02	1.158169e+01
3.605000e-05	2.076015e-02	1.134917e+01
3.606000e-05	1.817196e-02	1.113911e+01
3.607000e-05	1.559394e-02	1.093974e+01
3.608000e-05	1.551192e-02	1.074912e+01
3.609000e-05	1.263009e-02	1.054851e+01
3.610000e-05	1.095714e-02	1.031603e+01
3.611000e-05	1.132075e-02	1.010651e+01
3.612000e-05	1.187169e-02	9.846883e+00
3.613000e-05	1.088321e-02	9.612299e+00
3.614000e-05	5.840862e-03	9.400196e+00
3.615000e-05	6.293604e-03	9.162123e+00
3.616000e-05	5.721760e-03	8.968712e+00
3.617000e-05	6.255801e-03	8.727087e+00
3.618000e-05	4.878437e-03	8.485033e+00
3.619000e-05	4.978965e-03	8.243402e+00
3.620000e-05	4.417922e-03	7.978196e+00
3.621000e-05	4.050123e-03	7.717637e+00
3.622000e-05	1.687989e-03	7.474407e+00
3.623000e-05	1.552016e-03	7.168795e+00
3.624000e-05	1.178237e-03	6.917588e+00
3.625000e-05	2.971744e-04	6.682979e+00
3.626000e-05	6.350817e-04	6.390247e+00
3.627000e-05	3.072843e-04	6.108242e+00
3.628000e-05	1.537034e-03	5.865060e+00
3.629000e-05	2.514946e-04	5.621351e+00
3.630000e-05	-1.019077e-03	5.347168e+00
3.631000e-05	-1.981091e-03	4.990799e+00
3.632000e-05	-1.557860e-03	4.687032e+00
3.633000e-05	-1.575585e-03	4.451428e+00
3.634000e-05	-3.504958e-03	4.188215e+00
3.635000e-05	-2.439226e-03	3.873452e+00
3.636000e-05	-3.121156e-03	3.590426e+00
3.637000e-05	-1.602577e-03	3.348612e+00
3.638000e-05	-3.034093e-03	3.032451e+00
3.639000e-05	-2.986587e-03	2.777297e+00
3.640000e-05	-3.461744e-03	2.461507e+00
3.641000e-05	-3.442008e-03	2.187295e+00
3.642000e-05	-3.958068e-03	1.916633e+00
3.643000e-05	-4.612390e-03	1.601372e+00
3.644000e-05	-5.136235e-03	1.316114e+00
3.645000e-05	-5.492859e-03	9.998686e-01
3.646000e-05	-3.804228e-03	6.850818e-01
3.647000e-05	-2.820711e-03	4.094038e-01
3.648000e-05	-2.240337e-03	1.046646e-01
3.649000e-05	-6.945404e-04	-1.679737e-01
3.650000e-05	7.179430e-03	-3.810778e-01
3.651000e-05	-6.021334e-03	-7.053695e-01
3.652000e-05	-2.064915e-04	-9.594463e-01
3.653000e-05	-7.384231e-03	-1.283633e+00
3.654000e-05	3.649017e-04	-1.587899e+00
3.655000e-05	8.851951e-05	-1.769497e+00
3.656000e-05	2.969843e-02	-2.000026e+00
3.657000e-05	9.256364e-02	-2.286316e+00
3.658000e-05	-3.793431e-02	-2.643288e+00
3.659000e-05	-5.579585e-02	-3.042182e+00
3.660000e-05	-4.394165e-02	-3.390024e+00
3.661000e-05	-1.479170e-02	-3.571471e+00
3.662000e-05	-5.858217e-02	-3.832158e+00
3.663000e-05	5.257399e-02	-4.022583e+00
3.664000e-05	4.861206e-02	-4.212104e+00
3.665000e-05	-1.104424e-01	-4.548897e+00
3.666000e-05	1.910417e-01	-4.810924e+00
3.667000e-05	-1.473827e-01	-5.067316e+00
3.668000e-05	4.253478e-02	-5.445504e+00
3.669000e-05	-2.880725e-02	-5.666238e+00
3.670000e-05	-7.402592e-02	-6.010953e+00
3.671000e-05	1.297806e-01	-6.232082e+00
3.672000e-05	-1.241577e-01	-6.506267e+00
3.673000e-05	1.005732e-01	-6.780900e+00
3.674000e-05	-3.872337e-02	-7.063982e+00
3.675000e-05	-2.208405e-02	-7.340896e+00
3.676000e-05	2.144768e-02	-7.592903e+00
3.677000e-05	-8.714837e-02	-7.946213e+00
3.678000e-05	1.003899e-01	-8.118817e+00
3.679000e-05	-8.383643e-02	-8.392007e+00
3.680000e-05	5.459787e-02	-8.692577e+00
3.681000e-05	-2.282034e-02	-8.865687e+00
3.682000e-05	-3.028044e-02	-9.116767e+00
3.683000e-05	3.325207e-02	-9.327696e+00
3.684000e-05	-7.248703e-02	-9.582427e+00
3.685000e-05	6.202729e-02	-9.810924e+00
3.686000e-05	-6.589871e-02	-1.004248e+01
3.687000e-05	5.641045e-02	-1.026595e+01
3.688000e-05	-5.317840e-02	-1.047667e+01
3.689000e-05	1.663443e-02	-1.069616e+01
3.690000e-05	-2.196237e-02	-1.086649e+01
3.691000e-05	-1.076634e-02	-1.108756e+01
3.692000e-05	3.340272e-03	-1.131766e+01
3.693000e-05	-3.205965e-02	-1.152024e+01
3.694000e-05	2.286688e-02	-1.175927e+01
3.695000e-05	-3.610360e-02	-1.193969e+01
3.696000e-05	1.906588e-02	-1.216029e+01
3.697000e-05	-4.149355e-02	-1.230714e+01
3.698000e-05	1.741871e-02	-1.247671e+01
3.699000e-05	-3.006421e-02	-1.267749e+01
3.700000e-05	3.284808e-03	-1.287611e+01
3.701000e-05	-2.568772e-02	-1.298285e+01
3.702000e-05	-5.092654e-03	-1.319027e+01
3.703000e-05	-1.208474e-02	-1.329659e+01
3.704000e-05	-1.394213e-02	-1.344646e+01
3.705000e-05	-7.174493e-03	-1.364235e+01
3.706000e-05	-1.811571e-02	-1.377025e+01
3.707000e-05	3.453873e-04	-1.389601e+01
3.708000e-05	-2.755263e-02	-1.400485e+01
3.709000e-05	-6.633779e-03	-1.417072e+01
3.710000e-05	-2.664740e-02	-1.431654e+01
3.711000e-05	-3.316280e-03	-1.440478e+01
3.712000e-05	-2.292625e-02	-1.451914e+01
3.713000e-05	-9.043352e-03	-1.465648e+01
3.714000e-05	-1.687498e-02	-1.471904e+01
3.715000e-05	-1.306035e-02	-1.480383e+01
3.716000e-05	-1.738399e-02	-1.489609e+01
3.717000e-05	-2.255407e-02	-1.496180e+01
3.718000e-05	-1.675301e-02	-1.504641e+01
3.719000e-05	-1.852458e-02	-1.514859e+01
3.720000e-05	-1.608782e-02	-1.518230e+01
3.721000e-05	-2.131954e-02	-1.526635e+01
3.722000e-05	-1.810485e-02	-1.534899e+01
3.723000e-05	-2.116843e-02	-1.538227e+01
3.724000e-05	-1.914739e-02	-1.541543e+01
3.725000e-05	-2.717380e-02	-1.547485e+01
3.726000e-05	-2.156710e-02	-1.546550e+01
3.727000e-05	-2.405467e-02	-1.549048e+01
3.728000e-05	-2.105181e-02	-1.555714e+01
3.729000e-05	-2.555908e-02	-1.554657e+01
3.730000e-05	-2.598411e-02	-1.554117e+01
3.731000e-05	-2.605287e-02	-1.552167e+01
3.732000e-05	-2.897280e-02	-1.555119e+01
3.733000e-05	-3.065875e-02	-1.558854e+01
3.734000e-05	-3.355642e-02	-1.554762e+01
3.735000e-05	-3.099709e-02	-1.549851e+01
3.736000e-05	-3.330230e-02	-1.549604e+01
3.737000e-05	-3.668731e-02	-1.547704e+01
3.738000e-05	-3.870031e-02	-1.545493e+01
3.739000e-05	-3.828230e-02	-1.538222e+01
3.740000e-05	-3.960436e-02	-1.533014e+01
3.741000e-05	-4.418107e-02	-1.532746e+01
3.742000e-05	-4.751787e-02	-1.523433e+01
3.743000e-05	-4.774658e-02	-1.519172e+01
3.744000e-05	-5.021997e-02	-1.513851e+01
3.745000e-05	-5.308610e-02	-1.500438e+01
3.746000e-05	-5.764471e-02	-1.499067e+01
3.747000e-05	-5.829430e-02	-1.485798e+01
3.748000e-05	-6.096294e-02	-1.481175e+01
3.749000e-05	-6.488931e-02	-1.467604e+01
3.750000e-05	-6.949061e-02	-1.458278e+01
3.751000e-05	-7.009980e-02	-1.452656e+01
3.752000e-05	-6.925265e-02	-1.437112e+01
3.753000e-05	-6.970442e-02	-1.428689e+01
3.754000e-05	-6.947635e-02	-1.414862e+01
3.755000e-05	-6.764640e-02	-1.406330e+01
3.756000e-05	-6.410037e-02	-1.388495e+01
3.757000e-05	-6.322993e-02	-1.375007e+01
3.758000e-05	-6.229723e-02	-1.358973e+01
3.759000e-05	-5.931072e-02	-1.342485e+01
3.760000e-05	-5.433935e-02	-1.327754e+01
3.761000e-05	-5.174699e-02	-1.313814e+01
3.762000e-05	-4.903396e-02	-1.298232e+01
3.763000e-05	-4.598717e-02	-1.285443e+01
3.764000e-05	-4.195238e-02	-1.270495e+01
3.765000e-05	-3.988838e-02	-1.251801e+01
3.766000e-05	-3.799617e-02	-1.230759e+01
3.767000e-05	-3.701651e-02	-1.215969e+01
3.768000e-05	-3.482593e-02	-1.196017e+01
3.769000e-05	-3.106317e-02	-1.176919e+01
3.770000e-05	-2.895006e-02	-1.154757e+01
3.771000e-05	-2.789973e-02	-1.130648e+01
3.772000e-05	-2.715515e-02	-1.109508e+01
3.773000e-05	-2.418783e-02	-1.087453e+01
3.774000e-05	-2.182551e-02	-1.067604e+01
3.775000e-05	-2.281648e-02	-1.052704e+01
3.776000e-05	-2.164697e-02	-1.026598e+01
3.777000e-05	-1.926178e-02	-1.004348e+01
3.778000e-05	-1.781893e-02	-9.812804e+00
3.779000e-05	-1.801032e-02	-9.582780e+00
3.780000e-05	-1.829620e-02	-9.370727e+00
3.781000e-05	-1.553674e-02	-9.117617e+00
3.782000e-05	-1.464074e-02	-8.925615e+00
3.783000e-05	-1.469766e-02	-8.668436e+00
3.784000e-05	-1.509864e-02	-8.421926e+00
3.785000e-05	-1.238278e-02	-8.200696e+00
3.786000e-05	-1.117207e-02	-7.967717e+00
3.787000e-05	-1.117057e-02	-7.683959e+00
3.788000e-05	-1.327623e-02	-7.371774e+00
3.789000e-05	-1.058831e-02	-7.167717e+00
3.790000e-05	-1.041975e-02	-6.856502e+00
3.791000e-05	-1.045461e-02	-6.619874e+00
3.792000e-05	-1.207025e-02	-6.360221e+00
3.793000e-05	-9.571471e-03	-6.065013e+00
3.794000e-05	-8.542263e-03	-5.821325e+00
3.795000e-05	-8.157043e-03	-5.568190e+00
3.796000e-05	-8.517224e-03	-5.241956e+00
3.797000e-05	-8.403119e-03	-4.956666e+00
3.798000e-05	-8.090449e-03	-4.620976e+00
3.799000e-05	-6.226246e-03	-4.388419e+00
3.800000e-05	-7.493622e-03	-4.146091e+00
3.801000e-05	-8.015692e-03	-3.855557e+00
3.802000e-05	-7.585997e-03	-3.559319e+00
3.803000e-05	-8.424891e-03	-3.286137e+00
3.804000e-05	-7.498310e-03	-3.040374e+00
3.805000e-05	-7.436399e-03	-2.705715e+00
3.806000e-05	-4.513767e-03	-2.454508e+00
3.807000e-05	-4.148060e-03	-2.136793e+00
3.808000e-05	-4.363059e-03	-1.875608e+00
3.809000e-05	-6.222775e-03	-1.588351e+00
3.810000e-05	-5.876687e-03	-1.231030e+00
3.811000e-05	-6.377529e-03	-9.468209e-01
3.812000e-05	-5.787848e-03	-7.041605e-01
3.813000e-05	-5.706601e-03	-3.673722e-01
3.814000e-05	-2.968658e-03	-9.371428e-02
3.815000e-05	6.338640e-03	1.501211e-01
3.816000e-05	5.334926e-03	4.541830e-01
3.817000e-05	-1.540649e-03	7.057631e-01
3.818000e-05	-4.887645e-04	1.017969e+00
3.819000e-05	-2.907667e-04	1.265333e+00
3.820000e-05	1.273153e-03	1.580546e+00
3.821000e-05	7.264490e-05	1.883159e+00
3.822000e-05	1.861367e-02	2.085182e+00
3.823000e-05	6.614139e-02	2.358817e+00
3.824000e-05	3.490201e-02	2.744689e+00
3.825000e-05	-7.272225e-02	3.001105e+00
3.826000e-05	-4.426777e-02	3.306687e+00
3.827000e-05	-1.559402e-02	3.621025e+00
3.828000e-05	-1.235213e-03	3.823049e+00
3.829000e-05	-5.772624e-02	4.014005e+00
3.830000e-05	3.097855e-02	4.295716e+00
3.831000e-05	6.019505e-02	4.610947e+00
3.832000e-05	-3.701775e-02	4.854081e+00
3.833000e-05	1.206102e-01	5.160814e+00
3.834000e-05	-1.155144e-01	5.474112e+00
3.835000e-05	2.747573e-02	5.748263e+00
3.836000e-05	1.387569e-02	5.980501e+00
3.837000e-05	-1.716879e-02	6.235558e+00
3.838000e-05	2.836976e-02	6.527768e+00
3.839000e-05	-5.412006e-02	6.831482e+00
3.840000e-05	7.970792e-02	7.057582e+00
3.841000e-05	-1.408243e-02	7.358299e+00
3.842000e-05	-1.260172e-02	7.634105e+00
3.843000e-05	-3.238134e-02	7.917637e+00
3.844000e-05	2.698763e-02	8.200978e+00
3.845000e-05	4.538524e-02	8.413531e+00
3.846000e-05	-4.250649e-02	8.652458e+00
3.847000e-05	1.137942e-02	8.878060e+00
3.848000e-05	9.759355e-03	9.146164e+00
3.849000e-05	1.574811e-02	9.339249e+00
3.850000e-05	-6.259086e-03	9.590296e+00
3.851000e-05	-1.798908e-02	9.813904e+00
3.852000e-05	2.194621e-02	1.004455e+01
3.853000e-05	1.574191e-02	1.024459e+01
3.854000e-05	1.287583e-02	1.046604e+01
3.855000e-05	-2.684245e-02	1.066761e+01
3.856000e-05	1.122103e-02	1.088819e+01
3.857000e-05	1.719120e-02	1.109767e+01
3.858000e-05	5.590829e-03	1.130914e+01
3.859000e-05	-6.300071e-03	1.155909e+01
3.860000e-05	6.713294e-03	1.175027e+01
3.861000e-05	2.599002e-02	1.193872e+01
3.862000e-05	5.251459e-03	1.211819e+01
3.863000e-05	-8.182593e-03	1.230904e+01
3.864000e-05	-4.383208e-03	1.250759e+01
3.865000e-05	1.814670e-02	1.265496e+01
3.866000e-05	1.254761e-02	1.281483e+01
3.867000e-05	2.241589e-03	1.297345e+01
3.868000e-05	6.474817e-03	1.317117e+01
3.869000e-05	2.072581e-02	1.333866e+01
3.870000e-05	1.104440e-02	1.344493e+01
3.871000e-05	-3.115710e-03	1.359175e+01
3.872000e-05	-3.956154e-03	1.377175e+01
3.873000e-05	1.548684e-02	1.387648e+01
3.874000e-05	1.512828e-02	1.404427e+01
3.875000e-05	7.155160e-03	1.414122e+01
3.876000e-05	6.545028e-03	1.429956e+01
3.877000e-05	1.819512e-02	1.444385e+01
3.878000e-05	1.681534e-02	1.453902e+01
3.879000e-05	2.147152e-03	1.463545e+01
3.880000e-05	3.909889e-03	1.472914e+01
3.881000e-05	1.168001e-02	1.486485e+01
3.882000e-05	2.084973e-02	1.488646e+01
3.883000e-05	8.548654e-03	1.497165e+01
3.884000e-05	1.001102e-02	1.501491e+01
3.885000e-05	1.344306e-02	1.511856e+01
3.886000e-05	2.109124e-02	1.517322e+01
3.887000e-05	1.044300e-02	1.522680e+01
3.888000e-05	6.917837e-03	1.530848e+01
3.889000e-05	1.607677e-02	1.536852e+01
3.890000e-05	2.118226e-02	1.537319e+01
3.891000e-05	1.956595e-02	1.543581e+01
3.892000e-05	9.715818e-03	1.542633e+01
3.893000e-05	1.905124e-02	1.552649e+01
3.894000e-05	2.149387e-02	1.550904e+01
3.895000e-05	2.168936e-02	1.548851e+01
3.896000e-05	1.341421e-02	1.553212e+01
3.897000e-05	2.066780e-02	1.558054e+01
3.898000e-05	2.770973e-02	1.557057e+01
3.899000e-05	2.659686e-02	1.556101e+01
3.900000e-05	2.207392e-02	1.548894e+01
3.901000e-05	2.357619e-02	1.548954e+01
3.902000e-05	3.344561e-02	1.548689e+01
3.903000e-05	3.170010e-02	1.543535e+01
3.904000e-05	2.855959e-02	1.539433e+01
3.905000e-05	2.875197e-02	1.541167e+01
3.906000e-05	3.802374e-02	1.531951e+01
3.907000e-05	3.984970e-02	1.526691e+01
3.908000e-05	3.786815e-02	1.521425e+01
3.909000e-05	3.934456e-02	1.517056e+01
3.910000e-05	4.703499e-02	1.510591e+01
3.911000e-05	5.071458e-02	1.499432e+01
3.912000e-05	4.786612e-02	1.493009e+01
3.913000e-05	4.806176e-02	1.490488e+01
3.914000e-05	5.544463e-02	1.474062e+01
3.915000e-05	6.334577e-02	1.464581e+01
3.916000e-05	6.020439e-02	1.455057e+01
3.917000e-05	6.167837e-02	1.446586e+01
3.918000e-05	6.240306e-02	1.437807e+01
3.919000e-05	6.664099e-02	1.421568e+01
3.920000e-05	6.089829e-02	1.412803e+01
3.921000e-05	5.774464e-02	1.399067e+01
3.922000e-05	5.662937e-02	1.383478e+01
3.923000e-05	5.869463e-02	1.370641e+01
3.924000e-05	5.337115e-02	1.355909e+01
3.925000e-05	4.721725e-02	1.342320e+01
3.926000e-05	4.411362e-02	1.324538e+01
3.927000e-05	4.643966e-02	1.307593e+01
3.928000e-05	4.073687e-02	1.296016e+01
3.929000e-05	3.694774e-02	1.276064e+01
3.930000e-05	3.318970e-02	1.262275e+01
3.931000e-05	3.441755e-02	1.243493e+01
3.932000e-05	3.033087e-02	1.226490e+01
3.933000e-05	2.546021e-02	1.208648e+01
3.934000e-05	2.303571e-02	1.190646e+01
3.935000e-05	2.396437e-02	1.171794e+01
3.936000e-05	2.264239e-02	1.148746e+01
3.937000e-05	1.821635e-02	1.126488e+01
3.938000e-05	1.680893e-02	1.109441e+01
3.939000e-05	1.632259e-02	1.085543e+01
3.940000e-05	1.773313e-02	1.070641e+01
3.941000e-05	1.159556e-02	1.046285e+01
3.942000e-05	1.061128e-02	1.020335e+01
3.943000e-05	1.113498e-02	1.003225e+01
3.944000e-05	1.200837e-02	9.769641e+00
3.945000e-05	7.943625e-03	9.517641e+00
3.946000e-05	6.149684e-03	9.307115e+00
3.947000e-05	6.595756e-03	9.076081e+00
3.948000e-05	7.486371e-03	8.854799e+00
3.949000e-05	5.187173e-03	8.602849e+00
3.950000e-05	3.521732e-03	8.380697e+00
3.951000e-05	3.770202e-03	8.168688e+00
3.952000e-05	4.614254e-03	7.894931e+00
3.953000e-05	2.933673e-03	7.621279e+00
3.954000e-05	1.028269e-03	7.347137e+00
3.955000e-05	7.247250e-04	7.087533e+00
3.956000e-05	2.848805e-03	6.822876e+00
3.957000e-05	2.174689e-03	6.559190e+00
3.958000e-05	-3.574491e-04	6.275059e+00
3.959000e-05	-1.003930e-03	6.084882e+00
3.960000e-05	1.133887e-03	5.779816e+00
3.961000e-05	9.160387e-04	5.506587e+00
3.962000e-05	-1.783705e-03	5.209874e+00
3.963000e-05	-2.676347e-03	4.873429e+00
3.964000e-05	-1.097343e-03	4.570770e+00
3.965000e-05	-5.354451e-04	4.337066e+00
3.966000e-05	-2.728569e-03	4.031423e+00
3.967000e-05	-4.158265e-03	3.746763e+00
3.968000e-05	-2.722510e-03	3.506487e+00
3.969000e-05	-3.235227e-04	3.199772e+00
3.970000e-05	-3.318457e-03	2.895162e+00
3.971000e-05	-4.724716e-03	2.633429e+00
3.972000e-05	-4.100374e-03	2.327688e+00
3.973000e-05	-1.924173e-03	2.053107e+00
3.974000e-05	-4.477506e-03	1.780374e+00
3.975000e-05	-5.426261e-03	1.476537e+00
3.976000e-05	-5.586470e-03	1.209925e+00
3.977000e-05	-2.610008e-03	8.331540e-01
3.978000e-05	-3.624501e-03	5.493199e-01
3.979000e-05	-4.450771e-03	3.356831e-01
3.980000e-05	-2.711665e-03	-2.005008e-02
3.981000e-05	5.721151e-03	-2.522355e-01
3.982000e-05	2.474267e-03	-5.350184e-01
3.983000e-05	-4.482486e-03	-8.206301e-01
3.984000e-05	-5.611274e-03	-1.023812e+00
3.985000e-05	-1.531413e-03	-1.356047e+00
3.986000e-05	-1.007193e-03	-1.642683e+00
3.987000e-05	6.326398e-03	-1.883707e+00
3.988000e-05	4.931475e-02	-2.093287e+00
3.989000e-05	8.017429e-02	-2.453133e+00
3.990000e-05	-8.175162e-02	-2.811606e+00
3.991000e-05	-3.380118e-02	-3.211501e+00
3.992000e-05	-4.945137e-02	-3.442133e+00
3.993000e-05	-1.278474e-02	-3.685711e+00
3.994000e-05	-6.242480e-02	-3.967389e+00
3.995000e-05	1.293444e-01	-4.093687e+00
3.996000e-05	-8.335621e-02	-4.377895e+00
3.997000e-05	3.864574e-02	-4.693212e+00
3.998000e-05	9.806743e-02	-4.886740e+00
3.999000e-05	-1.607153e-01	-5.261663e+00
4.000000e-05	1.118629e-01	-5.567372e+00
4.001000e-05	-1.399019e-01	-5.790000e+00
4.002000e-05	7.517555e-02	-6.087212e+00
4.003000e-05	1.628473e-02	-6.308845e+00
4.004000e-05	-7.040304e-02	-6.641156e+00
4.005000e-05	1.080741e-01	-6.895657e+00
4.006000e-05	-1.002718e-01	-7.170048e+00
4.007000e-05	5.301653e-02	-7.414108e+00
4.008000e-05	-6.354122e-02	-7.697188e+00
4.009000e-05	1.230380e-03	-8.052530e+00
4.010000e-05	5.209320e-02	-8.212981e+00
4.011000e-05	-7.835051e-02	-8.456590e+00
4.012000e-05	8.475177e-02	-8.726693e+00
4.013000e-05	-9.060469e-02	-9.000352e+00
4.014000e-05	4.858587e-02	-9.203399e+00
4.015000e-05	-4.259156e-02	-9.462407e+00
4.016000e-05	-1.495615e-03	-9.745116e+00
4.017000e-05	1.117342e-02	-9.885587e+00
4.018000e-05	-3.329119e-02	-1.011979e+01
4.019000e-05	4.451032e-02	-1.036759e+01
4.020000e-05	-6.609473e-02	-1.057037e+01
4.021000e-05	3.894866e-02	-1.075975e+01
4.022000e-05	-5.647011e-02	-1.098187e+01
4.023000e-05	3.259267e-02	-1.120085e+01
4.024000e-05	-3.846587e-02	-1.140190e+01
4.025000e-05	1.160486e-02	-1.164183e+01
4.026000e-05	-1.480857e-02	-1.183240e+01
4.027000e-05	-4.877431e-03	-1.200348e+01
4.028000e-05	-1.017113e-02	-1.222390e+01
4.029000e-05	-2.703028e-02	-1.238085e+01
4.030000e-05	7.322543e-03	-1.261178e+01
4.031000e-05	-2.680543e-02	-1.274815e+01
4.032000e-05	9.320834e-03	-1.294774e+01
4.033000e-05	-3.220402e-02	-1.307496e+01
4.034000e-05	1.167238e-02	-1.323435e+01
4.035000e-05	-2.818051e-02	-1.333077e+01
4.036000e-05	1.443782e-04	-1.353859e+01
4.037000e-05	-2.798746e-02	-1.364489e+01
4.038000e-05	-4.791353e-03	-1.385438e+01
4.039000e-05	-1.481778e-02	-1.395962e+01
4.040000e-05	-1.295161e-02	-1.409707e+01
4.041000e-05	-1.349424e-02	-1.419277e+01
4.042000e-05	-1.703340e-02	-1.437114e+01
4.043000e-05	-8.416213e-03	-1.445588e+01
4.044000e-05	-2.180128e-02	-1.456077e+01
4.045000e-05	-1.169197e-02	-1.467698e+01
4.046000e-05	-2.189375e-02	-1.474117e+01
4.047000e-05	-9.822335e-03	-1.483440e+01
4.048000e-05	-2.082496e-02	-1.491911e+01
4.049000e-05	-1.600737e-02	-1.505285e+01
4.050000e-05	-2.119550e-02	-1.507603e+01
4.051000e-05	-1.471436e-02	-1.513067e+01
4.052000e-05	-2.119520e-02	-1.523525e+01
4.053000e-05	-1.890972e-02	-1.529601e+01
4.054000e-05	-2.200758e-02	-1.533914e+01
4.055000e-05	-1.864192e-02	-1.537233e+01
4.056000e-05	-2.101041e-02	-1.541230e+01
4.057000e-05	-2.462206e-02	-1.542446e+01
4.058000e-05	-2.266936e-02	-1.547749e+01
4.059000e-05	-2.394289e-02	-1.550906e+01
4.060000e-05	-2.187634e-02	-1.551909e+01
4.061000e-05	-2.796998e-02	-1.550812e+01
4.062000e-05	-2.524324e-02	-1.559122e+01
4.063000e-05	-2.912905e-02	-1.555904e+01
4.064000e-05	-2.798673e-02	-1.554862e+01
4.065000e-05	-3.175401e-02	-1.555069e+01
4.066000e-05	-3.166274e-02	-1.550906e+01
4.067000e-05	-3.278765e-02	-1.551654e+01
4.068000e-05	-3.478606e-02	-1.549696e+01
4.069000e-05	-3.640213e-02	-1.546438e+01
4.070000e-05	-3.954435e-02	-1.539183e+01
4.071000e-05	-3.957586e-02	-1.539220e+01
4.072000e-05	-4.158171e-02	-1.534007e+01
4.073000e-05	-4.372139e-02	-1.530641e+01
4.074000e-05	-4.633114e-02	-1.519292e+01
4.075000e-05	-4.910228e-02	-1.513861e+01
4.076000e-05	-5.130807e-02	-1.510551e+01
4.077000e-05	-5.446766e-02	-1.500325e+01
4.078000e-05	-5.878513e-02	-1.493856e+01
4.079000e-05	-6.011688e-02	-1.482383e+01
4.080000e-05	-6.334782e-02	-1.476015e+01
4.081000e-05	-6.595653e-02	-1.468493e+01
4.082000e-05	-6.945580e-02	-1.457170e+01
4.083000e-05	-6.919592e-02	-1.443483e+01
4.084000e-05	-6.951636e-02	-1.432002e+01
4.085000e-05	-6.941409e-02	-1.418325e+01
4.086000e-05	-7.008030e-02	-1.411841e+01
4.087000e-05	-6.797773e-02	-1.396117e+01
4.088000e-05	-6.403115e-02	-1.381378e+01
4.089000e-05	-6.337471e-02	-1.369606e+01
4.090000e-05	-5.856960e-02	-1.351059e+01
4.091000e-05	-5.942772e-02	-1.337130e+01
4.092000e-05	-5.160730e-02	-1.323488e+01
4.093000e-05	-5.235630e-02	-1.308601e+01
4.094000e-05	-4.664219e-02	-1.293109e+01
4.095000e-05	-4.404743e-02	-1.277165e+01
4.096000e-05	-4.221061e-02	-1.260227e+01
4.097000e-05	-3.824431e-02	-1.240533e+01
4.098000e-05	-4.012700e-02	-1.221391e+01
4.099000e-05	-3.639056e-02	-1.209506e+01
4.100000e-05	-3.474838e-02	-1.188644e+01
4.101000e-05	-3.026076e-02	-1.166546e+01
4.102000e-05	-2.702818e-02	-1.141386e+01
4.103000e-05	-2.519583e-02	-1.120180e+01
4.104000e-05	-2.365401e-02	-1.104233e+01
4.105000e-05	-2.212093e-02	-1.080241e+01
4.106000e-05	-2.680957e-02	-1.064338e+01
4.107000e-05	-2.482108e-02	-1.041235e+01
4.108000e-05	-2.475233e-02	-1.016917e+01
4.109000e-05	-1.550917e-02	-9.959671e+00
4.110000e-05	-1.711863e-02	-9.768745e+00
4.111000e-05	-1.568512e-02	-9.527640e+00
4.112000e-05	-1.448633e-02	-9.316062e+00
4.113000e-05	-1.404876e-02	-9.054008e+00
4.114000e-05	-1.480929e-02	-8.853904e+00
4.115000e-05	-1.892074e-02	-8.590844e+00
4.116000e-05	-1.495944e-02	-8.357720e+00
4.117000e-05	-1.374306e-02	-8.126139e+00
4.118000e-05	-9.704457e-03	-7.852456e+00
4.119000e-05	-1.190502e-02	-7.509769e+00
4.120000e-05	-8.141072e-03	-7.325137e+00
4.121000e-05	-1.063044e-02	-7.042854e+00
4.122000e-05	-9.937925e-03	-6.778244e+00
4.123000e-05	-1.150659e-02	-6.507243e+00
4.124000e-05	-1.122984e-02	-6.263383e+00
4.125000e-05	-9.707395e-03	-5.971797e+00
4.126000e-05	-9.940069e-03	-5.706166e+00
4.127000e-05	-7.158657e-03	-5.422857e+00
4.128000e-05	-9.875500e-03	-5.135717e+00
4.129000e-05	-5.934837e-03	-4.843822e+00
4.130000e-05	-8.386095e-03	-4.517217e+00
4.131000e-05	-5.853110e-03	-4.295637e+00
4.132000e-05	-8.862149e-03	-4.063507e+00
4.133000e-05	-7.423762e-03	-3.728171e+00
4.134000e-05	-8.971239e-03	-3.493607e+00
4.135000e-05	-6.716777e-03	-3.179380e+00
4.136000e-05	-7.854021e-03	-2.914086e+00
4.137000e-05	-5.975588e-03	-2.629928e+00
4.138000e-05	-5.378410e-03	-2.327316e+00
4.139000e-05	-3.617901e-03	-2.021503e+00
4.140000e-05	-4.248372e-03	-1.758773e+00
4.141000e-05	-7.344129e-03	-1.483134e+00
4.142000e-05	-7.586818e-03	-1.144318e+00
4.143000e-05	-5.454091e-03	-8.725329e-01
4.144000e-05	-2.025065e-03	-5.772946e-01
4.145000e-05	-3.664112e-03	-2.636092e-01
4.146000e-05	-2.585010e-03	1.976194e-03
4.147000e-05	8.255478e-03	3.073606e-01
4.148000e-05	-1.415744e-03	5.394437e-01
4.149000e-05	2.425611e-03	8.220726e-01
4.150000e-05	-5.162869e-03	1.107365e+00
4.151000e-05	2.959870e-03	1.389350e+00
4.152000e-05	1.186336e-03	1.726840e+00
4.153000e-05	9.644783e-03	1.966867e+00
4.154000e-05	2.682189e-02	2.188449e+00
4.155000e-05	8.167367e-02	2.484733e+00
4.156000e-05	-2.730754e-02	2.853632e+00
4.157000e-05	-5.559462e-02	3.106840e+00
4.158000e-05	-4.274742e-02	3.441026e+00
4.159000e-05	3.571356e-03	3.705236e+00
4.160000e-05	-2.923619e-02	3.905238e+00
4.161000e-05	-3.950172e-02	4.095211e+00
4.162000e-05	8.070036e-02	4.411955e+00
4.163000e-05	-1.850078e-02	4.715237e+00
4.164000e-05	5.436822e-02	4.948267e+00
4.165000e-05	3.444475e-02	5.267739e+00
4.166000e-05	-9.791245e-02	5.579399e+00
4.167000e-05	5.958462e-02	5.843030e+00
4.168000e-05	-2.496460e-02	6.146741e+00
4.169000e-05	2.463418e-02	6.378819e+00
4.170000e-05	-1.856779e-02	6.693580e+00
4.171000e-05	-1.118345e-02	6.927241e+00
4.172000e-05	7.171734e-02	7.171395e+00
4.173000e-05	-3.657881e-02	7.515534e+00
4.174000e-05	-6.479442e-03	7.739771e+00
4.175000e-05	-3.517112e-02	8.012475e+00
4.176000e-05	6.226433e-02	8.295661e+00
4.177000e-05	7.660461e-03	8.475711e+00
4.178000e-05	-3.747460e-02	8.777263e+00
4.179000e-05	2.870255e-02	8.920345e+00
4.180000e-05	-6.534161e-03	9.233375e+00
4.181000e-05	3.077220e-02	9.412952e+00
4.182000e-05	-3.373625e-02	9.647085e+00
4.183000e-05	1.143826e-02	9.907163e+00
4.184000e-05	1.266535e-02	1.016869e+01
4.185000e-05	2.417988e-02	1.032914e+01
4.186000e-05	-3.535472e-03	1.059180e+01
4.187000e-05	-2.218616e-02	1.076285e+01
4.188000e-05	2.613111e-02	1.099185e+01
4.189000e-05	4.024910e-03	1.120225e+01
4.190000e-05	1.143931e-02	1.139232e+01
4.191000e-05	-1.831939e-02	1.163498e+01
4.192000e-05	2.689816e-02	1.185551e+01
4.193000e-05	1.197370e-02	1.203333e+01
4.194000e-05	7.384057e-03	1.223282e+01
4.195000e-05	-1.377975e-02	1.239082e+01
4.196000e-05	8.441385e-03	1.257932e+01
4.197000e-05	1.995331e-02	1.271862e+01
4.198000e-05	2.897453e-03	1.285463e+01
4.199000e-05	2.180482e-03	1.306591e+01
4.200000e-05	4.899618e-03	1.323275e+01
4.201000e-05	2.629944e-02	1.339332e+01
4.202000e-05	2.175643e-03	1.351908e+01
4.203000e-05	1.182149e-03	1.368491e+01
4.204000e-05	1.470124e-03	1.378475e+01
4.205000e-05	2.121184e-02	1.393107e+01
4.206000e-05	9.932469e-03	1.409603e+01
4.207000e-05	1.460613e-03	1.424430e+01
4.208000e-05	8.733328e-03	1.435974e+01
4.209000e-05	1.721763e-02	1.447788e+01
4.210000e-05	1.495281e-02	1.459225e+01
4.211000e-05	2.034897e-04	1.467754e+01
4.212000e-05	1.089805e-02	1.476122e+01
4.213000e-05	1.634425e-02	1.485543e+01
4.214000e-05	1.789354e-02	1.492857e+01
4.215000e-05	5.207084e-03	1.499325e+01
4.216000e-05	9.354789e-03	1.508496e+01
4.217000e-05	1.775843e-02	1.518056e+01
4.218000e-05	1.772132e-02	1.518365e+01
4.219000e-05	8.782614e-03	1.526791e+01
4.220000e-05	9.445747e-03	1.535761e+01
4.221000e-05	2.044648e-02	1.536067e+01
4.222000e-05	1.965300e-02	1.538377e+01
4.223000e-05	1.394816e-02	1.544683e+01
4.224000e-05	1.182634e-02	1.549789e+01
4.225000e-05	2.159279e-02	1.551696e+01
4.226000e-05	2.349927e-02	1.549804e+01
4.227000e-05	1.726835e-02	1.550854e+01
4.228000e-05	1.510905e-02	1.554102e+01
4.229000e-05	2.257762e-02	1.555919e+01
4.230000e-05	2.820654e-02	1.552904e+01
4.231000e-05	2.198623e-02	1.548894e+01
4.232000e-05	2.163199e-02	1.553904e+01
4.233000e-05	2.766196e-02	1.548798e+01
4.234000e-05	3.477715e-02	1.546636e+01
4.235000e-05	3.122069e-02	1.542423e+01
4.236000e-05	2.746219e-02	1.539325e+01
4.237000e-05	3.245260e-02	1.536017e+01
4.238000e-05	3.926384e-02	1.532896e+01
4.239000e-05	3.935702e-02	1.524635e+01
4.240000e-05	3.553973e-02	1.521217e+01
4.241000e-05	4.198745e-02	1.511899e+01
4.242000e-05	4.935098e-02	1.506438e+01
4.243000e-05	5.042489e-02	1.498320e+01
4.244000e-05	4.842931e-02	1.489749e+01
4.245000e-05	5.237082e-02	1.485373e+01
4.246000e-05	6.167018e-02	1.470904e+01
4.247000e-05	6.238657e-02	1.465328e+01
4.248000e-05	5.867092e-02	1.451954e+01
4.249000e-05	6.036937e-02	1.443436e+01
4.250000e-05	6.628856e-02	1.431799e+01
4.251000e-05	6.628805e-02	1.422260e+01
4.252000e-05	5.889517e-02	1.407538e+01
4.253000e-05	5.892589e-02	1.393846e+01
4.254000e-05	5.882061e-02	1.379272e+01
4.255000e-05	5.925238e-02	1.362333e+01
4.256000e-05	4.802174e-02	1.347748e+01
4.257000e-05	4.707919e-02	1.335859e+01
4.258000e-05	4.468035e-02	1.320125e+01
4.259000e-05	4.626583e-02	1.301333e+01
4.260000e-05	3.664566e-02	1.290543e+01
4.261000e-05	3.505673e-02	1.269861e+01
4.262000e-05	3.436924e-02	1.254059e+01
4.263000e-05	3.420836e-02	1.241113e+01
4.264000e-05	2.794727e-02	1.221167e+01
4.265000e-05	2.322599e-02	1.203327e+01
4.266000e-05	2.428223e-02	1.182328e+01
4.267000e-05	2.405975e-02	1.162277e+01
4.268000e-05	2.153942e-02	1.143180e+01
4.269000e-05	1.528210e-02	1.121020e+01
4.270000e-05	1.728424e-02	1.099124e+01
4.271000e-05	1.739074e-02	1.078267e+01
4.272000e-05	1.462884e-02	1.060225e+01
4.273000e-05	1.076578e-02	1.036959e+01
4.274000e-05	1.155173e-02	1.016864e+01
4.275000e-05	1.186384e-02	9.916993e+00
4.276000e-05	1.048227e-02	9.703908e+00
4.277000e-05	5.415160e-03	9.423502e+00
4.278000e-05	6.204661e-03	9.234329e+00
4.279000e-05	8.659201e-03	9.000795e+00
4.280000e-05	6.949645e-03	8.758669e+00
4.281000e-05	4.328967e-03	8.548088e+00
4.282000e-05	3.380746e-03	8.286462e+00
4.283000e-05	5.798600e-03	8.024325e+00
4.284000e-05	4.000693e-03	7.789725e+00
4.285000e-05	2.145738e-03	7.507064e+00
4.286000e-05	9.947707e-05	7.231800e+00
4.287000e-05	2.839728e-03	7.000769e+00
4.288000e-05	2.094707e-03	6.708141e+00
4.289000e-05	7.809706e-04	6.464453e+00
4.290000e-05	-9.640626e-04	6.230320e+00
4.291000e-05	1.327456e-03	5.948242e+00
4.292000e-05	1.493900e-03	5.654527e+00
4.293000e-05	-1.410632e-03	5.423799e+00
4.294000e-05	-2.914655e-03	5.096507e+00
4.295000e-05	-1.164116e-03	4.747695e+00
4.296000e-05	1.472367e-04	4.515585e+00
4.297000e-05	-1.967517e-03	4.209828e+00
4.298000e-05	-4.071608e-03	3.895587e+00
4.299000e-05	-2.832669e-03	3.664556e+00
4.300000e-05	-1.662442e-03	3.359747e+00
4.301000e-05	-3.126599e-03	3.094059e+00
4.302000e-05	-4.919994e-03	2.862454e+00
4.303000e-05	-4.005591e-03	2.528162e+00
4.304000e-05	-1.831271e-03	2.262004e+00
4.305000e-05	-3.461541e-03	1.959325e+00
4.306000e-05	-6.107047e-03	1.672985e+00
4.307000e-05	-4.594192e-03	1.399845e+00
4.308000e-05	-3.963198e-03	1.042932e+00
4.309000e-05	-3.635970e-03	7.472683e-01
4.310000e-05	-4.901638e-03	4.826330e-01
4.311000e-05	-4.145812e-03	2.208472e-01
4.312000e-05	-8.607158e-04	-8.581441e-02
4.313000e-05	8.586883e-03	-3.284709e-01
4.314000e-05	-5.200437e-03	-6.616541e-01
4.315000e-05	9.186274e-04	-8.848645e-01
4.316000e-05	-5.580695e-03	-1.207949e+00
4.317000e-05	9.854786e-04	-1.525813e+00
4.318000e-05	-5.771066e-03	-1.735866e+00
4.319000e-05	1.826695e-02	-1.977971e+00
4.320000e-05	8.028420e-02	-2.211626e+00
4.321000e-05	1.204709e-02	-2.589050e+00
4.322000e-05	-7.501012e-02	-2.998524e+00
4.323000e-05	-3.545005e-02	-3.307817e+00
4.324000e-05	-2.768814e-02	-3.556841e+00
4.325000e-05	-3.788590e-02	-3.778929e+00
4.326000e-05	-8.557546e-03	-4.020501e+00
4.327000e-05	1.095414e-01	-4.189451e+00
4.328000e-05	-1.422995e-01	-4.486257e+00
4.329000e-05	1.756983e-01	-4.730340e+00
4.330000e-05	-6.612637e-02	-4.991604e+00
4.331000e-05	-4.746502e-02	-5.371505e+00
4.332000e-05	5.074037e-02	-5.632554e+00
4.333000e-05	-1.379999e-01	-5.918372e+00
4.334000e-05	1.499300e-01	-6.178796e+00
4.335000e-05	-9.834344e-02	-6.483684e+00
4.336000e-05	4.511224e-02	-6.728317e+00
4.337000e-05	2.917978e-02	-6.990924e+00
4.338000e-05	-7.371205e-02	-7.297815e+00
4.339000e-05	5.649281e-02	-7.547766e+00
4.340000e-05	-1.076698e-01	-7.872528e+00
4.341000e-05	8.683665e-02	-8.106215e+00
4.342000e-05	-4.018770e-02	-8.318267e+00
4.343000e-05	-6.202059e-04	-8.572428e+00
4.344000e-05	3.245059e-02	-8.844602e+00
4.345000e-05	-7.553198e-02	-9.065184e+00
4.346000e-05	6.515050e-02	-9.286162e+00
4.347000e-05	-8.618366e-02	-9.538341e+00
4.348000e-05	6.085769e-02	-9.778823e+00
4.349000e-05	-5.137000e-02	-9.981344e+00
4.350000e-05	3.234909e-02	-1.021341e+01
4.351000e-05	-1.993510e-02	-1.040408e+01
4.352000e-05	-2.068475e-02	-1.069408e+01
4.353000e-05	9.502568e-03	-1.084346e+01
4.354000e-05	-3.955535e-02	-1.106553e+01
4.355000e-05	2.927074e-02	-1.128561e+01
4.356000e-05	-4.677013e-02	-1.148566e+01
4.357000e-05	3.250588e-02	-1.169809e+01
4.358000e-05	-3.997719e-02	-1.188661e+01
4.359000e-05	1.940289e-02	-1.212774e+01
4.360000e-05	-4.092808e-02	-1.227556e+01
4.361000e-05	5.350823e-03	-1.247546e+01
4.362000e-05	-1.906482e-02	-1.265388e+01
4.363000e-05	-4.604575e-03	-1.279100e+01
4.364000e-05	-1.082430e-02	-1.298129e+01
4.365000e-05	-1.617228e-02	-1.311817e+01
4.366000e-05	1.864261e-03	-1.326556e+01
4.367000e-05	-2.621215e-02	-1.343498e+01
4.368000e-05	-2.379074e-03	-1.358280e+01
4.369000e-05	-3.009488e-02	-1.375824e+01
4.370000e-05	3.897729e-03	-1.388501e+01
4.371000e-05	-2.457013e-02	-1.400182e+01
4.372000e-05	-3.478269e-03	-1.413765e+01
4.373000e-05	-2.230128e-02	-1.424541e+01
4.374000e-05	-6.892208e-03	-1.439227e+01
4.375000e-05	-1.808679e-02	-1.447652e+01
4.376000e-05	-1.698009e-02	-1.464427e+01
4.377000e-05	-1.628520e-02	-1.464454e+01
4.378000e-05	-1.642744e-02	-1.479172e+01
4.379000e-05	-1.149188e-02	-1.486696e+01
4.380000e-05	-2.044011e-02	-1.495074e+01
4.381000e-05	-1.609460e-02	-1.503340e+01
4.382000e-05	-2.046706e-02	-1.509604e+01
4.383000e-05	-1.612164e-02	-1.518015e+01
4.384000e-05	-2.254282e-02	-1.524388e+01
4.385000e-05	-1.799877e-02	-1.527746e+01
4.386000e-05	-2.153993e-02	-1.533212e+01
4.387000e-05	-1.670798e-02	-1.539278e+01
4.388000e-05	-2.406451e-02	-1.545393e+01
4.389000e-05	-2.271247e-02	-1.548448e+01
4.390000e-05	-2.463719e-02	-1.549556e+01
4.391000e-05	-2.158600e-02	-1.552911e+01
4.392000e-05	-2.377164e-02	-1.553804e+01
4.393000e-05	-2.779154e-02	-1.555959e+01
4.394000e-05	-2.670170e-02	-1.554112e+01
4.395000e-05	-2.857256e-02	-1.560107e+01
4.396000e-05	-2.723391e-02	-1.556907e+01
4.397000e-05	-3.285361e-02	-1.552767e+01
4.398000e-05	-3.255673e-02	-1.553654e+01
4.399000e-05	-3.316586e-02	-1.552596e+01
4.400000e-05	-3.396958e-02	-1.547593e+01
4.401000e-05	-3.752998e-02	-1.540430e+01
4.402000e-05	-4.185276e-02	-1.540325e+01
4.403000e-05	-4.009841e-02	-1.537260e+01
4.404000e-05	-4.027176e-02	-1.531907e+01
4.405000e-05	-4.329681e-02	-1.523596e+01
4.406000e-05	-4.776250e-02	-1.520320e+01
4.407000e-05	-5.076447e-02	-1.513852e+01
4.408000e-05	-5.095574e-02	-1.506433e+01
4.409000e-05	-5.680265e-02	-1.496170e+01
4.410000e-05	-6.144848e-02	-1.488759e+01
4.411000e-05	-6.264463e-02	-1.483475e+01
4.412000e-05	-6.359247e-02	-1.471656e+01
4.413000e-05	-6.578635e-02	-1.464483e+01
4.414000e-05	-6.965555e-02	-1.454964e+01
4.415000e-05	-6.951440e-02	-1.440278e+01
4.416000e-05	-6.917667e-02	-1.426846e+01
4.417000e-05	-6.878249e-02	-1.418017e+01
4.418000e-05	-6.934096e-02	-1.403488e+01
4.419000e-05	-6.797155e-02	-1.390658e+01
4.420000e-05	-6.445010e-02	-1.377015e+01
4.421000e-05	-6.119359e-02	-1.363238e+01
4.422000e-05	-5.948853e-02	-1.348701e+01
4.423000e-05	-5.602609e-02	-1.333854e+01
4.424000e-05	-5.088239e-02	-1.320220e+01
4.425000e-05	-4.896235e-02	-1.305283e+01
4.426000e-05	-4.615077e-02	-1.289551e+01
4.427000e-05	-4.650760e-02	-1.271756e+01
4.428000e-05	-4.035774e-02	-1.256969e+01
4.429000e-05	-4.021605e-02	-1.241119e+01
4.430000e-05	-3.678279e-02	-1.219321e+01
4.431000e-05	-3.351583e-02	-1.204233e+01
4.432000e-05	-3.071366e-02	-1.180230e+01
4.433000e-05	-2.869878e-02	-1.160967e+01
4.434000e-05	-2.829222e-02	-1.138107e+01
4.435000e-05	-2.898587e-02	-1.112917e+01
4.436000e-05	-2.711574e-02	-1.095817e+01
4.437000e-05	-2.345496e-02	-1.072864e+01
4.438000e-05	-2.173879e-02	-1.056015e+01
4.439000e-05	-1.974217e-02	-1.033707e+01
4.440000e-05	-1.899182e-02	-1.008659e+01
4.441000e-05	-1.685395e-02	-9.864558e+00
4.442000e-05	-1.993724e-02	-9.696058e+00
4.443000e-05	-1.752481e-02	-9.382374e+00
4.444000e-05	-1.869999e-02	-9.201724e+00
4.445000e-05	-1.401309e-02	-8.979771e+00
4.446000e-05	-1.483702e-02	-8.747215e+00
4.447000e-05	-1.229500e-02	-8.465111e+00
4.448000e-05	-1.350934e-02	-8.262953e+00
4.449000e-05	-1.140737e-02	-8.021376e+00
4.450000e-05	-1.104513e-02	-7.737669e+00
4.451000e-05	-1.281068e-02	-7.452532e+00
4.452000e-05	-1.121368e-02	-7.202349e+00
4.453000e-05	-1.175191e-02	-6.949642e+00
4.454000e-05	-9.737341e-03	-6.714563e+00
4.455000e-05	-1.037106e-02	-6.422903e+00
4.456000e-05	-7.854201e-03	-6.148692e+00
4.457000e-05	-8.546201e-03	-5.886567e+00
4.458000e-05	-8.771297e-03	-5.581950e+00
4.459000e-05	-9.025362e-03	-5.305141e+00
4.460000e-05	-9.534151e-03	-5.041876e+00
4.461000e-05	-8.279966e-03	-4.714609e+00
4.462000e-05	-8.368431e-03	-4.433504e+00
4.463000e-05	-6.454214e-03	-4.170399e+00
4.464000e-05	-7.880265e-03	-3.907692e+00
4.465000e-05	-6.638660e-03	-3.611475e+00
4.466000e-05	-8.537430e-03	-3.378745e+00
4.467000e-05	-4.887583e-03	-3.083532e+00
4.468000e-05	-7.056253e-03	-2.768846e+00
4.469000e-05	-5.309623e-03	-2.505239e+00
4.470000e-05	-7.101747e-03	-2.202473e+00
4.471000e-05	-5.353124e-03	-1.906763e+00
4.472000e-05	-6.220684e-03	-1.653159e+00
4.473000e-05	-5.965504e-03	-1.357740e+00
4.474000e-05	-6.301104e-03	-1.042026e+00
4.475000e-05	-4.341992e-03	-7.578171e-01
4.476000e-05	-3.941844e-03	-4.500528e-01
4.477000e-05	-3.235710e-03	-1.593462e-01
4.478000e-05	1.287659e-03	9.476068e-02
4.479000e-05	7.395539e-03	4.205525e-01
4.480000e-05	-2.920421e-03	6.230804e-01
4.481000e-05	1.586951e-03	9.053396e-01
4.482000e-05	-2.996634e-03	1.211532e+00
4.483000e-05	2.129627e-03	1.474739e+00
4.484000e-05	-2.018504e-04	1.821526e+00
4.485000e-05	1.465971e-02	2.042053e+00
4.486000e-05	4.857381e-02	2.263712e+00
4.487000e-05	6.475511e-02	2.612030e+00
4.488000e-05	-6.771618e-02	2.969345e+00
4.489000e-05	-4.499440e-02	3.242580e+00
4.490000e-05	-3.039512e-02	3.537841e+00
4.491000e-05	7.030800e-03	3.769842e+00
4.492000e-05	-5.316596e-02	3.958922e+00
4.493000e-05	-1.357960e-03	4.191953e+00
4.494000e-05	8.771894e-02	4.505768e+00
4.495000e-05	-5.896502e-02	4.789473e+00
4.496000e-05	1.241231e-01	5.093137e+00
4.497000e-05	-7.601406e-02	5.441055e+00
4.498000e-05	-1.921934e-02	5.665583e+00
4.499000e-05	3.933121e-02	5.979295e+00
4.500000e-05	-3.367059e-02	6.211452e+00
4.501000e-05	4.211223e-02	6.465556e+00
4.502000e-05	-5.398157e-02	6.780974e+00
4.503000e-05	5.255195e-02	7.013004e+00
4.504000e-05	1.861203e-02	7.277164e+00
4.505000e-05	-2.484724e-02	7.601897e+00
4.506000e-05	-2.032036e-02	7.844983e+00
4.507000e-05	-3.309361e-03	8.125265e+00
4.508000e-05	6.124536e-02	8.349299e+00
4.509000e-05	-2.768309e-02	8.610803e+00
4.510000e-05	-8.468059e-03	8.842378e+00
4.511000e-05	2.037011e-02	9.025432e+00
4.512000e-05	-1.060336e-04	9.296686e+00
4.513000e-05	1.503828e-02	9.526166e+00
4.514000e-05	-3.090607e-02	9.778749e+00
4.515000e-05	2.417898e-02	1.003243e+01
4.516000e-05	1.204569e-02	1.020293e+01
4.517000e-05	2.035483e-02	1.042445e+01
4.518000e-05	-1.844270e-02	1.068495e+01
4.519000e-05	-5.154012e-03	1.087551e+01
4.520000e-05	2.427678e-02	1.104405e+01
4.521000e-05	3.742665e-04	1.126548e+01
4.522000e-05	2.781418e-03	1.148798e+01
4.523000e-05	-7.917748e-03	1.170811e+01
4.524000e-05	3.002798e-02	1.189864e+01
4.525000e-05	6.511043e-03	1.206654e+01
4.526000e-05	1.043088e-03	1.228701e+01
4.527000e-05	-7.732809e-03	1.247595e+01
4.528000e-05	1.534686e-02	1.261435e+01
4.529000e-05	1.635836e-02	1.278232e+01
4.530000e-05	-1.121298e-03	1.293067e+01
4.531000e-05	3.276514e-03	1.312906e+01
4.532000e-05	1.173416e-02	1.331501e+01
4.533000e-05	1.977603e-02	1.345435e+01
4.534000e-05	-1.277637e-04	1.355917e+01
4.535000e-05	6.910484e-04	1.374011e+01
4.536000e-05	1.005673e-02	1.387440e+01
4.537000e-05	1.729898e-02	1.401318e+01
4.538000e-05	7.196979e-03	1.414774e+01
4.539000e-05	1.247317e-03	1.430841e+01
4.540000e-05	1.378588e-02	1.446377e+01
4.541000e-05	1.671024e-02	1.450799e+01
4.542000e-05	1.004096e-02	1.461525e+01
4.543000e-05	2.344486e-03	1.474801e+01
4.544000e-05	1.239706e-02	1.482275e+01
4.545000e-05	1.873182e-02	1.490695e+01
4.546000e-05	1.182663e-02	1.495012e+01
4.547000e-05	6.845072e-03	1.504435e+01
4.548000e-05	1.151848e-02	1.512844e+01
4.549000e-05	2.061570e-02	1.515067e+01
4.550000e-05	1.287342e-02	1.523481e+01
4.551000e-05	8.913622e-03	1.529694e+01
4.552000e-05	1.334581e-02	1.532911e+01
4.553000e-05	2.085714e-02	1.541315e+01
4.554000e-05	1.808750e-02	1.539327e+01
4.555000e-05	1.068198e-02	1.548688e+01
4.556000e-05	1.714214e-02	1.545789e+01
4.557000e-05	2.214161e-02	1.551899e+01
4.558000e-05	2.236963e-02	1.552951e+01
4.559000e-05	1.533238e-02	1.553967e+01
4.560000e-05	1.916627e-02	1.554904e+01
4.561000e-05	2.514202e-02	1.554154e+01
4.562000e-05	2.671862e-02	1.556857e+01
4.563000e-05	2.142065e-02	1.549954e+01
4.564000e-05	2.289931e-02	1.550841e+01
4.565000e-05	3.157629e-02	1.550696e+01
4.566000e-05	3.289555e-02	1.547534e+01
4.567000e-05	3.045433e-02	1.546478e+01
4.568000e-05	2.861158e-02	1.543317e+01
4.569000e-05	3.705000e-02	1.534912e+01
4.570000e-05	3.897085e-02	1.527794e+01
4.571000e-05	3.818364e-02	1.525435e+01
4.572000e-05	3.718437e-02	1.518012e+01
4.573000e-05	4.575145e-02	1.512749e+01
4.574000e-05	5.040514e-02	1.505430e+01
4.575000e-05	4.977580e-02	1.498054e+01
4.576000e-05	5.022040e-02	1.488646e+01
4.577000e-05	5.571659e-02	1.478163e+01
4.578000e-05	6.262746e-02	1.466846e+01
4.579000e-05	6.107391e-02	1.462227e+01
4.580000e-05	5.992917e-02	1.447694e+01
4.581000e-05	6.103413e-02	1.439119e+01
4.582000e-05	6.704247e-02	1.425431e+01
4.583000e-05	6.365719e-02	1.414952e+01
4.584000e-05	5.911590e-02	1.404369e+01
4.585000e-05	5.812884e-02	1.387546e+01
4.586000e-05	5.853770e-02	1.373699e+01
4.587000e-05	5.520548e-02	1.359217e+01
4.588000e-05	4.789331e-02	1.344440e+01
4.589000e-05	4.601008e-02	1.331848e+01
4.590000e-05	4.519764e-02	1.315962e+01
4.591000e-05	4.230749e-02	1.300067e+01
4.592000e-05	3.740853e-02	1.284182e+01
4.593000e-05	3.491859e-02	1.266438e+01
4.594000e-05	3.491339e-02	1.249701e+01
4.595000e-05	3.051838e-02	1.233798e+01
4.596000e-05	2.671707e-02	1.212009e+01
4.597000e-05	2.419057e-02	1.196912e+01
4.598000e-05	2.555584e-02	1.174907e+01
4.599000e-05	2.232003e-02	1.154961e+01
4.600000e-05	1.823164e-02	1.134916e+01
4.601000e-05	1.687127e-02	1.110754e+01
4.602000e-05	1.835715e-02	1.090906e+01
4.603000e-05	1.590905e-02	1.071644e+01
4.604000e-05	1.241211e-02	1.049801e+01
4.605000e-05	1.097597e-02	1.029701e+01
4.606000e-05	1.220312e-02	1.006541e+01
4.607000e-05	1.129465e-02	9.803298e+00
4.608000e-05	8.392690e-03	9.590697e+00
4.609000e-05	7.195635e-03	9.369645e+00
4.610000e-05	7.633859e-03	9.179143e+00
4.611000e-05	6.632097e-03	8.918105e+00
4.612000e-05	4.079676e-03	8.644461e+00
4.613000e-05	4.499445e-03	8.453903e+00
4.614000e-05	5.465968e-03	8.199796e+00
4.615000e-05	4.163018e-03	7.948661e+00
4.616000e-05	2.672447e-03	7.705436e+00
4.617000e-05	1.963088e-03	7.421273e+00
4.618000e-05	2.174202e-03	7.127641e+00
4.619000e-05	2.165844e-03	6.884009e+00
4.620000e-05	3.513978e-04	6.644304e+00
4.621000e-05	-3.754059e-05	6.328146e+00
4.622000e-05	4.016628e-04	6.106561e+00
4.623000e-05	9.331522e-04	5.872923e+00
4.624000e-05	-4.809359e-04	5.538769e+00
4.625000e-05	-1.080813e-03	5.306038e+00
4.626000e-05	-9.936725e-04	4.927138e+00
4.627000e-05	-3.157139e-04	4.661931e+00
4.628000e-05	-1.957251e-03	4.379821e+00
4.629000e-05	-2.882453e-03	4.105584e+00
4.630000e-05	-2.359304e-03	3.851471e+00
4.631000e-05	-2.394687e-03	3.548192e+00
4.632000e-05	-2.300773e-03	3.260978e+00
4.633000e-05	-3.234625e-03	3.009821e+00
4.634000e-05	-3.015686e-03	2.736242e+00
4.635000e-05	-4.200331e-03	2.390821e+00
4.636000e-05	-3.398040e-03	2.114737e+00
4.637000e-05	-3.247241e-03	1.895057e+00
4.638000e-05	-2.875915e-03	1.559722e+00
4.639000e-05	-4.298038e-03	1.263559e+00
4.640000e-05	-4.300347e-03	9.661858e-01
4.641000e-05	-3.542326e-03	6.720263e-01
4.642000e-05	-3.918840e-03	3.893186e-01
4.643000e-05	-3.475533e-03	4.313657e-02
4.644000e-05	1.081171e-03	-2.105252e-01
4.645000e-05	6.858076e-03	-4.541579e-01
4.646000e-05	-3.829949e-03	-7.490198e-01
4.647000e-05	-5.423796e-04	-9.710277e-01
4.648000e-05	-5.273877e-03	-1.254313e+00
4.649000e-05	-7.020181e-04	-1.590525e+00
4.650000e-05	1.687093e-03	-1.811175e+00
4.651000e-05	3.551307e-02	-2.052158e+00
4.652000e-05	9.364619e-02	-2.339496e+00
4.653000e-05	-6.200404e-02	-2.727842e+00
4.654000e-05	-4.372679e-02	-3.146316e+00
4.655000e-05	-4.814322e-02	-3.388999e+00
4.656000e-05	-1.026778e-02	-3.603154e+00
4.657000e-05	-6.627207e-02	-3.894735e+00
4.658000e-05	8.837941e-02	-4.093636e+00
4.659000e-05	-1.531152e-03	-4.294161e+00
4.660000e-05	-6.151680e-02	-4.591004e+00
4.661000e-05	1.699196e-01	-4.792133e+00
4.662000e-05	-1.691701e-01	-5.159026e+00
4.663000e-05	8.175348e-02	-5.505787e+00
4.664000e-05	-7.922012e-02	-5.727271e+00
4.665000e-05	-1.751515e-02	-6.004535e+00
4.666000e-05	9.370719e-02	-6.284531e+00
4.667000e-05	-1.148514e-01	-6.529871e+00
4.668000e-05	1.144652e-01	-6.812030e+00
4.669000e-05	-6.923412e-02	-7.095768e+00
4.670000e-05	1.051005e-02	-7.411929e+00
4.671000e-05	-1.050762e-02	-7.634007e+00
4.672000e-05	-6.092170e-02	-7.948869e+00
4.673000e-05	9.083678e-02	-8.180325e+00
4.674000e-05	-9.190886e-02	-8.412530e+00
4.675000e-05	7.444133e-02	-8.687133e+00
4.676000e-05	-5.393052e-02	-8.918190e+00
4.677000e-05	1.593825e-03	-9.170374e+00
4.678000e-05	6.222536e-03	-9.378324e+00
4.679000e-05	-4.925362e-02	-9.653553e+00
4.680000e-05	4.958931e-02	-9.833056e+00
4.681000e-05	-6.183298e-02	-1.002503e+01
4.682000e-05	5.957670e-02	-1.027599e+01
4.683000e-05	-6.584927e-02	-1.052672e+01
4.684000e-05	2.915538e-02	-1.072924e+01
4.685000e-05	-4.003915e-02	-1.091669e+01
4.686000e-05	8.640584e-03	-1.112029e+01
4.687000e-05	-1.223874e-02	-1.134825e+01
4.688000e-05	-1.405620e-02	-1.155190e+01
4.689000e-05	8.935583e-03	-1.174037e+01
4.690000e-05	-2.623723e-02	-1.196245e+01
4.691000e-05	1.012977e-02	-1.216982e+01
4.692000e-05	-4.181016e-02	-1.234925e+01
4.693000e-05	1.605433e-02	-1.254024e+01
4.694000e-05	-3.306657e-02	-1.268711e+01
4.695000e-05	1.157158e-02	-1.286654e+01
4.696000e-05	-3.047581e-02	-1.305240e+01
4.697000e-05	5.787709e-03	-1.316973e+01
4.698000e-05	-2.026758e-02	-1.334962e+01
4.699000e-05	-7.844806e-03	-1.348704e+01
4.700000e-05	-1.827226e-02	-1.363390e+01
4.701000e-05	-1.582931e-02	-1.381281e+01
4.702000e-05	-5.687141e-03	-1.389806e+01
4.703000e-05	-2.050441e-02	-1.404506e+01
4.704000e-05	-6.474503e-03	-1.421177e+01
4.705000e-05	-2.161245e-02	-1.431911e+01
4.706000e-05	-4.878842e-03	-1.444490e+01
4.707000e-05	-2.326721e-02	-1.456969e+01
4.708000e-05	-1.109025e-02	-1.463446e+01
4.709000e-05	-2.156960e-02	-1.468764e+01
4.710000e-05	-1.085285e-02	-1.480388e+01
4.711000e-05	-1.776018e-02	-1.489859e+01
4.712000e-05	-1.726701e-02	-1.499283e+01
4.713000e-05	-1.984027e-02	-1.507543e+01
4.714000e-05	-1.786708e-02	-1.512959e+01
4.715000e-05	-1.940335e-02	-1.520180e+01
4.716000e-05	-2.043619e-02	-1.528698e+01
4.717000e-05	-2.067502e-02	-1.527859e+01
4.718000e-05	-1.963708e-02	-1.539217e+01
4.719000e-05	-1.896292e-02	-1.540223e+01
4.720000e-05	-2.435101e-02	-1.547543e+01
4.721000e-05	-2.220556e-02	-1.549656e+01
4.722000e-05	-2.497541e-02	-1.552651e+01
4.723000e-05	-2.101373e-02	-1.551856e+01
4.724000e-05	-2.750824e-02	-1.553064e+01
4.725000e-05	-2.610462e-02	-1.554815e+01
4.726000e-05	-2.749385e-02	-1.557114e+01
4.727000e-05	-2.673392e-02	-1.551817e+01
4.728000e-05	-2.983070e-02	-1.555117e+01
4.729000e-05	-3.271258e-02	-1.555009e+01
4.730000e-05	-3.159308e-02	-1.552606e+01
4.731000e-05	-3.394917e-02	-1.550704e+01
4.732000e-05	-3.611446e-02	-1.551396e+01
4.733000e-05	-3.911150e-02	-1.542333e+01
4.734000e-05	-3.908869e-02	-1.541273e+01
4.735000e-05	-4.024105e-02	-1.531964e+01
4.736000e-05	-4.259341e-02	-1.530749e+01
4.737000e-05	-4.601028e-02	-1.524685e+01
4.738000e-05	-4.832828e-02	-1.517167e+01
4.739000e-05	-4.981541e-02	-1.509749e+01
4.740000e-05	-5.330248e-02	-1.504533e+01
4.741000e-05	-5.701147e-02	-1.493966e+01
4.742000e-05	-6.013285e-02	-1.487643e+01
4.743000e-05	-6.168512e-02	-1.478077e+01
4.744000e-05	-6.503505e-02	-1.465598e+01
4.745000e-05	-6.810791e-02	-1.456275e+01
4.746000e-05	-7.006013e-02	-1.448793e+01
4.747000e-05	-6.929928e-02	-1.441222e+01
4.748000e-05	-6.919484e-02	-1.426591e+01
4.749000e-05	-6.907996e-02	-1.412909e+01
4.750000e-05	-6.781598e-02	-1.398323e+01
4.751000e-05	-6.591959e-02	-1.386386e+01
4.752000e-05	-6.269080e-02	-1.374809e+01
4.753000e-05	-6.124087e-02	-1.358164e+01
4.754000e-05	-5.842426e-02	-1.341385e+01
4.755000e-05	-5.433079e-02	-1.330601e+01
4.756000e-05	-5.082473e-02	-1.311907e+01
4.757000e-05	-4.775409e-02	-1.298322e+01
4.758000e-05	-4.511522e-02	-1.285183e+01
4.759000e-05	-4.404205e-02	-1.266493e+01
4.760000e-05	-4.028222e-02	-1.248606e+01
4.761000e-05	-3.701283e-02	-1.226656e+01
4.762000e-05	-3.614045e-02	-1.214815e+01
4.763000e-05	-3.477767e-02	-1.193914e+01
4.764000e-05	-3.108581e-02	-1.173602e+01
4.765000e-05	-2.856939e-02	-1.149746e+01
4.766000e-05	-2.787054e-02	-1.127549e+01
4.767000e-05	-2.675670e-02	-1.103340e+01
4.768000e-05	-2.487714e-02	-1.086403e+01
4.769000e-05	-2.159992e-02	-1.068503e+01
4.770000e-05	-2.142059e-02	-1.048696e+01
4.771000e-05	-2.208017e-02	-1.024340e+01
4.772000e-05	-1.930541e-02	-9.979774e+00
4.773000e-05	-1.807875e-02	-9.802323e+00
4.774000e-05	-1.793622e-02	-9.598725e+00
4.775000e-05	-1.786285e-02	-9.337138e+00
4.776000e-05	-1.534248e-02	-9.116640e+00
4.777000e-05	-1.412455e-02	-8.855537e+00
4.778000e-05	-1.356513e-02	-8.654904e+00
4.779000e-05	-1.390975e-02	-8.399270e+00
4.780000e-05	-1.320204e-02	-8.159244e+00
4.781000e-05	-1.115727e-02	-7.917011e+00
4.782000e-05	-1.181574e-02	-7.641878e+00
4.783000e-05	-1.262499e-02	-7.338216e+00
4.784000e-05	-1.122218e-02	-7.125495e+00
4.785000e-05	-1.009336e-02	-6.811428e+00
4.786000e-05	-9.524788e-03	-6.569871e+00
4.787000e-05	-1.105006e-02	-6.308718e+00
4.788000e-05	-9.062761e-03	-6.013477e+00
4.789000e-05	-9.979653e-03	-5.780797e+00
4.790000e-05	-7.986157e-03	-5.516543e+00
4.791000e-05	-9.769987e-03	-5.220800e+00
4.792000e-05	-8.065515e-03	-4.915113e+00
4.793000e-05	-7.583783e-03	-4.549847e+00
4.794000e-05	-5.978322e-03	-4.347344e+00
4.795000e-05	-7.382876e-03	-4.095636e+00
4.796000e-05	-7.737559e-03	-3.801899e+00
4.797000e-05	-7.363729e-03	-3.526192e+00
4.798000e-05	-6.668023e-03	-3.281105e+00
4.799000e-05	-6.795331e-03	-2.958816e+00
4.800000e-05	-6.393326e-03	-2.684134e+00
4.801000e-05	-5.550863e-03	-2.428525e+00
4.802000e-05	-4.427151e-03	-2.144687e+00
4.803000e-05	-5.275020e-03	-1.830505e+00
4.804000e-05	-6.863238e-03	-1.546317e+00
4.805000e-05	-6.293305e-03	-1.189952e+00
4.806000e-05	-6.024875e-03	-8.846134e-01
4.807000e-05	-3.843716e-03	-6.629524e-01
4.808000e-05	-4.359191e-03	-3.361907e-01
4.809000e-05	-1.649867e-03	-6.358045e-02
4.810000e-05	6.738345e-03	2.120752e-01
4.811000e-05	3.232163e-03	5.148096e-01
4.812000e-05	-8.105348e-04	7.883935e-01
4.813000e-05	-2.038210e-03	1.031653e+00
4.814000e-05	-3.710459e-04	1.326316e+00
4.815000e-05	7.453796e-04	1.620153e+00
4.816000e-05	1.912891e-03	1.874714e+00
4.817000e-05	2.078747e-02	2.075289e+00
4.818000e-05	7.364514e-02	2.401451e+00
4.819000e-05	1.283879e-02	2.759846e+00
4.820000e-05	-6.588332e-02	3.092136e+00
4.821000e-05	-4.434599e-02	3.337346e+00
4.822000e-05	-8.718649e-03	3.643527e+00
4.823000e-05	-1.197702e-02	3.842686e+00
4.824000e-05	-5.474352e-02	4.084605e+00
4.825000e-05	5.055185e-02	4.358811e+00
4.826000e-05	3.062231e-02	4.622555e+00
4.827000e-05	-6.765343e-03	4.885111e+00
4.828000e-05	9.891498e-02	5.211550e+00
4.829000e-05	-1.163229e-01	5.556668e+00
4.830000e-05	4.623572e-02	5.739295e+00
4.831000e-05	-4.016980e-03	6.054109e+00
4.832000e-05	-2.972490e-03	6.305111e+00
4.833000e-05	1.135409e-02	6.569825e+00
4.834000e-05	-4.407667e-02	6.855161e+00
4.835000e-05	8.257275e-02	7.107687e+00
4.836000e-05	-2.565014e-02	7.411925e+00
4.837000e-05	-4.681685e-03	7.718137e+00
4.838000e-05	-3.520036e-02	7.960275e+00
4.839000e-05	4.311365e-02	8.213082e+00
4.840000e-05	3.079485e-02	8.425056e+00
4.841000e-05	-4.429480e-02	8.674632e+00
4.842000e-05	1.884389e-02	8.869141e+00
4.843000e-05	1.659211e-04	9.148317e+00
4.844000e-05	2.246508e-02	9.370769e+00
4.845000e-05	-1.404466e-02	9.623349e+00
4.846000e-05	-5.135921e-03	9.823928e+00
4.847000e-05	2.007989e-02	1.008763e+01
4.848000e-05	1.709195e-02	1.030656e+01
4.849000e-05	6.287343e-03	1.051819e+01
4.850000e-05	-2.805790e-02	1.073679e+01
4.851000e-05	1.572770e-02	1.095174e+01
4.852000e-05	1.158816e-02	1.120869e+01
4.853000e-05	1.199593e-02	1.130977e+01
4.854000e-05	-1.066535e-02	1.161212e+01
4.855000e-05	1.453216e-02	1.180287e+01
4.856000e-05	1.980605e-02	1.197982e+01
4.857000e-05	6.476236e-03	1.218219e+01
4.858000e-05	-1.101837e-02	1.237817e+01
4.859000e-05	-1.508509e-03	1.252712e+01
4.860000e-05	1.995539e-02	1.270651e+01
4.861000e-05	9.744113e-03	1.283543e+01
4.862000e-05	4.302856e-03	1.303435e+01
4.863000e-05	2.868042e-03	1.320119e+01
4.864000e-05	2.418230e-02	1.333972e+01
4.865000e-05	6.662795e-03	1.347598e+01
4.866000e-05	5.378920e-05	1.359388e+01
4.867000e-05	-4.062323e-03	1.378418e+01
4.868000e-05	1.783055e-02	1.390803e+01
4.869000e-05	1.504634e-02	1.404483e+01
4.870000e-05	7.193402e-03	1.420283e+01
4.871000e-05	6.501217e-03	1.435016e+01
4.872000e-05	1.687309e-02	1.447633e+01
4.873000e-05	1.607000e-02	1.457014e+01
4.874000e-05	2.077087e-03	1.467433e+01
4.875000e-05	5.749677e-03	1.474122e+01
4.876000e-05	1.259361e-02	1.485383e+01
4.877000e-05	2.022932e-02	1.487761e+01
4.878000e-05	8.157928e-03	1.499170e+01
4.879000e-05	1.017997e-02	1.505788e+01
4.880000e-05	1.357537e-02	1.514011e+01
4.881000e-05	2.034180e-02	1.519222e+01
4.882000e-05	1.001383e-02	1.525424e+01
4.883000e-05	7.737854e-03	1.535907e+01
4.884000e-05	1.633603e-02	1.538109e+01
4.885000e-05	1.984870e-02	1.536370e+01
4.886000e-05	1.705431e-02	1.546477e+01
4.887000e-05	1.039131e-02	1.548543e+01
4.888000e-05	2.075598e-02	1.546849e+01
4.889000e-05	2.210703e-02	1.551794e+01
4.890000e-05	2.136444e-02	1.551959e+01
4.891000e-05	1.432443e-02	1.554854e+01
4.892000e-05	2.003269e-02	1.560017e+01
4.893000e-05	2.654607e-02	1.553207e+01
4.894000e-05	2.352816e-02	1.552996e+01
4.895000e-05	2.187891e-02	1.552949e+01
4.896000e-05	2.543071e-02	1.547794e+01
4.897000e-05	3.477686e-02	1.548943e+01
4.898000e-05	3.199837e-02	1.545487e+01
4.899000e-05	2.963606e-02	1.545430e+01
4.900000e-05	3.126149e-02	1.537004e+01
4.901000e-05	3.768627e-02	1.532857e+01
4.902000e-05	3.888101e-02	1.527741e+01
4.903000e-05	3.592116e-02	1.521273e+01
4.904000e-05	3.928554e-02	1.514907e+01
4.905000e-05	4.695700e-02	1.504888e+01
4.906000e-05	5.194063e-02	1.500272e+01
4.907000e-05	5.074820e-02	1.493804e+01
4.908000e-05	5.229566e-02	1.485525e+01
4.909000e-05	5.796445e-02	1.474107e+01
4.910000e-05	6.241923e-02	1.468633e+01
4.911000e-05	5.950880e-02	1.458214e+01
4.912000e-05	6.074398e-02	1.447635e+01
4.913000e-05	6.346115e-02	1.431959e+01
4.914000e-05	6.647229e-02	1.421370e+01
4.915000e-05	6.134506e-02	1.408884e+01
4.916000e-05	5.849936e-02	1.397109e+01
4.917000e-05	5.898195e-02	1.380330e+01
4.918000e-05	5.867267e-02	1.365488e+01
4.919000e-05	5.166991e-02	1.351944e+01
4.920000e-05	4.662563e-02	1.337172e+01
4.921000e-05	4.447670e-02	1.324386e+01
4.922000e-05	4.534998e-02	1.304696e+01
4.923000e-05	3.975772e-02	1.293849e+01
4.924000e-05	3.647945e-02	1.273962e+01
4.925000e-05	3.468464e-02	1.258272e+01
4.926000e-05	3.431179e-02	1.243291e+01
4.927000e-05	2.979426e-02	1.225585e+01
4.928000e-05	2.401744e-02	1.210688e+01
4.929000e-05	2.448744e-02	1.187591e+01
4.930000e-05	2.334079e-02	1.170489e+01
4.931000e-05	2.199396e-02	1.143737e+01
4.932000e-05	1.763518e-02	1.120383e+01
4.933000e-05	1.778676e-02	1.101280e+01
4.934000e-05	1.677868e-02	1.085591e+01
4.935000e-05	1.573774e-02	1.061486e+01
4.936000e-05	1.177646e-02	1.044275e+01
4.937000e-05	1.043125e-02	1.018175e+01
4.938000e-05	1.024905e-02	9.970173e+00
4.939000e-05	1.036822e-02	9.738066e+00
4.940000e-05	9.111119e-03	9.487062e+00
4.941000e-05	7.151328e-03	9.284437e+00
4.942000e-05	5.796004e-03	9.033532e+00
4.943000e-05	6.703831e-03	8.831325e+00
4.944000e-05	5.358278e-03	8.580719e+00
4.945000e-05	3.395266e-03	8.379144e+00
4.946000e-05	3.369393e-03	8.096005e+00
4.947000e-05	3.592257e-03	7.843328e+00
4.948000e-05	3.905968e-03	7.600144e+00
4.949000e-05	2.447281e-03	7.327583e+00
4.950000e-05	1.335561e-03	7.063378e+00
4.951000e-05	2.200882e-03	6.820875e+00
4.952000e-05	1.145401e-03	6.518063e+00
4.953000e-05	-5.917353e-04	6.244484e+00
4.954000e-05	-1.048970e-03	6.022349e+00
4.955000e-05	5.463124e-04	5.768139e+00
4.956000e-05	8.206860e-04	5.455005e+00
4.957000e-05	-2.024877e-03	5.178642e+00
4.958000e-05	-2.313297e-03	4.841373e+00
4.959000e-05	-1.671345e-03	4.568763e+00
4.960000e-05	-1.378907e-03	4.285982e+00
4.961000e-05	-2.345346e-03	3.999774e+00
4.962000e-05	-3.166107e-03	3.707614e+00
4.963000e-05	-2.392383e-03	3.484479e+00
4.964000e-05	-1.804998e-03	3.158768e+00
4.965000e-05	-3.814747e-03	2.904633e+00
4.966000e-05	-4.377267e-03	2.593879e+00
4.967000e-05	-2.841799e-03	2.304211e+00
4.968000e-05	-2.695932e-03	2.041503e+00
4.969000e-05	-4.267020e-03	1.739316e+00
4.970000e-05	-4.972504e-03	1.461504e+00
4.971000e-05	-3.712489e-03	1.158792e+00
4.972000e-05	-2.826828e-03	8.194761e-01
4.973000e-05	-4.174096e-03	5.067132e-01
4.974000e-05	-4.991729e-03	2.525793e-01
4.975000e-05	-1.904918e-03	7.842219e-03
4.976000e-05	6.590792e-03	-2.758645e-01
4.977000e-05	-6.409588e-04	-5.755959e-01
4.978000e-05	-1.446294e-03	-8.526792e-01
4.979000e-05	-4.867659e-03	-1.096291e+00
4.980000e-05	1.498728e-04	-1.431982e+00
4.981000e-05	-3.490378e-03	-1.663666e+00
4.982000e-05	9.992264e-03	-1.906317e+00
4.983000e-05	6.061904e-02	-2.146846e+00
4.984000e-05	5.791599e-02	-2.474314e+00
4.985000e-05	-8.542254e-02	-2.854736e+00
4.986000e-05	-3.214625e-02	-3.253203e+00
4.987000e-05	-4.120928e-02	-3.443237e+00
4.988000e-05	-1.972872e-02	-3.718294e+00
4.989000e-05	-5.040344e-02	-3.959923e+00
4.990000e-05	1.334374e-01	-4.105819e+00
4.991000e-05	-1.180949e-01	-4.382028e+00
4.992000e-05	9.907413e-02	-4.683637e+00
4.993000e-05	3.652013e-02	-4.928340e+00
4.994000e-05	-1.287326e-01	-5.319265e+00
4.995000e-05	1.013794e-01	-5.560371e+00
4.996000e-05	-1.541660e-01	-5.871655e+00
4.997000e-05	1.154212e-01	-6.107766e+00
4.998000e-05	-3.298148e-02	-6.369274e+00
4.999000e-05	-2.720618e-02	-6.665608e+00
