# 260929_11:57:48.332535
t	CH1	CH2
0.000000e+00	-3.576108e-03	1.282409e-01
1.000000e-08	1.228816e-03	-1.378446e-01
2.000000e-08	5.555634e-03	-3.690763e-01
3.000000e-08	-5.801819e-03	-6.968415e-01
4.000000e-08	-5.686530e-04	-9.189211e-01
5.000000e-08	-5.338841e-03	-1.269653e+00
6.000000e-08	-2.833093e-03	-1.527320e+00
7.000000e-08	-8.505605e-05	-1.778422e+00
8.000000e-08	3.608778e-02	-1.989950e+00
9.000000e-08	9.234386e-02	-2.236783e+00
1.000000e-07	-6.981348e-02	-2.613683e+00
1.100000e-07	-4.575110e-02	-3.032683e+00
1.200000e-07	-4.615680e-02	-3.348920e+00
1.300000e-07	-1.343249e-02	-3.577479e+00
1.400000e-07	-6.894726e-02	-3.813629e+00
1.500000e-07	1.142565e-01	-3.990605e+00
1.600000e-07	-4.952829e-02	-4.232612e+00
1.700000e-07	-2.305792e-02	-4.510927e+00
1.800000e-07	1.415918e-01	-4.780473e+00
1.900000e-07	-1.734102e-01	-5.125321e+00
2.000000e-07	1.028354e-01	-5.423580e+00
2.100000e-07	-1.220253e-01	-5.696293e+00
2.200000e-07	2.456611e-02	-5.961475e+00
2.300000e-07	6.377483e-02	-6.221083e+00
2.400000e-07	-1.067989e-01	-6.526868e+00
2.500000e-07	1.181412e-01	-6.758951e+00
2.600000e-07	-9.740386e-02	-7.045738e+00
2.700000e-07	3.545313e-02	-7.367975e+00
2.800000e-07	-3.583394e-02	-7.590158e+00
2.900000e-07	-4.152511e-02	-7.888346e+00
3.000000e-07	7.419289e-02	-8.129449e+00
3.100000e-07	-9.419556e-02	-8.341605e+00
3.200000e-07	8.875771e-02	-8.632637e+00
3.300000e-07	-8.394357e-02	-8.897396e+00
3.400000e-07	1.929577e-02	-9.100371e+00
3.500000e-07	-1.738831e-02	-9.305375e+00
3.600000e-07	-3.112311e-02	-9.601633e+00
3.700000e-07	3.248066e-02	-9.831553e+00
3.800000e-07	-6.015397e-02	-1.000626e+01
3.900000e-07	5.731334e-02	-1.024526e+01
4.000000e-07	-7.419847e-02	-1.050682e+01
4.100000e-07	3.430306e-02	-1.069684e+01
4.200000e-07	-5.727932e-02	-1.086584e+01
4.300000e-07	1.816903e-02	-1.109639e+01
4.400000e-07	-2.596277e-02	-1.128737e+01
4.500000e-07	-6.733116e-03	-1.154897e+01
4.600000e-07	-5.468984e-03	-1.169805e+01
4.700000e-07	-2.284348e-02	-1.194203e+01
4.800000e-07	6.858655e-04	-1.214851e+01
4.900000e-07	-4.099012e-02	-1.232892e+01
5.000000e-07	8.904622e-03	-1.248687e+01
5.100000e-07	-3.595526e-02	-1.268534e+01
5.200000e-07	8.785572e-03	-1.283572e+01
5.300000e-07	-3.614168e-02	-1.301008e+01
5.400000e-07	4.092246e-03	-1.317203e+01
5.500000e-07	-2.895868e-02	-1.330892e+01
5.600000e-07	-7.707995e-03	-1.346729e+01
5.700000e-07	-2.622077e-02	-1.358316e+01
5.800000e-07	-1.540605e-02	-1.377103e+01
5.900000e-07	-1.471544e-02	-1.388785e+01
6.000000e-07	-1.950300e-02	-1.402464e+01
6.100000e-07	-1.358475e-02	-1.415018e+01
6.200000e-07	-2.460064e-02	-1.428037e+01
6.300000e-07	-1.169932e-02	-1.439368e+01
6.400000e-07	-2.641186e-02	-1.454592e+01
6.500000e-07	-1.552660e-02	-1.464174e+01
6.600000e-07	-2.552054e-02	-1.472940e+01
6.700000e-07	-1.504370e-02	-1.481314e+01
6.800000e-07	-2.311981e-02	-1.488792e+01
6.900000e-07	-1.916739e-02	-1.500463e+01
7.000000e-07	-2.565084e-02	-1.505576e+01
7.100000e-07	-2.097044e-02	-1.512890e+01
7.200000e-07	-2.507932e-02	-1.521311e+01
7.300000e-07	-2.282012e-02	-1.527527e+01
7.400000e-07	-2.523924e-02	-1.533739e+01
7.500000e-07	-2.339363e-02	-1.534998e+01
7.600000e-07	-2.382048e-02	-1.543422e+01
7.700000e-07	-2.756720e-02	-1.542631e+01
7.800000e-07	-2.606360e-02	-1.546732e+01
7.900000e-07	-2.934361e-02	-1.549890e+01
8.000000e-07	-2.545996e-02	-1.547048e+01
8.100000e-07	-3.019189e-02	-1.553113e+01
8.200000e-07	-2.927614e-02	-1.557105e+01
8.300000e-07	-3.171782e-02	-1.561106e+01
8.400000e-07	-3.112297e-02	-1.557156e+01
8.500000e-07	-3.400818e-02	-1.555201e+01
8.600000e-07	-3.544799e-02	-1.555108e+01
8.700000e-07	-3.618528e-02	-1.551045e+01
8.800000e-07	-3.655688e-02	-1.549832e+01
8.900000e-07	-3.947565e-02	-1.551632e+01
9.000000e-07	-4.199192e-02	-1.541569e+01
9.100000e-07	-4.219488e-02	-1.539399e+01
9.200000e-07	-4.330197e-02	-1.537103e+01
9.300000e-07	-4.512576e-02	-1.529834e+01
9.400000e-07	-4.839645e-02	-1.523372e+01
9.500000e-07	-4.922522e-02	-1.517208e+01
9.600000e-07	-5.130564e-02	-1.510945e+01
9.700000e-07	-5.543505e-02	-1.501373e+01
9.800000e-07	-5.925134e-02	-1.500253e+01
9.900000e-07	-6.098302e-02	-1.487735e+01
1.000000e-06	-6.462057e-02	-1.481421e+01
1.010000e-06	-6.654739e-02	-1.474587e+01
1.020000e-06	-6.991242e-02	-1.464518e+01
1.030000e-06	-7.091337e-02	-1.452890e+01
1.040000e-06	-7.262785e-02	-1.445156e+01
1.050000e-06	-7.394527e-02	-1.427679e+01
1.060000e-06	-7.449126e-02	-1.414050e+01
1.070000e-06	-7.367093e-02	-1.403421e+01
1.080000e-06	-7.133236e-02	-1.387729e+01
1.090000e-06	-6.881028e-02	-1.373192e+01
1.100000e-06	-6.757332e-02	-1.361259e+01
1.110000e-06	-6.459434e-02	-1.347634e+01
1.120000e-06	-6.086638e-02	-1.332733e+01
1.130000e-06	-5.697832e-02	-1.315155e+01
1.140000e-06	-5.504323e-02	-1.301268e+01
1.150000e-06	-5.199652e-02	-1.288524e+01
1.160000e-06	-4.750886e-02	-1.272630e+01
1.170000e-06	-4.484028e-02	-1.249740e+01
1.180000e-06	-4.225035e-02	-1.237635e+01
1.190000e-06	-4.057600e-02	-1.214150e+01
1.200000e-06	-3.788847e-02	-1.200258e+01
1.210000e-06	-3.565846e-02	-1.176008e+01
1.220000e-06	-3.347543e-02	-1.154993e+01
1.230000e-06	-3.163172e-02	-1.131735e+01
1.240000e-06	-2.850482e-02	-1.111830e+01
1.250000e-06	-2.729272e-02	-1.088735e+01
1.260000e-06	-2.612916e-02	-1.070687e+01
1.270000e-06	-2.500168e-02	-1.053579e+01
1.280000e-06	-2.284681e-02	-1.027787e+01
1.290000e-06	-2.116454e-02	-1.006471e+01
1.300000e-06	-2.106170e-02	-9.863684e+00
1.310000e-06	-1.939242e-02	-9.640034e+00
1.320000e-06	-1.920991e-02	-9.394658e+00
1.330000e-06	-1.792408e-02	-9.159475e+00
1.340000e-06	-1.738110e-02	-8.926921e+00
1.350000e-06	-1.678597e-02	-8.726219e+00
1.360000e-06	-1.539629e-02	-8.425657e+00
1.370000e-06	-1.451749e-02	-8.211554e+00
1.380000e-06	-1.297340e-02	-7.978425e+00
1.390000e-06	-1.191947e-02	-7.706286e+00
1.400000e-06	-1.233169e-02	-7.432078e+00
1.410000e-06	-1.161401e-02	-7.158369e+00
1.420000e-06	-1.255785e-02	-6.885709e+00
1.430000e-06	-1.239348e-02	-6.643030e+00
1.440000e-06	-1.051981e-02	-6.410899e+00
1.450000e-06	-1.093641e-02	-6.125840e+00
1.460000e-06	-9.564518e-03	-5.833106e+00
1.470000e-06	-9.675349e-03	-5.596975e+00
1.480000e-06	-7.842549e-03	-5.282612e+00
1.490000e-06	-8.731337e-03	-4.968972e+00
1.500000e-06	-7.787301e-03	-4.632603e+00
1.510000e-06	-9.272657e-03	-4.410480e+00
1.520000e-06	-8.600731e-03	-4.168446e+00
1.530000e-06	-8.969242e-03	-3.933792e+00
1.540000e-06	-8.560585e-03	-3.598475e+00
1.550000e-06	-7.094874e-03	-3.346891e+00
1.560000e-06	-5.888827e-03	-3.030549e+00
1.570000e-06	-4.251938e-03	-2.747763e+00
1.580000e-06	-5.218272e-03	-2.484109e+00
1.590000e-06	-5.755511e-03	-2.177921e+00
1.600000e-06	-7.386028e-03	-1.904232e+00
1.610000e-06	-5.853082e-03	-1.600473e+00
1.620000e-06	-6.339289e-03	-1.301283e+00
1.630000e-06	-4.638881e-03	-9.874199e-01
1.640000e-06	-4.113547e-03	-7.152856e-01
1.650000e-06	-1.348805e-03	-3.784712e-01
1.660000e-06	-1.180010e-03	-1.162357e-01
1.670000e-06	6.899261e-03	1.689400e-01
1.680000e-06	2.826089e-03	4.526613e-01
1.690000e-06	5.390779e-04	6.847357e-01
1.700000e-06	-5.323276e-04	9.404235e-01
1.710000e-06	1.214191e-04	1.264260e+00
1.720000e-06	2.192755e-03	1.570549e+00
1.730000e-06	4.289553e-03	1.844108e+00
1.740000e-06	2.483941e-02	2.053214e+00
1.750000e-06	7.530763e-02	2.338471e+00
1.760000e-06	7.702649e-03	2.737921e+00
1.770000e-06	-6.577565e-02	3.022708e+00
1.780000e-06	-4.251609e-02	3.274812e+00
1.790000e-06	-4.537983e-03	3.573103e+00
1.800000e-06	-1.824164e-02	3.821605e+00
1.810000e-06	-4.605783e-02	4.011530e+00
1.820000e-06	8.017139e-02	4.255841e+00
1.830000e-06	-7.717118e-03	4.582077e+00
1.840000e-06	3.159553e-02	4.834034e+00
1.850000e-06	7.454378e-02	5.191528e+00
1.860000e-06	-1.087833e-01	5.486784e+00
1.870000e-06	5.885059e-02	5.667971e+00
1.880000e-06	-2.620082e-02	6.004130e+00
1.890000e-06	2.787323e-02	6.224162e+00
1.900000e-06	-2.142022e-03	6.529529e+00
1.910000e-06	-2.487617e-02	6.833661e+00
1.920000e-06	7.553669e-02	7.115764e+00
1.930000e-06	-2.885668e-02	7.390951e+00
1.940000e-06	8.091394e-04	7.594338e+00
1.950000e-06	-3.616091e-02	7.907517e+00
1.960000e-06	5.614744e-02	8.182104e+00
1.970000e-06	2.073573e-02	8.392160e+00
1.980000e-06	-3.409172e-02	8.623736e+00
1.990000e-06	3.190897e-02	8.847868e+00
2.000000e-06	-7.347487e-03	9.087921e+00
2.010000e-06	3.066594e-02	9.319073e+00
2.020000e-06	-2.095311e-02	9.560054e+00
2.030000e-06	7.246439e-03	9.804712e+00
2.040000e-06	1.484548e-02	1.003481e+01
2.050000e-06	2.473537e-02	1.023686e+01
2.060000e-06	9.560477e-03	1.049732e+01
2.070000e-06	-2.003902e-02	1.069842e+01
2.080000e-06	2.543184e-02	1.092942e+01
2.090000e-06	7.057464e-03	1.109947e+01
2.100000e-06	1.645296e-02	1.131845e+01
2.110000e-06	-1.142115e-02	1.152000e+01
2.120000e-06	2.397040e-02	1.175103e+01
2.130000e-06	1.597084e-02	1.191153e+01
2.140000e-06	1.358205e-02	1.212852e+01
2.150000e-06	-4.211828e-03	1.231847e+01
2.160000e-06	8.400310e-03	1.249887e+01
2.170000e-06	2.159301e-02	1.262686e+01
2.180000e-06	9.109454e-03	1.277323e+01
2.190000e-06	8.960607e-03	1.301114e+01
2.200000e-06	7.021001e-03	1.316158e+01
2.210000e-06	2.637502e-02	1.329787e+01
2.220000e-06	7.910913e-03	1.343627e+01
2.230000e-06	7.405746e-03	1.360261e+01
2.240000e-06	4.597891e-03	1.377005e+01
2.250000e-06	2.191269e-02	1.388940e+01
2.260000e-06	1.430072e-02	1.400526e+01
2.270000e-06	9.355000e-03	1.418268e+01
2.280000e-06	1.302925e-02	1.428988e+01
2.290000e-06	1.921458e-02	1.441576e+01
2.300000e-06	1.859928e-02	1.452102e+01
2.310000e-06	7.137737e-03	1.463576e+01
2.320000e-06	1.442488e-02	1.475847e+01
2.330000e-06	1.789146e-02	1.480269e+01
2.340000e-06	2.169925e-02	1.490892e+01
2.350000e-06	1.146898e-02	1.498153e+01
2.360000e-06	1.537343e-02	1.501632e+01
2.370000e-06	1.874866e-02	1.510096e+01
2.380000e-06	2.119139e-02	1.519274e+01
2.390000e-06	1.624227e-02	1.521579e+01
2.400000e-06	1.441866e-02	1.527847e+01
2.410000e-06	2.269215e-02	1.535208e+01
2.420000e-06	2.190270e-02	1.538569e+01
2.430000e-06	2.072913e-02	1.546629e+01
2.440000e-06	1.635691e-02	1.548639e+01
2.450000e-06	2.485137e-02	1.550847e+01
2.460000e-06	2.575934e-02	1.554043e+01
2.470000e-06	2.282891e-02	1.554098e+01
2.480000e-06	2.207854e-02	1.555055e+01
2.490000e-06	2.565469e-02	1.552963e+01
2.500000e-06	2.901267e-02	1.553066e+01
2.510000e-06	2.603005e-02	1.552155e+01
2.520000e-06	2.734864e-02	1.552895e+01
2.530000e-06	3.051657e-02	1.550797e+01
2.540000e-06	3.522310e-02	1.550739e+01
2.550000e-06	3.274406e-02	1.543577e+01
2.560000e-06	3.211589e-02	1.544629e+01
2.570000e-06	3.626454e-02	1.535166e+01
2.580000e-06	3.962467e-02	1.530050e+01
2.590000e-06	3.993032e-02	1.528897e+01
2.600000e-06	3.919990e-02	1.524479e+01
2.610000e-06	4.486354e-02	1.513016e+01
2.620000e-06	4.731054e-02	1.507800e+01
2.630000e-06	4.966392e-02	1.500526e+01
2.640000e-06	5.005576e-02	1.495195e+01
2.650000e-06	5.472320e-02	1.484532e+01
2.660000e-06	6.006141e-02	1.478261e+01
2.670000e-06	6.126124e-02	1.464784e+01
2.680000e-06	6.346533e-02	1.458166e+01
2.690000e-06	6.538760e-02	1.448734e+01
2.700000e-06	6.965971e-02	1.440163e+01
2.710000e-06	6.710543e-02	1.422669e+01
2.720000e-06	6.641592e-02	1.412060e+01
2.730000e-06	6.501805e-02	1.398216e+01
2.740000e-06	6.600999e-02	1.385824e+01
2.750000e-06	6.214821e-02	1.368984e+01
2.760000e-06	5.883571e-02	1.356903e+01
2.770000e-06	5.602606e-02	1.341421e+01
2.780000e-06	5.509991e-02	1.327529e+01
2.790000e-06	5.036405e-02	1.307892e+01
2.800000e-06	4.448722e-02	1.293947e+01
2.810000e-06	4.176862e-02	1.280261e+01
2.820000e-06	4.140297e-02	1.261363e+01
2.830000e-06	3.870324e-02	1.243431e+01
2.840000e-06	3.329927e-02	1.232734e+01
2.850000e-06	3.070077e-02	1.208734e+01
2.860000e-06	3.006405e-02	1.191837e+01
2.870000e-06	2.717779e-02	1.166840e+01
2.880000e-06	2.374021e-02	1.154787e+01
2.890000e-06	2.179474e-02	1.128797e+01
2.900000e-06	2.225727e-02	1.102529e+01
2.910000e-06	2.180743e-02	1.087524e+01
2.920000e-06	1.587775e-02	1.069632e+01
2.930000e-06	1.476142e-02	1.049474e+01
2.940000e-06	1.467613e-02	1.022418e+01
2.950000e-06	1.628040e-02	1.002316e+01
2.960000e-06	1.095488e-02	9.803601e+00
2.970000e-06	1.036580e-02	9.497447e+00
2.980000e-06	1.057475e-02	9.338394e+00
2.990000e-06	1.162655e-02	9.145317e+00
3.000000e-06	6.750756e-03	8.865211e+00
3.010000e-06	5.022519e-03	8.623580e+00
3.020000e-06	6.787340e-03	8.413478e+00
3.030000e-06	8.153819e-03	8.179975e+00
3.040000e-06	5.220871e-03	7.914788e+00
3.050000e-06	2.086059e-03	7.632183e+00
3.060000e-06	4.054465e-03	7.368870e+00
3.070000e-06	4.692635e-03	7.105236e+00
3.080000e-06	3.910429e-03	6.844211e+00
3.090000e-06	1.379302e-03	6.581101e+00
3.100000e-06	2.120980e-03	6.315815e+00
3.110000e-06	3.076562e-03	6.044211e+00
3.120000e-06	7.979491e-04	5.790654e+00
3.130000e-06	-8.671631e-04	5.516892e+00
3.140000e-06	-9.803178e-04	5.243205e+00
3.150000e-06	1.916996e-03	4.894312e+00
3.160000e-06	4.155596e-04	4.621075e+00
3.170000e-06	-2.463954e-03	4.326847e+00
3.180000e-06	-1.169212e-03	4.043579e+00
3.190000e-06	5.419640e-04	3.788998e+00
3.200000e-06	-6.933978e-04	3.545787e+00
3.210000e-06	-4.071364e-03	3.210002e+00
3.220000e-06	-4.024469e-03	2.956393e+00
3.230000e-06	-1.275300e-03	2.663683e+00
3.240000e-06	-1.729802e-03	2.370372e+00
3.250000e-06	-4.846985e-03	2.075237e+00
3.260000e-06	-3.866076e-03	1.862603e+00
3.270000e-06	-2.622242e-03	1.535785e+00
3.280000e-06	-3.263622e-03	1.221030e+00
3.290000e-06	-5.863453e-03	8.717367e-01
3.300000e-06	-5.230175e-03	5.695251e-01
3.310000e-06	-3.059929e-03	3.258131e-01
3.320000e-06	-1.537715e-03	9.325031e-04
3.330000e-06	2.994237e-03	-2.321067e-01
3.340000e-06	-1.460417e-03	-4.837644e-01
3.350000e-06	-1.313947e-03	-8.100299e-01
3.360000e-06	-4.545630e-03	-1.033108e+00
3.370000e-06	-3.374550e-03	-1.329347e+00
3.380000e-06	-4.819647e-03	-1.620055e+00
3.390000e-06	9.433444e-03	-1.842688e+00
3.400000e-06	6.539658e-02	-2.044715e+00
3.410000e-06	5.209563e-02	-2.390054e+00
3.420000e-06	-9.007211e-02	-2.780452e+00
3.430000e-06	-3.612227e-02	-3.199026e+00
3.440000e-06	-3.974573e-02	-3.411132e+00
3.450000e-06	-2.940862e-02	-3.661658e+00
3.460000e-06	-3.714055e-02	-3.905391e+00
3.470000e-06	1.336208e-01	-4.065265e+00
3.480000e-06	-1.447658e-01	-4.359446e+00
3.490000e-06	1.391726e-01	-4.613108e+00
3.500000e-06	-3.565342e-03	-4.875292e+00
3.510000e-06	-9.868818e-02	-5.252707e+00
3.520000e-06	8.574583e-02	-5.506812e+00
3.530000e-06	-1.642331e-01	-5.791582e+00
3.540000e-06	1.400577e-01	-6.034217e+00
3.550000e-06	-6.486058e-02	-6.288295e+00
3.560000e-06	-2.632399e-03	-6.581579e+00
3.570000e-06	6.430645e-02	-6.841292e+00
3.580000e-06	-1.010584e-01	-7.202106e+00
3.590000e-06	6.859865e-02	-7.421659e+00
3.600000e-06	-1.042110e-01	-7.707893e+00
3.610000e-06	5.515277e-02	-7.942557e+00
3.620000e-06	-8.163324e-03	-8.191633e+00
3.630000e-06	-3.762545e-02	-8.465317e+00
3.640000e-06	6.234590e-02	-8.685846e+00
3.650000e-06	-1.037615e-01	-8.949605e+00
3.660000e-06	6.923375e-02	-9.180624e+00
3.670000e-06	-8.100242e-02	-9.413211e+00
3.680000e-06	4.103660e-02	-9.706245e+00
3.690000e-06	-3.468412e-02	-9.874761e+00
3.700000e-06	1.224720e-03	-1.012735e+01
3.710000e-06	6.833742e-03	-1.030795e+01
3.720000e-06	-4.984256e-02	-1.060053e+01
3.730000e-06	2.445074e-02	-1.072098e+01
3.740000e-06	-5.927038e-02	-1.098105e+01
3.750000e-06	3.579829e-02	-1.117105e+01
3.760000e-06	-5.304885e-02	-1.139206e+01
3.770000e-06	2.415257e-02	-1.161413e+01
3.780000e-06	-3.807520e-02	-1.182319e+01
3.790000e-06	7.710421e-03	-1.200426e+01
3.800000e-06	-3.181644e-02	-1.222008e+01
3.810000e-06	-1.137845e-02	-1.237161e+01
3.820000e-06	-1.149146e-02	-1.254056e+01
3.830000e-06	-1.909075e-02	-1.273948e+01
3.840000e-06	-3.868926e-03	-1.290740e+01
3.850000e-06	-2.955535e-02	-1.306824e+01
3.860000e-06	2.540601e-03	-1.319114e+01
3.870000e-06	-3.388189e-02	-1.336113e+01
3.880000e-06	-1.940206e-03	-1.350990e+01
3.890000e-06	-3.466971e-02	-1.363434e+01
3.900000e-06	-2.553883e-03	-1.378469e+01
3.910000e-06	-2.595680e-02	-1.394252e+01
3.920000e-06	-1.100848e-02	-1.409840e+01
3.930000e-06	-2.420244e-02	-1.423366e+01
3.940000e-06	-1.499078e-02	-1.433800e+01
3.950000e-06	-1.909774e-02	-1.448520e+01
3.960000e-06	-2.264624e-02	-1.458108e+01
3.970000e-06	-1.919392e-02	-1.464679e+01
3.980000e-06	-2.161734e-02	-1.478103e+01
3.990000e-06	-1.463628e-02	-1.482324e+01
4.000000e-06	-2.561112e-02	-1.491898e+01
4.010000e-06	-2.047752e-02	-1.501371e+01
4.020000e-06	-2.550685e-02	-1.509887e+01
4.030000e-06	-1.880179e-02	-1.513045e+01
4.040000e-06	-2.784527e-02	-1.522366e+01
4.050000e-06	-2.353735e-02	-1.525787e+01
4.060000e-06	-2.566638e-02	-1.533702e+01
4.070000e-06	-2.024795e-02	-1.538403e+01
4.080000e-06	-2.715975e-02	-1.539356e+01
4.090000e-06	-2.707299e-02	-1.547574e+01
4.100000e-06	-2.809646e-02	-1.547930e+01
4.110000e-06	-2.518609e-02	-1.547742e+01
4.120000e-06	-2.735955e-02	-1.553953e+01
4.130000e-06	-3.200857e-02	-1.556201e+01
4.140000e-06	-3.011029e-02	-1.556106e+01
4.150000e-06	-3.031014e-02	-1.554056e+01
4.160000e-06	-3.155570e-02	-1.556100e+01
4.170000e-06	-3.746154e-02	-1.557141e+01
4.180000e-06	-3.449085e-02	-1.555095e+01
4.190000e-06	-3.461845e-02	-1.550995e+01
4.200000e-06	-3.692725e-02	-1.554942e+01
4.210000e-06	-4.142526e-02	-1.545582e+01
4.220000e-06	-4.156887e-02	-1.540569e+01
4.230000e-06	-4.255936e-02	-1.538205e+01
4.240000e-06	-4.284822e-02	-1.532748e+01
4.250000e-06	-4.885179e-02	-1.531582e+01
4.260000e-06	-4.802581e-02	-1.522361e+01
4.270000e-06	-5.027483e-02	-1.519102e+01
4.280000e-06	-5.263601e-02	-1.509747e+01
4.290000e-06	-5.600412e-02	-1.499474e+01
4.300000e-06	-5.890411e-02	-1.495000e+01
4.310000e-06	-6.031876e-02	-1.488624e+01
4.320000e-06	-6.486142e-02	-1.477054e+01
4.330000e-06	-6.929658e-02	-1.465640e+01
4.340000e-06	-7.328252e-02	-1.453866e+01
4.350000e-06	-7.285264e-02	-1.447424e+01
4.360000e-06	-7.238876e-02	-1.440001e+01
4.370000e-06	-7.266675e-02	-1.426377e+01
4.380000e-06	-7.318863e-02	-1.408842e+01
4.390000e-06	-7.210827e-02	-1.398056e+01
4.400000e-06	-7.042735e-02	-1.382371e+01
4.410000e-06	-7.000556e-02	-1.366632e+01
4.420000e-06	-6.902341e-02	-1.354055e+01
4.430000e-06	-6.314449e-02	-1.342363e+01
4.440000e-06	-5.830455e-02	-1.325724e+01
4.450000e-06	-5.569815e-02	-1.310729e+01
4.460000e-06	-5.273116e-02	-1.293948e+01
4.470000e-06	-4.960381e-02	-1.281258e+01
4.480000e-06	-4.502569e-02	-1.260471e+01
4.490000e-06	-4.361866e-02	-1.244576e+01
4.500000e-06	-4.206693e-02	-1.225736e+01
4.510000e-06	-4.119963e-02	-1.212579e+01
4.520000e-06	-3.627606e-02	-1.193730e+01
4.530000e-06	-3.399459e-02	-1.169730e+01
4.540000e-06	-3.206337e-02	-1.146529e+01
4.550000e-06	-3.064486e-02	-1.124412e+01
4.560000e-06	-2.805077e-02	-1.107368e+01
4.570000e-06	-2.514462e-02	-1.081371e+01
4.580000e-06	-2.563082e-02	-1.063364e+01
4.590000e-06	-2.530022e-02	-1.043264e+01
4.600000e-06	-2.364337e-02	-1.020113e+01
4.610000e-06	-2.088056e-02	-1.003108e+01
4.620000e-06	-2.056202e-02	-9.760450e+00
4.630000e-06	-1.956259e-02	-9.537919e+00
4.640000e-06	-1.875667e-02	-9.286848e+00
4.650000e-06	-1.520130e-02	-9.035739e+00
4.660000e-06	-1.649836e-02	-8.853089e+00
4.670000e-06	-1.640123e-02	-8.603182e+00
4.680000e-06	-1.556014e-02	-8.358447e+00
4.690000e-06	-1.324348e-02	-8.145869e+00
4.700000e-06	-1.287440e-02	-7.905763e+00
4.710000e-06	-1.498873e-02	-7.652576e+00
4.720000e-06	-1.334128e-02	-7.337395e+00
4.730000e-06	-1.155838e-02	-7.134710e+00
4.740000e-06	-1.061560e-02	-6.781503e+00
4.750000e-06	-1.153994e-02	-6.549949e+00
4.760000e-06	-1.022665e-02	-6.296264e+00
4.770000e-06	-9.260073e-03	-5.991977e+00
4.780000e-06	-7.509043e-03	-5.747397e+00
4.790000e-06	-1.073357e-02	-5.522710e+00
4.800000e-06	-1.033736e-02	-5.168870e+00
4.810000e-06	-9.806826e-03	-4.793132e+00
4.820000e-06	-6.257027e-03	-4.557396e+00
4.830000e-06	-9.373883e-03	-4.316267e+00
4.840000e-06	-7.457666e-03	-4.051633e+00
4.850000e-06	-7.256591e-03	-3.820498e+00
4.860000e-06	-5.979542e-03	-3.484713e+00
4.870000e-06	-8.617371e-03	-3.231650e+00
4.880000e-06	-6.967941e-03	-2.905790e+00
4.890000e-06	-6.721083e-03	-2.592080e+00
4.900000e-06	-5.209776e-03	-2.356519e+00
4.910000e-06	-5.726884e-03	-2.052633e+00
4.920000e-06	-5.549804e-03	-1.816949e+00
4.930000e-06	-4.642850e-03	-1.504236e+00
4.940000e-06	-3.886871e-03	-1.167341e+00
4.950000e-06	-4.316293e-03	-8.415818e-01
4.960000e-06	-5.647780e-03	-6.289437e-01
4.970000e-06	-2.815541e-03	-2.947344e-01
4.980000e-06	1.196297e-04	-6.103027e-02
4.990000e-06	9.609541e-03	2.447828e-01
5.000000e-06	-1.578461e-03	4.958396e-01
5.010000e-06	4.055353e-03	7.994949e-01
5.020000e-06	-1.174325e-03	1.103813e+00
5.030000e-06	4.899005e-03	1.390499e+00
5.040000e-06	-4.022243e-04	1.707789e+00
5.050000e-06	9.508534e-03	1.906916e+00
5.060000e-06	3.616812e-02	2.168975e+00
5.070000e-06	8.043417e-02	2.506313e+00
5.080000e-06	-4.791268e-02	2.883187e+00
5.090000e-06	-4.781992e-02	3.136920e+00
5.100000e-06	-3.490685e-02	3.403054e+00
5.110000e-06	1.068315e-02	3.644212e+00
5.120000e-06	-4.697546e-02	3.855263e+00
5.130000e-06	-1.345506e-02	4.063755e+00
5.140000e-06	9.712854e-02	4.379606e+00
5.150000e-06	-6.654441e-02	4.665691e+00
5.160000e-06	1.232539e-01	4.930945e+00
5.170000e-06	-4.228246e-02	5.277396e+00
5.180000e-06	-4.065692e-02	5.578972e+00
5.190000e-06	4.928165e-02	5.823660e+00
5.200000e-06	-3.724640e-02	6.116345e+00
5.210000e-06	5.296193e-02	6.347999e+00
5.220000e-06	-4.863356e-02	6.654216e+00
5.230000e-06	3.520768e-02	6.927394e+00
5.240000e-06	3.880078e-02	7.160155e+00
5.250000e-06	-2.667129e-02	7.444412e+00
5.260000e-06	-1.026703e-02	7.748953e+00
5.270000e-06	-1.312078e-02	7.995683e+00
5.280000e-06	6.858408e-02	8.317341e+00
5.290000e-06	-1.695454e-02	8.466365e+00
5.300000e-06	-1.228331e-02	8.707475e+00
5.310000e-06	2.821340e-02	8.982024e+00
5.320000e-06	-6.493997e-03	9.185183e+00
5.330000e-06	2.809833e-02	9.402660e+00
5.340000e-06	-2.941457e-02	9.666294e+00
5.350000e-06	2.733929e-02	9.877395e+00
5.360000e-06	1.037251e-02	1.012092e+01
5.370000e-06	2.694798e-02	1.028102e+01
5.380000e-06	-9.534789e-03	1.057958e+01
5.390000e-06	-8.736760e-03	1.078066e+01
5.400000e-06	2.937634e-02	1.098160e+01
5.410000e-06	2.236983e-03	1.116163e+01
5.420000e-06	1.455493e-02	1.140274e+01
5.430000e-06	-8.995727e-03	1.160473e+01
5.440000e-06	3.330744e-02	1.183368e+01
5.450000e-06	8.694708e-03	1.202466e+01
5.460000e-06	8.532572e-03	1.223316e+01
5.470000e-06	-5.576972e-03	1.239158e+01
5.480000e-06	1.637017e-02	1.255151e+01
5.490000e-06	2.083600e-02	1.270052e+01
5.500000e-06	4.970232e-03	1.287847e+01
5.510000e-06	9.907892e-03	1.305579e+01
5.520000e-06	1.277427e-02	1.321467e+01
5.530000e-06	2.560740e-02	1.335158e+01
5.540000e-06	3.222539e-03	1.348890e+01
5.550000e-06	6.058661e-03	1.363430e+01
5.560000e-06	1.078070e-02	1.379418e+01
5.570000e-06	2.255981e-02	1.392156e+01
5.580000e-06	1.176543e-02	1.409745e+01
5.590000e-06	7.824030e-03	1.424479e+01
5.600000e-06	1.725006e-02	1.430363e+01
5.610000e-06	1.961281e-02	1.445637e+01
5.620000e-06	1.532630e-02	1.455156e+01
5.630000e-06	5.944044e-03	1.468834e+01
5.640000e-06	1.687875e-02	1.475004e+01
5.650000e-06	2.078200e-02	1.483476e+01
5.660000e-06	1.753499e-02	1.493995e+01
5.670000e-06	1.061341e-02	1.500266e+01
5.680000e-06	1.457973e-02	1.504735e+01
5.690000e-06	2.282957e-02	1.513058e+01
5.700000e-06	1.808445e-02	1.521474e+01
5.710000e-06	1.478903e-02	1.525790e+01
5.720000e-06	1.615585e-02	1.532850e+01
5.730000e-06	2.503402e-02	1.538364e+01
5.740000e-06	2.209577e-02	1.539624e+01
5.750000e-06	1.629752e-02	1.545579e+01
5.760000e-06	1.943474e-02	1.548785e+01
5.770000e-06	2.502458e-02	1.548095e+01
5.780000e-06	2.658451e-02	1.552048e+01
5.790000e-06	1.980848e-02	1.552963e+01
5.800000e-06	2.304868e-02	1.555003e+01
5.810000e-06	2.863265e-02	1.556058e+01
5.820000e-06	3.054316e-02	1.554903e+01
5.830000e-06	2.502751e-02	1.552948e+01
5.840000e-06	2.629816e-02	1.553047e+01
5.850000e-06	3.329878e-02	1.547839e+01
5.860000e-06	3.531203e-02	1.549637e+01
5.870000e-06	3.187986e-02	1.543629e+01
5.880000e-06	3.136739e-02	1.541518e+01
5.890000e-06	3.825029e-02	1.537208e+01
5.900000e-06	4.174183e-02	1.532907e+01
5.910000e-06	3.988248e-02	1.530737e+01
5.920000e-06	3.853627e-02	1.520321e+01
5.930000e-06	4.661286e-02	1.517056e+01
5.940000e-06	5.062192e-02	1.508685e+01
5.950000e-06	4.915290e-02	1.495266e+01
5.960000e-06	4.998845e-02	1.490945e+01
5.970000e-06	5.544629e-02	1.483564e+01
5.980000e-06	6.289701e-02	1.471898e+01
5.990000e-06	6.245103e-02	1.462579e+01
6.000000e-06	6.222837e-02	1.452995e+01
6.010000e-06	6.590818e-02	1.447569e+01
6.020000e-06	7.002677e-02	1.427900e+01
6.030000e-06	6.909652e-02	1.421311e+01
6.040000e-06	6.328740e-02	1.408682e+01
6.050000e-06	6.418072e-02	1.395010e+01
6.060000e-06	6.540274e-02	1.376413e+01
6.070000e-06	6.299695e-02	1.364432e+01
6.080000e-06	5.514253e-02	1.355705e+01
6.090000e-06	5.389864e-02	1.334750e+01
6.100000e-06	5.394201e-02	1.325318e+01
6.110000e-06	5.111289e-02	1.308529e+01
6.120000e-06	4.381359e-02	1.287887e+01
6.130000e-06	4.075530e-02	1.274942e+01
6.140000e-06	4.081722e-02	1.251998e+01
6.150000e-06	3.723161e-02	1.239263e+01
6.160000e-06	3.158141e-02	1.222463e+01
6.170000e-06	2.763620e-02	1.203516e+01
6.180000e-06	2.971076e-02	1.185376e+01
6.190000e-06	2.729652e-02	1.168321e+01
6.200000e-06	2.360792e-02	1.142475e+01
6.210000e-06	2.058618e-02	1.123318e+01
6.220000e-06	2.161408e-02	1.099308e+01
6.230000e-06	2.145854e-02	1.080309e+01
6.240000e-06	1.656610e-02	1.059200e+01
6.250000e-06	1.407416e-02	1.036260e+01
6.260000e-06	1.388997e-02	1.012948e+01
6.270000e-06	1.474992e-02	9.979899e+00
6.280000e-06	1.182366e-02	9.727841e+00
6.290000e-06	9.002411e-03	9.426612e+00
6.300000e-06	9.568900e-03	9.254134e+00
6.310000e-06	1.110367e-02	8.973705e+00
6.320000e-06	8.997005e-03	8.789500e+00
6.330000e-06	5.397375e-03	8.546498e+00
6.340000e-06	6.043121e-03	8.337796e+00
6.350000e-06	7.006910e-03	8.045182e+00
6.360000e-06	6.180373e-03	7.802105e+00
6.370000e-06	3.216129e-03	7.537827e+00
6.380000e-06	2.690402e-03	7.235787e+00
6.390000e-06	4.360868e-03	6.991575e+00
6.400000e-06	4.550044e-03	6.756924e+00
6.410000e-06	2.040296e-03	6.484713e+00
6.420000e-06	7.067531e-04	6.241529e+00
6.430000e-06	1.821229e-03	5.967501e+00
6.440000e-06	3.213809e-03	5.688334e+00
6.450000e-06	5.555019e-04	5.415628e+00
6.460000e-06	-1.977999e-03	5.077292e+00
6.470000e-06	-6.102967e-06	4.779571e+00
6.480000e-06	1.373375e-03	4.515815e+00
6.490000e-06	-6.022822e-04	4.214158e+00
6.500000e-06	-2.463649e-03	3.916817e+00
6.510000e-06	-1.058477e-03	3.683283e+00
6.520000e-06	-1.315288e-03	3.402472e+00
6.530000e-06	-1.506327e-03	3.093738e+00
6.540000e-06	-4.119895e-03	2.883705e+00
6.550000e-06	-2.813034e-03	2.549390e+00
6.560000e-06	-1.688889e-03	2.263133e+00
6.570000e-06	-2.110267e-03	2.029499e+00
6.580000e-06	-4.402063e-03	1.745391e+00
6.590000e-06	-4.961730e-03	1.400078e+00
6.600000e-06	-3.217114e-03	1.105157e+00
6.610000e-06	-2.933737e-03	7.898172e-01
6.620000e-06	-5.001836e-03	4.656857e-01
6.630000e-06	-3.625870e-03	2.010687e-01
6.640000e-06	-2.141884e-04	-7.419178e-02
6.650000e-06	9.041143e-03	-3.273197e-01
6.660000e-06	-6.327406e-03	-5.925551e-01
6.670000e-06	-1.072694e-03	-8.447905e-01
6.680000e-06	-7.786331e-03	-1.116341e+00
6.690000e-06	-8.064852e-05	-1.443659e+00
6.700000e-06	-3.733818e-03	-1.706267e+00
6.710000e-06	2.120949e-02	-1.947918e+00
6.720000e-06	8.910426e-02	-2.159550e+00
6.730000e-06	-2.006488e-02	-2.559372e+00
6.740000e-06	-6.624339e-02	-2.937370e+00
6.750000e-06	-4.304813e-02	-3.293737e+00
6.760000e-06	-2.165239e-02	-3.495815e+00
6.770000e-06	-5.911154e-02	-3.759026e+00
6.780000e-06	4.950060e-02	-3.990502e+00
6.790000e-06	4.985974e-02	-4.148503e+00
6.800000e-06	-1.220979e-01	-4.443188e+00
6.810000e-06	1.928406e-01	-4.696373e+00
6.820000e-06	-1.432159e-01	-4.981608e+00
6.830000e-06	3.576912e-02	-5.346550e+00
6.840000e-06	-3.132411e-02	-5.591156e+00
6.850000e-06	-8.622774e-02	-5.897293e+00
6.860000e-06	1.401762e-01	-6.167897e+00
6.870000e-06	-1.312124e-01	-6.413159e+00
6.880000e-06	9.604580e-02	-6.697793e+00
6.890000e-06	-3.949443e-02	-6.989980e+00
6.900000e-06	-2.750552e-02	-7.306819e+00
6.910000e-06	2.669100e-02	-7.477943e+00
6.920000e-06	-9.913059e-02	-7.802629e+00
6.930000e-06	9.836226e-02	-8.065366e+00
6.940000e-06	-8.230447e-02	-8.298295e+00
6.950000e-06	5.284618e-02	-8.570034e+00
6.960000e-06	-2.419356e-02	-8.801588e+00
6.970000e-06	-4.486948e-02	-9.096262e+00
6.980000e-06	3.915616e-02	-9.275117e+00
6.990000e-06	-7.775146e-02	-9.528872e+00
7.000000e-06	6.251341e-02	-9.729420e+00
7.010000e-06	-7.495141e-02	-9.951027e+00
7.020000e-06	5.511722e-02	-1.018211e+01
7.030000e-06	-5.403739e-02	-1.041264e+01
7.040000e-06	7.050300e-03	-1.060319e+01
7.050000e-06	-2.537447e-02	-1.081173e+01
7.060000e-06	-1.821431e-02	-1.102417e+01
7.070000e-06	9.235031e-03	-1.121576e+01
7.080000e-06	-3.763485e-02	-1.147734e+01
7.090000e-06	1.812542e-02	-1.165879e+01
7.100000e-06	-4.216949e-02	-1.188739e+01
7.110000e-06	1.677494e-02	-1.206837e+01
7.120000e-06	-4.810689e-02	-1.225732e+01
7.130000e-06	9.413712e-03	-1.245577e+01
7.140000e-06	-3.271222e-02	-1.260416e+01
7.150000e-06	4.616105e-03	-1.275413e+01
7.160000e-06	-2.619496e-02	-1.299093e+01
7.170000e-06	-1.050392e-02	-1.310942e+01
7.180000e-06	-1.643257e-02	-1.327579e+01
7.190000e-06	-1.925262e-02	-1.342326e+01
7.200000e-06	-1.242444e-02	-1.355060e+01
7.210000e-06	-2.857857e-02	-1.370800e+01
7.220000e-06	-5.477092e-03	-1.385676e+01
7.230000e-06	-2.508211e-02	-1.394118e+01
7.240000e-06	-7.360570e-03	-1.412948e+01
7.250000e-06	-2.858248e-02	-1.422524e+01
7.260000e-06	-1.106640e-02	-1.438156e+01
7.270000e-06	-2.432480e-02	-1.447534e+01
7.280000e-06	-1.692011e-02	-1.460304e+01
7.290000e-06	-2.508019e-02	-1.467945e+01
7.300000e-06	-1.878418e-02	-1.476211e+01
7.310000e-06	-1.751381e-02	-1.488727e+01
7.320000e-06	-1.890759e-02	-1.493208e+01
7.330000e-06	-2.267377e-02	-1.505474e+01
7.340000e-06	-2.306883e-02	-1.512800e+01
7.350000e-06	-2.212002e-02	-1.516150e+01
7.360000e-06	-2.526153e-02	-1.523516e+01
7.370000e-06	-2.600560e-02	-1.529582e+01
7.380000e-06	-2.709281e-02	-1.536097e+01
7.390000e-06	-2.170845e-02	-1.540061e+01
7.400000e-06	-2.641164e-02	-1.544479e+01
7.410000e-06	-2.491384e-02	-1.547732e+01
7.420000e-06	-2.995467e-02	-1.548640e+01
7.430000e-06	-2.422754e-02	-1.551903e+01
7.440000e-06	-2.951907e-02	-1.554000e+01
7.450000e-06	-3.130449e-02	-1.560196e+01
7.460000e-06	-3.328334e-02	-1.557108e+01
7.470000e-06	-3.176853e-02	-1.556103e+01
7.480000e-06	-3.158452e-02	-1.559253e+01
7.490000e-06	-3.462845e-02	-1.556050e+01
7.500000e-06	-3.641612e-02	-1.553041e+01
7.510000e-06	-3.675247e-02	-1.550997e+01
7.520000e-06	-3.733924e-02	-1.546892e+01
7.530000e-06	-4.131879e-02	-1.546474e+01
7.540000e-06	-4.429944e-02	-1.540268e+01
7.550000e-06	-4.324796e-02	-1.533110e+01
7.560000e-06	-4.316711e-02	-1.531793e+01
7.570000e-06	-4.516369e-02	-1.526529e+01
7.580000e-06	-4.981530e-02	-1.521256e+01
7.590000e-06	-5.245072e-02	-1.513902e+01
7.600000e-06	-5.350209e-02	-1.507734e+01
7.610000e-06	-5.695067e-02	-1.496271e+01
7.620000e-06	-6.126106e-02	-1.489895e+01
7.630000e-06	-6.367126e-02	-1.481424e+01
7.640000e-06	-6.423469e-02	-1.475895e+01
7.650000e-06	-6.717873e-02	-1.464369e+01
7.660000e-06	-7.144617e-02	-1.453000e+01
7.670000e-06	-7.481010e-02	-1.447374e+01
7.680000e-06	-7.323931e-02	-1.427739e+01
7.690000e-06	-7.314183e-02	-1.419066e+01
7.700000e-06	-7.495290e-02	-1.404572e+01
7.710000e-06	-7.241266e-02	-1.395040e+01
7.720000e-06	-6.915359e-02	-1.378153e+01
7.730000e-06	-6.592713e-02	-1.363421e+01
7.740000e-06	-6.559178e-02	-1.353842e+01
7.750000e-06	-6.280115e-02	-1.337198e+01
7.760000e-06	-5.795492e-02	-1.320313e+01
7.770000e-06	-5.398482e-02	-1.306419e+01
7.780000e-06	-5.234796e-02	-1.290787e+01
7.790000e-06	-5.029824e-02	-1.279990e+01
7.800000e-06	-4.664087e-02	-1.254100e+01
7.810000e-06	-4.192334e-02	-1.242163e+01
7.820000e-06	-4.040247e-02	-1.221266e+01
7.830000e-06	-3.944404e-02	-1.202476e+01
7.840000e-06	-3.542240e-02	-1.180411e+01
7.850000e-06	-3.223416e-02	-1.164413e+01
7.860000e-06	-3.118529e-02	-1.141156e+01
7.870000e-06	-3.178659e-02	-1.118158e+01
7.880000e-06	-2.877168e-02	-1.100003e+01
7.890000e-06	-2.563460e-02	-1.075945e+01
7.900000e-06	-2.401348e-02	-1.056200e+01
7.910000e-06	-2.445273e-02	-1.036832e+01
7.920000e-06	-2.137282e-02	-1.012834e+01
7.930000e-06	-2.020531e-02	-9.906788e+00
7.940000e-06	-1.901770e-02	-9.715766e+00
7.950000e-06	-1.986250e-02	-9.475663e+00
7.960000e-06	-2.009313e-02	-9.233133e+00
7.970000e-06	-1.687702e-02	-9.000554e+00
7.980000e-06	-1.619243e-02	-8.788375e+00
7.990000e-06	-1.603913e-02	-8.527919e+00
8.000000e-06	-1.551421e-02	-8.275684e+00
8.010000e-06	-1.263261e-02	-8.073583e+00
8.020000e-06	-1.109922e-02	-7.790445e+00
8.030000e-06	-1.302430e-02	-7.496262e+00
8.040000e-06	-1.398098e-02	-7.243602e+00
8.050000e-06	-1.137883e-02	-6.949426e+00
8.060000e-06	-1.156624e-02	-6.706262e+00
8.070000e-06	-1.012869e-02	-6.444208e+00
8.080000e-06	-1.180995e-02	-6.221000e+00
8.090000e-06	-1.003883e-02	-5.945740e+00
8.100000e-06	-7.504858e-03	-5.682130e+00
8.110000e-06	-9.257265e-03	-5.368346e+00
8.120000e-06	-9.417105e-03	-5.083150e+00
8.130000e-06	-8.208640e-03	-4.728839e+00
8.140000e-06	-6.572656e-03	-4.462709e+00
8.150000e-06	-8.868405e-03	-4.272529e+00
8.160000e-06	-8.395059e-03	-3.948395e+00
8.170000e-06	-8.766541e-03	-3.631662e+00
8.180000e-06	-5.573342e-03	-3.380448e+00
8.190000e-06	-7.646563e-03	-3.156288e+00
8.200000e-06	-5.933660e-03	-2.808949e+00
8.210000e-06	-5.659152e-03	-2.558791e+00
8.220000e-06	-3.926076e-03	-2.323633e+00
8.230000e-06	-5.581078e-03	-1.976312e+00
8.240000e-06	-6.075481e-03	-1.733286e+00
8.250000e-06	-5.384983e-03	-1.390370e+00
8.260000e-06	-4.137051e-03	-1.062603e+00
8.270000e-06	-3.637657e-03	-7.779208e-01
8.280000e-06	-3.141910e-03	-4.521827e-01
8.290000e-06	-2.393685e-03	-2.479238e-01
8.300000e-06	3.591721e-03	9.423421e-02
8.310000e-06	7.760329e-03	3.704749e-01
8.320000e-06	-2.475102e-03	6.121329e-01
8.330000e-06	2.823802e-03	8.953919e-01
8.340000e-06	-8.648138e-04	1.192580e+00
8.350000e-06	5.520260e-03	1.476814e+00
8.360000e-06	5.653649e-04	1.822029e+00
8.370000e-06	1.947816e-02	2.010081e+00
8.380000e-06	5.996446e-02	2.254712e+00
8.390000e-06	4.922542e-02	2.603159e+00
8.400000e-06	-7.158384e-02	2.979975e+00
8.410000e-06	-4.275307e-02	3.222608e+00
8.420000e-06	-1.972445e-02	3.488395e+00
8.430000e-06	1.495906e-03	3.699421e+00
8.440000e-06	-5.626897e-02	3.926346e+00
8.450000e-06	4.031916e-02	4.170625e+00
8.460000e-06	5.456409e-02	4.538394e+00
8.470000e-06	-3.944288e-02	4.748876e+00
8.480000e-06	1.339465e-01	5.094738e+00
8.490000e-06	-1.133682e-01	5.414154e+00
8.500000e-06	3.193238e-02	5.625138e+00
8.510000e-06	3.309016e-03	5.939475e+00
8.520000e-06	-7.443252e-03	6.201627e+00
8.530000e-06	3.457685e-02	6.485693e+00
8.540000e-06	-5.253367e-02	6.739476e+00
8.550000e-06	7.641215e-02	6.983610e+00
8.560000e-06	-9.963045e-03	7.216318e+00
8.570000e-06	-5.179246e-03	7.579979e+00
8.580000e-06	-3.009797e-02	7.824262e+00
8.590000e-06	2.707669e-02	8.088999e+00
8.600000e-06	4.592159e-02	8.371025e+00
8.610000e-06	-3.478958e-02	8.611553e+00
8.620000e-06	1.907881e-02	8.772213e+00
8.630000e-06	6.244870e-03	9.045812e+00
8.640000e-06	1.517488e-02	9.298346e+00
8.650000e-06	2.928308e-03	9.508419e+00
8.660000e-06	-1.130695e-02	9.739528e+00
8.670000e-06	2.143242e-02	9.972581e+00
8.680000e-06	1.693265e-02	1.020263e+01
8.690000e-06	2.074912e-02	1.041519e+01
8.700000e-06	-2.032621e-02	1.063379e+01
8.710000e-06	1.143431e-02	1.087622e+01
8.720000e-06	1.746684e-02	1.103474e+01
8.730000e-06	1.145442e-02	1.124729e+01
8.740000e-06	-7.325902e-04	1.149542e+01
8.750000e-06	8.717977e-03	1.167747e+01
8.760000e-06	2.722917e-02	1.187837e+01
8.770000e-06	9.759234e-03	1.209694e+01
8.780000e-06	5.539372e-04	1.227734e+01
8.790000e-06	-1.012725e-03	1.240621e+01
8.800000e-06	2.238535e-02	1.258526e+01
8.810000e-06	1.538691e-02	1.277308e+01
8.820000e-06	8.130609e-03	1.292158e+01
8.830000e-06	5.583904e-03	1.310947e+01
8.840000e-06	2.118414e-02	1.323640e+01
8.850000e-06	1.593354e-02	1.342469e+01
8.860000e-06	4.333270e-03	1.355106e+01
8.870000e-06	3.136467e-03	1.369895e+01
8.880000e-06	2.004895e-02	1.384582e+01
8.890000e-06	1.813785e-02	1.400369e+01
8.900000e-06	1.401505e-02	1.414248e+01
8.910000e-06	6.564231e-03	1.427737e+01
8.920000e-06	1.803914e-02	1.441371e+01
8.930000e-06	1.836310e-02	1.449744e+01
8.940000e-06	1.129373e-02	1.461416e+01
8.950000e-06	1.207623e-02	1.470690e+01
8.960000e-06	1.881667e-02	1.480411e+01
8.970000e-06	2.441890e-02	1.490637e+01
8.980000e-06	1.529556e-02	1.497155e+01
8.990000e-06	1.232839e-02	1.503624e+01
9.000000e-06	1.444615e-02	1.508842e+01
9.010000e-06	2.144278e-02	1.513210e+01
9.020000e-06	1.662578e-02	1.521474e+01
9.030000e-06	1.626585e-02	1.527840e+01
9.040000e-06	2.053311e-02	1.534107e+01
9.050000e-06	2.653953e-02	1.539321e+01
9.060000e-06	2.162764e-02	1.542574e+01
9.070000e-06	1.583114e-02	1.546585e+01
9.080000e-06	2.150379e-02	1.548697e+01
9.090000e-06	2.455502e-02	1.551892e+01
9.100000e-06	2.535024e-02	1.550048e+01
9.110000e-06	1.940544e-02	1.553952e+01
9.120000e-06	2.390726e-02	1.555105e+01
9.130000e-06	2.862028e-02	1.554013e+01
9.140000e-06	2.798843e-02	1.554950e+01
9.150000e-06	2.727743e-02	1.551055e+01
9.160000e-06	2.886920e-02	1.550902e+01
9.170000e-06	3.566555e-02	1.549892e+01
9.180000e-06	3.390352e-02	1.547784e+01
9.190000e-06	3.124964e-02	1.542577e+01
9.200000e-06	3.156571e-02	1.539209e+01
9.210000e-06	3.708641e-02	1.536050e+01
9.220000e-06	4.112868e-02	1.528647e+01
9.230000e-06	4.088566e-02	1.525726e+01
9.240000e-06	4.351473e-02	1.518313e+01
9.250000e-06	4.740715e-02	1.510895e+01
9.260000e-06	5.054476e-02	1.501629e+01
9.270000e-06	5.009026e-02	1.498255e+01
9.280000e-06	5.213552e-02	1.488684e+01
9.290000e-06	5.654981e-02	1.478251e+01
9.300000e-06	6.151798e-02	1.474745e+01
9.310000e-06	6.441506e-02	1.457473e+01
9.320000e-06	6.338145e-02	1.450795e+01
9.330000e-06	6.827302e-02	1.439317e+01
9.340000e-06	6.792664e-02	1.426797e+01
9.350000e-06	6.904743e-02	1.417060e+01
9.360000e-06	6.420588e-02	1.401519e+01
9.370000e-06	6.583286e-02	1.391790e+01
9.380000e-06	6.283397e-02	1.375055e+01
9.390000e-06	6.104847e-02	1.358411e+01
9.400000e-06	5.514370e-02	1.345621e+01
9.410000e-06	5.251323e-02	1.328734e+01
9.420000e-06	5.063288e-02	1.319153e+01
9.430000e-06	4.781437e-02	1.296368e+01
9.440000e-06	4.482353e-02	1.283271e+01
9.450000e-06	4.054909e-02	1.267541e+01
9.460000e-06	3.906220e-02	1.249787e+01
9.470000e-06	3.416867e-02	1.233090e+01
9.480000e-06	3.155517e-02	1.216205e+01
9.490000e-06	2.815448e-02	1.197250e+01
9.500000e-06	2.775090e-02	1.178005e+01
9.510000e-06	2.486336e-02	1.152998e+01
9.520000e-06	2.304887e-02	1.133000e+01
9.530000e-06	2.180944e-02	1.114892e+01
9.540000e-06	1.993098e-02	1.093887e+01
9.550000e-06	1.834275e-02	1.075897e+01
9.560000e-06	1.618435e-02	1.050727e+01
9.570000e-06	1.532398e-02	1.029587e+01
9.580000e-06	1.294161e-02	1.008631e+01
9.590000e-06	1.355937e-02	9.835240e+00
9.600000e-06	1.142834e-02	9.641527e+00
9.610000e-06	9.862859e-03	9.379551e+00
9.620000e-06	8.994970e-03	9.220949e+00
9.630000e-06	8.117870e-03	8.909422e+00
9.640000e-06	7.737211e-03	8.684788e+00
9.650000e-06	6.766684e-03	8.432761e+00
9.660000e-06	6.641099e-03	8.211734e+00
9.670000e-06	5.755567e-03	7.942000e+00
9.680000e-06	4.991498e-03	7.727745e+00
9.690000e-06	4.568082e-03	7.463634e+00
9.700000e-06	2.958076e-03	7.139401e+00
9.710000e-06	2.840255e-03	6.916391e+00
9.720000e-06	1.923124e-03	6.673256e+00
9.730000e-06	3.038771e-03	6.381574e+00
9.740000e-06	2.254637e-03	6.107395e+00
9.750000e-06	1.183559e-03	5.864212e+00
9.760000e-06	8.230994e-04	5.610053e+00
9.770000e-06	5.596154e-04	5.306291e+00
9.780000e-06	-4.965958e-04	4.950046e+00
9.790000e-06	2.402803e-04	4.706186e+00
9.800000e-06	-5.131434e-04	4.413125e+00
9.810000e-06	-1.831894e-04	4.116862e+00
9.820000e-06	-1.238779e-03	3.821623e+00
9.830000e-06	-2.989467e-03	3.590448e+00
9.840000e-06	-2.960072e-03	3.265232e+00
9.850000e-06	-2.618177e-03	3.032125e+00
9.860000e-06	-1.789216e-03	2.757795e+00
9.870000e-06	-2.704944e-03	2.473049e+00
9.880000e-06	-2.516966e-03	2.168392e+00
9.890000e-06	-3.212475e-03	1.914731e+00
9.900000e-06	-4.159551e-03	1.619551e+00
9.910000e-06	-4.854477e-03	1.315233e+00
9.920000e-06	-5.250791e-03	9.868422e-01
9.930000e-06	-3.874756e-03	6.531592e-01
9.940000e-06	-3.517400e-03	3.800761e-01
9.950000e-06	-2.117881e-03	9.565822e-02
9.960000e-06	1.587788e-03	-1.989736e-01
9.970000e-06	4.844314e-03	-4.306540e-01
9.980000e-06	-4.876914e-03	-6.768146e-01
9.990000e-06	-2.504505e-03	-9.679463e-01
1.000000e-05	-6.569983e-03	-1.233628e+00
1.001000e-05	-2.372442e-03	-1.609948e+00
1.002000e-05	2.499260e-03	-1.780025e+00
1.003000e-05	4.294564e-02	-2.000531e+00
1.004000e-05	8.586794e-02	-2.295697e+00
1.005000e-05	-7.833577e-02	-2.734240e+00
1.006000e-05	-3.936390e-02	-3.065285e+00
1.007000e-05	-4.843398e-02	-3.357450e+00
1.008000e-05	-1.357952e-02	-3.578901e+00
1.009000e-05	-6.871495e-02	-3.852610e+00
1.010000e-05	1.297918e-01	-4.052612e+00
1.011000e-05	-8.290232e-02	-4.294716e+00
1.012000e-05	1.531288e-02	-4.510501e+00
1.013000e-05	1.100948e-01	-4.838999e+00
1.014000e-05	-1.633792e-01	-5.109026e+00
1.015000e-05	1.098906e-01	-5.432654e+00
1.016000e-05	-1.433258e-01	-5.727367e+00
1.017000e-05	5.848937e-02	-5.989630e+00
1.018000e-05	3.196323e-02	-6.214184e+00
1.019000e-05	-8.612216e-02	-6.559023e+00
1.020000e-05	1.151704e-01	-6.749450e+00
1.021000e-05	-1.049463e-01	-7.096291e+00
1.022000e-05	5.210604e-02	-7.379951e+00
1.023000e-05	-5.950191e-02	-7.641659e+00
1.024000e-05	-1.802943e-02	-7.899920e+00
1.025000e-05	5.516883e-02	-8.189001e+00
1.026000e-05	-8.663546e-02	-8.362162e+00
1.027000e-05	9.076536e-02	-8.653740e+00
1.028000e-05	-9.420654e-02	-8.887771e+00
1.029000e-05	3.871818e-02	-9.147950e+00
1.030000e-05	-3.536081e-02	-9.358501e+00
1.031000e-05	-1.304768e-02	-9.603706e+00
1.032000e-05	1.545128e-02	-9.812611e+00
1.033000e-05	-4.881095e-02	-1.004577e+01
1.034000e-05	4.972038e-02	-1.024526e+01
1.035000e-05	-7.168572e-02	-1.050684e+01
1.036000e-05	3.760924e-02	-1.073682e+01
1.037000e-05	-6.233441e-02	-1.088747e+01
1.038000e-05	2.788924e-02	-1.108842e+01
1.039000e-05	-3.581274e-02	-1.129842e+01
1.040000e-05	2.501402e-03	-1.156198e+01
1.041000e-05	-1.526898e-02	-1.173008e+01
1.042000e-05	-1.463583e-02	-1.196145e+01
1.043000e-05	-6.426764e-03	-1.214953e+01
1.044000e-05	-3.470125e-02	-1.233053e+01
1.045000e-05	5.544666e-03	-1.251792e+01
1.046000e-05	-3.307007e-02	-1.268582e+01
1.047000e-05	9.265470e-03	-1.283524e+01
1.048000e-05	-3.629148e-02	-1.300274e+01
1.049000e-05	5.587640e-03	-1.317098e+01
1.050000e-05	-3.185637e-02	-1.333942e+01
1.051000e-05	-4.247136e-03	-1.346784e+01
1.052000e-05	-3.078900e-02	-1.359371e+01
1.053000e-05	-1.294497e-02	-1.379208e+01
1.054000e-05	-1.748105e-02	-1.392947e+01
1.055000e-05	-1.590888e-02	-1.404677e+01
1.056000e-05	-1.482868e-02	-1.418103e+01
1.057000e-05	-2.407801e-02	-1.432892e+01
1.058000e-05	-1.282327e-02	-1.442273e+01
1.059000e-05	-2.516875e-02	-1.450945e+01
1.060000e-05	-1.515164e-02	-1.465476e+01
1.061000e-05	-2.763384e-02	-1.475000e+01
1.062000e-05	-1.474258e-02	-1.480316e+01
1.063000e-05	-2.311331e-02	-1.490747e+01
1.064000e-05	-1.807593e-02	-1.499108e+01
1.065000e-05	-2.670342e-02	-1.507579e+01
1.066000e-05	-1.983187e-02	-1.514948e+01
1.067000e-05	-2.469537e-02	-1.519413e+01
1.068000e-05	-2.233493e-02	-1.526474e+01
1.069000e-05	-2.631389e-02	-1.532935e+01
1.070000e-05	-2.331044e-02	-1.535058e+01
1.071000e-05	-2.455699e-02	-1.540424e+01
1.072000e-05	-2.770021e-02	-1.545672e+01
1.073000e-05	-2.730361e-02	-1.549732e+01
1.074000e-05	-2.882595e-02	-1.549898e+01
1.075000e-05	-2.533762e-02	-1.557003e+01
1.076000e-05	-3.082045e-02	-1.554148e+01
1.077000e-05	-2.886152e-02	-1.555108e+01
1.078000e-05	-3.238727e-02	-1.560103e+01
1.079000e-05	-3.095990e-02	-1.557060e+01
1.080000e-05	-3.430575e-02	-1.554155e+01
1.081000e-05	-3.581138e-02	-1.555045e+01
1.082000e-05	-3.686108e-02	-1.550148e+01
1.083000e-05	-3.740737e-02	-1.549890e+01
1.084000e-05	-3.950691e-02	-1.547732e+01
1.085000e-05	-4.180441e-02	-1.542419e+01
1.086000e-05	-4.185782e-02	-1.537216e+01
1.087000e-05	-4.264067e-02	-1.533948e+01
1.088000e-05	-4.392849e-02	-1.527637e+01
1.089000e-05	-4.723259e-02	-1.527431e+01
1.090000e-05	-5.031204e-02	-1.518361e+01
1.091000e-05	-5.225324e-02	-1.512933e+01
1.092000e-05	-5.564775e-02	-1.505564e+01
1.093000e-05	-5.967257e-02	-1.496203e+01
1.094000e-05	-6.143013e-02	-1.491639e+01
1.095000e-05	-6.282774e-02	-1.481314e+01
1.096000e-05	-6.516028e-02	-1.470787e+01
1.097000e-05	-6.889770e-02	-1.459417e+01
1.098000e-05	-7.032149e-02	-1.452687e+01
1.099000e-05	-7.264734e-02	-1.438216e+01
1.100000e-05	-7.490026e-02	-1.426485e+01
1.101000e-05	-7.480317e-02	-1.409993e+01
1.102000e-05	-7.435783e-02	-1.400311e+01
1.103000e-05	-7.144985e-02	-1.389682e+01
1.104000e-05	-6.939598e-02	-1.373895e+01
1.105000e-05	-6.666049e-02	-1.361411e+01
1.106000e-05	-6.287349e-02	-1.342576e+01
1.107000e-05	-5.966425e-02	-1.332837e+01
1.108000e-05	-5.680216e-02	-1.313153e+01
1.109000e-05	-5.464924e-02	-1.302110e+01
1.110000e-05	-5.126026e-02	-1.284324e+01
1.111000e-05	-4.876244e-02	-1.268632e+01
1.112000e-05	-4.552622e-02	-1.251582e+01
1.113000e-05	-4.297081e-02	-1.236845e+01
1.114000e-05	-3.882893e-02	-1.215845e+01
1.115000e-05	-3.668335e-02	-1.197095e+01
1.116000e-05	-3.528751e-02	-1.174055e+01
1.117000e-05	-3.292657e-02	-1.160642e+01
1.118000e-05	-2.919641e-02	-1.129837e+01
1.119000e-05	-2.913504e-02	-1.110679e+01
1.120000e-05	-2.739663e-02	-1.087587e+01
1.121000e-05	-2.722405e-02	-1.074584e+01
1.122000e-05	-2.448470e-02	-1.053482e+01
1.123000e-05	-2.297234e-02	-1.024481e+01
1.124000e-05	-2.212219e-02	-1.006361e+01
1.125000e-05	-2.113424e-02	-9.814033e+00
1.126000e-05	-1.849384e-02	-9.620037e+00
1.127000e-05	-1.761150e-02	-9.401080e+00
1.128000e-05	-1.748673e-02	-9.126473e+00
1.129000e-05	-1.744885e-02	-8.916842e+00
1.130000e-05	-1.634518e-02	-8.695770e+00
1.131000e-05	-1.509330e-02	-8.462657e+00
1.132000e-05	-1.481152e-02	-8.190951e+00
1.133000e-05	-1.448353e-02	-7.937444e+00
1.134000e-05	-1.400503e-02	-7.695335e+00
1.135000e-05	-1.168548e-02	-7.340500e+00
1.136000e-05	-1.211003e-02	-7.146845e+00
1.137000e-05	-1.091538e-02	-6.864712e+00
1.138000e-05	-1.067017e-02	-6.653031e+00
1.139000e-05	-9.520908e-03	-6.397926e+00
1.140000e-05	-1.061415e-02	-6.095766e+00
1.141000e-05	-1.027197e-02	-5.841078e+00
1.142000e-05	-1.044209e-02	-5.566874e+00
1.143000e-05	-9.124442e-03	-5.254082e+00
1.144000e-05	-9.445600e-03	-4.996446e+00
1.145000e-05	-6.781957e-03	-4.621026e+00
1.146000e-05	-7.588867e-03	-4.389426e+00
1.147000e-05	-7.360817e-03	-4.147945e+00
1.148000e-05	-7.479592e-03	-3.843211e+00
1.149000e-05	-8.090690e-03	-3.557922e+00
1.150000e-05	-7.393982e-03	-3.296268e+00
1.151000e-05	-7.032680e-03	-3.030027e+00
1.152000e-05	-5.549950e-03	-2.716315e+00
1.153000e-05	-5.408364e-03	-2.473556e+00
1.154000e-05	-5.138214e-03	-2.157418e+00
1.155000e-05	-5.247461e-03	-1.883158e+00
1.156000e-05	-5.583238e-03	-1.628954e+00
1.157000e-05	-6.790777e-03	-1.210630e+00
1.158000e-05	-4.560118e-03	-9.463948e-01
1.159000e-05	-4.260827e-03	-6.945813e-01
1.160000e-05	-1.226105e-03	-3.778946e-01
1.161000e-05	-1.236590e-03	-1.356642e-01
1.162000e-05	8.563437e-03	1.910511e-01
1.163000e-05	2.163721e-03	4.542316e-01
1.164000e-05	1.728276e-03	7.168434e-01
1.165000e-05	-1.080220e-03	9.896053e-01
1.166000e-05	1.974949e-03	1.274739e+00
1.167000e-05	1.823290e-03	1.622630e+00
1.168000e-05	5.305313e-03	1.844686e+00
1.169000e-05	2.777864e-02	2.075266e+00
1.170000e-05	8.051522e-02	2.379030e+00
1.171000e-05	-8.504550e-03	2.751052e+00
1.172000e-05	-6.182427e-02	3.053709e+00
1.173000e-05	-4.239351e-02	3.287372e+00
1.174000e-05	1.038693e-03	3.581576e+00
1.175000e-05	-2.599667e-02	3.801559e+00
1.176000e-05	-3.972612e-02	4.013055e+00
1.177000e-05	8.953339e-02	4.297868e+00
1.178000e-05	-2.728579e-02	4.582008e+00
1.179000e-05	5.739756e-02	4.784686e+00
1.180000e-05	4.625770e-02	5.190634e+00
1.181000e-05	-9.716369e-02	5.485839e+00
1.182000e-05	6.173667e-02	5.719023e+00
1.183000e-05	-3.381986e-02	6.035683e+00
1.184000e-05	3.770976e-02	6.256713e+00
1.185000e-05	-1.480263e-02	6.562579e+00
1.186000e-05	-1.100825e-02	6.825165e+00
1.187000e-05	6.928586e-02	7.076317e+00
1.188000e-05	-3.060721e-02	7.340049e+00
1.189000e-05	1.206260e-03	7.625891e+00
1.190000e-05	-3.340323e-02	7.972022e+00
1.191000e-05	6.138600e-02	8.183633e+00
1.192000e-05	1.023091e-02	8.423136e+00
1.193000e-05	-3.008454e-02	8.653789e+00
1.194000e-05	3.373774e-02	8.899865e+00
1.195000e-05	-1.131133e-02	9.119471e+00
1.196000e-05	3.370139e-02	9.350575e+00
1.197000e-05	-2.524945e-02	9.583159e+00
1.198000e-05	1.657822e-02	9.835815e+00
1.199000e-05	9.859350e-03	1.004779e+01
1.200000e-05	2.643675e-02	1.023641e+01
1.201000e-05	2.542426e-03	1.051890e+01
1.202000e-05	-1.758567e-02	1.070949e+01
1.203000e-05	2.921304e-02	1.089997e+01
1.204000e-05	6.160689e-03	1.110895e+01
1.205000e-05	1.778281e-02	1.132945e+01
1.206000e-05	-1.291041e-02	1.155058e+01
1.207000e-05	2.660357e-02	1.178251e+01
1.208000e-05	1.091705e-02	1.192360e+01
1.209000e-05	1.210088e-02	1.216100e+01
1.210000e-05	-5.290447e-03	1.233950e+01
1.211000e-05	1.242600e-02	1.252845e+01
1.212000e-05	2.541510e-02	1.269779e+01
1.213000e-05	9.765972e-03	1.279466e+01
1.214000e-05	7.091233e-03	1.300468e+01
1.215000e-05	4.991111e-03	1.318253e+01
1.216000e-05	2.584119e-02	1.332895e+01
1.217000e-05	5.736959e-03	1.343789e+01
1.218000e-05	8.965784e-03	1.362229e+01
1.219000e-05	7.900775e-03	1.380260e+01
1.220000e-05	2.669834e-02	1.389894e+01
1.221000e-05	1.610972e-02	1.401584e+01
1.222000e-05	8.163363e-03	1.419308e+01
1.223000e-05	1.059775e-02	1.430952e+01
1.224000e-05	1.714675e-02	1.449376e+01
1.225000e-05	1.704292e-02	1.452951e+01
1.226000e-05	7.081273e-03	1.465574e+01
1.227000e-05	1.579370e-02	1.474100e+01
1.228000e-05	2.076499e-02	1.482479e+01
1.229000e-05	2.460732e-02	1.493990e+01
1.230000e-05	1.263070e-02	1.501111e+01
1.231000e-05	1.391531e-02	1.506639e+01
1.232000e-05	1.868793e-02	1.513002e+01
1.233000e-05	1.835750e-02	1.522319e+01
1.234000e-05	1.504113e-02	1.522531e+01
1.235000e-05	1.488553e-02	1.532747e+01
1.236000e-05	2.439112e-02	1.535258e+01
1.237000e-05	2.432284e-02	1.542519e+01
1.238000e-05	2.040001e-02	1.545637e+01
1.239000e-05	1.716375e-02	1.546737e+01
1.240000e-05	2.340181e-02	1.546890e+01
1.241000e-05	2.487037e-02	1.550055e+01
1.242000e-05	2.185459e-02	1.552003e+01
1.243000e-05	2.156041e-02	1.554003e+01
1.244000e-05	2.613015e-02	1.556153e+01
1.245000e-05	3.102582e-02	1.552008e+01
1.246000e-05	2.636985e-02	1.553060e+01
1.247000e-05	2.628303e-02	1.554998e+01
1.248000e-05	3.021952e-02	1.550845e+01
1.249000e-05	3.576407e-02	1.548842e+01
1.250000e-05	3.360856e-02	1.544634e+01
1.251000e-05	3.172624e-02	1.541519e+01
1.252000e-05	3.654687e-02	1.538401e+01
1.253000e-05	3.988179e-02	1.532303e+01
1.254000e-05	4.142272e-02	1.528836e+01
1.255000e-05	3.861429e-02	1.521474e+01
1.256000e-05	4.372925e-02	1.515161e+01
1.257000e-05	4.893787e-02	1.513845e+01
1.258000e-05	5.070013e-02	1.499623e+01
1.259000e-05	5.060271e-02	1.495900e+01
1.260000e-05	5.462465e-02	1.488474e+01
1.261000e-05	6.200075e-02	1.480005e+01
1.262000e-05	6.244550e-02	1.466641e+01
1.263000e-05	6.334391e-02	1.458113e+01
1.264000e-05	6.453460e-02	1.447546e+01
1.265000e-05	6.940382e-02	1.439211e+01
1.266000e-05	6.809313e-02	1.424571e+01
1.267000e-05	6.623127e-02	1.411737e+01
1.268000e-05	6.444960e-02	1.395403e+01
1.269000e-05	6.617040e-02	1.383579e+01
1.270000e-05	6.329248e-02	1.368735e+01
1.271000e-05	5.833574e-02	1.355000e+01
1.272000e-05	5.501761e-02	1.342258e+01
1.273000e-05	5.465083e-02	1.326421e+01
1.274000e-05	4.996546e-02	1.310637e+01
1.275000e-05	4.547311e-02	1.291097e+01
1.276000e-05	4.095297e-02	1.278160e+01
1.277000e-05	3.984237e-02	1.257461e+01
1.278000e-05	3.877533e-02	1.242371e+01
1.279000e-05	3.451465e-02	1.227629e+01
1.280000e-05	3.038820e-02	1.209689e+01
1.281000e-05	2.916917e-02	1.186884e+01
1.282000e-05	2.701884e-02	1.171629e+01
1.283000e-05	2.408384e-02	1.149582e+01
1.284000e-05	2.080131e-02	1.127679e+01
1.285000e-05	2.022719e-02	1.105629e+01
1.286000e-05	2.049950e-02	1.088371e+01
1.287000e-05	1.795558e-02	1.071582e+01
1.288000e-05	1.617717e-02	1.048366e+01
1.289000e-05	1.437943e-02	1.022508e+01
1.290000e-05	1.508080e-02	1.000210e+01
1.291000e-05	1.227949e-02	9.769976e+00
1.292000e-05	1.098253e-02	9.558945e+00
1.293000e-05	9.878242e-03	9.307343e+00
1.294000e-05	1.038072e-02	9.085839e+00
1.295000e-05	8.141015e-03	8.853678e+00
1.296000e-05	6.274307e-03	8.593553e+00
1.297000e-05	7.259805e-03	8.410472e+00
1.298000e-05	6.371833e-03	8.148946e+00
1.299000e-05	6.324215e-03	7.905783e+00
1.300000e-05	4.343676e-03	7.581078e+00
1.301000e-05	4.598234e-03	7.337922e+00
1.302000e-05	3.251185e-03	7.054707e+00
1.303000e-05	2.378661e-03	6.872182e+00
1.304000e-05	1.317195e-03	6.557869e+00
1.305000e-05	1.650966e-03	6.295687e+00
1.306000e-05	2.357260e-03	6.053605e+00
1.307000e-05	1.443701e-03	5.759541e+00
1.308000e-05	4.539802e-04	5.506239e+00
1.309000e-05	8.494788e-05	5.190946e+00
1.310000e-05	1.305980e-03	4.874734e+00
1.311000e-05	5.148782e-05	4.568449e+00
1.312000e-05	-5.001775e-04	4.286240e+00
1.313000e-05	-2.558478e-03	4.009603e+00
1.314000e-05	-1.626404e-03	3.747920e+00
1.315000e-05	-2.413417e-03	3.455213e+00
1.316000e-05	-1.964328e-03	3.199032e+00
1.317000e-05	-3.667112e-03	2.916311e+00
1.318000e-05	-1.849142e-03	2.652600e+00
1.319000e-05	-2.676729e-03	2.336263e+00
1.320000e-05	-3.072848e-03	2.063657e+00
1.321000e-05	-3.434139e-03	1.760501e+00
1.322000e-05	-2.528769e-03	1.484233e+00
1.323000e-05	-5.553534e-03	1.230025e+00
1.324000e-05	-6.376345e-03	8.711042e-01
1.325000e-05	-5.403893e-03	5.694435e-01
1.326000e-05	-2.138814e-03	2.956619e-01
1.327000e-05	-2.451724e-03	1.942101e-02
1.328000e-05	5.428415e-03	-2.532105e-01
1.329000e-05	-7.955921e-04	-4.863207e-01
1.330000e-05	1.263490e-03	-8.416066e-01
1.331000e-05	-6.121734e-03	-1.044662e+00
1.332000e-05	-4.160876e-03	-1.358946e+00
1.333000e-05	-5.437647e-03	-1.652637e+00
1.334000e-05	1.202417e-02	-1.875238e+00
1.335000e-05	7.060626e-02	-2.054694e+00
1.336000e-05	3.548120e-02	-2.463109e+00
1.337000e-05	-8.492737e-02	-2.820611e+00
1.338000e-05	-3.562857e-02	-3.210499e+00
1.339000e-05	-3.723287e-02	-3.452680e+00
1.340000e-05	-3.751687e-02	-3.643687e+00
1.341000e-05	-1.866893e-02	-3.958846e+00
1.342000e-05	1.231959e-01	-4.076838e+00
1.343000e-05	-1.530687e-01	-4.349979e+00
1.344000e-05	1.698368e-01	-4.572636e+00
1.345000e-05	-4.269740e-02	-4.888301e+00
1.346000e-05	-6.607859e-02	-5.235291e+00
1.347000e-05	6.184886e-02	-5.507896e+00
1.348000e-05	-1.573246e-01	-5.824084e+00
1.349000e-05	1.536138e-01	-6.075314e+00
1.350000e-05	-8.921051e-02	-6.318522e+00
1.351000e-05	2.590026e-02	-6.654660e+00
1.352000e-05	3.731336e-02	-6.904296e+00
1.353000e-05	-8.723261e-02	-7.175684e+00
1.354000e-05	6.538230e-02	-7.445691e+00
1.355000e-05	-1.105968e-01	-7.708296e+00
1.356000e-05	7.160878e-02	-8.024109e+00
1.357000e-05	-3.022801e-02	-8.225185e+00
1.358000e-05	-1.355416e-02	-8.518396e+00
1.359000e-05	4.412889e-02	-8.709550e+00
1.360000e-05	-9.535011e-02	-9.011106e+00
1.361000e-05	6.834855e-02	-9.189634e+00
1.362000e-05	-8.482138e-02	-9.394741e+00
1.363000e-05	5.361312e-02	-9.697370e+00
1.364000e-05	-4.924409e-02	-9.897321e+00
1.365000e-05	1.679978e-02	-1.015043e+01
1.366000e-05	-9.266472e-03	-1.031995e+01
1.367000e-05	-3.646135e-02	-1.060158e+01
1.368000e-05	1.359759e-02	-1.074951e+01
1.369000e-05	-5.206891e-02	-1.098216e+01
1.370000e-05	3.361385e-02	-1.115118e+01
1.371000e-05	-5.175520e-02	-1.140163e+01
1.372000e-05	2.685695e-02	-1.163419e+01
1.373000e-05	-4.321181e-02	-1.180577e+01
1.374000e-05	1.176494e-02	-1.202577e+01
1.375000e-05	-3.782837e-02	-1.223411e+01
1.376000e-05	-5.306227e-03	-1.239263e+01
1.377000e-05	-1.890129e-02	-1.259156e+01
1.378000e-05	-1.283940e-02	-1.272146e+01
1.379000e-05	-8.458619e-03	-1.290882e+01
1.380000e-05	-2.410529e-02	-1.305777e+01
1.381000e-05	-1.628211e-03	-1.326369e+01
1.382000e-05	-3.155931e-02	-1.334366e+01
1.383000e-05	-2.826213e-03	-1.351942e+01
1.384000e-05	-3.422397e-02	-1.365674e+01
1.385000e-05	-3.001952e-03	-1.383466e+01
1.386000e-05	-2.803266e-02	-1.393058e+01
1.387000e-05	-7.569143e-03	-1.413735e+01
1.388000e-05	-2.510919e-02	-1.423366e+01
1.389000e-05	-1.308527e-02	-1.433103e+01
1.390000e-05	-2.175721e-02	-1.445572e+01
1.391000e-05	-2.013577e-02	-1.458156e+01
1.392000e-05	-2.031550e-02	-1.466679e+01
1.393000e-05	-2.170819e-02	-1.477261e+01
1.394000e-05	-1.704932e-02	-1.483375e+01
1.395000e-05	-2.453143e-02	-1.492150e+01
1.396000e-05	-2.106373e-02	-1.501318e+01
1.397000e-05	-2.507471e-02	-1.509695e+01
1.398000e-05	-1.946643e-02	-1.515058e+01
1.399000e-05	-2.717450e-02	-1.521319e+01
1.400000e-05	-2.222851e-02	-1.523677e+01
1.401000e-05	-2.643571e-02	-1.535045e+01
1.402000e-05	-2.034575e-02	-1.536958e+01
1.403000e-05	-2.906885e-02	-1.540469e+01
1.404000e-05	-2.674125e-02	-1.546682e+01
1.405000e-05	-2.938887e-02	-1.546784e+01
1.406000e-05	-2.576667e-02	-1.549835e+01
1.407000e-05	-2.830101e-02	-1.554050e+01
1.408000e-05	-3.139103e-02	-1.554105e+01
1.409000e-05	-2.907265e-02	-1.559108e+01
1.410000e-05	-3.157764e-02	-1.556156e+01
1.411000e-05	-3.176389e-02	-1.558158e+01
1.412000e-05	-3.627100e-02	-1.555053e+01
1.413000e-05	-3.406636e-02	-1.557095e+01
1.414000e-05	-3.651508e-02	-1.551895e+01
1.415000e-05	-3.821673e-02	-1.548795e+01
1.416000e-05	-4.111632e-02	-1.544482e+01
1.417000e-05	-4.150505e-02	-1.542462e+01
1.418000e-05	-4.194591e-02	-1.538200e+01
1.419000e-05	-4.437743e-02	-1.532049e+01
1.420000e-05	-4.675844e-02	-1.529579e+01
1.421000e-05	-4.764674e-02	-1.523216e+01
1.422000e-05	-5.037114e-02	-1.516000e+01
1.423000e-05	-5.234338e-02	-1.511640e+01
1.424000e-05	-5.778092e-02	-1.501371e+01
1.425000e-05	-5.901117e-02	-1.494045e+01
1.426000e-05	-6.150533e-02	-1.489327e+01
1.427000e-05	-6.526533e-02	-1.477103e+01
1.428000e-05	-6.781965e-02	-1.468779e+01
1.429000e-05	-7.179811e-02	-1.452050e+01
1.430000e-05	-7.090933e-02	-1.450627e+01
1.431000e-05	-7.272072e-02	-1.430091e+01
1.432000e-05	-7.370711e-02	-1.423414e+01
1.433000e-05	-7.450111e-02	-1.408895e+01
1.434000e-05	-7.240470e-02	-1.394150e+01
1.435000e-05	-7.007403e-02	-1.385324e+01
1.436000e-05	-6.908479e-02	-1.367742e+01
1.437000e-05	-6.673021e-02	-1.357041e+01
1.438000e-05	-6.234165e-02	-1.337418e+01
1.439000e-05	-5.908096e-02	-1.325521e+01
1.440000e-05	-5.631327e-02	-1.310630e+01
1.441000e-05	-5.343974e-02	-1.294700e+01
1.442000e-05	-4.894281e-02	-1.275151e+01
1.443000e-05	-4.584828e-02	-1.262316e+01
1.444000e-05	-4.379665e-02	-1.244376e+01
1.445000e-05	-4.225842e-02	-1.229824e+01
1.446000e-05	-3.938348e-02	-1.209421e+01
1.447000e-05	-3.603712e-02	-1.192730e+01
1.448000e-05	-3.478039e-02	-1.166424e+01
1.449000e-05	-3.301746e-02	-1.147376e+01
1.450000e-05	-2.991686e-02	-1.123521e+01
1.451000e-05	-2.764799e-02	-1.102153e+01
1.452000e-05	-2.567441e-02	-1.084511e+01
1.453000e-05	-2.533281e-02	-1.063216e+01
1.454000e-05	-2.387245e-02	-1.044208e+01
1.455000e-05	-2.238573e-02	-1.013061e+01
1.456000e-05	-2.115904e-02	-9.969497e+00
1.457000e-05	-2.111563e-02	-9.737947e+00
1.458000e-05	-1.935030e-02	-9.537868e+00
1.459000e-05	-1.807603e-02	-9.327742e+00
1.460000e-05	-1.631948e-02	-9.074733e+00
1.461000e-05	-1.704830e-02	-8.814633e+00
1.462000e-05	-1.610735e-02	-8.560079e+00
1.463000e-05	-1.460676e-02	-8.315394e+00
1.464000e-05	-1.328041e-02	-8.085321e+00
1.465000e-05	-1.303074e-02	-7.803688e+00
1.466000e-05	-1.458855e-02	-7.567520e+00
1.467000e-05	-1.166638e-02	-7.314868e+00
1.468000e-05	-1.182520e-02	-7.014180e+00
1.469000e-05	-1.051397e-02	-6.790024e+00
1.470000e-05	-1.171036e-02	-6.506845e+00
1.471000e-05	-9.952660e-03	-6.286161e+00
1.472000e-05	-1.007056e-02	-5.989450e+00
1.473000e-05	-8.529650e-03	-5.716293e+00
1.474000e-05	-1.053407e-02	-5.453558e+00
1.475000e-05	-8.012021e-03	-5.166372e+00
1.476000e-05	-9.080931e-03	-4.842535e+00
1.477000e-05	-6.312297e-03	-4.495288e+00
1.478000e-05	-9.087115e-03	-4.325190e+00
1.479000e-05	-7.443933e-03	-4.011580e+00
1.480000e-05	-8.392481e-03	-3.744316e+00
1.481000e-05	-6.667510e-03	-3.473682e+00
1.482000e-05	-8.026138e-03	-3.228999e+00
1.483000e-05	-5.448982e-03	-2.923714e+00
1.484000e-05	-5.609320e-03	-2.641008e+00
1.485000e-05	-3.191738e-03	-2.296268e+00
1.486000e-05	-5.428787e-03	-2.039927e+00
1.487000e-05	-5.359223e-03	-1.727871e+00
1.488000e-05	-5.539814e-03	-1.532630e+00
1.489000e-05	-4.917870e-03	-1.146287e+00
1.490000e-05	-4.221698e-03	-8.816580e-01
1.491000e-05	-3.713518e-03	-5.478199e-01
1.492000e-05	-1.971108e-03	-2.846840e-01
1.493000e-05	1.385588e-03	-1.805120e-02
1.494000e-05	9.977502e-03	3.457633e-01
1.495000e-05	-2.908821e-03	5.594222e-01
1.496000e-05	3.787669e-03	8.111542e-01
1.497000e-05	-2.865667e-03	1.148317e+00
1.498000e-05	4.784308e-03	1.410098e+00
1.499000e-05	-4.794018e-04	1.736945e+00
1.500000e-05	1.280608e-02	1.928426e+00
1.501000e-05	4.288910e-02	2.200608e+00
1.502000e-05	7.682123e-02	2.508447e+00
1.503000e-05	-5.684138e-02	2.855262e+00
1.504000e-05	-4.631626e-02	3.149921e+00
1.505000e-05	-3.258816e-02	3.474704e+00
1.506000e-05	8.997145e-03	3.675713e+00
1.507000e-05	-5.239557e-02	3.887836e+00
1.508000e-05	-1.174595e-03	4.096447e+00
1.509000e-05	9.372758e-02	4.384133e+00
1.510000e-05	-6.756874e-02	4.696292e+00
1.511000e-05	1.364056e-01	4.961526e+00
1.512000e-05	-6.695365e-02	5.309373e+00
1.513000e-05	-2.136932e-02	5.540077e+00
1.514000e-05	3.905601e-02	5.856338e+00
1.515000e-05	-3.346675e-02	6.109472e+00
1.516000e-05	5.361613e-02	6.361576e+00
1.517000e-05	-5.368396e-02	6.675817e+00
1.518000e-05	4.826976e-02	6.947475e+00
1.519000e-05	2.467987e-02	7.174232e+00
1.520000e-05	-2.081996e-02	7.475819e+00
1.521000e-05	-1.528170e-02	7.750525e+00
1.522000e-05	-4.828105e-03	8.045741e+00
1.523000e-05	6.475490e-02	8.307368e+00
1.524000e-05	-2.183920e-02	8.456421e+00
1.525000e-05	-4.824536e-03	8.719499e+00
1.526000e-05	2.294093e-02	9.012056e+00
1.527000e-05	-2.391455e-03	9.213735e+00
1.528000e-05	2.335469e-02	9.435162e+00
1.529000e-05	-2.664687e-02	9.698445e+00
1.530000e-05	2.683771e-02	9.909394e+00
1.531000e-05	1.193444e-02	1.016955e+01
1.532000e-05	2.668619e-02	1.033200e+01
1.533000e-05	-1.267073e-02	1.061309e+01
1.534000e-05	-4.804304e-03	1.077158e+01
1.535000e-05	2.757127e-02	1.100311e+01
1.536000e-05	3.574550e-03	1.119421e+01
1.537000e-05	1.120986e-02	1.144423e+01
1.538000e-05	-7.014667e-03	1.161529e+01
1.539000e-05	3.414419e-02	1.182566e+01
1.540000e-05	8.560048e-03	1.200367e+01
1.541000e-05	9.355391e-03	1.219424e+01
1.542000e-05	-5.138097e-03	1.236321e+01
1.543000e-05	1.728668e-02	1.258156e+01
1.544000e-05	1.855224e-02	1.272053e+01
1.545000e-05	4.530366e-03	1.289795e+01
1.546000e-05	7.975621e-03	1.306532e+01
1.547000e-05	1.532561e-02	1.319469e+01
1.548000e-05	2.506446e-02	1.340406e+01
1.549000e-05	4.690172e-03	1.353197e+01
1.550000e-05	6.051561e-03	1.365487e+01
1.551000e-05	1.102029e-02	1.386423e+01
1.552000e-05	2.115113e-02	1.394205e+01
1.553000e-05	1.128004e-02	1.412808e+01
1.554000e-05	7.743635e-03	1.425616e+01
1.555000e-05	1.748173e-02	1.438363e+01
1.556000e-05	2.140946e-02	1.446537e+01
1.557000e-05	1.500567e-02	1.456260e+01
1.558000e-05	8.565475e-03	1.464747e+01
1.559000e-05	1.535474e-02	1.476253e+01
1.560000e-05	2.144223e-02	1.487624e+01
1.561000e-05	1.666051e-02	1.493898e+01
1.562000e-05	1.306995e-02	1.498571e+01
1.563000e-05	1.469156e-02	1.507941e+01
1.564000e-05	2.321899e-02	1.514203e+01
1.565000e-05	1.871407e-02	1.517327e+01
1.566000e-05	1.534243e-02	1.524640e+01
1.567000e-05	1.677420e-02	1.532103e+01
1.568000e-05	2.406376e-02	1.537366e+01
1.569000e-05	2.245493e-02	1.542624e+01
1.570000e-05	1.609715e-02	1.544689e+01
1.571000e-05	1.979092e-02	1.551684e+01
1.572000e-05	2.391623e-02	1.547948e+01
1.573000e-05	2.651170e-02	1.550848e+01
1.574000e-05	2.020525e-02	1.552003e+01
1.575000e-05	2.294599e-02	1.554063e+01
1.576000e-05	2.724936e-02	1.551010e+01
1.577000e-05	3.006633e-02	1.552000e+01
1.578000e-05	2.610932e-02	1.553053e+01
1.579000e-05	2.640571e-02	1.550002e+01
1.580000e-05	3.342061e-02	1.552897e+01
1.581000e-05	3.554970e-02	1.547787e+01
1.582000e-05	3.301298e-02	1.546669e+01
1.583000e-05	3.147732e-02	1.540166e+01
1.584000e-05	3.887099e-02	1.534201e+01
1.585000e-05	4.077915e-02	1.532050e+01
1.586000e-05	4.013766e-02	1.523784e+01
1.587000e-05	3.961582e-02	1.518376e+01
1.588000e-05	4.562286e-02	1.514063e+01
1.589000e-05	5.113817e-02	1.503639e+01
1.590000e-05	5.009313e-02	1.498368e+01
1.591000e-05	5.160011e-02	1.490737e+01
1.592000e-05	5.544574e-02	1.485521e+01
1.593000e-05	6.239140e-02	1.473942e+01
1.594000e-05	6.258758e-02	1.463622e+01
1.595000e-05	6.276195e-02	1.450945e+01
1.596000e-05	6.604096e-02	1.442579e+01
1.597000e-05	6.959640e-02	1.432850e+01
1.598000e-05	6.827462e-02	1.417169e+01
1.599000e-05	6.446890e-02	1.408634e+01
1.600000e-05	6.542548e-02	1.389792e+01
1.601000e-05	6.481680e-02	1.376263e+01
1.602000e-05	6.237135e-02	1.365526e+01
1.603000e-05	5.577494e-02	1.348937e+01
1.604000e-05	5.419367e-02	1.333148e+01
1.605000e-05	5.249683e-02	1.321263e+01
1.606000e-05	4.885662e-02	1.305469e+01
1.607000e-05	4.385878e-02	1.289729e+01
1.608000e-05	4.088472e-02	1.272794e+01
1.609000e-05	4.041865e-02	1.252055e+01
1.610000e-05	3.626908e-02	1.237156e+01
1.611000e-05	3.237337e-02	1.216358e+01
1.612000e-05	2.863254e-02	1.203413e+01
1.613000e-05	2.904530e-02	1.183271e+01
1.614000e-05	2.699536e-02	1.164371e+01
1.615000e-05	2.375868e-02	1.141360e+01
1.616000e-05	2.176841e-02	1.124018e+01
1.617000e-05	2.036728e-02	1.096305e+01
1.618000e-05	2.035374e-02	1.080006e+01
1.619000e-05	1.608529e-02	1.056208e+01
1.620000e-05	1.552753e-02	1.035950e+01
1.621000e-05	1.420449e-02	1.013794e+01
1.622000e-05	1.468299e-02	9.928870e+00
1.623000e-05	1.166243e-02	9.678241e+00
1.624000e-05	1.036546e-02	9.426184e+00
1.625000e-05	9.964864e-03	9.241630e+00
1.626000e-05	9.532993e-03	8.971055e+00
1.627000e-05	7.569139e-03	8.789872e+00
1.628000e-05	5.722155e-03	8.498870e+00
1.629000e-05	6.304146e-03	8.286288e+00
1.630000e-05	6.169087e-03	8.034633e+00
1.631000e-05	4.721691e-03	7.782002e+00
1.632000e-05	3.810607e-03	7.567313e+00
1.633000e-05	3.759124e-03	7.272129e+00
1.634000e-05	4.163182e-03	6.990000e+00
1.635000e-05	2.820736e-03	6.766845e+00
1.636000e-05	8.769103e-04	6.484758e+00
1.637000e-05	2.290331e-03	6.191999e+00
1.638000e-05	2.678848e-03	5.956922e+00
1.639000e-05	1.015688e-03	5.683809e+00
1.640000e-05	-8.090083e-04	5.420600e+00
1.641000e-05	-5.299239e-04	5.084156e+00
1.642000e-05	1.505066e-03	4.746471e+00
1.643000e-05	2.290774e-04	4.475186e+00
1.644000e-05	-1.661771e-03	4.221003e+00
1.645000e-05	-1.231135e-03	3.904843e+00
1.646000e-05	-8.593131e-04	3.653154e+00
1.647000e-05	-8.181531e-04	3.358950e+00
1.648000e-05	-3.239942e-03	3.093709e+00
1.649000e-05	-2.968903e-03	2.821101e+00
1.650000e-05	-2.919167e-03	2.537390e+00
1.651000e-05	-2.862425e-03	2.221549e+00
1.652000e-05	-4.404979e-03	1.958946e+00
1.653000e-05	-3.957718e-03	1.694680e+00
1.654000e-05	-4.059746e-03	1.378497e+00
1.655000e-05	-4.031361e-03	1.112100e+00
1.656000e-05	-3.525333e-03	7.363121e-01
1.657000e-05	-4.847761e-03	5.032594e-01
1.658000e-05	-3.207453e-03	1.879224e-01
1.659000e-05	-2.512055e-04	-8.481315e-02
1.660000e-05	7.125116e-03	-3.683460e-01
1.661000e-05	-7.239306e-03	-6.625852e-01
1.662000e-05	5.832352e-05	-8.853157e-01
1.663000e-05	-6.226961e-03	-1.148421e+00
1.664000e-05	-1.022282e-03	-1.436258e+00
1.665000e-05	-3.335940e-03	-1.707918e+00
1.666000e-05	2.608807e-02	-1.969371e+00
1.667000e-05	9.238167e-02	-2.189654e+00
1.668000e-05	-3.858419e-02	-2.600603e+00
1.669000e-05	-5.843998e-02	-2.938950e+00
1.670000e-05	-4.512072e-02	-3.287193e+00
1.671000e-05	-1.707967e-02	-3.526771e+00
1.672000e-05	-6.586077e-02	-3.798879e+00
1.673000e-05	7.301508e-02	-4.020029e+00
1.674000e-05	1.838013e-02	-4.181005e+00
1.675000e-05	-9.373743e-02	-4.484764e+00
1.676000e-05	1.845660e-01	-4.727869e+00
1.677000e-05	-1.624480e-01	-5.054159e+00
1.678000e-05	6.320585e-02	-5.378980e+00
1.679000e-05	-6.339600e-02	-5.612113e+00
1.680000e-05	-5.079612e-02	-5.917798e+00
1.681000e-05	1.199441e-01	-6.157926e+00
1.682000e-05	-1.287156e-01	-6.473743e+00
1.683000e-05	1.093536e-01	-6.745868e+00
1.684000e-05	-6.152657e-02	-7.021405e+00
1.685000e-05	-6.345621e-03	-7.317316e+00
1.686000e-05	5.813668e-03	-7.537451e+00
1.687000e-05	-8.306344e-02	-7.873813e+00
1.688000e-05	9.520361e-02	-8.086818e+00
1.689000e-05	-9.047039e-02	-8.319399e+00
1.690000e-05	6.729864e-02	-8.620057e+00
1.691000e-05	-4.539038e-02	-8.844737e+00
1.692000e-05	-2.266987e-02	-9.086216e+00
1.693000e-05	2.175077e-02	-9.296243e+00
1.694000e-05	-6.578058e-02	-9.547947e+00
1.695000e-05	5.607688e-02	-9.779502e+00
1.696000e-05	-7.294544e-02	-9.981658e+00
1.697000e-05	5.949243e-02	-1.022368e+01
1.698000e-05	-6.367394e-02	-1.044374e+01
1.699000e-05	1.715104e-02	-1.064476e+01
1.700000e-05	-3.728232e-02	-1.083469e+01
1.701000e-05	-4.704414e-03	-1.106574e+01
1.702000e-05	-1.904361e-03	-1.128574e+01
1.703000e-05	-2.834890e-02	-1.144732e+01
1.704000e-05	1.225322e-02	-1.164635e+01
1.705000e-05	-3.596372e-02	-1.189892e+01
1.706000e-05	1.232335e-02	-1.211787e+01
1.707000e-05	-4.870108e-02	-1.224734e+01
1.708000e-05	1.087752e-02	-1.249574e+01
1.709000e-05	-3.524954e-02	-1.266571e+01
1.710000e-05	7.387332e-03	-1.279358e+01
1.711000e-05	-3.159604e-02	-1.298050e+01
1.712000e-05	-4.087944e-03	-1.312992e+01
1.713000e-05	-2.048131e-02	-1.325630e+01
1.714000e-05	-1.468082e-02	-1.346474e+01
1.715000e-05	-1.783572e-02	-1.357056e+01
1.716000e-05	-2.387862e-02	-1.370993e+01
1.717000e-05	-6.930121e-03	-1.387532e+01
1.718000e-05	-2.503969e-02	-1.400411e+01
1.719000e-05	-8.880126e-03	-1.413100e+01
1.720000e-05	-2.902025e-02	-1.426684e+01
1.721000e-05	-9.607789e-03	-1.438206e+01
1.722000e-05	-2.583886e-02	-1.449635e+01
1.723000e-05	-1.530001e-02	-1.459261e+01
1.724000e-05	-2.557959e-02	-1.468689e+01
1.725000e-05	-1.657899e-02	-1.477314e+01
1.726000e-05	-2.086952e-02	-1.485628e+01
1.727000e-05	-2.146991e-02	-1.496155e+01
1.728000e-05	-2.462679e-02	-1.506464e+01
1.729000e-05	-2.271265e-02	-1.509790e+01
1.730000e-05	-2.199003e-02	-1.520206e+01
1.731000e-05	-2.343515e-02	-1.525474e+01
1.732000e-05	-2.430334e-02	-1.528749e+01
1.733000e-05	-2.505037e-02	-1.535953e+01
1.734000e-05	-2.264963e-02	-1.542164e+01
1.735000e-05	-2.819443e-02	-1.542574e+01
1.736000e-05	-2.539956e-02	-1.544674e+01
1.737000e-05	-3.010287e-02	-1.552842e+01
1.738000e-05	-2.472704e-02	-1.549038e+01
1.739000e-05	-3.010083e-02	-1.553196e+01
1.740000e-05	-2.936874e-02	-1.559260e+01
1.741000e-05	-3.234064e-02	-1.557101e+01
1.742000e-05	-3.203121e-02	-1.558248e+01
1.743000e-05	-3.279305e-02	-1.558101e+01
1.744000e-05	-3.548571e-02	-1.557208e+01
1.745000e-05	-3.536780e-02	-1.555942e+01
1.746000e-05	-3.694661e-02	-1.550942e+01
1.747000e-05	-3.818088e-02	-1.545785e+01
1.748000e-05	-4.060920e-02	-1.542579e+01
1.749000e-05	-4.236575e-02	-1.540304e+01
1.750000e-05	-4.275786e-02	-1.537248e+01
1.751000e-05	-4.406926e-02	-1.530847e+01
1.752000e-05	-4.611167e-02	-1.527524e+01
1.753000e-05	-4.985358e-02	-1.519161e+01
1.754000e-05	-5.127910e-02	-1.514945e+01
1.755000e-05	-5.344283e-02	-1.503679e+01
1.756000e-05	-5.792524e-02	-1.496103e+01
1.757000e-05	-6.114631e-02	-1.491885e+01
1.758000e-05	-6.306710e-02	-1.482221e+01
1.759000e-05	-6.481221e-02	-1.475940e+01
1.760000e-05	-6.834297e-02	-1.462354e+01
1.761000e-05	-7.279445e-02	-1.451895e+01
1.762000e-05	-7.334306e-02	-1.446371e+01
1.763000e-05	-7.415786e-02	-1.429742e+01
1.764000e-05	-7.384943e-02	-1.420253e+01
1.765000e-05	-7.423868e-02	-1.404326e+01
1.766000e-05	-7.238290e-02	-1.391939e+01
1.767000e-05	-6.885835e-02	-1.374948e+01
1.768000e-05	-6.696294e-02	-1.367366e+01
1.769000e-05	-6.557984e-02	-1.351735e+01
1.770000e-05	-6.290144e-02	-1.332940e+01
1.771000e-05	-5.747293e-02	-1.321161e+01
1.772000e-05	-5.414279e-02	-1.303324e+01
1.773000e-05	-5.222386e-02	-1.291629e+01
1.774000e-05	-4.970001e-02	-1.271887e+01
1.775000e-05	-4.479263e-02	-1.253045e+01
1.776000e-05	-4.226234e-02	-1.235960e+01
1.777000e-05	-4.127187e-02	-1.219206e+01
1.778000e-05	-3.948973e-02	-1.201301e+01
1.779000e-05	-3.509475e-02	-1.182306e+01
1.780000e-05	-3.197882e-02	-1.160301e+01
1.781000e-05	-3.125439e-02	-1.136995e+01
1.782000e-05	-3.021798e-02	-1.113700e+01
1.783000e-05	-2.772858e-02	-1.097047e+01
1.784000e-05	-2.564097e-02	-1.075740e+01
1.785000e-05	-2.506884e-02	-1.056843e+01
1.786000e-05	-2.507849e-02	-1.031887e+01
1.787000e-05	-2.196073e-02	-1.012631e+01
1.788000e-05	-1.942314e-02	-9.865637e+00
1.789000e-05	-1.975546e-02	-9.674238e+00
1.790000e-05	-2.025717e-02	-9.444163e+00
1.791000e-05	-1.889551e-02	-9.201532e+00
1.792000e-05	-1.655087e-02	-8.968526e+00
1.793000e-05	-1.609534e-02	-8.807349e+00
1.794000e-05	-1.668840e-02	-8.504692e+00
1.795000e-05	-1.551733e-02	-8.254109e+00
1.796000e-05	-1.341574e-02	-8.000978e+00
1.797000e-05	-1.260942e-02	-7.739871e+00
1.798000e-05	-1.368558e-02	-7.473160e+00
1.799000e-05	-1.339055e-02	-7.241508e+00
1.800000e-05	-1.104988e-02	-6.936797e+00
1.801000e-05	-1.152469e-02	-6.684691e+00
1.802000e-05	-1.168450e-02	-6.451580e+00
1.803000e-05	-1.170553e-02	-6.147471e+00
1.804000e-05	-9.220708e-03	-5.903287e+00
1.805000e-05	-9.060114e-03	-5.653053e+00
1.806000e-05	-9.342690e-03	-5.335345e+00
1.807000e-05	-1.019167e-02	-5.039426e+00
1.808000e-05	-7.014530e-03	-4.694791e+00
1.809000e-05	-6.875151e-03	-4.472106e+00
1.810000e-05	-8.819151e-03	-4.211504e+00
1.811000e-05	-8.247684e-03	-3.926271e+00
1.812000e-05	-8.798177e-03	-3.622133e+00
1.813000e-05	-5.709282e-03	-3.379995e+00
1.814000e-05	-6.966910e-03	-3.105687e+00
1.815000e-05	-5.605667e-03	-2.778446e+00
1.816000e-05	-5.736997e-03	-2.515239e+00
1.817000e-05	-2.657770e-03	-2.251531e+00
1.818000e-05	-5.269959e-03	-1.915738e+00
1.819000e-05	-6.511723e-03	-1.672684e+00
1.820000e-05	-7.015648e-03	-1.355818e+00
1.821000e-05	-3.617357e-03	-1.053130e+00
1.822000e-05	-4.596759e-03	-7.568397e-01
1.823000e-05	-3.385314e-03	-4.385761e-01
1.824000e-05	-2.799093e-03	-1.883923e-01
1.825000e-05	6.904653e-03	7.536304e-02
1.826000e-05	7.685846e-03	4.325513e-01
1.827000e-05	-2.023931e-03	6.232353e-01
1.828000e-05	8.319529e-04	9.058422e-01
1.829000e-05	-9.220806e-04	1.231604e+00
1.830000e-05	5.331855e-03	1.506841e+00
1.831000e-05	1.047368e-03	1.841599e+00
1.832000e-05	1.931304e-02	2.032182e+00
1.833000e-05	6.569560e-02	2.285344e+00
1.834000e-05	3.677743e-02	2.615785e+00
1.835000e-05	-7.094090e-02	2.982077e+00
1.836000e-05	-4.282103e-02	3.223657e+00
1.837000e-05	-1.483668e-02	3.528924e+00
1.838000e-05	-3.741933e-03	3.768473e+00
1.839000e-05	-5.475704e-02	3.948452e+00
1.840000e-05	5.380805e-02	4.212104e+00
1.841000e-05	3.345309e-02	4.519475e+00
1.842000e-05	-1.912022e-02	4.748979e+00
1.843000e-05	1.199507e-01	5.059469e+00
1.844000e-05	-1.182673e-01	5.393234e+00
1.845000e-05	4.382131e-02	5.646262e+00
1.846000e-05	-6.848063e-03	5.960054e+00
1.847000e-05	5.203749e-03	6.161587e+00
1.848000e-05	2.317056e-02	6.448942e+00
1.849000e-05	-4.652243e-02	6.761001e+00
1.850000e-05	8.006059e-02	7.003167e+00
1.851000e-05	-1.860928e-02	7.269421e+00
1.852000e-05	-3.044204e-03	7.591559e+00
1.853000e-05	-3.447504e-02	7.916793e+00
1.854000e-05	3.831031e-02	8.130473e+00
1.855000e-05	3.891435e-02	8.340957e+00
1.856000e-05	-3.573988e-02	8.612180e+00
1.857000e-05	2.387747e-02	8.795708e+00
1.858000e-05	9.760492e-04	9.055292e+00
1.859000e-05	2.139108e-02	9.285420e+00
1.860000e-05	-6.053757e-03	9.519474e+00
1.861000e-05	-5.743433e-03	9.772158e+00
1.862000e-05	2.032328e-02	9.984185e+00
1.863000e-05	2.042374e-02	1.024518e+01
1.864000e-05	1.651583e-02	1.041629e+01
1.865000e-05	-2.143016e-02	1.064579e+01
1.866000e-05	1.628309e-02	1.089537e+01
1.867000e-05	1.466829e-02	1.106634e+01
1.868000e-05	1.299534e-02	1.129830e+01
1.869000e-05	-5.678780e-03	1.151835e+01
1.870000e-05	1.491035e-02	1.170947e+01
1.871000e-05	2.379637e-02	1.189902e+01
1.872000e-05	1.258607e-02	1.211940e+01
1.873000e-05	-2.607674e-03	1.228732e+01
1.874000e-05	2.313467e-03	1.244629e+01
1.875000e-05	2.241847e-02	1.263529e+01
1.876000e-05	1.406521e-02	1.280311e+01
1.877000e-05	5.947865e-03	1.300200e+01
1.878000e-05	6.165174e-03	1.310055e+01
1.879000e-05	2.532085e-02	1.332742e+01
1.880000e-05	1.529548e-02	1.342523e+01
1.881000e-05	5.648012e-03	1.357301e+01
1.882000e-05	2.341035e-03	1.372908e+01
1.883000e-05	2.096818e-02	1.386587e+01
1.884000e-05	1.832494e-02	1.396619e+01
1.885000e-05	9.927800e-03	1.419096e+01
1.886000e-05	8.427588e-03	1.432737e+01
1.887000e-05	1.976041e-02	1.440369e+01
1.888000e-05	2.112689e-02	1.448892e+01
1.889000e-05	8.969505e-03	1.458519e+01
1.890000e-05	1.098850e-02	1.469948e+01
1.891000e-05	1.678087e-02	1.482213e+01
1.892000e-05	2.528169e-02	1.486737e+01
1.893000e-05	1.286161e-02	1.497008e+01
1.894000e-05	1.225249e-02	1.504474e+01
1.895000e-05	1.708277e-02	1.511950e+01
1.896000e-05	2.427936e-02	1.518303e+01
1.897000e-05	1.764639e-02	1.521519e+01
1.898000e-05	1.253909e-02	1.531942e+01
1.899000e-05	2.090140e-02	1.534201e+01
1.900000e-05	2.427773e-02	1.540316e+01
1.901000e-05	2.220112e-02	1.545621e+01
1.902000e-05	1.384757e-02	1.546735e+01
1.903000e-05	2.237892e-02	1.550735e+01
1.904000e-05	2.657150e-02	1.548895e+01
1.905000e-05	2.539765e-02	1.551997e+01
1.906000e-05	1.982198e-02	1.554148e+01
1.907000e-05	2.395626e-02	1.557155e+01
1.908000e-05	3.089073e-02	1.556008e+01
1.909000e-05	2.833997e-02	1.550100e+01
1.910000e-05	2.570542e-02	1.554957e+01
1.911000e-05	2.644609e-02	1.551994e+01
1.912000e-05	3.685913e-02	1.550835e+01
1.913000e-05	3.449805e-02	1.542684e+01
1.914000e-05	3.200440e-02	1.545531e+01
1.915000e-05	3.239504e-02	1.538356e+01
1.916000e-05	4.014769e-02	1.533158e+01
1.917000e-05	4.201712e-02	1.530045e+01
1.918000e-05	3.863416e-02	1.523477e+01
1.919000e-05	4.138118e-02	1.519264e+01
1.920000e-05	4.691698e-02	1.514192e+01
1.921000e-05	5.237007e-02	1.503526e+01
1.922000e-05	4.902654e-02	1.496100e+01
1.923000e-05	5.218126e-02	1.488682e+01
1.924000e-05	5.876727e-02	1.483101e+01
1.925000e-05	6.296533e-02	1.469792e+01
1.926000e-05	6.326891e-02	1.463363e+01
1.927000e-05	6.250116e-02	1.448740e+01
1.928000e-05	6.838593e-02	1.437309e+01
1.929000e-05	6.949358e-02	1.424537e+01
1.930000e-05	6.785449e-02	1.413995e+01
1.931000e-05	6.195228e-02	1.401464e+01
1.932000e-05	6.602714e-02	1.388629e+01
1.933000e-05	6.367032e-02	1.372998e+01
1.934000e-05	6.120120e-02	1.355058e+01
1.935000e-05	5.334298e-02	1.343474e+01
1.936000e-05	5.353613e-02	1.328586e+01
1.937000e-05	5.209537e-02	1.314995e+01
1.938000e-05	4.831476e-02	1.297303e+01
1.939000e-05	4.216563e-02	1.280321e+01
1.940000e-05	4.073518e-02	1.266474e+01
1.941000e-05	3.857659e-02	1.249542e+01
1.942000e-05	3.580844e-02	1.234642e+01
1.943000e-05	3.055120e-02	1.214992e+01
1.944000e-05	2.751436e-02	1.200852e+01
1.945000e-05	2.931465e-02	1.174895e+01
1.946000e-05	2.601471e-02	1.157945e+01
1.947000e-05	2.327738e-02	1.133890e+01
1.948000e-05	2.025179e-02	1.110942e+01
1.949000e-05	2.134996e-02	1.093747e+01
1.950000e-05	1.928245e-02	1.071982e+01
1.951000e-05	1.626694e-02	1.048584e+01
1.952000e-05	1.357800e-02	1.029529e+01
1.953000e-05	1.402764e-02	1.007321e+01
1.954000e-05	1.352125e-02	9.823134e+00
1.955000e-05	1.092648e-02	9.580083e+00
1.956000e-05	8.234397e-03	9.370999e+00
1.957000e-05	9.495265e-03	9.228397e+00
1.958000e-05	1.005480e-02	8.909341e+00
1.959000e-05	8.597205e-03	8.674736e+00
1.960000e-05	4.512150e-03	8.452683e+00
1.961000e-05	6.110789e-03	8.201579e+00
1.962000e-05	6.564197e-03	7.940547e+00
1.963000e-05	5.059698e-03	7.664312e+00
1.964000e-05	2.489333e-03	7.372581e+00
1.965000e-05	2.238913e-03	7.147966e+00
1.966000e-05	4.323247e-03	6.915291e+00
1.967000e-05	2.484380e-03	6.673159e+00
1.968000e-05	1.664224e-03	6.338371e+00
1.969000e-05	9.708057e-04	6.077313e+00
1.970000e-05	2.338884e-03	5.875202e+00
1.971000e-05	2.046281e-03	5.551995e+00
1.972000e-05	4.978143e-05	5.295862e+00
1.973000e-05	-7.882682e-04	4.960471e+00
1.974000e-05	-3.476591e-04	4.653657e+00
1.975000e-05	3.754998e-04	4.379526e+00
1.976000e-05	-1.633921e-03	4.114812e+00
1.977000e-05	-2.562543e-03	3.841525e+00
1.978000e-05	-2.154764e-03	3.596372e+00
1.979000e-05	-1.113823e-03	3.241807e+00
1.980000e-05	-1.916497e-03	3.001020e+00
1.981000e-05	-4.081338e-03	2.726814e+00
1.982000e-05	-2.807924e-03	2.401101e+00
1.983000e-05	-3.116757e-03	2.127891e+00
1.984000e-05	-3.529135e-03	1.905134e+00
1.985000e-05	-4.544474e-03	1.567442e+00
1.986000e-05	-4.330755e-03	1.254657e+00
1.987000e-05	-3.989262e-03	9.362659e-01
1.988000e-05	-3.241479e-03	6.745577e-01
1.989000e-05	-4.059244e-03	3.909748e-01
1.990000e-05	-3.617226e-03	7.175646e-02
1.991000e-05	2.035909e-03	-2.000013e-01
1.992000e-05	3.896596e-03	-4.521029e-01
1.993000e-05	-3.227815e-03	-7.684184e-01
1.994000e-05	-3.792608e-03	-9.900749e-01
1.995000e-05	-4.911746e-03	-1.274315e+00
1.996000e-05	-1.788922e-03	-1.580526e+00
1.997000e-05	4.395891e-03	-1.821055e+00
1.998000e-05	4.810918e-02	-1.992055e+00
1.999000e-05	7.780397e-02	-2.319900e+00
2.000000e-05	-8.313895e-02	-2.716893e+00
2.001000e-05	-3.707247e-02	-3.096868e+00
2.002000e-05	-4.638833e-02	-3.380003e+00
2.003000e-05	-1.801583e-02	-3.601631e+00
2.004000e-05	-6.023564e-02	-3.833256e+00
2.005000e-05	1.374730e-01	-4.072685e+00
2.006000e-05	-1.094915e-01	-4.285340e+00
2.007000e-05	5.488674e-02	-4.619526e+00
2.008000e-05	7.659961e-02	-4.811160e+00
2.009000e-05	-1.491992e-01	-5.130551e+00
2.010000e-05	1.090179e-01	-5.454737e+00
2.011000e-05	-1.585120e-01	-5.748425e+00
2.012000e-05	9.301601e-02	-6.009155e+00
2.013000e-05	-1.021322e-03	-6.216734e+00
2.014000e-05	-6.017868e-02	-6.589929e+00
2.015000e-05	1.009816e-01	-6.791033e+00
2.016000e-05	-1.089908e-01	-7.096899e+00
2.017000e-05	6.203591e-02	-7.390579e+00
2.018000e-05	-7.646523e-02	-7.632237e+00
2.019000e-05	7.327546e-03	-7.960522e+00
2.020000e-05	3.676252e-02	-8.161556e+00
2.021000e-05	-7.185930e-02	-8.443633e+00
2.022000e-05	8.408927e-02	-8.655344e+00
2.023000e-05	-1.043836e-01	-8.938997e+00
2.024000e-05	5.130160e-02	-9.180002e+00
2.025000e-05	-5.267567e-02	-9.400004e+00
2.026000e-05	7.014266e-03	-9.624688e+00
2.027000e-05	-2.174306e-03	-9.832637e+00
2.028000e-05	-3.162855e-02	-1.009685e+01
2.029000e-05	3.879232e-02	-1.027737e+01
2.030000e-05	-6.680513e-02	-1.055900e+01
2.031000e-05	3.404794e-02	-1.071895e+01
2.032000e-05	-6.513609e-02	-1.090842e+01
2.033000e-05	3.402226e-02	-1.114995e+01
2.034000e-05	-4.294003e-02	-1.137092e+01
2.035000e-05	1.060342e-02	-1.159408e+01
2.036000e-05	-2.470052e-02	-1.176155e+01
2.037000e-05	-5.212039e-03	-1.198313e+01
2.038000e-05	-1.533800e-02	-1.217155e+01
2.039000e-05	-2.768297e-02	-1.235150e+01
2.040000e-05	-2.460631e-04	-1.251900e+01
2.041000e-05	-2.890518e-02	-1.268595e+01
2.042000e-05	5.832756e-03	-1.289629e+01
2.043000e-05	-3.568955e-02	-1.301477e+01
2.044000e-05	3.816236e-03	-1.320263e+01
2.045000e-05	-3.305966e-02	-1.335888e+01
2.046000e-05	-9.432165e-04	-1.350787e+01
2.047000e-05	-3.185848e-02	-1.360469e+01
2.048000e-05	-8.910246e-03	-1.378108e+01
2.049000e-05	-2.146904e-02	-1.392980e+01
2.050000e-05	-1.368646e-02	-1.402629e+01
2.051000e-05	-1.803291e-02	-1.418413e+01
2.052000e-05	-2.194289e-02	-1.424795e+01
2.053000e-05	-1.515138e-02	-1.442421e+01
2.054000e-05	-2.435269e-02	-1.455945e+01
2.055000e-05	-1.541183e-02	-1.465376e+01
2.056000e-05	-2.667976e-02	-1.473058e+01
2.057000e-05	-1.392811e-02	-1.480377e+01
2.058000e-05	-2.423311e-02	-1.488892e+01
2.059000e-05	-1.822136e-02	-1.501466e+01
2.060000e-05	-2.686658e-02	-1.508727e+01
2.061000e-05	-2.009466e-02	-1.518946e+01
2.062000e-05	-2.505390e-02	-1.523371e+01
2.063000e-05	-2.173779e-02	-1.527531e+01
2.064000e-05	-2.698002e-02	-1.532890e+01
2.065000e-05	-2.292772e-02	-1.540158e+01
2.066000e-05	-2.620144e-02	-1.536211e+01
2.067000e-05	-2.626245e-02	-1.546524e+01
2.068000e-05	-2.746028e-02	-1.547842e+01
2.069000e-05	-2.842563e-02	-1.550687e+01
2.070000e-05	-2.468523e-02	-1.554941e+01
2.071000e-05	-3.017525e-02	-1.555098e+01
2.072000e-05	-2.884985e-02	-1.557046e+01
2.073000e-05	-3.361934e-02	-1.554201e+01
2.074000e-05	-3.089103e-02	-1.558206e+01
2.075000e-05	-3.388713e-02	-1.559053e+01
2.076000e-05	-3.507432e-02	-1.554103e+01
2.077000e-05	-3.664930e-02	-1.552847e+01
2.078000e-05	-3.723075e-02	-1.552890e+01
2.079000e-05	-3.961766e-02	-1.548574e+01
2.080000e-05	-4.106878e-02	-1.544431e+01
2.081000e-05	-4.336105e-02	-1.536308e+01
2.082000e-05	-4.407028e-02	-1.532897e+01
2.083000e-05	-4.569373e-02	-1.527637e+01
2.084000e-05	-4.785550e-02	-1.523424e+01
2.085000e-05	-5.095478e-02	-1.517163e+01
2.086000e-05	-5.281888e-02	-1.510937e+01
2.087000e-05	-5.530091e-02	-1.499276e+01
2.088000e-05	-5.882798e-02	-1.495108e+01
2.089000e-05	-6.149837e-02	-1.487686e+01
2.090000e-05	-6.444075e-02	-1.478208e+01
2.091000e-05	-6.562614e-02	-1.471687e+01
2.092000e-05	-7.010597e-02	-1.458361e+01
2.093000e-05	-7.207779e-02	-1.449882e+01
2.094000e-05	-7.429470e-02	-1.438008e+01
2.095000e-05	-7.386758e-02	-1.431476e+01
2.096000e-05	-7.392034e-02	-1.413845e+01
2.097000e-05	-7.319168e-02	-1.401276e+01
2.098000e-05	-7.082450e-02	-1.385531e+01
2.099000e-05	-6.893478e-02	-1.372792e+01
2.100000e-05	-6.596127e-02	-1.361108e+01
2.101000e-05	-6.339317e-02	-1.346274e+01
2.102000e-05	-6.110003e-02	-1.331782e+01
2.103000e-05	-5.728163e-02	-1.316842e+01
2.104000e-05	-5.374498e-02	-1.297155e+01
2.105000e-05	-5.028540e-02	-1.281358e+01
2.106000e-05	-4.813139e-02	-1.268371e+01
2.107000e-05	-4.511974e-02	-1.248727e+01
2.108000e-05	-4.149604e-02	-1.230787e+01
2.109000e-05	-3.970516e-02	-1.213590e+01
2.110000e-05	-3.745347e-02	-1.195145e+01
2.111000e-05	-3.495682e-02	-1.171892e+01
2.112000e-05	-3.208385e-02	-1.153834e+01
2.113000e-05	-3.009730e-02	-1.123586e+01
2.114000e-05	-2.973113e-02	-1.105572e+01
2.115000e-05	-2.735721e-02	-1.086473e+01
2.116000e-05	-2.533325e-02	-1.068527e+01
2.117000e-05	-2.420602e-02	-1.046512e+01
2.118000e-05	-2.241837e-02	-1.023516e+01
2.119000e-05	-2.207172e-02	-1.002158e+01
2.120000e-05	-2.010148e-02	-9.804053e+00
2.121000e-05	-1.918240e-02	-9.640355e+00
2.122000e-05	-1.845436e-02	-9.348521e+00
2.123000e-05	-1.817981e-02	-9.096292e+00
2.124000e-05	-1.693167e-02	-8.885343e+00
2.125000e-05	-1.689453e-02	-8.705212e+00
2.126000e-05	-1.444354e-02	-8.429979e+00
2.127000e-05	-1.434210e-02	-8.169976e+00
2.128000e-05	-1.321874e-02	-7.906869e+00
2.129000e-05	-1.385738e-02	-7.642735e+00
2.130000e-05	-1.122169e-02	-7.391372e+00
2.131000e-05	-1.265055e-02	-7.146393e+00
2.132000e-05	-1.116242e-02	-6.863104e+00
2.133000e-05	-1.168244e-02	-6.621476e+00
2.134000e-05	-9.281596e-03	-6.336445e+00
2.135000e-05	-1.085325e-02	-6.064733e+00
2.136000e-05	-9.363195e-03	-5.801025e+00
2.137000e-05	-9.988517e-03	-5.555764e+00
2.138000e-05	-7.142998e-03	-5.211027e+00
2.139000e-05	-1.048232e-02	-4.886817e+00
2.140000e-05	-6.053003e-03	-4.569999e+00
2.141000e-05	-9.598681e-03	-4.358896e+00
2.142000e-05	-4.082277e-03	-4.085786e+00
2.143000e-05	-8.780968e-03	-3.852104e+00
2.144000e-05	-5.051074e-03	-3.546767e+00
2.145000e-05	-9.779112e-03	-3.293161e+00
2.146000e-05	-5.902705e-03	-2.979497e+00
2.147000e-05	-7.808120e-03	-2.714688e+00
2.148000e-05	-5.252608e-03	-2.452029e+00
2.149000e-05	-6.124079e-03	-2.124264e+00
2.150000e-05	-4.372239e-03	-1.841977e+00
2.151000e-05	-3.415540e-03	-1.576872e+00
2.152000e-05	-5.143948e-03	-1.200604e+00
2.153000e-05	-3.944038e-03	-9.258132e-01
2.154000e-05	-6.324879e-03	-6.715580e-01
2.155000e-05	-1.686520e-03	-3.467659e-01
2.156000e-05	-2.362792e-03	-1.032316e-01
2.157000e-05	9.010793e-03	1.905789e-01
2.158000e-05	-1.245007e-03	4.647131e-01
2.159000e-05	4.671173e-03	6.973947e-01
2.160000e-05	-1.145887e-03	9.921327e-01
2.161000e-05	3.230270e-03	1.308316e+00
2.162000e-05	5.981691e-04	1.622132e+00
2.163000e-05	8.066472e-03	1.894343e+00
2.164000e-05	3.035309e-02	2.105843e+00
2.165000e-05	8.097576e-02	2.381681e+00
2.166000e-05	-2.411275e-02	2.801025e+00
2.167000e-05	-5.819758e-02	3.083789e+00
2.168000e-05	-3.919486e-02	3.348975e+00
2.169000e-05	4.921067e-03	3.672580e+00
2.170000e-05	-3.207908e-02	3.824184e+00
2.171000e-05	-3.159253e-02	4.023159e+00
2.172000e-05	9.814765e-02	4.310420e+00
2.173000e-05	-4.608728e-02	4.645139e+00
2.174000e-05	8.105607e-02	4.863793e+00
2.175000e-05	1.593708e-02	5.213664e+00
2.176000e-05	-8.038284e-02	5.528391e+00
2.177000e-05	5.910488e-02	5.761077e+00
2.178000e-05	-3.672500e-02	6.066216e+00
2.179000e-05	4.666203e-02	6.337366e+00
2.180000e-05	-2.637077e-02	6.612635e+00
2.181000e-05	4.570636e-03	6.865767e+00
2.182000e-05	5.873059e-02	7.147875e+00
2.183000e-05	-3.149358e-02	7.442209e+00
2.184000e-05	-2.650451e-03	7.655847e+00
2.185000e-05	-2.872505e-02	7.993576e+00
2.186000e-05	6.499637e-02	8.223684e+00
2.187000e-05	1.782864e-03	8.434293e+00
2.188000e-05	-2.335125e-02	8.680367e+00
2.189000e-05	3.272657e-02	8.897975e+00
2.190000e-05	-9.985598e-03	9.159975e+00
2.191000e-05	3.183292e-02	9.391580e+00
2.192000e-05	-2.749358e-02	9.583084e+00
2.193000e-05	1.934420e-02	9.846738e+00
2.194000e-05	1.074911e-02	1.010687e+01
2.195000e-05	2.629524e-02	1.028837e+01
2.196000e-05	9.116184e-04	1.050998e+01
2.197000e-05	-1.603553e-02	1.071003e+01
2.198000e-05	2.993506e-02	1.092905e+01
2.199000e-05	3.549796e-03	1.110050e+01
2.200000e-05	1.766779e-02	1.136255e+01
2.201000e-05	-1.263066e-02	1.157316e+01
2.202000e-05	3.040766e-02	1.179371e+01
2.203000e-05	1.078874e-02	1.198105e+01
2.204000e-05	1.194330e-02	1.215003e+01
2.205000e-05	-5.977819e-03	1.234902e+01
2.206000e-05	1.277266e-02	1.253900e+01
2.207000e-05	2.293513e-02	1.266792e+01
2.208000e-05	6.909591e-03	1.285636e+01
2.209000e-05	9.337291e-03	1.304471e+01
2.210000e-05	8.209562e-03	1.316221e+01
2.211000e-05	2.807567e-02	1.334895e+01
2.212000e-05	5.074104e-03	1.346751e+01
2.213000e-05	7.331121e-03	1.365564e+01
2.214000e-05	6.476885e-03	1.378316e+01
2.215000e-05	2.352544e-02	1.392050e+01
2.216000e-05	1.348980e-02	1.405540e+01
2.217000e-05	7.410592e-03	1.422116e+01
2.218000e-05	1.458518e-02	1.434260e+01
2.219000e-05	1.994708e-02	1.446431e+01
2.220000e-05	1.858495e-02	1.456363e+01
2.221000e-05	6.086250e-03	1.468674e+01
2.222000e-05	1.617014e-02	1.471956e+01
2.223000e-05	1.976169e-02	1.485422e+01
2.224000e-05	2.135553e-02	1.492848e+01
2.225000e-05	1.097773e-02	1.498311e+01
2.226000e-05	1.385588e-02	1.506785e+01
2.227000e-05	2.082318e-02	1.513150e+01
2.228000e-05	1.952847e-02	1.522274e+01
2.229000e-05	1.598966e-02	1.523527e+01
2.230000e-05	1.552330e-02	1.531050e+01
2.231000e-05	2.502026e-02	1.536366e+01
2.232000e-05	2.301852e-02	1.542376e+01
2.233000e-05	1.840690e-02	1.543627e+01
2.234000e-05	1.786305e-02	1.549642e+01
2.235000e-05	2.486132e-02	1.554044e+01
2.236000e-05	2.598646e-02	1.555045e+01
2.237000e-05	2.088341e-02	1.553950e+01
2.238000e-05	2.240334e-02	1.554008e+01
2.239000e-05	2.620264e-02	1.552058e+01
2.240000e-05	3.097453e-02	1.555050e+01
2.241000e-05	2.613216e-02	1.548948e+01
2.242000e-05	2.632385e-02	1.549953e+01
2.243000e-05	3.199242e-02	1.548990e+01
2.244000e-05	3.643215e-02	1.547839e+01
2.245000e-05	3.263272e-02	1.545684e+01
2.246000e-05	3.139206e-02	1.540321e+01
2.247000e-05	3.656866e-02	1.535218e+01
2.248000e-05	4.138066e-02	1.532898e+01
2.249000e-05	3.994000e-02	1.526782e+01
2.250000e-05	3.909161e-02	1.524416e+01
2.251000e-05	4.591857e-02	1.516248e+01
2.252000e-05	4.974676e-02	1.506690e+01
2.253000e-05	5.050725e-02	1.498416e+01
2.254000e-05	4.902431e-02	1.493047e+01
2.255000e-05	5.589757e-02	1.487576e+01
2.256000e-05	6.235463e-02	1.475060e+01
2.257000e-05	6.308351e-02	1.467634e+01
2.258000e-05	6.231881e-02	1.457258e+01
2.259000e-05	6.460259e-02	1.445529e+01
2.260000e-05	7.066761e-02	1.436003e+01
2.261000e-05	6.756335e-02	1.419374e+01
2.262000e-05	6.595907e-02	1.409784e+01
2.263000e-05	6.387502e-02	1.398053e+01
2.264000e-05	6.646327e-02	1.382381e+01
2.265000e-05	6.258171e-02	1.369690e+01
2.266000e-05	5.695329e-02	1.355952e+01
2.267000e-05	5.415547e-02	1.337208e+01
2.268000e-05	5.433115e-02	1.323372e+01
2.269000e-05	4.990953e-02	1.309734e+01
2.270000e-05	4.464188e-02	1.290945e+01
2.271000e-05	4.157864e-02	1.273100e+01
2.272000e-05	4.144579e-02	1.262205e+01
2.273000e-05	3.880209e-02	1.242273e+01
2.274000e-05	3.320588e-02	1.227676e+01
2.275000e-05	2.918470e-02	1.209489e+01
2.276000e-05	2.922026e-02	1.187676e+01
2.277000e-05	2.698553e-02	1.165534e+01
2.278000e-05	2.345605e-02	1.144628e+01
2.279000e-05	2.111120e-02	1.124419e+01
2.280000e-05	2.218560e-02	1.106369e+01
2.281000e-05	2.154560e-02	1.088369e+01
2.282000e-05	1.706435e-02	1.062469e+01
2.283000e-05	1.479491e-02	1.041413e+01
2.284000e-05	1.502771e-02	1.020348e+01
2.285000e-05	1.543900e-02	9.980426e+00
2.286000e-05	1.146499e-02	9.729496e+00
2.287000e-05	8.772793e-03	9.476362e+00
2.288000e-05	9.702199e-03	9.277362e+00
2.289000e-05	1.039457e-02	9.075321e+00
2.290000e-05	8.379041e-03	8.812107e+00
2.291000e-05	5.897372e-03	8.571555e+00
2.292000e-05	7.427491e-03	8.397973e+00
2.293000e-05	8.404837e-03	8.088867e+00
2.294000e-05	6.650086e-03	7.863633e+00
2.295000e-05	2.972905e-03	7.620999e+00
2.296000e-05	3.539449e-03	7.317360e+00
2.297000e-05	3.548054e-03	7.053654e+00
2.298000e-05	3.033644e-03	6.812549e+00
2.299000e-05	1.017007e-03	6.558868e+00
2.300000e-05	1.734002e-03	6.243235e+00
2.301000e-05	3.121785e-03	6.040527e+00
2.302000e-05	2.921395e-03	5.758521e+00
2.303000e-05	7.297292e-04	5.483212e+00
2.304000e-05	-1.487566e-03	5.180450e+00
2.305000e-05	7.638094e-04	4.831629e+00
2.306000e-05	-1.493040e-03	4.559396e+00
2.307000e-05	-2.136395e-03	4.294787e+00
2.308000e-05	-1.679666e-03	3.990529e+00
2.309000e-05	-9.526120e-05	3.716868e+00
2.310000e-05	-8.271030e-04	3.493582e+00
2.311000e-05	-2.196763e-03	3.168371e+00
2.312000e-05	-2.773526e-03	2.905262e+00
2.313000e-05	-2.397357e-03	2.640548e+00
2.314000e-05	-2.134782e-03	2.265287e+00
2.315000e-05	-4.843584e-03	2.041580e+00
2.316000e-05	-4.989109e-03	1.809374e+00
2.317000e-05	-3.322953e-03	1.482657e+00
2.318000e-05	-3.506206e-03	1.167369e+00
2.319000e-05	-4.492814e-03	8.195740e-01
2.320000e-05	-4.927662e-03	5.488395e-01
2.321000e-05	-3.093874e-03	2.722067e-01
2.322000e-05	-1.530388e-03	-4.302783e-02
2.323000e-05	5.900040e-03	-3.157656e-01
2.324000e-05	-4.357080e-03	-4.963746e-01
2.325000e-05	-1.017619e-03	-8.571367e-01
2.326000e-05	-6.413069e-03	-1.064293e+00
2.327000e-05	-1.413361e-03	-1.390555e+00
2.328000e-05	-6.036282e-03	-1.673163e+00
2.329000e-05	1.425667e-02	-1.916264e+00
2.330000e-05	7.841874e-02	-2.115268e+00
2.331000e-05	1.859382e-02	-2.475265e+00
2.332000e-05	-8.096452e-02	-2.863240e+00
2.333000e-05	-3.788722e-02	-3.241583e+00
2.334000e-05	-3.136276e-02	-3.432214e+00
2.335000e-05	-4.321241e-02	-3.706241e+00
2.336000e-05	9.471364e-04	-3.937951e+00
2.337000e-05	1.033558e-01	-4.146868e+00
2.338000e-05	-1.509929e-01	-4.352580e+00
2.339000e-05	1.865485e-01	-4.644184e+00
2.340000e-05	-8.283400e-02	-4.908450e+00
2.341000e-05	-3.211779e-02	-5.305792e+00
2.342000e-05	3.591944e-02	-5.538529e+00
2.343000e-05	-1.374094e-01	-5.855690e+00
2.344000e-05	1.565333e-01	-6.086840e+00
2.345000e-05	-1.099650e-01	-6.360026e+00
2.346000e-05	5.261034e-02	-6.664688e+00
2.347000e-05	1.249070e-02	-6.936872e+00
2.348000e-05	-7.091705e-02	-7.184161e+00
2.349000e-05	5.401427e-02	-7.456788e+00
2.350000e-05	-1.102041e-01	-7.731450e+00
2.351000e-05	8.605252e-02	-8.004185e+00
2.352000e-05	-4.906308e-02	-8.255117e+00
2.353000e-05	8.634400e-03	-8.519371e+00
2.354000e-05	2.223418e-02	-8.770000e+00
2.355000e-05	-8.052193e-02	-9.003137e+00
2.356000e-05	6.160806e-02	-9.224109e+00
2.357000e-05	-8.710687e-02	-9.496815e+00
2.358000e-05	5.806696e-02	-9.706343e+00
2.359000e-05	-6.005836e-02	-9.899822e+00
2.360000e-05	3.361741e-02	-1.019998e+01
2.361000e-05	-2.467414e-02	-1.038110e+01
2.362000e-05	-2.213601e-02	-1.056308e+01
2.363000e-05	5.007764e-04	-1.076163e+01
2.364000e-05	-4.054697e-02	-1.097211e+01
2.365000e-05	2.631554e-02	-1.120373e+01
2.366000e-05	-5.073604e-02	-1.142409e+01
2.367000e-05	2.589518e-02	-1.164469e+01
2.368000e-05	-4.353111e-02	-1.185574e+01
2.369000e-05	1.542595e-02	-1.203622e+01
2.370000e-05	-4.410526e-02	-1.221181e+01
2.371000e-05	5.185853e-04	-1.241416e+01
2.372000e-05	-2.303798e-02	-1.258263e+01
2.373000e-05	-6.943222e-03	-1.275956e+01
2.374000e-05	-1.612453e-02	-1.294845e+01
2.375000e-05	-2.019526e-02	-1.308782e+01
2.376000e-05	-4.823692e-03	-1.320521e+01
2.377000e-05	-2.721018e-02	-1.336061e+01
2.378000e-05	-6.952515e-03	-1.353953e+01
2.379000e-05	-3.381207e-02	-1.370925e+01
2.380000e-05	-1.421599e-03	-1.380524e+01
2.381000e-05	-2.752660e-02	-1.398008e+01
2.382000e-05	-8.252502e-03	-1.410883e+01
2.383000e-05	-2.795640e-02	-1.422524e+01
2.384000e-05	-1.161447e-02	-1.435203e+01
2.385000e-05	-2.237262e-02	-1.445575e+01
2.386000e-05	-1.916443e-02	-1.461156e+01
2.387000e-05	-2.256585e-02	-1.463582e+01
2.388000e-05	-1.983557e-02	-1.475151e+01
2.389000e-05	-1.659608e-02	-1.485535e+01
2.390000e-05	-2.403756e-02	-1.493108e+01
2.391000e-05	-2.199654e-02	-1.502579e+01
2.392000e-05	-2.369654e-02	-1.510637e+01
2.393000e-05	-1.950679e-02	-1.515053e+01
2.394000e-05	-2.586625e-02	-1.525519e+01
2.395000e-05	-2.342498e-02	-1.529731e+01
2.396000e-05	-2.642391e-02	-1.531795e+01
2.397000e-05	-2.069149e-02	-1.535108e+01
2.398000e-05	-2.902115e-02	-1.541519e+01
2.399000e-05	-2.633156e-02	-1.548787e+01
2.400000e-05	-2.860741e-02	-1.549939e+01
2.401000e-05	-2.424701e-02	-1.549140e+01
2.402000e-05	-2.777257e-02	-1.551943e+01
2.403000e-05	-3.079587e-02	-1.560103e+01
2.404000e-05	-3.010207e-02	-1.557106e+01
2.405000e-05	-3.201062e-02	-1.557146e+01
2.406000e-05	-3.144722e-02	-1.560303e+01
2.407000e-05	-3.685473e-02	-1.555303e+01
2.408000e-05	-3.536501e-02	-1.556047e+01
2.409000e-05	-3.638443e-02	-1.554792e+01
2.410000e-05	-3.734388e-02	-1.550787e+01
2.411000e-05	-4.113255e-02	-1.545627e+01
2.412000e-05	-4.153492e-02	-1.542273e+01
2.413000e-05	-4.232577e-02	-1.534201e+01
2.414000e-05	-4.342387e-02	-1.536892e+01
2.415000e-05	-4.735273e-02	-1.527479e+01
2.416000e-05	-4.864372e-02	-1.523416e+01
2.417000e-05	-5.103361e-02	-1.518105e+01
2.418000e-05	-5.265306e-02	-1.506686e+01
2.419000e-05	-5.807408e-02	-1.500273e+01
2.420000e-05	-5.990257e-02	-1.490945e+01
2.421000e-05	-6.222800e-02	-1.484527e+01
2.422000e-05	-6.354514e-02	-1.475200e+01
2.423000e-05	-6.735348e-02	-1.470574e+01
2.424000e-05	-7.146797e-02	-1.454995e+01
2.425000e-05	-7.204557e-02	-1.448574e+01
2.426000e-05	-7.338232e-02	-1.433100e+01
2.427000e-05	-7.410821e-02	-1.419369e+01
2.428000e-05	-7.506173e-02	-1.408732e+01
2.429000e-05	-7.258574e-02	-1.400151e+01
2.430000e-05	-6.979686e-02	-1.380421e+01
2.431000e-05	-6.721939e-02	-1.368779e+01
2.432000e-05	-6.583061e-02	-1.353845e+01
2.433000e-05	-6.315807e-02	-1.338058e+01
2.434000e-05	-5.854244e-02	-1.325366e+01
2.435000e-05	-5.468118e-02	-1.311636e+01
2.436000e-05	-5.320664e-02	-1.295745e+01
2.437000e-05	-5.039402e-02	-1.276150e+01
2.438000e-05	-4.657878e-02	-1.257208e+01
2.439000e-05	-4.312665e-02	-1.243216e+01
2.440000e-05	-4.211144e-02	-1.226263e+01
2.441000e-05	-4.007465e-02	-1.212329e+01
2.442000e-05	-3.577163e-02	-1.190524e+01
2.443000e-05	-3.285246e-02	-1.164471e+01
2.444000e-05	-3.135413e-02	-1.142421e+01
2.445000e-05	-3.014189e-02	-1.120256e+01
2.446000e-05	-2.838273e-02	-1.097206e+01
2.447000e-05	-2.616384e-02	-1.083053e+01
2.448000e-05	-2.556944e-02	-1.064106e+01
2.449000e-05	-2.420935e-02	-1.042106e+01
2.450000e-05	-2.278448e-02	-1.015093e+01
2.451000e-05	-1.996447e-02	-9.917450e+00
2.452000e-05	-1.962665e-02	-9.736944e+00
2.453000e-05	-1.943019e-02	-9.546844e+00
2.454000e-05	-1.877677e-02	-9.294737e+00
2.455000e-05	-1.635591e-02	-9.054084e+00
2.456000e-05	-1.608387e-02	-8.841575e+00
2.457000e-05	-1.632810e-02	-8.549974e+00
2.458000e-05	-1.568294e-02	-8.344293e+00
2.459000e-05	-1.415318e-02	-8.074792e+00
2.460000e-05	-1.280979e-02	-7.813084e+00
2.461000e-05	-1.264471e-02	-7.518318e+00
2.462000e-05	-1.436407e-02	-7.263763e+00
2.463000e-05	-1.088772e-02	-7.022578e+00
2.464000e-05	-1.089639e-02	-6.767901e+00
2.465000e-05	-1.009195e-02	-6.504367e+00
2.466000e-05	-1.135539e-02	-6.242604e+00
2.467000e-05	-1.123730e-02	-5.968900e+00
2.468000e-05	-6.609853e-03	-5.714318e+00
2.469000e-05	-1.031778e-02	-5.462153e+00
2.470000e-05	-7.803140e-03	-5.123144e+00
2.471000e-05	-1.038030e-02	-4.828951e+00
2.472000e-05	-6.583460e-03	-4.475637e+00
2.473000e-05	-1.037925e-02	-4.274132e+00
2.474000e-05	-7.086974e-03	-4.060926e+00
2.475000e-05	-9.243416e-03	-3.726214e+00
2.476000e-05	-4.467755e-03	-3.413582e+00
2.477000e-05	-5.656784e-03	-3.218945e+00
2.478000e-05	-4.757165e-03	-2.842582e+00
2.479000e-05	-7.077985e-03	-2.588946e+00
2.480000e-05	-6.007460e-03	-2.334286e+00
2.481000e-05	-7.011605e-03	-2.020474e+00
2.482000e-05	-6.038944e-03	-1.756866e+00
2.483000e-05	-6.793558e-03	-1.450451e+00
2.484000e-05	-3.918378e-03	-1.126237e+00
2.485000e-05	-1.899555e-03	-8.411751e-01
2.486000e-05	-3.080948e-03	-5.342908e-01
2.487000e-05	-2.462360e-03	-2.727054e-01
2.488000e-05	-9.359942e-05	7.363032e-02
2.489000e-05	8.999166e-03	3.078685e-01
2.490000e-05	-3.615906e-03	5.799986e-01
2.491000e-05	3.200235e-03	8.411027e-01
2.492000e-05	-1.827441e-03	1.169900e+00
2.493000e-05	6.392294e-03	1.421605e+00
2.494000e-05	7.400298e-04	1.739495e+00
2.495000e-05	1.493981e-02	1.969571e+00
2.496000e-05	4.665494e-02	2.201105e+00
2.497000e-05	6.872534e-02	2.528976e+00
2.498000e-05	-6.450651e-02	2.904820e+00
2.499000e-05	-4.520261e-02	3.129032e+00
2.500000e-05	-2.950744e-02	3.465758e+00
2.501000e-05	7.082927e-03	3.688367e+00
2.502000e-05	-5.349618e-02	3.915867e+00
2.503000e-05	1.248892e-02	4.136794e+00
2.504000e-05	8.402040e-02	4.434733e+00
2.505000e-05	-6.563827e-02	4.696870e+00
2.506000e-05	1.420358e-01	4.981203e+00
2.507000e-05	-8.870321e-02	5.360002e+00
2.508000e-05	-3.643227e-03	5.571183e+00
2.509000e-05	2.770793e-02	5.918291e+00
2.510000e-05	-2.454816e-02	6.147424e+00
2.511000e-05	5.043490e-02	6.402032e+00
2.512000e-05	-5.629842e-02	6.687897e+00
2.513000e-05	6.062089e-02	6.968480e+00
2.514000e-05	1.225078e-02	7.195762e+00
2.515000e-05	-1.634249e-02	7.476951e+00
2.516000e-05	-2.251234e-02	7.774610e+00
2.517000e-05	4.786699e-03	8.085867e+00
2.518000e-05	6.086614e-02	8.298424e+00
2.519000e-05	-2.734875e-02	8.510500e+00
2.520000e-05	3.053850e-03	8.769105e+00
2.521000e-05	1.692831e-02	8.992184e+00
2.522000e-05	4.001398e-03	9.234737e+00
2.523000e-05	1.801542e-02	9.434318e+00
2.524000e-05	-2.229318e-02	9.718973e+00
2.525000e-05	2.529115e-02	9.970529e+00
2.526000e-05	1.397175e-02	1.017063e+01
2.527000e-05	2.431322e-02	1.038208e+01
2.528000e-05	-1.624766e-02	1.061278e+01
2.529000e-05	-9.004637e-04	1.081316e+01
2.530000e-05	2.558880e-02	1.104366e+01
2.531000e-05	6.931879e-03	1.117271e+01
2.532000e-05	8.528380e-03	1.145521e+01
2.533000e-05	-1.279005e-03	1.169642e+01
2.534000e-05	3.161355e-02	1.184479e+01
2.535000e-05	9.404958e-03	1.206534e+01
2.536000e-05	5.294725e-03	1.223469e+01
2.537000e-05	-3.863237e-03	1.239369e+01
2.538000e-05	1.943193e-02	1.261163e+01
2.539000e-05	1.834036e-02	1.276098e+01
2.540000e-05	5.099157e-03	1.292795e+01
2.541000e-05	6.532083e-03	1.305740e+01
2.542000e-05	1.668032e-02	1.322529e+01
2.543000e-05	2.293716e-02	1.338363e+01
2.544000e-05	4.801464e-03	1.350995e+01
2.545000e-05	4.943194e-03	1.369789e+01
2.546000e-05	1.543337e-02	1.382479e+01
2.547000e-05	2.111731e-02	1.397366e+01
2.548000e-05	1.063638e-02	1.408947e+01
2.549000e-05	5.930996e-03	1.423577e+01
2.550000e-05	1.773329e-02	1.436516e+01
2.551000e-05	2.108485e-02	1.451734e+01
2.552000e-05	1.347796e-02	1.457413e+01
2.553000e-05	8.656026e-03	1.469730e+01
2.554000e-05	1.732821e-02	1.477316e+01
2.555000e-05	2.309285e-02	1.484782e+01
2.556000e-05	1.663029e-02	1.492953e+01
2.557000e-05	1.191187e-02	1.499423e+01
2.558000e-05	1.474154e-02	1.508847e+01
2.559000e-05	2.310163e-02	1.514270e+01
2.560000e-05	1.829270e-02	1.522479e+01
2.561000e-05	1.484044e-02	1.526882e+01
2.562000e-05	1.825690e-02	1.534208e+01
2.563000e-05	2.491978e-02	1.539264e+01
2.564000e-05	2.231229e-02	1.542619e+01
2.565000e-05	1.516823e-02	1.543679e+01
2.566000e-05	2.013899e-02	1.548892e+01
2.567000e-05	2.422795e-02	1.551792e+01
2.568000e-05	2.603690e-02	1.553896e+01
2.569000e-05	2.042895e-02	1.555055e+01
2.570000e-05	2.391342e-02	1.555156e+01
2.571000e-05	2.742157e-02	1.553158e+01
2.572000e-05	2.935795e-02	1.554103e+01
2.573000e-05	2.520768e-02	1.552155e+01
2.574000e-05	2.603288e-02	1.551997e+01
2.575000e-05	3.393320e-02	1.546792e+01
2.576000e-05	3.564633e-02	1.548689e+01
2.577000e-05	3.410959e-02	1.543681e+01
2.578000e-05	3.230201e-02	1.540516e+01
2.579000e-05	3.805812e-02	1.536308e+01
2.580000e-05	4.086182e-02	1.534947e+01
2.581000e-05	4.002880e-02	1.527577e+01
2.582000e-05	3.992606e-02	1.521469e+01
2.583000e-05	4.542527e-02	1.514953e+01
2.584000e-05	5.070761e-02	1.505731e+01
2.585000e-05	5.052236e-02	1.498103e+01
2.586000e-05	5.337767e-02	1.490887e+01
2.587000e-05	5.552049e-02	1.483266e+01
2.588000e-05	6.191063e-02	1.473945e+01
2.589000e-05	6.310228e-02	1.463469e+01
2.590000e-05	6.357144e-02	1.451960e+01
2.591000e-05	6.641635e-02	1.442481e+01
2.592000e-05	6.803294e-02	1.432944e+01
2.593000e-05	6.913904e-02	1.420156e+01
2.594000e-05	6.508074e-02	1.404534e+01
2.595000e-05	6.599986e-02	1.391697e+01
2.596000e-05	6.386965e-02	1.374060e+01
2.597000e-05	6.145513e-02	1.364419e+01
2.598000e-05	5.621389e-02	1.346779e+01
2.599000e-05	5.339167e-02	1.334952e+01
2.600000e-05	5.117760e-02	1.321103e+01
2.601000e-05	4.945519e-02	1.300319e+01
2.602000e-05	4.467899e-02	1.288579e+01
2.603000e-05	4.079521e-02	1.270892e+01
2.604000e-05	3.975502e-02	1.252045e+01
2.605000e-05	3.676343e-02	1.238100e+01
2.606000e-05	3.339724e-02	1.216211e+01
2.607000e-05	2.806859e-02	1.204418e+01
2.608000e-05	2.729745e-02	1.178208e+01
2.609000e-05	2.581544e-02	1.163264e+01
2.610000e-05	2.410513e-02	1.138216e+01
2.611000e-05	2.117641e-02	1.119053e+01
2.612000e-05	1.994441e-02	1.095960e+01
2.613000e-05	1.976914e-02	1.082003e+01
2.614000e-05	1.827015e-02	1.054098e+01
2.615000e-05	1.488927e-02	1.033852e+01
2.616000e-05	1.347177e-02	1.013994e+01
2.617000e-05	1.367411e-02	9.897742e+00
2.618000e-05	1.221098e-02	9.665766e+00
2.619000e-05	9.919972e-03	9.433137e+00
2.620000e-05	8.740689e-03	9.211034e+00
2.621000e-05	9.044339e-03	8.950551e+00
2.622000e-05	8.367503e-03	8.686347e+00
2.623000e-05	6.077809e-03	8.475366e+00
2.624000e-05	6.742796e-03	8.264313e+00
2.625000e-05	7.065834e-03	8.031604e+00
2.626000e-05	5.142110e-03	7.789471e+00
2.627000e-05	3.274955e-03	7.434792e+00
2.628000e-05	3.593115e-03	7.234032e+00
2.629000e-05	3.799191e-03	6.967952e+00
2.630000e-05	2.703819e-03	6.727317e+00
2.631000e-05	8.889658e-04	6.411179e+00
2.632000e-05	1.743682e-03	6.189924e+00
2.633000e-05	2.618494e-03	5.977368e+00
2.634000e-05	1.350987e-03	5.614106e+00
2.635000e-05	-5.468249e-04	5.379076e+00
2.636000e-05	-9.129380e-05	5.054630e+00
2.637000e-05	4.350181e-04	4.748290e+00
2.638000e-05	-3.570661e-04	4.493182e+00
2.639000e-05	-2.479688e-03	4.171044e+00
2.640000e-05	-1.757929e-03	3.907186e+00
2.641000e-05	-2.226511e-03	3.642653e+00
2.642000e-05	-2.310654e-03	3.346466e+00
2.643000e-05	-2.983671e-03	3.083157e+00
2.644000e-05	-2.679437e-03	2.779479e+00
2.645000e-05	-2.110466e-03	2.476239e+00
2.646000e-05	-3.569498e-03	2.209574e+00
2.647000e-05	-3.314712e-03	1.967867e+00
2.648000e-05	-4.899611e-03	1.654633e+00
2.649000e-05	-3.065079e-03	1.356388e+00
2.650000e-05	-5.600980e-03	1.039500e+00
2.651000e-05	-2.435273e-03	7.257870e-01
2.652000e-05	-5.622619e-03	4.730554e-01
2.653000e-05	8.035380e-05	1.683684e-01
2.654000e-05	-2.326910e-03	-1.263158e-01
2.655000e-05	6.643394e-03	-3.693975e-01
2.656000e-05	-7.323966e-03	-6.642092e-01
2.657000e-05	-2.923247e-04	-9.067920e-01
2.658000e-05	-7.228134e-03	-1.190953e+00
2.659000e-05	3.557759e-05	-1.517242e+00
2.660000e-05	-6.292869e-04	-1.746450e+00
2.661000e-05	3.177966e-02	-1.949475e+00
2.662000e-05	9.297574e-02	-2.233589e+00
2.663000e-05	-5.541527e-02	-2.621033e+00
2.664000e-05	-5.195553e-02	-2.991629e+00
2.665000e-05	-4.757451e-02	-3.326293e+00
2.666000e-05	-1.497898e-02	-3.548321e+00
2.667000e-05	-6.824540e-02	-3.789024e+00
2.668000e-05	9.795771e-02	-4.042028e+00
2.669000e-05	-1.550709e-02	-4.183084e+00
2.670000e-05	-5.889422e-02	-4.518442e+00
2.671000e-05	1.659764e-01	-4.747976e+00
2.672000e-05	-1.715224e-01	-5.065296e+00
2.673000e-05	8.436236e-02	-5.423052e+00
2.674000e-05	-9.419390e-02	-5.636268e+00
2.675000e-05	-1.336938e-02	-5.949995e+00
2.676000e-05	9.542555e-02	-6.190501e+00
2.677000e-05	-1.175411e-01	-6.447788e+00
2.678000e-05	1.159513e-01	-6.728927e+00
2.679000e-05	-8.261183e-02	-7.022183e+00
2.680000e-05	1.412419e-02	-7.337895e+00
2.681000e-05	-1.525504e-02	-7.518525e+00
2.682000e-05	-6.268056e-02	-7.856343e+00
2.683000e-05	8.576031e-02	-8.126796e+00
2.684000e-05	-9.239054e-02	-8.381926e+00
2.685000e-05	7.927947e-02	-8.613537e+00
2.686000e-05	-6.391198e-02	-8.896166e+00
2.687000e-05	-2.742897e-03	-9.076822e+00
2.688000e-05	2.040911e-03	-9.306803e+00
2.689000e-05	-4.804674e-02	-9.541505e+00
2.690000e-05	4.473699e-02	-9.751505e+00
2.691000e-05	-6.734588e-02	-9.964160e+00
2.692000e-05	5.902810e-02	-1.022416e+01
2.693000e-05	-6.825966e-02	-1.044679e+01
2.694000e-05	2.694866e-02	-1.062624e+01
2.695000e-05	-4.744197e-02	-1.086425e+01
2.696000e-05	6.099449e-03	-1.104937e+01
2.697000e-05	-1.367882e-02	-1.128684e+01
2.698000e-05	-1.737689e-02	-1.148792e+01
2.699000e-05	3.335120e-03	-1.171885e+01
2.700000e-05	-3.022642e-02	-1.190990e+01
2.701000e-05	5.909930e-03	-1.212693e+01
2.702000e-05	-4.480101e-02	-1.227892e+01
2.703000e-05	1.030356e-02	-1.243785e+01
2.704000e-05	-3.684475e-02	-1.264577e+01
2.705000e-05	9.752643e-03	-1.281458e+01
2.706000e-05	-3.288618e-02	-1.297208e+01
2.707000e-05	1.278144e-03	-1.311853e+01
2.708000e-05	-2.605107e-02	-1.328882e+01
2.709000e-05	-1.186177e-02	-1.350472e+01
2.710000e-05	-2.121430e-02	-1.359306e+01
2.711000e-05	-2.079935e-02	-1.373905e+01
2.712000e-05	-1.233337e-02	-1.389834e+01
2.713000e-05	-2.284790e-02	-1.401522e+01
2.714000e-05	-9.089669e-03	-1.417045e+01
2.715000e-05	-2.572585e-02	-1.428624e+01
2.716000e-05	-1.109079e-02	-1.437158e+01
2.717000e-05	-2.775746e-02	-1.449687e+01
2.718000e-05	-1.412358e-02	-1.459411e+01
2.719000e-05	-2.634919e-02	-1.466937e+01
2.720000e-05	-1.587257e-02	-1.482318e+01
2.721000e-05	-2.363619e-02	-1.487830e+01
2.722000e-05	-1.951443e-02	-1.501166e+01
2.723000e-05	-2.430751e-02	-1.505474e+01
2.724000e-05	-2.153281e-02	-1.511082e+01
2.725000e-05	-2.356049e-02	-1.519265e+01
2.726000e-05	-2.268998e-02	-1.525529e+01
2.727000e-05	-2.419888e-02	-1.532837e+01
2.728000e-05	-2.430866e-02	-1.534058e+01
2.729000e-05	-2.453035e-02	-1.539321e+01
2.730000e-05	-2.886576e-02	-1.544416e+01
2.731000e-05	-2.622675e-02	-1.548679e+01
2.732000e-05	-2.959157e-02	-1.551942e+01
2.733000e-05	-2.509666e-02	-1.550995e+01
2.734000e-05	-2.999495e-02	-1.555155e+01
2.735000e-05	-2.745043e-02	-1.556151e+01
2.736000e-05	-3.217584e-02	-1.560251e+01
2.737000e-05	-3.213222e-02	-1.557103e+01
2.738000e-05	-3.397272e-02	-1.557053e+01
2.739000e-05	-3.569738e-02	-1.558045e+01
2.740000e-05	-3.528418e-02	-1.551892e+01
2.741000e-05	-3.788164e-02	-1.550842e+01
2.742000e-05	-3.840727e-02	-1.547735e+01
2.743000e-05	-4.146291e-02	-1.547667e+01
2.744000e-05	-4.121667e-02	-1.538398e+01
2.745000e-05	-4.309906e-02	-1.534106e+01
2.746000e-05	-4.460052e-02	-1.532883e+01
2.747000e-05	-4.765093e-02	-1.525426e+01
2.748000e-05	-4.932706e-02	-1.522156e+01
2.749000e-05	-5.254278e-02	-1.511937e+01
2.750000e-05	-5.494504e-02	-1.506483e+01
2.751000e-05	-5.947123e-02	-1.496201e+01
2.752000e-05	-6.021144e-02	-1.489690e+01
2.753000e-05	-6.393997e-02	-1.484409e+01
2.754000e-05	-6.545461e-02	-1.471990e+01
2.755000e-05	-6.965704e-02	-1.460371e+01
2.756000e-05	-7.201778e-02	-1.452835e+01
2.757000e-05	-7.304719e-02	-1.440216e+01
2.758000e-05	-7.376538e-02	-1.433639e+01
2.759000e-05	-7.435413e-02	-1.417146e+01
2.760000e-05	-7.318811e-02	-1.404609e+01
2.761000e-05	-7.160194e-02	-1.391848e+01
2.762000e-05	-6.923410e-02	-1.374052e+01
2.763000e-05	-6.814884e-02	-1.364416e+01
2.764000e-05	-6.436540e-02	-1.350629e+01
2.765000e-05	-6.112479e-02	-1.330943e+01
2.766000e-05	-5.772548e-02	-1.321158e+01
2.767000e-05	-5.461095e-02	-1.301416e+01
2.768000e-05	-5.181996e-02	-1.288479e+01
2.769000e-05	-4.827745e-02	-1.274887e+01
2.770000e-05	-4.561316e-02	-1.251992e+01
2.771000e-05	-4.343173e-02	-1.237983e+01
2.772000e-05	-4.105610e-02	-1.220053e+01
2.773000e-05	-3.822355e-02	-1.201358e+01
2.774000e-05	-3.439026e-02	-1.179953e+01
2.775000e-05	-3.293440e-02	-1.158200e+01
2.776000e-05	-3.108185e-02	-1.133942e+01
2.777000e-05	-2.966151e-02	-1.112837e+01
2.778000e-05	-2.763468e-02	-1.090789e+01
2.779000e-05	-2.663052e-02	-1.077737e+01
2.780000e-05	-2.543352e-02	-1.055585e+01
2.781000e-05	-2.336798e-02	-1.031727e+01
2.782000e-05	-2.145452e-02	-1.009674e+01
2.783000e-05	-2.040787e-02	-9.854234e+00
2.784000e-05	-1.987777e-02	-9.662062e+00
2.785000e-05	-1.865689e-02	-9.412087e+00
2.786000e-05	-1.748597e-02	-9.219856e+00
2.787000e-05	-1.677291e-02	-8.958472e+00
2.788000e-05	-1.733973e-02	-8.776296e+00
2.789000e-05	-1.536247e-02	-8.495787e+00
2.790000e-05	-1.421740e-02	-8.262583e+00
2.791000e-05	-1.333774e-02	-7.980000e+00
2.792000e-05	-1.397240e-02	-7.698363e+00
2.793000e-05	-1.166414e-02	-7.402085e+00
2.794000e-05	-1.182608e-02	-7.218046e+00
2.795000e-05	-1.095389e-02	-6.917292e+00
2.796000e-05	-1.298908e-02	-6.684130e+00
2.797000e-05	-8.835078e-03	-6.410550e+00
2.798000e-05	-1.270166e-02	-6.149292e+00
2.799000e-05	-8.208039e-03	-5.883135e+00
2.800000e-05	-1.153246e-02	-5.599549e+00
2.801000e-05	-7.339388e-03	-5.306787e+00
2.802000e-05	-1.027794e-02	-4.990424e+00
2.803000e-05	-4.574487e-03	-4.682134e+00
2.804000e-05	-8.858652e-03	-4.451507e+00
2.805000e-05	-7.928848e-03	-4.190400e+00
2.806000e-05	-9.364449e-03	-3.926291e+00
2.807000e-05	-9.137326e-03	-3.591054e+00
2.808000e-05	-7.500618e-03	-3.347395e+00
2.809000e-05	-7.195327e-03	-3.081112e+00
2.810000e-05	-3.087979e-03	-2.768421e+00
2.811000e-05	-4.013506e-03	-2.494237e+00
2.812000e-05	-3.116641e-03	-2.210424e+00
2.813000e-05	-7.498303e-03	-1.916212e+00
2.814000e-05	-5.933695e-03	-1.631607e+00
2.815000e-05	-7.916761e-03	-1.332243e+00
2.816000e-05	-4.153098e-03	-1.019949e+00
2.817000e-05	-5.312435e-03	-7.252394e-01
2.818000e-05	-9.254934e-04	-4.089525e-01
2.819000e-05	-2.879545e-05	-1.453134e-01
2.820000e-05	8.184437e-03	1.148460e-01
2.821000e-05	5.206108e-03	4.426340e-01
2.822000e-05	-2.206319e-03	6.538120e-01
2.823000e-05	1.312956e-05	9.683985e-01
2.824000e-05	-1.360291e-03	1.263713e+00
2.825000e-05	3.439672e-03	1.526980e+00
2.826000e-05	1.833224e-03	1.831609e+00
2.827000e-05	2.437011e-02	2.043659e+00
2.828000e-05	7.215840e-02	2.305843e+00
2.829000e-05	2.225433e-02	2.688290e+00
2.830000e-05	-6.969899e-02	2.981131e+00
2.831000e-05	-4.306290e-02	3.274790e+00
2.832000e-05	-9.144037e-03	3.548499e+00
2.833000e-05	-1.263557e-02	3.789576e+00
2.834000e-05	-5.256821e-02	3.969997e+00
2.835000e-05	6.831300e-02	4.242762e+00
2.836000e-05	1.524336e-02	4.551450e+00
2.837000e-05	6.248185e-03	4.801104e+00
2.838000e-05	9.919600e-02	5.129420e+00
2.839000e-05	-1.138097e-01	5.445284e+00
2.840000e-05	5.381924e-02	5.746871e+00
2.841000e-05	-1.909966e-02	5.983605e+00
2.842000e-05	1.499051e-02	6.232679e+00
2.843000e-05	1.020241e-02	6.537420e+00
2.844000e-05	-3.564602e-02	6.803608e+00
2.845000e-05	7.866093e-02	7.034214e+00
2.846000e-05	-2.483304e-02	7.348996e+00
2.847000e-05	1.026370e-03	7.612183e+00
2.848000e-05	-3.382340e-02	7.877440e+00
2.849000e-05	4.750456e-02	8.140076e+00
2.850000e-05	2.810033e-02	8.390680e+00
2.851000e-05	-3.638016e-02	8.632683e+00
2.852000e-05	2.823072e-02	8.854816e+00
2.853000e-05	-3.713309e-03	9.078367e+00
2.854000e-05	2.530701e-02	9.319896e+00
2.855000e-05	-1.294025e-02	9.538001e+00
2.856000e-05	3.070240e-03	9.822659e+00
2.857000e-05	1.762413e-02	9.973210e+00
2.858000e-05	2.277246e-02	1.025523e+01
2.859000e-05	1.147609e-02	1.045529e+01
2.860000e-05	-2.180282e-02	1.066784e+01
2.861000e-05	2.181311e-02	1.085632e+01
2.862000e-05	1.078286e-02	1.106637e+01
2.863000e-05	1.417749e-02	1.128800e+01
2.864000e-05	-8.588651e-03	1.151845e+01
2.865000e-05	2.033060e-02	1.172895e+01
2.866000e-05	1.945348e-02	1.197100e+01
2.867000e-05	1.187285e-02	1.209848e+01
2.868000e-05	-3.733043e-03	1.226847e+01
2.869000e-05	6.074696e-03	1.247744e+01
2.870000e-05	2.272169e-02	1.262526e+01
2.871000e-05	1.162416e-02	1.280376e+01
2.872000e-05	6.668406e-03	1.302411e+01
2.873000e-05	6.922513e-03	1.312103e+01
2.874000e-05	2.628671e-02	1.328837e+01
2.875000e-05	1.148663e-02	1.343619e+01
2.876000e-05	6.747217e-03	1.361271e+01
2.877000e-05	4.049721e-03	1.375156e+01
2.878000e-05	2.276169e-02	1.385744e+01
2.879000e-05	1.612287e-02	1.398474e+01
2.880000e-05	9.076612e-03	1.414060e+01
2.881000e-05	9.755643e-03	1.430740e+01
2.882000e-05	1.954028e-02	1.438581e+01
2.883000e-05	1.949218e-02	1.452050e+01
2.884000e-05	7.981811e-03	1.466324e+01
2.885000e-05	1.261287e-02	1.473937e+01
2.886000e-05	1.821399e-02	1.482371e+01
2.887000e-05	2.405993e-02	1.485782e+01
2.888000e-05	1.224497e-02	1.498205e+01
2.889000e-05	1.398904e-02	1.506682e+01
2.890000e-05	1.802926e-02	1.510005e+01
2.891000e-05	2.168204e-02	1.517416e+01
2.892000e-05	1.681505e-02	1.522536e+01
2.893000e-05	1.256711e-02	1.527690e+01
2.894000e-05	2.231685e-02	1.530200e+01
2.895000e-05	2.384047e-02	1.539314e+01
2.896000e-05	2.153863e-02	1.540527e+01
2.897000e-05	1.577377e-02	1.547737e+01
2.898000e-05	2.399873e-02	1.549794e+01
2.899000e-05	2.540645e-02	1.550900e+01
2.900000e-05	2.361097e-02	1.552995e+01
2.901000e-05	1.980136e-02	1.554158e+01
2.902000e-05	2.476651e-02	1.556006e+01
2.903000e-05	2.958990e-02	1.552250e+01
2.904000e-05	2.673450e-02	1.555055e+01
2.905000e-05	2.628316e-02	1.552050e+01
2.906000e-05	2.917866e-02	1.552945e+01
2.907000e-05	3.625651e-02	1.547794e+01
2.908000e-05	3.345873e-02	1.546689e+01
2.909000e-05	3.460214e-02	1.543371e+01
2.910000e-05	3.343230e-02	1.537368e+01
2.911000e-05	4.205103e-02	1.529958e+01
2.912000e-05	3.898755e-02	1.528992e+01
2.913000e-05	3.840496e-02	1.522484e+01
2.914000e-05	4.006386e-02	1.516256e+01
2.915000e-05	4.809973e-02	1.512154e+01
2.916000e-05	5.091115e-02	1.499326e+01
2.917000e-05	5.143086e-02	1.496902e+01
2.918000e-05	5.430441e-02	1.487624e+01
2.919000e-05	6.113224e-02	1.477165e+01
2.920000e-05	6.278799e-02	1.469687e+01
2.921000e-05	6.222158e-02	1.457161e+01
2.922000e-05	6.075084e-02	1.450687e+01
2.923000e-05	6.837882e-02	1.437111e+01
2.924000e-05	6.829129e-02	1.427479e+01
2.925000e-05	6.834184e-02	1.414950e+01
2.926000e-05	6.394414e-02	1.398273e+01
2.927000e-05	6.700187e-02	1.383584e+01
2.928000e-05	6.419008e-02	1.371990e+01
2.929000e-05	5.949777e-02	1.355205e+01
2.930000e-05	5.391274e-02	1.336423e+01
2.931000e-05	5.288331e-02	1.327677e+01
2.932000e-05	5.084157e-02	1.315790e+01
2.933000e-05	4.630435e-02	1.296308e+01
2.934000e-05	4.110314e-02	1.282261e+01
2.935000e-05	4.048799e-02	1.265321e+01
2.936000e-05	3.982053e-02	1.250482e+01
2.937000e-05	3.614468e-02	1.230732e+01
2.938000e-05	3.003081e-02	1.209943e+01
2.939000e-05	2.920307e-02	1.193894e+01
2.940000e-05	2.769114e-02	1.172699e+01
2.941000e-05	2.606245e-02	1.151950e+01
2.942000e-05	2.103277e-02	1.132740e+01
2.943000e-05	2.044879e-02	1.110749e+01
2.944000e-05	2.071187e-02	1.088735e+01
2.945000e-05	1.914383e-02	1.073782e+01
2.946000e-05	1.562350e-02	1.048429e+01
2.947000e-05	1.404663e-02	1.024571e+01
2.948000e-05	1.521456e-02	1.003166e+01
2.949000e-05	1.297114e-02	9.772555e+00
2.950000e-05	1.170012e-02	9.549924e+00
2.951000e-05	9.099850e-03	9.337973e+00
2.952000e-05	9.170032e-03	9.138342e+00
2.953000e-05	7.699643e-03	8.915842e+00
2.954000e-05	6.449108e-03	8.665181e+00
2.955000e-05	6.176834e-03	8.423032e+00
2.956000e-05	6.861563e-03	8.190475e+00
2.957000e-05	5.682317e-03	7.905316e+00
2.958000e-05	4.872127e-03	7.664263e+00
2.959000e-05	3.754593e-03	7.372901e+00
2.960000e-05	3.314407e-03	7.086317e+00
2.961000e-05	3.417418e-03	6.885736e+00
2.962000e-05	1.904072e-03	6.591599e+00
2.963000e-05	1.759677e-03	6.338370e+00
2.964000e-05	9.243701e-04	6.055237e+00
2.965000e-05	1.432680e-03	5.803076e+00
2.966000e-05	1.639843e-03	5.528418e+00
2.967000e-05	4.541671e-04	5.275157e+00
2.968000e-05	-4.765445e-04	4.907863e+00
2.969000e-05	3.297859e-04	4.622553e+00
2.970000e-05	-7.827259e-04	4.359325e+00
2.971000e-05	-1.887981e-03	4.054711e+00
2.972000e-05	-2.764729e-03	3.740450e+00
2.973000e-05	-1.816209e-03	3.556765e+00
2.974000e-05	-1.624483e-03	3.222235e+00
2.975000e-05	-2.307196e-03	2.957845e+00
2.976000e-05	-3.915191e-03	2.735269e+00
2.977000e-05	-2.433391e-03	2.378940e+00
2.978000e-05	-2.348347e-03	2.105783e+00
2.979000e-05	-4.453667e-03	1.882625e+00
2.980000e-05	-4.639307e-03	1.556295e+00
2.981000e-05	-4.152807e-03	1.262228e+00
2.982000e-05	-4.001016e-03	8.947869e-01
2.983000e-05	-4.336579e-03	6.300025e-01
2.984000e-05	-4.648409e-03	3.779184e-01
2.985000e-05	-2.700616e-03	5.068045e-02
2.986000e-05	4.697464e-03	-2.325577e-01
2.987000e-05	1.803117e-03	-4.627127e-01
2.988000e-05	-3.492689e-03	-7.189700e-01
2.989000e-05	-3.642546e-03	-1.021058e+00
2.990000e-05	-2.684164e-03	-1.296294e+00
2.991000e-05	-3.501567e-03	-1.620503e+00
2.992000e-05	5.818499e-03	-1.843685e+00
2.993000e-05	5.544847e-02	-2.071134e+00
2.994000e-05	6.638091e-02	-2.400430e+00
2.995000e-05	-8.660989e-02	-2.738426e+00
2.996000e-05	-3.614561e-02	-3.128468e+00
2.997000e-05	-4.383380e-02	-3.391559e+00
2.998000e-05	-2.168992e-02	-3.622157e+00
2.999000e-05	-5.049365e-02	-3.895765e+00
3.000000e-05	1.380775e-01	-4.075790e+00
3.001000e-05	-1.316439e-01	-4.308922e+00
3.002000e-05	9.843097e-02	-4.591614e+00
3.003000e-05	3.718337e-02	-4.844140e+00
3.004000e-05	-1.253482e-01	-5.222082e+00
3.005000e-05	9.865157e-02	-5.474816e+00
3.006000e-05	-1.640319e-01	-5.769054e+00
3.007000e-05	1.188716e-01	-6.043068e+00
3.008000e-05	-3.133080e-02	-6.275242e+00
3.009000e-05	-3.191545e-02	-6.611533e+00
3.010000e-05	8.319678e-02	-6.764136e+00
3.011000e-05	-1.067264e-01	-7.138525e+00
3.012000e-05	6.694630e-02	-7.393083e+00
3.013000e-05	-9.191607e-02	-7.665719e+00
3.014000e-05	3.048794e-02	-7.949954e+00
3.015000e-05	1.430830e-02	-8.170504e+00
3.016000e-05	-5.431407e-02	-8.476314e+00
3.017000e-05	7.538234e-02	-8.675339e+00
3.018000e-05	-1.046793e-01	-8.978048e+00
3.019000e-05	6.127294e-02	-9.181903e+00
3.020000e-05	-6.539422e-02	-9.383138e+00
3.021000e-05	2.492782e-02	-9.666187e+00
3.022000e-05	-1.905886e-02	-9.846162e+00
3.023000e-05	-1.762099e-02	-1.008734e+01
3.024000e-05	2.339823e-02	-1.028940e+01
3.025000e-05	-5.889330e-02	-1.050092e+01
3.026000e-05	2.953953e-02	-1.074645e+01
3.027000e-05	-6.279250e-02	-1.095998e+01
3.028000e-05	3.620534e-02	-1.116153e+01
3.029000e-05	-4.745961e-02	-1.137043e+01
3.030000e-05	1.759836e-02	-1.159206e+01
3.031000e-05	-3.195574e-02	-1.180315e+01
3.032000e-05	1.722598e-03	-1.199416e+01
3.033000e-05	-2.342531e-02	-1.221153e+01
3.034000e-05	-2.025047e-02	-1.234003e+01
3.035000e-05	-7.732556e-03	-1.255097e+01
3.036000e-05	-2.321989e-02	-1.270888e+01
3.037000e-05	1.712020e-03	-1.290690e+01
3.038000e-05	-3.196132e-02	-1.303479e+01
3.039000e-05	3.379564e-03	-1.321309e+01
3.040000e-05	-3.229734e-02	-1.335045e+01
3.041000e-05	-7.185396e-04	-1.352885e+01
3.042000e-05	-3.397539e-02	-1.360417e+01
3.043000e-05	-7.664237e-03	-1.378259e+01
3.044000e-05	-2.394661e-02	-1.392102e+01
3.045000e-05	-1.144229e-02	-1.406735e+01
3.046000e-05	-2.127576e-02	-1.417409e+01
3.047000e-05	-1.898298e-02	-1.428997e+01
3.048000e-05	-1.698829e-02	-1.442469e+01
3.049000e-05	-2.082221e-02	-1.459056e+01
3.050000e-05	-1.640466e-02	-1.462522e+01
3.051000e-05	-2.511813e-02	-1.474990e+01
3.052000e-05	-1.637079e-02	-1.484474e+01
3.053000e-05	-2.302641e-02	-1.488745e+01
3.054000e-05	-1.919514e-02	-1.500416e+01
3.055000e-05	-2.639679e-02	-1.504779e+01
3.056000e-05	-2.086048e-02	-1.511058e+01
3.057000e-05	-2.469137e-02	-1.520414e+01
3.058000e-05	-2.094733e-02	-1.527582e+01
3.059000e-05	-2.622376e-02	-1.534792e+01
3.060000e-05	-2.245007e-02	-1.539253e+01
3.061000e-05	-2.607390e-02	-1.541361e+01
3.062000e-05	-2.638593e-02	-1.544584e+01
3.063000e-05	-2.859077e-02	-1.549785e+01
3.064000e-05	-2.869247e-02	-1.553887e+01
3.065000e-05	-2.647290e-02	-1.552995e+01
3.066000e-05	-3.016054e-02	-1.555048e+01
3.067000e-05	-3.007074e-02	-1.558153e+01
3.068000e-05	-3.277434e-02	-1.558001e+01
3.069000e-05	-3.127795e-02	-1.559158e+01
3.070000e-05	-3.457410e-02	-1.555150e+01
3.071000e-05	-3.489836e-02	-1.555098e+01
3.072000e-05	-3.693069e-02	-1.550895e+01
3.073000e-05	-3.803531e-02	-1.548795e+01
3.074000e-05	-3.979891e-02	-1.545582e+01
3.075000e-05	-4.147666e-02	-1.540469e+01
3.076000e-05	-4.301517e-02	-1.538306e+01
3.077000e-05	-4.426281e-02	-1.535145e+01
3.078000e-05	-4.501027e-02	-1.527739e+01
3.079000e-05	-4.696389e-02	-1.528269e+01
3.080000e-05	-5.101467e-02	-1.520056e+01
3.081000e-05	-5.290875e-02	-1.510829e+01
3.082000e-05	-5.620270e-02	-1.500571e+01
3.083000e-05	-5.885916e-02	-1.492098e+01
3.084000e-05	-6.185087e-02	-1.487479e+01
3.085000e-05	-6.650061e-02	-1.478265e+01
3.086000e-05	-6.532340e-02	-1.468729e+01
3.087000e-05	-7.285653e-02	-1.456156e+01
3.088000e-05	-7.058149e-02	-1.449577e+01
3.089000e-05	-7.570236e-02	-1.437108e+01
3.090000e-05	-7.282869e-02	-1.426531e+01
3.091000e-05	-7.287066e-02	-1.411887e+01
3.092000e-05	-7.124198e-02	-1.402013e+01
3.093000e-05	-7.229833e-02	-1.384616e+01
3.094000e-05	-6.929636e-02	-1.369632e+01
3.095000e-05	-6.785225e-02	-1.359051e+01
3.096000e-05	-6.383312e-02	-1.341319e+01
3.097000e-05	-6.232413e-02	-1.329779e+01
3.098000e-05	-5.539935e-02	-1.312837e+01
3.099000e-05	-5.184418e-02	-1.297050e+01
3.100000e-05	-4.765477e-02	-1.283208e+01
3.101000e-05	-4.649186e-02	-1.263369e+01
3.102000e-05	-4.566751e-02	-1.248479e+01
3.103000e-05	-4.294699e-02	-1.227531e+01
3.104000e-05	-4.098915e-02	-1.212742e+01
3.105000e-05	-3.939687e-02	-1.194887e+01
3.106000e-05	-3.655511e-02	-1.168632e+01
3.107000e-05	-3.085982e-02	-1.148685e+01
3.108000e-05	-2.857660e-02	-1.124431e+01
3.109000e-05	-2.780998e-02	-1.105529e+01
3.110000e-05	-2.654690e-02	-1.082466e+01
3.111000e-05	-2.542871e-02	-1.068474e+01
3.112000e-05	-2.551634e-02	-1.046416e+01
3.113000e-05	-2.436466e-02	-1.021316e+01
3.114000e-05	-2.335638e-02	-1.003803e+01
3.115000e-05	-2.200941e-02	-9.780498e+00
3.116000e-05	-1.813578e-02	-9.600950e+00
3.117000e-05	-1.755638e-02	-9.338392e+00
3.118000e-05	-1.660827e-02	-9.086266e+00
3.119000e-05	-1.597144e-02	-8.854712e+00
3.120000e-05	-1.458356e-02	-8.622733e+00
3.121000e-05	-1.559135e-02	-8.421902e+00
3.122000e-05	-1.581449e-02	-8.156897e+00
3.123000e-05	-1.328185e-02	-7.887217e+00
3.124000e-05	-1.300393e-02	-7.641105e+00
3.125000e-05	-1.227655e-02	-7.328425e+00
3.126000e-05	-1.315067e-02	-7.094790e+00
3.127000e-05	-1.119633e-02	-6.830557e+00
3.128000e-05	-1.142692e-02	-6.538970e+00
3.129000e-05	-7.769755e-03	-6.367237e+00
3.130000e-05	-1.081561e-02	-6.043129e+00
3.131000e-05	-9.443272e-03	-5.771919e+00
3.132000e-05	-1.026936e-02	-5.523736e+00
3.133000e-05	-8.292922e-03	-5.180049e+00
3.134000e-05	-9.986459e-03	-4.904614e+00
3.135000e-05	-7.870956e-03	-4.570471e+00
3.136000e-05	-9.215937e-03	-4.347796e+00
3.137000e-05	-6.029154e-03	-4.125209e+00
3.138000e-05	-6.445399e-03	-3.819426e+00
3.139000e-05	-8.283313e-03	-3.516791e+00
3.140000e-05	-8.175107e-03	-3.263534e+00
3.141000e-05	-5.669515e-03	-2.947816e+00
3.142000e-05	-4.185442e-03	-2.642083e+00
3.143000e-05	-5.659912e-03	-2.417967e+00
3.144000e-05	-6.249025e-03	-2.083158e+00
3.145000e-05	-6.215291e-03	-1.810429e+00
3.146000e-05	-5.594026e-03	-1.516815e+00
3.147000e-05	-6.668215e-03	-1.147446e+00
3.148000e-05	-5.633286e-03	-8.942091e-01
3.149000e-05	-4.291919e-03	-6.300002e-01
3.150000e-05	-2.054873e-05	-3.152358e-01
3.151000e-05	1.793057e-04	-6.258047e-02
3.152000e-05	8.439265e-03	1.931851e-01
3.153000e-05	-1.066764e-03	4.773132e-01
3.154000e-05	3.587682e-03	7.489739e-01
3.155000e-05	-2.075864e-03	1.085734e+00
3.156000e-05	1.527527e-03	1.316868e+00
3.157000e-05	3.265074e-04	1.666314e+00
3.158000e-05	9.290992e-03	1.926890e+00
3.159000e-05	3.450177e-02	2.106975e+00
3.160000e-05	8.102757e-02	2.485267e+00
3.161000e-05	-3.559412e-02	2.781685e+00
3.162000e-05	-5.221011e-02	3.128341e+00
3.163000e-05	-3.888648e-02	3.378525e+00
3.164000e-05	6.329484e-03	3.633157e+00
3.165000e-05	-4.133592e-02	3.873684e+00
3.166000e-05	-2.278397e-02	4.052759e+00
3.167000e-05	9.947610e-02	4.329024e+00
3.168000e-05	-5.813389e-02	4.653238e+00
3.169000e-05	1.044879e-01	4.827842e+00
3.170000e-05	-1.241703e-02	5.246817e+00
3.171000e-05	-6.150852e-02	5.517446e+00
3.172000e-05	5.403055e-02	5.843084e+00
3.173000e-05	-3.878429e-02	6.067317e+00
3.174000e-05	5.028383e-02	6.326350e+00
3.175000e-05	-3.840285e-02	6.655713e+00
3.176000e-05	2.007379e-02	6.896344e+00
3.177000e-05	4.903201e-02	7.150978e+00
3.178000e-05	-2.758595e-02	7.434292e+00
3.179000e-05	-6.085948e-03	7.697997e+00
3.180000e-05	-2.158100e-02	8.003154e+00
3.181000e-05	6.717399e-02	8.264765e+00
3.182000e-05	-6.467544e-03	8.475815e+00
3.183000e-05	-1.872147e-02	8.696395e+00
3.184000e-05	3.123095e-02	8.929974e+00
3.185000e-05	-9.308344e-03	9.141034e+00
3.186000e-05	3.143330e-02	9.402632e+00
3.187000e-05	-2.872171e-02	9.625165e+00
3.188000e-05	2.356850e-02	9.875841e+00
3.189000e-05	1.060021e-02	1.012944e+01
3.190000e-05	2.742933e-02	1.027852e+01
3.191000e-05	-3.038197e-03	1.054855e+01
3.192000e-05	-1.227104e-02	1.076198e+01
3.193000e-05	2.831069e-02	1.094052e+01
3.194000e-05	2.125252e-03	1.113963e+01
3.195000e-05	1.609694e-02	1.138263e+01
3.196000e-05	-1.055069e-02	1.157416e+01
3.197000e-05	3.165147e-02	1.180314e+01
3.198000e-05	1.006101e-02	1.201326e+01
3.199000e-05	1.165925e-02	1.219161e+01
3.200000e-05	-4.950084e-03	1.236113e+01
3.201000e-05	1.462679e-02	1.252000e+01
3.202000e-05	2.115433e-02	1.270897e+01
3.203000e-05	5.562635e-03	1.288937e+01
3.204000e-05	9.502785e-03	1.304382e+01
3.205000e-05	9.649005e-03	1.318413e+01
3.206000e-05	2.680456e-02	1.336148e+01
3.207000e-05	3.454564e-03	1.346845e+01
3.208000e-05	8.369375e-03	1.365632e+01
3.209000e-05	9.893314e-03	1.379421e+01
3.210000e-05	2.334692e-02	1.392008e+01
3.211000e-05	1.274704e-02	1.407831e+01
3.212000e-05	7.823812e-03	1.420382e+01
3.213000e-05	1.572818e-02	1.434098e+01
3.214000e-05	1.906141e-02	1.445579e+01
3.215000e-05	1.548581e-02	1.454303e+01
3.216000e-05	7.170155e-03	1.470934e+01
3.217000e-05	1.677548e-02	1.477106e+01
3.218000e-05	1.965549e-02	1.486482e+01
3.219000e-05	1.958114e-02	1.492147e+01
3.220000e-05	1.217349e-02	1.497311e+01
3.221000e-05	1.518114e-02	1.507632e+01
3.222000e-05	2.174337e-02	1.514011e+01
3.223000e-05	1.850077e-02	1.520316e+01
3.224000e-05	1.600404e-02	1.526742e+01
3.225000e-05	1.514732e-02	1.529147e+01
3.226000e-05	2.382264e-02	1.537161e+01
3.227000e-05	2.144972e-02	1.541321e+01
3.228000e-05	1.769181e-02	1.542479e+01
3.229000e-05	1.921934e-02	1.546682e+01
3.230000e-05	2.495855e-02	1.552850e+01
3.231000e-05	2.601472e-02	1.551997e+01
3.232000e-05	2.137872e-02	1.552995e+01
3.233000e-05	2.272735e-02	1.553016e+01
3.234000e-05	2.705630e-02	1.552063e+01
3.235000e-05	2.871789e-02	1.553103e+01
3.236000e-05	2.485119e-02	1.556066e+01
3.237000e-05	2.722962e-02	1.551097e+01
3.238000e-05	3.243951e-02	1.551897e+01
3.239000e-05	3.544803e-02	1.550842e+01
3.240000e-05	3.297049e-02	1.546729e+01
3.241000e-05	3.313261e-02	1.540468e+01
3.242000e-05	3.838892e-02	1.536108e+01
3.243000e-05	4.070601e-02	1.530950e+01
3.244000e-05	4.060288e-02	1.527939e+01
3.245000e-05	3.939215e-02	1.521378e+01
3.246000e-05	4.480015e-02	1.516101e+01
3.247000e-05	4.787872e-02	1.508837e+01
3.248000e-05	5.074356e-02	1.499514e+01
3.249000e-05	5.069487e-02	1.491912e+01
3.250000e-05	5.658649e-02	1.482521e+01
3.251000e-05	6.325416e-02	1.473945e+01
3.252000e-05	6.306337e-02	1.467579e+01
3.253000e-05	6.305673e-02	1.454048e+01
3.254000e-05	6.509303e-02	1.443422e+01
3.255000e-05	6.866167e-02	1.437150e+01
3.256000e-05	6.762052e-02	1.418361e+01
3.257000e-05	6.568002e-02	1.407694e+01
3.258000e-05	6.464009e-02	1.393115e+01
3.259000e-05	6.662600e-02	1.379531e+01
3.260000e-05	6.209818e-02	1.365676e+01
3.261000e-05	5.763253e-02	1.348947e+01
3.262000e-05	5.413006e-02	1.334408e+01
3.263000e-05	5.413521e-02	1.322218e+01
3.264000e-05	5.023195e-02	1.306684e+01
3.265000e-05	4.437400e-02	1.289837e+01
3.266000e-05	4.130630e-02	1.272107e+01
3.267000e-05	4.168502e-02	1.258162e+01
3.268000e-05	3.620876e-02	1.243205e+01
3.269000e-05	3.239167e-02	1.225418e+01
3.270000e-05	3.020487e-02	1.206524e+01
3.271000e-05	3.091013e-02	1.184529e+01
3.272000e-05	2.668700e-02	1.162431e+01
3.273000e-05	2.341159e-02	1.144481e+01
3.274000e-05	2.125068e-02	1.122361e+01
3.275000e-05	2.177334e-02	1.103506e+01
3.276000e-05	1.981471e-02	1.084218e+01
3.277000e-05	1.591464e-02	1.060271e+01
3.278000e-05	1.518995e-02	1.040408e+01
3.279000e-05	1.573549e-02	1.019108e+01
3.280000e-05	1.473900e-02	9.980948e+00
3.281000e-05	1.084273e-02	9.717346e+00
3.282000e-05	9.857826e-03	9.457314e+00
3.283000e-05	1.072927e-02	9.285233e+00
3.284000e-05	9.814475e-03	9.004683e+00
3.285000e-05	6.865067e-03	8.801479e+00
3.286000e-05	5.959366e-03	8.570474e+00
3.287000e-05	6.402547e-03	8.337849e+00
3.288000e-05	7.165465e-03	8.116784e+00
3.289000e-05	4.980607e-03	7.811579e+00
3.290000e-05	2.930244e-03	7.579970e+00
3.291000e-05	4.355417e-03	7.285660e+00
3.292000e-05	3.824371e-03	7.032132e+00
3.293000e-05	3.231373e-03	6.767900e+00
3.294000e-05	7.491051e-04	6.487267e+00
3.295000e-05	1.757194e-03	6.232131e+00
3.296000e-05	2.249482e-03	6.009504e+00
3.297000e-05	1.440088e-03	5.706812e+00
3.298000e-05	-2.049489e-04	5.463139e+00
3.299000e-05	-3.433124e-04	5.158870e+00
3.300000e-05	1.313771e-03	4.840603e+00
3.301000e-05	2.516763e-04	4.538966e+00
3.302000e-05	-1.456303e-03	4.304658e+00
3.303000e-05	-1.686903e-03	3.948318e+00
3.304000e-05	-1.126985e-03	3.665312e+00
3.305000e-05	-2.125461e-03	3.442054e+00
3.306000e-05	-3.231351e-03	3.106363e+00
3.307000e-05	-4.085064e-03	2.873683e+00
3.308000e-05	-2.482210e-03	2.590918e+00
3.309000e-05	-1.978918e-03	2.254661e+00
3.310000e-05	-3.923220e-03	2.022054e+00
3.311000e-05	-3.958716e-03	1.688745e+00
3.312000e-05	-2.821860e-03	1.440551e+00
3.313000e-05	-3.043553e-03	1.115815e+00
3.314000e-05	-5.188790e-03	7.704935e-01
3.315000e-05	-5.486864e-03	5.152356e-01
3.316000e-05	-4.117837e-03	2.346241e-01
3.317000e-05	-1.849179e-03	-6.411303e-02
3.318000e-05	7.490661e-03	-3.363158e-01
3.319000e-05	-6.868330e-03	-5.300048e-01
3.320000e-05	1.252636e-03	-8.535868e-01
3.321000e-05	-7.418688e-03	-1.075816e+00
3.322000e-05	2.311300e-03	-1.452059e+00
3.323000e-05	-5.749382e-03	-1.673239e+00
3.324000e-05	2.030285e-02	-1.906865e+00
3.325000e-05	8.252981e-02	-2.156977e+00
3.326000e-05	-2.732289e-03	-2.537396e+00
3.327000e-05	-7.753630e-02	-2.845819e+00
3.328000e-05	-4.183118e-02	-3.214184e+00
3.329000e-05	-2.601602e-02	-3.475262e+00
3.330000e-05	-4.905870e-02	-3.725892e+00
3.331000e-05	2.825622e-02	-3.979420e+00
3.332000e-05	8.026101e-02	-4.169446e+00
3.333000e-05	-1.377884e-01	-4.472584e+00
3.334000e-05	1.877619e-01	-4.695815e+00
3.335000e-05	-1.180484e-01	-4.908502e+00
3.336000e-05	-1.980463e-04	-5.288845e+00
3.337000e-05	1.845878e-03	-5.580554e+00
3.338000e-05	-1.132197e-01	-5.896766e+00
3.339000e-05	1.525922e-01	-6.108896e+00
3.340000e-05	-1.208308e-01	-6.370558e+00
3.341000e-05	7.690041e-02	-6.685767e+00
3.342000e-05	-1.525807e-02	-6.938397e+00
3.343000e-05	-4.988603e-02	-7.257263e+00
3.344000e-05	4.042694e-02	-7.466272e+00
3.345000e-05	-1.077344e-01	-7.780553e+00
3.346000e-05	9.257100e-02	-8.075162e+00
3.347000e-05	-6.571961e-02	-8.286817e+00
3.348000e-05	3.157382e-02	-8.550926e+00
3.349000e-05	-7.570879e-04	-8.781606e+00
3.350000e-05	-6.359312e-02	-9.015213e+00
3.351000e-05	5.120680e-02	-9.265162e+00
3.352000e-05	-8.349871e-02	-9.487822e+00
3.353000e-05	6.122485e-02	-9.728374e+00
3.354000e-05	-6.828805e-02	-9.940955e+00
3.355000e-05	4.470267e-02	-1.020161e+01
3.356000e-05	-3.923742e-02	-1.036211e+01
3.357000e-05	-8.123149e-03	-1.064469e+01
3.358000e-05	-1.252023e-02	-1.078206e+01
3.359000e-05	-2.934242e-02	-1.106371e+01
3.360000e-05	1.706778e-02	-1.120367e+01
3.361000e-05	-4.362392e-02	-1.147479e+01
3.362000e-05	2.194460e-02	-1.162427e+01
3.363000e-05	-4.104496e-02	-1.185684e+01
3.364000e-05	1.508709e-02	-1.208634e+01
3.365000e-05	-4.688032e-02	-1.225524e+01
3.366000e-05	5.404555e-03	-1.241466e+01
3.367000e-05	-2.765316e-02	-1.260266e+01
3.368000e-05	-1.182197e-03	-1.278413e+01
3.369000e-05	-2.235384e-02	-1.292798e+01
3.370000e-05	-1.451416e-02	-1.308732e+01
3.371000e-05	-1.046276e-02	-1.326474e+01
3.372000e-05	-2.239090e-02	-1.342366e+01
3.373000e-05	-9.913318e-03	-1.352155e+01
3.374000e-05	-3.003232e-02	-1.370837e+01
3.375000e-05	-3.203943e-03	-1.385471e+01
3.376000e-05	-2.598050e-02	-1.397256e+01
3.377000e-05	-8.763805e-03	-1.414842e+01
3.378000e-05	-2.860597e-02	-1.425427e+01
3.379000e-05	-1.161732e-02	-1.435353e+01
3.380000e-05	-2.322481e-02	-1.450682e+01
3.381000e-05	-1.855335e-02	-1.457103e+01
3.382000e-05	-2.391354e-02	-1.466634e+01
3.383000e-05	-1.726231e-02	-1.476211e+01
3.384000e-05	-1.673268e-02	-1.484625e+01
3.385000e-05	-2.248792e-02	-1.493148e+01
3.386000e-05	-2.445758e-02	-1.503417e+01
3.387000e-05	-2.345328e-02	-1.510842e+01
3.388000e-05	-2.038272e-02	-1.513951e+01
3.389000e-05	-2.561888e-02	-1.522319e+01
3.390000e-05	-2.409009e-02	-1.529779e+01
3.391000e-05	-2.495426e-02	-1.533050e+01
3.392000e-05	-1.991445e-02	-1.537309e+01
3.393000e-05	-2.815115e-02	-1.540469e+01
3.394000e-05	-2.717809e-02	-1.546574e+01
3.395000e-05	-3.007095e-02	-1.548885e+01
3.396000e-05	-2.449581e-02	-1.553943e+01
3.397000e-05	-2.790356e-02	-1.559253e+01
3.398000e-05	-3.119190e-02	-1.557103e+01
3.399000e-05	-3.110134e-02	-1.555306e+01
3.400000e-05	-3.096839e-02	-1.554261e+01
3.401000e-05	-3.133837e-02	-1.558056e+01
3.402000e-05	-3.587867e-02	-1.556148e+01
3.403000e-05	-3.511578e-02	-1.553150e+01
3.404000e-05	-3.625072e-02	-1.551890e+01
3.405000e-05	-3.721668e-02	-1.547682e+01
3.406000e-05	-4.245685e-02	-1.545532e+01
3.407000e-05	-4.285428e-02	-1.542413e+01
3.408000e-05	-4.242152e-02	-1.532003e+01
3.409000e-05	-4.374255e-02	-1.532939e+01
3.410000e-05	-4.789271e-02	-1.527471e+01
3.411000e-05	-4.881195e-02	-1.519356e+01
3.412000e-05	-5.053925e-02	-1.511000e+01
3.413000e-05	-5.318434e-02	-1.505579e+01
3.414000e-05	-5.781554e-02	-1.499361e+01
3.415000e-05	-6.062978e-02	-1.491795e+01
3.416000e-05	-6.243120e-02	-1.485311e+01
3.417000e-05	-6.417376e-02	-1.477003e+01
3.418000e-05	-6.863737e-02	-1.466484e+01
3.419000e-05	-7.276324e-02	-1.453905e+01
3.420000e-05	-7.290973e-02	-1.446416e+01
3.421000e-05	-7.361431e-02	-1.434742e+01
3.422000e-05	-7.379977e-02	-1.421519e+01
3.423000e-05	-7.498164e-02	-1.406732e+01
3.424000e-05	-7.182588e-02	-1.394993e+01
3.425000e-05	-6.921989e-02	-1.379361e+01
3.426000e-05	-6.669108e-02	-1.370624e+01
3.427000e-05	-6.631752e-02	-1.353940e+01
3.428000e-05	-6.325912e-02	-1.336105e+01
3.429000e-05	-5.866137e-02	-1.323351e+01
3.430000e-05	-5.595296e-02	-1.302529e+01
3.431000e-05	-5.223572e-02	-1.291744e+01
3.432000e-05	-4.906234e-02	-1.277042e+01
3.433000e-05	-4.485819e-02	-1.257903e+01
3.434000e-05	-4.209905e-02	-1.239161e+01
3.435000e-05	-4.085563e-02	-1.222416e+01
3.436000e-05	-3.977876e-02	-1.207461e+01
3.437000e-05	-3.650083e-02	-1.183479e+01
3.438000e-05	-3.418141e-02	-1.163166e+01
3.439000e-05	-3.194965e-02	-1.142518e+01
3.440000e-05	-3.045777e-02	-1.116163e+01
3.441000e-05	-2.731990e-02	-1.095003e+01
3.442000e-05	-2.540032e-02	-1.081095e+01
3.443000e-05	-2.394309e-02	-1.059095e+01
3.444000e-05	-2.399130e-02	-1.040003e+01
3.445000e-05	-2.210812e-02	-1.014885e+01
3.446000e-05	-2.092290e-02	-9.917322e+00
3.447000e-05	-2.077676e-02	-9.656290e+00
3.448000e-05	-2.067223e-02	-9.515217e+00
3.449000e-05	-1.868942e-02	-9.262636e+00
3.450000e-05	-1.668386e-02	-9.011503e+00
3.451000e-05	-1.639659e-02	-8.781502e+00
3.452000e-05	-1.541587e-02	-8.519926e+00
3.453000e-05	-1.515976e-02	-8.307288e+00
3.454000e-05	-1.281300e-02	-8.092663e+00
3.455000e-05	-1.265480e-02	-7.791455e+00
3.456000e-05	-1.281469e-02	-7.476812e+00
3.457000e-05	-1.296455e-02	-7.265059e+00
3.458000e-05	-1.202407e-02	-6.959504e+00
3.459000e-05	-1.085524e-02	-6.727365e+00
3.460000e-05	-1.125162e-02	-6.473636e+00
3.461000e-05	-1.043372e-02	-6.202054e+00
3.462000e-05	-1.065598e-02	-5.946820e+00
3.463000e-05	-8.642184e-03	-5.704262e+00
3.464000e-05	-9.693861e-03	-5.410921e+00
3.465000e-05	-9.849492e-03	-5.105163e+00
3.466000e-05	-8.621544e-03	-4.777447e+00
3.467000e-05	-6.042097e-03	-4.483684e+00
3.468000e-05	-8.681715e-03	-4.253081e+00
3.469000e-05	-8.421623e-03	-3.999526e+00
3.470000e-05	-9.746877e-03	-3.664213e+00
3.471000e-05	-6.238090e-03	-3.441054e+00
3.472000e-05	-8.180492e-03	-3.156792e+00
3.473000e-05	-4.612150e-03	-2.852027e+00
3.474000e-05	-6.089718e-03	-2.587321e+00
3.475000e-05	-3.001960e-03	-2.296184e+00
3.476000e-05	-5.365910e-03	-1.958896e+00
3.477000e-05	-6.048228e-03	-1.706236e+00
3.478000e-05	-7.378790e-03	-1.421445e+00
3.479000e-05	-5.550098e-03	-1.111660e+00
3.480000e-05	-4.564155e-03	-7.899762e-01
3.481000e-05	-3.160303e-03	-4.827621e-01
3.482000e-05	-1.920096e-03	-2.300999e-01
3.483000e-05	3.309463e-03	2.315783e-02
3.484000e-05	9.542236e-03	3.484937e-01
3.485000e-05	-2.894536e-03	5.910538e-01
3.486000e-05	2.362715e-03	8.622341e-01
3.487000e-05	-3.284321e-03	1.190027e+00
3.488000e-05	4.982893e-03	1.422138e+00
3.489000e-05	2.730808e-04	1.758900e+00
3.490000e-05	1.654293e-02	1.989026e+00
3.491000e-05	5.341436e-02	2.232135e+00
3.492000e-05	6.034946e-02	2.622730e+00
3.493000e-05	-6.732664e-02	2.927372e+00
3.494000e-05	-4.411232e-02	3.171578e+00
3.495000e-05	-2.517156e-02	3.474939e+00
3.496000e-05	4.696627e-03	3.707971e+00
3.497000e-05	-5.666892e-02	3.936898e+00
3.498000e-05	2.574643e-02	4.160529e+00
3.499000e-05	6.900794e-02	4.463816e+00
3.500000e-05	-5.240291e-02	4.738496e+00
3.501000e-05	1.405018e-01	5.011086e+00
3.502000e-05	-1.021716e-01	5.349475e+00
3.503000e-05	1.501830e-02	5.603179e+00
3.504000e-05	1.551366e-02	5.898922e+00
3.505000e-05	-1.615007e-02	6.157929e+00
3.506000e-05	4.338693e-02	6.414186e+00
3.507000e-05	-5.629764e-02	6.718972e+00
3.508000e-05	6.843296e-02	6.982556e+00
3.509000e-05	6.652455e-04	7.245239e+00
3.510000e-05	-1.008305e-02	7.500020e+00
3.511000e-05	-2.614794e-02	7.832663e+00
3.512000e-05	1.600543e-02	8.078916e+00
3.513000e-05	5.469350e-02	8.318949e+00
3.514000e-05	-3.078768e-02	8.540502e+00
3.515000e-05	1.105522e-02	8.750580e+00
3.516000e-05	1.067440e-02	9.023208e+00
3.517000e-05	8.956730e-03	9.237442e+00
3.518000e-05	9.439558e-03	9.467895e+00
3.519000e-05	-1.739339e-02	9.770026e+00
3.520000e-05	2.327036e-02	9.910104e+00
3.521000e-05	1.497737e-02	1.019211e+01
3.522000e-05	2.275164e-02	1.039411e+01
3.523000e-05	-1.788581e-02	1.063471e+01
3.524000e-05	6.802895e-03	1.080479e+01
3.525000e-05	2.195959e-02	1.103432e+01
3.526000e-05	8.716916e-03	1.125326e+01
3.527000e-05	2.643895e-03	1.146684e+01
3.528000e-05	2.903194e-03	1.167792e+01
3.529000e-05	2.833258e-02	1.185835e+01
3.530000e-05	1.092517e-02	1.201524e+01
3.531000e-05	2.723583e-03	1.225634e+01
3.532000e-05	-1.310486e-03	1.239534e+01
3.533000e-05	2.068158e-02	1.264314e+01
3.534000e-05	1.684917e-02	1.277353e+01
3.535000e-05	5.561911e-03	1.291998e+01
3.536000e-05	7.444045e-03	1.308752e+01
3.537000e-05	1.920723e-02	1.329689e+01
3.538000e-05	1.855515e-02	1.341311e+01
3.539000e-05	4.762661e-03	1.349908e+01
3.540000e-05	3.894656e-03	1.372890e+01
3.541000e-05	1.655755e-02	1.383536e+01
3.542000e-05	2.040795e-02	1.393179e+01
3.543000e-05	1.101109e-02	1.410997e+01
3.544000e-05	7.808142e-03	1.421837e+01
3.545000e-05	1.889851e-02	1.439261e+01
3.546000e-05	2.013190e-02	1.449795e+01
3.547000e-05	1.080712e-02	1.457321e+01
3.548000e-05	9.515792e-03	1.472587e+01
3.549000e-05	1.666746e-02	1.479309e+01
3.550000e-05	2.308748e-02	1.487734e+01
3.551000e-05	1.460106e-02	1.493898e+01
3.552000e-05	1.227630e-02	1.500369e+01
3.553000e-05	1.602799e-02	1.504847e+01
3.554000e-05	2.317113e-02	1.519158e+01
3.555000e-05	1.784506e-02	1.521581e+01
3.556000e-05	1.419121e-02	1.528790e+01
3.557000e-05	1.890137e-02	1.531005e+01
3.558000e-05	2.499393e-02	1.539306e+01
3.559000e-05	2.200136e-02	1.543377e+01
3.560000e-05	1.504649e-02	1.545684e+01
3.561000e-05	2.174935e-02	1.545890e+01
3.562000e-05	2.526719e-02	1.551050e+01
3.563000e-05	2.601173e-02	1.551800e+01
3.564000e-05	2.017400e-02	1.556006e+01
3.565000e-05	2.299724e-02	1.557160e+01
3.566000e-05	2.879555e-02	1.549046e+01
3.567000e-05	2.901950e-02	1.554015e+01
3.568000e-05	2.576381e-02	1.549948e+01
3.569000e-05	2.700442e-02	1.553897e+01
3.570000e-05	3.523353e-02	1.550845e+01
3.571000e-05	3.511922e-02	1.547789e+01
3.572000e-05	3.289521e-02	1.540474e+01
3.573000e-05	3.218706e-02	1.540219e+01
3.574000e-05	3.990910e-02	1.537248e+01
3.575000e-05	4.161047e-02	1.529787e+01
3.576000e-05	4.008139e-02	1.524679e+01
3.577000e-05	4.010531e-02	1.520113e+01
3.578000e-05	4.622066e-02	1.514042e+01
3.579000e-05	5.200273e-02	1.505632e+01
3.580000e-05	5.004296e-02	1.496258e+01
3.581000e-05	5.174075e-02	1.490582e+01
3.582000e-05	5.726710e-02	1.481564e+01
3.583000e-05	6.277425e-02	1.470945e+01
3.584000e-05	6.380218e-02	1.463366e+01
3.585000e-05	6.214733e-02	1.453889e+01
3.586000e-05	6.798493e-02	1.438324e+01
3.587000e-05	6.876638e-02	1.430947e+01
3.588000e-05	6.853517e-02	1.416997e+01
3.589000e-05	6.201727e-02	1.408569e+01
3.590000e-05	6.614197e-02	1.387797e+01
3.591000e-05	6.463742e-02	1.374355e+01
3.592000e-05	6.287158e-02	1.363306e+01
3.593000e-05	5.370535e-02	1.341534e+01
3.594000e-05	5.428184e-02	1.330995e+01
3.595000e-05	5.245287e-02	1.322098e+01
3.596000e-05	4.967476e-02	1.299368e+01
3.597000e-05	4.181748e-02	1.286526e+01
3.598000e-05	4.032131e-02	1.269784e+01
3.599000e-05	4.012531e-02	1.249792e+01
3.600000e-05	3.662380e-02	1.236042e+01
3.601000e-05	3.188248e-02	1.217260e+01
3.602000e-05	2.780178e-02	1.198256e+01
3.603000e-05	2.869558e-02	1.179055e+01
3.604000e-05	2.692312e-02	1.163316e+01
3.605000e-05	2.436056e-02	1.140113e+01
3.606000e-05	2.005077e-02	1.114007e+01
3.607000e-05	2.060589e-02	1.095048e+01
3.608000e-05	1.973273e-02	1.080043e+01
3.609000e-05	1.639898e-02	1.052947e+01
3.610000e-05	1.345921e-02	1.030895e+01
3.611000e-05	1.428663e-02	1.010726e+01
3.612000e-05	1.395673e-02	9.816767e+00
3.613000e-05	1.245287e-02	9.635186e+00
3.614000e-05	8.925300e-03	9.432657e+00
3.615000e-05	1.016140e-02	9.210028e+00
3.616000e-05	9.773203e-03	8.909444e+00
3.617000e-05	7.697496e-03	8.696343e+00
3.618000e-05	5.302443e-03	8.464686e+00
3.619000e-05	6.480318e-03	8.263237e+00
3.620000e-05	6.921750e-03	8.000103e+00
3.621000e-05	4.689561e-03	7.748867e+00
3.622000e-05	3.110787e-03	7.444210e+00
3.623000e-05	3.073140e-03	7.183524e+00
3.624000e-05	4.725407e-03	6.909445e+00
3.625000e-05	3.420102e-03	6.695783e+00
3.626000e-05	1.261912e-03	6.431530e+00
3.627000e-05	6.291999e-04	6.138423e+00
3.628000e-05	2.081733e-03	5.916238e+00
3.629000e-05	1.447462e-03	5.650031e+00
3.630000e-05	-6.574563e-04	5.367947e+00
3.631000e-05	-1.208127e-03	4.993578e+00
3.632000e-05	1.291467e-03	4.705286e+00
3.633000e-05	4.206397e-04	4.432179e+00
3.634000e-05	-3.507892e-04	4.146342e+00
3.635000e-05	-2.454037e-03	3.893708e+00
3.636000e-05	-1.278148e-03	3.582528e+00
3.637000e-05	-9.236579e-04	3.304418e+00
3.638000e-05	-2.697905e-03	3.012179e+00
3.639000e-05	-3.974861e-03	2.799000e+00
3.640000e-05	-3.236684e-03	2.496710e+00
3.641000e-05	-2.341078e-03	2.208391e+00
3.642000e-05	-4.204501e-03	1.946766e+00
3.643000e-05	-3.942170e-03	1.692975e+00
3.644000e-05	-4.108008e-03	1.325836e+00
3.645000e-05	-3.166680e-03	1.009444e+00
3.646000e-05	-3.711019e-03	7.147369e-01
3.647000e-05	-4.855918e-03	4.010800e-01
3.648000e-05	-4.175706e-03	1.168384e-01
3.649000e-05	1.057539e-03	-1.483735e-01
3.650000e-05	5.825998e-03	-3.805026e-01
3.651000e-05	-6.748094e-03	-6.872357e-01
3.652000e-05	-1.714708e-03	-9.189486e-01
3.653000e-05	-5.922308e-03	-1.221632e+00
3.654000e-05	-8.260841e-04	-1.508319e+00
3.655000e-05	-9.680516e-05	-1.758978e+00
3.656000e-05	3.561402e-02	-1.999502e+00
3.657000e-05	9.130460e-02	-2.254843e+00
3.658000e-05	-6.551331e-02	-2.623638e+00
3.659000e-05	-4.711562e-02	-3.033635e+00
3.660000e-05	-4.756820e-02	-3.357921e+00
3.661000e-05	-1.424336e-02	-3.549500e+00
3.662000e-05	-6.811597e-02	-3.862183e+00
3.663000e-05	1.131048e-01	-4.032105e+00
3.664000e-05	-5.091696e-02	-4.223161e+00
3.665000e-05	-2.067346e-02	-4.538326e+00
3.666000e-05	1.415106e-01	-4.749475e+00
3.667000e-05	-1.713027e-01	-5.126300e+00
3.668000e-05	1.002110e-01	-5.413182e+00
3.669000e-05	-1.212311e-01	-5.686744e+00
3.670000e-05	2.478986e-02	-5.981476e+00
3.671000e-05	6.325172e-02	-6.221578e+00
3.672000e-05	-1.051966e-01	-6.514371e+00
3.673000e-05	1.159181e-01	-6.799378e+00
3.674000e-05	-9.414874e-02	-7.054869e+00
3.675000e-05	3.454190e-02	-7.348997e+00
3.676000e-05	-3.838572e-02	-7.592059e+00
3.677000e-05	-4.088115e-02	-7.886941e+00
3.678000e-05	7.247007e-02	-8.158846e+00
3.679000e-05	-8.960119e-02	-8.401104e+00
3.680000e-05	8.406207e-02	-8.623161e+00
3.681000e-05	-8.168761e-02	-8.896267e+00
3.682000e-05	1.943768e-02	-9.117348e+00
3.683000e-05	-1.618499e-02	-9.329921e+00
3.684000e-05	-3.110049e-02	-9.621562e+00
3.685000e-05	2.968904e-02	-9.772083e+00
3.686000e-05	-5.770545e-02	-1.003366e+01
3.687000e-05	5.635638e-02	-1.027571e+01
3.688000e-05	-7.122373e-02	-1.045629e+01
3.689000e-05	3.140057e-02	-1.069529e+01
3.690000e-05	-5.578521e-02	-1.088632e+01
3.691000e-05	1.732667e-02	-1.111939e+01
3.692000e-05	-2.478610e-02	-1.133842e+01
3.693000e-05	-8.496382e-03	-1.149795e+01
3.694000e-05	-5.534934e-03	-1.174840e+01
3.695000e-05	-2.093779e-02	-1.194100e+01
3.696000e-05	1.106303e-03	-1.213942e+01
3.697000e-05	-4.086280e-02	-1.228935e+01
3.698000e-05	6.870444e-03	-1.250589e+01
3.699000e-05	-3.437400e-02	-1.263680e+01
3.700000e-05	8.855766e-03	-1.282424e+01
3.701000e-05	-3.509128e-02	-1.298261e+01
3.702000e-05	1.416471e-03	-1.315213e+01
3.703000e-05	-2.685075e-02	-1.333837e+01
3.704000e-05	-6.792575e-03	-1.348529e+01
3.705000e-05	-2.532892e-02	-1.361356e+01
3.706000e-05	-1.777456e-02	-1.377213e+01
3.707000e-05	-1.377416e-02	-1.389747e+01
3.708000e-05	-1.920581e-02	-1.404732e+01
3.709000e-05	-1.291138e-02	-1.414056e+01
3.710000e-05	-2.593363e-02	-1.427882e+01
3.711000e-05	-1.160285e-02	-1.438411e+01
3.712000e-05	-2.579991e-02	-1.451937e+01
3.713000e-05	-1.459197e-02	-1.461466e+01
3.714000e-05	-2.680759e-02	-1.473035e+01
3.715000e-05	-1.516136e-02	-1.482424e+01
3.716000e-05	-2.157654e-02	-1.487784e+01
3.717000e-05	-1.959104e-02	-1.498408e+01
3.718000e-05	-2.530333e-02	-1.505627e+01
3.719000e-05	-2.217030e-02	-1.511047e+01
3.720000e-05	-2.322048e-02	-1.517266e+01
3.721000e-05	-2.322746e-02	-1.524725e+01
3.722000e-05	-2.581040e-02	-1.532837e+01
3.723000e-05	-2.382594e-02	-1.536158e+01
3.724000e-05	-2.302665e-02	-1.537361e+01
3.725000e-05	-2.615622e-02	-1.543524e+01
3.726000e-05	-2.729881e-02	-1.548837e+01
3.727000e-05	-2.974470e-02	-1.547995e+01
3.728000e-05	-2.437732e-02	-1.554098e+01
3.729000e-05	-3.054994e-02	-1.555208e+01
3.730000e-05	-3.054948e-02	-1.558196e+01
3.731000e-05	-3.322128e-02	-1.555200e+01
3.732000e-05	-3.049674e-02	-1.560103e+01
3.733000e-05	-3.272057e-02	-1.557258e+01
3.734000e-05	-3.647453e-02	-1.555105e+01
3.735000e-05	-3.552433e-02	-1.549000e+01
3.736000e-05	-3.712751e-02	-1.550997e+01
3.737000e-05	-3.695535e-02	-1.547632e+01
3.738000e-05	-4.129591e-02	-1.542531e+01
3.739000e-05	-4.324298e-02	-1.540071e+01
3.740000e-05	-4.382725e-02	-1.533048e+01
3.741000e-05	-4.444223e-02	-1.528785e+01
3.742000e-05	-4.847040e-02	-1.527319e+01
3.743000e-05	-5.101640e-02	-1.519161e+01
3.744000e-05	-5.239543e-02	-1.511942e+01
3.745000e-05	-5.307697e-02	-1.503374e+01
3.746000e-05	-5.641202e-02	-1.494153e+01
3.747000e-05	-6.164404e-02	-1.492584e+01
3.748000e-05	-6.451735e-02	-1.482414e+01
3.749000e-05	-6.704811e-02	-1.470892e+01
3.750000e-05	-6.979116e-02	-1.462154e+01
3.751000e-05	-7.293680e-02	-1.450745e+01
3.752000e-05	-7.393469e-02	-1.440111e+01
3.753000e-05	-7.275207e-02	-1.429729e+01
3.754000e-05	-7.253922e-02	-1.413900e+01
3.755000e-05	-7.297973e-02	-1.406421e+01
3.756000e-05	-7.200218e-02	-1.390886e+01
3.757000e-05	-6.972526e-02	-1.377093e+01
3.758000e-05	-6.665784e-02	-1.362368e+01
3.759000e-05	-6.433284e-02	-1.343724e+01
3.760000e-05	-6.235214e-02	-1.329890e+01
3.761000e-05	-5.792052e-02	-1.319105e+01
3.762000e-05	-5.299674e-02	-1.298308e+01
3.763000e-05	-5.098393e-02	-1.288621e+01
3.764000e-05	-4.851479e-02	-1.271685e+01
3.765000e-05	-4.591483e-02	-1.251792e+01
3.766000e-05	-4.141531e-02	-1.235045e+01
3.767000e-05	-4.008010e-02	-1.214953e+01
3.768000e-05	-3.856506e-02	-1.199193e+01
3.769000e-05	-3.587101e-02	-1.173211e+01
3.770000e-05	-3.263872e-02	-1.156951e+01
3.771000e-05	-3.034067e-02	-1.134985e+01
3.772000e-05	-2.990747e-02	-1.108937e+01
3.773000e-05	-2.767656e-02	-1.088582e+01
3.774000e-05	-2.599846e-02	-1.073782e+01
3.775000e-05	-2.371136e-02	-1.051837e+01
3.776000e-05	-2.406311e-02	-1.030629e+01
3.777000e-05	-2.118583e-02	-1.006461e+01
3.778000e-05	-2.172000e-02	-9.833608e+00
3.779000e-05	-1.906301e-02	-9.662559e+00
3.780000e-05	-1.937799e-02	-9.400605e+00
3.781000e-05	-1.795521e-02	-9.158970e+00
3.782000e-05	-1.684359e-02	-8.947369e+00
3.783000e-05	-1.530978e-02	-8.705820e+00
3.784000e-05	-1.579325e-02	-8.464233e+00
3.785000e-05	-1.469192e-02	-8.231078e+00
3.786000e-05	-1.334735e-02	-7.990420e+00
3.787000e-05	-1.253605e-02	-7.696767e+00
3.788000e-05	-1.321131e-02	-7.412627e+00
3.789000e-05	-1.271595e-02	-7.187424e+00
3.790000e-05	-1.195015e-02	-6.906292e+00
3.791000e-05	-1.057202e-02	-6.642008e+00
3.792000e-05	-9.836825e-03	-6.409974e+00
3.793000e-05	-1.097773e-02	-6.107790e+00
3.794000e-05	-1.005964e-02	-5.883205e+00
3.795000e-05	-8.578692e-03	-5.618925e+00
3.796000e-05	-9.024354e-03	-5.256186e+00
3.797000e-05	-1.042358e-02	-4.968450e+00
3.798000e-05	-8.712051e-03	-4.652030e+00
3.799000e-05	-6.817095e-03	-4.379503e+00
3.800000e-05	-7.109450e-03	-4.149444e+00
3.801000e-05	-8.971076e-03	-3.903712e+00
3.802000e-05	-9.540349e-03	-3.578896e+00
3.803000e-05	-6.179092e-03	-3.336288e+00
3.804000e-05	-6.772486e-03	-3.022528e+00
3.805000e-05	-5.332025e-03	-2.738315e+00
3.806000e-05	-6.223949e-03	-2.474658e+00
3.807000e-05	-3.759320e-03	-2.188821e+00
3.808000e-05	-4.879691e-03	-1.914233e+00
3.809000e-05	-5.695519e-03	-1.639876e+00
3.810000e-05	-7.721886e-03	-1.331106e+00
3.811000e-05	-4.116147e-03	-9.789459e-01
3.812000e-05	-3.591505e-03	-7.247081e-01
3.813000e-05	-2.656243e-03	-3.884463e-01
3.814000e-05	-2.765290e-03	-1.558081e-01
3.815000e-05	8.125640e-03	1.274199e-01
3.816000e-05	4.913695e-03	4.516353e-01
3.817000e-05	4.584131e-04	7.063155e-01
3.818000e-05	-9.988500e-04	9.805049e-01
3.819000e-05	7.839836e-04	1.244736e+00
3.820000e-05	2.544037e-03	1.550552e+00
3.821000e-05	4.655085e-03	1.843159e+00
3.822000e-05	2.404960e-02	2.073713e+00
3.823000e-05	7.578489e-02	2.348471e+00
3.824000e-05	6.894736e-03	2.718874e+00
3.825000e-05	-6.445557e-02	3.032710e+00
3.826000e-05	-4.344804e-02	3.286845e+00
3.827000e-05	-4.394595e-03	3.551053e+00
3.828000e-05	-1.848384e-02	3.801154e+00
3.829000e-05	-4.605025e-02	3.962052e+00
3.830000e-05	7.986537e-02	4.245361e+00
3.831000e-05	-8.221662e-03	4.549553e+00
3.832000e-05	3.205480e-02	4.794112e+00
3.833000e-05	7.255541e-02	5.180126e+00
3.834000e-05	-1.063428e-01	5.466838e+00
3.835000e-05	5.781207e-02	5.678446e+00
3.836000e-05	-2.479538e-02	6.021734e+00
3.837000e-05	2.850996e-02	6.264788e+00
3.838000e-05	-2.272617e-03	6.558549e+00
3.839000e-05	-2.372649e-02	6.803660e+00
3.840000e-05	7.330082e-02	7.075865e+00
3.841000e-05	-2.857239e-02	7.329576e+00
3.842000e-05	8.921039e-04	7.644667e+00
3.843000e-05	-3.423629e-02	7.919525e+00
3.844000e-05	5.661547e-02	8.193107e+00
3.845000e-05	1.959088e-02	8.402731e+00
3.846000e-05	-3.205326e-02	8.643234e+00
3.847000e-05	3.090362e-02	8.825818e+00
3.848000e-05	-7.501669e-03	9.076922e+00
3.849000e-05	2.939286e-02	9.360475e+00
3.850000e-05	-1.866752e-02	9.572083e+00
3.851000e-05	8.655002e-03	9.793762e+00
3.852000e-05	1.451628e-02	1.003574e+01
3.853000e-05	2.449369e-02	1.026686e+01
3.854000e-05	8.051985e-03	1.050739e+01
3.855000e-05	-1.995902e-02	1.068839e+01
3.856000e-05	2.451922e-02	1.089795e+01
3.857000e-05	6.951870e-03	1.108690e+01
3.858000e-05	1.673498e-02	1.132893e+01
3.859000e-05	-9.940619e-03	1.152005e+01
3.860000e-05	2.459738e-02	1.176203e+01
3.861000e-05	1.723720e-02	1.193153e+01
3.862000e-05	1.183815e-02	1.211950e+01
3.863000e-05	-5.555148e-03	1.232992e+01
3.864000e-05	6.567421e-03	1.244895e+01
3.865000e-05	2.161694e-02	1.264737e+01
3.866000e-05	9.333972e-03	1.282316e+01
3.867000e-05	8.937927e-03	1.296216e+01
3.868000e-05	7.690601e-03	1.313058e+01
3.869000e-05	2.812904e-02	1.325890e+01
3.870000e-05	8.862169e-03	1.345632e+01
3.871000e-05	7.485525e-03	1.356271e+01
3.872000e-05	3.492822e-03	1.376158e+01
3.873000e-05	2.167819e-02	1.388799e+01
3.874000e-05	1.466492e-02	1.402679e+01
3.875000e-05	8.682540e-03	1.417366e+01
3.876000e-05	1.210967e-02	1.430905e+01
3.877000e-05	1.937119e-02	1.442627e+01
3.878000e-05	2.066752e-02	1.453998e+01
3.879000e-05	7.529310e-03	1.463474e+01
3.880000e-05	1.378976e-02	1.468995e+01
3.881000e-05	1.695725e-02	1.477471e+01
3.882000e-05	2.139347e-02	1.491834e+01
3.883000e-05	1.055735e-02	1.497321e+01
3.884000e-05	1.355117e-02	1.506730e+01
3.885000e-05	1.973467e-02	1.508040e+01
3.886000e-05	2.291552e-02	1.517371e+01
3.887000e-05	1.786461e-02	1.521734e+01
3.888000e-05	1.401730e-02	1.527700e+01
3.889000e-05	2.277055e-02	1.533305e+01
3.890000e-05	2.136668e-02	1.539413e+01
3.891000e-05	1.891845e-02	1.544584e+01
3.892000e-05	1.486965e-02	1.546832e+01
3.893000e-05	2.395985e-02	1.550895e+01
3.894000e-05	2.740082e-02	1.548850e+01
3.895000e-05	2.483380e-02	1.550952e+01
3.896000e-05	2.196080e-02	1.557007e+01
3.897000e-05	2.531145e-02	1.553113e+01
3.898000e-05	2.925607e-02	1.552955e+01
3.899000e-05	2.454013e-02	1.551055e+01
3.900000e-05	2.593546e-02	1.548903e+01
3.901000e-05	2.946667e-02	1.549802e+01
3.902000e-05	3.639709e-02	1.547689e+01
3.903000e-05	3.437462e-02	1.545782e+01
3.904000e-05	3.401838e-02	1.542416e+01
3.905000e-05	3.659543e-02	1.539116e+01
3.906000e-05	3.961066e-02	1.532900e+01
3.907000e-05	3.988724e-02	1.529894e+01
3.908000e-05	3.697004e-02	1.524332e+01
3.909000e-05	4.316485e-02	1.515264e+01
3.910000e-05	4.736212e-02	1.509745e+01
3.911000e-05	5.136287e-02	1.499424e+01
3.912000e-05	5.050900e-02	1.493045e+01
3.913000e-05	5.539897e-02	1.486522e+01
3.914000e-05	5.962071e-02	1.470955e+01
3.915000e-05	6.195083e-02	1.469730e+01
3.916000e-05	6.125298e-02	1.457108e+01
3.917000e-05	6.406479e-02	1.446632e+01
3.918000e-05	6.932609e-02	1.439163e+01
3.919000e-05	6.831502e-02	1.422379e+01
3.920000e-05	6.673595e-02	1.414983e+01
3.921000e-05	6.403052e-02	1.400011e+01
3.922000e-05	6.733482e-02	1.386674e+01
3.923000e-05	6.321264e-02	1.370834e+01
3.924000e-05	5.848036e-02	1.358158e+01
3.925000e-05	5.378486e-02	1.340373e+01
3.926000e-05	5.351298e-02	1.326624e+01
3.927000e-05	5.053107e-02	1.308890e+01
3.928000e-05	4.730153e-02	1.290048e+01
3.929000e-05	4.121546e-02	1.281213e+01
3.930000e-05	4.174682e-02	1.260316e+01
3.931000e-05	3.939336e-02	1.246429e+01
3.932000e-05	3.460560e-02	1.227682e+01
3.933000e-05	2.858944e-02	1.210985e+01
3.934000e-05	2.863538e-02	1.191844e+01
3.935000e-05	2.785234e-02	1.170737e+01
3.936000e-05	2.594094e-02	1.148886e+01
3.937000e-05	2.160327e-02	1.129784e+01
3.938000e-05	2.216209e-02	1.107719e+01
3.939000e-05	2.112992e-02	1.088579e+01
3.940000e-05	1.728997e-02	1.067727e+01
3.941000e-05	1.406367e-02	1.046664e+01
3.942000e-05	1.340091e-02	1.025468e+01
3.943000e-05	1.495104e-02	1.002053e+01
3.944000e-05	1.229311e-02	9.781556e+00
3.945000e-05	1.104771e-02	9.539974e+00
3.946000e-05	9.677858e-03	9.346842e+00
3.947000e-05	1.099446e-02	9.137846e+00
3.948000e-05	8.134370e-03	8.854188e+00
3.949000e-05	5.908797e-03	8.643106e+00
3.950000e-05	6.341559e-03	8.399979e+00
3.951000e-05	7.019455e-03	8.168450e+00
3.952000e-05	5.972543e-03	7.845290e+00
3.953000e-05	3.171435e-03	7.644235e+00
3.954000e-05	3.784765e-03	7.348997e+00
3.955000e-05	2.841894e-03	7.085316e+00
3.956000e-05	3.673221e-03	6.833683e+00
3.957000e-05	1.830525e-03	6.548999e+00
3.958000e-05	2.033482e-03	6.316765e+00
3.959000e-05	3.084673e-03	6.073687e+00
3.960000e-05	1.959249e-03	5.800550e+00
3.961000e-05	2.192035e-04	5.524814e+00
3.962000e-05	-1.281040e-03	5.231083e+00
3.963000e-05	8.710957e-04	4.925242e+00
3.964000e-05	4.600343e-04	4.610504e+00
3.965000e-05	-9.917376e-04	4.367292e+00
3.966000e-05	-1.438745e-03	4.022109e+00
3.967000e-05	-5.788968e-04	3.768923e+00
3.968000e-05	-1.714263e-03	3.526742e+00
3.969000e-05	-2.597715e-03	3.180076e+00
3.970000e-05	-3.391210e-03	2.956914e+00
3.971000e-05	-3.231849e-03	2.684209e+00
3.972000e-05	-2.771908e-03	2.347342e+00
3.973000e-05	-3.267228e-03	2.085236e+00
3.974000e-05	-4.214398e-03	1.821529e+00
3.975000e-05	-3.891688e-03	1.525766e+00
3.976000e-05	-3.354859e-03	1.211478e+00
3.977000e-05	-4.942855e-03	8.822331e-01
3.978000e-05	-4.865901e-03	5.988938e-01
3.979000e-05	-3.796218e-03	3.368907e-01
3.980000e-05	-1.621376e-03	-1.049868e-02
3.981000e-05	4.923486e-03	-2.420867e-01
3.982000e-05	-9.140647e-04	-4.863158e-01
3.983000e-05	-2.152212e-03	-8.111276e-01
3.984000e-05	-4.457440e-03	-1.022609e+00
3.985000e-05	-1.912319e-03	-1.398444e+00
3.986000e-05	-5.076835e-03	-1.612029e+00
3.987000e-05	8.918107e-03	-1.833188e+00
3.988000e-05	6.437442e-02	-2.074788e+00
3.989000e-05	5.126010e-02	-2.421585e+00
3.990000e-05	-8.760755e-02	-2.780530e+00
3.991000e-05	-3.655328e-02	-3.149050e+00
3.992000e-05	-3.927370e-02	-3.411611e+00
3.993000e-05	-2.936035e-02	-3.643609e+00
3.994000e-05	-3.486813e-02	-3.926841e+00
3.995000e-05	1.327046e-01	-4.075216e+00
3.996000e-05	-1.445357e-01	-4.338502e+00
3.997000e-05	1.381767e-01	-4.602656e+00
3.998000e-05	-4.240508e-03	-4.844814e+00
3.999000e-05	-9.685078e-02	-5.251712e+00
4.000000e-05	8.209250e-02	-5.476390e+00
4.001000e-05	-1.624087e-01	-5.802083e+00
4.002000e-05	1.378668e-01	-6.045190e+00
4.003000e-05	-6.308695e-02	-6.307872e+00
4.004000e-05	-1.817030e-03	-6.592612e+00
4.005000e-05	6.091992e-02	-6.825241e+00
4.006000e-05	-9.697761e-02	-7.163004e+00
4.007000e-05	6.655022e-02	-7.383162e+00
4.008000e-05	-1.024164e-01	-7.706367e+00
4.009000e-05	5.277957e-02	-7.982654e+00
4.010000e-05	-9.567452e-03	-8.222135e+00
4.011000e-05	-3.394454e-02	-8.458395e+00
4.012000e-05	5.840925e-02	-8.698372e+00
4.013000e-05	-1.012651e-01	-8.991056e+00
4.014000e-05	6.492448e-02	-9.170580e+00
4.015000e-05	-7.702101e-02	-9.432737e+00
4.016000e-05	3.973332e-02	-9.685341e+00
4.017000e-05	-3.442324e-02	-9.855170e+00
4.018000e-05	1.023243e-03	-1.009950e+01
4.019000e-05	7.026983e-03	-1.031844e+01
4.020000e-05	-4.699387e-02	-1.058106e+01
4.021000e-05	2.065462e-02	-1.072947e+01
4.022000e-05	-5.814317e-02	-1.099198e+01
4.023000e-05	3.370750e-02	-1.114256e+01
4.024000e-05	-5.053689e-02	-1.142259e+01
4.025000e-05	2.272687e-02	-1.158274e+01
4.026000e-05	-3.600496e-02	-1.180369e+01
4.027000e-05	7.668162e-03	-1.203416e+01
4.028000e-05	-3.033354e-02	-1.220206e+01
4.029000e-05	-1.232823e-02	-1.238311e+01
4.030000e-05	-1.282536e-02	-1.256066e+01
4.031000e-05	-1.953985e-02	-1.275000e+01
4.032000e-05	-4.005761e-03	-1.290744e+01
4.033000e-05	-2.886691e-02	-1.304467e+01
4.034000e-05	1.534217e-03	-1.319469e+01
4.035000e-05	-3.128758e-02	-1.338103e+01
4.036000e-05	-1.821782e-03	-1.348897e+01
4.037000e-05	-3.311389e-02	-1.367724e+01
4.038000e-05	-5.812887e-03	-1.379529e+01
4.039000e-05	-2.578989e-02	-1.392150e+01
4.040000e-05	-1.064585e-02	-1.405885e+01
4.041000e-05	-2.282287e-02	-1.421266e+01
4.042000e-05	-1.642710e-02	-1.432893e+01
4.043000e-05	-1.908313e-02	-1.445574e+01
4.044000e-05	-1.982958e-02	-1.458203e+01
4.045000e-05	-1.930767e-02	-1.464719e+01
4.046000e-05	-2.350149e-02	-1.475148e+01
4.047000e-05	-1.695666e-02	-1.481579e+01
4.048000e-05	-2.373197e-02	-1.493098e+01
4.049000e-05	-1.983912e-02	-1.501466e+01
4.050000e-05	-2.492542e-02	-1.507742e+01
4.051000e-05	-1.989120e-02	-1.513098e+01
4.052000e-05	-2.462260e-02	-1.523361e+01
4.053000e-05	-2.260624e-02	-1.527682e+01
4.054000e-05	-2.684086e-02	-1.534995e+01
4.055000e-05	-2.318326e-02	-1.536153e+01
4.056000e-05	-2.724111e-02	-1.542226e+01
4.057000e-05	-2.600506e-02	-1.545824e+01
4.058000e-05	-2.700232e-02	-1.549937e+01
4.059000e-05	-2.626429e-02	-1.549040e+01
4.060000e-05	-2.547137e-02	-1.554045e+01
4.061000e-05	-3.041735e-02	-1.556201e+01
4.062000e-05	-3.066664e-02	-1.555254e+01
4.063000e-05	-3.393819e-02	-1.556201e+01
4.064000e-05	-3.170686e-02	-1.559148e+01
4.065000e-05	-3.577832e-02	-1.556057e+01
4.066000e-05	-3.390367e-02	-1.556096e+01
4.067000e-05	-3.621782e-02	-1.550893e+01
4.068000e-05	-3.708178e-02	-1.549697e+01
4.069000e-05	-3.924822e-02	-1.546777e+01
4.070000e-05	-4.191992e-02	-1.541471e+01
4.071000e-05	-4.346584e-02	-1.535110e+01
4.072000e-05	-4.435545e-02	-1.534000e+01
4.073000e-05	-4.567520e-02	-1.526724e+01
4.074000e-05	-4.772248e-02	-1.523524e+01
4.075000e-05	-5.024182e-02	-1.518951e+01
4.076000e-05	-5.230900e-02	-1.510937e+01
4.077000e-05	-5.608439e-02	-1.499564e+01
4.078000e-05	-5.951470e-02	-1.491000e+01
4.079000e-05	-6.243507e-02	-1.484779e+01
4.080000e-05	-6.490066e-02	-1.476298e+01
4.081000e-05	-6.738908e-02	-1.468737e+01
4.082000e-05	-7.083534e-02	-1.458158e+01
4.083000e-05	-7.218883e-02	-1.447627e+01
4.084000e-05	-7.343758e-02	-1.433053e+01
4.085000e-05	-7.439034e-02	-1.421529e+01
4.086000e-05	-7.316500e-02	-1.410935e+01
4.087000e-05	-7.340701e-02	-1.400108e+01
4.088000e-05	-7.140028e-02	-1.382269e+01
4.089000e-05	-6.820607e-02	-1.367737e+01
4.090000e-05	-6.646477e-02	-1.353846e+01
4.091000e-05	-6.309158e-02	-1.340361e+01
4.092000e-05	-5.995662e-02	-1.327627e+01
4.093000e-05	-5.578416e-02	-1.312882e+01
4.094000e-05	-5.246235e-02	-1.294845e+01
4.095000e-05	-4.989703e-02	-1.280053e+01
4.096000e-05	-4.649089e-02	-1.260318e+01
4.097000e-05	-4.440430e-02	-1.248419e+01
4.098000e-05	-4.119061e-02	-1.229682e+01
4.099000e-05	-3.941207e-02	-1.210635e+01
4.100000e-05	-3.699152e-02	-1.189730e+01
4.101000e-05	-3.401042e-02	-1.171887e+01
4.102000e-05	-3.271404e-02	-1.145472e+01
4.103000e-05	-2.972900e-02	-1.128428e+01
4.104000e-05	-2.929853e-02	-1.102369e+01
4.105000e-05	-2.714183e-02	-1.085406e+01
4.106000e-05	-2.541732e-02	-1.064413e+01
4.107000e-05	-2.411874e-02	-1.043406e+01
4.108000e-05	-2.227062e-02	-1.019261e+01
4.109000e-05	-2.124773e-02	-9.970001e+00
4.110000e-05	-1.946581e-02	-9.790026e+00
4.111000e-05	-1.956666e-02	-9.598427e+00
4.112000e-05	-1.852562e-02	-9.307871e+00
4.113000e-05	-1.777166e-02	-9.085185e+00
4.114000e-05	-1.543246e-02	-8.855238e+00
4.115000e-05	-1.650284e-02	-8.602058e+00
4.116000e-05	-1.557409e-02	-8.369499e+00
4.117000e-05	-1.440329e-02	-8.076369e+00
4.118000e-05	-1.167667e-02	-7.875291e+00
4.119000e-05	-1.398132e-02	-7.590550e+00
4.120000e-05	-1.200725e-02	-7.307320e+00
4.121000e-05	-1.428497e-02	-7.084134e+00
4.122000e-05	-9.576384e-03	-6.790025e+00
4.123000e-05	-1.201880e-02	-6.586920e+00
4.124000e-05	-9.936465e-03	-6.306289e+00
4.125000e-05	-1.030245e-02	-6.032503e+00
4.126000e-05	-7.342356e-03	-5.767872e+00
4.127000e-05	-9.134270e-03	-5.484212e+00
4.128000e-05	-9.607078e-03	-5.147772e+00
4.129000e-05	-1.055525e-02	-4.842127e+00
4.130000e-05	-7.660565e-03	-4.567921e+00
4.131000e-05	-7.956374e-03	-4.325763e+00
4.132000e-05	-8.235435e-03	-4.074632e+00
4.133000e-05	-6.154995e-03	-3.798950e+00
4.134000e-05	-6.350473e-03	-3.504188e+00
4.135000e-05	-7.283330e-03	-3.223077e+00
4.136000e-05	-7.579707e-03	-2.886264e+00
4.137000e-05	-6.930774e-03	-2.631030e+00
4.138000e-05	-4.860098e-03	-2.357924e+00
4.139000e-05	-4.476285e-03	-2.031610e+00
4.140000e-05	-5.345398e-03	-1.787902e+00
4.141000e-05	-6.782641e-03	-1.533234e+00
4.142000e-05	-3.645501e-03	-1.196396e+00
4.143000e-05	-4.587787e-03	-9.046868e-01
4.144000e-05	-4.911708e-03	-5.889699e-01
4.145000e-05	-3.746326e-03	-3.227131e-01
4.146000e-05	6.523156e-04	-2.055145e-02
4.147000e-05	9.823727e-03	2.247380e-01
4.148000e-05	-2.726959e-03	5.463433e-01
4.149000e-05	3.354054e-03	7.885211e-01
4.150000e-05	-5.438534e-04	1.065863e+00
4.151000e-05	4.535686e-03	1.369424e+00
4.152000e-05	-7.135276e-04	1.706292e+00
4.153000e-05	9.579863e-03	1.916919e+00
4.154000e-05	3.758987e-02	2.159949e+00
4.155000e-05	8.030224e-02	2.454842e+00
4.156000e-05	-4.735905e-02	2.814783e+00
4.157000e-05	-4.921058e-02	3.138370e+00
4.158000e-05	-3.616610e-02	3.370654e+00
4.159000e-05	1.102987e-02	3.653812e+00
4.160000e-05	-4.716538e-02	3.865787e+00
4.161000e-05	-1.227810e-02	4.056285e+00
4.162000e-05	9.779398e-02	4.390128e+00
4.163000e-05	-6.350456e-02	4.675290e+00
4.164000e-05	1.212195e-01	4.928524e+00
4.165000e-05	-4.247338e-02	5.275843e+00
4.166000e-05	-4.196682e-02	5.550527e+00
4.167000e-05	4.848581e-02	5.821768e+00
4.168000e-05	-3.483447e-02	6.106843e+00
4.169000e-05	5.182362e-02	6.328575e+00
4.170000e-05	-4.725943e-02	6.635740e+00
4.171000e-05	3.632855e-02	6.896421e+00
4.172000e-05	3.625397e-02	7.180078e+00
4.173000e-05	-2.559111e-02	7.465292e+00
4.174000e-05	-1.151861e-02	7.750500e+00
4.175000e-05	-1.222808e-02	8.023762e+00
4.176000e-05	6.642504e-02	8.266795e+00
4.177000e-05	-1.602271e-02	8.448870e+00
4.178000e-05	-1.289851e-02	8.697850e+00
4.179000e-05	2.881623e-02	8.960530e+00
4.180000e-05	-5.040786e-03	9.202612e+00
4.181000e-05	2.763343e-02	9.414214e+00
4.182000e-05	-2.964920e-02	9.635818e+00
4.183000e-05	2.609827e-02	9.868297e+00
4.184000e-05	1.124537e-02	1.012995e+01
4.185000e-05	2.660414e-02	1.030998e+01
4.186000e-05	-1.007416e-02	1.054158e+01
4.187000e-05	-8.161799e-03	1.077213e+01
4.188000e-05	3.061305e-02	1.099108e+01
4.189000e-05	3.831548e-03	1.113361e+01
4.190000e-05	1.232107e-02	1.140424e+01
4.191000e-05	-1.038970e-02	1.161469e+01
4.192000e-05	3.347056e-02	1.183464e+01
4.193000e-05	1.034189e-02	1.199514e+01
4.194000e-05	8.461077e-03	1.221314e+01
4.195000e-05	-5.001223e-03	1.233563e+01
4.196000e-05	1.729267e-02	1.257051e+01
4.197000e-05	2.222473e-02	1.271990e+01
4.198000e-05	3.148926e-03	1.288792e+01
4.199000e-05	7.611544e-03	1.302579e+01
4.200000e-05	1.201048e-02	1.323476e+01
4.201000e-05	2.661236e-02	1.338208e+01
4.202000e-05	3.854822e-03	1.345945e+01
4.203000e-05	5.502539e-03	1.364682e+01
4.204000e-05	1.133622e-02	1.382466e+01
4.205000e-05	2.322505e-02	1.393148e+01
4.206000e-05	1.317519e-02	1.403840e+01
4.207000e-05	6.625537e-03	1.422682e+01
4.208000e-05	1.670603e-02	1.438203e+01
4.209000e-05	1.962048e-02	1.442734e+01
4.210000e-05	1.533093e-02	1.460101e+01
4.211000e-05	5.082906e-03	1.466637e+01
4.212000e-05	1.756419e-02	1.476258e+01
4.213000e-05	2.241882e-02	1.487582e+01
4.214000e-05	1.995160e-02	1.493087e+01
4.215000e-05	1.097377e-02	1.499468e+01
4.216000e-05	1.455106e-02	1.506589e+01
4.217000e-05	2.284837e-02	1.514208e+01
4.218000e-05	1.797742e-02	1.517264e+01
4.219000e-05	1.206638e-02	1.526587e+01
4.220000e-05	1.553026e-02	1.531998e+01
4.221000e-05	2.756008e-02	1.534309e+01
4.222000e-05	2.522115e-02	1.536516e+01
4.223000e-05	1.759968e-02	1.546677e+01
4.224000e-05	1.929744e-02	1.549685e+01
4.225000e-05	2.505542e-02	1.549792e+01
4.226000e-05	2.635813e-02	1.555008e+01
4.227000e-05	1.876823e-02	1.554961e+01
4.228000e-05	2.062323e-02	1.555008e+01
4.229000e-05	2.860993e-02	1.554905e+01
4.230000e-05	3.267897e-02	1.551053e+01
4.231000e-05	2.667156e-02	1.553950e+01
4.232000e-05	2.613177e-02	1.551947e+01
4.233000e-05	3.241400e-02	1.547792e+01
4.234000e-05	3.545866e-02	1.546787e+01
4.235000e-05	3.157391e-02	1.545726e+01
4.236000e-05	3.014822e-02	1.540311e+01
4.237000e-05	3.755230e-02	1.533158e+01
4.238000e-05	4.272394e-02	1.528045e+01
4.239000e-05	4.148142e-02	1.526734e+01
4.240000e-05	4.028942e-02	1.523311e+01
4.241000e-05	4.577716e-02	1.512105e+01
4.242000e-05	5.052987e-02	1.503684e+01
4.243000e-05	4.955748e-02	1.498303e+01
4.244000e-05	4.884468e-02	1.489892e+01
4.245000e-05	5.521974e-02	1.484316e+01
4.246000e-05	6.357280e-02	1.473007e+01
4.247000e-05	6.373037e-02	1.466574e+01
4.248000e-05	6.284766e-02	1.456157e+01
4.249000e-05	6.601950e-02	1.444476e+01
4.250000e-05	7.125725e-02	1.429998e+01
4.251000e-05	6.932455e-02	1.418211e+01
4.252000e-05	6.271668e-02	1.407586e+01
4.253000e-05	6.382698e-02	1.395053e+01
4.254000e-05	6.613231e-02	1.378258e+01
4.255000e-05	6.440883e-02	1.365719e+01
4.256000e-05	5.628607e-02	1.347945e+01
4.257000e-05	5.329777e-02	1.337948e+01
4.258000e-05	5.382526e-02	1.323261e+01
4.259000e-05	4.999819e-02	1.303574e+01
4.260000e-05	4.401025e-02	1.288827e+01
4.261000e-05	3.957444e-02	1.273895e+01
4.262000e-05	4.180627e-02	1.257100e+01
4.263000e-05	3.882762e-02	1.238261e+01
4.264000e-05	3.291136e-02	1.217516e+01
4.265000e-05	2.786568e-02	1.206519e+01
4.266000e-05	2.831827e-02	1.182321e+01
4.267000e-05	2.701133e-02	1.164424e+01
4.268000e-05	2.298446e-02	1.143423e+01
4.269000e-05	2.033538e-02	1.122306e+01
4.270000e-05	2.086704e-02	1.099416e+01
4.271000e-05	2.227293e-02	1.081111e+01
4.272000e-05	1.777411e-02	1.060413e+01
4.273000e-05	1.354687e-02	1.040063e+01
4.274000e-05	1.441201e-02	1.018848e+01
4.275000e-05	1.353428e-02	9.968845e+00
4.276000e-05	1.296297e-02	9.696262e+00
4.277000e-05	7.158978e-03	9.443687e+00
4.278000e-05	1.107992e-02	9.255134e+00
4.279000e-05	1.075935e-02	8.993156e+00
4.280000e-05	1.190525e-02	8.749529e+00
4.281000e-05	3.894266e-03	8.549023e+00
4.282000e-05	7.648767e-03	8.327391e+00
4.283000e-05	4.109511e-03	8.043187e+00
4.284000e-05	6.156667e-03	7.820478e+00
4.285000e-05	9.314468e-04	7.567370e+00
4.286000e-05	4.396398e-03	7.245209e+00
4.287000e-05	5.081466e-03	7.000628e+00
4.288000e-05	5.344602e-03	6.768896e+00
4.289000e-05	2.339489e-03	6.465158e+00
4.290000e-05	-2.148195e-04	6.221578e+00
4.291000e-05	1.980212e-03	5.988897e+00
4.292000e-05	1.040441e-03	5.675286e+00
4.293000e-05	-3.459502e-04	5.442632e+00
4.294000e-05	-1.158341e-03	5.155837e+00
4.295000e-05	2.425667e-03	4.749972e+00
4.296000e-05	9.829809e-05	4.514784e+00
4.297000e-05	3.573289e-05	4.223057e+00
4.298000e-05	-3.596692e-03	3.957370e+00
4.299000e-05	-9.615411e-04	3.694733e+00
4.300000e-05	-1.497492e-03	3.451498e+00
4.301000e-05	-2.665070e-03	3.155788e+00
4.302000e-05	-4.323356e-03	2.820133e+00
4.303000e-05	-2.689410e-03	2.578895e+00
4.304000e-05	-1.793407e-03	2.262684e+00
4.305000e-05	-3.405383e-03	1.978926e+00
4.306000e-05	-4.022523e-03	1.695686e+00
4.307000e-05	-4.231503e-03	1.440473e+00
4.308000e-05	-2.675467e-03	1.063760e+00
4.309000e-05	-4.020293e-03	7.788934e-01
4.310000e-05	-4.311265e-03	4.851582e-01
4.311000e-05	-3.975760e-03	2.294499e-01
4.312000e-05	-9.533869e-04	-8.378689e-02
4.313000e-05	6.786218e-03	-3.083722e-01
4.314000e-05	-5.713808e-03	-6.025050e-01
4.315000e-05	-1.372154e-03	-8.847131e-01
4.316000e-05	-6.878551e-03	-1.137872e+00
4.317000e-05	-1.312198e-04	-1.493212e+00
4.318000e-05	-3.831279e-03	-1.706288e+00
4.319000e-05	2.086048e-02	-1.957895e+00
4.320000e-05	8.874458e-02	-2.179501e+00
4.321000e-05	-2.035726e-02	-2.547402e+00
4.322000e-05	-6.681203e-02	-2.938324e+00
4.323000e-05	-4.386106e-02	-3.265238e+00
4.324000e-05	-2.222540e-02	-3.484291e+00
4.325000e-05	-5.915798e-02	-3.759504e+00
4.326000e-05	5.081409e-02	-3.938975e+00
4.327000e-05	4.919596e-02	-4.178928e+00
4.328000e-05	-1.176973e-01	-4.483240e+00
4.329000e-05	1.882243e-01	-4.726795e+00
4.330000e-05	-1.420885e-01	-5.012080e+00
4.331000e-05	3.415084e-02	-5.319980e+00
4.332000e-05	-3.263001e-02	-5.581580e+00
4.333000e-05	-8.292544e-02	-5.907320e+00
4.334000e-05	1.368373e-01	-6.118497e+00
4.335000e-05	-1.261343e-01	-6.434660e+00
4.336000e-05	9.334047e-02	-6.716818e+00
4.337000e-05	-4.022817e-02	-6.960030e+00
4.338000e-05	-2.827854e-02	-7.247766e+00
4.339000e-05	2.264936e-02	-7.537373e+00
4.340000e-05	-9.437228e-02	-7.794733e+00
4.341000e-05	9.503990e-02	-8.068292e+00
4.342000e-05	-7.815576e-02	-8.327345e+00
4.343000e-05	4.971191e-02	-8.591530e+00
4.344000e-05	-2.350078e-02	-8.793115e+00
4.345000e-05	-4.442727e-02	-9.045819e+00
4.346000e-05	3.551976e-02	-9.265291e+00
4.347000e-05	-7.437002e-02	-9.508424e+00
4.348000e-05	5.781854e-02	-9.748526e+00
4.349000e-05	-6.985770e-02	-9.950581e+00
4.350000e-05	5.236198e-02	-1.019258e+01
4.351000e-05	-5.121775e-02	-1.045261e+01
4.352000e-05	5.339248e-03	-1.060479e+01
4.353000e-05	-2.498072e-02	-1.082411e+01
4.354000e-05	-1.762897e-02	-1.103629e+01
4.355000e-05	7.440127e-03	-1.124321e+01
4.356000e-05	-3.544996e-02	-1.146737e+01
4.357000e-05	1.612064e-02	-1.167827e+01
4.358000e-05	-3.902341e-02	-1.188935e+01
4.359000e-05	1.388066e-02	-1.209834e+01
4.360000e-05	-4.740945e-02	-1.225672e+01
4.361000e-05	7.755093e-03	-1.247432e+01
4.362000e-05	-3.207706e-02	-1.262324e+01
4.363000e-05	3.327510e-03	-1.279263e+01
4.364000e-05	-2.566328e-02	-1.295153e+01
4.365000e-05	-9.218262e-03	-1.308740e+01
4.366000e-05	-1.633006e-02	-1.326732e+01
4.367000e-05	-1.928447e-02	-1.347376e+01
4.368000e-05	-1.299673e-02	-1.355113e+01
4.369000e-05	-2.730457e-02	-1.371947e+01
4.370000e-05	-7.253707e-03	-1.385634e+01
4.371000e-05	-2.484010e-02	-1.398369e+01
4.372000e-05	-7.209722e-03	-1.414038e+01
4.373000e-05	-2.770474e-02	-1.425732e+01
4.374000e-05	-1.134761e-02	-1.435266e+01
4.375000e-05	-2.510007e-02	-1.451729e+01
4.376000e-05	-1.594629e-02	-1.460314e+01
4.377000e-05	-2.484443e-02	-1.467035e+01
4.378000e-05	-1.837917e-02	-1.480316e+01
4.379000e-05	-1.963025e-02	-1.488627e+01
4.380000e-05	-2.165033e-02	-1.495150e+01
4.381000e-05	-2.307597e-02	-1.505522e+01
4.382000e-05	-2.349997e-02	-1.510792e+01
4.383000e-05	-2.157547e-02	-1.519218e+01
4.384000e-05	-2.417827e-02	-1.525469e+01
4.385000e-05	-2.324528e-02	-1.529882e+01
4.386000e-05	-2.615351e-02	-1.534995e+01
4.387000e-05	-2.156362e-02	-1.538313e+01
4.388000e-05	-2.873135e-02	-1.545377e+01
4.389000e-05	-2.572897e-02	-1.544827e+01
4.390000e-05	-3.029927e-02	-1.547835e+01
4.391000e-05	-2.417071e-02	-1.552943e+01
4.392000e-05	-2.940546e-02	-1.556055e+01
4.393000e-05	-2.949686e-02	-1.556063e+01
4.394000e-05	-3.109931e-02	-1.557195e+01
4.395000e-05	-3.149273e-02	-1.557298e+01
4.396000e-05	-3.295408e-02	-1.555161e+01
4.397000e-05	-3.600803e-02	-1.557198e+01
4.398000e-05	-3.550722e-02	-1.550940e+01
4.399000e-05	-3.662284e-02	-1.548937e+01
4.400000e-05	-3.797488e-02	-1.548835e+01
4.401000e-05	-4.072930e-02	-1.542577e+01
4.402000e-05	-4.190957e-02	-1.539368e+01
4.403000e-05	-4.326267e-02	-1.537156e+01
4.404000e-05	-4.363363e-02	-1.533739e+01
4.405000e-05	-4.709669e-02	-1.526629e+01
4.406000e-05	-4.938998e-02	-1.521364e+01
4.407000e-05	-5.140612e-02	-1.511795e+01
4.408000e-05	-5.404704e-02	-1.505679e+01
4.409000e-05	-5.771946e-02	-1.498256e+01
4.410000e-05	-6.108106e-02	-1.493790e+01
4.411000e-05	-6.246326e-02	-1.483526e+01
4.412000e-05	-6.484047e-02	-1.477993e+01
4.413000e-05	-6.817757e-02	-1.464571e+01
4.414000e-05	-7.147677e-02	-1.453903e+01
4.415000e-05	-7.327067e-02	-1.440464e+01
4.416000e-05	-7.336968e-02	-1.429890e+01
4.417000e-05	-7.349619e-02	-1.417208e+01
4.418000e-05	-7.412183e-02	-1.406577e+01
4.419000e-05	-7.243372e-02	-1.392795e+01
4.420000e-05	-6.872874e-02	-1.379300e+01
4.421000e-05	-6.719062e-02	-1.364471e+01
4.422000e-05	-6.528411e-02	-1.351692e+01
4.423000e-05	-6.250904e-02	-1.335198e+01
4.424000e-05	-5.735430e-02	-1.322251e+01
4.425000e-05	-5.454549e-02	-1.306471e+01
4.426000e-05	-5.262924e-02	-1.288535e+01
4.427000e-05	-5.057541e-02	-1.275990e+01
4.428000e-05	-4.583456e-02	-1.257053e+01
4.429000e-05	-4.212952e-02	-1.241308e+01
4.430000e-05	-4.117991e-02	-1.219656e+01
4.431000e-05	-3.864356e-02	-1.205466e+01
4.432000e-05	-3.540638e-02	-1.183414e+01
4.433000e-05	-3.164835e-02	-1.164313e+01
4.434000e-05	-3.118080e-02	-1.136361e+01
4.435000e-05	-3.084041e-02	-1.118958e+01
4.436000e-05	-2.894972e-02	-1.093997e+01
4.437000e-05	-2.517331e-02	-1.077900e+01
4.438000e-05	-2.429131e-02	-1.058056e+01
4.439000e-05	-2.453171e-02	-1.036938e+01
4.440000e-05	-2.219862e-02	-1.011977e+01
4.441000e-05	-1.962929e-02	-9.884788e+00
4.442000e-05	-1.891045e-02	-9.665817e+00
4.443000e-05	-1.950551e-02	-9.455739e+00
4.444000e-05	-1.831473e-02	-9.232557e+00
4.445000e-05	-1.618415e-02	-9.012057e+00
4.446000e-05	-1.579123e-02	-8.809849e+00
4.447000e-05	-1.728601e-02	-8.516314e+00
4.448000e-05	-1.533664e-02	-8.274716e+00
4.449000e-05	-1.415012e-02	-8.043981e+00
4.450000e-05	-1.273091e-02	-7.780999e+00
4.451000e-05	-1.268549e-02	-7.433686e+00
4.452000e-05	-1.225815e-02	-7.241079e+00
4.453000e-05	-1.077565e-02	-7.009971e+00
4.454000e-05	-1.042067e-02	-6.685291e+00
4.455000e-05	-1.149910e-02	-6.462211e+00
4.456000e-05	-1.251078e-02	-6.231003e+00
4.457000e-05	-1.114768e-02	-5.915268e+00
4.458000e-05	-8.089323e-03	-5.652131e+00
4.459000e-05	-1.021892e-02	-5.359446e+00
4.460000e-05	-9.498153e-03	-5.093135e+00
4.461000e-05	-8.907576e-03	-4.716288e+00
4.462000e-05	-6.384060e-03	-4.464135e+00
4.463000e-05	-7.944845e-03	-4.232054e+00
4.464000e-05	-8.079730e-03	-3.949899e+00
4.465000e-05	-1.000886e-02	-3.664658e+00
4.466000e-05	-6.478021e-03	-3.419977e+00
4.467000e-05	-7.000641e-03	-3.125762e+00
4.468000e-05	-5.717683e-03	-2.819471e+00
4.469000e-05	-7.066509e-03	-2.557265e+00
4.470000e-05	-4.268456e-03	-2.223629e+00
4.471000e-05	-5.469988e-03	-1.966843e+00
4.472000e-05	-5.051902e-03	-1.714135e+00
4.473000e-05	-6.701806e-03	-1.408870e+00
4.474000e-05	-4.559216e-03	-1.071580e+00
4.475000e-05	-3.331799e-03	-7.779199e-01
4.476000e-05	-3.176056e-03	-5.016855e-01
4.477000e-05	-3.531602e-03	-2.099538e-01
4.478000e-05	3.691259e-03	4.320663e-02
4.479000e-05	8.076173e-03	3.690987e-01
4.480000e-05	-1.216435e-03	6.416327e-01
4.481000e-05	1.139777e-03	8.667383e-01
4.482000e-05	-1.909367e-03	1.211053e+00
4.483000e-05	5.637392e-03	1.443737e+00
4.484000e-05	1.473518e-03	1.780102e+00
4.485000e-05	1.663742e-02	2.001581e+00
4.486000e-05	5.979887e-02	2.255313e+00
4.487000e-05	4.933238e-02	2.603683e+00
4.488000e-05	-6.835687e-02	2.949024e+00
4.489000e-05	-4.459649e-02	3.213183e+00
4.490000e-05	-2.086061e-02	3.508892e+00
4.491000e-05	3.821087e-04	3.757971e+00
4.492000e-05	-5.518615e-02	3.947895e+00
4.493000e-05	3.944844e-02	4.173557e+00
4.494000e-05	5.168403e-02	4.517318e+00
4.495000e-05	-3.602895e-02	4.767996e+00
4.496000e-05	1.316762e-01	5.065368e+00
4.497000e-05	-1.117813e-01	5.402105e+00
4.498000e-05	2.868460e-02	5.632784e+00
4.499000e-05	4.444552e-03	5.938995e+00
4.500000e-05	-5.711237e-03	6.170578e+00
4.501000e-05	3.302691e-02	6.433245e+00
4.502000e-05	-5.261410e-02	6.749001e+00
4.503000e-05	7.483697e-02	6.991607e+00
4.504000e-05	-8.540094e-03	7.237367e+00
4.505000e-05	-6.367405e-03	7.571502e+00
4.506000e-05	-2.945661e-02	7.845312e+00
4.507000e-05	2.738293e-02	8.068925e+00
4.508000e-05	4.839086e-02	8.359474e+00
4.509000e-05	-3.459505e-02	8.552105e+00
4.510000e-05	1.603860e-02	8.803661e+00
4.511000e-05	4.484414e-03	9.055263e+00
4.512000e-05	1.495811e-02	9.257816e+00
4.513000e-05	1.224321e-03	9.477892e+00
4.514000e-05	-9.630674e-03	9.789628e+00
4.515000e-05	2.351171e-02	9.953063e+00
4.516000e-05	1.962020e-02	1.017216e+01
4.517000e-05	1.887312e-02	1.042466e+01
4.518000e-05	-2.188423e-02	1.062431e+01
4.519000e-05	9.625911e-03	1.086625e+01
4.520000e-05	1.714377e-02	1.102629e+01
4.521000e-05	1.083754e-02	1.122582e+01
4.522000e-05	-8.274711e-04	1.143637e+01
4.523000e-05	1.065445e-02	1.167795e+01
4.524000e-05	2.770197e-02	1.189790e+01
4.525000e-05	1.222756e-02	1.208782e+01
4.526000e-05	-1.526510e-03	1.226537e+01
4.527000e-05	-1.045117e-03	1.242534e+01
4.528000e-05	2.014733e-02	1.263376e+01
4.529000e-05	1.655058e-02	1.275156e+01
4.530000e-05	5.524541e-03	1.293208e+01
4.531000e-05	6.604804e-03	1.309798e+01
4.532000e-05	2.314953e-02	1.325582e+01
4.533000e-05	1.835646e-02	1.341266e+01
4.534000e-05	6.101155e-03	1.355110e+01
4.535000e-05	1.345138e-03	1.369897e+01
4.536000e-05	1.819320e-02	1.384571e+01
4.537000e-05	1.830088e-02	1.395274e+01
4.538000e-05	9.955570e-03	1.412102e+01
4.539000e-05	6.768092e-03	1.427837e+01
4.540000e-05	1.924720e-02	1.441266e+01
4.541000e-05	2.229633e-02	1.449842e+01
4.542000e-05	1.066605e-02	1.461128e+01
4.543000e-05	1.082661e-02	1.471780e+01
4.544000e-05	1.702078e-02	1.479516e+01
4.545000e-05	2.453876e-02	1.488527e+01
4.546000e-05	1.321906e-02	1.495100e+01
4.547000e-05	1.310055e-02	1.503527e+01
4.548000e-05	1.530215e-02	1.512940e+01
4.549000e-05	2.420043e-02	1.515216e+01
4.550000e-05	1.547134e-02	1.523771e+01
4.551000e-05	1.464830e-02	1.527840e+01
4.552000e-05	2.031424e-02	1.533103e+01
4.553000e-05	2.579088e-02	1.537359e+01
4.554000e-05	2.211801e-02	1.541534e+01
4.555000e-05	1.507259e-02	1.546629e+01
4.556000e-05	2.157362e-02	1.549937e+01
4.557000e-05	2.457349e-02	1.550943e+01
4.558000e-05	2.402803e-02	1.551898e+01
4.559000e-05	1.969315e-02	1.552952e+01
4.560000e-05	2.433159e-02	1.557003e+01
4.561000e-05	3.018493e-02	1.556010e+01
4.562000e-05	2.901125e-02	1.555005e+01
4.563000e-05	2.606860e-02	1.550803e+01
4.564000e-05	2.741287e-02	1.548152e+01
4.565000e-05	3.511594e-02	1.547742e+01
4.566000e-05	3.475155e-02	1.548640e+01
4.567000e-05	3.298430e-02	1.543576e+01
4.568000e-05	3.251432e-02	1.541369e+01
4.569000e-05	3.983890e-02	1.534148e+01
4.570000e-05	4.115604e-02	1.525692e+01
4.571000e-05	3.948826e-02	1.526631e+01
4.572000e-05	4.058026e-02	1.521209e+01
4.573000e-05	4.621281e-02	1.510845e+01
4.574000e-05	5.121918e-02	1.504621e+01
4.575000e-05	5.050556e-02	1.497196e+01
4.576000e-05	5.326147e-02	1.485877e+01
4.577000e-05	5.809089e-02	1.479163e+01
4.578000e-05	6.329989e-02	1.469689e+01
4.579000e-05	6.293808e-02	1.460273e+01
4.580000e-05	6.311522e-02	1.447882e+01
4.581000e-05	6.638041e-02	1.436214e+01
4.582000e-05	6.829025e-02	1.427827e+01
4.583000e-05	6.826945e-02	1.416998e+01
4.584000e-05	6.494580e-02	1.401263e+01
4.585000e-05	6.635335e-02	1.388782e+01
4.586000e-05	6.380170e-02	1.373045e+01
4.587000e-05	6.118678e-02	1.359418e+01
4.588000e-05	5.515356e-02	1.342679e+01
4.589000e-05	5.254647e-02	1.330837e+01
4.590000e-05	5.121021e-02	1.315945e+01
4.591000e-05	4.805898e-02	1.295261e+01
4.592000e-05	4.380873e-02	1.284514e+01
4.593000e-05	4.101892e-02	1.264626e+01
4.594000e-05	3.949209e-02	1.247634e+01
4.595000e-05	3.624680e-02	1.235790e+01
4.596000e-05	3.242951e-02	1.215152e+01
4.597000e-05	2.825393e-02	1.194198e+01
4.598000e-05	2.717080e-02	1.175140e+01
4.599000e-05	2.535492e-02	1.156955e+01
4.600000e-05	2.247047e-02	1.132895e+01
4.601000e-05	2.140710e-02	1.112097e+01
4.602000e-05	1.928102e-02	1.091740e+01
4.603000e-05	2.008451e-02	1.078837e+01
4.604000e-05	1.623974e-02	1.051789e+01
4.605000e-05	1.513908e-02	1.027839e+01
4.606000e-05	1.302359e-02	1.008524e+01
4.607000e-05	1.298961e-02	9.835735e+00
4.608000e-05	1.188862e-02	9.641084e+00
4.609000e-05	9.978584e-03	9.361503e+00
4.610000e-05	8.910670e-03	9.158373e+00
4.611000e-05	8.831789e-03	8.908347e+00
4.612000e-05	8.417223e-03	8.695687e+00
4.613000e-05	7.381416e-03	8.493608e+00
4.614000e-05	5.992811e-03	8.242555e+00
4.615000e-05	5.923686e-03	7.979947e+00
4.616000e-05	5.588154e-03	7.667316e+00
4.617000e-05	4.074667e-03	7.403631e+00
4.618000e-05	2.129619e-03	7.137947e+00
4.619000e-05	2.248126e-03	6.916245e+00
4.620000e-05	3.790601e-03	6.694608e+00
4.621000e-05	2.840266e-03	6.367976e+00
4.622000e-05	1.801888e-03	6.106316e+00
4.623000e-05	1.740688e-03	5.884213e+00
4.624000e-05	1.424383e-03	5.560521e+00
4.625000e-05	5.051881e-04	5.315817e+00
4.626000e-05	-1.953091e-03	4.989995e+00
4.627000e-05	-8.650443e-04	4.633757e+00
4.628000e-05	-6.433311e-04	4.401079e+00
4.629000e-05	-6.436108e-04	4.137342e+00
4.630000e-05	-2.096684e-03	3.862579e+00
4.631000e-05	-3.089192e-03	3.588976e+00
4.632000e-05	-1.531215e-03	3.285234e+00
4.633000e-05	-1.694340e-03	2.991551e+00
4.634000e-05	-2.883363e-03	2.776947e+00
4.635000e-05	-4.126620e-03	2.420605e+00
4.636000e-05	-2.528649e-03	2.137491e+00
4.637000e-05	-2.805644e-03	1.905213e+00
4.638000e-05	-4.847530e-03	1.587974e+00
4.639000e-05	-5.188300e-03	1.306163e+00
4.640000e-05	-4.671056e-03	9.588424e-01
4.641000e-05	-3.346578e-03	7.025842e-01
4.642000e-05	-4.135786e-03	3.890237e-01
4.643000e-05	-3.403059e-03	1.246629e-01
4.644000e-05	1.720450e-03	-1.794737e-01
4.645000e-05	5.459045e-03	-4.205476e-01
4.646000e-05	-4.714244e-03	-7.184145e-01
4.647000e-05	-2.899303e-03	-9.689973e-01
4.648000e-05	-5.418486e-03	-1.272184e+00
4.649000e-05	-2.074206e-03	-1.539424e+00
4.650000e-05	1.765324e-03	-1.769451e+00
4.651000e-05	4.173264e-02	-2.030530e+00
4.652000e-05	8.298154e-02	-2.296840e+00
4.653000e-05	-7.478577e-02	-2.656763e+00
4.654000e-05	-4.096532e-02	-3.074787e+00
4.655000e-05	-4.580033e-02	-3.348929e+00
4.656000e-05	-1.672784e-02	-3.580531e+00
4.657000e-05	-6.596405e-02	-3.843658e+00
4.658000e-05	1.280820e-01	-4.063108e+00
4.659000e-05	-8.194787e-02	-4.264816e+00
4.660000e-05	1.597775e-02	-4.581000e+00
4.661000e-05	1.074800e-01	-4.751104e+00
4.662000e-05	-1.616372e-01	-5.180529e+00
4.663000e-05	1.070906e-01	-5.423183e+00
4.664000e-05	-1.421240e-01	-5.717894e+00
4.665000e-05	5.911913e-02	-6.002027e+00
4.666000e-05	3.062767e-02	-6.245683e+00
4.667000e-05	-8.129932e-02	-6.560098e+00
4.668000e-05	1.083381e-01	-6.802105e+00
4.669000e-05	-1.036572e-01	-7.068416e+00
4.670000e-05	4.805586e-02	-7.380526e+00
4.671000e-05	-5.698473e-02	-7.634705e+00
4.672000e-05	-1.594647e-02	-7.890417e+00
4.673000e-05	5.292513e-02	-8.149024e+00
4.674000e-05	-8.126656e-02	-8.404706e+00
4.675000e-05	8.580340e-02	-8.666316e+00
4.676000e-05	-9.194137e-02	-8.887400e+00
4.677000e-05	3.440950e-02	-9.130023e+00
4.678000e-05	-3.543178e-02	-9.370000e+00
4.679000e-05	-1.107945e-02	-9.574632e+00
4.680000e-05	1.481909e-02	-9.812608e+00
4.681000e-05	-4.587795e-02	-1.004627e+01
4.682000e-05	4.613659e-02	-1.023632e+01
4.683000e-05	-6.770660e-02	-1.048882e+01
4.684000e-05	3.390211e-02	-1.069682e+01
4.685000e-05	-6.026807e-02	-1.090687e+01
4.686000e-05	2.408665e-02	-1.109895e+01
4.687000e-05	-3.337394e-02	-1.131843e+01
4.688000e-05	2.478199e-03	-1.158198e+01
4.689000e-05	-1.689393e-02	-1.177106e+01
4.690000e-05	-1.457671e-02	-1.196208e+01
4.691000e-05	-7.357088e-03	-1.214858e+01
4.692000e-05	-3.336476e-02	-1.230745e+01
4.693000e-05	3.034950e-03	-1.252945e+01
4.694000e-05	-3.302099e-02	-1.267792e+01
4.695000e-05	7.764101e-03	-1.285629e+01
4.696000e-05	-3.437797e-02	-1.301216e+01
4.697000e-05	3.218520e-03	-1.319163e+01
4.698000e-05	-3.230535e-02	-1.334093e+01
4.699000e-05	-4.540283e-03	-1.346692e+01
4.700000e-05	-2.740179e-02	-1.359471e+01
4.701000e-05	-1.377995e-02	-1.376108e+01
4.702000e-05	-1.876467e-02	-1.389945e+01
4.703000e-05	-1.690904e-02	-1.402524e+01
4.704000e-05	-1.471207e-02	-1.415403e+01
4.705000e-05	-2.269251e-02	-1.427942e+01
4.706000e-05	-1.482786e-02	-1.440372e+01
4.707000e-05	-2.536357e-02	-1.454090e+01
4.708000e-05	-1.483027e-02	-1.461379e+01
4.709000e-05	-2.578807e-02	-1.469048e+01
4.710000e-05	-1.525284e-02	-1.480467e+01
4.711000e-05	-2.344960e-02	-1.490837e+01
4.712000e-05	-1.815640e-02	-1.500311e+01
4.713000e-05	-2.655513e-02	-1.505729e+01
4.714000e-05	-2.138353e-02	-1.513897e+01
4.715000e-05	-2.485650e-02	-1.521166e+01
4.716000e-05	-2.147369e-02	-1.529674e+01
4.717000e-05	-2.539727e-02	-1.531747e+01
4.718000e-05	-2.469045e-02	-1.535196e+01
4.719000e-05	-2.489500e-02	-1.540469e+01
4.720000e-05	-2.712980e-02	-1.545579e+01
4.721000e-05	-2.675904e-02	-1.547644e+01
4.722000e-05	-2.978757e-02	-1.552037e+01
4.723000e-05	-2.571158e-02	-1.550948e+01
4.724000e-05	-3.052661e-02	-1.553100e+01
4.725000e-05	-2.774390e-02	-1.555103e+01
4.726000e-05	-3.321972e-02	-1.559206e+01
4.727000e-05	-3.136870e-02	-1.557141e+01
4.728000e-05	-3.543931e-02	-1.556110e+01
4.729000e-05	-3.393847e-02	-1.555895e+01
4.730000e-05	-3.678211e-02	-1.555000e+01
4.731000e-05	-3.715169e-02	-1.551992e+01
4.732000e-05	-4.089646e-02	-1.545731e+01
4.733000e-05	-4.104900e-02	-1.543521e+01
4.734000e-05	-4.321521e-02	-1.536361e+01
4.735000e-05	-4.417999e-02	-1.536945e+01
4.736000e-05	-4.383056e-02	-1.529779e+01
4.737000e-05	-4.668290e-02	-1.526374e+01
4.738000e-05	-4.829647e-02	-1.517153e+01
4.739000e-05	-5.319641e-02	-1.509890e+01
4.740000e-05	-5.727549e-02	-1.507567e+01
4.741000e-05	-5.952118e-02	-1.493153e+01
4.742000e-05	-6.204253e-02	-1.488730e+01
4.743000e-05	-6.342895e-02	-1.478161e+01
4.744000e-05	-6.576854e-02	-1.472939e+01
4.745000e-05	-6.682641e-02	-1.461255e+01
4.746000e-05	-7.011671e-02	-1.449736e+01
4.747000e-05	-7.345155e-02	-1.441316e+01
4.748000e-05	-7.517975e-02	-1.430532e+01
4.749000e-05	-7.576892e-02	-1.413300e+01
4.750000e-05	-7.344565e-02	-1.404256e+01
4.751000e-05	-7.214286e-02	-1.389677e+01
4.752000e-05	-7.011703e-02	-1.371850e+01
4.753000e-05	-6.539785e-02	-1.360253e+01
4.754000e-05	-6.216920e-02	-1.345521e+01
4.755000e-05	-5.949731e-02	-1.329792e+01
4.756000e-05	-5.850863e-02	-1.313050e+01
4.757000e-05	-5.509496e-02	-1.295403e+01
4.758000e-05	-5.089705e-02	-1.285468e+01
4.759000e-05	-4.886156e-02	-1.265832e+01
4.760000e-05	-4.677324e-02	-1.249690e+01
4.761000e-05	-4.231213e-02	-1.235792e+01
4.762000e-05	-3.904098e-02	-1.217043e+01
4.763000e-05	-3.647039e-02	-1.198048e+01
4.764000e-05	-3.595575e-02	-1.172190e+01
4.765000e-05	-3.291387e-02	-1.151639e+01
4.766000e-05	-2.957380e-02	-1.133835e+01
4.767000e-05	-2.885025e-02	-1.108727e+01
4.768000e-05	-2.902380e-02	-1.088674e+01
4.769000e-05	-2.736450e-02	-1.066679e+01
4.770000e-05	-2.291059e-02	-1.050624e+01
4.771000e-05	-2.272986e-02	-1.024732e+01
4.772000e-05	-2.216110e-02	-1.005463e+01
4.773000e-05	-2.161691e-02	-9.834079e+00
4.774000e-05	-1.839227e-02	-9.621429e+00
4.775000e-05	-1.790862e-02	-9.370579e+00
4.776000e-05	-1.864806e-02	-9.108968e+00
4.777000e-05	-1.823813e-02	-8.926943e+00
4.778000e-05	-1.559133e-02	-8.715793e+00
4.779000e-05	-1.424814e-02	-8.412033e+00
4.780000e-05	-1.478800e-02	-8.211501e+00
4.781000e-05	-1.464290e-02	-7.967871e+00
4.782000e-05	-1.291656e-02	-7.653184e+00
4.783000e-05	-1.144192e-02	-7.410975e+00
4.784000e-05	-1.241473e-02	-7.147444e+00
4.785000e-05	-1.224367e-02	-6.883707e+00
4.786000e-05	-1.158050e-02	-6.630107e+00
4.787000e-05	-9.112562e-03	-6.377870e+00
4.788000e-05	-1.092688e-02	-6.096237e+00
4.789000e-05	-1.030335e-02	-5.840631e+00
4.790000e-05	-1.052311e-02	-5.567322e+00
4.791000e-05	-8.469094e-03	-5.251507e+00
4.792000e-05	-9.271894e-03	-4.907796e+00
4.793000e-05	-7.502362e-03	-4.591050e+00
4.794000e-05	-7.330442e-03	-4.387421e+00
4.795000e-05	-6.607721e-03	-4.129418e+00
4.796000e-05	-8.021093e-03	-3.923131e+00
4.797000e-05	-9.750695e-03	-3.588920e+00
4.798000e-05	-7.947305e-03	-3.304687e+00
4.799000e-05	-5.847407e-03	-2.990951e+00
4.800000e-05	-5.068719e-03	-2.725339e+00
4.801000e-05	-5.694842e-03	-2.462033e+00
4.802000e-05	-4.436926e-03	-2.164890e+00
4.803000e-05	-4.284523e-03	-1.872630e+00
4.804000e-05	-4.856094e-03	-1.599426e+00
4.805000e-05	-7.619252e-03	-1.270951e+00
4.806000e-05	-5.049896e-03	-9.677897e-01
4.807000e-05	-4.106609e-03	-6.837090e-01
4.808000e-05	-1.402572e-03	-3.893410e-01
4.809000e-05	-1.860757e-03	-1.237083e-01
4.810000e-05	7.950180e-03	1.604750e-01
4.811000e-05	2.186916e-03	4.337130e-01
4.812000e-05	2.631137e-03	6.873657e-01
4.813000e-05	-5.589488e-04	9.890277e-01
4.814000e-05	5.421242e-04	1.286288e+00
4.815000e-05	1.892287e-03	1.610608e+00
4.816000e-05	6.427868e-03	1.845260e+00
4.817000e-05	2.787308e-02	2.065762e+00
4.818000e-05	7.852527e-02	2.361053e+00
4.819000e-05	-9.149272e-03	2.741001e+00
4.820000e-05	-6.010850e-02	3.085812e+00
4.821000e-05	-4.089701e-02	3.287420e+00
4.822000e-05	-2.819367e-04	3.592105e+00
4.823000e-05	-2.616714e-02	3.813208e+00
4.824000e-05	-3.941149e-02	4.013055e+00
4.825000e-05	9.024329e-02	4.286846e+00
4.826000e-05	-2.837796e-02	4.601084e+00
4.827000e-05	5.737996e-02	4.823188e+00
4.828000e-05	4.446205e-02	5.181130e+00
4.829000e-05	-9.272868e-02	5.506714e+00
4.830000e-05	5.881727e-02	5.760002e+00
4.831000e-05	-3.280330e-02	6.044238e+00
4.832000e-05	3.720946e-02	6.266768e+00
4.833000e-05	-1.460475e-02	6.562576e+00
4.834000e-05	-8.789515e-03	6.824737e+00
4.835000e-05	6.626794e-02	7.068872e+00
4.836000e-05	-2.875308e-02	7.371159e+00
4.837000e-05	1.826621e-04	7.674815e+00
4.838000e-05	-3.171923e-02	7.941454e+00
4.839000e-05	5.981256e-02	8.201710e+00
4.840000e-05	1.029210e-02	8.434612e+00
4.841000e-05	-2.867446e-02	8.645237e+00
4.842000e-05	3.267052e-02	8.877397e+00
4.843000e-05	-1.006468e-02	9.078502e+00
4.844000e-05	3.093534e-02	9.370553e+00
4.845000e-05	-2.271580e-02	9.573134e+00
4.846000e-05	1.462207e-02	9.825261e+00
4.847000e-05	1.199676e-02	1.004634e+01
4.848000e-05	2.478474e-02	1.027729e+01
4.849000e-05	4.235991e-03	1.050000e+01
4.850000e-05	-1.819670e-02	1.071897e+01
4.851000e-05	2.603897e-02	1.090847e+01
4.852000e-05	5.240779e-03	1.110835e+01
4.853000e-05	1.729630e-02	1.133903e+01
4.854000e-05	-1.074085e-02	1.154158e+01
4.855000e-05	2.702966e-02	1.179161e+01
4.856000e-05	1.321295e-02	1.191358e+01
4.857000e-05	1.225178e-02	1.215203e+01
4.858000e-05	-5.639972e-03	1.231953e+01
4.859000e-05	1.070759e-02	1.250747e+01
4.860000e-05	2.219688e-02	1.267684e+01
4.861000e-05	7.779111e-03	1.282467e+01
4.862000e-05	8.762725e-03	1.298366e+01
4.863000e-05	6.727376e-03	1.317111e+01
4.864000e-05	2.754589e-02	1.333043e+01
4.865000e-05	6.765876e-03	1.343632e+01
4.866000e-05	8.320332e-03	1.356271e+01
4.867000e-05	5.680941e-03	1.380261e+01
4.868000e-05	2.265016e-02	1.388692e+01
4.869000e-05	1.449601e-02	1.402832e+01
4.870000e-05	7.591601e-03	1.415366e+01
4.871000e-05	1.239134e-02	1.431855e+01
4.872000e-05	1.893676e-02	1.443726e+01
4.873000e-05	1.966494e-02	1.456058e+01
4.874000e-05	7.543755e-03	1.462669e+01
4.875000e-05	1.475652e-02	1.473940e+01
4.876000e-05	1.825391e-02	1.479266e+01
4.877000e-05	2.215474e-02	1.488800e+01
4.878000e-05	1.256148e-02	1.494111e+01
4.879000e-05	1.396016e-02	1.507531e+01
4.880000e-05	1.894148e-02	1.508996e+01
4.881000e-05	1.995452e-02	1.519321e+01
4.882000e-05	1.622421e-02	1.525577e+01
4.883000e-05	1.403650e-02	1.528842e+01
4.884000e-05	2.378112e-02	1.536261e+01
4.885000e-05	2.272129e-02	1.541408e+01
4.886000e-05	1.973199e-02	1.544572e+01
4.887000e-05	1.681691e-02	1.548787e+01
4.888000e-05	2.439880e-02	1.548902e+01
4.889000e-05	2.543367e-02	1.550847e+01
4.890000e-05	2.253271e-02	1.551850e+01
4.891000e-05	2.170225e-02	1.551160e+01
4.892000e-05	2.629987e-02	1.552001e+01
4.893000e-05	2.984694e-02	1.555950e+01
4.894000e-05	2.553674e-02	1.551056e+01
4.895000e-05	2.747826e-02	1.553897e+01
4.896000e-05	3.124340e-02	1.550837e+01
4.897000e-05	3.482604e-02	1.550839e+01
4.898000e-05	3.337656e-02	1.545734e+01
4.899000e-05	3.242137e-02	1.537524e+01
4.900000e-05	3.538124e-02	1.538208e+01
4.901000e-05	3.911698e-02	1.529902e+01
4.902000e-05	4.089615e-02	1.527684e+01
4.903000e-05	4.048515e-02	1.521469e+01
4.904000e-05	4.418522e-02	1.515201e+01
4.905000e-05	4.775706e-02	1.506842e+01
4.906000e-05	4.996260e-02	1.498359e+01
4.907000e-05	5.051026e-02	1.491952e+01
4.908000e-05	5.438499e-02	1.483469e+01
4.909000e-05	5.992488e-02	1.475003e+01
4.910000e-05	6.197596e-02	1.465726e+01
4.911000e-05	6.338092e-02	1.458151e+01
4.912000e-05	6.433513e-02	1.444532e+01
4.913000e-05	6.847899e-02	1.433146e+01
4.914000e-05	6.773347e-02	1.422469e+01
4.915000e-05	6.687528e-02	1.410792e+01
4.916000e-05	6.500400e-02	1.396163e+01
4.917000e-05	6.581007e-02	1.381613e+01
4.918000e-05	6.297067e-02	1.369635e+01
4.919000e-05	5.790861e-02	1.352952e+01
4.920000e-05	5.459362e-02	1.340208e+01
4.921000e-05	5.246947e-02	1.324529e+01
4.922000e-05	4.984498e-02	1.310735e+01
4.923000e-05	4.612678e-02	1.293190e+01
4.924000e-05	4.327463e-02	1.278148e+01
4.925000e-05	4.124104e-02	1.260416e+01
4.926000e-05	3.792306e-02	1.245326e+01
4.927000e-05	3.387764e-02	1.225527e+01
4.928000e-05	3.024290e-02	1.206634e+01
4.929000e-05	2.872152e-02	1.187779e+01
4.930000e-05	2.645977e-02	1.167631e+01
4.931000e-05	2.449498e-02	1.149729e+01
4.932000e-05	2.288382e-02	1.127624e+01
4.933000e-05	2.185752e-02	1.103621e+01
4.934000e-05	1.993758e-02	1.084371e+01
4.935000e-05	1.787877e-02	1.065524e+01
4.936000e-05	1.584145e-02	1.044424e+01
4.937000e-05	1.419824e-02	1.019359e+01
4.938000e-05	1.400450e-02	1.000108e+01
4.939000e-05	1.237999e-02	9.730900e+00
4.940000e-05	1.038095e-02	9.568897e+00
4.941000e-05	9.953310e-03	9.257817e+00
4.942000e-05	9.718484e-03	9.115315e+00
4.943000e-05	7.738572e-03	8.853158e+00
4.944000e-05	7.082456e-03	8.622552e+00
4.945000e-05	6.553065e-03	8.401425e+00
4.946000e-05	6.726941e-03	8.129300e+00
4.947000e-05	5.570751e-03	7.885182e+00
4.948000e-05	4.064713e-03	7.622053e+00
4.949000e-05	4.053909e-03	7.307346e+00
4.950000e-05	3.068586e-03	7.074691e+00
4.951000e-05	2.890820e-03	6.842108e+00
4.952000e-05	1.851549e-03	6.568971e+00
4.953000e-05	2.304207e-03	6.282684e+00
4.954000e-05	2.379977e-03	6.062654e+00
4.955000e-05	6.808708e-04	5.778897e+00
4.956000e-05	1.516788e-03	5.505192e+00
4.957000e-05	-9.583629e-04	5.208500e+00
4.958000e-05	6.779473e-04	4.864656e+00
4.959000e-05	-1.419312e-03	4.589900e+00
4.960000e-05	-6.505676e-04	4.344738e+00
4.961000e-05	-1.608362e-03	4.009600e+00
4.962000e-05	-5.044234e-04	3.748316e+00
4.963000e-05	-2.476787e-03	3.498212e+00
4.964000e-05	-1.809318e-03	3.219499e+00
4.965000e-05	-2.643899e-03	2.905189e+00
4.966000e-05	-2.200418e-03	2.691077e+00
4.967000e-05	-3.242612e-03	2.346868e+00
4.968000e-05	-3.967251e-03	2.062657e+00
4.969000e-05	-3.685222e-03	1.799949e+00
4.970000e-05	-3.441239e-03	1.494187e+00
4.971000e-05	-4.168784e-03	1.198946e+00
4.972000e-05	-5.172553e-03	8.525552e-01
4.973000e-05	-4.801479e-03	5.868684e-01
4.974000e-05	-3.028465e-03	2.957105e-01
4.975000e-05	-2.414402e-03	-1.501509e-03
4.976000e-05	5.055858e-03	-2.732168e-01
4.977000e-05	-1.949766e-03	-5.073669e-01
4.978000e-05	-1.119697e-03	-8.215550e-01
4.979000e-05	-6.103913e-03	-1.073661e+00
4.980000e-05	-2.206211e-03	-1.317476e+00
4.981000e-05	-4.821276e-03	-1.621104e+00
4.982000e-05	1.204047e-02	-1.875713e+00
4.983000e-05	7.218430e-02	-2.073809e+00
4.984000e-05	3.366337e-02	-2.453684e+00
4.985000e-05	-8.330814e-02	-2.791060e+00
4.986000e-05	-3.731793e-02	-3.221074e+00
4.987000e-05	-3.561155e-02	-3.443632e+00
4.988000e-05	-3.709386e-02	-3.674714e+00
4.989000e-05	-1.751708e-02	-3.897347e+00
4.990000e-05	1.206481e-01	-4.104893e+00
4.991000e-05	-1.497526e-01	-4.421002e+00
4.992000e-05	1.641096e-01	-4.655237e+00
4.993000e-05	-4.491512e-02	-4.885865e+00
4.994000e-05	-6.325715e-02	-5.286768e+00
4.995000e-05	5.993139e-02	-5.535921e+00
4.996000e-05	-1.509808e-01	-5.844680e+00
4.997000e-05	1.473786e-01	-6.074793e+00
4.998000e-05	-8.667444e-02	-6.329972e+00
4.999000e-05	2.614390e-02	-6.642705e+00
