# 260929_11:57:44.668098
t	CH1	CH2
0.000000e+00	-3.915419e-03	1.968745e-01
1.000000e-08	1.515861e-03	-1.269361e-01
2.000000e-08	8.357207e-03	-3.784739e-01
3.000000e-08	-6.130258e-03	-6.856944e-01
4.000000e-08	-2.379568e-03	-9.483857e-01
5.000000e-08	-6.049901e-03	-1.161618e+00
6.000000e-08	-2.475295e-03	-1.506351e+00
7.000000e-08	1.136536e-04	-1.768416e+00
8.000000e-08	2.732892e-02	-1.968970e+00
9.000000e-08	1.008074e-01	-2.255199e+00
1.000000e-07	-6.438515e-02	-2.634670e+00
1.100000e-07	-4.582470e-02	-3.010515e+00
1.200000e-07	-5.043661e-02	-3.357808e+00
1.300000e-07	-1.148152e-02	-3.547390e+00
1.400000e-07	-7.338445e-02	-3.822499e+00
1.500000e-07	1.083800e-01	-4.001074e+00
1.600000e-07	-3.728167e-02	-4.233568e+00
1.700000e-07	-3.617948e-02	-4.546307e+00
1.800000e-07	1.581471e-01	-4.769962e+00
1.900000e-07	-1.734462e-01	-5.105676e+00
2.000000e-07	9.963462e-02	-5.392394e+00
2.100000e-07	-1.117826e-01	-5.664201e+00
2.200000e-07	1.333169e-02	-5.960390e+00
2.300000e-07	7.574840e-02	-6.233967e+00
2.400000e-07	-1.157949e-01	-6.496234e+00
2.500000e-07	1.207375e-01	-6.738863e+00
2.600000e-07	-9.503470e-02	-7.062518e+00
2.700000e-07	3.137357e-02	-7.356758e+00
2.800000e-07	-2.822346e-02	-7.559491e+00
2.900000e-07	-4.963757e-02	-7.877150e+00
3.000000e-07	8.513272e-02	-8.127707e+00
3.100000e-07	-9.880442e-02	-8.369416e+00
3.200000e-07	8.868458e-02	-8.662923e+00
3.300000e-07	-8.377574e-02	-8.905630e+00
3.400000e-07	1.806307e-02	-9.105237e+00
3.500000e-07	-1.165544e-02	-9.325654e+00
3.600000e-07	-3.516289e-02	-9.590965e+00
3.700000e-07	3.888236e-02	-9.809391e+00
3.800000e-07	-6.327859e-02	-9.983395e+00
3.900000e-07	6.160513e-02	-1.023250e+01
4.000000e-07	-7.684071e-02	-1.049411e+01
4.100000e-07	3.721061e-02	-1.068410e+01
4.200000e-07	-5.778870e-02	-1.088618e+01
4.300000e-07	1.925193e-02	-1.107315e+01
4.400000e-07	-2.558934e-02	-1.128713e+01
4.500000e-07	-7.067099e-03	-1.157673e+01
4.600000e-07	-4.336608e-03	-1.176670e+01
4.700000e-07	-2.219844e-02	-1.195876e+01
4.800000e-07	2.917447e-03	-1.215623e+01
4.900000e-07	-4.096105e-02	-1.230515e+01
5.000000e-07	9.095790e-03	-1.250508e+01
5.100000e-07	-3.588708e-02	-1.265300e+01
5.200000e-07	1.045014e-02	-1.286450e+01
5.300000e-07	-3.573879e-02	-1.301034e+01
5.400000e-07	2.879665e-03	-1.317679e+01
5.500000e-07	-2.686512e-02	-1.335553e+01
5.600000e-07	-6.254662e-03	-1.347248e+01
5.700000e-07	-2.495365e-02	-1.358900e+01
5.800000e-07	-1.711759e-02	-1.379673e+01
5.900000e-07	-1.454980e-02	-1.390302e+01
6.000000e-07	-1.839773e-02	-1.406145e+01
6.100000e-07	-1.218724e-02	-1.415722e+01
6.200000e-07	-2.473172e-02	-1.431398e+01
6.300000e-07	-1.282498e-02	-1.439186e+01
6.400000e-07	-2.448980e-02	-1.457666e+01
6.500000e-07	-1.466087e-02	-1.463839e+01
6.600000e-07	-2.613674e-02	-1.473663e+01
6.700000e-07	-1.525305e-02	-1.485094e+01
6.800000e-07	-2.148730e-02	-1.491456e+01
6.900000e-07	-1.810051e-02	-1.500924e+01
7.000000e-07	-2.549835e-02	-1.509392e+01
7.100000e-07	-2.084332e-02	-1.514408e+01
7.200000e-07	-2.426646e-02	-1.518129e+01
7.300000e-07	-2.177183e-02	-1.528250e+01
7.400000e-07	-2.557933e-02	-1.534519e+01
7.500000e-07	-2.389726e-02	-1.537880e+01
7.600000e-07	-2.273135e-02	-1.539979e+01
7.700000e-07	-2.592171e-02	-1.549247e+01
7.800000e-07	-2.560964e-02	-1.553258e+01
7.900000e-07	-2.893247e-02	-1.552513e+01
8.000000e-07	-2.482293e-02	-1.556463e+01
8.100000e-07	-2.914279e-02	-1.560778e+01
8.200000e-07	-2.840353e-02	-1.557817e+01
8.300000e-07	-3.233607e-02	-1.559931e+01
8.400000e-07	-3.084354e-02	-1.559826e+01
8.500000e-07	-3.127260e-02	-1.556719e+01
8.600000e-07	-3.358005e-02	-1.554776e+01
8.700000e-07	-3.482693e-02	-1.557611e+01
8.800000e-07	-3.633373e-02	-1.553401e+01
8.900000e-07	-3.689796e-02	-1.549305e+01
9.000000e-07	-3.997481e-02	-1.550185e+01
9.100000e-07	-4.165028e-02	-1.545932e+01
9.200000e-07	-4.234004e-02	-1.538519e+01
9.300000e-07	-4.264338e-02	-1.533508e+01
9.400000e-07	-4.512776e-02	-1.528143e+01
9.500000e-07	-4.797577e-02	-1.522980e+01
9.600000e-07	-5.019568e-02	-1.513463e+01
9.700000e-07	-5.181646e-02	-1.507200e+01
9.800000e-07	-5.522926e-02	-1.502769e+01
9.900000e-07	-5.861767e-02	-1.495405e+01
1.000000e-06	-6.207107e-02	-1.488880e+01
1.010000e-06	-6.272178e-02	-1.475614e+01
1.020000e-06	-6.552878e-02	-1.467935e+01
1.030000e-06	-6.787290e-02	-1.453361e+01
1.040000e-06	-7.160382e-02	-1.441882e+01
1.050000e-06	-7.150670e-02	-1.433395e+01
1.060000e-06	-7.016311e-02	-1.420827e+01
1.070000e-06	-7.166515e-02	-1.410033e+01
1.080000e-06	-7.060126e-02	-1.391207e+01
1.090000e-06	-6.822456e-02	-1.376767e+01
1.100000e-06	-6.475272e-02	-1.368985e+01
1.110000e-06	-6.341181e-02	-1.350253e+01
1.120000e-06	-6.100951e-02	-1.337514e+01
1.130000e-06	-5.687783e-02	-1.321777e+01
1.140000e-06	-5.413270e-02	-1.303922e+01
1.150000e-06	-5.025310e-02	-1.287204e+01
1.160000e-06	-4.988969e-02	-1.274456e+01
1.170000e-06	-4.569268e-02	-1.252404e+01
1.180000e-06	-4.234533e-02	-1.235675e+01
1.190000e-06	-3.974364e-02	-1.220668e+01
1.200000e-06	-3.924064e-02	-1.201825e+01
1.210000e-06	-3.611329e-02	-1.181727e+01
1.220000e-06	-3.261446e-02	-1.159470e+01
1.230000e-06	-3.028067e-02	-1.135405e+01
1.240000e-06	-2.990903e-02	-1.114214e+01
1.250000e-06	-2.869453e-02	-1.093462e+01
1.260000e-06	-2.628307e-02	-1.071464e+01
1.270000e-06	-2.436858e-02	-1.052464e+01
1.280000e-06	-2.444979e-02	-1.033313e+01
1.290000e-06	-2.314443e-02	-1.010146e+01
1.300000e-06	-2.080396e-02	-9.870960e+00
1.310000e-06	-1.877046e-02	-9.630956e+00
1.320000e-06	-1.879314e-02	-9.418274e+00
1.330000e-06	-1.838048e-02	-9.205694e+00
1.340000e-06	-1.720789e-02	-8.985766e+00
1.350000e-06	-1.487428e-02	-8.743590e+00
1.360000e-06	-1.492974e-02	-8.500487e+00
1.370000e-06	-1.629604e-02	-8.247533e+00
1.380000e-06	-1.450520e-02	-8.025775e+00
1.390000e-06	-1.224089e-02	-7.742660e+00
1.400000e-06	-1.140646e-02	-7.469356e+00
1.410000e-06	-1.244427e-02	-7.206325e+00
1.420000e-06	-1.201270e-02	-6.933162e+00
1.430000e-06	-1.101376e-02	-6.670459e+00
1.440000e-06	-9.739702e-03	-6.437355e+00
1.450000e-06	-1.067358e-02	-6.153691e+00
1.460000e-06	-1.071784e-02	-5.879984e+00
1.470000e-06	-9.200979e-03	-5.605900e+00
1.480000e-06	-7.495160e-03	-5.271608e+00
1.490000e-06	-9.312479e-03	-5.046400e+00
1.500000e-06	-8.461035e-03	-4.640511e+00
1.510000e-06	-7.109495e-03	-4.379452e+00
1.520000e-06	-6.736309e-03	-4.196326e+00
1.530000e-06	-6.912934e-03	-3.944165e+00
1.540000e-06	-9.557364e-03	-3.629480e+00
1.550000e-06	-6.473043e-03	-3.375776e+00
1.560000e-06	-6.670331e-03	-3.059031e+00
1.570000e-06	-4.274316e-03	-2.764822e+00
1.580000e-06	-5.949561e-03	-2.513113e+00
1.590000e-06	-5.275323e-03	-2.176381e+00
1.600000e-06	-3.901373e-03	-1.902714e+00
1.610000e-06	-4.689347e-03	-1.638481e+00
1.620000e-06	-6.852499e-03	-1.302670e+00
1.630000e-06	-5.779347e-03	-1.006353e+00
1.640000e-06	-2.803122e-03	-6.937444e-01
1.650000e-06	-1.391707e-03	-3.979075e-01
1.660000e-06	-1.629300e-03	-1.546957e-01
1.670000e-06	6.112449e-03	1.489135e-01
1.680000e-06	5.472270e-03	4.241515e-01
1.690000e-06	2.216201e-03	6.862544e-01
1.700000e-06	2.398270e-04	9.709636e-01
1.710000e-06	-1.278419e-03	1.255679e+00
1.720000e-06	3.450864e-03	1.571838e+00
1.730000e-06	4.591574e-03	1.823629e+00
1.740000e-06	2.259662e-02	2.076258e+00
1.750000e-06	7.608561e-02	2.358414e+00
1.760000e-06	1.241595e-02	2.729311e+00
1.770000e-06	-6.305544e-02	3.064099e+00
1.780000e-06	-4.362207e-02	3.305259e+00
1.790000e-06	-6.503655e-03	3.579998e+00
1.800000e-06	-1.707100e-02	3.831024e+00
1.810000e-06	-4.946975e-02	3.961440e+00
1.820000e-06	7.577392e-02	4.286678e+00
1.830000e-06	7.957567e-04	4.569941e+00
1.840000e-06	1.996628e-02	4.823496e+00
1.850000e-06	8.682701e-02	5.129936e+00
1.860000e-06	-1.115893e-01	5.514080e+00
1.870000e-06	5.622290e-02	5.738261e+00
1.880000e-06	-2.396290e-02	6.010995e+00
1.890000e-06	2.334812e-02	6.275153e+00
1.900000e-06	5.082587e-03	6.557836e+00
1.910000e-06	-3.319715e-02	6.841569e+00
1.920000e-06	7.732424e-02	7.083155e+00
1.930000e-06	-2.821643e-02	7.401292e+00
1.940000e-06	3.875594e-03	7.604075e+00
1.950000e-06	-3.847494e-02	7.956260e+00
1.960000e-06	5.117081e-02	8.170471e+00
1.970000e-06	2.590436e-02	8.431471e+00
1.980000e-06	-3.523089e-02	8.633095e+00
1.990000e-06	3.117295e-02	8.886623e+00
2.000000e-06	-1.045752e-02	9.118229e+00
2.010000e-06	3.103840e-02	9.349286e+00
2.020000e-06	-1.852093e-02	9.609414e+00
2.030000e-06	8.578960e-03	9.852443e+00
2.040000e-06	1.246325e-02	1.003405e+01
2.050000e-06	2.379838e-02	1.031363e+01
2.060000e-06	1.074919e-02	1.050463e+01
2.070000e-06	-2.163949e-02	1.070663e+01
2.080000e-06	2.368074e-02	1.092773e+01
2.090000e-06	7.082507e-03	1.110616e+01
2.100000e-06	1.738285e-02	1.137875e+01
2.110000e-06	-1.207458e-02	1.158926e+01
2.120000e-06	2.283865e-02	1.179929e+01
2.130000e-06	1.611249e-02	1.194777e+01
2.140000e-06	1.501312e-02	1.219871e+01
2.150000e-06	-5.086338e-03	1.230656e+01
2.160000e-06	6.984416e-03	1.252723e+01
2.170000e-06	2.177266e-02	1.268608e+01
2.180000e-06	1.000127e-02	1.285247e+01
2.190000e-06	8.207210e-03	1.302232e+01
2.200000e-06	5.006236e-03	1.321976e+01
2.210000e-06	2.707877e-02	1.334616e+01
2.220000e-06	9.019904e-03	1.349300e+01
2.230000e-06	9.208980e-03	1.361190e+01
2.240000e-06	3.130105e-03	1.378724e+01
2.250000e-06	2.177991e-02	1.391463e+01
2.260000e-06	1.443495e-02	1.404398e+01
2.270000e-06	8.558597e-03	1.425786e+01
2.280000e-06	1.064650e-02	1.433758e+01
2.290000e-06	1.889928e-02	1.448295e+01
2.300000e-06	1.963765e-02	1.457774e+01
2.310000e-06	7.245837e-03	1.468300e+01
2.320000e-06	1.370922e-02	1.476569e+01
2.330000e-06	1.703463e-02	1.485999e+01
2.340000e-06	2.194128e-02	1.491609e+01
2.350000e-06	1.209738e-02	1.498977e+01
2.360000e-06	1.422461e-02	1.508248e+01
2.370000e-06	1.844515e-02	1.521613e+01
2.380000e-06	2.039530e-02	1.517985e+01
2.390000e-06	1.580027e-02	1.530450e+01
2.400000e-06	1.336301e-02	1.532559e+01
2.410000e-06	2.219780e-02	1.540066e+01
2.420000e-06	2.264839e-02	1.543134e+01
2.430000e-06	2.016908e-02	1.549142e+01
2.440000e-06	1.594254e-02	1.552453e+01
2.450000e-06	2.355256e-02	1.552501e+01
2.460000e-06	2.499972e-02	1.556564e+01
2.470000e-06	2.196912e-02	1.557664e+01
2.480000e-06	2.039902e-02	1.557771e+01
2.490000e-06	2.396062e-02	1.559932e+01
2.500000e-06	2.941637e-02	1.560672e+01
2.510000e-06	2.543012e-02	1.558869e+01
2.520000e-06	2.507486e-02	1.556616e+01
2.530000e-06	2.849760e-02	1.556611e+01
2.540000e-06	3.527553e-02	1.555509e+01
2.550000e-06	3.234780e-02	1.549411e+01
2.560000e-06	3.023107e-02	1.547138e+01
2.570000e-06	3.367407e-02	1.544119e+01
2.580000e-06	3.836859e-02	1.539614e+01
2.590000e-06	3.947955e-02	1.533451e+01
2.600000e-06	3.695963e-02	1.531040e+01
2.610000e-06	4.160593e-02	1.520824e+01
2.620000e-06	4.590879e-02	1.513511e+01
2.630000e-06	4.885933e-02	1.509190e+01
2.640000e-06	4.670839e-02	1.499817e+01
2.650000e-06	5.134639e-02	1.491204e+01
2.660000e-06	5.782540e-02	1.483037e+01
2.670000e-06	5.997114e-02	1.470449e+01
2.680000e-06	5.973509e-02	1.462772e+01
2.690000e-06	6.005536e-02	1.456448e+01
2.700000e-06	6.592956e-02	1.442679e+01
2.710000e-06	6.528713e-02	1.430293e+01
2.720000e-06	6.534101e-02	1.416569e+01
2.730000e-06	6.208304e-02	1.404885e+01
2.740000e-06	6.542151e-02	1.389390e+01
2.750000e-06	6.190604e-02	1.375559e+01
2.760000e-06	5.848271e-02	1.360624e+01
2.770000e-06	5.377754e-02	1.348085e+01
2.780000e-06	5.364371e-02	1.333303e+01
2.790000e-06	5.050021e-02	1.315521e+01
2.800000e-06	4.782737e-02	1.298822e+01
2.810000e-06	4.002425e-02	1.282930e+01
2.820000e-06	4.236909e-02	1.266091e+01
2.830000e-06	3.751501e-02	1.254253e+01
2.840000e-06	3.671003e-02	1.233416e+01
2.850000e-06	3.093016e-02	1.216606e+01
2.860000e-06	3.293123e-02	1.197672e+01
2.870000e-06	2.797235e-02	1.176559e+01
2.880000e-06	2.492432e-02	1.155510e+01
2.890000e-06	1.998937e-02	1.137172e+01
2.900000e-06	2.040887e-02	1.112506e+01
2.910000e-06	2.053025e-02	1.092214e+01
2.920000e-06	1.935457e-02	1.075301e+01
2.930000e-06	1.812675e-02	1.052351e+01
2.940000e-06	1.649842e-02	1.032153e+01
2.950000e-06	1.743560e-02	1.010890e+01
2.960000e-06	1.081013e-02	9.797248e+00
2.970000e-06	1.023155e-02	9.616747e+00
2.980000e-06	7.561913e-03	9.415793e+00
2.990000e-06	1.063757e-02	9.145594e+00
3.000000e-06	8.426026e-03	8.923536e+00
3.010000e-06	8.307364e-03	8.681381e+00
3.020000e-06	8.403566e-03	8.448929e+00
3.030000e-06	8.671132e-03	8.198822e+00
3.040000e-06	6.731245e-03	7.934664e+00
3.050000e-06	3.465920e-03	7.681006e+00
3.060000e-06	3.966649e-03	7.428802e+00
3.070000e-06	2.225519e-03	7.134669e+00
3.080000e-06	4.001545e-03	6.901033e+00
3.090000e-06	1.516637e-03	6.637780e+00
3.100000e-06	3.562456e-03	6.373740e+00
3.110000e-06	2.417864e-03	6.091563e+00
3.120000e-06	2.707865e-03	5.859981e+00
3.130000e-06	9.274741e-04	5.575720e+00
3.140000e-06	-5.271109e-04	5.290059e+00
3.150000e-06	8.086877e-04	4.893267e+00
3.160000e-06	-6.363313e-04	4.629884e+00
3.170000e-06	-4.236159e-04	4.365722e+00
3.180000e-06	-2.398637e-03	4.033511e+00
3.190000e-06	-8.751307e-04	3.829328e+00
3.200000e-06	-1.198302e-03	3.544844e+00
3.210000e-06	-1.664137e-03	3.239511e+00
3.220000e-06	-2.718812e-03	2.977873e+00
3.230000e-06	-2.834875e-03	2.752165e+00
3.240000e-06	-2.240726e-03	2.406878e+00
3.250000e-06	-3.961230e-03	2.103713e+00
3.260000e-06	-4.764020e-03	1.879463e+00
3.270000e-06	-4.442078e-03	1.564669e+00
3.280000e-06	-3.100928e-03	1.268030e+00
3.290000e-06	-3.419062e-03	9.053479e-01
3.300000e-06	-4.327658e-03	6.404798e-01
3.310000e-06	-3.921698e-03	3.752719e-01
3.320000e-06	-1.765124e-03	1.093274e-02
3.330000e-06	4.304025e-03	-2.131242e-01
3.340000e-06	-1.209205e-03	-4.542805e-01
3.350000e-06	-2.429205e-03	-7.500175e-01
3.360000e-06	-4.033621e-03	-1.061573e+00
3.370000e-06	-1.720291e-03	-1.298384e+00
3.380000e-06	-5.132492e-03	-1.591046e+00
3.390000e-06	7.729193e-03	-1.802623e+00
3.400000e-06	5.921528e-02	-2.023702e+00
3.410000e-06	6.006534e-02	-2.381516e+00
3.420000e-06	-8.629141e-02	-2.719962e+00
3.430000e-06	-3.667271e-02	-3.138736e+00
3.440000e-06	-4.001054e-02	-3.390470e+00
3.450000e-06	-2.402275e-02	-3.593549e+00
3.460000e-06	-4.704029e-02	-3.876779e+00
3.470000e-06	1.394151e-01	-4.045682e+00
3.480000e-06	-1.457564e-01	-4.357287e+00
3.490000e-06	1.238089e-01	-4.590045e+00
3.500000e-06	1.386636e-02	-4.846124e+00
3.510000e-06	-1.128260e-01	-5.222020e+00
3.520000e-06	9.304466e-02	-5.505178e+00
3.530000e-06	-1.692635e-01	-5.771465e+00
3.540000e-06	1.371670e-01	-6.013103e+00
3.550000e-06	-5.581455e-02	-6.317726e+00
3.560000e-06	-1.430102e-02	-6.612019e+00
3.570000e-06	7.600100e-02	-6.812501e+00
3.580000e-06	-1.047614e-01	-7.160412e+00
3.590000e-06	7.366610e-02	-7.360522e+00
3.600000e-06	-1.070536e-01	-7.647775e+00
3.610000e-06	4.991934e-02	-7.959967e+00
3.620000e-06	9.190283e-04	-8.212916e+00
3.630000e-06	-4.376038e-02	-8.512652e+00
3.640000e-06	6.939860e-02	-8.716278e+00
3.650000e-06	-1.063616e-01	-8.981338e+00
3.660000e-06	7.204226e-02	-9.176839e+00
3.670000e-06	-8.152564e-02	-9.452415e+00
3.680000e-06	3.988288e-02	-9.673628e+00
3.690000e-06	-3.338901e-02	-9.875145e+00
3.700000e-06	1.167567e-03	-1.012618e+01
3.710000e-06	1.049417e-02	-1.033613e+01
3.720000e-06	-5.130436e-02	-1.057786e+01
3.730000e-06	2.799893e-02	-1.073831e+01
3.740000e-06	-6.048833e-02	-1.097973e+01
3.750000e-06	3.857312e-02	-1.121934e+01
3.760000e-06	-5.569729e-02	-1.136079e+01
3.770000e-06	2.772596e-02	-1.159037e+01
3.780000e-06	-3.770318e-02	-1.181134e+01
3.790000e-06	1.003035e-02	-1.202189e+01
3.800000e-06	-3.257479e-02	-1.222039e+01
3.810000e-06	-1.165209e-02	-1.238982e+01
3.820000e-06	-1.031775e-02	-1.258821e+01
3.830000e-06	-1.844018e-02	-1.275726e+01
3.840000e-06	-3.792369e-03	-1.290425e+01
3.850000e-06	-2.954917e-02	-1.305202e+01
3.860000e-06	4.947764e-03	-1.320094e+01
3.870000e-06	-3.169841e-02	-1.340979e+01
3.880000e-06	-1.678431e-03	-1.352476e+01
3.890000e-06	-3.458260e-02	-1.366407e+01
3.900000e-06	-1.914438e-03	-1.381037e+01
3.910000e-06	-2.508821e-02	-1.395623e+01
3.920000e-06	-9.698950e-03	-1.411400e+01
3.930000e-06	-2.462709e-02	-1.423129e+01
3.940000e-06	-1.386589e-02	-1.434818e+01
3.950000e-06	-1.796268e-02	-1.446294e+01
3.960000e-06	-2.135781e-02	-1.457974e+01
3.970000e-06	-2.042453e-02	-1.467350e+01
3.980000e-06	-2.175729e-02	-1.477569e+01
3.990000e-06	-1.524873e-02	-1.490049e+01
4.000000e-06	-2.404651e-02	-1.495468e+01
4.010000e-06	-2.066403e-02	-1.503875e+01
4.020000e-06	-2.452186e-02	-1.510405e+01
4.030000e-06	-1.770770e-02	-1.514021e+01
4.040000e-06	-2.520867e-02	-1.523090e+01
4.050000e-06	-2.280100e-02	-1.526508e+01
4.060000e-06	-2.672639e-02	-1.539674e+01
4.070000e-06	-1.961509e-02	-1.540774e+01
4.080000e-06	-2.721919e-02	-1.544040e+01
4.090000e-06	-2.585822e-02	-1.547500e+01
4.100000e-06	-2.830614e-02	-1.551503e+01
4.110000e-06	-2.476969e-02	-1.554658e+01
4.120000e-06	-2.636599e-02	-1.557776e+01
4.130000e-06	-3.001723e-02	-1.556821e+01
4.140000e-06	-2.928755e-02	-1.562874e+01
4.150000e-06	-3.036593e-02	-1.562834e+01
4.160000e-06	-3.002938e-02	-1.563632e+01
4.170000e-06	-3.517426e-02	-1.556671e+01
4.180000e-06	-3.459283e-02	-1.559713e+01
4.190000e-06	-3.469692e-02	-1.552463e+01
4.200000e-06	-3.501102e-02	-1.551558e+01
4.210000e-06	-3.916178e-02	-1.546393e+01
4.220000e-06	-4.153517e-02	-1.545933e+01
4.230000e-06	-4.080786e-02	-1.539787e+01
4.240000e-06	-4.128895e-02	-1.537569e+01
4.250000e-06	-4.470586e-02	-1.533395e+01
4.260000e-06	-4.720311e-02	-1.528045e+01
4.270000e-06	-4.875311e-02	-1.519569e+01
4.280000e-06	-4.884245e-02	-1.514355e+01
4.290000e-06	-5.351107e-02	-1.505837e+01
4.300000e-06	-5.813551e-02	-1.498619e+01
4.310000e-06	-6.046795e-02	-1.496245e+01
4.320000e-06	-6.038109e-02	-1.482825e+01
4.330000e-06	-6.327719e-02	-1.473458e+01
4.340000e-06	-6.906033e-02	-1.460877e+01
4.350000e-06	-6.983998e-02	-1.451051e+01
4.360000e-06	-7.010796e-02	-1.438829e+01
4.370000e-06	-7.054098e-02	-1.426095e+01
4.380000e-06	-7.285753e-02	-1.415262e+01
4.390000e-06	-7.172242e-02	-1.402974e+01
4.400000e-06	-6.812988e-02	-1.389145e+01
4.410000e-06	-6.614743e-02	-1.374416e+01
4.420000e-06	-6.633192e-02	-1.360729e+01
4.430000e-06	-6.376366e-02	-1.341880e+01
4.440000e-06	-5.822972e-02	-1.329195e+01
4.450000e-06	-5.464971e-02	-1.313406e+01
4.460000e-06	-5.359886e-02	-1.300672e+01
4.470000e-06	-5.116045e-02	-1.282840e+01
4.480000e-06	-4.723836e-02	-1.267190e+01
4.490000e-06	-4.301049e-02	-1.247196e+01
4.500000e-06	-4.203147e-02	-1.233356e+01
4.510000e-06	-4.152316e-02	-1.214501e+01
4.520000e-06	-3.763592e-02	-1.195506e+01
4.530000e-06	-3.381840e-02	-1.177209e+01
4.540000e-06	-3.262210e-02	-1.149096e+01
4.550000e-06	-3.244734e-02	-1.128196e+01
4.560000e-06	-2.961818e-02	-1.105043e+01
4.570000e-06	-2.542819e-02	-1.089938e+01
4.580000e-06	-2.529231e-02	-1.066093e+01
4.590000e-06	-2.602782e-02	-1.048051e+01
4.600000e-06	-2.436359e-02	-1.022938e+01
4.610000e-06	-2.119430e-02	-9.987302e+00
4.620000e-06	-1.975800e-02	-9.827769e+00
4.630000e-06	-2.107199e-02	-9.625722e+00
4.640000e-06	-2.063306e-02	-9.353635e+00
4.650000e-06	-1.650438e-02	-9.093640e+00
4.660000e-06	-1.530061e-02	-8.901536e+00
4.670000e-06	-1.635479e-02	-8.587377e+00
4.680000e-06	-1.696406e-02	-8.386297e+00
4.690000e-06	-1.445473e-02	-8.125694e+00
4.700000e-06	-1.169762e-02	-7.912461e+00
4.710000e-06	-1.431074e-02	-7.638371e+00
4.720000e-06	-1.394049e-02	-7.377216e+00
4.730000e-06	-1.216155e-02	-7.100961e+00
4.740000e-06	-9.342321e-03	-6.848855e+00
4.750000e-06	-1.168209e-02	-6.585348e+00
4.760000e-06	-1.132037e-02	-6.320439e+00
4.770000e-06	-1.122106e-02	-6.050452e+00
4.780000e-06	-7.452000e-03	-5.786748e+00
4.790000e-06	-9.134764e-03	-5.503508e+00
4.800000e-06	-9.162536e-03	-5.195850e+00
4.810000e-06	-1.068440e-02	-4.930487e+00
4.820000e-06	-4.710641e-03	-4.615823e+00
4.830000e-06	-6.960250e-03	-4.355191e+00
4.840000e-06	-8.153230e-03	-4.091542e+00
4.850000e-06	-9.646481e-03	-3.824303e+00
4.860000e-06	-6.166687e-03	-3.541639e+00
4.870000e-06	-6.136988e-03	-3.239932e+00
4.880000e-06	-5.973503e-03	-2.924693e+00
4.890000e-06	-6.914328e-03	-2.640562e+00
4.900000e-06	-3.187645e-03	-2.398875e+00
4.910000e-06	-3.464130e-03	-2.090611e+00
4.920000e-06	-5.266352e-03	-1.808979e+00
4.930000e-06	-7.863776e-03	-1.483192e+00
4.940000e-06	-5.562544e-03	-1.176852e+00
4.950000e-06	-2.702945e-03	-9.036893e-01
4.960000e-06	-4.037165e-03	-5.999572e-01
4.970000e-06	-2.928660e-03	-3.142643e-01
4.980000e-06	1.786116e-04	-8.201024e-02
4.990000e-06	1.154970e-02	2.652518e-01
5.000000e-06	-1.064494e-03	4.963371e-01
5.010000e-06	1.283850e-03	7.629675e-01
5.020000e-06	-2.422160e-03	1.056782e+00
5.030000e-06	5.099803e-03	1.359437e+00
5.040000e-06	8.475893e-04	1.657853e+00
5.050000e-06	8.317709e-03	1.917810e+00
5.060000e-06	3.440658e-02	2.140416e+00
5.070000e-06	8.626325e-02	2.496257e+00
5.080000e-06	-4.376818e-02	2.864102e+00
5.090000e-06	-5.192513e-02	3.120361e+00
5.100000e-06	-3.960710e-02	3.361594e+00
5.110000e-06	1.151137e-02	3.695229e+00
5.120000e-06	-4.289961e-02	3.885280e+00
5.130000e-06	-2.310539e-02	4.055657e+00
5.140000e-06	1.016125e-01	4.382937e+00
5.150000e-06	-6.500370e-02	4.705308e+00
5.160000e-06	1.209883e-01	4.949883e+00
5.170000e-06	-3.199424e-02	5.276279e+00
5.180000e-06	-5.246882e-02	5.568887e+00
5.190000e-06	5.339045e-02	5.875123e+00
5.200000e-06	-3.834476e-02	6.116787e+00
5.210000e-06	5.241086e-02	6.348886e+00
5.220000e-06	-4.719639e-02	6.654525e+00
5.230000e-06	2.836995e-02	6.936233e+00
5.240000e-06	4.423051e-02	7.151363e+00
5.250000e-06	-2.641153e-02	7.424548e+00
5.260000e-06	-1.034816e-02	7.748737e+00
5.270000e-06	-2.109686e-02	8.025519e+00
5.280000e-06	7.052408e-02	8.286179e+00
5.290000e-06	-1.094832e-02	8.505129e+00
5.300000e-06	-1.748733e-02	8.708209e+00
5.310000e-06	2.887210e-02	9.040264e+00
5.320000e-06	-7.747750e-03	9.200471e+00
5.330000e-06	3.215747e-02	9.442972e+00
5.340000e-06	-3.325346e-02	9.675101e+00
5.350000e-06	2.465369e-02	9.906178e+00
5.360000e-06	1.023355e-02	1.018568e+01
5.370000e-06	2.969771e-02	1.035579e+01
5.380000e-06	-8.753781e-03	1.059883e+01
5.390000e-06	-1.252628e-02	1.083144e+01
5.400000e-06	2.958086e-02	1.100089e+01
5.410000e-06	3.316013e-03	1.118989e+01
5.420000e-06	1.483495e-02	1.140031e+01
5.430000e-06	-1.366251e-02	1.162295e+01
5.440000e-06	3.359868e-02	1.185158e+01
5.450000e-06	1.048815e-02	1.205147e+01
5.460000e-06	1.064433e-02	1.222939e+01
5.470000e-06	-7.736024e-03	1.241095e+01
5.480000e-06	1.454641e-02	1.259877e+01
5.490000e-06	2.264591e-02	1.276773e+01
5.500000e-06	4.827119e-03	1.293566e+01
5.510000e-06	7.024047e-03	1.306495e+01
5.520000e-06	9.964232e-03	1.326454e+01
5.530000e-06	2.884279e-02	1.342084e+01
5.540000e-06	4.963570e-03	1.353715e+01
5.550000e-06	5.103746e-03	1.371300e+01
5.560000e-06	9.344789e-03	1.382024e+01
5.570000e-06	2.390504e-02	1.396974e+01
5.580000e-06	1.364588e-02	1.411565e+01
5.590000e-06	4.724979e-03	1.427194e+01
5.600000e-06	1.557637e-02	1.439874e+01
5.610000e-06	2.120209e-02	1.447450e+01
5.620000e-06	1.795176e-02	1.461931e+01
5.630000e-06	4.316957e-03	1.472406e+01
5.640000e-06	1.416370e-02	1.475734e+01
5.650000e-06	2.197148e-02	1.486455e+01
5.660000e-06	2.013132e-02	1.493574e+01
5.670000e-06	1.075722e-02	1.504035e+01
5.680000e-06	1.152131e-02	1.512550e+01
5.690000e-06	2.280291e-02	1.519774e+01
5.700000e-06	2.043221e-02	1.526082e+01
5.710000e-06	1.371908e-02	1.531352e+01
5.720000e-06	1.231664e-02	1.537611e+01
5.730000e-06	2.444447e-02	1.540933e+01
5.740000e-06	2.427603e-02	1.542135e+01
5.750000e-06	1.711427e-02	1.549453e+01
5.760000e-06	1.689270e-02	1.553411e+01
5.770000e-06	2.417455e-02	1.554411e+01
5.780000e-06	2.680541e-02	1.560666e+01
5.790000e-06	1.972897e-02	1.562876e+01
5.800000e-06	2.080548e-02	1.559819e+01
5.810000e-06	2.441525e-02	1.564724e+01
5.820000e-06	2.996495e-02	1.557866e+01
5.830000e-06	2.628001e-02	1.561921e+01
5.840000e-06	2.627894e-02	1.556666e+01
5.850000e-06	3.143225e-02	1.558461e+01
5.860000e-06	3.502481e-02	1.553498e+01
5.870000e-06	3.285932e-02	1.551248e+01
5.880000e-06	2.934981e-02	1.546079e+01
5.890000e-06	3.496976e-02	1.543875e+01
5.900000e-06	3.906999e-02	1.537554e+01
5.910000e-06	3.956747e-02	1.530400e+01
5.920000e-06	3.845696e-02	1.528132e+01
5.930000e-06	4.189195e-02	1.524667e+01
5.940000e-06	4.839532e-02	1.511353e+01
5.950000e-06	4.852011e-02	1.503975e+01
5.960000e-06	4.819234e-02	1.501462e+01
5.970000e-06	5.134640e-02	1.489038e+01
5.980000e-06	5.818855e-02	1.479725e+01
5.990000e-06	6.164089e-02	1.469048e+01
6.000000e-06	6.089729e-02	1.457777e+01
6.010000e-06	6.259680e-02	1.452190e+01
6.020000e-06	6.565659e-02	1.437714e+01
6.030000e-06	6.707632e-02	1.425080e+01
6.040000e-06	6.325468e-02	1.411149e+01
6.050000e-06	6.262004e-02	1.397722e+01
6.060000e-06	6.283797e-02	1.386130e+01
6.070000e-06	6.354912e-02	1.371143e+01
6.080000e-06	5.708939e-02	1.353706e+01
6.090000e-06	5.318582e-02	1.341725e+01
6.100000e-06	5.115327e-02	1.326988e+01
6.110000e-06	5.109729e-02	1.311348e+01
6.120000e-06	4.539512e-02	1.296456e+01
6.130000e-06	4.153034e-02	1.276771e+01
6.140000e-06	3.898270e-02	1.260772e+01
6.150000e-06	3.883810e-02	1.245845e+01
6.160000e-06	3.435156e-02	1.226180e+01
6.170000e-06	2.961722e-02	1.210198e+01
6.180000e-06	2.868759e-02	1.193193e+01
6.190000e-06	2.754792e-02	1.174193e+01
6.200000e-06	2.577255e-02	1.149233e+01
6.210000e-06	2.197143e-02	1.129141e+01
6.220000e-06	2.065911e-02	1.108038e+01
6.230000e-06	2.055001e-02	1.083841e+01
6.240000e-06	1.891760e-02	1.064935e+01
6.250000e-06	1.571576e-02	1.044837e+01
6.260000e-06	1.361952e-02	1.020874e+01
6.270000e-06	1.505724e-02	1.001467e+01
6.280000e-06	1.401130e-02	9.744664e+00
6.290000e-06	1.135845e-02	9.495009e+00
6.300000e-06	8.456508e-03	9.281489e+00
6.310000e-06	9.110199e-03	9.019432e+00
6.320000e-06	9.774320e-03	8.837376e+00
6.330000e-06	7.534732e-03	8.576700e+00
6.340000e-06	6.595849e-03	8.354619e+00
6.350000e-06	5.216686e-03	8.103034e+00
6.360000e-06	7.143681e-03	7.870354e+00
6.370000e-06	4.643556e-03	7.544197e+00
6.380000e-06	3.049495e-03	7.291989e+00
6.390000e-06	1.883740e-03	7.028930e+00
6.400000e-06	4.388649e-03	6.796850e+00
6.410000e-06	2.890882e-03	6.523035e+00
6.420000e-06	1.741314e-03	6.261480e+00
6.430000e-06	1.009776e-03	6.017801e+00
6.440000e-06	2.227256e-03	5.745590e+00
6.450000e-06	2.121910e-03	5.479484e+00
6.460000e-06	-8.714405e-04	5.155220e+00
6.470000e-06	-1.253658e-03	4.848877e+00
6.480000e-06	-3.790345e-05	4.563144e+00
6.490000e-06	1.545305e-04	4.301541e+00
6.500000e-06	-1.628816e-03	3.965223e+00
6.510000e-06	-2.742846e-03	3.752163e+00
6.520000e-06	-2.200667e-03	3.449385e+00
6.530000e-06	-1.046423e-03	3.152771e+00
6.540000e-06	-3.267654e-03	2.922009e+00
6.550000e-06	-4.158349e-03	2.576828e+00
6.560000e-06	-2.889566e-03	2.292088e+00
6.570000e-06	-2.684227e-03	2.029031e+00
6.580000e-06	-3.669620e-03	1.776772e+00
6.590000e-06	-4.664950e-03	1.420957e+00
6.600000e-06	-4.969313e-03	1.113199e+00
6.610000e-06	-3.438808e-03	7.878771e-01
6.620000e-06	-3.499821e-03	5.252428e-01
6.630000e-06	-4.285210e-03	2.589873e-01
6.640000e-06	-2.687612e-03	-7.370416e-02
6.650000e-06	8.439076e-03	-3.278109e-01
6.660000e-06	-4.951252e-03	-5.924914e-01
6.670000e-06	-5.175795e-04	-8.547318e-01
6.680000e-06	-8.745711e-03	-1.136887e+00
6.690000e-06	-3.630555e-05	-1.483625e+00
6.700000e-06	-3.428871e-03	-1.706257e+00
6.710000e-06	1.835997e-02	-1.937265e+00
6.720000e-06	9.123476e-02	-2.151865e+00
6.730000e-06	-1.551821e-02	-2.528885e+00
6.740000e-06	-6.672436e-02	-2.908831e+00
6.750000e-06	-4.428018e-02	-3.273204e+00
6.760000e-06	-2.224609e-02	-3.505806e+00
6.770000e-06	-5.668578e-02	-3.700910e+00
6.780000e-06	4.157702e-02	-3.969365e+00
6.790000e-06	6.672356e-02	-4.159390e+00
6.800000e-06	-1.346797e-01	-4.463650e+00
6.810000e-06	1.957483e-01	-4.735807e+00
6.820000e-06	-1.342266e-01	-4.951934e+00
6.830000e-06	2.549213e-02	-5.348859e+00
6.840000e-06	-1.747200e-02	-5.578458e+00
6.850000e-06	-9.786149e-02	-5.905233e+00
6.860000e-06	1.489974e-01	-6.147712e+00
6.870000e-06	-1.305059e-01	-6.442544e+00
6.880000e-06	9.168653e-02	-6.717206e+00
6.890000e-06	-3.191450e-02	-7.009434e+00
6.900000e-06	-3.492867e-02	-7.304603e+00
6.910000e-06	3.762242e-02	-7.486751e+00
6.920000e-06	-1.068627e-01	-7.831964e+00
6.930000e-06	1.010818e-01	-8.074629e+00
6.940000e-06	-8.035433e-02	-8.247228e+00
6.950000e-06	4.907795e-02	-8.609816e+00
6.960000e-06	-1.714441e-02	-8.790987e+00
6.970000e-06	-5.046325e-02	-9.052101e+00
6.980000e-06	4.568615e-02	-9.223553e+00
6.990000e-06	-8.166731e-02	-9.515734e+00
7.000000e-06	6.617095e-02	-9.746262e+00
7.010000e-06	-7.685607e-02	-9.947813e+00
7.020000e-06	5.762479e-02	-1.020876e+01
7.030000e-06	-5.226814e-02	-1.043096e+01
7.040000e-06	7.767435e-03	-1.066097e+01
7.050000e-06	-2.555620e-02	-1.082140e+01
7.060000e-06	-1.897633e-02	-1.104249e+01
7.070000e-06	1.014190e-02	-1.127252e+01
7.080000e-06	-3.766362e-02	-1.146513e+01
7.090000e-06	1.976827e-02	-1.171363e+01
7.100000e-06	-4.178186e-02	-1.190557e+01
7.110000e-06	1.909737e-02	-1.212560e+01
7.120000e-06	-4.812574e-02	-1.224400e+01
7.130000e-06	8.899184e-03	-1.250253e+01
7.140000e-06	-3.467646e-02	-1.265017e+01
7.150000e-06	4.315209e-03	-1.281187e+01
7.160000e-06	-2.573358e-02	-1.298781e+01
7.170000e-06	-7.754631e-03	-1.311616e+01
7.180000e-06	-1.552291e-02	-1.326297e+01
7.190000e-06	-1.816283e-02	-1.346134e+01
7.200000e-06	-1.238932e-02	-1.354734e+01
7.210000e-06	-2.792054e-02	-1.372523e+01
7.220000e-06	-7.123581e-03	-1.384302e+01
7.230000e-06	-2.681206e-02	-1.401874e+01
7.240000e-06	-5.809152e-03	-1.416608e+01
7.250000e-06	-2.690437e-02	-1.429192e+01
7.260000e-06	-1.084701e-02	-1.442978e+01
7.270000e-06	-2.565967e-02	-1.452710e+01
7.280000e-06	-1.479720e-02	-1.461739e+01
7.290000e-06	-2.368152e-02	-1.468303e+01
7.300000e-06	-1.774662e-02	-1.484929e+01
7.310000e-06	-2.031517e-02	-1.492353e+01
7.320000e-06	-1.868503e-02	-1.499871e+01
7.330000e-06	-2.245300e-02	-1.505140e+01
7.340000e-06	-2.300541e-02	-1.513513e+01
7.350000e-06	-2.270946e-02	-1.521779e+01
7.360000e-06	-2.260514e-02	-1.524195e+01
7.370000e-06	-2.218921e-02	-1.529456e+01
7.380000e-06	-2.543412e-02	-1.538623e+01
7.390000e-06	-2.145961e-02	-1.542827e+01
7.400000e-06	-2.726285e-02	-1.548257e+01
7.410000e-06	-2.351403e-02	-1.549143e+01
7.420000e-06	-3.017799e-02	-1.551508e+01
7.430000e-06	-2.530658e-02	-1.556568e+01
7.440000e-06	-2.820481e-02	-1.558816e+01
7.450000e-06	-2.770570e-02	-1.558772e+01
7.460000e-06	-3.069687e-02	-1.558826e+01
7.470000e-06	-3.145714e-02	-1.559926e+01
7.480000e-06	-3.101588e-02	-1.559722e+01
7.490000e-06	-3.308431e-02	-1.559919e+01
7.500000e-06	-3.477649e-02	-1.556469e+01
7.510000e-06	-3.694479e-02	-1.556609e+01
7.520000e-06	-3.675936e-02	-1.547348e+01
7.530000e-06	-3.768363e-02	-1.548253e+01
7.540000e-06	-3.981364e-02	-1.542983e+01
7.550000e-06	-4.283408e-02	-1.538676e+01
7.560000e-06	-4.284879e-02	-1.533566e+01
7.570000e-06	-4.354447e-02	-1.529355e+01
7.580000e-06	-4.606228e-02	-1.526985e+01
7.590000e-06	-5.038249e-02	-1.515621e+01
7.600000e-06	-5.197443e-02	-1.512295e+01
7.610000e-06	-5.414383e-02	-1.502934e+01
7.620000e-06	-5.588366e-02	-1.497464e+01
7.630000e-06	-6.110868e-02	-1.492040e+01
7.640000e-06	-6.349512e-02	-1.477567e+01
7.650000e-06	-6.468521e-02	-1.468146e+01
7.660000e-06	-6.708202e-02	-1.461719e+01
7.670000e-06	-7.000779e-02	-1.447050e+01
7.680000e-06	-7.173313e-02	-1.436454e+01
7.690000e-06	-7.028971e-02	-1.426932e+01
7.700000e-06	-7.103719e-02	-1.409243e+01
7.710000e-06	-7.118609e-02	-1.397569e+01
7.720000e-06	-7.022820e-02	-1.381775e+01
7.730000e-06	-6.626013e-02	-1.370093e+01
7.740000e-06	-6.406660e-02	-1.353358e+01
7.750000e-06	-6.201581e-02	-1.342722e+01
7.760000e-06	-5.962443e-02	-1.326040e+01
7.770000e-06	-5.511232e-02	-1.312298e+01
7.780000e-06	-5.120098e-02	-1.295359e+01
7.790000e-06	-4.893555e-02	-1.276619e+01
7.800000e-06	-4.681459e-02	-1.260919e+01
7.810000e-06	-4.336831e-02	-1.243832e+01
7.820000e-06	-4.092879e-02	-1.226888e+01
7.830000e-06	-3.910585e-02	-1.206048e+01
7.840000e-06	-3.814061e-02	-1.188243e+01
7.850000e-06	-3.418583e-02	-1.168136e+01
7.860000e-06	-3.087240e-02	-1.143770e+01
7.870000e-06	-2.923997e-02	-1.120572e+01
7.880000e-06	-2.799339e-02	-1.099670e+01
7.890000e-06	-2.689197e-02	-1.082675e+01
7.900000e-06	-2.423209e-02	-1.060635e+01
7.910000e-06	-2.414674e-02	-1.043618e+01
7.920000e-06	-2.341797e-02	-1.017371e+01
7.930000e-06	-2.227464e-02	-9.954116e+00
7.940000e-06	-1.941519e-02	-9.712560e+00
7.950000e-06	-1.871947e-02	-9.511963e+00
7.960000e-06	-1.842425e-02	-9.249831e+00
7.970000e-06	-1.740822e-02	-9.009853e+00
7.980000e-06	-1.481131e-02	-8.826277e+00
7.990000e-06	-1.560384e-02	-8.544692e+00
8.000000e-06	-1.564381e-02	-8.302585e+00
8.010000e-06	-1.635490e-02	-8.089011e+00
8.020000e-06	-1.282499e-02	-7.795248e+00
8.030000e-06	-1.250744e-02	-7.503615e+00
8.040000e-06	-1.193348e-02	-7.259407e+00
8.050000e-06	-1.178772e-02	-6.987820e+00
8.060000e-06	-9.806999e-03	-6.762615e+00
8.070000e-06	-9.145793e-03	-6.500088e+00
8.080000e-06	-1.098706e-02	-6.216852e+00
8.090000e-06	-1.178665e-02	-5.944745e+00
8.100000e-06	-9.799169e-03	-5.670111e+00
8.110000e-06	-9.596828e-03	-5.406672e+00
8.120000e-06	-8.996321e-03	-5.069054e+00
8.130000e-06	-9.433554e-03	-4.744197e+00
8.140000e-06	-6.296674e-03	-4.472013e+00
8.150000e-06	-7.264634e-03	-4.261084e+00
8.160000e-06	-6.671439e-03	-3.966300e+00
8.170000e-06	-8.803953e-03	-3.670565e+00
8.180000e-06	-6.411488e-03	-3.368932e+00
8.190000e-06	-6.663630e-03	-3.163719e+00
8.200000e-06	-5.447212e-03	-2.828955e+00
8.210000e-06	-6.840511e-03	-2.585851e+00
8.220000e-06	-5.010070e-03	-2.301090e+00
8.230000e-06	-3.674489e-03	-1.994847e+00
8.240000e-06	-4.260411e-03	-1.723141e+00
8.250000e-06	-5.308957e-03	-1.405931e+00
8.260000e-06	-4.793181e-03	-1.101565e+00
8.270000e-06	-4.235900e-03	-7.984787e-01
8.280000e-06	-3.190553e-03	-4.731391e-01
8.290000e-06	-2.929715e-03	-2.195052e-01
8.300000e-06	1.661052e-03	4.475416e-02
8.310000e-06	8.905647e-03	3.615172e-01
8.320000e-06	-3.783239e-04	6.110475e-01
8.330000e-06	4.057264e-03	8.358290e-01
8.340000e-06	-2.056217e-03	1.212044e+00
8.350000e-06	5.071704e-03	1.425757e+00
8.360000e-06	-6.277387e-04	1.761044e+00
8.370000e-06	1.661946e-02	1.961047e+00
8.380000e-06	5.545811e-02	2.266699e+00
8.390000e-06	5.565235e-02	2.613594e+00
8.400000e-06	-6.813450e-02	2.928913e+00
8.410000e-06	-4.344635e-02	3.173051e+00
8.420000e-06	-2.271572e-02	3.537358e+00
8.430000e-06	3.330138e-03	3.739486e+00
8.440000e-06	-5.520817e-02	3.929787e+00
8.450000e-06	3.090000e-02	4.200437e+00
8.460000e-06	6.158631e-02	4.495735e+00
8.470000e-06	-4.902748e-02	4.748341e+00
8.480000e-06	1.406720e-01	5.084199e+00
8.490000e-06	-1.103391e-01	5.413495e+00
8.500000e-06	2.528223e-02	5.635072e+00
8.510000e-06	1.012837e-02	5.957784e+00
8.520000e-06	-1.226895e-02	6.192442e+00
8.530000e-06	3.905590e-02	6.435524e+00
8.540000e-06	-5.882969e-02	6.739387e+00
8.550000e-06	7.343840e-02	7.031470e+00
8.560000e-06	-7.281234e-03	7.295054e+00
8.570000e-06	-4.876841e-03	7.548864e+00
8.580000e-06	-2.952556e-02	7.884550e+00
8.590000e-06	2.241503e-02	8.126708e+00
8.600000e-06	5.129813e-02	8.348341e+00
8.610000e-06	-3.653013e-02	8.610839e+00
8.620000e-06	1.475818e-02	8.800920e+00
8.630000e-06	6.605666e-03	9.094074e+00
8.640000e-06	1.289416e-02	9.336175e+00
8.650000e-06	5.124274e-03	9.487178e+00
8.660000e-06	-1.268116e-02	9.800788e+00
8.670000e-06	2.331160e-02	9.991939e+00
8.680000e-06	1.644866e-02	1.020192e+01
8.690000e-06	2.228763e-02	1.047297e+01
8.700000e-06	-2.153509e-02	1.067453e+01
8.710000e-06	8.903563e-03	1.086557e+01
8.720000e-06	1.684102e-02	1.109305e+01
8.730000e-06	9.908349e-03	1.128502e+01
8.740000e-06	-3.183781e-04	1.150598e+01
8.750000e-06	6.602588e-03	1.173616e+01
8.760000e-06	2.640414e-02	1.189708e+01
8.770000e-06	1.263962e-02	1.215660e+01
8.780000e-06	9.727537e-04	1.228393e+01
8.790000e-06	-1.038313e-03	1.246360e+01
8.800000e-06	1.987543e-02	1.267487e+01
8.810000e-06	1.498230e-02	1.282174e+01
8.820000e-06	5.403096e-03	1.299874e+01
8.830000e-06	5.897321e-03	1.313621e+01
8.840000e-06	2.097619e-02	1.332603e+01
8.850000e-06	1.705076e-02	1.342290e+01
8.860000e-06	6.990587e-03	1.358776e+01
8.870000e-06	4.118855e-03	1.378916e+01
8.880000e-06	1.831345e-02	1.391338e+01
8.890000e-06	1.753143e-02	1.403027e+01
8.900000e-06	9.786747e-03	1.416874e+01
8.910000e-06	7.342080e-03	1.437755e+01
8.920000e-06	1.753279e-02	1.440142e+01
8.930000e-06	1.925372e-02	1.451561e+01
8.940000e-06	1.221241e-02	1.459137e+01
8.950000e-06	1.224461e-02	1.476514e+01
8.960000e-06	1.653816e-02	1.484192e+01
8.970000e-06	2.275870e-02	1.491361e+01
8.980000e-06	1.352688e-02	1.499974e+01
8.990000e-06	1.306572e-02	1.507190e+01
9.000000e-06	1.407002e-02	1.517609e+01
9.010000e-06	2.139352e-02	1.524877e+01
9.020000e-06	1.728431e-02	1.529245e+01
9.030000e-06	1.441412e-02	1.535608e+01
9.040000e-06	1.865052e-02	1.543866e+01
9.050000e-06	2.298989e-02	1.542187e+01
9.060000e-06	2.144743e-02	1.546195e+01
9.070000e-06	1.485516e-02	1.555400e+01
9.080000e-06	2.092601e-02	1.554453e+01
9.090000e-06	2.385451e-02	1.554511e+01
9.100000e-06	2.476448e-02	1.556906e+01
9.110000e-06	1.981604e-02	1.558929e+01
9.120000e-06	2.322489e-02	1.558974e+01
9.130000e-06	2.806783e-02	1.557819e+01
9.140000e-06	2.747239e-02	1.558721e+01
9.150000e-06	2.596319e-02	1.556774e+01
9.160000e-06	2.599438e-02	1.555516e+01
9.170000e-06	3.340685e-02	1.550456e+01
9.180000e-06	3.279154e-02	1.553398e+01
9.190000e-06	3.225807e-02	1.549140e+01
9.200000e-06	3.227355e-02	1.546085e+01
9.210000e-06	3.727212e-02	1.538824e+01
9.220000e-06	3.893941e-02	1.537558e+01
9.230000e-06	3.826094e-02	1.531290e+01
9.240000e-06	3.967649e-02	1.525981e+01
9.250000e-06	4.351548e-02	1.518614e+01
9.260000e-06	4.836375e-02	1.510243e+01
9.270000e-06	4.795131e-02	1.503772e+01
9.280000e-06	5.095853e-02	1.494501e+01
9.290000e-06	5.496851e-02	1.486887e+01
9.300000e-06	5.900010e-02	1.474654e+01
9.310000e-06	6.084047e-02	1.469137e+01
9.320000e-06	6.025723e-02	1.456558e+01
9.330000e-06	6.550629e-02	1.444087e+01
9.340000e-06	6.540991e-02	1.431303e+01
9.350000e-06	6.720909e-02	1.421777e+01
9.360000e-06	6.242905e-02	1.408185e+01
9.370000e-06	6.492776e-02	1.392408e+01
9.380000e-06	6.151263e-02	1.379669e+01
9.390000e-06	6.161808e-02	1.364878e+01
9.400000e-06	5.460879e-02	1.352351e+01
9.410000e-06	5.425414e-02	1.335559e+01
9.420000e-06	5.125634e-02	1.320830e+01
9.430000e-06	4.847910e-02	1.304930e+01
9.440000e-06	4.457981e-02	1.291295e+01
9.450000e-06	4.150275e-02	1.268414e+01
9.460000e-06	3.973715e-02	1.257459e+01
9.470000e-06	3.624725e-02	1.236684e+01
9.480000e-06	3.219836e-02	1.220925e+01
9.490000e-06	2.992305e-02	1.200727e+01
9.500000e-06	2.799301e-02	1.181688e+01
9.510000e-06	2.618391e-02	1.164769e+01
9.520000e-06	2.362134e-02	1.138725e+01
9.530000e-06	2.215761e-02	1.116672e+01
9.540000e-06	2.182090e-02	1.096627e+01
9.550000e-06	1.890823e-02	1.077780e+01
9.560000e-06	1.790577e-02	1.056367e+01
9.570000e-06	1.605821e-02	1.033467e+01
9.580000e-06	1.536534e-02	1.012207e+01
9.590000e-06	1.366494e-02	9.892486e+00
9.600000e-06	1.269303e-02	9.679535e+00
9.610000e-06	1.046200e-02	9.447401e+00
9.620000e-06	1.057860e-02	9.237828e+00
9.630000e-06	8.677895e-03	9.024668e+00
9.640000e-06	8.192434e-03	8.733062e+00
9.650000e-06	7.407947e-03	8.513087e+00
9.660000e-06	7.164190e-03	8.291434e+00
9.670000e-06	7.194140e-03	8.016401e+00
9.680000e-06	4.617036e-03	7.766143e+00
9.690000e-06	4.486489e-03	7.489535e+00
9.700000e-06	3.578943e-03	7.197847e+00
9.710000e-06	2.671698e-03	6.936216e+00
9.720000e-06	2.267797e-03	6.672537e+00
9.730000e-06	1.820438e-03	6.397855e+00
9.740000e-06	2.838995e-03	6.187770e+00
9.750000e-06	2.315439e-03	5.913090e+00
9.760000e-06	1.431083e-03	5.650481e+00
9.770000e-06	6.157849e-04	5.344746e+00
9.780000e-06	-4.802698e-04	5.017412e+00
9.790000e-06	-5.886581e-04	4.713093e+00
9.800000e-06	-3.300465e-04	4.460004e+00
9.810000e-06	1.370416e-04	4.196773e+00
9.820000e-06	-1.487727e-03	3.861011e+00
9.830000e-06	-1.984180e-03	3.639357e+00
9.840000e-06	-2.464667e-03	3.305669e+00
9.850000e-06	-2.380935e-03	3.048984e+00
9.860000e-06	-3.892806e-03	2.797826e+00
9.870000e-06	-2.909038e-03	2.492010e+00
9.880000e-06	-2.897804e-03	2.188830e+00
9.890000e-06	-2.622189e-03	1.914693e+00
9.900000e-06	-3.597134e-03	1.618456e+00
9.910000e-06	-4.035142e-03	1.334295e+00
9.920000e-06	-4.415152e-03	1.008408e+00
9.930000e-06	-4.540228e-03	7.016916e-01
9.940000e-06	-3.962916e-03	4.299789e-01
9.950000e-06	-2.894963e-03	1.342979e-01
9.960000e-06	1.459238e-03	-1.399424e-01
9.970000e-06	5.643388e-03	-4.335488e-01
9.980000e-06	-4.859035e-03	-6.767569e-01
9.990000e-06	-1.500965e-03	-9.789646e-01
1.000000e-05	-5.052666e-03	-1.212676e+00
1.001000e-05	-2.343170e-03	-1.537862e+00
1.002000e-05	9.661049e-04	-1.769891e+00
1.003000e-05	3.552091e-02	-1.991050e+00
1.004000e-05	9.422616e-02	-2.276157e+00
1.005000e-05	-7.490721e-02	-2.665725e+00
1.006000e-05	-4.176095e-02	-3.034648e+00
1.007000e-05	-4.942522e-02	-3.358313e+00
1.008000e-05	-1.166063e-02	-3.578987e+00
1.009000e-05	-7.317651e-02	-3.844499e+00
1.010000e-05	1.263985e-01	-4.012048e+00
1.011000e-05	-6.883785e-02	-4.234672e+00
1.012000e-05	5.407938e-03	-4.549761e+00
1.013000e-05	1.311091e-01	-4.778965e+00
1.014000e-05	-1.714279e-01	-5.118210e+00
1.015000e-05	1.099421e-01	-5.453643e+00
1.016000e-05	-1.372940e-01	-5.686636e+00
1.017000e-05	5.016408e-02	-5.938961e+00
1.018000e-05	4.553611e-02	-6.262988e+00
1.019000e-05	-9.396186e-02	-6.525733e+00
1.020000e-05	1.195037e-01	-6.777915e+00
1.021000e-05	-1.069368e-01	-7.117198e+00
1.022000e-05	4.711235e-02	-7.339842e+00
1.023000e-05	-5.168645e-02	-7.601996e+00
1.024000e-05	-2.560468e-02	-7.897780e+00
1.025000e-05	6.947340e-02	-8.146386e+00
1.026000e-05	-9.309764e-02	-8.380395e+00
1.027000e-05	9.352144e-02	-8.673977e+00
1.028000e-05	-9.669530e-02	-8.895204e+00
1.029000e-05	3.816142e-02	-9.147808e+00
1.030000e-05	-3.363821e-02	-9.358211e+00
1.031000e-05	-1.333859e-02	-9.620515e+00
1.032000e-05	1.959963e-02	-9.812465e+00
1.033000e-05	-4.925185e-02	-1.004252e+01
1.034000e-05	5.067039e-02	-1.026342e+01
1.035000e-05	-7.541054e-02	-1.051368e+01
1.036000e-05	3.814317e-02	-1.070415e+01
1.037000e-05	-6.218279e-02	-1.091713e+01
1.038000e-05	2.926618e-02	-1.112775e+01
1.039000e-05	-3.506064e-02	-1.131518e+01
1.040000e-05	4.132929e-03	-1.154821e+01
1.041000e-05	-1.575739e-02	-1.178821e+01
1.042000e-05	-1.338377e-02	-1.196933e+01
1.043000e-05	-8.403570e-03	-1.216776e+01
1.044000e-05	-3.561862e-02	-1.230818e+01
1.045000e-05	5.213209e-03	-1.254715e+01
1.046000e-05	-3.192490e-02	-1.272555e+01
1.047000e-05	8.883778e-03	-1.288462e+01
1.048000e-05	-3.474407e-02	-1.301037e+01
1.049000e-05	5.418692e-03	-1.323881e+01
1.050000e-05	-3.122428e-02	-1.334618e+01
1.051000e-05	-4.318460e-03	-1.349393e+01
1.052000e-05	-3.070380e-02	-1.362184e+01
1.053000e-05	-1.189490e-02	-1.379676e+01
1.054000e-05	-1.914633e-02	-1.391498e+01
1.055000e-05	-1.543866e-02	-1.408297e+01
1.056000e-05	-1.644715e-02	-1.418866e+01
1.057000e-05	-2.080526e-02	-1.431403e+01
1.058000e-05	-1.330094e-02	-1.448349e+01
1.059000e-05	-2.411929e-02	-1.456823e+01
1.060000e-05	-1.613161e-02	-1.466192e+01
1.061000e-05	-2.551581e-02	-1.470771e+01
1.062000e-05	-1.428466e-02	-1.483137e+01
1.063000e-05	-2.377260e-02	-1.493555e+01
1.064000e-05	-1.768525e-02	-1.501926e+01
1.065000e-05	-2.513356e-02	-1.509290e+01
1.066000e-05	-1.789437e-02	-1.515622e+01
1.067000e-05	-2.489949e-02	-1.523084e+01
1.068000e-05	-2.043607e-02	-1.527292e+01
1.069000e-05	-2.529003e-02	-1.534668e+01
1.070000e-05	-2.169541e-02	-1.537869e+01
1.071000e-05	-2.501778e-02	-1.543987e+01
1.072000e-05	-2.662406e-02	-1.547245e+01
1.073000e-05	-2.612486e-02	-1.549348e+01
1.074000e-05	-2.781159e-02	-1.557608e+01
1.075000e-05	-2.433976e-02	-1.560569e+01
1.076000e-05	-2.975495e-02	-1.558619e+01
1.077000e-05	-2.721421e-02	-1.559879e+01
1.078000e-05	-3.030181e-02	-1.556821e+01
1.079000e-05	-2.942716e-02	-1.553976e+01
1.080000e-05	-3.430704e-02	-1.561769e+01
1.081000e-05	-3.391707e-02	-1.558611e+01
1.082000e-05	-3.523377e-02	-1.554716e+01
1.083000e-05	-3.592048e-02	-1.550351e+01
1.084000e-05	-3.899486e-02	-1.551395e+01
1.085000e-05	-3.963465e-02	-1.549195e+01
1.086000e-05	-4.032161e-02	-1.543935e+01
1.087000e-05	-4.138139e-02	-1.539674e+01
1.088000e-05	-4.446858e-02	-1.535459e+01
1.089000e-05	-4.620892e-02	-1.529158e+01
1.090000e-05	-4.728643e-02	-1.521882e+01
1.091000e-05	-4.952236e-02	-1.515508e+01
1.092000e-05	-5.345213e-02	-1.511202e+01
1.093000e-05	-5.629896e-02	-1.502719e+01
1.094000e-05	-5.828392e-02	-1.494496e+01
1.095000e-05	-6.113992e-02	-1.487882e+01
1.096000e-05	-6.404262e-02	-1.475458e+01
1.097000e-05	-6.765685e-02	-1.464030e+01
1.098000e-05	-6.766514e-02	-1.453566e+01
1.099000e-05	-6.958258e-02	-1.445724e+01
1.100000e-05	-7.251969e-02	-1.433243e+01
1.101000e-05	-7.299587e-02	-1.419769e+01
1.102000e-05	-7.146628e-02	-1.406985e+01
1.103000e-05	-6.879591e-02	-1.389256e+01
1.104000e-05	-6.910037e-02	-1.379664e+01
1.105000e-05	-6.715218e-02	-1.366087e+01
1.106000e-05	-6.310039e-02	-1.345193e+01
1.107000e-05	-5.902063e-02	-1.336366e+01
1.108000e-05	-5.720835e-02	-1.320727e+01
1.109000e-05	-5.519747e-02	-1.304835e+01
1.110000e-05	-5.085753e-02	-1.288048e+01
1.111000e-05	-4.737516e-02	-1.272246e+01
1.112000e-05	-4.550493e-02	-1.257309e+01
1.113000e-05	-4.400847e-02	-1.237471e+01
1.114000e-05	-4.121266e-02	-1.218777e+01
1.115000e-05	-3.724287e-02	-1.198722e+01
1.116000e-05	-3.516637e-02	-1.180669e+01
1.117000e-05	-3.356340e-02	-1.158474e+01
1.118000e-05	-3.138557e-02	-1.136469e+01
1.119000e-05	-2.884225e-02	-1.113311e+01
1.120000e-05	-2.723979e-02	-1.091356e+01
1.121000e-05	-2.728683e-02	-1.071356e+01
1.122000e-05	-2.587838e-02	-1.054356e+01
1.123000e-05	-2.294683e-02	-1.031201e+01
1.124000e-05	-2.176150e-02	-1.011051e+01
1.125000e-05	-2.160041e-02	-9.850432e+00
1.126000e-05	-2.037822e-02	-9.667405e+00
1.127000e-05	-1.828731e-02	-9.418298e+00
1.128000e-05	-1.733514e-02	-9.174774e+00
1.129000e-05	-1.698398e-02	-8.934089e+00
1.130000e-05	-1.667305e-02	-8.733709e+00
1.131000e-05	-1.510304e-02	-8.469955e+00
1.132000e-05	-1.397860e-02	-8.227473e+00
1.133000e-05	-1.369554e-02	-8.014723e+00
1.134000e-05	-1.457042e-02	-7.711061e+00
1.135000e-05	-1.171870e-02	-7.426876e+00
1.136000e-05	-1.069864e-02	-7.176692e+00
1.137000e-05	-1.093555e-02	-6.921614e+00
1.138000e-05	-1.141538e-02	-6.648931e+00
1.139000e-05	-1.026457e-02	-6.406801e+00
1.140000e-05	-9.524145e-03	-6.132088e+00
1.141000e-05	-9.424088e-03	-5.868959e+00
1.142000e-05	-9.954389e-03	-5.606173e+00
1.143000e-05	-8.804916e-03	-5.220960e+00
1.144000e-05	-7.744986e-03	-4.965273e+00
1.145000e-05	-5.807639e-03	-4.590955e+00
1.146000e-05	-7.472944e-03	-4.407377e+00
1.147000e-05	-7.643714e-03	-4.143747e+00
1.148000e-05	-6.918836e-03	-3.920564e+00
1.149000e-05	-7.530208e-03	-3.596323e+00
1.150000e-05	-7.480553e-03	-3.312191e+00
1.151000e-05	-6.823842e-03	-3.068037e+00
1.152000e-05	-5.204666e-03	-2.763668e+00
1.153000e-05	-4.005539e-03	-2.470034e+00
1.154000e-05	-5.123062e-03	-2.165275e+00
1.155000e-05	-6.403902e-03	-1.889110e+00
1.156000e-05	-4.748499e-03	-1.618354e+00
1.157000e-05	-4.560611e-03	-1.229008e+00
1.158000e-05	-4.613747e-03	-9.958247e-01
1.159000e-05	-4.706740e-03	-7.120904e-01
1.160000e-05	-2.229283e-03	-3.868974e-01
1.161000e-05	4.003464e-04	-1.241943e-01
1.162000e-05	7.879200e-03	1.519612e-01
1.163000e-05	1.579036e-03	4.451566e-01
1.164000e-05	1.210191e-03	7.068831e-01
1.165000e-05	3.203741e-04	9.629935e-01
1.166000e-05	1.162431e-03	1.277255e+00
1.167000e-05	1.607509e-03	1.602066e+00
1.168000e-05	5.134584e-03	1.856151e+00
1.169000e-05	2.548103e-02	2.105758e+00
1.170000e-05	8.198322e-02	2.361019e+00
1.171000e-05	-4.248594e-03	2.729486e+00
1.172000e-05	-6.143047e-02	3.015149e+00
1.173000e-05	-4.242187e-02	3.325334e+00
1.174000e-05	-1.636022e-04	3.561070e+00
1.175000e-05	-2.581668e-02	3.894048e+00
1.176000e-05	-4.646906e-02	4.002171e+00
1.177000e-05	8.810787e-02	4.277228e+00
1.178000e-05	-2.034208e-02	4.631572e+00
1.179000e-05	4.818435e-02	4.832628e+00
1.180000e-05	5.733587e-02	5.182489e+00
1.181000e-05	-1.016042e-01	5.536258e+00
1.182000e-05	6.092361e-02	5.780365e+00
1.183000e-05	-3.148609e-02	6.062626e+00
1.184000e-05	3.331653e-02	6.304130e+00
1.185000e-05	-9.019928e-03	6.581416e+00
1.186000e-05	-1.737454e-02	6.814154e+00
1.187000e-05	7.345886e-02	7.094757e+00
1.188000e-05	-3.135509e-02	7.389924e+00
1.189000e-05	1.556197e-03	7.634648e+00
1.190000e-05	-3.616114e-02	8.028387e+00
1.191000e-05	6.018837e-02	8.222019e+00
1.192000e-05	1.583772e-02	8.443075e+00
1.193000e-05	-3.382339e-02	8.674754e+00
1.194000e-05	3.327414e-02	8.897180e+00
1.195000e-05	-1.053726e-02	9.149208e+00
1.196000e-05	3.382530e-02	9.409941e+00
1.197000e-05	-2.578706e-02	9.570869e+00
1.198000e-05	1.400651e-02	9.845523e+00
1.199000e-05	1.208902e-02	1.009513e+01
1.200000e-05	2.573271e-02	1.026566e+01
1.201000e-05	5.014825e-03	1.053713e+01
1.202000e-05	-2.154683e-02	1.071721e+01
1.203000e-05	2.760960e-02	1.095868e+01
1.204000e-05	4.874666e-03	1.111828e+01
1.205000e-05	1.773101e-02	1.138918e+01
1.206000e-05	-1.386609e-02	1.158034e+01
1.207000e-05	2.765546e-02	1.180032e+01
1.208000e-05	1.416330e-02	1.201984e+01
1.209000e-05	1.348304e-02	1.218821e+01
1.210000e-05	-7.119765e-03	1.235819e+01
1.211000e-05	1.023711e-02	1.250624e+01
1.212000e-05	2.321740e-02	1.267458e+01
1.213000e-05	6.943592e-03	1.288445e+01
1.214000e-05	6.650252e-03	1.303100e+01
1.215000e-05	6.724153e-03	1.317034e+01
1.216000e-05	2.874663e-02	1.334773e+01
1.217000e-05	6.105639e-03	1.347505e+01
1.218000e-05	7.669661e-03	1.365190e+01
1.219000e-05	5.263313e-03	1.380871e+01
1.220000e-05	2.432304e-02	1.390661e+01
1.221000e-05	1.359443e-02	1.403553e+01
1.222000e-05	6.919436e-03	1.422932e+01
1.223000e-05	1.282041e-02	1.436018e+01
1.224000e-05	2.036640e-02	1.447350e+01
1.225000e-05	1.864916e-02	1.456276e+01
1.226000e-05	4.991779e-03	1.470348e+01
1.227000e-05	1.469105e-02	1.475724e+01
1.228000e-05	1.901221e-02	1.484392e+01
1.229000e-05	2.165821e-02	1.493668e+01
1.230000e-05	1.003735e-02	1.503824e+01
1.231000e-05	1.345109e-02	1.507498e+01
1.232000e-05	2.006054e-02	1.516711e+01
1.233000e-05	1.981646e-02	1.526076e+01
1.234000e-05	1.452114e-02	1.528250e+01
1.235000e-05	1.216544e-02	1.534663e+01
1.236000e-05	2.379910e-02	1.539777e+01
1.237000e-05	2.291688e-02	1.545034e+01
1.238000e-05	1.823382e-02	1.548253e+01
1.239000e-05	1.565489e-02	1.550450e+01
1.240000e-05	2.441648e-02	1.556548e+01
1.241000e-05	2.592426e-02	1.554768e+01
1.242000e-05	2.088330e-02	1.559522e+01
1.243000e-05	1.971179e-02	1.560727e+01
1.244000e-05	2.450115e-02	1.559769e+01
1.245000e-05	3.043241e-02	1.556624e+01
1.246000e-05	2.389528e-02	1.559827e+01
1.247000e-05	2.530250e-02	1.557514e+01
1.248000e-05	3.023395e-02	1.554661e+01
1.249000e-05	3.627834e-02	1.554449e+01
1.250000e-05	3.205252e-02	1.554398e+01
1.251000e-05	3.003556e-02	1.547035e+01
1.252000e-05	3.405986e-02	1.540072e+01
1.253000e-05	3.906353e-02	1.539817e+01
1.254000e-05	3.826402e-02	1.535458e+01
1.255000e-05	3.621334e-02	1.524138e+01
1.256000e-05	4.205264e-02	1.521027e+01
1.257000e-05	4.788920e-02	1.512466e+01
1.258000e-05	4.916556e-02	1.506135e+01
1.259000e-05	4.605876e-02	1.498616e+01
1.260000e-05	5.140333e-02	1.492203e+01
1.261000e-05	5.743404e-02	1.477772e+01
1.262000e-05	5.935192e-02	1.472351e+01
1.263000e-05	5.926811e-02	1.464727e+01
1.264000e-05	6.088168e-02	1.452500e+01
1.265000e-05	6.653913e-02	1.438777e+01
1.266000e-05	6.512200e-02	1.429148e+01
1.267000e-05	6.370181e-02	1.417404e+01
1.268000e-05	6.235096e-02	1.401030e+01
1.269000e-05	6.578516e-02	1.393290e+01
1.270000e-05	6.271643e-02	1.375407e+01
1.271000e-05	5.739709e-02	1.359624e+01
1.272000e-05	5.346001e-02	1.343990e+01
1.273000e-05	5.450173e-02	1.331201e+01
1.274000e-05	5.143255e-02	1.313464e+01
1.275000e-05	4.471135e-02	1.298617e+01
1.276000e-05	4.144115e-02	1.281890e+01
1.277000e-05	4.228830e-02	1.267198e+01
1.278000e-05	3.933116e-02	1.249146e+01
1.279000e-05	3.421287e-02	1.234403e+01
1.280000e-05	2.990248e-02	1.213364e+01
1.281000e-05	3.089925e-02	1.192412e+01
1.282000e-05	2.937666e-02	1.174412e+01
1.283000e-05	2.563366e-02	1.153406e+01
1.284000e-05	2.090391e-02	1.132404e+01
1.285000e-05	2.201048e-02	1.110396e+01
1.286000e-05	2.196465e-02	1.094312e+01
1.287000e-05	1.779195e-02	1.070361e+01
1.288000e-05	1.530484e-02	1.048201e+01
1.289000e-05	1.534466e-02	1.028198e+01
1.290000e-05	1.686053e-02	9.998981e+00
1.291000e-05	1.291042e-02	9.828773e+00
1.292000e-05	1.042801e-02	9.555613e+00
1.293000e-05	9.072019e-03	9.354720e+00
1.294000e-05	1.160308e-02	9.124564e+00
1.295000e-05	8.608094e-03	8.860586e+00
1.296000e-05	5.176934e-03	8.659909e+00
1.297000e-05	5.870125e-03	8.408351e+00
1.298000e-05	7.775716e-03	8.236222e+00
1.299000e-05	7.012646e-03	7.904086e+00
1.300000e-05	2.844370e-03	7.651456e+00
1.301000e-05	3.189308e-03	7.395270e+00
1.302000e-05	3.970029e-03	7.093063e+00
1.303000e-05	4.355202e-03	6.850506e+00
1.304000e-05	1.245706e-03	6.636827e+00
1.305000e-05	1.293780e-03	6.323663e+00
1.306000e-05	2.266028e-03	6.050013e+00
1.307000e-05	2.879094e-03	5.788900e+00
1.308000e-05	3.141202e-04	5.533690e+00
1.309000e-05	-1.553951e-03	5.287908e+00
1.310000e-05	6.555076e-04	4.909990e+00
1.311000e-05	1.431424e-03	4.597428e+00
1.312000e-05	4.534226e-05	4.353677e+00
1.313000e-05	-2.944783e-03	4.009407e+00
1.314000e-05	-7.334415e-04	3.756777e+00
1.315000e-05	-6.874125e-04	3.524140e+00
1.316000e-05	-1.718536e-03	3.237884e+00
1.317000e-05	-5.075593e-03	2.924297e+00
1.318000e-05	-3.368379e-03	2.670989e+00
1.319000e-05	-1.752273e-03	2.385826e+00
1.320000e-05	-2.898740e-03	2.114264e+00
1.321000e-05	-5.059955e-03	1.829956e+00
1.322000e-05	-3.944867e-03	1.513644e+00
1.323000e-05	-3.436200e-03	1.240030e+00
1.324000e-05	-3.731871e-03	9.030352e-01
1.325000e-05	-5.490148e-03	6.073535e-01
1.326000e-05	-4.675408e-03	3.357943e-01
1.327000e-05	-1.524770e-03	8.483675e-03
1.328000e-05	6.846527e-03	-2.547006e-01
1.329000e-05	-2.530525e-03	-4.562545e-01
1.330000e-05	-2.009910e-03	-7.720751e-01
1.331000e-05	-4.927814e-03	-1.063628e+00
1.332000e-05	-2.884674e-04	-1.367890e+00
1.333000e-05	-5.413455e-03	-1.603175e+00
1.334000e-05	8.894727e-03	-1.854179e+00
1.335000e-05	6.954403e-02	-2.045225e+00
1.336000e-05	4.462234e-02	-2.444124e+00
1.337000e-05	-8.418666e-02	-2.772118e+00
1.338000e-05	-3.714301e-02	-3.147485e+00
1.339000e-05	-3.557253e-02	-3.432623e+00
1.340000e-05	-2.929458e-02	-3.654674e+00
1.341000e-05	-2.893771e-02	-3.916359e+00
1.342000e-05	1.310239e-01	-4.075786e+00
1.343000e-05	-1.575806e-01	-4.358310e+00
1.344000e-05	1.551725e-01	-4.621100e+00
1.345000e-05	-3.007322e-02	-4.905176e+00
1.346000e-05	-8.081512e-02	-5.214619e+00
1.347000e-05	7.313685e-02	-5.507330e+00
1.348000e-05	-1.622476e-01	-5.833621e+00
1.349000e-05	1.536609e-01	-6.083753e+00
1.350000e-05	-8.398380e-02	-6.298256e+00
1.351000e-05	1.697841e-02	-6.643573e+00
1.352000e-05	4.956439e-02	-6.864676e+00
1.353000e-05	-9.118896e-02	-7.171511e+00
1.354000e-05	7.026961e-02	-7.432549e+00
1.355000e-05	-1.139469e-01	-7.748731e+00
1.356000e-05	6.774082e-02	-8.030043e+00
1.357000e-05	-2.198503e-02	-8.231543e+00
1.358000e-05	-2.314285e-02	-8.526197e+00
1.359000e-05	5.080528e-02	-8.728234e+00
1.360000e-05	-9.969094e-02	-8.999915e+00
1.361000e-05	7.477943e-02	-9.180540e+00
1.362000e-05	-8.731349e-02	-9.453945e+00
1.363000e-05	5.252171e-02	-9.683605e+00
1.364000e-05	-4.885218e-02	-9.904657e+00
1.365000e-05	1.672373e-02	-1.016468e+01
1.366000e-05	-6.850169e-03	-1.034768e+01
1.367000e-05	-3.978791e-02	-1.060981e+01
1.368000e-05	1.688979e-02	-1.078786e+01
1.369000e-05	-5.254766e-02	-1.098133e+01
1.370000e-05	3.804512e-02	-1.118983e+01
1.371000e-05	-5.538212e-02	-1.142134e+01
1.372000e-05	2.789290e-02	-1.167044e+01
1.373000e-05	-4.314410e-02	-1.183187e+01
1.374000e-05	1.525646e-02	-1.205552e+01
1.375000e-05	-4.048074e-02	-1.222037e+01
1.376000e-05	-5.890389e-03	-1.239080e+01
1.377000e-05	-1.684551e-02	-1.262034e+01
1.378000e-05	-1.147845e-02	-1.277724e+01
1.379000e-05	-9.013286e-03	-1.294725e+01
1.380000e-05	-2.567195e-02	-1.309155e+01
1.381000e-05	8.162426e-04	-1.325137e+01
1.382000e-05	-2.894807e-02	-1.342281e+01
1.383000e-05	-3.459606e-03	-1.356621e+01
1.384000e-05	-3.649415e-02	-1.368410e+01
1.385000e-05	-1.376385e-03	-1.381142e+01
1.386000e-05	-2.560010e-02	-1.397823e+01
1.387000e-05	-6.798715e-03	-1.410558e+01
1.388000e-05	-2.571114e-02	-1.422089e+01
1.389000e-05	-1.228646e-02	-1.436968e+01
1.390000e-05	-1.937953e-02	-1.445349e+01
1.391000e-05	-1.941192e-02	-1.458879e+01
1.392000e-05	-2.141454e-02	-1.468200e+01
1.393000e-05	-2.123400e-02	-1.477876e+01
1.394000e-05	-1.501116e-02	-1.488142e+01
1.395000e-05	-2.136159e-02	-1.496816e+01
1.396000e-05	-2.045029e-02	-1.504887e+01
1.397000e-05	-2.475343e-02	-1.512412e+01
1.398000e-05	-1.959028e-02	-1.515721e+01
1.399000e-05	-2.437091e-02	-1.523990e+01
1.400000e-05	-2.246137e-02	-1.529455e+01
1.401000e-05	-2.621382e-02	-1.537769e+01
1.402000e-05	-1.891271e-02	-1.541629e+01
1.403000e-05	-2.540849e-02	-1.546237e+01
1.404000e-05	-2.484424e-02	-1.550246e+01
1.405000e-05	-2.876113e-02	-1.552460e+01
1.406000e-05	-2.487735e-02	-1.554564e+01
1.407000e-05	-2.619964e-02	-1.558584e+01
1.408000e-05	-2.995849e-02	-1.558822e+01
1.409000e-05	-2.910968e-02	-1.558822e+01
1.410000e-05	-3.095869e-02	-1.562769e+01
1.411000e-05	-2.984378e-02	-1.555814e+01
1.412000e-05	-3.465491e-02	-1.559824e+01
1.413000e-05	-3.443645e-02	-1.555616e+01
1.414000e-05	-3.542664e-02	-1.552466e+01
1.415000e-05	-3.542794e-02	-1.552403e+01
1.416000e-05	-3.844490e-02	-1.550403e+01
1.417000e-05	-4.196346e-02	-1.546782e+01
1.418000e-05	-4.127128e-02	-1.540777e+01
1.419000e-05	-4.112175e-02	-1.535561e+01
1.420000e-05	-4.437580e-02	-1.532254e+01
1.421000e-05	-4.792880e-02	-1.527035e+01
1.422000e-05	-4.904679e-02	-1.519824e+01
1.423000e-05	-4.976730e-02	-1.511353e+01
1.424000e-05	-5.353671e-02	-1.504037e+01
1.425000e-05	-5.781147e-02	-1.498716e+01
1.426000e-05	-6.012689e-02	-1.491195e+01
1.427000e-05	-6.105451e-02	-1.477772e+01
1.428000e-05	-6.433657e-02	-1.468349e+01
1.429000e-05	-6.847919e-02	-1.460680e+01
1.430000e-05	-7.003388e-02	-1.450303e+01
1.431000e-05	-7.033855e-02	-1.438524e+01
1.432000e-05	-7.096015e-02	-1.424125e+01
1.433000e-05	-7.186651e-02	-1.415561e+01
1.434000e-05	-7.275744e-02	-1.401767e+01
1.435000e-05	-6.872314e-02	-1.386093e+01
1.436000e-05	-6.717640e-02	-1.373263e+01
1.437000e-05	-6.564218e-02	-1.356669e+01
1.438000e-05	-6.400379e-02	-1.343982e+01
1.439000e-05	-5.954989e-02	-1.334150e+01
1.440000e-05	-5.492050e-02	-1.313361e+01
1.441000e-05	-5.311228e-02	-1.298524e+01
1.442000e-05	-5.116181e-02	-1.283890e+01
1.443000e-05	-4.780031e-02	-1.263933e+01
1.444000e-05	-4.325977e-02	-1.250248e+01
1.445000e-05	-4.269543e-02	-1.230305e+01
1.446000e-05	-4.085228e-02	-1.213258e+01
1.447000e-05	-3.816286e-02	-1.194363e+01
1.448000e-05	-3.425284e-02	-1.169201e+01
1.449000e-05	-3.273087e-02	-1.149044e+01
1.450000e-05	-3.199460e-02	-1.128098e+01
1.451000e-05	-2.900895e-02	-1.106993e+01
1.452000e-05	-2.606698e-02	-1.086043e+01
1.453000e-05	-2.490231e-02	-1.068935e+01
1.454000e-05	-2.500727e-02	-1.045946e+01
1.455000e-05	-2.303404e-02	-1.021682e+01
1.456000e-05	-2.108167e-02	-1.000722e+01
1.457000e-05	-1.959423e-02	-9.786246e+00
1.458000e-05	-2.082541e-02	-9.595293e+00
1.459000e-05	-1.877818e-02	-9.343140e+00
1.460000e-05	-1.597572e-02	-9.093511e+00
1.461000e-05	-1.472102e-02	-8.859459e+00
1.462000e-05	-1.679038e-02	-8.618776e+00
1.463000e-05	-1.614899e-02	-8.354695e+00
1.464000e-05	-1.424503e-02	-8.156164e+00
1.465000e-05	-1.207587e-02	-7.912465e+00
1.466000e-05	-1.377784e-02	-7.614770e+00
1.467000e-05	-1.415639e-02	-7.305139e+00
1.468000e-05	-1.173086e-02	-7.099439e+00
1.469000e-05	-9.142879e-03	-6.827375e+00
1.470000e-05	-1.053949e-02	-6.555796e+00
1.471000e-05	-1.084032e-02	-6.281513e+00
1.472000e-05	-1.055227e-02	-6.008457e+00
1.473000e-05	-7.271510e-03	-5.773717e+00
1.474000e-05	-9.214295e-03	-5.519891e+00
1.475000e-05	-9.437635e-03	-5.174695e+00
1.476000e-05	-9.366202e-03	-4.898354e+00
1.477000e-05	-4.970993e-03	-4.545793e+00
1.478000e-05	-7.490236e-03	-4.332593e+00
1.479000e-05	-7.839554e-03	-4.080485e+00
1.480000e-05	-8.971714e-03	-3.745900e+00
1.481000e-05	-5.741646e-03	-3.481091e+00
1.482000e-05	-5.979395e-03	-3.209405e+00
1.483000e-05	-6.488618e-03	-2.882694e+00
1.484000e-05	-6.609490e-03	-2.621034e+00
1.485000e-05	-3.644345e-03	-2.364771e+00
1.486000e-05	-4.743647e-03	-2.060034e+00
1.487000e-05	-5.897955e-03	-1.797373e+00
1.488000e-05	-7.291730e-03	-1.481643e+00
1.489000e-05	-5.129210e-03	-1.165298e+00
1.490000e-05	-2.995933e-03	-9.020364e-01
1.491000e-05	-4.059439e-03	-5.748984e-01
1.492000e-05	-2.124927e-03	-2.926418e-01
1.493000e-05	2.089178e-04	-3.890618e-02
1.494000e-05	1.170187e-02	2.872295e-01
1.495000e-05	-2.252243e-03	5.283634e-01
1.496000e-05	3.092629e-03	7.834774e-01
1.497000e-05	-3.876048e-03	1.067358e+00
1.498000e-05	4.902607e-03	1.360519e+00
1.499000e-05	1.187717e-05	1.677306e+00
1.500000e-05	1.217239e-02	1.948441e+00
1.501000e-05	3.790327e-02	2.141019e+00
1.502000e-05	8.167993e-02	2.528306e+00
1.503000e-05	-5.378948e-02	2.895255e+00
1.504000e-05	-4.772725e-02	3.120388e+00
1.505000e-05	-3.663583e-02	3.404570e+00
1.506000e-05	1.105754e-02	3.675608e+00
1.507000e-05	-4.832353e-02	3.915760e+00
1.508000e-05	-1.099361e-02	4.076783e+00
1.509000e-05	9.883707e-02	4.473044e+00
1.510000e-05	-7.090895e-02	4.728159e+00
1.511000e-05	1.363503e-01	4.962288e+00
1.512000e-05	-5.834706e-02	5.296285e+00
1.513000e-05	-3.125894e-02	5.559839e+00
1.514000e-05	4.425960e-02	5.875148e+00
1.515000e-05	-3.570165e-02	6.129761e+00
1.516000e-05	5.318178e-02	6.349892e+00
1.517000e-05	-5.300704e-02	6.688238e+00
1.518000e-05	4.376152e-02	6.927287e+00
1.519000e-05	3.106564e-02	7.152419e+00
1.520000e-05	-2.140207e-02	7.518130e+00
1.521000e-05	-1.452646e-02	7.740340e+00
1.522000e-05	-1.141695e-02	8.054172e+00
1.523000e-05	6.803581e-02	8.326682e+00
1.524000e-05	-1.799170e-02	8.496286e+00
1.525000e-05	-8.356611e-03	8.707288e+00
1.526000e-05	2.517026e-02	9.032392e+00
1.527000e-05	-3.569128e-03	9.241970e+00
1.528000e-05	2.650082e-02	9.444025e+00
1.529000e-05	-2.966280e-02	9.666205e+00
1.530000e-05	2.547158e-02	9.917658e+00
1.531000e-05	1.080112e-02	1.019976e+01
1.532000e-05	2.865702e-02	1.037929e+01
1.533000e-05	-1.167564e-02	1.061132e+01
1.534000e-05	-6.804706e-03	1.081089e+01
1.535000e-05	2.797516e-02	1.102185e+01
1.536000e-05	4.621194e-03	1.122987e+01
1.537000e-05	1.106847e-02	1.146241e+01
1.538000e-05	-9.001557e-03	1.164297e+01
1.539000e-05	3.296560e-02	1.187560e+01
1.540000e-05	9.925178e-03	1.206298e+01
1.541000e-05	8.931956e-03	1.225340e+01
1.542000e-05	-6.115362e-03	1.241099e+01
1.543000e-05	1.626333e-02	1.261037e+01
1.544000e-05	2.118033e-02	1.272878e+01
1.545000e-05	4.915683e-03	1.294513e+01
1.546000e-05	6.629066e-03	1.307453e+01
1.547000e-05	1.230609e-02	1.329247e+01
1.548000e-05	2.543038e-02	1.341927e+01
1.549000e-05	5.408720e-03	1.350671e+01
1.550000e-05	4.405792e-03	1.369508e+01
1.551000e-05	1.180401e-02	1.385232e+01
1.552000e-05	2.243011e-02	1.395864e+01
1.553000e-05	1.296447e-02	1.416663e+01
1.554000e-05	5.733568e-03	1.433142e+01
1.555000e-05	1.546556e-02	1.443877e+01
1.556000e-05	1.975299e-02	1.450550e+01
1.557000e-05	1.509126e-02	1.460139e+01
1.558000e-05	6.489902e-03	1.470666e+01
1.559000e-05	1.436903e-02	1.485084e+01
1.560000e-05	2.209119e-02	1.489555e+01
1.561000e-05	1.863610e-02	1.498769e+01
1.562000e-05	1.145561e-02	1.505132e+01
1.563000e-05	1.192346e-02	1.515656e+01
1.564000e-05	2.346257e-02	1.517874e+01
1.565000e-05	1.858473e-02	1.526247e+01
1.566000e-05	1.394903e-02	1.534490e+01
1.567000e-05	1.378105e-02	1.535806e+01
1.568000e-05	2.459763e-02	1.545977e+01
1.569000e-05	2.374777e-02	1.547182e+01
1.570000e-05	1.519996e-02	1.551443e+01
1.571000e-05	1.763134e-02	1.552413e+01
1.572000e-05	2.361375e-02	1.556564e+01
1.573000e-05	2.691829e-02	1.556621e+01
1.574000e-05	1.961520e-02	1.555774e+01
1.575000e-05	2.149622e-02	1.558776e+01
1.576000e-05	2.614080e-02	1.556022e+01
1.577000e-05	3.128017e-02	1.560719e+01
1.578000e-05	2.462578e-02	1.558617e+01
1.579000e-05	2.470596e-02	1.559721e+01
1.580000e-05	3.137706e-02	1.554616e+01
1.581000e-05	3.560418e-02	1.553455e+01
1.582000e-05	3.296430e-02	1.549495e+01
1.583000e-05	2.891375e-02	1.545088e+01
1.584000e-05	3.750943e-02	1.541922e+01
1.585000e-05	3.824033e-02	1.539621e+01
1.586000e-05	3.981071e-02	1.532355e+01
1.587000e-05	3.654363e-02	1.528027e+01
1.588000e-05	4.323075e-02	1.522864e+01
1.589000e-05	5.033497e-02	1.514256e+01
1.590000e-05	4.959193e-02	1.505988e+01
1.591000e-05	4.906225e-02	1.497616e+01
1.592000e-05	5.160002e-02	1.487098e+01
1.593000e-05	5.906328e-02	1.480767e+01
1.594000e-05	5.903232e-02	1.468048e+01
1.595000e-05	6.007614e-02	1.459570e+01
1.596000e-05	6.379591e-02	1.451193e+01
1.597000e-05	6.953082e-02	1.440621e+01
1.598000e-05	6.888974e-02	1.426032e+01
1.599000e-05	6.352400e-02	1.409208e+01
1.600000e-05	6.192296e-02	1.395614e+01
1.601000e-05	6.257920e-02	1.384927e+01
1.602000e-05	6.146513e-02	1.371996e+01
1.603000e-05	5.586017e-02	1.352404e+01
1.604000e-05	5.339041e-02	1.341827e+01
1.605000e-05	5.350132e-02	1.326895e+01
1.606000e-05	5.202254e-02	1.309145e+01
1.607000e-05	4.507633e-02	1.293311e+01
1.608000e-05	4.090591e-02	1.275661e+01
1.609000e-05	3.899541e-02	1.261830e+01
1.610000e-05	3.915202e-02	1.240792e+01
1.611000e-05	3.267870e-02	1.223988e+01
1.612000e-05	2.907678e-02	1.210951e+01
1.613000e-05	2.756313e-02	1.188100e+01
1.614000e-05	2.841292e-02	1.170898e+01
1.615000e-05	2.458785e-02	1.142983e+01
1.616000e-05	2.151066e-02	1.128830e+01
1.617000e-05	2.124162e-02	1.105136e+01
1.618000e-05	2.138087e-02	1.084840e+01
1.619000e-05	1.871671e-02	1.064925e+01
1.620000e-05	1.427160e-02	1.043875e+01
1.621000e-05	1.362641e-02	1.020775e+01
1.622000e-05	1.380104e-02	9.985620e+00
1.623000e-05	1.222081e-02	9.723086e+00
1.624000e-05	9.022074e-03	9.502463e+00
1.625000e-05	1.018831e-02	9.281484e+00
1.626000e-05	1.035036e-02	9.061801e+00
1.627000e-05	1.002233e-02	8.857726e+00
1.628000e-05	6.149785e-03	8.565692e+00
1.629000e-05	5.311531e-03	8.355138e+00
1.630000e-05	6.379225e-03	8.100035e+00
1.631000e-05	5.594410e-03	7.837852e+00
1.632000e-05	3.748655e-03	7.594698e+00
1.633000e-05	2.260462e-03	7.252009e+00
1.634000e-05	4.356364e-03	7.039883e+00
1.635000e-05	4.232330e-03	6.774401e+00
1.636000e-05	2.392726e-03	6.511509e+00
1.637000e-05	3.675905e-04	6.229430e+00
1.638000e-05	1.314844e-03	5.996322e+00
1.639000e-05	1.587572e-03	5.711040e+00
1.640000e-05	4.019011e-05	5.428955e+00
1.641000e-05	-1.972781e-03	5.143144e+00
1.642000e-05	-1.028652e-04	4.767302e+00
1.643000e-05	1.039668e-03	4.533690e+00
1.644000e-05	-2.034572e-04	4.289485e+00
1.645000e-05	-2.345504e-03	3.945274e+00
1.646000e-05	-1.699637e-03	3.692085e+00
1.647000e-05	-1.203989e-03	3.428059e+00
1.648000e-05	-2.522307e-03	3.142689e+00
1.649000e-05	-4.002215e-03	2.831033e+00
1.650000e-05	-3.737165e-03	2.636246e+00
1.651000e-05	-3.336925e-03	2.259514e+00
1.652000e-05	-2.044346e-03	2.019427e+00
1.653000e-05	-3.844561e-03	1.733642e+00
1.654000e-05	-4.139820e-03	1.387955e+00
1.655000e-05	-4.514493e-03	1.080621e+00
1.656000e-05	-3.410091e-03	8.173458e-01
1.657000e-05	-4.989849e-03	4.935882e-01
1.658000e-05	-3.299504e-03	2.794849e-01
1.659000e-05	-1.322377e-03	-8.570448e-02
1.660000e-05	8.367810e-03	-3.373872e-01
1.661000e-05	-5.647618e-03	-5.935425e-01
1.662000e-05	1.311686e-03	-8.757280e-01
1.663000e-05	-6.650966e-03	-1.109839e+00
1.664000e-05	-9.220366e-04	-1.475273e+00
1.665000e-05	-3.168265e-03	-1.696332e+00
1.666000e-05	2.215321e-02	-1.936863e+00
1.667000e-05	9.842962e-02	-2.211440e+00
1.668000e-05	-3.452701e-02	-2.539905e+00
1.669000e-05	-5.953199e-02	-2.931410e+00
1.670000e-05	-4.708630e-02	-3.294206e+00
1.671000e-05	-1.680440e-02	-3.536834e+00
1.672000e-05	-6.639323e-02	-3.809888e+00
1.673000e-05	6.593196e-02	-3.960492e+00
1.674000e-05	3.586923e-02	-4.190460e+00
1.675000e-05	-1.070841e-01	-4.465181e+00
1.676000e-05	1.915022e-01	-4.716284e+00
1.677000e-05	-1.570667e-01	-5.024644e+00
1.678000e-05	5.472347e-02	-5.368862e+00
1.679000e-05	-5.193141e-02	-5.571094e+00
1.680000e-05	-6.217067e-02	-5.895233e+00
1.681000e-05	1.286153e-01	-6.148833e+00
1.682000e-05	-1.309348e-01	-6.462722e+00
1.683000e-05	1.064472e-01	-6.735740e+00
1.684000e-05	-5.526937e-02	-6.981988e+00
1.685000e-05	-1.208590e-02	-7.284708e+00
1.686000e-05	1.775394e-02	-7.547259e+00
1.687000e-05	-9.302206e-02	-7.853592e+00
1.688000e-05	1.016400e-01	-8.104583e+00
1.689000e-05	-9.366497e-02	-8.296205e+00
1.690000e-05	6.416923e-02	-8.629863e+00
1.691000e-05	-4.288754e-02	-8.842914e+00
1.692000e-05	-2.614107e-02	-9.052676e+00
1.693000e-05	3.040195e-02	-9.295049e+00
1.694000e-05	-6.740650e-02	-9.558807e+00
1.695000e-05	6.014352e-02	-9.777337e+00
1.696000e-05	-7.692142e-02	-9.958363e+00
1.697000e-05	6.316160e-02	-1.022137e+01
1.698000e-05	-6.644712e-02	-1.040202e+01
1.699000e-05	1.837124e-02	-1.062310e+01
1.700000e-05	-3.787583e-02	-1.082402e+01
1.701000e-05	-3.444204e-03	-1.107142e+01
1.702000e-05	-7.667809e-04	-1.126308e+01
1.703000e-05	-2.820449e-02	-1.152358e+01
1.704000e-05	1.289922e-02	-1.173607e+01
1.705000e-05	-3.668828e-02	-1.191615e+01
1.706000e-05	1.399938e-02	-1.214518e+01
1.707000e-05	-5.020760e-02	-1.229415e+01
1.708000e-05	1.167026e-02	-1.249400e+01
1.709000e-05	-3.603920e-02	-1.264284e+01
1.710000e-05	1.035958e-02	-1.285002e+01
1.711000e-05	-3.085520e-02	-1.297879e+01
1.712000e-05	-2.538009e-03	-1.313766e+01
1.713000e-05	-2.090121e-02	-1.332448e+01
1.714000e-05	-1.455886e-02	-1.348047e+01
1.715000e-05	-1.761057e-02	-1.361032e+01
1.716000e-05	-2.379833e-02	-1.377773e+01
1.717000e-05	-6.915399e-03	-1.386450e+01
1.718000e-05	-2.332518e-02	-1.407087e+01
1.719000e-05	-7.688053e-03	-1.416711e+01
1.720000e-05	-2.822481e-02	-1.431098e+01
1.721000e-05	-9.206445e-03	-1.441084e+01
1.722000e-05	-2.632276e-02	-1.451513e+01
1.723000e-05	-1.327186e-02	-1.463040e+01
1.724000e-05	-2.629045e-02	-1.473358e+01
1.725000e-05	-1.434613e-02	-1.481042e+01
1.726000e-05	-2.046566e-02	-1.491558e+01
1.727000e-05	-1.852422e-02	-1.501816e+01
1.728000e-05	-2.472559e-02	-1.507145e+01
1.729000e-05	-2.127209e-02	-1.515511e+01
1.730000e-05	-2.205315e-02	-1.523877e+01
1.731000e-05	-2.245925e-02	-1.526357e+01
1.732000e-05	-2.403357e-02	-1.531468e+01
1.733000e-05	-2.357984e-02	-1.534774e+01
1.734000e-05	-2.098391e-02	-1.542035e+01
1.735000e-05	-2.671105e-02	-1.549142e+01
1.736000e-05	-2.448570e-02	-1.554451e+01
1.737000e-05	-2.953135e-02	-1.553663e+01
1.738000e-05	-2.332119e-02	-1.555616e+01
1.739000e-05	-2.944788e-02	-1.556714e+01
1.740000e-05	-2.803719e-02	-1.563671e+01
1.741000e-05	-3.064696e-02	-1.562814e+01
1.742000e-05	-3.009410e-02	-1.559769e+01
1.743000e-05	-3.146327e-02	-1.555629e+01
1.744000e-05	-3.398103e-02	-1.559621e+01
1.745000e-05	-3.457695e-02	-1.556526e+01
1.746000e-05	-3.608615e-02	-1.554501e+01
1.747000e-05	-3.657628e-02	-1.554301e+01
1.748000e-05	-4.007090e-02	-1.551398e+01
1.749000e-05	-4.094748e-02	-1.546630e+01
1.750000e-05	-4.142472e-02	-1.541729e+01
1.751000e-05	-4.287455e-02	-1.533412e+01
1.752000e-05	-4.524051e-02	-1.532153e+01
1.753000e-05	-4.760237e-02	-1.523885e+01
1.754000e-05	-5.003146e-02	-1.515516e+01
1.755000e-05	-5.182751e-02	-1.509092e+01
1.756000e-05	-5.507825e-02	-1.500882e+01
1.757000e-05	-5.759978e-02	-1.493511e+01
1.758000e-05	-6.123108e-02	-1.490037e+01
1.759000e-05	-6.264386e-02	-1.478564e+01
1.760000e-05	-6.632941e-02	-1.466238e+01
1.761000e-05	-6.914673e-02	-1.458624e+01
1.762000e-05	-6.965531e-02	-1.447893e+01
1.763000e-05	-7.156199e-02	-1.438458e+01
1.764000e-05	-7.054877e-02	-1.420922e+01
1.765000e-05	-7.161212e-02	-1.411995e+01
1.766000e-05	-7.017988e-02	-1.400611e+01
1.767000e-05	-6.876754e-02	-1.379832e+01
1.768000e-05	-6.660781e-02	-1.370195e+01
1.769000e-05	-6.392234e-02	-1.355456e+01
1.770000e-05	-6.178027e-02	-1.338612e+01
1.771000e-05	-5.848506e-02	-1.323795e+01
1.772000e-05	-5.484567e-02	-1.308143e+01
1.773000e-05	-5.208808e-02	-1.293101e+01
1.774000e-05	-4.890870e-02	-1.273564e+01
1.775000e-05	-4.630812e-02	-1.258617e+01
1.776000e-05	-4.311854e-02	-1.241728e+01
1.777000e-05	-4.065335e-02	-1.228790e+01
1.778000e-05	-3.915778e-02	-1.204943e+01
1.779000e-05	-3.602814e-02	-1.187837e+01
1.780000e-05	-3.356107e-02	-1.163835e+01
1.781000e-05	-3.141886e-02	-1.142624e+01
1.782000e-05	-3.035690e-02	-1.120465e+01
1.783000e-05	-2.835237e-02	-1.095664e+01
1.784000e-05	-2.594669e-02	-1.082672e+01
1.785000e-05	-2.486818e-02	-1.057620e+01
1.786000e-05	-2.404641e-02	-1.038527e+01
1.787000e-05	-2.278220e-02	-1.012109e+01
1.788000e-05	-2.048734e-02	-9.914086e+00
1.789000e-05	-1.953272e-02	-9.740611e+00
1.790000e-05	-1.905380e-02	-9.502534e+00
1.791000e-05	-1.878312e-02	-9.228830e+00
1.792000e-05	-1.674451e-02	-9.028326e+00
1.793000e-05	-1.604933e-02	-8.754342e+00
1.794000e-05	-1.583408e-02	-8.542565e+00
1.795000e-05	-1.457813e-02	-8.281532e+00
1.796000e-05	-1.332590e-02	-8.049005e+00
1.797000e-05	-1.231773e-02	-7.776223e+00
1.798000e-05	-1.244094e-02	-7.499515e+00
1.799000e-05	-1.181048e-02	-7.209481e+00
1.800000e-05	-1.140714e-02	-7.015697e+00
1.801000e-05	-1.096768e-02	-6.713565e+00
1.802000e-05	-9.979496e-03	-6.449979e+00
1.803000e-05	-9.978088e-03	-6.196822e+00
1.804000e-05	-1.109410e-02	-5.913639e+00
1.805000e-05	-9.388227e-03	-5.670004e+00
1.806000e-05	-9.564702e-03	-5.376244e+00
1.807000e-05	-8.321646e-03	-5.059479e+00
1.808000e-05	-7.210930e-03	-4.703115e+00
1.809000e-05	-5.896864e-03	-4.451584e+00
1.810000e-05	-7.293070e-03	-4.227458e+00
1.811000e-05	-6.667609e-03	-3.936798e+00
1.812000e-05	-9.171400e-03	-3.641164e+00
1.813000e-05	-6.963082e-03	-3.408930e+00
1.814000e-05	-8.600665e-03	-3.123144e+00
1.815000e-05	-4.816941e-03	-2.807377e+00
1.816000e-05	-6.002241e-03	-2.573244e+00
1.817000e-05	-3.672479e-03	-2.250535e+00
1.818000e-05	-5.181291e-03	-1.934745e+00
1.819000e-05	-4.862466e-03	-1.692166e+00
1.820000e-05	-5.766589e-03	-1.413300e+00
1.821000e-05	-4.679372e-03	-1.049984e+00
1.822000e-05	-5.045514e-03	-8.033773e-01
1.823000e-05	-3.351635e-03	-4.720880e-01
1.824000e-05	-2.645093e-03	-1.878561e-01
1.825000e-05	3.840958e-03	6.625311e-02
1.826000e-05	6.851500e-03	3.795451e-01
1.827000e-05	-1.125880e-03	6.036029e-01
1.828000e-05	2.531432e-03	8.473094e-01
1.829000e-05	-4.783791e-04	1.223572e+00
1.830000e-05	4.109827e-03	1.468233e+00
1.831000e-05	6.000139e-04	1.792049e+00
1.832000e-05	1.821583e-02	2.003574e+00
1.833000e-05	6.335790e-02	2.296758e+00
1.834000e-05	4.237479e-02	2.675169e+00
1.835000e-05	-6.788988e-02	2.962017e+00
1.836000e-05	-4.390911e-02	3.194175e+00
1.837000e-05	-1.709440e-02	3.507836e+00
1.838000e-05	-3.098765e-03	3.749915e+00
1.839000e-05	-5.491380e-02	3.950012e+00
1.840000e-05	4.600219e-02	4.222568e+00
1.841000e-05	4.353300e-02	4.548231e+00
1.842000e-05	-2.880811e-02	4.749991e+00
1.843000e-05	1.280865e-01	5.097724e+00
1.844000e-05	-1.165182e-01	5.463620e+00
1.845000e-05	3.844218e-02	5.624601e+00
1.846000e-05	-2.286236e-03	5.949437e+00
1.847000e-05	-5.483434e-04	6.212491e+00
1.848000e-05	2.927180e-02	6.506657e+00
1.849000e-05	-5.177623e-02	6.748938e+00
1.850000e-05	7.914572e-02	7.042596e+00
1.851000e-05	-1.662217e-02	7.316756e+00
1.852000e-05	-2.517376e-03	7.589838e+00
1.853000e-05	-3.523616e-02	7.875100e+00
1.854000e-05	3.433781e-02	8.118338e+00
1.855000e-05	4.406266e-02	8.400388e+00
1.856000e-05	-3.716572e-02	8.640868e+00
1.857000e-05	2.248518e-02	8.841919e+00
1.858000e-05	1.898681e-03	9.085549e+00
1.859000e-05	2.035493e-02	9.316681e+00
1.860000e-05	-4.157754e-03	9.527259e+00
1.861000e-05	-6.053100e-03	9.820263e+00
1.862000e-05	1.958906e-02	1.001357e+01
1.863000e-05	1.945085e-02	1.024350e+01
1.864000e-05	1.830719e-02	1.044302e+01
1.865000e-05	-2.243661e-02	1.065463e+01
1.866000e-05	1.597775e-02	1.089565e+01
1.867000e-05	1.597688e-02	1.108505e+01
1.868000e-05	1.330206e-02	1.132398e+01
1.869000e-05	-5.139466e-03	1.152465e+01
1.870000e-05	1.355101e-02	1.174976e+01
1.871000e-05	2.076775e-02	1.191663e+01
1.872000e-05	1.280815e-02	1.213723e+01
1.873000e-05	-3.051233e-03	1.230510e+01
1.874000e-05	4.825267e-03	1.247410e+01
1.875000e-05	2.108862e-02	1.264145e+01
1.876000e-05	1.518307e-02	1.282037e+01
1.877000e-05	5.304662e-03	1.299926e+01
1.878000e-05	5.903387e-03	1.314776e+01
1.879000e-05	2.173514e-02	1.332571e+01
1.880000e-05	1.276488e-02	1.347087e+01
1.881000e-05	4.861270e-03	1.359141e+01
1.882000e-05	4.584956e-03	1.375562e+01
1.883000e-05	2.111950e-02	1.388408e+01
1.884000e-05	1.739234e-02	1.403044e+01
1.885000e-05	9.909217e-03	1.418874e+01
1.886000e-05	7.903837e-03	1.431605e+01
1.887000e-05	1.878290e-02	1.442039e+01
1.888000e-05	1.924160e-02	1.453626e+01
1.889000e-05	7.770346e-03	1.465197e+01
1.890000e-05	1.070842e-02	1.477713e+01
1.891000e-05	1.826859e-02	1.483142e+01
1.892000e-05	2.346792e-02	1.491500e+01
1.893000e-05	1.261058e-02	1.498879e+01
1.894000e-05	1.174805e-02	1.510145e+01
1.895000e-05	1.696239e-02	1.514718e+01
1.896000e-05	2.140400e-02	1.519769e+01
1.897000e-05	1.513760e-02	1.526250e+01
1.898000e-05	1.225072e-02	1.537663e+01
1.899000e-05	2.120375e-02	1.538071e+01
1.900000e-05	2.471118e-02	1.541031e+01
1.901000e-05	1.998638e-02	1.548188e+01
1.902000e-05	1.369183e-02	1.548358e+01
1.903000e-05	2.262657e-02	1.557706e+01
1.904000e-05	2.504926e-02	1.553563e+01
1.905000e-05	2.279266e-02	1.557776e+01
1.906000e-05	1.822719e-02	1.556874e+01
1.907000e-05	2.387112e-02	1.558035e+01
1.908000e-05	2.983815e-02	1.558676e+01
1.909000e-05	2.698535e-02	1.561827e+01
1.910000e-05	2.485125e-02	1.556732e+01
1.911000e-05	2.678371e-02	1.555461e+01
1.912000e-05	3.609909e-02	1.553458e+01
1.913000e-05	3.325842e-02	1.551303e+01
1.914000e-05	3.004074e-02	1.549140e+01
1.915000e-05	3.173441e-02	1.543079e+01
1.916000e-05	3.902008e-02	1.539869e+01
1.917000e-05	3.998934e-02	1.532451e+01
1.918000e-05	3.652363e-02	1.529185e+01
1.919000e-05	4.046108e-02	1.523885e+01
1.920000e-05	4.638288e-02	1.517561e+01
1.921000e-05	4.976492e-02	1.509238e+01
1.922000e-05	4.589497e-02	1.501675e+01
1.923000e-05	4.992256e-02	1.490449e+01
1.924000e-05	5.704174e-02	1.483893e+01
1.925000e-05	6.089181e-02	1.476712e+01
1.926000e-05	5.986226e-02	1.466132e+01
1.927000e-05	5.980318e-02	1.456361e+01
1.928000e-05	6.550650e-02	1.443930e+01
1.929000e-05	6.595475e-02	1.430353e+01
1.930000e-05	6.594078e-02	1.417529e+01
1.931000e-05	6.145882e-02	1.406048e+01
1.932000e-05	6.544334e-02	1.392448e+01
1.933000e-05	6.323864e-02	1.380714e+01
1.934000e-05	6.012394e-02	1.366745e+01
1.935000e-05	5.450768e-02	1.352198e+01
1.936000e-05	5.489106e-02	1.335514e+01
1.937000e-05	5.213556e-02	1.320674e+01
1.938000e-05	4.734927e-02	1.302925e+01
1.939000e-05	4.280643e-02	1.288098e+01
1.940000e-05	4.168918e-02	1.268254e+01
1.941000e-05	4.127769e-02	1.254261e+01
1.942000e-05	3.624174e-02	1.235522e+01
1.943000e-05	3.085952e-02	1.218677e+01
1.944000e-05	2.886912e-02	1.201732e+01
1.945000e-05	2.976962e-02	1.183785e+01
1.946000e-05	2.645456e-02	1.161725e+01
1.947000e-05	2.201664e-02	1.139564e+01
1.948000e-05	2.108949e-02	1.118614e+01
1.949000e-05	2.239483e-02	1.098672e+01
1.950000e-05	2.012707e-02	1.075529e+01
1.951000e-05	1.525149e-02	1.057472e+01
1.952000e-05	1.431993e-02	1.029314e+01
1.953000e-05	1.590498e-02	1.013206e+01
1.954000e-05	1.305597e-02	9.872931e+00
1.955000e-05	1.027748e-02	9.637882e+00
1.956000e-05	8.905934e-03	9.438852e+00
1.957000e-05	1.082264e-02	9.216373e+00
1.958000e-05	9.523546e-03	8.965693e+00
1.959000e-05	6.746304e-03	8.723014e+00
1.960000e-05	6.987880e-03	8.490012e+00
1.961000e-05	8.201529e-03	8.209356e+00
1.962000e-05	5.435296e-03	7.986348e+00
1.963000e-05	3.100005e-03	7.715069e+00
1.964000e-05	3.144462e-03	7.501461e+00
1.965000e-05	4.881353e-03	7.186622e+00
1.966000e-05	4.346143e-03	6.972638e+00
1.967000e-05	1.946371e-03	6.719460e+00
1.968000e-05	1.221129e-03	6.368350e+00
1.969000e-05	2.880404e-03	6.124692e+00
1.970000e-05	2.197765e-03	5.882987e+00
1.971000e-05	7.337247e-04	5.608300e+00
1.972000e-05	-1.198046e-03	5.324640e+00
1.973000e-05	5.801463e-04	5.015276e+00
1.974000e-05	1.313609e-03	4.722113e+00
1.975000e-05	-2.077069e-03	4.438881e+00
1.976000e-05	-2.423946e-03	4.164323e+00
1.977000e-05	-8.130451e-04	3.819636e+00
1.978000e-05	-4.521293e-04	3.608353e+00
1.979000e-05	-2.355339e-03	3.282139e+00
1.980000e-05	-1.992744e-03	3.018456e+00
1.981000e-05	-4.364514e-03	2.764748e+00
1.982000e-05	-2.133134e-03	2.450661e+00
1.983000e-05	-4.179881e-03	2.166327e+00
1.984000e-05	-5.180720e-03	1.923145e+00
1.985000e-05	-1.369257e-03	1.597501e+00
1.986000e-05	-2.678912e-03	1.302690e+00
1.987000e-05	-2.065863e-03	9.564259e-01
1.988000e-05	-5.900276e-03	6.901116e-01
1.989000e-05	-4.170680e-03	4.278249e-01
1.990000e-05	-4.589463e-03	7.169438e-02
1.991000e-05	1.917961e-03	-1.600176e-01
1.992000e-05	2.801316e-03	-4.206465e-01
1.993000e-05	-2.376294e-03	-7.279134e-01
1.994000e-05	-7.487746e-05	-9.619700e-01
1.995000e-05	-2.214703e-03	-1.214627e+00
1.996000e-05	-4.034968e-03	-1.588919e+00
1.997000e-05	8.143129e-04	-1.781968e+00
1.998000e-05	4.063963e-02	-1.972574e+00
1.999000e-05	8.608865e-02	-2.286377e+00
2.000000e-05	-8.141299e-02	-2.697307e+00
2.001000e-05	-3.849564e-02	-3.066673e+00
2.002000e-05	-4.561731e-02	-3.369464e+00
2.003000e-05	-1.235773e-02	-3.599945e+00
2.004000e-05	-6.951969e-02	-3.904701e+00
2.005000e-05	1.352768e-01	-4.041578e+00
2.006000e-05	-1.007863e-01	-4.295701e+00
2.007000e-05	4.615607e-02	-4.569870e+00
2.008000e-05	9.608293e-02	-4.792591e+00
2.009000e-05	-1.593863e-01	-5.148859e+00
2.010000e-05	1.137836e-01	-5.423100e+00
2.011000e-05	-1.550239e-01	-5.709408e+00
2.012000e-05	8.491782e-02	-6.020467e+00
2.013000e-05	9.037197e-03	-6.272070e+00
2.014000e-05	-7.006820e-02	-6.549884e+00
2.015000e-05	1.098365e-01	-6.789914e+00
2.016000e-05	-1.131545e-01	-7.095755e+00
2.017000e-05	5.969824e-02	-7.408919e+00
2.018000e-05	-7.470641e-02	-7.603495e+00
2.019000e-05	3.058226e-03	-7.967810e+00
2.020000e-05	4.725888e-02	-8.160414e+00
2.021000e-05	-7.871395e-02	-8.412544e+00
2.022000e-05	8.913578e-02	-8.695050e+00
2.023000e-05	-1.035503e-01	-8.936709e+00
2.024000e-05	5.200443e-02	-9.116708e+00
2.025000e-05	-5.424182e-02	-9.400308e+00
2.026000e-05	3.696038e-03	-9.632570e+00
2.027000e-05	2.528642e-03	-9.861094e+00
2.028000e-05	-3.336453e-02	-1.006363e+01
2.029000e-05	4.048674e-02	-1.029550e+01
2.030000e-05	-6.898306e-02	-1.050623e+01
2.031000e-05	3.824663e-02	-1.070671e+01
2.032000e-05	-6.491661e-02	-1.091723e+01
2.033000e-05	3.308232e-02	-1.116676e+01
2.034000e-05	-4.598972e-02	-1.137728e+01
2.035000e-05	1.229735e-02	-1.160878e+01
2.036000e-05	-2.241932e-02	-1.179026e+01
2.037000e-05	-4.941273e-03	-1.198044e+01
2.038000e-05	-1.488580e-02	-1.218676e+01
2.039000e-05	-2.662459e-02	-1.236831e+01
2.040000e-05	9.357868e-04	-1.256718e+01
2.041000e-05	-2.864374e-02	-1.272515e+01
2.042000e-05	4.879307e-03	-1.292310e+01
2.043000e-05	-3.478073e-02	-1.303239e+01
2.044000e-05	6.435454e-03	-1.320037e+01
2.045000e-05	-3.277079e-02	-1.335718e+01
2.046000e-05	-2.070953e-03	-1.352258e+01
2.047000e-05	-3.190771e-02	-1.365187e+01
2.048000e-05	-6.103050e-03	-1.381834e+01
2.049000e-05	-2.081443e-02	-1.392556e+01
2.050000e-05	-1.313602e-02	-1.409047e+01
2.051000e-05	-1.987467e-02	-1.419879e+01
2.052000e-05	-1.893178e-02	-1.432600e+01
2.053000e-05	-1.530113e-02	-1.445145e+01
2.054000e-05	-2.323306e-02	-1.453629e+01
2.055000e-05	-1.580975e-02	-1.468142e+01
2.056000e-05	-2.336644e-02	-1.477626e+01
2.057000e-05	-1.294797e-02	-1.486087e+01
2.058000e-05	-2.381627e-02	-1.494508e+01
2.059000e-05	-1.842801e-02	-1.503034e+01
2.060000e-05	-2.639931e-02	-1.510451e+01
2.061000e-05	-1.856834e-02	-1.517611e+01
2.062000e-05	-2.506702e-02	-1.528089e+01
2.063000e-05	-2.075653e-02	-1.531452e+01
2.064000e-05	-2.506813e-02	-1.533574e+01
2.065000e-05	-1.958925e-02	-1.538669e+01
2.066000e-05	-2.544752e-02	-1.546829e+01
2.067000e-05	-2.698740e-02	-1.546243e+01
2.068000e-05	-2.775109e-02	-1.553511e+01
2.069000e-05	-2.728797e-02	-1.552368e+01
2.070000e-05	-2.469244e-02	-1.557616e+01
2.071000e-05	-2.875400e-02	-1.555866e+01
2.072000e-05	-2.818598e-02	-1.561822e+01
2.073000e-05	-2.964710e-02	-1.561877e+01
2.074000e-05	-3.048672e-02	-1.562877e+01
2.075000e-05	-3.518855e-02	-1.562632e+01
2.076000e-05	-3.616457e-02	-1.558919e+01
2.077000e-05	-3.495589e-02	-1.553569e+01
2.078000e-05	-3.526657e-02	-1.550503e+01
2.079000e-05	-3.745358e-02	-1.548600e+01
2.080000e-05	-4.003028e-02	-1.547842e+01
2.081000e-05	-4.053867e-02	-1.545832e+01
2.082000e-05	-4.090055e-02	-1.538622e+01
2.083000e-05	-4.536439e-02	-1.536359e+01
2.084000e-05	-4.821964e-02	-1.528200e+01
2.085000e-05	-4.815375e-02	-1.521784e+01
2.086000e-05	-4.819831e-02	-1.514513e+01
2.087000e-05	-5.327912e-02	-1.508035e+01
2.088000e-05	-5.735268e-02	-1.501724e+01
2.089000e-05	-5.804565e-02	-1.494253e+01
2.090000e-05	-6.024042e-02	-1.482827e+01
2.091000e-05	-6.325878e-02	-1.475356e+01
2.092000e-05	-6.962794e-02	-1.465835e+01
2.093000e-05	-6.855298e-02	-1.454359e+01
2.094000e-05	-6.949572e-02	-1.442775e+01
2.095000e-05	-7.114517e-02	-1.434103e+01
2.096000e-05	-7.268359e-02	-1.417566e+01
2.097000e-05	-7.242992e-02	-1.402880e+01
2.098000e-05	-6.891924e-02	-1.390338e+01
2.099000e-05	-6.776443e-02	-1.378477e+01
2.100000e-05	-6.634490e-02	-1.366787e+01
2.101000e-05	-6.453351e-02	-1.350183e+01
2.102000e-05	-5.928630e-02	-1.335311e+01
2.103000e-05	-5.591343e-02	-1.318669e+01
2.104000e-05	-5.452688e-02	-1.303985e+01
2.105000e-05	-5.204876e-02	-1.291900e+01
2.106000e-05	-4.829025e-02	-1.266343e+01
2.107000e-05	-4.384947e-02	-1.252362e+01
2.108000e-05	-4.293424e-02	-1.235614e+01
2.109000e-05	-4.181171e-02	-1.217474e+01
2.110000e-05	-3.808992e-02	-1.201574e+01
2.111000e-05	-3.444738e-02	-1.177609e+01
2.112000e-05	-3.188746e-02	-1.153369e+01
2.113000e-05	-3.215414e-02	-1.134411e+01
2.114000e-05	-3.014561e-02	-1.109098e+01
2.115000e-05	-2.643337e-02	-1.093156e+01
2.116000e-05	-2.561610e-02	-1.072413e+01
2.117000e-05	-2.547389e-02	-1.052106e+01
2.118000e-05	-2.404803e-02	-1.028295e+01
2.119000e-05	-2.115443e-02	-1.005733e+01
2.120000e-05	-1.926726e-02	-9.830477e+00
2.121000e-05	-2.012178e-02	-9.656855e+00
2.122000e-05	-1.914382e-02	-9.396722e+00
2.123000e-05	-1.764344e-02	-9.133144e+00
2.124000e-05	-1.494849e-02	-8.963613e+00
2.125000e-05	-1.642660e-02	-8.681585e+00
2.126000e-05	-1.619292e-02	-8.448404e+00
2.127000e-05	-1.428087e-02	-8.189301e+00
2.128000e-05	-1.196991e-02	-7.954068e+00
2.129000e-05	-1.436569e-02	-7.683562e+00
2.130000e-05	-1.376656e-02	-7.437772e+00
2.131000e-05	-1.268646e-02	-7.165199e+00
2.132000e-05	-9.557735e-03	-6.861534e+00
2.133000e-05	-1.088082e-02	-6.618478e+00
2.134000e-05	-1.052006e-02	-6.374751e+00
2.135000e-05	-1.182486e-02	-6.080513e+00
2.136000e-05	-8.238595e-03	-5.847806e+00
2.137000e-05	-9.029880e-03	-5.575294e+00
2.138000e-05	-9.444102e-03	-5.240060e+00
2.139000e-05	-1.020667e-02	-4.952819e+00
2.140000e-05	-5.318359e-03	-4.606980e+00
2.141000e-05	-6.319655e-03	-4.398375e+00
2.142000e-05	-7.984537e-03	-4.164770e+00
2.143000e-05	-9.583549e-03	-3.861031e+00
2.144000e-05	-7.259292e-03	-3.566321e+00
2.145000e-05	-6.713260e-03	-3.322591e+00
2.146000e-05	-6.701224e-03	-3.026402e+00
2.147000e-05	-6.368154e-03	-2.711169e+00
2.148000e-05	-3.566051e-03	-2.409960e+00
2.149000e-05	-3.549306e-03	-2.133746e+00
2.150000e-05	-6.784625e-03	-1.881013e+00
2.151000e-05	-7.264579e-03	-1.588848e+00
2.152000e-05	-5.253823e-03	-1.228536e+00
2.153000e-05	-2.777281e-03	-9.363507e-01
2.154000e-05	-5.031937e-03	-6.600867e-01
2.155000e-05	-3.339407e-03	-3.659245e-01
2.156000e-05	-9.652114e-04	-1.226940e-01
2.157000e-05	1.022045e-02	1.935201e-01
2.158000e-05	3.257236e-04	4.842291e-01
2.159000e-05	1.459769e-03	7.273109e-01
2.160000e-05	-5.735189e-04	1.014516e+00
2.161000e-05	3.624565e-03	1.306786e+00
2.162000e-05	1.286915e-03	1.632055e+00
2.163000e-05	5.170399e-03	1.906156e+00
2.164000e-05	2.643445e-02	2.127754e+00
2.165000e-05	8.661138e-02	2.353545e+00
2.166000e-05	-1.924588e-02	2.751039e+00
2.167000e-05	-5.975321e-02	3.105752e+00
2.168000e-05	-4.196071e-02	3.329361e+00
2.169000e-05	6.022141e-03	3.622596e+00
2.170000e-05	-3.050941e-02	3.804103e+00
2.171000e-05	-4.185126e-02	4.043594e+00
2.172000e-05	9.573543e-02	4.308308e+00
2.173000e-05	-3.861575e-02	4.653074e+00
2.174000e-05	7.649759e-02	4.815678e+00
2.175000e-05	2.678994e-02	5.215120e+00
2.176000e-05	-8.772810e-02	5.566307e+00
2.177000e-05	6.243403e-02	5.782491e+00
2.178000e-05	-3.521667e-02	6.074650e+00
2.179000e-05	4.105076e-02	6.307177e+00
2.180000e-05	-2.346390e-02	6.631942e+00
2.181000e-05	-1.941364e-03	6.885102e+00
2.182000e-05	6.628888e-02	7.180259e+00
2.183000e-05	-3.078862e-02	7.452363e+00
2.184000e-05	-5.979537e-04	7.695703e+00
2.185000e-05	-3.287848e-02	8.001309e+00
2.186000e-05	6.572386e-02	8.263626e+00
2.187000e-05	6.589006e-03	8.433073e+00
2.188000e-05	-3.030261e-02	8.683102e+00
2.189000e-05	3.462980e-02	8.888208e+00
2.190000e-05	-1.010306e-02	9.170987e+00
2.191000e-05	3.571146e-02	9.390370e+00
2.192000e-05	-3.023655e-02	9.653520e+00
2.193000e-05	1.928667e-02	9.874075e+00
2.194000e-05	1.118481e-02	1.010663e+01
2.195000e-05	2.841933e-02	1.027413e+01
2.196000e-05	1.131122e-05	1.052768e+01
2.197000e-05	-1.963737e-02	1.073823e+01
2.198000e-05	3.012687e-02	1.097831e+01
2.199000e-05	3.805884e-03	1.115619e+01
2.200000e-05	1.794929e-02	1.136976e+01
2.201000e-05	-1.590207e-02	1.158982e+01
2.202000e-05	3.175979e-02	1.181037e+01
2.203000e-05	1.278125e-02	1.204134e+01
2.204000e-05	1.302688e-02	1.220983e+01
2.205000e-05	-7.936729e-03	1.237031e+01
2.206000e-05	1.140082e-02	1.255721e+01
2.207000e-05	2.312944e-02	1.271570e+01
2.208000e-05	5.895862e-03	1.288505e+01
2.209000e-05	6.578645e-03	1.306084e+01
2.210000e-05	6.806326e-03	1.323234e+01
2.211000e-05	2.930826e-02	1.338779e+01
2.212000e-05	5.697233e-03	1.348258e+01
2.213000e-05	6.234003e-03	1.369247e+01
2.214000e-05	5.809750e-03	1.380977e+01
2.215000e-05	2.473974e-02	1.391713e+01
2.216000e-05	1.336878e-02	1.405448e+01
2.217000e-05	5.738175e-03	1.429084e+01
2.218000e-05	1.257530e-02	1.432768e+01
2.219000e-05	2.065686e-02	1.448243e+01
2.220000e-05	1.777066e-02	1.456076e+01
2.221000e-05	4.564843e-03	1.468308e+01
2.222000e-05	1.355096e-02	1.479876e+01
2.223000e-05	1.894299e-02	1.486295e+01
2.224000e-05	2.252195e-02	1.495616e+01
2.225000e-05	1.100974e-02	1.504032e+01
2.226000e-05	1.227487e-02	1.508505e+01
2.227000e-05	2.016563e-02	1.515716e+01
2.228000e-05	2.059620e-02	1.522139e+01
2.229000e-05	1.405581e-02	1.532396e+01
2.230000e-05	1.154111e-02	1.534658e+01
2.231000e-05	2.307847e-02	1.542824e+01
2.232000e-05	2.382895e-02	1.543032e+01
2.233000e-05	1.915602e-02	1.548345e+01
2.234000e-05	1.602703e-02	1.553156e+01
2.235000e-05	2.360000e-02	1.555666e+01
2.236000e-05	2.583249e-02	1.555474e+01
2.237000e-05	2.083984e-02	1.557776e+01
2.238000e-05	1.938610e-02	1.559971e+01
2.239000e-05	2.372620e-02	1.559976e+01
2.240000e-05	3.107686e-02	1.558726e+01
2.241000e-05	2.626691e-02	1.559781e+01
2.242000e-05	2.497514e-02	1.556721e+01
2.243000e-05	2.978299e-02	1.554563e+01
2.244000e-05	3.595317e-02	1.553558e+01
2.245000e-05	3.352246e-02	1.547295e+01
2.246000e-05	2.933366e-02	1.543985e+01
2.247000e-05	3.356785e-02	1.544972e+01
2.248000e-05	3.935464e-02	1.541659e+01
2.249000e-05	4.112684e-02	1.531353e+01
2.250000e-05	3.679035e-02	1.528141e+01
2.251000e-05	4.219152e-02	1.524769e+01
2.252000e-05	4.782283e-02	1.515511e+01
2.253000e-05	5.012186e-02	1.507185e+01
2.254000e-05	4.745299e-02	1.499459e+01
2.255000e-05	4.966949e-02	1.488356e+01
2.256000e-05	5.746028e-02	1.482637e+01
2.257000e-05	6.079163e-02	1.474300e+01
2.258000e-05	6.050002e-02	1.465829e+01
2.259000e-05	6.173302e-02	1.452348e+01
2.260000e-05	6.607897e-02	1.440867e+01
2.261000e-05	6.710069e-02	1.426093e+01
2.262000e-05	6.360830e-02	1.418504e+01
2.263000e-05	6.178474e-02	1.396770e+01
2.264000e-05	6.351979e-02	1.388183e+01
2.265000e-05	6.272801e-02	1.373556e+01
2.266000e-05	5.750312e-02	1.361714e+01
2.267000e-05	5.265215e-02	1.340890e+01
2.268000e-05	5.251917e-02	1.328048e+01
2.269000e-05	5.182742e-02	1.314463e+01
2.270000e-05	4.692549e-02	1.296667e+01
2.271000e-05	4.193146e-02	1.276877e+01
2.272000e-05	3.978635e-02	1.264990e+01
2.273000e-05	3.887648e-02	1.248140e+01
2.274000e-05	3.517141e-02	1.230301e+01
2.275000e-05	3.006661e-02	1.215354e+01
2.276000e-05	2.809428e-02	1.195319e+01
2.277000e-05	2.791906e-02	1.173154e+01
2.278000e-05	2.574524e-02	1.151452e+01
2.279000e-05	2.132260e-02	1.129346e+01
2.280000e-05	2.016296e-02	1.108153e+01
2.281000e-05	2.105805e-02	1.091304e+01
2.282000e-05	1.946127e-02	1.070301e+01
2.283000e-05	1.625247e-02	1.047995e+01
2.284000e-05	1.266717e-02	1.025186e+01
2.285000e-05	1.467605e-02	1.003588e+01
2.286000e-05	1.358165e-02	9.786722e+00
2.287000e-05	1.063335e-02	9.564672e+00
2.288000e-05	7.888365e-03	9.324637e+00
2.289000e-05	9.671726e-03	9.134591e+00
2.290000e-05	9.931379e-03	8.870381e+00
2.291000e-05	7.694089e-03	8.637931e+00
2.292000e-05	5.156900e-03	8.405251e+00
2.293000e-05	6.203321e-03	8.136164e+00
2.294000e-05	6.554398e-03	7.871559e+00
2.295000e-05	4.079505e-03	7.647881e+00
2.296000e-05	2.294053e-03	7.374745e+00
2.297000e-05	2.357609e-03	7.083034e+00
2.298000e-05	4.316089e-03	6.828931e+00
2.299000e-05	2.515808e-03	6.604247e+00
2.300000e-05	8.798848e-04	6.282591e+00
2.301000e-05	7.498411e-04	6.048929e+00
2.302000e-05	2.489171e-03	5.783372e+00
2.303000e-05	2.001162e-03	5.532665e+00
2.304000e-05	-2.014466e-04	5.278805e+00
2.305000e-05	-1.029038e-03	4.881014e+00
2.306000e-05	3.921024e-04	4.607353e+00
2.307000e-05	-2.968474e-05	4.343694e+00
2.308000e-05	-1.604732e-03	4.008454e+00
2.309000e-05	-2.629581e-03	3.754795e+00
2.310000e-05	-1.530880e-03	3.540641e+00
2.311000e-05	-9.497384e-04	3.195376e+00
2.312000e-05	-2.957373e-03	2.934267e+00
2.313000e-05	-4.482301e-03	2.661486e+00
2.314000e-05	-2.376030e-03	2.354667e+00
2.315000e-05	-1.945907e-03	2.062012e+00
2.316000e-05	-3.277999e-03	1.785407e+00
2.317000e-05	-5.134996e-03	1.503112e+00
2.318000e-05	-4.419779e-03	1.185852e+00
2.319000e-05	-3.330997e-03	8.820113e-01
2.320000e-05	-3.837179e-03	5.668759e-01
2.321000e-05	-5.190198e-03	3.111955e-01
2.322000e-05	-2.333746e-03	2.839980e-02
2.323000e-05	7.900295e-03	-2.946533e-01
2.324000e-05	-1.440902e-03	-4.687843e-01
2.325000e-05	-9.340395e-04	-8.136227e-01
2.326000e-05	-6.869875e-03	-1.075252e+00
2.327000e-05	-2.583537e-04	-1.360890e+00
2.328000e-05	-4.333527e-03	-1.634154e+00
2.329000e-05	1.261598e-02	-1.905252e+00
2.330000e-05	7.641038e-02	-2.066834e+00
2.331000e-05	2.357370e-02	-2.434625e+00
2.332000e-05	-7.861999e-02	-2.803547e+00
2.333000e-05	-3.799443e-02	-3.168521e+00
2.334000e-05	-3.208388e-02	-3.435123e+00
2.335000e-05	-3.990724e-02	-3.653678e+00
2.336000e-05	-7.932375e-03	-3.935883e+00
2.337000e-05	1.171215e-01	-4.106785e+00
2.338000e-05	-1.593811e-01	-4.371495e+00
2.339000e-05	1.765767e-01	-4.673049e+00
2.340000e-05	-6.839732e-02	-4.927808e+00
2.341000e-05	-4.467134e-02	-5.286131e+00
2.342000e-05	4.606902e-02	-5.557387e+00
2.343000e-05	-1.491892e-01	-5.853141e+00
2.344000e-05	1.586679e-01	-6.104178e+00
2.345000e-05	-1.040238e-01	-6.339336e+00
2.346000e-05	4.393110e-02	-6.663674e+00
2.347000e-05	2.298943e-02	-6.887777e+00
2.348000e-05	-7.668747e-02	-7.212019e+00
2.349000e-05	6.452515e-02	-7.452549e+00
2.350000e-05	-1.182301e-01	-7.768737e+00
2.351000e-05	8.266637e-02	-8.010472e+00
2.352000e-05	-4.538870e-02	-8.274598e+00
2.353000e-05	3.632882e-03	-8.536182e+00
2.354000e-05	3.108185e-02	-8.776332e+00
2.355000e-05	-8.684979e-02	-9.031942e+00
2.356000e-05	6.726842e-02	-9.210966e+00
2.357000e-05	-9.054122e-02	-9.484120e+00
2.358000e-05	6.097367e-02	-9.705734e+00
2.359000e-05	-6.235332e-02	-9.906204e+00
2.360000e-05	3.251782e-02	-1.016874e+01
2.361000e-05	-2.140690e-02	-1.033736e+01
2.362000e-05	-2.180385e-02	-1.061144e+01
2.363000e-05	2.616922e-03	-1.076781e+01
2.364000e-05	-4.392653e-02	-1.103092e+01
2.365000e-05	2.911227e-02	-1.121199e+01
2.366000e-05	-5.021913e-02	-1.141294e+01
2.367000e-05	2.739515e-02	-1.167297e+01
2.368000e-05	-4.414977e-02	-1.185294e+01
2.369000e-05	1.794184e-02	-1.208255e+01
2.370000e-05	-4.271900e-02	-1.222995e+01
2.371000e-05	1.209772e-03	-1.247089e+01
2.372000e-05	-2.469093e-02	-1.262879e+01
2.373000e-05	-4.696197e-03	-1.280891e+01
2.374000e-05	-1.440841e-02	-1.295620e+01
2.375000e-05	-1.891734e-02	-1.310308e+01
2.376000e-05	-5.066650e-03	-1.324202e+01
2.377000e-05	-2.524505e-02	-1.344024e+01
2.378000e-05	-4.353502e-03	-1.354663e+01
2.379000e-05	-3.249521e-02	-1.370413e+01
2.380000e-05	-2.999762e-03	-1.386347e+01
2.381000e-05	-2.711935e-02	-1.398626e+01
2.382000e-05	-5.457206e-03	-1.414448e+01
2.383000e-05	-2.674093e-02	-1.428185e+01
2.384000e-05	-1.137483e-02	-1.436524e+01
2.385000e-05	-2.231471e-02	-1.448397e+01
2.386000e-05	-1.578212e-02	-1.459786e+01
2.387000e-05	-2.166438e-02	-1.469403e+01
2.388000e-05	-1.983757e-02	-1.480627e+01
2.389000e-05	-1.788463e-02	-1.488200e+01
2.390000e-05	-1.979359e-02	-1.497711e+01
2.391000e-05	-2.129784e-02	-1.505282e+01
2.392000e-05	-2.439140e-02	-1.513403e+01
2.393000e-05	-2.031274e-02	-1.518626e+01
2.394000e-05	-2.312324e-02	-1.524290e+01
2.395000e-05	-2.180145e-02	-1.529518e+01
2.396000e-05	-2.606108e-02	-1.535574e+01
2.397000e-05	-2.012913e-02	-1.541839e+01
2.398000e-05	-2.628468e-02	-1.544092e+01
2.399000e-05	-2.374503e-02	-1.549350e+01
2.400000e-05	-3.059164e-02	-1.549406e+01
2.401000e-05	-2.555424e-02	-1.555574e+01
2.402000e-05	-2.717374e-02	-1.555519e+01
2.403000e-05	-2.714186e-02	-1.558672e+01
2.404000e-05	-2.971461e-02	-1.560634e+01
2.405000e-05	-3.194598e-02	-1.557780e+01
2.406000e-05	-3.075754e-02	-1.561770e+01
2.407000e-05	-3.342526e-02	-1.558727e+01
2.408000e-05	-3.416555e-02	-1.556616e+01
2.409000e-05	-3.691378e-02	-1.554561e+01
2.410000e-05	-3.807642e-02	-1.552308e+01
2.411000e-05	-3.896301e-02	-1.549200e+01
2.412000e-05	-4.012459e-02	-1.544987e+01
2.413000e-05	-4.207203e-02	-1.539719e+01
2.414000e-05	-4.273802e-02	-1.537559e+01
2.415000e-05	-4.356706e-02	-1.534398e+01
2.416000e-05	-4.628626e-02	-1.527202e+01
2.417000e-05	-5.037835e-02	-1.520624e+01
2.418000e-05	-5.235033e-02	-1.513495e+01
2.419000e-05	-5.444082e-02	-1.508030e+01
2.420000e-05	-5.670673e-02	-1.497416e+01
2.421000e-05	-6.058300e-02	-1.489046e+01
2.422000e-05	-6.236217e-02	-1.481775e+01
2.423000e-05	-6.435469e-02	-1.468201e+01
2.424000e-05	-6.752363e-02	-1.462424e+01
2.425000e-05	-7.119025e-02	-1.452258e+01
2.426000e-05	-7.292836e-02	-1.438509e+01
2.427000e-05	-7.063365e-02	-1.425135e+01
2.428000e-05	-6.952618e-02	-1.414193e+01
2.429000e-05	-7.170346e-02	-1.402614e+01
2.430000e-05	-7.070760e-02	-1.387990e+01
2.431000e-05	-6.756298e-02	-1.372201e+01
2.432000e-05	-6.400771e-02	-1.357571e+01
2.433000e-05	-6.268459e-02	-1.338032e+01
2.434000e-05	-6.039160e-02	-1.330148e+01
2.435000e-05	-5.546466e-02	-1.313461e+01
2.436000e-05	-5.103186e-02	-1.299464e+01
2.437000e-05	-4.874740e-02	-1.280779e+01
2.438000e-05	-4.953336e-02	-1.262825e+01
2.439000e-05	-4.461462e-02	-1.248888e+01
2.440000e-05	-4.080574e-02	-1.230201e+01
2.441000e-05	-3.895961e-02	-1.213098e+01
2.442000e-05	-3.860366e-02	-1.194298e+01
2.443000e-05	-3.587168e-02	-1.171103e+01
2.444000e-05	-3.020612e-02	-1.148993e+01
2.445000e-05	-2.862712e-02	-1.124840e+01
2.446000e-05	-3.025620e-02	-1.106985e+01
2.447000e-05	-2.786827e-02	-1.082735e+01
2.448000e-05	-2.388632e-02	-1.063995e+01
2.449000e-05	-2.271608e-02	-1.046733e+01
2.450000e-05	-2.351831e-02	-1.019710e+01
2.451000e-05	-2.252127e-02	-9.986223e+00
2.452000e-05	-1.923694e-02	-9.806225e+00
2.453000e-05	-1.817437e-02	-9.564143e+00
2.454000e-05	-1.848757e-02	-9.311540e+00
2.455000e-05	-1.915139e-02	-9.061060e+00
2.456000e-05	-1.512668e-02	-8.878430e+00
2.457000e-05	-1.451360e-02	-8.615301e+00
2.458000e-05	-1.606308e-02	-8.333619e+00
2.459000e-05	-1.639535e-02	-8.132094e+00
2.460000e-05	-1.255371e-02	-7.870581e+00
2.461000e-05	-1.135294e-02	-7.584220e+00
2.462000e-05	-1.252076e-02	-7.323665e+00
2.463000e-05	-1.376655e-02	-7.059409e+00
2.464000e-05	-1.145839e-02	-6.774772e+00
2.465000e-05	-9.362754e-03	-6.514242e+00
2.466000e-05	-1.022111e-02	-6.272488e+00
2.467000e-05	-1.223392e-02	-6.017348e+00
2.468000e-05	-9.612858e-03	-5.723666e+00
2.469000e-05	-8.266929e-03	-5.478555e+00
2.470000e-05	-7.972189e-03	-5.154165e+00
2.471000e-05	-1.142777e-02	-4.836307e+00
2.472000e-05	-7.633984e-03	-4.514718e+00
2.473000e-05	-6.885514e-03	-4.281139e+00
2.474000e-05	-6.272985e-03	-4.018508e+00
2.475000e-05	-9.938874e-03	-3.734794e+00
2.476000e-05	-8.002749e-03	-3.491039e+00
2.477000e-05	-7.160943e-03	-3.196830e+00
2.478000e-05	-4.358373e-03	-2.870109e+00
2.479000e-05	-7.110397e-03	-2.638430e+00
2.480000e-05	-5.688520e-03	-2.353197e+00
2.481000e-05	-4.866157e-03	-2.009456e+00
2.482000e-05	-4.173654e-03	-1.754297e+00
2.483000e-05	-7.001935e-03	-1.461560e+00
2.484000e-05	-6.770049e-03	-1.135273e+00
2.485000e-05	-3.793647e-03	-8.910101e-01
2.486000e-05	-1.918266e-03	-5.237708e-01
2.487000e-05	-1.819736e-03	-2.831891e-01
2.488000e-05	-6.094269e-04	3.315528e-02
2.489000e-05	1.018321e-02	3.182857e-01
2.490000e-05	-1.341866e-03	5.499949e-01
2.491000e-05	3.436030e-03	8.136726e-01
2.492000e-05	-4.441284e-03	1.109463e+00
2.493000e-05	3.833568e-03	1.351445e+00
2.494000e-05	-6.596293e-05	1.728785e+00
2.495000e-05	1.450153e-02	1.960417e+00
2.496000e-05	4.269980e-02	2.193065e+00
2.497000e-05	7.569868e-02	2.550861e+00
2.498000e-05	-5.954915e-02	2.898307e+00
2.499000e-05	-4.587245e-02	3.158890e+00
2.500000e-05	-3.323974e-02	3.475123e+00
2.501000e-05	8.541686e-03	3.716736e+00
2.502000e-05	-5.099484e-02	3.937234e+00
2.503000e-05	2.668471e-03	4.147782e+00
2.504000e-05	9.154352e-02	4.425145e+00
2.505000e-05	-7.068335e-02	4.698709e+00
2.506000e-05	1.449338e-01	5.011442e+00
2.507000e-05	-7.910380e-02	5.360438e+00
2.508000e-05	-1.168284e-02	5.560966e+00
2.509000e-05	3.235254e-02	5.897700e+00
2.510000e-05	-2.896195e-02	6.128870e+00
2.511000e-05	5.298463e-02	6.391519e+00
2.512000e-05	-5.674636e-02	6.685729e+00
2.513000e-05	5.535845e-02	6.950333e+00
2.514000e-05	1.760022e-02	7.204496e+00
2.515000e-05	-1.502264e-02	7.508281e+00
2.516000e-05	-1.964573e-02	7.747862e+00
2.517000e-05	-3.430931e-04	8.087178e+00
2.518000e-05	6.363151e-02	8.327758e+00
2.519000e-05	-2.441930e-02	8.518760e+00
2.520000e-05	3.967134e-04	8.809791e+00
2.521000e-05	1.974033e-02	9.030442e+00
2.522000e-05	9.185328e-04	9.243598e+00
2.523000e-05	1.956566e-02	9.495047e+00
2.524000e-05	-2.443331e-02	9.717237e+00
2.525000e-05	2.595450e-02	9.948836e+00
2.526000e-05	1.198425e-02	1.019827e+01
2.527000e-05	2.686150e-02	1.034982e+01
2.528000e-05	-1.331669e-02	1.062295e+01
2.529000e-05	-1.391798e-04	1.083250e+01
2.530000e-05	2.437622e-02	1.101190e+01
2.531000e-05	4.698292e-03	1.121390e+01
2.532000e-05	7.978133e-03	1.145245e+01
2.533000e-05	-3.929342e-03	1.166552e+01
2.534000e-05	3.078430e-02	1.186458e+01
2.535000e-05	9.770466e-03	1.203292e+01
2.536000e-05	7.127930e-03	1.225202e+01
2.537000e-05	-3.809127e-03	1.243252e+01
2.538000e-05	1.684928e-02	1.263039e+01
2.539000e-05	1.789240e-02	1.280726e+01
2.540000e-05	5.045316e-03	1.294761e+01
2.541000e-05	7.817394e-03	1.309605e+01
2.542000e-05	1.536574e-02	1.327459e+01
2.543000e-05	2.107633e-02	1.336987e+01
2.544000e-05	5.371413e-03	1.353861e+01
2.545000e-05	4.653310e-03	1.369663e+01
2.546000e-05	1.349606e-02	1.384134e+01
2.547000e-05	1.894661e-02	1.401977e+01
2.548000e-05	1.194438e-02	1.412716e+01
2.549000e-05	7.843008e-03	1.433250e+01
2.550000e-05	1.685765e-02	1.439981e+01
2.551000e-05	1.951560e-02	1.451461e+01
2.552000e-05	1.324906e-02	1.466942e+01
2.553000e-05	8.358135e-03	1.472616e+01
2.554000e-05	1.617504e-02	1.483839e+01
2.555000e-05	2.010536e-02	1.487496e+01
2.556000e-05	1.599600e-02	1.497669e+01
2.557000e-05	1.303232e-02	1.509187e+01
2.558000e-05	1.645338e-02	1.510409e+01
2.559000e-05	2.231501e-02	1.521077e+01
2.560000e-05	1.963575e-02	1.528293e+01
2.561000e-05	1.298237e-02	1.532450e+01
2.562000e-05	1.596028e-02	1.538719e+01
2.563000e-05	2.127592e-02	1.543924e+01
2.564000e-05	2.191681e-02	1.546287e+01
2.565000e-05	1.489499e-02	1.551250e+01
2.566000e-05	2.235396e-02	1.555558e+01
2.567000e-05	2.557444e-02	1.556318e+01
2.568000e-05	2.710914e-02	1.558719e+01
2.569000e-05	2.101744e-02	1.556877e+01
2.570000e-05	2.115525e-02	1.559829e+01
2.571000e-05	2.572582e-02	1.559775e+01
2.572000e-05	2.611248e-02	1.557721e+01
2.573000e-05	2.561213e-02	1.557729e+01
2.574000e-05	2.595842e-02	1.560766e+01
2.575000e-05	3.507511e-02	1.551456e+01
2.576000e-05	3.491522e-02	1.554266e+01
2.577000e-05	3.485012e-02	1.549345e+01
2.578000e-05	3.084978e-02	1.547044e+01
2.579000e-05	3.690015e-02	1.542714e+01
2.580000e-05	3.796562e-02	1.539499e+01
2.581000e-05	3.813370e-02	1.532400e+01
2.582000e-05	3.856580e-02	1.523979e+01
2.583000e-05	4.400066e-02	1.518717e+01
2.584000e-05	4.938810e-02	1.509303e+01
2.585000e-05	4.843858e-02	1.503990e+01
2.586000e-05	5.060807e-02	1.497461e+01
2.587000e-05	5.432745e-02	1.492340e+01
2.588000e-05	6.064883e-02	1.477671e+01
2.589000e-05	5.965328e-02	1.466145e+01
2.590000e-05	5.966676e-02	1.456509e+01
2.591000e-05	6.354054e-02	1.449235e+01
2.592000e-05	6.621439e-02	1.433264e+01
2.593000e-05	6.658943e-02	1.425877e+01
2.594000e-05	6.300774e-02	1.406306e+01
2.595000e-05	6.526506e-02	1.402514e+01
2.596000e-05	6.348036e-02	1.383725e+01
2.597000e-05	6.089781e-02	1.367003e+01
2.598000e-05	5.500377e-02	1.354253e+01
2.599000e-05	5.374498e-02	1.337767e+01
2.600000e-05	5.246945e-02	1.324983e+01
2.601000e-05	4.842822e-02	1.307133e+01
2.602000e-05	4.415857e-02	1.293256e+01
2.603000e-05	4.140627e-02	1.272409e+01
2.604000e-05	4.042492e-02	1.260677e+01
2.605000e-05	3.655798e-02	1.241735e+01
2.606000e-05	3.314887e-02	1.226128e+01
2.607000e-05	3.076324e-02	1.205787e+01
2.608000e-05	2.944122e-02	1.188035e+01
2.609000e-05	2.700667e-02	1.165936e+01
2.610000e-05	2.346784e-02	1.144980e+01
2.611000e-05	2.116233e-02	1.122883e+01
2.612000e-05	2.092185e-02	1.101937e+01
2.613000e-05	1.910102e-02	1.081935e+01
2.614000e-05	1.637965e-02	1.063022e+01
2.615000e-05	1.561892e-02	1.037674e+01
2.616000e-05	1.547034e-02	1.016467e+01
2.617000e-05	1.397920e-02	9.974142e+00
2.618000e-05	1.149071e-02	9.712060e+00
2.619000e-05	9.956787e-03	9.480483e+00
2.620000e-05	1.046140e-02	9.288985e+00
2.621000e-05	9.250618e-03	9.019276e+00
2.622000e-05	7.001839e-03	8.766747e+00
2.623000e-05	6.800606e-03	8.544195e+00
2.624000e-05	7.476359e-03	8.323615e+00
2.625000e-05	6.074370e-03	8.059458e+00
2.626000e-05	4.863368e-03	7.816351e+00
2.627000e-05	3.994545e-03	7.562767e+00
2.628000e-05	4.281177e-03	7.259454e+00
2.629000e-05	3.791514e-03	7.017351e+00
2.630000e-05	1.946196e-03	6.756645e+00
2.631000e-05	1.886008e-03	6.469954e+00
2.632000e-05	2.090050e-03	6.198402e+00
2.633000e-05	2.124036e-03	5.936274e+00
2.634000e-05	3.798149e-04	5.661561e+00
2.635000e-05	1.922283e-04	5.407430e+00
2.636000e-05	3.748764e-04	5.114089e+00
2.637000e-05	9.233441e-04	4.785751e+00
2.638000e-05	-1.086622e-03	4.511212e+00
2.639000e-05	-1.473938e-03	4.268007e+00
2.640000e-05	-2.993271e-04	3.942644e+00
2.641000e-05	-5.768330e-04	3.650559e+00
2.642000e-05	-2.558687e-03	3.396879e+00
2.643000e-05	-2.853691e-03	3.090113e+00
2.644000e-05	-2.374970e-03	2.860481e+00
2.645000e-05	-2.224736e-03	2.553193e+00
2.646000e-05	-3.274570e-03	2.229481e+00
2.647000e-05	-4.396045e-03	1.967424e+00
2.648000e-05	-3.919584e-03	1.733162e+00
2.649000e-05	-3.502183e-03	1.407827e+00
2.650000e-05	-3.841137e-03	1.071036e+00
2.651000e-05	-4.412212e-03	7.852744e-01
2.652000e-05	-4.439112e-03	4.726428e-01
2.653000e-05	-2.671982e-03	2.258822e-01
2.654000e-05	-6.862181e-04	-1.073580e-01
2.655000e-05	6.801456e-03	-3.498935e-01
2.656000e-05	-5.318059e-03	-6.446492e-01
2.657000e-05	5.386062e-04	-8.868068e-01
2.658000e-05	-7.624914e-03	-1.160995e+00
2.659000e-05	-2.026673e-03	-1.475277e+00
2.660000e-05	-3.353301e-03	-1.717911e+00
2.661000e-05	2.536133e-02	-1.968442e+00
2.662000e-05	1.000656e-01	-2.184122e+00
2.663000e-05	-5.030660e-02	-2.631490e+00
2.664000e-05	-5.417879e-02	-3.002517e+00
2.665000e-05	-4.808569e-02	-3.295209e+00
2.666000e-05	-1.381696e-02	-3.538313e+00
2.667000e-05	-7.247023e-02	-3.833616e+00
2.668000e-05	8.708761e-02	-3.969965e+00
2.669000e-05	1.763712e-03	-4.183017e+00
2.670000e-05	-7.259581e-02	-4.506204e+00
2.671000e-05	1.787962e-01	-4.757836e+00
2.672000e-05	-1.719138e-01	-5.055595e+00
2.673000e-05	8.007872e-02	-5.409867e+00
2.674000e-05	-8.180323e-02	-5.624094e+00
2.675000e-05	-2.552079e-02	-5.928858e+00
2.676000e-05	1.042348e-01	-6.132841e+00
2.677000e-05	-1.252177e-01	-6.495202e+00
2.678000e-05	1.182075e-01	-6.737808e+00
2.679000e-05	-7.830896e-02	-7.023466e+00
2.680000e-05	6.899770e-03	-7.325204e+00
2.681000e-05	-6.596219e-03	-7.568781e+00
2.682000e-05	-6.923523e-02	-7.885623e+00
2.683000e-05	9.424544e-02	-8.114683e+00
2.684000e-05	-9.831802e-02	-8.329335e+00
2.685000e-05	7.755801e-02	-8.621872e+00
2.686000e-05	-6.100756e-02	-8.813123e+00
2.687000e-05	-4.794423e-03	-9.105180e+00
2.688000e-05	6.390836e-03	-9.286674e+00
2.689000e-05	-5.287861e-02	-9.609316e+00
2.690000e-05	5.052935e-02	-9.758842e+00
2.691000e-05	-6.996434e-02	-9.949918e+00
2.692000e-05	6.105429e-02	-1.026137e+01
2.693000e-05	-7.234370e-02	-1.045210e+01
2.694000e-05	3.026823e-02	-1.068410e+01
2.695000e-05	-4.642867e-02	-1.087303e+01
2.696000e-05	6.430205e-03	-1.111452e+01
2.697000e-05	-1.579075e-02	-1.127363e+01
2.698000e-05	-1.686165e-02	-1.153421e+01
2.699000e-05	4.811692e-03	-1.172510e+01
2.700000e-05	-2.978400e-02	-1.190671e+01
2.701000e-05	7.586549e-03	-1.214671e+01
2.702000e-05	-4.314234e-02	-1.229468e+01
2.703000e-05	1.294359e-02	-1.253310e+01
2.704000e-05	-3.657768e-02	-1.267349e+01
2.705000e-05	7.433272e-03	-1.283987e+01
2.706000e-05	-3.441245e-02	-1.295879e+01
2.707000e-05	2.403773e-03	-1.315871e+01
2.708000e-05	-2.532693e-02	-1.331508e+01
2.709000e-05	-1.037238e-02	-1.345195e+01
2.710000e-05	-2.113290e-02	-1.359834e+01
2.711000e-05	-1.629646e-02	-1.378868e+01
2.712000e-05	-1.089897e-02	-1.384350e+01
2.713000e-05	-2.073954e-02	-1.403082e+01
2.714000e-05	-1.143794e-02	-1.419763e+01
2.715000e-05	-2.446264e-02	-1.429398e+01
2.716000e-05	-1.073957e-02	-1.440137e+01
2.717000e-05	-2.670906e-02	-1.451416e+01
2.718000e-05	-1.557903e-02	-1.462990e+01
2.719000e-05	-2.407777e-02	-1.472566e+01
2.720000e-05	-1.332123e-02	-1.481880e+01
2.721000e-05	-2.160063e-02	-1.494608e+01
2.722000e-05	-1.783959e-02	-1.503977e+01
2.723000e-05	-2.444806e-02	-1.509382e+01
2.724000e-05	-1.905724e-02	-1.515411e+01
2.725000e-05	-2.571048e-02	-1.518939e+01
2.726000e-05	-2.390289e-02	-1.526508e+01
2.727000e-05	-2.503016e-02	-1.535708e+01
2.728000e-05	-2.164224e-02	-1.541824e+01
2.729000e-05	-2.228091e-02	-1.544833e+01
2.730000e-05	-2.744087e-02	-1.546992e+01
2.731000e-05	-2.483929e-02	-1.553448e+01
2.732000e-05	-2.733468e-02	-1.554561e+01
2.733000e-05	-2.417123e-02	-1.555621e+01
2.734000e-05	-3.146336e-02	-1.560666e+01
2.735000e-05	-2.941909e-02	-1.560927e+01
2.736000e-05	-3.070372e-02	-1.560824e+01
2.737000e-05	-2.938128e-02	-1.557829e+01
2.738000e-05	-3.323784e-02	-1.561772e+01
2.739000e-05	-3.402586e-02	-1.557666e+01
2.740000e-05	-3.338008e-02	-1.556663e+01
2.741000e-05	-3.477457e-02	-1.554314e+01
2.742000e-05	-3.854542e-02	-1.552356e+01
2.743000e-05	-4.135866e-02	-1.551095e+01
2.744000e-05	-4.077905e-02	-1.543780e+01
2.745000e-05	-4.148580e-02	-1.540679e+01
2.746000e-05	-4.442789e-02	-1.535566e+01
2.747000e-05	-4.636710e-02	-1.530248e+01
2.748000e-05	-4.541843e-02	-1.526985e+01
2.749000e-05	-4.776304e-02	-1.516464e+01
2.750000e-05	-5.312730e-02	-1.513143e+01
2.751000e-05	-5.839930e-02	-1.501924e+01
2.752000e-05	-5.754136e-02	-1.493364e+01
2.753000e-05	-5.998894e-02	-1.490982e+01
2.754000e-05	-6.249445e-02	-1.475469e+01
2.755000e-05	-6.730507e-02	-1.466040e+01
2.756000e-05	-6.806699e-02	-1.457471e+01
2.757000e-05	-6.837890e-02	-1.444938e+01
2.758000e-05	-7.152559e-02	-1.435351e+01
2.759000e-05	-7.295290e-02	-1.419722e+01
2.760000e-05	-7.149948e-02	-1.406038e+01
2.761000e-05	-6.866327e-02	-1.396364e+01
2.762000e-05	-6.785354e-02	-1.384720e+01
2.763000e-05	-6.788033e-02	-1.363845e+01
2.764000e-05	-6.478262e-02	-1.353301e+01
2.765000e-05	-5.977060e-02	-1.335465e+01
2.766000e-05	-5.765470e-02	-1.322632e+01
2.767000e-05	-5.580565e-02	-1.310990e+01
2.768000e-05	-5.206278e-02	-1.294256e+01
2.769000e-05	-4.714131e-02	-1.278571e+01
2.770000e-05	-4.477544e-02	-1.258620e+01
2.771000e-05	-4.305720e-02	-1.242735e+01
2.772000e-05	-4.228964e-02	-1.222785e+01
2.773000e-05	-3.724371e-02	-1.203683e+01
2.774000e-05	-3.500749e-02	-1.180935e+01
2.775000e-05	-3.535918e-02	-1.164570e+01
2.776000e-05	-3.107113e-02	-1.137625e+01
2.777000e-05	-3.113440e-02	-1.116410e+01
2.778000e-05	-2.511734e-02	-1.095517e+01
2.779000e-05	-2.804047e-02	-1.076275e+01
2.780000e-05	-2.335228e-02	-1.055565e+01
2.781000e-05	-2.243243e-02	-1.035372e+01
2.782000e-05	-1.933004e-02	-1.013264e+01
2.783000e-05	-2.212886e-02	-9.901560e+00
2.784000e-05	-2.097808e-02	-9.709038e+00
2.785000e-05	-2.189275e-02	-9.450906e+00
2.786000e-05	-1.754881e-02	-9.196402e+00
2.787000e-05	-1.795007e-02	-9.006326e+00
2.788000e-05	-1.557390e-02	-8.746640e+00
2.789000e-05	-1.426364e-02	-8.521588e+00
2.790000e-05	-1.165245e-02	-8.269534e+00
2.791000e-05	-1.339026e-02	-8.027906e+00
2.792000e-05	-1.517945e-02	-7.792191e+00
2.793000e-05	-1.404835e-02	-7.497985e+00
2.794000e-05	-1.372077e-02	-7.237380e+00
2.795000e-05	-1.148535e-02	-6.934766e+00
2.796000e-05	-1.338183e-02	-6.671658e+00
2.797000e-05	-9.787582e-03	-6.456881e+00
2.798000e-05	-8.907657e-03	-6.154275e+00
2.799000e-05	-8.566330e-03	-5.921114e+00
2.800000e-05	-1.002285e-02	-5.639855e+00
2.801000e-05	-1.073221e-02	-5.372215e+00
2.802000e-05	-9.355576e-03	-5.016953e+00
2.803000e-05	-7.581699e-03	-4.722585e+00
2.804000e-05	-8.064205e-03	-4.430036e+00
2.805000e-05	-9.479733e-03	-4.187480e+00
2.806000e-05	-8.003639e-03	-3.945195e+00
2.807000e-05	-6.429674e-03	-3.629905e+00
2.808000e-05	-8.507713e-03	-3.415372e+00
2.809000e-05	-8.273522e-03	-3.100589e+00
2.810000e-05	-6.601390e-03	-2.805850e+00
2.811000e-05	-2.305821e-03	-2.494223e+00
2.812000e-05	-4.921134e-03	-2.279455e+00
2.813000e-05	-4.448632e-03	-1.933346e+00
2.814000e-05	-8.616185e-03	-1.702062e+00
2.815000e-05	-4.611266e-03	-1.363701e+00
2.816000e-05	-7.431556e-03	-1.009011e+00
2.817000e-05	-5.024709e-03	-7.558467e-01
2.818000e-05	-4.497505e-03	-4.294787e-01
2.819000e-05	1.881471e-03	-1.768535e-01
2.820000e-05	8.256449e-03	7.931067e-02
2.821000e-05	6.574381e-03	3.815738e-01
2.822000e-05	-1.382970e-03	6.646980e-01
2.823000e-05	-9.752189e-04	9.093124e-01
2.824000e-05	-1.167535e-03	1.263151e+00
2.825000e-05	7.483542e-04	1.518328e+00
2.826000e-05	4.940141e-04	1.852152e+00
2.827000e-05	2.186999e-02	2.022650e+00
2.828000e-05	7.490710e-02	2.308257e+00
2.829000e-05	2.887832e-02	2.687249e+00
2.830000e-05	-6.646256e-02	3.022446e+00
2.831000e-05	-4.531815e-02	3.265250e+00
2.832000e-05	-1.053256e-02	3.559888e+00
2.833000e-05	-1.152762e-02	3.799946e+00
2.834000e-05	-5.493249e-02	3.989366e+00
2.835000e-05	6.208245e-02	4.242599e+00
2.836000e-05	2.475288e-02	4.569887e+00
2.837000e-05	-3.414360e-03	4.790494e+00
2.838000e-05	1.075467e-01	5.129307e+00
2.839000e-05	-1.165587e-01	5.454526e+00
2.840000e-05	4.813925e-02	5.706733e+00
2.841000e-05	-1.248670e-02	6.000968e+00
2.842000e-05	9.378314e-03	6.265525e+00
2.843000e-05	1.710703e-02	6.546358e+00
2.844000e-05	-4.139454e-02	6.790967e+00
2.845000e-05	8.077359e-02	7.093095e+00
2.846000e-05	-2.300594e-02	7.338208e+00
2.847000e-05	2.306452e-04	7.591948e+00
2.848000e-05	-3.700889e-02	7.927226e+00
2.849000e-05	4.380785e-02	8.197382e+00
2.850000e-05	3.534895e-02	8.382416e+00
2.851000e-05	-3.905317e-02	8.662423e+00
2.852000e-05	2.837310e-02	8.904076e+00
2.853000e-05	-2.746594e-03	9.095203e+00
2.854000e-05	2.644890e-02	9.337158e+00
2.855000e-05	-1.349801e-02	9.550286e+00
2.856000e-05	1.662065e-03	9.821369e+00
2.857000e-05	1.703746e-02	1.005360e+01
2.858000e-05	2.102815e-02	1.027248e+01
2.859000e-05	1.281384e-02	1.050365e+01
2.860000e-05	-2.263657e-02	1.072465e+01
2.861000e-05	2.144841e-02	1.092613e+01
2.862000e-05	1.188441e-02	1.108658e+01
2.863000e-05	1.433670e-02	1.133610e+01
2.864000e-05	-9.818447e-03	1.154813e+01
2.865000e-05	1.816631e-02	1.174926e+01
2.866000e-05	1.939313e-02	1.197716e+01
2.867000e-05	1.288232e-02	1.214766e+01
2.868000e-05	-4.320326e-03	1.233614e+01
2.869000e-05	5.626986e-03	1.253610e+01
2.870000e-05	2.220637e-02	1.271342e+01
2.871000e-05	1.255163e-02	1.283190e+01
2.872000e-05	5.586754e-03	1.299921e+01
2.873000e-05	4.593043e-03	1.317761e+01
2.874000e-05	2.647908e-02	1.334819e+01
2.875000e-05	9.319994e-03	1.346293e+01
2.876000e-05	6.765543e-03	1.364094e+01
2.877000e-05	1.430449e-03	1.376921e+01
2.878000e-05	2.441443e-02	1.391355e+01
2.879000e-05	1.552994e-02	1.402237e+01
2.880000e-05	1.077355e-02	1.422884e+01
2.881000e-05	8.248929e-03	1.433663e+01
2.882000e-05	1.985134e-02	1.448152e+01
2.883000e-05	1.729694e-02	1.453523e+01
2.884000e-05	5.617036e-03	1.468185e+01
2.885000e-05	1.074391e-02	1.477769e+01
2.886000e-05	1.864252e-02	1.484995e+01
2.887000e-05	2.623436e-02	1.491668e+01
2.888000e-05	1.237271e-02	1.502927e+01
2.889000e-05	1.422507e-02	1.511240e+01
2.890000e-05	1.667058e-02	1.512714e+01
2.891000e-05	2.113201e-02	1.523932e+01
2.892000e-05	1.339542e-02	1.527247e+01
2.893000e-05	1.222810e-02	1.539358e+01
2.894000e-05	2.143252e-02	1.539719e+01
2.895000e-05	2.587152e-02	1.546227e+01
2.896000e-05	2.114465e-02	1.550345e+01
2.897000e-05	1.499925e-02	1.550395e+01
2.898000e-05	2.178634e-02	1.551567e+01
2.899000e-05	2.576161e-02	1.559621e+01
2.900000e-05	2.213226e-02	1.560622e+01
2.901000e-05	1.871671e-02	1.559819e+01
2.902000e-05	2.344411e-02	1.557030e+01
2.903000e-05	2.975669e-02	1.564730e+01
2.904000e-05	2.701547e-02	1.560822e+01
2.905000e-05	2.528849e-02	1.559678e+01
2.906000e-05	2.809941e-02	1.554606e+01
2.907000e-05	3.623099e-02	1.548506e+01
2.908000e-05	3.385542e-02	1.552150e+01
2.909000e-05	3.057010e-02	1.545197e+01
2.910000e-05	3.229477e-02	1.544782e+01
2.911000e-05	3.827936e-02	1.538666e+01
2.912000e-05	3.987328e-02	1.536461e+01
2.913000e-05	3.678205e-02	1.529193e+01
2.914000e-05	4.166559e-02	1.521927e+01
2.915000e-05	4.617380e-02	1.516556e+01
2.916000e-05	4.976867e-02	1.512188e+01
2.917000e-05	4.622008e-02	1.504817e+01
2.918000e-05	5.026199e-02	1.491156e+01
2.919000e-05	5.638217e-02	1.485885e+01
2.920000e-05	5.937282e-02	1.474660e+01
2.921000e-05	6.000680e-02	1.467827e+01
2.922000e-05	6.012723e-02	1.458606e+01
2.923000e-05	6.689888e-02	1.441877e+01
2.924000e-05	6.690721e-02	1.431201e+01
2.925000e-05	6.594435e-02	1.418464e+01
2.926000e-05	6.092890e-02	1.403890e+01
2.927000e-05	6.538322e-02	1.390340e+01
2.928000e-05	6.176726e-02	1.375511e+01
2.929000e-05	5.956829e-02	1.365875e+01
2.930000e-05	5.338355e-02	1.346195e+01
2.931000e-05	5.371518e-02	1.336416e+01
2.932000e-05	5.251716e-02	1.319614e+01
2.933000e-05	4.710856e-02	1.300930e+01
2.934000e-05	4.201372e-02	1.284135e+01
2.935000e-05	4.085826e-02	1.271198e+01
2.936000e-05	4.030563e-02	1.251459e+01
2.937000e-05	3.530386e-02	1.235566e+01
2.938000e-05	3.019013e-02	1.219569e+01
2.939000e-05	2.936596e-02	1.197672e+01
2.940000e-05	2.957608e-02	1.178729e+01
2.941000e-05	2.659864e-02	1.159619e+01
2.942000e-05	2.255267e-02	1.137514e+01
2.943000e-05	2.079023e-02	1.114411e+01
2.944000e-05	2.127339e-02	1.096524e+01
2.945000e-05	1.901639e-02	1.077616e+01
2.946000e-05	1.573940e-02	1.054256e+01
2.947000e-05	1.451974e-02	1.028261e+01
2.948000e-05	1.607382e-02	1.010148e+01
2.949000e-05	1.382600e-02	9.860881e+00
2.950000e-05	1.128292e-02	9.627851e+00
2.951000e-05	9.225786e-03	9.417323e+00
2.952000e-05	1.150500e-02	9.176347e+00
2.953000e-05	9.632407e-03	8.943614e+00
2.954000e-05	6.854932e-03	8.721058e+00
2.955000e-05	5.448639e-03	8.459455e+00
2.956000e-05	7.028633e-03	8.238323e+00
2.957000e-05	6.677255e-03	7.975194e+00
2.958000e-05	4.262110e-03	7.712037e+00
2.959000e-05	2.900894e-03	7.440870e+00
2.960000e-05	3.935001e-03	7.176193e+00
2.961000e-05	4.721485e-03	6.933587e+00
2.962000e-05	1.724618e-03	6.659383e+00
2.963000e-05	2.129672e-03	6.365743e+00
2.964000e-05	2.381265e-03	6.143191e+00
2.965000e-05	2.970795e-03	5.861986e+00
2.966000e-05	1.433005e-03	5.636370e+00
2.967000e-05	-1.243820e-03	5.323090e+00
2.968000e-05	-5.042768e-04	4.953766e+00
2.969000e-05	1.245974e-03	4.651011e+00
2.970000e-05	-4.432009e-04	4.408277e+00
2.971000e-05	-1.550461e-03	4.133586e+00
2.972000e-05	-1.463192e-03	3.818881e+00
2.973000e-05	-8.346524e-04	3.544300e+00
2.974000e-05	-1.979238e-03	3.260561e+00
2.975000e-05	-3.027669e-03	2.977427e+00
2.976000e-05	-3.798821e-03	2.735219e+00
2.977000e-05	-1.985818e-03	2.429430e+00
2.978000e-05	-2.663331e-03	2.155292e+00
2.979000e-05	-3.990180e-03	1.890115e+00
2.980000e-05	-4.369259e-03	1.577277e+00
2.981000e-05	-3.039931e-03	1.313613e+00
2.982000e-05	-3.732369e-03	9.252994e-01
2.983000e-05	-4.596977e-03	6.304865e-01
2.984000e-05	-4.364104e-03	4.168459e-01
2.985000e-05	-1.934562e-03	7.253157e-02
2.986000e-05	3.566068e-03	-1.909926e-01
2.987000e-05	1.617483e-03	-4.261767e-01
2.988000e-05	-4.248111e-03	-7.389634e-01
2.989000e-05	-3.206832e-03	-9.810200e-01
2.990000e-05	-3.285583e-03	-1.255281e+00
2.991000e-05	-4.622120e-03	-1.519439e+00
2.992000e-05	5.214687e-03	-1.782050e+00
2.993000e-05	5.018265e-02	-2.024549e+00
2.994000e-05	7.432689e-02	-2.320912e+00
2.995000e-05	-8.421140e-02	-2.699912e+00
2.996000e-05	-3.682131e-02	-3.107802e+00
2.997000e-05	-4.516037e-02	-3.370495e+00
2.998000e-05	-1.760850e-02	-3.583123e+00
2.999000e-05	-6.106819e-02	-3.874110e+00
3.000000e-05	1.415448e-01	-4.063173e+00
3.001000e-05	-1.267488e-01	-4.306283e+00
3.002000e-05	8.555749e-02	-4.569442e+00
3.003000e-05	5.562008e-02	-4.882595e+00
3.004000e-05	-1.390981e-01	-5.200017e+00
3.005000e-05	1.052384e-01	-5.512875e+00
3.006000e-05	-1.667107e-01	-5.747912e+00
3.007000e-05	1.120298e-01	-6.011070e+00
3.008000e-05	-2.363050e-02	-6.275198e+00
3.009000e-05	-4.263981e-02	-6.601938e+00
3.010000e-05	9.354326e-02	-6.794024e+00
3.011000e-05	-1.100185e-01	-7.128779e+00
3.012000e-05	6.752679e-02	-7.418895e+00
3.013000e-05	-9.165568e-02	-7.664103e+00
3.014000e-05	2.648117e-02	-7.968437e+00
3.015000e-05	2.540128e-02	-8.180466e+00
3.016000e-05	-6.245225e-02	-8.443549e+00
3.017000e-05	8.062407e-02	-8.676130e+00
3.018000e-05	-1.073288e-01	-8.898786e+00
3.019000e-05	6.172215e-02	-9.179365e+00
3.020000e-05	-6.862754e-02	-9.391310e+00
3.021000e-05	2.327819e-02	-9.650576e+00
3.022000e-05	-1.492138e-02	-9.853074e+00
3.023000e-05	-1.667865e-02	-1.010510e+01
3.024000e-05	2.708742e-02	-1.030353e+01
3.025000e-05	-6.092619e-02	-1.052621e+01
3.026000e-05	3.353989e-02	-1.072473e+01
3.027000e-05	-6.552804e-02	-1.095726e+01
3.028000e-05	3.725042e-02	-1.113679e+01
3.029000e-05	-4.921770e-02	-1.136984e+01
3.030000e-05	2.017340e-02	-1.159029e+01
3.031000e-05	-3.105210e-02	-1.181076e+01
3.032000e-05	3.295922e-03	-1.201149e+01
3.033000e-05	-2.265569e-02	-1.219829e+01
3.034000e-05	-1.918005e-02	-1.233926e+01
3.035000e-05	-5.886219e-03	-1.256671e+01
3.036000e-05	-2.340845e-02	-1.272360e+01
3.037000e-05	1.229734e-03	-1.292362e+01
3.038000e-05	-3.211349e-02	-1.303245e+01
3.039000e-05	5.581519e-03	-1.324937e+01
3.040000e-05	-3.213619e-02	-1.341721e+01
3.041000e-05	-9.411184e-04	-1.351511e+01
3.042000e-05	-3.271668e-02	-1.362252e+01
3.043000e-05	-5.331366e-03	-1.384987e+01
3.044000e-05	-2.323012e-02	-1.397618e+01
3.045000e-05	-1.249414e-02	-1.408300e+01
3.046000e-05	-2.055916e-02	-1.420987e+01
3.047000e-05	-1.667602e-02	-1.434461e+01
3.048000e-05	-1.611792e-02	-1.445240e+01
3.049000e-05	-2.238786e-02	-1.456826e+01
3.050000e-05	-1.763096e-02	-1.465197e+01
3.051000e-05	-2.315694e-02	-1.479768e+01
3.052000e-05	-1.376638e-02	-1.488143e+01
3.053000e-05	-2.309862e-02	-1.493701e+01
3.054000e-05	-1.948690e-02	-1.503084e+01
3.055000e-05	-2.484333e-02	-1.509253e+01
3.056000e-05	-1.896029e-02	-1.517428e+01
3.057000e-05	-2.564318e-02	-1.523139e+01
3.058000e-05	-2.254175e-02	-1.528360e+01
3.059000e-05	-2.578844e-02	-1.530621e+01
3.060000e-05	-2.019667e-02	-1.539680e+01
3.061000e-05	-2.592626e-02	-1.544132e+01
3.062000e-05	-2.616141e-02	-1.548305e+01
3.063000e-05	-2.749942e-02	-1.553305e+01
3.064000e-05	-2.625163e-02	-1.553515e+01
3.065000e-05	-2.568152e-02	-1.558724e+01
3.066000e-05	-3.025818e-02	-1.558477e+01
3.067000e-05	-2.870208e-02	-1.559774e+01
3.068000e-05	-3.092264e-02	-1.561827e+01
3.069000e-05	-2.992336e-02	-1.558724e+01
3.070000e-05	-3.477535e-02	-1.561732e+01
3.071000e-05	-3.430612e-02	-1.562669e+01
3.072000e-05	-3.467747e-02	-1.556663e+01
3.073000e-05	-3.611292e-02	-1.550311e+01
3.074000e-05	-3.895773e-02	-1.552295e+01
3.075000e-05	-4.147648e-02	-1.545092e+01
3.076000e-05	-4.119233e-02	-1.540837e+01
3.077000e-05	-4.176276e-02	-1.540474e+01
3.078000e-05	-4.512539e-02	-1.531358e+01
3.079000e-05	-4.612123e-02	-1.526203e+01
3.080000e-05	-4.820184e-02	-1.519687e+01
3.081000e-05	-4.904104e-02	-1.514509e+01
3.082000e-05	-5.456554e-02	-1.508140e+01
3.083000e-05	-5.706155e-02	-1.501767e+01
3.084000e-05	-5.897949e-02	-1.489306e+01
3.085000e-05	-6.040542e-02	-1.483777e+01
3.086000e-05	-6.455678e-02	-1.472506e+01
3.087000e-05	-6.723725e-02	-1.463829e+01
3.088000e-05	-6.861590e-02	-1.453409e+01
3.089000e-05	-7.002156e-02	-1.443684e+01
3.090000e-05	-7.181049e-02	-1.430148e+01
3.091000e-05	-7.193655e-02	-1.416556e+01
3.092000e-05	-7.087092e-02	-1.402785e+01
3.093000e-05	-6.847547e-02	-1.388193e+01
3.094000e-05	-6.781289e-02	-1.377314e+01
3.095000e-05	-6.643050e-02	-1.360730e+01
3.096000e-05	-6.279905e-02	-1.345088e+01
3.097000e-05	-5.943753e-02	-1.331261e+01
3.098000e-05	-5.652638e-02	-1.315472e+01
3.099000e-05	-5.467439e-02	-1.303672e+01
3.100000e-05	-5.009892e-02	-1.287791e+01
3.101000e-05	-4.692821e-02	-1.266203e+01
3.102000e-05	-4.461928e-02	-1.254004e+01
3.103000e-05	-4.320221e-02	-1.235467e+01
3.104000e-05	-4.036823e-02	-1.216414e+01
3.105000e-05	-3.623384e-02	-1.193571e+01
3.106000e-05	-3.482782e-02	-1.174369e+01
3.107000e-05	-3.350399e-02	-1.152207e+01
3.108000e-05	-3.095692e-02	-1.130104e+01
3.109000e-05	-2.842422e-02	-1.111111e+01
3.110000e-05	-2.746255e-02	-1.091151e+01
3.111000e-05	-2.628010e-02	-1.067306e+01
3.112000e-05	-2.497806e-02	-1.048141e+01
3.113000e-05	-2.280974e-02	-1.027143e+01
3.114000e-05	-2.149385e-02	-1.003783e+01
3.115000e-05	-2.099824e-02	-9.838876e+00
3.116000e-05	-2.069144e-02	-9.626826e+00
3.117000e-05	-1.845931e-02	-9.363840e+00
3.118000e-05	-1.720814e-02	-9.133038e+00
3.119000e-05	-1.622635e-02	-8.902138e+00
3.120000e-05	-1.723828e-02	-8.699507e+00
3.121000e-05	-1.491447e-02	-8.438927e+00
3.122000e-05	-1.373359e-02	-8.206799e+00
3.123000e-05	-1.348206e-02	-7.943687e+00
3.124000e-05	-1.550927e-02	-7.648882e+00
3.125000e-05	-1.303921e-02	-7.355871e+00
3.126000e-05	-1.158453e-02	-7.132215e+00
3.127000e-05	-9.622862e-03	-6.849508e+00
3.128000e-05	-1.305470e-02	-6.607375e+00
3.129000e-05	-1.075475e-02	-6.365143e+00
3.130000e-05	-1.051500e-02	-6.080063e+00
3.131000e-05	-8.871716e-03	-5.787852e+00
3.132000e-05	-1.063775e-02	-5.534667e+00
3.133000e-05	-8.896172e-03	-5.207479e+00
3.134000e-05	-9.322621e-03	-4.932142e+00
3.135000e-05	-6.271238e-03	-4.588877e+00
3.136000e-05	-8.358075e-03	-4.373846e+00
3.137000e-05	-8.462237e-03	-4.152592e+00
3.138000e-05	-7.869018e-03	-3.829481e+00
3.139000e-05	-8.033310e-03	-3.554249e+00
3.140000e-05	-7.576012e-03	-3.311012e+00
3.141000e-05	-5.422753e-03	-2.944729e+00
3.142000e-05	-5.244705e-03	-2.690613e+00
3.143000e-05	-4.824252e-03	-2.407380e+00
3.144000e-05	-5.759615e-03	-2.122743e+00
3.145000e-05	-5.649981e-03	-1.837536e+00
3.146000e-05	-5.567045e-03	-1.573797e+00
3.147000e-05	-5.454213e-03	-1.216482e+00
3.148000e-05	-4.181241e-03	-9.348443e-01
3.149000e-05	-4.410826e-03	-6.370614e-01
3.150000e-05	-2.183144e-03	-3.337470e-01
3.151000e-05	7.198623e-05	-4.264433e-02
3.152000e-05	9.399597e-03	2.355940e-01
3.153000e-05	-9.301533e-04	4.753557e-01
3.154000e-05	3.328722e-03	7.709409e-01
3.155000e-05	-2.034302e-03	1.046578e+00
3.156000e-05	2.568385e-03	1.319711e+00
3.157000e-05	-2.837108e-04	1.623623e+00
3.158000e-05	8.845239e-03	1.896780e+00
3.159000e-05	3.041651e-02	2.119313e+00
3.160000e-05	8.695092e-02	2.434123e+00
3.161000e-05	-3.175666e-02	2.831571e+00
3.162000e-05	-5.437566e-02	3.106733e+00
3.163000e-05	-4.010562e-02	3.360435e+00
3.164000e-05	7.714598e-03	3.633677e+00
3.165000e-05	-3.744594e-02	3.854700e+00
3.166000e-05	-3.337215e-02	3.987077e+00
3.167000e-05	1.032442e-01	4.338383e+00
3.168000e-05	-5.378624e-02	4.664049e+00
3.169000e-05	9.855106e-02	4.887657e+00
3.170000e-05	-1.436811e-03	5.255697e+00
3.171000e-05	-7.009025e-02	5.555238e+00
3.172000e-05	5.807563e-02	5.833070e+00
3.173000e-05	-3.960097e-02	6.094658e+00
3.174000e-05	4.968567e-02	6.319282e+00
3.175000e-05	-3.444074e-02	6.662521e+00
3.176000e-05	1.293182e-02	6.916183e+00
3.177000e-05	5.379507e-02	7.160282e+00
3.178000e-05	-2.780208e-02	7.433974e+00
3.179000e-05	-3.442751e-03	7.687659e+00
3.180000e-05	-2.692254e-02	8.030888e+00
3.181000e-05	6.628479e-02	8.264624e+00
3.182000e-05	-1.296733e-03	8.446607e+00
3.183000e-05	-2.248376e-02	8.714707e+00
3.184000e-05	3.235972e-02	8.987309e+00
3.185000e-05	-1.093484e-02	9.188868e+00
3.186000e-05	3.306483e-02	9.440841e+00
3.187000e-05	-3.164945e-02	9.695051e+00
3.188000e-05	2.248105e-02	9.875098e+00
3.189000e-05	1.008086e-02	1.014619e+01
3.190000e-05	2.749162e-02	1.031716e+01
3.191000e-05	-3.653965e-03	1.059726e+01
3.192000e-05	-1.442097e-02	1.076939e+01
3.193000e-05	3.033332e-02	1.096879e+01
3.194000e-05	2.017660e-03	1.118077e+01
3.195000e-05	1.629048e-02	1.140224e+01
3.196000e-05	-1.353953e-02	1.160047e+01
3.197000e-05	3.296902e-02	1.184192e+01
3.198000e-05	1.017038e-02	1.208180e+01
3.199000e-05	1.197718e-02	1.220079e+01
3.200000e-05	-6.641036e-03	1.238031e+01
3.201000e-05	1.366797e-02	1.259629e+01
3.202000e-05	2.214974e-02	1.274763e+01
3.203000e-05	4.810575e-03	1.292460e+01
3.204000e-05	7.509154e-03	1.305242e+01
3.205000e-05	9.210641e-03	1.326392e+01
3.206000e-05	2.741765e-02	1.339879e+01
3.207000e-05	4.293138e-03	1.351418e+01
3.208000e-05	5.867319e-03	1.371545e+01
3.209000e-05	8.325704e-03	1.382872e+01
3.210000e-05	2.317629e-02	1.396711e+01
3.211000e-05	1.268447e-02	1.412513e+01
3.212000e-05	6.482805e-03	1.425284e+01
3.213000e-05	1.517563e-02	1.441779e+01
3.214000e-05	1.953974e-02	1.447308e+01
3.215000e-05	1.593844e-02	1.458731e+01
3.216000e-05	5.350158e-03	1.467563e+01
3.217000e-05	1.640486e-02	1.481734e+01
3.218000e-05	1.999323e-02	1.487447e+01
3.219000e-05	1.912664e-02	1.493664e+01
3.220000e-05	1.140230e-02	1.505080e+01
3.221000e-05	1.450158e-02	1.510400e+01
3.222000e-05	2.215793e-02	1.519864e+01
3.223000e-05	1.816026e-02	1.524035e+01
3.224000e-05	1.519350e-02	1.531405e+01
3.225000e-05	1.424273e-02	1.536713e+01
3.226000e-05	2.468827e-02	1.541975e+01
3.227000e-05	2.181804e-02	1.545095e+01
3.228000e-05	1.686215e-02	1.551193e+01
3.229000e-05	1.801110e-02	1.546465e+01
3.230000e-05	2.461416e-02	1.555514e+01
3.231000e-05	2.636660e-02	1.558521e+01
3.232000e-05	1.999273e-02	1.557727e+01
3.233000e-05	2.169192e-02	1.558022e+01
3.234000e-05	2.586819e-02	1.560879e+01
3.235000e-05	2.986369e-02	1.561834e+01
3.236000e-05	2.430781e-02	1.561666e+01
3.237000e-05	2.546104e-02	1.557719e+01
3.238000e-05	3.178429e-02	1.555464e+01
3.239000e-05	3.552203e-02	1.555358e+01
3.240000e-05	3.194731e-02	1.552500e+01
3.241000e-05	3.128075e-02	1.545173e+01
3.242000e-05	3.574425e-02	1.542982e+01
3.243000e-05	4.010313e-02	1.540616e+01
3.244000e-05	3.866882e-02	1.533401e+01
3.245000e-05	3.698795e-02	1.531887e+01
3.246000e-05	4.233186e-02	1.522674e+01
3.247000e-05	4.829521e-02	1.510311e+01
3.248000e-05	4.790652e-02	1.505930e+01
3.249000e-05	4.706781e-02	1.499464e+01
3.250000e-05	5.171137e-02	1.492103e+01
3.251000e-05	5.849437e-02	1.480627e+01
3.252000e-05	5.991584e-02	1.466309e+01
3.253000e-05	5.967229e-02	1.462716e+01
3.254000e-05	6.238489e-02	1.449298e+01
3.255000e-05	6.674567e-02	1.440611e+01
3.256000e-05	6.571883e-02	1.429147e+01
3.257000e-05	6.211337e-02	1.415353e+01
3.258000e-05	6.290245e-02	1.397720e+01
3.259000e-05	6.419134e-02	1.386295e+01
3.260000e-05	6.260526e-02	1.372501e+01
3.261000e-05	5.629347e-02	1.358517e+01
3.262000e-05	5.285041e-02	1.340633e+01
3.263000e-05	5.319469e-02	1.327093e+01
3.264000e-05	5.095791e-02	1.312356e+01
3.265000e-05	4.423177e-02	1.296459e+01
3.266000e-05	4.101800e-02	1.281772e+01
3.267000e-05	4.138392e-02	1.262935e+01
3.268000e-05	3.853615e-02	1.247998e+01
3.269000e-05	3.330834e-02	1.231296e+01
3.270000e-05	2.910212e-02	1.213196e+01
3.271000e-05	2.975034e-02	1.191203e+01
3.272000e-05	2.754070e-02	1.172249e+01
3.273000e-05	2.529637e-02	1.152146e+01
3.274000e-05	2.118640e-02	1.132148e+01
3.275000e-05	2.270474e-02	1.108145e+01
3.276000e-05	2.170139e-02	1.090156e+01
3.277000e-05	1.743363e-02	1.068200e+01
3.278000e-05	1.418681e-02	1.047888e+01
3.279000e-05	1.357327e-02	1.023890e+01
3.280000e-05	1.500861e-02	1.002530e+01
3.281000e-05	1.214311e-02	9.805769e+00
3.282000e-05	1.061648e-02	9.515743e+00
3.283000e-05	1.065365e-02	9.294588e+00
3.284000e-05	1.154732e-02	9.093085e+00
3.285000e-05	8.476312e-03	8.858431e+00
3.286000e-05	5.732742e-03	8.668872e+00
3.287000e-05	5.577288e-03	8.395696e+00
3.288000e-05	6.694910e-03	8.140688e+00
3.289000e-05	6.118964e-03	7.890480e+00
3.290000e-05	3.788631e-03	7.628251e+00
3.291000e-05	4.504665e-03	7.374040e+00
3.292000e-05	5.090930e-03	7.080061e+00
3.293000e-05	4.371990e-03	6.848378e+00
3.294000e-05	1.301541e-03	6.555193e+00
3.295000e-05	7.826564e-04	6.291534e+00
3.296000e-05	1.706823e-03	6.039005e+00
3.297000e-05	2.091794e-03	5.815270e+00
3.298000e-05	-7.991516e-05	5.471065e+00
3.299000e-05	-7.374459e-04	5.226252e+00
3.300000e-05	1.524010e-03	4.838902e+00
3.301000e-05	1.377489e-03	4.576297e+00
3.302000e-05	-5.754442e-04	4.324118e+00
3.303000e-05	-1.864829e-03	4.017901e+00
3.304000e-05	-1.252718e-03	3.752643e+00
3.305000e-05	-1.194688e-03	3.489565e+00
3.306000e-05	-2.348955e-03	3.168799e+00
3.307000e-05	-4.976984e-03	2.913690e+00
3.308000e-05	-2.752338e-03	2.668010e+00
3.309000e-05	-1.243498e-03	2.323668e+00
3.310000e-05	-2.863125e-03	2.059961e+00
3.311000e-05	-4.362656e-03	1.817354e+00
3.312000e-05	-3.571724e-03	1.469089e+00
3.313000e-05	-3.505623e-03	1.186774e+00
3.314000e-05	-3.736367e-03	8.984586e-01
3.315000e-05	-6.034060e-03	5.462709e-01
3.316000e-05	-5.059321e-03	2.702190e-01
3.317000e-05	-1.839085e-03	-6.165277e-02
3.318000e-05	7.818050e-03	-3.063321e-01
3.319000e-05	-4.632949e-03	-5.299351e-01
3.320000e-05	7.606656e-05	-8.296540e-01
3.321000e-05	-5.824472e-03	-1.086777e+00
3.322000e-05	-4.774911e-04	-1.363041e+00
3.323000e-05	-5.757439e-03	-1.635228e+00
3.324000e-05	1.461302e-02	-1.917287e+00
3.325000e-05	8.649380e-02	-2.128835e+00
3.326000e-05	3.818790e-03	-2.497227e+00
3.327000e-05	-7.397816e-02	-2.825129e+00
3.328000e-05	-4.214160e-02	-3.211599e+00
3.329000e-05	-2.565873e-02	-3.495676e+00
3.330000e-05	-4.864396e-02	-3.686707e+00
3.331000e-05	1.509382e-02	-3.947434e+00
3.332000e-05	9.401806e-02	-4.138311e+00
3.333000e-05	-1.502473e-01	-4.401046e+00
3.334000e-05	1.904817e-01	-4.674172e+00
3.335000e-05	-1.043149e-01	-4.929839e+00
3.336000e-05	-9.939085e-03	-5.337133e+00
3.337000e-05	1.624090e-02	-5.517908e+00
3.338000e-05	-1.247810e-01	-5.865128e+00
3.339000e-05	1.558437e-01	-6.065210e+00
3.340000e-05	-1.197882e-01	-6.391536e+00
3.341000e-05	6.924197e-02	-6.654131e+00
3.342000e-05	-3.857427e-03	-6.888229e+00
3.343000e-05	-5.734884e-02	-7.253045e+00
3.344000e-05	5.055697e-02	-7.495624e+00
3.345000e-05	-1.124365e-01	-7.779358e+00
3.346000e-05	9.492332e-02	-8.073600e+00
3.347000e-05	-6.448041e-02	-8.275104e+00
3.348000e-05	2.414483e-02	-8.557162e+00
3.349000e-05	7.081607e-03	-8.800840e+00
3.350000e-05	-6.790176e-02	-9.062572e+00
3.351000e-05	5.739918e-02	-9.233047e+00
3.352000e-05	-8.730050e-02	-9.464674e+00
3.353000e-05	6.445963e-02	-9.725658e+00
3.354000e-05	-6.835750e-02	-9.936708e+00
3.355000e-05	4.630812e-02	-1.018881e+01
3.356000e-05	-3.885112e-02	-1.037996e+01
3.357000e-05	-7.522999e-03	-1.065149e+01
3.358000e-05	-1.040141e-02	-1.079039e+01
3.359000e-05	-3.101816e-02	-1.104092e+01
3.360000e-05	1.913788e-02	-1.121351e+01
3.361000e-05	-4.459122e-02	-1.145402e+01
3.362000e-05	2.531065e-02	-1.164457e+01
3.363000e-05	-4.102596e-02	-1.188355e+01
3.364000e-05	1.899828e-02	-1.211560e+01
3.365000e-05	-4.768149e-02	-1.226355e+01
3.366000e-05	6.563134e-03	-1.248197e+01
3.367000e-05	-2.843942e-02	-1.261034e+01
3.368000e-05	9.745515e-05	-1.278136e+01
3.369000e-05	-2.116632e-02	-1.294724e+01
3.370000e-05	-1.314612e-02	-1.309421e+01
3.371000e-05	-8.986641e-03	-1.325097e+01
3.372000e-05	-2.169675e-02	-1.342087e+01
3.373000e-05	-8.728041e-03	-1.359517e+01
3.374000e-05	-2.990625e-02	-1.373513e+01
3.375000e-05	-4.116910e-03	-1.389145e+01
3.376000e-05	-2.597684e-02	-1.399931e+01
3.377000e-05	-6.660103e-03	-1.414558e+01
3.378000e-05	-2.789552e-02	-1.427145e+01
3.379000e-05	-1.064619e-02	-1.440686e+01
3.380000e-05	-2.268601e-02	-1.449515e+01
3.381000e-05	-1.392539e-02	-1.458837e+01
3.382000e-05	-2.338390e-02	-1.471408e+01
3.383000e-05	-1.654962e-02	-1.478774e+01
3.384000e-05	-1.927004e-02	-1.489352e+01
3.385000e-05	-2.116299e-02	-1.502874e+01
3.386000e-05	-2.461373e-02	-1.506097e+01
3.387000e-05	-2.404160e-02	-1.512465e+01
3.388000e-05	-2.078707e-02	-1.519882e+01
3.389000e-05	-2.178611e-02	-1.526297e+01
3.390000e-05	-2.116089e-02	-1.530365e+01
3.391000e-05	-2.475773e-02	-1.537776e+01
3.392000e-05	-2.014923e-02	-1.543735e+01
3.393000e-05	-2.862311e-02	-1.545892e+01
3.394000e-05	-2.619102e-02	-1.550350e+01
3.395000e-05	-3.065060e-02	-1.553503e+01
3.396000e-05	-2.328731e-02	-1.555663e+01
3.397000e-05	-2.821646e-02	-1.555724e+01
3.398000e-05	-2.703560e-02	-1.560717e+01
3.399000e-05	-2.957675e-02	-1.559725e+01
3.400000e-05	-2.908665e-02	-1.559679e+01
3.401000e-05	-3.185641e-02	-1.560776e+01
3.402000e-05	-3.457450e-02	-1.559611e+01
3.403000e-05	-3.621806e-02	-1.556569e+01
3.404000e-05	-3.512060e-02	-1.550519e+01
3.405000e-05	-3.682901e-02	-1.552349e+01
3.406000e-05	-3.944314e-02	-1.551195e+01
3.407000e-05	-4.041032e-02	-1.542030e+01
3.408000e-05	-4.109337e-02	-1.541682e+01
3.409000e-05	-4.222925e-02	-1.533419e+01
3.410000e-05	-4.520889e-02	-1.529253e+01
3.411000e-05	-4.737025e-02	-1.525990e+01
3.412000e-05	-4.896190e-02	-1.515631e+01
3.413000e-05	-5.015371e-02	-1.509405e+01
3.414000e-05	-5.538646e-02	-1.505029e+01
3.415000e-05	-5.716180e-02	-1.495466e+01
3.416000e-05	-6.029807e-02	-1.486943e+01
3.417000e-05	-6.178889e-02	-1.478774e+01
3.418000e-05	-6.436003e-02	-1.471201e+01
3.419000e-05	-6.875105e-02	-1.461675e+01
3.420000e-05	-7.031096e-02	-1.450306e+01
3.421000e-05	-7.019706e-02	-1.435662e+01
3.422000e-05	-7.045016e-02	-1.426935e+01
3.423000e-05	-7.170228e-02	-1.412151e+01
3.424000e-05	-7.015895e-02	-1.395414e+01
3.425000e-05	-6.800299e-02	-1.381990e+01
3.426000e-05	-6.706831e-02	-1.367206e+01
3.427000e-05	-6.534702e-02	-1.353466e+01
3.428000e-05	-6.209452e-02	-1.340770e+01
3.429000e-05	-5.793369e-02	-1.324685e+01
3.430000e-05	-5.516179e-02	-1.312259e+01
3.431000e-05	-5.299358e-02	-1.294524e+01
3.432000e-05	-4.914334e-02	-1.276532e+01
3.433000e-05	-4.488521e-02	-1.265879e+01
3.434000e-05	-4.276684e-02	-1.244935e+01
3.435000e-05	-4.247395e-02	-1.227051e+01
3.436000e-05	-4.008200e-02	-1.210000e+01
3.437000e-05	-3.599500e-02	-1.189215e+01
3.438000e-05	-3.392123e-02	-1.168748e+01
3.439000e-05	-3.341653e-02	-1.146886e+01
3.440000e-05	-3.080379e-02	-1.120830e+01
3.441000e-05	-2.771382e-02	-1.103640e+01
3.442000e-05	-2.564088e-02	-1.080733e+01
3.443000e-05	-2.505382e-02	-1.064783e+01
3.444000e-05	-2.453261e-02	-1.042582e+01
3.445000e-05	-2.302676e-02	-1.019669e+01
3.446000e-05	-2.149633e-02	-9.936189e+00
3.447000e-05	-2.082721e-02	-9.746243e+00
3.448000e-05	-1.997222e-02	-9.492637e+00
3.449000e-05	-1.882219e-02	-9.261610e+00
3.450000e-05	-1.766733e-02	-9.039530e+00
3.451000e-05	-1.622927e-02	-8.839378e+00
3.452000e-05	-1.572912e-02	-8.605848e+00
3.453000e-05	-1.504197e-02	-8.342165e+00
3.454000e-05	-1.463247e-02	-8.072059e+00
3.455000e-05	-1.300556e-02	-7.818380e+00
3.456000e-05	-1.285383e-02	-7.532643e+00
3.457000e-05	-1.282418e-02	-7.311560e+00
3.458000e-05	-1.298069e-02	-7.018352e+00
3.459000e-05	-1.165110e-02	-6.765221e+00
3.460000e-05	-1.080218e-02	-6.511164e+00
3.461000e-05	-9.780750e-03	-6.288982e+00
3.462000e-05	-1.052356e-02	-5.955323e+00
3.463000e-05	-8.583999e-03	-5.743635e+00
3.464000e-05	-1.077176e-02	-5.433809e+00
3.465000e-05	-8.849731e-03	-5.132243e+00
3.466000e-05	-9.206425e-03	-4.836306e+00
3.467000e-05	-6.835384e-03	-4.532692e+00
3.468000e-05	-9.590412e-03	-4.291688e+00
3.469000e-05	-7.378869e-03	-4.008877e+00
3.470000e-05	-9.620568e-03	-3.722769e+00
3.471000e-05	-6.444934e-03	-3.469536e+00
3.472000e-05	-7.967097e-03	-3.165327e+00
3.473000e-05	-4.429021e-03	-2.821087e+00
3.474000e-05	-5.771524e-03	-2.556901e+00
3.475000e-05	-4.433971e-03	-2.342193e+00
3.476000e-05	-5.689703e-03	-1.977526e+00
3.477000e-05	-6.371164e-03	-1.744192e+00
3.478000e-05	-6.289056e-03	-1.406513e+00
3.479000e-05	-5.362650e-03	-1.101169e+00
3.480000e-05	-3.913263e-03	-8.784588e-01
3.481000e-05	-3.415505e-03	-4.937207e-01
3.482000e-05	-2.010461e-03	-2.495601e-01
3.483000e-05	2.417707e-03	-7.919915e-03
3.484000e-05	1.052697e-02	3.678348e-01
3.485000e-05	-2.580958e-03	5.899486e-01
3.486000e-05	3.294405e-03	8.521005e-01
3.487000e-05	-3.156542e-03	1.159915e+00
3.488000e-05	4.878308e-03	1.404600e+00
3.489000e-05	-9.189906e-04	1.809490e+00
3.490000e-05	1.521678e-02	1.980045e+00
3.491000e-05	5.080469e-02	2.235546e+00
3.492000e-05	6.784381e-02	2.591440e+00
3.493000e-05	-6.318521e-02	2.927785e+00
3.494000e-05	-4.548215e-02	3.171042e+00
3.495000e-05	-2.794689e-02	3.494677e+00
3.496000e-05	7.132564e-03	3.717336e+00
3.497000e-05	-5.344456e-02	3.917743e+00
3.498000e-05	1.478519e-02	4.150336e+00
3.499000e-05	7.967944e-02	4.464149e+00
3.500000e-05	-6.029269e-02	4.738837e+00
3.501000e-05	1.442127e-01	5.032919e+00
3.502000e-05	-9.675870e-02	5.420965e+00
3.503000e-05	6.170146e-03	5.641924e+00
3.504000e-05	2.357446e-02	5.907357e+00
3.505000e-05	-2.151528e-02	6.170812e+00
3.506000e-05	4.647393e-02	6.435020e+00
3.507000e-05	-5.820513e-02	6.747283e+00
3.508000e-05	6.589614e-02	7.009916e+00
3.509000e-05	5.196640e-03	7.292574e+00
3.510000e-05	-1.061229e-02	7.537855e+00
3.511000e-05	-2.593457e-02	7.862438e+00
3.512000e-05	1.200790e-02	8.106079e+00
3.513000e-05	5.865929e-02	8.348285e+00
3.514000e-05	-3.023132e-02	8.570789e+00
3.515000e-05	7.309872e-03	8.812367e+00
3.516000e-05	1.376865e-02	9.043019e+00
3.517000e-05	7.844714e-03	9.304578e+00
3.518000e-05	1.150354e-02	9.495078e+00
3.519000e-05	-2.038082e-02	9.745657e+00
3.520000e-05	2.312309e-02	9.968386e+00
3.521000e-05	1.508323e-02	1.023084e+01
3.522000e-05	2.416059e-02	1.042082e+01
3.523000e-05	-1.730023e-02	1.065302e+01
3.524000e-05	4.808253e-03	1.085210e+01
3.525000e-05	2.267801e-02	1.107305e+01
3.526000e-05	8.240644e-03	1.124192e+01
3.527000e-05	2.064727e-03	1.144345e+01
3.528000e-05	5.143837e-04	1.170515e+01
3.529000e-05	2.884835e-02	1.191563e+01
3.530000e-05	1.038227e-02	1.212402e+01
3.531000e-05	3.257626e-03	1.226350e+01
3.532000e-05	-2.807740e-03	1.245552e+01
3.533000e-05	1.977907e-02	1.260145e+01
3.534000e-05	1.748640e-02	1.280981e+01
3.535000e-05	5.356520e-03	1.295864e+01
3.536000e-05	5.472806e-03	1.308621e+01
3.537000e-05	1.865246e-02	1.332510e+01
3.538000e-05	2.006873e-02	1.341137e+01
3.539000e-05	5.141720e-03	1.360716e+01
3.540000e-05	2.036981e-03	1.372460e+01
3.541000e-05	1.643415e-02	1.387147e+01
3.542000e-05	2.029015e-02	1.396921e+01
3.543000e-05	1.182501e-02	1.416668e+01
3.544000e-05	6.312701e-03	1.433496e+01
3.545000e-05	1.830202e-02	1.446027e+01
3.546000e-05	2.099262e-02	1.452300e+01
3.547000e-05	1.161953e-02	1.463984e+01
3.548000e-05	8.105639e-03	1.471671e+01
3.549000e-05	1.497649e-02	1.484937e+01
3.550000e-05	2.391216e-02	1.494500e+01
3.551000e-05	1.533930e-02	1.497821e+01
3.552000e-05	1.331722e-02	1.507087e+01
3.553000e-05	1.525246e-02	1.514561e+01
3.554000e-05	2.422048e-02	1.524029e+01
3.555000e-05	1.787334e-02	1.529350e+01
3.556000e-05	1.331059e-02	1.533458e+01
3.557000e-05	1.741785e-02	1.540966e+01
3.558000e-05	2.423298e-02	1.543024e+01
3.559000e-05	2.335498e-02	1.545090e+01
3.560000e-05	1.495321e-02	1.550395e+01
3.561000e-05	2.028705e-02	1.553411e+01
3.562000e-05	2.495065e-02	1.558723e+01
3.563000e-05	2.701462e-02	1.555519e+01
3.564000e-05	1.990977e-02	1.557774e+01
3.565000e-05	2.238316e-02	1.559829e+01
3.566000e-05	2.798211e-02	1.559822e+01
3.567000e-05	2.942631e-02	1.560836e+01
3.568000e-05	2.487166e-02	1.558626e+01
3.569000e-05	2.514186e-02	1.556632e+01
3.570000e-05	3.381407e-02	1.554566e+01
3.571000e-05	3.489645e-02	1.551308e+01
3.572000e-05	3.310521e-02	1.549290e+01
3.573000e-05	3.122308e-02	1.544878e+01
3.574000e-05	3.762695e-02	1.542927e+01
3.575000e-05	4.054057e-02	1.537311e+01
3.576000e-05	3.857338e-02	1.533148e+01
3.577000e-05	3.858617e-02	1.523079e+01
3.578000e-05	4.267331e-02	1.515569e+01
3.579000e-05	4.917712e-02	1.511498e+01
3.580000e-05	4.776721e-02	1.505877e+01
3.581000e-05	4.994092e-02	1.494319e+01
3.582000e-05	5.458992e-02	1.485990e+01
3.583000e-05	6.076643e-02	1.476521e+01
3.584000e-05	6.035030e-02	1.468293e+01
3.585000e-05	6.015820e-02	1.459521e+01
3.586000e-05	6.439778e-02	1.450182e+01
3.587000e-05	6.664423e-02	1.436456e+01
3.588000e-05	6.642184e-02	1.421627e+01
3.589000e-05	6.114455e-02	1.410138e+01
3.590000e-05	6.354986e-02	1.396509e+01
3.591000e-05	6.206205e-02	1.384777e+01
3.592000e-05	6.138251e-02	1.365136e+01
3.593000e-05	5.517230e-02	1.354261e+01
3.594000e-05	5.378506e-02	1.339572e+01
3.595000e-05	5.284165e-02	1.322940e+01
3.596000e-05	4.953423e-02	1.306138e+01
3.597000e-05	4.331571e-02	1.295153e+01
3.598000e-05	4.040028e-02	1.271358e+01
3.599000e-05	3.976129e-02	1.260572e+01
3.600000e-05	3.759553e-02	1.242632e+01
3.601000e-05	3.195165e-02	1.224825e+01
3.602000e-05	2.988342e-02	1.202885e+01
3.603000e-05	2.821917e-02	1.187935e+01
3.604000e-05	2.903092e-02	1.163890e+01
3.605000e-05	2.311716e-02	1.142827e+01
3.606000e-05	2.066615e-02	1.119832e+01
3.607000e-05	2.165518e-02	1.100677e+01
3.608000e-05	2.126372e-02	1.080735e+01
3.609000e-05	1.758656e-02	1.058977e+01
3.610000e-05	1.396376e-02	1.035422e+01
3.611000e-05	1.303228e-02	1.016519e+01
3.612000e-05	1.394104e-02	9.941536e+00
3.613000e-05	1.229982e-02	9.690985e+00
3.614000e-05	1.031606e-02	9.459985e+00
3.615000e-05	1.282158e-02	9.247452e+00
3.616000e-05	1.226062e-02	9.016777e+00
3.617000e-05	9.089225e-03	8.784640e+00
3.618000e-05	3.947580e-03	8.545192e+00
3.619000e-05	5.408036e-03	8.292983e+00
3.620000e-05	5.185524e-03	8.029000e+00
3.621000e-05	5.540380e-03	7.805769e+00
3.622000e-05	3.242680e-03	7.534087e+00
3.623000e-05	4.513941e-03	7.248305e+00
3.624000e-05	6.440076e-03	6.987347e+00
3.625000e-05	4.100554e-03	6.733190e+00
3.626000e-05	1.912507e-03	6.449858e+00
3.627000e-05	-4.090155e-06	6.166371e+00
3.628000e-05	2.653308e-03	5.944793e+00
3.629000e-05	3.587699e-04	5.669964e+00
3.630000e-05	-2.900110e-04	5.416277e+00
3.631000e-05	-1.192023e-03	5.078058e+00
3.632000e-05	1.784203e-03	4.743665e+00
3.633000e-05	-2.633920e-05	4.450536e+00
3.634000e-05	3.069258e-04	4.218402e+00
3.635000e-05	-1.710771e-03	3.922661e+00
3.636000e-05	-1.297136e-03	3.668486e+00
3.637000e-05	-1.404224e-03	3.377773e+00
3.638000e-05	-3.127435e-03	3.092110e+00
3.639000e-05	-4.604519e-03	2.808879e+00
3.640000e-05	-3.334597e-03	2.523018e+00
3.641000e-05	-1.477468e-03	2.209432e+00
3.642000e-05	-3.902561e-03	1.964847e+00
3.643000e-05	-3.687746e-03	1.640531e+00
3.644000e-05	-4.447747e-03	1.366769e+00
3.645000e-05	-3.633193e-03	9.995113e-01
3.646000e-05	-3.822285e-03	7.237918e-01
3.647000e-05	-4.913996e-03	4.701104e-01
3.648000e-05	-3.311877e-03	1.642770e-01
3.649000e-05	-8.871400e-04	-1.173384e-01
3.650000e-05	6.708237e-03	-3.895437e-01
3.651000e-05	-6.359530e-03	-6.551944e-01
3.652000e-05	-1.485911e-03	-9.078535e-01
3.653000e-05	-7.210017e-03	-1.191945e+00
3.654000e-05	-9.152031e-04	-1.526350e+00
3.655000e-05	-1.626292e-03	-1.738887e+00
3.656000e-05	2.956803e-02	-1.969413e+00
3.657000e-05	9.791099e-02	-2.265702e+00
3.658000e-05	-6.198048e-02	-2.622617e+00
3.659000e-05	-4.875336e-02	-3.022140e+00
3.660000e-05	-5.099537e-02	-3.325311e+00
3.661000e-05	-1.387293e-02	-3.548863e+00
3.662000e-05	-7.487280e-02	-3.811904e+00
3.663000e-05	1.088692e-01	-3.960524e+00
3.664000e-05	-3.406491e-02	-4.214027e+00
3.665000e-05	-3.403905e-02	-4.515785e+00
3.666000e-05	1.580099e-01	-4.749338e+00
3.667000e-05	-1.745150e-01	-5.057177e+00
3.668000e-05	9.583056e-02	-5.431895e+00
3.669000e-05	-1.125269e-01	-5.635625e+00
3.670000e-05	1.115932e-02	-5.937365e+00
3.671000e-05	7.699193e-02	-6.240871e+00
3.672000e-05	-1.116049e-01	-6.536727e+00
3.673000e-05	1.202609e-01	-6.728811e+00
3.674000e-05	-9.282204e-02	-7.044121e+00
3.675000e-05	2.862342e-02	-7.359258e+00
3.676000e-05	-2.959164e-02	-7.589316e+00
3.677000e-05	-4.998768e-02	-7.875675e+00
3.678000e-05	8.209682e-02	-8.128187e+00
3.679000e-05	-9.448139e-02	-8.348866e+00
3.680000e-05	8.719361e-02	-8.650924e+00
3.681000e-05	-8.024514e-02	-8.875599e+00
3.682000e-05	1.516654e-02	-9.104153e+00
3.683000e-05	-1.067981e-02	-9.356734e+00
3.684000e-05	-3.403520e-02	-9.590763e+00
3.685000e-05	3.464549e-02	-9.779391e+00
3.686000e-05	-6.102375e-02	-1.001194e+01
3.687000e-05	5.956304e-02	-1.024132e+01
3.688000e-05	-7.285352e-02	-1.050362e+01
3.689000e-05	3.327531e-02	-1.066366e+01
3.690000e-05	-5.651800e-02	-1.087263e+01
3.691000e-05	1.838400e-02	-1.112460e+01
3.692000e-05	-2.472375e-02	-1.126766e+01
3.693000e-05	-7.727875e-03	-1.155721e+01
3.694000e-05	-5.357176e-03	-1.178473e+01
3.695000e-05	-2.001485e-02	-1.198881e+01
3.696000e-05	2.943698e-03	-1.214673e+01
3.697000e-05	-4.034909e-02	-1.232471e+01
3.698000e-05	7.290638e-03	-1.253765e+01
3.699000e-05	-3.539423e-02	-1.269500e+01
3.700000e-05	9.743926e-03	-1.281357e+01
3.701000e-05	-3.499526e-02	-1.300934e+01
3.702000e-05	3.144384e-03	-1.315884e+01
3.703000e-05	-2.821515e-02	-1.333410e+01
3.704000e-05	-4.288686e-03	-1.346500e+01
3.705000e-05	-2.517098e-02	-1.360092e+01
3.706000e-05	-1.504933e-02	-1.379834e+01
3.707000e-05	-1.512259e-02	-1.389395e+01
3.708000e-05	-1.832966e-02	-1.408044e+01
3.709000e-05	-1.372693e-02	-1.418871e+01
3.710000e-05	-2.444947e-02	-1.432605e+01
3.711000e-05	-1.273232e-02	-1.441994e+01
3.712000e-05	-2.505632e-02	-1.454473e+01
3.713000e-05	-1.389602e-02	-1.465943e+01
3.714000e-05	-2.585320e-02	-1.472663e+01
3.715000e-05	-1.410481e-02	-1.485142e+01
3.716000e-05	-2.179026e-02	-1.495353e+01
3.717000e-05	-1.758599e-02	-1.505019e+01
3.718000e-05	-2.574231e-02	-1.505247e+01
3.719000e-05	-2.080157e-02	-1.516576e+01
3.720000e-05	-2.460618e-02	-1.523039e+01
3.721000e-05	-2.094224e-02	-1.525345e+01
3.722000e-05	-2.568414e-02	-1.531506e+01
3.723000e-05	-2.172680e-02	-1.540829e+01
3.724000e-05	-2.365391e-02	-1.544235e+01
3.725000e-05	-2.596614e-02	-1.546045e+01
3.726000e-05	-2.491907e-02	-1.553555e+01
3.727000e-05	-2.914915e-02	-1.550519e+01
3.728000e-05	-2.363790e-02	-1.553619e+01
3.729000e-05	-3.009961e-02	-1.559669e+01
3.730000e-05	-2.888001e-02	-1.559874e+01
3.731000e-05	-3.136892e-02	-1.564724e+01
3.732000e-05	-3.015985e-02	-1.558724e+01
3.733000e-05	-3.239061e-02	-1.564629e+01
3.734000e-05	-3.404775e-02	-1.557667e+01
3.735000e-05	-3.409920e-02	-1.556616e+01
3.736000e-05	-3.530117e-02	-1.557708e+01
3.737000e-05	-3.783549e-02	-1.551156e+01
3.738000e-05	-4.018812e-02	-1.548090e+01
3.739000e-05	-4.068020e-02	-1.545130e+01
3.740000e-05	-4.189102e-02	-1.539669e+01
3.741000e-05	-4.367670e-02	-1.535414e+01
3.742000e-05	-4.583152e-02	-1.531000e+01
3.743000e-05	-4.766823e-02	-1.522743e+01
3.744000e-05	-4.931462e-02	-1.513506e+01
3.745000e-05	-5.189514e-02	-1.510105e+01
3.746000e-05	-5.481432e-02	-1.500877e+01
3.747000e-05	-5.702150e-02	-1.493261e+01
3.748000e-05	-6.025470e-02	-1.486785e+01
3.749000e-05	-6.288605e-02	-1.472511e+01
3.750000e-05	-6.632139e-02	-1.464041e+01
3.751000e-05	-6.832841e-02	-1.456414e+01
3.752000e-05	-7.089386e-02	-1.445087e+01
3.753000e-05	-7.192821e-02	-1.433303e+01
3.754000e-05	-7.069462e-02	-1.423922e+01
3.755000e-05	-7.059998e-02	-1.403940e+01
3.756000e-05	-6.918308e-02	-1.393353e+01
3.757000e-05	-6.831276e-02	-1.380525e+01
3.758000e-05	-6.562351e-02	-1.363840e+01
3.759000e-05	-6.328151e-02	-1.355201e+01
3.760000e-05	-6.080266e-02	-1.339517e+01
3.761000e-05	-5.798201e-02	-1.321779e+01
3.762000e-05	-5.476539e-02	-1.304083e+01
3.763000e-05	-5.055178e-02	-1.286053e+01
3.764000e-05	-4.675309e-02	-1.275211e+01
3.765000e-05	-4.601624e-02	-1.257509e+01
3.766000e-05	-4.351346e-02	-1.239622e+01
3.767000e-05	-4.035567e-02	-1.221680e+01
3.768000e-05	-3.758135e-02	-1.203683e+01
3.769000e-05	-3.575808e-02	-1.182672e+01
3.770000e-05	-3.425656e-02	-1.162775e+01
3.771000e-05	-3.130317e-02	-1.138575e+01
3.772000e-05	-2.860902e-02	-1.115269e+01
3.773000e-05	-2.874323e-02	-1.096269e+01
3.774000e-05	-2.673555e-02	-1.074469e+01
3.775000e-05	-2.440237e-02	-1.058667e+01
3.776000e-05	-2.273410e-02	-1.031259e+01
3.777000e-05	-2.188805e-02	-1.014098e+01
3.778000e-05	-2.107469e-02	-9.890509e+00
3.779000e-05	-1.984007e-02	-9.669905e+00
3.780000e-05	-1.913812e-02	-9.448354e+00
3.781000e-05	-1.895238e-02	-9.197797e+00
3.782000e-05	-1.766443e-02	-8.987768e+00
3.783000e-05	-1.566557e-02	-8.752589e+00
3.784000e-05	-1.516768e-02	-8.490481e+00
3.785000e-05	-1.429369e-02	-8.248979e+00
3.786000e-05	-1.401668e-02	-8.036251e+00
3.787000e-05	-1.344387e-02	-7.742061e+00
3.788000e-05	-1.260076e-02	-7.459009e+00
3.789000e-05	-1.099744e-02	-7.176900e+00
3.790000e-05	-1.243928e-02	-6.943240e+00
3.791000e-05	-1.233484e-02	-6.690957e+00
3.792000e-05	-9.995861e-03	-6.438399e+00
3.793000e-05	-9.892017e-03	-6.134766e+00
3.794000e-05	-1.093654e-02	-5.880531e+00
3.795000e-05	-9.540418e-03	-5.626877e+00
3.796000e-05	-8.947176e-03	-5.312089e+00
3.797000e-05	-6.050723e-03	-5.027378e+00
3.798000e-05	-7.904990e-03	-4.681062e+00
3.799000e-05	-5.874442e-03	-4.430454e+00
3.800000e-05	-1.026459e-02	-4.127874e+00
3.801000e-05	-6.899587e-03	-3.903169e+00
3.802000e-05	-1.069147e-02	-3.608930e+00
3.803000e-05	-7.717984e-03	-3.364297e+00
3.804000e-05	-7.270509e-03	-3.097564e+00
3.805000e-05	-2.266834e-03	-2.775300e+00
3.806000e-05	-3.786702e-03	-2.513217e+00
3.807000e-05	-2.930789e-03	-2.186881e+00
3.808000e-05	-5.902977e-03	-1.914245e+00
3.809000e-05	-7.007990e-03	-1.620034e+00
3.810000e-05	-7.786161e-03	-1.291119e+00
3.811000e-05	-5.852189e-03	-9.979548e-01
3.812000e-05	-3.840063e-03	-7.537730e-01
3.813000e-05	-1.120216e-03	-4.285322e-01
3.814000e-05	1.102496e-03	-1.342220e-01
3.815000e-05	7.013027e-03	1.233834e-01
3.816000e-05	5.130919e-03	4.045765e-01
3.817000e-05	1.073942e-04	6.773056e-01
3.818000e-05	9.025446e-04	9.398622e-01
3.819000e-05	-8.343188e-04	1.254203e+00
3.820000e-05	2.673765e-03	1.570413e+00
3.821000e-05	3.946982e-03	1.862679e+00
3.822000e-05	2.167015e-02	2.025203e+00
3.823000e-05	7.567320e-02	2.347835e+00
3.824000e-05	1.158174e-02	2.697411e+00
3.825000e-05	-6.289846e-02	3.033122e+00
3.826000e-05	-4.237724e-02	3.296157e+00
3.827000e-05	-5.038317e-03	3.549917e+00
3.828000e-05	-1.692219e-02	3.800547e+00
3.829000e-05	-5.043236e-02	3.969940e+00
3.830000e-05	7.448141e-02	4.275598e+00
3.831000e-05	1.082334e-03	4.580917e+00
3.832000e-05	2.044689e-02	4.794542e+00
3.833000e-05	8.426414e-02	5.141358e+00
3.834000e-05	-1.101544e-01	5.474628e+00
3.835000e-05	5.492961e-02	5.748713e+00
3.836000e-05	-2.198482e-02	5.983569e+00
3.837000e-05	2.219252e-02	6.244048e+00
3.838000e-05	4.806704e-03	6.548255e+00
3.839000e-05	-3.151092e-02	6.832045e+00
3.840000e-05	7.714937e-02	7.056150e+00
3.841000e-05	-2.781209e-02	7.329806e+00
3.842000e-05	1.051937e-03	7.603050e+00
3.843000e-05	-3.906760e-02	7.927733e+00
3.844000e-05	5.150884e-02	8.179940e+00
3.845000e-05	2.633681e-02	8.422495e+00
3.846000e-05	-3.514074e-02	8.655071e+00
3.847000e-05	3.057505e-02	8.894600e+00
3.848000e-05	-7.887368e-03	9.127278e+00
3.849000e-05	2.949064e-02	9.339811e+00
3.850000e-05	-1.913651e-02	9.599367e+00
3.851000e-05	6.864875e-03	9.853873e+00
3.852000e-05	1.375756e-02	1.002312e+01
3.853000e-05	2.346108e-02	1.026305e+01
3.854000e-05	9.917610e-03	1.048658e+01
3.855000e-05	-2.187890e-02	1.073573e+01
3.856000e-05	2.395530e-02	1.091721e+01
3.857000e-05	7.193009e-03	1.112668e+01
3.858000e-05	1.677349e-02	1.132608e+01
3.859000e-05	-1.192326e-02	1.155711e+01
3.860000e-05	2.259731e-02	1.180829e+01
3.861000e-05	1.600070e-02	1.198873e+01
3.862000e-05	1.415878e-02	1.217878e+01
3.863000e-05	-5.368945e-03	1.233716e+01
3.864000e-05	6.938701e-03	1.254521e+01
3.865000e-05	2.239654e-02	1.267398e+01
3.866000e-05	9.678587e-03	1.282290e+01
3.867000e-05	7.284328e-03	1.302979e+01
3.868000e-05	6.225784e-03	1.316891e+01
3.869000e-05	2.768868e-02	1.335621e+01
3.870000e-05	9.088542e-03	1.347300e+01
3.871000e-05	7.686531e-03	1.362992e+01
3.872000e-05	3.135033e-03	1.379774e+01
3.873000e-05	2.183107e-02	1.391408e+01
3.874000e-05	1.499402e-02	1.406405e+01
3.875000e-05	8.537519e-03	1.421984e+01
3.876000e-05	1.177575e-02	1.437713e+01
3.877000e-05	1.940892e-02	1.447997e+01
3.878000e-05	1.943937e-02	1.454628e+01
3.879000e-05	7.553890e-03	1.466348e+01
3.880000e-05	1.406676e-02	1.476631e+01
3.881000e-05	1.679494e-02	1.484142e+01
3.882000e-05	2.203233e-02	1.493556e+01
3.883000e-05	1.148656e-02	1.505827e+01
3.884000e-05	1.394984e-02	1.509350e+01
3.885000e-05	1.861786e-02	1.517711e+01
3.886000e-05	2.093578e-02	1.525982e+01
3.887000e-05	1.592326e-02	1.531350e+01
3.888000e-05	1.355467e-02	1.536708e+01
3.889000e-05	2.271102e-02	1.537721e+01
3.890000e-05	2.261079e-02	1.544179e+01
3.891000e-05	1.961731e-02	1.550038e+01
3.892000e-05	1.491917e-02	1.554305e+01
3.893000e-05	2.293874e-02	1.551661e+01
3.894000e-05	2.582170e-02	1.556723e+01
3.895000e-05	2.270675e-02	1.556617e+01
3.896000e-05	2.007228e-02	1.561774e+01
3.897000e-05	2.377123e-02	1.559827e+01
3.898000e-05	3.016019e-02	1.557621e+01
3.899000e-05	2.671468e-02	1.561782e+01
3.900000e-05	2.473316e-02	1.557676e+01
3.901000e-05	2.765004e-02	1.557661e+01
3.902000e-05	3.494046e-02	1.555668e+01
3.903000e-05	3.246203e-02	1.551398e+01
3.904000e-05	3.078405e-02	1.546190e+01
3.905000e-05	3.348291e-02	1.543037e+01
3.906000e-05	3.903957e-02	1.537714e+01
3.907000e-05	4.019293e-02	1.535403e+01
3.908000e-05	3.745231e-02	1.529238e+01
3.909000e-05	4.093752e-02	1.524022e+01
3.910000e-05	4.612927e-02	1.514516e+01
3.911000e-05	4.856598e-02	1.507138e+01
3.912000e-05	4.604666e-02	1.498672e+01
3.913000e-05	5.038764e-02	1.491306e+01
3.914000e-05	5.745163e-02	1.482932e+01
3.915000e-05	5.999046e-02	1.474459e+01
3.916000e-05	6.130824e-02	1.463982e+01
3.917000e-05	6.001848e-02	1.449319e+01
3.918000e-05	6.688678e-02	1.447775e+01
3.919000e-05	6.570177e-02	1.429143e+01
3.920000e-05	6.563868e-02	1.417524e+01
3.921000e-05	6.062857e-02	1.403890e+01
3.922000e-05	6.505696e-02	1.390293e+01
3.923000e-05	6.129600e-02	1.375414e+01
3.924000e-05	5.901227e-02	1.361874e+01
3.925000e-05	5.328015e-02	1.343993e+01
3.926000e-05	5.382464e-02	1.337209e+01
3.927000e-05	5.147531e-02	1.316619e+01
3.928000e-05	4.784963e-02	1.299724e+01
3.929000e-05	4.224890e-02	1.285877e+01
3.930000e-05	4.151847e-02	1.265043e+01
3.931000e-05	3.943728e-02	1.249256e+01
3.932000e-05	3.479086e-02	1.235413e+01
3.933000e-05	2.976233e-02	1.214414e+01
3.934000e-05	2.965095e-02	1.192466e+01
3.935000e-05	2.900600e-02	1.178469e+01
3.936000e-05	2.520445e-02	1.158517e+01
3.937000e-05	2.267049e-02	1.135267e+01
3.938000e-05	2.202720e-02	1.113409e+01
3.939000e-05	2.201367e-02	1.091516e+01
3.940000e-05	1.834117e-02	1.073463e+01
3.941000e-05	1.613866e-02	1.051359e+01
3.942000e-05	1.408868e-02	1.030953e+01
3.943000e-05	1.601613e-02	1.005143e+01
3.944000e-05	1.329782e-02	9.827826e+00
3.945000e-05	1.118473e-02	9.624776e+00
3.946000e-05	1.010427e-02	9.385744e+00
3.947000e-05	1.105605e-02	9.154669e+00
3.948000e-05	9.661087e-03	8.952111e+00
3.949000e-05	8.828797e-03	8.651035e+00
3.950000e-05	7.456127e-03	8.427384e+00
3.951000e-05	6.389128e-03	8.226896e+00
3.952000e-05	5.650220e-03	7.913693e+00
3.953000e-05	4.116291e-03	7.711564e+00
3.954000e-05	4.134986e-03	7.406850e+00
3.955000e-05	3.618934e-03	7.124669e+00
3.956000e-05	3.789140e-03	6.861535e+00
3.957000e-05	2.449340e-03	6.628430e+00
3.958000e-05	2.270594e-03	6.365290e+00
3.959000e-05	2.814771e-03	6.103664e+00
3.960000e-05	1.529637e-03	5.840057e+00
3.961000e-05	1.860838e-03	5.565320e+00
3.962000e-05	-6.572066e-04	5.290038e+00
3.963000e-05	3.269762e-04	4.924189e+00
3.964000e-05	-5.500110e-04	4.659008e+00
3.965000e-05	-9.273413e-04	4.384801e+00
3.966000e-05	-2.403264e-03	4.072563e+00
3.967000e-05	-9.943871e-04	3.817926e+00
3.968000e-05	-1.414370e-03	3.556720e+00
3.969000e-05	-2.390547e-03	3.209957e+00
3.970000e-05	-3.158784e-03	2.977351e+00
3.971000e-05	-3.613133e-03	2.713165e+00
3.972000e-05	-2.974917e-03	2.396927e+00
3.973000e-05	-3.739681e-03	2.143768e+00
3.974000e-05	-4.209087e-03	1.891061e+00
3.975000e-05	-4.238106e-03	1.565248e+00
3.976000e-05	-3.264235e-03	1.230064e+00
3.977000e-05	-3.916809e-03	9.046168e-01
3.978000e-05	-4.692464e-03	6.175061e-01
3.979000e-05	-4.890223e-03	3.553984e-01
3.980000e-05	-2.279713e-03	3.050995e-02
3.981000e-05	4.237073e-03	-2.140765e-01
3.982000e-05	-3.102509e-04	-4.553021e-01
3.983000e-05	-2.244802e-03	-7.579687e-01
3.984000e-05	-5.208198e-03	-1.032198e+00
3.985000e-05	-2.702150e-03	-1.316336e+00
3.986000e-05	-4.958177e-03	-1.581973e+00
3.987000e-05	7.277279e-03	-1.864074e+00
3.988000e-05	5.940446e-02	-2.026654e+00
3.989000e-05	5.880909e-02	-2.372536e+00
3.990000e-05	-8.375164e-02	-2.738890e+00
3.991000e-05	-3.598992e-02	-3.118910e+00
3.992000e-05	-4.062587e-02	-3.380445e+00
3.993000e-05	-2.498549e-02	-3.653072e+00
3.994000e-05	-4.803166e-02	-3.925807e+00
3.995000e-05	1.400640e-01	-4.085655e+00
3.996000e-05	-1.441451e-01	-4.329308e+00
3.997000e-05	1.170050e-01	-4.602046e+00
3.998000e-05	1.303745e-02	-4.865177e+00
3.999000e-05	-1.107161e-01	-5.233397e+00
4.000000e-05	9.169679e-02	-5.525703e+00
4.001000e-05	-1.682729e-01	-5.800941e+00
4.002000e-05	1.330544e-01	-6.032600e+00
4.003000e-05	-5.301124e-02	-6.337154e+00
4.004000e-05	-1.293869e-02	-6.621444e+00
4.005000e-05	7.135792e-02	-6.834124e+00
4.006000e-05	-1.027696e-01	-7.188886e+00
4.007000e-05	7.222185e-02	-7.431022e+00
4.008000e-05	-1.028462e-01	-7.737275e+00
4.009000e-05	4.828431e-02	-7.939365e+00
4.010000e-05	-5.206449e-04	-8.190445e+00
4.011000e-05	-3.881925e-02	-8.494098e+00
4.012000e-05	6.459531e-02	-8.717681e+00
4.013000e-05	-1.032128e-01	-9.008386e+00
4.014000e-05	6.404249e-02	-9.209916e+00
4.015000e-05	-7.764491e-02	-9.450916e+00
4.016000e-05	3.935787e-02	-9.674650e+00
4.017000e-05	-3.064772e-02	-9.894050e+00
4.018000e-05	2.359015e-04	-1.013660e+01
4.019000e-05	1.194670e-02	-1.033621e+01
4.020000e-05	-4.942139e-02	-1.056831e+01
4.021000e-05	2.337621e-02	-1.075824e+01
4.022000e-05	-5.992154e-02	-1.097723e+01
4.023000e-05	3.663590e-02	-1.116786e+01
4.024000e-05	-5.051627e-02	-1.141983e+01
4.025000e-05	2.508873e-02	-1.162984e+01
4.026000e-05	-3.694582e-02	-1.185127e+01
4.027000e-05	7.909265e-03	-1.204054e+01
4.028000e-05	-3.014168e-02	-1.221844e+01
4.029000e-05	-1.382548e-02	-1.240037e+01
4.030000e-05	-1.080021e-02	-1.257821e+01
4.031000e-05	-1.670821e-02	-1.274623e+01
4.032000e-05	-3.246575e-03	-1.291513e+01
4.033000e-05	-2.801373e-02	-1.308357e+01
4.034000e-05	1.084717e-03	-1.326087e+01
4.035000e-05	-3.228916e-02	-1.339876e+01
4.036000e-05	-3.248511e-03	-1.354466e+01
4.037000e-05	-3.413212e-02	-1.368307e+01
4.038000e-05	-2.479694e-03	-1.385942e+01
4.039000e-05	-2.423858e-02	-1.396771e+01
4.040000e-05	-8.722662e-03	-1.411355e+01
4.041000e-05	-2.330894e-02	-1.425079e+01
4.042000e-05	-1.584167e-02	-1.436873e+01
4.043000e-05	-1.990091e-02	-1.447350e+01
4.044000e-05	-2.133337e-02	-1.458835e+01
4.045000e-05	-1.952962e-02	-1.469305e+01
4.046000e-05	-2.195504e-02	-1.474921e+01
4.047000e-05	-1.444040e-02	-1.485192e+01
4.048000e-05	-2.262819e-02	-1.495556e+01
4.049000e-05	-1.886861e-02	-1.511035e+01
4.050000e-05	-2.543230e-02	-1.511405e+01
4.051000e-05	-1.926248e-02	-1.514826e+01
4.052000e-05	-2.551293e-02	-1.525145e+01
4.053000e-05	-2.189088e-02	-1.527413e+01
4.054000e-05	-2.673206e-02	-1.534621e+01
4.055000e-05	-2.101363e-02	-1.545882e+01
4.056000e-05	-2.560615e-02	-1.545085e+01
4.057000e-05	-2.545603e-02	-1.545297e+01
4.058000e-05	-2.737662e-02	-1.552508e+01
4.059000e-05	-2.618594e-02	-1.554566e+01
4.060000e-05	-2.547270e-02	-1.555566e+01
4.061000e-05	-2.944766e-02	-1.563769e+01
4.062000e-05	-2.914313e-02	-1.558722e+01
4.063000e-05	-3.225230e-02	-1.560869e+01
4.064000e-05	-3.102156e-02	-1.562767e+01
4.065000e-05	-3.412327e-02	-1.562772e+01
4.066000e-05	-3.405671e-02	-1.555666e+01
4.067000e-05	-3.503279e-02	-1.555573e+01
4.068000e-05	-3.494931e-02	-1.556511e+01
4.069000e-05	-3.867052e-02	-1.552248e+01
4.070000e-05	-4.021566e-02	-1.549987e+01
4.071000e-05	-4.153754e-02	-1.542882e+01
4.072000e-05	-4.255803e-02	-1.540672e+01
4.073000e-05	-4.451288e-02	-1.529261e+01
4.074000e-05	-4.575737e-02	-1.524993e+01
4.075000e-05	-4.857068e-02	-1.519784e+01
4.076000e-05	-4.963370e-02	-1.513363e+01
4.077000e-05	-5.449781e-02	-1.508087e+01
4.078000e-05	-5.638109e-02	-1.499619e+01
4.079000e-05	-5.915196e-02	-1.487100e+01
4.080000e-05	-6.143050e-02	-1.481727e+01
4.081000e-05	-6.446110e-02	-1.473301e+01
4.082000e-05	-6.770591e-02	-1.461582e+01
4.083000e-05	-6.867389e-02	-1.451156e+01
4.084000e-05	-7.088350e-02	-1.441527e+01
4.085000e-05	-7.122403e-02	-1.432050e+01
4.086000e-05	-7.165593e-02	-1.414209e+01
4.087000e-05	-7.086467e-02	-1.402835e+01
4.088000e-05	-6.922661e-02	-1.389000e+01
4.089000e-05	-6.755690e-02	-1.380466e+01
4.090000e-05	-6.525217e-02	-1.360579e+01
4.091000e-05	-6.284929e-02	-1.345888e+01
4.092000e-05	-5.949950e-02	-1.335258e+01
4.093000e-05	-5.683516e-02	-1.315561e+01
4.094000e-05	-5.377183e-02	-1.303677e+01
4.095000e-05	-5.015781e-02	-1.282845e+01
4.096000e-05	-4.790247e-02	-1.266895e+01
4.097000e-05	-4.530568e-02	-1.249054e+01
4.098000e-05	-4.230591e-02	-1.232164e+01
4.099000e-05	-3.907630e-02	-1.215219e+01
4.100000e-05	-3.718466e-02	-1.199414e+01
4.101000e-05	-3.571399e-02	-1.178414e+01
4.102000e-05	-3.326665e-02	-1.151053e+01
4.103000e-05	-3.073974e-02	-1.130246e+01
4.104000e-05	-2.940863e-02	-1.110950e+01
4.105000e-05	-2.743782e-02	-1.088053e+01
4.106000e-05	-2.708203e-02	-1.067053e+01
4.107000e-05	-2.394289e-02	-1.047848e+01
4.108000e-05	-2.263561e-02	-1.025845e+01
4.109000e-05	-2.091897e-02	-1.003788e+01
4.110000e-05	-2.118611e-02	-9.836827e+00
4.111000e-05	-1.909675e-02	-9.616276e+00
4.112000e-05	-1.919668e-02	-9.355592e+00
4.113000e-05	-1.836964e-02	-9.133088e+00
4.114000e-05	-1.705965e-02	-8.870513e+00
4.115000e-05	-1.637587e-02	-8.647904e+00
4.116000e-05	-1.551593e-02	-8.386751e+00
4.117000e-05	-1.443050e-02	-8.194274e+00
4.118000e-05	-1.352652e-02	-7.942664e+00
4.119000e-05	-1.268429e-02	-7.657383e+00
4.120000e-05	-1.159316e-02	-7.403792e+00
4.121000e-05	-1.270700e-02	-7.112589e+00
4.122000e-05	-1.078588e-02	-6.836954e+00
4.123000e-05	-1.133649e-02	-6.565819e+00
4.124000e-05	-9.492561e-03	-6.362664e+00
4.125000e-05	-1.158328e-02	-6.039429e+00
4.126000e-05	-9.029182e-03	-5.806300e+00
4.127000e-05	-9.495249e-03	-5.532589e+00
4.128000e-05	-7.233385e-03	-5.175377e+00
4.129000e-05	-9.790715e-03	-4.930594e+00
4.130000e-05	-7.359907e-03	-4.605877e+00
4.131000e-05	-8.282540e-03	-4.355718e+00
4.132000e-05	-6.189292e-03	-4.101663e+00
4.133000e-05	-8.114484e-03	-3.816458e+00
4.134000e-05	-7.842520e-03	-3.514667e+00
4.135000e-05	-7.475681e-03	-3.289060e+00
4.136000e-05	-5.695366e-03	-2.973722e+00
4.137000e-05	-5.566152e-03	-2.671009e+00
4.138000e-05	-4.219093e-03	-2.407880e+00
4.139000e-05	-4.919167e-03	-2.061163e+00
4.140000e-05	-4.273704e-03	-1.807481e+00
4.141000e-05	-5.197008e-03	-1.523670e+00
4.142000e-05	-5.268267e-03	-1.177952e+00
4.143000e-05	-4.158164e-03	-9.131930e-01
4.144000e-05	-4.389056e-03	-6.084826e-01
4.145000e-05	-2.371774e-03	-3.132182e-01
4.146000e-05	-5.155022e-04	-4.161157e-02
4.147000e-05	1.124025e-02	2.466554e-01
4.148000e-05	-1.056104e-03	5.273570e-01
4.149000e-05	3.665698e-03	7.799160e-01
4.150000e-05	-2.383351e-03	1.056626e+00
4.151000e-05	4.031209e-03	1.340362e+00
4.152000e-05	3.034153e-04	1.685779e+00
4.153000e-05	1.121227e-02	1.886836e+00
4.154000e-05	3.349028e-02	2.170363e+00
4.155000e-05	8.505108e-02	2.456731e+00
4.156000e-05	-4.365352e-02	2.825098e+00
4.157000e-05	-5.150842e-02	3.128857e+00
4.158000e-05	-3.871443e-02	3.402945e+00
4.159000e-05	1.023970e-02	3.705652e+00
4.160000e-05	-4.203041e-02	3.905105e+00
4.161000e-05	-2.240662e-02	4.035602e+00
4.162000e-05	1.025187e-01	4.372412e+00
4.163000e-05	-6.467929e-02	4.684749e+00
4.164000e-05	1.177946e-01	4.929307e+00
4.165000e-05	-2.978654e-02	5.286647e+00
4.166000e-05	-5.186342e-02	5.547939e+00
4.167000e-05	5.085430e-02	5.853420e+00
4.168000e-05	-3.739880e-02	6.116207e+00
4.169000e-05	5.148422e-02	6.327787e+00
4.170000e-05	-4.365627e-02	6.665628e+00
4.171000e-05	2.819518e-02	6.906209e+00
4.172000e-05	4.162846e-02	7.160390e+00
4.173000e-05	-2.441015e-02	7.464624e+00
4.174000e-05	-9.506723e-03	7.698783e+00
4.175000e-05	-1.959806e-02	8.042843e+00
4.176000e-05	6.742145e-02	8.285678e+00
4.177000e-05	-1.005681e-02	8.517127e+00
4.178000e-05	-1.656425e-02	8.706757e+00
4.179000e-05	2.914762e-02	8.989837e+00
4.180000e-05	-6.554329e-03	9.211015e+00
4.181000e-05	3.020241e-02	9.442497e+00
4.182000e-05	-3.051694e-02	9.635550e+00
4.183000e-05	2.380662e-02	9.885278e+00
4.184000e-05	9.942620e-03	1.013523e+01
4.185000e-05	2.846256e-02	1.034719e+01
4.186000e-05	-8.362385e-03	1.058881e+01
4.187000e-05	-1.152166e-02	1.076242e+01
4.188000e-05	2.896018e-02	1.098929e+01
4.189000e-05	4.081271e-03	1.120079e+01
4.190000e-05	1.405095e-02	1.144087e+01
4.191000e-05	-1.120289e-02	1.164397e+01
4.192000e-05	3.286418e-02	1.185290e+01
4.193000e-05	1.087323e-02	1.204142e+01
4.194000e-05	1.002324e-02	1.223234e+01
4.195000e-05	-6.817418e-03	1.240042e+01
4.196000e-05	1.503661e-02	1.259681e+01
4.197000e-05	2.101359e-02	1.272826e+01
4.198000e-05	4.883775e-03	1.293600e+01
4.199000e-05	8.459779e-03	1.307190e+01
4.200000e-05	1.191262e-02	1.327200e+01
4.201000e-05	2.705298e-02	1.339977e+01
4.202000e-05	5.062276e-03	1.358606e+01
4.203000e-05	5.801106e-03	1.373550e+01
4.204000e-05	8.989051e-03	1.383982e+01
4.205000e-05	2.160421e-02	1.395821e+01
4.206000e-05	1.260085e-02	1.408511e+01
4.207000e-05	7.249107e-03	1.426342e+01
4.208000e-05	1.587447e-02	1.441919e+01
4.209000e-05	1.967579e-02	1.450293e+01
4.210000e-05	1.664724e-02	1.460084e+01
4.211000e-05	7.714964e-03	1.471663e+01
4.212000e-05	1.499846e-02	1.484879e+01
4.213000e-05	2.077902e-02	1.485397e+01
4.214000e-05	1.797580e-02	1.495668e+01
4.215000e-05	1.258478e-02	1.503087e+01
4.216000e-05	1.353523e-02	1.515453e+01
4.217000e-05	2.167356e-02	1.520914e+01
4.218000e-05	1.857580e-02	1.525940e+01
4.219000e-05	1.550549e-02	1.528557e+01
4.220000e-05	1.486812e-02	1.534761e+01
4.221000e-05	2.445764e-02	1.543072e+01
4.222000e-05	2.298936e-02	1.548137e+01
4.223000e-05	1.541720e-02	1.552257e+01
4.224000e-05	1.951694e-02	1.551500e+01
4.225000e-05	2.168479e-02	1.555469e+01
4.226000e-05	2.707277e-02	1.557622e+01
4.227000e-05	1.841159e-02	1.557764e+01
4.228000e-05	2.323535e-02	1.557829e+01
4.229000e-05	2.623888e-02	1.560829e+01
4.230000e-05	3.096589e-02	1.557932e+01
4.231000e-05	2.479299e-02	1.559824e+01
4.232000e-05	2.569777e-02	1.556719e+01
4.233000e-05	3.034716e-02	1.556616e+01
4.234000e-05	3.286781e-02	1.553456e+01
4.235000e-05	3.139880e-02	1.548246e+01
4.236000e-05	3.148331e-02	1.546992e+01
4.237000e-05	3.841466e-02	1.541932e+01
4.238000e-05	4.013359e-02	1.539666e+01
4.239000e-05	3.875592e-02	1.533346e+01
4.240000e-05	3.587463e-02	1.528990e+01
4.241000e-05	4.226459e-02	1.520669e+01
4.242000e-05	4.677434e-02	1.510361e+01
4.243000e-05	4.775307e-02	1.503932e+01
4.244000e-05	4.856449e-02	1.498567e+01
4.245000e-05	5.342151e-02	1.490250e+01
4.246000e-05	5.948838e-02	1.475680e+01
4.247000e-05	5.977123e-02	1.471243e+01
4.248000e-05	5.859767e-02	1.458617e+01
4.249000e-05	6.276371e-02	1.451393e+01
4.250000e-05	6.665869e-02	1.438467e+01
4.251000e-05	6.474837e-02	1.421993e+01
4.252000e-05	6.208124e-02	1.414211e+01
4.253000e-05	6.430123e-02	1.400822e+01
4.254000e-05	6.492151e-02	1.383935e+01
4.255000e-05	6.214225e-02	1.372161e+01
4.256000e-05	5.518194e-02	1.352571e+01
4.257000e-05	5.401091e-02	1.341579e+01
4.258000e-05	5.229018e-02	1.324893e+01
4.259000e-05	4.998715e-02	1.308301e+01
4.260000e-05	4.354117e-02	1.296462e+01
4.261000e-05	4.173001e-02	1.280629e+01
4.262000e-05	4.222190e-02	1.264827e+01
4.263000e-05	3.834373e-02	1.247948e+01
4.264000e-05	3.317743e-02	1.225148e+01
4.265000e-05	2.987667e-02	1.212156e+01
4.266000e-05	2.986800e-02	1.190256e+01
4.267000e-05	2.693357e-02	1.167051e+01
4.268000e-05	2.355444e-02	1.148243e+01
4.269000e-05	2.190681e-02	1.130048e+01
4.270000e-05	2.198373e-02	1.104950e+01
4.271000e-05	2.127502e-02	1.086055e+01
4.272000e-05	1.750947e-02	1.062037e+01
4.273000e-05	1.560089e-02	1.042780e+01
4.274000e-05	1.550980e-02	1.022785e+01
4.275000e-05	1.478148e-02	1.001630e+01
4.276000e-05	1.153835e-02	9.733692e+00
4.277000e-05	9.547588e-03	9.524563e+00
4.278000e-05	9.742221e-03	9.302586e+00
4.279000e-05	9.749501e-03	9.100031e+00
4.280000e-05	8.042264e-03	8.847875e+00
4.281000e-05	7.283643e-03	8.577824e+00
4.282000e-05	7.957798e-03	8.354771e+00
4.283000e-05	6.715214e-03	8.093087e+00
4.284000e-05	4.678549e-03	7.849904e+00
4.285000e-05	3.290965e-03	7.575302e+00
4.286000e-05	4.091697e-03	7.322610e+00
4.287000e-05	2.878510e-03	7.069432e+00
4.288000e-05	2.428226e-03	6.776803e+00
4.289000e-05	1.487737e-03	6.532164e+00
4.290000e-05	2.341954e-03	6.250959e+00
4.291000e-05	2.121809e-03	6.008904e+00
4.292000e-05	1.471801e-03	5.703218e+00
4.293000e-05	5.033393e-04	5.482036e+00
4.294000e-05	-7.887801e-04	5.195797e+00
4.295000e-05	3.987674e-04	4.819376e+00
4.296000e-05	-5.279479e-04	4.544294e+00
4.297000e-05	-1.460906e-03	4.330588e+00
4.298000e-05	-1.957592e-03	3.985373e+00
4.299000e-05	-1.238358e-03	3.701638e+00
4.300000e-05	-1.295407e-03	3.470584e+00
4.301000e-05	-2.419018e-03	3.176773e+00
4.302000e-05	-3.279516e-03	2.871060e+00
4.303000e-05	-2.450755e-03	2.606848e+00
4.304000e-05	-2.485309e-03	2.302068e+00
4.305000e-05	-4.082827e-03	2.039931e+00
4.306000e-05	-5.465882e-03	1.714701e+00
4.307000e-05	-3.402973e-03	1.459460e+00
4.308000e-05	-4.195627e-03	1.113144e+00
4.309000e-05	-3.815133e-03	7.884271e-01
4.310000e-05	-5.432441e-03	5.337692e-01
4.311000e-05	-3.034972e-03	2.300837e-01
4.312000e-05	-2.019214e-03	-8.462927e-02
4.313000e-05	7.916421e-03	-2.863083e-01
4.314000e-05	-6.227628e-03	-6.015388e-01
4.315000e-05	2.362517e-04	-8.956793e-01
4.316000e-05	-6.903573e-03	-1.137307e+00
4.317000e-05	-5.786904e-04	-1.463644e+00
4.318000e-05	-4.979583e-03	-1.664682e+00
4.319000e-05	1.830333e-02	-1.936286e+00
4.320000e-05	9.353897e-02	-2.170416e+00
4.321000e-05	-1.464192e-02	-2.507807e+00
4.322000e-05	-6.770699e-02	-2.897353e+00
4.323000e-05	-4.418975e-02	-3.265077e+00
4.324000e-05	-2.067726e-02	-3.485231e+00
4.325000e-05	-5.813890e-02	-3.777387e+00
4.326000e-05	3.890021e-02	-3.937413e+00
4.327000e-05	6.823190e-02	-4.170361e+00
4.328000e-05	-1.314999e-01	-4.414074e+00
4.329000e-05	1.949583e-01	-4.695277e+00
4.330000e-05	-1.321037e-01	-4.990391e+00
4.331000e-05	2.391301e-02	-5.367741e+00
4.332000e-05	-1.468843e-02	-5.579937e+00
4.333000e-05	-9.506139e-02	-5.885704e+00
4.334000e-05	1.440103e-01	-6.168261e+00
4.335000e-05	-1.258468e-01	-6.392017e+00
4.336000e-05	8.971815e-02	-6.705154e+00
4.337000e-05	-3.077286e-02	-6.969387e+00
4.338000e-05	-3.602896e-02	-7.274599e+00
4.339000e-05	3.446060e-02	-7.525704e+00
4.340000e-05	-1.002491e-01	-7.801438e+00
4.341000e-05	9.786900e-02	-8.073647e+00
4.342000e-05	-7.820836e-02	-8.286226e+00
4.343000e-05	4.482631e-02	-8.597839e+00
4.344000e-05	-1.511433e-02	-8.790967e+00
4.345000e-05	-4.804380e-02	-9.053047e+00
4.346000e-05	4.359954e-02	-9.253124e+00
4.347000e-05	-7.762727e-02	-9.546776e+00
4.348000e-05	6.125473e-02	-9.738759e+00
4.349000e-05	-7.286557e-02	-9.967736e+00
4.350000e-05	5.291769e-02	-1.020987e+01
4.351000e-05	-5.165556e-02	-1.042147e+01
4.352000e-05	6.818631e-03	-1.064007e+01
4.353000e-05	-2.213643e-02	-1.084199e+01
4.354000e-05	-1.697728e-02	-1.104307e+01
4.355000e-05	8.492577e-03	-1.126162e+01
4.356000e-05	-3.587831e-02	-1.148510e+01
4.357000e-05	1.793421e-02	-1.169508e+01
4.358000e-05	-4.011094e-02	-1.189513e+01
4.359000e-05	1.502201e-02	-1.214565e+01
4.360000e-05	-4.674180e-02	-1.225410e+01
4.361000e-05	1.007167e-02	-1.247304e+01
4.362000e-05	-3.265975e-02	-1.261242e+01
4.363000e-05	3.204922e-03	-1.282894e+01
4.364000e-05	-2.629518e-02	-1.298826e+01
4.365000e-05	-6.291282e-03	-1.313616e+01
4.366000e-05	-1.530443e-02	-1.332252e+01
4.367000e-05	-1.836138e-02	-1.342184e+01
4.368000e-05	-1.434797e-02	-1.356781e+01
4.369000e-05	-2.664300e-02	-1.374713e+01
4.370000e-05	-6.405119e-03	-1.391357e+01
4.371000e-05	-2.563854e-02	-1.406084e+01
4.372000e-05	-8.170866e-03	-1.415666e+01
4.373000e-05	-2.535192e-02	-1.430295e+01
4.374000e-05	-8.537555e-03	-1.439039e+01
4.375000e-05	-2.576840e-02	-1.450373e+01
4.376000e-05	-1.570251e-02	-1.461989e+01
4.377000e-05	-2.477470e-02	-1.471555e+01
4.378000e-05	-1.611917e-02	-1.482032e+01
4.379000e-05	-2.050089e-02	-1.490458e+01
4.380000e-05	-2.076408e-02	-1.499921e+01
4.381000e-05	-2.248343e-02	-1.505042e+01
4.382000e-05	-2.005927e-02	-1.514413e+01
4.383000e-05	-2.208617e-02	-1.522986e+01
4.384000e-05	-2.397394e-02	-1.527247e+01
4.385000e-05	-2.380203e-02	-1.533513e+01
4.386000e-05	-2.375540e-02	-1.538572e+01
4.387000e-05	-2.136065e-02	-1.544037e+01
4.388000e-05	-2.824405e-02	-1.549242e+01
4.389000e-05	-2.421283e-02	-1.550298e+01
4.390000e-05	-2.757554e-02	-1.556508e+01
4.391000e-05	-2.456052e-02	-1.556616e+01
4.392000e-05	-3.048865e-02	-1.555823e+01
4.393000e-05	-2.827818e-02	-1.564724e+01
4.394000e-05	-2.950929e-02	-1.560781e+01
4.395000e-05	-2.928716e-02	-1.563824e+01
4.396000e-05	-3.307816e-02	-1.562831e+01
4.397000e-05	-3.382947e-02	-1.555771e+01
4.398000e-05	-3.368350e-02	-1.554621e+01
4.399000e-05	-3.539481e-02	-1.554711e+01
4.400000e-05	-3.794149e-02	-1.551308e+01
4.401000e-05	-3.899746e-02	-1.550198e+01
4.402000e-05	-3.933107e-02	-1.543880e+01
4.403000e-05	-3.971678e-02	-1.541872e+01
4.404000e-05	-4.304798e-02	-1.537426e+01
4.405000e-05	-4.577610e-02	-1.528305e+01
4.406000e-05	-4.669493e-02	-1.525000e+01
4.407000e-05	-4.868998e-02	-1.517577e+01
4.408000e-05	-5.134984e-02	-1.512308e+01
4.409000e-05	-5.538936e-02	-1.503987e+01
4.410000e-05	-5.731491e-02	-1.497419e+01
4.411000e-05	-5.899155e-02	-1.486145e+01
4.412000e-05	-6.211060e-02	-1.479622e+01
4.413000e-05	-6.561413e-02	-1.469293e+01
4.414000e-05	-6.831614e-02	-1.457717e+01
4.415000e-05	-6.902494e-02	-1.449103e+01
4.416000e-05	-7.116081e-02	-1.436556e+01
4.417000e-05	-7.250637e-02	-1.422780e+01
4.418000e-05	-7.220619e-02	-1.413201e+01
4.419000e-05	-6.950135e-02	-1.397559e+01
4.420000e-05	-6.784743e-02	-1.384892e+01
4.421000e-05	-6.789050e-02	-1.374051e+01
4.422000e-05	-6.421516e-02	-1.352516e+01
4.423000e-05	-6.066770e-02	-1.339824e+01
4.424000e-05	-5.817965e-02	-1.327835e+01
4.425000e-05	-5.584513e-02	-1.308106e+01
4.426000e-05	-5.277617e-02	-1.295367e+01
4.427000e-05	-4.857355e-02	-1.278630e+01
4.428000e-05	-4.668718e-02	-1.257727e+01
4.429000e-05	-4.438114e-02	-1.248843e+01
4.430000e-05	-4.210518e-02	-1.221948e+01
4.431000e-05	-3.922824e-02	-1.211348e+01
4.432000e-05	-3.613616e-02	-1.191043e+01
4.433000e-05	-3.442816e-02	-1.168798e+01
4.434000e-05	-3.234701e-02	-1.145838e+01
4.435000e-05	-3.085553e-02	-1.120727e+01
4.436000e-05	-2.812185e-02	-1.100882e+01
4.437000e-05	-2.760816e-02	-1.081782e+01
4.438000e-05	-2.598495e-02	-1.064737e+01
4.439000e-05	-2.474507e-02	-1.040585e+01
4.440000e-05	-2.160612e-02	-1.016470e+01
4.441000e-05	-2.099550e-02	-9.943694e+00
4.442000e-05	-2.110310e-02	-9.743662e+00
4.443000e-05	-1.983193e-02	-9.532014e+00
4.444000e-05	-1.758634e-02	-9.269582e+00
4.445000e-05	-1.681254e-02	-9.049451e+00
4.446000e-05	-1.715275e-02	-8.806428e+00
4.447000e-05	-1.715320e-02	-8.552787e+00
4.448000e-05	-1.454087e-02	-8.303589e+00
4.449000e-05	-1.354062e-02	-8.091432e+00
4.450000e-05	-1.331223e-02	-7.857350e+00
4.451000e-05	-1.356247e-02	-7.523141e+00
4.452000e-05	-1.239080e-02	-7.278010e+00
4.453000e-05	-1.170769e-02	-7.004829e+00
4.454000e-05	-1.105464e-02	-6.753169e+00
4.455000e-05	-1.127209e-02	-6.481010e+00
4.456000e-05	-1.039865e-02	-6.248450e+00
4.457000e-05	-1.128790e-02	-5.984296e+00
4.458000e-05	-8.693712e-03	-5.691636e+00
4.459000e-05	-1.059798e-02	-5.395801e+00
4.460000e-05	-9.091098e-03	-5.110464e+00
4.461000e-05	-8.428515e-03	-4.755248e+00
4.462000e-05	-6.215321e-03	-4.492139e+00
4.463000e-05	-8.617177e-03	-4.261031e+00
4.464000e-05	-7.011127e-03	-3.996400e+00
4.465000e-05	-8.689616e-03	-3.682165e+00
4.466000e-05	-5.757017e-03	-3.439506e+00
4.467000e-05	-8.423418e-03	-3.174748e+00
4.468000e-05	-5.096113e-03	-2.810031e+00
4.469000e-05	-5.407011e-03	-2.536297e+00
4.470000e-05	-3.867909e-03	-2.290591e+00
4.471000e-05	-6.054807e-03	-1.995850e+00
4.472000e-05	-6.030163e-03	-1.733247e+00
4.473000e-05	-5.998814e-03	-1.406937e+00
4.474000e-05	-3.822456e-03	-1.081067e+00
4.475000e-05	-4.552772e-03	-8.169539e-01
4.476000e-05	-3.707185e-03	-5.122393e-01
4.477000e-05	-1.886912e-03	-2.170576e-01
4.478000e-05	3.301184e-03	-1.492210e-02
4.479000e-05	8.150441e-03	3.584397e-01
4.480000e-05	-2.884338e-03	6.045725e-01
4.481000e-05	2.951957e-03	8.641554e-01
4.482000e-05	-1.862859e-03	1.179966e+00
4.483000e-05	4.465184e-03	1.455177e+00
4.484000e-05	-1.508876e-03	1.749991e+00
4.485000e-05	1.677367e-02	2.001494e+00
4.486000e-05	5.730690e-02	2.275149e+00
4.487000e-05	5.573116e-02	2.654464e+00
4.488000e-05	-6.657160e-02	2.939841e+00
4.489000e-05	-4.459216e-02	3.210994e+00
4.490000e-05	-2.244446e-02	3.488253e+00
4.491000e-05	2.462273e-03	3.758867e+00
4.492000e-05	-5.529386e-02	3.937811e+00
4.493000e-05	3.015703e-02	4.211312e+00
4.494000e-05	6.329345e-02	4.506654e+00
4.495000e-05	-4.609916e-02	4.769315e+00
4.496000e-05	1.359243e-01	5.056097e+00
4.497000e-05	-1.080369e-01	5.391918e+00
4.498000e-05	2.213453e-02	5.613549e+00
4.499000e-05	1.218511e-02	5.898283e+00
4.500000e-05	-1.288894e-02	6.190365e+00
4.501000e-05	3.746233e-02	6.465150e+00
4.502000e-05	-5.583080e-02	6.737887e+00
4.503000e-05	7.387618e-02	7.023369e+00
4.504000e-05	-6.291465e-03	7.256152e+00
4.505000e-05	-7.424747e-03	7.560886e+00
4.506000e-05	-3.065110e-02	7.865523e+00
4.507000e-05	2.474693e-02	8.126726e+00
4.508000e-05	5.206646e-02	8.368812e+00
4.509000e-05	-3.569168e-02	8.570916e+00
4.510000e-05	1.392132e-02	8.752518e+00
4.511000e-05	7.894500e-03	9.073993e+00
4.512000e-05	1.494749e-02	9.306128e+00
4.513000e-05	2.607062e-03	9.507705e+00
4.514000e-05	-1.222368e-02	9.779837e+00
4.515000e-05	2.205671e-02	1.001002e+01
4.516000e-05	1.797977e-02	1.023989e+01
4.517000e-05	1.966390e-02	1.041147e+01
4.518000e-05	-1.967460e-02	1.064460e+01
4.519000e-05	1.015637e-02	1.087358e+01
4.520000e-05	1.924915e-02	1.109298e+01
4.521000e-05	1.030602e-02	1.129347e+01
4.522000e-05	-1.392130e-03	1.148558e+01
4.523000e-05	6.790000e-03	1.169768e+01
4.524000e-05	2.475214e-02	1.191663e+01
4.525000e-05	1.174475e-02	1.210465e+01
4.526000e-05	1.558510e-03	1.227405e+01
4.527000e-05	7.310901e-04	1.245552e+01
4.528000e-05	2.038105e-02	1.264040e+01
4.529000e-05	1.554430e-02	1.282087e+01
4.530000e-05	4.745339e-03	1.300929e+01
4.531000e-05	6.208306e-03	1.315623e+01
4.532000e-05	2.103433e-02	1.330415e+01
4.533000e-05	1.758972e-02	1.344097e+01
4.534000e-05	5.597781e-03	1.358876e+01
4.535000e-05	3.500485e-03	1.376705e+01
4.536000e-05	1.870573e-02	1.389295e+01
4.537000e-05	1.832743e-02	1.399987e+01
4.538000e-05	1.079814e-02	1.418723e+01
4.539000e-05	7.243801e-03	1.434458e+01
4.540000e-05	1.941332e-02	1.446037e+01
4.541000e-05	2.078900e-02	1.454518e+01
4.542000e-05	9.716418e-03	1.466047e+01
4.543000e-05	9.673681e-03	1.474523e+01
4.544000e-05	1.664231e-02	1.484042e+01
4.545000e-05	2.358580e-02	1.488559e+01
4.546000e-05	1.394196e-02	1.500774e+01
4.547000e-05	1.221864e-02	1.508242e+01
4.548000e-05	1.548566e-02	1.513868e+01
4.549000e-05	2.263333e-02	1.521824e+01
4.550000e-05	1.675527e-02	1.531338e+01
4.551000e-05	1.274222e-02	1.536603e+01
4.552000e-05	1.907714e-02	1.537869e+01
4.553000e-05	2.416514e-02	1.543031e+01
4.554000e-05	2.144364e-02	1.547182e+01
4.555000e-05	1.402254e-02	1.551200e+01
4.556000e-05	2.120616e-02	1.556403e+01
4.557000e-05	2.492978e-02	1.554618e+01
4.558000e-05	2.484812e-02	1.555866e+01
4.559000e-05	1.949327e-02	1.556584e+01
4.560000e-05	2.252542e-02	1.560884e+01
4.561000e-05	2.838435e-02	1.559826e+01
4.562000e-05	2.732670e-02	1.556979e+01
4.563000e-05	2.436899e-02	1.559874e+01
4.564000e-05	2.609105e-02	1.556571e+01
4.565000e-05	3.505962e-02	1.554313e+01
4.566000e-05	3.375675e-02	1.551253e+01
4.567000e-05	3.174251e-02	1.553293e+01
4.568000e-05	3.121540e-02	1.543884e+01
4.569000e-05	3.808019e-02	1.540964e+01
4.570000e-05	3.967904e-02	1.536609e+01
4.571000e-05	3.714439e-02	1.529195e+01
4.572000e-05	4.015508e-02	1.525777e+01
4.573000e-05	4.402645e-02	1.517561e+01
4.574000e-05	4.910338e-02	1.508095e+01
4.575000e-05	4.675097e-02	1.499820e+01
4.576000e-05	5.130825e-02	1.493456e+01
4.577000e-05	5.713703e-02	1.483935e+01
4.578000e-05	6.095505e-02	1.475668e+01
4.579000e-05	6.066396e-02	1.469095e+01
4.580000e-05	6.047513e-02	1.456564e+01
4.581000e-05	6.611256e-02	1.446887e+01
4.582000e-05	6.671298e-02	1.432363e+01
4.583000e-05	6.669752e-02	1.418780e+01
4.584000e-05	6.207965e-02	1.409003e+01
4.585000e-05	6.553502e-02	1.394408e+01
4.586000e-05	6.149099e-02	1.381617e+01
4.587000e-05	6.077824e-02	1.365840e+01
4.588000e-05	5.510608e-02	1.353406e+01
4.589000e-05	5.500243e-02	1.338466e+01
4.590000e-05	5.192042e-02	1.318675e+01
4.591000e-05	4.917785e-02	1.306132e+01
4.592000e-05	4.359776e-02	1.288045e+01
4.593000e-05	4.214631e-02	1.271254e+01
4.594000e-05	4.003283e-02	1.256419e+01
4.595000e-05	3.553848e-02	1.238725e+01
4.596000e-05	3.227626e-02	1.220872e+01
4.597000e-05	3.070999e-02	1.201832e+01
4.598000e-05	2.904719e-02	1.186780e+01
4.599000e-05	2.565030e-02	1.161885e+01
4.600000e-05	2.394394e-02	1.142769e+01
4.601000e-05	2.249976e-02	1.118569e+01
4.602000e-05	2.217377e-02	1.099575e+01
4.603000e-05	1.852854e-02	1.079675e+01
4.604000e-05	1.613759e-02	1.057567e+01
4.605000e-05	1.516619e-02	1.034409e+01
4.606000e-05	1.524540e-02	1.011359e+01
4.607000e-05	1.302464e-02	9.923158e+00
4.608000e-05	1.207860e-02	9.699379e+00
4.609000e-05	1.044805e-02	9.420855e+00
4.610000e-05	1.150457e-02	9.235900e+00
4.611000e-05	9.075018e-03	9.006195e+00
4.612000e-05	8.105688e-03	8.722664e+00
4.613000e-05	6.426510e-03	8.523563e+00
4.614000e-05	7.211911e-03	8.260455e+00
4.615000e-05	5.742349e-03	8.008322e+00
4.616000e-05	4.515734e-03	7.725239e+00
4.617000e-05	4.283923e-03	7.490964e+00
4.618000e-05	4.540820e-03	7.177851e+00
4.619000e-05	3.626787e-03	6.946244e+00
4.620000e-05	2.068661e-03	6.732690e+00
4.621000e-05	1.071932e-03	6.385429e+00
4.622000e-05	2.178843e-03	6.157248e+00
4.623000e-05	2.114592e-03	5.941571e+00
4.624000e-05	-3.282757e-04	5.619905e+00
4.625000e-05	2.789090e-05	5.383770e+00
4.626000e-05	1.682865e-04	4.998884e+00
4.627000e-05	9.413605e-05	4.752166e+00
4.628000e-05	-1.684481e-03	4.440506e+00
4.629000e-05	-2.002662e-03	4.156323e+00
4.630000e-05	-7.013809e-04	3.891089e+00
4.631000e-05	-1.934858e-03	3.610404e+00
4.632000e-05	-2.948671e-03	3.284247e+00
4.633000e-05	-3.342886e-03	3.030059e+00
4.634000e-05	-2.067165e-03	2.787878e+00
4.635000e-05	-3.099312e-03	2.471090e+00
4.636000e-05	-4.045873e-03	2.186851e+00
4.637000e-05	-4.070781e-03	1.974742e+00
4.638000e-05	-4.143231e-03	1.618486e+00
4.639000e-05	-3.907626e-03	1.335222e+00
4.640000e-05	-4.280796e-03	9.763784e-01
4.641000e-05	-4.586061e-03	7.126930e-01
4.642000e-05	-4.495171e-03	4.205788e-01
4.643000e-05	-3.275272e-03	1.056967e-01
4.644000e-05	1.675406e-03	-1.689372e-01
4.645000e-05	2.490041e-03	-3.720715e-01
4.646000e-05	-3.926730e-03	-7.348081e-01
4.647000e-05	-3.265487e-03	-9.379671e-01
4.648000e-05	-2.396147e-03	-1.214049e+00
4.649000e-05	-3.169540e-03	-1.537864e+00
4.650000e-05	3.367402e-03	-1.789969e+00
4.651000e-05	3.340790e-02	-1.979521e+00
4.652000e-05	9.275350e-02	-2.286751e+00
4.653000e-05	-7.488635e-02	-2.665124e+00
4.654000e-05	-4.391987e-02	-3.045173e+00
4.655000e-05	-4.981969e-02	-3.339286e+00
4.656000e-05	-1.145544e-02	-3.549415e+00
4.657000e-05	-7.270912e-02	-3.854027e+00
4.658000e-05	1.250835e-01	-4.022545e+00
4.659000e-05	-6.631929e-02	-4.274098e+00
4.660000e-05	6.013240e-03	-4.558837e+00
4.661000e-05	1.274737e-01	-4.750441e+00
4.662000e-05	-1.684602e-01	-5.108783e+00
4.663000e-05	1.046267e-01	-5.451974e+00
4.664000e-05	-1.348450e-01	-5.726252e+00
4.665000e-05	4.827816e-02	-5.959442e+00
4.666000e-05	4.549226e-02	-6.252018e+00
4.667000e-05	-8.976070e-02	-6.517308e+00
4.668000e-05	1.168573e-01	-6.768911e+00
4.669000e-05	-1.029093e-01	-7.096152e+00
4.670000e-05	4.330224e-02	-7.379839e+00
4.671000e-05	-5.457199e-02	-7.611872e+00
4.672000e-05	-2.446529e-02	-7.916310e+00
4.673000e-05	6.415045e-02	-8.127258e+00
4.674000e-05	-8.575587e-02	-8.399920e+00
4.675000e-05	8.805095e-02	-8.674898e+00
4.676000e-05	-8.995442e-02	-8.865699e+00
4.677000e-05	3.398784e-02	-9.136235e+00
4.678000e-05	-3.157025e-02	-9.379787e+00
4.679000e-05	-1.583208e-02	-9.611489e+00
4.680000e-05	1.884346e-02	-9.820840e+00
4.681000e-05	-4.707574e-02	-1.006255e+01
4.682000e-05	4.752248e-02	-1.026352e+01
4.683000e-05	-7.226571e-02	-1.050563e+01
4.684000e-05	3.584923e-02	-1.071411e+01
4.685000e-05	-5.993975e-02	-1.091518e+01
4.686000e-05	2.627226e-02	-1.117768e+01
4.687000e-05	-3.445351e-02	-1.130623e+01
4.688000e-05	2.574100e-03	-1.160873e+01
4.689000e-05	-1.423114e-02	-1.176618e+01
4.690000e-05	-1.385294e-02	-1.198976e+01
4.691000e-05	-8.167196e-03	-1.218876e+01
4.692000e-05	-3.347514e-02	-1.234773e+01
4.693000e-05	4.215208e-03	-1.254623e+01
4.694000e-05	-3.215599e-02	-1.267300e+01
4.695000e-05	6.826929e-03	-1.288344e+01
4.696000e-05	-3.513122e-02	-1.299987e+01
4.697000e-05	4.910410e-03	-1.320681e+01
4.698000e-05	-3.017144e-02	-1.334565e+01
4.699000e-05	-4.228383e-03	-1.348405e+01
4.700000e-05	-2.938908e-02	-1.363997e+01
4.701000e-05	-1.143549e-02	-1.380781e+01
4.702000e-05	-1.816666e-02	-1.393463e+01
4.703000e-05	-1.658970e-02	-1.409300e+01
4.704000e-05	-1.619629e-02	-1.420874e+01
4.705000e-05	-2.121364e-02	-1.432661e+01
4.706000e-05	-1.214768e-02	-1.448945e+01
4.707000e-05	-2.636565e-02	-1.454621e+01
4.708000e-05	-1.436583e-02	-1.467202e+01
4.709000e-05	-2.668994e-02	-1.475718e+01
4.710000e-05	-1.233688e-02	-1.489189e+01
4.711000e-05	-2.385687e-02	-1.494515e+01
4.712000e-05	-1.864107e-02	-1.505079e+01
4.713000e-05	-2.360647e-02	-1.510215e+01
4.714000e-05	-1.772809e-02	-1.517721e+01
4.715000e-05	-2.404637e-02	-1.525144e+01
4.716000e-05	-2.361281e-02	-1.533302e+01
4.717000e-05	-2.671058e-02	-1.535569e+01
4.718000e-05	-2.329957e-02	-1.542824e+01
4.719000e-05	-2.487210e-02	-1.543940e+01
4.720000e-05	-2.731170e-02	-1.548450e+01
4.721000e-05	-2.432773e-02	-1.554446e+01
4.722000e-05	-2.531678e-02	-1.556658e+01
4.723000e-05	-2.309652e-02	-1.558566e+01
4.724000e-05	-3.159817e-02	-1.557724e+01
4.725000e-05	-3.029412e-02	-1.559779e+01
4.726000e-05	-3.241149e-02	-1.560771e+01
4.727000e-05	-2.975277e-02	-1.561829e+01
4.728000e-05	-3.399158e-02	-1.562829e+01
4.729000e-05	-3.378138e-02	-1.560571e+01
4.730000e-05	-3.212524e-02	-1.553563e+01
4.731000e-05	-3.511790e-02	-1.554508e+01
4.732000e-05	-3.796414e-02	-1.552400e+01
4.733000e-05	-4.248996e-02	-1.548142e+01
4.734000e-05	-4.045546e-02	-1.545983e+01
4.735000e-05	-4.211788e-02	-1.536574e+01
4.736000e-05	-4.366811e-02	-1.533321e+01
4.737000e-05	-4.629816e-02	-1.530095e+01
4.738000e-05	-4.700505e-02	-1.520979e+01
4.739000e-05	-4.913545e-02	-1.514421e+01
4.740000e-05	-5.213365e-02	-1.508087e+01
4.741000e-05	-5.841045e-02	-1.499922e+01
4.742000e-05	-5.919338e-02	-1.495354e+01
4.743000e-05	-6.052405e-02	-1.481932e+01
4.744000e-05	-6.294116e-02	-1.475519e+01
4.745000e-05	-6.662369e-02	-1.466883e+01
4.746000e-05	-6.811944e-02	-1.457359e+01
4.747000e-05	-6.970242e-02	-1.448730e+01
4.748000e-05	-7.136569e-02	-1.432253e+01
4.749000e-05	-7.335428e-02	-1.416627e+01
4.750000e-05	-7.223763e-02	-1.404637e+01
4.751000e-05	-6.896896e-02	-1.390311e+01
4.752000e-05	-6.758559e-02	-1.378579e+01
4.753000e-05	-6.619057e-02	-1.361895e+01
4.754000e-05	-6.272071e-02	-1.349198e+01
4.755000e-05	-6.088595e-02	-1.338414e+01
4.756000e-05	-5.755711e-02	-1.318627e+01
4.757000e-05	-5.519966e-02	-1.303790e+01
4.758000e-05	-5.155153e-02	-1.291098e+01
4.759000e-05	-4.660452e-02	-1.269409e+01
4.760000e-05	-4.426436e-02	-1.258359e+01
4.761000e-05	-4.258024e-02	-1.233619e+01
4.762000e-05	-4.109683e-02	-1.220680e+01
4.763000e-05	-3.880652e-02	-1.202887e+01
4.764000e-05	-3.666888e-02	-1.177714e+01
4.765000e-05	-3.394244e-02	-1.157577e+01
4.766000e-05	-3.125553e-02	-1.140366e+01
4.767000e-05	-2.844963e-02	-1.114212e+01
4.768000e-05	-2.637603e-02	-1.092364e+01
4.769000e-05	-2.599892e-02	-1.072424e+01
4.770000e-05	-2.625034e-02	-1.053367e+01
4.771000e-05	-2.418078e-02	-1.033206e+01
4.772000e-05	-2.179800e-02	-1.009056e+01
4.773000e-05	-2.105337e-02	-9.849957e+00
4.774000e-05	-2.020485e-02	-9.639481e+00
4.775000e-05	-1.855500e-02	-9.427872e+00
4.776000e-05	-1.676871e-02	-9.164219e+00
4.777000e-05	-1.725349e-02	-9.005218e+00
4.778000e-05	-1.662308e-02	-8.764114e+00
4.779000e-05	-1.558031e-02	-8.438056e+00
4.780000e-05	-1.303629e-02	-8.238925e+00
4.781000e-05	-1.305646e-02	-7.975727e+00
4.782000e-05	-1.350545e-02	-7.661584e+00
4.783000e-05	-1.228590e-02	-7.449957e+00
4.784000e-05	-1.134979e-02	-7.196346e+00
4.785000e-05	-1.165448e-02	-6.880638e+00
4.786000e-05	-1.238278e-02	-6.659512e+00
4.787000e-05	-9.485358e-03	-6.427401e+00
4.788000e-05	-9.463300e-03	-6.102214e+00
4.789000e-05	-8.255674e-03	-5.859510e+00
4.790000e-05	-9.315682e-03	-5.606827e+00
4.791000e-05	-8.608715e-03	-5.240562e+00
4.792000e-05	-8.359466e-03	-4.952824e+00
4.793000e-05	-7.341741e-03	-4.620455e+00
4.794000e-05	-8.026420e-03	-4.417481e+00
4.795000e-05	-7.361674e-03	-4.194822e+00
4.796000e-05	-7.391904e-03	-3.921614e+00
4.797000e-05	-7.699154e-03	-3.576778e+00
4.798000e-05	-6.885025e-03	-3.333719e+00
4.799000e-05	-6.923540e-03	-3.057610e+00
4.800000e-05	-5.006106e-03	-2.743668e+00
4.801000e-05	-5.231213e-03	-2.471012e+00
4.802000e-05	-4.264972e-03	-2.175403e+00
4.803000e-05	-5.395344e-03	-1.901717e+00
4.804000e-05	-5.615274e-03	-1.649002e+00
4.805000e-05	-5.879675e-03	-1.270139e+00
4.806000e-05	-4.622269e-03	-9.854260e-01
4.807000e-05	-5.114545e-03	-7.011417e-01
4.808000e-05	-1.721220e-03	-4.289287e-01
4.809000e-05	-1.826734e-03	-9.381821e-02
4.810000e-05	8.686261e-03	1.619375e-01
4.811000e-05	2.145520e-03	4.652293e-01
4.812000e-05	1.632244e-03	6.968106e-01
4.813000e-05	-4.845730e-04	9.934875e-01
4.814000e-05	1.773455e-03	1.275729e+00
4.815000e-05	1.896265e-03	1.593443e+00
4.816000e-05	5.227225e-03	1.894652e+00
4.817000e-05	2.299580e-02	2.095178e+00
4.818000e-05	8.173192e-02	2.382465e+00
4.819000e-05	-3.275327e-03	2.737433e+00
4.820000e-05	-6.035885e-02	3.024096e+00
4.821000e-05	-4.402250e-02	3.278254e+00
4.822000e-05	-3.590030e-04	3.581045e+00
4.823000e-05	-2.387807e-02	3.814072e+00
4.824000e-05	-4.653077e-02	3.990446e+00
4.825000e-05	8.564857e-02	4.287723e+00
4.826000e-05	-2.022503e-02	4.642994e+00
4.827000e-05	4.775214e-02	4.834001e+00
4.828000e-05	5.703190e-02	5.170947e+00
4.829000e-05	-1.006038e-01	5.526206e+00
4.830000e-05	5.771108e-02	5.738858e+00
4.831000e-05	-2.912489e-02	6.051574e+00
4.832000e-05	3.164470e-02	6.224725e+00
4.833000e-05	-9.173894e-03	6.560445e+00
4.834000e-05	-1.765895e-02	6.843621e+00
4.835000e-05	7.116341e-02	7.076179e+00
4.836000e-05	-3.001076e-02	7.400816e+00
4.837000e-05	4.496095e-04	7.645174e+00
4.838000e-05	-3.659163e-02	7.987787e+00
4.839000e-05	5.870033e-02	8.221971e+00
4.840000e-05	1.650742e-02	8.443524e+00
4.841000e-05	-3.251372e-02	8.664602e+00
4.842000e-05	3.168900e-02	8.896154e+00
4.843000e-05	-9.821585e-03	9.138259e+00
4.844000e-05	3.160098e-02	9.380812e+00
4.845000e-05	-2.425481e-02	9.572917e+00
4.846000e-05	1.299809e-02	9.843450e+00
4.847000e-05	1.246053e-02	1.007468e+01
4.848000e-05	2.570749e-02	1.028515e+01
4.849000e-05	5.075128e-03	1.055723e+01
4.850000e-05	-2.035383e-02	1.076926e+01
4.851000e-05	2.662433e-02	1.093778e+01
4.852000e-05	4.874452e-03	1.109728e+01
4.853000e-05	1.749727e-02	1.137931e+01
4.854000e-05	-1.277468e-02	1.158039e+01
4.855000e-05	2.659495e-02	1.179989e+01
4.856000e-05	1.420475e-02	1.199229e+01
4.857000e-05	1.331874e-02	1.215827e+01
4.858000e-05	-6.634333e-03	1.233716e+01
4.859000e-05	9.175713e-03	1.255768e+01
4.860000e-05	2.237226e-02	1.267613e+01
4.861000e-05	8.542714e-03	1.289400e+01
4.862000e-05	7.705642e-03	1.302035e+01
4.863000e-05	6.648643e-03	1.323047e+01
4.864000e-05	2.715986e-02	1.333574e+01
4.865000e-05	6.834365e-03	1.351311e+01
4.866000e-05	6.872533e-03	1.363304e+01
4.867000e-05	5.137783e-03	1.382024e+01
4.868000e-05	2.354604e-02	1.394611e+01
4.869000e-05	1.501458e-02	1.409303e+01
4.870000e-05	7.856825e-03	1.425994e+01
4.871000e-05	1.241183e-02	1.434773e+01
4.872000e-05	1.904922e-02	1.450245e+01
4.873000e-05	1.810466e-02	1.459731e+01
4.874000e-05	5.131782e-03	1.465355e+01
4.875000e-05	1.392562e-02	1.481729e+01
4.876000e-05	1.796165e-02	1.486345e+01
4.877000e-05	2.173519e-02	1.493721e+01
4.878000e-05	1.100350e-02	1.501982e+01
4.879000e-05	1.371734e-02	1.510300e+01
4.880000e-05	2.034031e-02	1.516814e+01
4.881000e-05	2.054971e-02	1.523999e+01
4.882000e-05	1.531273e-02	1.532350e+01
4.883000e-05	1.167486e-02	1.533518e+01
4.884000e-05	2.255187e-02	1.539974e+01
4.885000e-05	2.232391e-02	1.546032e+01
4.886000e-05	1.873928e-02	1.550192e+01
4.887000e-05	1.586568e-02	1.549253e+01
4.888000e-05	2.367001e-02	1.558508e+01
4.889000e-05	2.589830e-02	1.558626e+01
4.890000e-05	2.127850e-02	1.561826e+01
4.891000e-05	2.042292e-02	1.561726e+01
4.892000e-05	2.410204e-02	1.563034e+01
4.893000e-05	2.933141e-02	1.555734e+01
4.894000e-05	2.519959e-02	1.559771e+01
4.895000e-05	2.575333e-02	1.559724e+01
4.896000e-05	2.852351e-02	1.556526e+01
4.897000e-05	3.536110e-02	1.552408e+01
4.898000e-05	3.237116e-02	1.549355e+01
4.899000e-05	3.052109e-02	1.549102e+01
4.900000e-05	3.409149e-02	1.540087e+01
4.901000e-05	3.831529e-02	1.540814e+01
4.902000e-05	3.928067e-02	1.534305e+01
4.903000e-05	3.689745e-02	1.533195e+01
4.904000e-05	4.239498e-02	1.522824e+01
4.905000e-05	4.636494e-02	1.515564e+01
4.906000e-05	4.910585e-02	1.506140e+01
4.907000e-05	4.719145e-02	1.500421e+01
4.908000e-05	5.056293e-02	1.491106e+01
4.909000e-05	5.796977e-02	1.481732e+01
4.910000e-05	5.982164e-02	1.473263e+01
4.911000e-05	6.012972e-02	1.459980e+01
4.912000e-05	6.081263e-02	1.455406e+01
4.913000e-05	6.597897e-02	1.442835e+01
4.914000e-05	6.520552e-02	1.427953e+01
4.915000e-05	6.455402e-02	1.418617e+01
4.916000e-05	6.322293e-02	1.404837e+01
4.917000e-05	6.550718e-02	1.391245e+01
4.918000e-05	6.235394e-02	1.378506e+01
4.919000e-05	5.787139e-02	1.359669e+01
4.920000e-05	5.391910e-02	1.348198e+01
4.921000e-05	5.398990e-02	1.332258e+01
4.922000e-05	5.074624e-02	1.316361e+01
4.923000e-05	4.668197e-02	1.299767e+01
4.924000e-05	4.281993e-02	1.285835e+01
4.925000e-05	4.187002e-02	1.263990e+01
4.926000e-05	3.902876e-02	1.249061e+01
4.927000e-05	3.512780e-02	1.234359e+01
4.928000e-05	3.047316e-02	1.215304e+01
4.929000e-05	3.007966e-02	1.194412e+01
4.930000e-05	2.767006e-02	1.177309e+01
4.931000e-05	2.510450e-02	1.157459e+01
4.932000e-05	2.259463e-02	1.137354e+01
4.933000e-05	2.133394e-02	1.110409e+01
4.934000e-05	2.123017e-02	1.094364e+01
4.935000e-05	1.890945e-02	1.072414e+01
4.936000e-05	1.688653e-02	1.052059e+01
4.937000e-05	1.493608e-02	1.028948e+01
4.938000e-05	1.497505e-02	1.002948e+01
4.939000e-05	1.265439e-02	9.818326e+00
4.940000e-05	1.115528e-02	9.593667e+00
4.941000e-05	9.803421e-03	9.385139e+00
4.942000e-05	1.019978e-02	9.094165e+00
4.943000e-05	8.862487e-03	8.859985e+00
4.944000e-05	7.568649e-03	8.669455e+00
4.945000e-05	6.828613e-03	8.468906e+00
4.946000e-05	7.218333e-03	8.197375e+00
4.947000e-05	5.725213e-03	7.923586e+00
4.948000e-05	4.032763e-03	7.669984e+00
4.949000e-05	4.076254e-03	7.416747e+00
4.950000e-05	3.088510e-03	7.095617e+00
4.951000e-05	4.179102e-03	6.870459e+00
4.952000e-05	2.429728e-03	6.607298e+00
4.953000e-05	2.167530e-03	6.314220e+00
4.954000e-05	1.603665e-03	6.091035e+00
4.955000e-05	1.381121e-03	5.878330e+00
4.956000e-05	1.662477e-04	5.565222e+00
4.957000e-05	-7.760065e-04	5.229511e+00
4.958000e-05	1.298126e-04	4.895065e+00
4.959000e-05	1.113901e-04	4.638379e+00
4.960000e-05	-8.918589e-05	4.363823e+00
4.961000e-05	-1.614702e-03	4.061935e+00
4.962000e-05	-9.545495e-04	3.807950e+00
4.963000e-05	-1.776589e-03	3.563117e+00
4.964000e-05	-2.529272e-03	3.199380e+00
4.965000e-05	-3.281660e-03	2.944319e+00
4.966000e-05	-3.132778e-03	2.723091e+00
4.967000e-05	-2.730235e-03	2.384796e+00
4.968000e-05	-2.860367e-03	2.102664e+00
4.969000e-05	-3.805989e-03	1.829035e+00
4.970000e-05	-3.810159e-03	1.533748e+00
4.971000e-05	-4.101596e-03	1.190455e+00
4.972000e-05	-4.105371e-03	9.106441e-01
4.973000e-05	-4.222405e-03	5.868762e-01
4.974000e-05	-4.382781e-03	3.234256e-01
4.975000e-05	-2.089524e-03	1.998124e-02
4.976000e-05	5.638336e-03	-2.536491e-01
4.977000e-05	-1.131352e-03	-5.177558e-01
4.978000e-05	-2.511752e-03	-7.729974e-01
4.979000e-05	-5.491207e-03	-1.045123e+00
4.980000e-05	-1.085492e-03	-1.359337e+00
4.981000e-05	-3.556581e-03	-1.580653e+00
4.982000e-05	1.055597e-02	-1.885153e+00
4.983000e-05	6.821806e-02	-2.075129e+00
4.984000e-05	4.129308e-02	-2.344119e+00
4.985000e-05	-8.033862e-02	-2.782464e+00
4.986000e-05	-3.738100e-02	-3.150982e+00
4.987000e-05	-3.635355e-02	-3.401569e+00
4.988000e-05	-3.197186e-02	-3.655625e+00
4.989000e-05	-2.870572e-02	-3.935308e+00
4.990000e-05	1.314444e-01	-4.076178e+00
4.991000e-05	-1.546371e-01	-4.339887e+00
4.992000e-05	1.439256e-01	-4.632520e+00
4.993000e-05	-2.698606e-02	-4.855728e+00
4.994000e-05	-7.793821e-02	-5.265071e+00
4.995000e-05	7.171510e-02	-5.515685e+00
4.996000e-05	-1.617230e-01	-5.812040e+00
4.997000e-05	1.455133e-01	-6.045578e+00
4.998000e-05	-7.976562e-02	-6.338281e+00
4.999000e-05	1.476120e-02	-6.633570e+00
