# 260929_17:22:00.692135
t	CH1	CH2
0.000000e+00	-2.678665e-03	6.679092e-02
1.000000e-08	1.582644e-03	-1.573922e-01
2.000000e-08	6.152095e-03	-4.389511e-01
3.000000e-08	-5.385224e-03	-7.232569e-01
4.000000e-08	-2.122460e-03	-9.873708e-01
5.000000e-08	-4.658435e-03	-1.221179e+00
6.000000e-08	-1.513684e-03	-1.514871e+00
7.000000e-08	8.624319e-04	-1.808970e+00
8.000000e-08	2.898014e-02	-2.029977e+00
9.000000e-08	9.879712e-02	-2.313160e+00
1.000000e-07	-4.900301e-02	-2.681683e+00
1.100000e-07	-4.950032e-02	-3.089685e+00
1.200000e-07	-4.957565e-02	-3.386924e+00
1.300000e-07	-1.251972e-02	-3.608422e+00
1.400000e-07	-7.523142e-02	-3.860039e+00
1.500000e-07	9.170695e-02	-4.061079e+00
1.600000e-07	-3.097009e-03	-4.230608e+00
1.700000e-07	-5.401437e-02	-4.567393e+00
1.800000e-07	1.644935e-01	-4.778956e+00
1.900000e-07	-1.528431e-01	-5.183814e+00
2.000000e-07	7.292826e-02	-5.430588e+00
2.100000e-07	-8.034221e-02	-5.722185e+00
2.200000e-07	-1.542092e-02	-5.998450e+00
2.300000e-07	8.853850e-02	-6.239513e+00
2.400000e-07	-1.037423e-01	-6.537296e+00
2.500000e-07	1.043392e-01	-6.806926e+00
2.600000e-07	-6.466837e-02	-7.070638e+00
2.700000e-07	7.632189e-03	-7.398426e+00
2.800000e-07	-8.958461e-03	-7.617555e+00
2.900000e-07	-5.876029e-02	-7.922744e+00
3.000000e-07	8.199770e-02	-8.196374e+00
3.100000e-07	-8.380396e-02	-8.406925e+00
3.200000e-07	6.798082e-02	-8.649667e+00
3.300000e-07	-5.207163e-02	-8.903612e+00
3.400000e-07	-8.646533e-04	-9.125796e+00
3.500000e-07	3.424637e-03	-9.345825e+00
3.600000e-07	-4.328869e-02	-9.608878e+00
3.700000e-07	4.004255e-02	-9.818482e+00
3.800000e-07	-5.606602e-02	-1.005911e+01
3.900000e-07	5.143024e-02	-1.028017e+01
4.000000e-07	-5.905183e-02	-1.050319e+01
4.100000e-07	2.279718e-02	-1.074264e+01
4.200000e-07	-3.959532e-02	-1.090372e+01
4.300000e-07	5.244159e-03	-1.112127e+01
4.400000e-07	-1.404408e-02	-1.133376e+01
4.500000e-07	-1.299943e-02	-1.155340e+01
4.600000e-07	2.242390e-03	-1.180633e+01
4.700000e-07	-2.172374e-02	-1.201430e+01
4.800000e-07	4.231623e-03	-1.214678e+01
4.900000e-07	-3.551507e-02	-1.231487e+01
5.000000e-07	6.148647e-03	-1.251479e+01
5.100000e-07	-2.941932e-02	-1.269120e+01
5.200000e-07	6.280614e-03	-1.284071e+01
5.300000e-07	-2.591306e-02	-1.301900e+01
5.400000e-07	-6.172748e-04	-1.316745e+01
5.500000e-07	-2.026498e-02	-1.332275e+01
5.600000e-07	-9.329391e-03	-1.349110e+01
5.700000e-07	-1.813142e-02	-1.359896e+01
5.800000e-07	-1.658892e-02	-1.374688e+01
5.900000e-07	-1.143370e-02	-1.394320e+01
6.000000e-07	-1.693879e-02	-1.403809e+01
6.100000e-07	-1.061113e-02	-1.415792e+01
6.200000e-07	-2.044237e-02	-1.432415e+01
6.300000e-07	-1.271991e-02	-1.442846e+01
6.400000e-07	-2.164569e-02	-1.451682e+01
6.500000e-07	-1.437927e-02	-1.464949e+01
6.600000e-07	-2.024496e-02	-1.475385e+01
6.700000e-07	-1.548127e-02	-1.477711e+01
6.800000e-07	-1.801597e-02	-1.492334e+01
6.900000e-07	-1.664799e-02	-1.506733e+01
7.000000e-07	-2.206577e-02	-1.508164e+01
7.100000e-07	-1.994922e-02	-1.514527e+01
7.200000e-07	-2.289840e-02	-1.520589e+01
7.300000e-07	-1.847056e-02	-1.523219e+01
7.400000e-07	-2.215761e-02	-1.529322e+01
7.500000e-07	-2.119681e-02	-1.537740e+01
7.600000e-07	-2.388088e-02	-1.542848e+01
7.700000e-07	-2.405521e-02	-1.548064e+01
7.800000e-07	-2.357505e-02	-1.551164e+01
7.900000e-07	-2.664460e-02	-1.555437e+01
8.000000e-07	-2.551721e-02	-1.551427e+01
8.100000e-07	-2.772252e-02	-1.557589e+01
8.200000e-07	-2.603157e-02	-1.555640e+01
8.300000e-07	-2.987088e-02	-1.559740e+01
8.400000e-07	-3.033551e-02	-1.557698e+01
8.500000e-07	-3.184704e-02	-1.555688e+01
8.600000e-07	-3.263023e-02	-1.556630e+01
8.700000e-07	-3.380044e-02	-1.553530e+01
8.800000e-07	-3.561647e-02	-1.551177e+01
8.900000e-07	-3.771747e-02	-1.552069e+01
9.000000e-07	-3.903684e-02	-1.543009e+01
9.100000e-07	-4.020676e-02	-1.540901e+01
9.200000e-07	-4.238990e-02	-1.535633e+01
9.300000e-07	-4.509870e-02	-1.531422e+01
9.400000e-07	-4.631047e-02	-1.523166e+01
9.500000e-07	-4.917528e-02	-1.518738e+01
9.600000e-07	-5.212826e-02	-1.515527e+01
9.700000e-07	-5.647011e-02	-1.501066e+01
9.800000e-07	-5.775238e-02	-1.497738e+01
9.900000e-07	-6.077207e-02	-1.489375e+01
1.000000e-06	-6.416987e-02	-1.480861e+01
1.010000e-06	-6.727856e-02	-1.471532e+01
1.020000e-06	-6.892301e-02	-1.464004e+01
1.030000e-06	-6.971116e-02	-1.455627e+01
1.040000e-06	-7.109603e-02	-1.439899e+01
1.050000e-06	-7.086833e-02	-1.431414e+01
1.060000e-06	-6.844771e-02	-1.415645e+01
1.070000e-06	-6.762419e-02	-1.401904e+01
1.080000e-06	-6.469019e-02	-1.386179e+01
1.090000e-06	-6.303437e-02	-1.379641e+01
1.100000e-06	-5.842720e-02	-1.360948e+01
1.110000e-06	-5.720602e-02	-1.346962e+01
1.120000e-06	-5.394328e-02	-1.333530e+01
1.130000e-06	-5.083593e-02	-1.318496e+01
1.140000e-06	-4.667919e-02	-1.301856e+01
1.150000e-06	-4.437894e-02	-1.286212e+01
1.160000e-06	-4.253064e-02	-1.267367e+01
1.170000e-06	-3.977355e-02	-1.252632e+01
1.180000e-06	-3.688588e-02	-1.236578e+01
1.190000e-06	-3.445185e-02	-1.214943e+01
1.200000e-06	-3.256342e-02	-1.197846e+01
1.210000e-06	-3.125253e-02	-1.177693e+01
1.220000e-06	-2.818137e-02	-1.154581e+01
1.230000e-06	-2.670654e-02	-1.132532e+01
1.240000e-06	-2.591134e-02	-1.111435e+01
1.250000e-06	-2.457431e-02	-1.091372e+01
1.260000e-06	-2.375783e-02	-1.073379e+01
1.270000e-06	-2.089110e-02	-1.055529e+01
1.280000e-06	-2.084944e-02	-1.029569e+01
1.290000e-06	-1.946330e-02	-1.005259e+01
1.300000e-06	-1.827647e-02	-9.842638e+00
1.310000e-06	-1.734149e-02	-9.651087e+00
1.320000e-06	-1.723855e-02	-9.400459e+00
1.330000e-06	-1.698942e-02	-9.167292e+00
1.340000e-06	-1.473738e-02	-8.936800e+00
1.350000e-06	-1.372297e-02	-8.725315e+00
1.360000e-06	-1.380485e-02	-8.441590e+00
1.370000e-06	-1.401438e-02	-8.238983e+00
1.380000e-06	-1.291001e-02	-7.959423e+00
1.390000e-06	-1.163226e-02	-7.683622e+00
1.400000e-06	-1.173998e-02	-7.390001e+00
1.410000e-06	-1.188810e-02	-7.139404e+00
1.420000e-06	-1.112940e-02	-6.844647e+00
1.430000e-06	-1.041700e-02	-6.611484e+00
1.440000e-06	-9.396700e-03	-6.408431e+00
1.450000e-06	-1.005709e-02	-6.084695e+00
1.460000e-06	-1.117978e-02	-5.811084e+00
1.470000e-06	-8.100259e-03	-5.548401e+00
1.480000e-06	-8.993519e-03	-5.242588e+00
1.490000e-06	-8.407276e-03	-4.977328e+00
1.500000e-06	-9.694690e-03	-4.652459e+00
1.510000e-06	-6.133274e-03	-4.389505e+00
1.520000e-06	-7.539842e-03	-4.116850e+00
1.530000e-06	-7.467870e-03	-3.864212e+00
1.540000e-06	-9.913123e-03	-3.560379e+00
1.550000e-06	-7.179179e-03	-3.287292e+00
1.560000e-06	-7.374167e-03	-3.001532e+00
1.570000e-06	-5.797559e-03	-2.727790e+00
1.580000e-06	-6.177218e-03	-2.464183e+00
1.590000e-06	-4.937290e-03	-2.178425e+00
1.600000e-06	-4.881318e-03	-1.875787e+00
1.610000e-06	-5.904823e-03	-1.601003e+00
1.620000e-06	-6.936724e-03	-1.286191e+00
1.630000e-06	-6.722993e-03	-9.889737e-01
1.640000e-06	-4.576316e-03	-7.137357e-01
1.650000e-06	-3.290393e-03	-4.079451e-01
1.660000e-06	-2.461014e-03	-1.373420e-01
1.670000e-06	5.030150e-03	1.868683e-01
1.680000e-06	3.029130e-03	4.420840e-01
1.690000e-06	1.847876e-03	6.832369e-01
1.700000e-06	-8.905983e-04	9.765695e-01
1.710000e-06	-1.189061e-03	1.322609e+00
1.720000e-06	1.961381e-03	1.577467e+00
1.730000e-06	3.619301e-03	1.842104e+00
1.740000e-06	1.762068e-02	2.073180e+00
1.750000e-06	7.190459e-02	2.336371e+00
1.760000e-06	1.910953e-02	2.703234e+00
1.770000e-06	-5.541733e-02	3.009501e+00
1.780000e-06	-4.645986e-02	3.333714e+00
1.790000e-06	-9.961131e-03	3.568476e+00
1.800000e-06	-1.355469e-02	3.849029e+00
1.810000e-06	-5.217520e-02	3.989951e+00
1.820000e-06	5.733837e-02	4.289688e+00
1.830000e-06	1.817445e-02	4.587453e+00
1.840000e-06	2.070485e-03	4.801053e+00
1.850000e-06	9.339305e-02	5.174925e+00
1.860000e-06	-1.016307e-01	5.511123e+00
1.870000e-06	3.536222e-02	5.735741e+00
1.880000e-06	-8.118886e-03	5.998426e+00
1.890000e-06	8.990008e-03	6.271058e+00
1.900000e-06	1.163014e-02	6.555291e+00
1.910000e-06	-3.762669e-02	6.820955e+00
1.920000e-06	7.411785e-02	7.082087e+00
1.930000e-06	-1.879263e-02	7.346328e+00
1.940000e-06	-3.251879e-03	7.650530e+00
1.950000e-06	-3.824515e-02	7.913265e+00
1.960000e-06	3.741857e-02	8.189904e+00
1.970000e-06	3.704849e-02	8.398554e+00
1.980000e-06	-3.569592e-02	8.620033e+00
1.990000e-06	1.863904e-02	8.892657e+00
2.000000e-06	-3.654782e-03	9.110669e+00
2.010000e-06	2.694184e-02	9.305246e+00
2.020000e-06	-1.261502e-02	9.557371e+00
2.030000e-06	-3.901565e-03	9.859513e+00
2.040000e-06	1.264066e-02	1.007054e+01
2.050000e-06	2.077333e-02	1.029061e+01
2.060000e-06	1.536153e-02	1.046213e+01
2.070000e-06	-2.387466e-02	1.070320e+01
2.080000e-06	1.439057e-02	1.090374e+01
2.090000e-06	1.025368e-02	1.112317e+01
2.100000e-06	1.658205e-02	1.129429e+01
2.110000e-06	-1.227580e-02	1.153531e+01
2.120000e-06	1.357536e-02	1.179477e+01
2.130000e-06	1.677189e-02	1.197477e+01
2.140000e-06	1.372036e-02	1.211470e+01
2.150000e-06	-6.186121e-03	1.229322e+01
2.160000e-06	-8.080379e-05	1.250272e+01
2.170000e-06	1.811752e-02	1.265954e+01
2.180000e-06	1.163617e-02	1.280953e+01
2.190000e-06	6.211325e-03	1.299693e+01
2.200000e-06	1.476807e-03	1.313385e+01
2.210000e-06	2.106987e-02	1.329328e+01
2.220000e-06	1.212025e-02	1.350011e+01
2.230000e-06	5.818996e-03	1.357588e+01
2.240000e-06	-1.487006e-03	1.373433e+01
2.250000e-06	1.666634e-02	1.390122e+01
2.260000e-06	1.546972e-02	1.401898e+01
2.270000e-06	8.008001e-03	1.417735e+01
2.280000e-06	5.796101e-03	1.433265e+01
2.290000e-06	1.539770e-02	1.440857e+01
2.300000e-06	1.922435e-02	1.455477e+01
2.310000e-06	7.424796e-03	1.465002e+01
2.320000e-06	8.944757e-03	1.475170e+01
2.330000e-06	1.287538e-02	1.480943e+01
2.340000e-06	2.081498e-02	1.485214e+01
2.350000e-06	1.264349e-02	1.496685e+01
2.360000e-06	9.881505e-03	1.508007e+01
2.370000e-06	1.338171e-02	1.509232e+01
2.380000e-06	1.933812e-02	1.516691e+01
2.390000e-06	1.534114e-02	1.526801e+01
2.400000e-06	1.180301e-02	1.529317e+01
2.410000e-06	1.774963e-02	1.534478e+01
2.420000e-06	2.071054e-02	1.541901e+01
2.430000e-06	2.007743e-02	1.540851e+01
2.440000e-06	1.423960e-02	1.551059e+01
2.450000e-06	1.915132e-02	1.553262e+01
2.460000e-06	2.210513e-02	1.550324e+01
2.470000e-06	2.284164e-02	1.553485e+01
2.480000e-06	1.961667e-02	1.556523e+01
2.490000e-06	2.118189e-02	1.553525e+01
2.500000e-06	2.722214e-02	1.557478e+01
2.510000e-06	2.567507e-02	1.557530e+01
2.520000e-06	2.505098e-02	1.553330e+01
2.530000e-06	2.538969e-02	1.550377e+01
2.540000e-06	3.361715e-02	1.549217e+01
2.550000e-06	3.335711e-02	1.549909e+01
2.560000e-06	3.210493e-02	1.542957e+01
2.570000e-06	3.317149e-02	1.534733e+01
2.580000e-06	3.695460e-02	1.531572e+01
2.590000e-06	4.077514e-02	1.529057e+01
2.600000e-06	3.951804e-02	1.517999e+01
2.610000e-06	4.219887e-02	1.515578e+01
2.620000e-06	4.680979e-02	1.509167e+01
2.630000e-06	5.269165e-02	1.498896e+01
2.640000e-06	5.171890e-02	1.491375e+01
2.650000e-06	5.322770e-02	1.482007e+01
2.660000e-06	5.672178e-02	1.474681e+01
2.670000e-06	6.220271e-02	1.469369e+01
2.680000e-06	6.357436e-02	1.457791e+01
2.690000e-06	6.271907e-02	1.449264e+01
2.700000e-06	6.418183e-02	1.430578e+01
2.710000e-06	6.394503e-02	1.420061e+01
2.720000e-06	6.176859e-02	1.409419e+01
2.730000e-06	5.862803e-02	1.398838e+01
2.740000e-06	5.776918e-02	1.383049e+01
2.750000e-06	5.597854e-02	1.368367e+01
2.760000e-06	5.173678e-02	1.354573e+01
2.770000e-06	4.795618e-02	1.338996e+01
2.780000e-06	4.402765e-02	1.326212e+01
2.790000e-06	4.221541e-02	1.311425e+01
2.800000e-06	3.968036e-02	1.293583e+01
2.810000e-06	3.608915e-02	1.275636e+01
2.820000e-06	3.377015e-02	1.260003e+01
2.830000e-06	3.140790e-02	1.245064e+01
2.840000e-06	2.931667e-02	1.224222e+01
2.850000e-06	2.604536e-02	1.208560e+01
2.860000e-06	2.407540e-02	1.190322e+01
2.870000e-06	2.179395e-02	1.168477e+01
2.880000e-06	2.039038e-02	1.148614e+01
2.890000e-06	2.003560e-02	1.129324e+01
2.900000e-06	1.623292e-02	1.105214e+01
2.910000e-06	1.612460e-02	1.086225e+01
2.920000e-06	1.406077e-02	1.065111e+01
2.930000e-06	1.580575e-02	1.044159e+01
2.940000e-06	1.077283e-02	1.020056e+01
2.950000e-06	1.303761e-02	9.979484e+00
2.960000e-06	8.666817e-03	9.768881e+00
2.970000e-06	9.019337e-03	9.535297e+00
2.980000e-06	6.472248e-03	9.336274e+00
2.990000e-06	6.753130e-03	9.074743e+00
3.000000e-06	4.672338e-03	8.832067e+00
3.010000e-06	7.108227e-03	8.581480e+00
3.020000e-06	6.791958e-03	8.389925e+00
3.030000e-06	6.489641e-03	8.108400e+00
3.040000e-06	4.226762e-03	7.883214e+00
3.050000e-06	2.426949e-03	7.621510e+00
3.060000e-06	2.891736e-03	7.328277e+00
3.070000e-06	6.895378e-04	7.055162e+00
3.080000e-06	1.076328e-03	6.822188e+00
3.090000e-06	4.640203e-04	6.516951e+00
3.100000e-06	2.318398e-03	6.274190e+00
3.110000e-06	1.985636e-03	6.062666e+00
3.120000e-06	1.876846e-03	5.810478e+00
3.130000e-06	-1.431597e-05	5.506321e+00
3.140000e-06	5.293449e-04	5.220559e+00
3.150000e-06	-1.469632e-03	4.863115e+00
3.160000e-06	-2.999177e-03	4.578978e+00
3.170000e-06	-2.096508e-03	4.327846e+00
3.180000e-06	-1.653841e-03	4.012558e+00
3.190000e-06	-8.809143e-04	3.747873e+00
3.200000e-06	-2.773215e-03	3.474237e+00
3.210000e-06	-1.899513e-03	3.199951e+00
3.220000e-06	-1.875930e-03	2.895249e+00
3.230000e-06	-1.583163e-03	2.672607e+00
3.240000e-06	-2.429565e-03	2.327840e+00
3.250000e-06	-4.497486e-03	2.044739e+00
3.260000e-06	-3.361619e-03	1.781557e+00
3.270000e-06	-4.128961e-03	1.494936e+00
3.280000e-06	-3.827394e-03	1.172678e+00
3.290000e-06	-6.055603e-03	8.551867e-01
3.300000e-06	-4.123033e-03	5.994200e-01
3.310000e-06	-2.330392e-03	3.062122e-01
3.320000e-06	-2.830455e-04	2.057517e-02
3.330000e-06	5.368315e-03	-2.621565e-01
3.340000e-06	-3.166899e-04	-4.952894e-01
3.350000e-06	-2.814233e-04	-8.200798e-01
3.360000e-06	-4.762043e-03	-1.070209e+00
3.370000e-06	-3.620851e-03	-1.408523e+00
3.380000e-06	-4.788043e-03	-1.642108e+00
3.390000e-06	8.955943e-03	-1.883209e+00
3.400000e-06	5.597649e-02	-2.072663e+00
3.410000e-06	6.246922e-02	-2.439052e+00
3.420000e-06	-7.204552e-02	-2.819476e+00
3.430000e-06	-3.691933e-02	-3.179075e+00
3.440000e-06	-3.849054e-02	-3.461202e+00
3.450000e-06	-2.320606e-02	-3.704659e+00
3.460000e-06	-6.002754e-02	-3.905892e+00
3.470000e-06	1.349762e-01	-4.074183e+00
3.480000e-06	-1.200812e-01	-4.365872e+00
3.490000e-06	9.613464e-02	-4.672632e+00
3.500000e-06	4.385323e-02	-4.913669e+00
3.510000e-06	-1.120868e-01	-5.314010e+00
3.520000e-06	8.837295e-02	-5.552293e+00
3.530000e-06	-1.467788e-01	-5.829049e+00
3.540000e-06	9.700899e-02	-6.082611e+00
3.550000e-06	-2.170692e-02	-6.292769e+00
3.560000e-06	-3.534859e-02	-6.650559e+00
3.570000e-06	8.298806e-02	-6.892185e+00
3.580000e-06	-9.514078e-02	-7.226950e+00
3.590000e-06	5.629912e-02	-7.471660e+00
3.600000e-06	-7.849066e-02	-7.723787e+00
3.610000e-06	2.644068e-02	-8.040059e+00
3.620000e-06	2.510207e-02	-8.209510e+00
3.630000e-06	-5.552216e-02	-8.515340e+00
3.640000e-06	6.953252e-02	-8.744820e+00
3.650000e-06	-9.314472e-02	-8.987452e+00
3.660000e-06	5.329438e-02	-9.208579e+00
3.670000e-06	-6.274568e-02	-9.478556e+00
3.680000e-06	2.495233e-02	-9.683165e+00
3.690000e-06	-9.446710e-03	-9.840716e+00
3.700000e-06	-8.969803e-03	-1.014437e+01
3.710000e-06	1.804769e-02	-1.033727e+01
3.720000e-06	-5.039937e-02	-1.058833e+01
3.730000e-06	2.369084e-02	-1.076743e+01
3.740000e-06	-5.292402e-02	-1.099695e+01
3.750000e-06	2.720106e-02	-1.120735e+01
3.760000e-06	-3.896658e-02	-1.141693e+01
3.770000e-06	2.111927e-02	-1.162851e+01
3.780000e-06	-2.442782e-02	-1.183896e+01
3.790000e-06	1.860568e-03	-1.206056e+01
3.800000e-06	-2.340173e-02	-1.224949e+01
3.810000e-06	-1.517851e-02	-1.237838e+01
3.820000e-06	-6.980478e-03	-1.260693e+01
3.830000e-06	-1.921270e-02	-1.274580e+01
3.840000e-06	-1.198071e-03	-1.289429e+01
3.850000e-06	-2.354679e-02	-1.309164e+01
3.860000e-06	4.330357e-03	-1.323903e+01
3.870000e-06	-2.713014e-02	-1.339698e+01
3.880000e-06	-5.600131e-03	-1.355430e+01
3.890000e-06	-2.759496e-02	-1.370359e+01
3.900000e-06	-5.196764e-03	-1.384904e+01
3.910000e-06	-1.968831e-02	-1.398635e+01
3.920000e-06	-1.141133e-02	-1.411374e+01
3.930000e-06	-1.674442e-02	-1.423846e+01
3.940000e-06	-1.226689e-02	-1.437633e+01
3.950000e-06	-1.578446e-02	-1.445919e+01
3.960000e-06	-2.164487e-02	-1.461736e+01
3.970000e-06	-1.774140e-02	-1.467109e+01
3.980000e-06	-1.813751e-02	-1.476488e+01
3.990000e-06	-1.438686e-02	-1.486212e+01
4.000000e-06	-2.016969e-02	-1.491525e+01
4.010000e-06	-1.809762e-02	-1.502904e+01
4.020000e-06	-1.978536e-02	-1.509280e+01
4.030000e-06	-1.843021e-02	-1.516681e+01
4.040000e-06	-2.440755e-02	-1.522849e+01
4.050000e-06	-2.099059e-02	-1.526114e+01
4.060000e-06	-2.257272e-02	-1.532580e+01
4.070000e-06	-1.874117e-02	-1.539693e+01
4.080000e-06	-2.502628e-02	-1.547058e+01
4.090000e-06	-2.439554e-02	-1.548116e+01
4.100000e-06	-2.502761e-02	-1.551272e+01
4.110000e-06	-2.355443e-02	-1.554370e+01
4.120000e-06	-2.582665e-02	-1.552581e+01
4.130000e-06	-2.797706e-02	-1.553748e+01
4.140000e-06	-2.750555e-02	-1.558586e+01
4.150000e-06	-2.859372e-02	-1.557641e+01
4.160000e-06	-3.109481e-02	-1.557743e+01
4.170000e-06	-3.456525e-02	-1.558630e+01
4.180000e-06	-3.425333e-02	-1.556477e+01
4.190000e-06	-3.343385e-02	-1.550130e+01
4.200000e-06	-3.644549e-02	-1.552279e+01
4.210000e-06	-3.818518e-02	-1.550119e+01
4.220000e-06	-3.954598e-02	-1.544002e+01
4.230000e-06	-3.947037e-02	-1.541899e+01
4.240000e-06	-4.379507e-02	-1.532390e+01
4.250000e-06	-4.859002e-02	-1.531325e+01
4.260000e-06	-4.911021e-02	-1.519953e+01
4.270000e-06	-4.904816e-02	-1.514736e+01
4.280000e-06	-5.243927e-02	-1.511520e+01
4.290000e-06	-5.714588e-02	-1.503954e+01
4.300000e-06	-6.020901e-02	-1.494485e+01
4.310000e-06	-6.134884e-02	-1.484212e+01
4.320000e-06	-6.444357e-02	-1.474741e+01
4.330000e-06	-6.919014e-02	-1.470214e+01
4.340000e-06	-7.082463e-02	-1.458796e+01
4.350000e-06	-6.931679e-02	-1.453369e+01
4.360000e-06	-6.850907e-02	-1.436625e+01
4.370000e-06	-7.006157e-02	-1.426206e+01
4.380000e-06	-7.072803e-02	-1.408530e+01
4.390000e-06	-6.735685e-02	-1.395753e+01
4.400000e-06	-6.215443e-02	-1.389106e+01
4.410000e-06	-6.107242e-02	-1.369375e+01
4.420000e-06	-6.002902e-02	-1.355585e+01
4.430000e-06	-5.698243e-02	-1.340941e+01
4.440000e-06	-5.112329e-02	-1.323372e+01
4.450000e-06	-4.805502e-02	-1.311517e+01
4.460000e-06	-4.778832e-02	-1.295638e+01
4.470000e-06	-4.454040e-02	-1.279898e+01
4.480000e-06	-4.031135e-02	-1.264049e+01
4.490000e-06	-3.780001e-02	-1.246162e+01
4.500000e-06	-3.670244e-02	-1.225272e+01
4.510000e-06	-3.548959e-02	-1.213375e+01
4.520000e-06	-3.073337e-02	-1.192474e+01
4.530000e-06	-2.994624e-02	-1.169524e+01
4.540000e-06	-2.946957e-02	-1.145169e+01
4.550000e-06	-2.782758e-02	-1.124156e+01
4.560000e-06	-2.405110e-02	-1.103109e+01
4.570000e-06	-2.209153e-02	-1.082061e+01
4.580000e-06	-2.352472e-02	-1.067314e+01
4.590000e-06	-2.342800e-02	-1.038064e+01
4.600000e-06	-1.968612e-02	-1.019048e+01
4.610000e-06	-1.844973e-02	-9.988960e+00
4.620000e-06	-1.901062e-02	-9.779879e+00
4.630000e-06	-1.843317e-02	-9.557426e+00
4.640000e-06	-1.651700e-02	-9.305251e+00
4.650000e-06	-1.392712e-02	-9.074193e+00
4.660000e-06	-1.600772e-02	-8.853140e+00
4.670000e-06	-1.647398e-02	-8.581034e+00
4.680000e-06	-1.353084e-02	-8.297873e+00
4.690000e-06	-1.134963e-02	-8.126320e+00
4.700000e-06	-1.175426e-02	-7.866139e+00
4.710000e-06	-1.390298e-02	-7.538905e+00
4.720000e-06	-1.135099e-02	-7.305664e+00
4.730000e-06	-1.031545e-02	-7.032134e+00
4.740000e-06	-9.559654e-03	-6.799905e+00
4.750000e-06	-1.225816e-02	-6.527424e+00
4.760000e-06	-1.037104e-02	-6.274689e+00
4.770000e-06	-8.772919e-03	-6.011475e+00
4.780000e-06	-8.987672e-03	-5.747347e+00
4.790000e-06	-9.258989e-03	-5.483687e+00
4.800000e-06	-1.032123e-02	-5.140446e+00
4.810000e-06	-7.355569e-03	-4.822633e+00
4.820000e-06	-7.208328e-03	-4.518419e+00
4.830000e-06	-7.711415e-03	-4.296791e+00
4.840000e-06	-8.103653e-03	-4.044236e+00
4.850000e-06	-6.932497e-03	-3.768949e+00
4.860000e-06	-8.869292e-03	-3.495743e+00
4.870000e-06	-7.313470e-03	-3.232132e+00
4.880000e-06	-9.082482e-03	-2.885792e+00
4.890000e-06	-5.528561e-03	-2.631582e+00
4.900000e-06	-4.813938e-03	-2.380946e+00
4.910000e-06	-3.780826e-03	-2.054234e+00
4.920000e-06	-6.602823e-03	-1.780075e+00
4.930000e-06	-6.624804e-03	-1.527191e+00
4.940000e-06	-5.510135e-03	-1.178319e+00
4.950000e-06	-5.061966e-03	-8.446857e-01
4.960000e-06	-6.310456e-03	-5.599014e-01
4.970000e-06	-4.608812e-03	-2.662145e-01
4.980000e-06	8.904513e-04	-2.207514e-02
4.990000e-06	1.071236e-02	2.817555e-01
5.000000e-06	-2.106846e-03	5.468145e-01
5.010000e-06	1.193197e-03	7.780446e-01
5.020000e-06	-1.341150e-03	1.141642e+00
5.030000e-06	3.510035e-03	1.387421e+00
5.040000e-06	-1.032114e-03	1.723164e+00
5.050000e-06	7.323085e-03	1.915338e+00
5.060000e-06	3.142395e-02	2.175872e+00
5.070000e-06	8.355179e-02	2.431630e+00
5.080000e-06	-3.511765e-02	2.829931e+00
5.090000e-06	-5.430327e-02	3.094216e+00
5.100000e-06	-4.057211e-02	3.407456e+00
5.110000e-06	7.001540e-03	3.701609e+00
5.120000e-06	-3.961735e-02	3.933694e+00
5.130000e-06	-3.715383e-02	4.070709e+00
5.140000e-06	9.716831e-02	4.406897e+00
5.150000e-06	-5.089465e-02	4.652662e+00
5.160000e-06	9.483404e-02	4.904322e+00
5.170000e-06	-5.034155e-03	5.312764e+00
5.180000e-06	-6.443635e-02	5.545348e+00
5.190000e-06	5.001970e-02	5.831030e+00
5.200000e-06	-3.426272e-02	6.134116e+00
5.210000e-06	3.781450e-02	6.364771e+00
5.220000e-06	-3.535761e-02	6.650560e+00
5.230000e-06	1.537620e-02	6.934766e+00
5.240000e-06	5.017207e-02	7.176974e+00
5.250000e-06	-2.497023e-02	7.489588e+00
5.260000e-06	-1.034530e-02	7.737268e+00
5.270000e-06	-2.571341e-02	8.007409e+00
5.280000e-06	5.698833e-02	8.263536e+00
5.290000e-06	1.613129e-03	8.503636e+00
5.300000e-06	-2.428146e-02	8.712671e+00
5.310000e-06	2.528423e-02	9.005892e+00
5.320000e-06	-5.261637e-03	9.186953e+00
5.330000e-06	2.816557e-02	9.450934e+00
5.340000e-06	-3.140348e-02	9.651161e+00
5.350000e-06	1.539974e-02	9.911693e+00
5.360000e-06	1.320296e-02	1.013519e+01
5.370000e-06	2.352299e-02	1.031625e+01
5.380000e-06	-3.982546e-03	1.059640e+01
5.390000e-06	-1.836013e-02	1.077580e+01
5.400000e-06	2.577459e-02	1.096590e+01
5.410000e-06	4.302185e-03	1.120540e+01
5.420000e-06	1.265598e-02	1.144696e+01
5.430000e-06	-1.544860e-02	1.163943e+01
5.440000e-06	2.791307e-02	1.183051e+01
5.450000e-06	1.340884e-02	1.198840e+01
5.460000e-06	7.776553e-03	1.221641e+01
5.470000e-06	-9.982455e-03	1.235733e+01
5.480000e-06	9.614339e-03	1.257635e+01
5.490000e-06	2.247187e-02	1.272372e+01
5.500000e-06	5.030632e-03	1.288319e+01
5.510000e-06	3.187008e-03	1.307859e+01
5.520000e-06	7.019730e-03	1.323001e+01
5.530000e-06	2.536308e-02	1.332583e+01
5.540000e-06	5.046367e-03	1.353369e+01
5.550000e-06	8.749009e-04	1.365964e+01
5.560000e-06	4.958836e-03	1.378643e+01
5.570000e-06	2.095863e-02	1.396473e+01
5.580000e-06	1.413506e-02	1.405057e+01
5.590000e-06	2.275284e-03	1.418999e+01
5.600000e-06	1.160052e-02	1.433487e+01
5.610000e-06	1.861155e-02	1.447217e+01
5.620000e-06	1.617311e-02	1.456723e+01
5.630000e-06	1.579550e-03	1.466006e+01
5.640000e-06	1.024945e-02	1.480686e+01
5.650000e-06	1.858586e-02	1.483049e+01
5.660000e-06	1.864670e-02	1.491480e+01
5.670000e-06	1.000245e-02	1.498696e+01
5.680000e-06	1.020531e-02	1.506112e+01
5.690000e-06	2.047143e-02	1.514632e+01
5.700000e-06	1.885415e-02	1.519598e+01
5.710000e-06	1.190246e-02	1.528214e+01
5.720000e-06	9.746132e-03	1.531425e+01
5.730000e-06	2.160462e-02	1.536640e+01
5.740000e-06	2.163673e-02	1.539896e+01
5.750000e-06	1.579484e-02	1.549007e+01
5.760000e-06	1.404511e-02	1.548275e+01
5.770000e-06	2.280920e-02	1.554227e+01
5.780000e-06	2.539187e-02	1.552422e+01
5.790000e-06	2.008102e-02	1.555428e+01
5.800000e-06	1.753498e-02	1.557578e+01
5.810000e-06	2.390678e-02	1.557480e+01
5.820000e-06	2.900905e-02	1.554576e+01
5.830000e-06	2.458169e-02	1.554270e+01
5.840000e-06	2.313425e-02	1.550425e+01
5.850000e-06	2.949896e-02	1.551372e+01
5.860000e-06	3.544136e-02	1.548417e+01
5.870000e-06	3.373019e-02	1.540957e+01
5.880000e-06	2.842096e-02	1.540901e+01
5.890000e-06	3.495952e-02	1.533540e+01
5.900000e-06	4.026583e-02	1.529425e+01
5.910000e-06	4.102013e-02	1.524162e+01
5.920000e-06	3.805152e-02	1.514740e+01
5.930000e-06	4.353666e-02	1.516275e+01
5.940000e-06	5.114935e-02	1.504112e+01
5.950000e-06	5.298693e-02	1.494888e+01
5.960000e-06	5.111792e-02	1.492424e+01
5.970000e-06	5.421972e-02	1.478856e+01
5.980000e-06	6.214351e-02	1.478439e+01
5.990000e-06	6.367043e-02	1.461109e+01
6.000000e-06	6.077179e-02	1.451533e+01
6.010000e-06	6.130351e-02	1.445106e+01
6.020000e-06	6.642952e-02	1.428379e+01
6.030000e-06	6.616090e-02	1.417690e+01
6.040000e-06	5.838712e-02	1.407209e+01
6.050000e-06	5.748072e-02	1.389385e+01
6.060000e-06	5.806087e-02	1.375793e+01
6.070000e-06	5.693286e-02	1.363204e+01
6.080000e-06	4.763134e-02	1.351314e+01
6.090000e-06	4.467923e-02	1.336588e+01
6.100000e-06	4.527639e-02	1.322001e+01
6.110000e-06	4.404935e-02	1.305964e+01
6.120000e-06	3.693766e-02	1.284269e+01
6.130000e-06	3.339406e-02	1.273377e+01
6.140000e-06	3.422721e-02	1.254635e+01
6.150000e-06	3.259033e-02	1.237988e+01
6.160000e-06	2.727622e-02	1.221001e+01
6.170000e-06	2.174149e-02	1.200106e+01
6.180000e-06	2.412629e-02	1.184054e+01
6.190000e-06	2.415532e-02	1.161106e+01
6.200000e-06	2.040585e-02	1.143996e+01
6.210000e-06	1.542156e-02	1.117746e+01
6.220000e-06	1.679691e-02	1.099041e+01
6.230000e-06	1.748428e-02	1.080101e+01
6.240000e-06	1.468977e-02	1.055948e+01
6.250000e-06	1.065664e-02	1.037741e+01
6.260000e-06	1.089325e-02	1.014690e+01
6.270000e-06	1.319332e-02	9.933721e+00
6.280000e-06	1.061195e-02	9.693249e+00
6.290000e-06	6.497170e-03	9.482135e+00
6.300000e-06	6.204881e-03	9.232635e+00
6.310000e-06	7.196773e-03	9.010531e+00
6.320000e-06	7.502711e-03	8.755454e+00
6.330000e-06	4.838798e-03	8.515796e+00
6.340000e-06	4.995075e-03	8.284320e+00
6.350000e-06	5.230506e-03	8.032562e+00
6.360000e-06	6.001294e-03	7.799928e+00
6.370000e-06	2.199913e-03	7.516797e+00
6.380000e-06	3.559565e-04	7.233542e+00
6.390000e-06	2.271193e-03	6.979979e+00
6.400000e-06	3.607056e-03	6.767847e+00
6.410000e-06	2.049069e-03	6.433167e+00
6.420000e-06	-5.561736e-04	6.190484e+00
6.430000e-06	2.714545e-05	5.986975e+00
6.440000e-06	1.910540e-03	5.685172e+00
6.450000e-06	1.519178e-03	5.389982e+00
6.460000e-06	-1.618719e-03	5.075243e+00
6.470000e-06	-1.932767e-03	4.777896e+00
6.480000e-06	1.243796e-03	4.486214e+00
6.490000e-06	6.828558e-04	4.212561e+00
6.500000e-06	-2.600535e-03	3.926291e+00
6.510000e-06	-4.592201e-03	3.644137e+00
6.520000e-06	-1.165226e-03	3.349900e+00
6.530000e-06	-5.675666e-04	3.104763e+00
6.540000e-06	-3.064937e-03	2.824132e+00
6.550000e-06	-5.780148e-03	2.517294e+00
6.560000e-06	-2.848767e-03	2.214161e+00
6.570000e-06	-1.258105e-03	1.979479e+00
6.580000e-06	-3.086498e-03	1.646191e+00
6.590000e-06	-5.953000e-03	1.389952e+00
6.600000e-06	-5.428343e-03	1.075708e+00
6.610000e-06	-2.150253e-03	7.468699e-01
6.620000e-06	-2.317652e-03	4.652408e-01
6.630000e-06	-4.714038e-03	1.995027e-01
6.640000e-06	-3.253538e-03	-1.031831e-01
6.650000e-06	8.587613e-03	-3.483645e-01
6.660000e-06	-2.950597e-03	-6.590765e-01
6.670000e-06	-1.112130e-03	-8.937132e-01
6.680000e-06	-7.944372e-03	-1.155919e+00
6.690000e-06	3.642590e-04	-1.513209e+00
6.700000e-06	-1.077737e-03	-1.765318e+00
6.710000e-06	1.731816e-02	-1.967371e+00
6.720000e-06	8.794332e-02	-2.218980e+00
6.730000e-06	-5.464769e-03	-2.577497e+00
6.740000e-06	-6.030148e-02	-2.986895e+00
6.750000e-06	-4.337325e-02	-3.325841e+00
6.760000e-06	-2.046492e-02	-3.514318e+00
6.770000e-06	-5.309095e-02	-3.808445e+00
6.780000e-06	2.461599e-02	-4.006601e+00
6.790000e-06	8.417562e-02	-4.186453e+00
6.800000e-06	-1.343761e-01	-4.483185e+00
6.810000e-06	1.661088e-01	-4.764821e+00
6.820000e-06	-9.573160e-02	-5.027530e+00
6.830000e-06	-4.663565e-04	-5.377956e+00
6.840000e-06	6.061994e-03	-5.657555e+00
6.850000e-06	-1.081181e-01	-5.965318e+00
6.860000e-06	1.326022e-01	-6.165374e+00
6.870000e-06	-1.012528e-01	-6.459106e+00
6.880000e-06	6.128042e-02	-6.705296e+00
6.890000e-06	-1.899597e-03	-6.997975e+00
6.900000e-06	-4.556592e-02	-7.291736e+00
6.910000e-06	4.391456e-02	-7.567844e+00
6.920000e-06	-1.008070e-01	-7.858485e+00
6.930000e-06	8.009431e-02	-8.134739e+00
6.940000e-06	-5.625870e-02	-8.354721e+00
6.950000e-06	2.637284e-02	-8.547958e+00
6.960000e-06	5.971491e-03	-8.841010e+00
6.970000e-06	-5.663606e-02	-9.071139e+00
6.980000e-06	4.580239e-02	-9.282637e+00
6.990000e-06	-7.386865e-02	-9.554296e+00
7.000000e-06	5.324890e-02	-9.755900e+00
7.010000e-06	-5.895380e-02	-1.000737e+01
7.020000e-06	4.009095e-02	-1.020806e+01
7.030000e-06	-3.104048e-02	-1.042901e+01
7.040000e-06	-4.352337e-03	-1.068012e+01
7.050000e-06	-1.131278e-02	-1.086903e+01
7.060000e-06	-2.473718e-02	-1.108001e+01
7.070000e-06	1.388836e-02	-1.124111e+01
7.080000e-06	-3.351593e-02	-1.148964e+01
7.090000e-06	1.724825e-02	-1.174330e+01
7.100000e-06	-3.385389e-02	-1.194227e+01
7.110000e-06	1.410838e-02	-1.211267e+01
7.120000e-06	-3.740068e-02	-1.229112e+01
7.130000e-06	1.723472e-03	-1.245919e+01
7.140000e-06	-2.576894e-02	-1.264009e+01
7.150000e-06	4.897861e-04	-1.279893e+01
7.160000e-06	-1.678790e-02	-1.297490e+01
7.170000e-06	-1.119829e-02	-1.314280e+01
7.180000e-06	-1.086951e-02	-1.330170e+01
7.190000e-06	-1.740106e-02	-1.344956e+01
7.200000e-06	-1.002940e-02	-1.356631e+01
7.210000e-06	-2.549141e-02	-1.371475e+01
7.220000e-06	-6.796100e-03	-1.386066e+01
7.230000e-06	-1.966067e-02	-1.399748e+01
7.240000e-06	-6.444501e-03	-1.413285e+01
7.250000e-06	-2.131868e-02	-1.427959e+01
7.260000e-06	-1.223908e-02	-1.439699e+01
7.270000e-06	-1.923252e-02	-1.448324e+01
7.280000e-06	-1.617991e-02	-1.463751e+01
7.290000e-06	-1.939195e-02	-1.473222e+01
7.300000e-06	-1.740426e-02	-1.480699e+01
7.310000e-06	-1.597866e-02	-1.489162e+01
7.320000e-06	-1.831355e-02	-1.498738e+01
7.330000e-06	-1.995587e-02	-1.507019e+01
7.340000e-06	-2.139300e-02	-1.513475e+01
7.350000e-06	-2.040249e-02	-1.518795e+01
7.360000e-06	-2.147246e-02	-1.524158e+01
7.370000e-06	-2.239036e-02	-1.529172e+01
7.380000e-06	-2.202253e-02	-1.532588e+01
7.390000e-06	-2.075598e-02	-1.542648e+01
7.400000e-06	-2.409138e-02	-1.544814e+01
7.410000e-06	-2.301865e-02	-1.548214e+01
7.420000e-06	-2.677198e-02	-1.553327e+01
7.430000e-06	-2.349012e-02	-1.554390e+01
7.440000e-06	-2.685272e-02	-1.553438e+01
7.450000e-06	-2.784713e-02	-1.556593e+01
7.460000e-06	-2.901131e-02	-1.555538e+01
7.470000e-06	-3.005185e-02	-1.557746e+01
7.480000e-06	-3.026573e-02	-1.559640e+01
7.490000e-06	-3.302341e-02	-1.552590e+01
7.500000e-06	-3.382061e-02	-1.554387e+01
7.510000e-06	-3.533765e-02	-1.553227e+01
7.520000e-06	-3.618751e-02	-1.550329e+01
7.530000e-06	-3.884028e-02	-1.547211e+01
7.540000e-06	-4.173753e-02	-1.539908e+01
7.550000e-06	-4.189330e-02	-1.537638e+01
7.560000e-06	-4.437425e-02	-1.529630e+01
7.570000e-06	-4.555041e-02	-1.526219e+01
7.580000e-06	-4.808228e-02	-1.520799e+01
7.590000e-06	-5.142723e-02	-1.512690e+01
7.600000e-06	-5.411814e-02	-1.507159e+01
7.610000e-06	-5.754135e-02	-1.500993e+01
7.620000e-06	-6.060653e-02	-1.492432e+01
7.630000e-06	-6.404984e-02	-1.481007e+01
7.640000e-06	-6.611736e-02	-1.473435e+01
7.650000e-06	-6.681457e-02	-1.465159e+01
7.660000e-06	-6.949828e-02	-1.455583e+01
7.670000e-06	-6.995886e-02	-1.444014e+01
7.680000e-06	-7.157991e-02	-1.430675e+01
7.690000e-06	-6.926698e-02	-1.423045e+01
7.700000e-06	-6.746889e-02	-1.410124e+01
7.710000e-06	-6.590140e-02	-1.391525e+01
7.720000e-06	-6.329204e-02	-1.381941e+01
7.730000e-06	-6.096468e-02	-1.365166e+01
7.740000e-06	-5.677518e-02	-1.351462e+01
7.750000e-06	-5.406764e-02	-1.334793e+01
7.760000e-06	-5.166922e-02	-1.321956e+01
7.770000e-06	-4.890293e-02	-1.308214e+01
7.780000e-06	-4.405481e-02	-1.291327e+01
7.790000e-06	-4.244795e-02	-1.272627e+01
7.800000e-06	-4.040677e-02	-1.257788e+01
7.810000e-06	-3.841820e-02	-1.237851e+01
7.820000e-06	-3.530110e-02	-1.225054e+01
7.830000e-06	-3.259181e-02	-1.203061e+01
7.840000e-06	-3.210468e-02	-1.182108e+01
7.850000e-06	-3.036236e-02	-1.163997e+01
7.860000e-06	-2.710003e-02	-1.138698e+01
7.870000e-06	-2.469706e-02	-1.116893e+01
7.880000e-06	-2.463733e-02	-1.097827e+01
7.890000e-06	-2.459187e-02	-1.078888e+01
7.900000e-06	-2.165533e-02	-1.057793e+01
7.910000e-06	-2.002798e-02	-1.034647e+01
7.920000e-06	-2.019203e-02	-1.011735e+01
7.930000e-06	-1.977378e-02	-9.883721e+00
7.940000e-06	-1.759857e-02	-9.672670e+00
7.950000e-06	-1.570989e-02	-9.502610e+00
7.960000e-06	-1.624246e-02	-9.231060e+00
7.970000e-06	-1.565272e-02	-9.008530e+00
7.980000e-06	-1.572131e-02	-8.770053e+00
7.990000e-06	-1.298130e-02	-8.484771e+00
8.000000e-06	-1.327966e-02	-8.263163e+00
8.010000e-06	-1.425579e-02	-7.992162e+00
8.020000e-06	-1.265526e-02	-7.778926e+00
8.030000e-06	-1.098229e-02	-7.445166e+00
8.040000e-06	-1.046989e-02	-7.211535e+00
8.050000e-06	-1.285809e-02	-6.967903e+00
8.060000e-06	-1.109936e-02	-6.706290e+00
8.070000e-06	-9.247057e-03	-6.463662e+00
8.080000e-06	-7.889426e-03	-6.150454e+00
8.090000e-06	-1.153085e-02	-5.914295e+00
8.100000e-06	-1.022531e-02	-5.642063e+00
8.110000e-06	-9.394309e-03	-5.318471e+00
8.120000e-06	-7.185755e-03	-5.062641e+00
8.130000e-06	-1.009091e-02	-4.683845e+00
8.140000e-06	-8.537119e-03	-4.433631e+00
8.150000e-06	-7.729301e-03	-4.201009e+00
8.160000e-06	-5.562263e-03	-3.938421e+00
8.170000e-06	-8.580632e-03	-3.652208e+00
8.180000e-06	-8.822532e-03	-3.371578e+00
8.190000e-06	-7.272670e-03	-3.076764e+00
8.200000e-06	-5.127644e-03	-2.821452e+00
8.210000e-06	-6.305554e-03	-2.528246e+00
8.220000e-06	-5.755176e-03	-2.264632e+00
8.230000e-06	-5.302908e-03	-1.958919e+00
8.240000e-06	-5.042574e-03	-1.664214e+00
8.250000e-06	-6.105232e-03	-1.359955e+00
8.260000e-06	-7.585086e-03	-1.024716e+00
8.270000e-06	-5.006948e-03	-7.900001e-01
8.280000e-06	-2.744965e-03	-4.556604e-01
8.290000e-06	-1.642646e-03	-2.001026e-01
8.300000e-06	7.722963e-04	9.073397e-02
8.310000e-06	5.244755e-03	3.584238e-01
8.320000e-06	7.175862e-04	6.120549e-01
8.330000e-06	2.598096e-03	8.821566e-01
8.340000e-06	-3.394278e-03	1.229001e+00
8.350000e-06	-3.762049e-05	1.462135e+00
8.360000e-06	1.641568e-03	1.786977e+00
8.370000e-06	1.679116e-02	1.988474e+00
8.380000e-06	5.245020e-02	2.248660e+00
8.390000e-06	5.440508e-02	2.658496e+00
8.400000e-06	-5.699450e-02	2.926312e+00
8.410000e-06	-4.695351e-02	3.199004e+00
8.420000e-06	-2.530955e-02	3.525142e+00
8.430000e-06	1.749552e-04	3.756318e+00
8.440000e-06	-5.170383e-02	3.955948e+00
8.450000e-06	1.538408e-02	4.177001e+00
8.460000e-06	7.489618e-02	4.533113e+00
8.470000e-06	-5.389189e-02	4.744872e+00
8.480000e-06	1.272154e-01	5.041087e+00
8.490000e-06	-8.190980e-02	5.379504e+00
8.500000e-06	-1.449805e-03	5.639603e+00
8.510000e-06	2.022440e-02	5.924292e+00
8.520000e-06	-2.201590e-02	6.208004e+00
8.530000e-06	4.010913e-02	6.449659e+00
8.540000e-06	-5.280443e-02	6.734796e+00
8.550000e-06	6.013975e-02	7.028059e+00
8.560000e-06	4.245118e-03	7.320656e+00
8.570000e-06	-8.043362e-03	7.543795e+00
8.580000e-06	-2.599006e-02	7.859103e+00
8.590000e-06	7.272125e-03	8.113667e+00
8.600000e-06	5.075239e-02	8.366772e+00
8.610000e-06	-2.604052e-02	8.556878e+00
8.620000e-06	4.353692e-03	8.808399e+00
8.630000e-06	9.591304e-03	9.070564e+00
8.640000e-06	8.750548e-03	9.263562e+00
8.650000e-06	8.948100e-03	9.503139e+00
8.660000e-06	-1.728461e-02	9.764878e+00
8.670000e-06	1.736191e-02	9.977928e+00
8.680000e-06	1.183090e-02	1.019890e+01
8.690000e-06	2.087782e-02	1.039948e+01
8.700000e-06	-1.580772e-02	1.067059e+01
8.710000e-06	1.732658e-03	1.086199e+01
8.720000e-06	1.590039e-02	1.104946e+01
8.730000e-06	8.854118e-03	1.127013e+01
8.740000e-06	1.938238e-03	1.151062e+01
8.750000e-06	2.904682e-03	1.170332e+01
8.760000e-06	2.231667e-02	1.188166e+01
8.770000e-06	1.022122e-02	1.208164e+01
8.780000e-06	5.212414e-04	1.227014e+01
8.790000e-06	-2.759773e-03	1.244901e+01
8.800000e-06	1.305402e-02	1.262094e+01
8.810000e-06	1.355011e-02	1.276593e+01
8.820000e-06	5.916852e-03	1.297480e+01
8.830000e-06	5.339167e-03	1.310312e+01
8.840000e-06	1.638995e-02	1.326152e+01
8.850000e-06	1.501325e-02	1.343753e+01
8.860000e-06	5.239761e-03	1.354485e+01
8.870000e-06	9.121280e-04	1.373320e+01
8.880000e-06	1.268483e-02	1.385911e+01
8.890000e-06	1.469972e-02	1.398733e+01
8.900000e-06	1.094960e-02	1.409279e+01
8.910000e-06	5.939515e-03	1.424907e+01
8.920000e-06	1.538844e-02	1.439746e+01
8.930000e-06	1.715029e-02	1.448322e+01
8.940000e-06	1.027697e-02	1.461841e+01
8.950000e-06	7.713824e-03	1.468424e+01
8.960000e-06	1.111262e-02	1.480741e+01
8.970000e-06	1.884373e-02	1.484064e+01
8.980000e-06	1.330446e-02	1.497580e+01
8.990000e-06	1.307412e-02	1.503088e+01
9.000000e-06	1.255524e-02	1.511372e+01
9.010000e-06	1.943082e-02	1.515590e+01
9.020000e-06	1.460855e-02	1.523906e+01
9.030000e-06	1.211713e-02	1.528210e+01
9.040000e-06	1.584190e-02	1.535477e+01
9.050000e-06	2.017893e-02	1.538696e+01
9.060000e-06	1.995405e-02	1.542003e+01
9.070000e-06	1.563875e-02	1.545254e+01
9.080000e-06	1.993929e-02	1.551222e+01
9.090000e-06	2.078795e-02	1.551227e+01
9.100000e-06	2.235882e-02	1.554423e+01
9.110000e-06	1.934423e-02	1.554517e+01
9.120000e-06	2.180073e-02	1.552478e+01
9.130000e-06	2.457918e-02	1.555675e+01
9.140000e-06	2.566196e-02	1.552425e+01
9.150000e-06	2.515212e-02	1.552320e+01
9.160000e-06	2.652871e-02	1.551333e+01
9.170000e-06	3.206106e-02	1.549267e+01
9.180000e-06	3.171951e-02	1.547159e+01
9.190000e-06	3.248961e-02	1.545006e+01
9.200000e-06	3.299642e-02	1.542743e+01
9.210000e-06	3.693790e-02	1.535635e+01
9.220000e-06	3.929281e-02	1.528322e+01
9.230000e-06	3.841639e-02	1.523151e+01
9.240000e-06	4.302174e-02	1.518685e+01
9.250000e-06	4.561628e-02	1.508367e+01
9.260000e-06	5.093810e-02	1.502954e+01
9.270000e-06	5.029587e-02	1.496733e+01
9.280000e-06	5.399440e-02	1.488359e+01
9.290000e-06	5.843086e-02	1.479836e+01
9.300000e-06	6.135207e-02	1.467377e+01
9.310000e-06	6.091904e-02	1.462044e+01
9.320000e-06	6.319185e-02	1.450422e+01
9.330000e-06	6.393622e-02	1.437598e+01
9.340000e-06	6.311715e-02	1.426267e+01
9.350000e-06	6.173692e-02	1.415792e+01
9.360000e-06	5.965206e-02	1.401898e+01
9.370000e-06	6.009885e-02	1.389417e+01
9.380000e-06	5.498829e-02	1.377483e+01
9.390000e-06	5.230462e-02	1.358786e+01
9.400000e-06	4.948847e-02	1.342109e+01
9.410000e-06	4.811851e-02	1.332232e+01
9.420000e-06	4.276068e-02	1.315482e+01
9.430000e-06	3.845475e-02	1.300843e+01
9.440000e-06	3.680331e-02	1.281904e+01
9.450000e-06	3.636079e-02	1.266216e+01
9.460000e-06	3.212367e-02	1.248422e+01
9.470000e-06	2.801683e-02	1.233425e+01
9.480000e-06	2.681660e-02	1.208832e+01
9.490000e-06	2.612972e-02	1.195540e+01
9.500000e-06	2.333822e-02	1.173793e+01
9.510000e-06	1.970142e-02	1.153732e+01
9.520000e-06	1.908947e-02	1.133778e+01
9.530000e-06	1.785552e-02	1.108677e+01
9.540000e-06	1.708131e-02	1.095580e+01
9.550000e-06	1.420424e-02	1.073423e+01
9.560000e-06	1.272028e-02	1.050580e+01
9.570000e-06	1.168659e-02	1.030267e+01
9.580000e-06	1.179778e-02	1.003469e+01
9.590000e-06	1.176394e-02	9.821060e+00
9.600000e-06	9.295615e-03	9.599457e+00
9.610000e-06	8.736374e-03	9.398878e+00
9.620000e-06	8.797585e-03	9.197377e+00
9.630000e-06	5.996440e-03	8.935675e+00
9.640000e-06	4.698422e-03	8.684141e+00
9.650000e-06	3.989821e-03	8.433141e+00
9.660000e-06	5.079680e-03	8.240579e+00
9.670000e-06	5.697471e-03	7.927372e+00
9.680000e-06	3.011191e-03	7.694245e+00
9.690000e-06	3.859384e-03	7.432555e+00
9.700000e-06	2.629049e-03	7.149400e+00
9.710000e-06	2.169800e-03	6.915319e+00
9.720000e-06	2.125114e-03	6.681106e+00
9.730000e-06	3.454761e-04	6.368399e+00
9.740000e-06	1.538503e-03	6.097320e+00
9.750000e-06	9.182952e-04	5.895786e+00
9.760000e-06	-4.926618e-04	5.570030e+00
9.770000e-06	-2.353266e-03	5.287266e+00
9.780000e-06	4.861177e-04	4.899003e+00
9.790000e-06	1.593405e-05	4.653137e+00
9.800000e-06	-1.031505e-03	4.410478e+00
9.810000e-06	-7.635710e-04	4.076746e+00
9.820000e-06	-5.733106e-04	3.852983e+00
9.830000e-06	-2.008564e-03	3.569025e+00
9.840000e-06	-2.976850e-03	3.293787e+00
9.850000e-06	-4.660341e-03	2.981953e+00
9.860000e-06	-2.723345e-03	2.747791e+00
9.870000e-06	-2.882514e-03	2.413077e+00
9.880000e-06	-3.485459e-03	2.146869e+00
9.890000e-06	-3.352484e-03	1.864236e+00
9.900000e-06	-3.326945e-03	1.569573e+00
9.910000e-06	-2.098414e-03	1.255186e+00
9.920000e-06	-4.935254e-03	9.174474e-01
9.930000e-06	-4.749023e-03	6.831582e-01
9.940000e-06	-5.189801e-03	4.089939e-01
9.950000e-06	-7.722953e-04	6.470946e-02
9.960000e-06	1.774435e-03	-1.775011e-01
9.970000e-06	4.682025e-03	-4.215812e-01
9.980000e-06	-3.429401e-03	-7.337446e-01
9.990000e-06	-2.042185e-03	-9.979522e-01
1.000000e-05	-3.664742e-03	-1.243183e+00
1.001000e-05	-3.043800e-03	-1.558549e+00
1.002000e-05	1.979729e-03	-1.808477e+00
1.003000e-05	3.295230e-02	-2.020053e+00
1.004000e-05	9.362283e-02	-2.303788e+00
1.005000e-05	-5.959728e-02	-2.715237e+00
1.006000e-05	-4.517156e-02	-3.122115e+00
1.007000e-05	-4.906051e-02	-3.397997e+00
1.008000e-05	-1.232766e-02	-3.578529e+00
1.009000e-05	-7.729426e-02	-3.891664e+00
1.010000e-05	1.091817e-01	-4.051580e+00
1.011000e-05	-3.505977e-02	-4.281138e+00
1.012000e-05	-1.747788e-02	-4.637026e+00
1.013000e-05	1.427452e-01	-4.819579e+00
1.014000e-05	-1.551847e-01	-5.135318e+00
1.015000e-05	8.581980e-02	-5.453290e+00
1.016000e-05	-1.040163e-01	-5.734792e+00
1.017000e-05	1.766520e-02	-6.019078e+00
1.018000e-05	6.281767e-02	-6.250560e+00
1.019000e-05	-9.162631e-02	-6.575870e+00
1.020000e-05	1.075409e-01	-6.801054e+00
1.021000e-05	-7.782577e-02	-7.062687e+00
1.022000e-05	2.185905e-02	-7.397980e+00
1.023000e-05	-2.967699e-02	-7.649979e+00
1.024000e-05	-3.818655e-02	-7.945944e+00
1.025000e-05	7.166995e-02	-8.168925e+00
1.026000e-05	-8.245304e-02	-8.408977e+00
1.027000e-05	7.396107e-02	-8.671142e+00
1.028000e-05	-6.691362e-02	-8.944294e+00
1.029000e-05	1.700027e-02	-9.174799e+00
1.030000e-05	-1.419403e-02	-9.385898e+00
1.031000e-05	-2.679643e-02	-9.630060e+00
1.032000e-05	2.917807e-02	-9.800512e+00
1.033000e-05	-4.733870e-02	-1.009217e+01
1.034000e-05	4.678881e-02	-1.030169e+01
1.035000e-05	-6.086457e-02	-1.052529e+01
1.036000e-05	2.714309e-02	-1.072232e+01
1.037000e-05	-4.551718e-02	-1.091277e+01
1.038000e-05	1.396697e-02	-1.115485e+01
1.039000e-05	-2.270721e-02	-1.135482e+01
1.040000e-05	-3.086021e-03	-1.156632e+01
1.041000e-05	-5.151082e-03	-1.173691e+01
1.042000e-05	-1.540299e-02	-1.198800e+01
1.043000e-05	-3.160497e-03	-1.214793e+01
1.044000e-05	-3.218809e-02	-1.235490e+01
1.045000e-05	4.683967e-03	-1.253427e+01
1.046000e-05	-2.733812e-02	-1.269124e+01
1.047000e-05	4.339080e-03	-1.285167e+01
1.048000e-05	-2.777240e-02	-1.299956e+01
1.049000e-05	2.512868e-03	-1.318891e+01
1.050000e-05	-2.153187e-02	-1.337480e+01
1.051000e-05	-8.850365e-03	-1.351120e+01
1.052000e-05	-2.221192e-02	-1.365001e+01
1.053000e-05	-1.235605e-02	-1.380748e+01
1.054000e-05	-1.242387e-02	-1.396280e+01
1.055000e-05	-1.629503e-02	-1.406964e+01
1.056000e-05	-1.548884e-02	-1.420791e+01
1.057000e-05	-1.654636e-02	-1.430372e+01
1.058000e-05	-1.024493e-02	-1.442851e+01
1.059000e-05	-2.138870e-02	-1.453530e+01
1.060000e-05	-1.824871e-02	-1.465059e+01
1.061000e-05	-1.924159e-02	-1.472392e+01
1.062000e-05	-1.204637e-02	-1.483904e+01
1.063000e-05	-1.941530e-02	-1.487427e+01
1.064000e-05	-2.017774e-02	-1.500806e+01
1.065000e-05	-2.192368e-02	-1.508316e+01
1.066000e-05	-1.661438e-02	-1.515535e+01
1.067000e-05	-2.103412e-02	-1.519856e+01
1.068000e-05	-2.230825e-02	-1.525957e+01
1.069000e-05	-2.395361e-02	-1.532475e+01
1.070000e-05	-1.841411e-02	-1.538793e+01
1.071000e-05	-2.199606e-02	-1.543896e+01
1.072000e-05	-2.621322e-02	-1.546164e+01
1.073000e-05	-2.624506e-02	-1.546372e+01
1.074000e-05	-2.442495e-02	-1.555325e+01
1.075000e-05	-2.215308e-02	-1.557630e+01
1.076000e-05	-2.948039e-02	-1.559588e+01
1.077000e-05	-2.819394e-02	-1.554695e+01
1.078000e-05	-2.851309e-02	-1.556596e+01
1.079000e-05	-2.748626e-02	-1.558891e+01
1.080000e-05	-3.342381e-02	-1.555534e+01
1.081000e-05	-3.510117e-02	-1.555630e+01
1.082000e-05	-3.229575e-02	-1.552388e+01
1.083000e-05	-3.358061e-02	-1.551284e+01
1.084000e-05	-3.939799e-02	-1.548214e+01
1.085000e-05	-4.166653e-02	-1.545007e+01
1.086000e-05	-4.078271e-02	-1.539751e+01
1.087000e-05	-4.084845e-02	-1.536783e+01
1.088000e-05	-4.577312e-02	-1.530527e+01
1.089000e-05	-4.841501e-02	-1.524207e+01
1.090000e-05	-4.959400e-02	-1.516793e+01
1.091000e-05	-4.960658e-02	-1.511534e+01
1.092000e-05	-5.627550e-02	-1.505959e+01
1.093000e-05	-6.110912e-02	-1.500785e+01
1.094000e-05	-6.209434e-02	-1.487420e+01
1.095000e-05	-6.272293e-02	-1.480896e+01
1.096000e-05	-6.640730e-02	-1.472328e+01
1.097000e-05	-7.057610e-02	-1.464149e+01
1.098000e-05	-7.037673e-02	-1.453479e+01
1.099000e-05	-6.824773e-02	-1.437691e+01
1.100000e-05	-6.937623e-02	-1.422212e+01
1.101000e-05	-7.050190e-02	-1.412636e+01
1.102000e-05	-6.820602e-02	-1.397899e+01
1.103000e-05	-6.340273e-02	-1.388214e+01
1.104000e-05	-6.161573e-02	-1.375697e+01
1.105000e-05	-6.012540e-02	-1.359801e+01
1.106000e-05	-5.774342e-02	-1.342166e+01
1.107000e-05	-5.276373e-02	-1.327525e+01
1.108000e-05	-4.896767e-02	-1.312735e+01
1.109000e-05	-4.816408e-02	-1.298946e+01
1.110000e-05	-4.526875e-02	-1.280107e+01
1.111000e-05	-4.119301e-02	-1.269072e+01
1.112000e-05	-3.817431e-02	-1.251575e+01
1.113000e-05	-3.730988e-02	-1.232527e+01
1.114000e-05	-3.676079e-02	-1.214780e+01
1.115000e-05	-3.225807e-02	-1.194753e+01
1.116000e-05	-3.001461e-02	-1.170743e+01
1.117000e-05	-2.889140e-02	-1.152543e+01
1.118000e-05	-2.841987e-02	-1.129472e+01
1.119000e-05	-2.502975e-02	-1.107370e+01
1.120000e-05	-2.341208e-02	-1.086367e+01
1.121000e-05	-2.292799e-02	-1.072317e+01
1.122000e-05	-2.173879e-02	-1.047324e+01
1.123000e-05	-2.076346e-02	-1.021419e+01
1.124000e-05	-1.904259e-02	-1.000054e+01
1.125000e-05	-1.843021e-02	-9.792135e+00
1.126000e-05	-1.845036e-02	-9.599908e+00
1.127000e-05	-1.705536e-02	-9.328431e+00
1.128000e-05	-1.498376e-02	-9.155299e+00
1.129000e-05	-1.473219e-02	-8.904821e+00
1.130000e-05	-1.518783e-02	-8.693691e+00
1.131000e-05	-1.388040e-02	-8.411082e+00
1.132000e-05	-1.272463e-02	-8.209975e+00
1.133000e-05	-1.213561e-02	-7.953850e+00
1.134000e-05	-1.295290e-02	-7.642616e+00
1.135000e-05	-1.151878e-02	-7.369952e+00
1.136000e-05	-1.021531e-02	-7.136424e+00
1.137000e-05	-1.157859e-02	-6.863666e+00
1.138000e-05	-1.236610e-02	-6.620028e+00
1.139000e-05	-1.068371e-02	-6.347900e+00
1.140000e-05	-6.831618e-03	-6.074666e+00
1.141000e-05	-9.837594e-03	-5.791534e+00
1.142000e-05	-8.797706e-03	-5.547342e+00
1.143000e-05	-1.147613e-02	-5.223516e+00
1.144000e-05	-7.946785e-03	-4.916795e+00
1.145000e-05	-7.864582e-03	-4.612030e+00
1.146000e-05	-6.703735e-03	-4.359377e+00
1.147000e-05	-9.191151e-03	-4.106821e+00
1.148000e-05	-7.162795e-03	-3.832609e+00
1.149000e-05	-8.291643e-03	-3.576899e+00
1.150000e-05	-6.970724e-03	-3.255794e+00
1.151000e-05	-9.154485e-03	-2.991500e+00
1.152000e-05	-4.912293e-03	-2.666242e+00
1.153000e-05	-5.554561e-03	-2.412632e+00
1.154000e-05	-4.258822e-03	-2.117294e+00
1.155000e-05	-6.436385e-03	-1.834231e+00
1.156000e-05	-5.654489e-03	-1.610974e+00
1.157000e-05	-6.258608e-03	-1.272681e+00
1.158000e-05	-5.893606e-03	-9.364197e-01
1.159000e-05	-5.287756e-03	-6.751831e-01
1.160000e-05	-4.099250e-03	-3.379736e-01
1.161000e-05	-1.060309e-03	-4.571465e-02
1.162000e-05	7.348043e-03	1.974935e-01
1.163000e-05	7.122293e-04	4.822079e-01
1.164000e-05	1.628282e-03	7.058405e-01
1.165000e-05	-1.839928e-05	1.067921e+00
1.166000e-05	1.321037e-03	1.293285e+00
1.167000e-05	5.267149e-04	1.599024e+00
1.168000e-05	3.042305e-03	1.902108e+00
1.169000e-05	2.079947e-02	2.104708e+00
1.170000e-05	7.719979e-02	2.366396e+00
1.171000e-05	3.256092e-03	2.735317e+00
1.172000e-05	-5.573454e-02	3.061156e+00
1.173000e-05	-4.439462e-02	3.375212e+00
1.174000e-05	-4.166079e-03	3.619450e+00
1.175000e-05	-2.085880e-02	3.839178e+00
1.176000e-05	-5.150010e-02	4.010576e+00
1.177000e-05	7.105273e-02	4.302116e+00
1.178000e-05	-1.011574e-03	4.598973e+00
1.179000e-05	2.520281e-02	4.881008e+00
1.180000e-05	7.029069e-02	5.198446e+00
1.181000e-05	-9.573188e-02	5.502647e+00
1.182000e-05	4.317860e-02	5.744763e+00
1.183000e-05	-1.712821e-02	6.049054e+00
1.184000e-05	1.771963e-02	6.279163e+00
1.185000e-05	-6.269729e-05	6.556367e+00
1.186000e-05	-2.608154e-02	6.881055e+00
1.187000e-05	7.026781e-02	7.121737e+00
1.188000e-05	-2.406300e-02	7.398902e+00
1.189000e-05	-3.576810e-03	7.690613e+00
1.190000e-05	-3.561710e-02	7.924367e+00
1.191000e-05	4.378192e-02	8.186904e+00
1.192000e-05	2.835258e-02	8.417928e+00
1.193000e-05	-3.437761e-02	8.670562e+00
1.194000e-05	2.421240e-02	8.913613e+00
1.195000e-05	-6.066251e-03	9.124821e+00
1.196000e-05	2.783466e-02	9.377300e+00
1.197000e-05	-2.026628e-02	9.575400e+00
1.198000e-05	4.781576e-03	9.818964e+00
1.199000e-05	1.315567e-02	1.009214e+01
1.200000e-05	2.184294e-02	1.029119e+01
1.201000e-05	9.762098e-03	1.048222e+01
1.202000e-05	-2.233645e-02	1.073224e+01
1.203000e-05	1.909790e-02	1.092465e+01
1.204000e-05	6.746209e-03	1.110167e+01
1.205000e-05	1.561354e-02	1.132374e+01
1.206000e-05	-1.354421e-02	1.159535e+01
1.207000e-05	1.821545e-02	1.176533e+01
1.208000e-05	1.474143e-02	1.195539e+01
1.209000e-05	1.261775e-02	1.212485e+01
1.210000e-05	-5.507872e-03	1.233427e+01
1.211000e-05	3.882993e-03	1.255477e+01
1.212000e-05	1.873015e-02	1.265114e+01
1.213000e-05	9.138143e-03	1.284794e+01
1.214000e-05	6.262279e-03	1.300846e+01
1.215000e-05	2.482201e-03	1.317533e+01
1.216000e-05	2.240286e-02	1.333384e+01
1.217000e-05	8.694924e-03	1.346014e+01
1.218000e-05	5.751211e-03	1.362843e+01
1.219000e-05	1.333033e-04	1.378493e+01
1.220000e-05	1.757750e-02	1.389974e+01
1.221000e-05	1.501585e-02	1.404901e+01
1.222000e-05	7.520728e-03	1.419646e+01
1.223000e-05	8.539795e-03	1.435320e+01
1.224000e-05	1.575471e-02	1.448701e+01
1.225000e-05	1.802306e-02	1.457427e+01
1.226000e-05	5.591659e-03	1.465051e+01
1.227000e-05	9.917238e-03	1.473435e+01
1.228000e-05	1.378306e-02	1.481894e+01
1.229000e-05	1.991846e-02	1.491421e+01
1.230000e-05	1.193763e-02	1.498395e+01
1.231000e-05	1.154723e-02	1.503811e+01
1.232000e-05	1.558646e-02	1.515472e+01
1.233000e-05	1.899259e-02	1.517745e+01
1.234000e-05	1.424728e-02	1.526104e+01
1.235000e-05	1.181692e-02	1.529322e+01
1.236000e-05	1.834936e-02	1.538788e+01
1.237000e-05	1.976478e-02	1.544858e+01
1.238000e-05	1.870396e-02	1.544004e+01
1.239000e-05	1.424168e-02	1.551219e+01
1.240000e-05	1.987260e-02	1.549457e+01
1.241000e-05	2.310376e-02	1.551377e+01
1.242000e-05	2.147811e-02	1.554323e+01
1.243000e-05	1.940532e-02	1.555425e+01
1.244000e-05	2.196081e-02	1.550738e+01
1.245000e-05	2.735107e-02	1.554428e+01
1.246000e-05	2.521748e-02	1.553578e+01
1.247000e-05	2.530573e-02	1.554475e+01
1.248000e-05	2.750977e-02	1.550420e+01
1.249000e-05	3.405924e-02	1.549217e+01
1.250000e-05	3.288389e-02	1.549209e+01
1.251000e-05	3.181772e-02	1.546848e+01
1.252000e-05	3.415380e-02	1.537640e+01
1.253000e-05	3.796331e-02	1.535530e+01
1.254000e-05	4.033870e-02	1.525260e+01
1.255000e-05	3.869536e-02	1.522689e+01
1.256000e-05	4.317211e-02	1.516638e+01
1.257000e-05	4.761557e-02	1.511164e+01
1.258000e-05	5.095867e-02	1.496791e+01
1.259000e-05	5.067169e-02	1.492535e+01
1.260000e-05	5.560130e-02	1.484156e+01
1.261000e-05	5.921926e-02	1.475328e+01
1.262000e-05	6.221337e-02	1.466272e+01
1.263000e-05	6.175900e-02	1.455480e+01
1.264000e-05	6.343179e-02	1.442311e+01
1.265000e-05	6.421055e-02	1.432483e+01
1.266000e-05	6.424761e-02	1.422962e+01
1.267000e-05	6.094002e-02	1.410415e+01
1.268000e-05	5.797006e-02	1.396583e+01
1.269000e-05	5.733213e-02	1.379949e+01
1.270000e-05	5.599818e-02	1.367219e+01
1.271000e-05	5.119545e-02	1.353530e+01
1.272000e-05	4.726878e-02	1.339793e+01
1.273000e-05	4.439363e-02	1.321059e+01
1.274000e-05	4.327686e-02	1.306317e+01
1.275000e-05	3.945976e-02	1.292583e+01
1.276000e-05	3.519667e-02	1.274430e+01
1.277000e-05	3.325792e-02	1.258941e+01
1.278000e-05	3.235380e-02	1.243056e+01
1.279000e-05	2.958888e-02	1.227119e+01
1.280000e-05	2.473725e-02	1.210262e+01
1.281000e-05	2.384705e-02	1.188269e+01
1.282000e-05	2.314806e-02	1.169319e+01
1.283000e-05	2.058204e-02	1.147227e+01
1.284000e-05	1.776655e-02	1.120064e+01
1.285000e-05	1.767971e-02	1.105211e+01
1.286000e-05	1.659716e-02	1.088164e+01
1.287000e-05	1.475288e-02	1.064111e+01
1.288000e-05	1.169192e-02	1.042914e+01
1.289000e-05	1.231642e-02	1.020998e+01
1.290000e-05	1.206500e-02	1.003043e+01
1.291000e-05	1.065876e-02	9.697324e+00
1.292000e-05	8.269044e-03	9.504270e+00
1.293000e-05	7.477383e-03	9.303271e+00
1.294000e-05	7.437199e-03	9.062633e+00
1.295000e-05	6.216289e-03	8.769589e+00
1.296000e-05	4.986451e-03	8.579528e+00
1.297000e-05	5.679843e-03	8.366922e+00
1.298000e-05	5.977873e-03	8.104776e+00
1.299000e-05	3.853740e-03	7.844588e+00
1.300000e-05	2.528226e-03	7.610929e+00
1.301000e-05	2.014538e-03	7.315752e+00
1.302000e-05	2.959702e-03	7.043560e+00
1.303000e-05	2.944243e-03	6.830555e+00
1.304000e-05	1.544761e-03	6.556296e+00
1.305000e-05	-1.483193e-04	6.254038e+00
1.306000e-05	1.530203e-03	6.032012e+00
1.307000e-05	1.198360e-03	5.776400e+00
1.308000e-05	2.545870e-04	5.514213e+00
1.309000e-05	-1.882204e-03	5.189978e+00
1.310000e-05	4.269984e-04	4.862108e+00
1.311000e-05	3.233899e-04	4.559451e+00
1.312000e-05	-9.044985e-04	4.326237e+00
1.313000e-05	-2.410428e-03	4.041982e+00
1.314000e-05	-1.824352e-03	3.717293e+00
1.315000e-05	-5.115831e-04	3.444735e+00
1.316000e-05	-2.872083e-03	3.147829e+00
1.317000e-05	-3.705832e-03	2.885763e+00
1.318000e-05	-3.799094e-03	2.553079e+00
1.319000e-05	-1.483933e-03	2.347791e+00
1.320000e-05	-3.508828e-03	2.053686e+00
1.321000e-05	-4.064278e-03	1.790473e+00
1.322000e-05	-4.224376e-03	1.453737e+00
1.323000e-05	-2.719936e-03	1.187946e+00
1.324000e-05	-3.453519e-03	8.226280e-01
1.325000e-05	-4.506102e-03	5.889225e-01
1.326000e-05	-3.640952e-03	3.251845e-01
1.327000e-05	-8.149948e-04	-1.006128e-03
1.328000e-05	6.077338e-03	-2.842317e-01
1.329000e-05	-2.628703e-03	-5.469133e-01
1.330000e-05	-1.396014e-04	-8.726076e-01
1.331000e-05	-4.497162e-03	-1.064758e+00
1.332000e-05	-6.902993e-04	-1.447571e+00
1.333000e-05	-4.683201e-03	-1.672653e+00
1.334000e-05	1.033115e-02	-1.893739e+00
1.335000e-05	6.279747e-02	-2.196711e+00
1.336000e-05	4.587905e-02	-2.472156e+00
1.337000e-05	-7.053857e-02	-2.871186e+00
1.338000e-05	-3.766634e-02	-3.240555e+00
1.339000e-05	-3.431534e-02	-3.464184e+00
1.340000e-05	-2.822712e-02	-3.753711e+00
1.341000e-05	-4.283387e-02	-3.925347e+00
1.342000e-05	1.305806e-01	-4.114267e+00
1.343000e-05	-1.348248e-01	-4.387497e+00
1.344000e-05	1.211209e-01	-4.671637e+00
1.345000e-05	4.898464e-03	-4.944316e+00
1.346000e-05	-8.992938e-02	-5.292743e+00
1.347000e-05	7.491975e-02	-5.564297e+00
1.348000e-05	-1.500654e-01	-5.850108e+00
1.349000e-05	1.157000e-01	-6.123241e+00
1.350000e-05	-4.693929e-02	-6.365371e+00
1.351000e-05	-8.595070e-03	-6.660612e+00
1.352000e-05	6.546428e-02	-6.895215e+00
1.353000e-05	-8.714654e-02	-7.251580e+00
1.354000e-05	5.707616e-02	-7.512136e+00
1.355000e-05	-9.309771e-02	-7.734797e+00
1.356000e-05	4.293625e-02	-8.042060e+00
1.357000e-05	1.817814e-03	-8.260138e+00
1.358000e-05	-3.268641e-02	-8.515288e+00
1.359000e-05	5.865149e-02	-8.775925e+00
1.360000e-05	-8.651530e-02	-9.017476e+00
1.361000e-05	5.665956e-02	-9.241081e+00
1.362000e-05	-7.082728e-02	-9.441215e+00
1.363000e-05	3.424688e-02	-9.715294e+00
1.364000e-05	-2.676615e-02	-9.902221e+00
1.365000e-05	4.659682e-03	-1.015540e+01
1.366000e-05	6.095822e-03	-1.035388e+01
1.367000e-05	-3.886377e-02	-1.058791e+01
1.368000e-05	1.703348e-02	-1.079590e+01
1.369000e-05	-4.702236e-02	-1.101750e+01
1.370000e-05	2.667929e-02	-1.115996e+01
1.371000e-05	-4.136364e-02	-1.141051e+01
1.372000e-05	2.026631e-02	-1.163056e+01
1.373000e-05	-2.963965e-02	-1.183014e+01
1.374000e-05	7.108719e-03	-1.208159e+01
1.375000e-05	-2.801331e-02	-1.223956e+01
1.376000e-05	-1.037310e-02	-1.240893e+01
1.377000e-05	-1.151603e-02	-1.258646e+01
1.378000e-05	-1.275517e-02	-1.279538e+01
1.379000e-05	-5.209075e-03	-1.290527e+01
1.380000e-05	-2.237411e-02	-1.306316e+01
1.381000e-05	1.540460e-03	-1.323056e+01
1.382000e-05	-2.523515e-02	-1.339633e+01
1.383000e-05	-4.869412e-03	-1.352425e+01
1.384000e-05	-2.759213e-02	-1.369369e+01
1.385000e-05	-4.588811e-03	-1.384903e+01
1.386000e-05	-1.968030e-02	-1.396585e+01
1.387000e-05	-1.035509e-02	-1.412380e+01
1.388000e-05	-2.016764e-02	-1.423904e+01
1.389000e-05	-1.328484e-02	-1.431680e+01
1.390000e-05	-1.585767e-02	-1.443162e+01
1.391000e-05	-1.930409e-02	-1.457791e+01
1.392000e-05	-1.789498e-02	-1.470417e+01
1.393000e-05	-1.819212e-02	-1.476735e+01
1.394000e-05	-1.365696e-02	-1.486109e+01
1.395000e-05	-2.025125e-02	-1.496583e+01
1.396000e-05	-1.938520e-02	-1.503006e+01
1.397000e-05	-2.181903e-02	-1.512382e+01
1.398000e-05	-1.852491e-02	-1.517538e+01
1.399000e-05	-2.352377e-02	-1.522011e+01
1.400000e-05	-2.114125e-02	-1.528317e+01
1.401000e-05	-2.263550e-02	-1.534680e+01
1.402000e-05	-1.854050e-02	-1.535843e+01
1.403000e-05	-2.440381e-02	-1.548109e+01
1.404000e-05	-2.406506e-02	-1.547217e+01
1.405000e-05	-2.595478e-02	-1.550327e+01
1.406000e-05	-2.356100e-02	-1.552275e+01
1.407000e-05	-2.594605e-02	-1.554532e+01
1.408000e-05	-2.956447e-02	-1.557533e+01
1.409000e-05	-2.804078e-02	-1.555640e+01
1.410000e-05	-2.796590e-02	-1.555538e+01
1.411000e-05	-2.938571e-02	-1.555841e+01
1.412000e-05	-3.472855e-02	-1.559740e+01
1.413000e-05	-3.363331e-02	-1.554483e+01
1.414000e-05	-3.357070e-02	-1.552322e+01
1.415000e-05	-3.565242e-02	-1.551222e+01
1.416000e-05	-4.002292e-02	-1.544207e+01
1.417000e-05	-4.084567e-02	-1.541901e+01
1.418000e-05	-4.058301e-02	-1.535795e+01
1.419000e-05	-4.310587e-02	-1.530580e+01
1.420000e-05	-4.587773e-02	-1.527467e+01
1.421000e-05	-5.084151e-02	-1.523809e+01
1.422000e-05	-4.851674e-02	-1.513683e+01
1.423000e-05	-5.304155e-02	-1.510324e+01
1.424000e-05	-5.740046e-02	-1.503906e+01
1.425000e-05	-5.927501e-02	-1.492633e+01
1.426000e-05	-6.130865e-02	-1.486214e+01
1.427000e-05	-6.350586e-02	-1.476796e+01
1.428000e-05	-6.841121e-02	-1.468117e+01
1.429000e-05	-7.218811e-02	-1.455740e+01
1.430000e-05	-7.204295e-02	-1.445012e+01
1.431000e-05	-7.036211e-02	-1.434583e+01
1.432000e-05	-6.924155e-02	-1.425014e+01
1.433000e-05	-6.828942e-02	-1.410580e+01
1.434000e-05	-6.405163e-02	-1.397636e+01
1.435000e-05	-6.234362e-02	-1.383151e+01
1.436000e-05	-6.208058e-02	-1.369270e+01
1.437000e-05	-6.055093e-02	-1.353635e+01
1.438000e-05	-5.797703e-02	-1.338796e+01
1.439000e-05	-5.174454e-02	-1.323317e+01
1.440000e-05	-4.805906e-02	-1.308270e+01
1.441000e-05	-4.566667e-02	-1.293780e+01
1.442000e-05	-4.144592e-02	-1.277791e+01
1.443000e-05	-4.092408e-02	-1.262101e+01
1.444000e-05	-3.725362e-02	-1.245101e+01
1.445000e-05	-3.890921e-02	-1.226161e+01
1.446000e-05	-3.530713e-02	-1.210375e+01
1.447000e-05	-3.286074e-02	-1.188372e+01
1.448000e-05	-2.921726e-02	-1.167622e+01
1.449000e-05	-2.799636e-02	-1.144167e+01
1.450000e-05	-2.654407e-02	-1.121108e+01
1.451000e-05	-2.481774e-02	-1.103094e+01
1.452000e-05	-2.243740e-02	-1.082054e+01
1.453000e-05	-2.331153e-02	-1.062108e+01
1.454000e-05	-2.388153e-02	-1.040966e+01
1.455000e-05	-1.971009e-02	-1.012953e+01
1.456000e-05	-1.803948e-02	-9.946300e+00
1.457000e-05	-1.808110e-02	-9.756875e+00
1.458000e-05	-2.001032e-02	-9.575745e+00
1.459000e-05	-1.528448e-02	-9.274720e+00
1.460000e-05	-1.475992e-02	-9.063141e+00
1.461000e-05	-1.356777e-02	-8.822061e+00
1.462000e-05	-1.649205e-02	-8.630053e+00
1.463000e-05	-1.296558e-02	-8.337797e+00
1.464000e-05	-1.250774e-02	-8.133194e+00
1.465000e-05	-1.264267e-02	-7.863262e+00
1.466000e-05	-1.519321e-02	-7.548377e+00
1.467000e-05	-1.072300e-02	-7.325765e+00
1.468000e-05	-9.335736e-03	-7.002732e+00
1.469000e-05	-1.001350e-02	-6.776855e+00
1.470000e-05	-1.342350e-02	-6.516823e+00
1.471000e-05	-1.054732e-02	-6.282212e+00
1.472000e-05	-8.865278e-03	-5.969429e+00
1.473000e-05	-8.061621e-03	-5.706766e+00
1.474000e-05	-8.892533e-03	-5.452534e+00
1.475000e-05	-9.458788e-03	-5.138825e+00
1.476000e-05	-7.579256e-03	-4.790125e+00
1.477000e-05	-7.081954e-03	-4.515796e+00
1.478000e-05	-8.113186e-03	-4.285238e+00
1.479000e-05	-8.794562e-03	-4.040585e+00
1.480000e-05	-7.321764e-03	-3.678448e+00
1.481000e-05	-9.038040e-03	-3.495765e+00
1.482000e-05	-5.761301e-03	-3.209504e+00
1.483000e-05	-7.373536e-03	-2.875218e+00
1.484000e-05	-5.760341e-03	-2.581030e+00
1.485000e-05	-6.257934e-03	-2.348240e+00
1.486000e-05	-4.070453e-03	-2.011606e+00
1.487000e-05	-6.034294e-03	-1.768897e+00
1.488000e-05	-6.360869e-03	-1.474208e+00
1.489000e-05	-5.918602e-03	-1.127816e+00
1.490000e-05	-4.281343e-03	-8.451855e-01
1.491000e-05	-5.174424e-03	-4.998210e-01
1.492000e-05	-2.841318e-03	-2.637331e-01
1.493000e-05	2.928580e-04	-2.148019e-02
1.494000e-05	1.031443e-02	3.137143e-01
1.495000e-05	-1.233329e-03	5.673960e-01
1.496000e-05	8.846624e-04	8.088760e-01
1.497000e-05	-2.495107e-03	1.141834e+00
1.498000e-05	2.072065e-03	1.367473e+00
1.499000e-05	-1.216430e-03	1.701768e+00
1.500000e-05	9.495309e-03	1.943896e+00
1.501000e-05	3.570247e-02	2.167552e+00
1.502000e-05	7.993988e-02	2.453709e+00
1.503000e-05	-4.250641e-02	2.853630e+00
1.504000e-05	-5.274039e-02	3.146371e+00
1.505000e-05	-3.762153e-02	3.409081e+00
1.506000e-05	7.555036e-03	3.712663e+00
1.507000e-05	-4.300770e-02	3.895218e+00
1.508000e-05	-2.736281e-02	4.095763e+00
1.509000e-05	9.753251e-02	4.429501e+00
1.510000e-05	-5.843580e-02	4.673765e+00
1.511000e-05	1.099284e-01	4.986869e+00
1.512000e-05	-2.715047e-02	5.312767e+00
1.513000e-05	-4.896457e-02	5.576951e+00
1.514000e-05	4.542440e-02	5.841031e+00
1.515000e-05	-3.326124e-02	6.144745e+00
1.516000e-05	4.265310e-02	6.375421e+00
1.517000e-05	-4.299473e-02	6.670614e+00
1.518000e-05	2.623648e-02	6.924371e+00
1.519000e-05	3.823868e-02	7.196502e+00
1.520000e-05	-2.146465e-02	7.510694e+00
1.521000e-05	-1.383567e-02	7.814846e+00
1.522000e-05	-1.941594e-02	8.020588e+00
1.523000e-05	5.890729e-02	8.302163e+00
1.524000e-05	-5.056769e-03	8.534737e+00
1.525000e-05	-1.808459e-02	8.753219e+00
1.526000e-05	2.286925e-02	8.988333e+00
1.527000e-05	-2.584530e-03	9.219559e+00
1.528000e-05	2.419023e-02	9.411035e+00
1.529000e-05	-2.977559e-02	9.691642e+00
1.530000e-05	1.631978e-02	9.904721e+00
1.531000e-05	1.319143e-02	1.013529e+01
1.532000e-05	2.477298e-02	1.034484e+01
1.533000e-05	-6.769428e-03	1.056598e+01
1.534000e-05	-1.379804e-02	1.080495e+01
1.535000e-05	2.381023e-02	1.098745e+01
1.536000e-05	4.512936e-03	1.119950e+01
1.537000e-05	1.006426e-02	1.142801e+01
1.538000e-05	-1.098845e-02	1.161844e+01
1.539000e-05	2.698688e-02	1.188104e+01
1.540000e-05	1.262864e-02	1.203101e+01
1.541000e-05	5.842219e-03	1.222746e+01
1.542000e-05	-7.159518e-03	1.240740e+01
1.543000e-05	9.353622e-03	1.255633e+01
1.544000e-05	2.077445e-02	1.275285e+01
1.545000e-05	5.295809e-03	1.290374e+01
1.546000e-05	4.679554e-03	1.303117e+01
1.547000e-05	7.939546e-03	1.319904e+01
1.548000e-05	2.350534e-02	1.338636e+01
1.549000e-05	5.233880e-03	1.355424e+01
1.550000e-05	1.287801e-03	1.370061e+01
1.551000e-05	6.226907e-03	1.382749e+01
1.552000e-05	1.967993e-02	1.393633e+01
1.553000e-05	1.506352e-02	1.407122e+01
1.554000e-05	2.869710e-03	1.422969e+01
1.555000e-05	1.132413e-02	1.437583e+01
1.556000e-05	1.877545e-02	1.446267e+01
1.557000e-05	1.607884e-02	1.457636e+01
1.558000e-05	3.964047e-03	1.465214e+01
1.559000e-05	9.182377e-03	1.477737e+01
1.560000e-05	1.958414e-02	1.485966e+01
1.561000e-05	1.833244e-02	1.487430e+01
1.562000e-05	1.040283e-02	1.498938e+01
1.563000e-05	8.642068e-03	1.511109e+01
1.564000e-05	1.918023e-02	1.516633e+01
1.565000e-05	1.823540e-02	1.519851e+01
1.566000e-05	1.354002e-02	1.527064e+01
1.567000e-05	1.124427e-02	1.531375e+01
1.568000e-05	2.031086e-02	1.535798e+01
1.569000e-05	2.309213e-02	1.542841e+01
1.570000e-05	1.582264e-02	1.545004e+01
1.571000e-05	1.387305e-02	1.552269e+01
1.572000e-05	2.127625e-02	1.549269e+01
1.573000e-05	2.411325e-02	1.550320e+01
1.574000e-05	2.071758e-02	1.553473e+01
1.575000e-05	1.756877e-02	1.557575e+01
1.576000e-05	2.451962e-02	1.556578e+01
1.577000e-05	2.928433e-02	1.551427e+01
1.578000e-05	2.767697e-02	1.553480e+01
1.579000e-05	2.239677e-02	1.554485e+01
1.580000e-05	2.957935e-02	1.550367e+01
1.581000e-05	3.300911e-02	1.546967e+01
1.582000e-05	3.347900e-02	1.548006e+01
1.583000e-05	2.902868e-02	1.540789e+01
1.584000e-05	3.665111e-02	1.536736e+01
1.585000e-05	4.149174e-02	1.529415e+01
1.586000e-05	4.309514e-02	1.526004e+01
1.587000e-05	3.964608e-02	1.518796e+01
1.588000e-05	4.141981e-02	1.512377e+01
1.589000e-05	4.895169e-02	1.502159e+01
1.590000e-05	4.939230e-02	1.501688e+01
1.591000e-05	5.320524e-02	1.489322e+01
1.592000e-05	5.604173e-02	1.480946e+01
1.593000e-05	6.448003e-02	1.471527e+01
1.594000e-05	6.350033e-02	1.463849e+01
1.595000e-05	6.224217e-02	1.451685e+01
1.596000e-05	6.139325e-02	1.441046e+01
1.597000e-05	6.275801e-02	1.429319e+01
1.598000e-05	6.451408e-02	1.418738e+01
1.599000e-05	5.888749e-02	1.405059e+01
1.600000e-05	5.910877e-02	1.391370e+01
1.601000e-05	5.559284e-02	1.377483e+01
1.602000e-05	5.789350e-02	1.362209e+01
1.603000e-05	4.984921e-02	1.345274e+01
1.604000e-05	4.638928e-02	1.331527e+01
1.605000e-05	4.228302e-02	1.317690e+01
1.606000e-05	4.165790e-02	1.301963e+01
1.607000e-05	3.810421e-02	1.286214e+01
1.608000e-05	3.344163e-02	1.271277e+01
1.609000e-05	3.273728e-02	1.252740e+01
1.610000e-05	3.137263e-02	1.239835e+01
1.611000e-05	2.937036e-02	1.220893e+01
1.612000e-05	2.327412e-02	1.198996e+01
1.613000e-05	2.341092e-02	1.181051e+01
1.614000e-05	2.144740e-02	1.158051e+01
1.615000e-05	2.103571e-02	1.140853e+01
1.616000e-05	1.608252e-02	1.117833e+01
1.617000e-05	1.666707e-02	1.095846e+01
1.618000e-05	1.800413e-02	1.077991e+01
1.619000e-05	1.548052e-02	1.055890e+01
1.620000e-05	1.221468e-02	1.030475e+01
1.621000e-05	9.910855e-03	1.013780e+01
1.622000e-05	9.954541e-03	9.904196e+00
1.623000e-05	8.636640e-03	9.646115e+00
1.624000e-05	7.304613e-03	9.430582e+00
1.625000e-05	6.623862e-03	9.190013e+00
1.626000e-05	9.236007e-03	8.919503e+00
1.627000e-05	1.005632e-02	8.785824e+00
1.628000e-05	5.740691e-03	8.485246e+00
1.629000e-05	2.476360e-03	8.295269e+00
1.630000e-05	2.604273e-03	8.009534e+00
1.631000e-05	3.436930e-03	7.728799e+00
1.632000e-05	2.398840e-03	7.464866e+00
1.633000e-05	9.396326e-04	7.191056e+00
1.634000e-05	3.239168e-03	6.958354e+00
1.635000e-05	5.565198e-03	6.736248e+00
1.636000e-05	1.969693e-03	6.431989e+00
1.637000e-05	7.605090e-04	6.179955e+00
1.638000e-05	-9.792967e-04	5.957846e+00
1.639000e-05	3.717267e-04	5.662637e+00
1.640000e-05	-2.433042e-03	5.401554e+00
1.641000e-05	-1.160876e-03	5.022694e+00
1.642000e-05	-4.081680e-04	4.737847e+00
1.643000e-05	1.008060e-03	4.485614e+00
1.644000e-05	3.497964e-04	4.171054e+00
1.645000e-05	-1.359262e-03	3.904790e+00
1.646000e-05	-2.803332e-03	3.651158e+00
1.647000e-05	-2.946606e-03	3.358476e+00
1.648000e-05	-2.234841e-03	3.064163e+00
1.649000e-05	-4.550357e-03	2.802125e+00
1.650000e-05	-3.040867e-03	2.475717e+00
1.651000e-05	-2.293007e-03	2.213054e+00
1.652000e-05	-9.772039e-04	1.979898e+00
1.653000e-05	-3.699308e-03	1.683088e+00
1.654000e-05	-4.435413e-03	1.348948e+00
1.655000e-05	-4.449142e-03	1.062083e+00
1.656000e-05	-3.085985e-03	6.873173e-01
1.657000e-05	-4.713369e-03	4.641604e-01
1.658000e-05	-4.138523e-03	1.988536e-01
1.659000e-05	-8.497359e-04	-1.247855e-01
1.660000e-05	8.051372e-03	-3.669173e-01
1.661000e-05	-3.521193e-03	-6.816787e-01
1.662000e-05	-1.555814e-03	-9.337646e-01
1.663000e-05	-5.192434e-03	-1.187393e+00
1.664000e-05	-9.455742e-04	-1.483738e+00
1.665000e-05	-1.896331e-03	-1.764369e+00
1.666000e-05	1.905691e-02	-1.946842e+00
1.667000e-05	9.506070e-02	-2.239051e+00
1.668000e-05	-2.090039e-02	-2.639446e+00
1.669000e-05	-5.675139e-02	-3.028030e+00
1.670000e-05	-4.538434e-02	-3.314271e+00
1.671000e-05	-1.642351e-02	-3.524868e+00
1.672000e-05	-6.266918e-02	-3.848050e+00
1.673000e-05	4.588715e-02	-4.000449e+00
1.674000e-05	5.864555e-02	-4.218026e+00
1.675000e-05	-1.129804e-01	-4.483212e+00
1.676000e-05	1.724582e-01	-4.746948e+00
1.677000e-05	-1.182923e-01	-5.031159e+00
1.678000e-05	2.883755e-02	-5.417510e+00
1.679000e-05	-2.122280e-02	-5.621080e+00
1.680000e-05	-8.102295e-02	-5.955949e+00
1.681000e-05	1.204939e-01	-6.156376e+00
1.682000e-05	-1.060438e-01	-6.459135e+00
1.683000e-05	8.058858e-02	-6.746323e+00
1.684000e-05	-2.297327e-02	-7.017479e+00
1.685000e-05	-2.870314e-02	-7.333847e+00
1.686000e-05	2.847133e-02	-7.555448e+00
1.687000e-05	-8.749091e-02	-7.890513e+00
1.688000e-05	8.295493e-02	-8.124371e+00
1.689000e-05	-7.063521e-02	-8.354847e+00
1.690000e-05	4.094070e-02	-8.647011e+00
1.691000e-05	-1.211248e-02	-8.860637e+00
1.692000e-05	-3.659697e-02	-9.104139e+00
1.693000e-05	3.214404e-02	-9.273233e+00
1.694000e-05	-6.661743e-02	-9.552826e+00
1.695000e-05	5.341756e-02	-9.777896e+00
1.696000e-05	-6.065686e-02	-1.000747e+01
1.697000e-05	4.541633e-02	-1.022861e+01
1.698000e-05	-4.349194e-02	-1.046058e+01
1.699000e-05	7.253121e-03	-1.067114e+01
1.700000e-05	-1.917246e-02	-1.084114e+01
1.701000e-05	-1.447873e-02	-1.108069e+01
1.702000e-05	3.150198e-03	-1.130174e+01
1.703000e-05	-2.697334e-02	-1.152432e+01
1.704000e-05	1.365123e-02	-1.175427e+01
1.705000e-05	-3.260630e-02	-1.189477e+01
1.706000e-05	1.145911e-02	-1.212425e+01
1.707000e-05	-3.678730e-02	-1.229314e+01
1.708000e-05	7.040959e-03	-1.251217e+01
1.709000e-05	-2.698508e-02	-1.261109e+01
1.710000e-05	2.868458e-03	-1.284861e+01
1.711000e-05	-2.152032e-02	-1.296841e+01
1.712000e-05	-7.261999e-03	-1.313480e+01
1.713000e-05	-1.408363e-02	-1.331322e+01
1.714000e-05	-1.575215e-02	-1.347106e+01
1.715000e-05	-1.257588e-02	-1.360743e+01
1.716000e-05	-1.954407e-02	-1.373432e+01
1.717000e-05	-6.963693e-03	-1.386169e+01
1.718000e-05	-2.022505e-02	-1.405753e+01
1.719000e-05	-8.696185e-03	-1.414543e+01
1.720000e-05	-2.106457e-02	-1.425127e+01
1.721000e-05	-1.096911e-02	-1.438944e+01
1.722000e-05	-2.329197e-02	-1.450332e+01
1.723000e-05	-1.579618e-02	-1.462764e+01
1.724000e-05	-1.901123e-02	-1.471484e+01
1.725000e-05	-1.386534e-02	-1.482953e+01
1.726000e-05	-1.799769e-02	-1.488375e+01
1.727000e-05	-1.809267e-02	-1.497698e+01
1.728000e-05	-2.007708e-02	-1.504021e+01
1.729000e-05	-1.867930e-02	-1.514425e+01
1.730000e-05	-2.268680e-02	-1.519801e+01
1.731000e-05	-2.201325e-02	-1.523856e+01
1.732000e-05	-2.272122e-02	-1.530430e+01
1.733000e-05	-1.971552e-02	-1.536595e+01
1.734000e-05	-2.197445e-02	-1.540901e+01
1.735000e-05	-2.498934e-02	-1.545014e+01
1.736000e-05	-2.340248e-02	-1.551164e+01
1.737000e-05	-2.586644e-02	-1.551429e+01
1.738000e-05	-2.152373e-02	-1.554280e+01
1.739000e-05	-2.782835e-02	-1.556830e+01
1.740000e-05	-2.573201e-02	-1.558640e+01
1.741000e-05	-2.989029e-02	-1.558698e+01
1.742000e-05	-3.034371e-02	-1.558598e+01
1.743000e-05	-3.380028e-02	-1.555438e+01
1.744000e-05	-3.344226e-02	-1.557485e+01
1.745000e-05	-3.161832e-02	-1.554488e+01
1.746000e-05	-3.342683e-02	-1.553277e+01
1.747000e-05	-3.584749e-02	-1.551364e+01
1.748000e-05	-3.929278e-02	-1.549066e+01
1.749000e-05	-4.053637e-02	-1.538898e+01
1.750000e-05	-4.281469e-02	-1.537688e+01
1.751000e-05	-4.684420e-02	-1.532423e+01
1.752000e-05	-4.627559e-02	-1.526162e+01
1.753000e-05	-4.798387e-02	-1.519844e+01
1.754000e-05	-4.935685e-02	-1.513478e+01
1.755000e-05	-5.308895e-02	-1.508209e+01
1.756000e-05	-5.889572e-02	-1.503691e+01
1.757000e-05	-5.982889e-02	-1.493380e+01
1.758000e-05	-6.537623e-02	-1.480006e+01
1.759000e-05	-6.722147e-02	-1.474525e+01
1.760000e-05	-7.004652e-02	-1.466159e+01
1.761000e-05	-6.953715e-02	-1.454790e+01
1.762000e-05	-6.881420e-02	-1.439971e+01
1.763000e-05	-6.949252e-02	-1.428472e+01
1.764000e-05	-6.895820e-02	-1.420798e+01
1.765000e-05	-6.788602e-02	-1.405150e+01
1.766000e-05	-6.521729e-02	-1.392330e+01
1.767000e-05	-6.355493e-02	-1.375796e+01
1.768000e-05	-6.130689e-02	-1.364164e+01
1.769000e-05	-5.887615e-02	-1.347232e+01
1.770000e-05	-5.320994e-02	-1.336683e+01
1.771000e-05	-5.026606e-02	-1.321839e+01
1.772000e-05	-4.689254e-02	-1.306111e+01
1.773000e-05	-4.534044e-02	-1.290364e+01
1.774000e-05	-4.197642e-02	-1.272630e+01
1.775000e-05	-3.921779e-02	-1.255790e+01
1.776000e-05	-3.808150e-02	-1.237749e+01
1.777000e-05	-3.581302e-02	-1.221105e+01
1.778000e-05	-3.420927e-02	-1.201999e+01
1.779000e-05	-3.032358e-02	-1.181206e+01
1.780000e-05	-2.895417e-02	-1.161958e+01
1.781000e-05	-2.717106e-02	-1.136998e+01
1.782000e-05	-2.650506e-02	-1.113838e+01
1.783000e-05	-2.335417e-02	-1.095687e+01
1.784000e-05	-2.357337e-02	-1.080635e+01
1.785000e-05	-2.231233e-02	-1.056790e+01
1.786000e-05	-2.217275e-02	-1.032582e+01
1.787000e-05	-1.702417e-02	-1.007619e+01
1.788000e-05	-1.825658e-02	-9.862668e+00
1.789000e-05	-1.883599e-02	-9.673741e+00
1.790000e-05	-1.825724e-02	-9.421587e+00
1.791000e-05	-1.454975e-02	-9.199585e+00
1.792000e-05	-1.538878e-02	-8.997929e+00
1.793000e-05	-1.612384e-02	-8.767448e+00
1.794000e-05	-1.561107e-02	-8.495274e+00
1.795000e-05	-1.278421e-02	-8.242612e+00
1.796000e-05	-1.136601e-02	-8.021480e+00
1.797000e-05	-1.206095e-02	-7.707372e+00
1.798000e-05	-1.282221e-02	-7.433164e+00
1.799000e-05	-1.107103e-02	-7.271612e+00
1.800000e-05	-1.060101e-02	-6.904749e+00
1.801000e-05	-1.088292e-02	-6.644794e+00
1.802000e-05	-1.123824e-02	-6.461139e+00
1.803000e-05	-9.295295e-03	-6.128426e+00
1.804000e-05	-9.751649e-03	-5.875739e+00
1.805000e-05	-8.421039e-03	-5.621056e+00
1.806000e-05	-9.805553e-03	-5.327320e+00
1.807000e-05	-8.542841e-03	-5.062133e+00
1.808000e-05	-7.461924e-03	-4.685742e+00
1.809000e-05	-7.255944e-03	-4.452588e+00
1.810000e-05	-8.766941e-03	-4.191053e+00
1.811000e-05	-7.415609e-03	-3.927771e+00
1.812000e-05	-7.412414e-03	-3.633162e+00
1.813000e-05	-7.037411e-03	-3.338949e+00
1.814000e-05	-8.036707e-03	-3.054563e+00
1.815000e-05	-5.889846e-03	-2.769471e+00
1.816000e-05	-4.684176e-03	-2.505317e+00
1.817000e-05	-4.597331e-03	-2.161528e+00
1.818000e-05	-6.054826e-03	-1.906367e+00
1.819000e-05	-6.155401e-03	-1.653738e+00
1.820000e-05	-5.539575e-03	-1.307815e+00
1.821000e-05	-6.545111e-03	-1.022608e+00
1.822000e-05	-4.536306e-03	-7.493948e-01
1.823000e-05	-5.254655e-03	-4.426566e-01
1.824000e-05	-1.690593e-03	-1.785186e-01
1.825000e-05	3.192893e-03	1.042880e-01
1.826000e-05	5.283323e-03	4.099999e-01
1.827000e-05	-1.832718e-03	6.831567e-01
1.828000e-05	4.798419e-04	9.557379e-01
1.829000e-05	-1.508918e-03	1.239955e+00
1.830000e-05	2.601243e-03	1.533735e+00
1.831000e-05	2.981620e-04	1.779521e+00
1.832000e-05	1.465130e-02	2.019524e+00
1.833000e-05	5.958041e-02	2.292134e+00
1.834000e-05	4.612518e-02	2.648904e+00
1.835000e-05	-5.755666e-02	2.956897e+00
1.836000e-05	-4.877369e-02	3.249481e+00
1.837000e-05	-1.967837e-02	3.536768e+00
1.838000e-05	-1.132060e-03	3.736446e+00
1.839000e-05	-5.214714e-02	3.945427e+00
1.840000e-05	2.658913e-02	4.240031e+00
1.841000e-05	5.961377e-02	4.516769e+00
1.842000e-05	-3.767212e-02	4.777402e+00
1.843000e-05	1.201542e-01	5.101609e+00
1.844000e-05	-9.323214e-02	5.461055e+00
1.845000e-05	1.282648e-02	5.671110e+00
1.846000e-05	1.341389e-02	5.953923e+00
1.847000e-05	-1.322526e-02	6.207928e+00
1.848000e-05	3.075201e-02	6.480137e+00
1.849000e-05	-5.104345e-02	6.745926e+00
1.850000e-05	7.113554e-02	7.028034e+00
1.851000e-05	-4.971105e-03	7.323318e+00
1.852000e-05	-4.634936e-03	7.585851e+00
1.853000e-05	-3.244356e-02	7.871135e+00
1.854000e-05	2.042070e-02	8.133820e+00
1.855000e-05	4.425718e-02	8.356899e+00
1.856000e-05	-3.194830e-02	8.596878e+00
1.857000e-05	8.619843e-03	8.799032e+00
1.858000e-05	7.929882e-03	9.080613e+00
1.859000e-05	1.855848e-02	9.312714e+00
1.860000e-05	-3.642896e-04	9.543272e+00
1.861000e-05	-1.275774e-02	9.776401e+00
1.862000e-05	1.496319e-02	1.000850e+01
1.863000e-05	1.577175e-02	1.017901e+01
1.864000e-05	1.621484e-02	1.042206e+01
1.865000e-05	-1.811542e-02	1.065911e+01
1.866000e-05	7.216818e-03	1.084161e+01
1.867000e-05	1.818518e-02	1.106956e+01
1.868000e-05	1.138372e-02	1.128116e+01
1.869000e-05	-3.148073e-03	1.150112e+01
1.870000e-05	4.949362e-03	1.170269e+01
1.871000e-05	2.173626e-02	1.192324e+01
1.872000e-05	1.150818e-02	1.211222e+01
1.873000e-05	-1.660249e-03	1.225014e+01
1.874000e-05	-2.148168e-03	1.244009e+01
1.875000e-05	1.668209e-02	1.264061e+01
1.876000e-05	1.505872e-02	1.275648e+01
1.877000e-05	4.985527e-03	1.300425e+01
1.878000e-05	3.784272e-03	1.314329e+01
1.879000e-05	1.765533e-02	1.333112e+01
1.880000e-05	1.550924e-02	1.344198e+01
1.881000e-05	4.464808e-03	1.361728e+01
1.882000e-05	-4.692163e-04	1.374472e+01
1.883000e-05	1.448840e-02	1.388066e+01
1.884000e-05	1.676140e-02	1.397746e+01
1.885000e-05	1.064015e-02	1.409412e+01
1.886000e-05	5.201887e-03	1.427270e+01
1.887000e-05	1.586863e-02	1.441743e+01
1.888000e-05	1.819538e-02	1.452462e+01
1.889000e-05	9.289819e-03	1.459749e+01
1.890000e-05	6.612027e-03	1.470277e+01
1.891000e-05	1.326497e-02	1.481846e+01
1.892000e-05	2.039321e-02	1.485059e+01
1.893000e-05	1.270412e-02	1.497383e+01
1.894000e-05	1.084436e-02	1.502854e+01
1.895000e-05	1.356128e-02	1.512222e+01
1.896000e-05	1.938849e-02	1.519788e+01
1.897000e-05	1.579197e-02	1.522941e+01
1.898000e-05	1.065481e-02	1.528115e+01
1.899000e-05	1.661511e-02	1.529430e+01
1.900000e-05	2.089984e-02	1.539701e+01
1.901000e-05	2.119860e-02	1.543001e+01
1.902000e-05	1.273229e-02	1.547169e+01
1.903000e-05	1.822312e-02	1.551222e+01
1.904000e-05	2.210143e-02	1.555420e+01
1.905000e-05	2.335748e-02	1.553328e+01
1.906000e-05	1.904380e-02	1.553467e+01
1.907000e-05	2.127335e-02	1.556588e+01
1.908000e-05	2.703662e-02	1.553583e+01
1.909000e-05	2.735024e-02	1.554373e+01
1.910000e-05	2.480443e-02	1.549372e+01
1.911000e-05	2.518612e-02	1.550373e+01
1.912000e-05	3.307292e-02	1.549265e+01
1.913000e-05	3.261223e-02	1.546017e+01
1.914000e-05	3.189526e-02	1.543006e+01
1.915000e-05	3.157452e-02	1.539636e+01
1.916000e-05	3.801679e-02	1.534630e+01
1.917000e-05	4.081280e-02	1.531215e+01
1.918000e-05	3.960527e-02	1.520904e+01
1.919000e-05	4.133328e-02	1.517788e+01
1.920000e-05	4.638978e-02	1.513267e+01
1.921000e-05	5.151493e-02	1.505001e+01
1.922000e-05	4.958942e-02	1.494688e+01
1.923000e-05	5.186280e-02	1.486009e+01
1.924000e-05	5.799157e-02	1.477736e+01
1.925000e-05	6.253570e-02	1.469269e+01
1.926000e-05	6.247713e-02	1.459756e+01
1.927000e-05	6.118129e-02	1.449260e+01
1.928000e-05	6.389653e-02	1.437746e+01
1.929000e-05	6.470232e-02	1.425157e+01
1.930000e-05	6.208823e-02	1.410577e+01
1.931000e-05	5.898038e-02	1.403896e+01
1.932000e-05	5.888569e-02	1.386114e+01
1.933000e-05	5.678651e-02	1.370480e+01
1.934000e-05	5.237607e-02	1.353883e+01
1.935000e-05	4.764321e-02	1.342157e+01
1.936000e-05	4.528012e-02	1.326267e+01
1.937000e-05	4.355405e-02	1.313572e+01
1.938000e-05	4.092023e-02	1.297840e+01
1.939000e-05	3.685637e-02	1.279903e+01
1.940000e-05	3.393451e-02	1.263159e+01
1.941000e-05	3.202770e-02	1.246169e+01
1.942000e-05	2.837627e-02	1.228372e+01
1.943000e-05	2.717218e-02	1.212738e+01
1.944000e-05	2.488340e-02	1.193625e+01
1.945000e-05	2.308250e-02	1.172885e+01
1.946000e-05	2.080738e-02	1.155483e+01
1.947000e-05	1.967976e-02	1.130575e+01
1.948000e-05	1.784593e-02	1.109524e+01
1.949000e-05	1.736131e-02	1.088572e+01
1.950000e-05	1.516725e-02	1.071572e+01
1.951000e-05	1.317020e-02	1.046422e+01
1.952000e-05	1.171018e-02	1.022307e+01
1.953000e-05	1.178963e-02	1.003314e+01
1.954000e-05	1.065281e-02	9.830438e+00
1.955000e-05	8.892507e-03	9.566928e+00
1.956000e-05	8.132651e-03	9.347923e+00
1.957000e-05	8.288183e-03	9.135342e+00
1.958000e-05	6.374164e-03	8.894795e+00
1.959000e-05	4.925240e-03	8.642640e+00
1.960000e-05	5.570648e-03	8.440563e+00
1.961000e-05	5.020653e-03	8.139003e+00
1.962000e-05	4.411507e-03	7.926794e+00
1.963000e-05	2.830898e-03	7.643641e+00
1.964000e-05	2.796287e-03	7.369583e+00
1.965000e-05	2.974298e-03	7.156394e+00
1.966000e-05	2.337821e-03	6.883194e+00
1.967000e-05	1.030204e-03	6.611508e+00
1.968000e-05	2.883660e-04	6.376401e+00
1.969000e-05	1.475085e-03	6.095238e+00
1.970000e-05	1.105929e-03	5.863109e+00
1.971000e-05	2.819974e-04	5.526847e+00
1.972000e-05	-6.400528e-04	5.284743e+00
1.973000e-05	-4.893598e-04	4.977221e+00
1.974000e-05	-3.572916e-04	4.621135e+00
1.975000e-05	-1.201988e-03	4.409954e+00
1.976000e-05	-2.272486e-03	4.074191e+00
1.977000e-05	-1.031174e-03	3.830475e+00
1.978000e-05	-1.575729e-03	3.548895e+00
1.979000e-05	-1.246707e-03	3.253088e+00
1.980000e-05	-2.838576e-03	2.969000e+00
1.981000e-05	-3.308840e-03	2.715315e+00
1.982000e-05	-2.554552e-03	2.391025e+00
1.983000e-05	-2.716392e-03	2.095817e+00
1.984000e-05	-3.764116e-03	1.862636e+00
1.985000e-05	-3.610427e-03	1.548896e+00
1.986000e-05	-3.722718e-03	1.233208e+00
1.987000e-05	-4.148482e-03	9.282397e-01
1.988000e-05	-5.106530e-03	6.326053e-01
1.989000e-05	-4.120279e-03	3.594514e-01
1.990000e-05	-2.149860e-03	7.265527e-02
1.991000e-05	2.519763e-03	-2.200236e-01
1.992000e-05	3.072871e-03	-4.422351e-01
1.993000e-05	-2.497135e-03	-7.778682e-01
1.994000e-05	-3.691640e-03	-1.019477e+00
1.995000e-05	-2.524464e-03	-1.294390e+00
1.996000e-05	-2.485353e-03	-1.596525e+00
1.997000e-05	3.660351e-03	-1.850555e+00
1.998000e-05	3.820837e-02	-2.062584e+00
1.999000e-05	8.534295e-02	-2.334900e+00
2.000000e-05	-6.379787e-02	-2.743767e+00
2.001000e-05	-4.225003e-02	-3.124417e+00
2.002000e-05	-4.681606e-02	-3.421504e+00
2.003000e-05	-1.537061e-02	-3.619549e+00
2.004000e-05	-7.446878e-02	-3.881717e+00
2.005000e-05	1.214284e-01	-4.061635e+00
2.006000e-05	-6.487934e-02	-4.313714e+00
2.007000e-05	1.903865e-02	-4.600027e+00
2.008000e-05	1.164824e-01	-4.839132e+00
2.009000e-05	-1.478482e-01	-5.189051e+00
2.010000e-05	9.118938e-02	-5.532640e+00
2.011000e-05	-1.249781e-01	-5.766418e+00
2.012000e-05	4.742530e-02	-6.081079e+00
2.013000e-05	3.694817e-02	-6.261215e+00
2.014000e-05	-7.393508e-02	-6.588449e+00
2.015000e-05	1.020758e-01	-6.862079e+00
2.016000e-05	-8.763972e-02	-7.113767e+00
2.017000e-05	3.555269e-02	-7.397953e+00
2.018000e-05	-4.785482e-02	-7.642705e+00
2.019000e-05	-1.705451e-02	-7.955301e+00
2.020000e-05	5.647552e-02	-8.208006e+00
2.021000e-05	-7.382330e-02	-8.440081e+00
2.022000e-05	7.750892e-02	-8.731747e+00
2.023000e-05	-7.792088e-02	-8.926267e+00
2.024000e-05	2.952490e-02	-9.196847e+00
2.025000e-05	-3.202841e-02	-9.417424e+00
2.026000e-05	-8.155485e-03	-9.651104e+00
2.027000e-05	1.574905e-02	-9.850058e+00
2.028000e-05	-3.679810e-02	-1.009469e+01
2.029000e-05	3.832673e-02	-1.032267e+01
2.030000e-05	-5.772873e-02	-1.054427e+01
2.031000e-05	2.825920e-02	-1.073535e+01
2.032000e-05	-4.848545e-02	-1.096377e+01
2.033000e-05	1.953881e-02	-1.117488e+01
2.034000e-05	-2.913809e-02	-1.132685e+01
2.035000e-05	3.225803e-03	-1.159753e+01
2.036000e-05	-1.266283e-02	-1.181850e+01
2.037000e-05	-9.985515e-03	-1.201050e+01
2.038000e-05	-7.638583e-03	-1.219748e+01
2.039000e-05	-2.562485e-02	-1.234543e+01
2.040000e-05	2.020870e-03	-1.251538e+01
2.041000e-05	-2.507140e-02	-1.274375e+01
2.042000e-05	3.247307e-03	-1.289321e+01
2.043000e-05	-2.780020e-02	-1.304101e+01
2.044000e-05	2.557439e-03	-1.321803e+01
2.045000e-05	-2.379501e-02	-1.337682e+01
2.046000e-05	-5.623914e-03	-1.353324e+01
2.047000e-05	-2.397573e-02	-1.364914e+01
2.048000e-05	-1.066535e-02	-1.378796e+01
2.049000e-05	-1.501636e-02	-1.394632e+01
2.050000e-05	-1.537035e-02	-1.410066e+01
2.051000e-05	-1.461334e-02	-1.422689e+01
2.052000e-05	-1.686452e-02	-1.435432e+01
2.053000e-05	-1.305697e-02	-1.445106e+01
2.054000e-05	-2.054909e-02	-1.457535e+01
2.055000e-05	-1.532767e-02	-1.466004e+01
2.056000e-05	-2.029242e-02	-1.472537e+01
2.057000e-05	-1.476322e-02	-1.483956e+01
2.058000e-05	-1.938914e-02	-1.489270e+01
2.059000e-05	-1.838174e-02	-1.503806e+01
2.060000e-05	-2.152901e-02	-1.512167e+01
2.061000e-05	-1.891552e-02	-1.513588e+01
2.062000e-05	-2.258552e-02	-1.521904e+01
2.063000e-05	-1.973370e-02	-1.528167e+01
2.064000e-05	-2.204993e-02	-1.531722e+01
2.065000e-05	-1.937740e-02	-1.537736e+01
2.066000e-05	-2.278646e-02	-1.542054e+01
2.067000e-05	-2.492084e-02	-1.545109e+01
2.068000e-05	-2.562501e-02	-1.551374e+01
2.069000e-05	-2.673063e-02	-1.554475e+01
2.070000e-05	-2.441557e-02	-1.555582e+01
2.071000e-05	-2.729007e-02	-1.555635e+01
2.072000e-05	-2.747706e-02	-1.559543e+01
2.073000e-05	-2.966538e-02	-1.558543e+01
2.074000e-05	-2.870769e-02	-1.558588e+01
2.075000e-05	-3.067360e-02	-1.554693e+01
2.076000e-05	-3.362607e-02	-1.558533e+01
2.077000e-05	-3.526552e-02	-1.553380e+01
2.078000e-05	-3.620172e-02	-1.549319e+01
2.079000e-05	-3.769121e-02	-1.550117e+01
2.080000e-05	-4.123229e-02	-1.544912e+01
2.081000e-05	-4.228660e-02	-1.543808e+01
2.082000e-05	-4.121764e-02	-1.534638e+01
2.083000e-05	-4.404104e-02	-1.530379e+01
2.084000e-05	-4.597574e-02	-1.523804e+01
2.085000e-05	-5.000792e-02	-1.518791e+01
2.086000e-05	-5.253948e-02	-1.513330e+01
2.087000e-05	-5.633398e-02	-1.503104e+01
2.088000e-05	-6.124463e-02	-1.494840e+01
2.089000e-05	-6.324368e-02	-1.489320e+01
2.090000e-05	-6.440924e-02	-1.477991e+01
2.091000e-05	-6.535103e-02	-1.471177e+01
2.092000e-05	-6.798499e-02	-1.464903e+01
2.093000e-05	-6.916771e-02	-1.452419e+01
2.094000e-05	-7.009852e-02	-1.436901e+01
2.095000e-05	-6.976382e-02	-1.428201e+01
2.096000e-05	-7.074913e-02	-1.414635e+01
2.097000e-05	-6.939923e-02	-1.400954e+01
2.098000e-05	-6.481549e-02	-1.385064e+01
2.099000e-05	-6.055153e-02	-1.373634e+01
2.100000e-05	-5.804171e-02	-1.357891e+01
2.101000e-05	-5.590753e-02	-1.346007e+01
2.102000e-05	-5.295119e-02	-1.326462e+01
2.103000e-05	-4.834027e-02	-1.312528e+01
2.104000e-05	-4.847316e-02	-1.296853e+01
2.105000e-05	-4.562299e-02	-1.284101e+01
2.106000e-05	-4.193239e-02	-1.268406e+01
2.107000e-05	-3.830325e-02	-1.247322e+01
2.108000e-05	-3.602144e-02	-1.229474e+01
2.109000e-05	-3.484612e-02	-1.215638e+01
2.110000e-05	-3.255955e-02	-1.195683e+01
2.111000e-05	-2.950821e-02	-1.175728e+01
2.112000e-05	-2.836959e-02	-1.153522e+01
2.113000e-05	-2.766208e-02	-1.129427e+01
2.114000e-05	-2.638820e-02	-1.105360e+01
2.115000e-05	-2.392338e-02	-1.087367e+01
2.116000e-05	-2.267213e-02	-1.070467e+01
2.117000e-05	-2.210865e-02	-1.043122e+01
2.118000e-05	-1.989304e-02	-1.028151e+01
2.119000e-05	-1.879325e-02	-1.000103e+01
2.120000e-05	-1.785064e-02	-9.770505e+00
2.121000e-05	-1.877563e-02	-9.558435e+00
2.122000e-05	-1.761882e-02	-9.328352e+00
2.123000e-05	-1.491724e-02	-9.114768e+00
2.124000e-05	-1.496646e-02	-8.875693e+00
2.125000e-05	-1.535191e-02	-8.653163e+00
2.126000e-05	-1.345892e-02	-8.420507e+00
2.127000e-05	-1.170352e-02	-8.178953e+00
2.128000e-05	-1.221867e-02	-7.885822e+00
2.129000e-05	-1.333251e-02	-7.611140e+00
2.130000e-05	-1.187607e-02	-7.388451e+00
2.131000e-05	-9.755073e-03	-7.104920e+00
2.132000e-05	-1.057012e-02	-6.832561e+00
2.133000e-05	-1.201170e-02	-6.599456e+00
2.134000e-05	-1.121453e-02	-6.358924e+00
2.135000e-05	-7.558334e-03	-6.052087e+00
2.136000e-05	-9.427774e-03	-5.790978e+00
2.137000e-05	-9.217375e-03	-5.517846e+00
2.138000e-05	-1.126474e-02	-5.210482e+00
2.139000e-05	-7.329825e-03	-4.927290e+00
2.140000e-05	-8.027733e-03	-4.579504e+00
2.141000e-05	-7.246872e-03	-4.367871e+00
2.142000e-05	-9.164274e-03	-4.085736e+00
2.143000e-05	-6.116867e-03	-3.810558e+00
2.144000e-05	-7.939337e-03	-3.556846e+00
2.145000e-05	-7.336453e-03	-3.272641e+00
2.146000e-05	-9.857737e-03	-2.909999e+00
2.147000e-05	-5.336668e-03	-2.684738e+00
2.148000e-05	-5.357183e-03	-2.420507e+00
2.149000e-05	-4.357419e-03	-2.085366e+00
2.150000e-05	-6.745682e-03	-1.812633e+00
2.151000e-05	-4.915746e-03	-1.568425e+00
2.152000e-05	-6.176320e-03	-1.222659e+00
2.153000e-05	-5.204514e-03	-9.167859e-01
2.154000e-05	-6.358040e-03	-6.210091e-01
2.155000e-05	-3.501489e-03	-3.483422e-01
2.156000e-05	-4.754036e-04	-7.618564e-02
2.157000e-05	8.637323e-03	2.280261e-01
2.158000e-05	-8.350910e-04	5.237816e-01
2.159000e-05	1.649492e-03	7.358459e-01
2.160000e-05	-1.072295e-03	1.039008e+00
2.161000e-05	1.719156e-03	1.344814e+00
2.162000e-05	-4.523740e-04	1.649024e+00
2.163000e-05	5.887413e-03	1.883737e+00
2.164000e-05	2.386537e-02	2.103712e+00
2.165000e-05	8.151885e-02	2.369947e+00
2.166000e-05	-9.420371e-03	2.766446e+00
2.167000e-05	-5.545207e-02	3.081609e+00
2.168000e-05	-4.456011e-02	3.374866e+00
2.169000e-05	-7.178143e-04	3.629553e+00
2.170000e-05	-2.833811e-02	3.869557e+00
2.171000e-05	-4.855852e-02	4.051203e+00
2.172000e-05	8.247182e-02	4.315445e+00
2.173000e-05	-1.929339e-02	4.627530e+00
2.174000e-05	4.955934e-02	4.863182e+00
2.175000e-05	4.681232e-02	5.197955e+00
2.176000e-05	-8.765529e-02	5.524293e+00
2.177000e-05	4.665420e-02	5.807395e+00
2.178000e-05	-2.311408e-02	6.040532e+00
2.179000e-05	2.576016e-02	6.291164e+00
2.180000e-05	-1.145337e-02	6.607401e+00
2.181000e-05	-1.366462e-02	6.869587e+00
2.182000e-05	6.581173e-02	7.104289e+00
2.183000e-05	-2.578547e-02	7.437426e+00
2.184000e-05	-6.044962e-03	7.680612e+00
2.185000e-05	-3.429616e-02	7.963897e+00
2.186000e-05	5.064222e-02	8.249458e+00
2.187000e-05	1.987785e-02	8.470608e+00
2.188000e-05	-3.345447e-02	8.671588e+00
2.189000e-05	2.542037e-02	8.933267e+00
2.190000e-05	-6.368852e-03	9.134322e+00
2.191000e-05	2.942406e-02	9.365928e+00
2.192000e-05	-2.498963e-02	9.607950e+00
2.193000e-05	7.988836e-03	9.860138e+00
2.194000e-05	1.321471e-02	1.005461e+01
2.195000e-05	2.315579e-02	1.029214e+01
2.196000e-05	5.325062e-03	1.052230e+01
2.197000e-05	-2.113180e-02	1.073367e+01
2.198000e-05	2.183702e-02	1.092685e+01
2.199000e-05	5.783030e-03	1.115269e+01
2.200000e-05	1.435165e-02	1.136585e+01
2.201000e-05	-1.426050e-02	1.157633e+01
2.202000e-05	2.231624e-02	1.177838e+01
2.203000e-05	1.388085e-02	1.196745e+01
2.204000e-05	1.158944e-02	1.216598e+01
2.205000e-05	-7.463326e-03	1.237490e+01
2.206000e-05	5.560692e-03	1.253235e+01
2.207000e-05	2.094781e-02	1.270256e+01
2.208000e-05	7.101327e-03	1.286209e+01
2.209000e-05	5.518900e-03	1.302896e+01
2.210000e-05	2.793932e-03	1.316592e+01
2.211000e-05	2.470423e-02	1.331425e+01
2.212000e-05	7.820756e-03	1.349316e+01
2.213000e-05	3.855919e-03	1.358856e+01
2.214000e-05	2.367037e-03	1.378640e+01
2.215000e-05	1.913300e-02	1.390277e+01
2.216000e-05	1.441067e-02	1.404961e+01
2.217000e-05	5.127518e-03	1.422695e+01
2.218000e-05	8.895742e-03	1.433237e+01
2.219000e-05	1.615081e-02	1.443157e+01
2.220000e-05	1.789696e-02	1.455525e+01
2.221000e-05	6.340202e-03	1.461109e+01
2.222000e-05	8.428048e-03	1.475378e+01
2.223000e-05	1.566718e-02	1.480961e+01
2.224000e-05	2.022488e-02	1.489277e+01
2.225000e-05	1.286707e-02	1.496735e+01
2.226000e-05	8.036963e-03	1.508009e+01
2.227000e-05	1.565990e-02	1.513470e+01
2.228000e-05	1.939372e-02	1.522600e+01
2.229000e-05	1.659988e-02	1.525959e+01
2.230000e-05	1.006191e-02	1.532372e+01
2.231000e-05	1.849192e-02	1.534478e+01
2.232000e-05	2.125653e-02	1.540748e+01
2.233000e-05	1.985367e-02	1.545909e+01
2.234000e-05	1.314460e-02	1.547461e+01
2.235000e-05	1.814621e-02	1.553320e+01
2.236000e-05	2.487267e-02	1.551372e+01
2.237000e-05	2.350530e-02	1.552522e+01
2.238000e-05	1.901020e-02	1.553475e+01
2.239000e-05	1.999418e-02	1.556428e+01
2.240000e-05	2.770855e-02	1.553528e+01
2.241000e-05	2.728690e-02	1.555577e+01
2.242000e-05	2.507654e-02	1.554325e+01
2.243000e-05	2.610551e-02	1.553367e+01
2.244000e-05	3.432183e-02	1.549217e+01
2.245000e-05	3.468943e-02	1.547109e+01
2.246000e-05	3.084647e-02	1.542901e+01
2.247000e-05	3.207717e-02	1.538793e+01
2.248000e-05	3.856059e-02	1.535375e+01
2.249000e-05	4.221323e-02	1.525012e+01
2.250000e-05	3.975539e-02	1.519801e+01
2.251000e-05	4.082837e-02	1.515528e+01
2.252000e-05	4.768419e-02	1.507157e+01
2.253000e-05	5.306097e-02	1.501739e+01
2.254000e-05	5.227090e-02	1.492322e+01
2.255000e-05	5.280128e-02	1.480949e+01
2.256000e-05	5.920140e-02	1.473383e+01
2.257000e-05	6.398834e-02	1.465104e+01
2.258000e-05	6.258124e-02	1.455530e+01
2.259000e-05	6.146070e-02	1.446162e+01
2.260000e-05	6.347146e-02	1.434585e+01
2.261000e-05	6.518904e-02	1.420849e+01
2.262000e-05	6.168403e-02	1.405262e+01
2.263000e-05	5.822182e-02	1.392592e+01
2.264000e-05	5.636974e-02	1.385996e+01
2.265000e-05	5.660409e-02	1.363362e+01
2.266000e-05	5.141510e-02	1.353427e+01
2.267000e-05	4.614820e-02	1.337743e+01
2.268000e-05	4.306827e-02	1.322149e+01
2.269000e-05	4.387872e-02	1.306166e+01
2.270000e-05	3.868049e-02	1.290578e+01
2.271000e-05	3.568969e-02	1.274635e+01
2.272000e-05	3.329187e-02	1.258788e+01
2.273000e-05	3.283057e-02	1.241006e+01
2.274000e-05	2.818174e-02	1.224161e+01
2.275000e-05	2.499340e-02	1.202311e+01
2.276000e-05	2.371193e-02	1.190314e+01
2.277000e-05	2.297188e-02	1.166111e+01
2.278000e-05	2.129054e-02	1.141106e+01
2.279000e-05	1.754995e-02	1.124201e+01
2.280000e-05	1.635445e-02	1.103106e+01
2.281000e-05	1.606333e-02	1.084109e+01
2.282000e-05	1.495609e-02	1.062056e+01
2.283000e-05	1.211929e-02	1.037996e+01
2.284000e-05	1.090608e-02	1.016691e+01
2.285000e-05	1.176946e-02	9.987924e+00
2.286000e-05	1.025976e-02	9.717203e+00
2.287000e-05	8.944991e-03	9.493240e+00
2.288000e-05	6.994679e-03	9.253689e+00
2.289000e-05	7.426178e-03	9.062084e+00
2.290000e-05	6.348572e-03	8.798977e+00
2.291000e-05	5.800615e-03	8.549449e+00
2.292000e-05	4.537127e-03	8.357866e+00
2.293000e-05	4.729314e-03	8.074699e+00
2.294000e-05	4.405531e-03	7.850511e+00
2.295000e-05	3.165609e-03	7.587000e+00
2.296000e-05	2.742548e-03	7.245141e+00
2.297000e-05	1.494233e-03	7.021059e+00
2.298000e-05	2.910004e-03	6.819932e+00
2.299000e-05	1.387410e-03	6.473222e+00
2.300000e-05	1.986965e-03	6.232561e+00
2.301000e-05	-6.583476e-05	6.010485e+00
2.302000e-05	2.739228e-05	5.716270e+00
2.303000e-05	-3.166656e-04	5.482612e+00
2.304000e-05	1.023504e-04	5.167399e+00
2.305000e-05	1.154289e-04	4.790040e+00
2.306000e-05	-8.311318e-04	4.538775e+00
2.307000e-05	-9.792139e-04	4.302714e+00
2.308000e-05	-1.480654e-03	3.968426e+00
2.309000e-05	-2.153238e-03	3.697292e+00
2.310000e-05	-1.737214e-03	3.414057e+00
2.311000e-05	-2.947285e-03	3.126891e+00
2.312000e-05	-3.050550e-03	2.864687e+00
2.313000e-05	-2.726359e-03	2.591001e+00
2.314000e-05	-3.481355e-03	2.236715e+00
2.315000e-05	-3.709207e-03	2.023581e+00
2.316000e-05	-3.858198e-03	1.749795e+00
2.317000e-05	-3.253687e-03	1.432132e+00
2.318000e-05	-3.217026e-03	1.154374e+00
2.319000e-05	-3.455733e-03	8.315013e-01
2.320000e-05	-5.932550e-03	5.273161e-01
2.321000e-05	-3.439599e-03	2.836333e-01
2.322000e-05	-1.113837e-03	-8.213395e-02
2.323000e-05	6.540609e-03	-3.147656e-01
2.324000e-05	-3.420185e-03	-5.984181e-01
2.325000e-05	3.430432e-04	-8.516338e-01
2.326000e-05	-4.988513e-03	-1.154737e+00
2.327000e-05	-4.162637e-04	-1.479481e+00
2.328000e-05	-5.272806e-03	-1.694209e+00
2.329000e-05	1.318151e-02	-1.915736e+00
2.330000e-05	7.322178e-02	-2.136446e+00
2.331000e-05	3.016871e-02	-2.483762e+00
2.332000e-05	-6.872846e-02	-2.903238e+00
2.333000e-05	-3.930748e-02	-3.241555e+00
2.334000e-05	-2.768160e-02	-3.473213e+00
2.335000e-05	-3.536722e-02	-3.775867e+00
2.336000e-05	-2.352268e-02	-3.986896e+00
2.337000e-05	1.190649e-01	-4.145240e+00
2.338000e-05	-1.394592e-01	-4.449601e+00
2.339000e-05	1.376314e-01	-4.722767e+00
2.340000e-05	-3.128252e-02	-4.966920e+00
2.341000e-05	-6.269683e-02	-5.314746e+00
2.342000e-05	5.636723e-02	-5.556526e+00
2.343000e-05	-1.414758e-01	-5.922162e+00
2.344000e-05	1.252085e-01	-6.122816e+00
2.345000e-05	-6.922398e-02	-6.378873e+00
2.346000e-05	1.697766e-02	-6.692243e+00
2.347000e-05	4.489143e-02	-6.926371e+00
2.348000e-05	-7.606985e-02	-7.219558e+00
2.349000e-05	5.440826e-02	-7.511743e+00
2.350000e-05	-9.686053e-02	-7.755952e+00
2.351000e-05	5.724418e-02	-8.061110e+00
2.352000e-05	-1.960858e-02	-8.291166e+00
2.353000e-05	-1.409967e-02	-8.546298e+00
2.354000e-05	4.422741e-02	-8.779347e+00
2.355000e-05	-7.819974e-02	-9.009056e+00
2.356000e-05	5.458341e-02	-9.281089e+00
2.357000e-05	-7.567643e-02	-9.471669e+00
2.358000e-05	4.424302e-02	-9.754769e+00
2.359000e-05	-3.877896e-02	-9.924871e+00
2.360000e-05	1.652764e-02	-1.020750e+01
2.361000e-05	-7.558489e-03	-1.041745e+01
2.362000e-05	-2.677333e-02	-1.061851e+01
2.363000e-05	8.243456e-03	-1.081745e+01
2.364000e-05	-4.065962e-02	-1.105851e+01
2.365000e-05	2.296792e-02	-1.126063e+01
2.366000e-05	-3.979642e-02	-1.146909e+01
2.367000e-05	2.446348e-02	-1.170106e+01
2.368000e-05	-3.526784e-02	-1.185057e+01
2.369000e-05	1.009152e-02	-1.205217e+01
2.370000e-05	-3.458355e-02	-1.227009e+01
2.371000e-05	-1.879576e-03	-1.245953e+01
2.372000e-05	-1.625514e-02	-1.257901e+01
2.373000e-05	-6.528912e-03	-1.276735e+01
2.374000e-05	-9.067378e-03	-1.294485e+01
2.375000e-05	-1.702714e-02	-1.309330e+01
2.376000e-05	-5.377738e-03	-1.327049e+01
2.377000e-05	-2.572919e-02	-1.344848e+01
2.378000e-05	-8.094506e-03	-1.356531e+01
2.379000e-05	-2.512878e-02	-1.370277e+01
2.380000e-05	-2.772314e-03	-1.387011e+01
2.381000e-05	-1.950288e-02	-1.398643e+01
2.382000e-05	-7.216413e-03	-1.412227e+01
2.383000e-05	-2.205129e-02	-1.427009e+01
2.384000e-05	-1.340727e-02	-1.441586e+01
2.385000e-05	-2.051222e-02	-1.446264e+01
2.386000e-05	-1.724544e-02	-1.459798e+01
2.387000e-05	-1.860767e-02	-1.469121e+01
2.388000e-05	-1.556339e-02	-1.475693e+01
2.389000e-05	-1.496629e-02	-1.486157e+01
2.390000e-05	-1.759287e-02	-1.495446e+01
2.391000e-05	-1.982011e-02	-1.503906e+01
2.392000e-05	-2.133592e-02	-1.514325e+01
2.393000e-05	-2.023337e-02	-1.517645e+01
2.394000e-05	-2.325331e-02	-1.523907e+01
2.395000e-05	-2.111589e-02	-1.527220e+01
2.396000e-05	-2.343896e-02	-1.534438e+01
2.397000e-05	-1.854505e-02	-1.542899e+01
2.398000e-05	-2.430540e-02	-1.543963e+01
2.399000e-05	-2.295099e-02	-1.549166e+01
2.400000e-05	-2.621758e-02	-1.553479e+01
2.401000e-05	-2.412238e-02	-1.556285e+01
2.402000e-05	-2.635130e-02	-1.553478e+01
2.403000e-05	-2.945228e-02	-1.556696e+01
2.404000e-05	-2.825223e-02	-1.558643e+01
2.405000e-05	-2.922697e-02	-1.557741e+01
2.406000e-05	-2.966613e-02	-1.555583e+01
2.407000e-05	-3.235341e-02	-1.556630e+01
2.408000e-05	-3.281615e-02	-1.553383e+01
2.409000e-05	-3.405879e-02	-1.553330e+01
2.410000e-05	-3.643170e-02	-1.550225e+01
2.411000e-05	-3.911653e-02	-1.546157e+01
2.412000e-05	-4.209486e-02	-1.547958e+01
2.413000e-05	-4.211727e-02	-1.537893e+01
2.414000e-05	-4.354485e-02	-1.533580e+01
2.415000e-05	-4.524528e-02	-1.529369e+01
2.416000e-05	-4.832288e-02	-1.521004e+01
2.417000e-05	-4.935105e-02	-1.515628e+01
2.418000e-05	-5.268215e-02	-1.510372e+01
2.419000e-05	-5.665744e-02	-1.499999e+01
2.420000e-05	-6.164072e-02	-1.492628e+01
2.421000e-05	-6.438094e-02	-1.482212e+01
2.422000e-05	-6.522822e-02	-1.477690e+01
2.423000e-05	-6.659024e-02	-1.463317e+01
2.424000e-05	-6.935838e-02	-1.454693e+01
2.425000e-05	-7.099115e-02	-1.448159e+01
2.426000e-05	-6.987685e-02	-1.435630e+01
2.427000e-05	-6.890549e-02	-1.423901e+01
2.428000e-05	-6.857718e-02	-1.409373e+01
2.429000e-05	-6.816027e-02	-1.397536e+01
2.430000e-05	-6.454501e-02	-1.380902e+01
2.431000e-05	-5.966669e-02	-1.368262e+01
2.432000e-05	-5.854847e-02	-1.352432e+01
2.433000e-05	-5.622020e-02	-1.336848e+01
2.434000e-05	-5.266051e-02	-1.326054e+01
2.435000e-05	-4.694257e-02	-1.310310e+01
2.436000e-05	-4.520412e-02	-1.294482e+01
2.437000e-05	-4.358547e-02	-1.275738e+01
2.438000e-05	-4.073672e-02	-1.263046e+01
2.439000e-05	-3.769373e-02	-1.244214e+01
2.440000e-05	-3.620301e-02	-1.228164e+01
2.441000e-05	-3.525508e-02	-1.207362e+01
2.442000e-05	-3.355286e-02	-1.188314e+01
2.443000e-05	-2.878910e-02	-1.166259e+01
2.444000e-05	-2.763760e-02	-1.142159e+01
2.445000e-05	-2.689919e-02	-1.121058e+01
2.446000e-05	-2.509107e-02	-1.096899e+01
2.447000e-05	-2.269846e-02	-1.082996e+01
2.448000e-05	-2.230032e-02	-1.062146e+01
2.449000e-05	-2.262202e-02	-1.035848e+01
2.450000e-05	-2.062379e-02	-1.014748e+01
2.451000e-05	-1.804998e-02	-9.914796e+00
2.452000e-05	-1.841687e-02	-9.744321e+00
2.453000e-05	-1.794681e-02	-9.485797e+00
2.454000e-05	-1.705609e-02	-9.272097e+00
2.455000e-05	-1.330635e-02	-9.061107e+00
2.456000e-05	-1.547584e-02	-8.821608e+00
2.457000e-05	-1.468262e-02	-8.548857e+00
2.458000e-05	-1.425124e-02	-8.325221e+00
2.459000e-05	-1.209578e-02	-8.115213e+00
2.460000e-05	-1.174555e-02	-7.792609e+00
2.461000e-05	-1.427220e-02	-7.526400e+00
2.462000e-05	-9.694813e-03	-7.273661e+00
2.463000e-05	-1.100152e-02	-6.979461e+00
2.464000e-05	-8.035939e-03	-6.737346e+00
2.465000e-05	-1.317514e-02	-6.504318e+00
2.466000e-05	-9.061139e-03	-6.232058e+00
2.467000e-05	-1.206827e-02	-5.947372e+00
2.468000e-05	-7.157023e-03	-5.705293e+00
2.469000e-05	-1.169733e-02	-5.388430e+00
2.470000e-05	-7.764552e-03	-5.106296e+00
2.471000e-05	-7.985879e-03	-4.770025e+00
2.472000e-05	-5.755008e-03	-4.465316e+00
2.473000e-05	-8.297916e-03	-4.253715e+00
2.474000e-05	-9.418317e-03	-4.001002e+00
2.475000e-05	-8.560232e-03	-3.685716e+00
2.476000e-05	-8.277157e-03	-3.452709e+00
2.477000e-05	-7.067602e-03	-3.189900e+00
2.478000e-05	-7.341464e-03	-2.874085e+00
2.479000e-05	-3.955939e-03	-2.589999e+00
2.480000e-05	-4.421289e-03	-2.307818e+00
2.481000e-05	-3.931349e-03	-2.001024e+00
2.482000e-05	-8.616525e-03	-1.687842e+00
2.483000e-05	-6.301026e-03	-1.392554e+00
2.484000e-05	-6.470365e-03	-1.075786e+00
2.485000e-05	-5.071884e-03	-8.221304e-01
2.486000e-05	-5.874914e-03	-4.883223e-01
2.487000e-05	-2.332664e-03	-2.446829e-01
2.488000e-05	1.524092e-03	3.365264e-02
2.489000e-05	9.915232e-03	3.252659e-01
2.490000e-05	-2.272808e-03	5.779435e-01
2.491000e-05	1.214900e-03	8.095304e-01
2.492000e-05	-1.959837e-03	1.137842e+00
2.493000e-05	1.777379e-03	1.408974e+00
2.494000e-05	-1.426670e-03	1.754843e+00
2.495000e-05	1.043363e-02	1.978417e+00
2.496000e-05	4.091748e-02	2.209550e+00
2.497000e-05	7.465090e-02	2.567814e+00
2.498000e-05	-4.909407e-02	2.903135e+00
2.499000e-05	-5.192556e-02	3.146995e+00
2.500000e-05	-3.300251e-02	3.450615e+00
2.501000e-05	6.863080e-03	3.703292e+00
2.502000e-05	-4.690810e-02	3.994739e+00
2.503000e-05	-1.724587e-02	4.135868e+00
2.504000e-05	9.432389e-02	4.440057e+00
2.505000e-05	-6.050188e-02	4.725220e+00
2.506000e-05	1.197096e-01	5.007870e+00
2.507000e-05	-4.877661e-02	5.336873e+00
2.508000e-05	-3.177314e-02	5.610125e+00
2.509000e-05	3.871185e-02	5.881167e+00
2.510000e-05	-3.174688e-02	6.147847e+00
2.511000e-05	4.161878e-02	6.398399e+00
2.512000e-05	-4.682600e-02	6.671718e+00
2.513000e-05	3.890737e-02	6.955870e+00
2.514000e-05	2.717802e-02	7.208951e+00
2.515000e-05	-1.785498e-02	7.493347e+00
2.516000e-05	-1.689326e-02	7.788451e+00
2.517000e-05	-9.465498e-03	8.081664e+00
2.518000e-05	5.622500e-02	8.313765e+00
2.519000e-05	-1.317951e-02	8.544319e+00
2.520000e-05	-9.370638e-03	8.727401e+00
2.521000e-05	1.962341e-02	9.018455e+00
2.522000e-05	1.480563e-03	9.220008e+00
2.523000e-05	1.823526e-02	9.461063e+00
2.524000e-05	-2.590531e-02	9.714263e+00
2.525000e-05	1.726085e-02	9.964271e+00
2.526000e-05	1.328923e-02	1.017837e+01
2.527000e-05	2.259364e-02	1.036543e+01
2.528000e-05	-9.462746e-03	1.061943e+01
2.529000e-05	-8.236187e-03	1.086999e+01
2.530000e-05	2.229084e-02	1.104848e+01
2.531000e-05	4.464340e-03	1.120901e+01
2.532000e-05	6.486564e-03	1.144702e+01
2.533000e-05	-7.192412e-03	1.161906e+01
2.534000e-05	2.653729e-02	1.188111e+01
2.535000e-05	1.140822e-02	1.205109e+01
2.536000e-05	4.236572e-03	1.223996e+01
2.537000e-05	-5.758085e-03	1.240643e+01
2.538000e-05	1.206970e-02	1.258691e+01
2.539000e-05	1.971998e-02	1.275433e+01
2.540000e-05	3.870465e-03	1.289222e+01
2.541000e-05	3.915697e-03	1.309217e+01
2.542000e-05	1.127255e-02	1.323946e+01
2.543000e-05	2.260848e-02	1.339790e+01
2.544000e-05	4.819921e-03	1.351372e+01
2.545000e-05	4.077446e-05	1.370119e+01
2.546000e-05	9.576146e-03	1.383754e+01
2.547000e-05	1.931001e-02	1.395633e+01
2.548000e-05	1.374297e-02	1.407327e+01
2.549000e-05	3.651427e-03	1.427146e+01
2.550000e-05	1.339241e-02	1.440688e+01
2.551000e-05	1.730587e-02	1.446120e+01
2.552000e-05	1.292093e-02	1.458733e+01
2.553000e-05	4.258856e-03	1.467367e+01
2.554000e-05	1.189126e-02	1.476636e+01
2.555000e-05	1.960527e-02	1.482106e+01
2.556000e-05	1.605437e-02	1.490682e+01
2.557000e-05	1.110304e-02	1.501846e+01
2.558000e-05	1.027806e-02	1.510262e+01
2.559000e-05	1.959117e-02	1.515635e+01
2.560000e-05	1.650157e-02	1.521896e+01
2.561000e-05	1.221892e-02	1.526162e+01
2.562000e-05	1.327497e-02	1.531322e+01
2.563000e-05	2.062554e-02	1.539583e+01
2.564000e-05	2.155912e-02	1.541904e+01
2.565000e-05	1.511167e-02	1.547162e+01
2.566000e-05	1.659223e-02	1.551209e+01
2.567000e-05	2.188609e-02	1.552424e+01
2.568000e-05	2.434508e-02	1.553420e+01
2.569000e-05	1.935309e-02	1.552480e+01
2.570000e-05	2.004759e-02	1.552578e+01
2.571000e-05	2.412126e-02	1.557380e+01
2.572000e-05	2.715510e-02	1.554530e+01
2.573000e-05	2.489387e-02	1.553283e+01
2.574000e-05	2.423994e-02	1.550470e+01
2.575000e-05	3.109071e-02	1.551115e+01
2.576000e-05	3.339395e-02	1.547159e+01
2.577000e-05	3.325520e-02	1.547956e+01
2.578000e-05	3.158304e-02	1.537793e+01
2.579000e-05	3.579247e-02	1.537535e+01
2.580000e-05	4.009715e-02	1.532272e+01
2.581000e-05	3.921193e-02	1.523057e+01
2.582000e-05	3.982462e-02	1.518688e+01
2.583000e-05	4.463810e-02	1.511620e+01
2.584000e-05	5.034216e-02	1.508066e+01
2.585000e-05	5.146758e-02	1.495743e+01
2.586000e-05	5.271625e-02	1.489217e+01
2.587000e-05	5.723074e-02	1.477893e+01
2.588000e-05	6.224600e-02	1.471420e+01
2.589000e-05	6.293032e-02	1.461049e+01
2.590000e-05	6.152056e-02	1.453485e+01
2.591000e-05	6.295456e-02	1.442797e+01
2.592000e-05	6.343814e-02	1.426269e+01
2.593000e-05	6.431857e-02	1.412739e+01
2.594000e-05	5.931638e-02	1.402144e+01
2.595000e-05	6.032078e-02	1.392470e+01
2.596000e-05	5.626975e-02	1.376785e+01
2.597000e-05	5.532217e-02	1.361194e+01
2.598000e-05	4.795425e-02	1.349161e+01
2.599000e-05	4.640389e-02	1.330527e+01
2.600000e-05	4.355232e-02	1.318735e+01
2.601000e-05	4.248690e-02	1.298901e+01
2.602000e-05	3.718153e-02	1.287207e+01
2.603000e-05	3.483627e-02	1.269270e+01
2.604000e-05	3.230228e-02	1.254475e+01
2.605000e-05	2.982030e-02	1.234883e+01
2.606000e-05	2.618407e-02	1.219938e+01
2.607000e-05	2.561584e-02	1.198843e+01
2.608000e-05	2.331211e-02	1.179050e+01
2.609000e-05	2.356711e-02	1.158891e+01
2.610000e-05	1.897844e-02	1.139848e+01
2.611000e-05	1.774985e-02	1.114528e+01
2.612000e-05	1.519681e-02	1.094833e+01
2.613000e-05	1.534099e-02	1.074747e+01
2.614000e-05	1.235164e-02	1.062838e+01
2.615000e-05	1.366947e-02	1.033527e+01
2.616000e-05	1.258381e-02	1.008627e+01
2.617000e-05	1.181627e-02	9.874166e+00
2.618000e-05	9.525935e-03	9.601539e+00
2.619000e-05	6.984098e-03	9.430558e+00
2.620000e-05	7.690547e-03	9.199406e+00
2.621000e-05	6.072237e-03	8.989853e+00
2.622000e-05	5.838651e-03	8.705319e+00
2.623000e-05	4.693841e-03	8.474195e+00
2.624000e-05	6.436420e-03	8.241612e+00
2.625000e-05	4.239419e-03	7.999028e+00
2.626000e-05	4.847098e-03	7.776821e+00
2.627000e-05	1.649291e-03	7.464711e+00
2.628000e-05	2.494555e-03	7.239459e+00
2.629000e-05	1.852617e-03	6.907352e+00
2.630000e-05	1.840934e-03	6.704216e+00
2.631000e-05	1.246701e-03	6.409557e+00
2.632000e-05	1.510397e-03	6.188925e+00
2.633000e-05	1.490025e-03	5.905416e+00
2.634000e-05	3.677405e-04	5.611557e+00
2.635000e-05	-6.051779e-04	5.358398e+00
2.636000e-05	-1.188268e-03	4.982159e+00
2.637000e-05	-5.461823e-04	4.697345e+00
2.638000e-05	-1.927672e-03	4.464186e+00
2.639000e-05	-5.575640e-04	4.159449e+00
2.640000e-05	-9.132173e-04	3.903762e+00
2.641000e-05	-2.480897e-03	3.622133e+00
2.642000e-05	-3.876050e-03	3.298373e+00
2.643000e-05	-1.934544e-03	3.033034e+00
2.644000e-05	-2.011646e-03	2.811979e+00
2.645000e-05	-3.482341e-03	2.464665e+00
2.646000e-05	-4.622402e-03	2.190374e+00
2.647000e-05	-3.275899e-03	1.927366e+00
2.648000e-05	-1.918342e-03	1.663204e+00
2.649000e-05	-3.021887e-03	1.346295e+00
2.650000e-05	-5.154611e-03	1.000404e+00
2.651000e-05	-4.479836e-03	7.257909e-01
2.652000e-05	-2.634406e-03	4.636079e-01
2.653000e-05	-2.907128e-03	1.495036e-01
2.654000e-05	-2.619697e-03	-1.538155e-01
2.655000e-05	6.243356e-03	-3.874236e-01
2.656000e-05	-2.817366e-03	-6.922114e-01
2.657000e-05	2.408213e-04	-9.558133e-01
2.658000e-05	-5.451017e-03	-1.228479e+00
2.659000e-05	-1.712282e-03	-1.485320e+00
2.660000e-05	-4.059391e-04	-1.747394e+00
2.661000e-05	2.445901e-02	-1.968475e+00
2.662000e-05	9.733025e-02	-2.232163e+00
2.663000e-05	-3.548711e-02	-2.679525e+00
2.664000e-05	-5.324499e-02	-3.059032e+00
2.665000e-05	-4.731108e-02	-3.346372e+00
2.666000e-05	-1.460560e-02	-3.576927e+00
2.667000e-05	-6.964528e-02	-3.829634e+00
2.668000e-05	6.863457e-02	-4.032104e+00
2.669000e-05	2.992485e-02	-4.240054e+00
2.670000e-05	-8.487374e-02	-4.554763e+00
2.671000e-05	1.705735e-01	-4.808423e+00
2.672000e-05	-1.346790e-01	-5.101115e+00
2.673000e-05	4.934814e-02	-5.429984e+00
2.674000e-05	-4.914163e-02	-5.662110e+00
2.675000e-05	-4.921531e-02	-5.997450e+00
2.676000e-05	1.057917e-01	-6.217480e+00
2.677000e-05	-1.047525e-01	-6.491663e+00
2.678000e-05	9.229349e-02	-6.786902e+00
2.679000e-05	-4.357175e-02	-7.019059e+00
2.680000e-05	-1.136009e-02	-7.324323e+00
2.681000e-05	1.020285e-02	-7.606975e+00
2.682000e-05	-7.385712e-02	-7.902214e+00
2.683000e-05	8.223622e-02	-8.115369e+00
2.684000e-05	-7.722362e-02	-8.375972e+00
2.685000e-05	5.429530e-02	-8.639090e+00
2.686000e-05	-3.169295e-02	-8.882059e+00
2.687000e-05	-1.956696e-02	-9.104746e+00
2.688000e-05	1.731616e-02	-9.354370e+00
2.689000e-05	-5.381142e-02	-9.575326e+00
2.690000e-05	4.620285e-02	-9.837454e+00
2.691000e-05	-5.753226e-02	-1.006850e+01
2.692000e-05	4.791887e-02	-1.025062e+01
2.693000e-05	-5.048740e-02	-1.045311e+01
2.694000e-05	1.547276e-02	-1.068219e+01
2.695000e-05	-3.088855e-02	-1.090264e+01
2.696000e-05	-5.689076e-03	-1.110222e+01
2.697000e-05	-6.250225e-03	-1.126175e+01
2.698000e-05	-1.885915e-02	-1.155287e+01
2.699000e-05	8.168340e-03	-1.174537e+01
2.700000e-05	-2.580610e-02	-1.194142e+01
2.701000e-05	7.774689e-03	-1.215480e+01
2.702000e-05	-3.604665e-02	-1.231427e+01
2.703000e-05	5.640402e-03	-1.247375e+01
2.704000e-05	-2.904450e-02	-1.266012e+01
2.705000e-05	2.291251e-03	-1.286959e+01
2.706000e-05	-2.401867e-02	-1.302743e+01
2.707000e-05	-2.901935e-03	-1.315442e+01
2.708000e-05	-1.578443e-02	-1.330522e+01
2.709000e-05	-1.295290e-02	-1.349062e+01
2.710000e-05	-1.601680e-02	-1.360801e+01
2.711000e-05	-1.920946e-02	-1.375490e+01
2.712000e-05	-9.617124e-03	-1.390216e+01
2.713000e-05	-2.018328e-02	-1.399963e+01
2.714000e-05	-9.604432e-03	-1.418690e+01
2.715000e-05	-1.957627e-02	-1.432060e+01
2.716000e-05	-1.096604e-02	-1.439841e+01
2.717000e-05	-2.177500e-02	-1.450427e+01
2.718000e-05	-1.579072e-02	-1.465051e+01
2.719000e-05	-1.978549e-02	-1.472372e+01
2.720000e-05	-1.470393e-02	-1.481998e+01
2.721000e-05	-1.893574e-02	-1.492272e+01
2.722000e-05	-1.754444e-02	-1.498843e+01
2.723000e-05	-2.055119e-02	-1.512157e+01
2.724000e-05	-1.923468e-02	-1.512678e+01
2.725000e-05	-2.236376e-02	-1.518738e+01
2.726000e-05	-2.040531e-02	-1.526159e+01
2.727000e-05	-2.179629e-02	-1.532425e+01
2.728000e-05	-2.058684e-02	-1.536728e+01
2.729000e-05	-2.245615e-02	-1.542811e+01
2.730000e-05	-2.401884e-02	-1.545104e+01
2.731000e-05	-2.292932e-02	-1.554170e+01
2.732000e-05	-2.647389e-02	-1.549432e+01
2.733000e-05	-2.493366e-02	-1.554488e+01
2.734000e-05	-2.750379e-02	-1.556540e+01
2.735000e-05	-2.631377e-02	-1.555698e+01
2.736000e-05	-2.845362e-02	-1.555548e+01
2.737000e-05	-3.143070e-02	-1.556686e+01
2.738000e-05	-3.168836e-02	-1.560791e+01
2.739000e-05	-3.248488e-02	-1.557426e+01
2.740000e-05	-3.250640e-02	-1.553480e+01
2.741000e-05	-3.582881e-02	-1.550379e+01
2.742000e-05	-3.909393e-02	-1.551267e+01
2.743000e-05	-3.896589e-02	-1.546071e+01
2.744000e-05	-3.969607e-02	-1.541046e+01
2.745000e-05	-4.211252e-02	-1.536638e+01
2.746000e-05	-4.595352e-02	-1.534480e+01
2.747000e-05	-4.729848e-02	-1.520152e+01
2.748000e-05	-4.617715e-02	-1.519783e+01
2.749000e-05	-5.110898e-02	-1.513478e+01
2.750000e-05	-5.635347e-02	-1.506268e+01
2.751000e-05	-5.944258e-02	-1.499945e+01
2.752000e-05	-5.925282e-02	-1.492515e+01
2.753000e-05	-6.297430e-02	-1.482859e+01
2.754000e-05	-6.722236e-02	-1.474275e+01
2.755000e-05	-7.069825e-02	-1.463106e+01
2.756000e-05	-6.863520e-02	-1.451683e+01
2.757000e-05	-6.963554e-02	-1.441856e+01
2.758000e-05	-7.096464e-02	-1.431430e+01
2.759000e-05	-7.010955e-02	-1.417643e+01
2.760000e-05	-6.643490e-02	-1.401912e+01
2.761000e-05	-6.409174e-02	-1.389277e+01
2.762000e-05	-6.316698e-02	-1.374793e+01
2.763000e-05	-6.217176e-02	-1.363056e+01
2.764000e-05	-5.658559e-02	-1.350267e+01
2.765000e-05	-5.364003e-02	-1.331583e+01
2.766000e-05	-5.069140e-02	-1.317598e+01
2.767000e-05	-4.936273e-02	-1.303161e+01
2.768000e-05	-4.352659e-02	-1.289517e+01
2.769000e-05	-4.024442e-02	-1.270327e+01
2.770000e-05	-3.991050e-02	-1.257837e+01
2.771000e-05	-3.831142e-02	-1.233481e+01
2.772000e-05	-3.572826e-02	-1.215641e+01
2.773000e-05	-3.182321e-02	-1.201846e+01
2.774000e-05	-3.134458e-02	-1.178849e+01
2.775000e-05	-3.004066e-02	-1.155845e+01
2.776000e-05	-2.754825e-02	-1.136775e+01
2.777000e-05	-2.421137e-02	-1.112530e+01
2.778000e-05	-2.391990e-02	-1.093385e+01
2.779000e-05	-2.443976e-02	-1.074685e+01
2.780000e-05	-2.209824e-02	-1.054777e+01
2.781000e-05	-1.937526e-02	-1.030529e+01
2.782000e-05	-1.939863e-02	-1.007417e+01
2.783000e-05	-1.922908e-02	-9.851616e+00
2.784000e-05	-1.905230e-02	-9.663641e+00
2.785000e-05	-1.548135e-02	-9.401509e+00
2.786000e-05	-1.663717e-02	-9.200003e+00
2.787000e-05	-1.567646e-02	-8.957953e+00
2.788000e-05	-1.566753e-02	-8.695796e+00
2.789000e-05	-1.293244e-02	-8.454668e+00
2.790000e-05	-1.245133e-02	-8.231487e+00
2.791000e-05	-1.278143e-02	-8.019959e+00
2.792000e-05	-1.282947e-02	-7.697273e+00
2.793000e-05	-1.070066e-02	-7.391582e+00
2.794000e-05	-1.053050e-02	-7.158483e+00
2.795000e-05	-1.149653e-02	-6.896301e+00
2.796000e-05	-1.203734e-02	-6.642661e+00
2.797000e-05	-1.025377e-02	-6.410510e+00
2.798000e-05	-8.529436e-03	-6.106326e+00
2.799000e-05	-1.050380e-02	-5.813687e+00
2.800000e-05	-9.442808e-03	-5.609535e+00
2.801000e-05	-9.915416e-03	-5.285266e+00
2.802000e-05	-6.731124e-03	-5.011555e+00
2.803000e-05	-8.839187e-03	-4.652714e+00
2.804000e-05	-7.653034e-03	-4.421034e+00
2.805000e-05	-8.149184e-03	-4.189403e+00
2.806000e-05	-6.842961e-03	-3.927692e+00
2.807000e-05	-9.107583e-03	-3.611032e+00
2.808000e-05	-8.105148e-03	-3.318397e+00
2.809000e-05	-8.709336e-03	-3.053613e+00
2.810000e-05	-4.201044e-03	-2.797946e+00
2.811000e-05	-5.765541e-03	-2.473742e+00
2.812000e-05	-4.943505e-03	-2.160449e+00
2.813000e-05	-5.795570e-03	-1.895716e+00
2.814000e-05	-4.590862e-03	-1.643634e+00
2.815000e-05	-6.531726e-03	-1.296318e+00
2.816000e-05	-6.647655e-03	-9.716015e-01
2.817000e-05	-5.998224e-03	-7.783924e-01
2.818000e-05	-3.696720e-03	-4.531252e-01
2.819000e-05	-2.547598e-03	-1.689424e-01
2.820000e-05	4.725486e-03	1.337667e-01
2.821000e-05	3.509353e-03	4.005276e-01
2.822000e-05	1.112207e-03	6.632091e-01
2.823000e-05	8.722855e-04	9.057420e-01
2.824000e-05	-1.335504e-03	1.230580e+00
2.825000e-05	1.209547e-03	1.545237e+00
2.826000e-05	1.668788e-03	1.829975e+00
2.827000e-05	1.635272e-02	2.050604e+00
2.828000e-05	6.680195e-02	2.325638e+00
2.829000e-05	3.327421e-02	2.681110e+00
2.830000e-05	-5.588824e-02	2.967001e+00
2.831000e-05	-4.720952e-02	3.282235e+00
2.832000e-05	-1.512494e-02	3.524370e+00
2.833000e-05	-8.052767e-03	3.818449e+00
2.834000e-05	-5.368120e-02	3.988996e+00
2.835000e-05	4.225702e-02	4.290536e+00
2.836000e-05	3.977246e-02	4.554296e+00
2.837000e-05	-1.988454e-02	4.799480e+00
2.838000e-05	1.059627e-01	5.131766e+00
2.839000e-05	-9.453502e-02	5.450082e+00
2.840000e-05	2.491754e-02	5.723159e+00
2.841000e-05	1.527193e-03	5.954997e+00
2.842000e-05	-2.720005e-03	6.249527e+00
2.843000e-05	2.168842e-02	6.513258e+00
2.844000e-05	-4.265257e-02	6.806976e+00
2.845000e-05	7.026269e-02	7.050110e+00
2.846000e-05	-1.213684e-02	7.314313e+00
2.847000e-05	-4.367746e-03	7.595929e+00
2.848000e-05	-3.294031e-02	7.912209e+00
2.849000e-05	2.780812e-02	8.174820e+00
2.850000e-05	4.162856e-02	8.378425e+00
2.851000e-05	-3.403362e-02	8.558025e+00
2.852000e-05	1.634097e-02	8.808582e+00
2.853000e-05	1.270375e-03	9.081242e+00
2.854000e-05	2.063919e-02	9.314295e+00
2.855000e-05	-7.809923e-03	9.554345e+00
2.856000e-05	-5.856599e-03	9.838480e+00
2.857000e-05	1.534359e-02	1.002003e+01
2.858000e-05	1.869402e-02	1.024058e+01
2.859000e-05	1.529885e-02	1.045203e+01
2.860000e-05	-1.975117e-02	1.070214e+01
2.861000e-05	1.176307e-02	1.086122e+01
2.862000e-05	1.257651e-02	1.110116e+01
2.863000e-05	1.241151e-02	1.131369e+01
2.864000e-05	-7.803667e-03	1.152370e+01
2.865000e-05	1.067016e-02	1.170530e+01
2.866000e-05	1.920142e-02	1.194330e+01
2.867000e-05	1.214706e-02	1.209376e+01
2.868000e-05	-3.482720e-03	1.227115e+01
2.869000e-05	1.410865e-03	1.251221e+01
2.870000e-05	1.685276e-02	1.263959e+01
2.871000e-05	1.234534e-02	1.279548e+01
2.872000e-05	5.006593e-03	1.300538e+01
2.873000e-05	3.800105e-03	1.312370e+01
2.874000e-05	1.993726e-02	1.333180e+01
2.875000e-05	1.258942e-02	1.344914e+01
2.876000e-05	5.191904e-03	1.356545e+01
2.877000e-05	5.441821e-04	1.375472e+01
2.878000e-05	1.533476e-02	1.386019e+01
2.879000e-05	1.528724e-02	1.404948e+01
2.880000e-05	9.148980e-03	1.410538e+01
2.881000e-05	7.390048e-03	1.432272e+01
2.882000e-05	1.613563e-02	1.440851e+01
2.883000e-05	1.731614e-02	1.452473e+01
2.884000e-05	7.866503e-03	1.464003e+01
2.885000e-05	8.547503e-03	1.470235e+01
2.886000e-05	1.315918e-02	1.480636e+01
2.887000e-05	2.016210e-02	1.487212e+01
2.888000e-05	1.158735e-02	1.495481e+01
2.889000e-05	1.076519e-02	1.504106e+01
2.890000e-05	1.565221e-02	1.514379e+01
2.891000e-05	1.999626e-02	1.515640e+01
2.892000e-05	1.403150e-02	1.522901e+01
2.893000e-05	1.104485e-02	1.527280e+01
2.894000e-05	1.819171e-02	1.536483e+01
2.895000e-05	2.259724e-02	1.538896e+01
2.896000e-05	1.846354e-02	1.546103e+01
2.897000e-05	1.444828e-02	1.546209e+01
2.898000e-05	1.801257e-02	1.553317e+01
2.899000e-05	2.319617e-02	1.550228e+01
2.900000e-05	1.967046e-02	1.551473e+01
2.901000e-05	1.894901e-02	1.551528e+01
2.902000e-05	2.224434e-02	1.554583e+01
2.903000e-05	3.019657e-02	1.554580e+01
2.904000e-05	2.726553e-02	1.553625e+01
2.905000e-05	2.314309e-02	1.553385e+01
2.906000e-05	2.639059e-02	1.551270e+01
2.907000e-05	3.085059e-02	1.549360e+01
2.908000e-05	3.248602e-02	1.549257e+01
2.909000e-05	3.003667e-02	1.547003e+01
2.910000e-05	3.366847e-02	1.541686e+01
2.911000e-05	4.186325e-02	1.534530e+01
2.912000e-05	4.268620e-02	1.530367e+01
2.913000e-05	3.806558e-02	1.526854e+01
2.914000e-05	4.014181e-02	1.516588e+01
2.915000e-05	4.570435e-02	1.512120e+01
2.916000e-05	5.007478e-02	1.501846e+01
2.917000e-05	4.957469e-02	1.489725e+01
2.918000e-05	5.403298e-02	1.485059e+01
2.919000e-05	6.060047e-02	1.475498e+01
2.920000e-05	6.525506e-02	1.471369e+01
2.921000e-05	6.205872e-02	1.460641e+01
2.922000e-05	6.037302e-02	1.445215e+01
2.923000e-05	6.355587e-02	1.436643e+01
2.924000e-05	6.399344e-02	1.425056e+01
2.925000e-05	6.160312e-02	1.411375e+01
2.926000e-05	5.824833e-02	1.399781e+01
2.927000e-05	5.908601e-02	1.384159e+01
2.928000e-05	5.854461e-02	1.372570e+01
2.929000e-05	5.166509e-02	1.359881e+01
2.930000e-05	4.628839e-02	1.342046e+01
2.931000e-05	4.328836e-02	1.325214e+01
2.932000e-05	4.505077e-02	1.312325e+01
2.933000e-05	3.943454e-02	1.293730e+01
2.934000e-05	3.604516e-02	1.276804e+01
2.935000e-05	3.331686e-02	1.263101e+01
2.936000e-05	3.436458e-02	1.246459e+01
2.937000e-05	2.966708e-02	1.231370e+01
2.938000e-05	2.476293e-02	1.208722e+01
2.939000e-05	2.338618e-02	1.191525e+01
2.940000e-05	2.423645e-02	1.175587e+01
2.941000e-05	2.303608e-02	1.151622e+01
2.942000e-05	1.647595e-02	1.135472e+01
2.943000e-05	1.657458e-02	1.106374e+01
2.944000e-05	1.704538e-02	1.090617e+01
2.945000e-05	1.642822e-02	1.069574e+01
2.946000e-05	1.070435e-02	1.046360e+01
2.947000e-05	1.077744e-02	1.025221e+01
2.948000e-05	1.234208e-02	1.004056e+01
2.949000e-05	1.232416e-02	9.819559e+00
2.950000e-05	8.837061e-03	9.516827e+00
2.951000e-05	6.778673e-03	9.337897e+00
2.952000e-05	8.185229e-03	9.146292e+00
2.953000e-05	7.155176e-03	8.873643e+00
2.954000e-05	5.340757e-03	8.622133e+00
2.955000e-05	2.660911e-03	8.399959e+00
2.956000e-05	4.981218e-03	8.138429e+00
2.957000e-05	6.290439e-03	7.925696e+00
2.958000e-05	3.023931e-03	7.652138e+00
2.959000e-05	1.335634e-03	7.359355e+00
2.960000e-05	2.514200e-03	7.075743e+00
2.961000e-05	4.015096e-03	6.841640e+00
2.962000e-05	1.940116e-03	6.599055e+00
2.963000e-05	-1.144233e-04	6.326273e+00
2.964000e-05	6.385592e-04	6.075690e+00
2.965000e-05	2.322929e-03	5.819004e+00
2.966000e-05	-3.556607e-04	5.566372e+00
2.967000e-05	-1.906401e-03	5.211561e+00
2.968000e-05	-9.610409e-04	4.844772e+00
2.969000e-05	1.050244e-03	4.621483e+00
2.970000e-05	-2.715074e-04	4.399451e+00
2.971000e-05	-2.468912e-03	4.013138e+00
2.972000e-05	-2.178062e-03	3.760503e+00
2.973000e-05	-8.013728e-04	3.537890e+00
2.974000e-05	-1.496156e-03	3.252584e+00
2.975000e-05	-3.846600e-03	2.936897e+00
2.976000e-05	-3.768905e-03	2.663712e+00
2.977000e-05	-1.949649e-03	2.357924e+00
2.978000e-05	-2.376445e-03	2.085192e+00
2.979000e-05	-4.966966e-03	1.821160e+00
2.980000e-05	-4.165788e-03	1.498317e+00
2.981000e-05	-3.826970e-03	1.253106e+00
2.982000e-05	-2.767637e-03	8.851831e-01
2.983000e-05	-4.172028e-03	5.919302e-01
2.984000e-05	-5.306471e-03	3.473449e-01
2.985000e-05	-2.721541e-03	3.359939e-02
2.986000e-05	5.594295e-03	-2.515300e-01
2.987000e-05	1.796550e-03	-4.851353e-01
2.988000e-05	-2.528837e-03	-8.078722e-01
2.989000e-05	-3.612030e-03	-1.041504e+00
2.990000e-05	-1.012574e-03	-1.346339e+00
2.991000e-05	-2.625265e-03	-1.618600e+00
2.992000e-05	4.489146e-03	-1.852158e+00
2.993000e-05	4.532923e-02	-2.093258e+00
2.994000e-05	7.561046e-02	-2.388002e+00
2.995000e-05	-6.653488e-02	-2.756972e+00
2.996000e-05	-4.188428e-02	-3.196825e+00
2.997000e-05	-4.437436e-02	-3.420579e+00
2.998000e-05	-1.765111e-02	-3.661605e+00
2.999000e-05	-6.729758e-02	-3.922797e+00
3.000000e-05	1.276589e-01	-4.093210e+00
3.001000e-05	-9.190376e-02	-4.326368e+00
3.002000e-05	5.794756e-02	-4.659680e+00
3.003000e-05	8.234956e-02	-4.902110e+00
3.004000e-05	-1.320793e-01	-5.269052e+00
3.005000e-05	8.678501e-02	-5.504294e+00
3.006000e-05	-1.364217e-01	-5.787475e+00
3.007000e-05	7.257007e-02	-6.080683e+00
3.008000e-05	1.006805e-02	-6.302744e+00
3.009000e-05	-5.386581e-02	-6.628002e+00
3.010000e-05	9.490698e-02	-6.893083e+00
3.011000e-05	-9.003592e-02	-7.136371e+00
3.012000e-05	4.447589e-02	-7.449110e+00
3.013000e-05	-6.809431e-02	-7.731142e+00
3.014000e-05	1.096466e-03	-7.996951e+00
3.015000e-05	4.185713e-02	-8.246979e+00
3.016000e-05	-6.154696e-02	-8.493685e+00
3.017000e-05	7.529433e-02	-8.714798e+00
3.018000e-05	-8.349710e-02	-8.956403e+00
3.019000e-05	4.427251e-02	-9.168904e+00
3.020000e-05	-4.780605e-02	-9.447931e+00
3.021000e-05	6.297070e-03	-9.660615e+00
3.022000e-05	-2.642845e-03	-9.861587e+00
3.023000e-05	-2.274085e-02	-1.013179e+01
3.024000e-05	3.011455e-02	-1.033322e+01
3.025000e-05	-5.223774e-02	-1.053540e+01
3.026000e-05	2.704119e-02	-1.075535e+01
3.027000e-05	-4.915234e-02	-1.099490e+01
3.028000e-05	2.586684e-02	-1.118535e+01
3.029000e-05	-3.670028e-02	-1.135701e+01
3.030000e-05	8.987355e-03	-1.160854e+01
3.031000e-05	-1.994264e-02	-1.179751e+01
3.032000e-05	-3.546188e-03	-1.204759e+01
3.033000e-05	-1.807286e-02	-1.220701e+01
3.034000e-05	-2.061598e-02	-1.234660e+01
3.035000e-05	1.238677e-03	-1.259590e+01
3.036000e-05	-1.940226e-02	-1.275532e+01
3.037000e-05	-8.831360e-04	-1.285427e+01
3.038000e-05	-2.840968e-02	-1.302909e+01
3.039000e-05	4.262727e-03	-1.322848e+01
3.040000e-05	-2.498508e-02	-1.340633e+01
3.041000e-05	-6.159263e-03	-1.352425e+01
3.042000e-05	-2.695765e-02	-1.367059e+01
3.043000e-05	-5.940431e-03	-1.384856e+01
3.044000e-05	-1.618875e-02	-1.397480e+01
3.045000e-05	-1.354855e-02	-1.412220e+01
3.046000e-05	-1.782299e-02	-1.423798e+01
3.047000e-05	-1.469103e-02	-1.434433e+01
3.048000e-05	-1.343124e-02	-1.447207e+01
3.049000e-05	-2.147847e-02	-1.456740e+01
3.050000e-05	-1.779402e-02	-1.470016e+01
3.051000e-05	-1.934641e-02	-1.475540e+01
3.052000e-05	-1.169918e-02	-1.486954e+01
3.053000e-05	-1.921062e-02	-1.492330e+01
3.054000e-05	-1.919202e-02	-1.500852e+01
3.055000e-05	-2.150250e-02	-1.510222e+01
3.056000e-05	-1.584961e-02	-1.517436e+01
3.057000e-05	-2.173062e-02	-1.522901e+01
3.058000e-05	-2.222008e-02	-1.527059e+01
3.059000e-05	-2.406226e-02	-1.533533e+01
3.060000e-05	-1.813595e-02	-1.536888e+01
3.061000e-05	-2.221908e-02	-1.546811e+01
3.062000e-05	-2.538488e-02	-1.552161e+01
3.063000e-05	-2.602097e-02	-1.550120e+01
3.064000e-05	-2.381611e-02	-1.550480e+01
3.065000e-05	-2.374809e-02	-1.555535e+01
3.066000e-05	-2.932848e-02	-1.556635e+01
3.067000e-05	-2.932266e-02	-1.558638e+01
3.068000e-05	-2.858552e-02	-1.558691e+01
3.069000e-05	-2.735685e-02	-1.558698e+01
3.070000e-05	-3.462846e-02	-1.557588e+01
3.071000e-05	-3.598337e-02	-1.554633e+01
3.072000e-05	-3.237614e-02	-1.554423e+01
3.073000e-05	-3.205344e-02	-1.550479e+01
3.074000e-05	-3.800228e-02	-1.549264e+01
3.075000e-05	-4.322534e-02	-1.546949e+01
3.076000e-05	-4.145069e-02	-1.540941e+01
3.077000e-05	-4.024529e-02	-1.534628e+01
3.078000e-05	-4.566420e-02	-1.530417e+01
3.079000e-05	-5.088642e-02	-1.523994e+01
3.080000e-05	-4.945237e-02	-1.517783e+01
3.081000e-05	-5.022823e-02	-1.511332e+01
3.082000e-05	-5.609154e-02	-1.506009e+01
3.083000e-05	-6.111981e-02	-1.498633e+01
3.084000e-05	-6.336095e-02	-1.485367e+01
3.085000e-05	-6.294549e-02	-1.481803e+01
3.086000e-05	-6.609703e-02	-1.468319e+01
3.087000e-05	-7.130050e-02	-1.459944e+01
3.088000e-05	-7.115088e-02	-1.448262e+01
3.089000e-05	-6.904299e-02	-1.438838e+01
3.090000e-05	-6.942158e-02	-1.428116e+01
3.091000e-05	-6.991574e-02	-1.414528e+01
3.092000e-05	-6.764035e-02	-1.399701e+01
3.093000e-05	-6.324488e-02	-1.385066e+01
3.094000e-05	-6.009998e-02	-1.372625e+01
3.095000e-05	-6.038333e-02	-1.355638e+01
3.096000e-05	-5.754612e-02	-1.344959e+01
3.097000e-05	-5.223248e-02	-1.327312e+01
3.098000e-05	-4.794485e-02	-1.313383e+01
3.099000e-05	-4.727819e-02	-1.298885e+01
3.100000e-05	-4.614934e-02	-1.282951e+01
3.101000e-05	-4.041983e-02	-1.265214e+01
3.102000e-05	-3.776792e-02	-1.250424e+01
3.103000e-05	-3.738932e-02	-1.228369e+01
3.104000e-05	-3.585565e-02	-1.213537e+01
3.105000e-05	-3.271544e-02	-1.194280e+01
3.106000e-05	-2.912926e-02	-1.173480e+01
3.107000e-05	-2.825292e-02	-1.154272e+01
3.108000e-05	-2.888661e-02	-1.127119e+01
3.109000e-05	-2.487555e-02	-1.108216e+01
3.110000e-05	-2.338579e-02	-1.088264e+01
3.111000e-05	-2.347464e-02	-1.068266e+01
3.112000e-05	-2.310318e-02	-1.045319e+01
3.113000e-05	-2.112969e-02	-1.020063e+01
3.114000e-05	-1.810585e-02	-1.001950e+01
3.115000e-05	-1.837172e-02	-9.788978e+00
3.116000e-05	-1.726655e-02	-9.588082e+00
3.117000e-05	-1.661818e-02	-9.326847e+00
3.118000e-05	-1.488253e-02	-9.123767e+00
3.119000e-05	-1.488942e-02	-8.893218e+00
3.120000e-05	-1.615379e-02	-8.680134e+00
3.121000e-05	-1.377660e-02	-8.399002e+00
3.122000e-05	-1.321218e-02	-8.157922e+00
3.123000e-05	-1.173021e-02	-7.914820e+00
3.124000e-05	-1.351258e-02	-7.620484e+00
3.125000e-05	-1.187050e-02	-7.286892e+00
3.126000e-05	-1.074509e-02	-7.093717e+00
3.127000e-05	-1.058234e-02	-6.821587e+00
3.128000e-05	-1.093796e-02	-6.566810e+00
3.129000e-05	-9.882999e-03	-6.337368e+00
3.130000e-05	-8.128102e-03	-6.051559e+00
3.131000e-05	-9.391938e-03	-5.746477e+00
3.132000e-05	-8.602721e-03	-5.484717e+00
3.133000e-05	-9.862799e-03	-5.199454e+00
3.134000e-05	-7.286708e-03	-4.884138e+00
3.135000e-05	-7.802086e-03	-4.578922e+00
3.136000e-05	-6.954062e-03	-4.368420e+00
3.137000e-05	-8.689187e-03	-4.064238e+00
3.138000e-05	-6.225480e-03	-3.791024e+00
3.139000e-05	-9.231446e-03	-3.538292e+00
3.140000e-05	-6.360127e-03	-3.254188e+00
3.141000e-05	-8.587340e-03	-2.928848e+00
3.142000e-05	-4.728732e-03	-2.674163e+00
3.143000e-05	-5.483152e-03	-2.411023e+00
3.144000e-05	-5.220256e-03	-2.086736e+00
3.145000e-05	-6.317039e-03	-1.831605e+00
3.146000e-05	-5.764762e-03	-1.497841e+00
3.147000e-05	-6.040718e-03	-1.189526e+00
3.148000e-05	-6.891699e-03	-8.847396e-01
3.149000e-05	-4.768990e-03	-5.799515e-01
3.150000e-05	-3.003812e-03	-3.162684e-01
3.151000e-05	-1.769310e-03	-6.403177e-02
3.152000e-05	8.347895e-03	2.616068e-01
3.153000e-05	-4.126812e-04	5.562619e-01
3.154000e-05	2.074858e-03	7.858911e-01
3.155000e-05	-2.326087e-03	1.091677e+00
3.156000e-05	6.022755e-04	1.335817e+00
3.157000e-05	6.422578e-04	1.694630e+00
3.158000e-05	7.200546e-03	1.923664e+00
3.159000e-05	2.584681e-02	2.155288e+00
3.160000e-05	8.100199e-02	2.411079e+00
3.161000e-05	-2.149013e-02	2.806952e+00
3.162000e-05	-5.263309e-02	3.094164e+00
3.163000e-05	-4.232848e-02	3.356994e+00
3.164000e-05	1.925008e-03	3.661555e+00
3.165000e-05	-3.306712e-02	3.862632e+00
3.166000e-05	-4.387015e-02	4.102160e+00
3.167000e-05	8.953567e-02	4.344899e+00
3.168000e-05	-3.605231e-02	4.679103e+00
3.169000e-05	7.173252e-02	4.913838e+00
3.170000e-05	2.193204e-02	5.242106e+00
3.171000e-05	-7.563430e-02	5.535271e+00
3.172000e-05	4.730465e-02	5.817977e+00
3.173000e-05	-2.859344e-02	6.072712e+00
3.174000e-05	3.318359e-02	6.314193e+00
3.175000e-05	-2.302356e-02	6.618509e+00
3.176000e-05	-8.789903e-04	6.863639e+00
3.177000e-05	5.696048e-02	7.124795e+00
3.178000e-05	-2.414820e-02	7.469534e+00
3.179000e-05	-7.683962e-03	7.703263e+00
3.180000e-05	-3.162618e-02	7.987459e+00
3.181000e-05	5.186117e-02	8.230012e+00
3.182000e-05	1.251085e-02	8.482636e+00
3.183000e-05	-2.761348e-02	8.681640e+00
3.184000e-05	2.583765e-02	8.935321e+00
3.185000e-05	-7.029046e-03	9.175420e+00
3.186000e-05	2.813428e-02	9.408454e+00
3.187000e-05	-2.766958e-02	9.620487e+00
3.188000e-05	1.137336e-02	9.872642e+00
3.189000e-05	1.151566e-02	1.009219e+01
3.190000e-05	2.438821e-02	1.028272e+01
3.191000e-05	2.055948e-03	1.055578e+01
3.192000e-05	-1.829367e-02	1.072483e+01
3.193000e-05	2.249723e-02	1.094635e+01
3.194000e-05	2.854332e-03	1.116477e+01
3.195000e-05	1.296300e-02	1.138490e+01
3.196000e-05	-1.437516e-02	1.162688e+01
3.197000e-05	2.556487e-02	1.179898e+01
3.198000e-05	1.244697e-02	1.200642e+01
3.199000e-05	1.109555e-02	1.219633e+01
3.200000e-05	-7.143666e-03	1.238583e+01
3.201000e-05	7.051952e-03	1.254535e+01
3.202000e-05	1.907874e-02	1.269324e+01
3.203000e-05	5.690881e-03	1.285209e+01
3.204000e-05	6.451407e-03	1.303962e+01
3.205000e-05	5.581752e-03	1.319838e+01
3.206000e-05	2.465089e-02	1.331630e+01
3.207000e-05	6.713915e-03	1.347214e+01
3.208000e-05	3.673570e-03	1.361957e+01
3.209000e-05	4.197118e-03	1.377691e+01
3.210000e-05	1.824870e-02	1.395223e+01
3.211000e-05	1.301188e-02	1.405056e+01
3.212000e-05	4.843526e-03	1.423901e+01
3.213000e-05	1.271719e-02	1.435470e+01
3.214000e-05	1.727944e-02	1.445062e+01
3.215000e-05	1.561235e-02	1.454480e+01
3.216000e-05	4.216595e-03	1.466054e+01
3.217000e-05	1.193829e-02	1.478493e+01
3.218000e-05	1.811413e-02	1.483059e+01
3.219000e-05	1.687373e-02	1.489220e+01
3.220000e-05	1.153972e-02	1.505603e+01
3.221000e-05	9.896466e-03	1.508106e+01
3.222000e-05	1.964482e-02	1.511328e+01
3.223000e-05	1.551666e-02	1.516646e+01
3.224000e-05	1.349493e-02	1.522012e+01
3.225000e-05	1.306095e-02	1.531333e+01
3.226000e-05	2.225629e-02	1.538485e+01
3.227000e-05	2.061145e-02	1.539691e+01
3.228000e-05	1.600616e-02	1.547062e+01
3.229000e-05	1.451421e-02	1.548212e+01
3.230000e-05	2.166359e-02	1.553220e+01
3.231000e-05	2.307918e-02	1.556370e+01
3.232000e-05	1.930985e-02	1.552422e+01
3.233000e-05	1.994258e-02	1.554425e+01
3.234000e-05	2.533951e-02	1.553478e+01
3.235000e-05	2.839945e-02	1.553375e+01
3.236000e-05	2.327370e-02	1.555428e+01
3.237000e-05	2.532040e-02	1.555523e+01
3.238000e-05	2.791902e-02	1.549378e+01
3.239000e-05	3.410504e-02	1.550262e+01
3.240000e-05	3.186977e-02	1.545162e+01
3.241000e-05	3.213329e-02	1.540998e+01
3.242000e-05	3.733690e-02	1.534540e+01
3.243000e-05	4.030583e-02	1.535425e+01
3.244000e-05	3.948459e-02	1.525007e+01
3.245000e-05	3.872794e-02	1.520801e+01
3.246000e-05	4.405223e-02	1.512488e+01
3.247000e-05	4.912922e-02	1.508164e+01
3.248000e-05	5.021228e-02	1.499691e+01
3.249000e-05	5.196399e-02	1.489479e+01
3.250000e-05	5.662310e-02	1.481956e+01
3.251000e-05	6.218177e-02	1.472530e+01
3.252000e-05	6.161076e-02	1.468111e+01
3.253000e-05	6.096602e-02	1.452597e+01
3.254000e-05	6.382923e-02	1.445161e+01
3.255000e-05	6.561519e-02	1.433482e+01
3.256000e-05	6.360649e-02	1.420041e+01
3.257000e-05	5.907251e-02	1.409262e+01
3.258000e-05	5.914928e-02	1.395528e+01
3.259000e-05	5.766669e-02	1.375753e+01
3.260000e-05	5.499644e-02	1.363257e+01
3.261000e-05	4.856719e-02	1.353317e+01
3.262000e-05	4.784118e-02	1.335538e+01
3.263000e-05	4.645339e-02	1.318904e+01
3.264000e-05	4.187020e-02	1.306111e+01
3.265000e-05	3.619255e-02	1.288422e+01
3.266000e-05	3.506771e-02	1.275322e+01
3.267000e-05	3.449905e-02	1.258796e+01
3.268000e-05	3.130066e-02	1.238093e+01
3.269000e-05	2.723508e-02	1.223904e+01
3.270000e-05	2.486688e-02	1.204162e+01
3.271000e-05	2.530069e-02	1.184156e+01
3.272000e-05	2.243957e-02	1.164256e+01
3.273000e-05	1.970221e-02	1.140209e+01
3.274000e-05	1.708341e-02	1.119099e+01
3.275000e-05	1.845207e-02	1.102051e+01
3.276000e-05	1.722804e-02	1.081208e+01
3.277000e-05	1.357375e-02	1.060163e+01
3.278000e-05	1.121009e-02	1.038653e+01
3.279000e-05	1.165923e-02	1.015740e+01
3.280000e-05	1.180621e-02	9.946898e+00
3.281000e-05	9.206536e-03	9.705628e+00
3.282000e-05	6.993247e-03	9.483713e+00
3.283000e-05	8.255344e-03	9.252640e+00
3.284000e-05	8.026096e-03	9.081010e+00
3.285000e-05	6.000373e-03	8.787929e+00
3.286000e-05	3.623506e-03	8.546948e+00
3.287000e-05	5.651146e-03	8.345290e+00
3.288000e-05	4.952879e-03	8.064668e+00
3.289000e-05	3.115811e-03	7.799537e+00
3.290000e-05	2.122419e-03	7.577349e+00
3.291000e-05	2.167606e-03	7.263688e+00
3.292000e-05	2.657653e-03	7.039554e+00
3.293000e-05	1.754063e-03	6.777418e+00
3.294000e-05	1.247934e-03	6.465066e+00
3.295000e-05	8.149094e-04	6.220533e+00
3.296000e-05	2.669846e-03	5.989458e+00
3.297000e-05	8.329167e-04	5.695797e+00
3.298000e-05	-7.551752e-04	5.443633e+00
3.299000e-05	-2.089812e-03	5.114749e+00
3.300000e-05	-8.609662e-04	4.789949e+00
3.301000e-05	-4.964110e-04	4.477315e+00
3.302000e-05	-2.213746e-03	4.242633e+00
3.303000e-05	-3.197016e-03	3.967321e+00
3.304000e-05	-5.489348e-04	3.664187e+00
3.305000e-05	-6.745056e-04	3.392009e+00
3.306000e-05	-2.102029e-03	3.125822e+00
3.307000e-05	-3.676589e-03	2.834184e+00
3.308000e-05	-3.566433e-03	2.568427e+00
3.309000e-05	-2.445442e-03	2.265711e+00
3.310000e-05	-5.076208e-03	2.020530e+00
3.311000e-05	-5.131889e-03	1.695266e+00
3.312000e-05	-3.308622e-03	1.403052e+00
3.313000e-05	-1.637931e-03	1.086666e+00
3.314000e-05	-1.929561e-03	7.804463e-01
3.315000e-05	-3.951709e-03	4.962397e-01
3.316000e-05	-3.941828e-03	1.820328e-01
3.317000e-05	-2.112326e-03	-1.231551e-01
3.318000e-05	6.819022e-03	-3.242908e-01
3.319000e-05	-5.733378e-03	-5.685736e-01
3.320000e-05	-6.246343e-04	-8.921890e-01
3.321000e-05	-4.540778e-03	-1.155838e+00
3.322000e-05	2.107711e-03	-1.461056e+00
3.323000e-05	-3.483195e-03	-1.712735e+00
3.324000e-05	1.439839e-02	-1.945792e+00
3.325000e-05	8.062905e-02	-2.178423e+00
3.326000e-05	1.197853e-02	-2.535667e+00
3.327000e-05	-6.619838e-02	-2.974188e+00
3.328000e-05	-4.256537e-02	-3.262584e+00
3.329000e-05	-2.287373e-02	-3.523817e+00
3.330000e-05	-4.180022e-02	-3.746818e+00
3.331000e-05	-8.542891e-04	-3.976448e+00
3.332000e-05	1.031233e-01	-4.135370e+00
3.333000e-05	-1.373802e-01	-4.440555e+00
3.334000e-05	1.466946e-01	-4.742793e+00
3.335000e-05	-6.481883e-02	-4.996900e+00
3.336000e-05	-3.367704e-02	-5.337905e+00
3.337000e-05	3.255358e-02	-5.589979e+00
3.338000e-05	-1.237619e-01	-5.912114e+00
3.339000e-05	1.294025e-01	-6.135848e+00
3.340000e-05	-8.542860e-02	-6.398477e+00
3.341000e-05	3.854459e-02	-6.703243e+00
3.342000e-05	2.299808e-02	-6.965348e+00
3.343000e-05	-6.164046e-02	-7.282112e+00
3.344000e-05	4.732305e-02	-7.524772e+00
3.345000e-05	-9.853544e-02	-7.816483e+00
3.346000e-05	7.038049e-02	-8.082240e+00
3.347000e-05	-3.680721e-02	-8.271643e+00
3.348000e-05	5.139064e-03	-8.557924e+00
3.349000e-05	2.496855e-02	-8.767906e+00
3.350000e-05	-6.573043e-02	-9.059635e+00
3.351000e-05	4.900916e-02	-9.282134e+00
3.352000e-05	-7.628834e-02	-9.521696e+00
3.353000e-05	4.674860e-02	-9.746224e+00
3.354000e-05	-4.744325e-02	-9.944825e+00
3.355000e-05	3.012810e-02	-1.020901e+01
3.356000e-05	-1.973038e-02	-1.038641e+01
3.357000e-05	-1.647168e-02	-1.063903e+01
3.358000e-05	-1.940179e-03	-1.077151e+01
3.359000e-05	-3.304395e-02	-1.102966e+01
3.360000e-05	1.621899e-02	-1.125253e+01
3.361000e-05	-3.637813e-02	-1.146104e+01
3.362000e-05	1.944813e-02	-1.171154e+01
3.363000e-05	-3.173753e-02	-1.185122e+01
3.364000e-05	1.220597e-02	-1.210282e+01
3.365000e-05	-3.433200e-02	-1.226919e+01
3.366000e-05	-1.452603e-03	-1.244162e+01
3.367000e-05	-2.119228e-02	-1.263899e+01
3.368000e-05	-4.376232e-03	-1.281946e+01
3.369000e-05	-1.343810e-02	-1.295585e+01
3.370000e-05	-1.469663e-02	-1.310422e+01
3.371000e-05	-6.485052e-03	-1.327219e+01
3.372000e-05	-1.926728e-02	-1.338906e+01
3.373000e-05	-7.984773e-03	-1.356483e+01
3.374000e-05	-2.599552e-02	-1.371265e+01
3.375000e-05	-5.632613e-03	-1.386304e+01
3.376000e-05	-1.989442e-02	-1.397741e+01
3.377000e-05	-8.722400e-03	-1.416525e+01
3.378000e-05	-2.135978e-02	-1.427256e+01
3.379000e-05	-1.193896e-02	-1.438698e+01
3.380000e-05	-1.905410e-02	-1.450264e+01
3.381000e-05	-1.637180e-02	-1.459701e+01
3.382000e-05	-1.954680e-02	-1.473167e+01
3.383000e-05	-1.708781e-02	-1.480691e+01
3.384000e-05	-1.555595e-02	-1.489167e+01
3.385000e-05	-1.815046e-02	-1.499738e+01
3.386000e-05	-1.990931e-02	-1.507966e+01
3.387000e-05	-2.149730e-02	-1.514425e+01
3.388000e-05	-1.948090e-02	-1.517988e+01
3.389000e-05	-2.077201e-02	-1.523162e+01
3.390000e-05	-2.143370e-02	-1.527217e+01
3.391000e-05	-2.288725e-02	-1.535580e+01
3.392000e-05	-1.956048e-02	-1.539646e+01
3.393000e-05	-2.413222e-02	-1.546061e+01
3.394000e-05	-2.431827e-02	-1.550114e+01
3.395000e-05	-2.651134e-02	-1.553372e+01
3.396000e-05	-2.288577e-02	-1.555483e+01
3.397000e-05	-2.545087e-02	-1.555435e+01
3.398000e-05	-2.813279e-02	-1.559536e+01
3.399000e-05	-2.872013e-02	-1.558646e+01
3.400000e-05	-2.903734e-02	-1.554783e+01
3.401000e-05	-2.958336e-02	-1.558739e+01
3.402000e-05	-3.330134e-02	-1.553738e+01
3.403000e-05	-3.400457e-02	-1.557483e+01
3.404000e-05	-3.455881e-02	-1.554281e+01
3.405000e-05	-3.548400e-02	-1.548457e+01
3.406000e-05	-3.929979e-02	-1.548167e+01
3.407000e-05	-4.156692e-02	-1.545851e+01
3.408000e-05	-4.207917e-02	-1.540886e+01
3.409000e-05	-4.285108e-02	-1.530223e+01
3.410000e-05	-4.556358e-02	-1.529169e+01
3.411000e-05	-4.885779e-02	-1.521946e+01
3.412000e-05	-5.181147e-02	-1.518538e+01
3.413000e-05	-5.338468e-02	-1.508317e+01
3.414000e-05	-5.753444e-02	-1.502748e+01
3.415000e-05	-6.157127e-02	-1.495432e+01
3.416000e-05	-6.388996e-02	-1.484109e+01
3.417000e-05	-6.495994e-02	-1.471488e+01
3.418000e-05	-6.686420e-02	-1.465206e+01
3.419000e-05	-6.995998e-02	-1.458786e+01
3.420000e-05	-7.045838e-02	-1.445159e+01
3.421000e-05	-7.026732e-02	-1.431478e+01
3.422000e-05	-6.900772e-02	-1.423748e+01
3.423000e-05	-6.942286e-02	-1.406474e+01
3.424000e-05	-6.600952e-02	-1.395683e+01
3.425000e-05	-6.313594e-02	-1.382891e+01
3.426000e-05	-5.983803e-02	-1.369214e+01
3.427000e-05	-5.888405e-02	-1.353480e+01
3.428000e-05	-5.519778e-02	-1.339936e+01
3.429000e-05	-5.109328e-02	-1.321914e+01
3.430000e-05	-4.803640e-02	-1.311259e+01
3.431000e-05	-4.613587e-02	-1.290572e+01
3.432000e-05	-4.325260e-02	-1.274635e+01
3.433000e-05	-3.980001e-02	-1.257693e+01
3.434000e-05	-3.749453e-02	-1.241049e+01
3.435000e-05	-3.620412e-02	-1.227162e+01
3.436000e-05	-3.345257e-02	-1.207267e+01
3.437000e-05	-3.155863e-02	-1.186314e+01
3.438000e-05	-2.865900e-02	-1.164109e+01
3.439000e-05	-2.855952e-02	-1.137931e+01
3.440000e-05	-2.666086e-02	-1.116944e+01
3.441000e-05	-2.402930e-02	-1.100793e+01
3.442000e-05	-2.247514e-02	-1.079846e+01
3.443000e-05	-2.148355e-02	-1.062003e+01
3.444000e-05	-2.171828e-02	-1.039793e+01
3.445000e-05	-1.963553e-02	-1.014733e+01
3.446000e-05	-1.893564e-02	-9.914297e+00
3.447000e-05	-1.814958e-02	-9.675199e+00
3.448000e-05	-1.777814e-02	-9.483190e+00
3.449000e-05	-1.630429e-02	-9.222544e+00
3.450000e-05	-1.555849e-02	-9.030063e+00
3.451000e-05	-1.525013e-02	-8.769957e+00
3.452000e-05	-1.521353e-02	-8.526825e+00
3.453000e-05	-1.364796e-02	-8.314692e+00
3.454000e-05	-1.267926e-02	-8.082689e+00
3.455000e-05	-1.209877e-02	-7.779008e+00
3.456000e-05	-1.334606e-02	-7.486290e+00
3.457000e-05	-1.144657e-02	-7.244235e+00
3.458000e-05	-9.986640e-03	-7.000429e+00
3.459000e-05	-9.493003e-03	-6.716267e+00
3.460000e-05	-1.131172e-02	-6.463164e+00
3.461000e-05	-1.025158e-02	-6.232106e+00
3.462000e-05	-9.904894e-03	-5.917395e+00
3.463000e-05	-8.282752e-03	-5.674189e+00
3.464000e-05	-9.106856e-03	-5.370928e+00
3.465000e-05	-9.543156e-03	-5.075740e+00
3.466000e-05	-8.557453e-03	-4.737925e+00
3.467000e-05	-6.866760e-03	-4.485690e+00
3.468000e-05	-7.792374e-03	-4.271086e+00
3.469000e-05	-8.285723e-03	-3.989396e+00
3.470000e-05	-7.076432e-03	-3.685238e+00
3.471000e-05	-8.343446e-03	-3.431080e+00
3.472000e-05	-7.316759e-03	-3.116924e+00
3.473000e-05	-7.117595e-03	-2.843158e+00
3.474000e-05	-6.044502e-03	-2.598447e+00
3.475000e-05	-5.348360e-03	-2.265666e+00
3.476000e-05	-4.515002e-03	-1.980350e+00
3.477000e-05	-5.702086e-03	-1.736743e+00
3.478000e-05	-5.634268e-03	-1.402930e+00
3.479000e-05	-6.781436e-03	-1.075112e+00
3.480000e-05	-4.940877e-03	-8.406064e-01
3.481000e-05	-5.279795e-03	-5.053144e-01
3.482000e-05	-3.166349e-03	-2.121078e-01
3.483000e-05	1.051461e-03	3.058245e-02
3.484000e-05	7.594153e-03	3.273172e-01
3.485000e-05	-1.187432e-03	6.200710e-01
3.486000e-05	1.609435e-03	8.426578e-01
3.487000e-05	-2.968758e-03	1.217872e+00
3.488000e-05	1.237525e-03	1.410081e+00
3.489000e-05	-9.016556e-04	1.776296e+00
3.490000e-05	1.271684e-02	1.967472e+00
3.491000e-05	4.653952e-02	2.199024e+00
3.492000e-05	6.603717e-02	2.567820e+00
3.493000e-05	-5.335572e-02	2.925788e+00
3.494000e-05	-5.047945e-02	3.168000e+00
3.495000e-05	-2.946543e-02	3.490585e+00
3.496000e-05	4.724959e-03	3.755791e+00
3.497000e-05	-4.860506e-02	3.946291e+00
3.498000e-05	-2.983755e-03	4.175276e+00
3.499000e-05	8.622869e-02	4.482108e+00
3.500000e-05	-5.733313e-02	4.735396e+00
3.501000e-05	1.230954e-01	5.028480e+00
3.502000e-05	-6.632592e-02	5.376850e+00
3.503000e-05	-1.790736e-02	5.599029e+00
3.504000e-05	3.112352e-02	5.872592e+00
3.505000e-05	-2.536707e-02	6.136950e+00
3.506000e-05	3.999602e-02	6.429553e+00
3.507000e-05	-5.141833e-02	6.705848e+00
3.508000e-05	5.065398e-02	6.968375e+00
3.509000e-05	1.701153e-02	7.261558e+00
3.510000e-05	-1.295850e-02	7.534275e+00
3.511000e-05	-2.237423e-02	7.818974e+00
3.512000e-05	-2.841830e-04	8.112590e+00
3.513000e-05	5.459480e-02	8.344850e+00
3.514000e-05	-1.916891e-02	8.536826e+00
3.515000e-05	-4.562959e-03	8.755897e+00
3.516000e-05	1.539129e-02	9.041960e+00
3.517000e-05	7.195693e-03	9.230558e+00
3.518000e-05	1.326053e-02	9.500664e+00
3.519000e-05	-2.323098e-02	9.715272e+00
3.520000e-05	1.583798e-02	9.955801e+00
3.521000e-05	1.421105e-02	1.017838e+01
3.522000e-05	2.155842e-02	1.042543e+01
3.523000e-05	-1.397309e-02	1.062851e+01
3.524000e-05	-3.859597e-03	1.083001e+01
3.525000e-05	2.097044e-02	1.107045e+01
3.526000e-05	7.053310e-03	1.118756e+01
3.527000e-05	2.367531e-03	1.145954e+01
3.528000e-05	-4.732062e-03	1.168012e+01
3.529000e-05	2.571201e-02	1.185260e+01
3.530000e-05	1.315496e-02	1.208101e+01
3.531000e-05	2.141906e-03	1.222004e+01
3.532000e-05	-5.476766e-03	1.239051e+01
3.533000e-05	1.332107e-02	1.259593e+01
3.534000e-05	1.815685e-02	1.275480e+01
3.535000e-05	4.357600e-03	1.292422e+01
3.536000e-05	3.230932e-03	1.308229e+01
3.537000e-05	1.307928e-02	1.326154e+01
3.538000e-05	2.028349e-02	1.339706e+01
3.539000e-05	4.851237e-03	1.353530e+01
3.540000e-05	-4.354339e-04	1.367969e+01
3.541000e-05	1.147770e-02	1.384999e+01
3.542000e-05	1.886449e-02	1.395686e+01
3.543000e-05	1.227829e-02	1.413265e+01
3.544000e-05	3.477470e-03	1.424854e+01
3.545000e-05	1.352492e-02	1.439741e+01
3.546000e-05	1.888318e-02	1.447117e+01
3.547000e-05	1.295736e-02	1.460733e+01
3.548000e-05	4.698633e-03	1.471215e+01
3.549000e-05	1.133104e-02	1.479643e+01
3.550000e-05	2.042089e-02	1.487159e+01
3.551000e-05	1.417094e-02	1.494582e+01
3.552000e-05	1.017629e-02	1.502851e+01
3.553000e-05	1.008885e-02	1.507067e+01
3.554000e-05	2.070732e-02	1.514535e+01
3.555000e-05	1.628524e-02	1.520751e+01
3.556000e-05	1.256139e-02	1.528112e+01
3.557000e-05	1.323003e-02	1.535475e+01
3.558000e-05	2.174047e-02	1.540743e+01
3.559000e-05	2.128691e-02	1.544901e+01
3.560000e-05	1.333259e-02	1.545159e+01
3.561000e-05	1.744167e-02	1.548064e+01
3.562000e-05	2.200855e-02	1.552370e+01
3.563000e-05	2.361855e-02	1.552475e+01
3.564000e-05	1.921280e-02	1.551475e+01
3.565000e-05	1.918059e-02	1.550578e+01
3.566000e-05	2.601164e-02	1.553433e+01
3.567000e-05	2.792302e-02	1.552428e+01
3.568000e-05	2.495099e-02	1.557375e+01
3.569000e-05	2.489826e-02	1.553277e+01
3.570000e-05	3.117018e-02	1.549362e+01
3.571000e-05	3.371213e-02	1.550112e+01
3.572000e-05	3.310439e-02	1.548102e+01
3.573000e-05	3.103686e-02	1.543896e+01
3.574000e-05	3.714501e-02	1.535581e+01
3.575000e-05	4.048925e-02	1.532372e+01
3.576000e-05	3.996098e-02	1.522054e+01
3.577000e-05	4.056526e-02	1.517788e+01
3.578000e-05	4.646628e-02	1.510218e+01
3.579000e-05	5.135970e-02	1.505049e+01
3.580000e-05	5.044936e-02	1.495880e+01
3.581000e-05	5.248452e-02	1.488262e+01
3.582000e-05	5.797968e-02	1.477943e+01
3.583000e-05	6.305610e-02	1.466223e+01
3.584000e-05	6.073205e-02	1.461793e+01
3.585000e-05	6.097441e-02	1.453472e+01
3.586000e-05	6.430816e-02	1.438938e+01
3.587000e-05	6.628490e-02	1.431164e+01
3.588000e-05	6.360992e-02	1.414528e+01
3.589000e-05	5.902966e-02	1.406956e+01
3.590000e-05	5.955725e-02	1.390424e+01
3.591000e-05	5.682316e-02	1.372678e+01
3.592000e-05	5.343562e-02	1.359647e+01
3.593000e-05	4.637916e-02	1.343109e+01
3.594000e-05	4.665443e-02	1.330425e+01
3.595000e-05	4.454520e-02	1.313590e+01
3.596000e-05	4.080839e-02	1.296898e+01
3.597000e-05	3.701971e-02	1.281257e+01
3.598000e-05	3.506485e-02	1.266107e+01
3.599000e-05	3.336083e-02	1.250475e+01
3.600000e-05	2.932267e-02	1.235588e+01
3.601000e-05	2.711577e-02	1.213893e+01
3.602000e-05	2.537342e-02	1.197643e+01
3.603000e-05	2.376236e-02	1.178741e+01
3.604000e-05	2.065770e-02	1.160803e+01
3.605000e-05	1.953511e-02	1.135685e+01
3.606000e-05	1.842135e-02	1.115775e+01
3.607000e-05	1.726093e-02	1.092630e+01
3.608000e-05	1.512796e-02	1.073728e+01
3.609000e-05	1.297783e-02	1.051535e+01
3.610000e-05	1.219119e-02	1.029324e+01
3.611000e-05	1.169135e-02	1.010324e+01
3.612000e-05	1.019221e-02	9.883112e+00
3.613000e-05	8.601755e-03	9.608959e+00
3.614000e-05	8.153149e-03	9.359453e+00
3.615000e-05	7.567852e-03	9.178930e+00
3.616000e-05	6.083027e-03	8.925773e+00
3.617000e-05	5.909368e-03	8.683715e+00
3.618000e-05	5.430078e-03	8.472645e+00
3.619000e-05	5.093001e-03	8.212582e+00
3.620000e-05	3.601291e-03	7.987403e+00
3.621000e-05	2.982507e-03	7.716793e+00
3.622000e-05	3.661482e-03	7.442659e+00
3.623000e-05	2.778227e-03	7.146925e+00
3.624000e-05	1.998322e-03	6.936746e+00
3.625000e-05	1.494403e-03	6.673636e+00
3.626000e-05	1.191441e-03	6.399031e+00
3.627000e-05	1.223067e-03	6.147896e+00
3.628000e-05	1.070110e-03	5.884820e+00
3.629000e-05	7.063495e-05	5.640081e+00
3.630000e-05	-4.040358e-04	5.367773e+00
3.631000e-05	-4.959202e-04	4.970977e+00
3.632000e-05	-9.945516e-05	4.672691e+00
3.633000e-05	-1.472435e-03	4.392009e+00
3.634000e-05	-2.714396e-03	4.117900e+00
3.635000e-05	-1.243357e-03	3.832159e+00
3.636000e-05	-9.339385e-04	3.600628e+00
3.637000e-05	-1.825211e-03	3.258241e+00
3.638000e-05	-2.740865e-03	3.021004e+00
3.639000e-05	-3.175185e-03	2.778870e+00
3.640000e-05	-2.432446e-03	2.472088e+00
3.641000e-05	-3.351321e-03	2.149419e+00
3.642000e-05	-4.549295e-03	1.925767e+00
3.643000e-05	-3.948676e-03	1.590554e+00
3.644000e-05	-3.363314e-03	1.296742e+00
3.645000e-05	-4.005927e-03	9.915001e-01
3.646000e-05	-4.206147e-03	6.447869e-01
3.647000e-05	-4.054573e-03	4.120528e-01
3.648000e-05	-2.501112e-03	7.379228e-02
3.649000e-05	1.401007e-03	-1.674707e-01
3.650000e-05	5.041303e-03	-4.290238e-01
3.651000e-05	-4.051465e-03	-7.131130e-01
3.652000e-05	-1.473655e-03	-9.759208e-01
3.653000e-05	-4.357766e-03	-1.212182e+00
3.654000e-05	-2.001620e-03	-1.525844e+00
3.655000e-05	4.742471e-04	-1.797521e+00
3.656000e-05	2.699587e-02	-2.029577e+00
3.657000e-05	9.685905e-02	-2.313284e+00
3.658000e-05	-4.600343e-02	-2.691709e+00
3.659000e-05	-4.943836e-02	-3.081658e+00
3.660000e-05	-4.930076e-02	-3.356896e+00
3.661000e-05	-1.333627e-02	-3.597949e+00
3.662000e-05	-7.336391e-02	-3.870137e+00
3.663000e-05	8.845288e-02	-4.061104e+00
3.664000e-05	-1.397216e-03	-4.250533e+00
3.665000e-05	-5.241748e-02	-4.585848e+00
3.666000e-05	1.608336e-01	-4.788452e+00
3.667000e-05	-1.453956e-01	-5.133264e+00
3.668000e-05	6.630291e-02	-5.481588e+00
3.669000e-05	-7.699556e-02	-5.703238e+00
3.670000e-05	-1.404679e-02	-5.986954e+00
3.671000e-05	8.601147e-02	-6.248513e+00
3.672000e-05	-9.915473e-02	-6.545318e+00
3.673000e-05	9.822873e-02	-6.816399e+00
3.674000e-05	-5.920720e-02	-7.092614e+00
3.675000e-05	6.054871e-03	-7.386900e+00
3.676000e-05	-1.037635e-02	-7.609551e+00
3.677000e-05	-5.670702e-02	-7.893268e+00
3.678000e-05	7.856433e-02	-8.186350e+00
3.679000e-05	-7.844558e-02	-8.408000e+00
3.680000e-05	6.312106e-02	-8.671137e+00
3.681000e-05	-4.956964e-02	-8.933263e+00
3.682000e-05	-1.057347e-03	-9.133795e+00
3.683000e-05	2.145968e-03	-9.333872e+00
3.684000e-05	-3.973705e-02	-9.590504e+00
3.685000e-05	3.594252e-02	-9.860010e+00
3.686000e-05	-5.247787e-02	-1.006008e+01
3.687000e-05	4.808386e-02	-1.029116e+01
3.688000e-05	-5.512544e-02	-1.050117e+01
3.689000e-05	1.947129e-02	-1.073324e+01
3.690000e-05	-3.755385e-02	-1.089224e+01
3.691000e-05	6.225438e-03	-1.115422e+01
3.692000e-05	-1.427474e-02	-1.131224e+01
3.693000e-05	-1.203911e-02	-1.154535e+01
3.694000e-05	6.145306e-05	-1.177538e+01
3.695000e-05	-2.049657e-02	-1.201688e+01
3.696000e-05	2.267479e-03	-1.216635e+01
3.697000e-05	-3.282345e-02	-1.235430e+01
3.698000e-05	5.272570e-03	-1.253440e+01
3.699000e-05	-2.855997e-02	-1.270074e+01
3.700000e-05	4.171189e-03	-1.291019e+01
3.701000e-05	-2.515242e-02	-1.303851e+01
3.702000e-05	-4.403443e-04	-1.316533e+01
3.703000e-05	-2.012284e-02	-1.333434e+01
3.704000e-05	-9.985320e-03	-1.352022e+01
3.705000e-05	-1.718308e-02	-1.360804e+01
3.706000e-05	-1.577165e-02	-1.380440e+01
3.707000e-05	-1.202739e-02	-1.392217e+01
3.708000e-05	-1.693487e-02	-1.403804e+01
3.709000e-05	-1.048555e-02	-1.414843e+01
3.710000e-05	-1.847740e-02	-1.427175e+01
3.711000e-05	-1.211792e-02	-1.444906e+01
3.712000e-05	-2.171327e-02	-1.452380e+01
3.713000e-05	-1.488940e-02	-1.464904e+01
3.714000e-05	-1.955547e-02	-1.473382e+01
3.715000e-05	-1.487027e-02	-1.483048e+01
3.716000e-05	-1.839247e-02	-1.491170e+01
3.717000e-05	-1.823524e-02	-1.496848e+01
3.718000e-05	-2.066175e-02	-1.507157e+01
3.719000e-05	-1.874517e-02	-1.517428e+01
3.720000e-05	-2.240483e-02	-1.521748e+01
3.721000e-05	-2.063701e-02	-1.526262e+01
3.722000e-05	-2.233389e-02	-1.532615e+01
3.723000e-05	-1.961910e-02	-1.539686e+01
3.724000e-05	-2.215724e-02	-1.541903e+01
3.725000e-05	-2.482634e-02	-1.544057e+01
3.726000e-05	-2.396345e-02	-1.551267e+01
3.727000e-05	-2.555632e-02	-1.554377e+01
3.728000e-05	-2.367962e-02	-1.555485e+01
3.729000e-05	-2.773375e-02	-1.556643e+01
3.730000e-05	-2.754046e-02	-1.557735e+01
3.731000e-05	-2.947501e-02	-1.557633e+01
3.732000e-05	-2.981567e-02	-1.556698e+01
3.733000e-05	-3.182180e-02	-1.558538e+01
3.734000e-05	-3.385282e-02	-1.554630e+01
3.735000e-05	-3.468490e-02	-1.553380e+01
3.736000e-05	-3.488641e-02	-1.553327e+01
3.737000e-05	-3.671040e-02	-1.553177e+01
3.738000e-05	-3.915680e-02	-1.541064e+01
3.739000e-05	-4.249654e-02	-1.540898e+01
3.740000e-05	-4.234767e-02	-1.534583e+01
3.741000e-05	-4.430493e-02	-1.528475e+01
3.742000e-05	-4.619816e-02	-1.523914e+01
3.743000e-05	-5.045815e-02	-1.520793e+01
3.744000e-05	-5.187021e-02	-1.512523e+01
3.745000e-05	-5.470447e-02	-1.507007e+01
3.746000e-05	-5.869700e-02	-1.500843e+01
3.747000e-05	-6.276208e-02	-1.488123e+01
3.748000e-05	-6.397704e-02	-1.481948e+01
3.749000e-05	-6.526842e-02	-1.473420e+01
3.750000e-05	-6.928694e-02	-1.466954e+01
3.751000e-05	-7.013933e-02	-1.454530e+01
3.752000e-05	-7.028812e-02	-1.441049e+01
3.753000e-05	-6.853273e-02	-1.430264e+01
3.754000e-05	-7.024777e-02	-1.418791e+01
3.755000e-05	-6.822502e-02	-1.403904e+01
3.756000e-05	-6.594915e-02	-1.391470e+01
3.757000e-05	-6.090127e-02	-1.374488e+01
3.758000e-05	-5.977717e-02	-1.357943e+01
3.759000e-05	-5.740024e-02	-1.347364e+01
3.760000e-05	-5.408044e-02	-1.338730e+01
3.761000e-05	-4.930553e-02	-1.315733e+01
3.762000e-05	-4.707816e-02	-1.301103e+01
3.763000e-05	-4.604023e-02	-1.289162e+01
3.764000e-05	-4.219566e-02	-1.271424e+01
3.765000e-05	-3.853265e-02	-1.253730e+01
3.766000e-05	-3.717371e-02	-1.237582e+01
3.767000e-05	-3.591431e-02	-1.216793e+01
3.768000e-05	-3.264415e-02	-1.199948e+01
3.769000e-05	-3.017349e-02	-1.177743e+01
3.770000e-05	-2.868137e-02	-1.156590e+01
3.771000e-05	-2.758234e-02	-1.135682e+01
3.772000e-05	-2.512475e-02	-1.110422e+01
3.773000e-05	-2.386472e-02	-1.087572e+01
3.774000e-05	-2.310339e-02	-1.072472e+01
3.775000e-05	-2.268785e-02	-1.053630e+01
3.776000e-05	-2.130443e-02	-1.030267e+01
3.777000e-05	-1.951621e-02	-1.005314e+01
3.778000e-05	-1.789334e-02	-9.842161e+00
3.779000e-05	-1.741867e-02	-9.632039e+00
3.780000e-05	-1.627858e-02	-9.390130e+00
3.781000e-05	-1.540867e-02	-9.167880e+00
3.782000e-05	-1.489816e-02	-8.955896e+00
3.783000e-05	-1.445362e-02	-8.734793e+00
3.784000e-05	-1.454197e-02	-8.422567e+00
3.785000e-05	-1.282193e-02	-8.191058e+00
3.786000e-05	-1.271261e-02	-7.978928e+00
3.787000e-05	-1.210465e-02	-7.695220e+00
3.788000e-05	-1.198028e-02	-7.429534e+00
3.789000e-05	-1.111863e-02	-7.177905e+00
3.790000e-05	-1.105817e-02	-6.845168e+00
3.791000e-05	-1.039342e-02	-6.639010e+00
3.792000e-05	-1.059710e-02	-6.400429e+00
3.793000e-05	-9.532022e-03	-6.114220e+00
3.794000e-05	-9.571737e-03	-5.872610e+00
3.795000e-05	-8.236393e-03	-5.590905e+00
3.796000e-05	-1.050774e-02	-5.264270e+00
3.797000e-05	-8.366776e-03	-4.998474e+00
3.798000e-05	-8.117150e-03	-4.603054e+00
3.799000e-05	-6.423942e-03	-4.400606e+00
3.800000e-05	-8.109470e-03	-4.177851e+00
3.801000e-05	-7.340013e-03	-3.843712e+00
3.802000e-05	-8.207786e-03	-3.599430e+00
3.803000e-05	-7.927624e-03	-3.328295e+00
3.804000e-05	-7.891417e-03	-2.982058e+00
3.805000e-05	-6.579659e-03	-2.747319e+00
3.806000e-05	-5.116678e-03	-2.474132e+00
3.807000e-05	-4.831451e-03	-2.129426e+00
3.808000e-05	-5.413223e-03	-1.895238e+00
3.809000e-05	-5.989657e-03	-1.611557e+00
3.810000e-05	-5.368973e-03	-1.274161e+00
3.811000e-05	-6.245075e-03	-1.008999e+00
3.812000e-05	-4.934472e-03	-6.952409e-01
3.813000e-05	-4.495832e-03	-4.104738e-01
3.814000e-05	-1.896067e-03	-1.458143e-01
3.815000e-05	5.552555e-03	1.853694e-01
3.816000e-05	2.358049e-03	4.216028e-01
3.817000e-05	7.641714e-04	6.947367e-01
3.818000e-05	1.097446e-04	1.007441e+00
3.819000e-05	7.194883e-04	1.294059e+00
3.820000e-05	5.168007e-04	1.556345e+00
3.821000e-05	1.855629e-03	1.841579e+00
3.822000e-05	1.884202e-02	2.083109e+00
3.823000e-05	7.294786e-02	2.314843e+00
3.824000e-05	1.862107e-02	2.683139e+00
3.825000e-05	-5.640858e-02	3.038504e+00
3.826000e-05	-4.685926e-02	3.273710e+00
3.827000e-05	-8.689976e-03	3.556825e+00
3.828000e-05	-1.469920e-02	3.828526e+00
3.829000e-05	-5.398822e-02	4.019652e+00
3.830000e-05	5.507164e-02	4.261659e+00
3.831000e-05	2.089764e-02	4.577351e+00
3.832000e-05	2.733784e-03	4.840055e+00
3.833000e-05	8.822000e-02	5.145797e+00
3.834000e-05	-9.628170e-02	5.473108e+00
3.835000e-05	3.380378e-02	5.725739e+00
3.836000e-05	-6.171337e-03	5.990424e+00
3.837000e-05	6.171010e-03	6.261559e+00
3.838000e-05	1.085368e-02	6.504316e+00
3.839000e-05	-3.460358e-02	6.819900e+00
3.840000e-05	7.119791e-02	7.082110e+00
3.841000e-05	-1.712577e-02	7.365817e+00
3.842000e-05	-3.906224e-03	7.629059e+00
3.843000e-05	-3.497904e-02	7.903116e+00
3.844000e-05	3.604253e-02	8.229376e+00
3.845000e-05	3.493630e-02	8.418479e+00
3.846000e-05	-3.570018e-02	8.619509e+00
3.847000e-05	1.967253e-02	8.911655e+00
3.848000e-05	-2.352572e-03	9.112193e+00
3.849000e-05	2.532467e-02	9.347371e+00
3.850000e-05	-1.463238e-02	9.604850e+00
3.851000e-05	-8.143132e-04	9.829508e+00
3.852000e-05	1.553548e-02	1.006851e+01
3.853000e-05	2.068742e-02	1.027264e+01
3.854000e-05	1.042204e-02	1.050111e+01
3.855000e-05	-2.162715e-02	1.068166e+01
3.856000e-05	1.648020e-02	1.091364e+01
3.857000e-05	1.017284e-02	1.111277e+01
3.858000e-05	1.378326e-02	1.128234e+01
3.859000e-05	-1.101902e-02	1.155432e+01
3.860000e-05	1.581852e-02	1.176590e+01
3.861000e-05	1.605509e-02	1.193480e+01
3.862000e-05	1.229806e-02	1.213480e+01
3.863000e-05	-4.548126e-03	1.233275e+01
3.864000e-05	1.728461e-03	1.249267e+01
3.865000e-05	1.886409e-02	1.266059e+01
3.866000e-05	8.998007e-03	1.280748e+01
3.867000e-05	5.392043e-03	1.301643e+01
3.868000e-05	2.556184e-03	1.317325e+01
3.869000e-05	2.224679e-02	1.329277e+01
3.870000e-05	1.015007e-02	1.345906e+01
3.871000e-05	5.806787e-03	1.362793e+01
3.872000e-05	1.785794e-04	1.375373e+01
3.873000e-05	1.814068e-02	1.393020e+01
3.874000e-05	1.368870e-02	1.404996e+01
3.875000e-05	7.137469e-03	1.415635e+01
3.876000e-05	7.332384e-03	1.434377e+01
3.877000e-05	1.718587e-02	1.439854e+01
3.878000e-05	1.767632e-02	1.452375e+01
3.879000e-05	6.318306e-03	1.462764e+01
3.880000e-05	8.991426e-03	1.473425e+01
3.881000e-05	1.441063e-02	1.481891e+01
3.882000e-05	2.042101e-02	1.488317e+01
3.883000e-05	1.112464e-02	1.495525e+01
3.884000e-05	1.094776e-02	1.503954e+01
3.885000e-05	1.583142e-02	1.509323e+01
3.886000e-05	1.988672e-02	1.517888e+01
3.887000e-05	1.349614e-02	1.522046e+01
3.888000e-05	1.071444e-02	1.531270e+01
3.889000e-05	1.837669e-02	1.537535e+01
3.890000e-05	2.137023e-02	1.541696e+01
3.891000e-05	1.943845e-02	1.544809e+01
3.892000e-05	1.410593e-02	1.548209e+01
3.893000e-05	2.080479e-02	1.551223e+01
3.894000e-05	2.308997e-02	1.552375e+01
3.895000e-05	2.245282e-02	1.552423e+01
3.896000e-05	1.787339e-02	1.555428e+01
3.897000e-05	2.268012e-02	1.555430e+01
3.898000e-05	2.755879e-02	1.555578e+01
3.899000e-05	2.621722e-02	1.555428e+01
3.900000e-05	2.444686e-02	1.552467e+01
3.901000e-05	2.720762e-02	1.547377e+01
3.902000e-05	3.429258e-02	1.548260e+01
3.903000e-05	3.330529e-02	1.545962e+01
3.904000e-05	3.004793e-02	1.542053e+01
3.905000e-05	3.328218e-02	1.538693e+01
3.906000e-05	3.896117e-02	1.535387e+01
3.907000e-05	4.071209e-02	1.528165e+01
3.908000e-05	3.799779e-02	1.521746e+01
3.909000e-05	4.243213e-02	1.515436e+01
3.910000e-05	4.827559e-02	1.508214e+01
3.911000e-05	5.117885e-02	1.496748e+01
3.912000e-05	4.990947e-02	1.490470e+01
3.913000e-05	5.429308e-02	1.482959e+01
3.914000e-05	6.042836e-02	1.476633e+01
3.915000e-05	6.335771e-02	1.465304e+01
3.916000e-05	6.055501e-02	1.460843e+01
3.917000e-05	6.267765e-02	1.445257e+01
3.918000e-05	6.578078e-02	1.435578e+01
3.919000e-05	6.478663e-02	1.424049e+01
3.920000e-05	6.003233e-02	1.411264e+01
3.921000e-05	5.747474e-02	1.395688e+01
3.922000e-05	5.922776e-02	1.383209e+01
3.923000e-05	5.753377e-02	1.369267e+01
3.924000e-05	5.116634e-02	1.353672e+01
3.925000e-05	4.682780e-02	1.339841e+01
3.926000e-05	4.587031e-02	1.326069e+01
3.927000e-05	4.502724e-02	1.308427e+01
3.928000e-05	3.833268e-02	1.294728e+01
3.929000e-05	3.507552e-02	1.276840e+01
3.930000e-05	3.442465e-02	1.262956e+01
3.931000e-05	3.378559e-02	1.244194e+01
3.932000e-05	2.790380e-02	1.229261e+01
3.933000e-05	2.367690e-02	1.208415e+01
3.934000e-05	2.421265e-02	1.191317e+01
3.935000e-05	2.439248e-02	1.171522e+01
3.936000e-05	2.151328e-02	1.148367e+01
3.937000e-05	1.710925e-02	1.127169e+01
3.938000e-05	1.705405e-02	1.108367e+01
3.939000e-05	1.705298e-02	1.083319e+01
3.940000e-05	1.507632e-02	1.068266e+01
3.941000e-05	1.114959e-02	1.043261e+01
3.942000e-05	1.126439e-02	1.021951e+01
3.943000e-05	1.181282e-02	1.001899e+01
3.944000e-05	1.088705e-02	9.757880e+00
3.945000e-05	8.160495e-03	9.515321e+00
3.946000e-05	7.972438e-03	9.316795e+00
3.947000e-05	7.369265e-03	9.145718e+00
3.948000e-05	6.488085e-03	8.821592e+00
3.949000e-05	4.821489e-03	8.609981e+00
3.950000e-05	4.461249e-03	8.389531e+00
3.951000e-05	4.833642e-03	8.137824e+00
3.952000e-05	4.662792e-03	7.864617e+00
3.953000e-05	3.612885e-03	7.629712e+00
3.954000e-05	2.215996e-03	7.318326e+00
3.955000e-05	2.576313e-03	7.054187e+00
3.956000e-05	2.406410e-03	6.813059e+00
3.957000e-05	1.548946e-03	6.517276e+00
3.958000e-05	9.319780e-04	6.293690e+00
3.959000e-05	1.283846e-03	6.054111e+00
3.960000e-05	1.589612e-03	5.799930e+00
3.961000e-05	1.140681e-04	5.516315e+00
3.962000e-05	-1.892755e-03	5.180033e+00
3.963000e-05	-1.134911e-03	4.853163e+00
3.964000e-05	1.472592e-04	4.559477e+00
3.965000e-05	3.251566e-04	4.327820e+00
3.966000e-05	-2.480825e-03	4.034055e+00
3.967000e-05	-2.578360e-03	3.746850e+00
3.968000e-05	-2.046696e-03	3.485666e+00
3.969000e-05	-1.887428e-03	3.212473e+00
3.970000e-05	-3.408297e-03	2.887342e+00
3.971000e-05	-4.644748e-03	2.673158e+00
3.972000e-05	-3.204942e-03	2.377819e+00
3.973000e-05	-1.865496e-03	2.056213e+00
3.974000e-05	-3.566562e-03	1.781078e+00
3.975000e-05	-4.612251e-03	1.464741e+00
3.976000e-05	-3.573085e-03	1.220999e+00
3.977000e-05	-3.142500e-03	8.351343e-01
3.978000e-05	-5.070876e-03	5.603965e-01
3.979000e-05	-4.982377e-03	3.052624e-01
3.980000e-05	-2.205639e-03	3.094649e-02
3.981000e-05	6.367822e-03	-2.626840e-01
3.982000e-05	4.489391e-04	-5.249153e-01
3.983000e-05	-1.061235e-03	-7.989775e-01
3.984000e-05	-4.911571e-03	-1.063156e+00
3.985000e-05	-6.317085e-04	-1.398494e+00
3.986000e-05	-3.212289e-03	-1.652655e+00
3.987000e-05	6.886994e-03	-1.892637e+00
3.988000e-05	5.322547e-02	-2.084289e+00
3.989000e-05	6.071930e-02	-2.410531e+00
3.990000e-05	-6.775739e-02	-2.808180e+00
3.991000e-05	-3.865606e-02	-3.186977e+00
3.992000e-05	-3.950939e-02	-3.461583e+00
3.993000e-05	-2.309218e-02	-3.682709e+00
3.994000e-05	-5.563628e-02	-3.926347e+00
3.995000e-05	1.310139e-01	-4.114288e+00
3.996000e-05	-1.144570e-01	-4.376422e+00
3.997000e-05	8.980960e-02	-4.641609e+00
3.998000e-05	4.585836e-02	-4.893136e+00
3.999000e-05	-1.114589e-01	-5.310184e+00
4.000000e-05	8.174941e-02	-5.533297e+00
4.001000e-05	-1.459667e-01	-5.858980e+00
4.002000e-05	9.555134e-02	-6.114765e+00
4.003000e-05	-1.814583e-02	-6.312793e+00
4.004000e-05	-3.201222e-02	-6.648613e+00
4.005000e-05	7.816870e-02	-6.843162e+00
4.006000e-05	-8.849755e-02	-7.186525e+00
4.007000e-05	5.225673e-02	-7.462184e+00
4.008000e-05	-8.080762e-02	-7.694267e+00
4.009000e-05	2.096995e-02	-7.998956e+00
4.010000e-05	2.139689e-02	-8.230059e+00
4.011000e-05	-4.546545e-02	-8.503684e+00
4.012000e-05	6.554610e-02	-8.734295e+00
4.013000e-05	-8.633123e-02	-9.007905e+00
4.014000e-05	4.801311e-02	-9.239554e+00
4.015000e-05	-5.742737e-02	-9.460514e+00
4.016000e-05	2.009962e-02	-9.723768e+00
4.017000e-05	-1.451664e-02	-9.912238e+00
4.018000e-05	-8.804109e-03	-1.015437e+01
4.019000e-05	1.869473e-02	-1.034442e+01
4.020000e-05	-4.602884e-02	-1.057691e+01
4.021000e-05	1.973192e-02	-1.077630e+01
4.022000e-05	-4.812596e-02	-1.101653e+01
4.023000e-05	2.664962e-02	-1.120741e+01
4.024000e-05	-3.801906e-02	-1.142650e+01
4.025000e-05	1.513371e-02	-1.161709e+01
4.026000e-05	-2.545766e-02	-1.181909e+01
4.027000e-05	2.718982e-03	-1.204101e+01
4.028000e-05	-2.174082e-02	-1.221803e+01
4.029000e-05	-1.531163e-02	-1.237795e+01
4.030000e-05	-7.402135e-03	-1.258798e+01
4.031000e-05	-1.626581e-02	-1.278535e+01
4.032000e-05	-2.045244e-03	-1.290227e+01
4.033000e-05	-2.511894e-02	-1.307119e+01
4.034000e-05	1.217839e-03	-1.320003e+01
4.035000e-05	-2.388240e-02	-1.339698e+01
4.036000e-05	-4.466690e-03	-1.356473e+01
4.037000e-05	-2.750060e-02	-1.362211e+01
4.038000e-05	-6.594747e-03	-1.385002e+01
4.039000e-05	-1.787860e-02	-1.398535e+01
4.040000e-05	-1.106008e-02	-1.411325e+01
4.041000e-05	-1.877309e-02	-1.426701e+01
4.042000e-05	-1.523200e-02	-1.437630e+01
4.043000e-05	-1.446356e-02	-1.447047e+01
4.044000e-05	-1.894219e-02	-1.458793e+01
4.045000e-05	-1.816716e-02	-1.467264e+01
4.046000e-05	-1.981844e-02	-1.474745e+01
4.047000e-05	-1.352859e-02	-1.487001e+01
4.048000e-05	-1.822238e-02	-1.492528e+01
4.049000e-05	-1.836508e-02	-1.499704e+01
4.050000e-05	-2.172562e-02	-1.510275e+01
4.051000e-05	-1.869994e-02	-1.518538e+01
4.052000e-05	-2.113730e-02	-1.521944e+01
4.053000e-05	-2.035360e-02	-1.528109e+01
4.054000e-05	-2.362764e-02	-1.535530e+01
4.055000e-05	-1.924206e-02	-1.538790e+01
4.056000e-05	-2.302119e-02	-1.546961e+01
4.057000e-05	-2.415649e-02	-1.549067e+01
4.058000e-05	-2.668905e-02	-1.551167e+01
4.059000e-05	-2.487406e-02	-1.554380e+01
4.060000e-05	-2.428549e-02	-1.554335e+01
4.061000e-05	-2.740688e-02	-1.555678e+01
4.062000e-05	-2.787934e-02	-1.556741e+01
4.063000e-05	-2.977417e-02	-1.559638e+01
4.064000e-05	-2.894640e-02	-1.556593e+01
4.065000e-05	-3.214111e-02	-1.558785e+01
4.066000e-05	-3.382768e-02	-1.553533e+01
4.067000e-05	-3.491486e-02	-1.550327e+01
4.068000e-05	-3.637301e-02	-1.548469e+01
4.069000e-05	-3.811722e-02	-1.548264e+01
4.070000e-05	-4.106600e-02	-1.544964e+01
4.071000e-05	-4.147480e-02	-1.540846e+01
4.072000e-05	-4.341585e-02	-1.534680e+01
4.073000e-05	-4.484343e-02	-1.527172e+01
4.074000e-05	-4.758521e-02	-1.521004e+01
4.075000e-05	-5.099769e-02	-1.516638e+01
4.076000e-05	-5.325851e-02	-1.512272e+01
4.077000e-05	-5.591585e-02	-1.507061e+01
4.078000e-05	-5.927284e-02	-1.496538e+01
4.079000e-05	-6.281106e-02	-1.487420e+01
4.080000e-05	-6.491455e-02	-1.477648e+01
4.081000e-05	-6.709671e-02	-1.469320e+01
4.082000e-05	-6.847476e-02	-1.458896e+01
4.083000e-05	-7.143972e-02	-1.447217e+01
4.084000e-05	-6.993625e-02	-1.435483e+01
4.085000e-05	-6.963081e-02	-1.426056e+01
4.086000e-05	-6.768341e-02	-1.410380e+01
4.087000e-05	-6.779347e-02	-1.396894e+01
4.088000e-05	-6.458056e-02	-1.384054e+01
4.089000e-05	-6.097417e-02	-1.367482e+01
4.090000e-05	-5.776448e-02	-1.357631e+01
4.091000e-05	-5.626711e-02	-1.344058e+01
4.092000e-05	-5.360008e-02	-1.327315e+01
4.093000e-05	-4.844775e-02	-1.313372e+01
4.094000e-05	-4.622101e-02	-1.295893e+01
4.095000e-05	-4.262074e-02	-1.279849e+01
4.096000e-05	-4.169498e-02	-1.263061e+01
4.097000e-05	-3.754597e-02	-1.243055e+01
4.098000e-05	-3.659868e-02	-1.225364e+01
4.099000e-05	-3.444769e-02	-1.211390e+01
4.100000e-05	-3.415730e-02	-1.192425e+01
4.101000e-05	-3.060391e-02	-1.169430e+01
4.102000e-05	-2.758124e-02	-1.143161e+01
4.103000e-05	-2.746511e-02	-1.128157e+01
4.104000e-05	-2.638320e-02	-1.103107e+01
4.105000e-05	-2.300308e-02	-1.079213e+01
4.106000e-05	-2.340767e-02	-1.065414e+01
4.107000e-05	-2.088051e-02	-1.038914e+01
4.108000e-05	-2.233072e-02	-1.020051e+01
4.109000e-05	-1.840593e-02	-9.948405e+00
4.110000e-05	-1.763296e-02	-9.779376e+00
4.111000e-05	-1.417265e-02	-9.575353e+00
4.112000e-05	-1.842220e-02	-9.285296e+00
4.113000e-05	-1.675238e-02	-9.083717e+00
4.114000e-05	-1.607278e-02	-8.862639e+00
4.115000e-05	-1.577229e-02	-8.581028e+00
4.116000e-05	-1.518391e-02	-8.326926e+00
4.117000e-05	-1.227492e-02	-8.136822e+00
4.118000e-05	-9.715451e-03	-7.914264e+00
4.119000e-05	-9.797943e-03	-7.568905e+00
4.120000e-05	-8.779792e-03	-7.345870e+00
4.121000e-05	-1.400266e-02	-7.103140e+00
4.122000e-05	-1.165173e-02	-6.810008e+00
4.123000e-05	-1.370692e-02	-6.527845e+00
4.124000e-05	-9.461037e-03	-6.275166e+00
4.125000e-05	-1.030282e-02	-6.031533e+00
4.126000e-05	-8.442497e-03	-5.736899e+00
4.127000e-05	-4.728307e-03	-5.454212e+00
4.128000e-05	-6.245388e-03	-5.159924e+00
4.129000e-05	-6.820414e-03	-4.842685e+00
4.130000e-05	-1.114369e-02	-4.526848e+00
4.131000e-05	-8.851766e-03	-4.326820e+00
4.132000e-05	-1.079170e-02	-4.053213e+00
4.133000e-05	-6.841514e-03	-3.757429e+00
4.134000e-05	-1.038266e-02	-3.514742e+00
4.135000e-05	-2.660965e-03	-3.212108e+00
4.136000e-05	-4.480764e-03	-2.887393e+00
4.137000e-05	-3.238170e-03	-2.603133e+00
4.138000e-05	-8.134330e-03	-2.368971e+00
4.139000e-05	-7.546894e-03	-2.064235e+00
4.140000e-05	-7.261588e-03	-1.758954e+00
4.141000e-05	-7.644266e-03	-1.517243e+00
4.142000e-05	-7.084786e-03	-1.156894e+00
4.143000e-05	-5.151111e-03	-8.562892e-01
4.144000e-05	-7.232702e-04	-5.889775e-01
4.145000e-05	-2.674361e-03	-2.967409e-01
4.146000e-05	-6.682559e-05	-4.258139e-02
4.147000e-05	6.059281e-03	2.926805e-01
4.148000e-05	-6.300514e-04	5.352907e-01
4.149000e-05	3.395040e-04	7.974173e-01
4.150000e-05	-2.912649e-03	1.080608e+00
4.151000e-05	8.276418e-04	1.367767e+00
4.152000e-05	1.325062e-03	1.682158e+00
4.153000e-05	1.072238e-02	1.934289e+00
4.154000e-05	3.075199e-02	2.145792e+00
4.155000e-05	8.044694e-02	2.470079e+00
4.156000e-05	-3.382510e-02	2.808530e+00
4.157000e-05	-5.262403e-02	3.082768e+00
4.158000e-05	-4.163049e-02	3.417951e+00
4.159000e-05	4.137790e-03	3.712111e+00
4.160000e-05	-3.860591e-02	3.883087e+00
4.161000e-05	-3.422215e-02	4.113237e+00
4.162000e-05	9.565777e-02	4.397398e+00
4.163000e-05	-4.861662e-02	4.690636e+00
4.164000e-05	8.980491e-02	4.925241e+00
4.165000e-05	-2.476185e-03	5.261132e+00
4.166000e-05	-6.292576e-02	5.535818e+00
4.167000e-05	4.465118e-02	5.889055e+00
4.168000e-05	-3.172726e-02	6.084167e+00
4.169000e-05	3.867442e-02	6.344868e+00
4.170000e-05	-3.299373e-02	6.639111e+00
4.171000e-05	1.197182e-02	6.913791e+00
4.172000e-05	4.752389e-02	7.186347e+00
4.173000e-05	-2.265056e-02	7.449616e+00
4.174000e-05	-9.365757e-03	7.714646e+00
4.175000e-05	-2.639426e-02	8.018011e+00
4.176000e-05	5.473812e-02	8.240591e+00
4.177000e-05	3.250394e-03	8.472138e+00
4.178000e-05	-2.281355e-02	8.713669e+00
4.179000e-05	2.306239e-02	8.984802e+00
4.180000e-05	-4.929014e-03	9.206924e+00
4.181000e-05	2.726517e-02	9.418505e+00
4.182000e-05	-2.723124e-02	9.670086e+00
4.183000e-05	1.265092e-02	9.921193e+00
4.184000e-05	1.060353e-02	1.012524e+01
4.185000e-05	2.378721e-02	1.035479e+01
4.186000e-05	-1.655133e-03	1.055538e+01
4.187000e-05	-1.639514e-02	1.075643e+01
4.188000e-05	2.246095e-02	1.094687e+01
4.189000e-05	4.804288e-03	1.118795e+01
4.190000e-05	1.257176e-02	1.140743e+01
4.191000e-05	-1.328191e-02	1.163901e+01
4.192000e-05	2.454473e-02	1.182741e+01
4.193000e-05	1.192868e-02	1.201800e+01
4.194000e-05	9.497943e-03	1.221655e+01
4.195000e-05	-6.309325e-03	1.239578e+01
4.196000e-05	7.240394e-03	1.250488e+01
4.197000e-05	2.045900e-02	1.271379e+01
4.198000e-05	6.173002e-03	1.286062e+01
4.199000e-05	5.509826e-03	1.306859e+01
4.200000e-05	4.913317e-03	1.319694e+01
4.201000e-05	2.265213e-02	1.338583e+01
4.202000e-05	6.807407e-03	1.352219e+01
4.203000e-05	3.499352e-03	1.363854e+01
4.204000e-05	4.459438e-03	1.379791e+01
4.205000e-05	1.860258e-02	1.397477e+01
4.206000e-05	1.420538e-02	1.405004e+01
4.207000e-05	4.852612e-03	1.424949e+01
4.208000e-05	1.081443e-02	1.437180e+01
4.209000e-05	1.565244e-02	1.447167e+01
4.210000e-05	1.626918e-02	1.453586e+01
4.211000e-05	6.173388e-03	1.464156e+01
4.212000e-05	1.042498e-02	1.474635e+01
4.213000e-05	1.584682e-02	1.482053e+01
4.214000e-05	1.836103e-02	1.491469e+01
4.215000e-05	1.230551e-02	1.498748e+01
4.216000e-05	1.005531e-02	1.507012e+01
4.217000e-05	1.651152e-02	1.512730e+01
4.218000e-05	1.769649e-02	1.521648e+01
4.219000e-05	1.532378e-02	1.527160e+01
4.220000e-05	1.239828e-02	1.531425e+01
4.221000e-05	1.914778e-02	1.538680e+01
4.222000e-05	1.985285e-02	1.541746e+01
4.223000e-05	1.733002e-02	1.545859e+01
4.224000e-05	1.661137e-02	1.549107e+01
4.225000e-05	2.020998e-02	1.549372e+01
4.226000e-05	2.287775e-02	1.551370e+01
4.227000e-05	2.157707e-02	1.552418e+01
4.228000e-05	2.036841e-02	1.558533e+01
4.229000e-05	2.295583e-02	1.554528e+01
4.230000e-05	2.770865e-02	1.556475e+01
4.231000e-05	2.604139e-02	1.555580e+01
4.232000e-05	2.603897e-02	1.553225e+01
4.233000e-05	2.837036e-02	1.549417e+01
4.234000e-05	3.215367e-02	1.547209e+01
4.235000e-05	3.380434e-02	1.546102e+01
4.236000e-05	3.195071e-02	1.540998e+01
4.237000e-05	3.491915e-02	1.537583e+01
4.238000e-05	3.828553e-02	1.532468e+01
4.239000e-05	4.106252e-02	1.523054e+01
4.240000e-05	4.103894e-02	1.521841e+01
4.241000e-05	4.435146e-02	1.513282e+01
4.242000e-05	4.761143e-02	1.503206e+01
4.243000e-05	5.107898e-02	1.499738e+01
4.244000e-05	5.332824e-02	1.491377e+01
4.245000e-05	5.627914e-02	1.479946e+01
4.246000e-05	6.093059e-02	1.470375e+01
4.247000e-05	6.291552e-02	1.465011e+01
4.248000e-05	6.302046e-02	1.453430e+01
4.249000e-05	6.337889e-02	1.439996e+01
4.250000e-05	6.365080e-02	1.434475e+01
4.251000e-05	6.366630e-02	1.417956e+01
4.252000e-05	6.066498e-02	1.407259e+01
4.253000e-05	5.944991e-02	1.392522e+01
4.254000e-05	5.649107e-02	1.377801e+01
4.255000e-05	5.513548e-02	1.363105e+01
4.256000e-05	4.995452e-02	1.350264e+01
4.257000e-05	4.738090e-02	1.335783e+01
4.258000e-05	4.449657e-02	1.322999e+01
4.259000e-05	4.170409e-02	1.306151e+01
4.260000e-05	3.861812e-02	1.284267e+01
4.261000e-05	3.557752e-02	1.273527e+01
4.262000e-05	3.350955e-02	1.256687e+01
4.263000e-05	3.042707e-02	1.237995e+01
4.264000e-05	2.866690e-02	1.222954e+01
4.265000e-05	2.486146e-02	1.198941e+01
4.266000e-05	2.415791e-02	1.180959e+01
4.267000e-05	2.150794e-02	1.162156e+01
4.268000e-05	2.041857e-02	1.141056e+01
4.269000e-05	1.829686e-02	1.117888e+01
4.270000e-05	1.660510e-02	1.098996e+01
4.271000e-05	1.425331e-02	1.078998e+01
4.272000e-05	1.503214e-02	1.063043e+01
4.273000e-05	1.356317e-02	1.035585e+01
4.274000e-05	1.121085e-02	1.015628e+01
4.275000e-05	9.687914e-03	9.914771e+00
4.276000e-05	9.975912e-03	9.654724e+00
4.277000e-05	9.333288e-03	9.441111e+00
4.278000e-05	7.861421e-03	9.211139e+00
4.279000e-05	6.725175e-03	8.968580e+00
4.280000e-05	6.088339e-03	8.756800e+00
4.281000e-05	5.891137e-03	8.505748e+00
4.282000e-05	5.095696e-03	8.284737e+00
4.283000e-05	3.993779e-03	8.032041e+00
4.284000e-05	3.168427e-03	7.758456e+00
4.285000e-05	3.476663e-03	7.526196e+00
4.286000e-05	3.743270e-03	7.241516e+00
4.287000e-05	2.708092e-03	6.978503e+00
4.288000e-05	1.053353e-03	6.725247e+00
4.289000e-05	1.489187e-03	6.434118e+00
4.290000e-05	1.355745e-03	6.201004e+00
4.291000e-05	1.848670e-03	5.967948e+00
4.292000e-05	-5.136174e-04	5.653716e+00
4.293000e-05	-4.416113e-04	5.420007e+00
4.294000e-05	-2.875578e-04	5.055195e+00
4.295000e-05	6.470866e-04	4.798400e+00
4.296000e-05	-1.317526e-03	4.474266e+00
4.297000e-05	-1.782836e-03	4.201557e+00
4.298000e-05	-1.153436e-03	3.937294e+00
4.299000e-05	-1.606873e-03	3.633638e+00
4.300000e-05	-2.924027e-03	3.349928e+00
4.301000e-05	-2.161463e-03	3.086712e+00
4.302000e-05	-2.500765e-03	2.832105e+00
4.303000e-05	-3.426037e-03	2.517922e+00
4.304000e-05	-3.381223e-03	2.232059e+00
4.305000e-05	-4.305035e-03	2.020450e+00
4.306000e-05	-3.035441e-03	1.695761e+00
4.307000e-05	-3.623121e-03	1.371553e+00
4.308000e-05	-4.063159e-03	1.085659e+00
4.309000e-05	-4.607604e-03	7.873687e-01
4.310000e-05	-3.940882e-03	4.652370e-01
4.311000e-05	-3.229246e-03	1.509813e-01
4.312000e-05	-2.566494e-03	-9.418566e-02
4.313000e-05	6.196467e-03	-3.563158e-01
4.314000e-05	-3.517592e-03	-6.395262e-01
4.315000e-05	8.977206e-04	-9.237604e-01
4.316000e-05	-4.904617e-03	-1.156916e+00
4.317000e-05	-1.287222e-03	-1.493635e+00
4.318000e-05	-3.918479e-03	-1.735366e+00
4.319000e-05	1.798328e-02	-1.955346e+00
4.320000e-05	8.901441e-02	-2.207428e+00
4.321000e-05	-4.505495e-03	-2.616871e+00
4.322000e-05	-6.071282e-02	-2.996798e+00
4.323000e-05	-4.422021e-02	-3.313692e+00
4.324000e-05	-1.948005e-02	-3.515220e+00
4.325000e-05	-5.332860e-02	-3.786917e+00
4.326000e-05	2.255037e-02	-4.001449e+00
4.327000e-05	8.165244e-02	-4.175998e+00
4.328000e-05	-1.265613e-01	-4.432159e+00
4.329000e-05	1.582368e-01	-4.754768e+00
4.330000e-05	-9.076142e-02	-5.009529e+00
4.331000e-05	-2.868452e-03	-5.385934e+00
4.332000e-05	5.062455e-03	-5.639603e+00
4.333000e-05	-1.024650e-01	-5.893740e+00
4.334000e-05	1.253364e-01	-6.166925e+00
4.335000e-05	-9.739036e-02	-6.441055e+00
4.336000e-05	5.857104e-02	-6.744794e+00
4.337000e-05	1.009198e-04	-7.016400e+00
4.338000e-05	-4.361044e-02	-7.324218e+00
4.339000e-05	3.807997e-02	-7.524321e+00
4.340000e-05	-9.385896e-02	-7.838486e+00
4.341000e-05	7.679064e-02	-8.113765e+00
4.342000e-05	-5.478763e-02	-8.323793e+00
4.343000e-05	2.241853e-02	-8.587450e+00
4.344000e-05	4.843392e-03	-8.830054e+00
4.345000e-05	-5.122737e-02	-9.081216e+00
4.346000e-05	4.168337e-02	-9.281637e+00
4.347000e-05	-7.078797e-02	-9.575775e+00
4.348000e-05	4.882013e-02	-9.756424e+00
4.349000e-05	-5.410222e-02	-1.000587e+01
4.350000e-05	3.829682e-02	-1.024906e+01
4.351000e-05	-3.294071e-02	-1.041054e+01
4.352000e-05	-4.239167e-03	-1.070116e+01
4.353000e-05	-1.089568e-02	-1.082996e+01
4.354000e-05	-2.186377e-02	-1.106061e+01
4.355000e-05	9.287932e-03	-1.127114e+01
4.356000e-05	-3.198735e-02	-1.148172e+01
4.357000e-05	1.652260e-02	-1.168369e+01
4.358000e-05	-3.078891e-02	-1.190267e+01
4.359000e-05	1.141907e-02	-1.210274e+01
4.360000e-05	-3.673971e-02	-1.230172e+01
4.361000e-05	2.665668e-03	-1.248257e+01
4.362000e-05	-2.363699e-02	-1.264006e+01
4.363000e-05	-1.317577e-03	-1.279896e+01
4.364000e-05	-1.732665e-02	-1.300793e+01
4.365000e-05	-1.063024e-02	-1.313235e+01
4.366000e-05	-1.015089e-02	-1.329327e+01
4.367000e-05	-1.851729e-02	-1.344051e+01
4.368000e-05	-1.214533e-02	-1.357786e+01
4.369000e-05	-2.389871e-02	-1.372480e+01
4.370000e-05	-6.462816e-03	-1.389269e+01
4.371000e-05	-1.958211e-02	-1.400751e+01
4.372000e-05	-9.314172e-03	-1.415435e+01
4.373000e-05	-2.000128e-02	-1.427009e+01
4.374000e-05	-1.095699e-02	-1.438793e+01
4.375000e-05	-1.975914e-02	-1.449320e+01
4.376000e-05	-1.751515e-02	-1.462901e+01
4.377000e-05	-1.987919e-02	-1.470330e+01
4.378000e-05	-1.651205e-02	-1.482896e+01
4.379000e-05	-1.630474e-02	-1.488015e+01
4.380000e-05	-1.846211e-02	-1.497743e+01
4.381000e-05	-1.976158e-02	-1.508009e+01
4.382000e-05	-1.883281e-02	-1.514470e+01
4.383000e-05	-1.981296e-02	-1.521736e+01
4.384000e-05	-2.208637e-02	-1.525049e+01
4.385000e-05	-2.328226e-02	-1.525320e+01
4.386000e-05	-2.281371e-02	-1.536638e+01
4.387000e-05	-2.090979e-02	-1.539844e+01
4.388000e-05	-2.525621e-02	-1.544959e+01
4.389000e-05	-2.329814e-02	-1.549272e+01
4.390000e-05	-2.460900e-02	-1.555217e+01
4.391000e-05	-2.257718e-02	-1.553485e+01
4.392000e-05	-2.707753e-02	-1.553538e+01
4.393000e-05	-2.853855e-02	-1.558730e+01
4.394000e-05	-2.976247e-02	-1.557788e+01
4.395000e-05	-3.022321e-02	-1.558593e+01
4.396000e-05	-3.063202e-02	-1.559486e+01
4.397000e-05	-3.314362e-02	-1.556698e+01
4.398000e-05	-3.307110e-02	-1.554533e+01
4.399000e-05	-3.378125e-02	-1.554277e+01
4.400000e-05	-3.644361e-02	-1.552319e+01
4.401000e-05	-4.036900e-02	-1.544057e+01
4.402000e-05	-4.214154e-02	-1.543756e+01
4.403000e-05	-4.221312e-02	-1.536788e+01
4.404000e-05	-4.427418e-02	-1.529577e+01
4.405000e-05	-4.605160e-02	-1.529169e+01
4.406000e-05	-4.830303e-02	-1.521989e+01
4.407000e-05	-5.006374e-02	-1.514530e+01
4.408000e-05	-5.312348e-02	-1.509067e+01
4.409000e-05	-5.748033e-02	-1.502038e+01
4.410000e-05	-6.241136e-02	-1.488480e+01
4.411000e-05	-6.367024e-02	-1.482159e+01
4.412000e-05	-6.624660e-02	-1.475633e+01
4.413000e-05	-6.737281e-02	-1.468059e+01
4.414000e-05	-6.990633e-02	-1.452635e+01
4.415000e-05	-6.957976e-02	-1.442106e+01
4.416000e-05	-6.959806e-02	-1.432533e+01
4.417000e-05	-7.055218e-02	-1.417848e+01
4.418000e-05	-6.855257e-02	-1.403270e+01
4.419000e-05	-6.564845e-02	-1.392578e+01
4.420000e-05	-6.336483e-02	-1.378949e+01
4.421000e-05	-6.203140e-02	-1.365264e+01
4.422000e-05	-5.771930e-02	-1.351622e+01
4.423000e-05	-5.238013e-02	-1.335743e+01
4.424000e-05	-5.094288e-02	-1.318941e+01
4.425000e-05	-4.982155e-02	-1.302167e+01
4.426000e-05	-4.633268e-02	-1.291472e+01
4.427000e-05	-4.184019e-02	-1.276630e+01
4.428000e-05	-3.885179e-02	-1.257841e+01
4.429000e-05	-3.873678e-02	-1.239804e+01
4.430000e-05	-3.700831e-02	-1.222249e+01
4.431000e-05	-3.259224e-02	-1.203214e+01
4.432000e-05	-3.043962e-02	-1.187058e+01
4.433000e-05	-2.967643e-02	-1.164154e+01
4.434000e-05	-2.905284e-02	-1.138848e+01
4.435000e-05	-2.598300e-02	-1.114638e+01
4.436000e-05	-2.342124e-02	-1.096736e+01
4.437000e-05	-2.322506e-02	-1.077582e+01
4.438000e-05	-2.230717e-02	-1.058045e+01
4.439000e-05	-2.089941e-02	-1.036783e+01
4.440000e-05	-1.852347e-02	-1.011630e+01
4.441000e-05	-1.934740e-02	-9.873745e+00
4.442000e-05	-1.910585e-02	-9.655292e+00
4.443000e-05	-1.716313e-02	-9.483161e+00
4.444000e-05	-1.601948e-02	-9.222517e+00
4.445000e-05	-1.455912e-02	-9.009505e+00
4.446000e-05	-1.554112e-02	-8.768456e+00
4.447000e-05	-1.423232e-02	-8.496346e+00
4.448000e-05	-1.311589e-02	-8.263087e+00
4.449000e-05	-1.253555e-02	-8.042592e+00
4.450000e-05	-1.277130e-02	-7.767901e+00
4.451000e-05	-1.274134e-02	-7.454091e+00
4.452000e-05	-1.070312e-02	-7.261609e+00
4.453000e-05	-1.058340e-02	-6.947975e+00
4.454000e-05	-1.038334e-02	-6.705718e+00
4.455000e-05	-1.049134e-02	-6.442688e+00
4.456000e-05	-9.446126e-03	-6.180453e+00
4.457000e-05	-1.094871e-02	-5.885296e+00
4.458000e-05	-9.352569e-03	-5.672712e+00
4.459000e-05	-9.217192e-03	-5.368451e+00
4.460000e-05	-7.693157e-03	-5.073591e+00
4.461000e-05	-8.817934e-03	-4.708347e+00
4.462000e-05	-8.051742e-03	-4.454712e+00
4.463000e-05	-8.805573e-03	-4.202136e+00
4.464000e-05	-6.714064e-03	-3.998374e+00
4.465000e-05	-7.238918e-03	-3.664112e+00
4.466000e-05	-8.661256e-03	-3.398978e+00
4.467000e-05	-7.380168e-03	-3.107816e+00
4.468000e-05	-5.573360e-03	-2.801000e+00
4.469000e-05	-4.372595e-03	-2.529348e+00
4.470000e-05	-6.153171e-03	-2.244132e+00
4.471000e-05	-5.502955e-03	-1.958371e+00
4.472000e-05	-5.736631e-03	-1.675716e+00
4.473000e-05	-6.222980e-03	-1.339000e+00
4.474000e-05	-6.702552e-03	-1.033637e+00
4.475000e-05	-5.414205e-03	-7.995299e-01
4.476000e-05	-4.362892e-03	-4.667328e-01
4.477000e-05	-2.711292e-03	-2.205041e-01
4.478000e-05	2.697974e-03	5.255646e-02
4.479000e-05	6.292825e-03	3.563747e-01
4.480000e-05	-9.878786e-04	6.500525e-01
4.481000e-05	1.052140e-03	8.227363e-01
4.482000e-05	-2.104609e-03	1.208495e+00
4.483000e-05	1.671597e-03	1.463779e+00
4.484000e-05	-6.356958e-04	1.768425e+00
4.485000e-05	1.433720e-02	1.997975e+00
4.486000e-05	5.291552e-02	2.261058e+00
4.487000e-05	5.686830e-02	2.607951e+00
4.488000e-05	-5.474353e-02	2.956970e+00
4.489000e-05	-5.021456e-02	3.209576e+00
4.490000e-05	-2.535106e-02	3.511768e+00
4.491000e-05	2.260662e-03	3.746292e+00
4.492000e-05	-5.097060e-02	3.936347e+00
4.493000e-05	1.116698e-02	4.197954e+00
4.494000e-05	7.393533e-02	4.503667e+00
4.495000e-05	-4.666694e-02	4.775821e+00
4.496000e-05	1.205266e-01	5.029661e+00
4.497000e-05	-7.923282e-02	5.408399e+00
4.498000e-05	-3.207386e-03	5.619106e+00
4.499000e-05	2.352508e-02	5.912816e+00
4.500000e-05	-1.916779e-02	6.197527e+00
4.501000e-05	3.636853e-02	6.441081e+00
4.502000e-05	-5.028575e-02	6.763797e+00
4.503000e-05	6.009799e-02	6.988477e+00
4.504000e-05	5.211510e-03	7.261134e+00
4.505000e-05	-1.048975e-02	7.565322e+00
4.506000e-05	-2.780394e-02	7.830081e+00
4.507000e-05	1.100073e-02	8.083694e+00
4.508000e-05	5.148721e-02	8.336296e+00
4.509000e-05	-2.547479e-02	8.606899e+00
4.510000e-05	3.216177e-03	8.777448e+00
4.511000e-05	9.665922e-03	9.039514e+00
4.512000e-05	1.157956e-02	9.279709e+00
4.513000e-05	5.092641e-03	9.523218e+00
4.514000e-05	-1.704050e-02	9.755276e+00
4.515000e-05	1.628767e-02	9.956455e+00
4.516000e-05	1.659884e-02	1.017845e+01
4.517000e-05	2.010037e-02	1.036753e+01
4.518000e-05	-1.601601e-02	1.066954e+01
4.519000e-05	1.727081e-03	1.088209e+01
4.520000e-05	1.802388e-02	1.106958e+01
4.521000e-05	8.887662e-03	1.125059e+01
4.522000e-05	-2.056547e-03	1.151010e+01
4.523000e-05	1.631097e-03	1.166262e+01
4.524000e-05	2.265612e-02	1.190266e+01
4.525000e-05	1.199055e-02	1.208257e+01
4.526000e-05	-5.774849e-05	1.224962e+01
4.527000e-05	-2.558914e-03	1.244954e+01
4.528000e-05	1.469515e-02	1.261888e+01
4.529000e-05	1.531926e-02	1.276580e+01
4.530000e-05	4.725493e-03	1.295332e+01
4.531000e-05	3.115184e-03	1.312224e+01
4.532000e-05	1.554857e-02	1.326214e+01
4.533000e-05	1.644996e-02	1.342898e+01
4.534000e-05	5.740894e-03	1.351577e+01
4.535000e-05	1.675378e-04	1.370224e+01
4.536000e-05	1.443562e-02	1.382909e+01
4.537000e-05	1.837190e-02	1.399828e+01
4.538000e-05	1.042897e-02	1.408415e+01
4.539000e-05	4.381220e-03	1.426809e+01
4.540000e-05	1.489791e-02	1.441796e+01
4.541000e-05	1.769787e-02	1.450017e+01
4.542000e-05	9.352943e-03	1.459543e+01
4.543000e-05	7.115827e-03	1.471217e+01
4.544000e-05	1.295743e-02	1.480995e+01
4.545000e-05	2.204947e-02	1.489164e+01
4.546000e-05	1.254902e-02	1.494485e+01
4.547000e-05	1.119713e-02	1.508699e+01
4.548000e-05	1.151221e-02	1.510117e+01
4.549000e-05	2.014075e-02	1.515485e+01
4.550000e-05	1.526695e-02	1.522946e+01
4.551000e-05	1.085157e-02	1.530017e+01
4.552000e-05	1.587680e-02	1.534478e+01
4.553000e-05	2.202128e-02	1.540593e+01
4.554000e-05	2.050797e-02	1.544098e+01
4.555000e-05	1.324370e-02	1.549164e+01
4.556000e-05	1.758160e-02	1.548375e+01
4.557000e-05	2.200099e-02	1.553523e+01
4.558000e-05	2.489576e-02	1.555425e+01
4.559000e-05	1.905467e-02	1.553483e+01
4.560000e-05	2.024816e-02	1.555523e+01
4.561000e-05	2.647817e-02	1.558633e+01
4.562000e-05	2.785246e-02	1.552475e+01
4.563000e-05	2.389861e-02	1.553475e+01
4.564000e-05	2.362997e-02	1.550422e+01
4.565000e-05	3.220365e-02	1.549169e+01
4.566000e-05	3.294781e-02	1.546107e+01
4.567000e-05	3.226443e-02	1.544858e+01
4.568000e-05	3.048696e-02	1.541888e+01
4.569000e-05	3.827555e-02	1.532493e+01
4.570000e-05	4.012017e-02	1.532225e+01
4.571000e-05	4.035560e-02	1.518797e+01
4.572000e-05	4.091132e-02	1.518686e+01
4.573000e-05	4.706093e-02	1.509330e+01
4.574000e-05	5.183933e-02	1.501853e+01
4.575000e-05	5.019504e-02	1.494680e+01
4.576000e-05	5.162215e-02	1.489217e+01
4.577000e-05	5.748262e-02	1.477896e+01
4.578000e-05	6.268948e-02	1.473314e+01
4.579000e-05	6.270898e-02	1.455745e+01
4.580000e-05	6.236406e-02	1.447375e+01
4.581000e-05	6.449658e-02	1.442793e+01
4.582000e-05	6.368885e-02	1.426212e+01
4.583000e-05	6.212028e-02	1.410438e+01
4.584000e-05	5.724071e-02	1.400896e+01
4.585000e-05	5.899617e-02	1.387159e+01
4.586000e-05	5.590136e-02	1.377630e+01
4.587000e-05	5.520871e-02	1.358691e+01
4.588000e-05	4.837253e-02	1.342004e+01
4.589000e-05	4.695102e-02	1.332327e+01
4.590000e-05	4.375705e-02	1.314535e+01
4.591000e-05	4.063935e-02	1.297788e+01
4.592000e-05	3.602675e-02	1.280807e+01
4.593000e-05	3.349472e-02	1.268212e+01
4.594000e-05	3.223236e-02	1.251265e+01
4.595000e-05	3.043042e-02	1.232377e+01
4.596000e-05	2.690197e-02	1.214833e+01
4.597000e-05	2.466520e-02	1.196473e+01
4.598000e-05	2.296927e-02	1.173735e+01
4.599000e-05	2.185907e-02	1.154630e+01
4.600000e-05	1.918310e-02	1.133575e+01
4.601000e-05	1.773063e-02	1.109422e+01
4.602000e-05	1.634909e-02	1.092477e+01
4.603000e-05	1.578999e-02	1.073631e+01
4.604000e-05	1.371328e-02	1.049522e+01
4.605000e-05	1.304927e-02	1.027419e+01
4.606000e-05	1.142445e-02	1.005319e+01
4.607000e-05	1.109747e-02	9.852061e+00
4.608000e-05	9.393674e-03	9.578983e+00
4.609000e-05	7.339321e-03	9.378405e+00
4.610000e-05	7.355528e-03	9.148875e+00
4.611000e-05	6.362567e-03	8.884202e+00
4.612000e-05	5.959409e-03	8.651645e+00
4.613000e-05	5.185479e-03	8.432620e+00
4.614000e-05	5.870766e-03	8.190928e+00
4.615000e-05	5.367127e-03	7.895874e+00
4.616000e-05	3.792591e-03	7.675792e+00
4.617000e-05	1.799119e-03	7.369512e+00
4.618000e-05	2.707221e-03	7.147921e+00
4.619000e-05	3.178187e-03	6.866269e+00
4.620000e-05	1.461290e-03	6.651557e+00
4.621000e-05	-3.034918e-04	6.346875e+00
4.622000e-05	3.176786e-03	6.116748e+00
4.623000e-05	2.688654e-03	5.832561e+00
4.624000e-05	-7.029070e-04	5.558400e+00
4.625000e-05	-2.942113e-03	5.315220e+00
4.626000e-05	-1.317649e-03	4.888475e+00
4.627000e-05	2.106307e-03	4.622683e+00
4.628000e-05	-1.082349e-03	4.390030e+00
4.629000e-05	-3.076085e-03	4.115666e+00
4.630000e-05	-2.052817e-03	3.813083e+00
4.631000e-05	7.961130e-04	3.568928e+00
4.632000e-05	-1.849831e-03	3.244741e+00
4.633000e-05	-5.525141e-03	2.990029e+00
4.634000e-05	-4.503263e-03	2.767891e+00
4.635000e-05	-1.247615e-03	2.430630e+00
4.636000e-05	-2.697041e-03	2.137844e+00
4.637000e-05	-5.657343e-03	1.865190e+00
4.638000e-05	-4.222628e-03	1.579952e+00
4.639000e-05	-1.289966e-03	1.274742e+00
4.640000e-05	-2.163161e-03	9.278974e-01
4.641000e-05	-4.703235e-03	6.331594e-01
4.642000e-05	-5.164102e-03	4.104765e-01
4.643000e-05	-1.848937e-03	7.523202e-02
4.644000e-05	2.242195e-03	-1.800210e-01
4.645000e-05	1.608102e-03	-4.401825e-01
4.646000e-05	-3.100486e-03	-7.268431e-01
4.647000e-05	-5.523236e-04	-9.879736e-01
4.648000e-05	-1.781778e-03	-1.282110e+00
4.649000e-05	-3.566023e-03	-1.585946e+00
4.650000e-05	1.619637e-03	-1.827574e+00
4.651000e-05	3.328337e-02	-2.001101e+00
4.652000e-05	9.130007e-02	-2.344896e+00
4.653000e-05	-5.597320e-02	-2.722712e+00
4.654000e-05	-4.721043e-02	-3.132738e+00
4.655000e-05	-4.691489e-02	-3.368500e+00
4.656000e-05	-1.386750e-02	-3.608027e+00
4.657000e-05	-7.686531e-02	-3.883092e+00
4.658000e-05	1.052696e-01	-4.061108e+00
4.659000e-05	-3.104746e-02	-4.283188e+00
4.660000e-05	-1.513705e-02	-4.626450e+00
4.661000e-05	1.380510e-01	-4.791028e+00
4.662000e-05	-1.483720e-01	-5.164842e+00
4.663000e-05	7.962191e-02	-5.492668e+00
4.664000e-05	-1.003842e-01	-5.703320e+00
4.665000e-05	1.574927e-02	-6.038578e+00
4.666000e-05	6.045420e-02	-6.240033e+00
4.667000e-05	-8.462809e-02	-6.564372e+00
4.668000e-05	1.018576e-01	-6.788504e+00
4.669000e-05	-7.428495e-02	-7.072613e+00
4.670000e-05	2.050816e-02	-7.399930e+00
4.671000e-05	-3.071319e-02	-7.681059e+00
4.672000e-05	-3.600024e-02	-7.935850e+00
4.673000e-05	6.685786e-02	-8.197977e+00
4.674000e-05	-7.699338e-02	-8.439554e+00
4.675000e-05	7.065104e-02	-8.671121e+00
4.676000e-05	-6.226130e-02	-8.923266e+00
4.677000e-05	1.561186e-02	-9.136796e+00
4.678000e-05	-1.611754e-02	-9.366925e+00
4.679000e-05	-2.367213e-02	-9.640005e+00
4.680000e-05	2.549664e-02	-9.830062e+00
4.681000e-05	-4.405249e-02	-1.006164e+01
4.682000e-05	4.170021e-02	-1.028167e+01
4.683000e-05	-5.692611e-02	-1.050327e+01
4.684000e-05	2.442025e-02	-1.073472e+01
4.685000e-05	-4.385161e-02	-1.096534e+01
4.686000e-05	1.248659e-02	-1.115488e+01
4.687000e-05	-2.234506e-02	-1.138393e+01
4.688000e-05	-2.202741e-03	-1.154490e+01
4.689000e-05	-6.069554e-03	-1.178593e+01
4.690000e-05	-1.464730e-02	-1.196636e+01
4.691000e-05	-4.507199e-03	-1.216641e+01
4.692000e-05	-3.018110e-02	-1.232485e+01
4.693000e-05	2.354212e-03	-1.255380e+01
4.694000e-05	-2.641196e-02	-1.272217e+01
4.695000e-05	3.544284e-03	-1.284122e+01
4.696000e-05	-2.589255e-02	-1.304906e+01
4.697000e-05	2.166906e-03	-1.319643e+01
4.698000e-05	-2.095978e-02	-1.336388e+01
4.699000e-05	-8.080333e-03	-1.351222e+01
4.700000e-05	-2.327217e-02	-1.362851e+01
4.701000e-05	-1.372380e-02	-1.377638e+01
4.702000e-05	-1.441080e-02	-1.392580e+01
4.703000e-05	-1.581490e-02	-1.406012e+01
4.704000e-05	-1.290270e-02	-1.420795e+01
4.705000e-05	-1.622346e-02	-1.431422e+01
4.706000e-05	-1.086464e-02	-1.444904e+01
4.707000e-05	-2.132233e-02	-1.456477e+01
4.708000e-05	-1.640073e-02	-1.466011e+01
4.709000e-05	-2.164394e-02	-1.473475e+01
4.710000e-05	-1.455614e-02	-1.482911e+01
4.711000e-05	-1.985555e-02	-1.491325e+01
4.712000e-05	-1.770531e-02	-1.503751e+01
4.713000e-05	-2.072191e-02	-1.511109e+01
4.714000e-05	-1.676532e-02	-1.517628e+01
4.715000e-05	-2.196332e-02	-1.523691e+01
4.716000e-05	-2.033803e-02	-1.528269e+01
4.717000e-05	-2.403289e-02	-1.529425e+01
4.718000e-05	-2.045886e-02	-1.535646e+01
4.719000e-05	-2.359895e-02	-1.539901e+01
4.720000e-05	-2.537035e-02	-1.549169e+01
4.721000e-05	-2.444863e-02	-1.554364e+01
4.722000e-05	-2.416763e-02	-1.551377e+01
4.723000e-05	-2.308926e-02	-1.556480e+01
4.724000e-05	-2.886421e-02	-1.556596e+01
4.725000e-05	-2.805185e-02	-1.556641e+01
4.726000e-05	-2.994839e-02	-1.556736e+01
4.727000e-05	-3.004679e-02	-1.554696e+01
4.728000e-05	-3.225533e-02	-1.557535e+01
4.729000e-05	-3.267956e-02	-1.554478e+01
4.730000e-05	-3.311574e-02	-1.555340e+01
4.731000e-05	-3.397720e-02	-1.551278e+01
4.732000e-05	-3.837479e-02	-1.550269e+01
4.733000e-05	-3.997526e-02	-1.548007e+01
4.734000e-05	-4.227588e-02	-1.537851e+01
4.735000e-05	-4.223317e-02	-1.536686e+01
4.736000e-05	-4.488923e-02	-1.529425e+01
4.737000e-05	-4.719013e-02	-1.521909e+01
4.738000e-05	-4.924846e-02	-1.516741e+01
4.739000e-05	-5.085906e-02	-1.512433e+01
4.740000e-05	-5.539948e-02	-1.507252e+01
4.741000e-05	-6.073311e-02	-1.495843e+01
4.742000e-05	-6.230573e-02	-1.487472e+01
4.743000e-05	-6.362079e-02	-1.478991e+01
4.744000e-05	-6.517445e-02	-1.468280e+01
4.745000e-05	-7.042110e-02	-1.463104e+01
4.746000e-05	-7.129882e-02	-1.450585e+01
4.747000e-05	-6.901077e-02	-1.439891e+01
4.748000e-05	-6.807439e-02	-1.429469e+01
4.749000e-05	-6.982191e-02	-1.414638e+01
4.750000e-05	-6.920137e-02	-1.398954e+01
4.751000e-05	-6.454468e-02	-1.388114e+01
4.752000e-05	-6.040752e-02	-1.374635e+01
4.753000e-05	-6.019169e-02	-1.358891e+01
4.754000e-05	-5.897953e-02	-1.346154e+01
4.755000e-05	-5.172607e-02	-1.330327e+01
4.756000e-05	-4.781372e-02	-1.314633e+01
4.757000e-05	-4.714695e-02	-1.301003e+01
4.758000e-05	-4.695949e-02	-1.282164e+01
4.759000e-05	-4.232309e-02	-1.267167e+01
4.760000e-05	-3.766828e-02	-1.248623e+01
4.761000e-05	-3.697204e-02	-1.231578e+01
4.762000e-05	-3.676209e-02	-1.216840e+01
4.763000e-05	-3.368092e-02	-1.200846e+01
4.764000e-05	-2.836551e-02	-1.171785e+01
4.765000e-05	-2.734001e-02	-1.153328e+01
4.766000e-05	-2.848947e-02	-1.131572e+01
4.767000e-05	-2.660633e-02	-1.110465e+01
4.768000e-05	-2.318406e-02	-1.090322e+01
4.769000e-05	-2.163880e-02	-1.071377e+01
4.770000e-05	-2.289493e-02	-1.047475e+01
4.771000e-05	-2.179410e-02	-1.025364e+01
4.772000e-05	-1.781063e-02	-1.002157e+01
4.773000e-05	-1.704400e-02	-9.810484e+00
4.774000e-05	-1.770461e-02	-9.611512e+00
4.775000e-05	-1.835090e-02	-9.377405e+00
4.776000e-05	-1.561735e-02	-9.157299e+00
4.777000e-05	-1.321106e-02	-8.955799e+00
4.778000e-05	-1.520995e-02	-8.694262e+00
4.779000e-05	-1.473130e-02	-8.433058e+00
4.780000e-05	-1.330422e-02	-8.187955e+00
4.781000e-05	-1.128925e-02	-7.968447e+00
4.782000e-05	-1.197756e-02	-7.622042e+00
4.783000e-05	-1.326615e-02	-7.391953e+00
4.784000e-05	-1.142065e-02	-7.157399e+00
4.785000e-05	-9.952143e-03	-6.823521e+00
4.786000e-05	-9.785414e-03	-6.601033e+00
4.787000e-05	-1.175068e-02	-6.367875e+00
4.788000e-05	-1.012987e-02	-6.053221e+00
4.789000e-05	-9.080382e-03	-5.800533e+00
4.790000e-05	-6.959216e-03	-5.578422e+00
4.791000e-05	-1.158427e-02	-5.231207e+00
4.792000e-05	-9.474073e-03	-4.906872e+00
4.793000e-05	-6.611164e-03	-4.612605e+00
4.794000e-05	-4.909798e-03	-4.400455e+00
4.795000e-05	-9.429992e-03	-4.128344e+00
4.796000e-05	-7.780511e-03	-3.855159e+00
4.797000e-05	-8.383405e-03	-3.549892e+00
4.798000e-05	-5.619401e-03	-3.276741e+00
4.799000e-05	-8.941919e-03	-2.960477e+00
4.800000e-05	-7.455936e-03	-2.756292e+00
4.801000e-05	-5.726637e-03	-2.443105e+00
4.802000e-05	-3.845490e-03	-2.118918e+00
4.803000e-05	-5.551110e-03	-1.844136e+00
4.804000e-05	-6.932334e-03	-1.621576e+00
4.805000e-05	-6.228812e-03	-1.212730e+00
4.806000e-05	-5.057969e-03	-9.473974e-01
4.807000e-05	-4.488778e-03	-6.437631e-01
4.808000e-05	-4.796654e-03	-3.405463e-01
4.809000e-05	-3.153136e-03	-8.528691e-02
4.810000e-05	7.871475e-03	1.874185e-01
4.811000e-05	1.361124e-03	4.931079e-01
4.812000e-05	3.575725e-04	7.352156e-01
4.813000e-05	-1.168931e-03	1.048529e+00
4.814000e-05	1.274806e-03	1.303210e+00
4.815000e-05	2.427308e-03	1.617475e+00
4.816000e-05	3.933486e-03	1.843155e+00
4.817000e-05	1.982350e-02	2.073607e+00
4.818000e-05	7.635297e-02	2.375816e+00
4.819000e-05	3.968490e-03	2.714842e+00
4.820000e-05	-5.428519e-02	3.039603e+00
4.821000e-05	-4.575646e-02	3.304238e+00
4.822000e-05	-5.120974e-03	3.608000e+00
4.823000e-05	-2.089575e-02	3.819028e+00
4.824000e-05	-5.179455e-02	4.031005e+00
4.825000e-05	7.013668e-02	4.303717e+00
4.826000e-05	-1.558042e-03	4.628500e+00
4.827000e-05	2.631552e-02	4.831530e+00
4.828000e-05	6.742127e-02	5.195851e+00
4.829000e-05	-9.149022e-02	5.482534e+00
4.830000e-05	3.971014e-02	5.745370e+00
4.831000e-05	-1.447115e-02	6.049553e+00
4.832000e-05	1.684679e-02	6.239661e+00
4.833000e-05	-1.888970e-03	6.596295e+00
4.834000e-05	-2.360312e-02	6.831055e+00
4.835000e-05	6.906978e-02	7.062714e+00
4.836000e-05	-2.115779e-02	7.366850e+00
4.837000e-05	-5.309133e-03	7.651085e+00
4.838000e-05	-3.600612e-02	7.934246e+00
4.839000e-05	4.372593e-02	8.179453e+00
4.840000e-05	2.800141e-02	8.439532e+00
4.841000e-05	-3.380138e-02	8.641109e+00
4.842000e-05	2.109632e-02	8.873236e+00
4.843000e-05	-4.290199e-03	9.133698e+00
4.844000e-05	2.825438e-02	9.354747e+00
4.845000e-05	-1.965646e-02	9.607405e+00
4.846000e-05	3.627981e-03	9.838540e+00
4.847000e-05	1.315582e-02	1.004002e+01
4.848000e-05	2.342499e-02	1.028164e+01
4.849000e-05	7.860577e-03	1.051471e+01
4.850000e-05	-2.296569e-02	1.071322e+01
4.851000e-05	1.834080e-02	1.091374e+01
4.852000e-05	9.149667e-03	1.111225e+01
4.853000e-05	1.489914e-02	1.135375e+01
4.854000e-05	-1.413287e-02	1.154380e+01
4.855000e-05	1.871837e-02	1.175580e+01
4.856000e-05	1.584198e-02	1.195382e+01
4.857000e-05	1.246427e-02	1.211285e+01
4.858000e-05	-7.953054e-03	1.232175e+01
4.859000e-05	2.096994e-03	1.247372e+01
4.860000e-05	2.001274e-02	1.266162e+01
4.861000e-05	1.020718e-02	1.278904e+01
4.862000e-05	4.318112e-03	1.302738e+01
4.863000e-05	1.979105e-03	1.317586e+01
4.864000e-05	2.400936e-02	1.330177e+01
4.865000e-05	9.491104e-03	1.348209e+01
4.866000e-05	3.797852e-03	1.358848e+01
4.867000e-05	7.020987e-04	1.382438e+01
4.868000e-05	1.925680e-02	1.392269e+01
4.869000e-05	1.440043e-02	1.401853e+01
4.870000e-05	6.344101e-03	1.413550e+01
4.871000e-05	7.816730e-03	1.436277e+01
4.872000e-05	1.696099e-02	1.443849e+01
4.873000e-05	1.825911e-02	1.454430e+01
4.874000e-05	4.986764e-03	1.458854e+01
4.875000e-05	9.557635e-03	1.475430e+01
4.876000e-05	1.579049e-02	1.482956e+01
4.877000e-05	1.992749e-02	1.490320e+01
4.878000e-05	1.093553e-02	1.497628e+01
4.879000e-05	9.873493e-03	1.506957e+01
4.880000e-05	1.680470e-02	1.516269e+01
4.881000e-05	1.951736e-02	1.520791e+01
4.882000e-05	1.426720e-02	1.522006e+01
4.883000e-05	9.861330e-03	1.528273e+01
4.884000e-05	1.936776e-02	1.539586e+01
4.885000e-05	2.130012e-02	1.538796e+01
4.886000e-05	1.898304e-02	1.542852e+01
4.887000e-05	1.321774e-02	1.546217e+01
4.888000e-05	2.005474e-02	1.551175e+01
4.889000e-05	2.437867e-02	1.552422e+01
4.890000e-05	2.196159e-02	1.553320e+01
4.891000e-05	1.825554e-02	1.554475e+01
4.892000e-05	2.216587e-02	1.554481e+01
4.893000e-05	2.835183e-02	1.556378e+01
4.894000e-05	2.595884e-02	1.553473e+01
4.895000e-05	2.374305e-02	1.552422e+01
4.896000e-05	2.730191e-02	1.553317e+01
4.897000e-05	3.468091e-02	1.548117e+01
4.898000e-05	3.328200e-02	1.549061e+01
4.899000e-05	3.091040e-02	1.541854e+01
4.900000e-05	3.301279e-02	1.540588e+01
4.901000e-05	3.900511e-02	1.533528e+01
4.902000e-05	4.163531e-02	1.525259e+01
4.903000e-05	3.889364e-02	1.518794e+01
4.904000e-05	4.259289e-02	1.512588e+01
4.905000e-05	4.853951e-02	1.511172e+01
4.906000e-05	5.188350e-02	1.499751e+01
4.907000e-05	5.101820e-02	1.490427e+01
4.908000e-05	5.279359e-02	1.484999e+01
4.909000e-05	5.932441e-02	1.477638e+01
4.910000e-05	6.314879e-02	1.466061e+01
4.911000e-05	6.225873e-02	1.457798e+01
4.912000e-05	6.193724e-02	1.446264e+01
4.913000e-05	6.508957e-02	1.436383e+01
4.914000e-05	6.526210e-02	1.420099e+01
4.915000e-05	6.011628e-02	1.411160e+01
4.916000e-05	5.746348e-02	1.396791e+01
4.917000e-05	5.766468e-02	1.384846e+01
4.918000e-05	5.680438e-02	1.368365e+01
4.919000e-05	5.140296e-02	1.356477e+01
4.920000e-05	4.616967e-02	1.339843e+01
4.921000e-05	4.436430e-02	1.323091e+01
4.922000e-05	4.312566e-02	1.308112e+01
4.923000e-05	3.863075e-02	1.290428e+01
4.924000e-05	3.532431e-02	1.275631e+01
4.925000e-05	3.461377e-02	1.257846e+01
4.926000e-05	3.226639e-02	1.242856e+01
4.927000e-05	2.900965e-02	1.225159e+01
4.928000e-05	2.403491e-02	1.207420e+01
4.929000e-05	2.425749e-02	1.190369e+01
4.930000e-05	2.328742e-02	1.173366e+01
4.931000e-05	2.086210e-02	1.148264e+01
4.932000e-05	1.822075e-02	1.121063e+01
4.933000e-05	1.723896e-02	1.105261e+01
4.934000e-05	1.737879e-02	1.084064e+01
4.935000e-05	1.516059e-02	1.068156e+01
4.936000e-05	1.196340e-02	1.038904e+01
4.937000e-05	9.332712e-03	1.020005e+01
4.938000e-05	1.335366e-02	9.999879e+00
4.939000e-05	8.853962e-03	9.727229e+00
4.940000e-05	1.013984e-02	9.554698e+00
4.941000e-05	4.796894e-03	9.335168e+00
4.942000e-05	1.015619e-02	9.082686e+00
4.943000e-05	6.074344e-03	8.820433e+00
4.944000e-05	8.081691e-03	8.609954e+00
4.945000e-05	3.679107e-03	8.367474e+00
4.946000e-05	5.274567e-03	8.136775e+00
4.947000e-05	1.900225e-03	7.862162e+00
4.948000e-05	2.204093e-03	7.608454e+00
4.949000e-05	1.868767e-03	7.326801e+00
4.950000e-05	3.982231e-03	7.063612e+00
4.951000e-05	4.604267e-03	6.812034e+00
4.952000e-05	2.541954e-03	6.486295e+00
4.953000e-05	3.015143e-03	6.253161e+00
4.954000e-05	-8.727925e-04	6.061610e+00
4.955000e-05	-7.458913e-04	5.726850e+00
4.956000e-05	-2.650484e-03	5.483238e+00
4.957000e-05	-9.521379e-04	5.199504e+00
4.958000e-05	2.419761e-04	4.803062e+00
4.959000e-05	1.184062e-03	4.529396e+00
4.960000e-05	-4.103854e-04	4.335742e+00
4.961000e-05	-1.235891e-03	4.029909e+00
4.962000e-05	-1.721959e-03	3.706799e+00
4.963000e-05	-3.321632e-03	3.464212e+00
4.964000e-05	-2.965605e-03	3.168499e+00
4.965000e-05	-4.231851e-03	2.895266e+00
4.966000e-05	-2.654985e-03	2.631078e+00
4.967000e-05	-1.823938e-03	2.277815e+00
4.968000e-05	-1.695765e-03	2.064134e+00
4.969000e-05	-3.008441e-03	1.781001e+00
4.970000e-05	-4.482762e-03	1.464662e+00
4.971000e-05	-3.704628e-03	1.168395e+00
4.972000e-05	-4.117150e-03	8.421765e-01
4.973000e-05	-4.782233e-03	5.669436e-01
4.974000e-05	-4.881203e-03	2.746633e-01
4.975000e-05	-1.953122e-03	9.876246e-03
4.976000e-05	7.662376e-03	-3.236617e-01
4.977000e-05	-1.173185e-03	-5.248396e-01
4.978000e-05	-1.020215e-03	-8.515787e-01
4.979000e-05	-4.818577e-03	-1.103232e+00
4.980000e-05	-2.405107e-04	-1.428443e+00
4.981000e-05	-3.445093e-03	-1.654155e+00
4.982000e-05	8.665886e-03	-1.883112e+00
4.983000e-05	6.297891e-02	-2.163788e+00
4.984000e-05	4.567038e-02	-2.491633e+00
4.985000e-05	-6.605149e-02	-2.860655e+00
4.986000e-05	-3.955281e-02	-3.238480e+00
4.987000e-05	-3.452727e-02	-3.463665e+00
4.988000e-05	-2.900212e-02	-3.704288e+00
4.989000e-05	-4.034459e-02	-3.925397e+00
4.990000e-05	1.251843e-01	-4.104220e+00
4.991000e-05	-1.296693e-01	-4.407047e+00
4.992000e-05	1.156594e-01	-4.722636e+00
4.993000e-05	7.035931e-03	-4.922796e+00
4.994000e-05	-8.616231e-02	-5.282663e+00
4.995000e-05	6.815940e-02	-5.548347e+00
4.996000e-05	-1.453441e-01	-5.849581e+00
4.997000e-05	1.102729e-01	-6.104268e+00
4.998000e-05	-4.470016e-02	-6.364873e+00
4.999000e-05	-6.935910e-03	-6.661135e+00
