sep=;
;Unit:C
;
24000732-COM3;2
Time stamp;24000732-Channel_01;24000732-Channel_02
 ;1;2
2026/09/30 15:24:59;7,9;9,1
2026/09/30 15:25:00;7,9;8,4
2026/09/30 15:25:01;7,2;8,4
2026/09/30 15:25:02;6,6;7,8
2026/09/30 15:25:03;5,7;7,1
2026/09/30 15:25:04;5,1;6,4
2026/09/30 15:25:05;4,4;4,9
2026/09/30 15:25:06;3,7;4,2
2026/09/30 15:25:07;2,3;3,4
2026/09/30 15:25:08;2,3;2,9
2026/09/30 15:25:09;1,5;2,1
2026/09/30 15:25:10;0,7;1,4
2026/09/30 15:25:11;-0,1;0,6
2026/09/30 15:25:12;-1,0;-0,3
2026/09/30 15:25:13;-2,1;-1,1
2026/09/30 15:25:14;-2,9;-2,0
2026/09/30 15:25:15;-3,9;-2,7
2026/09/30 15:25:16;-4,3;-3,6
2026/09/30 15:25:17;-5,1;-4,5
2026/09/30 15:25:18;-5,8;-5,3
2026/09/30 15:25:19;-7,3;-6,1
2026/09/30 15:25:20;-8,0;-7,0
2026/09/30 15:25:21;-8,7;-7,9
2026/09/30 15:25:22;-9,6;-8,6
2026/09/30 15:25:23;-10,6;-9,5
2026/09/30 15:25:24;-11,3;-10,5
2026/09/30 15:25:25;-12,3;-10,9
2026/09/30 15:25:26;-13,1;-11,7
2026/09/30 15:25:27;-13,9;-12,4
2026/09/30 15:25:28;-14,7;-13,3
2026/09/30 15:25:29;-15,1;-14,2
2026/09/30 15:25:30;-16,1;-15,0
2026/09/30 15:25:31;-17,2;-16,7
2026/09/30 15:25:32;-18,1;-17,4
2026/09/30 15:25:33;-19,5;-18,2
2026/09/30 15:25:34;-20,5;-19,0
2026/09/30 15:25:35;-21,4;-19,8
2026/09/30 15:25:36;-22,3;-20,3
2026/09/30 15:25:37;-23,3;-21,0
2026/09/30 15:25:38;-24,6;-21,8
2026/09/30 15:25:39;-25,5;-22,5
2026/09/30 15:25:40;-26,4;-23,3
2026/09/30 15:25:41;-27,0;-24,1
2026/09/30 15:25:42;-27,8;-24,8
2026/09/30 15:25:43;-28,7;-25,6
2026/09/30 15:25:44;-29,4;-26,2
2026/09/30 15:25:45;-29,9;-27,0
2026/09/30 15:25:46;-29,9;-27,9
2026/09/30 15:25:47;-29,4;-28,1
2026/09/30 15:25:48;-27,5;-28,2
2026/09/30 15:25:49;-25,4;-27,7
2026/09/30 15:25:50;-24,0;-26,8
2026/09/30 15:25:51;-22,8;-25,5
2026/09/30 15:25:52;-22,1;-24,4
2026/09/30 15:25:53;-21,5;-23,5
2026/09/30 15:25:54;-21,0;-22,8
2026/09/30 15:25:55;-20,4;-22,6
2026/09/30 15:25:56;-20,3;-22,4
2026/09/30 15:25:57;-20,1;-22,2
2026/09/30 15:25:58;-20,1;-22,1
2026/09/30 15:25:59;-20,3;-22,1
2026/09/30 15:26:00;-20,3;-21,9
2026/09/30 15:26:01;-20,5;-21,8
2026/09/30 15:26:02;-20,6;-21,9
2026/09/30 15:26:03;-20,8;-22,0
2026/09/30 15:26:04;-21,0;-22,1
2026/09/30 15:26:05;-21,4;-22,3
2026/09/30 15:26:06;-21,6;-22,5
2026/09/30 15:26:07;-22,0;-22,7
2026/09/30 15:26:08;-22,3;-22,8
2026/09/30 15:26:09;-22,8;-23,0
2026/09/30 15:26:10;-23,1;-23,1
2026/09/30 15:26:11;-23,4;-23,2
2026/09/30 15:26:12;-23,9;-23,5
2026/09/30 15:26:13;-24,3;-23,7
2026/09/30 15:26:14;-24,5;-23,9
2026/09/30 15:26:15;-24,5;-23,9
2026/09/30 15:26:16;-24,8;-24,1
2026/09/30 15:26:17;-25,2;-24,3
2026/09/30 15:26:18;-25,4;-24,3
2026/09/30 15:26:19;-25,5;-24,5
2026/09/30 15:26:20;-25,9;-24,8
2026/09/30 15:26:21;-26,2;-25,0
2026/09/30 15:26:22;-26,3;-25,0
2026/09/30 15:26:23;-26,5;-25,2
2026/09/30 15:26:24;-27,0;-25,4
2026/09/30 15:26:25;-27,2;-25,5
2026/09/30 15:26:26;-27,5;-25,7
2026/09/30 15:26:27;-27,7;-25,8
2026/09/30 15:26:28;-28,0;-26,1
2026/09/30 15:26:29;-28,4;-26,3
2026/09/30 15:26:30;-28,7;-26,5
2026/09/30 15:26:31;-29,0;-26,8
2026/09/30 15:26:32;-29,0;-26,8
2026/09/30 15:26:33;-29,4;-27,0
2026/09/30 15:26:34;-29,6;-27,4
2026/09/30 15:26:35;-30,1;-27,5
2026/09/30 15:26:36;-30,2;-27,7
2026/09/30 15:26:37;-30,7;-28,0
2026/09/30 15:26:38;-31,0;-28,2
2026/09/30 15:26:39;-31,3;-28,4
2026/09/30 15:26:40;-31,6;-28,6
2026/09/30 15:26:41;-31,9;-28,9
2026/09/30 15:26:42;-32,3;-29,1
2026/09/30 15:26:43;-32,5;-29,3
2026/09/30 15:26:44;-32,7;-29,6
2026/09/30 15:26:45;-33,0;-29,8
2026/09/30 15:26:46;-33,3;-30,1
2026/09/30 15:26:47;-33,7;-30,4
2026/09/30 15:26:48;-34,2;-30,6
2026/09/30 15:26:49;-34,2;-30,6
2026/09/30 15:26:50;-34,7;-31,0
2026/09/30 15:26:51;-34,7;-31,2
2026/09/30 15:26:52;-35,2;-31,4
2026/09/30 15:26:53;-35,2;-31,4
2026/09/30 15:26:54;-35,0;-31,3
2026/09/30 15:26:55;-34,6;-31,1
2026/09/30 15:26:56;-33,5;-30,8
2026/09/30 15:26:57;-32,9;-30,3
2026/09/30 15:26:58;-32,4;-29,9
2026/09/30 15:26:59;-31,8;-29,5
2026/09/30 15:27:00;-31,7;-29,2
2026/09/30 15:27:01;-31,8;-29,2
2026/09/30 15:27:02;-32,1;-29,3
2026/09/30 15:27:03;-32,6;-29,5
2026/09/30 15:27:04;-33,1;-29,9
2026/09/30 15:27:05;-33,5;-30,2
2026/09/30 15:27:06;-33,9;-30,7
2026/09/30 15:27:07;-34,5;-31,1
2026/09/30 15:27:08;-35,0;-31,5
2026/09/30 15:27:09;-35,6;-31,6
2026/09/30 15:27:10;-36,2;-32,4
2026/09/30 15:27:11;-36,7;-32,8
2026/09/30 15:27:12;-37,2;-33,2
2026/09/30 15:27:13;-37,9;-33,6
2026/09/30 15:27:14;-38,6;-34,0
2026/09/30 15:27:15;-39,1;-34,4
2026/09/30 15:27:16;-39,6;-34,8
2026/09/30 15:27:17;-40,2;-35,0
2026/09/30 15:27:18;-40,7;-35,4
2026/09/30 15:27:19;-41,2;-35,9
2026/09/30 15:27:20;-41,7;-36,3
2026/09/30 15:27:21;-42,3;-36,7
2026/09/30 15:27:22;-42,8;-37,1
2026/09/30 15:27:23;-43,4;-37,6
2026/09/30 15:27:24;-43,4;-37,6
2026/09/30 15:27:25;-43,8;-37,9
2026/09/30 15:27:26;-44,3;-38,3
2026/09/30 15:27:27;-45,0;-38,9
2026/09/30 15:27:28;-45,4;-39,3
2026/09/30 15:27:29;-46,0;-39,6
2026/09/30 15:27:30;-46,4;-40,0
2026/09/30 15:27:31;-46,8;-40,5
2026/09/30 15:27:32;-47,4;-41,1
2026/09/30 15:27:33;-47,6;-41,4
2026/09/30 15:27:34;-48,2;-41,6
2026/09/30 15:27:35;-48,6;-42,0
2026/09/30 15:27:36;-49,2;-42,4
2026/09/30 15:27:37;-49,7;-42,8
2026/09/30 15:27:38;-49,7;-43,2
2026/09/30 15:27:39;-50,1;-43,9
2026/09/30 15:27:40;-50,6;-44,2
2026/09/30 15:27:41;-51,2;-44,6
2026/09/30 15:27:42;-51,6;-44,6
2026/09/30 15:27:43;-52,2;-45,1
2026/09/30 15:27:44;-52,6;-45,6
2026/09/30 15:27:45;-53,1;-46,2
2026/09/30 15:27:46;-53,5;-46,7
2026/09/30 15:27:47;-54,3;-47,2
2026/09/30 15:27:48;-54,8;-47,6
2026/09/30 15:27:49;-55,2;-48,0
2026/09/30 15:27:50;-55,8;-48,4
2026/09/30 15:27:51;-56,4;-48,9
2026/09/30 15:27:52;-56,8;-49,3
2026/09/30 15:27:53;-57,1;-49,8
2026/09/30 15:27:54;-58,0;-50,2
2026/09/30 15:27:55;-58,5;-50,7
2026/09/30 15:27:56;-59,3;-51,2
2026/09/30 15:27:57;-59,7;-51,6
2026/09/30 15:27:58;-59,9;-52,1
2026/09/30 15:27:59;-60,2;-52,5
2026/09/30 15:28:00;-60,7;-53,0
2026/09/30 15:28:01;-61,2;-53,4
2026/09/30 15:28:02;-61,6;-53,7
2026/09/30 15:28:03;-62,2;-54,6
2026/09/30 15:28:04;-63,0;-55,1
2026/09/30 15:28:05;-63,6;-55,6
2026/09/30 15:28:06;-64,0;-56,0
2026/09/30 15:28:07;-64,3;-56,5
2026/09/30 15:28:08;-64,8;-57,0
2026/09/30 15:28:09;-65,4;-57,5
2026/09/30 15:28:10;-65,8;-58,0
2026/09/30 15:28:11;-66,8;-58,4
2026/09/30 15:28:12;-67,1;-58,8
2026/09/30 15:28:13;-67,5;-58,8
2026/09/30 15:28:14;-68,1;-59,8
2026/09/30 15:28:15;-68,7;-59,8
2026/09/30 15:28:16;-69,1;-60,5
2026/09/30 15:28:17;-69,6;-61,0
2026/09/30 15:28:18;-70,1;-61,5
2026/09/30 15:28:19;-70,6;-62,0
2026/09/30 15:28:20;-71,1;-62,4
2026/09/30 15:28:21;-71,6;-62,9
2026/09/30 15:28:22;-72,0;-63,4
2026/09/30 15:28:23;-72,5;-63,9
2026/09/30 15:28:24;-73,1;-64,4
2026/09/30 15:28:25;-73,6;-64,9
2026/09/30 15:28:26;-74,1;-65,5
2026/09/30 15:28:27;-74,7;-66,0
2026/09/30 15:28:28;-75,5;-66,5
2026/09/30 15:28:29;-76,0;-67,0
2026/09/30 15:28:30;-76,7;-67,9
2026/09/30 15:28:31;-77,3;-68,2
2026/09/30 15:28:32;-77,3;-68,8
2026/09/30 15:28:33;-77,8;-69,3
2026/09/30 15:28:34;-78,5;-69,8
2026/09/30 15:28:35;-79,0;-70,4
2026/09/30 15:28:36;-79,6;-71,0
2026/09/30 15:28:37;-80,3;-71,6
2026/09/30 15:28:38;-80,8;-72,2
2026/09/30 15:28:39;-81,4;-72,7
2026/09/30 15:28:40;-81,9;-73,3
2026/09/30 15:28:41;-82,8;-73,9
2026/09/30 15:28:42;-83,3;-74,7
2026/09/30 15:28:43;-83,9;-75,2
2026/09/30 15:28:44;-84,6;-75,8
2026/09/30 15:28:45;-85,2;-76,3
2026/09/30 15:28:46;-85,7;-76,8
2026/09/30 15:28:47;-86,3;-77,2
2026/09/30 15:28:48;-86,8;-77,7
2026/09/30 15:28:49;-87,3;-78,2
2026/09/30 15:28:50;-87,8;-78,5
2026/09/30 15:28:51;-88,4;-79,0
2026/09/30 15:28:52;-89,0;-79,5
2026/09/30 15:28:53;-89,6;-80,5
2026/09/30 15:28:54;-90,1;-81,0
2026/09/30 15:28:55;-90,6;-81,5
2026/09/30 15:28:56;-91,1;-82,0
2026/09/30 15:28:57;-91,6;-82,5
2026/09/30 15:28:58;-92,2;-83,0
2026/09/30 15:28:59;-92,7;-83,5
2026/09/30 15:29:00;-93,2;-84,0
2026/09/30 15:29:01;-93,7;-84,5
2026/09/30 15:29:02;-94,2;-84,9
2026/09/30 15:29:03;-94,7;-85,5
2026/09/30 15:29:04;-95,2;-85,9
2026/09/30 15:29:05;-95,8;-85,9
2026/09/30 15:29:06;-96,3;-86,3
2026/09/30 15:29:07;-96,7;-86,8
2026/09/30 15:29:08;-97,2;-87,3
2026/09/30 15:29:09;-97,7;-88,2
2026/09/30 15:29:10;-98,2;-88,5
2026/09/30 15:29:11;-98,7;-88,9
2026/09/30 15:29:12;-99,1;-89,3
2026/09/30 15:29:13;-99,6;-89,7
2026/09/30 15:29:14;-100,2;-90,2
2026/09/30 15:29:15;-100,6;-90,7
2026/09/30 15:29:16;-101,1;-91,1
2026/09/30 15:29:17;-101,5;-91,5
2026/09/30 15:29:18;-102,0;-91,9
2026/09/30 15:29:19;-102,7;-92,4
2026/09/30 15:29:20;-103,1;-92,8
2026/09/30 15:29:21;-103,5;-93,2
2026/09/30 15:29:22;-103,5;-93,6
2026/09/30 15:29:23;-104,1;-94,1
2026/09/30 15:29:24;-104,7;-94,5
2026/09/30 15:29:25;-105,0;-95,0
2026/09/30 15:29:26;-105,5;-95,3
2026/09/30 15:29:27;-106,0;-95,8
2026/09/30 15:29:28;-106,4;-96,1
2026/09/30 15:29:29;-106,8;-96,5
2026/09/30 15:29:30;-107,3;-96,9
2026/09/30 15:29:31;-107,9;-97,3
2026/09/30 15:29:32;-108,2;-97,7
2026/09/30 15:29:33;-108,6;-98,2
2026/09/30 15:29:34;-109,1;-98,5
2026/09/30 15:29:35;-109,4;-98,9
2026/09/30 15:29:36;-110,0;-99,3
2026/09/30 15:29:37;-110,3;-99,6
2026/09/30 15:29:38;-110,3;-100,0
2026/09/30 15:29:39;-110,8;-100,4
2026/09/30 15:29:40;-111,1;-100,8
2026/09/30 15:29:41;-111,5;-101,1
2026/09/30 15:29:42;-111,8;-101,5
2026/09/30 15:29:43;-112,5;-101,7
2026/09/30 15:29:44;-112,9;-102,1
2026/09/30 15:29:45;-113,3;-102,7
2026/09/30 15:29:46;-113,7;-103,1
2026/09/30 15:29:47;-114,0;-103,4
2026/09/30 15:29:48;-114,3;-103,7
2026/09/30 15:29:49;-114,7;-104,1
2026/09/30 15:29:50;-115,0;-104,5
2026/09/30 15:29:51;-115,3;-104,8
2026/09/30 15:29:52;-115,7;-105,2
2026/09/30 15:29:53;-116,2;-105,5
2026/09/30 15:29:54;-116,5;-105,8
2026/09/30 15:29:55;-116,9;-106,1
2026/09/30 15:29:56;-117,2;-106,5
2026/09/30 15:29:57;-117,5;-106,5
2026/09/30 15:29:58;-117,9;-106,8
2026/09/30 15:29:59;-118,1;-107,1
2026/09/30 15:30:00;-118,6;-107,5
2026/09/30 15:30:01;-118,8;-107,8
2026/09/30 15:30:02;-119,1;-108,4
2026/09/30 15:30:03;-119,6;-108,7
2026/09/30 15:30:04;-119,7;-109,0
2026/09/30 15:30:05;-120,0;-109,3
2026/09/30 15:30:06;-120,5;-109,6
2026/09/30 15:30:07;-120,7;-109,9
2026/09/30 15:30:08;-121,0;-110,2
2026/09/30 15:30:09;-121,3;-110,5
2026/09/30 15:30:10;-121,6;-110,8
2026/09/30 15:30:11;-121,9;-111,1
2026/09/30 15:30:12;-122,2;-111,4
2026/09/30 15:30:13;-122,4;-111,7
2026/09/30 15:30:14;-122,8;-111,7
2026/09/30 15:30:15;-123,2;-111,9
2026/09/30 15:30:16;-123,3;-112,2
2026/09/30 15:30:17;-123,8;-112,5
2026/09/30 15:30:18;-124,0;-112,7
2026/09/30 15:30:19;-124,3;-113,3
2026/09/30 15:30:20;-124,5;-113,5
2026/09/30 15:30:21;-124,8;-113,8
2026/09/30 15:30:22;-125,1;-114,1
2026/09/30 15:30:23;-125,3;-114,4
2026/09/30 15:30:24;-125,6;-114,6
2026/09/30 15:30:25;-125,9;-114,8
2026/09/30 15:30:26;-126,1;-115,1
2026/09/30 15:30:27;-126,3;-115,4
2026/09/30 15:30:28;-126,7;-115,6
2026/09/30 15:30:29;-126,9;-115,9
2026/09/30 15:30:30;-126,9;-115,9
2026/09/30 15:30:31;-127,2;-116,1
2026/09/30 15:30:32;-127,7;-116,3
2026/09/30 15:30:33;-127,8;-116,7
2026/09/30 15:30:34;-128,2;-116,9
2026/09/30 15:30:35;-128,3;-117,2
2026/09/30 15:30:36;-128,5;-117,4
2026/09/30 15:30:37;-128,9;-117,8
2026/09/30 15:30:38;-129,1;-118,0
2026/09/30 15:30:39;-129,3;-118,1
2026/09/30 15:30:40;-129,6;-118,4
2026/09/30 15:30:41;-129,7;-118,5
2026/09/30 15:30:42;-130,0;-118,8
2026/09/30 15:30:43;-130,4;-119,0
2026/09/30 15:30:44;-130,6;-119,3
2026/09/30 15:30:45;-131,0;-119,4
2026/09/30 15:30:46;-131,0;-119,7
2026/09/30 15:30:47;-131,0;-119,7
2026/09/30 15:30:48;-131,2;-119,9
2026/09/30 15:30:49;-131,7;-120,1
2026/09/30 15:30:50;-131,9;-120,2
2026/09/30 15:30:51;-132,1;-120,4
2026/09/30 15:30:52;-132,3;-120,7
2026/09/30 15:30:53;-132,4;-121,1
2026/09/30 15:30:54;-132,7;-121,3
2026/09/30 15:30:55;-132,9;-121,5
2026/09/30 15:30:56;-133,0;-121,7
2026/09/30 15:30:57;-133,3;-121,8
2026/09/30 15:30:58;-133,5;-122,1
2026/09/30 15:30:59;-133,6;-122,2
2026/09/30 15:31:00;-133,9;-122,4
2026/09/30 15:31:01;-134,2;-122,7
2026/09/30 15:31:02;-134,4;-122,8
2026/09/30 15:31:03;-134,4;-122,8
2026/09/30 15:31:04;-134,6;-123,0
2026/09/30 15:31:05;-134,7;-123,1
2026/09/30 15:31:06;-134,9;-123,3
2026/09/30 15:31:07;-135,3;-123,5
2026/09/30 15:31:08;-135,2;-123,8
2026/09/30 15:31:09;-135,3;-124,0
2026/09/30 15:31:10;-135,6;-124,1
2026/09/30 15:31:11;-135,8;-124,4
2026/09/30 15:31:12;-136,1;-124,5
2026/09/30 15:31:13;-136,2;-124,7
2026/09/30 15:31:14;-136,4;-124,9
2026/09/30 15:31:15;-136,5;-125,0
2026/09/30 15:31:16;-136,7;-125,1
2026/09/30 15:31:17;-136,9;-125,3
2026/09/30 15:31:18;-137,0;-125,4
2026/09/30 15:31:19;-137,2;-125,6
2026/09/30 15:31:20;-137,4;-125,7
2026/09/30 15:31:21;-137,5;-125,8
2026/09/30 15:31:22;-137,6;-126,0
2026/09/30 15:31:23;-137,8;-126,1
2026/09/30 15:31:24;-137,9;-126,2
2026/09/30 15:31:25;-138,0;-126,4
2026/09/30 15:31:26;-138,2;-126,5
2026/09/30 15:31:27;-138,3;-126,7
2026/09/30 15:31:28;-138,5;-126,8
2026/09/30 15:31:29;-138,6;-127,0
2026/09/30 15:31:30;-138,8;-127,1
2026/09/30 15:31:31;-139,0;-127,3
2026/09/30 15:31:32;-139,4;-127,4
2026/09/30 15:31:33;-139,5;-127,6
2026/09/30 15:31:34;-139,7;-127,8
2026/09/30 15:31:35;-139,9;-127,9
2026/09/30 15:31:36;-140,1;-128,0
2026/09/30 15:31:37;-140,1;-128,1
2026/09/30 15:31:38;-140,3;-128,3
2026/09/30 15:31:39;-140,3;-128,4
2026/09/30 15:31:40;-140,5;-128,6
2026/09/30 15:31:41;-140,7;-128,7
2026/09/30 15:31:42;-140,9;-128,3
2026/09/30 15:31:43;-140,5;-128,3
2026/09/30 15:31:44;-140,7;-128,4
2026/09/30 15:31:45;-140,8;-128,5
2026/09/30 15:31:46;-140,8;-128,7
2026/09/30 15:31:47;-140,9;-128,7
2026/09/30 15:31:48;-141,0;-128,9
2026/09/30 15:31:49;-141,2;-128,9
2026/09/30 15:31:50;-141,3;-129,0
2026/09/30 15:31:51;-141,4;-129,2
2026/09/30 15:31:52;-141,7;-129,3
2026/09/30 15:31:53;-141,7;-129,2
2026/09/30 15:31:54;-141,9;-129,4
2026/09/30 15:31:55;-141,9;-129,5
2026/09/30 15:31:56;-142,1;-129,7
2026/09/30 15:31:57;-142,1;-129,7
2026/09/30 15:31:58;-142,3;-129,8
2026/09/30 15:31:59;-142,4;-129,9
2026/09/30 15:32:00;-142,5;-130,0
2026/09/30 15:32:01;-142,6;-130,1
2026/09/30 15:32:02;-142,7;-130,2
2026/09/30 15:32:03;-142,9;-130,3
2026/09/30 15:32:04;-142,9;-130,4
2026/09/30 15:32:05;-143,0;-130,5
2026/09/30 15:32:06;-143,3;-130,6
2026/09/30 15:32:07;-143,2;-130,7
2026/09/30 15:32:08;-143,5;-130,8
2026/09/30 15:32:09;-143,4;-130,8
2026/09/30 15:32:10;-143,7;-130,9
2026/09/30 15:32:11;-143,8;-131,1
2026/09/30 15:32:12;-144,0;-131,2
2026/09/30 15:32:13;-144,0;-131,3
2026/09/30 15:32:14;-144,1;-131,3
2026/09/30 15:32:15;-144,1;-131,5
2026/09/30 15:32:16;-144,3;-131,5
2026/09/30 15:32:17;-144,3;-131,7
2026/09/30 15:32:18;-144,5;-131,7
2026/09/30 15:32:19;-144,6;-131,9
2026/09/30 15:32:20;-144,7;-131,9
2026/09/30 15:32:21;-144,8;-132,0
2026/09/30 15:32:22;-144,9;-132,1
2026/09/30 15:32:23;-144,9;-132,1
2026/09/30 15:32:24;-145,0;-132,3
2026/09/30 15:32:25;-145,2;-132,4
2026/09/30 15:32:26;-145,2;-132,4
2026/09/30 15:32:27;-145,3;-132,6
2026/09/30 15:32:28;-145,4;-132,6
2026/09/30 15:32:29;-145,4;-132,7
2026/09/30 15:32:30;-145,5;-132,7
2026/09/30 15:32:31;-145,6;-132,8
2026/09/30 15:32:32;-145,7;-132,8
2026/09/30 15:32:33;-145,8;-132,9
2026/09/30 15:32:34;-145,8;-133,0
2026/09/30 15:32:35;-145,9;-133,1
2026/09/30 15:32:36;-146,0;-133,2
2026/09/30 15:32:37;-146,0;-133,3
2026/09/30 15:32:38;-146,1;-133,4
2026/09/30 15:32:39;-146,2;-133,3
2026/09/30 15:32:40;-145,6;-133,4
2026/09/30 15:32:41;-145,6;-133,5
2026/09/30 15:32:42;-145,6;-133,5
2026/09/30 15:32:43;-145,8;-133,6
2026/09/30 15:32:44;-145,9;-133,6
2026/09/30 15:32:45;-145,9;-133,7
2026/09/30 15:32:46;-145,9;-133,7
2026/09/30 15:32:47;-145,9;-133,7
2026/09/30 15:32:48;-146,1;-133,8
2026/09/30 15:32:49;-146,1;-133,9
2026/09/30 15:32:50;-146,1;-133,9
2026/09/30 15:32:51;-146,2;-134,0
2026/09/30 15:32:52;-146,3;-134,1
2026/09/30 15:32:53;-146,3;-134,2
2026/09/30 15:32:54;-146,4;-134,1
2026/09/30 15:32:55;-146,3;-134,2
2026/09/30 15:32:56;-146,4;-134,2
2026/09/30 15:32:57;-146,5;-134,3
2026/09/30 15:32:58;-146,7;-134,3
2026/09/30 15:32:59;-146,6;-134,4
2026/09/30 15:33:00;-146,7;-134,6
2026/09/30 15:33:01;-146,9;-134,6
2026/09/30 15:33:02;-147,0;-134,6
2026/09/30 15:33:03;-147,0;-134,7
2026/09/30 15:33:04;-147,1;-134,7
2026/09/30 15:33:05;-147,1;-134,8
2026/09/30 15:33:06;-147,1;-134,8
2026/09/30 15:33:07;-147,2;-134,9
2026/09/30 15:33:08;-147,3;-134,9
2026/09/30 15:33:09;-147,3;-135,0
2026/09/30 15:33:10;-147,4;-135,0
2026/09/30 15:33:11;-147,4;-135,0
2026/09/30 15:33:12;-147,4;-135,1
2026/09/30 15:33:13;-147,5;-135,1
2026/09/30 15:33:14;-147,5;-135,2
2026/09/30 15:33:15;-147,6;-135,2
2026/09/30 15:33:16;-147,6;-135,2
2026/09/30 15:33:17;-147,7;-135,3
2026/09/30 15:33:18;-147,7;-135,4
2026/09/30 15:33:19;-147,8;-135,4
2026/09/30 15:33:20;-147,8;-135,4
2026/09/30 15:33:21;-147,8;-135,5
2026/09/30 15:33:22;-147,9;-135,5
2026/09/30 15:33:23;-147,9;-135,5
2026/09/30 15:33:24;-147,9;-135,5
2026/09/30 15:33:25;-148,0;-135,5
2026/09/30 15:33:26;-148,0;-135,6
2026/09/30 15:33:27;-148,1;-135,6
2026/09/30 15:33:28;-148,1;-135,7
2026/09/30 15:33:29;-148,1;-135,7
2026/09/30 15:33:30;-148,2;-135,8
2026/09/30 15:33:31;-148,3;-135,9
2026/09/30 15:33:32;-148,2;-135,9
2026/09/30 15:33:33;-148,3;-135,9
2026/09/30 15:33:34;-148,3;-135,9
2026/09/30 15:33:35;-148,3;-135,9
2026/09/30 15:33:36;-148,3;-135,9
2026/09/30 15:33:37;-148,4;-136,1
2026/09/30 15:33:38;-148,4;-136,1
2026/09/30 15:33:39;-148,5;-136,1
2026/09/30 15:33:40;-148,4;-136,1
2026/09/30 15:33:41;-148,5;-136,2
2026/09/30 15:33:42;-148,5;-136,2
2026/09/30 15:33:43;-148,7;-136,3
2026/09/30 15:33:44;-148,6;-136,3
2026/09/30 15:33:45;-148,7;-136,2
2026/09/30 15:33:46;-148,7;-136,4
2026/09/30 15:33:47;-148,7;-136,3
2026/09/30 15:33:48;-148,7;-136,4
2026/09/30 15:33:49;-148,8;-136,4
2026/09/30 15:33:50;-148,8;-136,4
2026/09/30 15:33:51;-148,8;-136,5
2026/09/30 15:33:52;-148,9;-136,5
2026/09/30 15:33:53;-148,8;-136,5
2026/09/30 15:33:54;-148,9;-136,6
2026/09/30 15:33:55;-149,0;-136,6
2026/09/30 15:33:56;-149,0;-136,6
2026/09/30 15:33:57;-149,1;-136,6
2026/09/30 15:33:58;-149,0;-136,7
2026/09/30 15:33:59;-149,1;-136,7
2026/09/30 15:34:00;-149,2;-136,7
2026/09/30 15:34:01;-149,2;-136,7
2026/09/30 15:34:02;-149,1;-136,8
2026/09/30 15:34:03;-149,3;-136,8
2026/09/30 15:34:04;-149,3;-136,8
2026/09/30 15:34:05;-149,0;-136,8
2026/09/30 15:34:06;-149,2;-136,8
2026/09/30 15:34:07;-149,2;-136,9
2026/09/30 15:34:08;-149,2;-136,9
2026/09/30 15:34:09;-149,2;-136,9
2026/09/30 15:34:10;-149,2;-136,9
2026/09/30 15:34:11;-149,2;-137,0
2026/09/30 15:34:12;-149,3;-137,0
2026/09/30 15:34:13;-149,2;-137,0
2026/09/30 15:34:14;-149,3;-137,0
2026/09/30 15:34:15;-149,3;-137,0
2026/09/30 15:34:16;-149,3;-137,1
2026/09/30 15:34:17;-149,4;-137,1
2026/09/30 15:34:18;-149,3;-137,1
2026/09/30 15:34:19;-149,3;-137,1
2026/09/30 15:34:20;-149,4;-137,1
2026/09/30 15:34:21;-149,4;-137,2
2026/09/30 15:34:22;-149,4;-137,1
2026/09/30 15:34:23;-149,5;-137,2
2026/09/30 15:34:24;-149,5;-137,2
2026/09/30 15:34:25;-149,4;-137,2
2026/09/30 15:34:26;-149,4;-137,2
2026/09/30 15:34:27;-149,4;-137,2
2026/09/30 15:34:28;-149,5;-137,2
2026/09/30 15:34:29;-149,5;-137,3
2026/09/30 15:34:30;-149,5;-137,3
2026/09/30 15:34:31;-149,5;-137,3
2026/09/30 15:34:32;-149,5;-137,3
2026/09/30 15:34:33;-149,5;-137,3
2026/09/30 15:34:34;-149,5;-137,3
2026/09/30 15:34:35;-149,6;-137,3
2026/09/30 15:34:36;-149,5;-137,3
2026/09/30 15:34:37;-149,6;-137,3
2026/09/30 15:34:38;-149,5;-137,3
2026/09/30 15:34:39;-149,5;-137,4
2026/09/30 15:34:40;-149,6;-137,4
2026/09/30 15:34:41;-149,5;-137,4
2026/09/30 15:34:42;-149,6;-137,4
2026/09/30 15:34:43;-149,6;-137,4
2026/09/30 15:34:44;-149,8;-137,4
2026/09/30 15:34:45;-149,7;-137,4
2026/09/30 15:34:46;-149,6;-137,4
2026/09/30 15:34:47;-149,6;-137,4
2026/09/30 15:34:48;-149,6;-137,5
2026/09/30 15:34:49;-149,7;-137,5
2026/09/30 15:34:50;-149,7;-137,5
2026/09/30 15:34:51;-149,7;-137,5
2026/09/30 15:34:52;-149,6;-137,5
2026/09/30 15:34:53;-149,4;-137,5
2026/09/30 15:34:54;-149,3;-137,4
2026/09/30 15:34:55;-149,4;-137,5
2026/09/30 15:34:56;-149,4;-137,5
2026/09/30 15:34:57;-149,4;-137,5
2026/09/30 15:34:58;-149,4;-137,5
2026/09/30 15:34:59;-149,4;-137,5
2026/09/30 15:35:00;-149,4;-137,5
2026/09/30 15:35:01;-149,5;-137,5
2026/09/30 15:35:02;-149,5;-137,6
2026/09/30 15:35:03;-149,4;-137,5
2026/09/30 15:35:04;-149,4;-137,5
2026/09/30 15:35:05;-149,4;-137,6
2026/09/30 15:35:06;-149,5;-137,6
2026/09/30 15:35:07;-149,4;-137,6
2026/09/30 15:35:08;-149,5;-137,6
2026/09/30 15:35:09;-149,5;-137,6
2026/09/30 15:35:10;-149,5;-137,6
2026/09/30 15:35:11;-149,4;-137,6
2026/09/30 15:35:12;-149,5;-137,6
2026/09/30 15:35:13;-149,5;-137,6
2026/09/30 15:35:14;-149,4;-137,5
2026/09/30 15:35:15;-149,5;-137,5
2026/09/30 15:35:16;-149,5;-137,6
2026/09/30 15:35:17;-149,5;-137,6
2026/09/30 15:35:18;-149,4;-137,6
2026/09/30 15:35:19;-149,5;-137,6
2026/09/30 15:35:20;-149,4;-137,6
2026/09/30 15:35:21;-149,5;-137,6
2026/09/30 15:35:22;-149,4;-137,6
2026/09/30 15:35:23;-149,5;-137,6
2026/09/30 15:35:24;-149,5;-137,6
2026/09/30 15:35:25;-149,4;-137,6
2026/09/30 15:35:26;-149,5;-137,6
2026/09/30 15:35:27;-149,5;-137,6
2026/09/30 15:35:28;-149,4;-137,6
2026/09/30 15:35:29;-149,5;-137,6
2026/09/30 15:35:30;-149,4;-137,6
2026/09/30 15:35:31;-149,5;-137,6
2026/09/30 15:35:32;-149,5;-137,6
2026/09/30 15:35:33;-149,4;-137,6
2026/09/30 15:35:34;-149,4;-137,6
2026/09/30 15:35:35;-149,5;-137,6
2026/09/30 15:35:36;-149,4;-137,6
2026/09/30 15:35:37;-149,5;-137,6
2026/09/30 15:35:38;-149,4;-137,6
2026/09/30 15:35:39;-149,4;-137,6
2026/09/30 15:35:40;-149,4;-137,6
2026/09/30 15:35:41;-149,4;-137,6
2026/09/30 15:35:42;-149,4;-137,6
2026/09/30 15:35:43;-149,4;-137,6
2026/09/30 15:35:44;-149,4;-137,6
2026/09/30 15:35:45;-149,4;-137,6
2026/09/30 15:35:46;-149,4;-137,6
2026/09/30 15:35:47;-149,3;-137,6
2026/09/30 15:35:48;-149,4;-137,6
2026/09/30 15:35:49;-149,4;-137,6
2026/09/30 15:35:50;-149,4;-137,5
2026/09/30 15:35:51;-149,3;-137,5
2026/09/30 15:35:52;-149,5;-137,6
2026/09/30 15:35:53;-149,4;-137,5
2026/09/30 15:35:54;-149,4;-137,5
2026/09/30 15:35:55;-149,4;-137,6
2026/09/30 15:35:56;-149,3;-137,5
2026/09/30 15:35:57;-149,3;-137,5
2026/09/30 15:35:58;-149,3;-137,5
2026/09/30 15:35:59;-149,3;-137,5
2026/09/30 15:36:00;-149,3;-137,5
2026/09/30 15:36:01;-149,3;-137,5
2026/09/30 15:36:02;-149,3;-137,5
2026/09/30 15:36:03;-149,3;-137,5
2026/09/30 15:36:04;-149,3;-137,5
2026/09/30 15:36:05;-149,3;-137,5
2026/09/30 15:36:06;-149,3;-137,5
2026/09/30 15:36:07;-149,3;-137,5
2026/09/30 15:36:08;-149,3;-137,4
2026/09/30 15:36:09;-149,3;-137,4
2026/09/30 15:36:10;-149,3;-137,5
2026/09/30 15:36:11;-149,3;-137,5
2026/09/30 15:36:12;-149,3;-137,4
2026/09/30 15:36:13;-149,2;-137,4
2026/09/30 15:36:14;-149,2;-137,4
2026/09/30 15:36:15;-149,2;-137,4
2026/09/30 15:36:16;-149,3;-137,4
2026/09/30 15:36:17;-149,2;-137,4
2026/09/30 15:36:18;-149,2;-137,4
2026/09/30 15:36:19;-149,2;-137,4
2026/09/30 15:36:20;-149,2;-137,4
2026/09/30 15:36:21;-149,2;-137,4
2026/09/30 15:36:22;-149,2;-137,3
2026/09/30 15:36:23;-149,2;-137,3
2026/09/30 15:36:24;-149,2;-137,3
2026/09/30 15:36:25;-149,2;-137,3
2026/09/30 15:36:26;-149,2;-137,4
2026/09/30 15:36:27;-149,2;-137,3
2026/09/30 15:36:28;-149,0;-137,3
2026/09/30 15:36:29;-149,1;-137,3
2026/09/30 15:36:30;-149,2;-137,3
2026/09/30 15:36:31;-149,1;-137,3
2026/09/30 15:36:32;-149,2;-137,3
2026/09/30 15:36:33;-149,2;-137,3
2026/09/30 15:36:34;-149,2;-137,3
2026/09/30 15:36:35;-149,0;-137,3
2026/09/30 15:36:36;-149,0;-137,3
2026/09/30 15:36:37;-149,0;-137,2
2026/09/30 15:36:38;-149,0;-137,2
2026/09/30 15:36:39;-149,0;-137,2
2026/09/30 15:36:40;-149,1;-137,2
2026/09/30 15:36:41;-149,0;-137,2
2026/09/30 15:36:42;-149,0;-137,2
2026/09/30 15:36:43;-148,9;-137,2
2026/09/30 15:36:44;-149,0;-137,2
2026/09/30 15:36:45;-149,0;-137,2
2026/09/30 15:36:46;-148,9;-137,1
2026/09/30 15:36:47;-148,9;-137,1
2026/09/30 15:36:48;-148,8;-137,1
2026/09/30 15:36:49;-148,9;-137,1
2026/09/30 15:36:50;-148,8;-137,1
2026/09/30 15:36:51;-148,8;-137,1
2026/09/30 15:36:52;-148,8;-137,1
2026/09/30 15:36:53;-148,9;-137,1
2026/09/30 15:36:54;-148,9;-137,0
2026/09/30 15:36:55;-148,8;-137,1
2026/09/30 15:36:56;-148,8;-137,0
2026/09/30 15:36:57;-148,8;-137,0
2026/09/30 15:36:58;-148,7;-137,0
2026/09/30 15:36:59;-148,7;-136,9
2026/09/30 15:37:00;-148,8;-137,0
2026/09/30 15:37:01;-148,7;-137,0
2026/09/30 15:37:02;-148,7;-137,0
2026/09/30 15:37:03;-148,7;-137,0
2026/09/30 15:37:04;-148,7;-136,9
2026/09/30 15:37:05;-148,7;-136,9
2026/09/30 15:37:06;-148,7;-136,9
2026/09/30 15:37:07;-148,7;-136,9
2026/09/30 15:37:08;-148,7;-136,9
2026/09/30 15:37:09;-148,6;-136,9
2026/09/30 15:37:10;-148,6;-136,9
2026/09/30 15:37:11;-148,6;-136,8
2026/09/30 15:37:12;-148,6;-136,9
2026/09/30 15:37:13;-148,6;-136,8
2026/09/30 15:37:14;-148,6;-136,9
2026/09/30 15:37:15;-148,6;-136,8
2026/09/30 15:37:16;-148,5;-136,8
2026/09/30 15:37:17;-148,4;-136,8
2026/09/30 15:37:18;-148,4;-136,8
2026/09/30 15:37:19;-148,5;-136,7
2026/09/30 15:37:20;-148,4;-136,8
2026/09/30 15:37:21;-148,4;-136,7
2026/09/30 15:37:22;-148,4;-136,7
2026/09/30 15:37:23;-148,4;-136,7
2026/09/30 15:37:24;-148,4;-136,7
2026/09/30 15:37:25;-148,3;-136,7
2026/09/30 15:37:26;-148,3;-136,7
2026/09/30 15:37:27;-148,4;-136,6
2026/09/30 15:37:28;-148,3;-136,6
2026/09/30 15:37:29;-148,3;-136,6
2026/09/30 15:37:30;-148,4;-136,6
2026/09/30 15:37:31;-148,3;-136,6
2026/09/30 15:37:32;-148,3;-136,6
2026/09/30 15:37:33;-148,2;-136,5
2026/09/30 15:37:34;-148,2;-136,5
2026/09/30 15:37:35;-148,2;-136,5
2026/09/30 15:37:36;-148,2;-136,5
2026/09/30 15:37:37;-148,1;-136,4
2026/09/30 15:37:38;-148,2;-136,5
2026/09/30 15:37:39;-148,1;-136,5
2026/09/30 15:37:40;-148,1;-136,4
2026/09/30 15:37:41;-148,1;-136,4
2026/09/30 15:37:42;-148,2;-136,4
2026/09/30 15:37:43;-148,1;-136,4
2026/09/30 15:37:44;-148,1;-136,4
2026/09/30 15:37:45;-148,0;-136,3
2026/09/30 15:37:46;-148,1;-136,3
2026/09/30 15:37:47;-148,0;-136,3
2026/09/30 15:37:48;-148,0;-136,3
2026/09/30 15:37:49;-147,9;-136,3
2026/09/30 15:37:50;-148,0;-136,3
2026/09/30 15:37:51;-147,9;-136,3
2026/09/30 15:37:52;-147,9;-136,2
2026/09/30 15:37:53;-147,8;-136,2
2026/09/30 15:37:54;-147,8;-136,2
2026/09/30 15:37:55;-147,8;-136,2
2026/09/30 15:37:56;-147,9;-136,2
2026/09/30 15:37:57;-147,8;-136,2
2026/09/30 15:37:58;-147,8;-136,2
2026/09/30 15:37:59;-147,8;-136,1
2026/09/30 15:38:00;-147,8;-136,1
2026/09/30 15:38:01;-147,8;-136,2
2026/09/30 15:38:02;-147,8;-136,1
2026/09/30 15:38:03;-147,7;-136,1
2026/09/30 15:38:04;-147,7;-136,1
2026/09/30 15:38:05;-147,6;-136,0
2026/09/30 15:38:06;-147,7;-136,1
2026/09/30 15:38:07;-147,7;-136,0
2026/09/30 15:38:08;-147,6;-136,0
2026/09/30 15:38:09;-147,6;-135,9
2026/09/30 15:38:10;-147,6;-135,9
2026/09/30 15:38:11;-147,6;-135,9
2026/09/30 15:38:12;-147,6;-135,9
2026/09/30 15:38:13;-147,6;-135,9
2026/09/30 15:38:14;-147,6;-135,8
2026/09/30 15:38:15;-147,5;-135,9
2026/09/30 15:38:16;-147,5;-135,9
2026/09/30 15:38:17;-147,5;-135,8
2026/09/30 15:38:18;-147,5;-135,8
2026/09/30 15:38:19;-147,4;-135,7
2026/09/30 15:38:20;-147,4;-135,8
2026/09/30 15:38:21;-147,4;-135,8
2026/09/30 15:38:22;-147,4;-135,7
2026/09/30 15:38:23;-147,3;-135,7
2026/09/30 15:38:24;-147,3;-135,7
2026/09/30 15:38:25;-147,3;-135,6
2026/09/30 15:38:26;-147,3;-135,6
2026/09/30 15:38:27;-147,3;-135,6
2026/09/30 15:38:28;-147,3;-135,6
2026/09/30 15:38:29;-147,2;-135,6
2026/09/30 15:38:30;-147,2;-135,6
2026/09/30 15:38:31;-147,1;-135,5
2026/09/30 15:38:32;-147,2;-135,5
2026/09/30 15:38:33;-147,2;-135,5
2026/09/30 15:38:34;-147,1;-135,5
2026/09/30 15:38:35;-147,0;-135,4
2026/09/30 15:38:36;-147,1;-135,5
2026/09/30 15:38:37;-146,8;-135,4
2026/09/30 15:38:38;-147,0;-135,4
2026/09/30 15:38:39;-147,1;-135,4
2026/09/30 15:38:40;-147,0;-135,4
2026/09/30 15:38:41;-146,9;-135,3
2026/09/30 15:38:42;-146,8;-135,3
2026/09/30 15:38:43;-146,8;-135,3
2026/09/30 15:38:44;-146,8;-135,4
2026/09/30 15:38:45;-146,9;-135,3
2026/09/30 15:38:46;-146,9;-135,3
2026/09/30 15:38:47;-146,9;-135,2
2026/09/30 15:38:48;-146,9;-135,2
2026/09/30 15:38:49;-146,8;-135,3
2026/09/30 15:38:50;-146,6;-135,2
2026/09/30 15:38:51;-146,8;-135,2
2026/09/30 15:38:52;-146,6;-135,2
2026/09/30 15:38:53;-146,5;-135,1
2026/09/30 15:38:54;-146,6;-135,1
2026/09/30 15:38:55;-146,5;-135,1
2026/09/30 15:38:56;-146,7;-135,1
2026/09/30 15:38:57;-146,7;-135,0
2026/09/30 15:38:58;-146,7;-135,1
2026/09/30 15:38:59;-146,4;-135,0
2026/09/30 15:39:00;-146,5;-135,0
2026/09/30 15:39:01;-146,4;-135,0
2026/09/30 15:39:02;-146,4;-135,0
2026/09/30 15:39:03;-146,4;-134,9
2026/09/30 15:39:04;-146,3;-134,9
2026/09/30 15:39:05;-146,3;-134,9
2026/09/30 15:39:06;-146,2;-134,9
2026/09/30 15:39:07;-146,3;-134,9
2026/09/30 15:39:08;-146,3;-134,8
2026/09/30 15:39:09;-146,2;-134,8
2026/09/30 15:39:10;-146,2;-134,8
2026/09/30 15:39:11;-146,1;-134,7
2026/09/30 15:39:12;-146,1;-134,8
2026/09/30 15:39:13;-146,2;-134,7
2026/09/30 15:39:14;-146,1;-134,7
2026/09/30 15:39:15;-146,1;-134,7
2026/09/30 15:39:16;-146,1;-134,7
2026/09/30 15:39:17;-146,1;-134,7
2026/09/30 15:39:18;-146,0;-134,6
2026/09/30 15:39:19;-146,1;-134,6
2026/09/30 15:39:20;-146,0;-134,6
2026/09/30 15:39:21;-146,0;-134,6
2026/09/30 15:39:22;-145,9;-134,6
2026/09/30 15:39:23;-146,1;-134,5
2026/09/30 15:39:24;-145,9;-134,5
2026/09/30 15:39:25;-145,9;-134,5
2026/09/30 15:39:26;-145,8;-134,5
2026/09/30 15:39:27;-145,8;-134,4
2026/09/30 15:39:28;-145,9;-134,3
2026/09/30 15:39:29;-145,8;-134,3
2026/09/30 15:39:30;-145,8;-134,3
2026/09/30 15:39:31;-145,8;-134,3
2026/09/30 15:39:32;-145,8;-134,3
2026/09/30 15:39:33;-145,8;-134,3
2026/09/30 15:39:34;-145,8;-134,3
2026/09/30 15:39:35;-145,8;-134,2
2026/09/30 15:39:36;-145,7;-134,2
2026/09/30 15:39:37;-145,6;-134,2
2026/09/30 15:39:38;-145,6;-134,1
2026/09/30 15:39:39;-145,6;-134,1
2026/09/30 15:39:40;-145,5;-134,1
2026/09/30 15:39:41;-145,5;-134,1
2026/09/30 15:39:42;-145,5;-134,0
2026/09/30 15:39:43;-145,5;-134,0
2026/09/30 15:39:44;-145,4;-134,0
2026/09/30 15:39:45;-145,4;-134,0
2026/09/30 15:39:46;-145,4;-134,0
2026/09/30 15:39:47;-145,4;-133,9
2026/09/30 15:39:48;-145,4;-133,9
2026/09/30 15:39:49;-145,3;-133,9
2026/09/30 15:39:50;-145,4;-133,9
2026/09/30 15:39:51;-145,2;-133,8
2026/09/30 15:39:52;-145,3;-133,8
2026/09/30 15:39:53;-145,1;-133,8
2026/09/30 15:39:54;-145,3;-133,8
2026/09/30 15:39:55;-145,1;-133,7
2026/09/30 15:39:56;-145,2;-133,8
2026/09/30 15:39:57;-145,2;-133,7
2026/09/30 15:39:58;-145,1;-133,7
2026/09/30 15:39:59;-145,1;-133,7
2026/09/30 15:40:00;-145,1;-133,6
2026/09/30 15:40:01;-145,1;-133,7
2026/09/30 15:40:02;-145,1;-133,6
2026/09/30 15:40:03;-145,0;-133,6
2026/09/30 15:40:04;-145,0;-133,6
2026/09/30 15:40:05;-145,0;-133,6
2026/09/30 15:40:06;-144,9;-133,5
2026/09/30 15:40:07;-144,9;-133,5
2026/09/30 15:40:08;-144,9;-133,5
2026/09/30 15:40:09;-144,8;-133,4
2026/09/30 15:40:10;-144,8;-133,4
2026/09/30 15:40:11;-144,8;-133,4
2026/09/30 15:40:12;-144,8;-133,4
2026/09/30 15:40:13;-144,7;-133,4
2026/09/30 15:40:14;-144,7;-133,3
2026/09/30 15:40:15;-144,7;-133,3
2026/09/30 15:40:16;-144,6;-133,3
2026/09/30 15:40:17;-144,6;-133,3
2026/09/30 15:40:18;-144,6;-133,3
2026/09/30 15:40:19;-144,6;-133,2
2026/09/30 15:40:20;-144,5;-133,2
2026/09/30 15:40:21;-144,5;-133,2
2026/09/30 15:40:22;-144,5;-133,2
2026/09/30 15:40:23;-144,5;-133,2
2026/09/30 15:40:24;-144,4;-133,1
2026/09/30 15:40:25;-144,5;-133,1
2026/09/30 15:40:26;-144,4;-133,1
2026/09/30 15:40:27;-144,4;-133,0
2026/09/30 15:40:28;-144,3;-133,0
2026/09/30 15:40:29;-144,4;-132,9
2026/09/30 15:40:30;-144,4;-132,9
2026/09/30 15:40:31;-144,3;-132,9
2026/09/30 15:40:32;-144,3;-132,9
2026/09/30 15:40:33;-144,2;-132,9
2026/09/30 15:40:34;-144,2;-132,9
2026/09/30 15:40:35;-144,2;-132,9
2026/09/30 15:40:36;-144,3;-132,8
2026/09/30 15:40:37;-144,1;-132,8
2026/09/30 15:40:38;-144,1;-132,7
2026/09/30 15:40:39;-144,1;-132,8
2026/09/30 15:40:40;-144,1;-132,8
2026/09/30 15:40:41;-144,1;-132,7
2026/09/30 15:40:42;-144,0;-132,7
2026/09/30 15:40:43;-144,0;-132,6
2026/09/30 15:40:44;-144,0;-132,6
2026/09/30 15:40:45;-144,0;-132,6
2026/09/30 15:40:46;-143,9;-132,6
2026/09/30 15:40:47;-143,9;-132,5
2026/09/30 15:40:48;-143,8;-132,5
2026/09/30 15:40:49;-143,8;-132,6
2026/09/30 15:40:50;-143,8;-132,5
2026/09/30 15:40:51;-143,8;-132,4
2026/09/30 15:40:52;-143,8;-132,4
2026/09/30 15:40:53;-143,7;-132,4
2026/09/30 15:40:54;-143,7;-132,4
2026/09/30 15:40:55;-143,6;-132,4
2026/09/30 15:40:56;-143,6;-132,4
2026/09/30 15:40:57;-143,6;-132,4
2026/09/30 15:40:58;-143,6;-132,3
2026/09/30 15:40:59;-143,6;-132,3
2026/09/30 15:41:00;-143,3;-132,3
2026/09/30 15:41:01;-143,6;-132,3
2026/09/30 15:41:02;-143,5;-132,2
2026/09/30 15:41:03;-143,6;-132,2
2026/09/30 15:41:04;-143,5;-132,1
2026/09/30 15:41:05;-143,4;-132,1
2026/09/30 15:41:06;-143,4;-132,1
2026/09/30 15:41:07;-143,2;-132,0
2026/09/30 15:41:08;-143,2;-132,1
2026/09/30 15:41:09;-143,2;-132,0
2026/09/30 15:41:10;-143,3;-132,0
2026/09/30 15:41:11;-143,3;-132,0
2026/09/30 15:41:12;-143,2;-132,0
2026/09/30 15:41:13;-143,1;-131,9
2026/09/30 15:41:14;-143,1;-131,9
2026/09/30 15:41:15;-143,0;-131,9
2026/09/30 15:41:16;-143,0;-131,9
2026/09/30 15:41:17;-142,9;-131,9
2026/09/30 15:41:18;-142,9;-131,8
2026/09/30 15:41:19;-142,9;-131,8
2026/09/30 15:41:20;-142,9;-131,7
2026/09/30 15:41:21;-142,8;-131,7
2026/09/30 15:41:22;-142,9;-131,7
2026/09/30 15:41:23;-142,8;-131,7
2026/09/30 15:41:24;-142,7;-131,7
2026/09/30 15:41:25;-142,7;-131,6
2026/09/30 15:41:26;-142,7;-131,6
2026/09/30 15:41:27;-142,6;-131,6
2026/09/30 15:41:28;-142,7;-131,5
2026/09/30 15:41:29;-142,6;-131,5
2026/09/30 15:41:30;-142,6;-131,5
2026/09/30 15:41:31;-142,5;-131,5
2026/09/30 15:41:32;-142,5;-131,5
2026/09/30 15:41:33;-142,6;-131,5
2026/09/30 15:41:34;-142,4;-131,4
2026/09/30 15:41:35;-142,5;-131,4
2026/09/30 15:41:36;-142,5;-131,4
2026/09/30 15:41:37;-142,5;-131,4
2026/09/30 15:41:38;-142,4;-131,3
2026/09/30 15:41:39;-142,4;-131,3
2026/09/30 15:41:40;-142,4;-131,3
2026/09/30 15:41:41;-142,3;-131,3
2026/09/30 15:41:42;-142,3;-131,2
2026/09/30 15:41:43;-142,3;-131,2
2026/09/30 15:41:44;-142,2;-131,2
2026/09/30 15:41:45;-142,3;-131,1
2026/09/30 15:41:46;-142,2;-131,1
2026/09/30 15:41:47;-142,2;-131,0
2026/09/30 15:41:48;-142,2;-131,1
2026/09/30 15:41:49;-142,2;-131,1
2026/09/30 15:41:50;-142,1;-131,0
2026/09/30 15:41:51;-142,1;-131,0
2026/09/30 15:41:52;-142,1;-130,9
2026/09/30 15:41:53;-142,0;-130,9
2026/09/30 15:41:54;-142,0;-130,9
2026/09/30 15:41:55;-141,9;-130,9
2026/09/30 15:41:56;-142,0;-130,8
2026/09/30 15:41:57;-141,9;-130,8
2026/09/30 15:41:58;-141,9;-130,8
2026/09/30 15:41:59;-141,9;-130,7
2026/09/30 15:42:00;-141,7;-130,7
2026/09/30 15:42:01;-141,7;-130,7
2026/09/30 15:42:02;-141,8;-130,7
2026/09/30 15:42:03;-141,8;-130,6
2026/09/30 15:42:04;-141,7;-130,6
2026/09/30 15:42:05;-141,7;-130,6
2026/09/30 15:42:06;-141,7;-130,6
2026/09/30 15:42:07;-141,7;-130,5
2026/09/30 15:42:08;-141,6;-130,5
2026/09/30 15:42:09;-141,6;-130,5
2026/09/30 15:42:10;-141,6;-130,5
2026/09/30 15:42:11;-141,5;-130,5
2026/09/30 15:42:12;-141,6;-130,4
2026/09/30 15:42:13;-141,5;-130,4
2026/09/30 15:42:14;-141,5;-130,4
2026/09/30 15:42:15;-141,5;-130,4
2026/09/30 15:42:16;-141,4;-130,3
2026/09/30 15:42:17;-141,4;-130,3
2026/09/30 15:42:18;-141,4;-130,2
2026/09/30 15:42:19;-141,4;-130,3
2026/09/30 15:42:20;-141,4;-130,2
2026/09/30 15:42:21;-141,3;-130,2
2026/09/30 15:42:22;-141,2;-130,2
2026/09/30 15:42:23;-141,3;-130,2
2026/09/30 15:42:24;-141,2;-130,2
2026/09/30 15:42:25;-141,2;-130,1
2026/09/30 15:42:26;-141,1;-130,1
2026/09/30 15:42:27;-141,2;-130,0
2026/09/30 15:42:28;-141,1;-130,0
2026/09/30 15:42:29;-141,1;-130,0
2026/09/30 15:42:30;-141,0;-130,0
2026/09/30 15:42:31;-141,0;-129,9
2026/09/30 15:42:32;-141,0;-129,9
2026/09/30 15:42:33;-141,0;-129,9
2026/09/30 15:42:34;-140,9;-129,9
2026/09/30 15:42:35;-140,9;-129,8
2026/09/30 15:42:36;-140,9;-129,8
2026/09/30 15:42:37;-140,7;-129,8
2026/09/30 15:42:38;-140,8;-129,8
2026/09/30 15:42:39;-140,7;-129,8
2026/09/30 15:42:40;-140,8;-129,7
2026/09/30 15:42:41;-140,7;-129,7
2026/09/30 15:42:42;-140,7;-129,7
2026/09/30 15:42:43;-140,6;-129,7
2026/09/30 15:42:44;-140,6;-129,6
2026/09/30 15:42:45;-140,6;-129,6
2026/09/30 15:42:46;-140,5;-129,6
2026/09/30 15:42:47;-140,5;-129,6
2026/09/30 15:42:48;-140,5;-129,5
2026/09/30 15:42:49;-140,5;-129,6
2026/09/30 15:42:50;-140,5;-129,5
2026/09/30 15:42:51;-140,5;-129,5
2026/09/30 15:42:52;-140,4;-129,4
2026/09/30 15:42:53;-140,4;-129,4
2026/09/30 15:42:54;-140,3;-129,4
2026/09/30 15:42:55;-140,3;-129,4
2026/09/30 15:42:56;-140,3;-129,4
2026/09/30 15:42:57;-140,3;-129,3
2026/09/30 15:42:58;-140,3;-129,3
2026/09/30 15:42:59;-140,2;-129,3
2026/09/30 15:43:00;-140,2;-129,2
2026/09/30 15:43:01;-140,1;-129,2
2026/09/30 15:43:02;-140,1;-129,2
2026/09/30 15:43:03;-140,1;-129,2
2026/09/30 15:43:04;-140,1;-129,2
2026/09/30 15:43:05;-140,1;-129,1
2026/09/30 15:43:06;-140,0;-129,1
2026/09/30 15:43:07;-140,0;-129,1
2026/09/30 15:43:08;-140,0;-129,1
2026/09/30 15:43:09;-140,0;-129,1
2026/09/30 15:43:10;-139,9;-128,9
2026/09/30 15:43:11;-139,9;-129,0
2026/09/30 15:43:12;-139,9;-128,9
2026/09/30 15:43:13;-139,8;-128,9
2026/09/30 15:43:14;-139,8;-128,9
2026/09/30 15:43:15;-139,8;-128,8
2026/09/30 15:43:16;-139,8;-128,9
2026/09/30 15:43:17;-139,7;-128,8
2026/09/30 15:43:18;-139,7;-128,8
2026/09/30 15:43:19;-139,7;-128,8
2026/09/30 15:43:20;-139,5;-128,8
2026/09/30 15:43:21;-139,6;-128,7
2026/09/30 15:43:22;-139,6;-128,7
2026/09/30 15:43:23;-139,4;-128,6
2026/09/30 15:43:24;-139,5;-128,6
2026/09/30 15:43:25;-139,5;-128,6
2026/09/30 15:43:26;-139,3;-128,6
2026/09/30 15:43:27;-139,5;-128,6
2026/09/30 15:43:28;-139,3;-128,6
2026/09/30 15:43:29;-139,3;-128,6
2026/09/30 15:43:30;-139,4;-128,5
2026/09/30 15:43:31;-139,4;-128,4
2026/09/30 15:43:32;-139,1;-128,4
2026/09/30 15:43:33;-139,1;-128,4
2026/09/30 15:43:34;-139,1;-128,4
2026/09/30 15:43:35;-139,0;-128,4
2026/09/30 15:43:36;-139,0;-128,4
2026/09/30 15:43:37;-139,2;-128,3
2026/09/30 15:43:38;-139,2;-128,3
2026/09/30 15:43:39;-139,0;-128,3
2026/09/30 15:43:40;-139,0;-128,3
2026/09/30 15:43:41;-138,9;-128,2
2026/09/30 15:43:42;-138,8;-128,2
2026/09/30 15:43:43;-138,8;-128,1
2026/09/30 15:43:44;-138,8;-128,1
2026/09/30 15:43:45;-138,9;-128,1
2026/09/30 15:43:46;-138,8;-128,1
2026/09/30 15:43:47;-139,0;-128,0
2026/09/30 15:43:48;-138,7;-128,0
2026/09/30 15:43:49;-138,7;-128,0
2026/09/30 15:43:50;-138,7;-128,0
2026/09/30 15:43:51;-138,7;-128,0
2026/09/30 15:43:52;-138,8;-127,9
2026/09/30 15:43:53;-138,6;-127,9
2026/09/30 15:43:54;-138,6;-127,9
2026/09/30 15:43:55;-138,6;-127,8
2026/09/30 15:43:56;-138,6;-127,8
2026/09/30 15:43:57;-138,5;-127,8
2026/09/30 15:43:58;-138,5;-127,8
2026/09/30 15:43:59;-138,5;-127,7
2026/09/30 15:44:00;-138,5;-127,7
2026/09/30 15:44:01;-138,5;-127,6
2026/09/30 15:44:02;-138,4;-127,7
2026/09/30 15:44:03;-138,4;-127,6
2026/09/30 15:44:04;-138,3;-127,6
2026/09/30 15:44:05;-138,3;-127,5
2026/09/30 15:44:06;-138,3;-127,5
2026/09/30 15:44:07;-138,2;-127,5
2026/09/30 15:44:08;-138,2;-127,4
2026/09/30 15:44:09;-138,2;-127,4
2026/09/30 15:44:10;-138,2;-127,4
2026/09/30 15:44:11;-138,2;-127,4
2026/09/30 15:44:12;-138,1;-127,3
2026/09/30 15:44:13;-138,1;-127,4
2026/09/30 15:44:14;-138,0;-127,3
2026/09/30 15:44:15;-138,0;-127,3
2026/09/30 15:44:16;-138,0;-127,2
2026/09/30 15:44:17;-138,0;-127,2
2026/09/30 15:44:18;-138,0;-127,2
2026/09/30 15:44:19;-138,0;-127,2
2026/09/30 15:44:20;-137,9;-127,2
2026/09/30 15:44:21;-137,9;-127,1
2026/09/30 15:44:22;-137,9;-127,1
2026/09/30 15:44:23;-137,8;-127,1
2026/09/30 15:44:24;-137,8;-127,1
2026/09/30 15:44:25;-137,8;-127,1
2026/09/30 15:44:26;-137,8;-127,0
2026/09/30 15:44:27;-137,7;-127,0
2026/09/30 15:44:28;-137,7;-126,9
2026/09/30 15:44:29;-137,7;-127,0
2026/09/30 15:44:30;-137,7;-126,9
2026/09/30 15:44:31;-137,7;-126,9
2026/09/30 15:44:32;-137,7;-126,9
2026/09/30 15:44:33;-137,6;-126,8
2026/09/30 15:44:34;-137,6;-126,8
2026/09/30 15:44:35;-137,6;-126,8
2026/09/30 15:44:36;-137,5;-126,8
2026/09/30 15:44:37;-137,5;-126,7
2026/09/30 15:44:38;-137,5;-126,8
2026/09/30 15:44:39;-137,4;-126,7
2026/09/30 15:44:40;-137,4;-126,7
2026/09/30 15:44:41;-137,4;-126,6
2026/09/30 15:44:42;-137,4;-126,6
2026/09/30 15:44:43;-137,3;-126,6
2026/09/30 15:44:44;-137,3;-126,6
2026/09/30 15:44:45;-137,3;-126,5
2026/09/30 15:44:46;-137,3;-126,6
2026/09/30 15:44:47;-137,2;-126,5
2026/09/30 15:44:48;-137,2;-126,5
2026/09/30 15:44:49;-137,2;-126,4
2026/09/30 15:44:50;-137,1;-126,4
2026/09/30 15:44:51;-137,1;-126,4
2026/09/30 15:44:52;-137,1;-126,4
2026/09/30 15:44:53;-137,0;-126,4
2026/09/30 15:44:54;-137,1;-126,4
2026/09/30 15:44:55;-137,0;-126,3
2026/09/30 15:44:56;-137,0;-126,3
2026/09/30 15:44:57;-137,0;-126,3
2026/09/30 15:44:58;-137,0;-126,2
2026/09/30 15:44:59;-136,9;-126,2
2026/09/30 15:45:00;-136,9;-126,2
2026/09/30 15:45:01;-136,8;-126,1
2026/09/30 15:45:02;-136,9;-126,1
2026/09/30 15:45:03;-136,8;-126,1
2026/09/30 15:45:04;-136,8;-126,1
2026/09/30 15:45:05;-136,6;-126,1
2026/09/30 15:45:06;-136,8;-126,0
2026/09/30 15:45:07;-136,7;-126,0
2026/09/30 15:45:08;-136,7;-126,0
2026/09/30 15:45:09;-136,6;-126,0
2026/09/30 15:45:10;-136,6;-125,9
2026/09/30 15:45:11;-136,6;-125,9
2026/09/30 15:45:12;-136,5;-125,9
2026/09/30 15:45:13;-136,5;-125,9
2026/09/30 15:45:14;-136,5;-125,8
2026/09/30 15:45:15;-136,5;-125,8
2026/09/30 15:45:16;-136,4;-125,8
2026/09/30 15:45:17;-136,4;-125,8
2026/09/30 15:45:18;-136,4;-125,7
2026/09/30 15:45:19;-136,4;-125,7
2026/09/30 15:45:20;-136,3;-125,7
2026/09/30 15:45:21;-136,4;-125,7
2026/09/30 15:45:22;-136,3;-125,6
2026/09/30 15:45:23;-136,3;-125,6
2026/09/30 15:45:24;-136,3;-125,6
2026/09/30 15:45:25;-136,3;-125,5
2026/09/30 15:45:26;-136,3;-125,5
2026/09/30 15:45:27;-136,2;-125,5
2026/09/30 15:45:28;-136,2;-125,5
2026/09/30 15:45:29;-136,1;-125,5
2026/09/30 15:45:30;-136,1;-125,4
2026/09/30 15:45:31;-136,1;-125,4
2026/09/30 15:45:32;-136,0;-125,4
2026/09/30 15:45:33;-136,1;-125,3
2026/09/30 15:45:34;-136,0;-125,4
2026/09/30 15:45:35;-136,0;-125,3
2026/09/30 15:45:36;-135,9;-125,3
2026/09/30 15:45:37;-135,9;-125,2
2026/09/30 15:45:38;-135,9;-125,2
2026/09/30 15:45:39;-135,9;-125,2
2026/09/30 15:45:40;-135,9;-125,2
2026/09/30 15:45:41;-135,8;-125,2
2026/09/30 15:45:42;-135,8;-125,1
2026/09/30 15:45:43;-135,7;-125,1
2026/09/30 15:45:44;-135,8;-125,1
2026/09/30 15:45:45;-135,8;-125,1
2026/09/30 15:45:46;-135,7;-125,1
2026/09/30 15:45:47;-135,7;-125,1
2026/09/30 15:45:48;-135,5;-125,1
2026/09/30 15:45:49;-135,6;-125,0
2026/09/30 15:45:50;-135,6;-124,9
2026/09/30 15:45:51;-135,5;-124,9
2026/09/30 15:45:52;-135,6;-124,9
2026/09/30 15:45:53;-135,5;-124,9
2026/09/30 15:45:54;-135,3;-124,8
2026/09/30 15:45:55;-135,4;-124,8
2026/09/30 15:45:56;-135,4;-124,8
2026/09/30 15:45:57;-135,2;-124,8
2026/09/30 15:45:58;-135,4;-124,8
2026/09/30 15:45:59;-135,1;-124,8
2026/09/30 15:46:00;-135,1;-124,7
2026/09/30 15:46:01;-135,1;-124,7
2026/09/30 15:46:02;-135,3;-124,7
2026/09/30 15:46:03;-135,3;-124,7
2026/09/30 15:46:04;-135,3;-124,6
2026/09/30 15:46:05;-135,0;-124,6
2026/09/30 15:46:06;-135,0;-124,6
2026/09/30 15:46:07;-135,0;-124,5
2026/09/30 15:46:08;-135,2;-124,5
2026/09/30 15:46:09;-134,9;-124,5
2026/09/30 15:46:10;-134,9;-124,5
2026/09/30 15:46:11;-134,8;-124,4
2026/09/30 15:46:12;-135,0;-124,4
2026/09/30 15:46:13;-134,8;-124,4
2026/09/30 15:46:14;-134,8;-124,4
2026/09/30 15:46:15;-134,8;-124,3
2026/09/30 15:46:16;-134,8;-124,3
2026/09/30 15:46:17;-134,8;-124,3
2026/09/30 15:46:18;-134,7;-124,2
2026/09/30 15:46:19;-134,7;-124,2
2026/09/30 15:46:20;-134,7;-124,1
2026/09/30 15:46:21;-134,7;-124,1
2026/09/30 15:46:22;-134,6;-124,1
2026/09/30 15:46:23;-134,6;-124,1
2026/09/30 15:46:24;-134,6;-124,1
2026/09/30 15:46:25;-134,5;-124,0
2026/09/30 15:46:26;-134,5;-124,0
2026/09/30 15:46:27;-134,5;-124,0
2026/09/30 15:46:28;-134,5;-123,9
2026/09/30 15:46:29;-134,5;-123,9
2026/09/30 15:46:30;-134,4;-123,9
2026/09/30 15:46:31;-134,4;-123,9
2026/09/30 15:46:32;-134,3;-123,8
2026/09/30 15:46:33;-134,4;-123,8
2026/09/30 15:46:34;-134,4;-123,8
2026/09/30 15:46:35;-134,3;-123,8
2026/09/30 15:46:36;-134,3;-123,8
2026/09/30 15:46:37;-134,3;-123,8
2026/09/30 15:46:38;-134,3;-123,8
2026/09/30 15:46:39;-134,2;-123,7
2026/09/30 15:46:40;-134,2;-123,7
2026/09/30 15:46:41;-134,1;-123,6
2026/09/30 15:46:42;-134,2;-123,6
2026/09/30 15:46:43;-134,2;-123,6
2026/09/30 15:46:44;-134,1;-123,6
2026/09/30 15:46:45;-134,0;-123,5
2026/09/30 15:46:46;-134,1;-123,5
2026/09/30 15:46:47;-134,0;-123,5
2026/09/30 15:46:48;-134,0;-123,5
2026/09/30 15:46:49;-134,0;-123,4
2026/09/30 15:46:50;-133,9;-123,4
2026/09/30 15:46:51;-133,9;-123,4
2026/09/30 15:46:52;-133,9;-123,4
2026/09/30 15:46:53;-133,9;-123,4
2026/09/30 15:46:54;-133,9;-123,4
2026/09/30 15:46:55;-133,9;-123,3
2026/09/30 15:46:56;-133,8;-123,3
2026/09/30 15:46:57;-133,8;-123,2
2026/09/30 15:46:58;-133,8;-123,2
2026/09/30 15:46:59;-133,8;-123,2
2026/09/30 15:47:00;-133,8;-123,2
2026/09/30 15:47:01;-133,8;-123,2
2026/09/30 15:47:02;-133,8;-123,2
2026/09/30 15:47:03;-133,7;-123,1
2026/09/30 15:47:04;-133,7;-123,1
2026/09/30 15:47:05;-133,7;-123,1
2026/09/30 15:47:06;-133,6;-123,0
2026/09/30 15:47:07;-133,6;-123,1
2026/09/30 15:47:08;-133,6;-123,0
2026/09/30 15:47:09;-133,5;-123,0
2026/09/30 15:47:10;-133,6;-123,0
2026/09/30 15:47:11;-133,5;-122,9
2026/09/30 15:47:12;-133,6;-122,9
2026/09/30 15:47:13;-133,4;-122,8
2026/09/30 15:47:14;-133,4;-122,9
2026/09/30 15:47:15;-133,4;-122,8
2026/09/30 15:47:16;-133,4;-122,8
2026/09/30 15:47:17;-133,2;-122,8
2026/09/30 15:47:18;-133,2;-122,8
2026/09/30 15:47:19;-133,3;-122,7
2026/09/30 15:47:20;-133,3;-122,8
2026/09/30 15:47:21;-133,3;-122,8
2026/09/30 15:47:22;-133,2;-122,7
2026/09/30 15:47:23;-133,2;-122,7
2026/09/30 15:47:24;-133,2;-122,6
2026/09/30 15:47:25;-133,2;-122,6
2026/09/30 15:47:26;-133,1;-122,6
2026/09/30 15:47:27;-133,0;-122,5
2026/09/30 15:47:28;-133,0;-122,5
2026/09/30 15:47:29;-133,1;-122,5
2026/09/30 15:47:30;-133,1;-122,5
2026/09/30 15:47:31;-133,1;-122,4
2026/09/30 15:47:32;-132,9;-122,4
2026/09/30 15:47:33;-133,0;-122,4
2026/09/30 15:47:34;-132,9;-122,4
2026/09/30 15:47:35;-132,8;-122,3
2026/09/30 15:47:36;-132,8;-122,3
2026/09/30 15:47:37;-132,8;-122,2
2026/09/30 15:47:38;-132,8;-122,3
2026/09/30 15:47:39;-132,8;-122,2
2026/09/30 15:47:40;-132,8;-122,3
2026/09/30 15:47:41;-132,7;-122,2
2026/09/30 15:47:42;-132,7;-122,1
2026/09/30 15:47:43;-132,7;-122,1
2026/09/30 15:47:44;-132,7;-122,1
2026/09/30 15:47:45;-132,6;-122,1
2026/09/30 15:47:46;-132,6;-122,2
2026/09/30 15:47:47;-132,6;-122,1
2026/09/30 15:47:48;-132,5;-122,0
2026/09/30 15:47:49;-132,6;-122,0
2026/09/30 15:47:50;-132,6;-122,0
2026/09/30 15:47:51;-132,5;-122,0
2026/09/30 15:47:52;-132,5;-122,0
2026/09/30 15:47:53;-132,4;-122,0
2026/09/30 15:47:54;-132,4;-121,8
2026/09/30 15:47:55;-132,4;-121,8
2026/09/30 15:47:56;-132,4;-121,9
2026/09/30 15:47:57;-132,3;-121,8
2026/09/30 15:47:58;-132,3;-121,8
2026/09/30 15:47:59;-132,2;-121,8
2026/09/30 15:48:00;-132,3;-121,7
2026/09/30 15:48:01;-132,2;-121,7
2026/09/30 15:48:02;-132,2;-121,7
2026/09/30 15:48:03;-132,2;-121,7
2026/09/30 15:48:04;-132,2;-121,7
2026/09/30 15:48:05;-132,1;-121,7
2026/09/30 15:48:06;-132,1;-121,6
2026/09/30 15:48:07;-132,1;-121,7
2026/09/30 15:48:08;-132,1;-121,6
2026/09/30 15:48:09;-132,0;-121,6
2026/09/30 15:48:10;-131,9;-121,5
2026/09/30 15:48:11;-132,0;-121,5
2026/09/30 15:48:12;-131,9;-121,5
2026/09/30 15:48:13;-131,9;-121,5
2026/09/30 15:48:14;-131,8;-121,4
2026/09/30 15:48:15;-131,8;-121,4
2026/09/30 15:48:16;-131,9;-121,4
2026/09/30 15:48:17;-131,8;-121,3
2026/09/30 15:48:18;-131,8;-121,3
2026/09/30 15:48:19;-131,8;-121,3
2026/09/30 15:48:20;-131,8;-121,3
2026/09/30 15:48:21;-131,8;-121,2
2026/09/30 15:48:22;-131,7;-121,2
2026/09/30 15:48:23;-131,6;-121,2
2026/09/30 15:48:24;-131,6;-121,2
2026/09/30 15:48:25;-131,4;-121,2
2026/09/30 15:48:26;-131,4;-121,2
2026/09/30 15:48:27;-131,4;-121,1
2026/09/30 15:48:28;-131,4;-121,1
2026/09/30 15:48:29;-131,4;-121,1
2026/09/30 15:48:30;-131,6;-121,0
2026/09/30 15:48:31;-131,4;-121,0
2026/09/30 15:48:32;-131,3;-121,0
2026/09/30 15:48:33;-131,2;-120,9
2026/09/30 15:48:34;-131,2;-120,9
2026/09/30 15:48:35;-131,4;-120,9
2026/09/30 15:48:36;-131,2;-120,9
2026/09/30 15:48:37;-131,2;-120,8
2026/09/30 15:48:38;-131,4;-120,8
2026/09/30 15:48:39;-131,1;-120,8
2026/09/30 15:48:40;-131,1;-120,8
2026/09/30 15:48:41;-131,0;-120,8
2026/09/30 15:48:42;-131,1;-120,7
2026/09/30 15:48:43;-131,0;-120,6
2026/09/30 15:48:44;-131,0;-120,6
2026/09/30 15:48:45;-131,0;-120,6
2026/09/30 15:48:46;-131,0;-120,6
2026/09/30 15:48:47;-131,0;-120,6
2026/09/30 15:48:48;-130,9;-120,5
2026/09/30 15:48:49;-130,8;-120,5
2026/09/30 15:48:50;-131,0;-120,5
2026/09/30 15:48:51;-130,8;-120,5
2026/09/30 15:48:52;-130,8;-120,4
2026/09/30 15:48:53;-130,8;-120,5
2026/09/30 15:48:54;-130,7;-120,4
2026/09/30 15:48:55;-130,8;-120,4
2026/09/30 15:48:56;-130,9;-120,4
2026/09/30 15:48:57;-130,7;-120,3
2026/09/30 15:48:58;-130,6;-120,3
2026/09/30 15:48:59;-130,6;-120,3
2026/09/30 15:49:00;-130,6;-120,3
2026/09/30 15:49:01;-130,6;-120,3
2026/09/30 15:49:02;-130,6;-120,2
2026/09/30 15:49:03;-130,6;-120,2
2026/09/30 15:49:04;-130,6;-120,2
2026/09/30 15:49:05;-130,5;-120,1
2026/09/30 15:49:06;-130,5;-120,1
2026/09/30 15:49:07;-130,4;-120,1
2026/09/30 15:49:08;-130,4;-120,1
2026/09/30 15:49:09;-130,4;-120,1
2026/09/30 15:49:10;-130,4;-120,0
2026/09/30 15:49:11;-130,3;-120,0
2026/09/30 15:49:12;-130,3;-120,0
2026/09/30 15:49:13;-130,3;-119,9
2026/09/30 15:49:14;-130,2;-119,9
2026/09/30 15:49:15;-130,2;-119,9
2026/09/30 15:49:16;-130,2;-119,9
2026/09/30 15:49:17;-130,2;-119,9
2026/09/30 15:49:18;-130,2;-119,9
2026/09/30 15:49:19;-130,1;-119,8
2026/09/30 15:49:20;-130,1;-119,8
2026/09/30 15:49:21;-130,1;-119,8
2026/09/30 15:49:22;-130,1;-119,7
2026/09/30 15:49:23;-130,1;-119,7
2026/09/30 15:49:24;-130,1;-119,7
2026/09/30 15:49:25;-130,1;-119,7
2026/09/30 15:49:26;-130,0;-119,7
2026/09/30 15:49:27;-130,0;-119,6
2026/09/30 15:49:28;-129,9;-119,6
2026/09/30 15:49:29;-130,0;-119,6
2026/09/30 15:49:30;-129,9;-119,6
2026/09/30 15:49:31;-129,9;-119,6
2026/09/30 15:49:32;-129,9;-119,4
2026/09/30 15:49:33;-129,8;-119,5
2026/09/30 15:49:34;-129,9;-119,4
2026/09/30 15:49:35;-129,8;-119,5
2026/09/30 15:49:36;-129,8;-119,5
2026/09/30 15:49:37;-129,8;-119,4
2026/09/30 15:49:38;-129,8;-119,4
2026/09/30 15:49:39;-129,7;-119,4
2026/09/30 15:49:40;-129,7;-119,4
2026/09/30 15:49:41;-129,7;-119,3
2026/09/30 15:49:42;-129,6;-119,3
2026/09/30 15:49:43;-129,7;-119,3
2026/09/30 15:49:44;-129,6;-119,2
2026/09/30 15:49:45;-129,6;-119,1
2026/09/30 15:49:46;-129,5;-119,2
2026/09/30 15:49:47;-129,5;-119,1
2026/09/30 15:49:48;-129,5;-119,1
2026/09/30 15:49:49;-129,5;-119,1
2026/09/30 15:49:50;-129,4;-119,1
2026/09/30 15:49:51;-129,4;-119,0
2026/09/30 15:49:52;-129,3;-119,0
2026/09/30 15:49:53;-129,3;-119,0
2026/09/30 15:49:54;-129,4;-119,0
2026/09/30 15:49:55;-129,2;-118,9
2026/09/30 15:49:56;-129,2;-119,0
2026/09/30 15:49:57;-129,2;-118,9
2026/09/30 15:49:58;-129,2;-118,8
2026/09/30 15:49:59;-129,2;-118,8
2026/09/30 15:50:00;-129,2;-118,8
2026/09/30 15:50:01;-129,2;-118,8
2026/09/30 15:50:02;-129,2;-118,8
2026/09/30 15:50:03;-129,1;-118,7
2026/09/30 15:50:04;-129,1;-118,7
2026/09/30 15:50:05;-129,0;-118,8
2026/09/30 15:50:06;-129,0;-118,7
2026/09/30 15:50:07;-128,9;-118,7
2026/09/30 15:50:08;-129,0;-118,6
2026/09/30 15:50:09;-128,9;-118,6
2026/09/30 15:50:10;-128,9;-118,6
2026/09/30 15:50:11;-128,9;-118,6
2026/09/30 15:50:12;-128,9;-118,6
2026/09/30 15:50:13;-128,9;-118,6
2026/09/30 15:50:14;-128,9;-118,5
2026/09/30 15:50:15;-128,8;-118,5
2026/09/30 15:50:16;-128,8;-118,4
2026/09/30 15:50:17;-128,8;-118,4
2026/09/30 15:50:18;-128,8;-118,4
2026/09/30 15:50:19;-128,7;-118,4
2026/09/30 15:50:20;-128,7;-118,4
2026/09/30 15:50:21;-128,7;-118,4
2026/09/30 15:50:22;-128,6;-118,3
2026/09/30 15:50:23;-128,6;-118,3
2026/09/30 15:50:24;-128,6;-118,3
2026/09/30 15:50:25;-128,6;-118,3
2026/09/30 15:50:26;-128,5;-118,3
2026/09/30 15:50:27;-128,6;-118,2
2026/09/30 15:50:28;-128,5;-118,2
2026/09/30 15:50:29;-128,5;-118,2
2026/09/30 15:50:30;-128,5;-118,1
2026/09/30 15:50:31;-128,4;-118,1
2026/09/30 15:50:32;-128,4;-118,1
2026/09/30 15:50:33;-128,4;-118,1
2026/09/30 15:50:34;-128,4;-118,0
2026/09/30 15:50:35;-128,4;-118,0
2026/09/30 15:50:36;-128,3;-118,0
2026/09/30 15:50:37;-128,3;-118,0
2026/09/30 15:50:38;-128,3;-118,0
2026/09/30 15:50:39;-128,2;-117,9
2026/09/30 15:50:40;-128,2;-117,9
2026/09/30 15:50:41;-128,2;-117,9
2026/09/30 15:50:42;-128,1;-117,9
2026/09/30 15:50:43;-128,1;-117,8
2026/09/30 15:50:44;-128,1;-117,8
2026/09/30 15:50:45;-128,0;-117,8
2026/09/30 15:50:46;-128,0;-117,8
2026/09/30 15:50:47;-128,1;-117,8
2026/09/30 15:50:48;-127,9;-117,8
2026/09/30 15:50:49;-128,0;-117,7
2026/09/30 15:50:50;-128,0;-117,7
2026/09/30 15:50:51;-128,0;-117,7
2026/09/30 15:50:52;-128,0;-117,6
2026/09/30 15:50:53;-127,9;-117,7
2026/09/30 15:50:54;-127,9;-117,6
2026/09/30 15:50:55;-127,9;-117,5
2026/09/30 15:50:56;-127,8;-117,5
2026/09/30 15:50:57;-127,8;-117,5
2026/09/30 15:50:58;-127,7;-117,4
2026/09/30 15:50:59;-127,8;-117,4
2026/09/30 15:51:00;-127,7;-117,4
2026/09/30 15:51:01;-127,7;-117,4
2026/09/30 15:51:02;-127,4;-117,4
2026/09/30 15:51:03;-127,7;-117,3
2026/09/30 15:51:04;-127,6;-117,3
2026/09/30 15:51:05;-127,6;-117,3
2026/09/30 15:51:06;-127,4;-117,3
2026/09/30 15:51:07;-127,4;-117,3
2026/09/30 15:51:08;-127,6;-117,2
2026/09/30 15:51:09;-127,5;-117,2
2026/09/30 15:51:10;-127,5;-117,2
2026/09/30 15:51:11;-127,3;-117,1
2026/09/30 15:51:12;-127,4;-117,1
2026/09/30 15:51:13;-127,3;-117,1
2026/09/30 15:51:14;-127,3;-117,1
2026/09/30 15:51:15;-127,3;-117,1
2026/09/30 15:51:16;-127,2;-117,0
2026/09/30 15:51:17;-127,2;-117,0
2026/09/30 15:51:18;-127,4;-117,0
2026/09/30 15:51:19;-127,3;-117,0
2026/09/30 15:51:20;-127,1;-116,9
2026/09/30 15:51:21;-127,1;-116,9
2026/09/30 15:51:22;-127,1;-116,9
2026/09/30 15:51:23;-127,2;-116,9
2026/09/30 15:51:24;-127,0;-116,8
2026/09/30 15:51:25;-127,0;-116,8
2026/09/30 15:51:26;-127,0;-116,8
2026/09/30 15:51:27;-126,9;-116,7
2026/09/30 15:51:28;-126,9;-116,7
2026/09/30 15:51:29;-127,1;-116,7
2026/09/30 15:51:30;-126,9;-116,7
2026/09/30 15:51:31;-126,9;-116,7
2026/09/30 15:51:32;-126,9;-116,7
2026/09/30 15:51:33;-127,0;-116,6
2026/09/30 15:51:34;-126,8;-116,6
2026/09/30 15:51:35;-126,7;-116,6
2026/09/30 15:51:36;-126,7;-116,5
2026/09/30 15:51:37;-126,7;-116,6
2026/09/30 15:51:38;-126,7;-116,5
2026/09/30 15:51:39;-126,7;-116,5
2026/09/30 15:51:40;-126,7;-116,4
2026/09/30 15:51:41;-126,6;-116,4
2026/09/30 15:51:42;-126,6;-116,4
2026/09/30 15:51:43;-126,5;-116,4
2026/09/30 15:51:44;-126,5;-116,4
2026/09/30 15:51:45;-126,5;-116,4
2026/09/30 15:51:46;-126,5;-116,3
2026/09/30 15:51:47;-126,5;-116,3
2026/09/30 15:51:48;-126,4;-116,3
2026/09/30 15:51:49;-126,3;-116,3
2026/09/30 15:51:50;-126,3;-116,2
2026/09/30 15:51:51;-126,3;-116,2
2026/09/30 15:51:52;-126,3;-116,2
2026/09/30 15:51:53;-126,4;-116,2
2026/09/30 15:51:54;-126,3;-116,1
2026/09/30 15:51:55;-126,3;-116,1
2026/09/30 15:51:56;-126,2;-116,0
2026/09/30 15:51:57;-126,2;-116,0
2026/09/30 15:51:58;-126,2;-116,0
2026/09/30 15:51:59;-126,2;-116,0
2026/09/30 15:52:00;-126,2;-116,0
2026/09/30 15:52:01;-126,2;-116,0
2026/09/30 15:52:02;-126,1;-115,9
2026/09/30 15:52:03;-126,1;-115,9
2026/09/30 15:52:04;-126,0;-115,9
2026/09/30 15:52:05;-126,1;-115,9
2026/09/30 15:52:06;-126,1;-115,8
2026/09/30 15:52:07;-126,0;-115,9
2026/09/30 15:52:08;-126,0;-115,7
2026/09/30 15:52:09;-126,0;-115,8
2026/09/30 15:52:10;-126,0;-115,7
2026/09/30 15:52:11;-126,0;-115,8
2026/09/30 15:52:12;-125,9;-115,7
2026/09/30 15:52:13;-125,8;-115,6
2026/09/30 15:52:14;-125,8;-115,6
2026/09/30 15:52:15;-125,9;-115,7
2026/09/30 15:52:16;-125,8;-115,6
2026/09/30 15:52:17;-125,8;-115,6
2026/09/30 15:52:18;-125,8;-115,5
2026/09/30 15:52:19;-125,8;-115,6
2026/09/30 15:52:20;-125,7;-115,5
2026/09/30 15:52:21;-125,7;-115,5
2026/09/30 15:52:22;-125,7;-115,5
2026/09/30 15:52:23;-125,6;-115,4
2026/09/30 15:52:24;-125,6;-115,4
2026/09/30 15:52:25;-125,7;-115,4
2026/09/30 15:52:26;-125,6;-115,4
2026/09/30 15:52:27;-125,5;-115,4
2026/09/30 15:52:28;-125,5;-115,3
2026/09/30 15:52:29;-125,5;-115,3
2026/09/30 15:52:30;-125,5;-115,3
2026/09/30 15:52:31;-125,5;-115,3
2026/09/30 15:52:32;-125,5;-115,2
2026/09/30 15:52:33;-125,3;-115,2
2026/09/30 15:52:34;-125,4;-115,2
2026/09/30 15:52:35;-125,3;-115,2
2026/09/30 15:52:36;-125,3;-115,1
2026/09/30 15:52:37;-125,3;-115,1
2026/09/30 15:52:38;-125,2;-115,1
2026/09/30 15:52:39;-125,3;-115,1
2026/09/30 15:52:40;-125,3;-115,0
2026/09/30 15:52:41;-125,2;-115,1
2026/09/30 15:52:42;-125,2;-115,0
2026/09/30 15:52:43;-125,1;-115,0
2026/09/30 15:52:44;-125,2;-115,0
2026/09/30 15:52:45;-125,1;-115,0
2026/09/30 15:52:46;-125,1;-115,0
2026/09/30 15:52:47;-125,1;-114,9
2026/09/30 15:52:48;-125,0;-114,9
2026/09/30 15:52:49;-125,0;-114,9
2026/09/30 15:52:50;-125,0;-114,8
2026/09/30 15:52:51;-125,0;-114,8
2026/09/30 15:52:52;-125,0;-114,8
2026/09/30 15:52:53;-124,9;-114,8
2026/09/30 15:52:54;-124,9;-114,7
2026/09/30 15:52:55;-124,8;-114,7
2026/09/30 15:52:56;-124,8;-114,7
2026/09/30 15:52:57;-124,8;-114,7
2026/09/30 15:52:58;-124,8;-114,7
2026/09/30 15:52:59;-124,8;-114,7
2026/09/30 15:53:00;-124,8;-114,6
2026/09/30 15:53:01;-124,7;-114,6
2026/09/30 15:53:02;-124,7;-114,6
2026/09/30 15:53:03;-124,6;-114,5
2026/09/30 15:53:04;-124,6;-114,5
2026/09/30 15:53:05;-124,7;-114,5
2026/09/30 15:53:06;-124,6;-114,5
2026/09/30 15:53:07;-124,5;-114,5
2026/09/30 15:53:08;-124,6;-114,4
2026/09/30 15:53:09;-124,5;-114,4
2026/09/30 15:53:10;-124,5;-114,4
2026/09/30 15:53:11;-124,5;-114,4
2026/09/30 15:53:12;-124,5;-114,3
2026/09/30 15:53:13;-124,4;-114,3
2026/09/30 15:53:14;-124,4;-114,3
2026/09/30 15:53:15;-124,4;-114,3
2026/09/30 15:53:16;-124,4;-114,3
2026/09/30 15:53:17;-124,3;-114,2
2026/09/30 15:53:18;-124,4;-114,1
2026/09/30 15:53:19;-124,4;-114,1
2026/09/30 15:53:20;-124,3;-114,1
2026/09/30 15:53:21;-124,2;-114,1
2026/09/30 15:53:22;-124,2;-114,0
2026/09/30 15:53:23;-124,2;-114,0
2026/09/30 15:53:24;-124,2;-114,0
2026/09/30 15:53:25;-124,0;-114,0
2026/09/30 15:53:26;-124,2;-114,0
2026/09/30 15:53:27;-124,1;-113,9
2026/09/30 15:53:28;-124,1;-113,9
2026/09/30 15:53:29;-124,1;-113,9
2026/09/30 15:53:30;-124,0;-113,9
2026/09/30 15:53:31;-123,9;-113,9
2026/09/30 15:53:32;-124,0;-113,8
2026/09/30 15:53:33;-124,0;-113,8
2026/09/30 15:53:34;-123,8;-113,8
2026/09/30 15:53:35;-123,8;-113,8
2026/09/30 15:53:36;-123,7;-113,7
2026/09/30 15:53:37;-123,7;-113,7
2026/09/30 15:53:38;-123,8;-113,7
2026/09/30 15:53:39;-123,7;-113,7
2026/09/30 15:53:40;-123,7;-113,6
2026/09/30 15:53:41;-123,8;-113,6
2026/09/30 15:53:42;-123,6;-113,6
2026/09/30 15:53:43;-123,6;-113,6
2026/09/30 15:53:44;-123,8;-113,6
2026/09/30 15:53:45;-123,7;-113,6
2026/09/30 15:53:46;-123,6;-113,5
2026/09/30 15:53:47;-123,5;-113,5
2026/09/30 15:53:48;-123,5;-113,5
2026/09/30 15:53:49;-123,5;-113,5
2026/09/30 15:53:50;-123,5;-113,5
2026/09/30 15:53:51;-123,6;-113,4
2026/09/30 15:53:52;-123,6;-113,4
2026/09/30 15:53:53;-123,4;-113,4
2026/09/30 15:53:54;-123,4;-113,4
2026/09/30 15:53:55;-123,4;-113,3
2026/09/30 15:53:56;-123,4;-113,3
2026/09/30 15:53:57;-123,3;-113,3
2026/09/30 15:53:58;-123,3;-113,2
2026/09/30 15:53:59;-123,3;-113,2
2026/09/30 15:54:00;-123,3;-113,2
2026/09/30 15:54:01;-123,2;-113,2
2026/09/30 15:54:02;-123,1;-113,1
2026/09/30 15:54:03;-123,2;-113,1
2026/09/30 15:54:04;-123,1;-113,1
2026/09/30 15:54:05;-123,1;-113,1
2026/09/30 15:54:06;-123,1;-113,0
2026/09/30 15:54:07;-123,0;-113,0
2026/09/30 15:54:08;-123,1;-112,9
2026/09/30 15:54:09;-123,0;-113,0
2026/09/30 15:54:10;-123,0;-113,0
2026/09/30 15:54:11;-123,0;-112,9
2026/09/30 15:54:12;-123,0;-113,0
2026/09/30 15:54:13;-123,0;-112,9
2026/09/30 15:54:14;-122,9;-112,9
2026/09/30 15:54:15;-122,9;-112,9
2026/09/30 15:54:16;-122,9;-112,8
2026/09/30 15:54:17;-122,9;-112,8
2026/09/30 15:54:18;-122,9;-112,8
2026/09/30 15:54:19;-122,9;-112,8
2026/09/30 15:54:20;-122,8;-112,7
2026/09/30 15:54:21;-122,8;-112,7
2026/09/30 15:54:22;-122,8;-112,6
2026/09/30 15:54:23;-122,8;-112,7
2026/09/30 15:54:24;-122,7;-112,7
2026/09/30 15:54:25;-122,7;-112,6
2026/09/30 15:54:26;-122,6;-112,6
2026/09/30 15:54:27;-122,6;-112,5
2026/09/30 15:54:28;-122,7;-112,5
2026/09/30 15:54:29;-122,6;-112,6
2026/09/30 15:54:30;-122,6;-112,5
2026/09/30 15:54:31;-122,6;-112,5
2026/09/30 15:54:32;-122,5;-112,5
2026/09/30 15:54:33;-122,5;-112,5
2026/09/30 15:54:34;-122,5;-112,4
2026/09/30 15:54:35;-122,5;-112,4
2026/09/30 15:54:36;-122,4;-112,4
2026/09/30 15:54:37;-122,4;-112,4
2026/09/30 15:54:38;-122,4;-112,3
2026/09/30 15:54:39;-122,3;-112,3
2026/09/30 15:54:40;-122,4;-112,3
2026/09/30 15:54:41;-122,4;-112,3
2026/09/30 15:54:42;-122,4;-112,2
2026/09/30 15:54:43;-122,2;-112,2
2026/09/30 15:54:44;-122,3;-112,2
2026/09/30 15:54:45;-122,2;-112,2
2026/09/30 15:54:46;-122,2;-112,2
2026/09/30 15:54:47;-122,2;-112,2
2026/09/30 15:54:48;-122,1;-112,1
2026/09/30 15:54:49;-122,1;-112,1
2026/09/30 15:54:50;-122,1;-112,1
2026/09/30 15:54:51;-122,1;-112,0
2026/09/30 15:54:52;-122,0;-112,1
2026/09/30 15:54:53;-122,0;-112,0
2026/09/30 15:54:54;-122,0;-112,0
2026/09/30 15:54:55;-122,0;-111,9
2026/09/30 15:54:56;-122,0;-111,9
2026/09/30 15:54:57;-122,0;-111,9
2026/09/30 15:54:58;-121,9;-111,9
2026/09/30 15:54:59;-121,9;-111,9
2026/09/30 15:55:00;-121,9;-111,8
2026/09/30 15:55:01;-121,9;-111,9
2026/09/30 15:55:02;-121,9;-111,9
2026/09/30 15:55:03;-121,9;-111,8
2026/09/30 15:55:04;-121,8;-111,7
2026/09/30 15:55:05;-121,8;-111,7
2026/09/30 15:55:06;-121,7;-111,8
2026/09/30 15:55:07;-121,7;-111,8
2026/09/30 15:55:08;-121,7;-111,7
2026/09/30 15:55:09;-121,7;-111,7
2026/09/30 15:55:10;-121,7;-111,6
2026/09/30 15:55:11;-121,7;-111,6
2026/09/30 15:55:12;-121,7;-111,6
2026/09/30 15:55:13;-121,6;-111,6
2026/09/30 15:55:14;-121,6;-111,7
2026/09/30 15:55:15;-121,6;-111,5
2026/09/30 15:55:16;-121,6;-111,5
2026/09/30 15:55:17;-121,6;-111,5
2026/09/30 15:55:18;-121,5;-111,4
2026/09/30 15:55:19;-121,4;-111,4
2026/09/30 15:55:20;-121,5;-111,4
2026/09/30 15:55:21;-121,4;-111,4
2026/09/30 15:55:22;-121,4;-111,4
2026/09/30 15:55:23;-121,3;-111,3
2026/09/30 15:55:24;-121,4;-111,3
2026/09/30 15:55:25;-121,3;-111,3
2026/09/30 15:55:26;-121,3;-111,3
2026/09/30 15:55:27;-121,3;-111,3
2026/09/30 15:55:28;-121,2;-111,3
2026/09/30 15:55:29;-121,2;-111,2
2026/09/30 15:55:30;-121,1;-111,2
2026/09/30 15:55:31;-121,1;-111,2
2026/09/30 15:55:32;-121,1;-111,2
2026/09/30 15:55:33;-121,1;-111,2
2026/09/30 15:55:34;-121,1;-111,1
2026/09/30 15:55:35;-121,1;-111,1
2026/09/30 15:55:36;-121,0;-111,1
2026/09/30 15:55:37;-121,0;-111,0
2026/09/30 15:55:38;-121,0;-111,0
2026/09/30 15:55:39;-121,0;-111,0
2026/09/30 15:55:40;-120,9;-111,0
2026/09/30 15:55:41;-120,9;-111,0
2026/09/30 15:55:42;-120,9;-110,9
2026/09/30 15:55:43;-120,9;-110,9
2026/09/30 15:55:44;-120,9;-110,8
2026/09/30 15:55:45;-120,8;-110,8
2026/09/30 15:55:46;-120,7;-110,8
2026/09/30 15:55:47;-120,7;-110,8
2026/09/30 15:55:48;-120,7;-110,7
2026/09/30 15:55:49;-120,6;-110,7
2026/09/30 15:55:50;-120,7;-110,7
2026/09/30 15:55:51;-120,8;-110,7
2026/09/30 15:55:52;-120,6;-110,7
2026/09/30 15:55:53;-120,7;-110,7
2026/09/30 15:55:54;-120,6;-110,6
2026/09/30 15:55:55;-120,7;-110,6
2026/09/30 15:55:56;-120,6;-110,6
2026/09/30 15:55:57;-120,6;-110,6
2026/09/30 15:55:58;-120,5;-110,6
2026/09/30 15:55:59;-120,5;-110,6
2026/09/30 15:56:00;-120,5;-110,5
2026/09/30 15:56:01;-120,5;-110,5
2026/09/30 15:56:02;-120,5;-110,5
2026/09/30 15:56:03;-120,4;-110,4
2026/09/30 15:56:04;-120,4;-110,4
2026/09/30 15:56:05;-120,4;-110,4
2026/09/30 15:56:06;-120,4;-110,4
2026/09/30 15:56:07;-120,3;-110,3
2026/09/30 15:56:08;-120,1;-110,3
2026/09/30 15:56:09;-120,3;-110,3
2026/09/30 15:56:10;-120,2;-110,3
2026/09/30 15:56:11;-120,1;-110,3
2026/09/30 15:56:12;-120,2;-110,3
2026/09/30 15:56:13;-120,2;-110,2
2026/09/30 15:56:14;-120,1;-110,2
2026/09/30 15:56:15;-120,2;-110,2
2026/09/30 15:56:16;-120,2;-110,2
2026/09/30 15:56:17;-120,2;-110,1
2026/09/30 15:56:18;-119,9;-110,1
2026/09/30 15:56:19;-119,9;-110,1
2026/09/30 15:56:20;-119,9;-110,1
2026/09/30 15:56:21;-119,9;-110,1
2026/09/30 15:56:22;-119,8;-110,1
2026/09/30 15:56:23;-119,9;-110,0
2026/09/30 15:56:24;-120,0;-110,0
2026/09/30 15:56:25;-120,0;-110,0
2026/09/30 15:56:26;-119,7;-109,9
2026/09/30 15:56:27;-119,7;-109,9
2026/09/30 15:56:28;-119,7;-109,9
2026/09/30 15:56:29;-119,7;-109,9
2026/09/30 15:56:30;-119,6;-109,9
2026/09/30 15:56:31;-119,8;-109,9
2026/09/30 15:56:32;-119,8;-109,8
2026/09/30 15:56:33;-119,6;-109,8
2026/09/30 15:56:34;-119,7;-109,8
2026/09/30 15:56:35;-119,7;-109,8
2026/09/30 15:56:36;-119,5;-109,7
2026/09/30 15:56:37;-119,7;-109,7
2026/09/30 15:56:38;-119,5;-109,7
2026/09/30 15:56:39;-119,5;-109,7
2026/09/30 15:56:40;-119,7;-109,6
2026/09/30 15:56:41;-119,4;-109,6
2026/09/30 15:56:42;-119,4;-109,7
2026/09/30 15:56:43;-119,3;-109,6
2026/09/30 15:56:44;-119,3;-109,6
2026/09/30 15:56:45;-119,3;-109,6
2026/09/30 15:56:46;-119,5;-109,6
2026/09/30 15:56:47;-119,2;-109,5
2026/09/30 15:56:48;-119,2;-109,5
2026/09/30 15:56:49;-119,2;-109,4
2026/09/30 15:56:50;-119,2;-109,5
2026/09/30 15:56:51;-119,1;-109,4
2026/09/30 15:56:52;-119,1;-109,4
2026/09/30 15:56:53;-119,2;-109,4
2026/09/30 15:56:54;-119,2;-109,3
2026/09/30 15:56:55;-119,1;-109,3
2026/09/30 15:56:56;-119,1;-109,3
2026/09/30 15:56:57;-119,1;-109,3
2026/09/30 15:56:58;-119,0;-109,2
2026/09/30 15:56:59;-119,0;-109,2
2026/09/30 15:57:00;-119,1;-109,2
2026/09/30 15:57:01;-118,9;-109,2
2026/09/30 15:57:02;-118,9;-109,2
2026/09/30 15:57:03;-118,9;-109,1
2026/09/30 15:57:04;-118,9;-109,2
2026/09/30 15:57:05;-118,9;-109,2
2026/09/30 15:57:06;-118,9;-109,1
2026/09/30 15:57:07;-118,9;-109,1
2026/09/30 15:57:08;-118,9;-109,0
2026/09/30 15:57:09;-118,8;-109,0
2026/09/30 15:57:10;-118,8;-109,0
2026/09/30 15:57:11;-118,8;-108,9
2026/09/30 15:57:12;-118,8;-108,9
2026/09/30 15:57:13;-118,7;-109,0
2026/09/30 15:57:14;-118,7;-108,9
2026/09/30 15:57:15;-118,7;-109,0
2026/09/30 15:57:16;-118,7;-109,0
2026/09/30 15:57:17;-118,6;-108,9
2026/09/30 15:57:18;-118,6;-108,8
2026/09/30 15:57:19;-118,6;-108,8
2026/09/30 15:57:20;-118,6;-108,8
2026/09/30 15:57:21;-118,5;-108,7
2026/09/30 15:57:22;-118,5;-108,8
2026/09/30 15:57:23;-118,6;-108,7
2026/09/30 15:57:24;-118,4;-108,7
2026/09/30 15:57:25;-118,5;-108,7
2026/09/30 15:57:26;-118,4;-108,6
2026/09/30 15:57:27;-118,4;-108,7
2026/09/30 15:57:28;-118,4;-108,7
2026/09/30 15:57:29;-118,4;-108,7
2026/09/30 15:57:30;-118,3;-108,6
2026/09/30 15:57:31;-118,4;-108,6
2026/09/30 15:57:32;-118,4;-108,6
2026/09/30 15:57:33;-118,3;-108,5
2026/09/30 15:57:34;-118,3;-108,5
2026/09/30 15:57:35;-118,2;-108,4
2026/09/30 15:57:36;-118,3;-108,4
2026/09/30 15:57:37;-118,2;-108,4
2026/09/30 15:57:38;-118,2;-108,4
2026/09/30 15:57:39;-118,1;-108,3
2026/09/30 15:57:40;-118,1;-108,3
2026/09/30 15:57:41;-118,0;-108,3
2026/09/30 15:57:42;-118,0;-108,3
2026/09/30 15:57:43;-118,0;-108,3
2026/09/30 15:57:44;-118,0;-108,3
2026/09/30 15:57:45;-118,0;-108,2
2026/09/30 15:57:46;-118,0;-108,2
2026/09/30 15:57:47;-118,0;-108,2
2026/09/30 15:57:48;-118,0;-108,2
2026/09/30 15:57:49;-118,0;-108,1
2026/09/30 15:57:50;-118,0;-108,1
2026/09/30 15:57:51;-117,9;-108,1
2026/09/30 15:57:52;-117,9;-108,1
2026/09/30 15:57:53;-117,9;-108,1
2026/09/30 15:57:54;-117,8;-108,0
2026/09/30 15:57:55;-117,8;-108,0
2026/09/30 15:57:56;-117,8;-108,1
2026/09/30 15:57:57;-117,7;-108,0
2026/09/30 15:57:58;-117,8;-108,0
2026/09/30 15:57:59;-117,7;-107,9
2026/09/30 15:58:00;-117,7;-107,9
2026/09/30 15:58:01;-117,7;-107,9
2026/09/30 15:58:02;-117,7;-107,9
2026/09/30 15:58:03;-117,6;-107,9
2026/09/30 15:58:04;-117,5;-107,8
2026/09/30 15:58:05;-117,5;-107,8
2026/09/30 15:58:06;-117,5;-107,8
2026/09/30 15:58:07;-117,5;-107,8
2026/09/30 15:58:08;-117,5;-107,8
2026/09/30 15:58:09;-117,5;-107,7
2026/09/30 15:58:10;-117,5;-107,7
2026/09/30 15:58:11;-117,4;-107,7
2026/09/30 15:58:12;-117,4;-107,7
2026/09/30 15:58:13;-117,4;-107,6
2026/09/30 15:58:14;-117,4;-107,7
2026/09/30 15:58:15;-117,4;-107,6
2026/09/30 15:58:16;-117,4;-107,6
2026/09/30 15:58:17;-117,2;-107,6
2026/09/30 15:58:18;-117,2;-107,5
2026/09/30 15:58:19;-117,2;-107,5
2026/09/30 15:58:20;-117,2;-107,5
2026/09/30 15:58:21;-117,2;-107,4
2026/09/30 15:58:22;-117,2;-107,4
2026/09/30 15:58:23;-117,2;-107,4
2026/09/30 15:58:24;-117,1;-107,4
2026/09/30 15:58:25;-117,1;-107,4
2026/09/30 15:58:26;-117,0;-107,3
2026/09/30 15:58:27;-117,0;-107,3
2026/09/30 15:58:28;-117,0;-107,3
2026/09/30 15:58:29;-117,0;-107,3
2026/09/30 15:58:30;-117,0;-107,2
2026/09/30 15:58:31;-116,9;-107,2
2026/09/30 15:58:32;-116,9;-107,2
2026/09/30 15:58:33;-116,9;-107,2
2026/09/30 15:58:34;-116,9;-107,1
2026/09/30 15:58:35;-116,8;-107,1
2026/09/30 15:58:36;-116,8;-107,1
2026/09/30 15:58:37;-116,7;-107,1
2026/09/30 15:58:38;-116,7;-107,1
2026/09/30 15:58:39;-116,7;-107,0
2026/09/30 15:58:40;-116,7;-107,0
2026/09/30 15:58:41;-116,7;-107,0
2026/09/30 15:58:42;-116,7;-107,0
2026/09/30 15:58:43;-116,7;-107,0
2026/09/30 15:58:44;-116,7;-106,9
2026/09/30 15:58:45;-116,6;-106,9
2026/09/30 15:58:46;-116,6;-106,9
2026/09/30 15:58:47;-116,5;-106,8
2026/09/30 15:58:48;-116,6;-106,8
2026/09/30 15:58:49;-116,5;-106,8
2026/09/30 15:58:50;-116,5;-106,8
2026/09/30 15:58:51;-116,5;-106,8
2026/09/30 15:58:52;-116,5;-106,8
2026/09/30 15:58:53;-116,5;-106,8
2026/09/30 15:58:54;-116,4;-106,7
2026/09/30 15:58:55;-116,4;-106,7
2026/09/30 15:58:56;-116,4;-106,7
2026/09/30 15:58:57;-116,3;-106,7
2026/09/30 15:58:58;-116,3;-106,6
2026/09/30 15:58:59;-116,3;-106,6
2026/09/30 15:59:00;-116,2;-106,6
2026/09/30 15:59:01;-116,3;-106,6
2026/09/30 15:59:02;-116,2;-106,6
2026/09/30 15:59:03;-116,2;-106,6
2026/09/30 15:59:04;-116,0;-106,5
2026/09/30 15:59:05;-116,1;-106,5
2026/09/30 15:59:06;-116,1;-106,5
2026/09/30 15:59:07;-116,2;-106,5
2026/09/30 15:59:08;-116,1;-106,4
2026/09/30 15:59:09;-115,8;-106,4
2026/09/30 15:59:10;-116,1;-106,4
2026/09/30 15:59:11;-115,8;-106,3
2026/09/30 15:59:12;-116,0;-106,3
2026/09/30 15:59:13;-116,0;-106,3
2026/09/30 15:59:14;-115,8;-106,3
2026/09/30 15:59:15;-115,9;-106,2
2026/09/30 15:59:16;-115,9;-106,3
2026/09/30 15:59:17;-115,9;-106,2
2026/09/30 15:59:18;-115,8;-106,2
2026/09/30 15:59:19;-115,6;-106,2
2026/09/30 15:59:20;-115,7;-106,2
2026/09/30 15:59:21;-115,6;-106,1
2026/09/30 15:59:22;-115,6;-106,1
2026/09/30 15:59:23;-115,5;-106,1
2026/09/30 15:59:24;-115,5;-106,1
2026/09/30 15:59:25;-115,5;-106,1
2026/09/30 15:59:26;-115,5;-106,0
2026/09/30 15:59:27;-115,4;-106,0
2026/09/30 15:59:28;-115,6;-106,0
2026/09/30 15:59:29;-115,4;-106,0
2026/09/30 15:59:30;-115,4;-106,0
2026/09/30 15:59:31;-115,4;-105,9
2026/09/30 15:59:32;-115,4;-105,9
2026/09/30 15:59:33;-115,3;-105,9
2026/09/30 15:59:34;-115,3;-105,9
2026/09/30 15:59:35;-115,3;-105,8
2026/09/30 15:59:36;-115,3;-105,8
2026/09/30 15:59:37;-115,3;-105,8
2026/09/30 15:59:38;-115,3;-105,8
2026/09/30 15:59:39;-115,2;-105,8
2026/09/30 15:59:40;-115,2;-105,7
2026/09/30 15:59:41;-115,2;-105,6
2026/09/30 15:59:42;-115,2;-105,6
2026/09/30 15:59:43;-115,2;-105,6
2026/09/30 15:59:44;-115,3;-105,6
2026/09/30 15:59:45;-115,1;-105,6
2026/09/30 15:59:46;-115,1;-105,6
2026/09/30 15:59:47;-115,0;-105,5
2026/09/30 15:59:48;-115,0;-105,6
2026/09/30 15:59:49;-115,0;-105,5
2026/09/30 15:59:50;-114,9;-105,5
2026/09/30 15:59:51;-115,0;-105,4
2026/09/30 15:59:52;-115,0;-105,5
2026/09/30 15:59:53;-114,9;-105,4
2026/09/30 15:59:54;-114,9;-105,4
2026/09/30 15:59:55;-114,9;-105,3
2026/09/30 15:59:56;-114,8;-105,4
2026/09/30 15:59:57;-114,8;-105,3
2026/09/30 15:59:58;-114,8;-105,4
2026/09/30 15:59:59;-114,8;-105,3
2026/09/30 16:00:00;-114,8;-105,3
2026/09/30 16:00:01;-114,8;-105,2
2026/09/30 16:00:02;-114,7;-105,2
2026/09/30 16:00:03;-114,7;-105,3
2026/09/30 16:00:04;-114,7;-105,1
2026/09/30 16:00:05;-114,7;-105,2
2026/09/30 16:00:06;-114,6;-105,2
2026/09/30 16:00:07;-114,6;-105,1
2026/09/30 16:00:08;-114,6;-105,1
2026/09/30 16:00:09;-114,5;-105,1
2026/09/30 16:00:10;-114,5;-105,0
2026/09/30 16:00:11;-114,5;-105,0
2026/09/30 16:00:12;-114,6;-105,0
2026/09/30 16:00:13;-114,5;-105,0
2026/09/30 16:00:14;-114,5;-105,0
2026/09/30 16:00:15;-114,5;-104,9
2026/09/30 16:00:16;-114,4;-104,9
2026/09/30 16:00:17;-114,4;-105,0
2026/09/30 16:00:18;-114,4;-104,9
2026/09/30 16:00:19;-114,4;-104,8
2026/09/30 16:00:20;-114,3;-104,8
2026/09/30 16:00:21;-114,3;-104,8
2026/09/30 16:00:22;-114,3;-104,8
2026/09/30 16:00:23;-114,3;-104,8
2026/09/30 16:00:24;-114,2;-104,7
2026/09/30 16:00:25;-114,2;-104,7
2026/09/30 16:00:26;-114,2;-104,7
2026/09/30 16:00:27;-114,2;-104,7
2026/09/30 16:00:28;-114,2;-104,6
2026/09/30 16:00:29;-114,1;-104,6
2026/09/30 16:00:30;-114,2;-104,6
2026/09/30 16:00:31;-114,1;-104,6
2026/09/30 16:00:32;-114,1;-104,6
2026/09/30 16:00:33;-114,0;-104,5
2026/09/30 16:00:34;-114,0;-104,5
2026/09/30 16:00:35;-114,0;-104,5
2026/09/30 16:00:36;-114,0;-104,5
2026/09/30 16:00:37;-113,9;-104,5
2026/09/30 16:00:38;-114,0;-104,4
2026/09/30 16:00:39;-113,9;-104,4
2026/09/30 16:00:40;-113,9;-104,4
2026/09/30 16:00:41;-113,9;-104,4
2026/09/30 16:00:42;-113,9;-104,4
2026/09/30 16:00:43;-113,8;-104,3
2026/09/30 16:00:44;-113,8;-104,3
2026/09/30 16:00:45;-113,7;-104,3
2026/09/30 16:00:46;-113,7;-104,3
2026/09/30 16:00:47;-113,7;-104,2
2026/09/30 16:00:48;-113,7;-104,2
2026/09/30 16:00:49;-113,6;-104,2
2026/09/30 16:00:50;-113,6;-104,1
2026/09/30 16:00:51;-113,6;-104,1
2026/09/30 16:00:52;-113,6;-104,1
2026/09/30 16:00:53;-113,5;-104,0
2026/09/30 16:00:54;-113,6;-104,0
2026/09/30 16:00:55;-113,6;-104,0
2026/09/30 16:00:56;-113,5;-104,0
2026/09/30 16:00:57;-113,4;-104,0
2026/09/30 16:00:58;-113,5;-103,9
2026/09/30 16:00:59;-113,3;-103,9
2026/09/30 16:01:00;-113,4;-103,9
2026/09/30 16:01:01;-113,4;-103,9
2026/09/30 16:01:02;-113,3;-103,9
2026/09/30 16:01:03;-113,3;-103,8
2026/09/30 16:01:04;-113,3;-103,8
2026/09/30 16:01:05;-113,3;-103,8
2026/09/30 16:01:06;-113,3;-103,8
2026/09/30 16:01:07;-113,2;-103,8
2026/09/30 16:01:08;-113,2;-103,7
2026/09/30 16:01:09;-113,2;-103,7
2026/09/30 16:01:10;-113,1;-103,7
2026/09/30 16:01:11;-113,0;-103,7
2026/09/30 16:01:12;-113,1;-103,6
2026/09/30 16:01:13;-113,1;-103,6
2026/09/30 16:01:14;-113,1;-103,6
2026/09/30 16:01:15;-113,0;-103,6
2026/09/30 16:01:16;-113,0;-103,6
2026/09/30 16:01:17;-113,0;-103,5
2026/09/30 16:01:18;-113,0;-103,5
2026/09/30 16:01:19;-113,0;-103,5
2026/09/30 16:01:20;-113,0;-103,5
2026/09/30 16:01:21;-112,9;-103,4
2026/09/30 16:01:22;-112,9;-103,4
2026/09/30 16:01:23;-112,8;-103,4
2026/09/30 16:01:24;-112,9;-103,4
2026/09/30 16:01:25;-112,8;-103,4
2026/09/30 16:01:26;-112,8;-103,3
2026/09/30 16:01:27;-112,7;-103,3
2026/09/30 16:01:28;-112,8;-103,3
2026/09/30 16:01:29;-112,7;-103,2
2026/09/30 16:01:30;-112,7;-103,3
2026/09/30 16:01:31;-112,7;-103,3
2026/09/30 16:01:32;-112,7;-103,2
2026/09/30 16:01:33;-112,6;-103,1
2026/09/30 16:01:34;-112,6;-103,1
2026/09/30 16:01:35;-112,6;-103,1
2026/09/30 16:01:36;-112,6;-103,1
2026/09/30 16:01:37;-112,6;-103,1
2026/09/30 16:01:38;-112,5;-103,1
2026/09/30 16:01:39;-112,3;-103,0
2026/09/30 16:01:40;-112,5;-103,0
2026/09/30 16:01:41;-112,5;-103,0
2026/09/30 16:01:42;-112,5;-103,0
2026/09/30 16:01:43;-112,4;-103,0
2026/09/30 16:01:44;-112,4;-103,0
2026/09/30 16:01:45;-112,3;-102,9
2026/09/30 16:01:46;-112,4;-102,9
2026/09/30 16:01:47;-112,3;-102,9
2026/09/30 16:01:48;-112,3;-102,8
2026/09/30 16:01:49;-112,1;-102,8
2026/09/30 16:01:50;-112,3;-102,8
2026/09/30 16:01:51;-112,0;-102,8
2026/09/30 16:01:52;-112,3;-102,8
2026/09/30 16:01:53;-112,2;-102,7
2026/09/30 16:01:54;-112,2;-102,7
2026/09/30 16:01:55;-112,0;-102,7
2026/09/30 16:01:56;-112,1;-102,6
2026/09/30 16:01:57;-112,1;-102,7
2026/09/30 16:01:58;-111,9;-102,7
2026/09/30 16:01:59;-112,0;-102,6
2026/09/30 16:02:00;-111,9;-102,6
2026/09/30 16:02:01;-112,0;-102,6
2026/09/30 16:02:02;-111,8;-102,5
2026/09/30 16:02:03;-111,8;-102,6
2026/09/30 16:02:04;-111,7;-102,5
2026/09/30 16:02:05;-111,9;-102,5
2026/09/30 16:02:06;-111,7;-102,4
2026/09/30 16:02:07;-111,7;-102,5
2026/09/30 16:02:08;-111,9;-102,5
2026/09/30 16:02:09;-111,6;-102,4
2026/09/30 16:02:10;-111,6;-102,4
2026/09/30 16:02:11;-111,5;-102,4
2026/09/30 16:02:12;-111,8;-102,4
2026/09/30 16:02:13;-111,5;-102,3
2026/09/30 16:02:14;-111,5;-102,3
2026/09/30 16:02:15;-111,5;-102,2
2026/09/30 16:02:16;-111,5;-102,2
2026/09/30 16:02:17;-111,5;-102,3
2026/09/30 16:02:18;-111,5;-102,2
2026/09/30 16:02:19;-111,4;-102,2
2026/09/30 16:02:20;-111,4;-102,2
2026/09/30 16:02:21;-111,4;-102,2
2026/09/30 16:02:22;-111,3;-102,2
2026/09/30 16:02:23;-111,3;-102,1
2026/09/30 16:02:24;-111,4;-102,1
2026/09/30 16:02:25;-111,3;-102,1
2026/09/30 16:02:26;-111,3;-102,0
2026/09/30 16:02:27;-111,3;-102,0
2026/09/30 16:02:28;-111,3;-102,0
2026/09/30 16:02:29;-111,3;-102,0
2026/09/30 16:02:30;-111,2;-102,0
2026/09/30 16:02:31;-111,2;-102,0
2026/09/30 16:02:32;-111,2;-102,0
2026/09/30 16:02:33;-111,1;-101,9
2026/09/30 16:02:34;-111,1;-102,0
2026/09/30 16:02:35;-111,2;-101,8
2026/09/30 16:02:36;-111,1;-101,8
2026/09/30 16:02:37;-111,1;-101,8
2026/09/30 16:02:38;-111,0;-101,7
2026/09/30 16:02:39;-111,0;-101,7
2026/09/30 16:02:40;-111,1;-101,7
2026/09/30 16:02:41;-110,9;-101,7
2026/09/30 16:02:42;-110,9;-101,6
2026/09/30 16:02:43;-110,9;-101,7
2026/09/30 16:02:44;-110,9;-101,7
2026/09/30 16:02:45;-110,9;-101,6
2026/09/30 16:02:46;-110,9;-101,6
2026/09/30 16:02:47;-110,9;-101,6
2026/09/30 16:02:48;-110,9;-101,6
2026/09/30 16:02:49;-110,9;-101,6
2026/09/30 16:02:50;-110,8;-101,5
2026/09/30 16:02:51;-110,7;-101,5
2026/09/30 16:02:52;-110,8;-101,5
2026/09/30 16:02:53;-110,8;-101,5
2026/09/30 16:02:54;-110,8;-101,4
2026/09/30 16:02:55;-110,8;-101,5
2026/09/30 16:02:56;-110,7;-101,4
2026/09/30 16:02:57;-110,7;-101,4
2026/09/30 16:02:58;-110,6;-101,4
2026/09/30 16:02:59;-110,6;-101,4
2026/09/30 16:03:00;-110,6;-101,3
2026/09/30 16:03:01;-110,6;-101,3
2026/09/30 16:03:02;-110,5;-101,3
2026/09/30 16:03:03;-110,6;-101,3
2026/09/30 16:03:04;-110,5;-101,3
2026/09/30 16:03:05;-110,4;-101,2
2026/09/30 16:03:06;-110,4;-101,2
2026/09/30 16:03:07;-110,4;-101,2
2026/09/30 16:03:08;-110,4;-101,2
2026/09/30 16:03:09;-110,4;-101,1
2026/09/30 16:03:10;-110,4;-101,1
2026/09/30 16:03:11;-110,3;-101,1
2026/09/30 16:03:12;-110,3;-101,1
2026/09/30 16:03:13;-110,3;-101,1
2026/09/30 16:03:14;-110,3;-101,1
2026/09/30 16:03:15;-110,3;-101,0
2026/09/30 16:03:16;-110,3;-101,0
2026/09/30 16:03:17;-110,3;-101,0
2026/09/30 16:03:18;-110,2;-101,0
2026/09/30 16:03:19;-110,2;-100,9
2026/09/30 16:03:20;-110,1;-100,9
2026/09/30 16:03:21;-110,1;-100,9
2026/09/30 16:03:22;-110,1;-100,9
2026/09/30 16:03:23;-110,1;-100,8
2026/09/30 16:03:24;-110,0;-100,8
2026/09/30 16:03:25;-110,0;-100,8
2026/09/30 16:03:26;-110,1;-100,8
2026/09/30 16:03:27;-110,1;-100,8
2026/09/30 16:03:28;-110,0;-100,8
2026/09/30 16:03:29;-110,0;-100,7
2026/09/30 16:03:30;-110,0;-100,7
2026/09/30 16:03:31;-109,9;-100,6
2026/09/30 16:03:32;-109,9;-100,6
2026/09/30 16:03:33;-109,9;-100,6
2026/09/30 16:03:34;-109,9;-100,6
2026/09/30 16:03:35;-109,9;-100,6
2026/09/30 16:03:36;-109,8;-100,5
2026/09/30 16:03:37;-109,8;-100,5
2026/09/30 16:03:38;-109,8;-100,5
2026/09/30 16:03:39;-109,7;-100,5
2026/09/30 16:03:40;-109,8;-100,5
2026/09/30 16:03:41;-109,8;-100,5
2026/09/30 16:03:42;-109,7;-100,4
2026/09/30 16:03:43;-109,7;-100,4
2026/09/30 16:03:44;-109,7;-100,3
2026/09/30 16:03:45;-109,6;-100,3
2026/09/30 16:03:46;-109,6;-100,3
2026/09/30 16:03:47;-109,6;-100,3
2026/09/30 16:03:48;-109,5;-100,3
2026/09/30 16:03:49;-109,6;-100,3
2026/09/30 16:03:50;-109,5;-100,3
2026/09/30 16:03:51;-109,4;-100,2
2026/09/30 16:03:52;-109,5;-100,2
2026/09/30 16:03:53;-109,5;-100,2
2026/09/30 16:03:54;-109,4;-100,2
2026/09/30 16:03:55;-109,4;-100,1
2026/09/30 16:03:56;-109,4;-100,1
2026/09/30 16:03:57;-109,3;-100,1
2026/09/30 16:03:58;-109,3;-100,1
2026/09/30 16:03:59;-109,3;-100,1
2026/09/30 16:04:00;-109,3;-100,0
2026/09/30 16:04:01;-109,3;-100,0
2026/09/30 16:04:02;-109,3;-100,0
2026/09/30 16:04:03;-109,2;-100,0
2026/09/30 16:04:04;-109,2;-100,0
2026/09/30 16:04:05;-109,2;-100,0
2026/09/30 16:04:06;-109,2;-99,9
2026/09/30 16:04:07;-109,1;-99,9
2026/09/30 16:04:08;-108,9;-99,9
2026/09/30 16:04:09;-109,1;-99,9
2026/09/30 16:04:10;-109,1;-99,9
2026/09/30 16:04:11;-109,0;-99,9
2026/09/30 16:04:12;-109,0;-99,8
2026/09/30 16:04:13;-109,0;-99,8
2026/09/30 16:04:14;-109,0;-99,8
2026/09/30 16:04:15;-108,9;-99,8
2026/09/30 16:04:16;-108,9;-99,8
2026/09/30 16:04:17;-108,9;-99,7
2026/09/30 16:04:18;-108,9;-99,7
2026/09/30 16:04:19;-108,9;-99,7
2026/09/30 16:04:20;-108,8;-99,7
2026/09/30 16:04:21;-108,8;-99,6
2026/09/30 16:04:22;-108,8;-99,6
2026/09/30 16:04:23;-108,8;-99,6
2026/09/30 16:04:24;-108,6;-99,6
2026/09/30 16:04:25;-108,8;-99,6
2026/09/30 16:04:26;-108,7;-99,5
2026/09/30 16:04:27;-108,7;-99,5
2026/09/30 16:04:28;-108,7;-99,5
2026/09/30 16:04:29;-108,7;-99,5
2026/09/30 16:04:30;-108,4;-99,4
2026/09/30 16:04:31;-108,6;-99,4
2026/09/30 16:04:32;-108,6;-99,4
2026/09/30 16:04:33;-108,6;-99,4
2026/09/30 16:04:34;-108,6;-99,4
2026/09/30 16:04:35;-108,6;-99,4
2026/09/30 16:04:36;-108,6;-99,3
2026/09/30 16:04:37;-108,5;-99,3
2026/09/30 16:04:38;-108,4;-99,3
2026/09/30 16:04:39;-108,4;-99,3
2026/09/30 16:04:40;-108,2;-99,2
2026/09/30 16:04:41;-108,4;-99,2
2026/09/30 16:04:42;-108,3;-99,2
2026/09/30 16:04:43;-108,4;-99,2
2026/09/30 16:04:44;-108,4;-99,2
2026/09/30 16:04:45;-108,3;-99,2
2026/09/30 16:04:46;-108,1;-99,2
2026/09/30 16:04:47;-108,3;-99,1
2026/09/30 16:04:48;-108,2;-99,0
2026/09/30 16:04:49;-108,0;-99,0
2026/09/30 16:04:50;-108,0;-99,0
2026/09/30 16:04:51;-108,2;-99,0
2026/09/30 16:04:52;-108,0;-99,0
2026/09/30 16:04:53;-108,0;-99,0
2026/09/30 16:04:54;-107,9;-99,0
2026/09/30 16:04:55;-107,9;-98,9
2026/09/30 16:04:56;-107,9;-98,9
2026/09/30 16:04:57;-108,1;-98,9
2026/09/30 16:04:58;-107,9;-98,9
2026/09/30 16:04:59;-107,9;-98,9
2026/09/30 16:05:00;-107,8;-98,8
2026/09/30 16:05:01;-108,0;-98,8
2026/09/30 16:05:02;-108,0;-98,8
2026/09/30 16:05:03;-107,9;-98,8
2026/09/30 16:05:04;-107,7;-98,8
2026/09/30 16:05:05;-107,8;-98,8
2026/09/30 16:05:06;-107,7;-98,7
2026/09/30 16:05:07;-107,9;-98,8
2026/09/30 16:05:08;-107,7;-98,7
2026/09/30 16:05:09;-107,7;-98,6
2026/09/30 16:05:10;-107,6;-98,6
2026/09/30 16:05:11;-107,6;-98,6
2026/09/30 16:05:12;-107,6;-98,7
2026/09/30 16:05:13;-107,6;-98,6
2026/09/30 16:05:14;-107,5;-98,5
2026/09/30 16:05:15;-107,5;-98,6
2026/09/30 16:05:16;-107,5;-98,6
2026/09/30 16:05:17;-107,6;-98,5
2026/09/30 16:05:18;-107,5;-98,5
2026/09/30 16:05:19;-107,7;-98,5
2026/09/30 16:05:20;-107,4;-98,4
2026/09/30 16:05:21;-107,4;-98,4
2026/09/30 16:05:22;-107,4;-98,5
2026/09/30 16:05:23;-107,4;-98,4
2026/09/30 16:05:24;-107,3;-98,4
2026/09/30 16:05:25;-107,3;-98,3
2026/09/30 16:05:26;-107,3;-98,3
2026/09/30 16:05:27;-107,3;-98,3
2026/09/30 16:05:28;-107,3;-98,3
2026/09/30 16:05:29;-107,2;-98,3
2026/09/30 16:05:30;-107,2;-98,2
2026/09/30 16:05:31;-107,2;-98,2
2026/09/30 16:05:32;-107,2;-98,3
2026/09/30 16:05:33;-107,2;-98,3
2026/09/30 16:05:34;-107,2;-98,2
2026/09/30 16:05:35;-107,2;-98,1
2026/09/30 16:05:36;-107,1;-98,1
2026/09/30 16:05:37;-107,1;-98,1
2026/09/30 16:05:38;-107,0;-98,1
2026/09/30 16:05:39;-107,1;-98,0
2026/09/30 16:05:40;-107,0;-98,0
2026/09/30 16:05:41;-107,0;-98,0
2026/09/30 16:05:42;-107,0;-97,9
2026/09/30 16:05:43;-107,0;-98,0
2026/09/30 16:05:44;-107,0;-97,9
2026/09/30 16:05:45;-107,0;-97,9
2026/09/30 16:05:46;-106,9;-97,9
2026/09/30 16:05:47;-106,9;-97,9
2026/09/30 16:05:48;-106,9;-97,9
2026/09/30 16:05:49;-106,9;-97,8
2026/09/30 16:05:50;-106,9;-97,8
2026/09/30 16:05:51;-106,8;-97,8
2026/09/30 16:05:52;-106,8;-97,8
2026/09/30 16:05:53;-106,8;-97,8
2026/09/30 16:05:54;-106,8;-97,7
2026/09/30 16:05:55;-106,7;-97,7
2026/09/30 16:05:56;-106,7;-97,7
2026/09/30 16:05:57;-106,7;-97,7
2026/09/30 16:05:58;-106,7;-97,7
2026/09/30 16:05:59;-106,7;-97,7
2026/09/30 16:06:00;-106,6;-97,6
2026/09/30 16:06:01;-106,7;-97,6
2026/09/30 16:06:02;-106,6;-97,6
2026/09/30 16:06:03;-106,5;-97,6
2026/09/30 16:06:04;-106,5;-97,5
2026/09/30 16:06:05;-106,5;-97,6
2026/09/30 16:06:06;-106,5;-97,5
2026/09/30 16:06:07;-106,5;-97,5
2026/09/30 16:06:08;-106,5;-97,4
2026/09/30 16:06:09;-106,4;-97,4
2026/09/30 16:06:10;-106,4;-97,5
2026/09/30 16:06:11;-106,4;-97,4
2026/09/30 16:06:12;-106,4;-97,3
2026/09/30 16:06:13;-106,4;-97,3
2026/09/30 16:06:14;-106,3;-97,3
2026/09/30 16:06:15;-106,4;-97,3
2026/09/30 16:06:16;-106,3;-97,2
2026/09/30 16:06:17;-106,3;-97,3
2026/09/30 16:06:18;-106,3;-97,2
2026/09/30 16:06:19;-106,2;-97,2
2026/09/30 16:06:20;-106,2;-97,2
2026/09/30 16:06:21;-106,2;-97,1
2026/09/30 16:06:22;-106,2;-97,2
2026/09/30 16:06:23;-106,2;-97,1
2026/09/30 16:06:24;-106,1;-97,1
2026/09/30 16:06:25;-106,1;-97,1
2026/09/30 16:06:26;-106,0;-97,1
2026/09/30 16:06:27;-106,0;-97,1
2026/09/30 16:06:28;-106,1;-97,0
2026/09/30 16:06:29;-106,0;-97,0
2026/09/30 16:06:30;-106,0;-97,0
2026/09/30 16:06:31;-106,0;-97,0
2026/09/30 16:06:32;-106,0;-97,0
2026/09/30 16:06:33;-106,0;-96,9
2026/09/30 16:06:34;-105,9;-96,9
2026/09/30 16:06:35;-105,9;-96,9
2026/09/30 16:06:36;-105,9;-96,9
2026/09/30 16:06:37;-105,9;-96,9
2026/09/30 16:06:38;-105,9;-96,9
2026/09/30 16:06:39;-105,8;-96,8
2026/09/30 16:06:40;-105,8;-96,8
2026/09/30 16:06:41;-105,8;-96,8
2026/09/30 16:06:42;-105,7;-96,8
2026/09/30 16:06:43;-105,8;-96,7
2026/09/30 16:06:44;-105,7;-96,7
2026/09/30 16:06:45;-105,7;-96,7
2026/09/30 16:06:46;-105,7;-96,7
2026/09/30 16:06:47;-105,7;-96,7
2026/09/30 16:06:48;-105,7;-96,7
2026/09/30 16:06:49;-105,7;-96,6
2026/09/30 16:06:50;-105,6;-96,6
2026/09/30 16:06:51;-105,5;-96,6
2026/09/30 16:06:52;-105,5;-96,6
2026/09/30 16:06:53;-105,5;-96,5
2026/09/30 16:06:54;-105,4;-96,5
2026/09/30 16:06:55;-105,5;-96,5
2026/09/30 16:06:56;-105,4;-96,5
2026/09/30 16:06:57;-105,4;-96,5
2026/09/30 16:06:58;-105,4;-96,4
2026/09/30 16:06:59;-105,4;-96,4
2026/09/30 16:07:00;-105,4;-96,4
2026/09/30 16:07:01;-105,4;-96,4
2026/09/30 16:07:02;-105,3;-96,4
2026/09/30 16:07:03;-105,3;-96,4
2026/09/30 16:07:04;-105,3;-96,3
2026/09/30 16:07:05;-105,3;-96,3
2026/09/30 16:07:06;-105,2;-96,3
2026/09/30 16:07:07;-105,2;-96,3
2026/09/30 16:07:08;-105,2;-96,2
2026/09/30 16:07:09;-105,2;-96,3
2026/09/30 16:07:10;-105,2;-96,2
2026/09/30 16:07:11;-105,1;-96,2
2026/09/30 16:07:12;-105,2;-96,2
2026/09/30 16:07:13;-105,1;-96,2
2026/09/30 16:07:14;-105,0;-96,2
2026/09/30 16:07:15;-105,1;-96,1
2026/09/30 16:07:16;-105,1;-96,1
2026/09/30 16:07:17;-105,0;-96,1
2026/09/30 16:07:18;-105,0;-96,1
2026/09/30 16:07:19;-105,0;-96,1
2026/09/30 16:07:20;-105,0;-96,0
2026/09/30 16:07:21;-104,9;-96,0
2026/09/30 16:07:22;-104,9;-96,0
2026/09/30 16:07:23;-104,9;-96,0
2026/09/30 16:07:24;-104,9;-95,9
2026/09/30 16:07:25;-104,9;-95,9
2026/09/30 16:07:26;-104,9;-95,9
2026/09/30 16:07:27;-104,7;-95,9
2026/09/30 16:07:28;-104,8;-95,9
2026/09/30 16:07:29;-104,7;-95,9
2026/09/30 16:07:30;-104,8;-95,9
2026/09/30 16:07:31;-104,8;-95,8
2026/09/30 16:07:32;-104,7;-95,8
2026/09/30 16:07:33;-104,7;-95,8
2026/09/30 16:07:34;-104,7;-95,7
2026/09/30 16:07:35;-104,7;-95,8
2026/09/30 16:07:36;-104,7;-95,7
2026/09/30 16:07:37;-104,6;-95,7
2026/09/30 16:07:38;-104,6;-95,7
2026/09/30 16:07:39;-104,5;-95,7
2026/09/30 16:07:40;-104,5;-95,7
2026/09/30 16:07:41;-104,5;-95,7
2026/09/30 16:07:42;-104,5;-95,6
2026/09/30 16:07:43;-104,5;-95,6
2026/09/30 16:07:44;-104,5;-95,6
2026/09/30 16:07:45;-104,3;-95,5
2026/09/30 16:07:46;-104,5;-95,6
2026/09/30 16:07:47;-104,5;-95,5
2026/09/30 16:07:48;-104,4;-95,5
2026/09/30 16:07:49;-104,3;-95,5
2026/09/30 16:07:50;-104,2;-95,5
2026/09/30 16:07:51;-104,3;-95,4
2026/09/30 16:07:52;-104,1;-95,5
2026/09/30 16:07:53;-104,3;-95,4
2026/09/30 16:07:54;-104,1;-95,3
2026/09/30 16:07:55;-104,1;-95,3
2026/09/30 16:07:56;-104,3;-95,4
2026/09/30 16:07:57;-104,1;-95,3
2026/09/30 16:07:58;-104,2;-95,3
2026/09/30 16:07:59;-104,0;-95,3
2026/09/30 16:08:00;-104,1;-95,3
2026/09/30 16:08:01;-104,0;-95,3
2026/09/30 16:08:02;-104,2;-95,2
2026/09/30 16:08:03;-103,9;-95,2
2026/09/30 16:08:04;-103,9;-95,2
2026/09/30 16:08:05;-104,0;-95,2
2026/09/30 16:08:06;-103,8;-95,1
2026/09/30 16:08:07;-103,9;-95,1
2026/09/30 16:08:08;-103,8;-95,1
2026/09/30 16:08:09;-103,8;-95,1
2026/09/30 16:08:10;-103,8;-95,1
2026/09/30 16:08:11;-103,8;-95,1
2026/09/30 16:08:12;-103,7;-95,1
2026/09/30 16:08:13;-103,9;-95,0
2026/09/30 16:08:14;-103,7;-95,0
2026/09/30 16:08:15;-103,7;-95,0
2026/09/30 16:08:16;-103,7;-95,0
2026/09/30 16:08:17;-103,7;-94,9
2026/09/30 16:08:18;-103,6;-94,9
2026/09/30 16:08:19;-103,6;-95,0
2026/09/30 16:08:20;-103,6;-94,8
2026/09/30 16:08:21;-103,6;-94,9
2026/09/30 16:08:22;-103,5;-94,8
2026/09/30 16:08:23;-103,5;-94,9
2026/09/30 16:08:24;-103,5;-94,8
2026/09/30 16:08:25;-103,5;-94,8
2026/09/30 16:08:26;-103,4;-94,7
2026/09/30 16:08:27;-103,4;-94,7
2026/09/30 16:08:28;-103,4;-94,7
2026/09/30 16:08:29;-103,4;-94,7
2026/09/30 16:08:30;-103,4;-94,6
2026/09/30 16:08:31;-103,4;-94,7
2026/09/30 16:08:32;-103,3;-94,6
2026/09/30 16:08:33;-103,3;-94,7
2026/09/30 16:08:34;-103,3;-94,7
2026/09/30 16:08:35;-103,3;-94,7
2026/09/30 16:08:36;-103,2;-94,6
2026/09/30 16:08:37;-103,3;-94,5
2026/09/30 16:08:38;-103,2;-94,6
2026/09/30 16:08:39;-103,2;-94,5
2026/09/30 16:08:40;-103,2;-94,5
2026/09/30 16:08:41;-103,2;-94,5
2026/09/30 16:08:42;-103,2;-94,5
2026/09/30 16:08:43;-103,2;-94,4
2026/09/30 16:08:44;-103,2;-94,4
2026/09/30 16:08:45;-103,1;-94,4
2026/09/30 16:08:46;-103,1;-94,3
2026/09/30 16:08:47;-103,1;-94,3
2026/09/30 16:08:48;-103,0;-94,3
2026/09/30 16:08:49;-103,1;-94,3
2026/09/30 16:08:50;-103,0;-94,2
2026/09/30 16:08:51;-103,0;-94,2
2026/09/30 16:08:52;-103,0;-94,2
2026/09/30 16:08:53;-102,9;-94,3
2026/09/30 16:08:54;-103,0;-94,2
2026/09/30 16:08:55;-102,9;-94,2
2026/09/30 16:08:56;-102,9;-94,1
2026/09/30 16:08:57;-102,9;-94,1
2026/09/30 16:08:58;-102,8;-94,1
2026/09/30 16:08:59;-102,8;-94,1
2026/09/30 16:09:00;-102,9;-94,0
2026/09/30 16:09:01;-102,8;-94,1
2026/09/30 16:09:02;-102,8;-94,1
2026/09/30 16:09:03;-102,8;-94,0
2026/09/30 16:09:04;-102,8;-94,0
2026/09/30 16:09:05;-102,7;-94,0
2026/09/30 16:09:06;-102,7;-93,9
2026/09/30 16:09:07;-102,7;-93,9
2026/09/30 16:09:08;-102,6;-93,8
2026/09/30 16:09:09;-102,7;-93,9
2026/09/30 16:09:10;-102,6;-93,8
2026/09/30 16:09:11;-102,6;-93,8
2026/09/30 16:09:12;-102,6;-93,8
2026/09/30 16:09:13;-102,6;-93,7
2026/09/30 16:09:14;-102,6;-93,7
2026/09/30 16:09:15;-102,5;-93,7
2026/09/30 16:09:16;-102,5;-93,7
2026/09/30 16:09:17;-102,5;-93,7
2026/09/30 16:09:18;-102,5;-93,7
2026/09/30 16:09:19;-102,5;-93,7
2026/09/30 16:09:20;-102,4;-93,6
2026/09/30 16:09:21;-102,4;-93,6
2026/09/30 16:09:22;-102,4;-93,6
2026/09/30 16:09:23;-102,3;-93,6
2026/09/30 16:09:24;-102,3;-93,6
2026/09/30 16:09:25;-102,3;-93,5
2026/09/30 16:09:26;-102,3;-93,6
2026/09/30 16:09:27;-102,3;-93,5
2026/09/30 16:09:28;-102,3;-93,5
2026/09/30 16:09:29;-102,3;-93,4
2026/09/30 16:09:30;-102,2;-93,4
2026/09/30 16:09:31;-102,3;-93,4
2026/09/30 16:09:32;-102,2;-93,4
2026/09/30 16:09:33;-102,2;-93,4
2026/09/30 16:09:34;-102,2;-93,4
2026/09/30 16:09:35;-102,1;-93,4
2026/09/30 16:09:36;-102,1;-93,3
2026/09/30 16:09:37;-102,1;-93,3
2026/09/30 16:09:38;-102,1;-93,3
2026/09/30 16:09:39;-102,0;-93,3
2026/09/30 16:09:40;-102,0;-93,2
2026/09/30 16:09:41;-102,0;-93,2
2026/09/30 16:09:42;-101,9;-93,2
2026/09/30 16:09:43;-101,9;-93,2
2026/09/30 16:09:44;-102,0;-93,2
2026/09/30 16:09:45;-101,9;-93,2
2026/09/30 16:09:46;-101,8;-93,1
2026/09/30 16:09:47;-101,9;-93,1
2026/09/30 16:09:48;-101,8;-93,1
2026/09/30 16:09:49;-101,8;-93,1
2026/09/30 16:09:50;-101,8;-93,0
2026/09/30 16:09:51;-101,8;-93,0
2026/09/30 16:09:52;-101,8;-93,0
2026/09/30 16:09:53;-101,7;-93,0
2026/09/30 16:09:54;-101,8;-93,0
2026/09/30 16:09:55;-101,8;-93,0
2026/09/30 16:09:56;-101,8;-93,0
2026/09/30 16:09:57;-101,7;-93,0
2026/09/30 16:09:58;-101,6;-92,9
2026/09/30 16:09:59;-101,6;-92,9
2026/09/30 16:10:00;-101,6;-92,9
2026/09/30 16:10:01;-101,6;-92,9
2026/09/30 16:10:02;-101,6;-92,8
2026/09/30 16:10:03;-101,5;-92,8
2026/09/30 16:10:04;-101,5;-92,8
2026/09/30 16:10:05;-101,5;-92,8
2026/09/30 16:10:06;-101,5;-92,7
2026/09/30 16:10:07;-101,5;-92,8
2026/09/30 16:10:08;-101,5;-92,7
2026/09/30 16:10:09;-101,4;-92,7
2026/09/30 16:10:10;-101,4;-92,7
2026/09/30 16:10:11;-101,3;-92,7
2026/09/30 16:10:12;-101,3;-92,7
2026/09/30 16:10:13;-101,3;-92,6
2026/09/30 16:10:14;-101,3;-92,7
2026/09/30 16:10:15;-101,3;-92,6
2026/09/30 16:10:16;-101,3;-92,6
2026/09/30 16:10:17;-101,2;-92,6
2026/09/30 16:10:18;-101,1;-92,6
2026/09/30 16:10:19;-101,1;-92,6
2026/09/30 16:10:20;-101,3;-92,6
2026/09/30 16:10:21;-101,2;-92,5
2026/09/30 16:10:22;-101,2;-92,5
2026/09/30 16:10:23;-101,1;-92,5
2026/09/30 16:10:24;-101,1;-92,5
2026/09/30 16:10:25;-101,1;-92,4
2026/09/30 16:10:26;-101,1;-92,4
2026/09/30 16:10:27;-101,1;-92,4
2026/09/30 16:10:28;-101,0;-92,4
2026/09/30 16:10:29;-101,0;-92,3
2026/09/30 16:10:30;-101,0;-92,3
2026/09/30 16:10:31;-101,0;-92,3
2026/09/30 16:10:32;-101,0;-92,2
2026/09/30 16:10:33;-100,9;-92,2
2026/09/30 16:10:34;-100,9;-92,2
2026/09/30 16:10:35;-100,9;-92,2
2026/09/30 16:10:36;-100,8;-92,2
2026/09/30 16:10:37;-100,8;-92,2
2026/09/30 16:10:38;-100,8;-92,1
2026/09/30 16:10:39;-100,8;-92,2
2026/09/30 16:10:40;-100,8;-92,1
2026/09/30 16:10:41;-100,8;-92,1
2026/09/30 16:10:42;-100,7;-92,1
2026/09/30 16:10:43;-100,5;-92,1
2026/09/30 16:10:44;-100,5;-92,1
2026/09/30 16:10:45;-100,6;-92,0
2026/09/30 16:10:46;-100,7;-92,1
2026/09/30 16:10:47;-100,6;-92,0
2026/09/30 16:10:48;-100,6;-92,0
2026/09/30 16:10:49;-100,5;-91,9
2026/09/30 16:10:50;-100,4;-91,9
2026/09/30 16:10:51;-100,5;-92,0
2026/09/30 16:10:52;-100,6;-91,9
2026/09/30 16:10:53;-100,6;-91,9
2026/09/30 16:10:54;-100,4;-91,9
2026/09/30 16:10:55;-100,5;-91,9
2026/09/30 16:10:56;-100,5;-91,8
2026/09/30 16:10:57;-100,3;-91,9
2026/09/30 16:10:58;-100,3;-91,7
2026/09/30 16:10:59;-100,3;-91,8
2026/09/30 16:11:00;-100,2;-91,7
2026/09/30 16:11:01;-100,2;-91,7
2026/09/30 16:11:02;-100,2;-91,7
2026/09/30 16:11:03;-100,2;-91,7
2026/09/30 16:11:04;-100,4;-91,7
2026/09/30 16:11:05;-100,3;-91,6
2026/09/30 16:11:06;-100,1;-91,7
2026/09/30 16:11:07;-100,3;-91,7
2026/09/30 16:11:08;-100,3;-91,6
2026/09/30 16:11:09;-100,2;-91,6
2026/09/30 16:11:10;-100,0;-91,6
2026/09/30 16:11:11;-100,2;-91,6
2026/09/30 16:11:12;-100,0;-91,5
2026/09/30 16:11:13;-100,0;-91,5
2026/09/30 16:11:14;-100,0;-91,5
2026/09/30 16:11:15;-99,9;-91,4
2026/09/30 16:11:16;-99,9;-91,4
2026/09/30 16:11:17;-99,9;-91,5
2026/09/30 16:11:18;-99,9;-91,4
2026/09/30 16:11:19;-99,9;-91,4
2026/09/30 16:11:20;-99,8;-91,4
2026/09/30 16:11:21;-99,8;-91,3
2026/09/30 16:11:22;-100,0;-91,3
2026/09/30 16:11:23;-99,8;-91,3
2026/09/30 16:11:24;-99,8;-91,3
2026/09/30 16:11:25;-99,8;-91,3
2026/09/30 16:11:26;-99,8;-91,2
2026/09/30 16:11:27;-99,9;-91,3
2026/09/30 16:11:28;-99,7;-91,2
2026/09/30 16:11:29;-99,7;-91,2
2026/09/30 16:11:30;-99,7;-91,1
2026/09/30 16:11:31;-99,6;-91,2
2026/09/30 16:11:32;-99,6;-91,2
2026/09/30 16:11:33;-99,8;-91,1
2026/09/30 16:11:34;-99,6;-91,1
2026/09/30 16:11:35;-99,6;-91,1
2026/09/30 16:11:36;-99,5;-91,1
2026/09/30 16:11:37;-99,6;-91,0
2026/09/30 16:11:38;-99,5;-91,0
2026/09/30 16:11:39;-99,5;-91,0
2026/09/30 16:11:40;-99,5;-91,0
2026/09/30 16:11:41;-99,5;-91,0
2026/09/30 16:11:42;-99,4;-90,9
2026/09/30 16:11:43;-99,4;-90,9
2026/09/30 16:11:44;-99,3;-90,9
2026/09/30 16:11:45;-99,3;-90,9
2026/09/30 16:11:46;-99,4;-90,9
2026/09/30 16:11:47;-99,3;-90,9
2026/09/30 16:11:48;-99,3;-90,9
2026/09/30 16:11:49;-99,3;-90,8
2026/09/30 16:11:50;-99,2;-90,8
2026/09/30 16:11:51;-99,3;-90,8
2026/09/30 16:11:52;-99,2;-90,8
2026/09/30 16:11:53;-99,2;-90,8
2026/09/30 16:11:54;-99,2;-90,7
2026/09/30 16:11:55;-99,2;-90,7
2026/09/30 16:11:56;-99,1;-90,6
2026/09/30 16:11:57;-99,1;-90,7
2026/09/30 16:11:58;-99,1;-90,6
2026/09/30 16:11:59;-99,1;-90,6
2026/09/30 16:12:00;-99,1;-90,5
2026/09/30 16:12:01;-99,1;-90,6
2026/09/30 16:12:02;-99,1;-90,6
2026/09/30 16:12:03;-99,1;-90,5
2026/09/30 16:12:04;-99,0;-90,4
2026/09/30 16:12:05;-99,0;-90,5
2026/09/30 16:12:06;-98,9;-90,4
2026/09/30 16:12:07;-98,9;-90,4
2026/09/30 16:12:08;-99,0;-90,4
2026/09/30 16:12:09;-98,9;-90,4
2026/09/30 16:12:10;-98,8;-90,4
2026/09/30 16:12:11;-98,9;-90,3
2026/09/30 16:12:12;-98,8;-90,3
2026/09/30 16:12:13;-98,8;-90,3
2026/09/30 16:12:14;-98,9;-90,2
2026/09/30 16:12:15;-98,8;-90,3
2026/09/30 16:12:16;-98,8;-90,3
2026/09/30 16:12:17;-98,8;-90,2
2026/09/30 16:12:18;-98,8;-90,2
2026/09/30 16:12:19;-98,7;-90,2
2026/09/30 16:12:20;-98,6;-90,2
2026/09/30 16:12:21;-98,6;-90,1
2026/09/30 16:12:22;-98,6;-90,1
2026/09/30 16:12:23;-98,6;-90,1
2026/09/30 16:12:24;-98,6;-90,1
2026/09/30 16:12:25;-98,6;-90,1
2026/09/30 16:12:26;-98,6;-90,0
2026/09/30 16:12:27;-98,6;-90,1
2026/09/30 16:12:28;-98,5;-90,0
2026/09/30 16:12:29;-98,6;-90,0
2026/09/30 16:12:30;-98,5;-90,0
2026/09/30 16:12:31;-98,4;-90,0
2026/09/30 16:12:32;-98,5;-89,9
2026/09/30 16:12:33;-98,4;-89,9
2026/09/30 16:12:34;-98,5;-90,0
2026/09/30 16:12:35;-98,4;-89,9
2026/09/30 16:12:36;-98,4;-89,9
2026/09/30 16:12:37;-98,4;-89,9
2026/09/30 16:12:38;-98,3;-89,9
2026/09/30 16:12:39;-98,3;-89,8
2026/09/30 16:12:40;-98,3;-89,8
2026/09/30 16:12:41;-98,3;-89,8
2026/09/30 16:12:42;-98,3;-89,8
2026/09/30 16:12:43;-98,3;-89,7
2026/09/30 16:12:44;-98,3;-89,7
2026/09/30 16:12:45;-98,2;-89,7
2026/09/30 16:12:46;-98,2;-89,7
2026/09/30 16:12:47;-98,2;-89,7
2026/09/30 16:12:48;-98,1;-89,7
2026/09/30 16:12:49;-98,2;-89,7
2026/09/30 16:12:50;-98,2;-89,6
2026/09/30 16:12:51;-98,1;-89,6
2026/09/30 16:12:52;-98,1;-89,6
2026/09/30 16:12:53;-98,1;-89,6
2026/09/30 16:12:54;-98,1;-89,6
2026/09/30 16:12:55;-98,0;-89,5
2026/09/30 16:12:56;-98,0;-89,5
2026/09/30 16:12:57;-98,0;-89,5
2026/09/30 16:12:58;-98,0;-89,5
2026/09/30 16:12:59;-97,9;-89,5
2026/09/30 16:13:00;-98,0;-89,5
2026/09/30 16:13:01;-98,0;-89,5
2026/09/30 16:13:02;-97,9;-89,4
2026/09/30 16:13:03;-97,9;-89,3
2026/09/30 16:13:04;-97,9;-89,4
2026/09/30 16:13:05;-97,8;-89,4
2026/09/30 16:13:06;-97,8;-89,3
2026/09/30 16:13:07;-97,8;-89,3
2026/09/30 16:13:08;-97,7;-89,3
2026/09/30 16:13:09;-97,7;-89,3
2026/09/30 16:13:10;-97,7;-89,3
2026/09/30 16:13:11;-97,7;-89,3
2026/09/30 16:13:12;-97,7;-89,3
2026/09/30 16:13:13;-97,7;-89,2
2026/09/30 16:13:14;-97,6;-89,2
2026/09/30 16:13:15;-97,6;-89,2
2026/09/30 16:13:16;-97,6;-89,2
2026/09/30 16:13:17;-97,6;-89,2
2026/09/30 16:13:18;-97,6;-89,1
2026/09/30 16:13:19;-97,6;-89,1
2026/09/30 16:13:20;-97,5;-89,1
2026/09/30 16:13:21;-97,5;-89,1
2026/09/30 16:13:22;-97,5;-89,1
2026/09/30 16:13:23;-97,6;-89,0
2026/09/30 16:13:24;-97,4;-89,0
2026/09/30 16:13:25;-97,4;-88,9
2026/09/30 16:13:26;-97,4;-89,0
2026/09/30 16:13:27;-97,4;-88,9
2026/09/30 16:13:28;-97,4;-88,9
2026/09/30 16:13:29;-97,3;-88,9
2026/09/30 16:13:30;-97,3;-88,9
2026/09/30 16:13:31;-97,3;-88,9
2026/09/30 16:13:32;-97,3;-88,9
2026/09/30 16:13:33;-97,2;-88,8
2026/09/30 16:13:34;-97,2;-88,9
2026/09/30 16:13:35;-97,2;-88,8
2026/09/30 16:13:36;-97,2;-88,8
2026/09/30 16:13:37;-97,2;-88,8
2026/09/30 16:13:38;-97,2;-88,7
2026/09/30 16:13:39;-97,2;-88,7
2026/09/30 16:13:40;-97,1;-88,7
2026/09/30 16:13:41;-97,1;-88,7
2026/09/30 16:13:42;-97,1;-88,7
2026/09/30 16:13:43;-97,0;-88,6
2026/09/30 16:13:44;-97,1;-88,7
2026/09/30 16:13:45;-97,1;-88,6
2026/09/30 16:13:46;-97,0;-88,6
2026/09/30 16:13:47;-97,0;-88,6
2026/09/30 16:13:48;-96,9;-88,6
2026/09/30 16:13:49;-96,9;-88,6
2026/09/30 16:13:50;-96,7;-88,5
2026/09/30 16:13:51;-96,9;-88,5
2026/09/30 16:13:52;-96,7;-88,5
2026/09/30 16:13:53;-96,9;-88,5
2026/09/30 16:13:54;-96,8;-88,4
2026/09/30 16:13:55;-96,7;-88,4
2026/09/30 16:13:56;-96,8;-88,4
2026/09/30 16:13:57;-96,7;-88,4
2026/09/30 16:13:58;-96,7;-88,4
2026/09/30 16:13:59;-96,8;-88,4
2026/09/30 16:14:00;-96,7;-88,4
2026/09/30 16:14:01;-96,6;-88,3
2026/09/30 16:14:02;-96,5;-88,3
2026/09/30 16:14:03;-96,6;-88,3
2026/09/30 16:14:04;-96,7;-88,3
2026/09/30 16:14:05;-96,5;-88,3
2026/09/30 16:14:06;-96,4;-88,3
2026/09/30 16:14:07;-96,5;-88,2
2026/09/30 16:14:08;-96,5;-88,2
2026/09/30 16:14:09;-96,5;-88,2
2026/09/30 16:14:10;-96,6;-88,2
2026/09/30 16:14:11;-96,6;-88,2
2026/09/30 16:14:12;-96,5;-88,2
2026/09/30 16:14:13;-96,5;-88,2
2026/09/30 16:14:14;-96,3;-88,1
2026/09/30 16:14:15;-96,5;-88,1
2026/09/30 16:14:16;-96,3;-88,1
2026/09/30 16:14:17;-96,3;-88,0
2026/09/30 16:14:18;-96,4;-88,0
2026/09/30 16:14:19;-96,4;-88,0
2026/09/30 16:14:20;-96,2;-88,0
2026/09/30 16:14:21;-96,2;-88,0
2026/09/30 16:14:22;-96,2;-88,0
2026/09/30 16:14:23;-96,2;-87,9
2026/09/30 16:14:24;-96,3;-88,0
2026/09/30 16:14:25;-96,1;-87,9
2026/09/30 16:14:26;-96,2;-87,9
2026/09/30 16:14:27;-96,1;-87,9
2026/09/30 16:14:28;-96,2;-87,8
2026/09/30 16:14:29;-96,1;-87,8
2026/09/30 16:14:30;-96,0;-87,8
2026/09/30 16:14:31;-96,2;-87,8
2026/09/30 16:14:32;-96,0;-87,8
2026/09/30 16:14:33;-96,0;-87,8
2026/09/30 16:14:34;-95,9;-87,7
2026/09/30 16:14:35;-95,9;-87,7
2026/09/30 16:14:36;-95,9;-87,8
2026/09/30 16:14:37;-95,9;-87,7
2026/09/30 16:14:38;-95,9;-87,7
2026/09/30 16:14:39;-95,9;-87,7
2026/09/30 16:14:40;-95,8;-87,6
2026/09/30 16:14:41;-95,8;-87,6
2026/09/30 16:14:42;-95,8;-87,6
2026/09/30 16:14:43;-95,7;-87,6
2026/09/30 16:14:44;-95,7;-87,6
2026/09/30 16:14:45;-95,7;-87,6
2026/09/30 16:14:46;-95,7;-87,6
2026/09/30 16:14:47;-95,7;-87,5
2026/09/30 16:14:48;-95,7;-87,5
2026/09/30 16:14:49;-95,7;-87,5
2026/09/30 16:14:50;-95,6;-87,5
2026/09/30 16:14:51;-95,6;-87,4
2026/09/30 16:14:52;-95,6;-87,5
2026/09/30 16:14:53;-95,6;-87,4
2026/09/30 16:14:54;-95,6;-87,4
2026/09/30 16:14:55;-95,5;-87,4
2026/09/30 16:14:56;-95,6;-87,4
2026/09/30 16:14:57;-95,5;-87,3
2026/09/30 16:14:58;-95,5;-87,3
2026/09/30 16:14:59;-95,5;-87,3
2026/09/30 16:15:00;-95,4;-87,3
2026/09/30 16:15:01;-95,5;-87,3
2026/09/30 16:15:02;-95,4;-87,3
2026/09/30 16:15:03;-95,4;-87,3
2026/09/30 16:15:04;-95,4;-87,2
2026/09/30 16:15:05;-95,4;-87,2
2026/09/30 16:15:06;-95,4;-87,2
2026/09/30 16:15:07;-95,3;-87,1
2026/09/30 16:15:08;-95,3;-87,1
2026/09/30 16:15:09;-95,3;-87,1
2026/09/30 16:15:10;-95,3;-87,1
2026/09/30 16:15:11;-95,2;-87,0
2026/09/30 16:15:12;-95,2;-87,0
2026/09/30 16:15:13;-95,2;-87,0
2026/09/30 16:15:14;-95,2;-87,0
2026/09/30 16:15:15;-95,2;-87,0
2026/09/30 16:15:16;-95,2;-87,0
2026/09/30 16:15:17;-95,2;-86,9
2026/09/30 16:15:18;-95,1;-86,9
2026/09/30 16:15:19;-95,1;-86,9
2026/09/30 16:15:20;-95,0;-86,9
2026/09/30 16:15:21;-95,0;-86,8
2026/09/30 16:15:22;-95,0;-86,8
2026/09/30 16:15:23;-95,0;-86,8
2026/09/30 16:15:24;-95,0;-86,8
2026/09/30 16:15:25;-95,0;-86,8
2026/09/30 16:15:26;-95,0;-86,8
2026/09/30 16:15:27;-95,0;-86,7
2026/09/30 16:15:28;-94,9;-86,7
2026/09/30 16:15:29;-95,0;-86,7
2026/09/30 16:15:30;-95,0;-86,7
2026/09/30 16:15:31;-94,9;-86,7
2026/09/30 16:15:32;-94,9;-86,7
2026/09/30 16:15:33;-94,9;-86,6
2026/09/30 16:15:34;-94,8;-86,6
2026/09/30 16:15:35;-94,9;-86,6
2026/09/30 16:15:36;-94,8;-86,6
2026/09/30 16:15:37;-94,8;-86,6
2026/09/30 16:15:38;-94,8;-86,6
2026/09/30 16:15:39;-94,8;-86,5
2026/09/30 16:15:40;-94,7;-86,5
2026/09/30 16:15:41;-94,8;-86,5
2026/09/30 16:15:42;-94,7;-86,5
2026/09/30 16:15:43;-94,6;-86,4
2026/09/30 16:15:44;-94,7;-86,4
2026/09/30 16:15:45;-94,7;-86,4
2026/09/30 16:15:46;-94,7;-86,4
2026/09/30 16:15:47;-94,6;-86,4
2026/09/30 16:15:48;-94,5;-86,4
2026/09/30 16:15:49;-94,6;-86,4
2026/09/30 16:15:50;-94,6;-86,4
2026/09/30 16:15:51;-94,6;-86,4
2026/09/30 16:15:52;-94,5;-86,3
2026/09/30 16:15:53;-94,5;-86,3
2026/09/30 16:15:54;-94,5;-86,3
2026/09/30 16:15:55;-94,5;-86,3
2026/09/30 16:15:56;-94,5;-86,2
2026/09/30 16:15:57;-94,4;-86,2
2026/09/30 16:15:58;-94,4;-86,2
2026/09/30 16:15:59;-94,4;-86,2
2026/09/30 16:16:00;-94,4;-86,2
2026/09/30 16:16:01;-94,4;-86,1
2026/09/30 16:16:02;-94,4;-86,2
2026/09/30 16:16:03;-94,3;-86,1
2026/09/30 16:16:04;-94,4;-86,1
2026/09/30 16:16:05;-94,3;-86,1
2026/09/30 16:16:06;-94,3;-86,0
2026/09/30 16:16:07;-94,2;-86,1
2026/09/30 16:16:08;-94,2;-86,0
2026/09/30 16:16:09;-94,1;-86,0
2026/09/30 16:16:10;-94,1;-86,0
2026/09/30 16:16:11;-94,1;-86,0
2026/09/30 16:16:12;-94,2;-86,0
2026/09/30 16:16:13;-94,2;-85,9
2026/09/30 16:16:14;-94,1;-85,9
2026/09/30 16:16:15;-94,1;-85,9
2026/09/30 16:16:16;-94,1;-85,9
2026/09/30 16:16:17;-94,0;-85,9
2026/09/30 16:16:18;-94,0;-85,8
2026/09/30 16:16:19;-94,0;-85,8
2026/09/30 16:16:20;-94,0;-85,9
2026/09/30 16:16:21;-94,0;-85,8
2026/09/30 16:16:22;-94,0;-85,8
2026/09/30 16:16:23;-94,0;-85,8
2026/09/30 16:16:24;-93,9;-85,8
2026/09/30 16:16:25;-93,9;-85,7
2026/09/30 16:16:26;-94,0;-85,8
2026/09/30 16:16:27;-93,9;-85,7
2026/09/30 16:16:28;-93,9;-85,7
2026/09/30 16:16:29;-93,9;-85,7
