# 260929_11:55:04.143555
t	CH1	CH2
0.000000e+00	-2.400450e-04	1.042627e-02
1.000000e-08	1.715869e-03	-2.337555e-01
2.000000e-08	1.143439e-03	-4.763081e-01
3.000000e-08	-3.819976e-03	-7.915751e-01
4.000000e-08	-2.284179e-03	-1.055682e+00
5.000000e-08	-4.300181e-03	-1.299615e+00
6.000000e-08	-4.536311e-03	-1.622680e+00
7.000000e-08	9.900615e-03	-1.844809e+00
8.000000e-08	5.786096e-02	-2.023756e+00
9.000000e-08	6.160235e-02	-2.393098e+00
1.000000e-07	-9.480449e-02	-2.802072e+00
1.100000e-07	-3.334515e-02	-3.171073e+00
1.200000e-07	-4.401937e-02	-3.421176e+00
1.300000e-07	-2.109406e-02	-3.672703e+00
1.400000e-07	-3.750161e-02	-3.934813e+00
1.500000e-07	1.267688e-01	-4.105708e+00
1.600000e-07	-1.341883e-01	-4.348546e+00
1.700000e-07	1.278708e-01	-4.644678e+00
1.800000e-07	7.150750e-03	-4.907935e+00
1.900000e-07	-1.091515e-01	-5.232257e+00
2.000000e-07	9.077064e-02	-5.557335e+00
2.100000e-07	-1.641841e-01	-5.782677e+00
2.200000e-07	1.385123e-01	-6.092653e+00
2.300000e-07	-5.294401e-02	-6.298535e+00
2.400000e-07	-1.054058e-02	-6.663103e+00
2.500000e-07	7.140969e-02	-6.853699e+00
2.600000e-07	-1.052630e-01	-7.152098e+00
2.700000e-07	7.086458e-02	-7.491677e+00
2.800000e-07	-1.017838e-01	-7.738386e+00
2.900000e-07	4.824512e-02	-8.072024e+00
3.000000e-07	4.345591e-03	-8.252173e+00
3.100000e-07	-4.044764e-02	-8.524711e+00
3.200000e-07	6.855530e-02	-8.727234e+00
3.300000e-07	-1.068604e-01	-8.999571e+00
3.400000e-07	6.937067e-02	-9.169490e+00
3.500000e-07	-7.481580e-02	-9.462598e+00
3.600000e-07	3.684065e-02	-9.713806e+00
3.700000e-07	-2.644745e-02	-9.874231e+00
3.800000e-07	-2.283288e-03	-1.016484e+01
3.900000e-07	1.569981e-02	-1.037781e+01
4.000000e-07	-5.104186e-02	-1.061087e+01
4.100000e-07	2.717398e-02	-1.077784e+01
4.200000e-07	-5.838177e-02	-1.098794e+01
4.300000e-07	3.909600e-02	-1.120934e+01
4.400000e-07	-5.098302e-02	-1.146107e+01
4.500000e-07	2.561617e-02	-1.166195e+01
4.600000e-07	-3.633509e-02	-1.187152e+01
4.700000e-07	1.023536e-02	-1.207055e+01
4.800000e-07	-3.049942e-02	-1.225202e+01
4.900000e-07	-1.071149e-02	-1.244944e+01
5.000000e-07	-8.386464e-03	-1.264728e+01
5.100000e-07	-1.583256e-02	-1.276774e+01
5.200000e-07	-1.284087e-03	-1.297438e+01
5.300000e-07	-2.914599e-02	-1.308258e+01
5.400000e-07	6.299660e-03	-1.327890e+01
5.500000e-07	-3.128168e-02	-1.341737e+01
5.600000e-07	3.774640e-04	-1.357281e+01
5.700000e-07	-3.348657e-02	-1.368203e+01
5.800000e-07	-5.019262e-04	-1.385050e+01
5.900000e-07	-2.267907e-02	-1.397631e+01
6.000000e-07	-8.673750e-03	-1.413414e+01
6.100000e-07	-2.217293e-02	-1.426930e+01
6.200000e-07	-1.237727e-02	-1.440574e+01
6.300000e-07	-1.722873e-02	-1.452098e+01
6.400000e-07	-1.866169e-02	-1.462787e+01
6.500000e-07	-1.896628e-02	-1.473160e+01
6.600000e-07	-1.952288e-02	-1.480639e+01
6.700000e-07	-1.360816e-02	-1.488950e+01
6.800000e-07	-2.191421e-02	-1.495578e+01
6.900000e-07	-1.816426e-02	-1.507045e+01
7.000000e-07	-2.390090e-02	-1.514366e+01
7.100000e-07	-1.397332e-02	-1.522569e+01
7.200000e-07	-2.502771e-02	-1.527998e+01
7.300000e-07	-1.907441e-02	-1.531310e+01
7.400000e-07	-2.586200e-02	-1.541674e+01
7.500000e-07	-1.722670e-02	-1.543582e+01
7.600000e-07	-2.554421e-02	-1.547095e+01
7.700000e-07	-2.462696e-02	-1.552255e+01
7.800000e-07	-2.626418e-02	-1.558406e+01
7.900000e-07	-2.194365e-02	-1.559419e+01
8.000000e-07	-2.376390e-02	-1.563471e+01
8.100000e-07	-2.921838e-02	-1.564627e+01
8.200000e-07	-2.749515e-02	-1.561534e+01
8.300000e-07	-2.795354e-02	-1.565469e+01
8.400000e-07	-2.710111e-02	-1.561732e+01
8.500000e-07	-3.351751e-02	-1.563774e+01
8.600000e-07	-3.169412e-02	-1.559521e+01
8.700000e-07	-3.218341e-02	-1.557411e+01
8.800000e-07	-3.217798e-02	-1.559263e+01
8.900000e-07	-3.810471e-02	-1.552203e+01
9.000000e-07	-3.904253e-02	-1.551890e+01
9.100000e-07	-3.904604e-02	-1.546032e+01
9.200000e-07	-3.818961e-02	-1.543527e+01
9.300000e-07	-4.296963e-02	-1.536206e+01
9.400000e-07	-4.560320e-02	-1.531987e+01
9.500000e-07	-4.650497e-02	-1.527619e+01
9.600000e-07	-4.647284e-02	-1.514216e+01
9.700000e-07	-5.186872e-02	-1.509985e+01
9.800000e-07	-5.614144e-02	-1.500662e+01
9.900000e-07	-5.718194e-02	-1.491996e+01
1.000000e-06	-5.861492e-02	-1.483725e+01
1.010000e-06	-6.176428e-02	-1.476151e+01
1.020000e-06	-6.730254e-02	-1.462790e+01
1.030000e-06	-6.719535e-02	-1.458146e+01
1.040000e-06	-6.680264e-02	-1.442519e+01
1.050000e-06	-6.904457e-02	-1.432788e+01
1.060000e-06	-7.145412e-02	-1.419451e+01
1.070000e-06	-6.963191e-02	-1.408419e+01
1.080000e-06	-6.676132e-02	-1.391993e+01
1.090000e-06	-6.508136e-02	-1.378161e+01
1.100000e-06	-6.528821e-02	-1.364414e+01
1.110000e-06	-6.258806e-02	-1.348838e+01
1.120000e-06	-5.573784e-02	-1.339146e+01
1.130000e-06	-5.393827e-02	-1.314309e+01
1.140000e-06	-5.234452e-02	-1.301722e+01
1.150000e-06	-5.058242e-02	-1.287734e+01
1.160000e-06	-4.477997e-02	-1.268938e+01
1.170000e-06	-4.248265e-02	-1.256051e+01
1.180000e-06	-4.180491e-02	-1.235199e+01
1.190000e-06	-4.004949e-02	-1.217204e+01
1.200000e-06	-3.533195e-02	-1.197311e+01
1.210000e-06	-3.226846e-02	-1.181146e+01
1.220000e-06	-3.165412e-02	-1.152190e+01
1.230000e-06	-3.180507e-02	-1.131791e+01
1.240000e-06	-2.799744e-02	-1.111888e+01
1.250000e-06	-2.496132e-02	-1.090988e+01
1.260000e-06	-2.459749e-02	-1.070998e+01
1.270000e-06	-2.488696e-02	-1.049935e+01
1.280000e-06	-2.192058e-02	-1.027827e+01
1.290000e-06	-1.902186e-02	-1.006732e+01
1.300000e-06	-1.884993e-02	-9.826293e+00
1.310000e-06	-1.938337e-02	-9.625645e+00
1.320000e-06	-1.821488e-02	-9.403489e+00
1.330000e-06	-1.577660e-02	-9.154038e+00
1.340000e-06	-1.572511e-02	-8.910486e+00
1.350000e-06	-1.659386e-02	-8.647274e+00
1.360000e-06	-1.547606e-02	-8.425747e+00
1.370000e-06	-1.243724e-02	-8.184641e+00
1.380000e-06	-1.086879e-02	-7.950936e+00
1.390000e-06	-1.369154e-02	-7.647776e+00
1.400000e-06	-1.306256e-02	-7.393165e+00
1.410000e-06	-1.116230e-02	-7.111478e+00
1.420000e-06	-9.194241e-03	-6.858274e+00
1.430000e-06	-1.139975e-02	-6.613197e+00
1.440000e-06	-1.074492e-02	-6.349965e+00
1.450000e-06	-1.046734e-02	-6.057275e+00
1.460000e-06	-7.464997e-03	-5.815693e+00
1.470000e-06	-9.283554e-03	-5.479882e+00
1.480000e-06	-9.618240e-03	-5.195650e+00
1.490000e-06	-9.643716e-03	-4.929340e+00
1.500000e-06	-5.042030e-03	-4.554671e+00
1.510000e-06	-7.405952e-03	-4.352642e+00
1.520000e-06	-8.329070e-03	-4.099960e+00
1.530000e-06	-9.132407e-03	-3.816720e+00
1.540000e-06	-4.660885e-03	-3.522613e+00
1.550000e-06	-7.552603e-03	-3.278529e+00
1.560000e-06	-6.432344e-03	-2.945040e+00
1.570000e-06	-6.944636e-03	-2.678958e+00
1.580000e-06	-2.743189e-03	-2.405826e+00
1.590000e-06	-3.437223e-03	-2.080557e+00
1.600000e-06	-5.974441e-03	-1.829300e+00
1.610000e-06	-7.117626e-03	-1.542644e+00
1.620000e-06	-4.677478e-03	-1.194325e+00
1.630000e-06	-2.290529e-03	-8.625380e-01
1.640000e-06	-5.282371e-03	-5.968022e-01
1.650000e-06	-3.192568e-03	-3.436932e-01
1.660000e-06	1.172996e-03	-4.100652e-02
1.670000e-06	1.016870e-02	2.268330e-01
1.680000e-06	-6.856648e-04	5.089182e-01
1.690000e-06	1.029247e-03	7.621236e-01
1.700000e-06	-1.613794e-03	1.105913e+00
1.710000e-06	4.564052e-03	1.352117e+00
1.720000e-06	1.861345e-03	1.674887e+00
1.730000e-06	8.249683e-03	1.947463e+00
1.740000e-06	3.758152e-02	2.140567e+00
1.750000e-06	7.780958e-02	2.527410e+00
1.760000e-06	-4.298565e-02	2.855282e+00
1.770000e-06	-5.178880e-02	3.119012e+00
1.780000e-06	-3.735757e-02	3.372222e+00
1.790000e-06	5.823767e-03	3.654682e+00
1.800000e-06	-4.408826e-02	3.854734e+00
1.810000e-06	-1.314737e-02	4.086201e+00
1.820000e-06	9.325799e-02	4.411048e+00
1.830000e-06	-6.142011e-02	4.694757e+00
1.840000e-06	1.171019e-01	4.928511e+00
1.850000e-06	-3.407805e-02	5.287811e+00
1.860000e-06	-5.035603e-02	5.557992e+00
1.870000e-06	5.010534e-02	5.844349e+00
1.880000e-06	-4.195536e-02	6.116807e+00
1.890000e-06	5.398020e-02	6.327466e+00
1.900000e-06	-4.370073e-02	6.653728e+00
1.910000e-06	2.573320e-02	6.926812e+00
1.920000e-06	3.965888e-02	7.198491e+00
1.930000e-06	-2.883743e-02	7.485755e+00
1.940000e-06	-6.869336e-03	7.769410e+00
1.950000e-06	-2.363153e-02	8.042252e+00
1.960000e-06	6.642766e-02	8.277257e+00
1.970000e-06	-1.215090e-02	8.505785e+00
1.980000e-06	-1.395002e-02	8.756310e+00
1.990000e-06	2.717235e-02	8.989495e+00
2.000000e-06	-1.358846e-02	9.230098e+00
2.010000e-06	2.935014e-02	9.432099e+00
2.020000e-06	-3.381995e-02	9.694229e+00
2.030000e-06	2.566943e-02	9.936335e+00
2.040000e-06	7.566453e-03	1.018634e+01
2.050000e-06	2.713007e-02	1.039684e+01
2.060000e-06	-7.838973e-03	1.059005e+01
2.070000e-06	-1.214967e-02	1.081944e+01
2.080000e-06	2.675087e-02	1.101094e+01
2.090000e-06	-9.442464e-04	1.123799e+01
2.100000e-06	1.438663e-02	1.144152e+01
2.110000e-06	-1.294562e-02	1.168162e+01
2.120000e-06	3.270533e-02	1.188310e+01
2.130000e-06	5.231984e-03	1.206099e+01
2.140000e-06	9.453609e-03	1.228897e+01
2.150000e-06	-8.908205e-03	1.245932e+01
2.160000e-06	1.383249e-02	1.261640e+01
2.170000e-06	1.830102e-02	1.279584e+01
2.180000e-06	3.678689e-03	1.292418e+01
2.190000e-06	7.989484e-03	1.313260e+01
2.200000e-06	8.380274e-03	1.329142e+01
2.210000e-06	2.371625e-02	1.342789e+01
2.220000e-06	9.091748e-04	1.356573e+01
2.230000e-06	4.747246e-03	1.374310e+01
2.240000e-06	7.185071e-03	1.386040e+01
2.250000e-06	2.069496e-02	1.401579e+01
2.260000e-06	1.061949e-02	1.422366e+01
2.270000e-06	4.867350e-03	1.430255e+01
2.280000e-06	1.317797e-02	1.445824e+01
2.290000e-06	1.701446e-02	1.452368e+01
2.300000e-06	1.401466e-02	1.465890e+01
2.310000e-06	4.435699e-03	1.473310e+01
2.320000e-06	1.369001e-02	1.481687e+01
2.330000e-06	1.862393e-02	1.488302e+01
2.340000e-06	1.685515e-02	1.501521e+01
2.350000e-06	8.098147e-03	1.509795e+01
2.360000e-06	1.137006e-02	1.513203e+01
2.370000e-06	2.015299e-02	1.523481e+01
2.380000e-06	1.646938e-02	1.527938e+01
2.390000e-06	1.243620e-02	1.536358e+01
2.400000e-06	1.214655e-02	1.539616e+01
2.410000e-06	2.254128e-02	1.545827e+01
2.420000e-06	2.051222e-02	1.549987e+01
2.430000e-06	1.474692e-02	1.554005e+01
2.440000e-06	1.566354e-02	1.557415e+01
2.450000e-06	2.136989e-02	1.553463e+01
2.460000e-06	2.417249e-02	1.562471e+01
2.470000e-06	1.804548e-02	1.559474e+01
2.480000e-06	1.889740e-02	1.564626e+01
2.490000e-06	2.306698e-02	1.561629e+01
2.500000e-06	2.810436e-02	1.564415e+01
2.510000e-06	2.320783e-02	1.561471e+01
2.520000e-06	2.305896e-02	1.559264e+01
2.530000e-06	2.887120e-02	1.557364e+01
2.540000e-06	3.228958e-02	1.556365e+01
2.550000e-06	2.982912e-02	1.555153e+01
2.560000e-06	2.838265e-02	1.548782e+01
2.570000e-06	3.180110e-02	1.543682e+01
2.580000e-06	3.720542e-02	1.543609e+01
2.590000e-06	3.507197e-02	1.537050e+01
2.600000e-06	3.566271e-02	1.528872e+01
2.610000e-06	3.994552e-02	1.525566e+01
2.620000e-06	4.544109e-02	1.516306e+01
2.630000e-06	4.773749e-02	1.511835e+01
2.640000e-06	4.679054e-02	1.504603e+01
2.650000e-06	5.064061e-02	1.492997e+01
2.660000e-06	5.601812e-02	1.480569e+01
2.670000e-06	5.661588e-02	1.472098e+01
2.680000e-06	5.603307e-02	1.464512e+01
2.690000e-06	5.824490e-02	1.452045e+01
2.700000e-06	6.555865e-02	1.443358e+01
2.710000e-06	6.580260e-02	1.429885e+01
2.720000e-06	6.398324e-02	1.418343e+01
2.730000e-06	6.200589e-02	1.401404e+01
2.740000e-06	6.131393e-02	1.389775e+01
2.750000e-06	5.887275e-02	1.377088e+01
2.760000e-06	5.306152e-02	1.356256e+01
2.770000e-06	5.080638e-02	1.343674e+01
2.780000e-06	5.139226e-02	1.334832e+01
2.790000e-06	4.944380e-02	1.315146e+01
2.800000e-06	4.578830e-02	1.302156e+01
2.810000e-06	3.938754e-02	1.281369e+01
2.820000e-06	3.919453e-02	1.267730e+01
2.830000e-06	3.567116e-02	1.250780e+01
2.840000e-06	3.322043e-02	1.227978e+01
2.850000e-06	2.704162e-02	1.212795e+01
2.860000e-06	2.721917e-02	1.191043e+01
2.870000e-06	2.598333e-02	1.171986e+01
2.880000e-06	2.527122e-02	1.151987e+01
2.890000e-06	2.064560e-02	1.129830e+01
2.900000e-06	1.830375e-02	1.112890e+01
2.910000e-06	1.928287e-02	1.086781e+01
2.920000e-06	1.751934e-02	1.064820e+01
2.930000e-06	1.400501e-02	1.042678e+01
2.940000e-06	1.119428e-02	1.024572e+01
2.950000e-06	1.359156e-02	1.004317e+01
2.960000e-06	1.203275e-02	9.793016e+00
2.970000e-06	1.030519e-02	9.530982e+00
2.980000e-06	6.788691e-03	9.321006e+00
2.990000e-06	9.147195e-03	9.099174e+00
3.000000e-06	8.855253e-03	8.837719e+00
3.010000e-06	5.616969e-03	8.606668e+00
3.020000e-06	4.432156e-03	8.424112e+00
3.030000e-06	4.901032e-03	8.130957e+00
3.040000e-06	7.624770e-03	7.867374e+00
3.050000e-06	3.094768e-03	7.615744e+00
3.060000e-06	2.389050e-03	7.338937e+00
3.070000e-06	6.667194e-04	7.088873e+00
3.080000e-06	3.151390e-03	6.815100e+00
3.090000e-06	8.273450e-04	6.562984e+00
3.100000e-06	1.702477e-04	6.278402e+00
3.110000e-06	3.474667e-05	6.066298e+00
3.120000e-06	2.737836e-03	5.764084e+00
3.130000e-06	3.925748e-04	5.459880e+00
3.140000e-06	-2.284967e-03	5.181017e+00
3.150000e-06	-2.255177e-03	4.806750e+00
3.160000e-06	4.209598e-04	4.555088e+00
3.170000e-06	-4.213232e-04	4.328379e+00
3.180000e-06	-2.905888e-03	4.005146e+00
3.190000e-06	-3.377357e-03	3.722609e+00
3.200000e-06	-1.577983e-03	3.448754e+00
3.210000e-06	-6.803180e-04	3.143617e+00
3.220000e-06	-4.451573e-03	2.880534e+00
3.230000e-06	-5.637282e-03	2.655743e+00
3.240000e-06	-3.195148e-03	2.301955e+00
3.250000e-06	-2.365028e-03	2.077376e+00
3.260000e-06	-5.248240e-03	1.724617e+00
3.270000e-06	-5.481236e-03	1.458326e+00
3.280000e-06	-3.602030e-03	1.101568e+00
3.290000e-06	-3.917858e-03	8.367971e-01
3.300000e-06	-3.055519e-03	5.331167e-01
3.310000e-06	-6.766261e-03	2.673798e-01
3.320000e-06	-7.859459e-04	-4.633290e-02
3.330000e-06	4.943376e-03	-3.275146e-01
3.340000e-06	-3.227388e-04	-5.526227e-01
3.350000e-06	-1.936425e-03	-8.643832e-01
3.360000e-06	-4.778241e-03	-1.078491e+00
3.370000e-06	-1.657566e-03	-1.402707e+00
3.380000e-06	-2.015358e-03	-1.694861e+00
3.390000e-06	2.100909e-02	-1.927920e+00
3.400000e-06	7.413345e-02	-2.122120e+00
3.410000e-06	-3.825621e-03	-2.549511e+00
3.420000e-06	-7.145979e-02	-2.939532e+00
3.430000e-06	-3.258978e-02	-3.264709e+00
3.440000e-06	-2.979196e-02	-3.486359e+00
3.450000e-06	-4.130712e-02	-3.689492e+00
3.460000e-06	2.574716e-02	-3.957946e+00
3.470000e-06	7.063933e-02	-4.150468e+00
3.480000e-06	-1.401558e-01	-4.443222e+00
3.490000e-06	1.884362e-01	-4.755782e+00
3.500000e-06	-1.209094e-01	-4.981647e+00
3.510000e-06	1.584349e-02	-5.356394e+00
3.520000e-06	-3.650608e-03	-5.632099e+00
3.530000e-06	-1.134255e-01	-5.886389e+00
3.540000e-06	1.531707e-01	-6.116787e+00
3.550000e-06	-1.248189e-01	-6.433751e+00
3.560000e-06	8.111233e-02	-6.694236e+00
3.570000e-06	-2.113872e-02	-6.959991e+00
3.580000e-06	-4.322795e-02	-7.285281e+00
3.590000e-06	4.448801e-02	-7.535836e+00
3.600000e-06	-1.086913e-01	-7.822651e+00
3.610000e-06	9.374149e-02	-8.074679e+00
3.620000e-06	-6.775409e-02	-8.296310e+00
3.630000e-06	4.096944e-02	-8.597942e+00
3.640000e-06	-2.500645e-03	-8.832147e+00
3.650000e-06	-6.373577e-02	-9.084280e+00
3.660000e-06	5.282050e-02	-9.312600e+00
3.670000e-06	-8.359798e-02	-9.567337e+00
3.680000e-06	6.581189e-02	-9.776789e+00
3.690000e-06	-6.974246e-02	-9.999389e+00
3.700000e-06	4.955580e-02	-1.018043e+01
3.710000e-06	-3.939682e-02	-1.046164e+01
3.720000e-06	-1.604403e-03	-1.065213e+01
3.730000e-06	-1.687398e-02	-1.084049e+01
3.740000e-06	-2.621440e-02	-1.108315e+01
3.750000e-06	1.934157e-02	-1.129105e+01
3.760000e-06	-3.859599e-02	-1.148370e+01
3.770000e-06	2.345060e-02	-1.170413e+01
3.780000e-06	-4.232900e-02	-1.194531e+01
3.790000e-06	2.081378e-02	-1.216323e+01
3.800000e-06	-4.678099e-02	-1.228313e+01
3.810000e-06	8.710164e-03	-1.249210e+01
3.820000e-06	-3.139140e-02	-1.269155e+01
3.830000e-06	5.701001e-03	-1.285099e+01
3.840000e-06	-2.027973e-02	-1.299784e+01
3.850000e-06	-1.062803e-02	-1.317484e+01
3.860000e-06	-1.180355e-02	-1.331355e+01
3.870000e-06	-1.965031e-02	-1.347102e+01
3.880000e-06	-6.734674e-03	-1.359789e+01
3.890000e-06	-2.873852e-02	-1.377531e+01
3.900000e-06	-3.880677e-03	-1.391105e+01
3.910000e-06	-2.417124e-02	-1.403792e+01
3.920000e-06	-5.117594e-03	-1.418566e+01
3.930000e-06	-2.546429e-02	-1.434055e+01
3.940000e-06	-1.032840e-02	-1.441684e+01
3.950000e-06	-2.254155e-02	-1.457468e+01
3.960000e-06	-1.170993e-02	-1.463842e+01
3.970000e-06	-2.274206e-02	-1.473463e+01
3.980000e-06	-1.542411e-02	-1.484782e+01
3.990000e-06	-1.933953e-02	-1.493160e+01
4.000000e-06	-1.679279e-02	-1.504572e+01
4.010000e-06	-2.095401e-02	-1.511898e+01
4.020000e-06	-2.150716e-02	-1.515321e+01
4.030000e-06	-1.960536e-02	-1.518674e+01
4.040000e-06	-2.055989e-02	-1.534995e+01
4.050000e-06	-2.013145e-02	-1.537419e+01
4.060000e-06	-2.501017e-02	-1.541627e+01
4.070000e-06	-1.942467e-02	-1.549042e+01
4.080000e-06	-2.562083e-02	-1.551100e+01
4.090000e-06	-2.122717e-02	-1.549251e+01
4.100000e-06	-2.837040e-02	-1.557411e+01
4.110000e-06	-2.273478e-02	-1.558531e+01
4.120000e-06	-2.565947e-02	-1.564422e+01
4.130000e-06	-2.571287e-02	-1.563624e+01
4.140000e-06	-2.965798e-02	-1.561822e+01
4.150000e-06	-2.970885e-02	-1.560427e+01
4.160000e-06	-2.877878e-02	-1.563729e+01
4.170000e-06	-3.057546e-02	-1.565516e+01
4.180000e-06	-3.215955e-02	-1.561362e+01
4.190000e-06	-3.447644e-02	-1.560364e+01
4.200000e-06	-3.448530e-02	-1.557311e+01
4.210000e-06	-3.632997e-02	-1.555098e+01
4.220000e-06	-3.842344e-02	-1.551040e+01
4.230000e-06	-4.057818e-02	-1.548935e+01
4.240000e-06	-3.970632e-02	-1.540514e+01
4.250000e-06	-4.207880e-02	-1.537103e+01
4.260000e-06	-4.482760e-02	-1.529977e+01
4.270000e-06	-4.801456e-02	-1.525614e+01
4.280000e-06	-4.961027e-02	-1.519208e+01
4.290000e-06	-5.180462e-02	-1.505900e+01
4.300000e-06	-5.476720e-02	-1.503356e+01
4.310000e-06	-5.944382e-02	-1.487888e+01
4.320000e-06	-6.066023e-02	-1.482461e+01
4.330000e-06	-6.184328e-02	-1.473945e+01
4.340000e-06	-6.653365e-02	-1.458667e+01
4.350000e-06	-6.856084e-02	-1.455033e+01
4.360000e-06	-6.986701e-02	-1.438314e+01
4.370000e-06	-6.773699e-02	-1.429730e+01
4.380000e-06	-7.012686e-02	-1.416101e+01
4.390000e-06	-7.025266e-02	-1.400467e+01
4.400000e-06	-6.736176e-02	-1.388885e+01
4.410000e-06	-6.450908e-02	-1.375096e+01
4.420000e-06	-6.290478e-02	-1.361359e+01
4.430000e-06	-6.126543e-02	-1.341670e+01
4.440000e-06	-5.725589e-02	-1.328835e+01
4.450000e-06	-5.347680e-02	-1.312096e+01
4.460000e-06	-5.016712e-02	-1.298207e+01
4.470000e-06	-4.925931e-02	-1.282414e+01
4.480000e-06	-4.620790e-02	-1.262575e+01
4.490000e-06	-4.196961e-02	-1.248930e+01
4.500000e-06	-3.974805e-02	-1.231990e+01
4.510000e-06	-3.806587e-02	-1.213685e+01
4.520000e-06	-3.563090e-02	-1.189891e+01
4.530000e-06	-3.266661e-02	-1.171840e+01
4.540000e-06	-2.954215e-02	-1.151825e+01
4.550000e-06	-3.009223e-02	-1.122567e+01
4.560000e-06	-2.829646e-02	-1.107574e+01
4.570000e-06	-2.576326e-02	-1.082720e+01
4.580000e-06	-2.410780e-02	-1.060725e+01
4.590000e-06	-2.330929e-02	-1.043670e+01
4.600000e-06	-2.293853e-02	-1.022264e+01
4.610000e-06	-1.956452e-02	-9.983045e+00
4.620000e-06	-1.853688e-02	-9.783591e+00
4.630000e-06	-1.796251e-02	-9.481560e+00
4.640000e-06	-1.785804e-02	-9.278931e+00
4.650000e-06	-1.605551e-02	-9.058877e+00
4.660000e-06	-1.544834e-02	-8.853226e+00
4.670000e-06	-1.389402e-02	-8.592068e+00
4.680000e-06	-1.498511e-02	-8.302513e+00
4.690000e-06	-1.349126e-02	-8.110486e+00
4.700000e-06	-1.314086e-02	-7.867701e+00
4.710000e-06	-1.161716e-02	-7.571539e+00
4.720000e-06	-1.244571e-02	-7.298932e+00
4.730000e-06	-1.106050e-02	-7.056248e+00
4.740000e-06	-1.005151e-02	-6.764067e+00
4.750000e-06	-9.505172e-03	-6.551056e+00
4.760000e-06	-9.663663e-03	-6.248327e+00
4.770000e-06	-9.222999e-03	-5.983667e+00
4.780000e-06	-9.248348e-03	-5.722537e+00
4.790000e-06	-9.743099e-03	-5.425118e+00
4.800000e-06	-8.870649e-03	-5.100512e+00
4.810000e-06	-8.326585e-03	-4.815640e+00
4.820000e-06	-7.042310e-03	-4.542060e+00
4.830000e-06	-7.692738e-03	-4.280408e+00
4.840000e-06	-7.325900e-03	-4.055723e+00
4.850000e-06	-9.019408e-03	-3.712036e+00
4.860000e-06	-6.649442e-03	-3.459433e+00
4.870000e-06	-7.398735e-03	-3.185193e+00
4.880000e-06	-4.437469e-03	-2.858931e+00
4.890000e-06	-6.276458e-03	-2.596721e+00
4.900000e-06	-4.037982e-03	-2.300992e+00
4.910000e-06	-4.950057e-03	-2.007800e+00
4.920000e-06	-4.574596e-03	-1.754141e+00
4.930000e-06	-7.835689e-03	-1.456254e+00
4.940000e-06	-4.044723e-03	-1.111538e+00
4.950000e-06	-4.040436e-03	-8.164528e-01
4.960000e-06	-1.815408e-03	-5.025068e-01
4.970000e-06	-2.920650e-03	-2.493314e-01
4.980000e-06	2.576794e-03	4.703817e-03
4.990000e-06	8.882492e-03	3.400459e-01
5.000000e-06	-3.456613e-03	5.721239e-01
5.010000e-06	3.215265e-03	8.952817e-01
5.020000e-06	-3.003054e-03	1.172099e+00
5.030000e-06	4.893355e-03	1.454752e+00
5.040000e-06	1.420250e-03	1.782995e+00
5.050000e-06	1.925263e-02	1.982574e+00
5.060000e-06	5.016417e-02	2.223757e+00
5.070000e-06	5.950887e-02	2.605325e+00
5.080000e-06	-7.376169e-02	2.939487e+00
5.090000e-06	-4.042112e-02	3.201095e+00
5.100000e-06	-2.677180e-02	3.498435e+00
5.110000e-06	3.704424e-03	3.706340e+00
5.120000e-06	-5.093519e-02	3.905742e+00
5.130000e-06	2.501892e-02	4.230537e+00
5.140000e-06	6.850738e-02	4.486307e+00
5.150000e-06	-5.778386e-02	4.767814e+00
5.160000e-06	1.436728e-01	5.026300e+00
5.170000e-06	-1.088049e-01	5.432094e+00
5.180000e-06	2.021951e-02	5.664573e+00
5.190000e-06	1.033971e-02	5.929489e+00
5.200000e-06	-2.172707e-02	6.180489e+00
5.210000e-06	4.578045e-02	6.473697e+00
5.220000e-06	-5.430237e-02	6.747963e+00
5.230000e-06	6.599337e-02	7.009969e+00
5.240000e-06	-6.594862e-03	7.333727e+00
5.250000e-06	-6.387084e-03	7.599538e+00
5.260000e-06	-2.433540e-02	7.803145e+00
5.270000e-06	1.139644e-02	8.135408e+00
5.280000e-06	4.797498e-02	8.357340e+00
5.290000e-06	-2.928061e-02	8.599568e+00
5.300000e-06	1.255642e-02	8.849519e+00
5.310000e-06	9.484492e-03	9.072699e+00
5.320000e-06	6.335123e-04	9.294780e+00
5.330000e-06	1.079938e-02	9.505380e+00
5.340000e-06	-1.966207e-02	9.778394e+00
5.350000e-06	2.388196e-02	1.003099e+01
5.360000e-06	1.035632e-02	1.024047e+01
5.370000e-06	2.280326e-02	1.040262e+01
5.380000e-06	-1.659912e-02	1.066308e+01
5.390000e-06	3.601488e-03	1.086270e+01
5.400000e-06	1.443536e-02	1.109267e+01
5.410000e-06	3.909802e-03	1.131515e+01
5.420000e-06	3.032387e-03	1.154413e+01
5.430000e-06	2.306900e-03	1.176673e+01
5.440000e-06	2.711210e-02	1.197530e+01
5.450000e-06	9.353503e-03	1.209416e+01
5.460000e-06	4.208782e-03	1.230270e+01
5.470000e-06	-4.271784e-03	1.246257e+01
5.480000e-06	1.530583e-02	1.268150e+01
5.490000e-06	1.064190e-02	1.282837e+01
5.500000e-06	5.401452e-03	1.300831e+01
5.510000e-06	6.351737e-03	1.314470e+01
5.520000e-06	1.639369e-02	1.334513e+01
5.530000e-06	1.813597e-02	1.347992e+01
5.540000e-06	5.074376e-03	1.355739e+01
5.550000e-06	2.880333e-03	1.375616e+01
5.560000e-06	1.316823e-02	1.393155e+01
5.570000e-06	1.542483e-02	1.408936e+01
5.580000e-06	9.477755e-03	1.418634e+01
5.590000e-06	6.752557e-03	1.435408e+01
5.600000e-06	1.595969e-02	1.447884e+01
5.610000e-06	1.728442e-02	1.456621e+01
5.620000e-06	1.071856e-02	1.465892e+01
5.630000e-06	8.418127e-03	1.479523e+01
5.640000e-06	1.262420e-02	1.483892e+01
5.650000e-06	2.020174e-02	1.494205e+01
5.660000e-06	1.214915e-02	1.501774e+01
5.670000e-06	1.316778e-02	1.512048e+01
5.680000e-06	1.171822e-02	1.516456e+01
5.690000e-06	1.985340e-02	1.522681e+01
5.700000e-06	1.424559e-02	1.530095e+01
5.710000e-06	1.289620e-02	1.535506e+01
5.720000e-06	1.576394e-02	1.539619e+01
5.730000e-06	2.099834e-02	1.546889e+01
5.740000e-06	2.000716e-02	1.551995e+01
5.750000e-06	1.459340e-02	1.555096e+01
5.760000e-06	1.989195e-02	1.555306e+01
5.770000e-06	2.003746e-02	1.561563e+01
5.780000e-06	2.243757e-02	1.560569e+01
5.790000e-06	1.814772e-02	1.564626e+01
5.800000e-06	2.162597e-02	1.565527e+01
5.810000e-06	2.345092e-02	1.565527e+01
5.820000e-06	2.489724e-02	1.562571e+01
5.830000e-06	2.415904e-02	1.565566e+01
5.840000e-06	2.530901e-02	1.561364e+01
5.850000e-06	3.028435e-02	1.556414e+01
5.860000e-06	3.070175e-02	1.555205e+01
5.870000e-06	3.025142e-02	1.550930e+01
5.880000e-06	3.027484e-02	1.549880e+01
5.890000e-06	3.448892e-02	1.543619e+01
5.900000e-06	3.405059e-02	1.541351e+01
5.910000e-06	3.641867e-02	1.535093e+01
5.920000e-06	3.754663e-02	1.525732e+01
5.930000e-06	4.192166e-02	1.522461e+01
5.940000e-06	4.534350e-02	1.512990e+01
5.950000e-06	4.525325e-02	1.508572e+01
5.960000e-06	5.114345e-02	1.498208e+01
5.970000e-06	5.107225e-02	1.486722e+01
5.980000e-06	5.728778e-02	1.480421e+01
5.990000e-06	5.700652e-02	1.467928e+01
6.000000e-06	5.944278e-02	1.462306e+01
6.010000e-06	6.020823e-02	1.447795e+01
6.020000e-06	6.277947e-02	1.436356e+01
6.030000e-06	6.361150e-02	1.429624e+01
6.040000e-06	6.401089e-02	1.409977e+01
6.050000e-06	6.385195e-02	1.396253e+01
6.060000e-06	6.124215e-02	1.385559e+01
6.070000e-06	5.755473e-02	1.370830e+01
6.080000e-06	5.508391e-02	1.354140e+01
6.090000e-06	5.068169e-02	1.342301e+01
6.100000e-06	4.833825e-02	1.324617e+01
6.110000e-06	4.559435e-02	1.305830e+01
6.120000e-06	4.363831e-02	1.295941e+01
6.130000e-06	4.257573e-02	1.274301e+01
6.140000e-06	3.822850e-02	1.257457e+01
6.150000e-06	3.591944e-02	1.242359e+01
6.160000e-06	3.157517e-02	1.226765e+01
6.170000e-06	2.885537e-02	1.208670e+01
6.180000e-06	2.526312e-02	1.189582e+01
6.190000e-06	2.423357e-02	1.165619e+01
6.200000e-06	2.124749e-02	1.144567e+01
6.210000e-06	2.239260e-02	1.121515e+01
6.220000e-06	1.894290e-02	1.104670e+01
6.230000e-06	1.863844e-02	1.085479e+01
6.240000e-06	1.602612e-02	1.064409e+01
6.250000e-06	1.624104e-02	1.038256e+01
6.260000e-06	1.273426e-02	1.015199e+01
6.270000e-06	1.094679e-02	9.921433e+00
6.280000e-06	1.047384e-02	9.738402e+00
6.290000e-06	9.322343e-03	9.477322e+00
6.300000e-06	9.405009e-03	9.237376e+00
6.310000e-06	6.179598e-03	9.014643e+00
6.320000e-06	7.084627e-03	8.724086e+00
6.330000e-06	6.773102e-03	8.563461e+00
6.340000e-06	6.806476e-03	8.299904e+00
6.350000e-06	4.019793e-03	8.055295e+00
6.360000e-06	3.756863e-03	7.804117e+00
6.370000e-06	3.907151e-03	7.549306e+00
6.380000e-06	3.181349e-03	7.247895e+00
6.390000e-06	1.347025e-04	7.034141e+00
6.400000e-06	2.115312e-04	6.701534e+00
6.410000e-06	2.465283e-03	6.447276e+00
6.420000e-06	2.578696e-03	6.176219e+00
6.430000e-06	5.144425e-04	5.951487e+00
6.440000e-06	-8.526849e-04	5.637803e+00
6.450000e-06	-4.235397e-04	5.402620e+00
6.460000e-06	-1.587957e-04	5.066727e+00
6.470000e-06	-9.405295e-04	4.723089e+00
6.480000e-06	-2.572790e-03	4.470480e+00
6.490000e-06	-1.722104e-03	4.243144e+00
6.500000e-06	-1.178668e-03	3.890955e+00
6.510000e-06	-2.776855e-03	3.629404e+00
6.520000e-06	-3.654966e-03	3.334592e+00
6.530000e-06	-3.082098e-03	3.077881e+00
6.540000e-06	-2.290001e-03	2.787346e+00
6.550000e-06	-3.403942e-03	2.501560e+00
6.560000e-06	-3.917065e-03	2.248220e+00
6.570000e-06	-3.866527e-03	1.963145e+00
6.580000e-06	-3.065500e-03	1.626876e+00
6.590000e-06	-4.882199e-03	1.325213e+00
6.600000e-06	-6.764265e-03	1.046201e+00
6.610000e-06	-3.860499e-03	7.020667e-01
6.620000e-06	-3.843737e-03	4.294763e-01
6.630000e-06	-2.463560e-03	1.240868e-01
6.640000e-06	-2.251393e-03	-1.295199e-01
6.650000e-06	6.880092e-03	-4.225726e-01
6.660000e-06	-5.979993e-03	-6.463897e-01
6.670000e-06	1.323760e-03	-9.175421e-01
6.680000e-06	-8.579608e-03	-1.193150e+00
6.690000e-06	-1.567262e-03	-1.576990e+00
6.700000e-06	1.146395e-03	-1.758571e+00
6.710000e-06	4.008137e-02	-1.981523e+00
6.720000e-06	8.837446e-02	-2.216436e+00
6.730000e-06	-6.823139e-02	-2.625358e+00
6.740000e-06	-4.662735e-02	-3.004350e+00
6.750000e-06	-4.285987e-02	-3.347940e+00
6.760000e-06	-1.792385e-02	-3.548990e+00
6.770000e-06	-5.749213e-02	-3.841179e+00
6.780000e-06	1.027369e-01	-4.023624e+00
6.790000e-06	-3.352026e-02	-4.265256e+00
6.800000e-06	-3.105777e-02	-4.537495e+00
6.810000e-06	1.410445e-01	-4.751598e+00
6.820000e-06	-1.728957e-01	-5.106962e+00
6.830000e-06	1.028181e-01	-5.464572e+00
6.840000e-06	-1.114512e-01	-5.737936e+00
6.850000e-06	1.278134e-02	-5.999020e+00
6.860000e-06	7.813545e-02	-6.202119e+00
6.870000e-06	-1.094644e-01	-6.537366e+00
6.880000e-06	1.203290e-01	-6.777491e+00
6.890000e-06	-9.752437e-02	-7.066357e+00
6.900000e-06	3.473851e-02	-7.388442e+00
6.910000e-06	-2.630674e-02	-7.622043e+00
6.920000e-06	-4.885590e-02	-7.926941e+00
6.930000e-06	7.800098e-02	-8.148391e+00
6.940000e-06	-9.327358e-02	-8.439618e+00
6.950000e-06	8.922604e-02	-8.671153e+00
6.960000e-06	-7.825229e-02	-8.886807e+00
6.970000e-06	1.527703e-02	-9.185789e+00
6.980000e-06	-7.352817e-03	-9.378338e+00
6.990000e-06	-3.593261e-02	-9.631066e+00
7.000000e-06	3.832353e-02	-9.822423e+00
7.010000e-06	-6.343927e-02	-1.006210e+01
7.020000e-06	5.971664e-02	-1.030265e+01
7.030000e-06	-7.035953e-02	-1.051633e+01
7.040000e-06	3.538420e-02	-1.071373e+01
7.050000e-06	-5.620941e-02	-1.089358e+01
7.060000e-06	1.735878e-02	-1.114276e+01
7.070000e-06	-2.204547e-02	-1.137666e+01
7.080000e-06	-4.885427e-03	-1.159691e+01
7.090000e-06	-4.674485e-03	-1.175841e+01
7.100000e-06	-2.197504e-02	-1.199987e+01
7.110000e-06	4.606447e-03	-1.221637e+01
7.120000e-06	-3.855696e-02	-1.233522e+01
7.130000e-06	9.984929e-03	-1.254514e+01
7.140000e-06	-3.732821e-02	-1.271473e+01
7.150000e-06	1.374288e-02	-1.293311e+01
7.160000e-06	-3.324806e-02	-1.304900e+01
7.170000e-06	5.940375e-03	-1.320581e+01
7.180000e-06	-2.924831e-02	-1.333566e+01
7.190000e-06	-4.519759e-03	-1.351268e+01
7.200000e-06	-2.290992e-02	-1.366945e+01
7.210000e-06	-1.413411e-02	-1.382642e+01
7.220000e-06	-1.484155e-02	-1.392408e+01
7.230000e-06	-1.761749e-02	-1.408100e+01
7.240000e-06	-1.032241e-02	-1.423737e+01
7.250000e-06	-2.114383e-02	-1.433326e+01
7.260000e-06	-1.175425e-02	-1.447140e+01
7.270000e-06	-2.321086e-02	-1.458534e+01
7.280000e-06	-1.180590e-02	-1.471000e+01
7.290000e-06	-2.338732e-02	-1.479416e+01
7.300000e-06	-1.368916e-02	-1.489097e+01
7.310000e-06	-2.362106e-02	-1.498364e+01
7.320000e-06	-1.450165e-02	-1.502892e+01
7.330000e-06	-2.415032e-02	-1.512201e+01
7.340000e-06	-1.692581e-02	-1.517424e+01
7.350000e-06	-2.400171e-02	-1.530840e+01
7.360000e-06	-1.820095e-02	-1.533313e+01
7.370000e-06	-2.182208e-02	-1.537479e+01
7.380000e-06	-2.057507e-02	-1.543837e+01
7.390000e-06	-2.284978e-02	-1.548942e+01
7.400000e-06	-2.559800e-02	-1.546998e+01
7.410000e-06	-2.260667e-02	-1.559308e+01
7.420000e-06	-2.767604e-02	-1.560613e+01
7.430000e-06	-2.329309e-02	-1.561581e+01
7.440000e-06	-2.771940e-02	-1.560574e+01
7.450000e-06	-2.370583e-02	-1.563631e+01
7.460000e-06	-2.993467e-02	-1.564531e+01
7.470000e-06	-2.972469e-02	-1.562679e+01
7.480000e-06	-3.109429e-02	-1.561674e+01
7.490000e-06	-3.082634e-02	-1.563617e+01
7.500000e-06	-3.190540e-02	-1.560467e+01
7.510000e-06	-3.555973e-02	-1.561314e+01
7.520000e-06	-3.577666e-02	-1.558158e+01
7.530000e-06	-3.623608e-02	-1.551153e+01
7.540000e-06	-3.784583e-02	-1.548938e+01
7.550000e-06	-4.087947e-02	-1.542881e+01
7.560000e-06	-4.189781e-02	-1.540361e+01
7.570000e-06	-4.200972e-02	-1.533093e+01
7.580000e-06	-4.390949e-02	-1.525729e+01
7.590000e-06	-4.798569e-02	-1.519419e+01
7.600000e-06	-5.178055e-02	-1.513145e+01
7.610000e-06	-5.396252e-02	-1.504672e+01
7.620000e-06	-5.523059e-02	-1.502151e+01
7.630000e-06	-5.908963e-02	-1.489740e+01
7.640000e-06	-6.114048e-02	-1.478399e+01
7.650000e-06	-6.387569e-02	-1.466992e+01
7.660000e-06	-6.547409e-02	-1.459406e+01
7.670000e-06	-6.876351e-02	-1.450672e+01
7.680000e-06	-7.015529e-02	-1.436206e+01
7.690000e-06	-6.985087e-02	-1.426759e+01
7.700000e-06	-6.806408e-02	-1.411930e+01
7.710000e-06	-6.795354e-02	-1.398206e+01
7.720000e-06	-6.726583e-02	-1.386767e+01
7.730000e-06	-6.497364e-02	-1.369633e+01
7.740000e-06	-6.148075e-02	-1.351055e+01
7.750000e-06	-5.973125e-02	-1.342361e+01
7.760000e-06	-5.673858e-02	-1.323669e+01
7.770000e-06	-5.296641e-02	-1.309943e+01
7.780000e-06	-4.842355e-02	-1.291951e+01
7.790000e-06	-4.586904e-02	-1.273309e+01
7.800000e-06	-4.513863e-02	-1.257217e+01
7.810000e-06	-4.253492e-02	-1.244417e+01
7.820000e-06	-4.051300e-02	-1.226680e+01
7.830000e-06	-3.715506e-02	-1.206670e+01
7.840000e-06	-3.506683e-02	-1.182480e+01
7.850000e-06	-3.307115e-02	-1.163460e+01
7.860000e-06	-2.957256e-02	-1.142114e+01
7.870000e-06	-2.736275e-02	-1.119509e+01
7.880000e-06	-2.786270e-02	-1.097456e+01
7.890000e-06	-2.711345e-02	-1.080361e+01
7.900000e-06	-2.349967e-02	-1.059361e+01
7.910000e-06	-2.201569e-02	-1.036201e+01
7.920000e-06	-2.166299e-02	-1.015843e+01
7.930000e-06	-2.184010e-02	-9.878977e+00
7.940000e-06	-1.737702e-02	-9.687908e+00
7.950000e-06	-1.631603e-02	-9.487299e+00
7.960000e-06	-1.742399e-02	-9.256696e+00
7.970000e-06	-1.758880e-02	-9.015690e+00
7.980000e-06	-1.419368e-02	-8.772956e+00
7.990000e-06	-1.319285e-02	-8.469906e+00
8.000000e-06	-1.497564e-02	-8.287928e+00
8.010000e-06	-1.461690e-02	-8.068701e+00
8.020000e-06	-1.230042e-02	-7.742461e+00
8.030000e-06	-9.422131e-03	-7.480850e+00
8.040000e-06	-1.155109e-02	-7.216174e+00
8.050000e-06	-1.236850e-02	-6.981565e+00
8.060000e-06	-1.107295e-02	-6.679906e+00
8.070000e-06	-7.518844e-03	-6.445300e+00
8.080000e-06	-9.833016e-03	-6.163987e+00
8.090000e-06	-1.000082e-02	-5.909905e+00
8.100000e-06	-9.747274e-03	-5.596703e+00
8.110000e-06	-6.846098e-03	-5.362981e+00
8.120000e-06	-8.203220e-03	-5.027275e+00
8.130000e-06	-7.835164e-03	-4.709958e+00
8.140000e-06	-7.753831e-03	-4.447876e+00
8.150000e-06	-5.768519e-03	-4.226796e+00
8.160000e-06	-6.546526e-03	-3.952466e+00
8.170000e-06	-7.960831e-03	-3.627852e+00
8.180000e-06	-7.140019e-03	-3.353672e+00
8.190000e-06	-5.319990e-03	-3.088381e+00
8.200000e-06	-3.877534e-03	-2.765645e+00
8.210000e-06	-5.314870e-03	-2.490558e+00
8.220000e-06	-5.772890e-03	-2.226772e+00
8.230000e-06	-5.257917e-03	-1.961066e+00
8.240000e-06	-5.288851e-03	-1.598405e+00
8.250000e-06	-5.471343e-03	-1.321034e+00
8.260000e-06	-4.891669e-03	-9.863524e-01
8.270000e-06	-4.594816e-03	-7.535170e-01
8.280000e-06	-1.153846e-03	-4.073524e-01
8.290000e-06	-1.478041e-03	-1.631670e-01
8.300000e-06	4.225235e-03	1.190347e-01
8.310000e-06	5.785265e-03	4.247792e-01
8.320000e-06	-9.449945e-04	6.664069e-01
8.330000e-06	5.326280e-04	9.111175e-01
8.340000e-06	-2.362567e-03	1.255750e+00
8.350000e-06	2.629876e-03	1.510144e+00
8.360000e-06	3.513149e-03	1.814179e+00
8.370000e-06	2.806784e-02	2.065200e+00
8.380000e-06	6.793517e-02	2.371495e+00
8.390000e-06	1.599850e-02	2.679040e+00
8.400000e-06	-7.086703e-02	3.043725e+00
8.410000e-06	-4.057987e-02	3.306878e+00
8.420000e-06	-1.305912e-02	3.569096e+00
8.430000e-06	-1.712057e-02	3.770123e+00
8.440000e-06	-3.853472e-02	4.019521e+00
8.450000e-06	6.912916e-02	4.255406e+00
8.460000e-06	3.086624e-03	4.572995e+00
8.470000e-06	1.450938e-02	4.832623e+00
8.480000e-06	8.389837e-02	5.212113e+00
8.490000e-06	-1.130825e-01	5.475728e+00
8.500000e-06	5.783860e-02	5.718462e+00
8.510000e-06	-2.783907e-02	6.052673e+00
8.520000e-06	2.195092e-02	6.255736e+00
8.530000e-06	6.964008e-03	6.578491e+00
8.540000e-06	-2.909698e-02	6.864703e+00
8.550000e-06	7.199509e-02	7.086408e+00
8.560000e-06	-3.244438e-02	7.380445e+00
8.570000e-06	5.533913e-03	7.653128e+00
8.580000e-06	-3.623523e-02	7.936286e+00
8.590000e-06	4.963547e-02	8.231070e+00
8.600000e-06	1.925276e-02	8.442596e+00
8.610000e-06	-3.017927e-02	8.632152e+00
8.620000e-06	3.055354e-02	8.934156e+00
8.630000e-06	-1.275113e-02	9.147908e+00
8.640000e-06	2.531495e-02	9.378711e+00
8.650000e-06	-1.690027e-02	9.611442e+00
8.660000e-06	7.692070e-03	9.893047e+00
8.670000e-06	1.179767e-02	1.007265e+01
8.680000e-06	2.070349e-02	1.026205e+01
8.690000e-06	1.042277e-02	1.052628e+01
8.700000e-06	-1.882181e-02	1.075573e+01
8.710000e-06	1.823876e-02	1.099583e+01
8.720000e-06	4.074615e-03	1.119483e+01
8.730000e-06	1.393397e-02	1.134581e+01
8.740000e-06	-8.804362e-03	1.156829e+01
8.750000e-06	1.911344e-02	1.179837e+01
8.760000e-06	1.265212e-02	1.201637e+01
8.770000e-06	1.462945e-02	1.219724e+01
8.780000e-06	-4.170305e-03	1.235621e+01
8.790000e-06	5.548219e-03	1.253576e+01
8.800000e-06	1.511232e-02	1.271311e+01
8.810000e-06	8.914344e-03	1.292205e+01
8.820000e-06	7.262670e-03	1.305949e+01
8.830000e-06	4.457297e-03	1.323991e+01
8.840000e-06	2.143452e-02	1.338623e+01
8.850000e-06	8.406509e-03	1.351107e+01
8.860000e-06	8.902004e-03	1.364052e+01
8.870000e-06	3.518246e-03	1.379676e+01
8.880000e-06	1.726824e-02	1.394376e+01
8.890000e-06	1.240382e-02	1.413245e+01
8.900000e-06	8.107915e-03	1.424137e+01
8.910000e-06	9.813562e-03	1.441518e+01
8.920000e-06	1.511019e-02	1.450205e+01
8.930000e-06	1.557693e-02	1.459487e+01
8.940000e-06	7.816326e-03	1.472202e+01
8.950000e-06	1.283896e-02	1.478571e+01
8.960000e-06	1.333066e-02	1.487240e+01
8.970000e-06	1.898947e-02	1.493463e+01
8.980000e-06	1.120852e-02	1.502682e+01
8.990000e-06	1.354837e-02	1.516102e+01
9.000000e-06	1.464744e-02	1.517413e+01
9.010000e-06	1.655587e-02	1.526977e+01
9.020000e-06	1.413935e-02	1.534198e+01
9.030000e-06	1.375501e-02	1.538416e+01
9.040000e-06	1.868846e-02	1.543877e+01
9.050000e-06	1.908317e-02	1.547782e+01
9.060000e-06	1.823570e-02	1.551108e+01
9.070000e-06	1.564056e-02	1.553106e+01
9.080000e-06	2.059641e-02	1.558259e+01
9.090000e-06	2.105892e-02	1.560311e+01
9.100000e-06	1.947070e-02	1.561469e+01
9.110000e-06	1.874412e-02	1.563672e+01
9.120000e-06	2.198133e-02	1.565529e+01
9.130000e-06	2.503808e-02	1.567477e+01
9.140000e-06	2.278256e-02	1.565524e+01
9.150000e-06	2.535830e-02	1.562421e+01
9.160000e-06	2.655653e-02	1.559221e+01
9.170000e-06	3.072163e-02	1.556258e+01
9.180000e-06	2.921876e-02	1.555148e+01
9.190000e-06	2.966118e-02	1.548945e+01
9.200000e-06	3.266989e-02	1.544624e+01
9.210000e-06	3.319936e-02	1.541559e+01
9.220000e-06	3.535219e-02	1.540303e+01
9.230000e-06	3.567329e-02	1.534890e+01
9.240000e-06	4.131280e-02	1.524914e+01
9.250000e-06	4.121159e-02	1.521261e+01
9.260000e-06	4.481162e-02	1.512092e+01
9.270000e-06	4.617659e-02	1.502621e+01
9.280000e-06	5.119422e-02	1.494050e+01
9.290000e-06	5.409324e-02	1.486629e+01
9.300000e-06	5.471141e-02	1.477350e+01
9.310000e-06	5.887333e-02	1.468717e+01
9.320000e-06	6.015387e-02	1.456206e+01
9.330000e-06	6.456359e-02	1.443727e+01
9.340000e-06	6.135861e-02	1.435150e+01
9.350000e-06	6.311019e-02	1.422319e+01
9.360000e-06	6.184790e-02	1.404771e+01
9.370000e-06	6.357615e-02	1.394143e+01
9.380000e-06	5.896255e-02	1.381409e+01
9.390000e-06	5.659667e-02	1.362719e+01
9.400000e-06	5.409971e-02	1.347633e+01
9.410000e-06	5.133313e-02	1.336950e+01
9.420000e-06	4.786697e-02	1.320314e+01
9.430000e-06	4.407820e-02	1.304819e+01
9.440000e-06	4.299765e-02	1.288822e+01
9.450000e-06	4.026590e-02	1.269042e+01
9.460000e-06	3.674548e-02	1.257046e+01
9.470000e-06	3.273471e-02	1.239199e+01
9.480000e-06	3.037401e-02	1.222301e+01
9.490000e-06	2.983462e-02	1.201309e+01
9.500000e-06	2.561741e-02	1.178516e+01
9.510000e-06	2.347241e-02	1.160256e+01
9.520000e-06	2.228867e-02	1.133149e+01
9.530000e-06	2.232548e-02	1.118298e+01
9.540000e-06	1.868546e-02	1.096208e+01
9.550000e-06	1.635411e-02	1.075401e+01
9.560000e-06	1.535183e-02	1.054043e+01
9.570000e-06	1.459674e-02	1.034043e+01
9.580000e-06	1.376587e-02	1.009838e+01
9.590000e-06	1.027642e-02	9.835274e+00
9.600000e-06	9.404101e-03	9.627240e+00
9.610000e-06	1.006482e-02	9.433217e+00
9.620000e-06	1.039476e-02	9.193661e+00
9.630000e-06	6.366251e-03	8.920929e+00
9.640000e-06	4.928763e-03	8.700378e+00
9.650000e-06	6.802630e-03	8.478376e+00
9.660000e-06	6.943730e-03	8.256644e+00
9.670000e-06	3.995312e-03	7.942038e+00
9.680000e-06	1.724753e-03	7.701380e+00
9.690000e-06	4.176543e-03	7.447169e+00
9.700000e-06	4.313184e-03	7.181512e+00
9.710000e-06	2.341009e-03	6.922409e+00
9.720000e-06	-1.689280e-04	6.656247e+00
9.730000e-06	1.349830e-03	6.364088e+00
9.740000e-06	1.220124e-03	6.091936e+00
9.750000e-06	-2.452034e-04	5.886671e+00
9.760000e-06	-1.503169e-03	5.583615e+00
9.770000e-06	-8.967995e-04	5.268904e+00
9.780000e-06	1.436700e-03	5.002991e+00
9.790000e-06	-7.378856e-04	4.666804e+00
9.800000e-06	-2.186544e-03	4.396769e+00
9.810000e-06	-2.539721e-03	4.110502e+00
9.820000e-06	-1.240562e-03	3.835723e+00
9.830000e-06	-3.385511e-03	3.574142e+00
9.840000e-06	-4.240049e-03	3.237803e+00
9.850000e-06	-3.134581e-03	3.015218e+00
9.860000e-06	-1.657579e-03	2.740987e+00
9.870000e-06	-2.256560e-03	2.406797e+00
9.880000e-06	-5.165380e-03	2.151591e+00
9.890000e-06	-4.150032e-03	1.878856e+00
9.900000e-06	-3.013912e-03	1.523592e+00
9.910000e-06	-4.048631e-03	1.249477e+00
9.920000e-06	-5.602806e-03	9.315342e-01
9.930000e-06	-5.368417e-03	6.178011e-01
9.940000e-06	-2.713257e-03	3.573179e-01
9.950000e-06	-1.669051e-03	4.893257e-02
9.960000e-06	1.398136e-03	-2.047079e-01
9.970000e-06	1.224534e-03	-4.577032e-01
9.980000e-06	-3.166517e-03	-7.910762e-01
9.990000e-06	-1.868085e-03	-9.942280e-01
1.000000e-05	-4.355375e-03	-1.329514e+00
1.001000e-05	-3.964275e-03	-1.592152e+00
1.002000e-05	8.821993e-03	-1.864756e+00
1.003000e-05	5.447167e-02	-2.064603e+00
1.004000e-05	6.656346e-02	-2.382649e+00
1.005000e-05	-9.482525e-02	-2.791070e+00
1.006000e-05	-3.311279e-02	-3.180071e+00
1.007000e-05	-4.548388e-02	-3.420151e+00
1.008000e-05	-2.034400e-02	-3.692704e+00
1.009000e-05	-4.340409e-02	-3.934360e+00
1.010000e-05	1.298798e-01	-4.096233e+00
1.011000e-05	-1.264327e-01	-4.349494e+00
1.012000e-05	1.133013e-01	-4.632179e+00
1.013000e-05	2.542399e-02	-4.884327e+00
1.014000e-05	-1.200145e-01	-5.223049e+00
1.015000e-05	9.763881e-02	-5.474255e+00
1.016000e-05	-1.644816e-01	-5.800649e+00
1.017000e-05	1.286181e-01	-6.071176e+00
1.018000e-05	-3.806543e-02	-6.338935e+00
1.019000e-05	-2.371193e-02	-6.631650e+00
1.020000e-05	8.219180e-02	-6.854229e+00
1.021000e-05	-1.094561e-01	-7.181042e+00
1.022000e-05	7.138005e-02	-7.422547e+00
1.023000e-05	-9.555998e-02	-7.706308e+00
1.024000e-05	3.783857e-02	-8.039499e+00
1.025000e-05	1.331247e-02	-8.221576e+00
1.026000e-05	-4.967989e-02	-8.496732e+00
1.027000e-05	7.424450e-02	-8.726285e+00
1.028000e-05	-1.074775e-01	-8.990568e+00
1.029000e-05	6.848841e-02	-9.219394e+00
1.030000e-05	-6.953701e-02	-9.422653e+00
1.031000e-05	3.135809e-02	-9.725206e+00
1.032000e-05	-2.008909e-02	-9.873181e+00
1.033000e-05	-1.165340e-02	-1.015626e+01
1.034000e-05	2.114366e-02	-1.037526e+01
1.035000e-05	-5.605207e-02	-1.060940e+01
1.036000e-05	3.066113e-02	-1.078536e+01
1.037000e-05	-6.127472e-02	-1.098797e+01
1.038000e-05	3.882971e-02	-1.122845e+01
1.039000e-05	-4.882576e-02	-1.139999e+01
1.040000e-05	2.362950e-02	-1.165945e+01
1.041000e-05	-3.471854e-02	-1.184945e+01
1.042000e-05	6.206480e-03	-1.206197e+01
1.043000e-05	-2.669240e-02	-1.224102e+01
1.044000e-05	-1.428096e-02	-1.243892e+01
1.045000e-05	-6.618340e-03	-1.259837e+01
1.046000e-05	-2.001798e-02	-1.277639e+01
1.047000e-05	1.333109e-03	-1.292366e+01
1.048000e-05	-3.020908e-02	-1.308205e+01
1.049000e-05	5.868242e-03	-1.326939e+01
1.050000e-05	-3.176576e-02	-1.346739e+01
1.051000e-05	4.909108e-04	-1.356419e+01
1.052000e-05	-3.146695e-02	-1.372123e+01
1.053000e-05	-4.115382e-03	-1.387897e+01
1.054000e-05	-2.141934e-02	-1.401481e+01
1.055000e-05	-1.220054e-02	-1.416561e+01
1.056000e-05	-1.974119e-02	-1.425922e+01
1.057000e-05	-1.476604e-02	-1.441719e+01
1.058000e-05	-1.577099e-02	-1.451203e+01
1.059000e-05	-1.745991e-02	-1.460687e+01
1.060000e-05	-1.622557e-02	-1.474160e+01
1.061000e-05	-1.982051e-02	-1.481671e+01
1.062000e-05	-1.454045e-02	-1.493253e+01
1.063000e-05	-2.440079e-02	-1.500514e+01
1.064000e-05	-1.860444e-02	-1.507895e+01
1.065000e-05	-2.364459e-02	-1.513161e+01
1.066000e-05	-1.497941e-02	-1.523677e+01
1.067000e-05	-2.317680e-02	-1.527887e+01
1.068000e-05	-1.673452e-02	-1.533368e+01
1.069000e-05	-2.427130e-02	-1.542524e+01
1.070000e-05	-1.940434e-02	-1.545992e+01
1.071000e-05	-2.654191e-02	-1.554992e+01
1.072000e-05	-2.550023e-02	-1.555200e+01
1.073000e-05	-2.406802e-02	-1.558266e+01
1.074000e-05	-2.414499e-02	-1.556416e+01
1.075000e-05	-2.274676e-02	-1.560561e+01
1.076000e-05	-2.724323e-02	-1.562624e+01
1.077000e-05	-2.614199e-02	-1.564670e+01
1.078000e-05	-2.977894e-02	-1.564477e+01
1.079000e-05	-2.925479e-02	-1.561874e+01
1.080000e-05	-3.287074e-02	-1.564572e+01
1.081000e-05	-3.219200e-02	-1.561567e+01
1.082000e-05	-3.213308e-02	-1.560456e+01
1.083000e-05	-3.405096e-02	-1.556358e+01
1.084000e-05	-3.628294e-02	-1.554258e+01
1.085000e-05	-3.802231e-02	-1.549990e+01
1.086000e-05	-3.907374e-02	-1.547775e+01
1.087000e-05	-4.020813e-02	-1.540674e+01
1.088000e-05	-4.303326e-02	-1.539296e+01
1.089000e-05	-4.385119e-02	-1.533840e+01
1.090000e-05	-4.654740e-02	-1.526627e+01
1.091000e-05	-4.711125e-02	-1.516256e+01
1.092000e-05	-5.188233e-02	-1.512050e+01
1.093000e-05	-5.423221e-02	-1.503462e+01
1.094000e-05	-5.757643e-02	-1.497146e+01
1.095000e-05	-5.914834e-02	-1.488525e+01
1.096000e-05	-6.264306e-02	-1.480248e+01
1.097000e-05	-6.639385e-02	-1.464787e+01
1.098000e-05	-6.709471e-02	-1.457158e+01
1.099000e-05	-6.844730e-02	-1.445372e+01
1.100000e-05	-6.846829e-02	-1.434043e+01
1.101000e-05	-7.114225e-02	-1.419256e+01
1.102000e-05	-6.969006e-02	-1.405669e+01
1.103000e-05	-6.751922e-02	-1.394095e+01
1.104000e-05	-6.639714e-02	-1.378309e+01
1.105000e-05	-6.506248e-02	-1.363514e+01
1.106000e-05	-6.163428e-02	-1.353133e+01
1.107000e-05	-5.800148e-02	-1.337248e+01
1.108000e-05	-5.379995e-02	-1.318314e+01
1.109000e-05	-5.241612e-02	-1.304630e+01
1.110000e-05	-4.898952e-02	-1.289732e+01
1.111000e-05	-4.615075e-02	-1.274038e+01
1.112000e-05	-4.291243e-02	-1.256143e+01
1.113000e-05	-4.216351e-02	-1.237206e+01
1.114000e-05	-4.068584e-02	-1.218459e+01
1.115000e-05	-3.632952e-02	-1.203411e+01
1.116000e-05	-3.222021e-02	-1.176249e+01
1.117000e-05	-3.169605e-02	-1.157204e+01
1.118000e-05	-3.063166e-02	-1.130188e+01
1.119000e-05	-2.848475e-02	-1.110935e+01
1.120000e-05	-2.497381e-02	-1.091940e+01
1.121000e-05	-2.391321e-02	-1.072846e+01
1.122000e-05	-2.449706e-02	-1.054036e+01
1.123000e-05	-2.231457e-02	-1.028883e+01
1.124000e-05	-1.883422e-02	-1.007672e+01
1.125000e-05	-1.959902e-02	-9.847823e+00
1.126000e-05	-1.997260e-02	-9.654745e+00
1.127000e-05	-1.863675e-02	-9.414567e+00
1.128000e-05	-1.549236e-02	-9.143061e+00
1.129000e-05	-1.413100e-02	-8.898960e+00
1.130000e-05	-1.454402e-02	-8.699826e+00
1.131000e-05	-1.386954e-02	-8.405854e+00
1.132000e-05	-1.241141e-02	-8.214644e+00
1.133000e-05	-1.262060e-02	-7.959987e+00
1.134000e-05	-1.421688e-02	-7.648299e+00
1.135000e-05	-1.205298e-02	-7.365216e+00
1.136000e-05	-1.055921e-02	-7.151862e+00
1.137000e-05	-8.972522e-03	-6.867904e+00
1.138000e-05	-1.218387e-02	-6.614719e+00
1.139000e-05	-9.734998e-03	-6.333041e+00
1.140000e-05	-1.062103e-02	-6.058428e+00
1.141000e-05	-7.289551e-03	-5.814200e+00
1.142000e-05	-1.014479e-02	-5.523463e+00
1.143000e-05	-8.883754e-03	-5.237303e+00
1.144000e-05	-5.881550e-03	-4.929938e+00
1.145000e-05	-5.777147e-03	-4.526774e+00
1.146000e-05	-6.772792e-03	-4.354195e+00
1.147000e-05	-9.787179e-03	-4.071538e+00
1.148000e-05	-7.445344e-03	-3.855750e+00
1.149000e-05	-7.185462e-03	-3.573611e+00
1.150000e-05	-7.923242e-03	-3.278909e+00
1.151000e-05	-6.359651e-03	-2.973093e+00
1.152000e-05	-2.555718e-03	-2.699462e+00
1.153000e-05	-1.638261e-03	-2.387926e+00
1.154000e-05	-5.269616e-03	-2.090508e+00
1.155000e-05	-7.984719e-03	-1.848828e+00
1.156000e-05	-7.529542e-03	-1.540645e+00
1.157000e-05	-5.292966e-03	-1.187324e+00
1.158000e-05	-4.202283e-03	-9.209907e-01
1.159000e-05	-4.515527e-03	-6.073024e-01
1.160000e-05	-1.354394e-05	-3.255932e-01
1.161000e-05	2.416489e-03	-6.098028e-02
1.162000e-05	8.805116e-03	2.438764e-01
1.163000e-05	-1.121182e-03	4.984080e-01
1.164000e-05	9.315396e-04	7.415662e-01
1.165000e-05	-1.901372e-03	1.086451e+00
1.166000e-05	2.553277e-03	1.340564e+00
1.167000e-05	7.904296e-04	1.664308e+00
1.168000e-05	8.455174e-03	1.928912e+00
1.169000e-05	3.645885e-02	2.149069e+00
1.170000e-05	7.970464e-02	2.468253e+00
1.171000e-05	-3.771722e-02	2.844302e+00
1.172000e-05	-5.264516e-02	3.085515e+00
1.173000e-05	-3.832096e-02	3.390590e+00
1.174000e-05	4.147309e-03	3.644157e+00
1.175000e-05	-4.497539e-02	3.874679e+00
1.176000e-05	-1.662011e-02	4.044728e+00
1.177000e-05	9.376555e-02	4.350595e+00
1.178000e-05	-5.549597e-02	4.673706e+00
1.179000e-05	1.069888e-01	4.957909e+00
1.180000e-05	-2.163002e-02	5.285809e+00
1.181000e-05	-5.798912e-02	5.547964e+00
1.182000e-05	5.274888e-02	5.822170e+00
1.183000e-05	-4.358802e-02	6.124210e+00
1.184000e-05	5.133408e-02	6.370485e+00
1.185000e-05	-3.765759e-02	6.624202e+00
1.186000e-05	2.055330e-02	6.875361e+00
1.187000e-05	4.458416e-02	7.158968e+00
1.188000e-05	-3.205911e-02	7.463648e+00
1.189000e-05	-2.638352e-03	7.747435e+00
1.190000e-05	-2.571364e-02	8.061598e+00
1.191000e-05	6.656659e-02	8.274758e+00
1.192000e-05	-1.072535e-02	8.547710e+00
1.193000e-05	-1.639725e-02	8.745335e+00
1.194000e-05	2.989852e-02	9.029965e+00
1.195000e-05	-1.456276e-02	9.230519e+00
1.196000e-05	3.067760e-02	9.441523e+00
1.197000e-05	-3.305082e-02	9.693730e+00
1.198000e-05	2.572194e-02	9.946208e+00
1.199000e-05	7.745805e-03	1.019633e+01
1.200000e-05	2.477044e-02	1.032734e+01
1.201000e-05	-6.445491e-03	1.057956e+01
1.202000e-05	-1.286041e-02	1.082990e+01
1.203000e-05	2.621209e-02	1.100894e+01
1.204000e-05	-7.860563e-04	1.120792e+01
1.205000e-05	1.472527e-02	1.146195e+01
1.206000e-05	-1.356759e-02	1.161147e+01
1.207000e-05	3.179962e-02	1.184155e+01
1.208000e-05	5.871396e-03	1.208299e+01
1.209000e-05	9.799227e-03	1.222840e+01
1.210000e-05	-8.490460e-03	1.239895e+01
1.211000e-05	1.404899e-02	1.262839e+01
1.212000e-05	1.980724e-02	1.276576e+01
1.213000e-05	2.908308e-03	1.291460e+01
1.214000e-05	6.896787e-03	1.311313e+01
1.215000e-05	7.540970e-03	1.326942e+01
1.216000e-05	2.470184e-02	1.338842e+01
1.217000e-05	8.127882e-04	1.357711e+01
1.218000e-05	5.814104e-03	1.371306e+01
1.219000e-05	6.820940e-03	1.388035e+01
1.220000e-05	2.157800e-02	1.394681e+01
1.221000e-05	9.971051e-03	1.411305e+01
1.222000e-05	5.251032e-03	1.435297e+01
1.223000e-05	1.341485e-02	1.442724e+01
1.224000e-05	1.639708e-02	1.451413e+01
1.225000e-05	1.374144e-02	1.461929e+01
1.226000e-05	3.791863e-03	1.476560e+01
1.227000e-05	1.397999e-02	1.485730e+01
1.228000e-05	1.754934e-02	1.492005e+01
1.229000e-05	1.721653e-02	1.496566e+01
1.230000e-05	8.538031e-03	1.505900e+01
1.231000e-05	1.221283e-02	1.518258e+01
1.232000e-05	1.920183e-02	1.521469e+01
1.233000e-05	1.654381e-02	1.527137e+01
1.234000e-05	1.285618e-02	1.533453e+01
1.235000e-05	1.193860e-02	1.542661e+01
1.236000e-05	2.119411e-02	1.544679e+01
1.237000e-05	1.939480e-02	1.549947e+01
1.238000e-05	1.412455e-02	1.551253e+01
1.239000e-05	1.548954e-02	1.555164e+01
1.240000e-05	2.169215e-02	1.561566e+01
1.241000e-05	2.399585e-02	1.560316e+01
1.242000e-05	1.751481e-02	1.562676e+01
1.243000e-05	1.925403e-02	1.560629e+01
1.244000e-05	2.255894e-02	1.561729e+01
1.245000e-05	2.662894e-02	1.562527e+01
1.246000e-05	2.176626e-02	1.562626e+01
1.247000e-05	2.276564e-02	1.563271e+01
1.248000e-05	2.886513e-02	1.560511e+01
1.249000e-05	3.229217e-02	1.557261e+01
1.250000e-05	2.988508e-02	1.551103e+01
1.251000e-05	2.755442e-02	1.547882e+01
1.252000e-05	3.396926e-02	1.546677e+01
1.253000e-05	3.603602e-02	1.543616e+01
1.254000e-05	3.647242e-02	1.535198e+01
1.255000e-05	3.472324e-02	1.531935e+01
1.256000e-05	4.085582e-02	1.526521e+01
1.257000e-05	4.444642e-02	1.516150e+01
1.258000e-05	4.562042e-02	1.509840e+01
1.259000e-05	4.546048e-02	1.501511e+01
1.260000e-05	5.003547e-02	1.494895e+01
1.261000e-05	5.691763e-02	1.484621e+01
1.262000e-05	5.712683e-02	1.472043e+01
1.263000e-05	5.825109e-02	1.466716e+01
1.264000e-05	5.948754e-02	1.453093e+01
1.265000e-05	6.535417e-02	1.438354e+01
1.266000e-05	6.323658e-02	1.431835e+01
1.267000e-05	6.202560e-02	1.419204e+01
1.268000e-05	5.990950e-02	1.402514e+01
1.269000e-05	6.283169e-02	1.388882e+01
1.270000e-05	6.059614e-02	1.378943e+01
1.271000e-05	5.406327e-02	1.355264e+01
1.272000e-05	5.287289e-02	1.344682e+01
1.273000e-05	5.118249e-02	1.329832e+01
1.274000e-05	5.059103e-02	1.317996e+01
1.275000e-05	4.275405e-02	1.300348e+01
1.276000e-05	4.052804e-02	1.283471e+01
1.277000e-05	3.875292e-02	1.261777e+01
1.278000e-05	3.575901e-02	1.249735e+01
1.279000e-05	3.065362e-02	1.226935e+01
1.280000e-05	2.796241e-02	1.214890e+01
1.281000e-05	2.812618e-02	1.190248e+01
1.282000e-05	2.866485e-02	1.171940e+01
1.283000e-05	2.448926e-02	1.150135e+01
1.284000e-05	2.094995e-02	1.133032e+01
1.285000e-05	2.044366e-02	1.111993e+01
1.286000e-05	1.714683e-02	1.091981e+01
1.287000e-05	1.566984e-02	1.068727e+01
1.288000e-05	1.249786e-02	1.049827e+01
1.289000e-05	1.493451e-02	1.026935e+01
1.290000e-05	1.355774e-02	1.004464e+01
1.291000e-05	1.354116e-02	9.794513e+00
1.292000e-05	8.556952e-03	9.531481e+00
1.293000e-05	9.778138e-03	9.341987e+00
1.294000e-05	7.849436e-03	9.088802e+00
1.295000e-05	6.499809e-03	8.877268e+00
1.296000e-05	3.621320e-03	8.635293e+00
1.297000e-05	4.808105e-03	8.384663e+00
1.298000e-05	6.276716e-03	8.110005e+00
1.299000e-05	5.124937e-03	7.847850e+00
1.300000e-05	3.174438e-03	7.635719e+00
1.301000e-05	2.670911e-03	7.361531e+00
1.302000e-05	3.334947e-03	7.047774e+00
1.303000e-05	2.202628e-03	6.857271e+00
1.304000e-05	6.298185e-04	6.543114e+00
1.305000e-05	-3.217306e-04	6.279404e+00
1.306000e-05	2.209448e-04	6.019326e+00
1.307000e-05	6.989096e-04	5.815067e+00
1.308000e-05	1.099199e-04	5.499930e+00
1.309000e-05	-1.027994e-03	5.203622e+00
1.310000e-05	-3.268350e-04	4.866795e+00
1.311000e-05	-8.607108e-04	4.564664e+00
1.312000e-05	-1.711072e-03	4.309958e+00
1.313000e-05	-2.784596e-03	3.995695e+00
1.314000e-05	-2.437098e-03	3.742584e+00
1.315000e-05	-2.447925e-03	3.489809e+00
1.316000e-05	-2.866040e-03	3.203193e+00
1.317000e-05	-3.691544e-03	2.902509e+00
1.318000e-05	-3.505108e-03	2.635773e+00
1.319000e-05	-3.531520e-03	2.322034e+00
1.320000e-05	-3.740158e-03	1.999450e+00
1.321000e-05	-3.747003e-03	1.773193e+00
1.322000e-05	-4.474626e-03	1.450958e+00
1.323000e-05	-3.501110e-03	1.144643e+00
1.324000e-05	-3.766922e-03	7.767736e-01
1.325000e-05	-4.065888e-03	5.341156e-01
1.326000e-05	-4.684536e-03	2.610076e-01
1.327000e-05	-1.300252e-03	-5.528059e-02
1.328000e-05	5.756758e-03	-3.164384e-01
1.329000e-05	-3.106696e-03	-5.205961e-01
1.330000e-05	-6.958301e-04	-8.636794e-01
1.331000e-05	-7.150125e-03	-1.118445e+00
1.332000e-05	-4.692690e-04	-1.411803e+00
1.333000e-05	-2.550817e-03	-1.704862e+00
1.334000e-05	2.095429e-02	-1.927418e+00
1.335000e-05	7.330173e-02	-2.129032e+00
1.336000e-05	5.842676e-03	-2.497966e+00
1.337000e-05	-7.672631e-02	-2.928457e+00
1.338000e-05	-3.391363e-02	-3.242733e+00
1.339000e-05	-3.380920e-02	-3.475285e+00
1.340000e-05	-3.888380e-02	-3.756387e+00
1.341000e-05	1.839302e-02	-3.968495e+00
1.342000e-05	8.192594e-02	-4.127941e+00
1.343000e-05	-1.475514e-01	-4.452175e+00
1.344000e-05	1.862168e-01	-4.714338e+00
1.345000e-05	-1.072219e-01	-4.992194e+00
1.346000e-05	-1.452514e-03	-5.366366e+00
1.347000e-05	9.312033e-03	-5.570591e+00
1.348000e-05	-1.249056e-01	-5.895361e+00
1.349000e-05	1.586566e-01	-6.176335e+00
1.350000e-05	-1.209625e-01	-6.473175e+00
1.351000e-05	7.251165e-02	-6.684237e+00
1.352000e-05	-8.968117e-03	-6.976888e+00
1.353000e-05	-5.217129e-02	-7.304729e+00
1.354000e-05	5.113414e-02	-7.495230e+00
1.355000e-05	-1.120095e-01	-7.812121e+00
1.356000e-05	9.228007e-02	-8.092226e+00
1.357000e-05	-6.075399e-02	-8.305783e+00
1.358000e-05	2.915802e-02	-8.609871e+00
1.359000e-05	6.008236e-03	-8.800565e+00
1.360000e-05	-7.116473e-02	-9.044157e+00
1.361000e-05	5.991894e-02	-9.292652e+00
1.362000e-05	-8.599308e-02	-9.545913e+00
1.363000e-05	6.538814e-02	-9.777865e+00
1.364000e-05	-6.715791e-02	-9.976936e+00
1.365000e-05	4.553884e-02	-1.024888e+01
1.366000e-05	-3.400300e-02	-1.041947e+01
1.367000e-05	-8.889486e-03	-1.068158e+01
1.368000e-05	-1.038199e-02	-1.084942e+01
1.369000e-05	-2.999160e-02	-1.111158e+01
1.370000e-05	2.199229e-02	-1.132210e+01
1.371000e-05	-4.168836e-02	-1.149223e+01
1.372000e-05	2.580893e-02	-1.172218e+01
1.373000e-05	-4.276970e-02	-1.193265e+01
1.374000e-05	2.005264e-02	-1.215516e+01
1.375000e-05	-4.587575e-02	-1.229213e+01
1.376000e-05	7.535587e-03	-1.249162e+01
1.377000e-05	-2.948747e-02	-1.266295e+01
1.378000e-05	1.763639e-03	-1.282892e+01
1.379000e-05	-1.874780e-02	-1.298682e+01
1.380000e-05	-1.251351e-02	-1.314528e+01
1.381000e-05	-8.334910e-03	-1.331303e+01
1.382000e-05	-2.195801e-02	-1.345897e+01
1.383000e-05	-6.202759e-03	-1.361576e+01
1.384000e-05	-2.859843e-02	-1.378638e+01
1.385000e-05	-2.454720e-03	-1.392100e+01
1.386000e-05	-2.476021e-02	-1.405787e+01
1.387000e-05	-5.197716e-03	-1.420671e+01
1.388000e-05	-2.438730e-02	-1.432113e+01
1.389000e-05	-9.930423e-03	-1.445884e+01
1.390000e-05	-2.216592e-02	-1.455258e+01
1.391000e-05	-1.364536e-02	-1.466040e+01
1.392000e-05	-2.196295e-02	-1.478263e+01
1.393000e-05	-1.537173e-02	-1.483735e+01
1.394000e-05	-1.861264e-02	-1.495358e+01
1.395000e-05	-1.775671e-02	-1.501682e+01
1.396000e-05	-2.074273e-02	-1.510005e+01
1.397000e-05	-2.145296e-02	-1.516466e+01
1.398000e-05	-1.953659e-02	-1.523729e+01
1.399000e-05	-2.197422e-02	-1.529153e+01
1.400000e-05	-2.003216e-02	-1.536363e+01
1.401000e-05	-2.452565e-02	-1.540784e+01
1.402000e-05	-1.809976e-02	-1.547047e+01
1.403000e-05	-2.569298e-02	-1.553100e+01
1.404000e-05	-2.085039e-02	-1.555308e+01
1.405000e-05	-2.753700e-02	-1.558308e+01
1.406000e-05	-2.207486e-02	-1.560521e+01
1.407000e-05	-2.647881e-02	-1.562509e+01
1.408000e-05	-2.753563e-02	-1.564674e+01
1.409000e-05	-2.978150e-02	-1.561424e+01
1.410000e-05	-2.918541e-02	-1.564727e+01
1.411000e-05	-2.815449e-02	-1.565724e+01
1.412000e-05	-3.143490e-02	-1.564524e+01
1.413000e-05	-3.186296e-02	-1.562419e+01
1.414000e-05	-3.329421e-02	-1.559311e+01
1.415000e-05	-3.424235e-02	-1.558451e+01
1.416000e-05	-3.735655e-02	-1.554301e+01
1.417000e-05	-3.947690e-02	-1.546992e+01
1.418000e-05	-4.024286e-02	-1.547635e+01
1.419000e-05	-3.981480e-02	-1.542512e+01
1.420000e-05	-4.288419e-02	-1.537198e+01
1.421000e-05	-4.417993e-02	-1.526675e+01
1.422000e-05	-4.722052e-02	-1.522467e+01
1.423000e-05	-4.779407e-02	-1.516161e+01
1.424000e-05	-5.218565e-02	-1.509880e+01
1.425000e-05	-5.681608e-02	-1.502414e+01
1.426000e-05	-5.788057e-02	-1.493840e+01
1.427000e-05	-6.033327e-02	-1.482519e+01
1.428000e-05	-6.351571e-02	-1.475141e+01
1.429000e-05	-6.754916e-02	-1.464472e+01
1.430000e-05	-6.866677e-02	-1.453040e+01
1.431000e-05	-6.832578e-02	-1.443214e+01
1.432000e-05	-6.874006e-02	-1.428872e+01
1.433000e-05	-7.063510e-02	-1.416051e+01
1.434000e-05	-6.953752e-02	-1.407614e+01
1.435000e-05	-6.722288e-02	-1.389933e+01
1.436000e-05	-6.577414e-02	-1.373846e+01
1.437000e-05	-6.385079e-02	-1.362411e+01
1.438000e-05	-6.194378e-02	-1.347512e+01
1.439000e-05	-5.718179e-02	-1.323838e+01
1.440000e-05	-5.393157e-02	-1.313193e+01
1.441000e-05	-5.189263e-02	-1.301461e+01
1.442000e-05	-4.753005e-02	-1.284512e+01
1.443000e-05	-4.418800e-02	-1.265672e+01
1.444000e-05	-4.238500e-02	-1.252838e+01
1.445000e-05	-4.089664e-02	-1.229993e+01
1.446000e-05	-3.853659e-02	-1.213931e+01
1.447000e-05	-3.592236e-02	-1.193933e+01
1.448000e-05	-3.388066e-02	-1.171788e+01
1.449000e-05	-3.160311e-02	-1.151793e+01
1.450000e-05	-2.946509e-02	-1.126325e+01
1.451000e-05	-2.701705e-02	-1.105872e+01
1.452000e-05	-2.556218e-02	-1.085685e+01
1.453000e-05	-2.381410e-02	-1.067782e+01
1.454000e-05	-2.343693e-02	-1.046617e+01
1.455000e-05	-2.205325e-02	-1.025470e+01
1.456000e-05	-1.971674e-02	-9.983066e+00
1.457000e-05	-1.892910e-02	-9.752140e+00
1.458000e-05	-1.956677e-02	-9.562036e+00
1.459000e-05	-1.859468e-02	-9.328958e+00
1.460000e-05	-1.691202e-02	-9.088855e+00
1.461000e-05	-1.325376e-02	-8.846252e+00
1.462000e-05	-1.432304e-02	-8.615094e+00
1.463000e-05	-1.405346e-02	-8.332064e+00
1.464000e-05	-1.426179e-02	-8.119963e+00
1.465000e-05	-1.178571e-02	-7.855202e+00
1.466000e-05	-1.354029e-02	-7.542092e+00
1.467000e-05	-1.266140e-02	-7.319908e+00
1.468000e-05	-1.137061e-02	-7.027750e+00
1.469000e-05	-9.076499e-03	-6.793541e+00
1.470000e-05	-8.656680e-03	-6.540936e+00
1.471000e-05	-8.538159e-03	-6.277776e+00
1.472000e-05	-9.880431e-03	-5.984241e+00
1.473000e-05	-9.060521e-03	-5.730459e+00
1.474000e-05	-9.303435e-03	-5.435727e+00
1.475000e-05	-7.935992e-03	-5.132010e+00
1.476000e-05	-7.640420e-03	-4.824722e+00
1.477000e-05	-6.461398e-03	-4.521010e+00
1.478000e-05	-7.424481e-03	-4.290909e+00
1.479000e-05	-7.582789e-03	-3.996730e+00
1.480000e-05	-8.635738e-03	-3.702962e+00
1.481000e-05	-6.100128e-03	-3.469379e+00
1.482000e-05	-6.739976e-03	-3.194219e+00
1.483000e-05	-5.078756e-03	-2.840431e+00
1.484000e-05	-5.416898e-03	-2.594197e+00
1.485000e-05	-3.571337e-03	-2.321615e+00
1.486000e-05	-5.427239e-03	-2.017847e+00
1.487000e-05	-6.078829e-03	-1.764140e+00
1.488000e-05	-7.331420e-03	-1.499383e+00
1.489000e-05	-5.845068e-03	-1.091539e+00
1.490000e-05	-3.473174e-03	-8.474076e-01
1.491000e-05	-2.336613e-03	-5.335382e-01
1.492000e-05	-2.251237e-03	-2.503327e-01
1.493000e-05	1.725941e-03	3.365137e-02
1.494000e-05	1.030120e-02	3.190197e-01
1.495000e-05	-3.015182e-03	6.015500e-01
1.496000e-05	3.135045e-03	8.552988e-01
1.497000e-05	-4.004929e-03	1.172045e+00
1.498000e-05	4.019688e-03	1.445800e+00
1.499000e-05	7.865285e-04	1.740572e+00
1.500000e-05	1.861110e-02	1.979068e+00
1.501000e-05	4.824976e-02	2.214749e+00
1.502000e-05	6.286126e-02	2.561245e+00
1.503000e-05	-7.257033e-02	2.938463e+00
1.504000e-05	-4.015670e-02	3.190601e+00
1.505000e-05	-2.724286e-02	3.455883e+00
1.506000e-05	3.958366e-03	3.737913e+00
1.507000e-05	-5.376871e-02	3.928363e+00
1.508000e-05	1.915642e-02	4.141515e+00
1.509000e-05	7.443707e-02	4.476383e+00
1.510000e-05	-6.182532e-02	4.756335e+00
1.511000e-05	1.451962e-01	5.033224e+00
1.512000e-05	-1.024156e-01	5.411020e+00
1.513000e-05	1.374380e-02	5.622699e+00
1.514000e-05	1.698433e-02	5.938463e+00
1.515000e-05	-2.542660e-02	6.188991e+00
1.516000e-05	4.831680e-02	6.442676e+00
1.517000e-05	-5.484672e-02	6.768489e+00
1.518000e-05	6.225167e-02	7.001519e+00
1.519000e-05	-2.292936e-03	7.274776e+00
1.520000e-05	-1.017747e-02	7.558940e+00
1.521000e-05	-2.144314e-02	7.843597e+00
1.522000e-05	7.517685e-03	8.125461e+00
1.523000e-05	5.171970e-02	8.377413e+00
1.524000e-05	-2.837348e-02	8.568415e+00
1.525000e-05	1.136000e-02	8.801045e+00
1.526000e-05	1.141565e-02	9.062527e+00
1.527000e-05	1.059126e-05	9.293678e+00
1.528000e-05	1.267975e-02	9.515209e+00
1.529000e-05	-2.016617e-02	9.779369e+00
1.530000e-05	2.499980e-02	1.000801e+01
1.531000e-05	9.759478e-03	1.019952e+01
1.532000e-05	2.159447e-02	1.046292e+01
1.533000e-05	-1.570066e-02	1.067165e+01
1.534000e-05	2.818022e-03	1.089463e+01
1.535000e-05	1.869785e-02	1.107197e+01
1.536000e-05	3.583730e-03	1.130503e+01
1.537000e-05	6.110955e-03	1.152263e+01
1.538000e-05	1.502298e-04	1.172373e+01
1.539000e-05	2.775802e-02	1.193378e+01
1.540000e-05	5.257724e-03	1.211408e+01
1.541000e-05	2.898066e-03	1.232365e+01
1.542000e-05	-2.755171e-03	1.249312e+01
1.543000e-05	1.665883e-02	1.265052e+01
1.544000e-05	1.412853e-02	1.280834e+01
1.545000e-05	4.369849e-03	1.300676e+01
1.546000e-05	8.203103e-03	1.315565e+01
1.547000e-05	1.554261e-02	1.331565e+01
1.548000e-05	1.620088e-02	1.344997e+01
1.549000e-05	2.051275e-03	1.363686e+01
1.550000e-05	4.393105e-03	1.378423e+01
1.551000e-05	1.362283e-02	1.390152e+01
1.552000e-05	1.614883e-02	1.409934e+01
1.553000e-05	9.643932e-03	1.422620e+01
1.554000e-05	6.850165e-03	1.435303e+01
1.555000e-05	1.666850e-02	1.446939e+01
1.556000e-05	1.518282e-02	1.457666e+01
1.557000e-05	9.797985e-03	1.468995e+01
1.558000e-05	7.531592e-03	1.476429e+01
1.559000e-05	1.409249e-02	1.485039e+01
1.560000e-05	1.931015e-02	1.496358e+01
1.561000e-05	1.118943e-02	1.499677e+01
1.562000e-05	1.231045e-02	1.506108e+01
1.563000e-05	1.321110e-02	1.516261e+01
1.564000e-05	2.035576e-02	1.524736e+01
1.565000e-05	1.297008e-02	1.530995e+01
1.566000e-05	1.341111e-02	1.535413e+01
1.567000e-05	1.630287e-02	1.541919e+01
1.568000e-05	2.109060e-02	1.547832e+01
1.569000e-05	1.826937e-02	1.545882e+01
1.570000e-05	1.244915e-02	1.553201e+01
1.571000e-05	2.025115e-02	1.558216e+01
1.572000e-05	2.095027e-02	1.559361e+01
1.573000e-05	2.312309e-02	1.558526e+01
1.574000e-05	1.624170e-02	1.562672e+01
1.575000e-05	2.175176e-02	1.562724e+01
1.576000e-05	2.533960e-02	1.564581e+01
1.577000e-05	2.474894e-02	1.564421e+01
1.578000e-05	2.211085e-02	1.563566e+01
1.579000e-05	2.425943e-02	1.561611e+01
1.580000e-05	3.162278e-02	1.559316e+01
1.581000e-05	3.044699e-02	1.555155e+01
1.582000e-05	2.965127e-02	1.551088e+01
1.583000e-05	2.959263e-02	1.546820e+01
1.584000e-05	3.594811e-02	1.546622e+01
1.585000e-05	3.597871e-02	1.540356e+01
1.586000e-05	3.530065e-02	1.534946e+01
1.587000e-05	3.740730e-02	1.526780e+01
1.588000e-05	4.214547e-02	1.523561e+01
1.589000e-05	4.458448e-02	1.513945e+01
1.590000e-05	4.363957e-02	1.505729e+01
1.591000e-05	4.735656e-02	1.498211e+01
1.592000e-05	5.394687e-02	1.488889e+01
1.593000e-05	5.786395e-02	1.478558e+01
1.594000e-05	5.705316e-02	1.470845e+01
1.595000e-05	5.894554e-02	1.461461e+01
1.596000e-05	6.276914e-02	1.450837e+01
1.597000e-05	6.431203e-02	1.442201e+01
1.598000e-05	6.301813e-02	1.428624e+01
1.599000e-05	6.100144e-02	1.414988e+01
1.600000e-05	6.301737e-02	1.400555e+01
1.601000e-05	6.150785e-02	1.384622e+01
1.602000e-05	5.794996e-02	1.371882e+01
1.603000e-05	5.426444e-02	1.352245e+01
1.604000e-05	5.339694e-02	1.340312e+01
1.605000e-05	5.114361e-02	1.327727e+01
1.606000e-05	4.556744e-02	1.309837e+01
1.607000e-05	4.218362e-02	1.295135e+01
1.608000e-05	3.982048e-02	1.274148e+01
1.609000e-05	3.885549e-02	1.258512e+01
1.610000e-05	3.353274e-02	1.244669e+01
1.611000e-05	3.057343e-02	1.223617e+01
1.612000e-05	2.882868e-02	1.205670e+01
1.613000e-05	2.830074e-02	1.185682e+01
1.614000e-05	2.481249e-02	1.168822e+01
1.615000e-05	2.131725e-02	1.146320e+01
1.616000e-05	2.124134e-02	1.120667e+01
1.617000e-05	1.995225e-02	1.103572e+01
1.618000e-05	1.851253e-02	1.082568e+01
1.619000e-05	1.398681e-02	1.062709e+01
1.620000e-05	1.399409e-02	1.038359e+01
1.621000e-05	1.391327e-02	1.015454e+01
1.622000e-05	1.253549e-02	9.922533e+00
1.623000e-05	9.313005e-03	9.730381e+00
1.624000e-05	8.995232e-03	9.438352e+00
1.625000e-05	9.486018e-03	9.285327e+00
1.626000e-05	8.237193e-03	8.995095e+00
1.627000e-05	6.338283e-03	8.782537e+00
1.628000e-05	4.563583e-03	8.543086e+00
1.629000e-05	5.788775e-03	8.328982e+00
1.630000e-05	4.960196e-03	8.058348e+00
1.631000e-05	3.357151e-03	7.803690e+00
1.632000e-05	2.143167e-03	7.550927e+00
1.633000e-05	2.411644e-03	7.197798e+00
1.634000e-05	3.162256e-03	7.005669e+00
1.635000e-05	1.886386e-03	6.750989e+00
1.636000e-05	9.208203e-04	6.507903e+00
1.637000e-05	1.173044e-03	6.206219e+00
1.638000e-05	1.739660e-03	5.971565e+00
1.639000e-05	-7.392683e-06	5.729754e+00
1.640000e-05	-1.543784e-03	5.416245e+00
1.641000e-05	-7.574907e-04	5.108878e+00
1.642000e-05	-1.311685e-04	4.732588e+00
1.643000e-05	-1.265310e-03	4.490555e+00
1.644000e-05	-3.017882e-03	4.226694e+00
1.645000e-05	-1.536492e-03	3.912435e+00
1.646000e-05	-1.180825e-03	3.638378e+00
1.647000e-05	-1.477717e-03	3.394584e+00
1.648000e-05	-4.682442e-03	3.090384e+00
1.649000e-05	-4.079856e-03	2.827851e+00
1.650000e-05	-2.467122e-03	2.520557e+00
1.651000e-05	-3.374867e-03	2.217776e+00
1.652000e-05	-5.225124e-03	1.974772e+00
1.653000e-05	-4.358293e-03	1.670430e+00
1.654000e-05	-2.702245e-03	1.375747e+00
1.655000e-05	-4.002153e-03	1.068799e+00
1.656000e-05	-5.820336e-03	7.521419e-01
1.657000e-05	-5.853687e-03	4.604801e-01
1.658000e-05	-2.382130e-03	1.735719e-01
1.659000e-05	9.480251e-06	-1.280172e-01
1.660000e-05	6.365335e-03	-3.905502e-01
1.661000e-05	-7.746535e-03	-7.068595e-01
1.662000e-05	1.934763e-03	-9.584661e-01
1.663000e-05	-6.196711e-03	-1.220648e+00
1.664000e-05	-5.615671e-04	-1.508987e+00
1.665000e-05	-1.580904e-03	-1.748994e+00
1.666000e-05	3.805870e-02	-1.991049e+00
1.667000e-05	9.067420e-02	-2.244307e+00
1.668000e-05	-6.243561e-02	-2.654828e+00
1.669000e-05	-5.098497e-02	-3.052771e+00
1.670000e-05	-4.263572e-02	-3.296941e+00
1.671000e-05	-1.732729e-02	-3.578994e+00
1.672000e-05	-5.701755e-02	-3.822148e+00
1.673000e-05	9.399926e-02	-4.060100e+00
1.674000e-05	-1.933836e-02	-4.264228e+00
1.675000e-05	-4.825907e-02	-4.546860e+00
1.676000e-05	1.513639e-01	-4.778565e+00
1.677000e-05	-1.733813e-01	-5.106912e+00
1.678000e-05	9.502107e-02	-5.420551e+00
1.679000e-05	-9.908321e-02	-5.685331e+00
1.680000e-05	-4.400896e-03	-5.989045e+00
1.681000e-05	8.887067e-02	-6.221622e+00
1.682000e-05	-1.170492e-01	-6.528464e+00
1.683000e-05	1.213322e-01	-6.808438e+00
1.684000e-05	-8.878873e-02	-7.044381e+00
1.685000e-05	2.521493e-02	-7.396863e+00
1.686000e-05	-1.762283e-02	-7.579470e+00
1.687000e-05	-5.850484e-02	-7.906408e+00
1.688000e-05	8.451531e-02	-8.146811e+00
1.689000e-05	-9.507474e-02	-8.379618e+00
1.690000e-05	8.400260e-02	-8.691502e+00
1.691000e-05	-7.147010e-02	-8.904757e+00
1.692000e-05	7.270303e-03	-9.146836e+00
1.693000e-05	9.898066e-04	-9.346262e+00
1.694000e-05	-4.480146e-02	-9.610594e+00
1.695000e-05	4.393342e-02	-9.819918e+00
1.696000e-05	-6.519158e-02	-1.005107e+01
1.697000e-05	6.168411e-02	-1.031355e+01
1.698000e-05	-7.027532e-02	-1.051521e+01
1.699000e-05	3.158403e-02	-1.072416e+01
1.700000e-05	-5.146800e-02	-1.092418e+01
1.701000e-05	1.345242e-02	-1.114426e+01
1.702000e-05	-1.864684e-02	-1.135623e+01
1.703000e-05	-9.831306e-03	-1.158579e+01
1.704000e-05	2.314446e-04	-1.177527e+01
1.705000e-05	-2.371878e-02	-1.200794e+01
1.706000e-05	7.960685e-03	-1.219737e+01
1.707000e-05	-4.157457e-02	-1.236576e+01
1.708000e-05	1.185866e-02	-1.255466e+01
1.709000e-05	-3.642039e-02	-1.274558e+01
1.710000e-05	1.324575e-02	-1.291065e+01
1.711000e-05	-3.387038e-02	-1.302147e+01
1.712000e-05	3.812583e-03	-1.320727e+01
1.713000e-05	-2.507451e-02	-1.335566e+01
1.714000e-05	-6.592796e-03	-1.354153e+01
1.715000e-05	-2.085438e-02	-1.367892e+01
1.716000e-05	-1.557086e-02	-1.382987e+01
1.717000e-05	-1.094342e-02	-1.394215e+01
1.718000e-05	-1.758730e-02	-1.408095e+01
1.719000e-05	-9.494424e-03	-1.425727e+01
1.720000e-05	-2.306052e-02	-1.437723e+01
1.721000e-05	-1.169543e-02	-1.447090e+01
1.722000e-05	-2.146646e-02	-1.455576e+01
1.723000e-05	-1.503995e-02	-1.473148e+01
1.724000e-05	-2.213261e-02	-1.478463e+01
1.725000e-05	-1.290286e-02	-1.484798e+01
1.726000e-05	-1.861174e-02	-1.494306e+01
1.727000e-05	-1.647171e-02	-1.506892e+01
1.728000e-05	-2.254318e-02	-1.515200e+01
1.729000e-05	-1.834902e-02	-1.517471e+01
1.730000e-05	-2.218481e-02	-1.523889e+01
1.731000e-05	-2.229347e-02	-1.532305e+01
1.732000e-05	-2.345532e-02	-1.535421e+01
1.733000e-05	-2.126713e-02	-1.542832e+01
1.734000e-05	-1.800432e-02	-1.549848e+01
1.735000e-05	-2.474529e-02	-1.555256e+01
1.736000e-05	-2.214865e-02	-1.553251e+01
1.737000e-05	-2.556402e-02	-1.557309e+01
1.738000e-05	-2.307902e-02	-1.561462e+01
1.739000e-05	-2.958429e-02	-1.562571e+01
1.740000e-05	-2.826491e-02	-1.564574e+01
1.741000e-05	-2.995225e-02	-1.567624e+01
1.742000e-05	-2.715382e-02	-1.565667e+01
1.743000e-05	-2.757122e-02	-1.563421e+01
1.744000e-05	-3.091821e-02	-1.560681e+01
1.745000e-05	-3.168488e-02	-1.561266e+01
1.746000e-05	-3.425585e-02	-1.555314e+01
1.747000e-05	-3.606541e-02	-1.559203e+01
1.748000e-05	-3.884060e-02	-1.551256e+01
1.749000e-05	-3.984766e-02	-1.549940e+01
1.750000e-05	-3.891715e-02	-1.540627e+01
1.751000e-05	-3.968118e-02	-1.542269e+01
1.752000e-05	-4.242131e-02	-1.532045e+01
1.753000e-05	-4.578793e-02	-1.527625e+01
1.754000e-05	-4.846732e-02	-1.519366e+01
1.755000e-05	-4.980501e-02	-1.515998e+01
1.756000e-05	-5.444450e-02	-1.505772e+01
1.757000e-05	-5.638724e-02	-1.498356e+01
1.758000e-05	-5.904169e-02	-1.489627e+01
1.759000e-05	-5.987326e-02	-1.479456e+01
1.760000e-05	-6.447161e-02	-1.470043e+01
1.761000e-05	-6.679668e-02	-1.461571e+01
1.762000e-05	-6.933989e-02	-1.448678e+01
1.763000e-05	-6.890312e-02	-1.437308e+01
1.764000e-05	-7.014180e-02	-1.424515e+01
1.765000e-05	-7.026552e-02	-1.413838e+01
1.766000e-05	-6.900743e-02	-1.399193e+01
1.767000e-05	-6.626942e-02	-1.386675e+01
1.768000e-05	-6.330872e-02	-1.369940e+01
1.769000e-05	-6.245658e-02	-1.355146e+01
1.770000e-05	-6.031897e-02	-1.341307e+01
1.771000e-05	-5.671219e-02	-1.326672e+01
1.772000e-05	-5.293558e-02	-1.309992e+01
1.773000e-05	-5.097535e-02	-1.295093e+01
1.774000e-05	-4.718464e-02	-1.277253e+01
1.775000e-05	-4.421118e-02	-1.259464e+01
1.776000e-05	-4.001422e-02	-1.243420e+01
1.777000e-05	-3.952101e-02	-1.227777e+01
1.778000e-05	-3.740212e-02	-1.211715e+01
1.779000e-05	-3.619164e-02	-1.186517e+01
1.780000e-05	-3.090397e-02	-1.164607e+01
1.781000e-05	-3.101316e-02	-1.140409e+01
1.782000e-05	-2.913722e-02	-1.120404e+01
1.783000e-05	-2.677464e-02	-1.098207e+01
1.784000e-05	-2.440413e-02	-1.077414e+01
1.785000e-05	-2.321972e-02	-1.060211e+01
1.786000e-05	-2.283855e-02	-1.039151e+01
1.787000e-05	-2.131874e-02	-1.014096e+01
1.788000e-05	-1.941993e-02	-9.919907e+00
1.789000e-05	-1.889632e-02	-9.699382e+00
1.790000e-05	-1.931031e-02	-9.486251e+00
1.791000e-05	-1.703140e-02	-9.266224e+00
1.792000e-05	-1.618936e-02	-9.006218e+00
1.793000e-05	-1.439765e-02	-8.771066e+00
1.794000e-05	-1.479696e-02	-8.549883e+00
1.795000e-05	-1.286213e-02	-8.297378e+00
1.796000e-05	-1.243683e-02	-8.046304e+00
1.797000e-05	-1.178979e-02	-7.761516e+00
1.798000e-05	-1.276537e-02	-7.449362e+00
1.799000e-05	-1.190346e-02	-7.236751e+00
1.800000e-05	-1.047067e-02	-6.942067e+00
1.801000e-05	-1.001418e-02	-6.709483e+00
1.802000e-05	-9.141163e-03	-6.435855e+00
1.803000e-05	-1.030297e-02	-6.173119e+00
1.804000e-05	-8.821593e-03	-5.940432e+00
1.805000e-05	-8.505122e-03	-5.577750e+00
1.806000e-05	-7.831800e-03	-5.329538e+00
1.807000e-05	-8.818202e-03	-5.046776e+00
1.808000e-05	-5.974777e-03	-4.708884e+00
1.809000e-05	-6.165762e-03	-4.459379e+00
1.810000e-05	-7.332264e-03	-4.228224e+00
1.811000e-05	-7.647542e-03	-3.941086e+00
1.812000e-05	-9.261909e-03	-3.616350e+00
1.813000e-05	-5.519263e-03	-3.385722e+00
1.814000e-05	-7.043123e-03	-3.097432e+00
1.815000e-05	-5.341895e-03	-2.785747e+00
1.816000e-05	-4.821008e-03	-2.522027e+00
1.817000e-05	-3.031857e-03	-2.217254e+00
1.818000e-05	-5.002651e-03	-1.913117e+00
1.819000e-05	-6.675104e-03	-1.669882e+00
1.820000e-05	-7.300591e-03	-1.352588e+00
1.821000e-05	-4.576198e-03	-1.007878e+00
1.822000e-05	-4.884969e-03	-7.332209e-01
1.823000e-05	-2.964946e-03	-4.059011e-01
1.824000e-05	-3.085973e-03	-1.742721e-01
1.825000e-05	5.684991e-03	7.998454e-02
1.826000e-05	7.820965e-03	3.931516e-01
1.827000e-05	-2.427834e-03	6.553307e-01
1.828000e-05	6.791424e-04	9.414899e-01
1.829000e-05	-1.562613e-03	1.263779e+00
1.830000e-05	3.668486e-03	1.499462e+00
1.831000e-05	1.899098e-03	1.853678e+00
1.832000e-05	2.596343e-02	2.033677e+00
1.833000e-05	6.493212e-02	2.348487e+00
1.834000e-05	2.298512e-02	2.717986e+00
1.835000e-05	-7.324034e-02	3.023673e+00
1.836000e-05	-4.079924e-02	3.276862e+00
1.837000e-05	-1.280096e-02	3.590542e+00
1.838000e-05	-1.246878e-02	3.802620e+00
1.839000e-05	-4.112472e-02	3.940471e+00
1.840000e-05	6.201052e-02	4.216249e+00
1.841000e-05	1.182182e-02	4.580566e+00
1.842000e-05	3.696124e-03	4.831042e+00
1.843000e-05	9.589747e-02	5.172590e+00
1.844000e-05	-1.171405e-01	5.473280e+00
1.845000e-05	5.602903e-02	5.698411e+00
1.846000e-05	-2.283253e-02	6.030594e+00
1.847000e-05	1.764173e-02	6.254706e+00
1.848000e-05	1.074111e-02	6.539436e+00
1.849000e-05	-3.418706e-02	6.802620e+00
1.850000e-05	7.462254e-02	7.064753e+00
1.851000e-05	-3.070501e-02	7.377390e+00
1.852000e-05	4.064864e-03	7.623153e+00
1.853000e-05	-3.656052e-02	7.959385e+00
1.854000e-05	4.678575e-02	8.230567e+00
1.855000e-05	2.414835e-02	8.422596e+00
1.856000e-05	-3.241611e-02	8.643176e+00
1.857000e-05	2.857509e-02	8.924128e+00
1.858000e-05	-8.161230e-03	9.157356e+00
1.859000e-05	2.381164e-02	9.378812e+00
1.860000e-05	-1.346265e-02	9.616539e+00
1.861000e-05	3.544327e-03	9.842622e+00
1.862000e-05	1.373573e-02	1.012515e+01
1.863000e-05	1.912534e-02	1.026413e+01
1.864000e-05	1.086011e-02	1.053518e+01
1.865000e-05	-2.049181e-02	1.075515e+01
1.866000e-05	1.906080e-02	1.096578e+01
1.867000e-05	7.807155e-03	1.116483e+01
1.868000e-05	1.366908e-02	1.133570e+01
1.869000e-05	-8.741379e-03	1.154829e+01
1.870000e-05	1.869387e-02	1.179886e+01
1.871000e-05	1.523878e-02	1.198733e+01
1.872000e-05	1.028061e-02	1.217623e+01
1.873000e-05	-6.152903e-03	1.235569e+01
1.874000e-05	5.544305e-03	1.255468e+01
1.875000e-05	1.792298e-02	1.270253e+01
1.876000e-05	9.050666e-03	1.285997e+01
1.877000e-05	6.479235e-03	1.305889e+01
1.878000e-05	4.187304e-03	1.319729e+01
1.879000e-05	2.349864e-02	1.338586e+01
1.880000e-05	8.146904e-03	1.351350e+01
1.881000e-05	5.495904e-03	1.369839e+01
1.882000e-05	1.350460e-03	1.379717e+01
1.883000e-05	1.849503e-02	1.395418e+01
1.884000e-05	1.233833e-02	1.409940e+01
1.885000e-05	7.796418e-03	1.425839e+01
1.886000e-05	8.935138e-03	1.439664e+01
1.887000e-05	1.684137e-02	1.448055e+01
1.888000e-05	1.690310e-02	1.462677e+01
1.889000e-05	6.292621e-03	1.472102e+01
1.890000e-05	1.023408e-02	1.480626e+01
1.891000e-05	1.345717e-02	1.487995e+01
1.892000e-05	2.023397e-02	1.495411e+01
1.893000e-05	8.663206e-03	1.506732e+01
1.894000e-05	1.288884e-02	1.513148e+01
1.895000e-05	1.602984e-02	1.519416e+01
1.896000e-05	1.857707e-02	1.523732e+01
1.897000e-05	1.286997e-02	1.534205e+01
1.898000e-05	1.203844e-02	1.540361e+01
1.899000e-05	1.906738e-02	1.546679e+01
1.900000e-05	1.994317e-02	1.548935e+01
1.901000e-05	1.687330e-02	1.555002e+01
1.902000e-05	1.221234e-02	1.551255e+01
1.903000e-05	2.112256e-02	1.559309e+01
1.904000e-05	2.225981e-02	1.559623e+01
1.905000e-05	2.081723e-02	1.560374e+01
1.906000e-05	1.696557e-02	1.565674e+01
1.907000e-05	2.238683e-02	1.567527e+01
1.908000e-05	2.706451e-02	1.563677e+01
1.909000e-05	2.384833e-02	1.564621e+01
1.910000e-05	2.336857e-02	1.562316e+01
1.911000e-05	2.502578e-02	1.558566e+01
1.912000e-05	3.241875e-02	1.561313e+01
1.913000e-05	2.915688e-02	1.553156e+01
1.914000e-05	2.780416e-02	1.550888e+01
1.915000e-05	3.129788e-02	1.545777e+01
1.916000e-05	3.623146e-02	1.540624e+01
1.917000e-05	3.760642e-02	1.539203e+01
1.918000e-05	3.545246e-02	1.533085e+01
1.919000e-05	4.010948e-02	1.525671e+01
1.920000e-05	4.310782e-02	1.517258e+01
1.921000e-05	4.463466e-02	1.511943e+01
1.922000e-05	4.391903e-02	1.503619e+01
1.923000e-05	4.985790e-02	1.494143e+01
1.924000e-05	5.686998e-02	1.485574e+01
1.925000e-05	5.635104e-02	1.480403e+01
1.926000e-05	5.824585e-02	1.465842e+01
1.927000e-05	5.875140e-02	1.460398e+01
1.928000e-05	6.529879e-02	1.447672e+01
1.929000e-05	6.280108e-02	1.435940e+01
1.930000e-05	6.331306e-02	1.424416e+01
1.931000e-05	6.103062e-02	1.408682e+01
1.932000e-05	6.374511e-02	1.393045e+01
1.933000e-05	5.943680e-02	1.381456e+01
1.934000e-05	5.590244e-02	1.363619e+01
1.935000e-05	5.265930e-02	1.349090e+01
1.936000e-05	5.343762e-02	1.337196e+01
1.937000e-05	4.991473e-02	1.323364e+01
1.938000e-05	4.416347e-02	1.304717e+01
1.939000e-05	4.207263e-02	1.285772e+01
1.940000e-05	4.025432e-02	1.271095e+01
1.941000e-05	3.780707e-02	1.254151e+01
1.942000e-05	3.255838e-02	1.239254e+01
1.943000e-05	2.964220e-02	1.220157e+01
1.944000e-05	2.846626e-02	1.201307e+01
1.945000e-05	2.732267e-02	1.180504e+01
1.946000e-05	2.367561e-02	1.161308e+01
1.947000e-05	2.141755e-02	1.139308e+01
1.948000e-05	2.079418e-02	1.115258e+01
1.949000e-05	1.961922e-02	1.096208e+01
1.950000e-05	1.691166e-02	1.076163e+01
1.951000e-05	1.390078e-02	1.056051e+01
1.952000e-05	1.364965e-02	1.031088e+01
1.953000e-05	1.368003e-02	1.010881e+01
1.954000e-05	1.148097e-02	9.859300e+00
1.955000e-05	9.111599e-03	9.633718e+00
1.956000e-05	9.298159e-03	9.395617e+00
1.957000e-05	9.381719e-03	9.193535e+00
1.958000e-05	8.051196e-03	8.942512e+00
1.959000e-05	5.810839e-03	8.708849e+00
1.960000e-05	4.906542e-03	8.469822e+00
1.961000e-05	5.068058e-03	8.245643e+00
1.962000e-05	5.012703e-03	7.932065e+00
1.963000e-05	2.767977e-03	7.732431e+00
1.964000e-05	3.591486e-03	7.445174e+00
1.965000e-05	2.532805e-03	7.173037e+00
1.966000e-05	3.193082e-03	6.890009e+00
1.967000e-05	1.431660e-03	6.634748e+00
1.968000e-05	9.035369e-04	6.405165e+00
1.969000e-05	1.600461e-03	6.093562e+00
1.970000e-05	9.286163e-04	5.847378e+00
1.971000e-05	-6.471786e-04	5.594665e+00
1.972000e-05	-1.209243e-03	5.338857e+00
1.973000e-05	-6.065646e-04	4.973539e+00
1.974000e-05	-9.868927e-04	4.648829e+00
1.975000e-05	-1.328758e-03	4.416745e+00
1.976000e-05	-2.694483e-03	4.079930e+00
1.977000e-05	-1.154904e-03	3.826745e+00
1.978000e-05	-1.339260e-03	3.603670e+00
1.979000e-05	-3.054856e-03	3.259001e+00
1.980000e-05	-3.975356e-03	2.974196e+00
1.981000e-05	-3.554745e-03	2.752563e+00
1.982000e-05	-3.820866e-03	2.406799e+00
1.983000e-05	-3.951844e-03	2.143566e+00
1.984000e-05	-4.700950e-03	1.860838e+00
1.985000e-05	-4.273586e-03	1.586596e+00
1.986000e-05	-3.397209e-03	1.229030e+00
1.987000e-05	-3.683164e-03	9.615156e-01
1.988000e-05	-4.363139e-03	6.579000e-01
1.989000e-05	-3.754910e-03	3.643759e-01
1.990000e-05	-2.320260e-03	4.095414e-02
1.991000e-05	2.451536e-03	-2.026303e-01
1.992000e-05	3.182241e-03	-4.762543e-01
1.993000e-05	-4.910285e-03	-7.515178e-01
1.994000e-05	-2.463167e-03	-1.023650e+00
1.995000e-05	-4.123765e-03	-1.295562e+00
1.996000e-05	-1.810830e-03	-1.602949e+00
1.997000e-05	6.500292e-03	-1.832677e+00
1.998000e-05	5.221633e-02	-2.054175e+00
1.999000e-05	7.347110e-02	-2.392073e+00
2.000000e-05	-9.214815e-02	-2.730991e+00
2.001000e-05	-3.448164e-02	-3.160967e+00
2.002000e-05	-4.795560e-02	-3.392627e+00
2.003000e-05	-1.964942e-02	-3.612605e+00
2.004000e-05	-4.543392e-02	-3.875783e+00
2.005000e-05	1.306926e-01	-4.115207e+00
2.006000e-05	-1.194970e-01	-4.320015e+00
2.007000e-05	9.836051e-02	-4.621703e+00
2.008000e-05	4.544099e-02	-4.885327e+00
2.009000e-05	-1.323907e-01	-5.231152e+00
2.010000e-05	1.030949e-01	-5.465356e+00
2.011000e-05	-1.644391e-01	-5.812119e+00
2.012000e-05	1.214987e-01	-6.072175e+00
2.013000e-05	-2.608162e-02	-6.286234e+00
2.014000e-05	-3.695790e-02	-6.633102e+00
2.015000e-05	8.808050e-02	-6.881148e+00
2.016000e-05	-1.117605e-01	-7.151592e+00
2.017000e-05	7.067488e-02	-7.451577e+00
2.018000e-05	-8.937851e-02	-7.684282e+00
2.019000e-05	2.883696e-02	-8.009593e+00
2.020000e-05	2.489808e-02	-8.232522e+00
2.021000e-05	-5.764886e-02	-8.495258e+00
2.022000e-05	7.820870e-02	-8.713807e+00
2.023000e-05	-1.114908e-01	-8.990445e+00
2.024000e-05	6.290927e-02	-9.209440e+00
2.025000e-05	-6.224563e-02	-9.439500e+00
2.026000e-05	2.538199e-02	-9.682731e+00
2.027000e-05	-1.246781e-02	-9.852176e+00
2.028000e-05	-1.870174e-02	-1.014571e+01
2.029000e-05	2.981329e-02	-1.032626e+01
2.030000e-05	-6.177756e-02	-1.056992e+01
2.031000e-05	3.179881e-02	-1.078731e+01
2.032000e-05	-6.515554e-02	-1.096792e+01
2.033000e-05	4.013421e-02	-1.123791e+01
2.034000e-05	-4.610409e-02	-1.141086e+01
2.035000e-05	2.136854e-02	-1.162947e+01
2.036000e-05	-3.051268e-02	-1.187997e+01
2.037000e-05	4.052635e-03	-1.203155e+01
2.038000e-05	-2.278938e-02	-1.224994e+01
2.039000e-05	-2.016679e-02	-1.243844e+01
2.040000e-05	-3.731076e-03	-1.259826e+01
2.041000e-05	-2.172081e-02	-1.277584e+01
2.042000e-05	6.389852e-03	-1.297571e+01
2.043000e-05	-3.280351e-02	-1.311213e+01
2.044000e-05	7.032549e-03	-1.327945e+01
2.045000e-05	-3.270170e-02	-1.343787e+01
2.046000e-05	7.528444e-04	-1.356374e+01
2.047000e-05	-3.145188e-02	-1.368213e+01
2.048000e-05	-3.829189e-03	-1.386950e+01
2.049000e-05	-2.021451e-02	-1.398526e+01
2.050000e-05	-9.669115e-03	-1.413313e+01
2.051000e-05	-1.924647e-02	-1.425790e+01
2.052000e-05	-1.616419e-02	-1.438686e+01
2.053000e-05	-1.517071e-02	-1.453100e+01
2.054000e-05	-1.851980e-02	-1.460736e+01
2.055000e-05	-1.734628e-02	-1.472305e+01
2.056000e-05	-1.968065e-02	-1.482624e+01
2.057000e-05	-1.286980e-02	-1.488052e+01
2.058000e-05	-2.097050e-02	-1.498564e+01
2.059000e-05	-1.729502e-02	-1.507937e+01
2.060000e-05	-2.579236e-02	-1.509258e+01
2.061000e-05	-1.627516e-02	-1.521619e+01
2.062000e-05	-2.330891e-02	-1.527892e+01
2.063000e-05	-1.827061e-02	-1.533415e+01
2.064000e-05	-2.557717e-02	-1.541484e+01
2.065000e-05	-1.857631e-02	-1.544942e+01
2.066000e-05	-2.382990e-02	-1.548998e+01
2.067000e-05	-2.350982e-02	-1.551258e+01
2.068000e-05	-2.562250e-02	-1.558161e+01
2.069000e-05	-2.572587e-02	-1.559416e+01
2.070000e-05	-2.261770e-02	-1.560474e+01
2.071000e-05	-2.757552e-02	-1.562824e+01
2.072000e-05	-2.712493e-02	-1.562672e+01
2.073000e-05	-3.070999e-02	-1.561622e+01
2.074000e-05	-2.804558e-02	-1.562574e+01
2.075000e-05	-3.202546e-02	-1.563527e+01
2.076000e-05	-3.220639e-02	-1.563613e+01
2.077000e-05	-3.310012e-02	-1.560368e+01
2.078000e-05	-3.322987e-02	-1.555313e+01
2.079000e-05	-3.612346e-02	-1.552251e+01
2.080000e-05	-3.786899e-02	-1.546093e+01
2.081000e-05	-3.998352e-02	-1.548840e+01
2.082000e-05	-3.956328e-02	-1.544521e+01
2.083000e-05	-4.228970e-02	-1.539363e+01
2.084000e-05	-4.539899e-02	-1.531988e+01
2.085000e-05	-4.726772e-02	-1.525672e+01
2.086000e-05	-4.817497e-02	-1.515408e+01
2.087000e-05	-5.115891e-02	-1.509185e+01
2.088000e-05	-5.527823e-02	-1.502474e+01
2.089000e-05	-5.723862e-02	-1.495245e+01
2.090000e-05	-5.846189e-02	-1.491532e+01
2.091000e-05	-6.115458e-02	-1.473208e+01
2.092000e-05	-6.682081e-02	-1.467740e+01
2.093000e-05	-6.784806e-02	-1.458259e+01
2.094000e-05	-6.918430e-02	-1.445772e+01
2.095000e-05	-6.935728e-02	-1.433950e+01
2.096000e-05	-7.141450e-02	-1.422407e+01
2.097000e-05	-7.028222e-02	-1.407622e+01
2.098000e-05	-6.670720e-02	-1.391041e+01
2.099000e-05	-6.532925e-02	-1.379319e+01
2.100000e-05	-6.431837e-02	-1.368619e+01
2.101000e-05	-6.221961e-02	-1.350888e+01
2.102000e-05	-5.813336e-02	-1.338101e+01
2.103000e-05	-5.459949e-02	-1.315559e+01
2.104000e-05	-5.249971e-02	-1.304632e+01
2.105000e-05	-4.989865e-02	-1.291930e+01
2.106000e-05	-4.692948e-02	-1.274943e+01
2.107000e-05	-4.304755e-02	-1.257103e+01
2.108000e-05	-4.124742e-02	-1.238249e+01
2.109000e-05	-3.918475e-02	-1.219514e+01
2.110000e-05	-3.560997e-02	-1.200366e+01
2.111000e-05	-3.333172e-02	-1.181399e+01
2.112000e-05	-3.158668e-02	-1.159156e+01
2.113000e-05	-3.029391e-02	-1.134098e+01
2.114000e-05	-2.854985e-02	-1.114048e+01
2.115000e-05	-2.589241e-02	-1.093941e+01
2.116000e-05	-2.470261e-02	-1.074198e+01
2.117000e-05	-2.365129e-02	-1.054143e+01
2.118000e-05	-2.247940e-02	-1.023988e+01
2.119000e-05	-1.961335e-02	-1.005643e+01
2.120000e-05	-1.880814e-02	-9.857849e+00
2.121000e-05	-1.828124e-02	-9.644795e+00
2.122000e-05	-1.862786e-02	-9.413565e+00
2.123000e-05	-1.653507e-02	-9.143066e+00
2.124000e-05	-1.539941e-02	-8.931560e+00
2.125000e-05	-1.556558e-02	-8.687905e+00
2.126000e-05	-1.482081e-02	-8.465799e+00
2.127000e-05	-1.363306e-02	-8.205176e+00
2.128000e-05	-1.143056e-02	-7.989992e+00
2.129000e-05	-1.269958e-02	-7.658251e+00
2.130000e-05	-1.225141e-02	-7.425145e+00
2.131000e-05	-1.117758e-02	-7.163012e+00
2.132000e-05	-9.153167e-03	-6.879857e+00
2.133000e-05	-9.627191e-03	-6.655174e+00
2.134000e-05	-9.972461e-03	-6.354091e+00
2.135000e-05	-1.165720e-02	-6.059408e+00
2.136000e-05	-7.787761e-03	-5.856272e+00
2.137000e-05	-8.772922e-03	-5.520967e+00
2.138000e-05	-7.703577e-03	-5.237777e+00
2.139000e-05	-1.005919e-02	-4.921457e+00
2.140000e-05	-5.850126e-03	-4.617246e+00
2.141000e-05	-7.354987e-03	-4.354219e+00
2.142000e-05	-7.523408e-03	-4.131611e+00
2.143000e-05	-8.425497e-03	-3.877195e+00
2.144000e-05	-7.167666e-03	-3.564115e+00
2.145000e-05	-7.046345e-03	-3.291510e+00
2.146000e-05	-5.450219e-03	-2.994092e+00
2.147000e-05	-6.362136e-03	-2.720910e+00
2.148000e-05	-4.213140e-03	-2.406754e+00
2.149000e-05	-4.503952e-03	-2.111511e+00
2.150000e-05	-4.615071e-03	-1.839403e+00
2.151000e-05	-7.386503e-03	-1.553566e+00
2.152000e-05	-4.995889e-03	-1.196350e+00
2.153000e-05	-4.247553e-03	-9.326182e-01
2.154000e-05	-4.495336e-03	-6.798327e-01
2.155000e-05	-3.337057e-03	-3.551194e-01
2.156000e-05	-3.293850e-04	-9.088528e-02
2.157000e-05	7.647798e-03	2.143003e-01
2.158000e-05	1.668115e-03	4.759344e-01
2.159000e-05	1.611453e-03	7.385460e-01
2.160000e-05	-2.189182e-03	1.074352e+00
2.161000e-05	2.485589e-03	1.347915e+00
2.162000e-05	1.601829e-03	1.633937e+00
2.163000e-05	7.028480e-03	1.887386e+00
2.164000e-05	3.338840e-02	2.187462e+00
2.165000e-05	7.783270e-02	2.454304e+00
2.166000e-05	-3.093006e-02	2.824124e+00
2.167000e-05	-5.420513e-02	3.106910e+00
2.168000e-05	-3.883016e-02	3.360620e+00
2.169000e-05	2.597962e-03	3.613656e+00
2.170000e-05	-3.903391e-02	3.854608e+00
2.171000e-05	-1.865575e-02	4.043807e+00
2.172000e-05	9.117374e-02	4.380615e+00
2.173000e-05	-5.269129e-02	4.674084e+00
2.174000e-05	9.812790e-02	4.930354e+00
2.175000e-05	-8.386423e-03	5.265754e+00
2.176000e-05	-6.715961e-02	5.558390e+00
2.177000e-05	5.486485e-02	5.812224e+00
2.178000e-05	-4.170565e-02	6.125210e+00
2.179000e-05	5.126220e-02	6.348885e+00
2.180000e-05	-3.547688e-02	6.653150e+00
2.181000e-05	1.431610e-02	6.895307e+00
2.182000e-05	4.996021e-02	7.149437e+00
2.183000e-05	-3.165773e-02	7.492656e+00
2.184000e-05	-2.205004e-03	7.716335e+00
2.185000e-05	-2.977327e-02	8.042551e+00
2.186000e-05	6.591016e-02	8.295732e+00
2.187000e-05	-5.649535e-03	8.523756e+00
2.188000e-05	-1.918592e-02	8.695259e+00
2.189000e-05	2.971905e-02	9.009415e+00
2.190000e-05	-1.446799e-02	9.210568e+00
2.191000e-05	3.324867e-02	9.431944e+00
2.192000e-05	-3.120717e-02	9.683055e+00
2.193000e-05	2.310437e-02	9.907256e+00
2.194000e-05	6.239776e-03	1.014579e+01
2.195000e-05	2.594194e-02	1.035726e+01
2.196000e-05	-3.913003e-03	1.060689e+01
2.197000e-05	-1.538476e-02	1.076849e+01
2.198000e-05	2.583890e-02	1.101891e+01
2.199000e-05	1.475294e-05	1.120886e+01
2.200000e-05	1.886609e-02	1.145102e+01
2.201000e-05	-1.365097e-02	1.164949e+01
2.202000e-05	3.086497e-02	1.187052e+01
2.203000e-05	5.409070e-03	1.203994e+01
2.204000e-05	1.232822e-02	1.227042e+01
2.205000e-05	-1.023321e-02	1.240044e+01
2.206000e-05	1.121827e-02	1.262886e+01
2.207000e-05	1.806231e-02	1.275616e+01
2.208000e-05	6.064525e-03	1.291313e+01
2.209000e-05	7.886736e-03	1.308153e+01
2.210000e-05	5.401604e-03	1.328040e+01
2.211000e-05	2.517585e-02	1.339892e+01
2.212000e-05	2.861959e-03	1.355461e+01
2.213000e-05	5.866238e-03	1.368303e+01
2.214000e-05	3.255323e-03	1.389729e+01
2.215000e-05	2.065094e-02	1.400628e+01
2.216000e-05	1.044922e-02	1.415365e+01
2.217000e-05	5.437403e-03	1.429100e+01
2.218000e-05	1.173719e-02	1.440671e+01
2.219000e-05	1.664899e-02	1.454213e+01
2.220000e-05	1.535279e-02	1.462936e+01
2.221000e-05	4.258971e-03	1.475158e+01
2.222000e-05	1.284426e-02	1.480742e+01
2.223000e-05	1.625606e-02	1.489100e+01
2.224000e-05	1.714842e-02	1.497666e+01
2.225000e-05	9.136049e-03	1.505887e+01
2.226000e-05	1.152021e-02	1.515158e+01
2.227000e-05	1.987361e-02	1.518614e+01
2.228000e-05	1.583595e-02	1.530892e+01
2.229000e-05	1.301327e-02	1.540108e+01
2.230000e-05	1.183159e-02	1.536471e+01
2.231000e-05	2.174392e-02	1.546719e+01
2.232000e-05	1.967151e-02	1.550942e+01
2.233000e-05	1.688167e-02	1.553100e+01
2.234000e-05	1.447956e-02	1.558205e+01
2.235000e-05	2.153975e-02	1.558301e+01
2.236000e-05	2.291341e-02	1.563471e+01
2.237000e-05	1.843539e-02	1.564471e+01
2.238000e-05	1.908468e-02	1.566721e+01
2.239000e-05	2.200212e-02	1.566821e+01
2.240000e-05	2.747031e-02	1.565469e+01
2.241000e-05	2.271921e-02	1.560624e+01
2.242000e-05	2.395881e-02	1.561421e+01
2.243000e-05	2.756337e-02	1.561166e+01
2.244000e-05	3.256760e-02	1.556110e+01
2.245000e-05	3.032273e-02	1.556148e+01
2.246000e-05	2.887295e-02	1.549784e+01
2.247000e-05	3.286840e-02	1.547822e+01
2.248000e-05	3.577317e-02	1.539461e+01
2.249000e-05	3.836917e-02	1.538351e+01
2.250000e-05	3.556997e-02	1.530932e+01
2.251000e-05	4.062184e-02	1.522519e+01
2.252000e-05	4.395297e-02	1.515048e+01
2.253000e-05	4.604129e-02	1.508930e+01
2.254000e-05	4.604998e-02	1.500509e+01
2.255000e-05	4.991699e-02	1.491092e+01
2.256000e-05	5.607684e-02	1.483470e+01
2.257000e-05	5.752128e-02	1.475103e+01
2.258000e-05	5.913259e-02	1.462479e+01
2.259000e-05	5.963222e-02	1.457995e+01
2.260000e-05	6.510356e-02	1.444309e+01
2.261000e-05	6.377471e-02	1.429890e+01
2.262000e-05	6.233908e-02	1.422196e+01
2.263000e-05	6.018539e-02	1.403467e+01
2.264000e-05	6.172535e-02	1.388788e+01
2.265000e-05	5.906790e-02	1.378095e+01
2.266000e-05	5.582854e-02	1.357356e+01
2.267000e-05	5.264660e-02	1.342787e+01
2.268000e-05	5.193291e-02	1.332887e+01
2.269000e-05	4.901973e-02	1.312153e+01
2.270000e-05	4.417197e-02	1.299296e+01
2.271000e-05	3.991009e-02	1.282519e+01
2.272000e-05	3.860179e-02	1.266782e+01
2.273000e-05	3.584200e-02	1.250880e+01
2.274000e-05	3.242518e-02	1.229993e+01
2.275000e-05	2.831959e-02	1.213046e+01
2.276000e-05	2.730382e-02	1.193093e+01
2.277000e-05	2.703968e-02	1.174091e+01
2.278000e-05	2.304401e-02	1.152848e+01
2.279000e-05	2.142874e-02	1.133837e+01
2.280000e-05	1.909188e-02	1.109133e+01
2.281000e-05	1.991082e-02	1.090843e+01
2.282000e-05	1.623185e-02	1.071875e+01
2.283000e-05	1.412194e-02	1.047835e+01
2.284000e-05	1.222590e-02	1.024687e+01
2.285000e-05	1.299507e-02	1.003667e+01
2.286000e-05	1.089130e-02	9.783562e+00
2.287000e-05	9.667339e-03	9.552039e+00
2.288000e-05	8.097269e-03	9.333057e+00
2.289000e-05	8.942603e-03	9.119933e+00
2.290000e-05	7.116557e-03	8.867300e+00
2.291000e-05	5.411100e-03	8.636290e+00
2.292000e-05	5.557601e-03	8.446218e+00
2.293000e-05	4.455956e-03	8.141513e+00
2.294000e-05	4.356264e-03	7.858928e+00
2.295000e-05	2.742870e-03	7.645146e+00
2.296000e-05	2.207520e-03	7.361033e+00
2.297000e-05	1.730254e-03	7.069956e+00
2.298000e-05	2.215648e-03	6.846298e+00
2.299000e-05	1.945537e-03	6.533571e+00
2.300000e-05	1.196122e-03	6.298930e+00
2.301000e-05	1.872097e-03	6.067375e+00
2.302000e-05	1.121091e-03	5.823641e+00
2.303000e-05	4.808012e-04	5.490532e+00
2.304000e-05	-1.560376e-03	5.245071e+00
2.305000e-05	-1.044091e-03	4.838876e+00
2.306000e-05	-1.344297e-03	4.593665e+00
2.307000e-05	-1.497708e-03	4.310983e+00
2.308000e-05	-3.166456e-03	4.006270e+00
2.309000e-05	-2.403386e-03	3.743085e+00
2.310000e-05	-1.761391e-03	3.500379e+00
2.311000e-05	-1.614658e-03	3.174620e+00
2.312000e-05	-2.825153e-03	2.921511e+00
2.313000e-05	-3.905718e-03	2.656774e+00
2.314000e-05	-3.075460e-03	2.311064e+00
2.315000e-05	-3.261521e-03	2.022454e+00
2.316000e-05	-3.457216e-03	1.796691e+00
2.317000e-05	-4.422998e-03	1.470381e+00
2.318000e-05	-4.328430e-03	1.164193e+00
2.319000e-05	-3.783552e-03	7.983737e-01
2.320000e-05	-4.115723e-03	5.536670e-01
2.321000e-05	-4.385876e-03	3.129115e-01
2.322000e-05	-9.624324e-04	-2.530288e-02
2.323000e-05	6.276147e-03	-2.683672e-01
2.324000e-05	-2.436323e-03	-5.300714e-01
2.325000e-05	-1.427888e-03	-8.547042e-01
2.326000e-05	-7.355172e-03	-1.106390e+00
2.327000e-05	-9.006641e-04	-1.412723e+00
2.328000e-05	-3.289041e-03	-1.674707e+00
2.329000e-05	2.031780e-02	-1.897412e+00
2.330000e-05	7.015926e-02	-2.116885e+00
2.331000e-05	1.489868e-02	-2.475486e+00
2.332000e-05	-8.063151e-02	-2.897307e+00
2.333000e-05	-3.284189e-02	-3.233729e+00
2.334000e-05	-3.616029e-02	-3.495785e+00
2.335000e-05	-3.559659e-02	-3.698410e+00
2.336000e-05	9.743283e-03	-3.938445e+00
2.337000e-05	9.241665e-02	-4.138514e+00
2.338000e-05	-1.503608e-01	-4.433654e+00
2.339000e-05	1.836020e-01	-4.705808e+00
2.340000e-05	-9.525543e-02	-4.981019e+00
2.341000e-05	-1.622079e-02	-5.317840e+00
2.342000e-05	2.362313e-02	-5.581568e+00
2.343000e-05	-1.356243e-01	-5.865282e+00
2.344000e-05	1.615606e-01	-6.153787e+00
2.345000e-05	-1.139201e-01	-6.420645e+00
2.346000e-05	6.139309e-02	-6.694210e+00
2.347000e-05	1.511218e-03	-6.927961e+00
2.348000e-05	-6.313611e-02	-7.264786e+00
2.349000e-05	5.728681e-02	-7.485282e+00
2.350000e-05	-1.135791e-01	-7.802047e+00
2.351000e-05	8.885423e-02	-8.032130e+00
2.352000e-05	-5.271303e-02	-8.294257e+00
2.353000e-05	2.113766e-02	-8.588890e+00
2.354000e-05	1.662599e-02	-8.818970e+00
2.355000e-05	-7.993917e-02	-9.083679e+00
2.356000e-05	6.176462e-02	-9.300548e+00
2.357000e-05	-8.679609e-02	-9.557259e+00
2.358000e-05	6.515101e-02	-9.776814e+00
2.359000e-05	-6.320319e-02	-9.946862e+00
2.360000e-05	4.014665e-02	-1.026939e+01
2.361000e-05	-2.800993e-02	-1.040099e+01
2.362000e-05	-1.432644e-02	-1.065258e+01
2.363000e-05	-5.439287e-03	-1.083944e+01
2.364000e-05	-3.613516e-02	-1.107260e+01
2.365000e-05	2.631465e-02	-1.126208e+01
2.366000e-05	-4.401511e-02	-1.144263e+01
2.367000e-05	2.697384e-02	-1.172363e+01
2.368000e-05	-4.316930e-02	-1.192470e+01
2.369000e-05	1.966716e-02	-1.215516e+01
2.370000e-05	-4.413035e-02	-1.229202e+01
2.371000e-05	5.225019e-03	-1.250047e+01
2.372000e-05	-2.594847e-02	-1.266047e+01
2.373000e-05	1.370331e-03	-1.285840e+01
2.374000e-05	-1.497030e-02	-1.301587e+01
2.375000e-05	-1.468501e-02	-1.316421e+01
2.376000e-05	-6.927128e-03	-1.327250e+01
2.377000e-05	-2.312510e-02	-1.347045e+01
2.378000e-05	-5.449549e-03	-1.363774e+01
2.379000e-05	-2.993859e-02	-1.378578e+01
2.380000e-05	-2.863946e-03	-1.393998e+01
2.381000e-05	-2.253836e-02	-1.401992e+01
2.382000e-05	-2.856446e-03	-1.419566e+01
2.383000e-05	-2.461940e-02	-1.431050e+01
2.384000e-05	-1.046894e-02	-1.442884e+01
2.385000e-05	-2.203639e-02	-1.456158e+01
2.386000e-05	-1.411061e-02	-1.465940e+01
2.387000e-05	-2.195567e-02	-1.475358e+01
2.388000e-05	-1.643591e-02	-1.485835e+01
2.389000e-05	-1.792097e-02	-1.492203e+01
2.390000e-05	-1.637660e-02	-1.503669e+01
2.391000e-05	-2.010725e-02	-1.510000e+01
2.392000e-05	-1.988580e-02	-1.515418e+01
2.393000e-05	-1.904213e-02	-1.526777e+01
2.394000e-05	-2.247841e-02	-1.530148e+01
2.395000e-05	-1.955161e-02	-1.536266e+01
2.396000e-05	-2.442339e-02	-1.543624e+01
2.397000e-05	-1.909806e-02	-1.547792e+01
2.398000e-05	-2.676897e-02	-1.549148e+01
2.399000e-05	-2.158367e-02	-1.553258e+01
2.400000e-05	-2.716694e-02	-1.558553e+01
2.401000e-05	-2.220765e-02	-1.560424e+01
2.402000e-05	-2.649691e-02	-1.562669e+01
2.403000e-05	-2.624726e-02	-1.560524e+01
2.404000e-05	-2.781929e-02	-1.565767e+01
2.405000e-05	-2.944412e-02	-1.567776e+01
2.406000e-05	-2.972525e-02	-1.565662e+01
2.407000e-05	-3.265746e-02	-1.563614e+01
2.408000e-05	-3.174312e-02	-1.560466e+01
2.409000e-05	-3.381362e-02	-1.558461e+01
2.410000e-05	-3.599242e-02	-1.557408e+01
2.411000e-05	-3.677530e-02	-1.555996e+01
2.412000e-05	-3.769122e-02	-1.549990e+01
2.413000e-05	-3.886400e-02	-1.544787e+01
2.414000e-05	-4.099694e-02	-1.541474e+01
2.415000e-05	-4.337726e-02	-1.540256e+01
2.416000e-05	-4.450795e-02	-1.532977e+01
2.417000e-05	-4.766961e-02	-1.524414e+01
2.418000e-05	-4.955378e-02	-1.516253e+01
2.419000e-05	-5.328637e-02	-1.507927e+01
2.420000e-05	-5.429192e-02	-1.498456e+01
2.421000e-05	-5.727747e-02	-1.491045e+01
2.422000e-05	-6.026320e-02	-1.480624e+01
2.423000e-05	-6.311729e-02	-1.474046e+01
2.424000e-05	-6.642937e-02	-1.466690e+01
2.425000e-05	-6.687247e-02	-1.455193e+01
2.426000e-05	-6.996226e-02	-1.438561e+01
2.427000e-05	-6.947581e-02	-1.428985e+01
2.428000e-05	-6.983221e-02	-1.417046e+01
2.429000e-05	-6.865921e-02	-1.405367e+01
2.430000e-05	-6.796105e-02	-1.387925e+01
2.431000e-05	-6.567602e-02	-1.377098e+01
2.432000e-05	-6.229903e-02	-1.360311e+01
2.433000e-05	-5.968544e-02	-1.344875e+01
2.434000e-05	-5.778220e-02	-1.332833e+01
2.435000e-05	-5.478417e-02	-1.315206e+01
2.436000e-05	-5.199931e-02	-1.300509e+01
2.437000e-05	-4.850072e-02	-1.283524e+01
2.438000e-05	-4.561242e-02	-1.265777e+01
2.439000e-05	-4.216028e-02	-1.252883e+01
2.440000e-05	-4.000837e-02	-1.232101e+01
2.441000e-05	-3.785775e-02	-1.215936e+01
2.442000e-05	-3.554049e-02	-1.195091e+01
2.443000e-05	-3.317449e-02	-1.174838e+01
2.444000e-05	-3.090338e-02	-1.149975e+01
2.445000e-05	-2.870386e-02	-1.120827e+01
2.446000e-05	-2.699565e-02	-1.103880e+01
2.447000e-05	-2.673504e-02	-1.088683e+01
2.448000e-05	-2.448009e-02	-1.065632e+01
2.449000e-05	-2.242692e-02	-1.047575e+01
2.450000e-05	-2.091128e-02	-1.020457e+01
2.451000e-05	-2.018294e-02	-9.995066e+00
2.452000e-05	-1.892627e-02	-9.794693e+00
2.453000e-05	-1.701839e-02	-9.541490e+00
2.454000e-05	-1.730187e-02	-9.330508e+00
2.455000e-05	-1.794446e-02	-9.099355e+00
2.456000e-05	-1.667391e-02	-8.837232e+00
2.457000e-05	-1.455278e-02	-8.644619e+00
2.458000e-05	-1.300636e-02	-8.374543e+00
2.459000e-05	-1.307758e-02	-8.111537e+00
2.460000e-05	-1.278407e-02	-7.877808e+00
2.461000e-05	-1.213448e-02	-7.554996e+00
2.462000e-05	-1.064500e-02	-7.309036e+00
2.463000e-05	-1.208350e-02	-7.068757e+00
2.464000e-05	-1.214091e-02	-6.804671e+00
2.465000e-05	-1.007987e-02	-6.532565e+00
2.466000e-05	-9.381700e-03	-6.307809e+00
2.467000e-05	-9.907121e-03	-5.995246e+00
2.468000e-05	-9.004032e-03	-5.761011e+00
2.469000e-05	-8.739090e-03	-5.467303e+00
2.470000e-05	-7.305358e-03	-5.130565e+00
2.471000e-05	-8.177514e-03	-4.885141e+00
2.472000e-05	-7.412952e-03	-4.522587e+00
2.473000e-05	-8.378977e-03	-4.321009e+00
2.474000e-05	-6.704357e-03	-4.047399e+00
2.475000e-05	-8.599406e-03	-3.744068e+00
2.476000e-05	-6.834975e-03	-3.460436e+00
2.477000e-05	-8.195786e-03	-3.204275e+00
2.478000e-05	-5.032211e-03	-2.880507e+00
2.479000e-05	-5.458411e-03	-2.584275e+00
2.480000e-05	-4.686928e-03	-2.353592e+00
2.481000e-05	-5.558618e-03	-2.008378e+00
2.482000e-05	-5.276621e-03	-1.755093e+00
2.483000e-05	-5.606498e-03	-1.478913e+00
2.484000e-05	-5.091380e-03	-1.102512e+00
2.485000e-05	-5.580506e-03	-8.089028e-01
2.486000e-05	-3.655995e-03	-5.430144e-01
2.487000e-05	-8.845411e-04	-2.715116e-01
2.488000e-05	1.486763e-03	3.277776e-02
2.489000e-05	8.268250e-03	2.985170e-01
2.490000e-05	-3.312973e-03	5.716187e-01
2.491000e-05	4.399874e-03	8.036292e-01
2.492000e-05	-2.127096e-03	1.198074e+00
2.493000e-05	4.097138e-03	1.412198e+00
2.494000e-05	-3.263731e-04	1.770047e+00
2.495000e-05	1.738594e-02	1.970022e+00
2.496000e-05	4.645208e-02	2.233774e+00
2.497000e-05	6.688645e-02	2.550190e+00
2.498000e-05	-7.198090e-02	2.898463e+00
2.499000e-05	-4.062270e-02	3.192072e+00
2.500000e-05	-2.854427e-02	3.494835e+00
2.501000e-05	6.069840e-03	3.697861e+00
2.502000e-05	-5.417313e-02	3.915763e+00
2.503000e-05	1.460924e-02	4.128411e+00
2.504000e-05	8.160887e-02	4.464279e+00
2.505000e-05	-6.594536e-02	4.717288e+00
2.506000e-05	1.451413e-01	5.063672e+00
2.507000e-05	-9.704085e-02	5.412548e+00
2.508000e-05	6.520407e-03	5.653095e+00
2.509000e-05	2.101815e-02	5.906933e+00
2.510000e-05	-3.023231e-02	6.190516e+00
2.511000e-05	5.037586e-02	6.412670e+00
2.512000e-05	-5.417610e-02	6.708484e+00
2.513000e-05	5.911823e-02	6.981594e+00
2.514000e-05	3.881769e-03	7.284175e+00
2.515000e-05	-1.196451e-02	7.538406e+00
2.516000e-05	-1.977134e-02	7.851118e+00
2.517000e-05	2.653717e-03	8.104732e+00
2.518000e-05	5.365967e-02	8.337361e+00
2.519000e-05	-2.695841e-02	8.609464e+00
2.520000e-05	7.511401e-03	8.778438e+00
2.521000e-05	1.505259e-02	9.053528e+00
2.522000e-05	-2.078501e-03	9.293651e+00
2.523000e-05	1.651446e-02	9.514231e+00
2.524000e-05	-2.406858e-02	9.777737e+00
2.525000e-05	2.584724e-02	9.989336e+00
2.526000e-05	8.752672e-03	1.024792e+01
2.527000e-05	2.254892e-02	1.046046e+01
2.528000e-05	-1.430143e-02	1.065155e+01
2.529000e-05	7.589033e-04	1.087263e+01
2.530000e-05	1.895983e-02	1.107100e+01
2.531000e-05	6.762109e-04	1.126160e+01
2.532000e-05	7.426783e-03	1.153360e+01
2.533000e-05	-1.984305e-03	1.175620e+01
2.534000e-05	2.922342e-02	1.192360e+01
2.535000e-05	5.184899e-03	1.212410e+01
2.536000e-05	4.258903e-03	1.231205e+01
2.537000e-05	-4.240672e-03	1.248357e+01
2.538000e-05	1.542763e-02	1.268945e+01
2.539000e-05	1.386583e-02	1.280884e+01
2.540000e-05	4.094067e-03	1.301623e+01
2.541000e-05	7.688330e-03	1.316461e+01
2.542000e-05	1.400434e-02	1.330360e+01
2.543000e-05	1.766702e-02	1.344142e+01
2.544000e-05	1.792529e-03	1.358631e+01
2.545000e-05	3.388921e-03	1.375256e+01
2.546000e-05	1.206603e-02	1.391203e+01
2.547000e-05	1.662858e-02	1.407041e+01
2.548000e-05	9.517681e-03	1.417626e+01
2.549000e-05	6.725996e-03	1.433303e+01
2.550000e-05	1.578400e-02	1.447039e+01
2.551000e-05	1.554235e-02	1.456471e+01
2.552000e-05	1.020889e-02	1.464094e+01
2.553000e-05	6.773518e-03	1.479421e+01
2.554000e-05	1.419586e-02	1.484939e+01
2.555000e-05	1.949086e-02	1.491255e+01
2.556000e-05	1.264276e-02	1.498573e+01
2.557000e-05	1.134239e-02	1.509945e+01
2.558000e-05	1.288548e-02	1.517411e+01
2.559000e-05	2.062355e-02	1.524731e+01
2.560000e-05	1.378566e-02	1.528145e+01
2.561000e-05	1.272904e-02	1.534361e+01
2.562000e-05	1.528716e-02	1.544669e+01
2.563000e-05	2.136704e-02	1.546829e+01
2.564000e-05	1.901270e-02	1.552987e+01
2.565000e-05	1.326461e-02	1.555362e+01
2.566000e-05	1.957200e-02	1.556401e+01
2.567000e-05	2.093431e-02	1.562464e+01
2.568000e-05	2.255359e-02	1.560616e+01
2.569000e-05	1.646264e-02	1.564521e+01
2.570000e-05	2.226244e-02	1.562674e+01
2.571000e-05	2.543288e-02	1.564727e+01
2.572000e-05	2.508375e-02	1.564769e+01
2.573000e-05	2.241156e-02	1.558579e+01
2.574000e-05	2.499617e-02	1.563219e+01
2.575000e-05	3.205288e-02	1.559365e+01
2.576000e-05	3.062500e-02	1.557155e+01
2.577000e-05	2.959370e-02	1.551242e+01
2.578000e-05	2.912791e-02	1.549885e+01
2.579000e-05	3.574910e-02	1.545622e+01
2.580000e-05	3.516050e-02	1.542506e+01
2.581000e-05	3.568560e-02	1.535040e+01
2.582000e-05	3.777501e-02	1.530735e+01
2.583000e-05	4.291763e-02	1.528264e+01
2.584000e-05	4.580973e-02	1.513048e+01
2.585000e-05	4.503967e-02	1.509680e+01
2.586000e-05	4.716255e-02	1.496263e+01
2.587000e-05	5.198747e-02	1.490883e+01
2.588000e-05	5.687017e-02	1.480466e+01
2.589000e-05	5.658872e-02	1.467933e+01
2.590000e-05	5.845713e-02	1.463562e+01
2.591000e-05	6.171063e-02	1.450032e+01
2.592000e-05	6.493667e-02	1.438251e+01
2.593000e-05	6.415674e-02	1.427874e+01
2.594000e-05	6.202744e-02	1.411935e+01
2.595000e-05	6.246933e-02	1.400358e+01
2.596000e-05	6.172981e-02	1.387667e+01
2.597000e-05	5.785825e-02	1.374883e+01
2.598000e-05	5.365536e-02	1.356251e+01
2.599000e-05	5.215532e-02	1.342621e+01
2.600000e-05	5.042075e-02	1.331672e+01
2.601000e-05	4.557337e-02	1.309977e+01
2.602000e-05	4.216465e-02	1.293988e+01
2.603000e-05	3.980099e-02	1.277254e+01
2.604000e-05	3.904051e-02	1.260407e+01
2.605000e-05	3.425597e-02	1.245424e+01
2.606000e-05	3.117856e-02	1.227520e+01
2.607000e-05	2.836717e-02	1.208780e+01
2.608000e-05	2.715038e-02	1.186882e+01
2.609000e-05	2.453486e-02	1.166677e+01
2.610000e-05	2.189845e-02	1.146715e+01
2.611000e-05	2.023196e-02	1.123675e+01
2.612000e-05	1.991869e-02	1.106687e+01
2.613000e-05	1.846617e-02	1.084665e+01
2.614000e-05	1.445270e-02	1.064409e+01
2.615000e-05	1.503063e-02	1.039569e+01
2.616000e-05	1.281533e-02	1.018409e+01
2.617000e-05	1.324283e-02	9.974058e+00
2.618000e-05	9.591537e-03	9.709957e+00
2.619000e-05	7.578283e-03	9.470298e+00
2.620000e-05	9.098781e-03	9.267771e+00
2.621000e-05	8.651835e-03	9.026142e+00
2.622000e-05	6.371283e-03	8.793667e+00
2.623000e-05	4.307375e-03	8.561564e+00
2.624000e-05	5.729412e-03	8.321509e+00
2.625000e-05	5.023505e-03	8.100299e+00
2.626000e-05	4.438755e-03	7.825619e+00
2.627000e-05	1.941653e-03	7.601938e+00
2.628000e-05	3.066729e-03	7.288775e+00
2.629000e-05	3.465228e-03	7.005666e+00
2.630000e-05	2.325295e-03	6.771635e+00
2.631000e-05	1.408234e-03	6.479501e+00
2.632000e-05	4.425672e-04	6.227271e+00
2.633000e-05	1.386533e-03	5.944070e+00
2.634000e-05	7.653715e-04	5.669409e+00
2.635000e-05	-6.935119e-04	5.407169e+00
2.636000e-05	-4.622617e-04	5.157883e+00
2.637000e-05	-1.810423e-04	4.773595e+00
2.638000e-05	-2.535669e-03	4.470433e+00
2.639000e-05	-2.258412e-03	4.237171e+00
2.640000e-05	-1.873496e-03	3.942437e+00
2.641000e-05	-1.355454e-03	3.660377e+00
2.642000e-05	-2.370718e-03	3.395091e+00
2.643000e-05	-3.014544e-03	3.141458e+00
2.644000e-05	-3.659967e-03	2.808273e+00
2.645000e-05	-3.398976e-03	2.492484e+00
2.646000e-05	-4.158481e-03	2.248850e+00
2.647000e-05	-4.243902e-03	1.964822e+00
2.648000e-05	-3.784971e-03	1.670956e+00
2.649000e-05	-3.440230e-03	1.364170e+00
2.650000e-05	-4.528149e-03	1.057804e+00
2.651000e-05	-4.580188e-03	7.341682e-01
2.652000e-05	-4.802051e-03	4.214553e-01
2.653000e-05	-3.052232e-03	1.851471e-01
2.654000e-05	-1.315620e-03	-1.164595e-01
2.655000e-05	7.069410e-03	-4.115748e-01
2.656000e-05	-6.337348e-03	-6.364357e-01
2.657000e-05	8.191096e-04	-8.884897e-01
2.658000e-05	-7.990007e-03	-1.203171e+00
2.659000e-05	-1.339546e-03	-1.545990e+00
2.660000e-05	-5.720058e-04	-1.758968e+00
2.661000e-05	3.644107e-02	-1.968544e+00
2.662000e-05	8.826745e-02	-2.213224e+00
2.663000e-05	-5.446583e-02	-2.593824e+00
2.664000e-05	-5.261876e-02	-2.982303e+00
2.665000e-05	-4.108545e-02	-3.328366e+00
2.666000e-05	-1.904072e-02	-3.545970e+00
2.667000e-05	-5.597615e-02	-3.783099e+00
2.668000e-05	8.594168e-02	-4.011100e+00
2.669000e-05	-7.258397e-03	-4.233349e+00
2.670000e-05	-6.540337e-02	-4.529862e+00
2.671000e-05	1.605963e-01	-4.750140e+00
2.672000e-05	-1.710904e-01	-5.095435e+00
2.673000e-05	8.769691e-02	-5.431027e+00
2.674000e-05	-8.806822e-02	-5.686259e+00
2.675000e-05	-2.134319e-02	-5.968468e+00
2.676000e-05	1.020271e-01	-6.180570e+00
2.677000e-05	-1.238378e-01	-6.486411e+00
2.678000e-05	1.195575e-01	-6.755991e+00
2.679000e-05	-8.183479e-02	-7.052304e+00
2.680000e-05	1.727540e-02	-7.385865e+00
2.681000e-05	-7.939725e-03	-7.609442e+00
2.682000e-05	-6.824548e-02	-7.925708e+00
2.683000e-05	8.771536e-02	-8.136286e+00
2.684000e-05	-9.469170e-02	-8.368968e+00
2.685000e-05	8.082046e-02	-8.680548e+00
2.686000e-05	-6.243582e-02	-8.873806e+00
2.687000e-05	-2.231904e-03	-9.145810e+00
2.688000e-05	9.695895e-03	-9.308287e+00
2.689000e-05	-5.241340e-02	-9.611494e+00
2.690000e-05	4.993646e-02	-9.799395e+00
2.691000e-05	-6.844700e-02	-1.003057e+01
2.692000e-05	6.251500e-02	-1.031250e+01
2.693000e-05	-6.883256e-02	-1.051318e+01
2.694000e-05	2.785321e-02	-1.069318e+01
2.695000e-05	-4.753329e-02	-1.090315e+01
2.696000e-05	8.038073e-03	-1.111476e+01
2.697000e-05	-1.370841e-02	-1.133778e+01
2.698000e-05	-1.410950e-02	-1.155531e+01
2.699000e-05	5.708009e-03	-1.176668e+01
2.700000e-05	-2.660590e-02	-1.196894e+01
2.701000e-05	9.487108e-03	-1.219787e+01
2.702000e-05	-4.460474e-02	-1.233426e+01
2.703000e-05	1.135692e-02	-1.253416e+01
2.704000e-05	-3.594438e-02	-1.274360e+01
2.705000e-05	1.258995e-02	-1.289105e+01
2.706000e-05	-3.212935e-02	-1.301992e+01
2.707000e-05	4.424290e-03	-1.320536e+01
2.708000e-05	-2.328495e-02	-1.336566e+01
2.709000e-05	-7.606091e-03	-1.351468e+01
2.710000e-05	-2.057508e-02	-1.364094e+01
2.711000e-05	-1.759532e-02	-1.378732e+01
2.712000e-05	-1.042857e-02	-1.394263e+01
2.713000e-05	-1.906601e-02	-1.409100e+01
2.714000e-05	-9.638150e-03	-1.421734e+01
2.715000e-05	-2.264245e-02	-1.432268e+01
2.716000e-05	-9.047630e-03	-1.446942e+01
2.717000e-05	-2.253409e-02	-1.458534e+01
2.718000e-05	-1.274122e-02	-1.470047e+01
2.719000e-05	-2.318530e-02	-1.480369e+01
2.720000e-05	-1.216042e-02	-1.487834e+01
2.721000e-05	-2.261472e-02	-1.499516e+01
2.722000e-05	-1.640548e-02	-1.504729e+01
2.723000e-05	-2.343782e-02	-1.512108e+01
2.724000e-05	-1.702944e-02	-1.516621e+01
2.725000e-05	-2.238290e-02	-1.527997e+01
2.726000e-05	-1.988107e-02	-1.533253e+01
2.727000e-05	-2.232510e-02	-1.537574e+01
2.728000e-05	-2.083401e-02	-1.542830e+01
2.729000e-05	-2.068580e-02	-1.551795e+01
2.730000e-05	-2.621799e-02	-1.554200e+01
2.731000e-05	-2.352167e-02	-1.558103e+01
2.732000e-05	-2.662637e-02	-1.556456e+01
2.733000e-05	-2.240549e-02	-1.560461e+01
2.734000e-05	-2.823312e-02	-1.560526e+01
2.735000e-05	-2.643393e-02	-1.563774e+01
2.736000e-05	-2.909477e-02	-1.566674e+01
2.737000e-05	-2.803687e-02	-1.568827e+01
2.738000e-05	-3.025114e-02	-1.562582e+01
2.739000e-05	-3.197203e-02	-1.560617e+01
2.740000e-05	-3.253461e-02	-1.564616e+01
2.741000e-05	-3.401855e-02	-1.557211e+01
2.742000e-05	-3.584060e-02	-1.555256e+01
2.743000e-05	-3.819878e-02	-1.554990e+01
2.744000e-05	-3.860684e-02	-1.550987e+01
2.745000e-05	-3.911156e-02	-1.545679e+01
2.746000e-05	-4.189614e-02	-1.543414e+01
2.747000e-05	-4.402505e-02	-1.535347e+01
2.748000e-05	-4.493443e-02	-1.527625e+01
2.749000e-05	-4.635028e-02	-1.521364e+01
2.750000e-05	-5.141448e-02	-1.512091e+01
2.751000e-05	-5.473747e-02	-1.505667e+01
2.752000e-05	-5.608899e-02	-1.502458e+01
2.753000e-05	-5.833605e-02	-1.491935e+01
2.754000e-05	-6.128291e-02	-1.479367e+01
2.755000e-05	-6.454432e-02	-1.472950e+01
2.756000e-05	-6.670708e-02	-1.463521e+01
2.757000e-05	-6.751771e-02	-1.449875e+01
2.758000e-05	-6.873342e-02	-1.435198e+01
2.759000e-05	-7.102806e-02	-1.424632e+01
2.760000e-05	-7.037796e-02	-1.411735e+01
2.761000e-05	-6.758029e-02	-1.400349e+01
2.762000e-05	-6.750785e-02	-1.389679e+01
2.763000e-05	-6.498372e-02	-1.371785e+01
2.764000e-05	-6.189892e-02	-1.355093e+01
2.765000e-05	-5.929661e-02	-1.343312e+01
2.766000e-05	-5.542675e-02	-1.324830e+01
2.767000e-05	-5.368304e-02	-1.307988e+01
2.768000e-05	-4.915270e-02	-1.294296e+01
2.769000e-05	-4.703154e-02	-1.280309e+01
2.770000e-05	-4.461823e-02	-1.261467e+01
2.771000e-05	-4.292992e-02	-1.242624e+01
2.772000e-05	-3.944296e-02	-1.225740e+01
2.773000e-05	-3.650021e-02	-1.207675e+01
2.774000e-05	-3.407468e-02	-1.187723e+01
2.775000e-05	-3.208051e-02	-1.166624e+01
2.776000e-05	-2.978286e-02	-1.142419e+01
2.777000e-05	-2.805758e-02	-1.123604e+01
2.778000e-05	-2.684480e-02	-1.100316e+01
2.779000e-05	-2.642121e-02	-1.084459e+01
2.780000e-05	-2.405091e-02	-1.058455e+01
2.781000e-05	-2.299864e-02	-1.039153e+01
2.782000e-05	-2.031780e-02	-1.016101e+01
2.783000e-05	-1.997464e-02	-9.909983e+00
2.784000e-05	-1.947826e-02	-9.741407e+00
2.785000e-05	-1.811166e-02	-9.468376e+00
2.786000e-05	-1.656702e-02	-9.267720e+00
2.787000e-05	-1.529026e-02	-8.996820e+00
2.788000e-05	-1.498299e-02	-8.782568e+00
2.789000e-05	-1.404366e-02	-8.491012e+00
2.790000e-05	-1.382277e-02	-8.288431e+00
2.791000e-05	-1.302056e-02	-8.068156e+00
2.792000e-05	-1.294557e-02	-7.812616e+00
2.793000e-05	-1.183656e-02	-7.498404e+00
2.794000e-05	-1.112081e-02	-7.264203e+00
2.795000e-05	-1.005804e-02	-6.954065e+00
2.796000e-05	-1.123154e-02	-6.719983e+00
2.797000e-05	-8.570546e-03	-6.459880e+00
2.798000e-05	-9.992756e-03	-6.222591e+00
2.799000e-05	-8.261003e-03	-5.920988e+00
2.800000e-05	-9.983260e-03	-5.637800e+00
2.801000e-05	-8.648305e-03	-5.343060e+00
2.802000e-05	-8.565100e-03	-5.046850e+00
2.803000e-05	-5.731878e-03	-4.741014e+00
2.804000e-05	-7.920209e-03	-4.438458e+00
2.805000e-05	-8.110948e-03	-4.225278e+00
2.806000e-05	-6.356888e-03	-3.963970e+00
2.807000e-05	-6.842193e-03	-3.638404e+00
2.808000e-05	-7.592840e-03	-3.386249e+00
2.809000e-05	-8.005937e-03	-3.128832e+00
2.810000e-05	-4.578989e-03	-2.795298e+00
2.811000e-05	-4.512972e-03	-2.532012e+00
2.812000e-05	-4.736033e-03	-2.207784e+00
2.813000e-05	-6.611139e-03	-1.944668e+00
2.814000e-05	-4.922871e-03	-1.610982e+00
2.815000e-05	-5.691075e-03	-1.343512e+00
2.816000e-05	-4.448788e-03	-1.047779e+00
2.817000e-05	-5.887867e-03	-7.637196e-01
2.818000e-05	-1.930389e-03	-4.399514e-01
2.819000e-05	-1.710258e-03	-1.662209e-01
2.820000e-05	4.413523e-03	1.089360e-01
2.821000e-05	6.523265e-03	4.131776e-01
2.822000e-05	-2.072487e-03	6.558044e-01
2.823000e-05	2.216982e-03	9.098873e-01
2.824000e-05	-2.214528e-03	1.243675e+00
2.825000e-05	2.233581e-03	1.519935e+00
2.826000e-05	1.870420e-03	1.833624e+00
2.827000e-05	2.650185e-02	2.023249e+00
2.828000e-05	6.429263e-02	2.318963e+00
2.829000e-05	2.778188e-02	2.696012e+00
2.830000e-05	-7.521723e-02	3.002200e+00
2.831000e-05	-3.977008e-02	3.274778e+00
2.832000e-05	-1.448929e-02	3.559516e+00
2.833000e-05	-1.039612e-02	3.791495e+00
2.834000e-05	-4.401591e-02	3.969538e+00
2.835000e-05	5.802314e-02	4.256282e+00
2.836000e-05	2.270947e-02	4.569968e+00
2.837000e-05	-5.820124e-03	4.780039e+00
2.838000e-05	1.048692e-01	5.129010e+00
2.839000e-05	-1.198185e-01	5.505679e+00
2.840000e-05	5.467605e-02	5.726358e+00
2.841000e-05	-1.860250e-02	6.040674e+00
2.842000e-05	1.101704e-02	6.243654e+00
2.843000e-05	1.591952e-02	6.568359e+00
2.844000e-05	-3.798396e-02	6.823199e+00
2.845000e-05	7.681183e-02	7.063226e+00
2.846000e-05	-2.889216e-02	7.378887e+00
2.847000e-05	2.985436e-03	7.631143e+00
2.848000e-05	-3.408991e-02	7.937762e+00
2.849000e-05	4.408060e-02	8.199990e+00
2.850000e-05	2.535457e-02	8.420493e+00
2.851000e-05	-3.406488e-02	8.632102e+00
2.852000e-05	2.808399e-02	8.885703e+00
2.853000e-05	-4.844774e-03	9.145281e+00
2.854000e-05	2.073718e-02	9.367286e+00
2.855000e-05	-1.159919e-02	9.588889e+00
2.856000e-05	1.481803e-03	9.821022e+00
2.857000e-05	1.567793e-02	1.004265e+01
2.858000e-05	1.695451e-02	1.026067e+01
2.859000e-05	1.117369e-02	1.050568e+01
2.860000e-05	-1.959979e-02	1.073570e+01
2.861000e-05	1.757616e-02	1.093471e+01
2.862000e-05	7.161526e-03	1.114573e+01
2.863000e-05	1.209692e-02	1.133616e+01
2.864000e-05	-8.033856e-03	1.156784e+01
2.865000e-05	1.694164e-02	1.181681e+01
2.866000e-05	1.557831e-02	1.200628e+01
2.867000e-05	1.073269e-02	1.219676e+01
2.868000e-05	-4.352955e-03	1.234521e+01
2.869000e-05	4.059471e-03	1.254471e+01
2.870000e-05	1.772784e-02	1.274053e+01
2.871000e-05	8.688948e-03	1.286045e+01
2.872000e-05	5.873427e-03	1.303992e+01
2.873000e-05	4.877746e-03	1.321637e+01
2.874000e-05	2.168684e-02	1.338476e+01
2.875000e-05	7.745433e-03	1.348205e+01
2.876000e-05	6.362301e-03	1.365192e+01
2.877000e-05	1.928898e-03	1.381666e+01
2.878000e-05	1.949321e-02	1.395418e+01
2.879000e-05	1.141789e-02	1.410047e+01
2.880000e-05	8.181815e-03	1.422741e+01
2.881000e-05	8.429333e-03	1.436509e+01
2.882000e-05	1.768999e-02	1.447160e+01
2.883000e-05	1.598044e-02	1.463526e+01
2.884000e-05	5.897682e-03	1.470260e+01
2.885000e-05	1.198273e-02	1.480521e+01
2.886000e-05	1.480136e-02	1.487995e+01
2.887000e-05	2.030961e-02	1.494468e+01
2.888000e-05	9.184804e-03	1.502789e+01
2.889000e-05	1.266214e-02	1.512148e+01
2.890000e-05	1.598396e-02	1.518418e+01
2.891000e-05	2.001452e-02	1.523724e+01
2.892000e-05	1.182546e-02	1.535145e+01
2.893000e-05	1.246869e-02	1.540518e+01
2.894000e-05	1.930622e-02	1.542681e+01
2.895000e-05	2.102540e-02	1.545889e+01
2.896000e-05	1.691284e-02	1.555148e+01
2.897000e-05	1.311963e-02	1.555258e+01
2.898000e-05	2.194701e-02	1.556414e+01
2.899000e-05	2.213966e-02	1.560461e+01
2.900000e-05	2.034638e-02	1.560569e+01
2.901000e-05	1.718334e-02	1.563671e+01
2.902000e-05	2.253673e-02	1.562572e+01
2.903000e-05	2.674521e-02	1.565616e+01
2.904000e-05	2.276974e-02	1.563519e+01
2.905000e-05	2.299553e-02	1.565569e+01
2.906000e-05	2.568298e-02	1.556318e+01
2.907000e-05	3.381938e-02	1.561256e+01
2.908000e-05	2.930470e-02	1.557040e+01
2.909000e-05	2.857846e-02	1.550947e+01
2.910000e-05	3.203806e-02	1.546869e+01
2.911000e-05	3.649630e-02	1.542609e+01
2.912000e-05	3.553141e-02	1.538296e+01
2.913000e-05	3.434870e-02	1.531985e+01
2.914000e-05	3.918242e-02	1.527672e+01
2.915000e-05	4.359212e-02	1.522405e+01
2.916000e-05	4.716486e-02	1.507988e+01
2.917000e-05	4.410939e-02	1.504824e+01
2.918000e-05	4.995002e-02	1.498085e+01
2.919000e-05	5.416370e-02	1.483827e+01
2.920000e-05	5.679776e-02	1.477211e+01
2.921000e-05	5.627739e-02	1.467974e+01
2.922000e-05	6.000498e-02	1.456453e+01
2.923000e-05	6.322751e-02	1.446825e+01
2.924000e-05	6.377469e-02	1.435145e+01
2.925000e-05	6.234978e-02	1.421569e+01
2.926000e-05	6.045168e-02	1.408724e+01
2.927000e-05	6.564136e-02	1.396198e+01
2.928000e-05	6.120281e-02	1.383304e+01
2.929000e-05	5.601985e-02	1.366622e+01
2.930000e-05	5.153105e-02	1.352795e+01
2.931000e-05	5.232631e-02	1.340303e+01
2.932000e-05	4.787921e-02	1.321417e+01
2.933000e-05	4.263475e-02	1.305667e+01
2.934000e-05	4.153000e-02	1.286835e+01
2.935000e-05	4.265682e-02	1.271043e+01
2.936000e-05	3.996780e-02	1.250254e+01
2.937000e-05	3.220461e-02	1.237360e+01
2.938000e-05	2.777297e-02	1.220354e+01
2.939000e-05	2.863184e-02	1.203462e+01
2.940000e-05	2.657281e-02	1.182457e+01
2.941000e-05	2.280451e-02	1.161459e+01
2.942000e-05	2.045355e-02	1.139249e+01
2.943000e-05	2.249644e-02	1.114253e+01
2.944000e-05	2.208739e-02	1.099206e+01
2.945000e-05	1.606713e-02	1.079409e+01
2.946000e-05	1.285606e-02	1.058953e+01
2.947000e-05	1.346525e-02	1.033291e+01
2.948000e-05	1.558544e-02	1.010088e+01
2.949000e-05	1.067242e-02	9.886795e+00
2.950000e-05	9.073320e-03	9.647272e+00
2.951000e-05	8.618149e-03	9.416168e+00
2.952000e-05	1.163461e-02	9.174085e+00
2.953000e-05	7.902370e-03	8.981461e+00
2.954000e-05	5.185015e-03	8.710905e+00
2.955000e-05	4.256085e-03	8.499431e+00
2.956000e-05	7.258904e-03	8.266724e+00
2.957000e-05	5.558879e-03	8.013012e+00
2.958000e-05	2.084378e-03	7.720009e+00
2.959000e-05	2.437703e-03	7.433723e+00
2.960000e-05	3.204910e-03	7.174116e+00
2.961000e-05	4.749243e-03	6.952461e+00
2.962000e-05	8.762607e-04	6.666800e+00
2.963000e-05	5.110811e-04	6.404163e+00
2.964000e-05	1.412091e-03	6.122562e+00
2.965000e-05	1.952492e-03	5.848353e+00
2.966000e-05	-6.678949e-04	5.554194e+00
2.967000e-05	-1.657700e-03	5.351982e+00
2.968000e-05	3.407173e-04	4.993014e+00
2.969000e-05	6.379342e-04	4.689355e+00
2.970000e-05	-1.466358e-03	4.396776e+00
2.971000e-05	-3.004798e-03	4.072979e+00
2.972000e-05	-1.762690e-03	3.808800e+00
2.973000e-05	-2.704904e-03	3.533247e+00
2.974000e-05	-2.408895e-03	3.271506e+00
2.975000e-05	-4.141996e-03	2.997222e+00
2.976000e-05	-3.295427e-03	2.741143e+00
2.977000e-05	-2.702937e-03	2.437874e+00
2.978000e-05	-2.713346e-03	2.164593e+00
2.979000e-05	-5.347277e-03	1.901456e+00
2.980000e-05	-5.042763e-03	1.603721e+00
2.981000e-05	-4.037249e-03	1.270978e+00
2.982000e-05	-4.231374e-03	9.745607e-01
2.983000e-05	-4.390293e-03	6.584062e-01
2.984000e-05	-4.601808e-03	3.643722e-01
2.985000e-05	-2.123956e-03	9.095285e-02
2.986000e-05	1.760414e-03	-1.926465e-01
2.987000e-05	4.116055e-03	-4.832554e-01
2.988000e-05	-6.261487e-03	-7.685488e-01
2.989000e-05	-1.684311e-03	-1.012100e+00
2.990000e-05	-3.678575e-03	-1.277432e+00
2.991000e-05	-3.172099e-03	-1.582523e+00
2.992000e-05	4.587088e-03	-1.832275e+00
2.993000e-05	4.997862e-02	-2.012754e+00
2.994000e-05	7.772455e-02	-2.331548e+00
2.995000e-05	-9.147103e-02	-2.748464e+00
2.996000e-05	-3.633042e-02	-3.137988e+00
2.997000e-05	-4.830865e-02	-3.380547e+00
2.998000e-05	-1.606051e-02	-3.632672e+00
2.999000e-05	-4.972310e-02	-3.884757e+00
3.000000e-05	1.288032e-01	-4.064204e+00
3.001000e-05	-1.111872e-01	-4.346966e+00
3.002000e-05	8.084894e-02	-4.591576e+00
3.003000e-05	6.168198e-02	-4.875702e+00
3.004000e-05	-1.435721e-01	-5.211596e+00
3.005000e-05	1.071970e-01	-5.495178e+00
3.006000e-05	-1.602859e-01	-5.791593e+00
3.007000e-05	1.089797e-01	-6.071572e+00
3.008000e-05	-1.174732e-02	-6.307782e+00
3.009000e-05	-5.041841e-02	-6.631998e+00
3.010000e-05	9.842192e-02	-6.871172e+00
3.011000e-05	-1.124023e-01	-7.150038e+00
3.012000e-05	6.676180e-02	-7.421569e+00
3.013000e-05	-8.268532e-02	-7.676874e+00
3.014000e-05	1.828792e-02	-8.019540e+00
3.015000e-05	3.333474e-02	-8.231494e+00
3.016000e-05	-6.628243e-02	-8.474152e+00
3.017000e-05	8.327437e-02	-8.705151e+00
3.018000e-05	-1.068982e-01	-9.010417e+00
3.019000e-05	6.155332e-02	-9.187968e+00
3.020000e-05	-5.662904e-02	-9.430394e+00
3.021000e-05	1.420835e-02	-9.663181e+00
3.022000e-05	-5.551756e-03	-9.873675e+00
3.023000e-05	-2.548181e-02	-1.010723e+01
3.024000e-05	3.551309e-02	-1.033531e+01
3.025000e-05	-6.438151e-02	-1.059736e+01
3.026000e-05	3.546543e-02	-1.075438e+01
3.027000e-05	-6.289122e-02	-1.096829e+01
3.028000e-05	3.763513e-02	-1.115887e+01
3.029000e-05	-4.602885e-02	-1.142789e+01
3.030000e-05	1.824355e-02	-1.165889e+01
3.031000e-05	-2.755669e-02	-1.182992e+01
3.032000e-05	1.551233e-03	-1.209002e+01
3.033000e-05	-1.966064e-02	-1.219989e+01
3.034000e-05	-2.076946e-02	-1.241789e+01
3.035000e-05	-1.690235e-03	-1.256726e+01
3.036000e-05	-2.436201e-02	-1.276579e+01
3.037000e-05	5.528299e-03	-1.291260e+01
3.038000e-05	-3.278548e-02	-1.308205e+01
3.039000e-05	8.228553e-03	-1.324087e+01
3.040000e-05	-3.160082e-02	-1.340634e+01
3.041000e-05	6.139899e-04	-1.354523e+01
3.042000e-05	-3.195814e-02	-1.370055e+01
3.043000e-05	-5.003401e-03	-1.383895e+01
3.044000e-05	-2.048607e-02	-1.398716e+01
3.045000e-05	-9.709271e-03	-1.416363e+01
3.046000e-05	-1.893398e-02	-1.427882e+01
3.047000e-05	-1.587505e-02	-1.439631e+01
3.048000e-05	-1.464759e-02	-1.454000e+01
3.049000e-05	-1.949079e-02	-1.465776e+01
3.050000e-05	-1.750451e-02	-1.473053e+01
3.051000e-05	-2.156870e-02	-1.482576e+01
3.052000e-05	-1.296628e-02	-1.489050e+01
3.053000e-05	-2.081463e-02	-1.502464e+01
3.054000e-05	-1.639507e-02	-1.507000e+01
3.055000e-05	-2.468239e-02	-1.516256e+01
3.056000e-05	-1.626168e-02	-1.518774e+01
3.057000e-05	-2.417544e-02	-1.529143e+01
3.058000e-05	-1.883150e-02	-1.534311e+01
3.059000e-05	-2.600773e-02	-1.541626e+01
3.060000e-05	-1.829544e-02	-1.548690e+01
3.061000e-05	-2.407746e-02	-1.549050e+01
3.062000e-05	-2.380043e-02	-1.556258e+01
3.063000e-05	-2.514616e-02	-1.557461e+01
3.064000e-05	-2.517943e-02	-1.557366e+01
3.065000e-05	-2.260555e-02	-1.561471e+01
3.066000e-05	-2.965485e-02	-1.566627e+01
3.067000e-05	-2.673277e-02	-1.566664e+01
3.068000e-05	-2.977112e-02	-1.567719e+01
3.069000e-05	-2.748517e-02	-1.563624e+01
3.070000e-05	-3.180459e-02	-1.562577e+01
3.071000e-05	-3.249528e-02	-1.560527e+01
3.072000e-05	-3.317260e-02	-1.559208e+01
3.073000e-05	-3.385911e-02	-1.559258e+01
3.074000e-05	-3.762611e-02	-1.556358e+01
3.075000e-05	-3.837407e-02	-1.550048e+01
3.076000e-05	-3.946841e-02	-1.547688e+01
3.077000e-05	-3.912250e-02	-1.545574e+01
3.078000e-05	-4.258892e-02	-1.538306e+01
3.079000e-05	-4.419855e-02	-1.533091e+01
3.080000e-05	-4.607176e-02	-1.520629e+01
3.081000e-05	-4.696138e-02	-1.517509e+01
3.082000e-05	-5.162147e-02	-1.510945e+01
3.083000e-05	-5.580098e-02	-1.503667e+01
3.084000e-05	-5.688636e-02	-1.496191e+01
3.085000e-05	-5.964331e-02	-1.488837e+01
3.086000e-05	-6.106378e-02	-1.478401e+01
3.087000e-05	-6.560639e-02	-1.467832e+01
3.088000e-05	-6.763965e-02	-1.458408e+01
3.089000e-05	-6.809616e-02	-1.445625e+01
3.090000e-05	-6.896697e-02	-1.432095e+01
3.091000e-05	-6.942878e-02	-1.423401e+01
3.092000e-05	-6.985573e-02	-1.407772e+01
3.093000e-05	-6.832847e-02	-1.391143e+01
3.094000e-05	-6.668037e-02	-1.380606e+01
3.095000e-05	-6.415335e-02	-1.364570e+01
3.096000e-05	-6.177685e-02	-1.350043e+01
3.097000e-05	-5.821678e-02	-1.339046e+01
3.098000e-05	-5.418404e-02	-1.321264e+01
3.099000e-05	-5.157258e-02	-1.305930e+01
3.100000e-05	-4.955567e-02	-1.291976e+01
3.101000e-05	-4.619686e-02	-1.270143e+01
3.102000e-05	-4.346441e-02	-1.257203e+01
3.103000e-05	-4.169216e-02	-1.239309e+01
3.104000e-05	-3.984510e-02	-1.219414e+01
3.105000e-05	-3.640594e-02	-1.202414e+01
3.106000e-05	-3.337518e-02	-1.178456e+01
3.107000e-05	-3.166069e-02	-1.159304e+01
3.108000e-05	-3.006159e-02	-1.136096e+01
3.109000e-05	-2.758687e-02	-1.110943e+01
3.110000e-05	-2.476919e-02	-1.090001e+01
3.111000e-05	-2.460520e-02	-1.073098e+01
3.112000e-05	-2.427424e-02	-1.052144e+01
3.113000e-05	-2.226400e-02	-1.031988e+01
3.114000e-05	-2.074698e-02	-1.008833e+01
3.115000e-05	-2.007830e-02	-9.878323e+00
3.116000e-05	-1.894799e-02	-9.635797e+00
3.117000e-05	-1.765448e-02	-9.415671e+00
3.118000e-05	-1.558727e-02	-9.171617e+00
3.119000e-05	-1.509297e-02	-8.952091e+00
3.120000e-05	-1.478350e-02	-8.738327e+00
3.121000e-05	-1.440465e-02	-8.406296e+00
3.122000e-05	-1.333172e-02	-8.216746e+00
3.123000e-05	-1.203090e-02	-7.951618e+00
3.124000e-05	-1.329307e-02	-7.697880e+00
3.125000e-05	-1.200531e-02	-7.396270e+00
3.126000e-05	-1.242132e-02	-7.192590e+00
3.127000e-05	-9.345728e-03	-6.878408e+00
3.128000e-05	-1.082709e-02	-6.616721e+00
3.129000e-05	-9.738046e-03	-6.374567e+00
3.130000e-05	-1.127609e-02	-6.090483e+00
3.131000e-05	-8.233722e-03	-5.837276e+00
3.132000e-05	-8.979190e-03	-5.552592e+00
3.133000e-05	-8.901982e-03	-5.278300e+00
3.134000e-05	-1.039991e-02	-4.990019e+00
3.135000e-05	-5.944378e-03	-4.608350e+00
3.136000e-05	-7.322910e-03	-4.396299e+00
3.137000e-05	-7.315775e-03	-4.143042e+00
3.138000e-05	-8.599994e-03	-3.868829e+00
3.139000e-05	-6.738831e-03	-3.543795e+00
3.140000e-05	-5.999804e-03	-3.311561e+00
3.141000e-05	-5.341733e-03	-3.015097e+00
3.142000e-05	-6.155935e-03	-2.721537e+00
3.143000e-05	-4.290288e-03	-2.418380e+00
3.144000e-05	-3.353017e-03	-2.122591e+00
3.145000e-05	-8.290386e-03	-1.867933e+00
3.146000e-05	-6.035891e-03	-1.544223e+00
3.147000e-05	-6.834442e-03	-1.236904e+00
3.148000e-05	-6.507342e-04	-9.866158e-01
3.149000e-05	-5.193328e-03	-6.899315e-01
3.150000e-05	1.581040e-04	-3.547698e-01
3.151000e-05	-2.664842e-03	-8.048902e-02
3.152000e-05	8.454603e-03	1.951226e-01
3.153000e-05	-8.951721e-04	4.853568e-01
3.154000e-05	4.393280e-04	7.184898e-01
3.155000e-05	-1.918276e-03	1.064279e+00
3.156000e-05	4.262093e-03	1.315488e+00
3.157000e-05	3.542499e-03	1.615325e+00
3.158000e-05	7.713142e-03	1.877361e+00
3.159000e-05	3.399931e-02	2.117386e+00
3.160000e-05	7.588360e-02	2.413782e+00
3.161000e-05	-2.564914e-02	2.833674e+00
3.162000e-05	-5.841885e-02	3.125387e+00
3.163000e-05	-3.860283e-02	3.338039e+00
3.164000e-05	1.722325e-03	3.662129e+00
3.165000e-05	-3.457885e-02	3.844175e+00
3.166000e-05	-2.216606e-02	4.082602e+00
3.167000e-05	9.152965e-02	4.321064e+00
3.168000e-05	-4.825808e-02	4.634629e+00
3.169000e-05	8.807145e-02	4.946824e+00
3.170000e-05	3.663265e-03	5.265255e+00
3.171000e-05	-7.480091e-02	5.535886e+00
3.172000e-05	5.876399e-02	5.811543e+00
3.173000e-05	-4.129338e-02	6.095258e+00
3.174000e-05	4.920332e-02	6.356834e+00
3.175000e-05	-3.059411e-02	6.613648e+00
3.176000e-05	7.378335e-03	6.904732e+00
3.177000e-05	5.351835e-02	7.167489e+00
3.178000e-05	-3.267568e-02	7.451501e+00
3.179000e-05	-1.224499e-03	7.725803e+00
3.180000e-05	-3.042985e-02	7.992895e+00
3.181000e-05	6.683196e-02	8.273673e+00
3.182000e-05	-2.834416e-03	8.474225e+00
3.183000e-05	-2.251670e-02	8.714807e+00
3.184000e-05	2.998691e-02	8.979860e+00
3.185000e-05	-1.563036e-02	9.200945e+00
3.186000e-05	3.156462e-02	9.421470e+00
3.187000e-05	-3.083959e-02	9.712625e+00
3.188000e-05	2.204568e-02	9.904080e+00
3.189000e-05	8.331202e-03	1.013576e+01
3.190000e-05	2.566807e-02	1.035523e+01
3.191000e-05	-2.509604e-03	1.058736e+01
3.192000e-05	-1.762911e-02	1.079789e+01
3.193000e-05	2.592644e-02	1.100734e+01
3.194000e-05	-9.039008e-05	1.120586e+01
3.195000e-05	1.685575e-02	1.143742e+01
3.196000e-05	-1.528581e-02	1.166044e+01
3.197000e-05	3.085050e-02	1.185110e+01
3.198000e-05	6.665886e-03	1.206050e+01
3.199000e-05	1.128047e-02	1.219787e+01
3.200000e-05	-9.462502e-03	1.240786e+01
3.201000e-05	1.151837e-02	1.258789e+01
3.202000e-05	1.881885e-02	1.277568e+01
3.203000e-05	4.056778e-03	1.293300e+01
3.204000e-05	6.808706e-03	1.309150e+01
3.205000e-05	5.477394e-03	1.326100e+01
3.206000e-05	2.527400e-02	1.343841e+01
3.207000e-05	2.041966e-03	1.352463e+01
3.208000e-05	5.691446e-03	1.370150e+01
3.209000e-05	4.437972e-03	1.384977e+01
3.210000e-05	2.218397e-02	1.399466e+01
3.211000e-05	1.069066e-02	1.414458e+01
3.212000e-05	6.162228e-03	1.429045e+01
3.213000e-05	1.163630e-02	1.444724e+01
3.214000e-05	1.719094e-02	1.451305e+01
3.215000e-05	1.512918e-02	1.467979e+01
3.216000e-05	3.808273e-03	1.473210e+01
3.217000e-05	1.337321e-02	1.480684e+01
3.218000e-05	1.573689e-02	1.490150e+01
3.219000e-05	1.880567e-02	1.498368e+01
3.220000e-05	7.995046e-03	1.506837e+01
3.221000e-05	1.201583e-02	1.514105e+01
3.222000e-05	1.897071e-02	1.522568e+01
3.223000e-05	1.749246e-02	1.525787e+01
3.224000e-05	1.322120e-02	1.532150e+01
3.225000e-05	1.191593e-02	1.540761e+01
3.226000e-05	2.167323e-02	1.548822e+01
3.227000e-05	2.006719e-02	1.551037e+01
3.228000e-05	1.647212e-02	1.550050e+01
3.229000e-05	1.449810e-02	1.558258e+01
3.230000e-05	2.198680e-02	1.560213e+01
3.231000e-05	2.412371e-02	1.558409e+01
3.232000e-05	1.918463e-02	1.560666e+01
3.233000e-05	1.942610e-02	1.563626e+01
3.234000e-05	2.209998e-02	1.561677e+01
3.235000e-05	2.695610e-02	1.562582e+01
3.236000e-05	2.170948e-02	1.565471e+01
3.237000e-05	2.367390e-02	1.562559e+01
3.238000e-05	2.772504e-02	1.559563e+01
3.239000e-05	3.406989e-02	1.557208e+01
3.240000e-05	2.897638e-02	1.553003e+01
3.241000e-05	2.767227e-02	1.547887e+01
3.242000e-05	3.314308e-02	1.543681e+01
3.243000e-05	3.686713e-02	1.540471e+01
3.244000e-05	3.681425e-02	1.539353e+01
3.245000e-05	3.412936e-02	1.528877e+01
3.246000e-05	4.065208e-02	1.526519e+01
3.247000e-05	4.482965e-02	1.514103e+01
3.248000e-05	4.597057e-02	1.512832e+01
3.249000e-05	4.510552e-02	1.500371e+01
3.250000e-05	4.985618e-02	1.492138e+01
3.251000e-05	5.702601e-02	1.482674e+01
3.252000e-05	5.658496e-02	1.472210e+01
3.253000e-05	5.816080e-02	1.464532e+01
3.254000e-05	5.853217e-02	1.455190e+01
3.255000e-05	6.542206e-02	1.442724e+01
3.256000e-05	6.253803e-02	1.431893e+01
3.257000e-05	6.198112e-02	1.416143e+01
3.258000e-05	6.046237e-02	1.403624e+01
3.259000e-05	6.241258e-02	1.391788e+01
3.260000e-05	5.931581e-02	1.378293e+01
3.261000e-05	5.566621e-02	1.359314e+01
3.262000e-05	5.237019e-02	1.344677e+01
3.263000e-05	5.192217e-02	1.332933e+01
3.264000e-05	4.812852e-02	1.315201e+01
3.265000e-05	4.303780e-02	1.302357e+01
3.266000e-05	3.923297e-02	1.285609e+01
3.267000e-05	4.020298e-02	1.263780e+01
3.268000e-05	3.583662e-02	1.246935e+01
3.269000e-05	3.271163e-02	1.234135e+01
3.270000e-05	2.887355e-02	1.217093e+01
3.271000e-05	2.817448e-02	1.197045e+01
3.272000e-05	2.669012e-02	1.175153e+01
3.273000e-05	2.343269e-02	1.155083e+01
3.274000e-05	2.096983e-02	1.136885e+01
3.275000e-05	2.024114e-02	1.110983e+01
3.276000e-05	1.918635e-02	1.088090e+01
3.277000e-05	1.600749e-02	1.072900e+01
3.278000e-05	1.359494e-02	1.050738e+01
3.279000e-05	1.252257e-02	1.023585e+01
3.280000e-05	1.387888e-02	1.003525e+01
3.281000e-05	1.212381e-02	9.794618e+00
3.282000e-05	1.088280e-02	9.561084e+00
3.283000e-05	8.500098e-03	9.341556e+00
3.284000e-05	9.078011e-03	9.121458e+00
3.285000e-05	6.077402e-03	8.867824e+00
3.286000e-05	4.532947e-03	8.646673e+00
3.287000e-05	4.483202e-03	8.384719e+00
3.288000e-05	5.303780e-03	8.151540e+00
3.289000e-05	5.776414e-03	7.909977e+00
3.290000e-05	4.032237e-03	7.687172e+00
3.291000e-05	3.568682e-03	7.362508e+00
3.292000e-05	2.868409e-03	7.100905e+00
3.293000e-05	2.630035e-03	6.867829e+00
3.294000e-05	1.138355e-03	6.573163e+00
3.295000e-05	5.754268e-04	6.340909e+00
3.296000e-05	1.561068e-03	6.026929e+00
3.297000e-05	1.402994e-03	5.834066e+00
3.298000e-05	-2.073476e-04	5.522387e+00
3.299000e-05	-1.721440e-03	5.187194e+00
3.300000e-05	5.005777e-04	4.838279e+00
3.301000e-05	-5.416059e-04	4.604145e+00
3.302000e-05	-7.810832e-04	4.340591e+00
3.303000e-05	-2.255082e-03	4.016246e+00
3.304000e-05	-1.882260e-03	3.753592e+00
3.305000e-05	-1.594969e-03	3.501361e+00
3.306000e-05	-3.131880e-03	3.206195e+00
3.307000e-05	-3.919763e-03	2.910541e+00
3.308000e-05	-3.765876e-03	2.666199e+00
3.309000e-05	-3.335796e-03	2.320989e+00
3.310000e-05	-3.537552e-03	2.098480e+00
3.311000e-05	-3.563275e-03	1.796697e+00
3.312000e-05	-4.773157e-03	1.469905e+00
3.313000e-05	-2.090185e-03	1.194172e+00
3.314000e-05	-7.011512e-03	8.798763e-01
3.315000e-05	-4.143959e-03	5.566170e-01
3.316000e-05	-5.991668e-03	2.898904e-01
3.317000e-05	-2.734606e-04	-3.200437e-03
3.318000e-05	4.896179e-03	-2.779394e-01
3.319000e-05	-7.233836e-04	-5.395649e-01
3.320000e-05	-1.802127e-03	-7.932016e-01
3.321000e-05	-4.807697e-03	-1.055335e+00
3.322000e-05	-3.093436e-03	-1.353146e+00
3.323000e-05	-4.754485e-03	-1.644281e+00
3.324000e-05	1.686410e-02	-1.866436e+00
3.325000e-05	6.991116e-02	-2.087360e+00
3.326000e-05	2.396194e-02	-2.445383e+00
3.327000e-05	-8.286684e-02	-2.884806e+00
3.328000e-05	-3.241326e-02	-3.233178e+00
3.329000e-05	-3.821831e-02	-3.485732e+00
3.330000e-05	-3.409039e-02	-3.726335e+00
3.331000e-05	-4.111829e-03	-3.947491e+00
3.332000e-05	1.017345e-01	-4.128916e+00
3.333000e-05	-1.513442e-01	-4.421699e+00
3.334000e-05	1.827262e-01	-4.673731e+00
3.335000e-05	-8.068843e-02	-4.969593e+00
3.336000e-05	-3.203941e-02	-5.376336e+00
3.337000e-05	3.540165e-02	-5.561040e+00
3.338000e-05	-1.454723e-01	-5.865834e+00
3.339000e-05	1.606303e-01	-6.124311e+00
3.340000e-05	-1.077036e-01	-6.428572e+00
3.341000e-05	5.334480e-02	-6.674782e+00
3.342000e-05	1.449439e-02	-6.967965e+00
3.343000e-05	-7.037189e-02	-7.253699e+00
3.344000e-05	6.162072e-02	-7.494704e+00
3.345000e-05	-1.146391e-01	-7.802121e+00
3.346000e-05	8.406349e-02	-8.033054e+00
3.347000e-05	-4.518511e-02	-8.273785e+00
3.348000e-05	1.028065e-02	-8.595863e+00
3.349000e-05	2.710203e-02	-8.789963e+00
3.350000e-05	-8.645465e-02	-9.042652e+00
3.351000e-05	6.655942e-02	-9.281099e+00
3.352000e-05	-8.619795e-02	-9.506229e+00
3.353000e-05	6.275225e-02	-9.785311e+00
3.354000e-05	-5.811716e-02	-9.948306e+00
3.355000e-05	3.323176e-02	-1.019839e+01
3.356000e-05	-2.068608e-02	-1.039994e+01
3.357000e-05	-2.156488e-02	-1.066205e+01
3.358000e-05	8.282886e-04	-1.082052e+01
3.359000e-05	-3.980768e-02	-1.106210e+01
3.360000e-05	3.037646e-02	-1.125050e+01
3.361000e-05	-4.452014e-02	-1.146268e+01
3.362000e-05	2.797496e-02	-1.170310e+01
3.363000e-05	-4.211178e-02	-1.193413e+01
3.364000e-05	1.774241e-02	-1.212313e+01
3.365000e-05	-4.249835e-02	-1.224303e+01
3.366000e-05	2.689825e-03	-1.247202e+01
3.367000e-05	-2.396396e-02	-1.264892e+01
3.368000e-05	-1.074229e-03	-1.282944e+01
3.369000e-05	-1.217908e-02	-1.297676e+01
3.370000e-05	-1.737962e-02	-1.312418e+01
3.371000e-05	-3.950056e-03	-1.330045e+01
3.372000e-05	-2.471682e-02	-1.348048e+01
3.373000e-05	-3.672764e-03	-1.360524e+01
3.374000e-05	-3.059736e-02	-1.374526e+01
3.375000e-05	-1.454242e-03	-1.387050e+01
3.376000e-05	-2.467144e-02	-1.403835e+01
3.377000e-05	-5.196959e-03	-1.423466e+01
3.378000e-05	-2.504976e-02	-1.428955e+01
3.379000e-05	-1.001709e-02	-1.441541e+01
3.380000e-05	-2.187239e-02	-1.453363e+01
3.381000e-05	-1.434284e-02	-1.468847e+01
3.382000e-05	-2.053752e-02	-1.478153e+01
3.383000e-05	-1.572010e-02	-1.483787e+01
3.384000e-05	-1.722357e-02	-1.491150e+01
3.385000e-05	-1.886662e-02	-1.505681e+01
3.386000e-05	-1.988735e-02	-1.512043e+01
3.387000e-05	-2.211283e-02	-1.515403e+01
3.388000e-05	-1.882660e-02	-1.527582e+01
3.389000e-05	-2.322544e-02	-1.535005e+01
3.390000e-05	-1.955021e-02	-1.538311e+01
3.391000e-05	-2.389055e-02	-1.540629e+01
3.392000e-05	-1.762269e-02	-1.547790e+01
3.393000e-05	-2.603135e-02	-1.553000e+01
3.394000e-05	-2.236657e-02	-1.556098e+01
3.395000e-05	-2.619434e-02	-1.561268e+01
3.396000e-05	-2.366036e-02	-1.562411e+01
3.397000e-05	-2.537931e-02	-1.564579e+01
3.398000e-05	-2.780813e-02	-1.560582e+01
3.399000e-05	-2.753963e-02	-1.565679e+01
3.400000e-05	-2.880637e-02	-1.565580e+01
3.401000e-05	-2.928808e-02	-1.563466e+01
3.402000e-05	-3.143520e-02	-1.565624e+01
3.403000e-05	-3.138450e-02	-1.560609e+01
3.404000e-05	-3.299022e-02	-1.559361e+01
3.405000e-05	-3.502861e-02	-1.555318e+01
3.406000e-05	-3.767219e-02	-1.551248e+01
3.407000e-05	-3.824253e-02	-1.549000e+01
3.408000e-05	-3.930146e-02	-1.545677e+01
3.409000e-05	-4.064295e-02	-1.542567e+01
3.410000e-05	-4.397644e-02	-1.538110e+01
3.411000e-05	-4.344725e-02	-1.530735e+01
3.412000e-05	-4.612638e-02	-1.520624e+01
3.413000e-05	-4.808894e-02	-1.511158e+01
3.414000e-05	-5.322273e-02	-1.508940e+01
3.415000e-05	-5.467374e-02	-1.503517e+01
3.416000e-05	-5.785774e-02	-1.496895e+01
3.417000e-05	-6.037858e-02	-1.483677e+01
3.418000e-05	-6.397233e-02	-1.473001e+01
3.419000e-05	-6.654091e-02	-1.463630e+01
3.420000e-05	-6.647904e-02	-1.455138e+01
3.421000e-05	-6.830141e-02	-1.443664e+01
3.422000e-05	-6.921828e-02	-1.433838e+01
3.423000e-05	-7.053641e-02	-1.414296e+01
3.424000e-05	-6.905256e-02	-1.402517e+01
3.425000e-05	-6.823824e-02	-1.389793e+01
3.426000e-05	-6.556612e-02	-1.376143e+01
3.427000e-05	-6.340087e-02	-1.360559e+01
3.428000e-05	-6.102819e-02	-1.345787e+01
3.429000e-05	-5.667093e-02	-1.337038e+01
3.430000e-05	-5.645883e-02	-1.318253e+01
3.431000e-05	-4.982802e-02	-1.302519e+01
3.432000e-05	-4.920983e-02	-1.286722e+01
3.433000e-05	-4.378941e-02	-1.266835e+01
3.434000e-05	-4.335628e-02	-1.249740e+01
3.435000e-05	-3.829139e-02	-1.232943e+01
3.436000e-05	-3.899723e-02	-1.213104e+01
3.437000e-05	-3.555981e-02	-1.197133e+01
3.438000e-05	-3.580923e-02	-1.174991e+01
3.439000e-05	-3.208304e-02	-1.153975e+01
3.440000e-05	-3.059711e-02	-1.127780e+01
3.441000e-05	-2.586019e-02	-1.105825e+01
3.442000e-05	-2.393797e-02	-1.086877e+01
3.443000e-05	-2.239453e-02	-1.067688e+01
3.444000e-05	-2.211103e-02	-1.047630e+01
3.445000e-05	-2.316602e-02	-1.026712e+01
3.446000e-05	-2.064431e-02	-9.976164e+00
3.447000e-05	-2.191694e-02	-9.795115e+00
3.448000e-05	-1.927151e-02	-9.593539e+00
3.449000e-05	-1.919098e-02	-9.351960e+00
3.450000e-05	-1.391593e-02	-9.078405e+00
3.451000e-05	-1.416241e-02	-8.880801e+00
3.452000e-05	-1.375153e-02	-8.635644e+00
3.453000e-05	-1.445693e-02	-8.414138e+00
3.454000e-05	-1.439760e-02	-8.111615e+00
3.455000e-05	-1.204878e-02	-7.867306e+00
3.456000e-05	-1.442982e-02	-7.574715e+00
3.457000e-05	-1.153928e-02	-7.341087e+00
3.458000e-05	-1.185287e-02	-7.088300e+00
3.459000e-05	-9.114059e-03	-6.794646e+00
3.460000e-05	-1.028806e-02	-6.552513e+00
3.461000e-05	-9.378070e-03	-6.269963e+00
3.462000e-05	-1.024413e-02	-6.016274e+00
3.463000e-05	-7.504491e-03	-5.762463e+00
3.464000e-05	-1.079172e-02	-5.458356e+00
3.465000e-05	-9.256350e-03	-5.163093e+00
3.466000e-05	-8.499412e-03	-4.885695e+00
3.467000e-05	-5.022443e-03	-4.552689e+00
3.468000e-05	-8.361980e-03	-4.290492e+00
3.469000e-05	-7.522904e-03	-4.037878e+00
3.470000e-05	-7.643662e-03	-3.773597e+00
3.471000e-05	-5.248411e-03	-3.470457e+00
3.472000e-05	-7.093994e-03	-3.196301e+00
3.473000e-05	-5.672666e-03	-2.911534e+00
3.474000e-05	-5.961026e-03	-2.606826e+00
3.475000e-05	-3.415930e-03	-2.324143e+00
3.476000e-05	-4.994101e-03	-1.988404e+00
3.477000e-05	-6.068701e-03	-1.774771e+00
3.478000e-05	-6.200011e-03	-1.468514e+00
3.479000e-05	-4.376250e-03	-1.143645e+00
3.480000e-05	-4.890554e-03	-8.404590e-01
3.481000e-05	-3.851633e-03	-5.441683e-01
3.482000e-05	-1.952623e-03	-2.824641e-01
3.483000e-05	2.089498e-03	5.259881e-02
3.484000e-05	9.842767e-03	3.079922e-01
3.485000e-05	-3.252345e-03	5.610449e-01
3.486000e-05	3.732144e-03	8.120754e-01
3.487000e-05	-3.244453e-03	1.139488e+00
3.488000e-05	3.797976e-03	1.392121e+00
3.489000e-05	-3.821424e-04	1.746991e+00
3.490000e-05	1.608788e-02	1.961045e+00
3.491000e-05	4.586981e-02	2.202648e+00
3.492000e-05	7.015436e-02	2.551591e+00
3.493000e-05	-6.725232e-02	2.908307e+00
3.494000e-05	-4.211914e-02	3.200592e+00
3.495000e-05	-3.070610e-02	3.484382e+00
3.496000e-05	5.699436e-03	3.706861e+00
3.497000e-05	-5.367010e-02	3.936837e+00
3.498000e-05	9.315520e-03	4.138359e+00
3.499000e-05	8.539984e-02	4.485778e+00
3.500000e-05	-6.870289e-02	4.735886e+00
3.501000e-05	1.440083e-01	4.973594e+00
3.502000e-05	-8.921491e-02	5.390966e+00
3.503000e-05	-8.928777e-04	5.672619e+00
3.504000e-05	2.700877e-02	5.926832e+00
3.505000e-05	-3.328030e-02	6.188416e+00
3.506000e-05	5.321589e-02	6.442620e+00
3.507000e-05	-5.473763e-02	6.705860e+00
3.508000e-05	5.472223e-02	6.989470e+00
3.509000e-05	9.117446e-03	7.263544e+00
3.510000e-05	-1.508941e-02	7.528361e+00
3.511000e-05	-1.711465e-02	7.821098e+00
3.512000e-05	-2.032196e-03	8.117231e+00
3.513000e-05	5.638035e-02	8.358335e+00
3.514000e-05	-2.473103e-02	8.559413e+00
3.515000e-05	4.670854e-03	8.799939e+00
3.516000e-05	1.702582e-02	9.062548e+00
3.517000e-05	-5.548088e-03	9.272176e+00
3.518000e-05	1.866056e-02	9.523705e+00
3.519000e-05	-2.560912e-02	9.777314e+00
3.520000e-05	2.618984e-02	9.989986e+00
3.521000e-05	8.639364e-03	1.020039e+01
3.522000e-05	2.356233e-02	1.042899e+01
3.523000e-05	-1.405127e-02	1.067152e+01
3.524000e-05	-2.446533e-03	1.086152e+01
3.525000e-05	2.092022e-02	1.105152e+01
3.526000e-05	7.869389e-04	1.127197e+01
3.527000e-05	7.942196e-03	1.150307e+01
3.528000e-05	-3.804630e-03	1.170518e+01
3.529000e-05	3.018070e-02	1.192363e+01
3.530000e-05	5.224318e-03	1.208200e+01
3.531000e-05	5.223690e-03	1.230153e+01
3.532000e-05	-3.694437e-03	1.246958e+01
3.533000e-05	1.556779e-02	1.263945e+01
3.534000e-05	1.583539e-02	1.283691e+01
3.535000e-05	2.572206e-03	1.297476e+01
3.536000e-05	8.306681e-03	1.312513e+01
3.537000e-05	1.305758e-02	1.334370e+01
3.538000e-05	1.948283e-02	1.346042e+01
3.539000e-05	9.406771e-04	1.357629e+01
3.540000e-05	4.798173e-03	1.376513e+01
3.541000e-05	1.246426e-02	1.389007e+01
3.542000e-05	1.814900e-02	1.403924e+01
3.543000e-05	9.349549e-03	1.414461e+01
3.544000e-05	5.702156e-03	1.435198e+01
3.545000e-05	1.645334e-02	1.444745e+01
3.546000e-05	1.619447e-02	1.454463e+01
3.547000e-05	1.070406e-02	1.467902e+01
3.548000e-05	7.064151e-03	1.478371e+01
3.549000e-05	1.469352e-02	1.484887e+01
3.550000e-05	1.983615e-02	1.492153e+01
3.551000e-05	1.321033e-02	1.498774e+01
3.552000e-05	1.130976e-02	1.505945e+01
3.553000e-05	1.397885e-02	1.519510e+01
3.554000e-05	2.041113e-02	1.527722e+01
3.555000e-05	1.413234e-02	1.529040e+01
3.556000e-05	1.389733e-02	1.537153e+01
3.557000e-05	1.555077e-02	1.541866e+01
3.558000e-05	2.099263e-02	1.548734e+01
3.559000e-05	1.925883e-02	1.549995e+01
3.560000e-05	1.358828e-02	1.553148e+01
3.561000e-05	1.938466e-02	1.555361e+01
3.562000e-05	2.218551e-02	1.561366e+01
3.563000e-05	2.340446e-02	1.558461e+01
3.564000e-05	1.743735e-02	1.562571e+01
3.565000e-05	2.214519e-02	1.560624e+01
3.566000e-05	2.494222e-02	1.565776e+01
3.567000e-05	2.601844e-02	1.562474e+01
3.568000e-05	2.160184e-02	1.565469e+01
3.569000e-05	2.473643e-02	1.561263e+01
3.570000e-05	3.156081e-02	1.557506e+01
3.571000e-05	3.135240e-02	1.556211e+01
3.572000e-05	2.936156e-02	1.551050e+01
3.573000e-05	2.942420e-02	1.550922e+01
3.574000e-05	3.561019e-02	1.544717e+01
3.575000e-05	3.540367e-02	1.541556e+01
3.576000e-05	3.495406e-02	1.534037e+01
3.577000e-05	3.569798e-02	1.531775e+01
3.578000e-05	4.295627e-02	1.520361e+01
3.579000e-05	4.577109e-02	1.515095e+01
3.580000e-05	4.523020e-02	1.504772e+01
3.581000e-05	4.825574e-02	1.502356e+01
3.582000e-05	5.284029e-02	1.487787e+01
3.583000e-05	5.799235e-02	1.481461e+01
3.584000e-05	5.693836e-02	1.471985e+01
3.585000e-05	5.831476e-02	1.464461e+01
3.586000e-05	6.186282e-02	1.449678e+01
3.587000e-05	6.437742e-02	1.438209e+01
3.588000e-05	6.221063e-02	1.424870e+01
3.589000e-05	6.152423e-02	1.412888e+01
3.590000e-05	6.270749e-02	1.400309e+01
3.591000e-05	6.242253e-02	1.386717e+01
3.592000e-05	5.819984e-02	1.370984e+01
3.593000e-05	5.431964e-02	1.354301e+01
3.594000e-05	5.259786e-02	1.341567e+01
3.595000e-05	5.100298e-02	1.329774e+01
3.596000e-05	4.516155e-02	1.308990e+01
3.597000e-05	4.222712e-02	1.296093e+01
3.598000e-05	4.039927e-02	1.278153e+01
3.599000e-05	3.981621e-02	1.262669e+01
3.600000e-05	3.544506e-02	1.248580e+01
3.601000e-05	3.166984e-02	1.225727e+01
3.602000e-05	2.934187e-02	1.209730e+01
3.603000e-05	2.824360e-02	1.190782e+01
3.604000e-05	2.544591e-02	1.169775e+01
3.605000e-05	2.162035e-02	1.146720e+01
3.606000e-05	2.038722e-02	1.130670e+01
3.607000e-05	1.955525e-02	1.100585e+01
3.608000e-05	1.948344e-02	1.084589e+01
3.609000e-05	1.476377e-02	1.065417e+01
3.610000e-05	1.424532e-02	1.039514e+01
3.611000e-05	1.405948e-02	1.018609e+01
3.612000e-05	1.390747e-02	9.975110e+00
3.613000e-05	1.004379e-02	9.722430e+00
3.614000e-05	8.622154e-03	9.458881e+00
3.615000e-05	8.607124e-03	9.276753e+00
3.616000e-05	8.476180e-03	9.066746e+00
3.617000e-05	6.454440e-03	8.804190e+00
3.618000e-05	5.609877e-03	8.533639e+00
3.619000e-05	5.788449e-03	8.361409e+00
3.620000e-05	5.782225e-03	8.028848e+00
3.621000e-05	4.495571e-03	7.785266e+00
3.622000e-05	3.119001e-03	7.570961e+00
3.623000e-05	2.660795e-03	7.288898e+00
3.624000e-05	3.392172e-03	7.035248e+00
3.625000e-05	2.361063e-03	6.744639e+00
3.626000e-05	1.479850e-03	6.500979e+00
3.627000e-05	6.858969e-04	6.227346e+00
3.628000e-05	1.636205e-03	5.963640e+00
3.629000e-05	1.227908e-03	5.720008e+00
3.630000e-05	-2.040413e-04	5.417801e+00
3.631000e-05	-1.571760e-03	5.129909e+00
3.632000e-05	-3.538141e-04	4.752169e+00
3.633000e-05	-5.633306e-04	4.491581e+00
3.634000e-05	-2.138835e-03	4.256825e+00
3.635000e-05	-2.179028e-03	3.942988e+00
3.636000e-05	-1.816716e-03	3.639429e+00
3.637000e-05	-1.644938e-03	3.427192e+00
3.638000e-05	-3.329794e-03	3.091462e+00
3.639000e-05	-4.327142e-03	2.808931e+00
3.640000e-05	-3.627560e-03	2.543089e+00
3.641000e-05	-2.782986e-03	2.266876e+00
3.642000e-05	-3.734912e-03	1.975198e+00
3.643000e-05	-4.650870e-03	1.690960e+00
3.644000e-05	-4.451488e-03	1.366700e+00
3.645000e-05	-3.711752e-03	1.057854e+00
3.646000e-05	-4.233536e-03	7.551644e-01
3.647000e-05	-5.440610e-03	4.820303e-01
3.648000e-05	-4.186909e-03	2.151196e-01
3.649000e-05	-8.309907e-04	-8.746192e-02
3.650000e-05	7.328878e-03	-3.990187e-01
3.651000e-05	-6.628247e-03	-6.247817e-01
3.652000e-05	8.683903e-04	-8.874372e-01
3.653000e-05	-8.055162e-03	-1.179595e+00
3.654000e-05	-7.898046e-04	-1.447962e+00
3.655000e-05	-1.352423e-03	-1.769065e+00
3.656000e-05	3.379312e-02	-1.969967e+00
3.657000e-05	8.714387e-02	-2.193151e+00
3.658000e-05	-4.716373e-02	-2.602173e+00
3.659000e-05	-5.580414e-02	-2.992795e+00
3.660000e-05	-4.099554e-02	-3.316362e+00
3.661000e-05	-2.059345e-02	-3.508965e+00
3.662000e-05	-5.325790e-02	-3.779991e+00
3.663000e-05	7.704471e-02	-4.031073e+00
3.664000e-05	7.029083e-03	-4.223674e+00
3.665000e-05	-8.220735e-02	-4.516211e+00
3.666000e-05	1.678405e-01	-4.737466e+00
3.667000e-05	-1.686211e-01	-5.095703e+00
3.668000e-05	7.935261e-02	-5.430899e+00
3.669000e-05	-7.621801e-02	-5.624779e+00
3.670000e-05	-3.638165e-02	-5.968916e+00
3.671000e-05	1.135444e-01	-6.207918e+00
3.672000e-05	-1.283905e-01	-6.505283e+00
3.673000e-05	1.172797e-01	-6.806941e+00
3.674000e-05	-7.317974e-02	-7.032595e+00
3.675000e-05	8.313831e-03	-7.358764e+00
3.676000e-05	9.240403e-04	-7.599837e+00
3.677000e-05	-7.721935e-02	-7.874278e+00
3.678000e-05	9.197522e-02	-8.126363e+00
3.679000e-05	-9.230388e-02	-8.347538e+00
3.680000e-05	7.634443e-02	-8.671496e+00
3.681000e-05	-5.417068e-02	-8.864178e+00
3.682000e-05	-1.198289e-02	-9.112810e+00
3.683000e-05	1.822824e-02	-9.336309e+00
3.684000e-05	-5.915752e-02	-9.539464e+00
3.685000e-05	5.401786e-02	-9.799972e+00
3.686000e-05	-7.022482e-02	-1.001247e+01
3.687000e-05	6.417138e-02	-1.030355e+01
3.688000e-05	-6.522441e-02	-1.048272e+01
3.689000e-05	2.349872e-02	-1.073363e+01
3.690000e-05	-4.254845e-02	-1.088555e+01
3.691000e-05	2.648975e-03	-1.113368e+01
3.692000e-05	-7.691954e-03	-1.133418e+01
3.693000e-05	-1.843326e-02	-1.159419e+01
3.694000e-05	8.676718e-03	-1.180581e+01
3.695000e-05	-3.001086e-02	-1.197829e+01
3.696000e-05	1.166857e-02	-1.218826e+01
3.697000e-05	-4.518510e-02	-1.234431e+01
3.698000e-05	1.249247e-02	-1.254418e+01
3.699000e-05	-3.563294e-02	-1.272158e+01
3.700000e-05	1.192305e-02	-1.290060e+01
3.701000e-05	-3.132186e-02	-1.299989e+01
3.702000e-05	9.421128e-04	-1.322579e+01
3.703000e-05	-2.096053e-02	-1.335510e+01
3.704000e-05	-1.016430e-02	-1.352255e+01
3.705000e-05	-1.796309e-02	-1.363984e+01
3.706000e-05	-1.933692e-02	-1.381794e+01
3.707000e-05	-7.914699e-03	-1.393365e+01
3.708000e-05	-2.004403e-02	-1.407147e+01
3.709000e-05	-8.870845e-03	-1.423619e+01
3.710000e-05	-2.348369e-02	-1.432165e+01
3.711000e-05	-1.013505e-02	-1.445237e+01
3.712000e-05	-2.307111e-02	-1.457523e+01
3.713000e-05	-1.336552e-02	-1.467197e+01
3.714000e-05	-2.376159e-02	-1.481361e+01
3.715000e-05	-1.214573e-02	-1.485888e+01
3.716000e-05	-2.036222e-02	-1.496413e+01
3.717000e-05	-1.607026e-02	-1.506842e+01
3.718000e-05	-2.434589e-02	-1.512155e+01
3.719000e-05	-1.801869e-02	-1.519416e+01
3.720000e-05	-2.182457e-02	-1.528992e+01
3.721000e-05	-2.022517e-02	-1.535255e+01
3.722000e-05	-2.232655e-02	-1.541516e+01
3.723000e-05	-2.144218e-02	-1.544734e+01
3.724000e-05	-1.922522e-02	-1.548890e+01
3.725000e-05	-2.580368e-02	-1.549100e+01
3.726000e-05	-2.281020e-02	-1.558153e+01
3.727000e-05	-2.779047e-02	-1.557461e+01
3.728000e-05	-2.141172e-02	-1.557414e+01
3.729000e-05	-2.789323e-02	-1.563727e+01
3.730000e-05	-2.629236e-02	-1.563531e+01
3.731000e-05	-2.983423e-02	-1.561577e+01
3.732000e-05	-2.729626e-02	-1.565674e+01
3.733000e-05	-3.005098e-02	-1.563781e+01
3.734000e-05	-3.132337e-02	-1.562622e+01
3.735000e-05	-3.219373e-02	-1.558513e+01
3.736000e-05	-3.286645e-02	-1.558264e+01
3.737000e-05	-3.456211e-02	-1.556361e+01
3.738000e-05	-3.799509e-02	-1.553048e+01
3.739000e-05	-3.922449e-02	-1.549980e+01
3.740000e-05	-3.956039e-02	-1.544837e+01
3.741000e-05	-4.103821e-02	-1.541463e+01
3.742000e-05	-4.326907e-02	-1.537098e+01
3.743000e-05	-4.514651e-02	-1.527822e+01
3.744000e-05	-4.713334e-02	-1.516409e+01
3.745000e-05	-4.880007e-02	-1.514000e+01
3.746000e-05	-5.306540e-02	-1.508932e+01
3.747000e-05	-5.593196e-02	-1.502151e+01
3.748000e-05	-5.808542e-02	-1.489940e+01
3.749000e-05	-6.019090e-02	-1.479461e+01
3.750000e-05	-6.409265e-02	-1.470940e+01
3.751000e-05	-6.708148e-02	-1.461572e+01
3.752000e-05	-6.805103e-02	-1.449840e+01
3.753000e-05	-6.934703e-02	-1.440461e+01
3.754000e-05	-6.953028e-02	-1.422582e+01
3.755000e-05	-6.999619e-02	-1.412935e+01
3.756000e-05	-6.821169e-02	-1.401509e+01
3.757000e-05	-6.641389e-02	-1.386565e+01
3.758000e-05	-6.509409e-02	-1.368880e+01
3.759000e-05	-6.233291e-02	-1.353158e+01
3.760000e-05	-6.049035e-02	-1.342469e+01
3.761000e-05	-5.618256e-02	-1.325729e+01
3.762000e-05	-5.323380e-02	-1.310995e+01
3.763000e-05	-5.022903e-02	-1.294348e+01
3.764000e-05	-4.679679e-02	-1.277253e+01
3.765000e-05	-4.428373e-02	-1.262512e+01
3.766000e-05	-4.145849e-02	-1.244575e+01
3.767000e-05	-4.042955e-02	-1.226835e+01
3.768000e-05	-3.681064e-02	-1.210580e+01
3.769000e-05	-3.468497e-02	-1.186777e+01
3.770000e-05	-3.219772e-02	-1.165727e+01
3.771000e-05	-3.084004e-02	-1.146517e+01
3.772000e-05	-2.918811e-02	-1.121462e+01
3.773000e-05	-2.677815e-02	-1.099464e+01
3.774000e-05	-2.547785e-02	-1.077369e+01
3.775000e-05	-2.378403e-02	-1.062564e+01
3.776000e-05	-2.220090e-02	-1.039302e+01
3.777000e-05	-2.135302e-02	-1.015199e+01
3.778000e-05	-2.026945e-02	-9.932534e+00
3.779000e-05	-1.963025e-02	-9.709957e+00
3.780000e-05	-1.842004e-02	-9.509851e+00
3.781000e-05	-1.678660e-02	-9.276778e+00
3.782000e-05	-1.537054e-02	-9.047848e+00
3.783000e-05	-1.573898e-02	-8.803167e+00
3.784000e-05	-1.433277e-02	-8.572017e+00
3.785000e-05	-1.335996e-02	-8.260383e+00
3.786000e-05	-1.202469e-02	-8.058276e+00
3.787000e-05	-1.285173e-02	-7.804591e+00
3.788000e-05	-1.219213e-02	-7.510861e+00
3.789000e-05	-1.181924e-02	-7.237852e+00
3.790000e-05	-1.023332e-02	-7.013645e+00
3.791000e-05	-1.146616e-02	-6.711061e+00
3.792000e-05	-1.049863e-02	-6.467354e+00
3.793000e-05	-9.486271e-03	-6.224123e+00
3.794000e-05	-8.055032e-03	-5.932987e+00
3.795000e-05	-8.347447e-03	-5.688407e+00
3.796000e-05	-9.397527e-03	-5.351538e+00
3.797000e-05	-7.646883e-03	-5.038404e+00
3.798000e-05	-5.292278e-03	-4.728539e+00
3.799000e-05	-6.856824e-03	-4.469454e+00
3.800000e-05	-7.713672e-03	-4.257875e+00
3.801000e-05	-6.670549e-03	-3.971669e+00
3.802000e-05	-8.207665e-03	-3.689904e+00
3.803000e-05	-6.223055e-03	-3.397751e+00
3.804000e-05	-7.456378e-03	-3.099515e+00
3.805000e-05	-3.742231e-03	-2.815800e+00
3.806000e-05	-4.564193e-03	-2.534117e+00
3.807000e-05	-4.181904e-03	-2.289305e+00
3.808000e-05	-5.442522e-03	-1.944193e+00
3.809000e-05	-6.114099e-03	-1.689584e+00
3.810000e-05	-6.036941e-03	-1.374195e+00
3.811000e-05	-4.434182e-03	-1.048429e+00
3.812000e-05	-4.902895e-03	-7.442732e-01
3.813000e-05	-2.882705e-03	-4.389814e-01
3.814000e-05	-1.090187e-03	-1.862747e-01
3.815000e-05	5.590551e-03	4.688571e-02
3.816000e-05	8.649314e-03	3.920987e-01
3.817000e-05	-2.866927e-03	6.342267e-01
3.818000e-05	2.072633e-03	8.989346e-01
3.819000e-05	-1.855937e-03	1.263625e+00
3.820000e-05	3.655637e-03	1.498479e+00
3.821000e-05	1.123609e-03	1.843625e+00
3.822000e-05	2.487020e-02	2.024100e+00
3.823000e-05	6.205502e-02	2.308408e+00
3.824000e-05	3.516069e-02	2.666411e+00
3.825000e-05	-7.688493e-02	3.002071e+00
3.826000e-05	-3.976653e-02	3.273178e+00
3.827000e-05	-1.716045e-02	3.558539e+00
3.828000e-05	-6.058531e-03	3.802040e+00
3.829000e-05	-4.664941e-02	3.969494e+00
3.830000e-05	5.256736e-02	4.273224e+00
3.831000e-05	3.120463e-02	4.558466e+00
3.832000e-05	-1.719741e-02	4.843068e+00
3.833000e-05	1.151305e-01	5.137461e+00
3.834000e-05	-1.215194e-01	5.463729e+00
3.835000e-05	5.106324e-02	5.685381e+00
3.836000e-05	-1.466302e-02	6.009542e+00
3.837000e-05	5.925778e-03	6.252153e+00
3.838000e-05	2.138974e-02	6.547285e+00
3.839000e-05	-4.272338e-02	6.842067e+00
3.840000e-05	7.574853e-02	7.053176e+00
3.841000e-05	-2.690244e-02	7.337406e+00
3.842000e-05	1.184055e-03	7.611668e+00
3.843000e-05	-3.342910e-02	7.935728e+00
3.844000e-05	3.929901e-02	8.168911e+00
3.845000e-05	3.051701e-02	8.390073e+00
3.846000e-05	-3.305534e-02	8.621026e+00
3.847000e-05	2.565235e-02	8.873198e+00
3.848000e-05	-4.258219e-03	9.116735e+00
3.849000e-05	1.853597e-02	9.387809e+00
3.850000e-05	-9.282368e-03	9.588436e+00
3.851000e-05	-3.279396e-03	9.811471e+00
3.852000e-05	1.663096e-02	1.005207e+01
3.853000e-05	1.696562e-02	1.024202e+01
3.854000e-05	1.336490e-02	1.052265e+01
3.855000e-05	-1.994705e-02	1.074473e+01
3.856000e-05	1.653354e-02	1.093375e+01
3.857000e-05	9.437031e-03	1.114368e+01
3.858000e-05	1.085892e-02	1.133568e+01
3.859000e-05	-6.360842e-03	1.156568e+01
3.860000e-05	1.459386e-02	1.178893e+01
3.861000e-05	1.798919e-02	1.199575e+01
3.862000e-05	1.026141e-02	1.214673e+01
3.863000e-05	-4.107886e-03	1.234466e+01
3.864000e-05	3.681306e-03	1.251368e+01
3.865000e-05	1.737032e-02	1.271248e+01
3.866000e-05	1.075784e-02	1.287299e+01
3.867000e-05	5.898404e-03	1.304989e+01
3.868000e-05	5.120791e-03	1.320781e+01
3.869000e-05	2.098162e-02	1.334471e+01
3.870000e-05	9.690982e-03	1.351002e+01
3.871000e-05	4.629728e-03	1.365889e+01
3.872000e-05	1.946124e-03	1.383624e+01
3.873000e-05	1.886428e-02	1.390425e+01
3.874000e-05	1.368431e-02	1.411087e+01
3.875000e-05	8.641932e-03	1.425689e+01
3.876000e-05	7.942140e-03	1.436561e+01
3.877000e-05	1.772427e-02	1.449303e+01
3.878000e-05	1.576007e-02	1.462721e+01
3.879000e-05	6.543352e-03	1.468107e+01
3.880000e-05	1.156075e-02	1.479526e+01
3.881000e-05	1.463375e-02	1.488147e+01
3.882000e-05	2.031817e-02	1.494407e+01
3.883000e-05	9.062955e-03	1.501882e+01
3.884000e-05	1.302797e-02	1.512952e+01
3.885000e-05	1.480410e-02	1.520506e+01
3.886000e-05	1.893890e-02	1.524729e+01
3.887000e-05	1.246384e-02	1.530155e+01
3.888000e-05	1.232549e-02	1.541258e+01
3.889000e-05	1.975479e-02	1.543824e+01
3.890000e-05	1.959509e-02	1.547885e+01
3.891000e-05	1.789722e-02	1.549088e+01
3.892000e-05	1.326224e-02	1.555150e+01
3.893000e-05	2.239411e-02	1.558516e+01
3.894000e-05	2.062564e-02	1.562313e+01
3.895000e-05	2.044985e-02	1.558764e+01
3.896000e-05	1.787010e-02	1.562566e+01
3.897000e-05	2.278738e-02	1.565674e+01
3.898000e-05	2.581663e-02	1.562574e+01
3.899000e-05	2.278145e-02	1.559766e+01
3.900000e-05	2.425908e-02	1.562519e+01
3.901000e-05	2.564492e-02	1.560561e+01
3.902000e-05	3.124410e-02	1.558213e+01
3.903000e-05	2.925134e-02	1.554110e+01
3.904000e-05	2.908077e-02	1.554082e+01
3.905000e-05	3.083494e-02	1.546727e+01
3.906000e-05	3.520621e-02	1.540559e+01
3.907000e-05	3.647791e-02	1.538251e+01
3.908000e-05	3.492258e-02	1.535042e+01
3.909000e-05	3.846879e-02	1.528627e+01
3.910000e-05	4.260789e-02	1.519409e+01
3.911000e-05	4.582210e-02	1.512795e+01
3.912000e-05	4.458040e-02	1.505622e+01
3.913000e-05	4.933735e-02	1.494348e+01
3.914000e-05	5.377919e-02	1.484532e+01
3.915000e-05	5.710753e-02	1.473254e+01
3.916000e-05	5.867680e-02	1.470889e+01
3.917000e-05	5.916307e-02	1.457301e+01
3.918000e-05	6.433656e-02	1.447870e+01
3.919000e-05	6.290738e-02	1.437255e+01
3.920000e-05	6.346900e-02	1.422816e+01
3.921000e-05	6.045745e-02	1.408022e+01
3.922000e-05	6.318889e-02	1.398093e+01
3.923000e-05	6.061178e-02	1.384507e+01
3.924000e-05	5.760898e-02	1.365722e+01
3.925000e-05	5.331830e-02	1.351940e+01
3.926000e-05	5.241752e-02	1.341351e+01
3.927000e-05	5.023604e-02	1.320374e+01
3.928000e-05	4.438905e-02	1.305675e+01
3.929000e-05	4.150209e-02	1.293033e+01
3.930000e-05	4.135349e-02	1.271092e+01
3.931000e-05	3.870240e-02	1.259251e+01
3.932000e-05	3.363022e-02	1.240204e+01
3.933000e-05	2.942352e-02	1.222459e+01
3.934000e-05	2.829772e-02	1.201461e+01
3.935000e-05	2.768887e-02	1.183472e+01
3.936000e-05	2.388416e-02	1.163547e+01
3.937000e-05	2.152254e-02	1.141402e+01
3.938000e-05	2.195214e-02	1.118299e+01
3.939000e-05	2.073153e-02	1.098457e+01
3.940000e-05	1.742230e-02	1.078307e+01
3.941000e-05	1.359815e-02	1.056301e+01
3.942000e-05	1.363075e-02	1.037146e+01
3.943000e-05	1.384851e-02	1.013096e+01
3.944000e-05	1.186230e-02	9.869299e+00
3.945000e-05	9.466456e-03	9.656750e+00
3.946000e-05	1.006279e-02	9.417220e+00
3.947000e-05	1.108350e-02	9.214239e+00
3.948000e-05	8.002905e-03	8.993042e+00
3.949000e-05	5.596484e-03	8.710506e+00
3.950000e-05	4.384693e-03	8.499956e+00
3.951000e-05	6.376712e-03	8.275779e+00
3.952000e-05	4.553619e-03	8.003141e+00
3.953000e-05	3.893536e-03	7.731014e+00
3.954000e-05	3.509305e-03	7.507798e+00
3.955000e-05	3.949173e-03	7.183139e+00
3.956000e-05	2.851722e-03	6.951961e+00
3.957000e-05	6.029988e-04	6.708300e+00
3.958000e-05	1.465293e-03	6.364694e+00
3.959000e-05	1.664215e-03	6.152558e+00
3.960000e-05	1.560722e-03	5.898880e+00
3.961000e-05	-4.943348e-04	5.617721e+00
3.962000e-05	-5.635796e-04	5.342062e+00
3.963000e-05	1.372594e-04	4.972595e+00
3.964000e-05	-2.364038e-04	4.679407e+00
3.965000e-05	-2.248650e-03	4.406849e+00
3.966000e-05	-2.377387e-03	4.101534e+00
3.967000e-05	-4.899435e-04	3.857751e+00
3.968000e-05	-1.699673e-03	3.575224e+00
3.969000e-05	-3.618106e-03	3.300957e+00
3.970000e-05	-3.616299e-03	3.016197e+00
3.971000e-05	-3.113409e-03	2.754146e+00
3.972000e-05	-3.016457e-03	2.417299e+00
3.973000e-05	-4.594879e-03	2.143114e+00
3.974000e-05	-4.395502e-03	1.923482e+00
3.975000e-05	-3.545009e-03	1.574747e+00
3.976000e-05	-3.009474e-03	1.282008e+00
3.977000e-05	-4.307842e-03	9.436117e-01
3.978000e-05	-4.712379e-03	6.710088e-01
3.979000e-05	-4.146287e-03	3.657984e-01
3.980000e-05	-1.711018e-03	9.050659e-02
3.981000e-05	1.649985e-04	-1.921462e-01
3.982000e-05	3.883299e-03	-4.562278e-01
3.983000e-05	-6.111351e-03	-7.404989e-01
3.984000e-05	-3.682816e-05	-9.521490e-01
3.985000e-05	-5.060656e-03	-1.276257e+00
3.986000e-05	-2.398118e-03	-1.591498e+00
3.987000e-05	4.667776e-03	-1.822573e+00
3.988000e-05	4.946552e-02	-2.051150e+00
3.989000e-05	8.141958e-02	-2.351044e+00
3.990000e-05	-9.069577e-02	-2.749967e+00
3.991000e-05	-3.640233e-02	-3.107986e+00
3.992000e-05	-4.712794e-02	-3.410470e+00
3.993000e-05	-1.636702e-02	-3.622074e+00
3.994000e-05	-5.308944e-02	-3.884761e+00
3.995000e-05	1.292810e-01	-4.074079e+00
3.996000e-05	-9.882575e-02	-4.306907e+00
3.997000e-05	6.349028e-02	-4.611073e+00
3.998000e-05	7.779453e-02	-4.843726e+00
3.999000e-05	-1.518497e-01	-5.211124e+00
4.000000e-05	1.123992e-01	-5.505256e+00
4.001000e-05	-1.552614e-01	-5.750067e+00
4.002000e-05	9.479645e-02	-6.032125e+00
4.003000e-05	2.510115e-03	-6.245204e+00
4.004000e-05	-6.078278e-02	-6.601042e+00
4.005000e-05	1.045803e-01	-6.860602e+00
4.006000e-05	-1.146590e-01	-7.148940e+00
4.007000e-05	6.549249e-02	-7.389495e+00
4.008000e-05	-7.362350e-02	-7.685302e+00
4.009000e-05	8.579734e-03	-7.999965e+00
4.010000e-05	4.118279e-02	-8.210918e+00
4.011000e-05	-7.354372e-02	-8.465146e+00
4.012000e-05	8.690884e-02	-8.705755e+00
4.013000e-05	-1.051130e-01	-8.948339e+00
4.014000e-05	5.519540e-02	-9.177866e+00
4.015000e-05	-4.989691e-02	-9.379494e+00
4.016000e-05	7.582555e-03	-9.682128e+00
4.017000e-05	2.087137e-03	-9.842099e+00
4.018000e-05	-3.291759e-02	-1.012471e+01
4.019000e-05	4.053658e-02	-1.032423e+01
4.020000e-05	-6.605759e-02	-1.058884e+01
4.021000e-05	3.744169e-02	-1.076683e+01
4.022000e-05	-6.244828e-02	-1.099839e+01
4.023000e-05	3.562988e-02	-1.118739e+01
4.024000e-05	-4.325352e-02	-1.137734e+01
4.025000e-05	1.408538e-02	-1.164789e+01
4.026000e-05	-2.406222e-02	-1.182944e+01
4.027000e-05	-1.243693e-03	-1.204907e+01
4.028000e-05	-1.453933e-02	-1.222894e+01
4.029000e-05	-2.446142e-02	-1.239837e+01
4.030000e-05	6.038374e-04	-1.256721e+01
4.031000e-05	-2.701156e-02	-1.277531e+01
4.032000e-05	6.940715e-03	-1.296356e+01
4.033000e-05	-3.478207e-02	-1.309155e+01
4.034000e-05	7.684152e-03	-1.326984e+01
4.035000e-05	-3.140108e-02	-1.342637e+01
4.036000e-05	-2.546911e-04	-1.355521e+01
4.037000e-05	-3.077904e-02	-1.371103e+01
4.038000e-05	-6.671347e-03	-1.385950e+01
4.039000e-05	-1.981509e-02	-1.399529e+01
4.040000e-05	-1.145550e-02	-1.413258e+01
4.041000e-05	-1.860964e-02	-1.423987e+01
4.042000e-05	-1.687389e-02	-1.438523e+01
4.043000e-05	-1.519671e-02	-1.448145e+01
4.044000e-05	-1.948543e-02	-1.459831e+01
4.045000e-05	-1.660154e-02	-1.472052e+01
4.046000e-05	-2.202286e-02	-1.481668e+01
4.047000e-05	-1.264666e-02	-1.490993e+01
4.048000e-05	-2.172767e-02	-1.497609e+01
4.049000e-05	-1.699065e-02	-1.507937e+01
4.050000e-05	-2.473088e-02	-1.516253e+01
4.051000e-05	-1.463179e-02	-1.519669e+01
4.052000e-05	-2.435395e-02	-1.529090e+01
4.053000e-05	-1.853570e-02	-1.535368e+01
4.054000e-05	-2.466974e-02	-1.536526e+01
4.055000e-05	-1.772720e-02	-1.546729e+01
4.056000e-05	-2.436382e-02	-1.553100e+01
4.057000e-05	-2.498146e-02	-1.556095e+01
4.058000e-05	-2.489509e-02	-1.556465e+01
4.059000e-05	-2.494575e-02	-1.559361e+01
4.060000e-05	-2.300289e-02	-1.563721e+01
4.061000e-05	-2.829327e-02	-1.562519e+01
4.062000e-05	-2.583548e-02	-1.567630e+01
4.063000e-05	-2.924126e-02	-1.563674e+01
4.064000e-05	-2.879888e-02	-1.565626e+01
4.065000e-05	-3.290485e-02	-1.565575e+01
4.066000e-05	-3.262394e-02	-1.562566e+01
4.067000e-05	-3.248170e-02	-1.559514e+01
4.068000e-05	-3.349527e-02	-1.557306e+01
4.069000e-05	-3.643793e-02	-1.553998e+01
4.070000e-05	-3.741103e-02	-1.554198e+01
4.071000e-05	-3.860516e-02	-1.547735e+01
4.072000e-05	-3.877495e-02	-1.544721e+01
4.073000e-05	-4.355883e-02	-1.537311e+01
4.074000e-05	-4.450894e-02	-1.534143e+01
4.075000e-05	-4.631141e-02	-1.524624e+01
4.076000e-05	-4.756663e-02	-1.517256e+01
4.077000e-05	-5.121083e-02	-1.512985e+01
4.078000e-05	-5.469246e-02	-1.508709e+01
4.079000e-05	-5.600530e-02	-1.498201e+01
4.080000e-05	-5.797627e-02	-1.485777e+01
4.081000e-05	-6.210151e-02	-1.483408e+01
4.082000e-05	-6.652651e-02	-1.469035e+01
4.083000e-05	-6.762895e-02	-1.456321e+01
4.084000e-05	-6.807406e-02	-1.448732e+01
4.085000e-05	-7.019507e-02	-1.435046e+01
4.086000e-05	-7.103796e-02	-1.421462e+01
4.087000e-05	-6.912850e-02	-1.406719e+01
4.088000e-05	-6.682767e-02	-1.395998e+01
4.089000e-05	-6.574792e-02	-1.379512e+01
4.090000e-05	-6.455216e-02	-1.367772e+01
4.091000e-05	-6.236762e-02	-1.351045e+01
4.092000e-05	-5.861814e-02	-1.337256e+01
4.093000e-05	-5.508834e-02	-1.319567e+01
4.094000e-05	-5.275337e-02	-1.307732e+01
4.095000e-05	-5.085154e-02	-1.290887e+01
4.096000e-05	-4.625585e-02	-1.268041e+01
4.097000e-05	-4.336845e-02	-1.261156e+01
4.098000e-05	-4.133659e-02	-1.239361e+01
4.099000e-05	-4.054134e-02	-1.223719e+01
4.100000e-05	-3.574145e-02	-1.204371e+01
4.101000e-05	-3.357401e-02	-1.180364e+01
4.102000e-05	-3.184096e-02	-1.158411e+01
4.103000e-05	-3.077460e-02	-1.139193e+01
4.104000e-05	-2.880360e-02	-1.113146e+01
4.105000e-05	-2.538232e-02	-1.093096e+01
4.106000e-05	-2.550471e-02	-1.074301e+01
4.107000e-05	-2.472578e-02	-1.055201e+01
4.108000e-05	-2.209968e-02	-1.030978e+01
4.109000e-05	-2.010065e-02	-1.009940e+01
4.110000e-05	-1.987246e-02	-9.898872e+00
4.111000e-05	-1.925789e-02	-9.668329e+00
4.112000e-05	-1.891035e-02	-9.416170e+00
4.113000e-05	-1.620488e-02	-9.156066e+00
4.114000e-05	-1.549550e-02	-8.993566e+00
4.115000e-05	-1.526821e-02	-8.730905e+00
4.116000e-05	-1.431503e-02	-8.438373e+00
4.117000e-05	-1.262531e-02	-8.225751e+00
4.118000e-05	-1.160874e-02	-7.982065e+00
4.119000e-05	-1.312461e-02	-7.699354e+00
4.120000e-05	-1.103361e-02	-7.417721e+00
4.121000e-05	-1.129925e-02	-7.152495e+00
4.122000e-05	-9.764505e-03	-6.901484e+00
4.123000e-05	-1.095533e-02	-6.647853e+00
4.124000e-05	-9.834958e-03	-6.393646e+00
4.125000e-05	-1.009611e-02	-6.130458e+00
4.126000e-05	-6.991231e-03	-5.858801e+00
4.127000e-05	-7.736431e-03	-5.583072e+00
4.128000e-05	-7.821452e-03	-5.288325e+00
4.129000e-05	-9.251298e-03	-5.003067e+00
4.130000e-05	-5.205848e-03	-4.637279e+00
4.131000e-05	-7.185988e-03	-4.387748e+00
4.132000e-05	-7.660216e-03	-4.143642e+00
4.133000e-05	-7.260109e-03	-3.899805e+00
4.134000e-05	-7.123793e-03	-3.586250e+00
4.135000e-05	-6.540634e-03	-3.341062e+00
4.136000e-05	-6.052784e-03	-3.024652e+00
4.137000e-05	-5.520565e-03	-2.731612e+00
4.138000e-05	-3.499847e-03	-2.408401e+00
4.139000e-05	-4.469891e-03	-2.133621e+00
4.140000e-05	-5.825386e-03	-1.889959e+00
4.141000e-05	-5.516642e-03	-1.583852e+00
4.142000e-05	-4.433681e-03	-1.226904e+00
4.143000e-05	-3.506005e-03	-9.352209e-01
4.144000e-05	-5.117465e-03	-6.394142e-01
4.145000e-05	-2.298138e-03	-3.555724e-01
4.146000e-05	-1.866400e-04	-1.225118e-01
4.147000e-05	7.595937e-03	1.717263e-01
4.148000e-05	2.004579e-03	4.657832e-01
4.149000e-05	1.147023e-03	7.164410e-01
4.150000e-05	1.932930e-04	1.043320e+00
4.151000e-05	2.392496e-03	1.306861e+00
4.152000e-05	1.880789e-03	1.573278e+00
4.153000e-05	6.055502e-03	1.876760e+00
4.154000e-05	3.341637e-02	2.097838e+00
4.155000e-05	7.607156e-02	2.433647e+00
4.156000e-05	-1.875960e-02	2.823123e+00
4.157000e-05	-5.896896e-02	3.075808e+00
4.158000e-05	-3.917998e-02	3.372011e+00
4.159000e-05	-6.900214e-04	3.631674e+00
4.160000e-05	-3.346110e-02	3.883103e+00
4.161000e-05	-2.516943e-02	4.043144e+00
4.162000e-05	8.840040e-02	4.358489e+00
4.163000e-05	-3.855202e-02	4.671651e+00
4.164000e-05	7.608750e-02	4.884726e+00
4.165000e-05	1.786822e-02	5.264329e+00
4.166000e-05	-8.346935e-02	5.558288e+00
4.167000e-05	5.845901e-02	5.791120e+00
4.168000e-05	-4.142404e-02	6.075781e+00
4.169000e-05	4.614628e-02	6.336284e+00
4.170000e-05	-2.404172e-02	6.613123e+00
4.171000e-05	2.377398e-03	6.894256e+00
4.172000e-05	5.817119e-02	7.115860e+00
4.173000e-05	-3.434684e-02	7.443547e+00
4.174000e-05	-7.952530e-04	7.696857e+00
4.175000e-05	-3.369796e-02	8.010546e+00
4.176000e-05	6.421727e-02	8.281676e+00
4.177000e-05	4.870499e-05	8.472728e+00
4.178000e-05	-2.313488e-02	8.703680e+00
4.179000e-05	3.191264e-02	8.967858e+00
4.180000e-05	-1.490531e-02	9.210438e+00
4.181000e-05	3.280115e-02	9.429944e+00
4.182000e-05	-3.010906e-02	9.642047e+00
4.183000e-05	2.035268e-02	9.883230e+00
4.184000e-05	7.948575e-03	1.014533e+01
4.185000e-05	2.528302e-02	1.036468e+01
4.186000e-05	-1.540766e-04	1.056876e+01
4.187000e-05	-1.736957e-02	1.080731e+01
4.188000e-05	2.570609e-02	1.098833e+01
4.189000e-05	-4.118648e-04	1.117586e+01
4.190000e-05	1.813465e-02	1.141791e+01
4.191000e-05	-1.455247e-02	1.164889e+01
4.192000e-05	2.965517e-02	1.183197e+01
4.193000e-05	8.249652e-03	1.207892e+01
4.194000e-05	1.209565e-02	1.219897e+01
4.195000e-05	-8.709110e-03	1.240789e+01
4.196000e-05	1.079357e-02	1.257726e+01
4.197000e-05	1.769846e-02	1.276263e+01
4.198000e-05	5.464501e-03	1.292210e+01
4.199000e-05	7.616415e-03	1.312153e+01
4.200000e-05	5.441227e-03	1.326102e+01
4.201000e-05	2.629332e-02	1.336784e+01
4.202000e-05	3.200197e-03	1.355363e+01
4.203000e-05	6.964864e-03	1.372352e+01
4.204000e-05	3.938015e-03	1.386829e+01
4.205000e-05	2.125611e-02	1.400826e+01
4.206000e-05	1.042696e-02	1.412262e+01
4.207000e-05	7.010136e-03	1.430052e+01
4.208000e-05	1.133305e-02	1.442717e+01
4.209000e-05	1.709972e-02	1.452457e+01
4.210000e-05	1.617049e-02	1.464884e+01
4.211000e-05	4.277995e-03	1.474360e+01
4.212000e-05	1.306918e-02	1.481679e+01
4.213000e-05	1.515778e-02	1.493100e+01
4.214000e-05	1.917454e-02	1.496523e+01
4.215000e-05	9.025607e-03	1.506995e+01
4.216000e-05	1.193543e-02	1.516305e+01
4.217000e-05	1.779032e-02	1.519524e+01
4.218000e-05	1.773791e-02	1.527587e+01
4.219000e-05	1.367652e-02	1.533100e+01
4.220000e-05	1.188593e-02	1.543364e+01
4.221000e-05	2.096164e-02	1.546574e+01
4.222000e-05	2.012518e-02	1.551039e+01
4.223000e-05	1.621906e-02	1.554252e+01
4.224000e-05	1.396770e-02	1.557261e+01
4.225000e-05	2.086189e-02	1.562461e+01
4.226000e-05	2.377420e-02	1.561366e+01
4.227000e-05	1.897554e-02	1.560614e+01
4.228000e-05	1.890377e-02	1.562724e+01
4.229000e-05	2.261895e-02	1.565519e+01
4.230000e-05	2.775034e-02	1.561579e+01
4.231000e-05	2.223971e-02	1.561569e+01
4.232000e-05	2.386269e-02	1.558516e+01
4.233000e-05	2.698671e-02	1.560606e+01
4.234000e-05	3.266574e-02	1.562205e+01
4.235000e-05	2.947826e-02	1.555147e+01
4.236000e-05	2.709949e-02	1.552030e+01
4.237000e-05	3.269183e-02	1.548627e+01
4.238000e-05	3.661387e-02	1.540464e+01
4.239000e-05	3.688148e-02	1.539093e+01
4.240000e-05	3.467123e-02	1.529830e+01
4.241000e-05	4.010671e-02	1.523619e+01
4.242000e-05	4.414433e-02	1.520298e+01
4.243000e-05	4.601426e-02	1.512992e+01
4.244000e-05	4.315807e-02	1.499464e+01
4.245000e-05	4.948183e-02	1.498003e+01
4.246000e-05	5.468048e-02	1.485521e+01
4.247000e-05	5.802083e-02	1.475945e+01
4.248000e-05	5.774115e-02	1.465727e+01
4.249000e-05	6.147134e-02	1.456093e+01
4.250000e-05	6.503688e-02	1.440617e+01
4.251000e-05	6.540037e-02	1.432840e+01
4.252000e-05	5.982522e-02	1.418451e+01
4.253000e-05	5.963345e-02	1.409526e+01
4.254000e-05	6.059163e-02	1.393880e+01
4.255000e-05	6.024994e-02	1.379146e+01
4.256000e-05	5.525303e-02	1.362417e+01
4.257000e-05	5.539632e-02	1.346732e+01
4.258000e-05	5.218630e-02	1.333037e+01
4.259000e-05	5.032046e-02	1.320161e+01
4.260000e-05	4.289878e-02	1.300409e+01
4.261000e-05	3.781782e-02	1.284667e+01
4.262000e-05	3.769156e-02	1.263780e+01
4.263000e-05	3.636692e-02	1.251830e+01
4.264000e-05	3.365950e-02	1.233993e+01
4.265000e-05	2.860512e-02	1.220046e+01
4.266000e-05	3.024797e-02	1.195245e+01
4.267000e-05	2.639078e-02	1.174099e+01
4.268000e-05	2.461991e-02	1.153993e+01
4.269000e-05	1.858669e-02	1.137990e+01
4.270000e-05	1.978433e-02	1.110995e+01
4.271000e-05	1.945522e-02	1.095290e+01
4.272000e-05	1.763677e-02	1.067941e+01
4.273000e-05	1.396445e-02	1.052833e+01
4.274000e-05	1.370606e-02	1.028733e+01
4.275000e-05	1.347154e-02	1.006577e+01
4.276000e-05	1.100601e-02	9.825093e+00
4.277000e-05	8.774611e-03	9.565561e+00
4.278000e-05	8.033755e-03	9.362010e+00
4.279000e-05	9.967386e-03	9.130880e+00
4.280000e-05	7.304053e-03	8.879350e+00
4.281000e-05	5.773950e-03	8.667272e+00
4.282000e-05	5.153297e-03	8.396696e+00
4.283000e-05	5.798404e-03	8.204036e+00
4.284000e-05	4.582086e-03	7.908481e+00
4.285000e-05	2.276472e-03	7.656200e+00
4.286000e-05	2.333219e-03	7.353017e+00
4.287000e-05	3.174656e-03	7.110409e+00
4.288000e-05	2.550333e-03	6.867350e+00
4.289000e-05	1.373024e-03	6.564040e+00
4.290000e-05	1.258523e-03	6.311031e+00
4.291000e-05	2.005306e-03	6.109955e+00
4.292000e-05	7.158206e-04	5.796140e+00
4.293000e-05	-9.978375e-04	5.541033e+00
4.294000e-05	-1.961373e-03	5.225651e+00
4.295000e-05	-1.796201e-03	4.877854e+00
4.296000e-05	-5.790570e-04	4.586696e+00
4.297000e-05	-8.499836e-04	4.344013e+00
4.298000e-05	-2.153660e-03	4.048325e+00
4.299000e-05	-2.099476e-03	3.764192e+00
4.300000e-05	-3.075593e-03	3.501033e+00
4.301000e-05	-3.717677e-03	3.186771e+00
4.302000e-05	-4.305764e-03	2.952586e+00
4.303000e-05	-4.274200e-03	2.687360e+00
4.304000e-05	-2.759673e-03	2.302645e+00
4.305000e-05	-3.376646e-03	2.090456e+00
4.306000e-05	-3.769658e-03	1.805224e+00
4.307000e-05	-4.786202e-03	1.492033e+00
4.308000e-05	-4.925695e-03	1.176773e+00
4.309000e-05	-4.617377e-03	8.308511e-01
4.310000e-05	-4.555585e-03	5.642195e-01
4.311000e-05	-4.494068e-03	3.134917e-01
4.312000e-05	-1.930294e-03	-1.172776e-02
4.313000e-05	5.141534e-03	-2.633332e-01
4.314000e-05	-5.461112e-04	-5.270859e-01
4.315000e-05	-2.114412e-03	-8.536790e-01
4.316000e-05	-6.115122e-03	-1.064786e+00
4.317000e-05	-1.030016e-03	-1.383646e+00
4.318000e-05	-4.052862e-03	-1.655205e+00
4.319000e-05	1.677010e-02	-1.894387e+00
4.320000e-05	6.504704e-02	-2.108486e+00
4.321000e-05	3.121999e-02	-2.475782e+00
4.322000e-05	-8.642310e-02	-2.835778e+00
4.323000e-05	-3.210073e-02	-3.241703e+00
4.324000e-05	-3.993090e-02	-3.505781e+00
4.325000e-05	-3.091386e-02	-3.724256e+00
4.326000e-05	-9.492748e-03	-3.956894e+00
4.327000e-05	1.090998e-01	-4.106811e+00
4.328000e-05	-1.532503e-01	-4.431597e+00
4.329000e-05	1.785927e-01	-4.674708e+00
4.330000e-05	-6.441998e-02	-4.980060e+00
4.331000e-05	-4.800176e-02	-5.306806e+00
4.332000e-05	4.826732e-02	-5.559393e+00
4.333000e-05	-1.527822e-01	-5.855233e+00
4.334000e-05	1.612392e-01	-6.144731e+00
4.335000e-05	-9.764152e-02	-6.370043e+00
4.336000e-05	4.128597e-02	-6.705233e+00
4.337000e-05	2.557175e-02	-6.946832e+00
4.338000e-05	-7.965144e-02	-7.234249e+00
4.339000e-05	6.493903e-02	-7.484255e+00
4.340000e-05	-1.134671e-01	-7.781045e+00
4.341000e-05	7.821144e-02	-8.062127e+00
4.342000e-05	-3.440792e-02	-8.254206e+00
4.343000e-05	1.698161e-03	-8.577319e+00
4.344000e-05	3.715040e-02	-8.799513e+00
4.345000e-05	-9.366429e-02	-9.032626e+00
4.346000e-05	6.854589e-02	-9.250070e+00
4.347000e-05	-8.789573e-02	-9.483304e+00
4.348000e-05	6.095563e-02	-9.746786e+00
4.349000e-05	-5.551733e-02	-9.895360e+00
4.350000e-05	2.852793e-02	-1.021542e+01
4.351000e-05	-1.478805e-02	-1.038997e+01
4.352000e-05	-2.593342e-02	-1.063205e+01
4.353000e-05	7.392975e-03	-1.079732e+01
4.354000e-05	-4.288463e-02	-1.104855e+01
4.355000e-05	3.071152e-02	-1.122144e+01
4.356000e-05	-4.668081e-02	-1.143160e+01
4.357000e-05	2.489716e-02	-1.169162e+01
4.358000e-05	-4.359584e-02	-1.189357e+01
4.359000e-05	1.491963e-02	-1.215057e+01
4.360000e-05	-3.902929e-02	-1.229248e+01
4.361000e-05	2.716233e-03	-1.246894e+01
4.362000e-05	-1.989623e-02	-1.267042e+01
4.363000e-05	-3.197095e-03	-1.283787e+01
4.364000e-05	-1.229004e-02	-1.300684e+01
4.365000e-05	-1.980891e-02	-1.316368e+01
4.366000e-05	-5.590355e-03	-1.327197e+01
4.367000e-05	-2.701685e-02	-1.345992e+01
4.368000e-05	-3.549010e-03	-1.358624e+01
4.369000e-05	-2.847205e-02	-1.378423e+01
4.370000e-05	1.272043e-04	-1.394850e+01
4.371000e-05	-2.285002e-02	-1.403839e+01
4.372000e-05	-5.676007e-03	-1.421321e+01
4.373000e-05	-2.435411e-02	-1.429055e+01
4.374000e-05	-1.189190e-02	-1.444689e+01
4.375000e-05	-2.178107e-02	-1.454453e+01
4.376000e-05	-1.504515e-02	-1.463795e+01
4.377000e-05	-2.132144e-02	-1.472208e+01
4.378000e-05	-1.504380e-02	-1.485587e+01
4.379000e-05	-1.653600e-02	-1.497250e+01
4.380000e-05	-1.819358e-02	-1.503571e+01
4.381000e-05	-1.966076e-02	-1.510997e+01
4.382000e-05	-2.145748e-02	-1.517161e+01
4.383000e-05	-1.820118e-02	-1.522677e+01
4.384000e-05	-2.342700e-02	-1.530887e+01
4.385000e-05	-1.923759e-02	-1.533313e+01
4.386000e-05	-2.461079e-02	-1.545431e+01
4.387000e-05	-1.766459e-02	-1.548889e+01
4.388000e-05	-2.640854e-02	-1.554105e+01
4.389000e-05	-2.240350e-02	-1.552153e+01
4.390000e-05	-2.641529e-02	-1.560361e+01
4.391000e-05	-2.242553e-02	-1.564261e+01
4.392000e-05	-2.528847e-02	-1.562624e+01
4.393000e-05	-2.730157e-02	-1.560674e+01
4.394000e-05	-2.696911e-02	-1.566840e+01
4.395000e-05	-2.911481e-02	-1.562574e+01
4.396000e-05	-2.857598e-02	-1.562622e+01
4.397000e-05	-3.256533e-02	-1.565572e+01
4.398000e-05	-3.131740e-02	-1.561571e+01
4.399000e-05	-3.299817e-02	-1.558564e+01
4.400000e-05	-3.393642e-02	-1.559454e+01
4.401000e-05	-3.710388e-02	-1.552253e+01
4.402000e-05	-3.772677e-02	-1.551797e+01
4.403000e-05	-3.907263e-02	-1.545733e+01
4.404000e-05	-3.973860e-02	-1.541722e+01
4.405000e-05	-4.396874e-02	-1.537354e+01
4.406000e-05	-4.482796e-02	-1.530984e+01
4.407000e-05	-4.694956e-02	-1.522364e+01
4.408000e-05	-4.847585e-02	-1.513206e+01
4.409000e-05	-5.244729e-02	-1.508935e+01
4.410000e-05	-5.434547e-02	-1.503511e+01
4.411000e-05	-5.678884e-02	-1.496140e+01
4.412000e-05	-5.970476e-02	-1.484575e+01
4.413000e-05	-6.301986e-02	-1.473196e+01
4.414000e-05	-6.703729e-02	-1.466682e+01
4.415000e-05	-6.795797e-02	-1.452043e+01
4.416000e-05	-6.902232e-02	-1.440519e+01
4.417000e-05	-6.977291e-02	-1.427978e+01
4.418000e-05	-6.989091e-02	-1.420194e+01
4.419000e-05	-6.901032e-02	-1.407619e+01
4.420000e-05	-6.664140e-02	-1.390888e+01
4.421000e-05	-6.666169e-02	-1.380301e+01
4.422000e-05	-6.368774e-02	-1.363469e+01
4.423000e-05	-6.090603e-02	-1.345883e+01
4.424000e-05	-5.780497e-02	-1.333043e+01
4.425000e-05	-5.455861e-02	-1.316303e+01
4.426000e-05	-5.195450e-02	-1.301517e+01
4.427000e-05	-4.834184e-02	-1.285667e+01
4.428000e-05	-4.536601e-02	-1.268617e+01
4.429000e-05	-4.228896e-02	-1.254040e+01
4.430000e-05	-4.089955e-02	-1.234145e+01
4.431000e-05	-3.837861e-02	-1.215146e+01
4.432000e-05	-3.657628e-02	-1.201053e+01
4.433000e-05	-3.291308e-02	-1.177891e+01
4.434000e-05	-3.162775e-02	-1.150945e+01
4.435000e-05	-2.924126e-02	-1.132825e+01
4.436000e-05	-2.848670e-02	-1.107730e+01
4.437000e-05	-2.558829e-02	-1.090833e+01
4.438000e-05	-2.491663e-02	-1.068797e+01
4.439000e-05	-2.325574e-02	-1.048835e+01
4.440000e-05	-2.188301e-02	-1.023522e+01
4.441000e-05	-2.018740e-02	-1.000472e+01
4.442000e-05	-1.924828e-02	-9.806096e+00
4.443000e-05	-1.858342e-02	-9.592615e+00
4.444000e-05	-1.729188e-02	-9.320983e+00
4.445000e-05	-1.662510e-02	-9.100384e+00
4.446000e-05	-1.579470e-02	-8.918354e+00
4.447000e-05	-1.594538e-02	-8.635650e+00
4.448000e-05	-1.455642e-02	-8.414664e+00
4.449000e-05	-1.356073e-02	-8.123587e+00
4.450000e-05	-1.153006e-02	-7.898805e+00
4.451000e-05	-1.248355e-02	-7.624616e+00
4.452000e-05	-1.144167e-02	-7.331041e+00
4.453000e-05	-1.176144e-02	-7.096878e+00
4.454000e-05	-9.321702e-03	-6.796248e+00
4.455000e-05	-1.064599e-02	-6.562615e+00
4.456000e-05	-9.653680e-03	-6.349412e+00
4.457000e-05	-1.128381e-02	-6.046274e+00
4.458000e-05	-8.225714e-03	-5.803113e+00
4.459000e-05	-9.880626e-03	-5.499385e+00
4.460000e-05	-7.952285e-03	-5.185596e+00
4.461000e-05	-9.275302e-03	-4.877203e+00
4.462000e-05	-5.836687e-03	-4.533616e+00
4.463000e-05	-8.343785e-03	-4.332537e+00
4.464000e-05	-6.769122e-03	-4.058907e+00
4.465000e-05	-8.521106e-03	-3.774147e+00
4.466000e-05	-6.021595e-03	-3.522512e+00
4.467000e-05	-7.891070e-03	-3.245829e+00
4.468000e-05	-5.556985e-03	-2.901534e+00
4.469000e-05	-6.196504e-03	-2.648879e+00
4.470000e-05	-4.427789e-03	-2.355696e+00
4.471000e-05	-4.918191e-03	-2.039875e+00
4.472000e-05	-4.723943e-03	-1.764744e+00
4.473000e-05	-6.485571e-03	-1.530463e+00
4.474000e-05	-5.172075e-03	-1.113592e+00
4.475000e-05	-4.227893e-03	-8.685067e-01
4.476000e-05	-2.913680e-03	-5.841222e-01
4.477000e-05	-2.146265e-03	-3.014592e-01
4.478000e-05	-2.440719e-04	-9.377516e-03
4.479000e-05	9.019466e-03	2.979594e-01
4.480000e-05	-1.832766e-03	5.400411e-01
4.481000e-05	3.926952e-03	7.826477e-01
4.482000e-05	-4.411502e-03	1.149037e+00
4.483000e-05	3.775524e-03	1.390621e+00
4.484000e-05	1.645308e-03	1.718415e+00
4.485000e-05	1.447103e-02	1.970042e+00
4.486000e-05	4.185041e-02	2.213124e+00
4.487000e-05	7.148194e-02	2.549561e+00
4.488000e-05	-6.275865e-02	2.915879e+00
4.489000e-05	-4.302141e-02	3.147992e+00
4.490000e-05	-3.271064e-02	3.453727e+00
4.491000e-05	6.107139e-03	3.665361e+00
4.492000e-05	-5.326371e-02	3.916313e+00
4.493000e-05	5.541366e-03	4.137381e+00
4.494000e-05	8.749549e-02	4.444703e+00
4.495000e-05	-7.026355e-02	4.695831e+00
4.496000e-05	1.422437e-01	5.002116e+00
4.497000e-05	-8.023000e-02	5.355992e+00
4.498000e-05	-1.018062e-02	5.582044e+00
4.499000e-05	3.082801e-02	5.906783e+00
4.500000e-05	-3.716246e-02	6.185817e+00
4.501000e-05	5.434874e-02	6.412093e+00
4.502000e-05	-5.472789e-02	6.716356e+00
4.503000e-05	4.940211e-02	6.987889e+00
4.504000e-05	1.515332e-02	7.240123e+00
4.505000e-05	-1.845654e-02	7.506732e+00
4.506000e-05	-1.562634e-02	7.818545e+00
4.507000e-05	-6.600945e-03	8.114775e+00
4.508000e-05	5.908410e-02	8.334805e+00
4.509000e-05	-2.305519e-02	8.538358e+00
4.510000e-05	5.064910e-04	8.766390e+00
4.511000e-05	1.968240e-02	9.061546e+00
4.512000e-05	-6.342856e-03	9.283574e+00
4.513000e-05	2.209980e-02	9.464706e+00
4.514000e-05	-2.718722e-02	9.776257e+00
4.515000e-05	2.579936e-02	9.987911e+00
4.516000e-05	7.851845e-03	1.022844e+01
4.517000e-05	2.353443e-02	1.042991e+01
4.518000e-05	-1.292088e-02	1.065104e+01
4.519000e-05	-4.609449e-03	1.082157e+01
4.520000e-05	2.258778e-02	1.107044e+01
4.521000e-05	7.612524e-04	1.123039e+01
4.522000e-05	1.072374e-02	1.147055e+01
4.523000e-05	-6.916267e-03	1.172418e+01
4.524000e-05	3.165872e-02	1.188315e+01
4.525000e-05	4.231004e-03	1.210163e+01
4.526000e-05	6.046742e-03	1.232207e+01
4.527000e-05	-5.920378e-03	1.245210e+01
4.528000e-05	1.566004e-02	1.260942e+01
4.529000e-05	1.622195e-02	1.280889e+01
4.530000e-05	3.948310e-03	1.297624e+01
4.531000e-05	9.253801e-03	1.312368e+01
4.532000e-05	1.224075e-02	1.332355e+01
4.533000e-05	2.037953e-02	1.348147e+01
4.534000e-05	1.356377e-03	1.359626e+01
4.535000e-05	4.341498e-03	1.372403e+01
4.536000e-05	1.023955e-02	1.389055e+01
4.537000e-05	1.896778e-02	1.402781e+01
4.538000e-05	1.115717e-02	1.417470e+01
4.539000e-05	5.915361e-03	1.436302e+01
4.540000e-05	1.535605e-02	1.445739e+01
4.541000e-05	1.553672e-02	1.455373e+01
4.542000e-05	1.184010e-02	1.461739e+01
4.543000e-05	6.511401e-03	1.476423e+01
4.544000e-05	1.426688e-02	1.483687e+01
4.545000e-05	1.994680e-02	1.493300e+01
4.546000e-05	1.466894e-02	1.502632e+01
4.547000e-05	1.170629e-02	1.507150e+01
4.548000e-05	1.231908e-02	1.516361e+01
4.549000e-05	1.921871e-02	1.523619e+01
4.550000e-05	1.373280e-02	1.530885e+01
4.551000e-05	1.349461e-02	1.538353e+01
4.552000e-05	1.476631e-02	1.542769e+01
4.553000e-05	2.187327e-02	1.546877e+01
4.554000e-05	1.954253e-02	1.550997e+01
4.555000e-05	1.391048e-02	1.553255e+01
4.556000e-05	1.804230e-02	1.556213e+01
4.557000e-05	2.033551e-02	1.560464e+01
4.558000e-05	2.271220e-02	1.560524e+01
4.559000e-05	1.700896e-02	1.566429e+01
4.560000e-05	2.160390e-02	1.562634e+01
4.561000e-05	2.430948e-02	1.564622e+01
4.562000e-05	2.626791e-02	1.564674e+01
4.563000e-05	2.226785e-02	1.560674e+01
4.564000e-05	2.473423e-02	1.558366e+01
4.565000e-05	3.006242e-02	1.559363e+01
4.566000e-05	3.116848e-02	1.557206e+01
4.567000e-05	3.005505e-02	1.552050e+01
4.568000e-05	2.898558e-02	1.550937e+01
4.569000e-05	3.522232e-02	1.544624e+01
4.570000e-05	3.570840e-02	1.539456e+01
4.571000e-05	3.634948e-02	1.537990e+01
4.572000e-05	3.628898e-02	1.530874e+01
4.573000e-05	4.175871e-02	1.520469e+01
4.574000e-05	4.549720e-02	1.513143e+01
4.575000e-05	4.577225e-02	1.506735e+01
4.576000e-05	4.794730e-02	1.497456e+01
4.577000e-05	5.221343e-02	1.488885e+01
4.578000e-05	5.775117e-02	1.481364e+01
4.579000e-05	5.675026e-02	1.468098e+01
4.580000e-05	5.838358e-02	1.459511e+01
4.581000e-05	6.147113e-02	1.452845e+01
4.582000e-05	6.478441e-02	1.437304e+01
4.583000e-05	6.387925e-02	1.429732e+01
4.584000e-05	6.241290e-02	1.412935e+01
4.585000e-05	6.281043e-02	1.402303e+01
4.586000e-05	6.132615e-02	1.386527e+01
4.587000e-05	5.736199e-02	1.370890e+01
4.588000e-05	5.475167e-02	1.356203e+01
4.589000e-05	5.357055e-02	1.342611e+01
4.590000e-05	5.201199e-02	1.329578e+01
4.591000e-05	4.696258e-02	1.310940e+01
4.592000e-05	4.235475e-02	1.295198e+01
4.593000e-05	3.921950e-02	1.280259e+01
4.594000e-05	3.983323e-02	1.260579e+01
4.595000e-05	3.482497e-02	1.246875e+01
4.596000e-05	3.185347e-02	1.225625e+01
4.597000e-05	2.889496e-02	1.208837e+01
4.598000e-05	2.857924e-02	1.185830e+01
4.599000e-05	2.578380e-02	1.170873e+01
4.600000e-05	2.223541e-02	1.149730e+01
4.601000e-05	1.977625e-02	1.127575e+01
4.602000e-05	1.925573e-02	1.104730e+01
4.603000e-05	1.897747e-02	1.086680e+01
4.604000e-05	1.619828e-02	1.065515e+01
4.605000e-05	1.518720e-02	1.040569e+01
4.606000e-05	1.208983e-02	1.018514e+01
4.607000e-05	1.379305e-02	9.983062e+00
4.608000e-05	1.036140e-02	9.720935e+00
4.609000e-05	1.024816e-02	9.520432e+00
4.610000e-05	8.367884e-03	9.288931e+00
4.611000e-05	8.761781e-03	9.016245e+00
4.612000e-05	7.651364e-03	8.784772e+00
4.613000e-05	6.178190e-03	8.593090e+00
4.614000e-05	4.533332e-03	8.330587e+00
4.615000e-05	4.894901e-03	8.069348e+00
4.616000e-05	3.995038e-03	7.825246e+00
4.617000e-05	3.018053e-03	7.543036e+00
4.618000e-05	2.897499e-03	7.276928e+00
4.619000e-05	3.133831e-03	7.068294e+00
4.620000e-05	1.468685e-03	6.763591e+00
4.621000e-05	1.634444e-03	6.499979e+00
4.622000e-05	6.224962e-04	6.206346e+00
4.623000e-05	1.589575e-03	5.976265e+00
4.624000e-05	3.499119e-04	5.740483e+00
4.625000e-05	-7.927607e-04	5.447329e+00
4.626000e-05	-1.124842e-03	5.120360e+00
4.627000e-05	-4.418221e-04	4.774115e+00
4.628000e-05	-2.466631e-03	4.511959e+00
4.629000e-05	-1.870980e-03	4.306229e+00
4.630000e-05	-1.608102e-03	3.934588e+00
4.631000e-05	-3.857743e-03	3.671058e+00
4.632000e-05	-1.374289e-03	3.425176e+00
4.633000e-05	-5.043664e-03	3.102012e+00
4.634000e-05	-1.389614e-03	2.830453e+00
4.635000e-05	-5.457136e-03	2.584516e+00
4.636000e-05	-3.006418e-03	2.280405e+00
4.637000e-05	-3.479238e-03	1.968850e+00
4.638000e-05	-1.555146e-03	1.709532e+00
4.639000e-05	-4.449233e-03	1.375824e+00
4.640000e-05	-5.781297e-03	1.109838e+00
4.641000e-05	-6.631658e-03	7.442432e-01
4.642000e-05	-5.191596e-03	4.920341e-01
4.643000e-05	-4.800967e-03	1.741734e-01
4.644000e-05	-6.348743e-04	-1.068593e-01
4.645000e-05	9.051534e-03	-3.389922e-01
4.646000e-05	-3.290651e-03	-6.058056e-01
4.647000e-05	4.092483e-03	-8.973609e-01
4.648000e-05	-1.021253e-02	-1.151016e+00
4.649000e-05	-8.241575e-04	-1.507416e+00
4.650000e-05	-5.106959e-03	-1.727440e+00
4.651000e-05	3.136338e-02	-1.967916e+00
4.652000e-05	8.397170e-02	-2.183720e+00
4.653000e-05	-3.927618e-02	-2.582618e+00
4.654000e-05	-5.727477e-02	-2.962645e+00
4.655000e-05	-3.844623e-02	-3.285860e+00
4.656000e-05	-1.906431e-02	-3.546916e+00
4.657000e-05	-5.332834e-02	-3.800570e+00
4.658000e-05	6.922271e-02	-4.020043e+00
4.659000e-05	1.869038e-02	-4.181677e+00
4.660000e-05	-9.679353e-02	-4.535758e+00
4.661000e-05	1.694872e-01	-4.696412e+00
4.662000e-05	-1.621008e-01	-5.054804e+00
4.663000e-05	6.742675e-02	-5.422024e+00
4.664000e-05	-5.881662e-02	-5.662649e+00
4.665000e-05	-5.276640e-02	-5.938465e+00
4.666000e-05	1.254930e-01	-6.209469e+00
4.667000e-05	-1.289223e-01	-6.495308e+00
4.668000e-05	1.112104e-01	-6.746312e+00
4.669000e-05	-6.571102e-02	-7.062172e+00
4.670000e-05	-5.521673e-03	-7.357811e+00
4.671000e-05	1.154250e-02	-7.587388e+00
4.672000e-05	-8.488328e-02	-7.903781e+00
4.673000e-05	9.648868e-02	-8.105764e+00
4.674000e-05	-8.864754e-02	-8.389886e+00
4.675000e-05	7.188738e-02	-8.640925e+00
4.676000e-05	-4.395135e-02	-8.842676e+00
4.677000e-05	-2.466765e-02	-9.134258e+00
4.678000e-05	2.302387e-02	-9.345280e+00
4.679000e-05	-6.617615e-02	-9.590468e+00
4.680000e-05	5.692805e-02	-9.849465e+00
4.681000e-05	-7.103773e-02	-1.006057e+01
4.682000e-05	6.092292e-02	-1.031158e+01
4.683000e-05	-5.915878e-02	-1.052263e+01
4.684000e-05	2.087122e-02	-1.068265e+01
4.685000e-05	-3.684201e-02	-1.090317e+01
4.686000e-05	-4.394877e-03	-1.111416e+01
4.687000e-05	-4.407130e-03	-1.133573e+01
4.688000e-05	-2.501094e-02	-1.156273e+01
4.689000e-05	1.102189e-02	-1.175518e+01
4.690000e-05	-3.431960e-02	-1.195821e+01
4.691000e-05	1.479580e-02	-1.215631e+01
4.692000e-05	-4.474510e-02	-1.237371e+01
4.693000e-05	1.417616e-02	-1.251363e+01
4.694000e-05	-3.453993e-02	-1.272257e+01
4.695000e-05	9.765863e-03	-1.290103e+01
4.696000e-05	-3.058105e-02	-1.302939e+01
4.697000e-05	-2.268370e-03	-1.319581e+01
4.698000e-05	-2.109047e-02	-1.332465e+01
4.699000e-05	-1.243865e-02	-1.352058e+01
4.700000e-05	-1.429705e-02	-1.363884e+01
4.701000e-05	-1.984274e-02	-1.379892e+01
4.702000e-05	-6.537806e-03	-1.397313e+01
4.703000e-05	-2.091059e-02	-1.409957e+01
4.704000e-05	-7.549561e-03	-1.422866e+01
4.705000e-05	-2.559622e-02	-1.434213e+01
4.706000e-05	-1.072378e-02	-1.445944e+01
4.707000e-05	-2.370564e-02	-1.459523e+01
4.708000e-05	-1.265809e-02	-1.468042e+01
4.709000e-05	-2.237956e-02	-1.477469e+01
4.710000e-05	-1.275525e-02	-1.485788e+01
4.711000e-05	-1.978061e-02	-1.495406e+01
4.712000e-05	-1.542436e-02	-1.503837e+01
4.713000e-05	-2.370937e-02	-1.513203e+01
4.714000e-05	-1.758358e-02	-1.521516e+01
4.715000e-05	-2.295129e-02	-1.525687e+01
4.716000e-05	-2.050607e-02	-1.532154e+01
4.717000e-05	-2.324625e-02	-1.537521e+01
4.718000e-05	-2.118061e-02	-1.543877e+01
4.719000e-05	-1.942293e-02	-1.547990e+01
4.720000e-05	-2.542991e-02	-1.552250e+01
4.721000e-05	-2.184480e-02	-1.556265e+01
4.722000e-05	-2.680461e-02	-1.559416e+01
4.723000e-05	-2.133800e-02	-1.561511e+01
4.724000e-05	-2.862735e-02	-1.562622e+01
4.725000e-05	-2.653226e-02	-1.568729e+01
4.726000e-05	-2.825031e-02	-1.566732e+01
4.727000e-05	-2.860159e-02	-1.563624e+01
4.728000e-05	-3.094611e-02	-1.563771e+01
4.729000e-05	-3.175743e-02	-1.562419e+01
4.730000e-05	-3.187478e-02	-1.561464e+01
4.731000e-05	-3.381819e-02	-1.557308e+01
4.732000e-05	-3.504655e-02	-1.557309e+01
4.733000e-05	-3.762748e-02	-1.553105e+01
4.734000e-05	-3.767175e-02	-1.551940e+01
4.735000e-05	-3.876248e-02	-1.547727e+01
4.736000e-05	-4.113766e-02	-1.540414e+01
4.737000e-05	-4.533205e-02	-1.533055e+01
4.738000e-05	-4.508758e-02	-1.526827e+01
4.739000e-05	-4.756153e-02	-1.521316e+01
4.740000e-05	-4.904539e-02	-1.513248e+01
4.741000e-05	-5.368946e-02	-1.504627e+01
4.742000e-05	-5.414141e-02	-1.498354e+01
4.743000e-05	-5.760090e-02	-1.494935e+01
4.744000e-05	-6.088449e-02	-1.482464e+01
4.745000e-05	-6.571888e-02	-1.472900e+01
4.746000e-05	-6.724042e-02	-1.462262e+01
4.747000e-05	-6.776238e-02	-1.451041e+01
4.748000e-05	-6.901722e-02	-1.438211e+01
4.749000e-05	-6.980214e-02	-1.425564e+01
4.750000e-05	-7.019883e-02	-1.414040e+01
4.751000e-05	-6.769248e-02	-1.400314e+01
4.752000e-05	-6.731361e-02	-1.385722e+01
4.753000e-05	-6.600040e-02	-1.372995e+01
4.754000e-05	-6.395997e-02	-1.354151e+01
4.755000e-05	-5.943234e-02	-1.342764e+01
4.756000e-05	-5.600236e-02	-1.328730e+01
4.757000e-05	-5.409794e-02	-1.313046e+01
4.758000e-05	-5.031839e-02	-1.297353e+01
4.759000e-05	-4.689349e-02	-1.279309e+01
4.760000e-05	-4.431199e-02	-1.261662e+01
4.761000e-05	-4.251781e-02	-1.244872e+01
4.762000e-05	-4.137022e-02	-1.229785e+01
4.763000e-05	-3.749196e-02	-1.214680e+01
4.764000e-05	-3.494577e-02	-1.187825e+01
4.765000e-05	-3.323890e-02	-1.169732e+01
4.766000e-05	-3.081685e-02	-1.145567e+01
4.767000e-05	-2.800920e-02	-1.124507e+01
4.768000e-05	-2.613314e-02	-1.102470e+01
4.769000e-05	-2.618348e-02	-1.081425e+01
4.770000e-05	-2.381181e-02	-1.061525e+01
4.771000e-05	-2.254245e-02	-1.040269e+01
4.772000e-05	-2.035919e-02	-1.020449e+01
4.773000e-05	-2.026214e-02	-9.921013e+00
4.774000e-05	-2.014839e-02	-9.719985e+00
4.775000e-05	-1.790344e-02	-9.529355e+00
4.776000e-05	-1.548239e-02	-9.257801e+00
4.777000e-05	-1.604674e-02	-9.057321e+00
4.778000e-05	-1.547945e-02	-8.806167e+00
4.779000e-05	-1.328885e-02	-8.560911e+00
4.780000e-05	-1.307945e-02	-8.311959e+00
4.781000e-05	-1.346216e-02	-8.067927e+00
4.782000e-05	-1.305356e-02	-7.805667e+00
4.783000e-05	-1.114589e-02	-7.501033e+00
4.784000e-05	-1.189305e-02	-7.267928e+00
4.785000e-05	-1.124154e-02	-7.015142e+00
4.786000e-05	-1.165904e-02	-6.712061e+00
4.787000e-05	-9.577341e-03	-6.469433e+00
4.788000e-05	-8.400983e-03	-6.235746e+00
4.789000e-05	-8.200254e-03	-5.943537e+00
4.790000e-05	-8.958705e-03	-5.679878e+00
4.791000e-05	-9.193812e-03	-5.383088e+00
4.792000e-05	-7.446922e-03	-5.048904e+00
4.793000e-05	-6.481344e-03	-4.754061e+00
4.794000e-05	-6.991111e-03	-4.481010e+00
4.795000e-05	-8.635980e-03	-4.227800e+00
4.796000e-05	-5.968191e-03	-3.974220e+00
4.797000e-05	-8.316905e-03	-3.660456e+00
4.798000e-05	-6.483417e-03	-3.406776e+00
4.799000e-05	-8.093870e-03	-3.140595e+00
4.800000e-05	-4.538460e-03	-2.826276e+00
4.801000e-05	-4.994355e-03	-2.535168e+00
4.802000e-05	-3.137843e-03	-2.279285e+00
4.803000e-05	-5.657071e-03	-1.964695e+00
4.804000e-05	-5.858846e-03	-1.702011e+00
4.805000e-05	-6.178476e-03	-1.376069e+00
4.806000e-05	-3.967055e-03	-1.041455e+00
4.807000e-05	-5.127790e-03	-7.748237e-01
4.808000e-05	-2.938425e-03	-4.505092e-01
4.809000e-05	-9.157289e-04	-1.868536e-01
4.810000e-05	4.549799e-03	7.733302e-02
4.811000e-05	8.983906e-03	4.225976e-01
4.812000e-05	-4.023898e-03	6.142242e-01
4.813000e-05	2.951658e-03	8.568594e-01
4.814000e-05	-1.484339e-03	1.222625e+00
4.815000e-05	2.842853e-03	1.497932e+00
4.816000e-05	3.737438e-04	1.821149e+00
4.817000e-05	2.392171e-02	2.053176e+00
4.818000e-05	5.968123e-02	2.297381e+00
4.819000e-05	3.941343e-02	2.656983e+00
4.820000e-05	-7.890329e-02	2.982570e+00
4.821000e-05	-3.945587e-02	3.271707e+00
4.822000e-05	-1.782391e-02	3.546964e+00
4.823000e-05	-3.685328e-03	3.758567e+00
4.824000e-05	-4.861886e-02	3.947438e+00
4.825000e-05	4.689862e-02	4.255648e+00
4.826000e-05	4.080915e-02	4.567461e+00
4.827000e-05	-2.740449e-02	4.768515e+00
4.828000e-05	1.218292e-01	5.098934e+00
4.829000e-05	-1.213148e-01	5.462649e+00
4.830000e-05	4.630219e-02	5.686256e+00
4.831000e-05	-9.095864e-03	5.989990e+00
4.832000e-05	-7.472175e-04	6.243197e+00
4.833000e-05	2.683503e-02	6.514256e+00
4.834000e-05	-4.443621e-02	6.830594e+00
4.835000e-05	7.545713e-02	7.043649e+00
4.836000e-05	-2.391383e-02	7.357234e+00
4.837000e-05	-6.588638e-04	7.609546e+00
4.838000e-05	-3.142231e-02	7.893153e+00
4.839000e-05	3.550935e-02	8.220436e+00
4.840000e-05	3.301912e-02	8.390013e+00
4.841000e-05	-3.397288e-02	8.641493e+00
4.842000e-05	2.460795e-02	8.850669e+00
4.843000e-05	-4.731102e-04	9.123705e+00
4.844000e-05	1.482350e-02	9.355256e+00
4.845000e-05	-5.652501e-03	9.578385e+00
4.846000e-05	-4.959897e-03	9.821970e+00
4.847000e-05	1.884486e-02	1.004264e+01
4.848000e-05	1.586510e-02	1.027214e+01
4.849000e-05	1.405773e-02	1.049308e+01
4.850000e-05	-1.902926e-02	1.072318e+01
4.851000e-05	1.384396e-02	1.093468e+01
4.852000e-05	1.041510e-02	1.111413e+01
4.853000e-05	9.319769e-03	1.133460e+01
4.854000e-05	-4.972268e-03	1.156678e+01
4.855000e-05	1.285033e-02	1.179631e+01
4.856000e-05	2.078747e-02	1.196578e+01
4.857000e-05	9.453538e-03	1.215559e+01
4.858000e-05	-2.882468e-03	1.233478e+01
4.859000e-05	2.486047e-03	1.252613e+01
4.860000e-05	1.806887e-02	1.270200e+01
4.861000e-05	1.061727e-02	1.286047e+01
4.862000e-05	4.942549e-03	1.302841e+01
4.863000e-05	5.785284e-03	1.321733e+01
4.864000e-05	2.080577e-02	1.334463e+01
4.865000e-05	1.104189e-02	1.350110e+01
4.866000e-05	4.310325e-03	1.363952e+01
4.867000e-05	2.219762e-03	1.380761e+01
4.868000e-05	1.900692e-02	1.395265e+01
4.869000e-05	1.319777e-02	1.407993e+01
4.870000e-05	9.064629e-03	1.424691e+01
4.871000e-05	6.290579e-03	1.440565e+01
4.872000e-05	1.852729e-02	1.450047e+01
4.873000e-05	1.594185e-02	1.456579e+01
4.874000e-05	6.704092e-03	1.469050e+01
4.875000e-05	9.782380e-03	1.478523e+01
4.876000e-05	1.428904e-02	1.486992e+01
4.877000e-05	2.099284e-02	1.497413e+01
4.878000e-05	9.006800e-03	1.501732e+01
4.879000e-05	1.235264e-02	1.509140e+01
4.880000e-05	1.469025e-02	1.517616e+01
4.881000e-05	2.020392e-02	1.524779e+01
4.882000e-05	1.317708e-02	1.532148e+01
4.883000e-05	1.124830e-02	1.540363e+01
4.884000e-05	1.772147e-02	1.546764e+01
4.885000e-05	2.074145e-02	1.546877e+01
4.886000e-05	1.810710e-02	1.552048e+01
4.887000e-05	1.238992e-02	1.555165e+01
4.888000e-05	2.134152e-02	1.561308e+01
4.889000e-05	2.250566e-02	1.560319e+01
4.890000e-05	2.171142e-02	1.563313e+01
4.891000e-05	1.659221e-02	1.563826e+01
4.892000e-05	2.213919e-02	1.562572e+01
4.893000e-05	2.671966e-02	1.564482e+01
4.894000e-05	2.339811e-02	1.562566e+01
4.895000e-05	2.158097e-02	1.559466e+01
4.896000e-05	2.501811e-02	1.559474e+01
4.897000e-05	3.247010e-02	1.557258e+01
4.898000e-05	3.030810e-02	1.558153e+01
4.899000e-05	2.800842e-02	1.552093e+01
4.900000e-05	3.033053e-02	1.548737e+01
4.901000e-05	3.685966e-02	1.543524e+01
4.902000e-05	3.665852e-02	1.538066e+01
4.903000e-05	3.500669e-02	1.539038e+01
4.904000e-05	3.857022e-02	1.525627e+01
4.905000e-05	4.361150e-02	1.523311e+01
4.906000e-05	4.730983e-02	1.513888e+01
4.907000e-05	4.278115e-02	1.509527e+01
4.908000e-05	4.794598e-02	1.500200e+01
4.909000e-05	5.459059e-02	1.487740e+01
4.910000e-05	5.891631e-02	1.480158e+01
4.911000e-05	5.747943e-02	1.469025e+01
4.912000e-05	5.824434e-02	1.458356e+01
4.913000e-05	6.361510e-02	1.445525e+01
4.914000e-05	6.321933e-02	1.435198e+01
4.915000e-05	6.378096e-02	1.420420e+01
4.916000e-05	6.112885e-02	1.411780e+01
4.917000e-05	6.274072e-02	1.397148e+01
4.918000e-05	6.181921e-02	1.381201e+01
4.919000e-05	5.681594e-02	1.367679e+01
4.920000e-05	5.309313e-02	1.354940e+01
4.921000e-05	5.126471e-02	1.338254e+01
4.922000e-05	5.141459e-02	1.324467e+01
4.923000e-05	4.450591e-02	1.303725e+01
4.924000e-05	4.269532e-02	1.294085e+01
4.925000e-05	4.004565e-02	1.275948e+01
4.926000e-05	3.897814e-02	1.258254e+01
4.927000e-05	3.301963e-02	1.243514e+01
4.928000e-05	2.950058e-02	1.223517e+01
4.929000e-05	2.823408e-02	1.205614e+01
4.930000e-05	2.827899e-02	1.183624e+01
4.931000e-05	2.448644e-02	1.165414e+01
4.932000e-05	2.097092e-02	1.144459e+01
4.933000e-05	2.050853e-02	1.119361e+01
4.934000e-05	1.962280e-02	1.100459e+01
4.935000e-05	1.761999e-02	1.080261e+01
4.936000e-05	1.434677e-02	1.061104e+01
4.937000e-05	1.474319e-02	1.032153e+01
4.938000e-05	1.432950e-02	1.013036e+01
4.939000e-05	1.196582e-02	9.918329e+00
4.940000e-05	9.377141e-03	9.696820e+00
4.941000e-05	8.716087e-03	9.457772e+00
4.942000e-05	9.430108e-03	9.217222e+00
4.943000e-05	7.080747e-03	8.962562e+00
4.944000e-05	5.742290e-03	8.700435e+00
4.945000e-05	4.702429e-03	8.520454e+00
4.946000e-05	6.248989e-03	8.268279e+00
4.947000e-05	5.021619e-03	7.984692e+00
4.948000e-05	3.616544e-03	7.733113e+00
4.949000e-05	2.251111e-03	7.456780e+00
4.950000e-05	3.212178e-03	7.164640e+00
4.951000e-05	2.973428e-03	6.914088e+00
4.952000e-05	1.323247e-03	6.708304e+00
4.953000e-05	-1.441105e-04	6.376647e+00
4.954000e-05	1.407931e-03	6.173114e+00
4.955000e-05	1.161715e-03	5.919909e+00
4.956000e-05	-1.697727e-04	5.604272e+00
4.957000e-05	-1.292801e-03	5.360540e+00
4.958000e-05	-1.070030e-03	5.035612e+00
4.959000e-05	-1.836983e-04	4.710932e+00
4.960000e-05	-1.113916e-03	4.426825e+00
4.961000e-05	-1.648396e-03	4.165563e+00
4.962000e-05	-2.413105e-03	3.858855e+00
4.963000e-05	-2.062729e-03	3.616245e+00
4.964000e-05	-2.602782e-03	3.309936e+00
4.965000e-05	-3.931065e-03	3.036271e+00
4.966000e-05	-3.607281e-03	2.735146e+00
4.967000e-05	-3.165636e-03	2.417880e+00
4.968000e-05	-2.989879e-03	2.164193e+00
4.969000e-05	-3.887616e-03	1.931987e+00
4.970000e-05	-4.222745e-03	1.617248e+00
4.971000e-05	-3.613099e-03	1.301532e+00
4.972000e-05	-4.055322e-03	9.561746e-01
4.973000e-05	-4.395217e-03	6.599589e-01
4.974000e-05	-4.559375e-03	3.878511e-01
4.975000e-05	-2.822393e-03	8.101541e-02
4.976000e-05	9.603339e-04	-1.816487e-01
4.977000e-05	5.402943e-03	-4.237003e-01
4.978000e-05	-6.057377e-03	-7.094910e-01
4.979000e-05	-5.710140e-04	-9.715477e-01
4.980000e-05	-4.465284e-03	-1.235852e+00
4.981000e-05	-1.374794e-03	-1.599020e+00
4.982000e-05	2.691668e-03	-1.811650e+00
4.983000e-05	4.638123e-02	-2.020627e+00
4.984000e-05	8.471224e-02	-2.347539e+00
4.985000e-05	-8.620204e-02	-2.708882e+00
4.986000e-05	-3.851226e-02	-3.106912e+00
4.987000e-05	-4.738169e-02	-3.401569e+00
4.988000e-05	-1.570629e-02	-3.611072e+00
4.989000e-05	-5.459659e-02	-3.884782e+00
4.990000e-05	1.252501e-01	-4.083179e+00
4.991000e-05	-8.794957e-02	-4.305911e+00
4.992000e-05	4.485593e-02	-4.610070e+00
4.993000e-05	9.538516e-02	-4.794552e+00
4.994000e-05	-1.595592e-01	-5.179070e+00
4.995000e-05	1.115857e-01	-5.482626e+00
4.996000e-05	-1.485670e-01	-5.759993e+00
4.997000e-05	8.048678e-02	-6.010598e+00
4.998000e-05	1.814263e-02	-6.274279e+00
4.999000e-05	-7.210607e-02	-6.589496e+00
