# 260929_11:55:04.607113
t	CH1	CH2
0.000000e+00	-2.412002e-03	-9.478687e-03
1.000000e-08	5.585794e-03	-2.416878e-01
2.000000e-08	-1.942828e-03	-4.938154e-01
3.000000e-08	4.090013e-04	-8.095788e-01
4.000000e-08	-5.814209e-03	-1.052784e+00
5.000000e-08	-7.150090e-04	-1.364981e+00
6.000000e-08	-4.526816e-03	-1.631134e+00
7.000000e-08	1.419503e-02	-1.852241e+00
8.000000e-08	7.159305e-02	-2.061188e+00
9.000000e-08	3.238012e-02	-2.449655e+00
1.000000e-07	-8.654023e-02	-2.790104e+00
1.100000e-07	-3.276726e-02	-3.198554e+00
1.200000e-07	-3.560097e-02	-3.481059e+00
1.300000e-07	-3.935471e-02	-3.653635e+00
1.400000e-07	-3.875081e-03	-3.876741e+00
1.500000e-07	1.186384e-01	-4.105286e+00
1.600000e-07	-1.760094e-01	-4.407427e+00
1.700000e-07	1.951935e-01	-4.642234e+00
1.800000e-07	-8.654247e-02	-4.925397e+00
1.900000e-07	-3.245758e-02	-5.271613e+00
2.000000e-07	4.863853e-02	-5.517867e+00
2.100000e-07	-1.691092e-01	-5.809134e+00
2.200000e-07	1.794256e-01	-6.054633e+00
2.300000e-07	-1.169472e-01	-6.314927e+00
2.400000e-07	5.317297e-02	-6.633155e+00
2.500000e-07	2.367048e-02	-6.852685e+00
2.600000e-07	-8.416315e-02	-7.187605e+00
2.700000e-07	7.744323e-02	-7.414584e+00
2.800000e-07	-1.304892e-01	-7.766919e+00
2.900000e-07	9.181226e-02	-8.013601e+00
3.000000e-07	-4.768272e-02	-8.232609e+00
3.100000e-07	5.877618e-03	-8.516236e+00
3.200000e-07	4.172777e-02	-8.706362e+00
3.300000e-07	-1.025430e-01	-9.019979e+00
3.400000e-07	8.066854e-02	-9.188475e+00
3.500000e-07	-1.009408e-01	-9.463130e+00
3.600000e-07	7.124204e-02	-9.685691e+00
3.700000e-07	-6.492238e-02	-9.913712e+00
3.800000e-07	3.398584e-02	-1.017824e+01
3.900000e-07	-1.671501e-02	-1.035889e+01
4.000000e-07	-2.645209e-02	-1.060054e+01
4.100000e-07	8.358699e-03	-1.076889e+01
4.200000e-07	-5.011909e-02	-1.100940e+01
4.300000e-07	3.665480e-02	-1.116047e+01
4.400000e-07	-5.264915e-02	-1.140305e+01
4.500000e-07	3.368081e-02	-1.165310e+01
4.600000e-07	-4.631676e-02	-1.180358e+01
4.700000e-07	2.081177e-02	-1.207353e+01
4.800000e-07	-4.352497e-02	-1.220260e+01
4.900000e-07	6.644258e-04	-1.239247e+01
5.000000e-07	-2.251932e-02	-1.256236e+01
5.100000e-07	-4.791628e-03	-1.275839e+01
5.200000e-07	-8.664205e-03	-1.288872e+01
5.300000e-07	-2.145730e-02	-1.307413e+01
5.400000e-07	6.149829e-04	-1.325395e+01
5.500000e-07	-2.886409e-02	-1.338087e+01
5.600000e-07	-2.811267e-04	-1.356864e+01
5.700000e-07	-3.377433e-02	-1.365410e+01
5.800000e-07	-1.025096e-03	-1.380253e+01
5.900000e-07	-2.473395e-02	-1.393882e+01
6.000000e-07	-5.833688e-03	-1.412671e+01
6.100000e-07	-2.370865e-02	-1.418346e+01
6.200000e-07	-1.211886e-02	-1.437029e+01
6.300000e-07	-1.866144e-02	-1.442605e+01
6.400000e-07	-1.583308e-02	-1.457139e+01
6.500000e-07	-1.904832e-02	-1.466658e+01
6.600000e-07	-1.757614e-02	-1.475032e+01
6.700000e-07	-1.448041e-02	-1.486448e+01
6.800000e-07	-1.999571e-02	-1.493779e+01
6.900000e-07	-2.080821e-02	-1.502352e+01
7.000000e-07	-2.349505e-02	-1.511718e+01
7.100000e-07	-1.699867e-02	-1.517128e+01
7.200000e-07	-2.245139e-02	-1.523400e+01
7.300000e-07	-2.045372e-02	-1.525566e+01
7.400000e-07	-2.369310e-02	-1.533084e+01
7.500000e-07	-1.646134e-02	-1.538179e+01
7.600000e-07	-2.527721e-02	-1.541355e+01
7.700000e-07	-2.423135e-02	-1.545613e+01
7.800000e-07	-2.801321e-02	-1.549920e+01
7.900000e-07	-2.229718e-02	-1.549971e+01
8.000000e-07	-2.458820e-02	-1.556174e+01
8.100000e-07	-2.886092e-02	-1.555231e+01
8.200000e-07	-2.767476e-02	-1.560077e+01
8.300000e-07	-2.929768e-02	-1.556273e+01
8.400000e-07	-2.705506e-02	-1.558087e+01
8.500000e-07	-3.327588e-02	-1.559189e+01
8.600000e-07	-3.288471e-02	-1.554976e+01
8.700000e-07	-3.310917e-02	-1.554871e+01
8.800000e-07	-3.340890e-02	-1.550963e+01
8.900000e-07	-3.750524e-02	-1.547610e+01
9.000000e-07	-3.945213e-02	-1.543595e+01
9.100000e-07	-3.935230e-02	-1.541302e+01
9.200000e-07	-3.960948e-02	-1.536176e+01
9.300000e-07	-4.274848e-02	-1.531810e+01
9.400000e-07	-4.608016e-02	-1.524599e+01
9.500000e-07	-4.542525e-02	-1.519381e+01
9.600000e-07	-4.692364e-02	-1.510711e+01
9.700000e-07	-5.349344e-02	-1.501499e+01
9.800000e-07	-5.570707e-02	-1.496033e+01
9.900000e-07	-5.975910e-02	-1.488600e+01
1.000000e-06	-5.763075e-02	-1.476186e+01
1.010000e-06	-6.428822e-02	-1.469808e+01
1.020000e-06	-6.626513e-02	-1.461140e+01
1.030000e-06	-6.665977e-02	-1.448907e+01
1.040000e-06	-6.654013e-02	-1.433126e+01
1.050000e-06	-7.015223e-02	-1.426639e+01
1.060000e-06	-7.137271e-02	-1.409973e+01
1.070000e-06	-7.188160e-02	-1.395421e+01
1.080000e-06	-6.653807e-02	-1.384600e+01
1.090000e-06	-6.685407e-02	-1.373908e+01
1.100000e-06	-6.266441e-02	-1.356221e+01
1.110000e-06	-6.142940e-02	-1.339442e+01
1.120000e-06	-5.478689e-02	-1.325957e+01
1.130000e-06	-5.389692e-02	-1.312715e+01
1.140000e-06	-5.471723e-02	-1.299086e+01
1.150000e-06	-5.012912e-02	-1.284387e+01
1.160000e-06	-4.693900e-02	-1.261447e+01
1.170000e-06	-4.132414e-02	-1.250803e+01
1.180000e-06	-4.129025e-02	-1.227760e+01
1.190000e-06	-3.900248e-02	-1.213860e+01
1.200000e-06	-3.456660e-02	-1.192866e+01
1.210000e-06	-3.211342e-02	-1.169057e+01
1.220000e-06	-3.268271e-02	-1.147610e+01
1.230000e-06	-3.189025e-02	-1.120590e+01
1.240000e-06	-2.739987e-02	-1.106594e+01
1.250000e-06	-2.544807e-02	-1.085549e+01
1.260000e-06	-2.342988e-02	-1.063550e+01
1.270000e-06	-2.404435e-02	-1.041497e+01
1.280000e-06	-2.049603e-02	-1.020391e+01
1.290000e-06	-2.085109e-02	-9.993366e+00
1.300000e-06	-1.914250e-02	-9.781315e+00
1.310000e-06	-1.996917e-02	-9.531283e+00
1.320000e-06	-1.791074e-02	-9.320174e+00
1.330000e-06	-1.518883e-02	-9.077702e+00
1.340000e-06	-1.518626e-02	-8.885524e+00
1.350000e-06	-1.552969e-02	-8.592364e+00
1.360000e-06	-1.387380e-02	-8.341287e+00
1.370000e-06	-1.192186e-02	-8.129232e+00
1.380000e-06	-1.324344e-02	-7.847547e+00
1.390000e-06	-1.298458e-02	-7.552389e+00
1.400000e-06	-1.325313e-02	-7.279658e+00
1.410000e-06	-9.558115e-03	-7.055574e+00
1.420000e-06	-1.135971e-02	-6.822914e+00
1.430000e-06	-8.969988e-03	-6.500660e+00
1.440000e-06	-1.033725e-02	-6.287498e+00
1.450000e-06	-9.223367e-03	-6.002864e+00
1.460000e-06	-7.873250e-03	-5.720785e+00
1.470000e-06	-1.026418e-02	-5.483994e+00
1.480000e-06	-8.580912e-03	-5.159783e+00
1.490000e-06	-8.182186e-03	-4.856467e+00
1.500000e-06	-6.052102e-03	-4.537734e+00
1.510000e-06	-8.370298e-03	-4.317632e+00
1.520000e-06	-7.616454e-03	-4.074998e+00
1.530000e-06	-8.256621e-03	-3.740836e+00
1.540000e-06	-5.333044e-03	-3.496131e+00
1.550000e-06	-7.877630e-03	-3.253927e+00
1.560000e-06	-4.621617e-03	-2.857252e+00
1.570000e-06	-5.847232e-03	-2.653948e+00
1.580000e-06	-2.937159e-03	-2.380291e+00
1.590000e-06	-5.771861e-03	-2.074028e+00
1.600000e-06	-6.598722e-03	-1.791465e+00
1.610000e-06	-6.155881e-03	-1.517132e+00
1.620000e-06	-4.933874e-03	-1.169716e+00
1.630000e-06	-3.614527e-03	-8.531269e-01
1.640000e-06	-3.464119e-03	-5.398401e-01
1.650000e-06	-1.259628e-03	-2.671847e-01
1.660000e-06	3.586498e-04	-2.205033e-02
1.670000e-06	1.040844e-02	3.013417e-01
1.680000e-06	-3.734283e-03	5.554459e-01
1.690000e-06	3.551463e-03	7.981062e-01
1.700000e-06	-3.380690e-03	1.145296e+00
1.710000e-06	4.628203e-03	1.387606e+00
1.720000e-06	-6.069328e-04	1.713744e+00
1.730000e-06	1.301248e-02	1.947373e+00
1.740000e-06	4.117908e-02	2.167028e+00
1.750000e-06	8.189048e-02	2.526371e+00
1.760000e-06	-6.524929e-02	2.872764e+00
1.770000e-06	-4.618944e-02	3.155951e+00
1.780000e-06	-3.476788e-02	3.428611e+00
1.790000e-06	1.229119e-02	3.682734e+00
1.800000e-06	-5.650442e-02	3.872737e+00
1.810000e-06	4.142631e-03	4.084310e+00
1.820000e-06	9.376290e-02	4.450552e+00
1.830000e-06	-8.347101e-02	4.664738e+00
1.840000e-06	1.605551e-01	4.956426e+00
1.850000e-06	-9.140391e-02	5.304391e+00
1.860000e-06	-5.317801e-03	5.567900e+00
1.870000e-06	2.930527e-02	5.882218e+00
1.880000e-06	-3.699777e-02	6.105840e+00
1.890000e-06	6.039901e-02	6.346373e+00
1.900000e-06	-6.048504e-02	6.672686e+00
1.910000e-06	5.498666e-02	6.956341e+00
1.920000e-06	1.238294e-02	7.229925e+00
1.930000e-06	-1.504187e-02	7.504288e+00
1.940000e-06	-1.754347e-02	7.768471e+00
1.950000e-06	-6.381576e-03	8.072113e+00
1.960000e-06	6.232138e-02	8.283863e+00
1.970000e-06	-2.530755e-02	8.535290e+00
1.980000e-06	4.802499e-03	8.767816e+00
1.990000e-06	1.725862e-02	8.989475e+00
2.000000e-06	-6.879424e-03	9.241505e+00
2.010000e-06	2.296751e-02	9.431605e+00
2.020000e-06	-2.929100e-02	9.704712e+00
2.030000e-06	2.668347e-02	9.926817e+00
2.040000e-06	7.378323e-03	1.014932e+01
2.050000e-06	2.765650e-02	1.030984e+01
2.060000e-06	-1.269195e-02	1.059950e+01
2.070000e-06	-3.207484e-03	1.081097e+01
2.080000e-06	2.163754e-02	1.097055e+01
2.090000e-06	1.552788e-03	1.120190e+01
2.100000e-06	1.021933e-02	1.142208e+01
2.110000e-06	-7.447281e-03	1.164408e+01
2.120000e-06	3.003527e-02	1.186416e+01
2.130000e-06	6.361599e-03	1.203305e+01
2.140000e-06	5.872681e-03	1.224445e+01
2.150000e-06	-5.645410e-03	1.244297e+01
2.160000e-06	1.469163e-02	1.257082e+01
2.170000e-06	1.651505e-02	1.274979e+01
2.180000e-06	4.483935e-03	1.292621e+01
2.190000e-06	7.099475e-03	1.309663e+01
2.200000e-06	1.221901e-02	1.322457e+01
2.210000e-06	2.158581e-02	1.339139e+01
2.220000e-06	2.545459e-03	1.351829e+01
2.230000e-06	3.037362e-03	1.369716e+01
2.240000e-06	9.659254e-03	1.380302e+01
2.250000e-06	1.843475e-02	1.396079e+01
2.260000e-06	1.073098e-02	1.413118e+01
2.270000e-06	5.243368e-03	1.428513e+01
2.280000e-06	1.495890e-02	1.436291e+01
2.290000e-06	1.695072e-02	1.445618e+01
2.300000e-06	1.160073e-02	1.460295e+01
2.310000e-06	5.621785e-03	1.468666e+01
2.320000e-06	1.278450e-02	1.481084e+01
2.330000e-06	1.993120e-02	1.488415e+01
2.340000e-06	1.394276e-02	1.496076e+01
2.350000e-06	1.170491e-02	1.501490e+01
2.360000e-06	1.126850e-02	1.509660e+01
2.370000e-06	2.080765e-02	1.519174e+01
2.380000e-06	1.452347e-02	1.523397e+01
2.390000e-06	1.282181e-02	1.531818e+01
2.400000e-06	1.380733e-02	1.534981e+01
2.410000e-06	2.162707e-02	1.539291e+01
2.420000e-06	2.042561e-02	1.541499e+01
2.430000e-06	1.393735e-02	1.552700e+01
2.440000e-06	1.758318e-02	1.551871e+01
2.450000e-06	2.126850e-02	1.556673e+01
2.460000e-06	2.340863e-02	1.555124e+01
2.470000e-06	1.720227e-02	1.556974e+01
2.480000e-06	2.084487e-02	1.559231e+01
2.490000e-06	2.395335e-02	1.559081e+01
2.500000e-06	2.640522e-02	1.556221e+01
2.510000e-06	2.266039e-02	1.556074e+01
2.520000e-06	2.335295e-02	1.556963e+01
2.530000e-06	3.034356e-02	1.554868e+01
2.540000e-06	3.151448e-02	1.548818e+01
2.550000e-06	3.039146e-02	1.546758e+01
2.560000e-06	2.981913e-02	1.543439e+01
2.570000e-06	3.459006e-02	1.536184e+01
2.580000e-06	3.676027e-02	1.534180e+01
2.590000e-06	3.545360e-02	1.528853e+01
2.600000e-06	3.678314e-02	1.526444e+01
2.610000e-06	4.029728e-02	1.516278e+01
2.620000e-06	4.417206e-02	1.507815e+01
2.630000e-06	4.568688e-02	1.501592e+01
2.640000e-06	4.733953e-02	1.494230e+01
2.650000e-06	5.243203e-02	1.487650e+01
2.660000e-06	5.810091e-02	1.476028e+01
2.670000e-06	5.843080e-02	1.462605e+01
2.680000e-06	5.850166e-02	1.456226e+01
2.690000e-06	6.031225e-02	1.446602e+01
2.700000e-06	6.387793e-02	1.434168e+01
2.710000e-06	6.369013e-02	1.425494e+01
2.720000e-06	6.179916e-02	1.412917e+01
2.730000e-06	6.240030e-02	1.398070e+01
2.740000e-06	6.276570e-02	1.380489e+01
2.750000e-06	5.904364e-02	1.368854e+01
2.760000e-06	5.575308e-02	1.354813e+01
2.770000e-06	5.204032e-02	1.339184e+01
2.780000e-06	5.166962e-02	1.324742e+01
2.790000e-06	4.657219e-02	1.306757e+01
2.800000e-06	4.318942e-02	1.292108e+01
2.810000e-06	3.956938e-02	1.277068e+01
2.820000e-06	3.905973e-02	1.255387e+01
2.830000e-06	3.438356e-02	1.243539e+01
2.840000e-06	3.196102e-02	1.218399e+01
2.850000e-06	2.975208e-02	1.205640e+01
2.860000e-06	2.816096e-02	1.183552e+01
2.870000e-06	2.599917e-02	1.166599e+01
2.880000e-06	2.316356e-02	1.142599e+01
2.890000e-06	2.123228e-02	1.122492e+01
2.900000e-06	1.891519e-02	1.103645e+01
2.910000e-06	1.846414e-02	1.087339e+01
2.920000e-06	1.517597e-02	1.060241e+01
2.930000e-06	1.470025e-02	1.039134e+01
2.940000e-06	1.295971e-02	1.017229e+01
2.950000e-06	1.357958e-02	9.952158e+00
2.960000e-06	1.040164e-02	9.709651e+00
2.970000e-06	1.011526e-02	9.476549e+00
2.980000e-06	8.039435e-03	9.276050e+00
2.990000e-06	8.257360e-03	9.014959e+00
3.000000e-06	6.542763e-03	8.781886e+00
3.010000e-06	6.580849e-03	8.570334e+00
3.020000e-06	5.421608e-03	8.341206e+00
3.030000e-06	4.045052e-03	8.056548e+00
3.040000e-06	4.881239e-03	7.823369e+00
3.050000e-06	2.254738e-03	7.580787e+00
3.060000e-06	2.419453e-03	7.266947e+00
3.070000e-06	2.633336e-03	7.034444e+00
3.080000e-06	2.857570e-03	6.750755e+00
3.090000e-06	1.141367e-03	6.478149e+00
3.100000e-06	9.085124e-04	6.253920e+00
3.110000e-06	5.017373e-04	6.013315e+00
3.120000e-06	6.368919e-04	5.688204e+00
3.130000e-06	-8.803713e-04	5.462994e+00
3.140000e-06	-1.114248e-03	5.109051e+00
3.150000e-06	1.872412e-04	4.810338e+00
3.160000e-06	3.210480e-04	4.527754e+00
3.170000e-06	-1.921066e-03	4.266419e+00
3.180000e-06	-2.445294e-03	3.980257e+00
3.190000e-06	-2.668868e-03	3.686131e+00
3.200000e-06	-1.078899e-03	3.382438e+00
3.210000e-06	-2.934016e-03	3.137181e+00
3.220000e-06	-2.622579e-03	2.794027e+00
3.230000e-06	-4.281864e-03	2.542787e+00
3.240000e-06	-2.259758e-03	2.245098e+00
3.250000e-06	-3.718252e-03	1.983869e+00
3.260000e-06	-3.162412e-03	1.756231e+00
3.270000e-06	-4.274062e-03	1.412916e+00
3.280000e-06	-3.680102e-03	1.115078e+00
3.290000e-06	-3.995893e-03	7.818399e-01
3.300000e-06	-4.352776e-03	4.866558e-01
3.310000e-06	-3.738313e-03	2.433690e-01
3.320000e-06	-1.639297e-03	-1.123166e-01
3.330000e-06	7.547169e-03	-3.463757e-01
3.340000e-06	-5.816137e-03	-6.376311e-01
3.350000e-06	1.403179e-03	-8.832192e-01
3.360000e-06	-6.438912e-03	-1.143925e+00
3.370000e-06	-6.828783e-04	-1.440135e+00
3.380000e-06	-2.800768e-03	-1.684743e+00
3.390000e-06	2.465046e-02	-1.906396e+00
3.400000e-06	9.840668e-02	-2.146106e+00
3.410000e-06	-4.189128e-02	-2.567476e+00
3.420000e-06	-5.827299e-02	-2.906977e+00
3.430000e-06	-4.402949e-02	-3.273236e+00
3.440000e-06	-1.598960e-02	-3.514318e+00
3.450000e-06	-6.826536e-02	-3.704475e+00
3.460000e-06	9.008736e-02	-3.957897e+00
3.470000e-06	7.531967e-03	-4.147524e+00
3.480000e-06	-9.630780e-02	-4.482161e+00
3.490000e-06	1.961218e-01	-4.757789e+00
3.500000e-06	-1.842455e-01	-4.979082e+00
3.510000e-06	9.179218e-02	-5.317820e+00
3.520000e-06	-7.978253e-02	-5.591605e+00
3.530000e-06	-4.637128e-02	-5.924320e+00
3.540000e-06	1.331585e-01	-6.115839e+00
3.550000e-06	-1.436410e-01	-6.421688e+00
3.560000e-06	1.260556e-01	-6.734712e+00
3.570000e-06	-7.925694e-02	-6.988000e+00
3.580000e-06	2.638603e-03	-7.294264e+00
3.590000e-06	1.382440e-02	-7.506792e+00
3.600000e-06	-9.303457e-02	-7.811133e+00
3.610000e-06	1.102871e-01	-8.083734e+00
3.620000e-06	-1.048877e-01	-8.304816e+00
3.630000e-06	8.604848e-02	-8.569897e+00
3.640000e-06	-5.772504e-02	-8.811608e+00
3.650000e-06	-2.198679e-02	-9.064214e+00
3.660000e-06	2.734103e-02	-9.245630e+00
3.670000e-06	-7.027990e-02	-9.508367e+00
3.680000e-06	6.869060e-02	-9.748840e+00
3.690000e-06	-8.258713e-02	-9.969970e+00
3.700000e-06	7.627779e-02	-1.017902e+01
3.710000e-06	-6.996984e-02	-1.039308e+01
3.720000e-06	2.631978e-02	-1.062261e+01
3.730000e-06	-4.594370e-02	-1.083202e+01
3.740000e-06	-1.110720e-03	-1.104416e+01
3.750000e-06	-3.632922e-03	-1.126455e+01
3.760000e-06	-2.472980e-02	-1.149419e+01
3.770000e-06	1.647253e-02	-1.168521e+01
3.780000e-06	-3.381645e-02	-1.192727e+01
3.790000e-06	1.934069e-02	-1.211816e+01
3.800000e-06	-4.993905e-02	-1.230416e+01
3.810000e-06	1.423551e-02	-1.244461e+01
3.820000e-06	-3.896957e-02	-1.260458e+01
3.830000e-06	1.328505e-02	-1.283255e+01
3.840000e-06	-3.191399e-02	-1.295989e+01
3.850000e-06	3.685984e-04	-1.314874e+01
3.860000e-06	-1.869018e-02	-1.324568e+01
3.870000e-06	-1.138252e-02	-1.343355e+01
3.880000e-06	-1.433673e-02	-1.358989e+01
3.890000e-06	-2.283693e-02	-1.374877e+01
3.900000e-06	-5.894034e-03	-1.388555e+01
3.910000e-06	-2.230856e-02	-1.403190e+01
3.920000e-06	-6.555880e-03	-1.413928e+01
3.930000e-06	-2.587322e-02	-1.424703e+01
3.940000e-06	-1.011642e-02	-1.440084e+01
3.950000e-06	-2.222708e-02	-1.450873e+01
3.960000e-06	-1.278550e-02	-1.460192e+01
3.970000e-06	-2.243710e-02	-1.470673e+01
3.980000e-06	-1.427121e-02	-1.479239e+01
3.990000e-06	-1.846698e-02	-1.490658e+01
4.000000e-06	-1.523964e-02	-1.494229e+01
4.010000e-06	-2.274770e-02	-1.503595e+01
4.020000e-06	-1.937536e-02	-1.511766e+01
4.030000e-06	-2.078027e-02	-1.519934e+01
4.040000e-06	-1.982800e-02	-1.524750e+01
4.050000e-06	-2.300657e-02	-1.530871e+01
4.060000e-06	-2.285051e-02	-1.536081e+01
4.070000e-06	-1.947123e-02	-1.545452e+01
4.080000e-06	-2.398104e-02	-1.548555e+01
4.090000e-06	-2.216136e-02	-1.551463e+01
4.100000e-06	-2.791852e-02	-1.549871e+01
4.110000e-06	-2.153674e-02	-1.557927e+01
4.120000e-06	-2.708297e-02	-1.555221e+01
4.130000e-06	-2.648564e-02	-1.560181e+01
4.140000e-06	-3.028290e-02	-1.556091e+01
4.150000e-06	-2.888544e-02	-1.554021e+01
4.160000e-06	-2.823894e-02	-1.558186e+01
4.170000e-06	-3.252877e-02	-1.556276e+01
4.180000e-06	-3.160798e-02	-1.553068e+01
4.190000e-06	-3.352382e-02	-1.552018e+01
4.200000e-06	-3.402427e-02	-1.550866e+01
4.210000e-06	-3.721650e-02	-1.546755e+01
4.220000e-06	-3.962117e-02	-1.540552e+01
4.230000e-06	-4.062891e-02	-1.540447e+01
4.240000e-06	-4.018532e-02	-1.531026e+01
4.250000e-06	-4.280394e-02	-1.524855e+01
4.260000e-06	-4.494138e-02	-1.523499e+01
4.270000e-06	-4.760073e-02	-1.514281e+01
4.280000e-06	-4.798052e-02	-1.505960e+01
4.290000e-06	-5.349023e-02	-1.497295e+01
4.300000e-06	-5.543836e-02	-1.494168e+01
4.310000e-06	-5.957219e-02	-1.484394e+01
4.320000e-06	-6.003301e-02	-1.476123e+01
4.330000e-06	-6.359217e-02	-1.468697e+01
4.340000e-06	-6.722668e-02	-1.454933e+01
4.350000e-06	-6.832804e-02	-1.447752e+01
4.360000e-06	-6.909335e-02	-1.436916e+01
4.370000e-06	-6.818685e-02	-1.421487e+01
4.380000e-06	-6.980634e-02	-1.409805e+01
4.390000e-06	-6.941263e-02	-1.393023e+01
4.400000e-06	-6.676809e-02	-1.381444e+01
4.410000e-06	-6.492546e-02	-1.369755e+01
4.420000e-06	-6.364524e-02	-1.349068e+01
4.430000e-06	-6.156327e-02	-1.336083e+01
4.440000e-06	-5.636280e-02	-1.322442e+01
4.450000e-06	-5.297384e-02	-1.303605e+01
4.460000e-06	-5.020836e-02	-1.292910e+01
4.470000e-06	-4.746297e-02	-1.277121e+01
4.480000e-06	-4.511040e-02	-1.256129e+01
4.490000e-06	-4.139848e-02	-1.242447e+01
4.500000e-06	-3.988741e-02	-1.221600e+01
4.510000e-06	-3.870330e-02	-1.206684e+01
4.520000e-06	-3.568155e-02	-1.178495e+01
4.530000e-06	-3.273333e-02	-1.163592e+01
4.540000e-06	-2.987711e-02	-1.141591e+01
4.550000e-06	-2.960461e-02	-1.117128e+01
4.560000e-06	-2.781482e-02	-1.098379e+01
4.570000e-06	-2.458816e-02	-1.077136e+01
4.580000e-06	-2.320539e-02	-1.058036e+01
4.590000e-06	-2.266547e-02	-1.037183e+01
4.600000e-06	-2.194693e-02	-1.013113e+01
4.610000e-06	-2.077823e-02	-9.889152e+00
4.620000e-06	-1.882685e-02	-9.689180e+00
4.630000e-06	-1.869813e-02	-9.434078e+00
4.640000e-06	-1.759290e-02	-9.213946e+00
4.650000e-06	-1.530278e-02	-9.022944e+00
4.660000e-06	-1.427242e-02	-8.822661e+00
4.670000e-06	-1.369470e-02	-8.529604e+00
4.680000e-06	-1.484926e-02	-8.265126e+00
4.690000e-06	-1.247456e-02	-8.055524e+00
4.700000e-06	-1.265704e-02	-7.773385e+00
4.710000e-06	-1.208086e-02	-7.518577e+00
4.720000e-06	-1.302229e-02	-7.244947e+00
4.730000e-06	-1.055303e-02	-6.912813e+00
4.740000e-06	-1.050258e-02	-6.718203e+00
4.750000e-06	-8.875259e-03	-6.487553e+00
4.760000e-06	-1.048318e-02	-6.172416e+00
4.770000e-06	-8.061150e-03	-5.899183e+00
4.780000e-06	-8.762418e-03	-5.656127e+00
4.790000e-06	-8.587155e-03	-5.321256e+00
4.800000e-06	-9.643533e-03	-5.055026e+00
4.810000e-06	-7.216329e-03	-4.720782e+00
4.820000e-06	-6.952116e-03	-4.457103e+00
4.830000e-06	-7.684637e-03	-4.244021e+00
4.840000e-06	-8.466295e-03	-4.012786e+00
4.850000e-06	-9.250971e-03	-3.675602e+00
4.860000e-06	-5.532472e-03	-3.412972e+00
4.870000e-06	-6.869937e-03	-3.149260e+00
4.880000e-06	-4.921874e-03	-2.832947e+00
4.890000e-06	-6.013823e-03	-2.549836e+00
4.900000e-06	-3.501899e-03	-2.255050e+00
4.910000e-06	-5.547503e-03	-1.960390e+00
4.920000e-06	-5.828730e-03	-1.697707e+00
4.930000e-06	-7.791785e-03	-1.362813e+00
4.940000e-06	-5.402236e-03	-1.055577e+00
4.950000e-06	-5.302022e-03	-7.908226e-01
4.960000e-06	-1.990771e-03	-4.451253e-01
4.970000e-06	-2.146033e-03	-2.124666e-01
4.980000e-06	4.428840e-03	7.023519e-02
4.990000e-06	9.344125e-03	4.170023e-01
5.000000e-06	-2.772831e-03	6.586062e-01
5.010000e-06	2.360763e-03	9.247641e-01
5.020000e-06	-3.350153e-03	1.178605e+00
5.030000e-06	4.044668e-03	1.462738e+00
5.040000e-06	-2.898745e-05	1.799150e+00
5.050000e-06	2.076263e-02	1.989129e+00
5.060000e-06	6.160821e-02	2.271188e+00
5.070000e-06	4.587544e-02	2.630266e+00
5.080000e-06	-7.548809e-02	2.966974e+00
5.090000e-06	-4.272106e-02	3.250055e+00
5.100000e-06	-1.833859e-02	3.524922e+00
5.110000e-06	-4.214779e-03	3.755317e+00
5.120000e-06	-5.384676e-02	3.945287e+00
5.130000e-06	5.965095e-02	4.171527e+00
5.140000e-06	2.522537e-02	4.524315e+00
5.150000e-06	-2.068919e-02	4.758391e+00
5.160000e-06	1.274836e-01	5.081315e+00
5.170000e-06	-1.262402e-01	5.411605e+00
5.180000e-06	5.201098e-02	5.703229e+00
5.190000e-06	-1.888301e-02	5.956475e+00
5.200000e-06	9.213647e-03	6.199025e+00
5.210000e-06	2.608902e-02	6.463685e+00
5.220000e-06	-4.901512e-02	6.797398e+00
5.230000e-06	7.849967e-02	6.990499e+00
5.240000e-06	-2.442974e-02	7.276687e+00
5.250000e-06	3.380646e-03	7.569977e+00
5.260000e-06	-3.661677e-02	7.840157e+00
5.270000e-06	3.466982e-02	8.126770e+00
5.280000e-06	3.789875e-02	8.357867e+00
5.290000e-06	-3.726403e-02	8.569979e+00
5.300000e-06	3.052782e-02	8.822476e+00
5.310000e-06	-8.925776e-03	9.063635e+00
5.320000e-06	2.073168e-02	9.274739e+00
5.330000e-06	-6.960031e-03	9.505269e+00
5.340000e-06	-3.883104e-03	9.748920e+00
5.350000e-06	1.599410e-02	1.001155e+01
5.360000e-06	1.611782e-02	1.022202e+01
5.370000e-06	1.984016e-02	1.043013e+01
5.380000e-06	-2.192996e-02	1.065315e+01
5.390000e-06	1.568008e-02	1.088314e+01
5.400000e-06	6.721769e-03	1.102463e+01
5.410000e-06	1.429549e-02	1.124576e+01
5.420000e-06	-7.048381e-03	1.154721e+01
5.430000e-06	1.201535e-02	1.172834e+01
5.440000e-06	1.765561e-02	1.191877e+01
5.450000e-06	1.246768e-02	1.210471e+01
5.460000e-06	-1.689561e-03	1.232514e+01
5.470000e-06	8.864109e-04	1.245313e+01
5.480000e-06	1.796529e-02	1.265408e+01
5.490000e-06	1.033210e-02	1.282142e+01
5.500000e-06	8.670073e-03	1.297042e+01
5.510000e-06	2.617587e-03	1.311724e+01
5.520000e-06	2.011969e-02	1.328726e+01
5.530000e-06	1.100680e-02	1.345400e+01
5.540000e-06	7.153719e-03	1.359787e+01
5.550000e-06	7.440167e-04	1.374781e+01
5.560000e-06	1.605841e-02	1.386658e+01
5.570000e-06	1.467124e-02	1.404447e+01
5.580000e-06	1.057389e-02	1.412932e+01
5.590000e-06	7.937628e-03	1.429770e+01
5.600000e-06	1.529799e-02	1.442394e+01
5.610000e-06	1.696422e-02	1.455831e+01
5.620000e-06	8.735928e-03	1.463295e+01
5.630000e-06	9.920907e-03	1.471976e+01
5.640000e-06	1.183121e-02	1.481195e+01
5.650000e-06	2.041009e-02	1.491710e+01
5.660000e-06	1.220746e-02	1.499089e+01
5.670000e-06	1.305839e-02	1.505602e+01
5.680000e-06	1.348591e-02	1.515823e+01
5.690000e-06	1.829267e-02	1.515134e+01
5.700000e-06	1.591228e-02	1.523505e+01
5.710000e-06	1.324481e-02	1.527775e+01
5.720000e-06	1.638820e-02	1.536981e+01
5.730000e-06	1.884992e-02	1.539344e+01
5.740000e-06	2.060036e-02	1.548600e+01
5.750000e-06	1.462967e-02	1.546755e+01
5.760000e-06	1.949460e-02	1.549765e+01
5.770000e-06	1.980187e-02	1.554078e+01
5.780000e-06	2.252188e-02	1.553028e+01
5.790000e-06	2.060739e-02	1.559231e+01
5.800000e-06	2.158130e-02	1.557276e+01
5.810000e-06	2.477255e-02	1.560276e+01
5.820000e-06	2.464486e-02	1.559129e+01
5.830000e-06	2.630795e-02	1.554278e+01
5.840000e-06	2.436545e-02	1.556068e+01
5.850000e-06	3.001422e-02	1.552821e+01
5.860000e-06	3.023509e-02	1.551760e+01
5.870000e-06	3.131257e-02	1.542546e+01
5.880000e-06	3.151374e-02	1.537494e+01
5.890000e-06	3.402445e-02	1.536181e+01
5.900000e-06	3.660253e-02	1.530068e+01
5.910000e-06	3.652094e-02	1.525755e+01
5.920000e-06	3.957733e-02	1.517287e+01
5.930000e-06	4.099609e-02	1.512123e+01
5.940000e-06	4.546718e-02	1.504650e+01
5.950000e-06	4.586267e-02	1.500429e+01
5.960000e-06	4.885717e-02	1.489910e+01
5.970000e-06	5.205361e-02	1.484336e+01
5.980000e-06	5.596439e-02	1.475021e+01
5.990000e-06	5.995033e-02	1.462396e+01
6.000000e-06	6.067214e-02	1.454115e+01
6.010000e-06	6.271041e-02	1.440390e+01
6.020000e-06	6.253898e-02	1.430818e+01
6.030000e-06	6.328058e-02	1.419481e+01
6.040000e-06	6.260055e-02	1.407499e+01
6.050000e-06	6.209260e-02	1.389813e+01
6.060000e-06	6.046211e-02	1.376278e+01
6.070000e-06	5.737774e-02	1.364542e+01
6.080000e-06	5.565420e-02	1.348707e+01
6.090000e-06	5.203409e-02	1.332115e+01
6.100000e-06	4.851691e-02	1.321231e+01
6.110000e-06	4.507972e-02	1.300292e+01
6.120000e-06	4.378192e-02	1.285797e+01
6.130000e-06	4.032879e-02	1.269715e+01
6.140000e-06	3.741143e-02	1.250873e+01
6.150000e-06	3.309597e-02	1.236118e+01
6.160000e-06	3.177876e-02	1.214338e+01
6.170000e-06	2.934277e-02	1.195434e+01
6.180000e-06	2.606316e-02	1.179479e+01
6.190000e-06	2.431168e-02	1.157281e+01
6.200000e-06	2.226238e-02	1.137228e+01
6.210000e-06	2.221963e-02	1.115076e+01
6.220000e-06	1.824715e-02	1.097233e+01
6.230000e-06	1.653192e-02	1.077274e+01
6.240000e-06	1.590131e-02	1.056220e+01
6.250000e-06	1.621205e-02	1.033913e+01
6.260000e-06	1.333671e-02	1.008760e+01
6.270000e-06	1.024734e-02	9.876072e+00
6.280000e-06	1.092369e-02	9.656920e+00
6.290000e-06	1.086612e-02	9.393866e+00
6.300000e-06	9.070251e-03	9.181869e+00
6.310000e-06	6.408980e-03	8.960732e+00
6.320000e-06	7.254232e-03	8.716205e+00
6.330000e-06	7.438655e-03	8.468173e+00
6.340000e-06	6.640324e-03	8.244995e+00
6.350000e-06	3.300990e-03	8.012765e+00
6.360000e-06	3.487843e-03	7.700206e+00
6.370000e-06	4.695358e-03	7.457465e+00
6.380000e-06	3.559068e-03	7.212395e+00
6.390000e-06	1.406735e-03	6.951707e+00
6.400000e-06	9.105766e-04	6.705077e+00
6.410000e-06	2.423264e-03	6.402364e+00
6.420000e-06	2.328935e-03	6.118811e+00
6.430000e-06	-5.742779e-04	5.897574e+00
6.440000e-06	-9.426343e-04	5.631890e+00
6.450000e-06	3.788230e-04	5.360131e+00
6.460000e-06	1.092060e-03	4.943337e+00
6.470000e-06	-1.047026e-03	4.706154e+00
6.480000e-06	-1.728640e-03	4.413524e+00
6.490000e-06	-4.861052e-04	4.192157e+00
6.500000e-06	8.410666e-04	3.844548e+00
6.510000e-06	-2.538843e-03	3.591470e+00
6.520000e-06	-3.882748e-03	3.276730e+00
6.530000e-06	-2.254105e-03	3.023894e+00
6.540000e-06	-1.514500e-03	2.769367e+00
6.550000e-06	-4.070197e-03	2.455078e+00
6.560000e-06	-4.595853e-03	2.132411e+00
6.570000e-06	-3.093326e-03	1.928157e+00
6.580000e-06	-1.853275e-03	1.601344e+00
6.590000e-06	-3.544110e-03	1.286261e+00
6.600000e-06	-5.338213e-03	9.723101e-01
6.610000e-06	-4.093025e-03	6.851034e-01
6.620000e-06	-2.992187e-03	4.314738e-01
6.630000e-06	-2.023178e-03	9.620434e-02
6.640000e-06	-1.512570e-03	-1.464760e-01
6.650000e-06	4.444005e-03	-3.911286e-01
6.660000e-06	-4.799000e-03	-7.523195e-01
6.670000e-06	-2.338120e-04	-9.458771e-01
6.680000e-06	-6.428981e-03	-1.209658e+00
6.690000e-06	-2.178363e-03	-1.588850e+00
6.700000e-06	3.057320e-03	-1.787929e+00
6.710000e-06	4.300407e-02	-2.019076e+00
6.720000e-06	9.301873e-02	-2.290822e+00
6.730000e-06	-9.021157e-02	-2.681268e+00
6.740000e-06	-3.703137e-02	-3.040218e+00
6.750000e-06	-4.964300e-02	-3.337397e+00
6.760000e-06	-1.549619e-02	-3.547450e+00
6.770000e-06	-6.957461e-02	-3.802059e+00
6.780000e-06	1.500368e-01	-4.011181e+00
6.790000e-06	-1.158760e-01	-4.273263e+00
6.800000e-06	6.914712e-02	-4.526875e+00
6.810000e-06	8.725223e-02	-4.787580e+00
6.820000e-06	-1.663448e-01	-5.135348e+00
6.830000e-06	1.305409e-01	-5.423229e+00
6.840000e-06	-1.761726e-01	-5.716897e+00
6.850000e-06	9.703907e-02	-5.979951e+00
6.860000e-06	1.290677e-02	-6.230106e+00
6.870000e-06	-7.427322e-02	-6.556868e+00
6.880000e-06	1.199165e-01	-6.788875e+00
6.890000e-06	-1.283762e-01	-7.063318e+00
6.900000e-06	7.183693e-02	-7.389422e+00
6.910000e-06	-7.431534e-02	-7.621102e+00
6.920000e-06	-8.427944e-04	-7.926347e+00
6.930000e-06	5.410005e-02	-8.177420e+00
6.940000e-06	-8.756368e-02	-8.431981e+00
6.950000e-06	1.071613e-01	-8.643558e+00
6.960000e-06	-1.193126e-01	-8.884340e+00
6.970000e-06	5.796385e-02	-9.139289e+00
6.980000e-06	-5.276764e-02	-9.358917e+00
6.990000e-06	5.303369e-03	-9.651554e+00
7.000000e-06	1.061618e-02	-9.811121e+00
7.010000e-06	-4.357197e-02	-1.002311e+01
7.020000e-06	5.258583e-02	-1.028513e+01
7.030000e-06	-7.491798e-02	-1.048582e+01
7.040000e-06	4.546921e-02	-1.070569e+01
7.050000e-06	-7.271047e-02	-1.087468e+01
7.060000e-06	3.776794e-02	-1.112714e+01
7.070000e-06	-4.320227e-02	-1.132883e+01
7.080000e-06	1.585573e-02	-1.155985e+01
7.090000e-06	-2.273373e-02	-1.174792e+01
7.100000e-06	-6.398752e-03	-1.194999e+01
7.110000e-06	-8.469678e-03	-1.215082e+01
7.120000e-06	-2.842785e-02	-1.233676e+01
7.130000e-06	4.199247e-03	-1.249726e+01
7.140000e-06	-3.436641e-02	-1.264574e+01
7.150000e-06	1.298715e-02	-1.288666e+01
7.160000e-06	-3.596241e-02	-1.300245e+01
7.170000e-06	1.029702e-02	-1.317029e+01
7.180000e-06	-3.376242e-02	-1.330678e+01
7.190000e-06	7.740121e-04	-1.350563e+01
7.200000e-06	-2.744550e-02	-1.361347e+01
7.210000e-06	-7.206706e-03	-1.378132e+01
7.220000e-06	-1.914208e-02	-1.391620e+01
7.230000e-06	-1.408087e-02	-1.407405e+01
7.240000e-06	-1.321612e-02	-1.414187e+01
7.250000e-06	-1.885719e-02	-1.428666e+01
7.260000e-06	-1.418771e-02	-1.442357e+01
7.270000e-06	-2.266054e-02	-1.454927e+01
7.280000e-06	-1.309030e-02	-1.463550e+01
7.290000e-06	-2.166937e-02	-1.473971e+01
7.300000e-06	-1.328446e-02	-1.485455e+01
7.310000e-06	-2.248105e-02	-1.490918e+01
7.320000e-06	-1.452508e-02	-1.498145e+01
7.330000e-06	-2.380752e-02	-1.508610e+01
7.340000e-06	-1.764629e-02	-1.514871e+01
7.350000e-06	-2.550009e-02	-1.520542e+01
7.360000e-06	-1.791005e-02	-1.523666e+01
7.370000e-06	-2.319111e-02	-1.534874e+01
7.380000e-06	-1.972875e-02	-1.538192e+01
7.390000e-06	-2.464249e-02	-1.544447e+01
7.400000e-06	-2.357990e-02	-1.545350e+01
7.410000e-06	-2.363033e-02	-1.553965e+01
7.420000e-06	-2.598380e-02	-1.551031e+01
7.430000e-06	-2.506466e-02	-1.553079e+01
7.440000e-06	-2.858597e-02	-1.552029e+01
7.450000e-06	-2.478529e-02	-1.558182e+01
7.460000e-06	-2.939673e-02	-1.557227e+01
7.470000e-06	-2.988624e-02	-1.556134e+01
7.480000e-06	-3.235472e-02	-1.557084e+01
7.490000e-06	-3.094132e-02	-1.555181e+01
7.500000e-06	-3.079527e-02	-1.555023e+01
7.510000e-06	-3.427799e-02	-1.551066e+01
7.520000e-06	-3.708884e-02	-1.550908e+01
7.530000e-06	-3.791181e-02	-1.540558e+01
7.540000e-06	-3.839229e-02	-1.543447e+01
7.550000e-06	-4.104398e-02	-1.543144e+01
7.560000e-06	-4.359489e-02	-1.531018e+01
7.570000e-06	-4.280049e-02	-1.527655e+01
7.580000e-06	-4.409548e-02	-1.517286e+01
7.590000e-06	-4.689929e-02	-1.514971e+01
7.600000e-06	-5.188903e-02	-1.505657e+01
7.610000e-06	-5.409813e-02	-1.497234e+01
7.620000e-06	-5.456153e-02	-1.491108e+01
7.630000e-06	-5.875448e-02	-1.481487e+01
7.640000e-06	-6.345703e-02	-1.470920e+01
7.650000e-06	-6.509379e-02	-1.462350e+01
7.660000e-06	-6.467371e-02	-1.453970e+01
7.670000e-06	-6.773818e-02	-1.440534e+01
7.680000e-06	-7.140777e-02	-1.430810e+01
7.690000e-06	-7.069255e-02	-1.415338e+01
7.700000e-06	-6.780321e-02	-1.403597e+01
7.710000e-06	-6.639768e-02	-1.391910e+01
7.720000e-06	-6.806329e-02	-1.378338e+01
7.730000e-06	-6.524868e-02	-1.362482e+01
7.740000e-06	-6.117404e-02	-1.344553e+01
7.750000e-06	-5.788656e-02	-1.332118e+01
7.760000e-06	-5.673693e-02	-1.317183e+01
7.770000e-06	-5.414832e-02	-1.301497e+01
7.780000e-06	-4.902118e-02	-1.286598e+01
7.790000e-06	-4.499345e-02	-1.267665e+01
7.800000e-06	-4.375693e-02	-1.250861e+01
7.810000e-06	-4.322675e-02	-1.233221e+01
7.820000e-06	-3.882565e-02	-1.218334e+01
7.830000e-06	-3.495776e-02	-1.200333e+01
7.840000e-06	-3.465334e-02	-1.173124e+01
7.850000e-06	-3.345356e-02	-1.152173e+01
7.860000e-06	-3.057863e-02	-1.131106e+01
7.870000e-06	-2.656814e-02	-1.110975e+01
7.880000e-06	-2.599314e-02	-1.090873e+01
7.890000e-06	-2.675567e-02	-1.071018e+01
7.900000e-06	-2.427498e-02	-1.049968e+01
7.910000e-06	-2.120079e-02	-1.025810e+01
7.920000e-06	-1.958315e-02	-1.003792e+01
7.930000e-06	-2.089201e-02	-9.863949e+00
7.940000e-06	-1.946885e-02	-9.654396e+00
7.950000e-06	-1.681580e-02	-9.384365e+00
7.960000e-06	-1.547120e-02	-9.172835e+00
7.970000e-06	-1.807944e-02	-8.940785e+00
7.980000e-06	-1.650968e-02	-8.748648e+00
7.990000e-06	-1.315964e-02	-8.443496e+00
8.000000e-06	-1.224878e-02	-8.224396e+00
8.010000e-06	-1.333085e-02	-7.983435e+00
8.020000e-06	-1.461502e-02	-7.707123e+00
8.030000e-06	-1.017111e-02	-7.434043e+00
8.040000e-06	-1.017755e-02	-7.150809e+00
8.050000e-06	-1.091843e-02	-6.899078e+00
8.060000e-06	-1.255365e-02	-6.593995e+00
8.070000e-06	-8.975942e-03	-6.392265e+00
8.080000e-06	-8.991651e-03	-6.078199e+00
8.090000e-06	-8.700041e-03	-5.795495e+00
8.100000e-06	-1.198736e-02	-5.589835e+00
8.110000e-06	-7.442305e-03	-5.308149e+00
8.120000e-06	-7.610161e-03	-4.991364e+00
8.130000e-06	-5.691758e-03	-4.635498e+00
8.140000e-06	-1.018769e-02	-4.382394e+00
8.150000e-06	-7.088426e-03	-4.151340e+00
8.160000e-06	-7.527327e-03	-3.907623e+00
8.170000e-06	-6.398042e-03	-3.601393e+00
8.180000e-06	-9.257001e-03	-3.287684e+00
8.190000e-06	-5.866000e-03	-3.004419e+00
8.200000e-06	-4.493877e-03	-2.758282e+00
8.210000e-06	-3.565744e-03	-2.414528e+00
8.220000e-06	-5.688645e-03	-2.181339e+00
8.230000e-06	-6.262896e-03	-1.878053e+00
8.240000e-06	-5.164443e-03	-1.559920e+00
8.250000e-06	-4.573567e-03	-1.256052e+00
8.260000e-06	-4.944584e-03	-9.893176e-01
8.270000e-06	-5.929741e-03	-7.176759e-01
8.280000e-06	-1.357692e-03	-4.003676e-01
8.290000e-06	2.609797e-05	-1.181584e-01
8.300000e-06	7.511262e-03	1.859517e-01
8.310000e-06	1.789263e-03	4.412390e-01
8.320000e-06	4.527503e-04	7.133204e-01
8.330000e-06	6.266314e-04	9.955559e-01
8.340000e-06	-4.181283e-04	1.262788e+00
8.350000e-06	1.431494e-03	1.545507e+00
8.360000e-06	3.275658e-03	1.850709e+00
8.370000e-06	3.180339e-02	2.113260e+00
8.380000e-06	8.299676e-02	2.388575e+00
8.390000e-06	-1.310008e-02	2.783952e+00
8.400000e-06	-6.274335e-02	3.062186e+00
8.410000e-06	-4.422900e-02	3.305344e+00
8.420000e-06	1.247044e-03	3.618455e+00
8.430000e-06	-3.425603e-02	3.788506e+00
8.440000e-06	-3.572674e-02	4.000976e+00
8.450000e-06	1.057565e-01	4.342770e+00
8.460000e-06	-5.344567e-02	4.598650e+00
8.470000e-06	8.332547e-02	4.821631e+00
8.480000e-06	2.099492e-02	5.230606e+00
8.490000e-06	-9.055413e-02	5.483786e+00
8.500000e-06	6.579193e-02	5.735923e+00
8.510000e-06	-4.919196e-02	6.052634e+00
8.520000e-06	5.259755e-02	6.312787e+00
8.530000e-06	-2.185180e-02	6.568925e+00
8.540000e-06	-1.654849e-03	6.893235e+00
8.550000e-06	6.039976e-02	7.084321e+00
8.560000e-06	-3.782222e-02	7.379022e+00
8.570000e-06	1.576696e-03	7.682656e+00
8.580000e-06	-3.721176e-02	7.956814e+00
8.590000e-06	6.528178e-02	8.211554e+00
8.600000e-06	5.962638e-03	8.402130e+00
8.610000e-06	-2.490896e-02	8.651608e+00
8.620000e-06	3.782768e-02	8.896708e+00
8.630000e-06	-2.063756e-02	9.117395e+00
8.640000e-06	3.226575e-02	9.368936e+00
8.650000e-06	-3.194501e-02	9.600572e+00
8.660000e-06	1.958460e-02	9.874652e+00
8.670000e-06	8.189884e-03	1.008363e+01
8.680000e-06	2.503518e-02	1.027310e+01
8.690000e-06	4.321139e-03	1.049631e+01
8.700000e-06	-1.954109e-02	1.074779e+01
8.710000e-06	2.711194e-02	1.093979e+01
8.720000e-06	-4.396269e-03	1.111974e+01
8.730000e-06	1.759670e-02	1.135729e+01
8.740000e-06	-1.654022e-02	1.152841e+01
8.750000e-06	3.055567e-02	1.179992e+01
8.760000e-06	7.532606e-03	1.199082e+01
8.770000e-06	1.223147e-02	1.215986e+01
8.780000e-06	-7.008516e-03	1.231781e+01
8.790000e-06	9.377411e-03	1.253679e+01
8.800000e-06	1.795562e-02	1.268566e+01
8.810000e-06	2.645717e-03	1.284610e+01
8.820000e-06	8.163134e-03	1.304297e+01
8.830000e-06	6.322865e-03	1.318200e+01
8.840000e-06	2.627173e-02	1.330931e+01
8.850000e-06	1.920326e-03	1.350555e+01
8.860000e-06	6.445100e-03	1.364203e+01
8.870000e-06	3.975912e-03	1.375984e+01
8.880000e-06	2.076341e-02	1.393719e+01
8.890000e-06	1.022019e-02	1.406662e+01
8.900000e-06	4.705396e-03	1.422207e+01
8.910000e-06	1.299068e-02	1.431076e+01
8.920000e-06	1.685551e-02	1.445510e+01
8.930000e-06	1.577885e-02	1.455974e+01
8.940000e-06	2.790816e-03	1.467610e+01
8.950000e-06	1.454195e-02	1.476929e+01
8.960000e-06	1.686653e-02	1.485362e+01
8.970000e-06	1.894947e-02	1.491673e+01
8.980000e-06	7.760426e-03	1.500134e+01
8.990000e-06	1.197742e-02	1.509805e+01
9.000000e-06	1.873237e-02	1.508871e+01
9.010000e-06	1.692779e-02	1.519349e+01
9.020000e-06	1.220697e-02	1.529710e+01
9.030000e-06	1.138775e-02	1.531921e+01
9.040000e-06	2.203442e-02	1.532194e+01
9.050000e-06	2.085416e-02	1.540389e+01
9.060000e-06	1.581179e-02	1.550555e+01
9.070000e-06	1.398203e-02	1.552655e+01
9.080000e-06	2.212982e-02	1.552913e+01
9.090000e-06	2.425295e-02	1.556016e+01
9.100000e-06	1.737354e-02	1.554073e+01
9.110000e-06	1.923721e-02	1.558184e+01
9.120000e-06	2.259907e-02	1.563276e+01
9.130000e-06	2.965191e-02	1.557374e+01
9.140000e-06	2.173913e-02	1.559276e+01
9.150000e-06	2.406792e-02	1.556121e+01
9.160000e-06	2.702783e-02	1.554961e+01
9.170000e-06	3.373608e-02	1.551813e+01
9.180000e-06	2.836094e-02	1.549757e+01
9.190000e-06	2.758306e-02	1.545447e+01
9.200000e-06	3.373350e-02	1.540231e+01
9.210000e-06	3.745997e-02	1.534078e+01
9.220000e-06	3.696761e-02	1.530015e+01
9.230000e-06	3.378367e-02	1.524744e+01
9.240000e-06	4.016564e-02	1.519246e+01
9.250000e-06	4.486058e-02	1.514063e+01
9.260000e-06	4.494058e-02	1.502605e+01
9.270000e-06	4.300883e-02	1.494131e+01
9.280000e-06	4.975971e-02	1.490703e+01
9.290000e-06	5.740466e-02	1.479331e+01
9.300000e-06	5.653557e-02	1.471868e+01
9.310000e-06	5.644367e-02	1.457436e+01
9.320000e-06	5.850769e-02	1.451810e+01
9.330000e-06	6.702818e-02	1.439186e+01
9.340000e-06	6.296793e-02	1.425758e+01
9.350000e-06	6.065551e-02	1.412116e+01
9.360000e-06	5.949240e-02	1.402239e+01
9.370000e-06	6.477881e-02	1.382707e+01
9.380000e-06	6.054813e-02	1.369070e+01
9.390000e-06	5.432984e-02	1.357136e+01
9.400000e-06	5.200499e-02	1.342382e+01
9.410000e-06	5.266666e-02	1.329848e+01
9.420000e-06	4.989335e-02	1.313016e+01
9.430000e-06	4.400391e-02	1.295241e+01
9.440000e-06	3.994988e-02	1.282441e+01
9.450000e-06	4.061330e-02	1.264452e+01
9.460000e-06	3.763728e-02	1.251852e+01
9.470000e-06	3.193674e-02	1.229960e+01
9.480000e-06	2.801870e-02	1.211115e+01
9.490000e-06	2.869173e-02	1.191065e+01
9.500000e-06	2.758087e-02	1.175926e+01
9.510000e-06	2.407362e-02	1.150013e+01
9.520000e-06	2.051443e-02	1.130657e+01
9.530000e-06	2.091627e-02	1.110915e+01
9.540000e-06	2.163427e-02	1.089810e+01
9.550000e-06	1.691771e-02	1.068770e+01
9.560000e-06	1.306759e-02	1.048702e+01
9.570000e-06	1.302984e-02	1.025702e+01
9.580000e-06	1.508829e-02	1.004492e+01
9.590000e-06	1.101382e-02	9.821764e+00
9.600000e-06	7.770205e-03	9.561362e+00
9.610000e-06	8.203241e-03	9.341661e+00
9.620000e-06	1.151974e-02	9.109683e+00
9.630000e-06	9.318313e-03	8.896047e+00
9.640000e-06	5.146438e-03	8.655019e+00
9.650000e-06	5.440132e-03	8.433919e+00
9.660000e-06	6.047187e-03	8.172832e+00
9.670000e-06	5.999766e-03	7.887102e+00
9.680000e-06	1.586238e-03	7.665069e+00
9.690000e-06	1.908827e-03	7.352359e+00
9.700000e-06	3.615659e-03	7.089076e+00
9.710000e-06	5.317051e-03	6.866121e+00
9.720000e-06	1.191554e-03	6.602812e+00
9.730000e-06	4.674915e-04	6.328205e+00
9.740000e-06	2.161006e-03	6.084597e+00
9.750000e-06	2.587740e-03	5.794334e+00
9.760000e-06	-3.751585e-04	5.529181e+00
9.770000e-06	-2.644840e-03	5.253445e+00
9.780000e-06	-2.816497e-05	4.890150e+00
9.790000e-06	1.263106e-03	4.613340e+00
9.800000e-06	-1.109327e-03	4.389839e+00
9.810000e-06	-3.126986e-03	4.065525e+00
9.820000e-06	-2.562028e-03	3.781786e+00
9.830000e-06	-5.692756e-04	3.528707e+00
9.840000e-06	-1.612002e-03	3.211890e+00
9.850000e-06	-3.256729e-03	2.940761e+00
9.860000e-06	-2.382879e-03	2.717049e+00
9.870000e-06	-6.128280e-04	2.410340e+00
9.880000e-06	-2.758269e-03	2.077580e+00
9.890000e-06	-5.607502e-03	1.823943e+00
9.900000e-06	-5.750696e-03	1.496180e+00
9.910000e-06	-3.302432e-03	1.202474e+00
9.920000e-06	-3.580140e-03	8.965767e-01
9.930000e-06	-5.568421e-03	5.808901e-01
9.940000e-06	-3.635663e-03	3.478659e-01
9.950000e-06	1.654749e-05	1.244663e-02
9.960000e-06	6.469907e-03	-2.402354e-01
9.970000e-06	-2.238773e-03	-4.328852e-01
9.980000e-06	-3.258326e-03	-7.895538e-01
9.990000e-06	-6.293404e-03	-9.997114e-01
1.000000e-05	-1.417769e-03	-1.326476e+00
1.001000e-05	-4.298214e-03	-1.629608e+00
1.002000e-05	1.024110e-02	-1.863238e+00
1.003000e-05	6.842359e-02	-2.063230e+00
1.004000e-05	4.412818e-02	-2.429133e+00
1.005000e-05	-8.714127e-02	-2.809554e+00
1.006000e-05	-3.435564e-02	-3.169004e+00
1.007000e-05	-3.997420e-02	-3.441008e+00
1.008000e-05	-3.481720e-02	-3.674635e+00
1.009000e-05	-1.327020e-02	-3.946718e+00
1.010000e-05	1.264940e-01	-4.074812e+00
1.011000e-05	-1.773216e-01	-4.387475e+00
1.012000e-05	1.869651e-01	-4.651609e+00
1.013000e-05	-6.652881e-02	-4.894216e+00
1.014000e-05	-5.120073e-02	-5.251153e+00
1.015000e-05	6.038194e-02	-5.473713e+00
1.016000e-05	-1.757241e-01	-5.810032e+00
1.017000e-05	1.777309e-01	-6.043559e+00
1.018000e-05	-1.050033e-01	-6.326947e+00
1.019000e-05	3.631441e-02	-6.611583e+00
1.020000e-05	3.750959e-02	-6.842712e+00
1.021000e-05	-9.157281e-02	-7.209052e+00
1.022000e-05	8.056901e-02	-7.421127e+00
1.023000e-05	-1.290780e-01	-7.725315e+00
1.024000e-05	8.259193e-02	-8.001975e+00
1.025000e-05	-3.293438e-02	-8.211079e+00
1.026000e-05	-4.483994e-03	-8.484837e+00
1.027000e-05	4.951223e-02	-8.726314e+00
1.028000e-05	-1.094739e-01	-8.999528e+00
1.029000e-05	8.272443e-02	-9.190970e+00
1.030000e-05	-9.737685e-02	-9.431133e+00
1.031000e-05	6.466791e-02	-9.696261e+00
1.032000e-05	-5.780446e-02	-9.873659e+00
1.033000e-05	2.771733e-02	-1.010781e+01
1.034000e-05	-5.642817e-03	-1.032876e+01
1.035000e-05	-3.500261e-02	-1.057047e+01
1.036000e-05	1.313306e-02	-1.076927e+01
1.037000e-05	-5.456374e-02	-1.095940e+01
1.038000e-05	4.094149e-02	-1.114142e+01
1.039000e-05	-5.484129e-02	-1.142000e+01
1.040000e-05	3.338148e-02	-1.159297e+01
1.041000e-05	-4.413593e-02	-1.181247e+01
1.042000e-05	2.171033e-02	-1.202310e+01
1.043000e-05	-3.953462e-02	-1.217205e+01
1.044000e-05	-3.514048e-03	-1.238195e+01
1.045000e-05	-2.053092e-02	-1.253992e+01
1.046000e-05	-7.600899e-03	-1.270882e+01
1.047000e-05	-5.233345e-03	-1.289618e+01
1.048000e-05	-2.401046e-02	-1.307410e+01
1.049000e-05	1.693412e-03	-1.322347e+01
1.050000e-05	-2.788829e-02	-1.335337e+01
1.051000e-05	7.245456e-04	-1.351821e+01
1.052000e-05	-3.447335e-02	-1.364606e+01
1.053000e-05	-2.305769e-03	-1.385395e+01
1.054000e-05	-2.307097e-02	-1.396074e+01
1.055000e-05	-5.110027e-03	-1.412828e+01
1.056000e-05	-2.358706e-02	-1.417296e+01
1.057000e-05	-1.383830e-02	-1.436086e+01
1.058000e-05	-1.738855e-02	-1.444560e+01
1.059000e-05	-1.517300e-02	-1.460034e+01
1.060000e-05	-1.901128e-02	-1.467708e+01
1.061000e-05	-1.929103e-02	-1.479084e+01
1.062000e-05	-1.492702e-02	-1.487663e+01
1.063000e-05	-1.802004e-02	-1.494026e+01
1.064000e-05	-1.983022e-02	-1.500395e+01
1.065000e-05	-2.398223e-02	-1.511658e+01
1.066000e-05	-1.804897e-02	-1.516184e+01
1.067000e-05	-2.175884e-02	-1.519394e+01
1.068000e-05	-1.853673e-02	-1.522668e+01
1.069000e-05	-2.651357e-02	-1.535126e+01
1.070000e-05	-1.877022e-02	-1.538300e+01
1.071000e-05	-2.482710e-02	-1.544750e+01
1.072000e-05	-2.247501e-02	-1.548760e+01
1.073000e-05	-2.800340e-02	-1.546913e+01
1.074000e-05	-2.420725e-02	-1.553821e+01
1.075000e-05	-2.413734e-02	-1.556028e+01
1.076000e-05	-2.636216e-02	-1.556131e+01
1.077000e-05	-2.840710e-02	-1.561234e+01
1.078000e-05	-3.028895e-02	-1.558224e+01
1.079000e-05	-2.726274e-02	-1.555094e+01
1.080000e-05	-3.154354e-02	-1.557229e+01
1.081000e-05	-3.390960e-02	-1.555078e+01
1.082000e-05	-3.460666e-02	-1.554023e+01
1.083000e-05	-3.370255e-02	-1.551818e+01
1.084000e-05	-3.501415e-02	-1.549713e+01
1.085000e-05	-3.880112e-02	-1.544500e+01
1.086000e-05	-4.035369e-02	-1.539389e+01
1.087000e-05	-3.921041e-02	-1.536034e+01
1.088000e-05	-4.185167e-02	-1.532965e+01
1.089000e-05	-4.489256e-02	-1.522692e+01
1.090000e-05	-4.782737e-02	-1.518331e+01
1.091000e-05	-4.785556e-02	-1.507813e+01
1.092000e-05	-5.029412e-02	-1.499603e+01
1.093000e-05	-5.501161e-02	-1.497173e+01
1.094000e-05	-5.927882e-02	-1.487857e+01
1.095000e-05	-5.915742e-02	-1.478426e+01
1.096000e-05	-6.013215e-02	-1.470012e+01
1.097000e-05	-6.541969e-02	-1.457239e+01
1.098000e-05	-6.895474e-02	-1.452858e+01
1.099000e-05	-6.902237e-02	-1.439269e+01
1.100000e-05	-6.782342e-02	-1.422702e+01
1.101000e-05	-6.975711e-02	-1.411963e+01
1.102000e-05	-7.148451e-02	-1.399283e+01
1.103000e-05	-6.737596e-02	-1.385705e+01
1.104000e-05	-6.431986e-02	-1.371915e+01
1.105000e-05	-6.315313e-02	-1.357176e+01
1.106000e-05	-6.258172e-02	-1.341657e+01
1.107000e-05	-5.850008e-02	-1.328862e+01
1.108000e-05	-5.279000e-02	-1.308916e+01
1.109000e-05	-5.132081e-02	-1.296231e+01
1.110000e-05	-4.934948e-02	-1.284487e+01
1.111000e-05	-4.740754e-02	-1.261702e+01
1.112000e-05	-4.194562e-02	-1.250807e+01
1.113000e-05	-4.070818e-02	-1.229860e+01
1.114000e-05	-3.943429e-02	-1.208923e+01
1.115000e-05	-3.651648e-02	-1.193171e+01
1.116000e-05	-3.281101e-02	-1.169812e+01
1.117000e-05	-2.998480e-02	-1.145860e+01
1.118000e-05	-3.063158e-02	-1.125509e+01
1.119000e-05	-2.852424e-02	-1.106547e+01
1.120000e-05	-2.604869e-02	-1.085597e+01
1.121000e-05	-2.309566e-02	-1.065642e+01
1.122000e-05	-2.332485e-02	-1.044702e+01
1.123000e-05	-2.341573e-02	-1.018444e+01
1.124000e-05	-2.114171e-02	-9.973836e+00
1.125000e-05	-1.807995e-02	-9.792391e+00
1.126000e-05	-1.829863e-02	-9.602738e+00
1.127000e-05	-1.883184e-02	-9.280728e+00
1.128000e-05	-1.717462e-02	-9.097153e+00
1.129000e-05	-1.410655e-02	-8.854948e+00
1.130000e-05	-1.482720e-02	-8.594992e+00
1.131000e-05	-1.549348e-02	-8.350293e+00
1.132000e-05	-1.452057e-02	-8.140732e+00
1.133000e-05	-1.153103e-02	-7.877999e+00
1.134000e-05	-1.161084e-02	-7.572415e+00
1.135000e-05	-1.280265e-02	-7.318261e+00
1.136000e-05	-1.242796e-02	-7.017593e+00
1.137000e-05	-9.948626e-03	-6.823395e+00
1.138000e-05	-9.709194e-03	-6.560736e+00
1.139000e-05	-1.088675e-02	-6.316652e+00
1.140000e-05	-1.103105e-02	-5.992921e+00
1.141000e-05	-7.664478e-03	-5.760710e+00
1.142000e-05	-9.307240e-03	-5.506173e+00
1.143000e-05	-9.744188e-03	-5.161865e+00
1.144000e-05	-9.294078e-03	-4.836497e+00
1.145000e-05	-5.488858e-03	-4.526339e+00
1.146000e-05	-6.838640e-03	-4.317710e+00
1.147000e-05	-7.789359e-03	-4.063577e+00
1.148000e-05	-9.472268e-03	-3.752788e+00
1.149000e-05	-5.759273e-03	-3.508681e+00
1.150000e-05	-6.096162e-03	-3.233946e+00
1.151000e-05	-6.217983e-03	-2.868655e+00
1.152000e-05	-6.927786e-03	-2.614973e+00
1.153000e-05	-3.081913e-03	-2.389396e+00
1.154000e-05	-3.563481e-03	-2.034525e+00
1.155000e-05	-6.099236e-03	-1.802441e+00
1.156000e-05	-6.976477e-03	-1.547032e+00
1.157000e-05	-4.864648e-03	-1.189366e+00
1.158000e-05	-4.010114e-03	-9.160495e-01
1.159000e-05	-3.425776e-03	-6.003651e-01
1.160000e-05	-3.200677e-03	-3.162797e-01
1.161000e-05	2.208245e-04	-1.304901e-02
1.162000e-05	1.154026e-02	2.921938e-01
1.163000e-05	-3.256059e-03	5.449204e-01
1.164000e-05	3.946577e-03	8.070783e-01
1.165000e-05	-3.695069e-03	1.124323e+00
1.166000e-05	4.427664e-03	1.377028e+00
1.167000e-05	1.139522e-03	1.693215e+00
1.168000e-05	1.232276e-02	1.906446e+00
1.169000e-05	3.752294e-02	2.167453e+00
1.170000e-05	8.408524e-02	2.463413e+00
1.171000e-05	-5.948586e-02	2.892215e+00
1.172000e-05	-4.643226e-02	3.124276e+00
1.173000e-05	-3.721605e-02	3.389530e+00
1.174000e-05	1.130737e-02	3.652208e+00
1.175000e-05	-5.354877e-02	3.893734e+00
1.176000e-05	-2.310061e-04	4.112236e+00
1.177000e-05	9.838828e-02	4.397530e+00
1.178000e-05	-8.547480e-02	4.663685e+00
1.179000e-05	1.573494e-01	4.937896e+00
1.180000e-05	-8.158150e-02	5.364291e+00
1.181000e-05	-1.569946e-02	5.567398e+00
1.182000e-05	3.523745e-02	5.871109e+00
1.183000e-05	-3.967940e-02	6.116211e+00
1.184000e-05	6.186671e-02	6.328524e+00
1.185000e-05	-5.878288e-02	6.651210e+00
1.186000e-05	5.012767e-02	6.903768e+00
1.187000e-05	2.012921e-02	7.157948e+00
1.188000e-05	-1.840296e-02	7.453183e+00
1.189000e-05	-1.483192e-02	7.727372e+00
1.190000e-05	-1.108568e-02	8.033080e+00
1.191000e-05	6.402833e-02	8.333738e+00
1.192000e-05	-2.253627e-02	8.517386e+00
1.193000e-05	-4.198624e-04	8.747267e+00
1.194000e-05	2.149493e-02	9.001498e+00
1.195000e-05	-9.528139e-03	9.221526e+00
1.196000e-05	2.593388e-02	9.442076e+00
1.197000e-05	-3.105254e-02	9.654687e+00
1.198000e-05	2.668610e-02	9.937311e+00
1.199000e-05	5.287290e-03	1.012982e+01
1.200000e-05	2.813852e-02	1.033637e+01
1.201000e-05	-1.182228e-02	1.056898e+01
1.202000e-05	-6.043021e-03	1.078149e+01
1.203000e-05	2.281061e-02	1.098045e+01
1.204000e-05	4.606972e-04	1.123040e+01
1.205000e-05	1.133626e-02	1.141310e+01
1.206000e-05	-9.078380e-03	1.159057e+01
1.207000e-05	3.098998e-02	1.183208e+01
1.208000e-05	6.393570e-03	1.200415e+01
1.209000e-05	7.989962e-03	1.224142e+01
1.210000e-05	-5.924523e-03	1.240995e+01
1.211000e-05	1.420245e-02	1.259142e+01
1.212000e-05	1.679036e-02	1.278829e+01
1.213000e-05	4.145416e-03	1.289573e+01
1.214000e-05	7.544840e-03	1.308566e+01
1.215000e-05	1.077705e-02	1.325347e+01
1.216000e-05	2.243509e-02	1.335942e+01
1.217000e-05	3.440640e-03	1.353886e+01
1.218000e-05	4.290705e-03	1.366565e+01
1.219000e-05	9.341047e-03	1.381402e+01
1.220000e-05	1.757890e-02	1.396734e+01
1.221000e-05	1.189855e-02	1.408565e+01
1.222000e-05	4.862552e-03	1.428765e+01
1.223000e-05	1.447074e-02	1.440136e+01
1.224000e-05	1.661985e-02	1.446571e+01
1.225000e-05	1.328707e-02	1.459096e+01
1.226000e-05	6.689593e-03	1.472828e+01
1.227000e-05	1.389900e-02	1.480286e+01
1.228000e-05	1.937747e-02	1.484600e+01
1.229000e-05	1.556083e-02	1.494828e+01
1.230000e-05	1.092690e-02	1.503295e+01
1.231000e-05	1.051064e-02	1.509913e+01
1.232000e-05	1.976009e-02	1.513073e+01
1.233000e-05	1.472719e-02	1.525357e+01
1.234000e-05	1.454281e-02	1.527673e+01
1.235000e-05	1.419693e-02	1.531133e+01
1.236000e-05	2.205971e-02	1.536234e+01
1.237000e-05	2.126974e-02	1.542497e+01
1.238000e-05	1.460623e-02	1.549563e+01
1.239000e-05	1.757448e-02	1.552758e+01
1.240000e-05	2.018461e-02	1.553078e+01
1.241000e-05	2.289979e-02	1.553016e+01
1.242000e-05	1.817574e-02	1.553134e+01
1.243000e-05	2.146270e-02	1.558031e+01
1.244000e-05	2.392795e-02	1.560086e+01
1.245000e-05	2.673145e-02	1.558126e+01
1.246000e-05	2.378831e-02	1.555131e+01
1.247000e-05	2.423828e-02	1.555164e+01
1.248000e-05	2.974326e-02	1.554026e+01
1.249000e-05	3.061461e-02	1.549863e+01
1.250000e-05	3.069426e-02	1.546555e+01
1.251000e-05	2.937772e-02	1.542394e+01
1.252000e-05	3.369846e-02	1.537334e+01
1.253000e-05	3.500180e-02	1.534181e+01
1.254000e-05	3.722362e-02	1.526760e+01
1.255000e-05	3.733616e-02	1.524597e+01
1.256000e-05	4.074279e-02	1.513326e+01
1.257000e-05	4.352232e-02	1.508808e+01
1.258000e-05	4.528102e-02	1.504492e+01
1.259000e-05	4.767303e-02	1.496076e+01
1.260000e-05	5.080178e-02	1.485745e+01
1.261000e-05	5.594588e-02	1.480231e+01
1.262000e-05	5.695634e-02	1.467602e+01
1.263000e-05	6.041256e-02	1.455336e+01
1.264000e-05	6.057438e-02	1.447655e+01
1.265000e-05	6.316771e-02	1.432918e+01
1.266000e-05	6.326183e-02	1.419592e+01
1.267000e-05	6.270128e-02	1.411960e+01
1.268000e-05	6.129548e-02	1.395126e+01
1.269000e-05	6.134159e-02	1.381444e+01
1.270000e-05	5.812981e-02	1.365947e+01
1.271000e-05	5.820317e-02	1.355763e+01
1.272000e-05	4.844365e-02	1.338234e+01
1.273000e-05	5.145913e-02	1.324492e+01
1.274000e-05	4.502955e-02	1.304900e+01
1.275000e-05	4.663770e-02	1.291017e+01
1.276000e-05	4.082640e-02	1.278174e+01
1.277000e-05	4.023765e-02	1.262089e+01
1.278000e-05	3.438795e-02	1.242487e+01
1.279000e-05	3.323268e-02	1.222347e+01
1.280000e-05	2.729812e-02	1.209745e+01
1.281000e-05	2.490631e-02	1.187512e+01
1.282000e-05	2.393324e-02	1.168597e+01
1.283000e-05	2.502446e-02	1.145507e+01
1.284000e-05	2.384750e-02	1.124652e+01
1.285000e-05	2.142218e-02	1.102600e+01
1.286000e-05	1.965734e-02	1.084599e+01
1.287000e-05	1.318349e-02	1.057436e+01
1.288000e-05	1.402489e-02	1.040491e+01
1.289000e-05	1.114673e-02	1.020347e+01
1.290000e-05	1.337789e-02	1.001223e+01
1.291000e-05	1.087706e-02	9.719726e+00
1.292000e-05	1.262785e-02	9.486574e+00
1.293000e-05	1.038891e-02	9.247099e+00
1.294000e-05	8.492472e-03	9.034440e+00
1.295000e-05	5.324991e-03	8.773864e+00
1.296000e-05	5.081066e-03	8.571765e+00
1.297000e-05	5.740406e-03	8.359233e+00
1.298000e-05	3.813836e-03	8.085500e+00
1.299000e-05	5.856247e-03	7.852393e+00
1.300000e-05	3.358722e-03	7.591786e+00
1.301000e-05	5.233546e-03	7.288077e+00
1.302000e-05	2.966748e-03	7.022389e+00
1.303000e-05	2.310131e-03	6.822864e+00
1.304000e-05	-1.685091e-04	6.487156e+00
1.305000e-05	9.839135e-04	6.263970e+00
1.306000e-05	1.104725e-05	6.000966e+00
1.307000e-05	-6.505453e-05	5.720753e+00
1.308000e-05	8.054961e-04	5.474997e+00
1.309000e-05	8.486003e-04	5.150181e+00
1.310000e-05	8.836584e-04	4.803340e+00
1.311000e-05	-1.943036e-03	4.538233e+00
1.312000e-05	-1.285554e-03	4.315498e+00
1.313000e-05	-2.239230e-03	3.939785e+00
1.314000e-05	-1.421855e-03	3.677129e+00
1.315000e-05	-3.422396e-03	3.464491e+00
1.316000e-05	-3.043302e-03	3.140160e+00
1.317000e-05	-2.784577e-03	2.865125e+00
1.318000e-05	-1.775255e-03	2.631789e+00
1.319000e-05	-2.376576e-03	2.256102e+00
1.320000e-05	-4.587008e-03	1.999973e+00
1.321000e-05	-4.687350e-03	1.758660e+00
1.322000e-05	-3.123731e-03	1.452548e+00
1.323000e-05	-5.175056e-03	1.157232e+00
1.324000e-05	-5.688346e-03	7.788387e-01
1.325000e-05	-4.303295e-03	5.167058e-01
1.326000e-05	-2.734227e-03	2.230504e-01
1.327000e-05	-1.865013e-03	-7.276403e-02
1.328000e-05	6.987838e-03	-3.458219e-01
1.329000e-05	-6.655335e-03	-5.860298e-01
1.330000e-05	1.465209e-03	-8.631840e-01
1.331000e-05	-8.557507e-03	-1.135922e+00
1.332000e-05	-8.234635e-04	-1.440590e+00
1.333000e-05	-4.627541e-03	-1.705243e+00
1.334000e-05	2.464772e-02	-1.916371e+00
1.335000e-05	9.576509e-02	-2.146452e+00
1.336000e-05	-3.380787e-02	-2.544898e+00
1.337000e-05	-6.303632e-02	-2.916423e+00
1.338000e-05	-4.159568e-02	-3.292137e+00
1.339000e-05	-1.859046e-02	-3.533764e+00
1.340000e-05	-6.674419e-02	-3.737819e+00
1.341000e-05	7.671965e-02	-3.988425e+00
1.342000e-05	2.559630e-02	-4.116397e+00
1.343000e-05	-1.119776e-01	-4.472609e+00
1.344000e-05	2.035108e-01	-4.665717e+00
1.345000e-05	-1.764611e-01	-5.009610e+00
1.346000e-05	7.762738e-02	-5.348318e+00
1.347000e-05	-6.253440e-02	-5.618530e+00
1.348000e-05	-6.744529e-02	-5.904768e+00
1.349000e-05	1.443328e-01	-6.088817e+00
1.350000e-05	-1.437481e-01	-6.423659e+00
1.351000e-05	1.236256e-01	-6.704212e+00
1.352000e-05	-6.714841e-02	-6.908845e+00
1.353000e-05	-9.308565e-03	-7.305237e+00
1.354000e-05	2.345671e-02	-7.494762e+00
1.355000e-05	-1.004005e-01	-7.830606e+00
1.356000e-05	1.092140e-01	-8.064611e+00
1.357000e-05	-1.015377e-01	-8.305289e+00
1.358000e-05	7.845791e-02	-8.580494e+00
1.359000e-05	-4.099959e-02	-8.790028e+00
1.360000e-05	-3.165824e-02	-9.052208e+00
1.361000e-05	3.529595e-02	-9.254633e+00
1.362000e-05	-7.799966e-02	-9.497296e+00
1.363000e-05	7.176941e-02	-9.708894e+00
1.364000e-05	-8.325790e-02	-9.978847e+00
1.365000e-05	6.967694e-02	-1.019244e+01
1.366000e-05	-6.430015e-02	-1.038097e+01
1.367000e-05	2.265553e-02	-1.065408e+01
1.368000e-05	-3.711910e-02	-1.079247e+01
1.369000e-05	-7.599581e-03	-1.103558e+01
1.370000e-05	3.099614e-03	-1.122611e+01
1.371000e-05	-2.808442e-02	-1.149461e+01
1.372000e-05	1.899045e-02	-1.166611e+01
1.373000e-05	-3.873849e-02	-1.188663e+01
1.374000e-05	1.970263e-02	-1.208776e+01
1.375000e-05	-4.919379e-02	-1.229461e+01
1.376000e-05	1.427678e-02	-1.247458e+01
1.377000e-05	-3.897437e-02	-1.261315e+01
1.378000e-05	1.218818e-02	-1.280145e+01
1.379000e-05	-2.723739e-02	-1.295934e+01
1.380000e-05	-1.225676e-03	-1.310726e+01
1.381000e-05	-1.761675e-02	-1.325565e+01
1.382000e-05	-1.469790e-02	-1.346295e+01
1.383000e-05	-1.281014e-02	-1.358079e+01
1.384000e-05	-2.452992e-02	-1.369932e+01
1.385000e-05	-5.922736e-03	-1.386605e+01
1.386000e-05	-2.353801e-02	-1.399289e+01
1.387000e-05	-4.459886e-03	-1.412034e+01
1.388000e-05	-2.501937e-02	-1.424606e+01
1.389000e-05	-8.996521e-03	-1.440294e+01
1.390000e-05	-2.350830e-02	-1.450763e+01
1.391000e-05	-1.278227e-02	-1.462302e+01
1.392000e-05	-2.319815e-02	-1.470913e+01
1.393000e-05	-1.336859e-02	-1.480187e+01
1.394000e-05	-1.993063e-02	-1.488768e+01
1.395000e-05	-1.718784e-02	-1.493084e+01
1.396000e-05	-2.293714e-02	-1.503500e+01
1.397000e-05	-1.897265e-02	-1.513823e+01
1.398000e-05	-2.147683e-02	-1.518186e+01
1.399000e-05	-2.089871e-02	-1.521458e+01
1.400000e-05	-2.140161e-02	-1.531818e+01
1.401000e-05	-2.262628e-02	-1.537039e+01
1.402000e-05	-1.970499e-02	-1.543352e+01
1.403000e-05	-2.658465e-02	-1.546655e+01
1.404000e-05	-2.254252e-02	-1.548765e+01
1.405000e-05	-2.737685e-02	-1.552915e+01
1.406000e-05	-2.320374e-02	-1.557026e+01
1.407000e-05	-2.762394e-02	-1.554125e+01
1.408000e-05	-2.607678e-02	-1.557234e+01
1.409000e-05	-2.778908e-02	-1.559071e+01
1.410000e-05	-2.895927e-02	-1.560236e+01
1.411000e-05	-2.950773e-02	-1.555286e+01
1.412000e-05	-3.267175e-02	-1.557226e+01
1.413000e-05	-3.149315e-02	-1.554121e+01
1.414000e-05	-3.396471e-02	-1.552966e+01
1.415000e-05	-3.601212e-02	-1.550923e+01
1.416000e-05	-3.806783e-02	-1.546715e+01
1.417000e-05	-3.777385e-02	-1.540350e+01
1.418000e-05	-3.901215e-02	-1.540382e+01
1.419000e-05	-4.129074e-02	-1.534126e+01
1.420000e-05	-4.354421e-02	-1.525860e+01
1.421000e-05	-4.340900e-02	-1.522334e+01
1.422000e-05	-4.646103e-02	-1.518123e+01
1.423000e-05	-4.928971e-02	-1.508808e+01
1.424000e-05	-5.310928e-02	-1.500494e+01
1.425000e-05	-5.514081e-02	-1.492121e+01
1.426000e-05	-5.729403e-02	-1.487692e+01
1.427000e-05	-6.031667e-02	-1.476126e+01
1.428000e-05	-6.357579e-02	-1.464757e+01
1.429000e-05	-6.567746e-02	-1.459224e+01
1.430000e-05	-6.653334e-02	-1.446652e+01
1.431000e-05	-6.891629e-02	-1.434161e+01
1.432000e-05	-7.013700e-02	-1.422444e+01
1.433000e-05	-6.993176e-02	-1.410803e+01
1.434000e-05	-6.747688e-02	-1.394381e+01
1.435000e-05	-6.776115e-02	-1.380497e+01
1.436000e-05	-6.618871e-02	-1.367692e+01
1.437000e-05	-6.299254e-02	-1.346121e+01
1.438000e-05	-5.979719e-02	-1.338376e+01
1.439000e-05	-5.655909e-02	-1.322192e+01
1.440000e-05	-5.409658e-02	-1.308660e+01
1.441000e-05	-5.089463e-02	-1.291073e+01
1.442000e-05	-4.627650e-02	-1.278226e+01
1.443000e-05	-4.540940e-02	-1.255284e+01
1.444000e-05	-4.281925e-02	-1.238642e+01
1.445000e-05	-4.064483e-02	-1.223500e+01
1.446000e-05	-3.692683e-02	-1.206697e+01
1.447000e-05	-3.509612e-02	-1.180697e+01
1.448000e-05	-3.339403e-02	-1.166589e+01
1.449000e-05	-3.138016e-02	-1.140590e+01
1.450000e-05	-2.827326e-02	-1.116316e+01
1.451000e-05	-2.715085e-02	-1.098294e+01
1.452000e-05	-2.657811e-02	-1.076284e+01
1.453000e-05	-2.419071e-02	-1.060389e+01
1.454000e-05	-2.257185e-02	-1.042331e+01
1.455000e-05	-2.110266e-02	-1.014273e+01
1.456000e-05	-2.188584e-02	-9.929153e+00
1.457000e-05	-1.934646e-02	-9.707607e+00
1.458000e-05	-1.797834e-02	-9.468102e+00
1.459000e-05	-1.622973e-02	-9.256448e+00
1.460000e-05	-1.604560e-02	-9.044443e+00
1.461000e-05	-1.556269e-02	-8.822313e+00
1.462000e-05	-1.561615e-02	-8.520755e+00
1.463000e-05	-1.470267e-02	-8.296603e+00
1.464000e-05	-1.361309e-02	-8.065998e+00
1.465000e-05	-1.268929e-02	-7.772760e+00
1.466000e-05	-1.237702e-02	-7.477105e+00
1.467000e-05	-1.183307e-02	-7.275996e+00
1.468000e-05	-1.096853e-02	-7.001388e+00
1.469000e-05	-1.125383e-02	-6.729677e+00
1.470000e-05	-1.043283e-02	-6.477047e+00
1.471000e-05	-1.062691e-02	-6.203889e+00
1.472000e-05	-8.694022e-03	-5.979212e+00
1.473000e-05	-7.953026e-03	-5.666523e+00
1.474000e-05	-8.765172e-03	-5.381787e+00
1.475000e-05	-1.019680e-02	-5.096601e+00
1.476000e-05	-7.282021e-03	-4.711236e+00
1.477000e-05	-6.923070e-03	-4.486051e+00
1.478000e-05	-7.371224e-03	-4.264546e+00
1.479000e-05	-7.279140e-03	-3.999837e+00
1.480000e-05	-8.131787e-03	-3.665148e+00
1.481000e-05	-6.605007e-03	-3.403469e+00
1.482000e-05	-7.436999e-03	-3.129711e+00
1.483000e-05	-6.053938e-03	-2.802022e+00
1.484000e-05	-5.170845e-03	-2.579710e+00
1.485000e-05	-4.078567e-03	-2.306081e+00
1.486000e-05	-5.671362e-03	-2.000892e+00
1.487000e-05	-5.203942e-03	-1.708207e+00
1.488000e-05	-6.066571e-03	-1.384969e+00
1.489000e-05	-4.292254e-03	-1.044577e+00
1.490000e-05	-4.873659e-03	-8.023704e-01
1.491000e-05	-3.516831e-03	-4.766769e-01
1.492000e-05	-2.212562e-03	-2.225166e-01
1.493000e-05	3.286297e-03	4.168257e-02
1.494000e-05	9.115061e-03	3.759510e-01
1.495000e-05	-3.450759e-03	6.300775e-01
1.496000e-05	3.756752e-03	8.727650e-01
1.497000e-05	-1.800246e-03	1.178602e+00
1.498000e-05	4.000985e-03	1.422290e+00
1.499000e-05	-9.606736e-04	1.767029e+00
1.500000e-05	1.933056e-02	1.988953e+00
1.501000e-05	5.991249e-02	2.260738e+00
1.502000e-05	5.074307e-02	2.608062e+00
1.503000e-05	-7.482852e-02	2.926923e+00
1.504000e-05	-4.310784e-02	3.189530e+00
1.505000e-05	-1.866214e-02	3.492794e+00
1.506000e-05	-1.502081e-03	3.786896e+00
1.507000e-05	-5.648844e-02	3.956418e+00
1.508000e-05	5.145782e-02	4.137076e+00
1.509000e-05	3.722186e-02	4.503819e+00
1.510000e-05	-3.289127e-02	4.717817e+00
1.511000e-05	1.354598e-01	5.071661e+00
1.512000e-05	-1.260208e-01	5.420551e+00
1.513000e-05	4.788719e-02	5.631135e+00
1.514000e-05	-1.165078e-02	5.936923e+00
1.515000e-05	1.328670e-03	6.189450e+00
1.516000e-05	2.991584e-02	6.432134e+00
1.517000e-05	-5.274234e-02	6.728425e+00
1.518000e-05	7.821259e-02	6.970076e+00
1.519000e-05	-2.101465e-02	7.263739e+00
1.520000e-05	6.911263e-04	7.537947e+00
1.521000e-05	-3.377216e-02	7.842180e+00
1.522000e-05	3.227589e-02	8.116273e+00
1.523000e-05	4.158599e-02	8.328871e+00
1.524000e-05	-3.811868e-02	8.568421e+00
1.525000e-05	2.616800e-02	8.760052e+00
1.526000e-05	-5.429218e-03	9.033126e+00
1.527000e-05	1.560053e-02	9.294684e+00
1.528000e-05	-3.566013e-03	9.545761e+00
1.529000e-05	-7.608309e-03	9.728969e+00
1.530000e-05	1.984999e-02	9.990401e+00
1.531000e-05	1.618797e-02	1.019998e+01
1.532000e-05	2.057972e-02	1.043315e+01
1.533000e-05	-2.298503e-02	1.066358e+01
1.534000e-05	1.294090e-02	1.086473e+01
1.535000e-05	8.534893e-03	1.104360e+01
1.536000e-05	1.177919e-02	1.123525e+01
1.537000e-05	-5.994453e-03	1.146613e+01
1.538000e-05	1.200751e-02	1.169619e+01
1.539000e-05	2.148790e-02	1.190669e+01
1.540000e-05	1.156289e-02	1.205570e+01
1.541000e-05	-1.855097e-03	1.226618e+01
1.542000e-05	-3.775856e-05	1.245466e+01
1.543000e-05	1.733294e-02	1.261253e+01
1.544000e-05	1.100643e-02	1.279042e+01
1.545000e-05	6.318493e-03	1.294034e+01
1.546000e-05	4.010155e-03	1.313778e+01
1.547000e-05	2.097713e-02	1.324578e+01
1.548000e-05	1.211004e-02	1.344250e+01
1.549000e-05	5.502564e-03	1.358184e+01
1.550000e-05	9.196553e-04	1.370921e+01
1.551000e-05	1.848114e-02	1.384508e+01
1.552000e-05	1.410744e-02	1.397497e+01
1.553000e-05	8.882197e-03	1.413131e+01
1.554000e-05	7.142508e-03	1.424765e+01
1.555000e-05	1.733343e-02	1.440347e+01
1.556000e-05	1.735914e-02	1.450883e+01
1.557000e-05	8.189900e-03	1.461450e+01
1.558000e-05	9.076580e-03	1.475821e+01
1.559000e-05	1.430462e-02	1.480252e+01
1.560000e-05	2.136551e-02	1.488818e+01
1.561000e-05	1.045947e-02	1.494984e+01
1.562000e-05	1.231552e-02	1.508305e+01
1.563000e-05	1.406056e-02	1.510813e+01
1.564000e-05	2.041779e-02	1.518237e+01
1.565000e-05	1.414850e-02	1.524550e+01
1.566000e-05	1.227056e-02	1.527771e+01
1.567000e-05	1.781514e-02	1.535096e+01
1.568000e-05	2.095453e-02	1.540392e+01
1.569000e-05	1.961347e-02	1.545294e+01
1.570000e-05	1.292246e-02	1.546660e+01
1.571000e-05	2.071256e-02	1.552911e+01
1.572000e-05	2.234751e-02	1.554968e+01
1.573000e-05	2.155616e-02	1.554926e+01
1.574000e-05	1.781209e-02	1.559134e+01
1.575000e-05	2.098759e-02	1.559136e+01
1.576000e-05	2.686698e-02	1.556229e+01
1.577000e-05	2.453745e-02	1.558221e+01
1.578000e-05	2.390554e-02	1.556178e+01
1.579000e-05	2.451297e-02	1.555081e+01
1.580000e-05	3.198114e-02	1.549966e+01
1.581000e-05	2.942235e-02	1.547758e+01
1.582000e-05	2.938256e-02	1.545554e+01
1.583000e-05	2.937963e-02	1.539341e+01
1.584000e-05	3.599741e-02	1.536331e+01
1.585000e-05	3.649894e-02	1.534018e+01
1.586000e-05	3.526503e-02	1.528747e+01
1.587000e-05	3.687037e-02	1.522339e+01
1.588000e-05	4.210728e-02	1.515178e+01
1.589000e-05	4.622923e-02	1.505697e+01
1.590000e-05	4.528198e-02	1.498286e+01
1.591000e-05	4.796783e-02	1.495911e+01
1.592000e-05	5.239734e-02	1.483444e+01
1.593000e-05	5.759320e-02	1.471928e+01
1.594000e-05	5.745266e-02	1.462542e+01
1.595000e-05	5.754728e-02	1.454073e+01
1.596000e-05	6.313846e-02	1.438542e+01
1.597000e-05	6.361560e-02	1.429110e+01
1.598000e-05	6.445091e-02	1.421431e+01
1.599000e-05	6.085007e-02	1.402749e+01
1.600000e-05	6.255087e-02	1.393028e+01
1.601000e-05	6.167539e-02	1.376231e+01
1.602000e-05	5.709750e-02	1.362594e+01
1.603000e-05	5.391322e-02	1.346612e+01
1.604000e-05	5.166985e-02	1.334016e+01
1.605000e-05	5.145718e-02	1.319386e+01
1.606000e-05	4.577837e-02	1.300492e+01
1.607000e-05	4.320918e-02	1.285757e+01
1.608000e-05	3.869103e-02	1.270707e+01
1.609000e-05	3.914278e-02	1.252926e+01
1.610000e-05	3.427664e-02	1.238233e+01
1.611000e-05	3.042867e-02	1.219181e+01
1.612000e-05	2.914144e-02	1.197284e+01
1.613000e-05	2.761504e-02	1.178284e+01
1.614000e-05	2.514063e-02	1.160441e+01
1.615000e-05	2.186586e-02	1.136316e+01
1.616000e-05	2.096207e-02	1.117033e+01
1.617000e-05	1.939761e-02	1.097179e+01
1.618000e-05	1.882563e-02	1.080128e+01
1.619000e-05	1.559934e-02	1.054135e+01
1.620000e-05	1.449971e-02	1.032918e+01
1.621000e-05	1.409566e-02	1.013773e+01
1.622000e-05	1.312678e-02	9.876127e+00
1.623000e-05	1.056565e-02	9.636519e+00
1.624000e-05	8.749762e-03	9.411918e+00
1.625000e-05	8.874301e-03	9.224266e+00
1.626000e-05	8.311860e-03	8.949755e+00
1.627000e-05	7.616914e-03	8.709127e+00
1.628000e-05	6.228179e-03	8.487155e+00
1.629000e-05	5.989439e-03	8.256449e+00
1.630000e-05	5.048010e-03	7.962917e+00
1.631000e-05	4.667858e-03	7.740185e+00
1.632000e-05	3.307158e-03	7.487546e+00
1.633000e-05	2.620582e-03	7.209890e+00
1.634000e-05	2.858113e-03	6.940284e+00
1.635000e-05	1.894319e-03	6.727550e+00
1.636000e-05	1.946041e-03	6.395395e+00
1.637000e-05	6.586522e-04	6.170311e+00
1.638000e-05	1.886983e-03	5.948578e+00
1.639000e-05	1.996304e-04	5.626488e+00
1.640000e-05	-1.771892e-04	5.350812e+00
1.641000e-05	-6.378746e-04	5.015444e+00
1.642000e-05	-3.065584e-04	4.696629e+00
1.643000e-05	-8.632655e-04	4.424528e+00
1.644000e-05	-8.508941e-04	4.131335e+00
1.645000e-05	-7.768246e-04	3.875622e+00
1.646000e-05	-2.459041e-03	3.601919e+00
1.647000e-05	-2.773886e-03	3.309729e+00
1.648000e-05	-4.434122e-03	3.044519e+00
1.649000e-05	-3.003993e-03	2.791393e+00
1.650000e-05	-3.523356e-03	2.456028e+00
1.651000e-05	-3.968744e-03	2.180889e+00
1.652000e-05	-4.261256e-03	1.948739e+00
1.653000e-05	-3.417915e-03	1.623522e+00
1.654000e-05	-3.435112e-03	1.328787e+00
1.655000e-05	-3.800108e-03	1.033440e+00
1.656000e-05	-4.891017e-03	7.076071e-01
1.657000e-05	-4.692684e-03	4.330240e-01
1.658000e-05	-3.119107e-03	8.867859e-02
1.659000e-05	1.004740e-04	-1.564009e-01
1.660000e-05	5.118267e-03	-3.895275e-01
1.661000e-05	-6.887327e-03	-7.153430e-01
1.662000e-05	-7.032619e-04	-9.579233e-01
1.663000e-05	-4.809836e-03	-1.221032e+00
1.664000e-05	-1.728078e-03	-1.535449e+00
1.665000e-05	6.209548e-04	-1.827450e+00
1.666000e-05	3.830294e-02	-1.999552e+00
1.667000e-05	9.583371e-02	-2.312215e+00
1.668000e-05	-8.492178e-02	-2.672741e+00
1.669000e-05	-3.984925e-02	-3.042639e+00
1.670000e-05	-4.993179e-02	-3.334847e+00
1.671000e-05	-1.336636e-02	-3.578950e+00
1.672000e-05	-7.105088e-02	-3.801107e+00
1.673000e-05	1.448000e-01	-4.003005e+00
1.674000e-05	-1.039669e-01	-4.243212e+00
1.675000e-05	4.768705e-02	-4.567343e+00
1.676000e-05	1.058682e-01	-4.728928e+00
1.677000e-05	-1.738691e-01	-5.155346e+00
1.678000e-05	1.288511e-01	-5.391028e+00
1.679000e-05	-1.672542e-01	-5.714267e+00
1.680000e-05	8.107996e-02	-5.979452e+00
1.681000e-05	2.984353e-02	-6.191081e+00
1.682000e-05	-8.775246e-02	-6.536423e+00
1.683000e-05	1.242666e-01	-6.750422e+00
1.684000e-05	-1.207394e-01	-7.082219e+00
1.685000e-05	6.586075e-02	-7.359843e+00
1.686000e-05	-6.248115e-02	-7.538974e+00
1.687000e-05	-1.702524e-02	-7.945320e+00
1.688000e-05	6.452577e-02	-8.147341e+00
1.689000e-05	-9.695374e-02	-8.408981e+00
1.690000e-05	1.074001e-01	-8.614575e+00
1.691000e-05	-1.146735e-01	-8.875238e+00
1.692000e-05	5.426352e-02	-9.137342e+00
1.693000e-05	-3.945051e-02	-9.317313e+00
1.694000e-05	-5.140073e-03	-9.620530e+00
1.695000e-05	1.939667e-02	-9.790996e+00
1.696000e-05	-5.325958e-02	-1.004255e+01
1.697000e-05	5.778421e-02	-1.026568e+01
1.698000e-05	-7.941377e-02	-1.049576e+01
1.699000e-05	4.557920e-02	-1.069621e+01
1.700000e-05	-7.007340e-02	-1.091621e+01
1.701000e-05	3.767262e-02	-1.110721e+01
1.702000e-05	-3.763234e-02	-1.130781e+01
1.703000e-05	9.708435e-03	-1.154929e+01
1.704000e-05	-1.788843e-02	-1.172876e+01
1.705000e-05	-1.048594e-02	-1.197040e+01
1.706000e-05	-4.001966e-03	-1.212987e+01
1.707000e-05	-3.497873e-02	-1.235829e+01
1.708000e-05	6.092933e-03	-1.246773e+01
1.709000e-05	-3.492102e-02	-1.267728e+01
1.710000e-05	1.596229e-02	-1.286553e+01
1.711000e-05	-3.699352e-02	-1.303107e+01
1.712000e-05	9.990630e-03	-1.319036e+01
1.713000e-05	-3.075373e-02	-1.330778e+01
1.714000e-05	1.470360e-03	-1.348708e+01
1.715000e-05	-2.894272e-02	-1.362395e+01
1.716000e-05	-1.227854e-02	-1.378149e+01
1.717000e-05	-1.784717e-02	-1.388711e+01
1.718000e-05	-1.437937e-02	-1.403405e+01
1.719000e-05	-1.257472e-02	-1.413286e+01
1.720000e-05	-2.045303e-02	-1.432886e+01
1.721000e-05	-1.128477e-02	-1.441355e+01
1.722000e-05	-2.137332e-02	-1.456779e+01
1.723000e-05	-1.345200e-02	-1.461657e+01
1.724000e-05	-2.430663e-02	-1.475923e+01
1.725000e-05	-1.344514e-02	-1.483240e+01
1.726000e-05	-2.253059e-02	-1.489715e+01
1.727000e-05	-1.602359e-02	-1.497345e+01
1.728000e-05	-2.472716e-02	-1.508760e+01
1.729000e-05	-1.751745e-02	-1.515874e+01
1.730000e-05	-2.310924e-02	-1.519194e+01
1.731000e-05	-1.901467e-02	-1.526615e+01
1.732000e-05	-2.417277e-02	-1.531771e+01
1.733000e-05	-2.056336e-02	-1.540142e+01
1.734000e-05	-2.290022e-02	-1.542492e+01
1.735000e-05	-2.463727e-02	-1.546763e+01
1.736000e-05	-2.370743e-02	-1.548663e+01
1.737000e-05	-2.657820e-02	-1.549865e+01
1.738000e-05	-2.305395e-02	-1.554073e+01
1.739000e-05	-2.757922e-02	-1.558129e+01
1.740000e-05	-2.671325e-02	-1.558229e+01
1.741000e-05	-2.959761e-02	-1.557381e+01
1.742000e-05	-2.945769e-02	-1.555283e+01
1.743000e-05	-2.887856e-02	-1.559171e+01
1.744000e-05	-3.004591e-02	-1.556034e+01
1.745000e-05	-3.188425e-02	-1.555063e+01
1.746000e-05	-3.591279e-02	-1.553766e+01
1.747000e-05	-3.570327e-02	-1.548960e+01
1.748000e-05	-3.954203e-02	-1.547563e+01
1.749000e-05	-3.959239e-02	-1.542497e+01
1.750000e-05	-4.044586e-02	-1.537031e+01
1.751000e-05	-3.958406e-02	-1.534113e+01
1.752000e-05	-4.112107e-02	-1.526602e+01
1.753000e-05	-4.498940e-02	-1.517381e+01
1.754000e-05	-4.772337e-02	-1.512968e+01
1.755000e-05	-5.249025e-02	-1.503800e+01
1.756000e-05	-5.292223e-02	-1.499289e+01
1.757000e-05	-5.791936e-02	-1.488918e+01
1.758000e-05	-5.885209e-02	-1.481481e+01
1.759000e-05	-6.219366e-02	-1.472973e+01
1.760000e-05	-6.262358e-02	-1.460502e+01
1.761000e-05	-6.583984e-02	-1.455079e+01
1.762000e-05	-6.776700e-02	-1.441434e+01
1.763000e-05	-7.084516e-02	-1.429865e+01
1.764000e-05	-6.940709e-02	-1.414226e+01
1.765000e-05	-6.991328e-02	-1.403692e+01
1.766000e-05	-6.835037e-02	-1.385960e+01
1.767000e-05	-6.721347e-02	-1.380334e+01
1.768000e-05	-6.466544e-02	-1.363497e+01
1.769000e-05	-5.982283e-02	-1.346757e+01
1.770000e-05	-6.001595e-02	-1.331065e+01
1.771000e-05	-5.563561e-02	-1.318334e+01
1.772000e-05	-5.394678e-02	-1.304500e+01
1.773000e-05	-4.804877e-02	-1.289755e+01
1.774000e-05	-4.765923e-02	-1.268863e+01
1.775000e-05	-4.421056e-02	-1.253973e+01
1.776000e-05	-4.160071e-02	-1.238171e+01
1.777000e-05	-3.917605e-02	-1.219389e+01
1.778000e-05	-3.707011e-02	-1.200586e+01
1.779000e-05	-3.650958e-02	-1.178326e+01
1.780000e-05	-3.164520e-02	-1.155230e+01
1.781000e-05	-2.935066e-02	-1.134021e+01
1.782000e-05	-2.775686e-02	-1.112020e+01
1.783000e-05	-2.783873e-02	-1.091910e+01
1.784000e-05	-2.592021e-02	-1.073871e+01
1.785000e-05	-2.356099e-02	-1.049011e+01
1.786000e-05	-2.224193e-02	-1.031958e+01
1.787000e-05	-2.176594e-02	-1.007705e+01
1.788000e-05	-2.067100e-02	-9.815996e+00
1.789000e-05	-1.904482e-02	-9.644969e+00
1.790000e-05	-1.786552e-02	-9.394313e+00
1.791000e-05	-1.775157e-02	-9.183311e+00
1.792000e-05	-1.670947e-02	-8.970311e+00
1.793000e-05	-1.491988e-02	-8.678554e+00
1.794000e-05	-1.433985e-02	-8.487495e+00
1.795000e-05	-1.334311e-02	-8.214869e+00
1.796000e-05	-1.382184e-02	-7.962315e+00
1.797000e-05	-1.348949e-02	-7.708076e+00
1.798000e-05	-1.203827e-02	-7.412468e+00
1.799000e-05	-1.129517e-02	-7.151838e+00
1.800000e-05	-1.082353e-02	-6.867104e+00
1.801000e-05	-1.110071e-02	-6.655474e+00
1.802000e-05	-8.857058e-03	-6.401793e+00
1.803000e-05	-1.031515e-02	-6.098656e+00
1.804000e-05	-9.141080e-03	-5.847022e+00
1.805000e-05	-1.022526e-02	-5.598887e+00
1.806000e-05	-8.591590e-03	-5.286477e+00
1.807000e-05	-8.940910e-03	-5.002339e+00
1.808000e-05	-6.198739e-03	-4.645444e+00
1.809000e-05	-8.208288e-03	-4.432969e+00
1.810000e-05	-6.566613e-03	-4.141411e+00
1.811000e-05	-7.482377e-03	-3.847054e+00
1.812000e-05	-7.363096e-03	-3.620818e+00
1.813000e-05	-7.675963e-03	-3.319286e+00
1.814000e-05	-5.252156e-03	-3.034872e+00
1.815000e-05	-4.667095e-03	-2.739287e+00
1.816000e-05	-3.941050e-03	-2.496101e+00
1.817000e-05	-5.251593e-03	-2.160863e+00
1.818000e-05	-5.750133e-03	-1.905656e+00
1.819000e-05	-4.933755e-03	-1.593494e+00
1.820000e-05	-5.765030e-03	-1.317629e+00
1.821000e-05	-4.928810e-03	-9.603939e-01
1.822000e-05	-3.744249e-03	-6.966611e-01
1.823000e-05	-4.482473e-04	-3.902951e-01
1.824000e-05	-8.542987e-04	-1.187136e-01
1.825000e-05	5.984250e-03	1.239992e-01
1.826000e-05	1.991048e-03	4.396576e-01
1.827000e-05	1.678608e-03	6.827665e-01
1.828000e-05	-5.660429e-04	9.870745e-01
1.829000e-05	3.218694e-04	1.303189e+00
1.830000e-05	1.783424e-03	1.554973e+00
1.831000e-05	3.894955e-03	1.842684e+00
1.832000e-05	2.719817e-02	2.051684e+00
1.833000e-05	8.134661e-02	2.367424e+00
1.834000e-05	-5.050745e-03	2.785899e+00
1.835000e-05	-6.186202e-02	3.041184e+00
1.836000e-05	-4.363996e-02	3.303843e+00
1.837000e-05	-9.400483e-04	3.579527e+00
1.838000e-05	-3.072344e-02	3.790131e+00
1.839000e-05	-4.095624e-02	3.987024e+00
1.840000e-05	9.920053e-02	4.270813e+00
1.841000e-05	-4.530891e-02	4.619028e+00
1.842000e-05	7.228481e-02	4.851552e+00
1.843000e-05	3.839488e-02	5.178630e+00
1.844000e-05	-9.775703e-02	5.463664e+00
1.845000e-05	6.530145e-02	5.734921e+00
1.846000e-05	-4.664163e-02	6.031530e+00
1.847000e-05	4.708209e-02	6.272735e+00
1.848000e-05	-1.776295e-02	6.526972e+00
1.849000e-05	-1.020935e-02	6.880131e+00
1.850000e-05	6.513113e-02	7.123238e+00
1.851000e-05	-3.643525e-02	7.368870e+00
1.852000e-05	4.003244e-03	7.661158e+00
1.853000e-05	-3.862803e-02	7.917969e+00
1.854000e-05	6.173929e-02	8.211528e+00
1.855000e-05	9.407418e-03	8.431130e+00
1.856000e-05	-3.002081e-02	8.662159e+00
1.857000e-05	3.672876e-02	8.906206e+00
1.858000e-05	-2.050806e-02	9.137868e+00
1.859000e-05	3.329058e-02	9.358941e+00
1.860000e-05	-2.937313e-02	9.620827e+00
1.861000e-05	1.837722e-02	9.802131e+00
1.862000e-05	9.486787e-03	1.007626e+01
1.863000e-05	2.375627e-02	1.024321e+01
1.864000e-05	5.843006e-03	1.050676e+01
1.865000e-05	-2.112459e-02	1.070776e+01
1.866000e-05	2.695304e-02	1.093829e+01
1.867000e-05	-3.209642e-03	1.112824e+01
1.868000e-05	1.878345e-02	1.132679e+01
1.869000e-05	-1.513707e-02	1.152741e+01
1.870000e-05	2.963470e-02	1.175994e+01
1.871000e-05	8.061940e-03	1.199937e+01
1.872000e-05	1.171403e-02	1.215881e+01
1.873000e-05	-7.307645e-03	1.233778e+01
1.874000e-05	8.277216e-03	1.249773e+01
1.875000e-05	1.839615e-02	1.268513e+01
1.876000e-05	5.052533e-03	1.284300e+01
1.877000e-05	9.623962e-03	1.299294e+01
1.878000e-05	5.609366e-03	1.319986e+01
1.879000e-05	2.517493e-02	1.334929e+01
1.880000e-05	2.707345e-03	1.348568e+01
1.881000e-05	6.874795e-03	1.360492e+01
1.882000e-05	3.467523e-03	1.374986e+01
1.883000e-05	1.972475e-02	1.390771e+01
1.884000e-05	1.211692e-02	1.405497e+01
1.885000e-05	7.689821e-03	1.417292e+01
1.886000e-05	1.264676e-02	1.432983e+01
1.887000e-05	1.534207e-02	1.444403e+01
1.888000e-05	1.514516e-02	1.454134e+01
1.889000e-05	4.214631e-03	1.465605e+01
1.890000e-05	1.411170e-02	1.480031e+01
1.891000e-05	1.537286e-02	1.482400e+01
1.892000e-05	1.811170e-02	1.492771e+01
1.893000e-05	9.633161e-03	1.501337e+01
1.894000e-05	1.424444e-02	1.508657e+01
1.895000e-05	1.910149e-02	1.512971e+01
1.896000e-05	1.612885e-02	1.519187e+01
1.897000e-05	1.304350e-02	1.528710e+01
1.898000e-05	1.220192e-02	1.531018e+01
1.899000e-05	2.135337e-02	1.534334e+01
1.900000e-05	1.869716e-02	1.544447e+01
1.901000e-05	1.634367e-02	1.547750e+01
1.902000e-05	1.591062e-02	1.548563e+01
1.903000e-05	2.255613e-02	1.552965e+01
1.904000e-05	2.241299e-02	1.555981e+01
1.905000e-05	1.874086e-02	1.555019e+01
1.906000e-05	1.914828e-02	1.558284e+01
1.907000e-05	2.251934e-02	1.557376e+01
1.908000e-05	2.635323e-02	1.557184e+01
1.909000e-05	2.129242e-02	1.558231e+01
1.910000e-05	2.346843e-02	1.557116e+01
1.911000e-05	2.725129e-02	1.556928e+01
1.912000e-05	3.232094e-02	1.552066e+01
1.913000e-05	2.915785e-02	1.548658e+01
1.914000e-05	2.859021e-02	1.543544e+01
1.915000e-05	3.426490e-02	1.539289e+01
1.916000e-05	3.601158e-02	1.535031e+01
1.917000e-05	3.578032e-02	1.530960e+01
1.918000e-05	3.337262e-02	1.525654e+01
1.919000e-05	4.020548e-02	1.517284e+01
1.920000e-05	4.255539e-02	1.514863e+01
1.921000e-05	4.513174e-02	1.503597e+01
1.922000e-05	4.489595e-02	1.496181e+01
1.923000e-05	5.129290e-02	1.485707e+01
1.924000e-05	5.634350e-02	1.482279e+01
1.925000e-05	5.571755e-02	1.469020e+01
1.926000e-05	5.701229e-02	1.459292e+01
1.927000e-05	5.833757e-02	1.451020e+01
1.928000e-05	6.516494e-02	1.439384e+01
1.929000e-05	6.164006e-02	1.425797e+01
1.930000e-05	6.196565e-02	1.412221e+01
1.931000e-05	6.105153e-02	1.399434e+01
1.932000e-05	6.448726e-02	1.387652e+01
1.933000e-05	5.997184e-02	1.373073e+01
1.934000e-05	5.539512e-02	1.360181e+01
1.935000e-05	5.263297e-02	1.345455e+01
1.936000e-05	5.257188e-02	1.328860e+01
1.937000e-05	4.829574e-02	1.312168e+01
1.938000e-05	4.330818e-02	1.297236e+01
1.939000e-05	4.100363e-02	1.279289e+01
1.940000e-05	4.091272e-02	1.264555e+01
1.941000e-05	3.759036e-02	1.248708e+01
1.942000e-05	3.262792e-02	1.232963e+01
1.943000e-05	2.948211e-02	1.211008e+01
1.944000e-05	2.972331e-02	1.193065e+01
1.945000e-05	2.806613e-02	1.175025e+01
1.946000e-05	2.388378e-02	1.152065e+01
1.947000e-05	2.097088e-02	1.133965e+01
1.948000e-05	2.173971e-02	1.111763e+01
1.949000e-05	2.078096e-02	1.093810e+01
1.950000e-05	1.604558e-02	1.068808e+01
1.951000e-05	1.389504e-02	1.046803e+01
1.952000e-05	1.438248e-02	1.027554e+01
1.953000e-05	1.578400e-02	1.005544e+01
1.954000e-05	1.167405e-02	9.772965e+00
1.955000e-05	9.455580e-03	9.561686e+00
1.956000e-05	9.364908e-03	9.349781e+00
1.957000e-05	1.026909e-02	9.159677e+00
1.958000e-05	7.302560e-03	8.877126e+00
1.959000e-05	4.590542e-03	8.625443e+00
1.960000e-05	4.545327e-03	8.443492e+00
1.961000e-05	6.953403e-03	8.182282e+00
1.962000e-05	5.550635e-03	7.896603e+00
1.963000e-05	3.038399e-03	7.676621e+00
1.964000e-05	2.279574e-03	7.352259e+00
1.965000e-05	3.626640e-03	7.118652e+00
1.966000e-05	3.359654e-03	6.854501e+00
1.967000e-05	7.158301e-05	6.581737e+00
1.968000e-05	5.451769e-04	6.320258e+00
1.969000e-05	1.780023e-03	6.074678e+00
1.970000e-05	1.846431e-03	5.862369e+00
1.971000e-05	-1.232359e-03	5.599733e+00
1.972000e-05	-1.660462e-03	5.286943e+00
1.973000e-05	3.696718e-04	4.908677e+00
1.974000e-05	1.506554e-04	4.622441e+00
1.975000e-05	-1.766438e-03	4.350837e+00
1.976000e-05	-3.534724e-03	4.043997e+00
1.977000e-05	-1.157745e-03	3.781337e+00
1.978000e-05	-9.669630e-04	3.550184e+00
1.979000e-05	-2.652743e-03	3.212950e+00
1.980000e-05	-4.998768e-03	2.978710e+00
1.981000e-05	-3.377737e-03	2.697628e+00
1.982000e-05	-1.291043e-03	2.390340e+00
1.983000e-05	-3.997592e-03	2.087178e+00
1.984000e-05	-5.635048e-03	1.823042e+00
1.985000e-05	-4.513679e-03	1.529330e+00
1.986000e-05	-2.769861e-03	1.221452e+00
1.987000e-05	-3.784158e-03	8.980758e-01
1.988000e-05	-6.518157e-03	6.628950e-01
1.989000e-05	-4.687746e-03	3.382188e-01
1.990000e-05	-1.616013e-03	5.204771e-02
1.991000e-05	5.422577e-03	-2.301315e-01
1.992000e-05	-2.040888e-03	-4.638127e-01
1.993000e-05	-2.645514e-03	-7.975759e-01
1.994000e-05	-3.923158e-03	-1.041183e+00
1.995000e-05	-1.206188e-03	-1.294778e+00
1.996000e-05	-4.590542e-03	-1.590147e+00
1.997000e-05	8.925015e-03	-1.861634e+00
1.998000e-05	6.451082e-02	-2.062709e+00
1.999000e-05	5.147356e-02	-2.419604e+00
2.000000e-05	-9.170741e-02	-2.796550e+00
2.001000e-05	-3.502408e-02	-3.178048e+00
2.002000e-05	-4.059778e-02	-3.399631e+00
2.003000e-05	-3.018247e-02	-3.670630e+00
2.004000e-05	-2.367170e-02	-3.913789e+00
2.005000e-05	1.343346e-01	-4.085760e+00
2.006000e-05	-1.746749e-01	-4.356001e+00
2.007000e-05	1.753180e-01	-4.641085e+00
2.008000e-05	-4.822795e-02	-4.874266e+00
2.009000e-05	-6.961954e-02	-5.241558e+00
2.010000e-05	7.435475e-02	-5.473268e+00
2.011000e-05	-1.797220e-01	-5.830606e+00
2.012000e-05	1.718749e-01	-6.063609e+00
2.013000e-05	-9.200408e-02	-6.334312e+00
2.014000e-05	2.205211e-02	-6.621655e+00
2.015000e-05	5.110403e-02	-6.854058e+00
2.016000e-05	-1.001880e-01	-7.157580e+00
2.017000e-05	8.233375e-02	-7.462579e+00
2.018000e-05	-1.246689e-01	-7.724214e+00
2.019000e-05	7.484185e-02	-7.990480e+00
2.020000e-05	-2.175510e-02	-8.201626e+00
2.021000e-05	-1.838244e-02	-8.504763e+00
2.022000e-05	5.991044e-02	-8.685691e+00
2.023000e-05	-1.146745e-01	-8.969522e+00
2.024000e-05	8.384547e-02	-9.180472e+00
2.025000e-05	-9.471229e-02	-9.431975e+00
2.026000e-05	5.916910e-02	-9.654137e+00
2.027000e-05	-4.862339e-02	-9.852609e+00
2.028000e-05	1.826491e-02	-1.012729e+01
2.029000e-05	1.490664e-03	-1.030631e+01
2.030000e-05	-4.158888e-02	-1.057850e+01
2.031000e-05	1.938994e-02	-1.076937e+01
2.032000e-05	-5.765778e-02	-1.094840e+01
2.033000e-05	4.100671e-02	-1.118190e+01
2.034000e-05	-5.450521e-02	-1.138054e+01
2.035000e-05	3.226843e-02	-1.160147e+01
2.036000e-05	-4.122564e-02	-1.185400e+01
2.037000e-05	1.700263e-02	-1.204158e+01
2.038000e-05	-3.723947e-02	-1.218250e+01
2.039000e-05	-6.208340e-03	-1.240192e+01
2.040000e-05	-1.608655e-02	-1.256991e+01
2.041000e-05	-1.188604e-02	-1.270879e+01
2.042000e-05	-4.080508e-03	-1.290879e+01
2.043000e-05	-2.674018e-02	-1.304561e+01
2.044000e-05	3.451627e-03	-1.326397e+01
2.045000e-05	-2.973509e-02	-1.338189e+01
2.046000e-05	7.376423e-04	-1.354819e+01
2.047000e-05	-3.487260e-02	-1.365411e+01
2.048000e-05	-1.191460e-03	-1.386348e+01
2.049000e-05	-2.341073e-02	-1.392926e+01
2.050000e-05	-7.783456e-03	-1.409666e+01
2.051000e-05	-2.356232e-02	-1.417289e+01
2.052000e-05	-1.320821e-02	-1.436934e+01
2.053000e-05	-1.805854e-02	-1.445655e+01
2.054000e-05	-1.672599e-02	-1.459037e+01
2.055000e-05	-1.976731e-02	-1.468615e+01
2.056000e-05	-1.868403e-02	-1.478131e+01
2.057000e-05	-1.464349e-02	-1.486403e+01
2.058000e-05	-1.914853e-02	-1.493928e+01
2.059000e-05	-1.946475e-02	-1.502397e+01
2.060000e-05	-2.348962e-02	-1.505463e+01
2.061000e-05	-1.741376e-02	-1.516081e+01
2.062000e-05	-2.316545e-02	-1.524395e+01
2.063000e-05	-2.031353e-02	-1.525671e+01
2.064000e-05	-2.527886e-02	-1.532074e+01
2.065000e-05	-1.642882e-02	-1.537247e+01
2.066000e-05	-2.409150e-02	-1.544450e+01
2.067000e-05	-2.327549e-02	-1.545563e+01
2.068000e-05	-2.748113e-02	-1.548908e+01
2.069000e-05	-2.358629e-02	-1.554971e+01
2.070000e-05	-2.393089e-02	-1.553024e+01
2.071000e-05	-2.857878e-02	-1.558141e+01
2.072000e-05	-2.915625e-02	-1.555134e+01
2.073000e-05	-2.813550e-02	-1.556081e+01
2.074000e-05	-2.720228e-02	-1.557129e+01
2.075000e-05	-3.200127e-02	-1.555176e+01
2.076000e-05	-3.391032e-02	-1.556181e+01
2.077000e-05	-3.265501e-02	-1.551018e+01
2.078000e-05	-3.246149e-02	-1.550766e+01
2.079000e-05	-3.600618e-02	-1.547613e+01
2.080000e-05	-4.009345e-02	-1.543305e+01
2.081000e-05	-3.829918e-02	-1.542442e+01
2.082000e-05	-3.897817e-02	-1.537226e+01
2.083000e-05	-4.251449e-02	-1.531968e+01
2.084000e-05	-4.506995e-02	-1.523599e+01
2.085000e-05	-4.596339e-02	-1.516284e+01
2.086000e-05	-4.680875e-02	-1.509770e+01
2.087000e-05	-5.025795e-02	-1.500459e+01
2.088000e-05	-5.596391e-02	-1.495124e+01
2.089000e-05	-5.656193e-02	-1.487762e+01
2.090000e-05	-5.882310e-02	-1.478577e+01
2.091000e-05	-6.165773e-02	-1.468660e+01
2.092000e-05	-6.704104e-02	-1.463387e+01
2.093000e-05	-6.709240e-02	-1.447913e+01
2.094000e-05	-6.695922e-02	-1.433289e+01
2.095000e-05	-6.816787e-02	-1.424698e+01
2.096000e-05	-7.117073e-02	-1.412120e+01
2.097000e-05	-6.921411e-02	-1.399381e+01
2.098000e-05	-6.673536e-02	-1.385552e+01
2.099000e-05	-6.566646e-02	-1.371966e+01
2.100000e-05	-6.501592e-02	-1.357431e+01
2.101000e-05	-6.301098e-02	-1.343544e+01
2.102000e-05	-5.690667e-02	-1.326905e+01
2.103000e-05	-5.452998e-02	-1.308778e+01
2.104000e-05	-5.232499e-02	-1.300232e+01
2.105000e-05	-5.059493e-02	-1.282597e+01
2.106000e-05	-4.604648e-02	-1.264747e+01
2.107000e-05	-4.155238e-02	-1.248855e+01
2.108000e-05	-4.096237e-02	-1.230912e+01
2.109000e-05	-4.065924e-02	-1.216976e+01
2.110000e-05	-3.688050e-02	-1.194018e+01
2.111000e-05	-3.236659e-02	-1.167070e+01
2.112000e-05	-3.137934e-02	-1.151958e+01
2.113000e-05	-3.131470e-02	-1.122705e+01
2.114000e-05	-2.852749e-02	-1.106702e+01
2.115000e-05	-2.469462e-02	-1.085697e+01
2.116000e-05	-2.413513e-02	-1.068710e+01
2.117000e-05	-2.418257e-02	-1.047707e+01
2.118000e-05	-2.252397e-02	-1.022199e+01
2.119000e-05	-2.038067e-02	-1.004282e+01
2.120000e-05	-1.944041e-02	-9.792893e+00
2.121000e-05	-1.961406e-02	-9.592240e+00
2.122000e-05	-1.913139e-02	-9.330678e+00
2.123000e-05	-1.692675e-02	-9.077153e+00
2.124000e-05	-1.476997e-02	-8.886578e+00
2.125000e-05	-1.547828e-02	-8.624396e+00
2.126000e-05	-1.494104e-02	-8.363290e+00
2.127000e-05	-1.348165e-02	-8.130259e+00
2.128000e-05	-1.187153e-02	-7.859500e+00
2.129000e-05	-1.273498e-02	-7.592913e+00
2.130000e-05	-1.341257e-02	-7.281257e+00
2.131000e-05	-1.155888e-02	-7.088151e+00
2.132000e-05	-9.957659e-03	-6.813993e+00
2.133000e-05	-9.881360e-03	-6.552759e+00
2.134000e-05	-1.029862e-02	-6.327705e+00
2.135000e-05	-1.098286e-02	-6.062970e+00
2.136000e-05	-7.689388e-03	-5.762814e+00
2.137000e-05	-8.238646e-03	-5.496048e+00
2.138000e-05	-8.585179e-03	-5.161889e+00
2.139000e-05	-9.002960e-03	-4.826073e+00
2.140000e-05	-5.992506e-03	-4.580862e+00
2.141000e-05	-7.967750e-03	-4.337711e+00
2.142000e-05	-7.676171e-03	-4.086581e+00
2.143000e-05	-9.821275e-03	-3.813860e+00
2.144000e-05	-5.058383e-03	-3.518206e+00
2.145000e-05	-7.452318e-03	-3.224576e+00
2.146000e-05	-4.372511e-03	-2.929705e+00
2.147000e-05	-6.718107e-03	-2.666046e+00
2.148000e-05	-3.310657e-03	-2.380338e+00
2.149000e-05	-4.725198e-03	-2.055576e+00
2.150000e-05	-5.430754e-03	-1.811970e+00
2.151000e-05	-7.669325e-03	-1.517678e+00
2.152000e-05	-4.849795e-03	-1.169818e+00
2.153000e-05	-3.912378e-03	-8.566309e-01
2.154000e-05	-3.224767e-03	-6.239917e-01
2.155000e-05	-2.866853e-03	-3.077560e-01
2.156000e-05	1.835308e-04	-2.454426e-02
2.157000e-05	1.158239e-02	2.307150e-01
2.158000e-05	-1.516594e-03	5.137967e-01
2.159000e-05	3.680573e-03	7.669273e-01
2.160000e-05	-3.909459e-03	1.093718e+00
2.161000e-05	4.124280e-03	1.327396e+00
2.162000e-05	-1.990860e-05	1.681697e+00
2.163000e-05	9.551425e-03	1.944369e+00
2.164000e-05	3.626942e-02	2.139373e+00
2.165000e-05	8.499164e-02	2.522715e+00
2.166000e-05	-5.504651e-02	2.881206e+00
2.167000e-05	-4.741026e-02	3.125346e+00
2.168000e-05	-3.784151e-02	3.368031e+00
2.169000e-05	1.082990e-02	3.660683e+00
2.170000e-05	-5.245170e-02	3.862730e+00
2.171000e-05	-6.832788e-03	4.032190e+00
2.172000e-05	1.019587e-01	4.399031e+00
2.173000e-05	-8.623457e-02	4.653704e+00
2.174000e-05	1.509064e-01	4.896518e+00
2.175000e-05	-6.901932e-02	5.323288e+00
2.176000e-05	-2.645798e-02	5.527920e+00
2.177000e-05	4.064324e-02	5.830611e+00
2.178000e-05	-4.368528e-02	6.096261e+00
2.179000e-05	6.286311e-02	6.337444e+00
2.180000e-05	-5.577385e-02	6.662658e+00
2.181000e-05	4.271581e-02	6.934765e+00
2.182000e-05	2.429801e-02	7.197472e+00
2.183000e-05	-2.078289e-02	7.464633e+00
2.184000e-05	-1.241025e-02	7.735817e+00
2.185000e-05	-1.618866e-02	8.012128e+00
2.186000e-05	6.529551e-02	8.284787e+00
2.187000e-05	-1.858248e-02	8.506188e+00
2.188000e-05	-4.159296e-03	8.704763e+00
2.189000e-05	2.268595e-02	8.970471e+00
2.190000e-05	-1.252340e-02	9.250528e+00
2.191000e-05	2.876243e-02	9.441597e+00
2.192000e-05	-3.226036e-02	9.674153e+00
2.193000e-05	2.605522e-02	9.955363e+00
2.194000e-05	5.711989e-03	1.013729e+01
2.195000e-05	2.749710e-02	1.032786e+01
2.196000e-05	-8.995651e-03	1.053034e+01
2.197000e-05	-8.069238e-03	1.078842e+01
2.198000e-05	2.459195e-02	1.098095e+01
2.199000e-05	-4.992623e-04	1.122044e+01
2.200000e-05	1.344330e-02	1.141255e+01
2.201000e-05	-1.048255e-02	1.157247e+01
2.202000e-05	3.124325e-02	1.184353e+01
2.203000e-05	5.970454e-03	1.199200e+01
2.204000e-05	9.016412e-03	1.218352e+01
2.205000e-05	-6.811661e-03	1.240002e+01
2.206000e-05	1.366091e-02	1.256144e+01
2.207000e-05	1.820312e-02	1.273781e+01
2.208000e-05	4.603226e-03	1.285566e+01
2.209000e-05	8.094337e-03	1.306408e+01
2.210000e-05	9.570081e-03	1.324402e+01
2.211000e-05	2.385879e-02	1.333995e+01
2.212000e-05	3.343098e-03	1.351773e+01
2.213000e-05	4.193312e-03	1.365415e+01
2.214000e-05	8.062767e-03	1.380486e+01
2.215000e-05	1.933255e-02	1.392031e+01
2.216000e-05	1.232246e-02	1.408768e+01
2.217000e-05	4.871870e-03	1.421455e+01
2.218000e-05	1.498686e-02	1.435034e+01
2.219000e-05	1.713245e-02	1.447711e+01
2.220000e-05	1.396764e-02	1.461147e+01
2.221000e-05	6.012949e-03	1.469758e+01
2.222000e-05	1.314221e-02	1.477037e+01
2.223000e-05	1.981280e-02	1.489455e+01
2.224000e-05	1.605742e-02	1.495883e+01
2.225000e-05	1.075680e-02	1.502294e+01
2.226000e-05	1.087601e-02	1.508758e+01
2.227000e-05	2.049368e-02	1.517931e+01
2.228000e-05	1.589180e-02	1.524545e+01
2.229000e-05	1.385066e-02	1.531005e+01
2.230000e-05	1.379158e-02	1.532824e+01
2.231000e-05	2.188720e-02	1.538336e+01
2.232000e-05	2.068358e-02	1.541547e+01
2.233000e-05	1.434408e-02	1.549655e+01
2.234000e-05	1.662398e-02	1.551910e+01
2.235000e-05	2.017699e-02	1.555915e+01
2.236000e-05	2.394567e-02	1.555174e+01
2.237000e-05	1.742177e-02	1.555224e+01
2.238000e-05	2.065424e-02	1.557336e+01
2.239000e-05	2.420011e-02	1.561341e+01
2.240000e-05	2.797352e-02	1.558273e+01
2.241000e-05	2.313596e-02	1.558031e+01
2.242000e-05	2.289794e-02	1.555071e+01
2.243000e-05	2.867817e-02	1.552058e+01
2.244000e-05	3.042838e-02	1.552806e+01
2.245000e-05	2.971614e-02	1.544807e+01
2.246000e-05	2.824365e-02	1.540489e+01
2.247000e-05	3.504342e-02	1.540391e+01
2.248000e-05	3.758866e-02	1.532973e+01
2.249000e-05	3.631846e-02	1.527918e+01
2.250000e-05	3.567850e-02	1.521547e+01
2.251000e-05	3.973109e-02	1.517126e+01
2.252000e-05	4.399765e-02	1.509752e+01
2.253000e-05	4.380207e-02	1.503447e+01
2.254000e-05	4.600250e-02	1.493025e+01
2.255000e-05	4.999585e-02	1.486555e+01
2.256000e-05	5.720384e-02	1.479173e+01
2.257000e-05	5.767607e-02	1.466755e+01
2.258000e-05	5.975663e-02	1.458124e+01
2.259000e-05	5.948161e-02	1.444900e+01
2.260000e-05	6.475518e-02	1.436215e+01
2.261000e-05	6.298874e-02	1.424495e+01
2.262000e-05	6.261696e-02	1.409110e+01
2.263000e-05	6.080927e-02	1.398173e+01
2.264000e-05	6.128627e-02	1.378439e+01
2.265000e-05	5.955340e-02	1.367905e+01
2.266000e-05	5.689143e-02	1.351868e+01
2.267000e-05	5.273233e-02	1.338139e+01
2.268000e-05	5.049665e-02	1.323644e+01
2.269000e-05	4.715099e-02	1.303608e+01
2.270000e-05	4.500860e-02	1.290965e+01
2.271000e-05	3.989551e-02	1.275126e+01
2.272000e-05	3.873009e-02	1.259339e+01
2.273000e-05	3.549210e-02	1.243544e+01
2.274000e-05	3.352126e-02	1.223500e+01
2.275000e-05	2.891598e-02	1.207652e+01
2.276000e-05	2.646519e-02	1.187655e+01
2.277000e-05	2.705198e-02	1.170705e+01
2.278000e-05	2.415220e-02	1.145642e+01
2.279000e-05	2.227144e-02	1.124692e+01
2.280000e-05	1.825460e-02	1.105457e+01
2.281000e-05	1.979554e-02	1.084542e+01
2.282000e-05	1.641159e-02	1.064594e+01
2.283000e-05	1.570610e-02	1.040392e+01
2.284000e-05	1.231130e-02	1.019234e+01
2.285000e-05	1.224975e-02	1.000183e+01
2.286000e-05	1.144457e-02	9.679178e+00
2.287000e-05	1.118337e-02	9.467602e+00
2.288000e-05	9.104864e-03	9.276653e+00
2.289000e-05	8.847130e-03	9.025997e+00
2.290000e-05	8.255828e-03	8.833365e+00
2.291000e-05	6.670555e-03	8.571815e+00
2.292000e-05	5.977880e-03	8.362311e+00
2.293000e-05	4.022798e-03	8.097076e+00
2.294000e-05	4.517813e-03	7.832946e+00
2.295000e-05	2.437144e-03	7.632257e+00
2.296000e-05	3.010376e-03	7.278052e+00
2.297000e-05	1.786513e-03	7.023498e+00
2.298000e-05	2.810783e-03	6.802315e+00
2.299000e-05	2.997277e-03	6.466679e+00
2.300000e-05	1.759806e-03	6.244947e+00
2.301000e-05	-1.063952e-04	6.023369e+00
2.302000e-05	-9.439455e-04	5.671182e+00
2.303000e-05	-8.759599e-04	5.484527e+00
2.304000e-05	-1.678019e-03	5.172254e+00
2.305000e-05	-3.522046e-04	4.801944e+00
2.306000e-05	-1.567215e-03	4.539683e+00
2.307000e-05	-3.748854e-04	4.235549e+00
2.308000e-05	-1.758323e-03	3.930313e+00
2.309000e-05	-2.320169e-03	3.687154e+00
2.310000e-05	-2.888070e-03	3.495019e+00
2.311000e-05	-2.580733e-03	3.138731e+00
2.312000e-05	-3.341258e-03	2.906076e+00
2.313000e-05	-4.595286e-03	2.572839e+00
2.314000e-05	-3.953773e-03	2.295553e+00
2.315000e-05	-4.463076e-03	2.011123e+00
2.316000e-05	-2.972861e-03	1.749835e+00
2.317000e-05	-3.221150e-03	1.413519e+00
2.318000e-05	-5.016422e-03	1.118210e+00
2.319000e-05	-4.789178e-03	7.799187e-01
2.320000e-05	-4.105786e-03	5.276834e-01
2.321000e-05	-3.219294e-03	2.656456e-01
2.322000e-05	-3.348122e-03	-4.126514e-02
2.323000e-05	6.713808e-03	-3.334184e-01
2.324000e-05	-4.921816e-03	-5.565036e-01
2.325000e-05	1.528606e-03	-8.827352e-01
2.326000e-05	-8.367759e-03	-1.105319e+00
2.327000e-05	-8.450332e-04	-1.390636e+00
2.328000e-05	-3.264452e-03	-1.713735e+00
2.329000e-05	2.351589e-02	-1.944871e+00
2.330000e-05	9.090797e-02	-2.095844e+00
2.331000e-05	-2.265507e-02	-2.543774e+00
2.332000e-05	-6.703158e-02	-2.894865e+00
2.333000e-05	-3.954210e-02	-3.261687e+00
2.334000e-05	-2.280802e-02	-3.464789e+00
2.335000e-05	-6.277983e-02	-3.724921e+00
2.336000e-05	6.708717e-02	-3.946922e+00
2.337000e-05	4.362083e-02	-4.136926e+00
2.338000e-05	-1.268180e-01	-4.461683e+00
2.339000e-05	2.068801e-01	-4.705291e+00
2.340000e-05	-1.654628e-01	-4.999051e+00
2.341000e-05	6.078896e-02	-5.335892e+00
2.342000e-05	-4.681885e-02	-5.589078e+00
2.343000e-05	-8.728122e-02	-5.883264e+00
2.344000e-05	1.555780e-01	-6.127689e+00
2.345000e-05	-1.408960e-01	-6.381032e+00
2.346000e-05	1.158697e-01	-6.684711e+00
2.347000e-05	-5.522444e-02	-6.926398e+00
2.348000e-05	-2.085681e-02	-7.283239e+00
2.349000e-05	3.196434e-02	-7.484264e+00
2.350000e-05	-1.081790e-01	-7.810102e+00
2.351000e-05	1.074427e-01	-8.061607e+00
2.352000e-05	-9.433565e-02	-8.344713e+00
2.353000e-05	7.185689e-02	-8.559445e+00
2.354000e-05	-2.896870e-02	-8.810949e+00
2.355000e-05	-4.499696e-02	-9.044184e+00
2.356000e-05	4.238823e-02	-9.225027e+00
2.357000e-05	-8.173981e-02	-9.487863e+00
2.358000e-05	7.285755e-02	-9.738841e+00
2.359000e-05	-8.276016e-02	-9.937343e+00
2.360000e-05	6.470734e-02	-1.015347e+01
2.361000e-05	-5.570050e-02	-1.039005e+01
2.362000e-05	1.528368e-02	-1.062263e+01
2.363000e-05	-3.087197e-02	-1.081197e+01
2.364000e-05	-1.570676e-02	-1.097363e+01
2.365000e-05	9.715733e-03	-1.122310e+01
2.366000e-05	-3.280076e-02	-1.149213e+01
2.367000e-05	2.094869e-02	-1.165618e+01
2.368000e-05	-4.205847e-02	-1.188624e+01
2.369000e-05	2.128336e-02	-1.210776e+01
2.370000e-05	-4.840652e-02	-1.227460e+01
2.371000e-05	1.276125e-02	-1.243502e+01
2.372000e-05	-3.799742e-02	-1.261302e+01
2.373000e-05	9.568517e-03	-1.282292e+01
2.374000e-05	-2.444852e-02	-1.293079e+01
2.375000e-05	-5.434251e-03	-1.315821e+01
2.376000e-05	-1.624636e-02	-1.324363e+01
2.377000e-05	-1.705626e-02	-1.339352e+01
2.378000e-05	-9.172478e-03	-1.354189e+01
2.379000e-05	-2.609693e-02	-1.370929e+01
2.380000e-05	-5.943198e-03	-1.384700e+01
2.381000e-05	-2.462692e-02	-1.397100e+01
2.382000e-05	-3.842823e-03	-1.409978e+01
2.383000e-05	-2.483097e-02	-1.424553e+01
2.384000e-05	-1.172345e-02	-1.439144e+01
2.385000e-05	-2.350182e-02	-1.445808e+01
2.386000e-05	-1.090553e-02	-1.460297e+01
2.387000e-05	-2.179778e-02	-1.473768e+01
2.388000e-05	-1.572180e-02	-1.477292e+01
2.389000e-05	-2.059605e-02	-1.489610e+01
2.390000e-05	-1.641883e-02	-1.493183e+01
2.391000e-05	-2.210536e-02	-1.505500e+01
2.392000e-05	-2.039429e-02	-1.509771e+01
2.393000e-05	-2.105211e-02	-1.520339e+01
2.394000e-05	-1.932392e-02	-1.522507e+01
2.395000e-05	-2.007758e-02	-1.529813e+01
2.396000e-05	-2.382117e-02	-1.538181e+01
2.397000e-05	-2.105490e-02	-1.540390e+01
2.398000e-05	-2.653845e-02	-1.544457e+01
2.399000e-05	-2.097918e-02	-1.552663e+01
2.400000e-05	-2.715835e-02	-1.551928e+01
2.401000e-05	-2.251038e-02	-1.556021e+01
2.402000e-05	-2.642485e-02	-1.552133e+01
2.403000e-05	-2.511236e-02	-1.558026e+01
2.404000e-05	-2.809097e-02	-1.559288e+01
2.405000e-05	-3.047221e-02	-1.558389e+01
2.406000e-05	-2.978626e-02	-1.558283e+01
2.407000e-05	-3.123287e-02	-1.558181e+01
2.408000e-05	-3.088716e-02	-1.551023e+01
2.409000e-05	-3.389068e-02	-1.553923e+01
2.410000e-05	-3.489962e-02	-1.550870e+01
2.411000e-05	-3.613877e-02	-1.548800e+01
2.412000e-05	-3.708456e-02	-1.543500e+01
2.413000e-05	-4.004320e-02	-1.538239e+01
2.414000e-05	-4.254985e-02	-1.532074e+01
2.415000e-05	-4.246887e-02	-1.528013e+01
2.416000e-05	-4.442540e-02	-1.524649e+01
2.417000e-05	-4.668348e-02	-1.517221e+01
2.418000e-05	-4.947769e-02	-1.506813e+01
2.419000e-05	-5.226432e-02	-1.499396e+01
2.420000e-05	-5.391460e-02	-1.490923e+01
2.421000e-05	-5.766388e-02	-1.484552e+01
2.422000e-05	-6.071316e-02	-1.478031e+01
2.423000e-05	-6.425587e-02	-1.463702e+01
2.424000e-05	-6.532147e-02	-1.454335e+01
2.425000e-05	-6.764362e-02	-1.443760e+01
2.426000e-05	-7.009811e-02	-1.435928e+01
2.427000e-05	-6.927379e-02	-1.418449e+01
2.428000e-05	-6.899161e-02	-1.406852e+01
2.429000e-05	-6.803296e-02	-1.394268e+01
2.430000e-05	-6.819805e-02	-1.380396e+01
2.431000e-05	-6.598380e-02	-1.367855e+01
2.432000e-05	-6.161495e-02	-1.348016e+01
2.433000e-05	-6.028427e-02	-1.336244e+01
2.434000e-05	-5.868911e-02	-1.323642e+01
2.435000e-05	-5.513921e-02	-1.307760e+01
2.436000e-05	-5.019997e-02	-1.290025e+01
2.437000e-05	-4.722504e-02	-1.276176e+01
2.438000e-05	-4.628062e-02	-1.258289e+01
2.439000e-05	-4.300802e-02	-1.241644e+01
2.440000e-05	-3.980042e-02	-1.228605e+01
2.441000e-05	-3.689289e-02	-1.206797e+01
2.442000e-05	-3.697703e-02	-1.176755e+01
2.443000e-05	-3.405873e-02	-1.166742e+01
2.444000e-05	-3.124517e-02	-1.143499e+01
2.445000e-05	-2.853519e-02	-1.120041e+01
2.446000e-05	-2.784978e-02	-1.099194e+01
2.447000e-05	-2.703675e-02	-1.080434e+01
2.448000e-05	-2.432401e-02	-1.061282e+01
2.449000e-05	-2.202135e-02	-1.038379e+01
2.450000e-05	-2.124557e-02	-1.014023e+01
2.451000e-05	-2.070915e-02	-9.939753e+00
2.452000e-05	-1.954631e-02	-9.719735e+00
2.453000e-05	-1.805092e-02	-9.497075e+00
2.454000e-05	-1.726509e-02	-9.236525e+00
2.455000e-05	-1.739722e-02	-9.024968e+00
2.456000e-05	-1.633370e-02	-8.771862e+00
2.457000e-05	-1.472764e-02	-8.532231e+00
2.458000e-05	-1.285032e-02	-8.298727e+00
2.459000e-05	-1.305388e-02	-8.065577e+00
2.460000e-05	-1.253920e-02	-7.803890e+00
2.461000e-05	-1.110672e-02	-7.477750e+00
2.462000e-05	-1.103225e-02	-7.245452e+00
2.463000e-05	-1.080418e-02	-6.963438e+00
2.464000e-05	-1.210705e-02	-6.740234e+00
2.465000e-05	-9.303994e-03	-6.496628e+00
2.466000e-05	-9.769085e-03	-6.215391e+00
2.467000e-05	-8.595356e-03	-5.939762e+00
2.468000e-05	-9.150202e-03	-5.648051e+00
2.469000e-05	-8.136955e-03	-5.353365e+00
2.470000e-05	-7.965268e-03	-5.116528e+00
2.471000e-05	-6.108876e-03	-4.754257e+00
2.472000e-05	-7.570648e-03	-4.496129e+00
2.473000e-05	-7.218949e-03	-4.266051e+00
2.474000e-05	-6.435218e-03	-3.982370e+00
2.475000e-05	-8.029971e-03	-3.697203e+00
2.476000e-05	-7.841749e-03	-3.443022e+00
2.477000e-05	-7.009790e-03	-3.160214e+00
2.478000e-05	-4.251611e-03	-2.824025e+00
2.479000e-05	-4.172921e-03	-2.549214e+00
2.480000e-05	-4.834347e-03	-2.287680e+00
2.481000e-05	-5.677931e-03	-2.000419e+00
2.482000e-05	-4.763831e-03	-1.707755e+00
2.483000e-05	-5.780325e-03	-1.413946e+00
2.484000e-05	-5.454569e-03	-1.085126e+00
2.485000e-05	-5.679025e-03	-8.004452e-01
2.486000e-05	-2.482800e-03	-4.971507e-01
2.487000e-05	-1.444227e-03	-2.235756e-01
2.488000e-05	2.774338e-03	1.016389e-01
2.489000e-05	8.613413e-03	3.549259e-01
2.490000e-05	-2.565649e-03	5.885810e-01
2.491000e-05	4.419994e-03	8.401815e-01
2.492000e-05	-2.706355e-03	1.179904e+00
2.493000e-05	2.704857e-03	1.420610e+00
2.494000e-05	-6.163187e-04	1.798502e+00
2.495000e-05	1.886930e-02	1.988501e+00
2.496000e-05	5.622261e-02	2.261689e+00
2.497000e-05	5.594432e-02	2.597510e+00
2.498000e-05	-7.539905e-02	2.934923e+00
2.499000e-05	-4.203114e-02	3.229604e+00
2.500000e-05	-2.252721e-02	3.474742e+00
2.501000e-05	1.503492e-03	3.754893e+00
2.502000e-05	-5.710866e-02	3.925788e+00
2.503000e-05	4.533046e-02	4.166421e+00
2.504000e-05	4.768045e-02	4.493214e+00
2.505000e-05	-4.399727e-02	4.745865e+00
2.506000e-05	1.430571e-01	5.043184e+00
2.507000e-05	-1.249520e-01	5.400627e+00
2.508000e-05	3.982602e-02	5.682655e+00
2.509000e-05	-6.649093e-03	5.945347e+00
2.510000e-05	-6.111616e-03	6.169526e+00
2.511000e-05	3.781879e-02	6.410634e+00
2.512000e-05	-5.500881e-02	6.725424e+00
2.513000e-05	7.615591e-02	6.999080e+00
2.514000e-05	-1.780591e-02	7.214209e+00
2.515000e-05	-2.098226e-03	7.506920e+00
2.516000e-05	-3.248857e-02	7.822556e+00
2.517000e-05	2.503269e-02	8.095237e+00
2.518000e-05	4.478298e-02	8.366868e+00
2.519000e-05	-3.614792e-02	8.570474e+00
2.520000e-05	2.517557e-02	8.798922e+00
2.521000e-05	-7.473707e-04	9.022677e+00
2.522000e-05	1.179608e-02	9.284683e+00
2.523000e-05	-7.742768e-04	9.495712e+00
2.524000e-05	-1.170343e-02	9.758887e+00
2.525000e-05	2.139236e-02	9.989467e+00
2.526000e-05	1.333763e-02	1.020240e+01
2.527000e-05	1.892745e-02	1.041302e+01
2.528000e-05	-2.041507e-02	1.065258e+01
2.529000e-05	1.253795e-02	1.087363e+01
2.530000e-05	1.154799e-02	1.107355e+01
2.531000e-05	9.133811e-03	1.121308e+01
2.532000e-05	-2.128661e-03	1.147668e+01
2.533000e-05	9.600785e-03	1.174781e+01
2.534000e-05	2.236117e-02	1.189618e+01
2.535000e-05	8.059245e-03	1.210621e+01
2.536000e-05	-5.870549e-04	1.225560e+01
2.537000e-05	4.879664e-04	1.247418e+01
2.538000e-05	1.797138e-02	1.262447e+01
2.539000e-05	1.109329e-02	1.276044e+01
2.540000e-05	7.304704e-03	1.295081e+01
2.541000e-05	6.284417e-03	1.310823e+01
2.542000e-05	2.040022e-02	1.325518e+01
2.543000e-05	1.188335e-02	1.342207e+01
2.544000e-05	4.589627e-03	1.356932e+01
2.545000e-05	2.169446e-03	1.365763e+01
2.546000e-05	1.680330e-02	1.383560e+01
2.547000e-05	1.433143e-02	1.402352e+01
2.548000e-05	8.775884e-03	1.413881e+01
2.549000e-05	8.036300e-03	1.428665e+01
2.550000e-05	1.738920e-02	1.439352e+01
2.551000e-05	1.627712e-02	1.448824e+01
2.552000e-05	7.810445e-03	1.460205e+01
2.553000e-05	1.033868e-02	1.467971e+01
2.554000e-05	1.360979e-02	1.480247e+01
2.555000e-05	2.037454e-02	1.491563e+01
2.556000e-05	9.632139e-03	1.494929e+01
2.557000e-05	1.286712e-02	1.504497e+01
2.558000e-05	1.354427e-02	1.510871e+01
2.559000e-05	1.973118e-02	1.519237e+01
2.560000e-05	1.368928e-02	1.524407e+01
2.561000e-05	1.283645e-02	1.530718e+01
2.562000e-05	1.766436e-02	1.534233e+01
2.563000e-05	2.056835e-02	1.543341e+01
2.564000e-05	1.845064e-02	1.541649e+01
2.565000e-05	1.266323e-02	1.549768e+01
2.566000e-05	2.047860e-02	1.550820e+01
2.567000e-05	2.074672e-02	1.559123e+01
2.568000e-05	2.192768e-02	1.558031e+01
2.569000e-05	1.752313e-02	1.557226e+01
2.570000e-05	2.321312e-02	1.557134e+01
2.571000e-05	2.587165e-02	1.557236e+01
2.572000e-05	2.465419e-02	1.556238e+01
2.573000e-05	2.312058e-02	1.555929e+01
2.574000e-05	2.494981e-02	1.556161e+01
2.575000e-05	3.160265e-02	1.552968e+01
2.576000e-05	2.873125e-02	1.546858e+01
2.577000e-05	2.917969e-02	1.548562e+01
2.578000e-05	3.065640e-02	1.542494e+01
2.579000e-05	3.588746e-02	1.535281e+01
2.580000e-05	3.635803e-02	1.531125e+01
2.581000e-05	3.528428e-02	1.524752e+01
2.582000e-05	3.838875e-02	1.520537e+01
2.583000e-05	4.184588e-02	1.512413e+01
2.584000e-05	4.569049e-02	1.506652e+01
2.585000e-05	4.365199e-02	1.499484e+01
2.586000e-05	4.855813e-02	1.491813e+01
2.587000e-05	5.289937e-02	1.483544e+01
2.588000e-05	5.754351e-02	1.475023e+01
2.589000e-05	5.742944e-02	1.463397e+01
2.590000e-05	5.892286e-02	1.455178e+01
2.591000e-05	6.228553e-02	1.444502e+01
2.592000e-05	6.474684e-02	1.429913e+01
2.593000e-05	6.330784e-02	1.418394e+01
2.594000e-05	6.150137e-02	1.405597e+01
2.595000e-05	6.322347e-02	1.392018e+01
2.596000e-05	6.178649e-02	1.379383e+01
2.597000e-05	5.709291e-02	1.359744e+01
2.598000e-05	5.428277e-02	1.348813e+01
2.599000e-05	5.220777e-02	1.336131e+01
2.600000e-05	5.232104e-02	1.325584e+01
2.601000e-05	4.557867e-02	1.303499e+01
2.602000e-05	4.330824e-02	1.284699e+01
2.603000e-05	4.019005e-02	1.268863e+01
2.604000e-05	3.895203e-02	1.255020e+01
2.605000e-05	3.431280e-02	1.237271e+01
2.606000e-05	3.085893e-02	1.217376e+01
2.607000e-05	2.881836e-02	1.199439e+01
2.608000e-05	2.805752e-02	1.180344e+01
2.609000e-05	2.562674e-02	1.161334e+01
2.610000e-05	2.239492e-02	1.139336e+01
2.611000e-05	2.141160e-02	1.115184e+01
2.612000e-05	1.989594e-02	1.099334e+01
2.613000e-05	1.972331e-02	1.079233e+01
2.614000e-05	1.522264e-02	1.054220e+01
2.615000e-05	1.355153e-02	1.032978e+01
2.616000e-05	1.354077e-02	1.009920e+01
2.617000e-05	1.346214e-02	9.898703e+00
2.618000e-05	9.979577e-03	9.655498e+00
2.619000e-05	8.778914e-03	9.433515e+00
2.620000e-05	1.015494e-02	9.233389e+00
2.621000e-05	9.032592e-03	8.941307e+00
2.622000e-05	7.118565e-03	8.699684e+00
2.623000e-05	5.315369e-03	8.478079e+00
2.624000e-05	6.186471e-03	8.276076e+00
2.625000e-05	5.151175e-03	8.005015e+00
2.626000e-05	3.921938e-03	7.761281e+00
2.627000e-05	2.697083e-03	7.480097e+00
2.628000e-05	3.253337e-03	7.194439e+00
2.629000e-05	3.073261e-03	6.940283e+00
2.630000e-05	2.316265e-03	6.688582e+00
2.631000e-05	1.070412e-03	6.403975e+00
2.632000e-05	1.222128e-03	6.191364e+00
2.633000e-05	1.469327e-03	5.917204e+00
2.634000e-05	1.382686e-04	5.603470e+00
2.635000e-05	-1.134676e-03	5.380359e+00
2.636000e-05	-2.523113e-03	5.017894e+00
2.637000e-05	-9.052101e-06	4.738680e+00
2.638000e-05	-1.626783e-03	4.473522e+00
2.639000e-05	-2.612921e-03	4.171859e+00
2.640000e-05	-1.493675e-03	3.937122e+00
2.641000e-05	-1.367773e-03	3.603019e+00
2.642000e-05	-2.318536e-03	3.289755e+00
2.643000e-05	-4.050727e-03	3.067073e+00
2.644000e-05	-4.382999e-03	2.800414e+00
2.645000e-05	-3.169949e-03	2.484624e+00
2.646000e-05	-3.807924e-03	2.182443e+00
2.647000e-05	-4.012195e-03	1.958241e+00
2.648000e-05	-4.489249e-03	1.603548e+00
2.649000e-05	-3.572012e-03	1.368208e+00
2.650000e-05	-3.826408e-03	1.002890e+00
2.651000e-05	-4.929009e-03	7.267084e-01
2.652000e-05	-4.940103e-03	4.710728e-01
2.653000e-05	-1.852612e-03	1.292574e-01
2.654000e-05	7.342190e-04	-1.358230e-01
2.655000e-05	6.153471e-03	-3.805787e-01
2.656000e-05	-7.916868e-03	-7.418218e-01
2.657000e-05	-4.590445e-04	-9.244245e-01
2.658000e-05	-5.099501e-03	-1.180159e+00
2.659000e-05	-7.669773e-04	-1.557299e+00
2.660000e-05	-1.028600e-03	-1.757948e+00
2.661000e-05	3.692206e-02	-1.968427e+00
2.662000e-05	9.991338e-02	-2.260661e+00
2.663000e-05	-7.952329e-02	-2.659691e+00
2.664000e-05	-4.313094e-02	-3.039115e+00
2.665000e-05	-4.895427e-02	-3.346418e+00
2.666000e-05	-1.235204e-02	-3.557299e+00
2.667000e-05	-7.149881e-02	-3.769155e+00
2.668000e-05	1.377971e-01	-4.000555e+00
2.669000e-05	-8.756292e-02	-4.271668e+00
2.670000e-05	2.482983e-02	-4.526493e+00
2.671000e-05	1.242298e-01	-4.757507e+00
2.672000e-05	-1.811545e-01	-5.094772e+00
2.673000e-05	1.273848e-01	-5.391551e+00
2.674000e-05	-1.546034e-01	-5.684313e+00
2.675000e-05	6.323284e-02	-5.988424e+00
2.676000e-05	4.800135e-02	-6.189029e+00
2.677000e-05	-1.004919e-01	-6.534321e+00
2.678000e-05	1.291779e-01	-6.767800e+00
2.679000e-05	-1.191917e-01	-7.072615e+00
2.680000e-05	5.746377e-02	-7.349293e+00
2.681000e-05	-5.449699e-02	-7.620472e+00
2.682000e-05	-2.601228e-02	-7.916285e+00
2.683000e-05	7.498577e-02	-8.126814e+00
2.684000e-05	-9.703459e-02	-8.398449e+00
2.685000e-05	1.043410e-01	-8.624028e+00
2.686000e-05	-1.078218e-01	-8.853690e+00
2.687000e-05	4.138841e-02	-9.117291e+00
2.688000e-05	-3.101521e-02	-9.335414e+00
2.689000e-05	-1.802067e-02	-9.630575e+00
2.690000e-05	2.689682e-02	-9.759970e+00
2.691000e-05	-5.542235e-02	-1.003153e+01
2.692000e-05	6.232575e-02	-1.026563e+01
2.693000e-05	-7.864163e-02	-1.045566e+01
2.694000e-05	4.159266e-02	-1.065466e+01
2.695000e-05	-6.657667e-02	-1.087516e+01
2.696000e-05	2.990190e-02	-1.110574e+01
2.697000e-05	-3.488542e-02	-1.132689e+01
2.698000e-05	3.694525e-03	-1.153777e+01
2.699000e-05	-1.151460e-02	-1.170833e+01
2.700000e-05	-1.383030e-02	-1.199845e+01
2.701000e-05	-8.256445e-04	-1.213989e+01
2.702000e-05	-3.723024e-02	-1.234671e+01
2.703000e-05	9.167846e-03	-1.247671e+01
2.704000e-05	-3.579722e-02	-1.262718e+01
2.705000e-05	1.372950e-02	-1.280455e+01
2.706000e-05	-3.720647e-02	-1.300100e+01
2.707000e-05	9.421215e-03	-1.315027e+01
2.708000e-05	-2.946425e-02	-1.329828e+01
2.709000e-05	-1.880305e-03	-1.344573e+01
2.710000e-05	-2.682876e-02	-1.360205e+01
2.711000e-05	-1.287977e-02	-1.375937e+01
2.712000e-05	-1.422143e-02	-1.389713e+01
2.713000e-05	-1.635330e-02	-1.401455e+01
2.714000e-05	-1.298191e-02	-1.412087e+01
2.715000e-05	-2.153212e-02	-1.430613e+01
2.716000e-05	-1.065238e-02	-1.441347e+01
2.717000e-05	-2.142671e-02	-1.451927e+01
2.718000e-05	-1.423706e-02	-1.464502e+01
2.719000e-05	-2.305927e-02	-1.475018e+01
2.720000e-05	-1.150802e-02	-1.483392e+01
2.721000e-05	-2.173074e-02	-1.491976e+01
2.722000e-05	-1.732027e-02	-1.497236e+01
2.723000e-05	-2.457189e-02	-1.500605e+01
2.724000e-05	-1.615147e-02	-1.512831e+01
2.725000e-05	-2.311915e-02	-1.516400e+01
2.726000e-05	-1.909405e-02	-1.522663e+01
2.727000e-05	-2.371626e-02	-1.529879e+01
2.728000e-05	-1.954170e-02	-1.537141e+01
2.729000e-05	-2.253429e-02	-1.545590e+01
2.730000e-05	-2.601090e-02	-1.548710e+01
2.731000e-05	-2.437608e-02	-1.553905e+01
2.732000e-05	-2.573132e-02	-1.552823e+01
2.733000e-05	-2.082028e-02	-1.552023e+01
2.734000e-05	-2.771166e-02	-1.555026e+01
2.735000e-05	-2.572170e-02	-1.562189e+01
2.736000e-05	-2.915474e-02	-1.558334e+01
2.737000e-05	-2.800184e-02	-1.561441e+01
2.738000e-05	-3.231256e-02	-1.560129e+01
2.739000e-05	-3.259860e-02	-1.556031e+01
2.740000e-05	-3.182673e-02	-1.553231e+01
2.741000e-05	-3.290093e-02	-1.554861e+01
2.742000e-05	-3.449203e-02	-1.548763e+01
2.743000e-05	-3.900994e-02	-1.547750e+01
2.744000e-05	-3.803034e-02	-1.545549e+01
2.745000e-05	-3.935558e-02	-1.538284e+01
2.746000e-05	-4.099481e-02	-1.530171e+01
2.747000e-05	-4.490126e-02	-1.528767e+01
2.748000e-05	-4.524672e-02	-1.520381e+01
2.749000e-05	-4.631752e-02	-1.512068e+01
2.750000e-05	-5.017073e-02	-1.505605e+01
2.751000e-05	-5.433687e-02	-1.496283e+01
2.752000e-05	-5.590445e-02	-1.488123e+01
2.753000e-05	-5.761680e-02	-1.481597e+01
2.754000e-05	-6.066415e-02	-1.467968e+01
2.755000e-05	-6.622722e-02	-1.465648e+01
2.756000e-05	-6.743536e-02	-1.453176e+01
2.757000e-05	-6.837589e-02	-1.441494e+01
2.758000e-05	-6.863667e-02	-1.431760e+01
2.759000e-05	-7.125140e-02	-1.417232e+01
2.760000e-05	-7.081890e-02	-1.404587e+01
2.761000e-05	-6.717902e-02	-1.392017e+01
2.762000e-05	-6.627539e-02	-1.380484e+01
2.763000e-05	-6.604919e-02	-1.360589e+01
2.764000e-05	-6.369495e-02	-1.346755e+01
2.765000e-05	-5.836483e-02	-1.335166e+01
2.766000e-05	-5.467134e-02	-1.320241e+01
2.767000e-05	-5.398415e-02	-1.305399e+01
2.768000e-05	-5.135764e-02	-1.290715e+01
2.769000e-05	-4.625158e-02	-1.272015e+01
2.770000e-05	-4.333091e-02	-1.251073e+01
2.771000e-05	-4.244650e-02	-1.235131e+01
2.772000e-05	-4.167215e-02	-1.216287e+01
2.773000e-05	-3.522501e-02	-1.202384e+01
2.774000e-05	-3.350374e-02	-1.176386e+01
2.775000e-05	-3.270403e-02	-1.157331e+01
2.776000e-05	-3.158914e-02	-1.135121e+01
2.777000e-05	-2.790288e-02	-1.111180e+01
2.778000e-05	-2.554224e-02	-1.092016e+01
2.779000e-05	-2.642106e-02	-1.074223e+01
2.780000e-05	-2.510255e-02	-1.053923e+01
2.781000e-05	-2.184993e-02	-1.032958e+01
2.782000e-05	-1.961589e-02	-1.010805e+01
2.783000e-05	-2.009873e-02	-9.835499e+00
2.784000e-05	-1.997391e-02	-9.687071e+00
2.785000e-05	-1.780558e-02	-9.433419e+00
2.786000e-05	-1.622835e-02	-9.193386e+00
2.787000e-05	-1.646451e-02	-8.939841e+00
2.788000e-05	-1.604915e-02	-8.759129e+00
2.789000e-05	-1.440218e-02	-8.454551e+00
2.790000e-05	-1.279114e-02	-8.244422e+00
2.791000e-05	-1.295103e-02	-8.003408e+00
2.792000e-05	-1.384728e-02	-7.690631e+00
2.793000e-05	-1.129183e-02	-7.454920e+00
2.794000e-05	-1.085604e-02	-7.203210e+00
2.795000e-05	-9.902902e-03	-6.907703e+00
2.796000e-05	-1.126158e-02	-6.655999e+00
2.797000e-05	-9.628528e-03	-6.402994e+00
2.798000e-05	-9.999638e-03	-6.111130e+00
2.799000e-05	-7.813050e-03	-5.856049e+00
2.800000e-05	-1.089916e-02	-5.561890e+00
2.801000e-05	-7.532415e-03	-5.297153e+00
2.802000e-05	-9.028255e-03	-5.012343e+00
2.803000e-05	-5.486594e-03	-4.637051e+00
2.804000e-05	-8.696011e-03	-4.401923e+00
2.805000e-05	-6.705548e-03	-4.191264e+00
2.806000e-05	-6.617845e-03	-3.878199e+00
2.807000e-05	-6.642110e-03	-3.591920e+00
2.808000e-05	-7.179642e-03	-3.329313e+00
2.809000e-05	-6.000297e-03	-3.076442e+00
2.810000e-05	-5.528950e-03	-2.749765e+00
2.811000e-05	-4.425649e-03	-2.436601e+00
2.812000e-05	-4.836802e-03	-2.190389e+00
2.813000e-05	-5.530557e-03	-1.927233e+00
2.814000e-05	-5.146144e-03	-1.600549e+00
2.815000e-05	-5.584554e-03	-1.297176e+00
2.816000e-05	-4.722439e-03	-1.012389e+00
2.817000e-05	-5.394394e-03	-7.281860e-01
2.818000e-05	-1.796520e-03	-4.019976e-01
2.819000e-05	-2.085513e-03	-1.283110e-01
2.820000e-05	7.020676e-03	1.254468e-01
2.821000e-05	3.026163e-03	4.406589e-01
2.822000e-05	-3.624373e-06	7.127902e-01
2.823000e-05	-1.891508e-04	9.554944e-01
2.824000e-05	5.892736e-04	1.252184e+00
2.825000e-05	1.211679e-03	1.585997e+00
2.826000e-05	3.493521e-03	1.841681e+00
2.827000e-05	2.352509e-02	2.051162e+00
2.828000e-05	7.901464e-02	2.385948e+00
2.829000e-05	1.689094e-03	2.744801e+00
2.830000e-05	-6.206086e-02	3.030110e+00
2.831000e-05	-4.718851e-02	3.293739e+00
2.832000e-05	6.755354e-04	3.567976e+00
2.833000e-05	-2.921981e-02	3.799575e+00
2.834000e-05	-4.040080e-02	3.968477e+00
2.835000e-05	9.190116e-02	4.292814e+00
2.836000e-05	-3.316453e-02	4.618498e+00
2.837000e-05	5.450900e-02	4.799002e+00
2.838000e-05	5.584346e-02	5.166451e+00
2.839000e-05	-1.058909e-01	5.475284e+00
2.840000e-05	6.503381e-02	5.686318e+00
2.841000e-05	-4.473013e-02	6.032034e+00
2.842000e-05	4.145085e-02	6.302183e+00
2.843000e-05	-8.004024e-03	6.548418e+00
2.844000e-05	-1.689920e-02	6.841160e+00
2.845000e-05	7.194059e-02	7.083161e+00
2.846000e-05	-3.794461e-02	7.368944e+00
2.847000e-05	5.149272e-03	7.661557e+00
2.848000e-05	-4.200450e-02	7.956888e+00
2.849000e-05	5.880403e-02	8.210000e+00
2.850000e-05	1.336773e-02	8.401025e+00
2.851000e-05	-3.030325e-02	8.631605e+00
2.852000e-05	3.850420e-02	8.894285e+00
2.853000e-05	-1.924224e-02	9.147264e+00
2.854000e-05	3.203686e-02	9.338364e+00
2.855000e-05	-2.777996e-02	9.549445e+00
2.856000e-05	1.457409e-02	9.801051e+00
2.857000e-05	9.183897e-03	1.004213e+01
2.858000e-05	2.424773e-02	1.027303e+01
2.859000e-05	7.258685e-03	1.049528e+01
2.860000e-05	-2.087999e-02	1.069679e+01
2.861000e-05	2.567881e-02	1.090674e+01
2.862000e-05	-2.419237e-04	1.114729e+01
2.863000e-05	1.760485e-02	1.131681e+01
2.864000e-05	-1.470169e-02	1.151839e+01
2.865000e-05	2.744708e-02	1.180084e+01
2.866000e-05	9.478916e-03	1.197031e+01
2.867000e-05	1.273664e-02	1.212984e+01
2.868000e-05	-6.617648e-03	1.234726e+01
2.869000e-05	8.002974e-03	1.250724e+01
2.870000e-05	1.858639e-02	1.270703e+01
2.871000e-05	5.834448e-03	1.282302e+01
2.872000e-05	8.493672e-03	1.301200e+01
2.873000e-05	4.943888e-03	1.316082e+01
2.874000e-05	2.568434e-02	1.329924e+01
2.875000e-05	4.687272e-03	1.346410e+01
2.876000e-05	7.118115e-03	1.360260e+01
2.877000e-05	3.196445e-03	1.373083e+01
2.878000e-05	2.057466e-02	1.386771e+01
2.879000e-05	1.147090e-02	1.406502e+01
2.880000e-05	6.309091e-03	1.421137e+01
2.881000e-05	1.122147e-02	1.433825e+01
2.882000e-05	1.658450e-02	1.442358e+01
2.883000e-05	1.559902e-02	1.456176e+01
2.884000e-05	4.894884e-03	1.466513e+01
2.885000e-05	1.299914e-02	1.475026e+01
2.886000e-05	1.554007e-02	1.482400e+01
2.887000e-05	1.971548e-02	1.491723e+01
2.888000e-05	9.359241e-03	1.500139e+01
2.889000e-05	1.223311e-02	1.507607e+01
2.890000e-05	1.669920e-02	1.512921e+01
2.891000e-05	1.790073e-02	1.520186e+01
2.892000e-05	1.369127e-02	1.527757e+01
2.893000e-05	1.142343e-02	1.532026e+01
2.894000e-05	2.056531e-02	1.537134e+01
2.895000e-05	1.995127e-02	1.542294e+01
2.896000e-05	1.674564e-02	1.543757e+01
2.897000e-05	1.375598e-02	1.550763e+01
2.898000e-05	2.129735e-02	1.552821e+01
2.899000e-05	2.280698e-02	1.557023e+01
2.900000e-05	1.921732e-02	1.556028e+01
2.901000e-05	1.795917e-02	1.557184e+01
2.902000e-05	2.292684e-02	1.558129e+01
2.903000e-05	2.693726e-02	1.558281e+01
2.904000e-05	2.263849e-02	1.558176e+01
2.905000e-05	2.374978e-02	1.558278e+01
2.906000e-05	2.618415e-02	1.552816e+01
2.907000e-05	3.279097e-02	1.554063e+01
2.908000e-05	2.976524e-02	1.545852e+01
2.909000e-05	2.812892e-02	1.543547e+01
2.910000e-05	3.370190e-02	1.542343e+01
2.911000e-05	3.552482e-02	1.535130e+01
2.912000e-05	3.667657e-02	1.531915e+01
2.913000e-05	3.411744e-02	1.529599e+01
2.914000e-05	4.015912e-02	1.516384e+01
2.915000e-05	4.307961e-02	1.511120e+01
2.916000e-05	4.595825e-02	1.506399e+01
2.917000e-05	4.460547e-02	1.492241e+01
2.918000e-05	4.969750e-02	1.488904e+01
2.919000e-05	5.560819e-02	1.481191e+01
2.920000e-05	5.603989e-02	1.469861e+01
2.921000e-05	5.811387e-02	1.462399e+01
2.922000e-05	5.900025e-02	1.448823e+01
2.923000e-05	6.546138e-02	1.441341e+01
2.924000e-05	6.298874e-02	1.428757e+01
2.925000e-05	6.311749e-02	1.413078e+01
2.926000e-05	6.042259e-02	1.403436e+01
2.927000e-05	6.398207e-02	1.387810e+01
2.928000e-05	6.096014e-02	1.371165e+01
2.929000e-05	5.630099e-02	1.357331e+01
2.930000e-05	5.287655e-02	1.339640e+01
2.931000e-05	5.251632e-02	1.332015e+01
2.932000e-05	5.019396e-02	1.314071e+01
2.933000e-05	4.533174e-02	1.294283e+01
2.934000e-05	4.117650e-02	1.284342e+01
2.935000e-05	4.093284e-02	1.263552e+01
2.936000e-05	3.799839e-02	1.251513e+01
2.937000e-05	3.351023e-02	1.229868e+01
2.938000e-05	2.858865e-02	1.211018e+01
2.939000e-05	2.873159e-02	1.192173e+01
2.940000e-05	2.802864e-02	1.177123e+01
2.941000e-05	2.354023e-02	1.155073e+01
2.942000e-05	2.112268e-02	1.132962e+01
2.943000e-05	2.132482e-02	1.112713e+01
2.944000e-05	2.040437e-02	1.091960e+01
2.945000e-05	1.700336e-02	1.069970e+01
2.946000e-05	1.464280e-02	1.044948e+01
2.947000e-05	1.387326e-02	1.027665e+01
2.948000e-05	1.257927e-02	1.006504e+01
2.949000e-05	1.193362e-02	9.784340e+00
2.950000e-05	7.853666e-03	9.592364e+00
2.951000e-05	1.023091e-02	9.360809e+00
2.952000e-05	9.281731e-03	9.158704e+00
2.953000e-05	8.895119e-03	8.869073e+00
2.954000e-05	6.059251e-03	8.655546e+00
2.955000e-05	7.912805e-03	8.424972e+00
2.956000e-05	4.962945e-03	8.163336e+00
2.957000e-05	5.877944e-03	7.910651e+00
2.958000e-05	1.004219e-03	7.676000e+00
2.959000e-05	2.321885e-03	7.401686e+00
2.960000e-05	1.260246e-03	7.098706e+00
2.961000e-05	5.237462e-03	6.897623e+00
2.962000e-05	1.543813e-03	6.613340e+00
2.963000e-05	1.225554e-03	6.340208e+00
2.964000e-05	1.170605e-03	6.106128e+00
2.965000e-05	1.297625e-03	5.812418e+00
2.966000e-05	6.660524e-05	5.567710e+00
2.967000e-05	-3.182885e-03	5.277599e+00
2.968000e-05	-1.882964e-03	4.899651e+00
2.969000e-05	-4.681033e-04	4.674468e+00
2.970000e-05	-6.733179e-04	4.389839e+00
2.971000e-05	-4.502399e-04	4.053649e+00
2.972000e-05	-3.288135e-03	3.780440e+00
2.973000e-05	-1.835245e-03	3.566662e+00
2.974000e-05	-3.020445e-03	3.243575e+00
2.975000e-05	-4.007100e-03	2.969861e+00
2.976000e-05	-2.864771e-03	2.757057e+00
2.977000e-05	-1.635147e-03	2.381894e+00
2.978000e-05	-2.235667e-03	2.128230e+00
2.979000e-05	-4.767364e-03	1.865073e+00
2.980000e-05	-5.852138e-03	1.580186e+00
2.981000e-05	-5.701863e-03	1.243549e+00
2.982000e-05	-5.011569e-03	8.887280e-01
2.983000e-05	-4.419515e-03	6.229203e-01
2.984000e-05	-1.930090e-03	3.482186e-01
2.985000e-05	-4.061977e-04	7.454764e-02
2.986000e-05	6.788021e-03	-2.296323e-01
2.987000e-05	-1.094197e-03	-4.441628e-01
2.988000e-05	-4.313075e-03	-7.684274e-01
2.989000e-05	-6.584216e-03	-1.000605e+00
2.990000e-05	-1.983929e-03	-1.303872e+00
2.991000e-05	-3.858605e-03	-1.579126e+00
2.992000e-05	9.429355e-03	-1.831614e+00
2.993000e-05	6.239893e-02	-2.080638e+00
2.994000e-05	6.118623e-02	-2.366577e+00
2.995000e-05	-9.077356e-02	-2.747423e+00
2.996000e-05	-3.541652e-02	-3.136899e+00
2.997000e-05	-4.421543e-02	-3.409027e+00
2.998000e-05	-2.940303e-02	-3.661634e+00
2.999000e-05	-3.278616e-02	-3.904238e+00
3.000000e-05	1.407402e-01	-4.083210e+00
3.001000e-05	-1.673594e-01	-4.327348e+00
3.002000e-05	1.624424e-01	-4.599579e+00
3.003000e-05	-2.551590e-02	-4.813785e+00
3.004000e-05	-8.747861e-02	-5.220580e+00
3.005000e-05	8.585985e-02	-5.434759e+00
3.006000e-05	-1.846143e-01	-5.809580e+00
3.007000e-05	1.639490e-01	-6.053579e+00
3.008000e-05	-7.628737e-02	-6.295389e+00
3.009000e-05	6.779081e-03	-6.601600e+00
3.010000e-05	6.362110e-02	-6.773559e+00
3.011000e-05	-1.063201e-01	-7.167502e+00
3.012000e-05	8.413809e-02	-7.411079e+00
3.013000e-05	-1.188343e-01	-7.693844e+00
3.014000e-05	6.231440e-02	-7.980977e+00
3.015000e-05	-1.053326e-02	-8.221575e+00
3.016000e-05	-3.061412e-02	-8.473708e+00
3.017000e-05	7.096372e-02	-8.685258e+00
3.018000e-05	-1.174449e-01	-8.970521e+00
3.019000e-05	8.217767e-02	-9.189398e+00
3.020000e-05	-8.973146e-02	-9.421520e+00
3.021000e-05	5.201042e-02	-9.673159e+00
3.022000e-05	-4.217759e-02	-9.843684e+00
3.023000e-05	7.925910e-03	-1.011536e+01
3.024000e-05	1.037566e-02	-1.030677e+01
3.025000e-05	-4.651908e-02	-1.051987e+01
3.026000e-05	2.437327e-02	-1.074772e+01
3.027000e-05	-6.164456e-02	-1.097841e+01
3.028000e-05	4.188176e-02	-1.119794e+01
3.029000e-05	-5.410144e-02	-1.135139e+01
3.030000e-05	2.841218e-02	-1.159295e+01
3.031000e-05	-4.137784e-02	-1.181150e+01
3.032000e-05	1.447756e-02	-1.202450e+01
3.033000e-05	-3.108303e-02	-1.214999e+01
3.034000e-05	-8.738473e-03	-1.237089e+01
3.035000e-05	-1.348451e-02	-1.252836e+01
3.036000e-05	-1.581810e-02	-1.272829e+01
3.037000e-05	-1.323585e-03	-1.290563e+01
3.038000e-05	-2.863928e-02	-1.303410e+01
3.039000e-05	4.211428e-03	-1.322204e+01
3.040000e-05	-3.068004e-02	-1.337032e+01
3.041000e-05	1.730699e-03	-1.350726e+01
3.042000e-05	-3.299791e-02	-1.365503e+01
3.043000e-05	-2.950170e-03	-1.379195e+01
3.044000e-05	-2.312430e-02	-1.392936e+01
3.045000e-05	-7.385464e-03	-1.410818e+01
3.046000e-05	-2.154670e-02	-1.420394e+01
3.047000e-05	-1.419375e-02	-1.435982e+01
3.048000e-05	-1.703238e-02	-1.445700e+01
3.049000e-05	-1.717454e-02	-1.457289e+01
3.050000e-05	-1.807523e-02	-1.467653e+01
3.051000e-05	-2.037844e-02	-1.478129e+01
3.052000e-05	-1.504831e-02	-1.484452e+01
3.053000e-05	-1.974073e-02	-1.492123e+01
3.054000e-05	-1.811975e-02	-1.501350e+01
3.055000e-05	-2.323412e-02	-1.508813e+01
3.056000e-05	-1.711308e-02	-1.517939e+01
3.057000e-05	-2.220877e-02	-1.521457e+01
3.058000e-05	-1.894158e-02	-1.523716e+01
3.059000e-05	-2.520039e-02	-1.536081e+01
3.060000e-05	-1.831477e-02	-1.542434e+01
3.061000e-05	-2.420387e-02	-1.542453e+01
3.062000e-05	-2.309002e-02	-1.546813e+01
3.063000e-05	-2.625731e-02	-1.549873e+01
3.064000e-05	-2.445897e-02	-1.554868e+01
3.065000e-05	-2.363028e-02	-1.555074e+01
3.066000e-05	-2.748274e-02	-1.556331e+01
3.067000e-05	-2.733664e-02	-1.558333e+01
3.068000e-05	-3.008856e-02	-1.557386e+01
3.069000e-05	-2.697426e-02	-1.560181e+01
3.070000e-05	-3.169023e-02	-1.557129e+01
3.071000e-05	-3.212477e-02	-1.556026e+01
3.072000e-05	-3.305863e-02	-1.554960e+01
3.073000e-05	-3.379296e-02	-1.550963e+01
3.074000e-05	-3.638131e-02	-1.550818e+01
3.075000e-05	-3.901871e-02	-1.545502e+01
3.076000e-05	-3.897342e-02	-1.542384e+01
3.077000e-05	-3.965613e-02	-1.535279e+01
3.078000e-05	-4.172945e-02	-1.531915e+01
3.079000e-05	-4.490993e-02	-1.520655e+01
3.080000e-05	-4.620359e-02	-1.520031e+01
3.081000e-05	-4.774807e-02	-1.511875e+01
3.082000e-05	-5.178108e-02	-1.502547e+01
3.083000e-05	-5.469005e-02	-1.498183e+01
3.084000e-05	-5.784432e-02	-1.489810e+01
3.085000e-05	-5.958217e-02	-1.481442e+01
3.086000e-05	-6.195319e-02	-1.471920e+01
3.087000e-05	-6.658032e-02	-1.460392e+01
3.088000e-05	-6.728198e-02	-1.449920e+01
3.089000e-05	-6.880481e-02	-1.436281e+01
3.090000e-05	-6.894835e-02	-1.424605e+01
3.091000e-05	-7.037144e-02	-1.410170e+01
3.092000e-05	-6.989279e-02	-1.402389e+01
3.093000e-05	-6.741642e-02	-1.386557e+01
3.094000e-05	-6.683402e-02	-1.371030e+01
3.095000e-05	-6.440767e-02	-1.362229e+01
3.096000e-05	-6.238884e-02	-1.343502e+01
3.097000e-05	-5.691084e-02	-1.330952e+01
3.098000e-05	-5.540920e-02	-1.315063e+01
3.099000e-05	-5.247863e-02	-1.299297e+01
3.100000e-05	-4.977778e-02	-1.280599e+01
3.101000e-05	-4.630985e-02	-1.262507e+01
3.102000e-05	-4.287322e-02	-1.246860e+01
3.103000e-05	-4.218461e-02	-1.228965e+01
3.104000e-05	-3.949226e-02	-1.211971e+01
3.105000e-05	-3.702030e-02	-1.195121e+01
3.106000e-05	-3.376876e-02	-1.168923e+01
3.107000e-05	-3.158304e-02	-1.150965e+01
3.108000e-05	-3.060308e-02	-1.127805e+01
3.109000e-05	-2.797934e-02	-1.107547e+01
3.110000e-05	-2.603846e-02	-1.087500e+01
3.111000e-05	-2.473026e-02	-1.065655e+01
3.112000e-05	-2.331371e-02	-1.045607e+01
3.113000e-05	-2.261320e-02	-1.023599e+01
3.114000e-05	-2.043735e-02	-9.984416e+00
3.115000e-05	-1.990392e-02	-9.813916e+00
3.116000e-05	-1.994740e-02	-9.581790e+00
3.117000e-05	-1.818273e-02	-9.320784e+00
3.118000e-05	-1.657936e-02	-9.068581e+00
3.119000e-05	-1.495465e-02	-8.897605e+00
3.120000e-05	-1.543918e-02	-8.616917e+00
3.121000e-05	-1.392023e-02	-8.410315e+00
3.122000e-05	-1.326659e-02	-8.170837e+00
3.123000e-05	-1.230155e-02	-7.897581e+00
3.124000e-05	-1.286465e-02	-7.604894e+00
3.125000e-05	-1.210027e-02	-7.349814e+00
3.126000e-05	-1.162107e-02	-7.089630e+00
3.127000e-05	-1.036729e-02	-6.813921e+00
3.128000e-05	-9.841355e-03	-6.590836e+00
3.129000e-05	-9.886903e-03	-6.338728e+00
3.130000e-05	-1.016380e-02	-6.064524e+00
3.131000e-05	-8.211686e-03	-5.791864e+00
3.132000e-05	-1.004896e-02	-5.537630e+00
3.133000e-05	-8.445099e-03	-5.173915e+00
3.134000e-05	-8.919996e-03	-4.879501e+00
3.135000e-05	-5.897219e-03	-4.570417e+00
3.136000e-05	-6.666146e-03	-4.329815e+00
3.137000e-05	-6.265789e-03	-4.067152e+00
3.138000e-05	-8.230000e-03	-3.793441e+00
3.139000e-05	-6.536942e-03	-3.497190e+00
3.140000e-05	-8.799991e-03	-3.255578e+00
3.141000e-05	-5.667087e-03	-2.950755e+00
3.142000e-05	-6.307797e-03	-2.676077e+00
3.143000e-05	-3.714515e-03	-2.370919e+00
3.144000e-05	-4.367651e-03	-2.096130e+00
3.145000e-05	-5.314519e-03	-1.803397e+00
3.146000e-05	-6.301795e-03	-1.547211e+00
3.147000e-05	-5.341722e-03	-1.201845e+00
3.148000e-05	-4.832537e-03	-8.993308e-01
3.149000e-05	-5.259667e-03	-6.244966e-01
3.150000e-05	-2.092095e-03	-3.277385e-01
3.151000e-05	-3.324206e-05	-5.402445e-02
3.152000e-05	1.012273e-02	2.297561e-01
3.153000e-05	-1.844759e-03	5.442679e-01
3.154000e-05	3.621967e-03	7.559245e-01
3.155000e-05	-3.195914e-03	1.063214e+00
3.156000e-05	2.413105e-03	1.315774e+00
3.157000e-05	-1.228751e-04	1.670766e+00
3.158000e-05	9.285658e-03	1.913868e+00
3.159000e-05	3.519997e-02	2.135869e+00
3.160000e-05	8.449418e-02	2.460689e+00
3.161000e-05	-4.838246e-02	2.861684e+00
3.162000e-05	-4.902094e-02	3.156269e+00
3.163000e-05	-3.883014e-02	3.356902e+00
3.164000e-05	8.486117e-03	3.663107e+00
3.165000e-05	-5.082894e-02	3.852209e+00
3.166000e-05	-1.280830e-02	4.054130e+00
3.167000e-05	1.049765e-01	4.396053e+00
3.168000e-05	-8.401291e-02	4.661731e+00
3.169000e-05	1.431036e-01	4.897341e+00
3.170000e-05	-5.531684e-02	5.283263e+00
3.171000e-05	-3.644005e-02	5.556794e+00
3.172000e-05	4.503820e-02	5.840577e+00
3.173000e-05	-4.686467e-02	6.114763e+00
3.174000e-05	6.286017e-02	6.347842e+00
3.175000e-05	-5.222971e-02	6.650683e+00
3.176000e-05	3.566892e-02	6.905237e+00
3.177000e-05	3.107592e-02	7.178375e+00
3.178000e-05	-2.463379e-02	7.502575e+00
3.179000e-05	-9.061225e-03	7.716290e+00
3.180000e-05	-2.052149e-02	8.019645e+00
3.181000e-05	6.674160e-02	8.293684e+00
3.182000e-05	-1.584172e-02	8.483712e+00
3.183000e-05	-7.725836e-03	8.715741e+00
3.184000e-05	2.649935e-02	8.988993e+00
3.185000e-05	-1.448152e-02	9.220047e+00
3.186000e-05	3.047823e-02	9.371074e+00
3.187000e-05	-3.264198e-02	9.675632e+00
3.188000e-05	2.710229e-02	9.895204e+00
3.189000e-05	6.216560e-03	1.013679e+01
3.190000e-05	2.788340e-02	1.034776e+01
3.191000e-05	-7.925481e-03	1.054937e+01
3.192000e-05	-1.078146e-02	1.078989e+01
3.193000e-05	2.509632e-02	1.097037e+01
3.194000e-05	-8.045195e-04	1.119029e+01
3.195000e-05	1.484279e-02	1.141187e+01
3.196000e-05	-1.136429e-02	1.161302e+01
3.197000e-05	3.184253e-02	1.181256e+01
3.198000e-05	6.733295e-03	1.201302e+01
3.199000e-05	8.864024e-03	1.220989e+01
3.200000e-05	-7.073125e-03	1.239039e+01
3.201000e-05	1.227592e-02	1.253939e+01
3.202000e-05	1.824094e-02	1.271878e+01
3.203000e-05	4.002839e-03	1.285665e+01
3.204000e-05	9.140436e-03	1.304458e+01
3.205000e-05	8.973870e-03	1.322305e+01
3.206000e-05	2.336370e-02	1.338192e+01
3.207000e-05	2.302098e-03	1.352623e+01
3.208000e-05	4.184572e-03	1.366508e+01
3.209000e-05	7.221899e-03	1.377249e+01
3.210000e-05	1.930920e-02	1.396973e+01
3.211000e-05	1.163453e-02	1.408723e+01
3.212000e-05	5.008112e-03	1.425452e+01
3.213000e-05	1.428182e-02	1.436236e+01
3.214000e-05	1.655955e-02	1.448565e+01
3.215000e-05	1.335646e-02	1.460399e+01
3.216000e-05	5.190414e-03	1.467661e+01
3.217000e-05	1.256866e-02	1.479034e+01
3.218000e-05	1.788685e-02	1.483508e+01
3.219000e-05	1.564028e-02	1.492918e+01
3.220000e-05	1.069975e-02	1.504342e+01
3.221000e-05	1.350079e-02	1.509705e+01
3.222000e-05	1.964854e-02	1.516128e+01
3.223000e-05	1.657462e-02	1.523289e+01
3.224000e-05	1.206106e-02	1.530608e+01
3.225000e-05	1.219580e-02	1.532038e+01
3.226000e-05	1.888366e-02	1.537441e+01
3.227000e-05	1.970336e-02	1.547552e+01
3.228000e-05	1.442361e-02	1.545503e+01
3.229000e-05	1.912491e-02	1.547913e+01
3.230000e-05	2.229934e-02	1.552011e+01
3.231000e-05	2.520619e-02	1.555920e+01
3.232000e-05	1.635923e-02	1.556033e+01
3.233000e-05	1.907131e-02	1.559181e+01
3.234000e-05	2.160500e-02	1.560084e+01
3.235000e-05	2.584781e-02	1.557129e+01
3.236000e-05	2.298548e-02	1.556274e+01
3.237000e-05	2.448370e-02	1.559128e+01
3.238000e-05	3.218625e-02	1.552978e+01
3.239000e-05	3.190350e-02	1.552860e+01
3.240000e-05	3.144882e-02	1.544650e+01
3.241000e-05	2.718361e-02	1.540394e+01
3.242000e-05	3.355716e-02	1.536184e+01
3.243000e-05	3.464336e-02	1.533024e+01
3.244000e-05	3.624071e-02	1.529968e+01
3.245000e-05	3.550647e-02	1.521444e+01
3.246000e-05	4.153261e-02	1.517326e+01
3.247000e-05	4.524148e-02	1.509705e+01
3.248000e-05	4.569853e-02	1.503642e+01
3.249000e-05	4.745528e-02	1.496019e+01
3.250000e-05	4.999281e-02	1.485607e+01
3.251000e-05	5.695130e-02	1.480134e+01
3.252000e-05	5.542925e-02	1.467611e+01
3.253000e-05	5.910804e-02	1.458227e+01
3.254000e-05	5.982661e-02	1.447760e+01
3.255000e-05	6.547110e-02	1.431136e+01
3.256000e-05	6.432690e-02	1.424595e+01
3.257000e-05	6.279906e-02	1.410807e+01
3.258000e-05	6.242312e-02	1.396181e+01
3.259000e-05	6.242063e-02	1.384589e+01
3.260000e-05	5.886579e-02	1.369915e+01
3.261000e-05	5.468331e-02	1.352966e+01
3.262000e-05	5.311851e-02	1.337234e+01
3.263000e-05	5.219611e-02	1.325647e+01
3.264000e-05	4.820643e-02	1.308760e+01
3.265000e-05	4.415189e-02	1.292118e+01
3.266000e-05	4.056165e-02	1.276280e+01
3.267000e-05	4.011015e-02	1.260189e+01
3.268000e-05	3.569183e-02	1.243347e+01
3.269000e-05	3.233558e-02	1.223707e+01
3.270000e-05	2.854368e-02	1.208855e+01
3.271000e-05	2.850872e-02	1.191852e+01
3.272000e-05	2.553451e-02	1.169758e+01
3.273000e-05	2.327164e-02	1.143754e+01
3.274000e-05	2.194849e-02	1.124844e+01
3.275000e-05	2.101206e-02	1.104549e+01
3.276000e-05	1.905932e-02	1.087405e+01
3.277000e-05	1.570038e-02	1.064645e+01
3.278000e-05	1.487975e-02	1.041537e+01
3.279000e-05	1.272613e-02	1.018179e+01
3.280000e-05	1.359394e-02	1.002176e+01
3.281000e-05	1.070619e-02	9.729731e+00
3.282000e-05	1.054414e-02	9.528055e+00
3.283000e-05	8.925005e-03	9.287078e+00
3.284000e-05	8.653901e-03	9.006073e+00
3.285000e-05	6.603870e-03	8.823391e+00
3.286000e-05	5.526648e-03	8.592334e+00
3.287000e-05	6.224160e-03	8.379236e+00
3.288000e-05	5.065189e-03	8.097577e+00
3.289000e-05	4.188821e-03	7.835499e+00
3.290000e-05	3.101612e-03	7.594359e+00
3.291000e-05	2.978434e-03	7.288126e+00
3.292000e-05	3.243421e-03	7.055045e+00
3.293000e-05	2.931502e-03	6.813392e+00
3.294000e-05	1.156918e-03	6.488658e+00
3.295000e-05	5.287714e-04	6.257046e+00
3.296000e-05	1.578053e-03	6.021347e+00
3.297000e-05	3.701497e-04	5.701703e+00
3.298000e-05	-4.103674e-04	5.496119e+00
3.299000e-05	-1.486072e-03	5.089360e+00
3.300000e-05	5.250289e-04	4.831914e+00
3.301000e-05	-1.627080e-03	4.540207e+00
3.302000e-05	-1.639054e-03	4.317030e+00
3.303000e-05	-2.912754e-03	3.970812e+00
3.304000e-05	-5.941131e-04	3.697680e+00
3.305000e-05	-3.279749e-03	3.455068e+00
3.306000e-05	-2.756594e-03	3.170310e+00
3.307000e-05	-3.695988e-03	2.835527e+00
3.308000e-05	-2.888294e-03	2.583310e+00
3.309000e-05	-3.466790e-03	2.296050e+00
3.310000e-05	-4.676878e-03	2.014924e+00
3.311000e-05	-3.278164e-03	1.779835e+00
3.312000e-05	-3.138658e-03	1.443495e+00
3.313000e-05	-3.804509e-03	1.159709e+00
3.314000e-05	-5.350576e-03	7.939938e-01
3.315000e-05	-4.207198e-03	5.178309e-01
3.316000e-05	-2.899583e-03	2.844945e-01
3.317000e-05	-1.613673e-03	-1.016002e-02
3.318000e-05	6.644809e-03	-3.238970e-01
3.319000e-05	-5.636169e-03	-5.569783e-01
3.320000e-05	2.009894e-03	-8.496601e-01
3.321000e-05	-6.840385e-03	-1.082767e+00
3.322000e-05	-1.354672e-03	-1.417657e+00
3.323000e-05	-4.737724e-03	-1.652214e+00
3.324000e-05	2.114321e-02	-1.933322e+00
3.325000e-05	8.989556e-02	-2.124368e+00
3.326000e-05	-1.290190e-02	-2.502269e+00
3.327000e-05	-7.044335e-02	-2.904240e+00
3.328000e-05	-3.832066e-02	-3.211659e+00
3.329000e-05	-2.291092e-02	-3.494287e+00
3.330000e-05	-5.740452e-02	-3.686317e+00
3.331000e-05	5.029441e-02	-3.937375e+00
3.332000e-05	5.698673e-02	-4.126446e+00
3.333000e-05	-1.391672e-01	-4.471085e+00
3.334000e-05	2.093363e-01	-4.673687e+00
3.335000e-05	-1.538344e-01	-4.968480e+00
3.336000e-05	4.529803e-02	-5.298817e+00
3.337000e-05	-2.692992e-02	-5.598052e+00
3.338000e-05	-1.031736e-01	-5.903292e+00
3.339000e-05	1.610315e-01	-6.106216e+00
3.340000e-05	-1.415852e-01	-6.421429e+00
3.341000e-05	1.045672e-01	-6.693739e+00
3.342000e-05	-3.957528e-02	-6.928398e+00
3.343000e-05	-3.291860e-02	-7.272685e+00
3.344000e-05	4.288104e-02	-7.474735e+00
3.345000e-05	-1.137320e-01	-7.790106e+00
3.346000e-05	1.059032e-01	-8.081653e+00
3.347000e-05	-8.745926e-02	-8.273689e+00
3.348000e-05	5.741404e-02	-8.549794e+00
3.349000e-05	-1.644490e-02	-8.759498e+00
3.350000e-05	-5.622273e-02	-9.042133e+00
3.351000e-05	5.212797e-02	-9.224055e+00
3.352000e-05	-8.710990e-02	-9.495312e+00
3.353000e-05	7.393762e-02	-9.749266e+00
3.354000e-05	-8.030586e-02	-9.917415e+00
3.355000e-05	6.066159e-02	-1.017992e+01
3.356000e-05	-5.043431e-02	-1.038000e+01
3.357000e-05	6.421756e-03	-1.060310e+01
3.358000e-05	-2.355859e-02	-1.079103e+01
3.359000e-05	-2.179038e-02	-1.104310e+01
3.360000e-05	1.451882e-02	-1.121252e+01
3.361000e-05	-3.732601e-02	-1.144313e+01
3.362000e-05	2.429875e-02	-1.168516e+01
3.363000e-05	-4.200559e-02	-1.186671e+01
3.364000e-05	2.158712e-02	-1.210616e+01
3.365000e-05	-4.762492e-02	-1.225215e+01
3.366000e-05	1.083449e-02	-1.245360e+01
3.367000e-05	-3.469820e-02	-1.257245e+01
3.368000e-05	5.246289e-03	-1.279147e+01
3.369000e-05	-2.160896e-02	-1.293884e+01
3.370000e-05	-8.068981e-03	-1.314621e+01
3.371000e-05	-1.229750e-02	-1.320502e+01
3.372000e-05	-1.913584e-02	-1.342402e+01
3.373000e-05	-7.283639e-03	-1.357026e+01
3.374000e-05	-2.652987e-02	-1.367726e+01
3.375000e-05	-3.672712e-03	-1.388353e+01
3.376000e-05	-2.573357e-02	-1.399192e+01
3.377000e-05	-5.459848e-03	-1.413173e+01
3.378000e-05	-2.405249e-02	-1.426448e+01
3.379000e-05	-9.800855e-03	-1.440077e+01
3.380000e-05	-2.309362e-02	-1.447668e+01
3.381000e-05	-1.411714e-02	-1.460442e+01
3.382000e-05	-2.052688e-02	-1.472908e+01
3.383000e-05	-1.508601e-02	-1.480189e+01
3.384000e-05	-1.866118e-02	-1.487558e+01
3.385000e-05	-1.814333e-02	-1.497284e+01
3.386000e-05	-2.049437e-02	-1.506602e+01
3.387000e-05	-1.970564e-02	-1.509770e+01
3.388000e-05	-2.184133e-02	-1.517379e+01
3.389000e-05	-2.196127e-02	-1.523750e+01
3.390000e-05	-1.957751e-02	-1.530916e+01
3.391000e-05	-2.319453e-02	-1.532031e+01
3.392000e-05	-1.898114e-02	-1.541389e+01
3.393000e-05	-2.600157e-02	-1.548650e+01
3.394000e-05	-2.131833e-02	-1.548805e+01
3.395000e-05	-2.650972e-02	-1.549063e+01
3.396000e-05	-2.318302e-02	-1.551121e+01
3.397000e-05	-2.696897e-02	-1.557229e+01
3.398000e-05	-2.549041e-02	-1.558029e+01
3.399000e-05	-2.767698e-02	-1.559284e+01
3.400000e-05	-3.014032e-02	-1.558279e+01
3.401000e-05	-3.046441e-02	-1.558173e+01
3.402000e-05	-3.177176e-02	-1.558281e+01
3.403000e-05	-3.006923e-02	-1.556030e+01
3.404000e-05	-3.384951e-02	-1.553968e+01
3.405000e-05	-3.575143e-02	-1.549766e+01
3.406000e-05	-3.668361e-02	-1.546562e+01
3.407000e-05	-3.751213e-02	-1.540450e+01
3.408000e-05	-4.026508e-02	-1.543284e+01
3.409000e-05	-4.243215e-02	-1.537128e+01
3.410000e-05	-4.329882e-02	-1.528906e+01
3.411000e-05	-4.367237e-02	-1.523537e+01
3.412000e-05	-4.670632e-02	-1.519031e+01
3.413000e-05	-5.080445e-02	-1.509558e+01
3.414000e-05	-5.266114e-02	-1.501447e+01
3.415000e-05	-5.413369e-02	-1.491176e+01
3.416000e-05	-5.689289e-02	-1.486845e+01
3.417000e-05	-6.131893e-02	-1.476184e+01
3.418000e-05	-6.419862e-02	-1.463650e+01
3.419000e-05	-6.622705e-02	-1.461182e+01
3.420000e-05	-6.782395e-02	-1.445757e+01
3.421000e-05	-6.971507e-02	-1.438183e+01
3.422000e-05	-7.016092e-02	-1.417692e+01
3.423000e-05	-6.912682e-02	-1.410715e+01
3.424000e-05	-6.785263e-02	-1.394126e+01
3.425000e-05	-6.801191e-02	-1.382490e+01
3.426000e-05	-6.667831e-02	-1.367807e+01
3.427000e-05	-6.277005e-02	-1.355028e+01
3.428000e-05	-6.035141e-02	-1.335289e+01
3.429000e-05	-5.693355e-02	-1.323852e+01
3.430000e-05	-5.512294e-02	-1.308913e+01
3.431000e-05	-5.089140e-02	-1.292126e+01
3.432000e-05	-4.736049e-02	-1.276336e+01
3.433000e-05	-4.518947e-02	-1.259342e+01
3.434000e-05	-4.296782e-02	-1.243487e+01
3.435000e-05	-4.131457e-02	-1.225647e+01
3.436000e-05	-3.714986e-02	-1.206655e+01
3.437000e-05	-3.567799e-02	-1.186857e+01
3.438000e-05	-3.389046e-02	-1.167750e+01
3.439000e-05	-3.110415e-02	-1.143699e+01
3.440000e-05	-2.822986e-02	-1.123389e+01
3.441000e-05	-2.739301e-02	-1.098291e+01
3.442000e-05	-2.679690e-02	-1.081344e+01
3.443000e-05	-2.421973e-02	-1.064384e+01
3.444000e-05	-2.240555e-02	-1.040382e+01
3.445000e-05	-2.085830e-02	-1.011336e+01
3.446000e-05	-2.133222e-02	-9.928808e+00
3.447000e-05	-1.999585e-02	-9.719756e+00
3.448000e-05	-1.796358e-02	-9.489677e+00
3.449000e-05	-1.705955e-02	-9.287598e+00
3.450000e-05	-1.649580e-02	-9.053920e+00
3.451000e-05	-1.590812e-02	-8.834040e+00
3.452000e-05	-1.368758e-02	-8.541783e+00
3.453000e-05	-1.342285e-02	-8.300707e+00
3.454000e-05	-1.311988e-02	-8.095581e+00
3.455000e-05	-1.370244e-02	-7.793365e+00
3.456000e-05	-1.162149e-02	-7.518736e+00
3.457000e-05	-1.167696e-02	-7.287055e+00
3.458000e-05	-1.099264e-02	-7.014415e+00
3.459000e-05	-1.165570e-02	-6.779732e+00
3.460000e-05	-8.414403e-03	-6.477626e+00
3.461000e-05	-8.768904e-03	-6.243498e+00
3.462000e-05	-8.612207e-03	-5.960814e+00
3.463000e-05	-9.375225e-03	-5.678123e+00
3.464000e-05	-8.339586e-03	-5.412918e+00
3.465000e-05	-8.662818e-03	-5.088155e+00
3.466000e-05	-7.624971e-03	-4.744285e+00
3.467000e-05	-7.051122e-03	-4.497634e+00
3.468000e-05	-7.518099e-03	-4.274525e+00
3.469000e-05	-6.576145e-03	-3.991894e+00
3.470000e-05	-9.082183e-03	-3.668680e+00
3.471000e-05	-6.362421e-03	-3.423523e+00
3.472000e-05	-7.154700e-03	-3.179815e+00
3.473000e-05	-4.783633e-03	-2.825577e+00
3.474000e-05	-5.898051e-03	-2.590341e+00
3.475000e-05	-3.570797e-03	-2.296207e+00
3.476000e-05	-6.149705e-03	-1.999420e+00
3.477000e-05	-4.403435e-03	-1.728739e+00
3.478000e-05	-8.510001e-03	-1.463426e+00
3.479000e-05	-4.818813e-03	-1.137182e+00
3.480000e-05	-6.044528e-03	-8.120230e-01
3.481000e-05	-2.192582e-03	-5.272084e-01
3.482000e-05	1.023688e-04	-2.041232e-01
3.483000e-05	2.304475e-03	3.262994e-02
3.484000e-05	8.892139e-03	3.353996e-01
3.485000e-05	-4.662617e-03	5.980523e-01
3.486000e-05	1.486607e-03	8.506038e-01
3.487000e-05	-4.762223e-03	1.166974e+00
3.488000e-05	2.589899e-03	1.439606e+00
3.489000e-05	1.808929e-04	1.787350e+00
3.490000e-05	2.050440e-02	1.978052e+00
3.491000e-05	5.479349e-02	2.230132e+00
3.492000e-05	6.110772e-02	2.597580e+00
3.493000e-05	-7.646262e-02	2.935415e+00
3.494000e-05	-4.350596e-02	3.180030e+00
3.495000e-05	-2.643531e-02	3.454219e+00
3.496000e-05	3.284972e-03	3.725343e+00
3.497000e-05	-5.608351e-02	3.916842e+00
3.498000e-05	3.866578e-02	4.156918e+00
3.499000e-05	5.996999e-02	4.494289e+00
3.500000e-05	-5.363515e-02	4.746794e+00
3.501000e-05	1.490004e-01	5.008680e+00
3.502000e-05	-1.222608e-01	5.379548e+00
3.503000e-05	3.095536e-02	5.613631e+00
3.504000e-05	-2.495620e-04	5.926342e+00
3.505000e-05	-1.076402e-02	6.189421e+00
3.506000e-05	4.286080e-02	6.432131e+00
3.507000e-05	-5.573688e-02	6.695293e+00
3.508000e-05	7.353611e-02	6.979474e+00
3.509000e-05	-1.204413e-02	7.253177e+00
3.510000e-05	-5.254471e-03	7.546418e+00
3.511000e-05	-3.025573e-02	7.801055e+00
3.512000e-05	1.869839e-02	8.075862e+00
3.513000e-05	4.691902e-02	8.357917e+00
3.514000e-05	-3.383655e-02	8.557971e+00
3.515000e-05	2.143354e-02	8.779997e+00
3.516000e-05	3.651292e-03	9.043127e+00
3.517000e-05	8.722596e-03	9.273609e+00
3.518000e-05	4.633028e-03	9.516185e+00
3.519000e-05	-1.538046e-02	9.728866e+00
3.520000e-05	2.210949e-02	9.969499e+00
3.521000e-05	1.173197e-02	1.016002e+01
3.522000e-05	2.067812e-02	1.038145e+01
3.523000e-05	-1.860256e-02	1.066358e+01
3.524000e-05	9.077674e-03	1.081308e+01
3.525000e-05	1.394601e-02	1.105258e+01
3.526000e-05	7.639347e-03	1.122360e+01
3.527000e-05	-8.028904e-04	1.149515e+01
3.528000e-05	5.109769e-03	1.172526e+01
3.529000e-05	2.460904e-02	1.188618e+01
3.530000e-05	9.161216e-03	1.208410e+01
3.531000e-05	3.611846e-04	1.225508e+01
3.532000e-05	-1.184722e-03	1.244348e+01
3.533000e-05	1.777839e-02	1.262197e+01
3.534000e-05	1.209177e-02	1.278185e+01
3.535000e-05	5.328610e-03	1.292874e+01
3.536000e-05	5.515334e-03	1.309626e+01
3.537000e-05	1.805288e-02	1.326719e+01
3.538000e-05	1.437414e-02	1.341302e+01
3.539000e-05	3.247034e-03	1.353881e+01
3.540000e-05	2.339909e-03	1.370826e+01
3.541000e-05	1.582321e-02	1.387450e+01
3.542000e-05	1.540745e-02	1.402196e+01
3.543000e-05	9.267478e-03	1.414723e+01
3.544000e-05	7.285108e-03	1.427760e+01
3.545000e-05	1.692267e-02	1.435237e+01
3.546000e-05	1.620972e-02	1.451723e+01
3.547000e-05	7.935203e-03	1.463395e+01
3.548000e-05	8.653208e-03	1.468919e+01
3.549000e-05	1.373468e-02	1.483244e+01
3.550000e-05	2.079181e-02	1.488608e+01
3.551000e-05	1.076052e-02	1.495939e+01
3.552000e-05	1.286549e-02	1.505297e+01
3.553000e-05	1.359894e-02	1.511976e+01
3.554000e-05	1.982056e-02	1.518386e+01
3.555000e-05	1.260662e-02	1.526452e+01
3.556000e-05	1.249487e-02	1.531858e+01
3.557000e-05	1.727754e-02	1.533093e+01
3.558000e-05	2.054963e-02	1.542437e+01
3.559000e-05	1.916294e-02	1.541500e+01
3.560000e-05	1.267941e-02	1.548657e+01
3.561000e-05	2.066923e-02	1.554768e+01
3.562000e-05	2.120928e-02	1.551068e+01
3.563000e-05	2.167022e-02	1.554923e+01
3.564000e-05	1.677187e-02	1.556129e+01
3.565000e-05	2.160726e-02	1.561031e+01
3.566000e-05	2.564711e-02	1.555289e+01
3.567000e-05	2.460092e-02	1.558124e+01
3.568000e-05	2.238009e-02	1.555273e+01
3.569000e-05	2.543682e-02	1.554063e+01
3.570000e-05	3.187804e-02	1.555875e+01
3.571000e-05	3.126762e-02	1.551811e+01
3.572000e-05	2.896808e-02	1.547553e+01
3.573000e-05	2.987121e-02	1.538546e+01
3.574000e-05	3.598051e-02	1.536236e+01
3.575000e-05	3.537019e-02	1.533078e+01
3.576000e-05	3.604770e-02	1.527702e+01
3.577000e-05	3.618490e-02	1.523589e+01
3.578000e-05	4.334782e-02	1.512018e+01
3.579000e-05	4.468856e-02	1.507755e+01
3.580000e-05	4.456151e-02	1.501239e+01
3.581000e-05	4.921279e-02	1.492118e+01
3.582000e-05	5.344202e-02	1.484389e+01
3.583000e-05	5.779962e-02	1.478073e+01
3.584000e-05	5.644692e-02	1.463599e+01
3.585000e-05	5.791574e-02	1.457223e+01
3.586000e-05	6.259314e-02	1.442484e+01
3.587000e-05	6.311887e-02	1.433910e+01
3.588000e-05	6.271053e-02	1.421243e+01
3.589000e-05	6.147621e-02	1.408644e+01
3.590000e-05	6.543538e-02	1.392015e+01
3.591000e-05	6.282113e-02	1.379336e+01
3.592000e-05	5.640999e-02	1.363549e+01
3.593000e-05	5.381598e-02	1.348715e+01
3.594000e-05	5.162989e-02	1.335078e+01
3.595000e-05	5.075015e-02	1.324489e+01
3.596000e-05	4.435808e-02	1.306450e+01
3.597000e-05	4.291136e-02	1.287805e+01
3.598000e-05	4.211997e-02	1.271908e+01
3.599000e-05	4.079081e-02	1.251134e+01
3.600000e-05	3.507225e-02	1.239429e+01
3.601000e-05	3.018349e-02	1.217286e+01
3.602000e-05	2.896709e-02	1.200486e+01
3.603000e-05	2.711218e-02	1.182539e+01
3.604000e-05	2.477230e-02	1.163489e+01
3.605000e-05	2.008102e-02	1.136336e+01
3.606000e-05	2.231936e-02	1.119533e+01
3.607000e-05	2.027776e-02	1.097029e+01
3.608000e-05	1.887417e-02	1.078229e+01
3.609000e-05	1.443819e-02	1.056271e+01
3.610000e-05	1.431227e-02	1.036976e+01
3.611000e-05	1.380297e-02	1.011930e+01
3.612000e-05	1.179537e-02	9.888756e+00
3.613000e-05	9.702190e-03	9.676122e+00
3.614000e-05	8.531108e-03	9.432944e+00
3.615000e-05	9.930357e-03	9.213838e+00
3.616000e-05	7.723809e-03	8.933337e+00
3.617000e-05	7.022722e-03	8.730210e+00
3.618000e-05	4.580494e-03	8.506682e+00
3.619000e-05	6.589423e-03	8.258071e+00
3.620000e-05	4.989111e-03	8.041442e+00
3.621000e-05	3.424779e-03	7.719263e+00
3.622000e-05	2.155950e-03	7.518548e+00
3.623000e-05	3.133040e-03	7.234445e+00
3.624000e-05	2.769609e-03	6.951762e+00
3.625000e-05	1.518053e-03	6.737232e+00
3.626000e-05	7.739925e-04	6.445049e+00
3.627000e-05	1.534295e-03	6.191368e+00
3.628000e-05	3.081810e-03	5.968182e+00
3.629000e-05	-2.386046e-04	5.666000e+00
3.630000e-05	-1.410202e-03	5.380890e+00
3.631000e-05	-5.785880e-04	5.056496e+00
3.632000e-05	7.823093e-04	4.747609e+00
3.633000e-05	-1.528167e-03	4.474579e+00
3.634000e-05	-2.806942e-03	4.192841e+00
3.635000e-05	-1.508951e-03	3.877149e+00
3.636000e-05	-1.290836e-03	3.631972e+00
3.637000e-05	-2.782247e-03	3.381360e+00
3.638000e-05	-3.766490e-03	3.074573e+00
3.639000e-05	-2.716357e-03	2.810447e+00
3.640000e-05	-2.381378e-03	2.507155e+00
3.641000e-05	-3.639149e-03	2.223344e+00
3.642000e-05	-4.386746e-03	1.958760e+00
3.643000e-05	-3.632544e-03	1.674548e+00
3.644000e-05	-2.622574e-03	1.358335e+00
3.645000e-05	-4.085588e-03	1.072893e+00
3.646000e-05	-5.111677e-03	7.177582e-01
3.647000e-05	-4.172031e-03	4.541015e-01
3.648000e-05	-1.709345e-03	1.507560e-01
3.649000e-05	-1.441550e-03	-1.143731e-01
3.650000e-05	6.066444e-03	-3.899509e-01
3.651000e-05	-6.431413e-03	-6.712391e-01
3.652000e-05	1.643420e-03	-9.043719e-01
3.653000e-05	-6.202758e-03	-1.168980e+00
3.654000e-05	-2.139490e-03	-1.552398e+00
3.655000e-05	-6.676212e-04	-1.728453e+00
3.656000e-05	3.638966e-02	-1.978498e+00
3.657000e-05	9.885720e-02	-2.249658e+00
3.658000e-05	-7.415819e-02	-2.630109e+00
3.659000e-05	-4.469021e-02	-2.999640e+00
3.660000e-05	-4.754978e-02	-3.305818e+00
3.661000e-05	-1.292967e-02	-3.535448e+00
3.662000e-05	-7.316290e-02	-3.799000e+00
3.663000e-05	1.295522e-01	-4.001554e+00
3.664000e-05	-6.944855e-02	-4.191184e+00
3.665000e-05	1.789633e-03	-4.505811e+00
3.666000e-05	1.389920e-01	-4.736873e+00
3.667000e-05	-1.845311e-01	-5.084785e+00
3.668000e-05	1.220676e-01	-5.401545e+00
3.669000e-05	-1.416109e-01	-5.651239e+00
3.670000e-05	4.138092e-02	-5.988446e+00
3.671000e-05	6.367722e-02	-6.180396e+00
3.672000e-05	-1.105195e-01	-6.515264e+00
3.673000e-05	1.321640e-01	-6.800347e+00
3.674000e-05	-1.123590e-01	-7.071630e+00
3.675000e-05	4.711569e-02	-7.347938e+00
3.676000e-05	-4.285380e-02	-7.549992e+00
3.677000e-05	-3.886097e-02	-7.893714e+00
3.678000e-05	8.159876e-02	-8.116318e+00
3.679000e-05	-1.013152e-01	-8.387377e+00
3.680000e-05	1.024172e-01	-8.623575e+00
3.681000e-05	-9.740854e-02	-8.893209e+00
3.682000e-05	3.150086e-02	-9.105640e+00
3.683000e-05	-2.168859e-02	-9.316816e+00
3.684000e-05	-2.775788e-02	-9.556974e+00
3.685000e-05	3.380089e-02	-9.769999e+00
3.686000e-05	-6.051124e-02	-1.002062e+01
3.687000e-05	6.420857e-02	-1.019518e+01
3.688000e-05	-7.786122e-02	-1.049414e+01
3.689000e-05	3.987494e-02	-1.068668e+01
3.690000e-05	-6.152743e-02	-1.088428e+01
3.691000e-05	2.473245e-02	-1.108668e+01
3.692000e-05	-2.948460e-02	-1.128671e+01
3.693000e-05	-2.121663e-03	-1.155971e+01
3.694000e-05	-6.366165e-03	-1.169029e+01
3.695000e-05	-1.800054e-02	-1.193891e+01
3.696000e-05	2.183429e-03	-1.212941e+01
3.697000e-05	-3.995926e-02	-1.231722e+01
3.698000e-05	1.072462e-02	-1.247721e+01
3.699000e-05	-3.608165e-02	-1.267608e+01
3.700000e-05	1.389615e-02	-1.286503e+01
3.701000e-05	-3.606609e-02	-1.299999e+01
3.702000e-05	7.347106e-03	-1.320129e+01
3.703000e-05	-2.684803e-02	-1.326776e+01
3.704000e-05	-4.208215e-03	-1.345613e+01
3.705000e-05	-2.469816e-02	-1.360199e+01
3.706000e-05	-1.436685e-02	-1.374090e+01
3.707000e-05	-1.219574e-02	-1.391668e+01
3.708000e-05	-1.700220e-02	-1.404357e+01
3.709000e-05	-1.114354e-02	-1.417181e+01
3.710000e-05	-2.247419e-02	-1.428608e+01
3.711000e-05	-9.806753e-03	-1.443262e+01
3.712000e-05	-2.235356e-02	-1.451876e+01
3.713000e-05	-1.456828e-02	-1.462360e+01
3.714000e-05	-2.318808e-02	-1.477068e+01
3.715000e-05	-1.250729e-02	-1.481294e+01
3.716000e-05	-1.981811e-02	-1.484821e+01
3.717000e-05	-1.790351e-02	-1.496342e+01
3.718000e-05	-2.411730e-02	-1.505608e+01
3.719000e-05	-1.760094e-02	-1.515971e+01
3.720000e-05	-2.209123e-02	-1.519450e+01
3.721000e-05	-2.011126e-02	-1.527763e+01
3.722000e-05	-2.381633e-02	-1.533076e+01
3.723000e-05	-1.927211e-02	-1.536237e+01
3.724000e-05	-2.076126e-02	-1.541444e+01
3.725000e-05	-2.519018e-02	-1.546455e+01
3.726000e-05	-2.474051e-02	-1.546908e+01
3.727000e-05	-2.778952e-02	-1.549873e+01
3.728000e-05	-2.147059e-02	-1.553871e+01
3.729000e-05	-2.769466e-02	-1.557186e+01
3.730000e-05	-2.731462e-02	-1.555177e+01
3.731000e-05	-2.919171e-02	-1.557079e+01
3.732000e-05	-2.826481e-02	-1.555284e+01
3.733000e-05	-2.990255e-02	-1.560189e+01
3.734000e-05	-3.346617e-02	-1.551131e+01
3.735000e-05	-3.240969e-02	-1.554926e+01
3.736000e-05	-3.394332e-02	-1.551913e+01
3.737000e-05	-3.522811e-02	-1.550818e+01
3.738000e-05	-3.909976e-02	-1.545652e+01
3.739000e-05	-3.936123e-02	-1.544499e+01
3.740000e-05	-3.897802e-02	-1.537242e+01
3.741000e-05	-4.105191e-02	-1.534073e+01
3.742000e-05	-4.426346e-02	-1.522855e+01
3.743000e-05	-4.495733e-02	-1.523391e+01
3.744000e-05	-4.615667e-02	-1.519820e+01
3.745000e-05	-5.114001e-02	-1.505700e+01
3.746000e-05	-5.495327e-02	-1.499447e+01
3.747000e-05	-5.719660e-02	-1.491108e+01
3.748000e-05	-5.780427e-02	-1.483497e+01
3.749000e-05	-6.040955e-02	-1.473973e+01
3.750000e-05	-6.510463e-02	-1.466547e+01
3.751000e-05	-6.785407e-02	-1.457079e+01
3.752000e-05	-6.770255e-02	-1.443492e+01
3.753000e-05	-6.896735e-02	-1.429023e+01
3.754000e-05	-7.027651e-02	-1.414129e+01
3.755000e-05	-7.039981e-02	-1.402647e+01
3.756000e-05	-6.771059e-02	-1.389075e+01
3.757000e-05	-6.712070e-02	-1.380328e+01
3.758000e-05	-6.545471e-02	-1.365444e+01
3.759000e-05	-6.291665e-02	-1.348658e+01
3.760000e-05	-5.982452e-02	-1.331123e+01
3.761000e-05	-5.520913e-02	-1.318286e+01
3.762000e-05	-5.336169e-02	-1.305550e+01
3.763000e-05	-5.131145e-02	-1.289717e+01
3.764000e-05	-4.733984e-02	-1.267863e+01
3.765000e-05	-4.261419e-02	-1.253126e+01
3.766000e-05	-4.207293e-02	-1.240229e+01
3.767000e-05	-4.052148e-02	-1.220342e+01
3.768000e-05	-3.754053e-02	-1.199529e+01
3.769000e-05	-3.463425e-02	-1.181339e+01
3.770000e-05	-3.220989e-02	-1.158286e+01
3.771000e-05	-3.104200e-02	-1.137326e+01
3.772000e-05	-2.885941e-02	-1.116073e+01
3.773000e-05	-2.533891e-02	-1.093973e+01
3.774000e-05	-2.537389e-02	-1.071868e+01
3.775000e-05	-2.438920e-02	-1.057128e+01
3.776000e-05	-2.241005e-02	-1.032965e+01
3.777000e-05	-2.056765e-02	-1.010760e+01
3.778000e-05	-2.001347e-02	-9.836627e+00
3.779000e-05	-1.918151e-02	-9.635498e+00
3.780000e-05	-1.842100e-02	-9.375493e+00
3.781000e-05	-1.643933e-02	-9.193839e+00
3.782000e-05	-1.546853e-02	-8.972392e+00
3.783000e-05	-1.478695e-02	-8.700159e+00
3.784000e-05	-1.441664e-02	-8.478601e+00
3.785000e-05	-1.356800e-02	-8.263019e+00
3.786000e-05	-1.140123e-02	-8.012914e+00
3.787000e-05	-1.264259e-02	-7.710230e+00
3.788000e-05	-1.200961e-02	-7.455543e+00
3.789000e-05	-1.179096e-02	-7.181893e+00
3.790000e-05	-9.511666e-03	-6.910682e+00
3.791000e-05	-1.037331e-02	-6.645553e+00
3.792000e-05	-9.324932e-03	-6.403368e+00
3.793000e-05	-1.177431e-02	-6.141206e+00
3.794000e-05	-7.302752e-03	-5.896649e+00
3.795000e-05	-9.317373e-03	-5.614420e+00
3.796000e-05	-8.269877e-03	-5.277577e+00
3.797000e-05	-1.018234e-02	-5.001920e+00
3.798000e-05	-5.864614e-03	-4.606427e+00
3.799000e-05	-7.742842e-03	-4.443473e+00
3.800000e-05	-6.385684e-03	-4.182894e+00
3.801000e-05	-8.833528e-03	-3.928583e+00
3.802000e-05	-7.110384e-03	-3.604495e+00
3.803000e-05	-6.611153e-03	-3.389888e+00
3.804000e-05	-5.672819e-03	-3.064976e+00
3.805000e-05	-6.387112e-03	-2.780790e+00
3.806000e-05	-4.428210e-03	-2.486706e+00
3.807000e-05	-4.709095e-03	-2.184465e+00
3.808000e-05	-4.672126e-03	-1.937210e+00
3.809000e-05	-6.605705e-03	-1.624479e+00
3.810000e-05	-6.101847e-03	-1.288710e+00
3.811000e-05	-4.121709e-03	-1.012421e+00
3.812000e-05	-4.245145e-03	-7.572137e-01
3.813000e-05	-2.544135e-03	-4.119491e-01
3.814000e-05	-3.254509e-03	-1.693137e-01
3.815000e-05	6.479528e-03	1.123443e-01
3.816000e-05	5.132466e-03	4.196049e-01
3.817000e-05	-1.543346e-03	6.617114e-01
3.818000e-05	-8.963684e-04	9.549467e-01
3.819000e-05	4.072032e-04	1.263181e+00
3.820000e-05	3.782782e-03	1.504924e+00
3.821000e-05	2.256180e-03	1.862181e+00
3.822000e-05	2.304351e-02	2.061205e+00
3.823000e-05	7.630275e-02	2.355420e+00
3.824000e-05	1.185804e-02	2.733321e+00
3.825000e-05	-6.764425e-02	2.990104e+00
3.826000e-05	-4.468833e-02	3.273659e+00
3.827000e-05	-6.158023e-03	3.577927e+00
3.828000e-05	-2.010293e-02	3.760102e+00
3.829000e-05	-4.573247e-02	3.978475e+00
3.830000e-05	8.532837e-02	4.243661e+00
3.831000e-05	-2.413977e-02	4.597923e+00
3.832000e-05	4.354013e-02	4.792153e+00
3.833000e-05	6.905653e-02	5.126873e+00
3.834000e-05	-1.107760e-01	5.443187e+00
3.835000e-05	6.345317e-02	5.734269e+00
3.836000e-05	-3.713315e-02	6.040477e+00
3.837000e-05	3.629629e-02	6.232608e+00
3.838000e-05	-5.330513e-03	6.557364e+00
3.839000e-05	-2.443617e-02	6.822103e+00
3.840000e-05	7.238743e-02	7.082659e+00
3.841000e-05	-3.314512e-02	7.376870e+00
3.842000e-05	3.059203e-03	7.620583e+00
3.843000e-05	-3.967146e-02	7.946786e+00
3.844000e-05	5.566495e-02	8.178446e+00
3.845000e-05	1.972585e-02	8.389504e+00
3.846000e-05	-3.295277e-02	8.671052e+00
3.847000e-05	3.618262e-02	8.843660e+00
3.848000e-05	-1.731291e-02	9.105837e+00
3.849000e-05	3.062680e-02	9.359391e+00
3.850000e-05	-2.396412e-02	9.569422e+00
3.851000e-05	9.736031e-03	9.820574e+00
3.852000e-05	1.093155e-02	1.006260e+01
3.853000e-05	2.274828e-02	1.026210e+01
3.854000e-05	1.026825e-02	1.050613e+01
3.855000e-05	-2.169735e-02	1.071724e+01
3.856000e-05	2.422668e-02	1.091669e+01
3.857000e-05	9.718516e-04	1.112718e+01
3.858000e-05	1.634295e-02	1.130678e+01
3.859000e-05	-1.461804e-02	1.154828e+01
3.860000e-05	2.242969e-02	1.174945e+01
3.861000e-05	1.159946e-02	1.196979e+01
3.862000e-05	1.341307e-02	1.214734e+01
3.863000e-05	-4.605394e-03	1.231723e+01
3.864000e-05	6.984066e-03	1.247568e+01
3.865000e-05	1.896852e-02	1.267562e+01
3.866000e-05	6.037892e-03	1.281365e+01
3.867000e-05	6.994920e-03	1.302249e+01
3.868000e-05	2.056040e-03	1.317039e+01
3.869000e-05	2.384908e-02	1.330724e+01
3.870000e-05	5.984549e-03	1.347550e+01
3.871000e-05	7.831487e-03	1.361294e+01
3.872000e-05	2.597306e-03	1.375181e+01
3.873000e-05	2.024322e-02	1.388521e+01
3.874000e-05	1.278422e-02	1.403554e+01
3.875000e-05	5.932097e-03	1.417284e+01
3.876000e-05	7.697107e-03	1.432828e+01
3.877000e-05	1.548621e-02	1.447465e+01
3.878000e-05	1.718800e-02	1.457136e+01
3.879000e-05	5.727168e-03	1.466405e+01
3.880000e-05	1.237804e-02	1.473976e+01
3.881000e-05	1.573169e-02	1.484407e+01
3.882000e-05	2.031591e-02	1.489720e+01
3.883000e-05	9.253148e-03	1.501094e+01
3.884000e-05	1.065140e-02	1.510648e+01
3.885000e-05	1.564021e-02	1.512025e+01
3.886000e-05	1.784695e-02	1.522236e+01
3.887000e-05	1.502319e-02	1.524508e+01
3.888000e-05	1.141627e-02	1.531063e+01
3.889000e-05	1.968774e-02	1.534191e+01
3.890000e-05	2.217976e-02	1.537394e+01
3.891000e-05	1.509486e-02	1.545454e+01
3.892000e-05	1.396311e-02	1.551758e+01
3.893000e-05	1.881971e-02	1.557926e+01
3.894000e-05	2.413128e-02	1.554116e+01
3.895000e-05	2.052249e-02	1.557938e+01
3.896000e-05	2.129351e-02	1.561128e+01
3.897000e-05	2.143937e-02	1.561284e+01
3.898000e-05	2.629083e-02	1.558129e+01
3.899000e-05	2.113907e-02	1.556988e+01
3.900000e-05	2.201295e-02	1.557126e+01
3.901000e-05	2.468225e-02	1.553028e+01
3.902000e-05	3.476221e-02	1.551911e+01
3.903000e-05	3.216257e-02	1.545706e+01
3.904000e-05	3.055404e-02	1.544704e+01
3.905000e-05	3.274175e-02	1.536336e+01
3.906000e-05	3.476031e-02	1.536028e+01
3.907000e-05	3.682390e-02	1.530913e+01
3.908000e-05	3.304613e-02	1.526752e+01
3.909000e-05	3.972344e-02	1.518431e+01
3.910000e-05	4.263040e-02	1.513970e+01
3.911000e-05	4.849111e-02	1.505640e+01
3.912000e-05	4.672902e-02	1.497281e+01
3.913000e-05	5.026687e-02	1.487717e+01
3.914000e-05	5.478896e-02	1.481227e+01
3.915000e-05	5.805538e-02	1.470663e+01
3.916000e-05	5.843384e-02	1.463544e+01
3.917000e-05	5.695816e-02	1.452865e+01
3.918000e-05	6.451683e-02	1.437393e+01
3.919000e-05	6.314537e-02	1.432863e+01
3.920000e-05	6.487345e-02	1.415141e+01
3.921000e-05	6.062287e-02	1.400401e+01
3.922000e-05	6.305945e-02	1.388905e+01
3.923000e-05	6.083059e-02	1.371225e+01
3.924000e-05	5.728045e-02	1.357286e+01
3.925000e-05	5.266592e-02	1.343597e+01
3.926000e-05	5.022088e-02	1.330068e+01
3.927000e-05	4.971180e-02	1.318019e+01
3.928000e-05	4.551945e-02	1.297284e+01
3.929000e-05	4.157511e-02	1.285652e+01
3.930000e-05	3.816768e-02	1.267555e+01
3.931000e-05	3.783512e-02	1.252963e+01
3.932000e-05	3.338151e-02	1.234010e+01
3.933000e-05	3.097118e-02	1.213123e+01
3.934000e-05	2.771489e-02	1.195073e+01
3.935000e-05	2.718444e-02	1.176174e+01
3.936000e-05	2.459421e-02	1.154177e+01
3.937000e-05	2.157613e-02	1.132070e+01
3.938000e-05	1.959761e-02	1.112915e+01
3.939000e-05	1.903658e-02	1.092923e+01
3.940000e-05	1.807112e-02	1.075915e+01
3.941000e-05	1.497991e-02	1.050815e+01
3.942000e-05	1.348154e-02	1.032857e+01
3.943000e-05	1.329243e-02	1.008655e+01
3.944000e-05	1.259312e-02	9.813465e+00
3.945000e-05	1.037332e-02	9.612838e+00
3.946000e-05	8.803140e-03	9.350861e+00
3.947000e-05	7.954175e-03	9.160712e+00
3.948000e-05	7.500146e-03	8.869652e+00
3.949000e-05	6.379824e-03	8.645526e+00
3.950000e-05	5.419235e-03	8.434998e+00
3.951000e-05	4.918836e-03	8.213789e+00
3.952000e-05	5.327681e-03	7.920157e+00
3.953000e-05	3.894677e-03	7.656551e+00
3.954000e-05	3.075465e-03	7.375390e+00
3.955000e-05	1.797459e-03	7.159157e+00
3.956000e-05	3.042586e-03	6.887598e+00
3.957000e-05	2.430150e-03	6.605415e+00
3.958000e-05	6.732647e-04	6.358235e+00
3.959000e-05	4.832108e-04	6.097628e+00
3.960000e-05	1.578036e-03	5.904944e+00
3.961000e-05	9.752833e-04	5.580886e+00
3.962000e-05	-1.328179e-03	5.287103e+00
3.963000e-05	-1.931370e-04	4.948630e+00
3.964000e-05	-8.118202e-04	4.623970e+00
3.965000e-05	-7.124325e-04	4.410343e+00
3.966000e-05	-1.518869e-03	4.065077e+00
3.967000e-05	-1.624497e-03	3.822888e+00
3.968000e-05	-1.984984e-03	3.568761e+00
3.969000e-05	-1.980905e-03	3.265048e+00
3.970000e-05	-3.480815e-03	2.970810e+00
3.971000e-05	-4.355671e-03	2.747707e+00
3.972000e-05	-3.450823e-03	2.410865e+00
3.973000e-05	-2.429744e-03	2.087156e+00
3.974000e-05	-4.019775e-03	1.856174e+00
3.975000e-05	-4.577251e-03	1.558737e+00
3.976000e-05	-4.250474e-03	1.234100e+00
3.977000e-05	-3.515392e-03	8.971806e-01
3.978000e-05	-4.635619e-03	6.535505e-01
3.979000e-05	-5.007314e-03	3.882899e-01
3.980000e-05	-2.485551e-03	3.452533e-02
3.981000e-05	4.008250e-03	-1.996073e-01
3.982000e-05	2.394165e-03	-4.628114e-01
3.983000e-05	-3.805568e-03	-7.470250e-01
3.984000e-05	-3.701842e-03	-1.007607e+00
3.985000e-05	-2.253033e-03	-1.303813e+00
3.986000e-05	-2.119906e-03	-1.609575e+00
3.987000e-05	6.633389e-03	-1.811129e+00
3.988000e-05	5.577328e-02	-2.032558e+00
3.989000e-05	6.597098e-02	-2.317552e+00
3.990000e-05	-9.093479e-02	-2.747498e+00
3.991000e-05	-3.322012e-02	-3.165399e+00
3.992000e-05	-4.495640e-02	-3.400524e+00
3.993000e-05	-2.521835e-02	-3.641104e+00
3.994000e-05	-3.935447e-02	-3.864238e+00
3.995000e-05	1.440641e-01	-4.043704e+00
3.996000e-05	-1.621413e-01	-4.305346e+00
3.997000e-05	1.436745e-01	-4.610554e+00
3.998000e-05	-4.510274e-03	-4.882186e+00
3.999000e-05	-1.028925e-01	-5.230556e+00
4.000000e-05	9.571996e-02	-5.415263e+00
4.001000e-05	-1.856631e-01	-5.777503e+00
4.002000e-05	1.527398e-01	-6.051606e+00
4.003000e-05	-5.957450e-02	-6.262260e+00
4.004000e-05	-9.439140e-03	-6.580052e+00
4.005000e-05	7.282902e-02	-6.813030e+00
4.006000e-05	-1.114330e-01	-7.167447e+00
4.007000e-05	8.307463e-02	-7.389475e+00
4.008000e-05	-1.116812e-01	-7.664265e+00
4.009000e-05	5.042899e-02	-7.989998e+00
4.010000e-05	2.059140e-03	-8.180546e+00
4.011000e-05	-3.957719e-02	-8.463258e+00
4.012000e-05	7.694545e-02	-8.675288e+00
4.013000e-05	-1.190557e-01	-8.977417e+00
4.014000e-05	7.785977e-02	-9.158893e+00
4.015000e-05	-8.119485e-02	-9.378975e+00
4.016000e-05	4.317913e-02	-9.654107e+00
4.017000e-05	-3.269565e-02	-9.852105e+00
4.018000e-05	-2.045879e-03	-1.008624e+01
4.019000e-05	1.962683e-02	-1.031621e+01
4.020000e-05	-5.220288e-02	-1.055944e+01
4.021000e-05	2.797208e-02	-1.076834e+01
4.022000e-05	-6.392242e-02	-1.093992e+01
4.023000e-05	4.328150e-02	-1.118937e+01
4.024000e-05	-5.106268e-02	-1.137887e+01
4.025000e-05	2.600427e-02	-1.161240e+01
4.026000e-05	-3.810311e-02	-1.181147e+01
4.027000e-05	1.113782e-02	-1.203245e+01
4.028000e-05	-2.662697e-02	-1.218145e+01
4.029000e-05	-1.382307e-02	-1.240992e+01
4.030000e-05	-1.156981e-02	-1.252836e+01
4.031000e-05	-1.795058e-02	-1.273877e+01
4.032000e-05	3.347036e-03	-1.287818e+01
4.033000e-05	-3.063911e-02	-1.303458e+01
4.034000e-05	4.384208e-03	-1.320349e+01
4.035000e-05	-2.977006e-02	-1.334132e+01
4.036000e-05	2.987266e-03	-1.347776e+01
4.037000e-05	-3.193895e-02	-1.367555e+01
4.038000e-05	-4.433567e-03	-1.380298e+01
4.039000e-05	-2.269076e-02	-1.392976e+01
4.040000e-05	-7.872775e-03	-1.408663e+01
4.041000e-05	-2.063048e-02	-1.416199e+01
4.042000e-05	-1.564370e-02	-1.433926e+01
4.043000e-05	-1.655984e-02	-1.444407e+01
4.044000e-05	-1.667427e-02	-1.453992e+01
4.045000e-05	-1.603008e-02	-1.465603e+01
4.046000e-05	-2.110114e-02	-1.474083e+01
4.047000e-05	-1.553233e-02	-1.488550e+01
4.048000e-05	-1.948638e-02	-1.491880e+01
4.049000e-05	-1.634953e-02	-1.500397e+01
4.050000e-05	-2.363655e-02	-1.510813e+01
4.051000e-05	-1.833159e-02	-1.516983e+01
4.052000e-05	-2.311770e-02	-1.522454e+01
4.053000e-05	-1.732679e-02	-1.527768e+01
4.054000e-05	-2.493349e-02	-1.534826e+01
4.055000e-05	-2.038636e-02	-1.539336e+01
4.056000e-05	-2.391819e-02	-1.547655e+01
4.057000e-05	-2.164907e-02	-1.547805e+01
4.058000e-05	-2.614476e-02	-1.550823e+01
4.059000e-05	-2.544729e-02	-1.553968e+01
4.060000e-05	-2.375015e-02	-1.558186e+01
4.061000e-05	-2.711466e-02	-1.553126e+01
4.062000e-05	-2.749177e-02	-1.558382e+01
4.063000e-05	-3.126206e-02	-1.557184e+01
4.064000e-05	-2.793995e-02	-1.557281e+01
4.065000e-05	-3.024524e-02	-1.558279e+01
4.066000e-05	-3.153120e-02	-1.555128e+01
4.067000e-05	-3.472409e-02	-1.552976e+01
4.068000e-05	-3.477477e-02	-1.553865e+01
4.069000e-05	-3.522190e-02	-1.547700e+01
4.070000e-05	-3.847055e-02	-1.544710e+01
4.071000e-05	-4.043026e-02	-1.540387e+01
4.072000e-05	-4.073875e-02	-1.535236e+01
4.073000e-05	-4.127794e-02	-1.530866e+01
4.074000e-05	-4.302545e-02	-1.530707e+01
4.075000e-05	-4.691557e-02	-1.520231e+01
4.076000e-05	-4.967833e-02	-1.511863e+01
4.077000e-05	-5.096054e-02	-1.502649e+01
4.078000e-05	-5.273462e-02	-1.497435e+01
4.079000e-05	-5.730027e-02	-1.487910e+01
4.080000e-05	-6.119882e-02	-1.479289e+01
4.081000e-05	-6.190508e-02	-1.471170e+01
4.082000e-05	-6.482633e-02	-1.464452e+01
4.083000e-05	-6.738145e-02	-1.451816e+01
4.084000e-05	-6.990371e-02	-1.436437e+01
4.085000e-05	-6.950975e-02	-1.424752e+01
4.086000e-05	-6.895190e-02	-1.414073e+01
4.087000e-05	-6.975643e-02	-1.402336e+01
4.088000e-05	-6.894139e-02	-1.384800e+01
4.089000e-05	-6.658740e-02	-1.372976e+01
4.090000e-05	-6.322761e-02	-1.360389e+01
4.091000e-05	-6.101838e-02	-1.341552e+01
4.092000e-05	-5.973091e-02	-1.328863e+01
4.093000e-05	-5.505442e-02	-1.313978e+01
4.094000e-05	-5.113767e-02	-1.297387e+01
4.095000e-05	-4.764258e-02	-1.286544e+01
4.096000e-05	-4.761280e-02	-1.265402e+01
4.097000e-05	-4.396843e-02	-1.249058e+01
4.098000e-05	-4.016683e-02	-1.233968e+01
4.099000e-05	-3.742707e-02	-1.212186e+01
4.100000e-05	-3.718707e-02	-1.195219e+01
4.101000e-05	-3.587870e-02	-1.172018e+01
4.102000e-05	-3.039205e-02	-1.150921e+01
4.103000e-05	-2.763873e-02	-1.132960e+01
4.104000e-05	-2.834018e-02	-1.106657e+01
4.105000e-05	-2.766912e-02	-1.089655e+01
4.106000e-05	-2.437524e-02	-1.068715e+01
4.107000e-05	-2.133629e-02	-1.047760e+01
4.108000e-05	-2.170499e-02	-1.025549e+01
4.109000e-05	-2.240503e-02	-1.003497e+01
4.110000e-05	-2.009362e-02	-9.804944e+00
4.111000e-05	-1.626290e-02	-9.623417e+00
4.112000e-05	-1.794552e-02	-9.300808e+00
4.113000e-05	-1.761024e-02	-9.097803e+00
4.114000e-05	-1.587478e-02	-8.919678e+00
4.115000e-05	-1.396341e-02	-8.636546e+00
4.116000e-05	-1.421575e-02	-8.391919e+00
4.117000e-05	-1.433127e-02	-8.151288e+00
4.118000e-05	-1.278044e-02	-7.949103e+00
4.119000e-05	-1.125623e-02	-7.644968e+00
4.120000e-05	-1.135168e-02	-7.380886e+00
4.121000e-05	-1.306496e-02	-7.097625e+00
4.122000e-05	-1.168823e-02	-6.855074e+00
4.123000e-05	-9.447767e-03	-6.562393e+00
4.124000e-05	-8.291748e-03	-6.319682e+00
4.125000e-05	-1.130481e-02	-6.036523e+00
4.126000e-05	-8.549562e-03	-5.782940e+00
4.127000e-05	-8.786822e-03	-5.519154e+00
4.128000e-05	-6.991073e-03	-5.204416e+00
4.129000e-05	-9.962565e-03	-4.920153e+00
4.130000e-05	-7.160293e-03	-4.581864e+00
4.131000e-05	-8.159300e-03	-4.359388e+00
4.132000e-05	-5.783011e-03	-4.077182e+00
4.133000e-05	-8.763006e-03	-3.754990e+00
4.134000e-05	-7.856190e-03	-3.539313e+00
4.135000e-05	-8.027032e-03	-3.247053e+00
4.136000e-05	-3.902639e-03	-2.931233e+00
4.137000e-05	-6.176028e-03	-2.656581e+00
4.138000e-05	-5.774992e-03	-2.410420e+00
4.139000e-05	-4.923495e-03	-2.056681e+00
4.140000e-05	-4.091269e-03	-1.834498e+00
4.141000e-05	-6.175832e-03	-1.559193e+00
4.142000e-05	-6.821684e-03	-1.201345e+00
4.143000e-05	-5.175300e-03	-8.967611e-01
4.144000e-05	-3.255873e-03	-6.519707e-01
4.145000e-05	-1.514907e-03	-3.377786e-01
4.146000e-05	-1.409332e-03	-7.612559e-02
4.147000e-05	8.879797e-03	2.085863e-01
4.148000e-05	3.002290e-04	5.132892e-01
4.149000e-05	4.157351e-03	7.458221e-01
4.150000e-05	-3.690335e-03	1.042166e+00
4.151000e-05	1.919625e-03	1.315343e+00
4.152000e-05	7.940394e-04	1.648664e+00
4.153000e-05	9.702775e-03	1.923838e+00
4.154000e-05	3.267082e-02	2.144892e+00
4.155000e-05	8.450358e-02	2.421682e+00
4.156000e-05	-4.183798e-02	2.861156e+00
4.157000e-05	-4.954845e-02	3.103790e+00
4.158000e-05	-4.075900e-02	3.348601e+00
4.159000e-05	7.065499e-03	3.631584e+00
4.160000e-05	-4.717306e-02	3.884155e+00
4.161000e-05	-1.625847e-02	4.052157e+00
4.162000e-05	1.046200e-01	4.357925e+00
4.163000e-05	-7.992760e-02	4.653583e+00
4.164000e-05	1.339044e-01	4.844236e+00
4.165000e-05	-3.910659e-02	5.283217e+00
4.166000e-05	-4.617347e-02	5.547914e+00
4.167000e-05	4.862295e-02	5.799556e+00
4.168000e-05	-4.767120e-02	6.123789e+00
4.169000e-05	6.190732e-02	6.326814e+00
4.170000e-05	-4.630209e-02	6.640656e+00
4.171000e-05	2.781887e-02	6.914713e+00
4.172000e-05	3.700856e-02	7.175793e+00
4.173000e-05	-2.451734e-02	7.442177e+00
4.174000e-05	-5.939763e-03	7.734843e+00
4.175000e-05	-2.498490e-02	7.980527e+00
4.176000e-05	6.501087e-02	8.244084e+00
4.177000e-05	-1.039757e-02	8.483637e+00
4.178000e-05	-1.025674e-02	8.715184e+00
4.179000e-05	2.749563e-02	8.948393e+00
4.180000e-05	-1.684527e-02	9.190522e+00
4.181000e-05	3.084006e-02	9.401497e+00
4.182000e-05	-3.120545e-02	9.652103e+00
4.183000e-05	2.521764e-02	9.884162e+00
4.184000e-05	4.797429e-03	1.011727e+01
4.185000e-05	2.766415e-02	1.033823e+01
4.186000e-05	-4.307704e-03	1.055844e+01
4.187000e-05	-1.326848e-02	1.078037e+01
4.188000e-05	2.438531e-02	1.097942e+01
4.189000e-05	-1.920593e-03	1.120879e+01
4.190000e-05	1.690673e-02	1.138090e+01
4.191000e-05	-1.212762e-02	1.160244e+01
4.192000e-05	3.198276e-02	1.184160e+01
4.193000e-05	5.412483e-03	1.204395e+01
4.194000e-05	1.060478e-02	1.218995e+01
4.195000e-05	-7.035456e-03	1.236039e+01
4.196000e-05	1.103968e-02	1.254886e+01
4.197000e-05	1.678492e-02	1.271813e+01
4.198000e-05	4.473225e-03	1.288611e+01
4.199000e-05	9.380821e-03	1.305608e+01
4.200000e-05	7.472062e-03	1.323305e+01
4.201000e-05	2.311467e-02	1.336839e+01
4.202000e-05	2.760010e-03	1.352768e+01
4.203000e-05	5.848243e-03	1.365618e+01
4.204000e-05	6.696901e-03	1.376341e+01
4.205000e-05	1.826281e-02	1.396041e+01
4.206000e-05	1.162135e-02	1.408613e+01
4.207000e-05	5.850507e-03	1.423503e+01
4.208000e-05	1.396665e-02	1.436136e+01
4.209000e-05	1.495499e-02	1.447623e+01
4.210000e-05	1.420853e-02	1.456244e+01
4.211000e-05	5.713900e-03	1.467718e+01
4.212000e-05	1.335346e-02	1.482084e+01
4.213000e-05	1.665789e-02	1.485655e+01
4.214000e-05	1.565873e-02	1.492826e+01
4.215000e-05	1.195128e-02	1.501350e+01
4.216000e-05	1.109677e-02	1.508815e+01
4.217000e-05	1.948952e-02	1.514976e+01
4.218000e-05	1.458690e-02	1.521379e+01
4.219000e-05	1.438383e-02	1.527655e+01
4.220000e-05	1.319430e-02	1.531168e+01
4.221000e-05	2.044808e-02	1.537329e+01
4.222000e-05	1.920626e-02	1.540552e+01
4.223000e-05	1.571095e-02	1.547713e+01
4.224000e-05	1.649839e-02	1.547863e+01
4.225000e-05	2.074310e-02	1.554123e+01
4.226000e-05	2.218871e-02	1.557068e+01
4.227000e-05	2.144878e-02	1.555031e+01
4.228000e-05	2.124519e-02	1.558136e+01
4.229000e-05	2.483095e-02	1.561276e+01
4.230000e-05	2.398752e-02	1.556079e+01
4.231000e-05	2.181199e-02	1.558078e+01
4.232000e-05	2.229314e-02	1.556926e+01
4.233000e-05	2.924934e-02	1.557030e+01
4.234000e-05	3.083329e-02	1.549110e+01
4.235000e-05	3.227391e-02	1.548757e+01
4.236000e-05	3.035498e-02	1.545602e+01
4.237000e-05	3.583459e-02	1.536431e+01
4.238000e-05	3.463070e-02	1.532023e+01
4.239000e-05	3.494408e-02	1.529955e+01
4.240000e-05	3.553356e-02	1.522491e+01
4.241000e-05	3.970534e-02	1.518181e+01
4.242000e-05	4.420722e-02	1.511015e+01
4.243000e-05	4.490072e-02	1.504650e+01
4.244000e-05	4.925791e-02	1.494973e+01
4.245000e-05	5.137409e-02	1.486900e+01
4.246000e-05	5.593403e-02	1.482276e+01
4.247000e-05	5.410104e-02	1.465797e+01
4.248000e-05	5.938706e-02	1.459286e+01
4.249000e-05	5.957357e-02	1.450805e+01
4.250000e-05	6.465185e-02	1.436031e+01
4.251000e-05	6.187002e-02	1.425642e+01
4.252000e-05	6.319126e-02	1.409923e+01
4.253000e-05	6.248167e-02	1.401476e+01
4.254000e-05	6.182958e-02	1.382694e+01
4.255000e-05	5.811250e-02	1.366957e+01
4.256000e-05	5.596265e-02	1.356121e+01
4.257000e-05	5.346982e-02	1.343337e+01
4.258000e-05	5.070932e-02	1.323652e+01
4.259000e-05	4.681602e-02	1.308008e+01
4.260000e-05	4.404494e-02	1.294020e+01
4.261000e-05	4.209089e-02	1.275233e+01
4.262000e-05	4.038458e-02	1.259189e+01
4.263000e-05	3.511835e-02	1.247592e+01
4.264000e-05	3.298298e-02	1.227700e+01
4.265000e-05	2.933026e-02	1.208002e+01
4.266000e-05	2.811240e-02	1.186762e+01
4.267000e-05	2.511954e-02	1.169705e+01
4.268000e-05	2.153100e-02	1.143700e+01
4.269000e-05	2.312934e-02	1.124900e+01
4.270000e-05	1.968922e-02	1.104550e+01
4.271000e-05	2.017276e-02	1.087765e+01
4.272000e-05	1.488184e-02	1.065397e+01
4.273000e-05	1.749822e-02	1.044642e+01
4.274000e-05	1.228530e-02	1.019437e+01
4.275000e-05	1.297358e-02	1.000329e+01
4.276000e-05	8.250301e-03	9.731255e+00
4.277000e-05	1.033873e-02	9.528278e+00
4.278000e-05	8.801688e-03	9.308100e+00
4.279000e-05	1.069837e-02	9.096544e+00
4.280000e-05	7.465203e-03	8.793968e+00
4.281000e-05	6.688698e-03	8.553364e+00
4.282000e-05	6.357665e-03	8.379835e+00
4.283000e-05	3.589920e-03	8.090202e+00
4.284000e-05	3.329104e-03	7.885424e+00
4.285000e-05	2.513824e-03	7.612810e+00
4.286000e-05	4.416661e-03	7.307651e+00
4.287000e-05	3.458733e-03	7.055521e+00
4.288000e-05	4.127517e-03	6.823368e+00
4.289000e-05	1.068651e-03	6.528202e+00
4.290000e-05	1.062926e-03	6.245552e+00
4.291000e-05	3.002653e-04	6.045498e+00
4.292000e-05	3.579102e-05	5.719807e+00
4.293000e-05	-4.498919e-04	5.477052e+00
4.294000e-05	2.019314e-04	5.191283e+00
4.295000e-05	1.310190e-03	4.853893e+00
4.296000e-05	-4.289529e-04	4.569335e+00
4.297000e-05	-1.342499e-03	4.317201e+00
4.298000e-05	-2.507683e-03	3.992416e+00
4.299000e-05	-1.604974e-03	3.728210e+00
4.300000e-05	-2.653780e-03	3.465052e+00
4.301000e-05	-2.185884e-03	3.199339e+00
4.302000e-05	-3.415288e-03	2.877629e+00
4.303000e-05	-3.413710e-03	2.664368e+00
4.304000e-05	-2.837984e-03	2.315132e+00
4.305000e-05	-4.468832e-03	2.034523e+00
4.306000e-05	-4.588483e-03	1.760261e+00
4.307000e-05	-3.639310e-03	1.474602e+00
4.308000e-05	-3.646285e-03	1.138839e+00
4.309000e-05	-3.730869e-03	7.915426e-01
4.310000e-05	-4.427779e-03	5.582110e-01
4.311000e-05	-4.024704e-03	2.756746e-01
4.312000e-05	-2.696515e-03	-4.058639e-02
4.313000e-05	6.957077e-03	-2.831667e-01
4.314000e-05	-4.527306e-03	-5.663543e-01
4.315000e-05	-5.720574e-06	-8.326840e-01
4.316000e-05	-7.105756e-03	-1.103239e+00
4.317000e-05	4.484993e-04	-1.389182e+00
4.318000e-05	-4.702643e-03	-1.682760e+00
4.319000e-05	1.843851e-02	-1.914719e+00
4.320000e-05	8.475236e-02	-2.115424e+00
4.321000e-05	-2.739001e-03	-2.503789e+00
4.322000e-05	-7.422116e-02	-2.881789e+00
4.323000e-05	-3.910504e-02	-3.242085e+00
4.324000e-05	-2.659655e-02	-3.485289e+00
4.325000e-05	-5.234569e-02	-3.716213e+00
4.326000e-05	3.862536e-02	-3.957845e+00
4.327000e-05	7.025499e-02	-4.135341e+00
4.328000e-05	-1.464625e-01	-4.421580e+00
4.329000e-05	2.065296e-01	-4.663736e+00
4.330000e-05	-1.385210e-01	-4.959003e+00
4.331000e-05	2.469991e-02	-5.355340e+00
4.332000e-05	-1.078663e-02	-5.567970e+00
4.333000e-05	-1.163391e-01	-5.862762e+00
4.334000e-05	1.661620e-01	-6.087237e+00
4.335000e-05	-1.362821e-01	-6.388502e+00
4.336000e-05	9.186430e-02	-6.675262e+00
4.337000e-05	-2.532141e-02	-6.917342e+00
4.338000e-05	-4.378257e-02	-7.261713e+00
4.339000e-05	4.804695e-02	-7.494213e+00
4.340000e-05	-1.171734e-01	-7.779052e+00
4.341000e-05	1.043106e-01	-8.033106e+00
4.342000e-05	-7.672040e-02	-8.252710e+00
4.343000e-05	4.508491e-02	-8.528866e+00
4.344000e-05	-5.242481e-03	-8.749976e+00
4.345000e-05	-6.548322e-02	-9.021631e+00
4.346000e-05	5.852730e-02	-9.242504e+00
4.347000e-05	-9.079479e-02	-9.484165e+00
4.348000e-05	7.184778e-02	-9.707340e+00
4.349000e-05	-7.567587e-02	-9.934768e+00
4.350000e-05	5.662640e-02	-1.016077e+01
4.351000e-05	-4.233940e-02	-1.035950e+01
4.352000e-05	-7.966711e-04	-1.060160e+01
4.353000e-05	-1.653035e-02	-1.081987e+01
4.354000e-05	-2.624423e-02	-1.100243e+01
4.355000e-05	1.823558e-02	-1.123107e+01
4.356000e-05	-4.173404e-02	-1.142158e+01
4.357000e-05	2.584486e-02	-1.163458e+01
4.358000e-05	-4.157979e-02	-1.185468e+01
4.359000e-05	2.124598e-02	-1.207753e+01
4.360000e-05	-4.755147e-02	-1.224462e+01
4.361000e-05	8.335812e-03	-1.244345e+01
4.362000e-05	-3.039481e-02	-1.262352e+01
4.363000e-05	3.840145e-03	-1.280189e+01
4.364000e-05	-2.031450e-02	-1.292034e+01
4.365000e-05	-1.099045e-02	-1.309818e+01
4.366000e-05	-8.279518e-03	-1.325360e+01
4.367000e-05	-2.005084e-02	-1.342300e+01
4.368000e-05	-7.977451e-03	-1.354931e+01
4.369000e-05	-2.902360e-02	-1.371921e+01
4.370000e-05	-2.593640e-03	-1.387743e+01
4.371000e-05	-2.384250e-02	-1.400192e+01
4.372000e-05	-5.583801e-03	-1.413066e+01
4.373000e-05	-2.491771e-02	-1.420453e+01
4.374000e-05	-9.294595e-03	-1.439234e+01
4.375000e-05	-2.078905e-02	-1.446723e+01
4.376000e-05	-1.485226e-02	-1.460190e+01
4.377000e-05	-2.236607e-02	-1.471610e+01
4.378000e-05	-1.555219e-02	-1.479279e+01
4.379000e-05	-1.752680e-02	-1.488863e+01
4.380000e-05	-1.730968e-02	-1.494179e+01
4.381000e-05	-2.238304e-02	-1.501550e+01
4.382000e-05	-2.067288e-02	-1.511858e+01
4.383000e-05	-1.931006e-02	-1.515134e+01
4.384000e-05	-2.177135e-02	-1.525544e+01
4.385000e-05	-2.146188e-02	-1.529666e+01
4.386000e-05	-2.403054e-02	-1.537272e+01
4.387000e-05	-1.788323e-02	-1.540444e+01
4.388000e-05	-2.562043e-02	-1.545705e+01
4.389000e-05	-2.272018e-02	-1.546608e+01
4.390000e-05	-2.782077e-02	-1.551018e+01
4.391000e-05	-2.252128e-02	-1.553213e+01
4.392000e-05	-2.586442e-02	-1.556131e+01
4.393000e-05	-2.776508e-02	-1.555034e+01
4.394000e-05	-2.844846e-02	-1.557342e+01
4.395000e-05	-2.865574e-02	-1.557129e+01
4.396000e-05	-2.822880e-02	-1.553131e+01
4.397000e-05	-3.422827e-02	-1.553279e+01
4.398000e-05	-3.226587e-02	-1.553079e+01
4.399000e-05	-3.314991e-02	-1.554928e+01
4.400000e-05	-3.329682e-02	-1.550973e+01
4.401000e-05	-3.775520e-02	-1.546613e+01
4.402000e-05	-3.878634e-02	-1.546590e+01
4.403000e-05	-3.945363e-02	-1.541287e+01
4.404000e-05	-4.008693e-02	-1.531086e+01
4.405000e-05	-4.299844e-02	-1.528868e+01
4.406000e-05	-4.604140e-02	-1.520549e+01
4.407000e-05	-4.624748e-02	-1.519118e+01
4.408000e-05	-4.772380e-02	-1.505660e+01
4.409000e-05	-5.272237e-02	-1.501447e+01
4.410000e-05	-5.531728e-02	-1.491176e+01
4.411000e-05	-5.833944e-02	-1.488807e+01
4.412000e-05	-5.908524e-02	-1.474229e+01
4.413000e-05	-6.325100e-02	-1.467660e+01
4.414000e-05	-6.665187e-02	-1.457334e+01
4.415000e-05	-6.809790e-02	-1.445602e+01
4.416000e-05	-6.875112e-02	-1.437026e+01
4.417000e-05	-6.928865e-02	-1.423399e+01
4.418000e-05	-7.029455e-02	-1.407010e+01
4.419000e-05	-6.955052e-02	-1.394381e+01
4.420000e-05	-6.643207e-02	-1.382544e+01
4.421000e-05	-6.503309e-02	-1.369015e+01
4.422000e-05	-6.338439e-02	-1.357173e+01
4.423000e-05	-6.184530e-02	-1.339294e+01
4.424000e-05	-5.699025e-02	-1.323652e+01
4.425000e-05	-5.242793e-02	-1.309815e+01
4.426000e-05	-5.099773e-02	-1.296076e+01
4.427000e-05	-4.901709e-02	-1.277283e+01
4.428000e-05	-4.546830e-02	-1.256431e+01
4.429000e-05	-4.181445e-02	-1.243702e+01
4.430000e-05	-4.084498e-02	-1.224707e+01
4.431000e-05	-3.821893e-02	-1.210757e+01
4.432000e-05	-3.512882e-02	-1.191053e+01
4.433000e-05	-3.134566e-02	-1.164895e+01
4.434000e-05	-3.098139e-02	-1.142547e+01
4.435000e-05	-3.076206e-02	-1.121641e+01
4.436000e-05	-2.832434e-02	-1.102387e+01
4.437000e-05	-2.517942e-02	-1.083542e+01
4.438000e-05	-2.414583e-02	-1.061440e+01
4.439000e-05	-2.336279e-02	-1.043442e+01
4.440000e-05	-2.129415e-02	-1.016176e+01
4.441000e-05	-1.950937e-02	-9.950236e+00
4.442000e-05	-1.986242e-02	-9.750305e+00
4.443000e-05	-2.012917e-02	-9.509631e+00
4.444000e-05	-1.806459e-02	-9.256049e+00
4.445000e-05	-1.533126e-02	-9.025019e+00
4.446000e-05	-1.498974e-02	-8.825918e+00
4.447000e-05	-1.539727e-02	-8.561783e+00
4.448000e-05	-1.452782e-02	-8.310733e+00
4.449000e-05	-1.377804e-02	-8.096179e+00
4.450000e-05	-1.187650e-02	-7.804940e+00
4.451000e-05	-1.222418e-02	-7.511231e+00
4.452000e-05	-1.257208e-02	-7.266552e+00
4.453000e-05	-1.088807e-02	-7.014844e+00
4.454000e-05	-9.866085e-03	-6.749812e+00
4.455000e-05	-1.023230e-02	-6.508131e+00
4.456000e-05	-1.028268e-02	-6.237471e+00
4.457000e-05	-9.964191e-03	-5.962314e+00
4.458000e-05	-6.811286e-03	-5.690156e+00
4.459000e-05	-8.894032e-03	-5.384969e+00
4.460000e-05	-9.697615e-03	-5.109280e+00
4.461000e-05	-8.063765e-03	-4.773860e+00
4.462000e-05	-5.891834e-03	-4.496681e+00
4.463000e-05	-7.717190e-03	-4.306627e+00
4.464000e-05	-7.038456e-03	-4.012945e+00
4.465000e-05	-9.426056e-03	-3.748707e+00
4.466000e-05	-5.501080e-03	-3.466126e+00
4.467000e-05	-6.594554e-03	-3.162291e+00
4.468000e-05	-5.777849e-03	-2.835077e+00
4.469000e-05	-6.209825e-03	-2.592444e+00
4.470000e-05	-3.621390e-03	-2.327785e+00
4.471000e-05	-4.345910e-03	-1.991994e+00
4.472000e-05	-6.136197e-03	-1.728237e+00
4.473000e-05	-7.224279e-03	-1.456523e+00
4.474000e-05	-4.858604e-03	-1.095680e+00
4.475000e-05	-3.711395e-03	-8.334253e-01
4.476000e-05	-3.845684e-03	-5.492061e-01
4.477000e-05	-2.507313e-03	-2.650730e-01
4.478000e-05	2.187797e-03	4.953112e-02
4.479000e-05	1.135097e-02	3.548980e-01
4.480000e-05	-3.291638e-03	5.670021e-01
4.481000e-05	2.296348e-03	8.191324e-01
4.482000e-05	-2.820575e-03	1.147452e+00
4.483000e-05	4.988776e-03	1.419531e+00
4.484000e-05	1.822654e-04	1.745921e+00
4.485000e-05	1.592355e-02	1.978502e+00
4.486000e-05	5.039252e-02	2.210656e+00
4.487000e-05	6.657410e-02	2.557478e+00
4.488000e-05	-7.123794e-02	2.925794e+00
4.489000e-05	-4.425107e-02	3.167400e+00
4.490000e-05	-2.763553e-02	3.422686e+00
4.491000e-05	5.905357e-03	3.703268e+00
4.492000e-05	-5.616319e-02	3.885816e+00
4.493000e-05	3.017707e-02	4.176869e+00
4.494000e-05	6.557478e-02	4.482235e+00
4.495000e-05	-5.841318e-02	4.684792e+00
4.496000e-05	1.509122e-01	5.040106e+00
4.497000e-05	-1.138115e-01	5.367800e+00
4.498000e-05	2.309097e-02	5.609102e+00
4.499000e-05	7.941401e-03	5.895339e+00
4.500000e-05	-1.575812e-02	6.179291e+00
4.501000e-05	4.641744e-02	6.420605e+00
4.502000e-05	-5.763640e-02	6.705818e+00
4.503000e-05	6.967011e-02	6.949395e+00
4.504000e-05	-5.842334e-03	7.262006e+00
4.505000e-05	-7.422827e-03	7.525337e+00
4.506000e-05	-2.818132e-02	7.810927e+00
4.507000e-05	1.546995e-02	8.085739e+00
4.508000e-05	5.235421e-02	8.346741e+00
4.509000e-05	-3.215276e-02	8.526918e+00
4.510000e-05	1.652533e-02	8.798320e+00
4.511000e-05	5.884121e-03	9.033077e+00
4.512000e-05	5.882858e-03	9.284179e+00
4.513000e-05	7.504990e-03	9.503236e+00
4.514000e-05	-1.845936e-02	9.708813e+00
4.515000e-05	2.298997e-02	9.979396e+00
4.516000e-05	1.219259e-02	1.022142e+01
4.517000e-05	2.357672e-02	1.041150e+01
4.518000e-05	-1.904604e-02	1.065255e+01
4.519000e-05	5.469528e-03	1.083108e+01
4.520000e-05	1.572939e-02	1.105352e+01
4.521000e-05	6.438063e-03	1.125152e+01
4.522000e-05	9.361871e-04	1.144353e+01
4.523000e-05	3.254187e-03	1.167621e+01
4.524000e-05	2.648294e-02	1.188416e+01
4.525000e-05	1.001155e-02	1.206508e+01
4.526000e-05	4.023371e-04	1.223610e+01
4.527000e-05	-3.096019e-03	1.243261e+01
4.528000e-05	1.558300e-02	1.262047e+01
4.529000e-05	1.341110e-02	1.277044e+01
4.530000e-05	4.797416e-03	1.293881e+01
4.531000e-05	5.962690e-03	1.313618e+01
4.532000e-05	1.731204e-02	1.325618e+01
4.533000e-05	1.611898e-02	1.342407e+01
4.534000e-05	3.067819e-03	1.354981e+01
4.535000e-05	2.170749e-04	1.371620e+01
4.536000e-05	1.361198e-02	1.387453e+01
4.537000e-05	1.654839e-02	1.398139e+01
4.538000e-05	1.145786e-02	1.412874e+01
4.539000e-05	6.395768e-03	1.427815e+01
4.540000e-05	1.656780e-02	1.444287e+01
4.541000e-05	1.647684e-02	1.451769e+01
4.542000e-05	9.492005e-03	1.462087e+01
4.543000e-05	6.925570e-03	1.474821e+01
4.544000e-05	1.271334e-02	1.482184e+01
4.545000e-05	2.109734e-02	1.490665e+01
4.546000e-05	1.403345e-02	1.493132e+01
4.547000e-05	1.198532e-02	1.502357e+01
4.548000e-05	1.281595e-02	1.514818e+01
4.549000e-05	2.016094e-02	1.516181e+01
4.550000e-05	1.458664e-02	1.521544e+01
4.551000e-05	1.177473e-02	1.527918e+01
4.552000e-05	1.483832e-02	1.534138e+01
4.553000e-05	2.229366e-02	1.542344e+01
4.554000e-05	2.087713e-02	1.543550e+01
4.555000e-05	1.299552e-02	1.548663e+01
4.556000e-05	1.830212e-02	1.551811e+01
4.557000e-05	2.081678e-02	1.552023e+01
4.558000e-05	2.433561e-02	1.557026e+01
4.559000e-05	1.695045e-02	1.558321e+01
4.560000e-05	2.038020e-02	1.558132e+01
4.561000e-05	2.521547e-02	1.558231e+01
4.562000e-05	2.661340e-02	1.559234e+01
4.563000e-05	2.351339e-02	1.560034e+01
4.564000e-05	2.293671e-02	1.555918e+01
4.565000e-05	3.150312e-02	1.553968e+01
4.566000e-05	3.135843e-02	1.550860e+01
4.567000e-05	3.010275e-02	1.543603e+01
4.568000e-05	2.964928e-02	1.541547e+01
4.569000e-05	3.506112e-02	1.534231e+01
4.570000e-05	3.658542e-02	1.533973e+01
4.571000e-05	3.541748e-02	1.527900e+01
4.572000e-05	3.701445e-02	1.520544e+01
4.573000e-05	4.138794e-02	1.514023e+01
4.574000e-05	4.607486e-02	1.507657e+01
4.575000e-05	4.468861e-02	1.500337e+01
4.576000e-05	4.739737e-02	1.491873e+01
4.577000e-05	5.131067e-02	1.484444e+01
4.578000e-05	5.728756e-02	1.476068e+01
4.579000e-05	5.783751e-02	1.464405e+01
4.580000e-05	5.851918e-02	1.453976e+01
4.581000e-05	6.157356e-02	1.445642e+01
4.582000e-05	6.383922e-02	1.429865e+01
4.583000e-05	6.329396e-02	1.419487e+01
4.584000e-05	6.122065e-02	1.409647e+01
4.585000e-05	6.134052e-02	1.394115e+01
4.586000e-05	6.146631e-02	1.376326e+01
4.587000e-05	5.826810e-02	1.363545e+01
4.588000e-05	5.453758e-02	1.347810e+01
4.589000e-05	5.147853e-02	1.335131e+01
4.590000e-05	5.090060e-02	1.319479e+01
4.591000e-05	4.624813e-02	1.303547e+01
4.592000e-05	4.291774e-02	1.287760e+01
4.593000e-05	3.926098e-02	1.274013e+01
4.594000e-05	3.889166e-02	1.254029e+01
4.595000e-05	3.434125e-02	1.238344e+01
4.596000e-05	3.099268e-02	1.218281e+01
4.597000e-05	2.794475e-02	1.200442e+01
4.598000e-05	2.782896e-02	1.185292e+01
4.599000e-05	2.628919e-02	1.162544e+01
4.600000e-05	2.221177e-02	1.138487e+01
4.601000e-05	2.018881e-02	1.123379e+01
4.602000e-05	1.946279e-02	1.098236e+01
4.603000e-05	1.924887e-02	1.081334e+01
4.604000e-05	1.500991e-02	1.057276e+01
4.605000e-05	1.465936e-02	1.036028e+01
4.606000e-05	1.240449e-02	1.014926e+01
4.607000e-05	1.308965e-02	9.889153e+00
4.608000e-05	1.011807e-02	9.646047e+00
4.609000e-05	8.812408e-03	9.456022e+00
4.610000e-05	9.518395e-03	9.254447e+00
4.611000e-05	7.938089e-03	8.950812e+00
4.612000e-05	7.082568e-03	8.779239e+00
4.613000e-05	4.808910e-03	8.509655e+00
4.614000e-05	6.726667e-03	8.296529e+00
4.615000e-05	4.844745e-03	8.033467e+00
4.616000e-05	4.199752e-03	7.761262e+00
4.617000e-05	2.750903e-03	7.537152e+00
4.618000e-05	3.544875e-03	7.233847e+00
4.619000e-05	2.656692e-03	6.973415e+00
4.620000e-05	1.973434e-03	6.768180e+00
4.621000e-05	1.381722e-03	6.434999e+00
4.622000e-05	2.031125e-03	6.170318e+00
4.623000e-05	2.579479e-03	5.988813e+00
4.624000e-05	7.174956e-04	5.667024e+00
4.625000e-05	-4.396381e-04	5.402367e+00
4.626000e-05	-5.562421e-04	5.036018e+00
4.627000e-05	-3.220911e-04	4.738706e+00
4.628000e-05	-2.523332e-03	4.465598e+00
4.629000e-05	-7.935490e-04	4.195312e+00
4.630000e-05	-9.804052e-04	3.926729e+00
4.631000e-05	-9.928872e-04	3.613553e+00
4.632000e-05	-2.268714e-03	3.371259e+00
4.633000e-05	-3.152183e-03	3.085101e+00
4.634000e-05	-3.369481e-03	2.811523e+00
4.635000e-05	-3.272857e-03	2.489226e+00
4.636000e-05	-3.650321e-03	2.204020e+00
4.637000e-05	-3.773962e-03	1.968443e+00
4.638000e-05	-2.777757e-03	1.655477e+00
4.639000e-05	-3.722462e-03	1.348791e+00
4.640000e-05	-4.289065e-03	1.035492e+00
4.641000e-05	-4.531583e-03	7.272122e-01
4.642000e-05	-4.859580e-03	4.546017e-01
4.643000e-05	-3.140048e-03	1.587087e-01
4.644000e-05	-1.331744e-03	-9.534297e-02
4.645000e-05	6.352577e-03	-3.569496e-01
4.646000e-05	-5.864533e-03	-7.002903e-01
4.647000e-05	7.046242e-04	-9.048681e-01
4.648000e-05	-7.510627e-03	-1.187551e+00
4.649000e-05	-1.441208e-03	-1.515371e+00
4.650000e-05	-1.655348e-03	-1.746372e+00
4.651000e-05	3.326817e-02	-1.968396e+00
4.652000e-05	9.839859e-02	-2.209186e+00
4.653000e-05	-6.656381e-02	-2.629131e+00
4.654000e-05	-4.706374e-02	-3.028132e+00
4.655000e-05	-4.752231e-02	-3.314293e+00
4.656000e-05	-1.455322e-02	-3.557346e+00
4.657000e-05	-7.176642e-02	-3.770029e+00
4.658000e-05	1.207611e-01	-3.981002e+00
4.659000e-05	-5.256548e-02	-4.179084e+00
4.660000e-05	-2.123968e-02	-4.516788e+00
4.661000e-05	1.513744e-01	-4.714821e+00
4.662000e-05	-1.843050e-01	-5.102740e+00
4.663000e-05	1.148713e-01	-5.411101e+00
4.664000e-05	-1.282408e-01	-5.683132e+00
4.665000e-05	2.226168e-02	-5.956923e+00
4.666000e-05	7.957465e-02	-6.170474e+00
4.667000e-05	-1.164461e-01	-6.524765e+00
4.668000e-05	1.295605e-01	-6.727316e+00
4.669000e-05	-1.062856e-01	-7.033109e+00
4.670000e-05	3.782392e-02	-7.327891e+00
4.671000e-05	-2.982288e-02	-7.549369e+00
4.672000e-05	-4.984417e-02	-7.885189e+00
4.673000e-05	8.672444e-02	-8.105288e+00
4.674000e-05	-9.993238e-02	-8.359495e+00
4.675000e-05	9.899437e-02	-8.592047e+00
4.676000e-05	-8.849757e-02	-8.882134e+00
4.677000e-05	1.706662e-02	-9.106713e+00
4.678000e-05	-1.074881e-02	-9.307264e+00
4.679000e-05	-3.550881e-02	-9.559524e+00
4.680000e-05	4.214640e-02	-9.762473e+00
4.681000e-05	-6.575189e-02	-1.006303e+01
4.682000e-05	6.634615e-02	-1.022558e+01
4.683000e-05	-7.395794e-02	-1.043613e+01
4.684000e-05	3.704356e-02	-1.072413e+01
4.685000e-05	-5.874210e-02	-1.087516e+01
4.686000e-05	1.868026e-02	-1.109571e+01
4.687000e-05	-2.282036e-02	-1.129679e+01
4.688000e-05	-6.650547e-03	-1.155814e+01
4.689000e-05	-1.548906e-03	-1.171776e+01
4.690000e-05	-2.421598e-02	-1.192791e+01
4.691000e-05	7.839790e-03	-1.214782e+01
4.692000e-05	-4.053726e-02	-1.231869e+01
4.693000e-05	1.320881e-02	-1.249568e+01
4.694000e-05	-3.742700e-02	-1.264613e+01
4.695000e-05	1.548829e-02	-1.283505e+01
4.696000e-05	-3.512905e-02	-1.302147e+01
4.697000e-05	4.386582e-03	-1.315979e+01
4.698000e-05	-2.935452e-02	-1.326623e+01
4.699000e-05	-5.521933e-03	-1.347603e+01
4.700000e-05	-2.151485e-02	-1.359194e+01
4.701000e-05	-1.289214e-02	-1.374995e+01
4.702000e-05	-1.022689e-02	-1.388866e+01
4.703000e-05	-1.714553e-02	-1.402498e+01
4.704000e-05	-9.577478e-03	-1.416143e+01
4.705000e-05	-2.467981e-02	-1.429711e+01
4.706000e-05	-1.213619e-02	-1.441297e+01
4.707000e-05	-2.468528e-02	-1.451976e+01
4.708000e-05	-1.283290e-02	-1.464402e+01
4.709000e-05	-2.261898e-02	-1.472873e+01
4.710000e-05	-1.203776e-02	-1.480289e+01
4.711000e-05	-1.938903e-02	-1.486770e+01
4.712000e-05	-1.487122e-02	-1.494192e+01
4.713000e-05	-2.458547e-02	-1.503660e+01
4.714000e-05	-1.867918e-02	-1.515076e+01
4.715000e-05	-2.444757e-02	-1.521284e+01
4.716000e-05	-2.092530e-02	-1.523608e+01
4.717000e-05	-2.386231e-02	-1.528876e+01
4.718000e-05	-2.105903e-02	-1.539194e+01
4.719000e-05	-2.007115e-02	-1.543400e+01
4.720000e-05	-2.527150e-02	-1.546613e+01
4.721000e-05	-2.229224e-02	-1.549813e+01
4.722000e-05	-2.794023e-02	-1.553971e+01
4.723000e-05	-2.246690e-02	-1.554076e+01
4.724000e-05	-2.933137e-02	-1.556131e+01
4.725000e-05	-2.582661e-02	-1.555436e+01
4.726000e-05	-2.931252e-02	-1.557337e+01
4.727000e-05	-2.873008e-02	-1.560181e+01
4.728000e-05	-3.184731e-02	-1.556189e+01
4.729000e-05	-3.208787e-02	-1.555121e+01
4.730000e-05	-3.169374e-02	-1.555073e+01
4.731000e-05	-3.419091e-02	-1.550865e+01
4.732000e-05	-3.575233e-02	-1.549865e+01
4.733000e-05	-3.848138e-02	-1.548655e+01
4.734000e-05	-3.838359e-02	-1.543597e+01
4.735000e-05	-3.913813e-02	-1.541386e+01
4.736000e-05	-4.175689e-02	-1.533021e+01
4.737000e-05	-4.526661e-02	-1.526653e+01
4.738000e-05	-4.525438e-02	-1.525341e+01
4.739000e-05	-4.707808e-02	-1.516066e+01
4.740000e-05	-5.015227e-02	-1.504662e+01
4.741000e-05	-5.438447e-02	-1.498231e+01
4.742000e-05	-5.460707e-02	-1.492918e+01
4.743000e-05	-5.668005e-02	-1.481747e+01
4.744000e-05	-6.114423e-02	-1.473123e+01
4.745000e-05	-6.548595e-02	-1.466645e+01
4.746000e-05	-6.706202e-02	-1.455113e+01
4.747000e-05	-6.708812e-02	-1.442552e+01
4.748000e-05	-7.025086e-02	-1.431911e+01
4.749000e-05	-6.969011e-02	-1.417278e+01
4.750000e-05	-6.940994e-02	-1.408702e+01
4.751000e-05	-6.738463e-02	-1.393016e+01
4.752000e-05	-6.676568e-02	-1.379286e+01
4.753000e-05	-6.520002e-02	-1.364650e+01
4.754000e-05	-6.249800e-02	-1.347708e+01
4.755000e-05	-5.897162e-02	-1.333138e+01
4.756000e-05	-5.720012e-02	-1.319436e+01
4.757000e-05	-5.520490e-02	-1.304652e+01
4.758000e-05	-4.981592e-02	-1.292868e+01
4.759000e-05	-4.624468e-02	-1.270965e+01
4.760000e-05	-4.441560e-02	-1.254083e+01
4.761000e-05	-4.312589e-02	-1.239244e+01
4.762000e-05	-3.926851e-02	-1.224489e+01
4.763000e-05	-3.557460e-02	-1.203734e+01
4.764000e-05	-3.454729e-02	-1.180391e+01
4.765000e-05	-3.416195e-02	-1.159487e+01
4.766000e-05	-3.074084e-02	-1.140278e+01
4.767000e-05	-2.810046e-02	-1.115225e+01
4.768000e-05	-2.570666e-02	-1.093123e+01
4.769000e-05	-2.640918e-02	-1.073071e+01
4.770000e-05	-2.379059e-02	-1.056076e+01
4.771000e-05	-2.152712e-02	-1.032013e+01
4.772000e-05	-1.991796e-02	-1.008022e+01
4.773000e-05	-2.101311e-02	-9.876051e+00
4.774000e-05	-2.080742e-02	-9.676000e+00
4.775000e-05	-1.819517e-02	-9.406468e+00
4.776000e-05	-1.807412e-02	-9.202890e+00
4.777000e-05	-1.600234e-02	-8.972866e+00
4.778000e-05	-1.637397e-02	-8.770309e+00
4.779000e-05	-1.356444e-02	-8.458046e+00
4.780000e-05	-1.285397e-02	-8.255598e+00
4.781000e-05	-1.277311e-02	-8.003396e+00
4.782000e-05	-1.415268e-02	-7.690283e+00
4.783000e-05	-1.145729e-02	-7.465052e+00
4.784000e-05	-1.149465e-02	-7.233397e+00
4.785000e-05	-1.116208e-02	-6.950757e+00
4.786000e-05	-1.188295e-02	-6.675603e+00
4.787000e-05	-9.278867e-03	-6.453472e+00
4.788000e-05	-9.120049e-03	-6.121787e+00
4.789000e-05	-8.910013e-03	-5.897177e+00
4.790000e-05	-1.054794e-02	-5.613994e+00
4.791000e-05	-8.559691e-03	-5.309155e+00
4.792000e-05	-8.072346e-03	-5.022445e+00
4.793000e-05	-7.524067e-03	-4.627703e+00
4.794000e-05	-7.549556e-03	-4.434051e+00
4.795000e-05	-9.031799e-03	-4.201390e+00
4.796000e-05	-5.898410e-03	-3.918711e+00
4.797000e-05	-8.615846e-03	-3.633023e+00
4.798000e-05	-7.324171e-03	-3.380339e+00
4.799000e-05	-5.404694e-03	-3.097030e+00
4.800000e-05	-3.926923e-03	-2.791314e+00
4.801000e-05	-3.349718e-03	-2.476759e+00
4.802000e-05	-5.956892e-03	-2.203964e+00
4.803000e-05	-6.682854e-03	-1.948235e+00
4.804000e-05	-6.492942e-03	-1.655101e+00
4.805000e-05	-6.208924e-03	-1.338803e+00
4.806000e-05	-4.798353e-03	-1.012073e+00
4.807000e-05	-3.456390e-03	-7.287412e-01
4.808000e-05	-5.469212e-04	-4.225255e-01
4.809000e-05	-3.457864e-04	-1.493427e-01
4.810000e-05	4.327490e-03	9.386665e-02
4.811000e-05	4.549195e-03	4.211299e-01
4.812000e-05	-1.801195e-03	6.307112e-01
4.813000e-05	1.247583e-03	9.128430e-01
4.814000e-05	-4.742170e-04	1.251131e+00
4.815000e-05	2.442143e-03	1.504897e+00
4.816000e-05	3.818687e-03	1.821057e+00
4.817000e-05	2.399609e-02	2.042659e+00
4.818000e-05	7.208406e-02	2.324869e+00
4.819000e-05	1.687067e-02	2.682849e+00
4.820000e-05	-6.894517e-02	3.009129e+00
4.821000e-05	-4.357280e-02	3.253585e+00
4.822000e-05	-7.891196e-03	3.557348e+00
4.823000e-05	-1.868427e-02	3.767928e+00
4.824000e-05	-4.673094e-02	3.967372e+00
4.825000e-05	8.284493e-02	4.232782e+00
4.826000e-05	-1.225954e-02	4.578373e+00
4.827000e-05	2.832978e-02	4.788426e+00
4.828000e-05	8.099147e-02	5.114947e+00
4.829000e-05	-1.123657e-01	5.463133e+00
4.830000e-05	5.981511e-02	5.694313e+00
4.831000e-05	-3.485479e-02	5.979500e+00
4.832000e-05	2.846264e-02	6.262160e+00
4.833000e-05	3.341752e-03	6.555713e+00
4.834000e-05	-2.832181e-02	6.811530e+00
4.835000e-05	7.467286e-02	7.062183e+00
4.836000e-05	-3.089569e-02	7.367862e+00
4.837000e-05	3.167057e-03	7.610477e+00
4.838000e-05	-3.987112e-02	7.924658e+00
4.839000e-05	5.037547e-02	8.141022e+00
4.840000e-05	2.155096e-02	8.409501e+00
4.841000e-05	-3.359865e-02	8.622075e+00
4.842000e-05	3.453040e-02	8.882534e+00
4.843000e-05	-1.382366e-02	9.106185e+00
4.844000e-05	2.854118e-02	9.337763e+00
4.845000e-05	-1.948263e-02	9.558920e+00
4.846000e-05	6.952005e-03	9.781099e+00
4.847000e-05	1.194224e-02	1.003213e+01
4.848000e-05	1.979326e-02	1.027361e+01
4.849000e-05	1.080289e-02	1.043465e+01
4.850000e-05	-2.195146e-02	1.070616e+01
4.851000e-05	2.239220e-02	1.090673e+01
4.852000e-05	3.120755e-03	1.109571e+01
4.853000e-05	1.616599e-02	1.129673e+01
4.854000e-05	-1.184861e-02	1.150834e+01
4.855000e-05	2.144252e-02	1.173982e+01
4.856000e-05	1.263937e-02	1.195829e+01
4.857000e-05	1.207268e-02	1.210778e+01
4.858000e-05	-4.744124e-03	1.234674e+01
4.859000e-05	5.324303e-03	1.249631e+01
4.860000e-05	1.930344e-02	1.264510e+01
4.861000e-05	6.930864e-03	1.283302e+01
4.862000e-05	8.847128e-03	1.297142e+01
4.863000e-05	3.589264e-03	1.317087e+01
4.864000e-05	2.414029e-02	1.330723e+01
4.865000e-05	5.752095e-03	1.346506e+01
4.866000e-05	6.115516e-03	1.362198e+01
4.867000e-05	2.110988e-03	1.377038e+01
4.868000e-05	1.935035e-02	1.388763e+01
4.869000e-05	1.295989e-02	1.400400e+01
4.870000e-05	7.953232e-03	1.418235e+01
4.871000e-05	1.021453e-02	1.431028e+01
4.872000e-05	1.652637e-02	1.444502e+01
4.873000e-05	1.619709e-02	1.455829e+01
4.874000e-05	5.035205e-03	1.466453e+01
4.875000e-05	1.268912e-02	1.476926e+01
4.876000e-05	1.421445e-02	1.484350e+01
4.877000e-05	1.924964e-02	1.489871e+01
4.878000e-05	9.850340e-03	1.499087e+01
4.879000e-05	1.381763e-02	1.508457e+01
4.880000e-05	1.573451e-02	1.513881e+01
4.881000e-05	1.841020e-02	1.521239e+01
4.882000e-05	1.395885e-02	1.525607e+01
4.883000e-05	1.276242e-02	1.529018e+01
4.884000e-05	1.888607e-02	1.536338e+01
4.885000e-05	2.013707e-02	1.540344e+01
4.886000e-05	1.780536e-02	1.548602e+01
4.887000e-05	1.391950e-02	1.551758e+01
4.888000e-05	2.146708e-02	1.552065e+01
4.889000e-05	2.212528e-02	1.551016e+01
4.890000e-05	2.058557e-02	1.555166e+01
4.891000e-05	1.872961e-02	1.558191e+01
4.892000e-05	2.220696e-02	1.558129e+01
4.893000e-05	2.623598e-02	1.559224e+01
4.894000e-05	2.336991e-02	1.560128e+01
4.895000e-05	2.367905e-02	1.556973e+01
4.896000e-05	2.695091e-02	1.553974e+01
4.897000e-05	3.212351e-02	1.550863e+01
4.898000e-05	2.901541e-02	1.552908e+01
4.899000e-05	2.870042e-02	1.544605e+01
4.900000e-05	3.221653e-02	1.534437e+01
4.901000e-05	3.554299e-02	1.534176e+01
4.902000e-05	3.653293e-02	1.530903e+01
4.903000e-05	3.455034e-02	1.527952e+01
4.904000e-05	4.002851e-02	1.519281e+01
4.905000e-05	4.318058e-02	1.513166e+01
4.906000e-05	4.596549e-02	1.502694e+01
4.907000e-05	4.433906e-02	1.496476e+01
4.908000e-05	4.829730e-02	1.491010e+01
4.909000e-05	5.382953e-02	1.482387e+01
4.910000e-05	5.594582e-02	1.474008e+01
4.911000e-05	5.777397e-02	1.463451e+01
4.912000e-05	5.891222e-02	1.451918e+01
4.913000e-05	6.528076e-02	1.440276e+01
4.914000e-05	6.286097e-02	1.431760e+01
4.915000e-05	6.228905e-02	1.420021e+01
4.916000e-05	5.955644e-02	1.405589e+01
4.917000e-05	6.263704e-02	1.388857e+01
4.918000e-05	6.009096e-02	1.374060e+01
4.919000e-05	5.614080e-02	1.361384e+01
4.920000e-05	5.315466e-02	1.343747e+01
4.921000e-05	5.246324e-02	1.328913e+01
4.922000e-05	5.017073e-02	1.316223e+01
4.923000e-05	4.372530e-02	1.302186e+01
4.924000e-05	4.103477e-02	1.285704e+01
4.925000e-05	4.030229e-02	1.268797e+01
4.926000e-05	3.764891e-02	1.252913e+01
4.927000e-05	3.295098e-02	1.229176e+01
4.928000e-05	2.857503e-02	1.215176e+01
4.929000e-05	2.921170e-02	1.196281e+01
4.930000e-05	2.751395e-02	1.178181e+01
4.931000e-05	2.352432e-02	1.152271e+01
4.932000e-05	2.064855e-02	1.132223e+01
4.933000e-05	2.132543e-02	1.111968e+01
4.934000e-05	2.018114e-02	1.096023e+01
4.935000e-05	1.708100e-02	1.076013e+01
4.936000e-05	1.391734e-02	1.052055e+01
4.937000e-05	1.453716e-02	1.030608e+01
4.938000e-05	1.391648e-02	1.009652e+01
4.939000e-05	1.189829e-02	9.835917e+00
4.940000e-05	9.368857e-03	9.614841e+00
4.941000e-05	8.135805e-03	9.342889e+00
4.942000e-05	9.971506e-03	9.160861e+00
4.943000e-05	7.754038e-03	8.918128e+00
4.944000e-05	6.687115e-03	8.645022e+00
4.945000e-05	5.435122e-03	8.456023e+00
4.946000e-05	6.812450e-03	8.203414e+00
4.947000e-05	5.651081e-03	7.999235e+00
4.948000e-05	2.680827e-03	7.736656e+00
4.949000e-05	3.112556e-03	7.392839e+00
4.950000e-05	3.460609e-03	7.168232e+00
4.951000e-05	3.248672e-03	6.905705e+00
4.952000e-05	8.661624e-04	6.645415e+00
4.953000e-05	5.927945e-04	6.338833e+00
4.954000e-05	1.970397e-03	6.078656e+00
4.955000e-05	1.658086e-03	5.835996e+00
4.956000e-05	-7.084886e-04	5.590214e+00
4.957000e-05	-1.464640e-03	5.298027e+00
4.958000e-05	-1.535015e-04	4.931781e+00
4.959000e-05	-4.091849e-04	4.635547e+00
4.960000e-05	-2.155696e-03	4.411341e+00
4.961000e-05	-2.382420e-03	4.068278e+00
4.962000e-05	-1.020655e-03	3.802943e+00
4.963000e-05	-1.203137e-03	3.580812e+00
4.964000e-05	-2.930139e-03	3.235497e+00
4.965000e-05	-4.196553e-03	2.961814e+00
4.966000e-05	-3.380364e-03	2.736757e+00
4.967000e-05	-2.258282e-03	2.400894e+00
4.968000e-05	-4.149494e-03	2.128210e+00
4.969000e-05	-4.194381e-03	1.876599e+00
4.970000e-05	-4.211137e-03	1.570862e+00
4.971000e-05	-3.380655e-03	1.265077e+00
4.972000e-05	-4.202766e-03	8.978087e-01
4.973000e-05	-5.219761e-03	6.529980e-01
4.974000e-05	-4.627969e-03	3.793926e-01
4.975000e-05	-2.241120e-03	7.405077e-02
4.976000e-05	2.648017e-03	-1.990824e-01
4.977000e-05	1.070147e-03	-4.311850e-01
4.978000e-05	-4.402869e-03	-7.654746e-01
4.979000e-05	-3.728551e-03	-1.008577e+00
4.980000e-05	-3.123264e-03	-1.281793e+00
4.981000e-05	-3.968740e-03	-1.569951e+00
4.982000e-05	5.334584e-03	-1.830583e+00
4.983000e-05	5.451906e-02	-2.011031e+00
4.984000e-05	7.083562e-02	-2.317377e+00
4.985000e-05	-9.081011e-02	-2.725444e+00
4.986000e-05	-3.532561e-02	-3.095346e+00
4.987000e-05	-4.466909e-02	-3.370079e+00
4.988000e-05	-2.308532e-02	-3.600554e+00
4.989000e-05	-4.632983e-02	-3.884239e+00
4.990000e-05	1.437625e-01	-4.024159e+00
4.991000e-05	-1.511975e-01	-4.305296e+00
4.992000e-05	1.260428e-01	-4.560504e+00
4.993000e-05	1.556926e-02	-4.809728e+00
4.994000e-05	-1.167780e-01	-5.178954e+00
4.995000e-05	1.036793e-01	-5.434131e+00
4.996000e-05	-1.826284e-01	-5.758000e+00
4.997000e-05	1.403243e-01	-6.050530e+00
4.998000e-05	-4.529287e-02	-6.233714e+00
4.999000e-05	-2.350530e-02	-6.599475e+00
