# 260929_11:55:05.052786
t	CH1	CH2
0.000000e+00	-2.420600e-03	3.952607e-02
1.000000e-08	3.279290e-03	-2.420844e-01
2.000000e-08	9.028587e-04	-4.646908e-01
3.000000e-08	-1.079550e-03	-7.904790e-01
4.000000e-08	-5.390711e-03	-1.032639e+00
5.000000e-08	-3.435751e-03	-1.278249e+00
6.000000e-08	-4.426341e-03	-1.601557e+00
7.000000e-08	8.909752e-03	-1.852612e+00
8.000000e-08	5.997966e-02	-2.033059e+00
9.000000e-08	6.021901e-02	-2.332483e+00
1.000000e-07	-9.302702e-02	-2.799505e+00
1.100000e-07	-3.183836e-02	-3.169928e+00
1.200000e-07	-4.188005e-02	-3.404053e+00
1.300000e-07	-2.956774e-02	-3.622682e+00
1.400000e-07	-3.489376e-02	-3.893837e+00
1.500000e-07	1.452319e-01	-4.045264e+00
1.600000e-07	-1.764005e-01	-4.360371e+00
1.700000e-07	1.659597e-01	-4.532112e+00
1.800000e-07	-2.952712e-02	-4.866270e+00
1.900000e-07	-8.482288e-02	-5.193581e+00
2.000000e-07	8.833193e-02	-5.455893e+00
2.100000e-07	-1.881555e-01	-5.770457e+00
2.200000e-07	1.693713e-01	-6.052732e+00
2.300000e-07	-8.604736e-02	-6.265746e+00
2.400000e-07	1.505865e-02	-6.611658e+00
2.500000e-07	5.888353e-02	-6.782634e+00
2.600000e-07	-1.087082e-01	-7.169380e+00
2.700000e-07	9.177216e-02	-7.400729e+00
2.800000e-07	-1.292245e-01	-7.648346e+00
2.900000e-07	7.399062e-02	-7.970680e+00
3.000000e-07	-2.018414e-02	-8.211631e+00
3.100000e-07	-2.510612e-02	-8.425812e+00
3.200000e-07	6.908639e-02	-8.655318e+00
3.300000e-07	-1.205272e-01	-8.950999e+00
3.400000e-07	8.863343e-02	-9.179424e+00
3.500000e-07	-9.904704e-02	-9.403157e+00
3.600000e-07	6.336210e-02	-9.654285e+00
3.700000e-07	-5.064612e-02	-9.835686e+00
3.800000e-07	1.439929e-02	-1.007891e+01
3.900000e-07	6.064249e-03	-1.028794e+01
4.000000e-07	-4.662261e-02	-1.054003e+01
4.100000e-07	2.701794e-02	-1.069844e+01
4.200000e-07	-6.730596e-02	-1.091047e+01
4.300000e-07	4.843274e-02	-1.112802e+01
4.400000e-07	-5.873246e-02	-1.134015e+01
4.500000e-07	3.518404e-02	-1.159266e+01
4.600000e-07	-4.561584e-02	-1.178018e+01
4.700000e-07	1.814059e-02	-1.199368e+01
4.800000e-07	-3.477625e-02	-1.216013e+01
4.900000e-07	-8.266779e-03	-1.237962e+01
5.000000e-07	-1.392597e-02	-1.252812e+01
5.100000e-07	-1.533958e-02	-1.268792e+01
5.200000e-07	5.667896e-04	-1.287444e+01
5.300000e-07	-2.927287e-02	-1.306371e+01
5.400000e-07	7.030749e-03	-1.320270e+01
5.500000e-07	-3.354321e-02	-1.333904e+01
5.600000e-07	5.785944e-03	-1.350843e+01
5.700000e-07	-3.668872e-02	-1.363271e+01
5.800000e-07	1.487451e-04	-1.378013e+01
5.900000e-07	-2.583670e-02	-1.389694e+01
6.000000e-07	-5.891685e-03	-1.408634e+01
6.100000e-07	-2.148543e-02	-1.414917e+01
6.200000e-07	-1.340594e-02	-1.433851e+01
6.300000e-07	-1.633307e-02	-1.444130e+01
6.400000e-07	-1.879166e-02	-1.451857e+01
6.500000e-07	-1.615242e-02	-1.463333e+01
6.600000e-07	-2.177881e-02	-1.471752e+01
6.700000e-07	-1.352402e-02	-1.481322e+01
6.800000e-07	-2.129979e-02	-1.488689e+01
6.900000e-07	-1.694041e-02	-1.500118e+01
7.000000e-07	-2.327475e-02	-1.505586e+01
7.100000e-07	-1.764993e-02	-1.512856e+01
7.200000e-07	-2.322257e-02	-1.520170e+01
7.300000e-07	-2.002269e-02	-1.524278e+01
7.400000e-07	-2.468466e-02	-1.530654e+01
7.500000e-07	-1.902307e-02	-1.532909e+01
7.600000e-07	-2.496386e-02	-1.541068e+01
7.700000e-07	-2.361157e-02	-1.544281e+01
7.800000e-07	-2.600066e-02	-1.546496e+01
7.900000e-07	-2.361486e-02	-1.547499e+01
8.000000e-07	-2.382941e-02	-1.550809e+01
8.100000e-07	-2.824305e-02	-1.550762e+01
8.200000e-07	-2.688374e-02	-1.554004e+01
8.300000e-07	-3.006489e-02	-1.554814e+01
8.400000e-07	-2.795275e-02	-1.554904e+01
8.500000e-07	-3.316380e-02	-1.555959e+01
8.600000e-07	-3.194424e-02	-1.551749e+01
8.700000e-07	-3.275546e-02	-1.549744e+01
8.800000e-07	-3.347045e-02	-1.550548e+01
8.900000e-07	-3.687526e-02	-1.546381e+01
9.000000e-07	-3.927261e-02	-1.540180e+01
9.100000e-07	-3.986762e-02	-1.533065e+01
9.200000e-07	-4.008048e-02	-1.532809e+01
9.300000e-07	-4.193743e-02	-1.527591e+01
9.400000e-07	-4.480401e-02	-1.520230e+01
9.500000e-07	-4.677127e-02	-1.513969e+01
9.600000e-07	-4.824618e-02	-1.508536e+01
9.700000e-07	-5.247467e-02	-1.502075e+01
9.800000e-07	-5.518536e-02	-1.493802e+01
9.900000e-07	-5.748796e-02	-1.488430e+01
1.000000e-06	-5.838154e-02	-1.469809e+01
1.010000e-06	-6.181441e-02	-1.467490e+01
1.020000e-06	-6.561326e-02	-1.460057e+01
1.030000e-06	-6.773299e-02	-1.445445e+01
1.040000e-06	-6.882701e-02	-1.437656e+01
1.050000e-06	-6.960761e-02	-1.424332e+01
1.060000e-06	-7.126864e-02	-1.411499e+01
1.070000e-06	-6.989408e-02	-1.397771e+01
1.080000e-06	-6.742691e-02	-1.383230e+01
1.090000e-06	-6.644270e-02	-1.368695e+01
1.100000e-06	-6.503322e-02	-1.355811e+01
1.110000e-06	-6.187147e-02	-1.339972e+01
1.120000e-06	-5.733935e-02	-1.327298e+01
1.130000e-06	-5.459485e-02	-1.312636e+01
1.140000e-06	-5.303586e-02	-1.294954e+01
1.150000e-06	-4.950646e-02	-1.281219e+01
1.160000e-06	-4.544695e-02	-1.265072e+01
1.170000e-06	-4.266621e-02	-1.247540e+01
1.180000e-06	-4.216452e-02	-1.227388e+01
1.190000e-06	-3.895013e-02	-1.209693e+01
1.200000e-06	-3.552833e-02	-1.193643e+01
1.210000e-06	-3.180567e-02	-1.171453e+01
1.220000e-06	-3.243414e-02	-1.151381e+01
1.230000e-06	-3.039451e-02	-1.125029e+01
1.240000e-06	-2.686999e-02	-1.104330e+01
1.250000e-06	-2.487240e-02	-1.085277e+01
1.260000e-06	-2.527149e-02	-1.065178e+01
1.270000e-06	-2.510222e-02	-1.044075e+01
1.280000e-06	-2.152480e-02	-1.022020e+01
1.290000e-06	-1.934256e-02	-1.000967e+01
1.300000e-06	-2.015713e-02	-9.779066e+00
1.310000e-06	-1.909846e-02	-9.576564e+00
1.320000e-06	-1.709554e-02	-9.326009e+00
1.330000e-06	-1.535944e-02	-9.133885e+00
1.340000e-06	-1.565931e-02	-8.864276e+00
1.350000e-06	-1.707649e-02	-8.589619e+00
1.360000e-06	-1.369369e-02	-8.397065e+00
1.370000e-06	-1.249609e-02	-8.166462e+00
1.380000e-06	-1.266217e-02	-7.912377e+00
1.390000e-06	-1.384923e-02	-7.557619e+00
1.400000e-06	-1.206266e-02	-7.353983e+00
1.410000e-06	-9.777906e-03	-7.082779e+00
1.420000e-06	-1.036799e-02	-6.841146e+00
1.430000e-06	-1.134850e-02	-6.605033e+00
1.440000e-06	-1.021686e-02	-6.294375e+00
1.450000e-06	-9.461169e-03	-6.030143e+00
1.460000e-06	-8.193663e-03	-5.776039e+00
1.470000e-06	-1.101321e-02	-5.464200e+00
1.480000e-06	-8.829046e-03	-5.197989e+00
1.490000e-06	-7.409110e-03	-4.892823e+00
1.500000e-06	-5.502605e-03	-4.566887e+00
1.510000e-06	-8.618515e-03	-4.335882e+00
1.520000e-06	-7.480823e-03	-4.063750e+00
1.530000e-06	-8.312831e-03	-3.807042e+00
1.540000e-06	-5.766652e-03	-3.484807e+00
1.550000e-06	-9.493882e-03	-3.272696e+00
1.560000e-06	-5.331081e-03	-2.932863e+00
1.570000e-06	-5.492362e-03	-2.692697e+00
1.580000e-06	-2.746858e-03	-2.409015e+00
1.590000e-06	-5.388593e-03	-2.103701e+00
1.600000e-06	-6.129936e-03	-1.839573e+00
1.610000e-06	-5.407794e-03	-1.515857e+00
1.620000e-06	-4.446694e-03	-1.178486e+00
1.630000e-06	-4.980726e-03	-9.026564e-01
1.640000e-06	-4.473206e-03	-6.269920e-01
1.650000e-06	-1.662981e-03	-3.533592e-01
1.660000e-06	1.217933e-03	-5.110252e-02
1.670000e-06	1.062042e-02	2.750671e-01
1.680000e-06	-3.286714e-03	5.077723e-01
1.690000e-06	3.877573e-03	8.199053e-01
1.700000e-06	-2.569035e-03	1.067265e+00
1.710000e-06	3.431410e-03	1.329380e+00
1.720000e-06	-3.303467e-04	1.665687e+00
1.730000e-06	9.750625e-03	1.897369e+00
1.740000e-06	3.345896e-02	2.158351e+00
1.750000e-06	9.039453e-02	2.446319e+00
1.760000e-06	-5.286247e-02	2.813638e+00
1.770000e-06	-4.850947e-02	3.097798e+00
1.780000e-06	-3.983840e-02	3.371431e+00
1.790000e-06	1.301456e-02	3.644137e+00
1.800000e-06	-5.242522e-02	3.843637e+00
1.810000e-06	-1.319287e-02	4.004216e+00
1.820000e-06	1.065881e-01	4.362528e+00
1.830000e-06	-8.777355e-02	4.633237e+00
1.840000e-06	1.488278e-01	4.857821e+00
1.850000e-06	-5.967020e-02	5.275220e+00
1.860000e-06	-3.486589e-02	5.508395e+00
1.870000e-06	4.616527e-02	5.834111e+00
1.880000e-06	-4.734989e-02	6.095292e+00
1.890000e-06	6.431995e-02	6.297319e+00
1.900000e-06	-5.512425e-02	6.633634e+00
1.910000e-06	3.864933e-02	6.897817e+00
1.920000e-06	3.031915e-02	7.141496e+00
1.930000e-06	-2.305209e-02	7.415214e+00
1.940000e-06	-7.877174e-03	7.698424e+00
1.950000e-06	-2.321908e-02	8.033606e+00
1.960000e-06	6.971607e-02	8.234193e+00
1.970000e-06	-2.076538e-02	8.496765e+00
1.980000e-06	-7.359875e-03	8.698391e+00
1.990000e-06	2.696293e-02	8.969474e+00
2.000000e-06	-1.254397e-02	9.222075e+00
2.010000e-06	3.064838e-02	9.421580e+00
2.020000e-06	-3.416455e-02	9.675236e+00
2.030000e-06	2.853418e-02	9.856341e+00
2.040000e-06	4.068916e-03	1.010747e+01
2.050000e-06	2.848283e-02	1.028549e+01
2.060000e-06	-1.073460e-02	1.054998e+01
2.070000e-06	-1.016037e-02	1.075055e+01
2.080000e-06	2.668188e-02	1.099853e+01
2.090000e-06	-2.422361e-03	1.113010e+01
2.100000e-06	1.471097e-02	1.138110e+01
2.110000e-06	-1.197236e-02	1.162220e+01
2.120000e-06	3.370177e-02	1.180321e+01
2.130000e-06	5.018080e-03	1.199165e+01
2.140000e-06	9.793635e-03	1.220222e+01
2.150000e-06	-7.882271e-03	1.236215e+01
2.160000e-06	1.313458e-02	1.255854e+01
2.170000e-06	1.732575e-02	1.269749e+01
2.180000e-06	1.924197e-03	1.287631e+01
2.190000e-06	8.554974e-03	1.300483e+01
2.200000e-06	1.001095e-02	1.321123e+01
2.210000e-06	2.417929e-02	1.336957e+01
2.220000e-06	1.327273e-03	1.348591e+01
2.230000e-06	4.951868e-03	1.365486e+01
2.240000e-06	7.882963e-03	1.380015e+01
2.250000e-06	1.952174e-02	1.394804e+01
2.260000e-06	1.033655e-02	1.403656e+01
2.270000e-06	4.462169e-03	1.422426e+01
2.280000e-06	1.484795e-02	1.434815e+01
2.290000e-06	1.694754e-02	1.442281e+01
2.300000e-06	1.428004e-02	1.457015e+01
2.310000e-06	4.081089e-03	1.468433e+01
2.320000e-06	1.423923e-02	1.476054e+01
2.330000e-06	1.889656e-02	1.485421e+01
2.340000e-06	1.589714e-02	1.491804e+01
2.350000e-06	1.038525e-02	1.500074e+01
2.360000e-06	1.116343e-02	1.507483e+01
2.370000e-06	2.054038e-02	1.511959e+01
2.380000e-06	1.472617e-02	1.518170e+01
2.390000e-06	1.374109e-02	1.527591e+01
2.400000e-06	1.219037e-02	1.535749e+01
2.410000e-06	2.238135e-02	1.536965e+01
2.420000e-06	2.052128e-02	1.536075e+01
2.430000e-06	1.439687e-02	1.541635e+01
2.440000e-06	1.627916e-02	1.548594e+01
2.450000e-06	2.116343e-02	1.546834e+01
2.460000e-06	2.407043e-02	1.553756e+01
2.470000e-06	1.776011e-02	1.551849e+01
2.480000e-06	2.004224e-02	1.557962e+01
2.490000e-06	2.389767e-02	1.554954e+01
2.500000e-06	2.702026e-02	1.553811e+01
2.510000e-06	2.323302e-02	1.553804e+01
2.520000e-06	2.266765e-02	1.555848e+01
2.530000e-06	2.931718e-02	1.549743e+01
2.540000e-06	3.157573e-02	1.547441e+01
2.550000e-06	3.031957e-02	1.543338e+01
2.560000e-06	2.799096e-02	1.541172e+01
2.570000e-06	3.382950e-02	1.537809e+01
2.580000e-06	3.743802e-02	1.536709e+01
2.590000e-06	3.677268e-02	1.528443e+01
2.600000e-06	3.493916e-02	1.522322e+01
2.610000e-06	4.181487e-02	1.513814e+01
2.620000e-06	4.520861e-02	1.507391e+01
2.630000e-06	4.568435e-02	1.501080e+01
2.640000e-06	4.466698e-02	1.491712e+01
2.650000e-06	4.992160e-02	1.486383e+01
2.660000e-06	5.830505e-02	1.473801e+01
2.670000e-06	5.652154e-02	1.466130e+01
2.680000e-06	5.822508e-02	1.457811e+01
2.690000e-06	5.951561e-02	1.446330e+01
2.700000e-06	6.569390e-02	1.429708e+01
2.710000e-06	6.438451e-02	1.421275e+01
2.720000e-06	6.178996e-02	1.407646e+01
2.730000e-06	6.012002e-02	1.391904e+01
2.740000e-06	6.333829e-02	1.383024e+01
2.750000e-06	5.985218e-02	1.365443e+01
2.760000e-06	5.628766e-02	1.347741e+01
2.770000e-06	5.150202e-02	1.338959e+01
2.780000e-06	5.148348e-02	1.325237e+01
2.790000e-06	4.822861e-02	1.306338e+01
2.800000e-06	4.485947e-02	1.291605e+01
2.810000e-06	4.047847e-02	1.278853e+01
2.820000e-06	4.005299e-02	1.259769e+01
2.830000e-06	3.631918e-02	1.241177e+01
2.840000e-06	3.279805e-02	1.221920e+01
2.850000e-06	2.828761e-02	1.208282e+01
2.860000e-06	2.780805e-02	1.187178e+01
2.870000e-06	2.539996e-02	1.165330e+01
2.880000e-06	2.355818e-02	1.145130e+01
2.890000e-06	2.126162e-02	1.123125e+01
2.900000e-06	2.004576e-02	1.106182e+01
2.910000e-06	1.962321e-02	1.085367e+01
2.920000e-06	1.755880e-02	1.063012e+01
2.930000e-06	1.463501e-02	1.039957e+01
2.940000e-06	1.254799e-02	1.020861e+01
2.950000e-06	1.367898e-02	9.947608e+00
2.960000e-06	1.152008e-02	9.725483e+00
2.970000e-06	9.105763e-03	9.523828e+00
2.980000e-06	8.001972e-03	9.283803e+00
2.990000e-06	8.912868e-03	9.050748e+00
3.000000e-06	8.027138e-03	8.819094e+00
3.010000e-06	6.229043e-03	8.578517e+00
3.020000e-06	5.771081e-03	8.357061e+00
3.030000e-06	4.502253e-03	8.112828e+00
3.040000e-06	6.344062e-03	7.841169e+00
3.050000e-06	2.312737e-03	7.589039e+00
3.060000e-06	2.520973e-03	7.293347e+00
3.070000e-06	2.031667e-03	7.031722e+00
3.080000e-06	3.442879e-03	6.777538e+00
3.090000e-06	1.657068e-03	6.523908e+00
3.100000e-06	8.454257e-04	6.242696e+00
3.110000e-06	8.250869e-04	6.020666e+00
3.120000e-06	6.318446e-04	5.754410e+00
3.130000e-06	-4.401856e-05	5.453150e+00
3.140000e-06	-4.557124e-04	5.165453e+00
3.150000e-06	-8.906380e-04	4.830517e+00
3.160000e-06	-7.839476e-04	4.546388e+00
3.170000e-06	-1.396053e-03	4.263321e+00
3.180000e-06	-1.922265e-03	3.969013e+00
3.190000e-06	-2.333443e-03	3.694307e+00
3.200000e-06	-1.753945e-03	3.439122e+00
3.210000e-06	-1.746701e-03	3.136859e+00
3.220000e-06	-3.431129e-03	2.869701e+00
3.230000e-06	-3.614093e-03	2.567139e+00
3.240000e-06	-3.512988e-03	2.332255e+00
3.250000e-06	-3.285913e-03	2.029193e+00
3.260000e-06	-3.558121e-03	1.727812e+00
3.270000e-06	-4.713703e-03	1.460646e+00
3.280000e-06	-4.684005e-03	1.135754e+00
3.290000e-06	-3.899795e-03	8.090920e-01
3.300000e-06	-4.517639e-03	5.643328e-01
3.310000e-06	-4.086916e-03	2.721685e-01
3.320000e-06	-2.281965e-03	-4.561583e-02
3.330000e-06	8.077359e-03	-3.173188e-01
3.340000e-06	-5.690807e-03	-5.518816e-01
3.350000e-06	9.701589e-04	-8.541610e-01
3.360000e-06	-8.021946e-03	-1.087196e+00
3.370000e-06	-2.341439e-04	-1.422007e+00
3.380000e-06	-4.540038e-03	-1.664237e+00
3.390000e-06	1.793252e-02	-1.895320e+00
3.400000e-06	9.372034e-02	-2.097305e+00
3.410000e-06	-1.589456e-02	-2.508374e+00
3.420000e-06	-6.781365e-02	-2.845349e+00
3.430000e-06	-4.050148e-02	-3.263662e+00
3.440000e-06	-2.049948e-02	-3.435716e+00
3.450000e-06	-6.091327e-02	-3.695224e+00
3.460000e-06	5.420437e-02	-3.957895e+00
3.470000e-06	5.637660e-02	-4.117376e+00
3.480000e-06	-1.421154e-01	-4.414108e+00
3.490000e-06	2.148061e-01	-4.647890e+00
3.500000e-06	-1.579123e-01	-4.948954e+00
3.510000e-06	4.968961e-02	-5.345891e+00
3.520000e-06	-3.138913e-02	-5.599580e+00
3.530000e-06	-1.003186e-01	-5.896216e+00
3.540000e-06	1.627579e-01	-6.085792e+00
3.550000e-06	-1.499821e-01	-6.431084e+00
3.560000e-06	1.132028e-01	-6.696736e+00
3.570000e-06	-4.876285e-02	-6.929400e+00
3.580000e-06	-2.496807e-02	-7.254713e+00
3.590000e-06	4.269122e-02	-7.435340e+00
3.600000e-06	-1.209517e-01	-7.800557e+00
3.610000e-06	1.169144e-01	-8.074187e+00
3.620000e-06	-9.914439e-02	-8.285241e+00
3.630000e-06	6.880243e-02	-8.558495e+00
3.640000e-06	-2.648625e-02	-8.740581e+00
3.650000e-06	-4.859934e-02	-9.003211e+00
3.660000e-06	5.246705e-02	-9.202282e+00
3.670000e-06	-9.101400e-02	-9.445419e+00
3.680000e-06	7.953453e-02	-9.677442e+00
3.690000e-06	-9.102936e-02	-9.908499e+00
3.700000e-06	7.201389e-02	-1.016895e+01
3.710000e-06	-5.979849e-02	-1.035965e+01
3.720000e-06	1.571599e-02	-1.060113e+01
3.730000e-06	-2.739719e-02	-1.079160e+01
3.740000e-06	-1.855554e-02	-1.097221e+01
3.750000e-06	1.491835e-02	-1.118323e+01
3.760000e-06	-4.053649e-02	-1.140471e+01
3.770000e-06	2.702363e-02	-1.166426e+01
3.780000e-06	-4.639082e-02	-1.183636e+01
3.790000e-06	2.746704e-02	-1.207591e+01
3.800000e-06	-5.359695e-02	-1.220521e+01
3.810000e-06	1.571178e-02	-1.239223e+01
3.820000e-06	-3.704848e-02	-1.257023e+01
3.830000e-06	1.076425e-02	-1.275163e+01
3.840000e-06	-2.579570e-02	-1.292799e+01
3.850000e-06	-7.281570e-03	-1.308744e+01
3.860000e-06	-1.233451e-02	-1.323228e+01
3.870000e-06	-1.886913e-02	-1.342168e+01
3.880000e-06	-7.416837e-03	-1.353949e+01
3.890000e-06	-3.104185e-02	-1.370744e+01
3.900000e-06	-1.294702e-03	-1.382428e+01
3.910000e-06	-2.571543e-02	-1.394159e+01
3.920000e-06	-2.527794e-03	-1.409696e+01
3.930000e-06	-2.719366e-02	-1.419235e+01
3.940000e-06	-9.405821e-03	-1.436004e+01
3.950000e-06	-2.221135e-02	-1.444544e+01
3.960000e-06	-1.353928e-02	-1.457010e+01
3.970000e-06	-2.182186e-02	-1.466534e+01
3.980000e-06	-1.711356e-02	-1.476962e+01
3.990000e-06	-1.612335e-02	-1.486533e+01
4.000000e-06	-1.766198e-02	-1.492711e+01
4.010000e-06	-2.113739e-02	-1.500180e+01
4.020000e-06	-2.176877e-02	-1.507588e+01
4.030000e-06	-1.993901e-02	-1.515997e+01
4.040000e-06	-2.159140e-02	-1.519238e+01
4.050000e-06	-2.155033e-02	-1.527544e+01
4.060000e-06	-2.344253e-02	-1.535804e+01
4.070000e-06	-1.867356e-02	-1.537273e+01
4.080000e-06	-2.459905e-02	-1.539428e+01
4.090000e-06	-2.260807e-02	-1.546573e+01
4.100000e-06	-2.829593e-02	-1.547494e+01
4.110000e-06	-2.327684e-02	-1.548896e+01
4.120000e-06	-2.665415e-02	-1.555761e+01
4.130000e-06	-2.692428e-02	-1.554009e+01
4.140000e-06	-2.811415e-02	-1.552805e+01
4.150000e-06	-2.834427e-02	-1.553701e+01
4.160000e-06	-2.801195e-02	-1.552909e+01
4.170000e-06	-3.292644e-02	-1.553814e+01
4.180000e-06	-3.348040e-02	-1.549653e+01
4.190000e-06	-3.407619e-02	-1.550601e+01
4.200000e-06	-3.450122e-02	-1.546543e+01
4.210000e-06	-3.716083e-02	-1.545338e+01
4.220000e-06	-3.918106e-02	-1.538028e+01
4.230000e-06	-3.983145e-02	-1.539022e+01
4.240000e-06	-3.950927e-02	-1.528551e+01
4.250000e-06	-4.194020e-02	-1.525243e+01
4.260000e-06	-4.494707e-02	-1.523175e+01
4.270000e-06	-4.788004e-02	-1.509714e+01
4.280000e-06	-4.939903e-02	-1.506298e+01
4.290000e-06	-5.277451e-02	-1.500865e+01
4.300000e-06	-5.607192e-02	-1.493708e+01
4.310000e-06	-5.877861e-02	-1.487220e+01
4.320000e-06	-6.050165e-02	-1.473806e+01
4.330000e-06	-6.287961e-02	-1.464435e+01
4.340000e-06	-6.556134e-02	-1.453747e+01
4.350000e-06	-6.871640e-02	-1.444388e+01
4.360000e-06	-7.055467e-02	-1.434846e+01
4.370000e-06	-6.930934e-02	-1.417074e+01
4.380000e-06	-6.949032e-02	-1.407490e+01
4.390000e-06	-6.917063e-02	-1.397651e+01
4.400000e-06	-6.733841e-02	-1.379072e+01
4.410000e-06	-6.544627e-02	-1.366488e+01
4.420000e-06	-6.268226e-02	-1.350453e+01
4.430000e-06	-6.117817e-02	-1.336804e+01
4.440000e-06	-5.701814e-02	-1.323122e+01
4.450000e-06	-5.464869e-02	-1.305180e+01
4.460000e-06	-4.981042e-02	-1.292646e+01
4.470000e-06	-4.807315e-02	-1.278856e+01
4.480000e-06	-4.505552e-02	-1.259806e+01
4.490000e-06	-4.326993e-02	-1.238122e+01
4.500000e-06	-4.039437e-02	-1.221080e+01
4.510000e-06	-3.803517e-02	-1.205334e+01
4.520000e-06	-3.538408e-02	-1.185925e+01
4.530000e-06	-3.313667e-02	-1.167180e+01
4.540000e-06	-3.099386e-02	-1.141080e+01
4.550000e-06	-2.918023e-02	-1.117856e+01
4.560000e-06	-2.659074e-02	-1.098919e+01
4.570000e-06	-2.642941e-02	-1.080857e+01
4.580000e-06	-2.396027e-02	-1.059902e+01
4.590000e-06	-2.313327e-02	-1.038859e+01
4.600000e-06	-2.159735e-02	-1.013656e+01
4.610000e-06	-2.063891e-02	-9.904458e+00
4.620000e-06	-1.924134e-02	-9.704459e+00
4.630000e-06	-1.703491e-02	-9.511704e+00
4.640000e-06	-1.697965e-02	-9.250697e+00
4.650000e-06	-1.626514e-02	-9.011147e+00
4.660000e-06	-1.631362e-02	-8.811133e+00
4.670000e-06	-1.468474e-02	-8.566480e+00
4.680000e-06	-1.364246e-02	-8.293256e+00
4.690000e-06	-1.362373e-02	-8.052776e+00
4.700000e-06	-1.363285e-02	-7.808669e+00
4.710000e-06	-1.200404e-02	-7.515929e+00
4.720000e-06	-1.105111e-02	-7.232247e+00
4.730000e-06	-1.102765e-02	-6.985641e+00
4.740000e-06	-1.172513e-02	-6.725910e+00
4.750000e-06	-9.743763e-03	-6.514378e+00
4.760000e-06	-9.124160e-03	-6.198621e+00
4.770000e-06	-9.603058e-03	-5.924959e+00
4.780000e-06	-9.038121e-03	-5.682806e+00
4.790000e-06	-8.829358e-03	-5.396063e+00
4.800000e-06	-8.782177e-03	-5.092751e+00
4.810000e-06	-7.860817e-03	-4.766039e+00
4.820000e-06	-7.147606e-03	-4.502855e+00
4.830000e-06	-7.684232e-03	-4.252201e+00
4.840000e-06	-6.223315e-03	-4.010639e+00
4.850000e-06	-8.762549e-03	-3.713780e+00
4.860000e-06	-6.776624e-03	-3.460649e+00
4.870000e-06	-8.343497e-03	-3.147463e+00
4.880000e-06	-3.546094e-03	-2.821647e+00
4.890000e-06	-5.800691e-03	-2.587492e+00
4.900000e-06	-4.275095e-03	-2.312753e+00
4.910000e-06	-5.877375e-03	-1.988020e+00
4.920000e-06	-4.191437e-03	-1.744885e+00
4.930000e-06	-5.689589e-03	-1.438141e+00
4.940000e-06	-4.870112e-03	-1.102779e+00
4.950000e-06	-5.365101e-03	-8.095411e-01
4.960000e-06	-2.099539e-03	-5.222563e-01
4.970000e-06	-2.207302e-03	-2.806233e-01
4.980000e-06	1.921442e-03	3.351176e-02
4.990000e-06	9.067207e-03	3.208501e-01
5.000000e-06	-2.938642e-03	5.929303e-01
5.010000e-06	3.518038e-03	8.262382e-01
5.020000e-06	-2.867508e-03	1.138930e+00
5.030000e-06	4.202234e-03	1.413137e+00
5.040000e-06	-1.601449e-03	1.759958e+00
5.050000e-06	1.983813e-02	1.989456e+00
5.060000e-06	5.248041e-02	2.183559e+00
5.070000e-06	6.479377e-02	2.571513e+00
5.080000e-06	-7.637441e-02	2.918349e+00
5.090000e-06	-4.313606e-02	3.172503e+00
5.100000e-06	-2.591693e-02	3.506246e+00
5.110000e-06	4.189261e-03	3.727766e+00
5.120000e-06	-5.819234e-02	3.917264e+00
5.130000e-06	3.958255e-02	4.108576e+00
5.140000e-06	5.536127e-02	4.486216e+00
5.150000e-06	-5.363446e-02	4.717920e+00
5.160000e-06	1.530742e-01	5.014066e+00
5.170000e-06	-1.230120e-01	5.370580e+00
5.180000e-06	3.600055e-02	5.605161e+00
5.190000e-06	-2.244151e-03	5.887824e+00
5.200000e-06	-1.113932e-02	6.159951e+00
5.210000e-06	4.310445e-02	6.423184e+00
5.220000e-06	-6.085076e-02	6.719870e+00
5.230000e-06	7.752499e-02	6.959525e+00
5.240000e-06	-1.442149e-02	7.293834e+00
5.250000e-06	2.069032e-03	7.508499e+00
5.260000e-06	-3.273084e-02	7.822008e+00
5.270000e-06	1.933349e-02	8.126339e+00
5.280000e-06	4.939494e-02	8.327894e+00
5.290000e-06	-3.886320e-02	8.548499e+00
5.300000e-06	2.242639e-02	8.771124e+00
5.310000e-06	6.537111e-04	9.013182e+00
5.320000e-06	1.153658e-02	9.263737e+00
5.330000e-06	4.251999e-03	9.465264e+00
5.340000e-06	-1.289416e-02	9.727446e+00
5.350000e-06	2.049971e-02	9.980577e+00
5.360000e-06	9.905891e-03	1.015110e+01
5.370000e-06	2.309201e-02	1.037151e+01
5.380000e-06	-2.169650e-02	1.063266e+01
5.390000e-06	9.984004e-03	1.081416e+01
5.400000e-06	1.193609e-02	1.100123e+01
5.410000e-06	1.011477e-02	1.124229e+01
5.420000e-06	-5.524192e-04	1.141736e+01
5.430000e-06	5.900768e-03	1.164642e+01
5.440000e-06	2.198278e-02	1.187594e+01
5.450000e-06	9.423384e-03	1.204524e+01
5.460000e-06	1.115522e-03	1.223626e+01
5.470000e-06	-2.655680e-03	1.241266e+01
5.480000e-06	1.689827e-02	1.256270e+01
5.490000e-06	1.221661e-02	1.273107e+01
5.500000e-06	5.833504e-03	1.293852e+01
5.510000e-06	4.430879e-03	1.304586e+01
5.520000e-06	1.850598e-02	1.330436e+01
5.530000e-06	1.365034e-02	1.339270e+01
5.540000e-06	6.057686e-03	1.350989e+01
5.550000e-06	1.837201e-03	1.369739e+01
5.560000e-06	1.470292e-02	1.378333e+01
5.570000e-06	1.503356e-02	1.403222e+01
5.580000e-06	1.042869e-02	1.410647e+01
5.590000e-06	6.796882e-03	1.425489e+01
5.600000e-06	1.546490e-02	1.441120e+01
5.610000e-06	1.654821e-02	1.448792e+01
5.620000e-06	9.436797e-03	1.459165e+01
5.630000e-06	8.196046e-03	1.470599e+01
5.640000e-06	1.339156e-02	1.480060e+01
5.650000e-06	2.032051e-02	1.486586e+01
5.660000e-06	1.271037e-02	1.490954e+01
5.670000e-06	1.185292e-02	1.501280e+01
5.680000e-06	1.317430e-02	1.507791e+01
5.690000e-06	1.961463e-02	1.512757e+01
5.700000e-06	1.389561e-02	1.521175e+01
5.710000e-06	1.286224e-02	1.526389e+01
5.720000e-06	1.691941e-02	1.532849e+01
5.730000e-06	2.054250e-02	1.539967e+01
5.740000e-06	1.993002e-02	1.542430e+01
5.750000e-06	1.373148e-02	1.544338e+01
5.760000e-06	2.027473e-02	1.543488e+01
5.770000e-06	2.099009e-02	1.549704e+01
5.780000e-06	2.222609e-02	1.551651e+01
5.790000e-06	1.753037e-02	1.553962e+01
5.800000e-06	2.167907e-02	1.555864e+01
5.810000e-06	2.483863e-02	1.553014e+01
5.820000e-06	2.523224e-02	1.550956e+01
5.830000e-06	2.391540e-02	1.551714e+01
5.840000e-06	2.491827e-02	1.549803e+01
5.850000e-06	3.210071e-02	1.548641e+01
5.860000e-06	3.051176e-02	1.548588e+01
5.870000e-06	2.976563e-02	1.543127e+01
5.880000e-06	2.977569e-02	1.539875e+01
5.890000e-06	3.480122e-02	1.537809e+01
5.900000e-06	3.673013e-02	1.531503e+01
5.910000e-06	3.512605e-02	1.522288e+01
5.920000e-06	3.827887e-02	1.515864e+01
5.930000e-06	4.214981e-02	1.513606e+01
5.940000e-06	4.647336e-02	1.505232e+01
5.950000e-06	4.419314e-02	1.496021e+01
5.960000e-06	4.784286e-02	1.489496e+01
5.970000e-06	5.260268e-02	1.480217e+01
5.980000e-06	5.739822e-02	1.471751e+01
5.990000e-06	5.669752e-02	1.463120e+01
6.000000e-06	5.753361e-02	1.451706e+01
6.010000e-06	6.393552e-02	1.443020e+01
6.020000e-06	6.202695e-02	1.428541e+01
6.030000e-06	6.316403e-02	1.414974e+01
6.040000e-06	6.023003e-02	1.406375e+01
6.050000e-06	6.630463e-02	1.390491e+01
6.060000e-06	6.192311e-02	1.379814e+01
6.070000e-06	5.936889e-02	1.361227e+01
6.080000e-06	5.298271e-02	1.345435e+01
6.090000e-06	5.260171e-02	1.334606e+01
6.100000e-06	4.862585e-02	1.321062e+01
6.110000e-06	4.415399e-02	1.302015e+01
6.120000e-06	4.068910e-02	1.283290e+01
6.130000e-06	4.221644e-02	1.267486e+01
6.140000e-06	4.167057e-02	1.251544e+01
6.150000e-06	3.615480e-02	1.235806e+01
6.160000e-06	3.088894e-02	1.217717e+01
6.170000e-06	2.846714e-02	1.196772e+01
6.180000e-06	2.660316e-02	1.178974e+01
6.190000e-06	2.251558e-02	1.158864e+01
6.200000e-06	2.081312e-02	1.138861e+01
6.210000e-06	2.141098e-02	1.111754e+01
6.220000e-06	2.261236e-02	1.096862e+01
6.230000e-06	1.962660e-02	1.078864e+01
6.240000e-06	1.619507e-02	1.055811e+01
6.250000e-06	1.361060e-02	1.032696e+01
6.260000e-06	1.416684e-02	1.010438e+01
6.270000e-06	1.131237e-02	9.883804e+00
6.280000e-06	8.546185e-03	9.672846e+00
6.290000e-06	8.643306e-03	9.399694e+00
6.300000e-06	1.005351e-02	9.229094e+00
6.310000e-06	9.420449e-03	8.958037e+00
6.320000e-06	6.362712e-03	8.735810e+00
6.330000e-06	5.471933e-03	8.493409e+00
6.340000e-06	6.432016e-03	8.312250e+00
6.350000e-06	6.565050e-03	8.000638e+00
6.360000e-06	3.474392e-03	7.775010e+00
6.370000e-06	1.934768e-03	7.532873e+00
6.380000e-06	4.077954e-03	7.200620e+00
6.390000e-06	3.470337e-03	6.957585e+00
6.400000e-06	1.345529e-03	6.735254e+00
6.410000e-06	-6.788368e-04	6.460118e+00
6.420000e-06	2.316447e-03	6.195941e+00
6.430000e-06	2.071286e-03	5.964879e+00
6.440000e-06	4.528683e-04	5.631594e+00
6.450000e-06	-2.281059e-03	5.378007e+00
6.460000e-06	1.354603e-03	5.067167e+00
6.470000e-06	-1.523513e-04	4.715308e+00
6.480000e-06	-3.864320e-04	4.430676e+00
6.490000e-06	-3.724305e-03	4.179608e+00
6.500000e-06	-1.257947e-03	3.912227e+00
6.510000e-06	-1.426942e-03	3.609574e+00
6.520000e-06	-2.294138e-03	3.353837e+00
6.530000e-06	-4.512705e-03	3.081195e+00
6.540000e-06	-1.975725e-03	2.828468e+00
6.550000e-06	-1.503510e-03	2.512754e+00
6.560000e-06	-2.529793e-03	2.196621e+00
6.570000e-06	-4.454666e-03	1.966408e+00
6.580000e-06	-5.092664e-03	1.680067e+00
6.590000e-06	-2.877206e-03	1.344313e+00
6.600000e-06	-4.566911e-03	1.018616e+00
6.610000e-06	-5.704651e-03	7.042552e-01
6.620000e-06	-4.549609e-03	4.415737e-01
6.630000e-06	-9.011590e-04	1.648102e-01
6.640000e-06	6.243715e-04	-1.173238e-01
6.650000e-06	6.122201e-03	-3.895564e-01
6.660000e-06	-7.839950e-03	-6.576160e-01
6.670000e-06	4.883094e-04	-9.272939e-01
6.680000e-06	-6.421449e-03	-1.180483e+00
6.690000e-06	-2.208918e-03	-1.539442e+00
6.700000e-06	-2.547134e-03	-1.789396e+00
6.710000e-06	3.395021e-02	-1.980954e+00
6.720000e-06	1.088509e-01	-2.214541e+00
6.730000e-06	-7.841058e-02	-2.634063e+00
6.740000e-06	-4.365157e-02	-3.022011e+00
6.750000e-06	-5.108215e-02	-3.296870e+00
6.760000e-06	-9.574810e-03	-3.527373e+00
6.770000e-06	-7.777873e-02	-3.780103e+00
6.780000e-06	1.344018e-01	-4.020559e+00
6.790000e-06	-7.599380e-02	-4.243663e+00
6.800000e-06	3.957354e-03	-4.506344e+00
6.810000e-06	1.436626e-01	-4.779379e+00
6.820000e-06	-1.872172e-01	-5.036768e+00
6.830000e-06	1.275271e-01	-5.401162e+00
6.840000e-06	-1.509086e-01	-5.655845e+00
6.850000e-06	5.055196e-02	-5.948998e+00
6.860000e-06	5.714534e-02	-6.131505e+00
6.870000e-06	-1.101137e-01	-6.487843e+00
6.880000e-06	1.375958e-01	-6.699444e+00
6.890000e-06	-1.215188e-01	-7.063166e+00
6.900000e-06	6.029185e-02	-7.349471e+00
6.910000e-06	-5.221577e-02	-7.601055e+00
6.920000e-06	-3.554214e-02	-7.896317e+00
6.930000e-06	8.260501e-02	-8.118871e+00
6.940000e-06	-1.070782e-01	-8.381599e+00
6.950000e-06	1.123581e-01	-8.582178e+00
6.960000e-06	-1.087656e-01	-8.874217e+00
6.970000e-06	4.439819e-02	-9.046964e+00
6.980000e-06	-3.003838e-02	-9.287946e+00
6.990000e-06	-2.223483e-02	-9.592578e+00
7.000000e-06	3.273081e-02	-9.740556e+00
7.010000e-06	-6.377860e-02	-9.981155e+00
7.020000e-06	7.122929e-02	-1.023426e+01
7.030000e-06	-8.644590e-02	-1.048429e+01
7.040000e-06	5.127346e-02	-1.066528e+01
7.050000e-06	-7.033553e-02	-1.083373e+01
7.060000e-06	3.308840e-02	-1.104636e+01
7.070000e-06	-3.466012e-02	-1.129644e+01
7.080000e-06	8.927866e-04	-1.149799e+01
7.090000e-06	-8.436687e-03	-1.170740e+01
7.100000e-06	-1.751994e-02	-1.193750e+01
7.110000e-06	3.776517e-03	-1.211754e+01
7.120000e-06	-4.292139e-02	-1.225684e+01
7.130000e-06	1.410996e-02	-1.248486e+01
7.140000e-06	-4.011832e-02	-1.264229e+01
7.150000e-06	1.784936e-02	-1.283433e+01
7.160000e-06	-4.009812e-02	-1.298012e+01
7.170000e-06	1.181485e-02	-1.315851e+01
7.180000e-06	-3.038812e-02	-1.328534e+01
7.190000e-06	-1.261299e-03	-1.343528e+01
7.200000e-06	-2.667228e-02	-1.356067e+01
7.210000e-06	-1.346034e-02	-1.372907e+01
7.220000e-06	-1.285710e-02	-1.384581e+01
7.230000e-06	-1.850404e-02	-1.396370e+01
7.240000e-06	-1.006081e-02	-1.418709e+01
7.250000e-06	-2.384286e-02	-1.423433e+01
7.260000e-06	-8.209386e-03	-1.438118e+01
7.270000e-06	-2.393303e-02	-1.447746e+01
7.280000e-06	-1.275452e-02	-1.461178e+01
7.290000e-06	-2.438347e-02	-1.469699e+01
7.300000e-06	-1.196422e-02	-1.478273e+01
7.310000e-06	-2.092405e-02	-1.484546e+01
7.320000e-06	-1.802626e-02	-1.499907e+01
7.330000e-06	-2.509038e-02	-1.500431e+01
7.340000e-06	-1.838232e-02	-1.509744e+01
7.350000e-06	-2.137501e-02	-1.517027e+01
7.360000e-06	-2.089550e-02	-1.520183e+01
7.370000e-06	-2.365956e-02	-1.527744e+01
7.380000e-06	-1.928644e-02	-1.531910e+01
7.390000e-06	-2.163213e-02	-1.540222e+01
7.400000e-06	-2.597900e-02	-1.543268e+01
7.410000e-06	-2.558152e-02	-1.546698e+01
7.420000e-06	-2.659919e-02	-1.545552e+01
7.430000e-06	-2.235323e-02	-1.548654e+01
7.440000e-06	-2.872930e-02	-1.553601e+01
7.450000e-06	-2.623927e-02	-1.554909e+01
7.460000e-06	-2.916984e-02	-1.553861e+01
7.470000e-06	-2.709431e-02	-1.552807e+01
7.480000e-06	-3.181774e-02	-1.555854e+01
7.490000e-06	-3.344707e-02	-1.553759e+01
7.500000e-06	-3.123976e-02	-1.549751e+01
7.510000e-06	-3.341390e-02	-1.548553e+01
7.520000e-06	-3.525444e-02	-1.550545e+01
7.530000e-06	-3.949559e-02	-1.540028e+01
7.540000e-06	-3.831962e-02	-1.538172e+01
7.550000e-06	-3.885220e-02	-1.535157e+01
7.560000e-06	-4.167975e-02	-1.531551e+01
7.570000e-06	-4.484003e-02	-1.524383e+01
7.580000e-06	-4.510478e-02	-1.516864e+01
7.590000e-06	-4.644497e-02	-1.511749e+01
7.600000e-06	-4.999445e-02	-1.506283e+01
7.610000e-06	-5.500491e-02	-1.497862e+01
7.620000e-06	-5.582808e-02	-1.491555e+01
7.630000e-06	-5.863773e-02	-1.482074e+01
7.640000e-06	-6.047285e-02	-1.468546e+01
7.650000e-06	-6.555469e-02	-1.462118e+01
7.660000e-06	-6.663369e-02	-1.448699e+01
7.670000e-06	-6.708691e-02	-1.443027e+01
7.680000e-06	-6.877039e-02	-1.424541e+01
7.690000e-06	-7.103463e-02	-1.416767e+01
7.700000e-06	-7.069016e-02	-1.404180e+01
7.710000e-06	-6.761989e-02	-1.384596e+01
7.720000e-06	-6.640317e-02	-1.374917e+01
7.730000e-06	-6.546244e-02	-1.364124e+01
7.740000e-06	-6.355870e-02	-1.346228e+01
7.750000e-06	-5.949433e-02	-1.329606e+01
7.760000e-06	-5.503685e-02	-1.315859e+01
7.770000e-06	-5.330742e-02	-1.303075e+01
7.780000e-06	-5.085106e-02	-1.289330e+01
7.790000e-06	-4.674968e-02	-1.271383e+01
7.800000e-06	-4.318785e-02	-1.248543e+01
7.810000e-06	-4.166134e-02	-1.235661e+01
7.820000e-06	-4.124129e-02	-1.214917e+01
7.830000e-06	-3.754789e-02	-1.199017e+01
7.840000e-06	-3.333267e-02	-1.177656e+01
7.850000e-06	-3.197268e-02	-1.156609e+01
7.860000e-06	-3.112893e-02	-1.132555e+01
7.870000e-06	-2.882841e-02	-1.108549e+01
7.880000e-06	-2.569966e-02	-1.091544e+01
7.890000e-06	-2.463778e-02	-1.071551e+01
7.900000e-06	-2.491375e-02	-1.056498e+01
7.910000e-06	-2.416004e-02	-1.032291e+01
7.920000e-06	-2.047916e-02	-1.005190e+01
7.930000e-06	-1.894460e-02	-9.823198e+00
7.940000e-06	-1.897344e-02	-9.652720e+00
7.950000e-06	-1.864079e-02	-9.399218e+00
7.960000e-06	-1.627356e-02	-9.188642e+00
7.970000e-06	-1.450397e-02	-8.957039e+00
7.980000e-06	-1.572548e-02	-8.737433e+00
7.990000e-06	-1.585798e-02	-8.502175e+00
8.000000e-06	-1.271244e-02	-8.211220e+00
8.010000e-06	-1.186654e-02	-8.009172e+00
8.020000e-06	-1.243075e-02	-7.695356e+00
8.030000e-06	-1.340856e-02	-7.441702e+00
8.040000e-06	-1.170888e-02	-7.187541e+00
8.050000e-06	-9.145922e-03	-6.914954e+00
8.060000e-06	-1.092768e-02	-6.659700e+00
8.070000e-06	-1.014880e-02	-6.389613e+00
8.080000e-06	-1.124958e-02	-6.143910e+00
8.090000e-06	-7.635002e-03	-5.859775e+00
8.100000e-06	-9.299369e-03	-5.619492e+00
8.110000e-06	-9.072116e-03	-5.315408e+00
8.120000e-06	-9.980508e-03	-4.969568e+00
8.130000e-06	-5.884588e-03	-4.671775e+00
8.140000e-06	-6.509385e-03	-4.419120e+00
8.150000e-06	-7.754422e-03	-4.177567e+00
8.160000e-06	-7.576367e-03	-3.895381e+00
8.170000e-06	-6.519902e-03	-3.620070e+00
8.180000e-06	-5.962850e-03	-3.354384e+00
8.190000e-06	-6.293300e-03	-3.070221e+00
8.200000e-06	-6.924694e-03	-2.757914e+00
8.210000e-06	-3.978287e-03	-2.480727e+00
8.220000e-06	-4.184432e-03	-2.229067e+00
8.230000e-06	-5.413145e-03	-1.923903e+00
8.240000e-06	-6.858222e-03	-1.637996e+00
8.250000e-06	-5.128679e-03	-1.352803e+00
8.260000e-06	-2.947229e-03	-1.019466e+00
8.270000e-06	-4.396487e-03	-7.458838e-01
8.280000e-06	-3.367885e-03	-4.500184e-01
8.290000e-06	-1.398695e-03	-1.159079e-01
8.300000e-06	7.375563e-03	9.929759e-02
8.310000e-06	4.989463e-03	4.320620e-01
8.320000e-06	-6.773625e-04	6.656660e-01
8.330000e-06	-1.068669e-03	9.697778e-01
8.340000e-06	9.790936e-04	1.233139e+00
8.350000e-06	2.771575e-03	1.527275e+00
8.360000e-06	9.637829e-04	1.812536e+00
8.370000e-06	2.199017e-02	2.075663e+00
8.380000e-06	8.054984e-02	2.329429e+00
8.390000e-06	1.084500e-02	2.709198e+00
8.400000e-06	-6.693717e-02	3.023109e+00
8.410000e-06	-4.651145e-02	3.245267e+00
8.420000e-06	-3.237648e-03	3.580923e+00
8.430000e-06	-2.261280e-02	3.779425e+00
8.440000e-06	-4.748634e-02	3.940049e+00
8.450000e-06	9.018783e-02	4.247139e+00
8.460000e-06	-2.917228e-02	4.549932e+00
8.470000e-06	4.826628e-02	4.791082e+00
8.480000e-06	6.964975e-02	5.161530e+00
8.490000e-06	-1.129277e-01	5.434189e+00
8.500000e-06	6.688960e-02	5.706796e+00
8.510000e-06	-4.135960e-02	5.982632e+00
8.520000e-06	3.922988e-02	6.245640e+00
8.530000e-06	-8.192590e-03	6.538446e+00
8.540000e-06	-2.608274e-02	6.804662e+00
8.550000e-06	7.601999e-02	7.044216e+00
8.560000e-06	-3.489111e-02	7.328951e+00
8.570000e-06	7.378835e-03	7.624133e+00
8.580000e-06	-4.566059e-02	7.877841e+00
8.590000e-06	5.886409e-02	8.180578e+00
8.600000e-06	1.859813e-02	8.380107e+00
8.610000e-06	-3.654545e-02	8.602581e+00
8.620000e-06	3.569139e-02	8.804836e+00
8.630000e-06	-1.763188e-02	9.095870e+00
8.640000e-06	3.581329e-02	9.318447e+00
8.650000e-06	-2.669725e-02	9.510029e+00
8.660000e-06	1.287923e-02	9.813733e+00
8.670000e-06	9.509495e-03	1.004418e+01
8.680000e-06	2.345176e-02	1.026366e+01
8.690000e-06	8.716057e-03	1.044482e+01
8.700000e-06	-2.517706e-02	1.067739e+01
8.710000e-06	2.675560e-02	1.088699e+01
8.720000e-06	7.801865e-04	1.111599e+01
8.730000e-06	1.937984e-02	1.127786e+01
8.740000e-06	-1.662701e-02	1.149642e+01
8.750000e-06	2.512778e-02	1.176000e+01
8.760000e-06	1.117663e-02	1.191954e+01
8.770000e-06	1.361157e-02	1.210799e+01
8.780000e-06	-8.150426e-03	1.228589e+01
8.790000e-06	5.468871e-03	1.249684e+01
8.800000e-06	2.109778e-02	1.265428e+01
8.810000e-06	6.432286e-03	1.278231e+01
8.820000e-06	7.308157e-03	1.297215e+01
8.830000e-06	1.316143e-03	1.316910e+01
8.840000e-06	2.731359e-02	1.330547e+01
8.850000e-06	5.296016e-03	1.341528e+01
8.860000e-06	5.922255e-03	1.359210e+01
8.870000e-06	7.987957e-04	1.372799e+01
8.880000e-06	2.033817e-02	1.389686e+01
8.890000e-06	1.481101e-02	1.401333e+01
8.900000e-06	5.635270e-03	1.415110e+01
8.910000e-06	8.749534e-03	1.429554e+01
8.920000e-06	1.544278e-02	1.437276e+01
8.930000e-06	1.968894e-02	1.450799e+01
8.940000e-06	4.339541e-03	1.462381e+01
8.950000e-06	1.142710e-02	1.471846e+01
8.960000e-06	1.434333e-02	1.483268e+01
8.970000e-06	2.234747e-02	1.487584e+01
8.980000e-06	9.788022e-03	1.496007e+01
8.990000e-06	9.698871e-03	1.506490e+01
9.000000e-06	1.653662e-02	1.509444e+01
9.010000e-06	1.934639e-02	1.513967e+01
9.020000e-06	1.511035e-02	1.520486e+01
9.030000e-06	9.569388e-03	1.530596e+01
9.040000e-06	2.010172e-02	1.534610e+01
9.050000e-06	2.094271e-02	1.538019e+01
9.060000e-06	1.819059e-02	1.542528e+01
9.070000e-06	1.199910e-02	1.542633e+01
9.080000e-06	2.090649e-02	1.551646e+01
9.090000e-06	2.471265e-02	1.553801e+01
9.100000e-06	2.106868e-02	1.552704e+01
9.110000e-06	1.716186e-02	1.553909e+01
9.120000e-06	2.072995e-02	1.554164e+01
9.130000e-06	2.688260e-02	1.554869e+01
9.140000e-06	2.468696e-02	1.552964e+01
9.150000e-06	2.340340e-02	1.554806e+01
9.160000e-06	2.525139e-02	1.550748e+01
9.170000e-06	3.368681e-02	1.545591e+01
9.180000e-06	3.161805e-02	1.544488e+01
9.190000e-06	2.867915e-02	1.543272e+01
9.200000e-06	3.048668e-02	1.539012e+01
9.210000e-06	3.587300e-02	1.533704e+01
9.220000e-06	3.814838e-02	1.527501e+01
9.230000e-06	3.448919e-02	1.525237e+01
9.240000e-06	3.800828e-02	1.514962e+01
9.250000e-06	4.314303e-02	1.507703e+01
9.260000e-06	4.734703e-02	1.501130e+01
9.270000e-06	4.525044e-02	1.491707e+01
9.280000e-06	4.768799e-02	1.487535e+01
9.290000e-06	5.447023e-02	1.477967e+01
9.300000e-06	5.772678e-02	1.469593e+01
9.310000e-06	5.872219e-02	1.459872e+01
9.320000e-06	5.742539e-02	1.451591e+01
9.330000e-06	6.435141e-02	1.436959e+01
9.340000e-06	6.354840e-02	1.424288e+01
9.350000e-06	6.393278e-02	1.413606e+01
9.360000e-06	5.877462e-02	1.398112e+01
9.370000e-06	6.243894e-02	1.384135e+01
9.380000e-06	6.202741e-02	1.374454e+01
9.390000e-06	5.821649e-02	1.352857e+01
9.400000e-06	5.260025e-02	1.343119e+01
9.410000e-06	5.113333e-02	1.328492e+01
9.420000e-06	4.969467e-02	1.309651e+01
9.430000e-06	4.590020e-02	1.297762e+01
9.440000e-06	4.019750e-02	1.280122e+01
9.450000e-06	3.853067e-02	1.266223e+01
9.460000e-06	3.868187e-02	1.248593e+01
9.470000e-06	3.479684e-02	1.231498e+01
9.480000e-06	3.020094e-02	1.216556e+01
9.490000e-06	2.743459e-02	1.190553e+01
9.500000e-06	2.757904e-02	1.172796e+01
9.510000e-06	2.480368e-02	1.148501e+01
9.520000e-06	2.122572e-02	1.130533e+01
9.530000e-06	1.894581e-02	1.112546e+01
9.540000e-06	1.958171e-02	1.092491e+01
9.550000e-06	1.814589e-02	1.067439e+01
9.560000e-06	1.505338e-02	1.046435e+01
9.570000e-06	1.325149e-02	1.025285e+01
9.580000e-06	1.375442e-02	1.005225e+01
9.590000e-06	1.305069e-02	9.811088e+00
9.600000e-06	1.138851e-02	9.608068e+00
9.610000e-06	7.310162e-03	9.337083e+00
9.620000e-06	8.175987e-03	9.085484e+00
9.630000e-06	8.265916e-03	8.874802e+00
9.640000e-06	7.557322e-03	8.642751e+00
9.650000e-06	5.372007e-03	8.421696e+00
9.660000e-06	4.902360e-03	8.168642e+00
9.670000e-06	6.399989e-03	7.934355e+00
9.680000e-06	4.479312e-03	7.663253e+00
9.690000e-06	2.295441e-03	7.387618e+00
9.700000e-06	8.807830e-04	7.134454e+00
9.710000e-06	3.365853e-03	6.893306e+00
9.720000e-06	3.259578e-03	6.640141e+00
9.730000e-06	7.233746e-04	6.326410e+00
9.740000e-06	1.080503e-04	6.074230e+00
9.750000e-06	1.729387e-03	5.839717e+00
9.760000e-06	1.281242e-03	5.576459e+00
9.770000e-06	-1.032242e-03	5.272672e+00
9.780000e-06	-1.801408e-03	4.944508e+00
9.790000e-06	-6.368447e-04	4.590667e+00
9.800000e-06	-5.546632e-05	4.409492e+00
9.810000e-06	-1.056349e-03	4.093276e+00
9.820000e-06	-2.528101e-03	3.819089e+00
9.830000e-06	-2.328464e-03	3.566435e+00
9.840000e-06	-1.480600e-03	3.250595e+00
9.850000e-06	-2.562837e-03	3.017038e+00
9.860000e-06	-4.019144e-03	2.705852e+00
9.870000e-06	-3.130641e-03	2.410517e+00
9.880000e-06	-2.837914e-03	2.113879e+00
9.890000e-06	-2.380375e-03	1.871197e+00
9.900000e-06	-5.287535e-03	1.564809e+00
9.910000e-06	-4.765122e-03	1.250124e+00
9.920000e-06	-4.179007e-03	9.248288e-01
9.930000e-06	-3.378421e-03	6.690445e-01
9.940000e-06	-4.681783e-03	3.473933e-01
9.950000e-06	-3.699173e-03	3.062233e-02
9.960000e-06	4.023496e-03	-2.220118e-01
9.970000e-06	2.788061e-03	-4.216443e-01
9.980000e-06	-3.062916e-03	-7.594777e-01
9.990000e-06	-6.314670e-03	-9.899856e-01
1.000000e-05	-2.070889e-03	-1.286324e+00
1.001000e-05	-2.614911e-03	-1.611480e+00
1.002000e-05	6.712055e-03	-1.813162e+00
1.003000e-05	5.342118e-02	-2.023162e+00
1.004000e-05	6.700641e-02	-2.341457e+00
1.005000e-05	-9.165707e-02	-2.750478e+00
1.006000e-05	-3.311778e-02	-3.138450e+00
1.007000e-05	-4.379871e-02	-3.412050e+00
1.008000e-05	-2.604086e-02	-3.613732e+00
1.009000e-05	-3.986351e-02	-3.857336e+00
1.010000e-05	1.499247e-01	-4.013741e+00
1.011000e-05	-1.745661e-01	-4.349374e+00
1.012000e-05	1.510483e-01	-4.562580e+00
1.013000e-05	-6.326441e-03	-4.824711e+00
1.014000e-05	-1.015600e-01	-5.172558e+00
1.015000e-05	9.941910e-02	-5.443686e+00
1.016000e-05	-1.925862e-01	-5.760502e+00
1.017000e-05	1.654866e-01	-5.992178e+00
1.018000e-05	-7.125017e-02	-6.296347e+00
1.019000e-05	-2.584280e-03	-6.580579e+00
1.020000e-05	7.027548e-02	-6.792136e+00
1.021000e-05	-1.149786e-01	-7.120453e+00
1.022000e-05	9.492846e-02	-7.371056e+00
1.023000e-05	-1.267539e-01	-7.666266e+00
1.024000e-05	6.312960e-02	-7.980099e+00
1.025000e-05	-7.046718e-03	-8.160554e+00
1.026000e-05	-3.482420e-02	-8.434242e+00
1.027000e-05	7.867561e-02	-8.656316e+00
1.028000e-05	-1.248737e-01	-8.939976e+00
1.029000e-05	8.833622e-02	-9.169548e+00
1.030000e-05	-9.396885e-02	-9.361557e+00
1.031000e-05	5.643340e-02	-9.654813e+00
1.032000e-05	-4.469023e-02	-9.823683e+00
1.033000e-05	5.085867e-03	-1.008539e+01
1.034000e-05	1.611786e-02	-1.029644e+01
1.035000e-05	-5.305013e-02	-1.054852e+01
1.036000e-05	3.225665e-02	-1.069846e+01
1.037000e-05	-6.942819e-02	-1.092797e+01
1.038000e-05	5.104708e-02	-1.117707e+01
1.039000e-05	-5.844207e-02	-1.134100e+01
1.040000e-05	3.266908e-02	-1.158965e+01
1.041000e-05	-4.420680e-02	-1.178062e+01
1.042000e-05	1.628552e-02	-1.200115e+01
1.043000e-05	-2.967673e-02	-1.219860e+01
1.044000e-05	-1.177570e-02	-1.235910e+01
1.045000e-05	-1.102655e-02	-1.251700e+01
1.046000e-05	-1.928005e-02	-1.273544e+01
1.047000e-05	4.638333e-03	-1.284481e+01
1.048000e-05	-3.270052e-02	-1.306371e+01
1.049000e-05	7.884671e-03	-1.313117e+01
1.050000e-05	-3.489442e-02	-1.333767e+01
1.051000e-05	6.636228e-03	-1.345591e+01
1.052000e-05	-3.652367e-02	-1.360230e+01
1.053000e-05	-1.615289e-03	-1.378270e+01
1.054000e-05	-2.495355e-02	-1.390804e+01
1.055000e-05	-5.755502e-03	-1.406641e+01
1.056000e-05	-2.037935e-02	-1.414865e+01
1.057000e-05	-1.629192e-02	-1.432804e+01
1.058000e-05	-1.586943e-02	-1.440228e+01
1.059000e-05	-1.995865e-02	-1.450002e+01
1.060000e-05	-1.435056e-02	-1.464385e+01
1.061000e-05	-2.236455e-02	-1.468954e+01
1.062000e-05	-1.384635e-02	-1.482383e+01
1.063000e-05	-2.010100e-02	-1.493701e+01
1.064000e-05	-1.639151e-02	-1.501020e+01
1.065000e-05	-2.429911e-02	-1.504583e+01
1.066000e-05	-1.920245e-02	-1.511809e+01
1.067000e-05	-2.308794e-02	-1.520970e+01
1.068000e-05	-1.822684e-02	-1.524133e+01
1.069000e-05	-2.512568e-02	-1.530756e+01
1.070000e-05	-1.953851e-02	-1.538915e+01
1.071000e-05	-2.414136e-02	-1.542238e+01
1.072000e-05	-2.192375e-02	-1.543438e+01
1.073000e-05	-2.530017e-02	-1.543346e+01
1.074000e-05	-2.591036e-02	-1.548691e+01
1.075000e-05	-2.470687e-02	-1.553801e+01
1.076000e-05	-2.701811e-02	-1.551807e+01
1.077000e-05	-2.582036e-02	-1.559062e+01
1.078000e-05	-3.111445e-02	-1.554911e+01
1.079000e-05	-2.926314e-02	-1.554755e+01
1.080000e-05	-3.107718e-02	-1.550861e+01
1.081000e-05	-3.049548e-02	-1.548754e+01
1.082000e-05	-3.313033e-02	-1.551701e+01
1.083000e-05	-3.588513e-02	-1.545591e+01
1.084000e-05	-3.595071e-02	-1.545486e+01
1.085000e-05	-3.714006e-02	-1.543225e+01
1.086000e-05	-3.951769e-02	-1.537969e+01
1.087000e-05	-4.116052e-02	-1.534802e+01
1.088000e-05	-4.169259e-02	-1.525648e+01
1.089000e-05	-4.294463e-02	-1.520135e+01
1.090000e-05	-4.619137e-02	-1.515917e+01
1.091000e-05	-4.899278e-02	-1.506391e+01
1.092000e-05	-5.211471e-02	-1.502980e+01
1.093000e-05	-5.345058e-02	-1.497859e+01
1.094000e-05	-5.676394e-02	-1.488393e+01
1.095000e-05	-6.065787e-02	-1.474921e+01
1.096000e-05	-6.300661e-02	-1.465501e+01
1.097000e-05	-6.497099e-02	-1.455862e+01
1.098000e-05	-6.684774e-02	-1.447643e+01
1.099000e-05	-7.045112e-02	-1.433963e+01
1.100000e-05	-6.979117e-02	-1.425135e+01
1.101000e-05	-6.928786e-02	-1.414598e+01
1.102000e-05	-6.837423e-02	-1.393964e+01
1.103000e-05	-6.826880e-02	-1.386285e+01
1.104000e-05	-6.721599e-02	-1.371596e+01
1.105000e-05	-6.435766e-02	-1.357859e+01
1.106000e-05	-6.082909e-02	-1.345083e+01
1.107000e-05	-5.932501e-02	-1.327443e+01
1.108000e-05	-5.663950e-02	-1.311446e+01
1.109000e-05	-5.126604e-02	-1.294812e+01
1.110000e-05	-4.746748e-02	-1.280224e+01
1.111000e-05	-4.677038e-02	-1.264085e+01
1.112000e-05	-4.419728e-02	-1.247540e+01
1.113000e-05	-4.133541e-02	-1.231493e+01
1.114000e-05	-3.817172e-02	-1.212446e+01
1.115000e-05	-3.712583e-02	-1.191659e+01
1.116000e-05	-3.604055e-02	-1.175491e+01
1.117000e-05	-3.219924e-02	-1.149293e+01
1.118000e-05	-2.823158e-02	-1.128275e+01
1.119000e-05	-2.682621e-02	-1.108327e+01
1.120000e-05	-2.800244e-02	-1.085280e+01
1.121000e-05	-2.445478e-02	-1.064282e+01
1.122000e-05	-2.306624e-02	-1.048235e+01
1.123000e-05	-2.227079e-02	-1.025922e+01
1.124000e-05	-2.315709e-02	-1.001869e+01
1.125000e-05	-2.110400e-02	-9.829620e+00
1.126000e-05	-1.731493e-02	-9.570137e+00
1.127000e-05	-1.644159e-02	-9.354037e+00
1.128000e-05	-1.755873e-02	-9.094858e+00
1.129000e-05	-1.680533e-02	-8.892748e+00
1.130000e-05	-1.374136e-02	-8.619750e+00
1.131000e-05	-1.357467e-02	-8.397515e+00
1.132000e-05	-1.522603e-02	-8.167037e+00
1.133000e-05	-1.357655e-02	-7.923900e+00
1.134000e-05	-1.258054e-02	-7.628621e+00
1.135000e-05	-1.124013e-02	-7.345913e+00
1.136000e-05	-1.192140e-02	-7.110880e+00
1.137000e-05	-1.169743e-02	-6.831170e+00
1.138000e-05	-1.018546e-02	-6.588037e+00
1.139000e-05	-7.944338e-03	-6.325833e+00
1.140000e-05	-9.651553e-03	-6.029646e+00
1.141000e-05	-9.383224e-03	-5.798036e+00
1.142000e-05	-9.265362e-03	-5.485309e+00
1.143000e-05	-7.087210e-03	-5.208093e+00
1.144000e-05	-8.464704e-03	-4.891825e+00
1.145000e-05	-8.674443e-03	-4.546317e+00
1.146000e-05	-8.241932e-03	-4.355886e+00
1.147000e-05	-6.089468e-03	-4.093179e+00
1.148000e-05	-7.673614e-03	-3.787639e+00
1.149000e-05	-6.787964e-03	-3.535434e+00
1.150000e-05	-8.204808e-03	-3.271697e+00
1.151000e-05	-3.710899e-03	-2.953433e+00
1.152000e-05	-5.246390e-03	-2.680749e+00
1.153000e-05	-4.354096e-03	-2.419470e+00
1.154000e-05	-6.278174e-03	-2.081726e+00
1.155000e-05	-3.804962e-03	-1.820122e+00
1.156000e-05	-5.548824e-03	-1.557352e+00
1.157000e-05	-6.143233e-03	-1.199468e+00
1.158000e-05	-6.000506e-03	-9.058025e-01
1.159000e-05	-2.771289e-03	-6.400183e-01
1.160000e-05	2.399662e-04	-3.758140e-01
1.161000e-05	-6.889588e-04	-6.065245e-02
1.162000e-05	8.177013e-03	2.246097e-01
1.163000e-05	-1.362803e-03	4.872460e-01
1.164000e-05	5.797329e-03	7.503539e-01
1.165000e-05	-3.184754e-03	1.026216e+00
1.166000e-05	2.021383e-03	1.298851e+00
1.167000e-05	4.569761e-04	1.694661e+00
1.168000e-05	1.071614e-02	1.885322e+00
1.169000e-05	3.107615e-02	2.108373e+00
1.170000e-05	8.860427e-02	2.423171e+00
1.171000e-05	-4.707430e-02	2.804611e+00
1.172000e-05	-4.702162e-02	3.116214e+00
1.173000e-05	-4.026080e-02	3.359477e+00
1.174000e-05	9.865369e-03	3.652610e+00
1.175000e-05	-5.037744e-02	3.884687e+00
1.176000e-05	-1.701155e-02	4.005612e+00
1.177000e-05	1.100194e-01	4.389877e+00
1.178000e-05	-8.937374e-02	4.603184e+00
1.179000e-05	1.414675e-01	4.856895e+00
1.180000e-05	-4.427908e-02	5.278215e+00
1.181000e-05	-4.308497e-02	5.518370e+00
1.182000e-05	4.936187e-02	5.813555e+00
1.183000e-05	-5.218397e-02	6.065811e+00
1.184000e-05	6.619334e-02	6.296426e+00
1.185000e-05	-5.083915e-02	6.612561e+00
1.186000e-05	3.050638e-02	6.885189e+00
1.187000e-05	3.380646e-02	7.107898e+00
1.188000e-05	-2.312015e-02	7.442659e+00
1.189000e-05	-3.841596e-03	7.716369e+00
1.190000e-05	-2.915429e-02	7.971654e+00
1.191000e-05	6.800142e-02	8.256687e+00
1.192000e-05	-1.512681e-02	8.445870e+00
1.193000e-05	-9.620994e-03	8.657364e+00
1.194000e-05	2.787475e-02	8.910075e+00
1.195000e-05	-1.797641e-02	9.131076e+00
1.196000e-05	3.409670e-02	9.382104e+00
1.197000e-05	-3.295263e-02	9.622735e+00
1.198000e-05	2.823431e-02	9.876866e+00
1.199000e-05	1.864365e-03	1.011649e+01
1.200000e-05	2.880693e-02	1.028682e+01
1.201000e-05	-6.891114e-03	1.055845e+01
1.202000e-05	-1.230215e-02	1.073907e+01
1.203000e-05	2.544053e-02	1.093902e+01
1.204000e-05	-3.076965e-03	1.113152e+01
1.205000e-05	1.836681e-02	1.137065e+01
1.206000e-05	-1.275392e-02	1.156953e+01
1.207000e-05	3.174950e-02	1.180160e+01
1.208000e-05	4.319679e-03	1.199021e+01
1.209000e-05	1.159950e-02	1.216207e+01
1.210000e-05	-6.896226e-03	1.237050e+01
1.211000e-05	1.171012e-02	1.249957e+01
1.212000e-05	1.793952e-02	1.266941e+01
1.213000e-05	4.107271e-03	1.285479e+01
1.214000e-05	9.577242e-03	1.303428e+01
1.215000e-05	7.238853e-03	1.321267e+01
1.216000e-05	2.402176e-02	1.335797e+01
1.217000e-05	8.720320e-04	1.348694e+01
1.218000e-05	6.814536e-03	1.364328e+01
1.219000e-05	7.367053e-03	1.380070e+01
1.220000e-05	1.867895e-02	1.391837e+01
1.221000e-05	1.189493e-02	1.408428e+01
1.222000e-05	6.243128e-03	1.424438e+01
1.223000e-05	1.522354e-02	1.433007e+01
1.224000e-05	1.443099e-02	1.446329e+01
1.225000e-05	1.436435e-02	1.456955e+01
1.226000e-05	4.034480e-03	1.463641e+01
1.227000e-05	1.439495e-02	1.478014e+01
1.228000e-05	1.706887e-02	1.485230e+01
1.229000e-05	1.687804e-02	1.494741e+01
1.230000e-05	1.264635e-02	1.497165e+01
1.231000e-05	1.272553e-02	1.509496e+01
1.232000e-05	1.858801e-02	1.509654e+01
1.233000e-05	1.343636e-02	1.516268e+01
1.234000e-05	1.442714e-02	1.529384e+01
1.235000e-05	1.340985e-02	1.531557e+01
1.236000e-05	2.110299e-02	1.539812e+01
1.237000e-05	1.836349e-02	1.538125e+01
1.238000e-05	1.573031e-02	1.544478e+01
1.239000e-05	1.827872e-02	1.552638e+01
1.240000e-05	2.100923e-02	1.550654e+01
1.241000e-05	2.244499e-02	1.549651e+01
1.242000e-05	1.770879e-02	1.554657e+01
1.243000e-05	2.197314e-02	1.550902e+01
1.244000e-05	2.299640e-02	1.557004e+01
1.245000e-05	2.433657e-02	1.552906e+01
1.246000e-05	2.208942e-02	1.553757e+01
1.247000e-05	2.471192e-02	1.553758e+01
1.248000e-05	3.028716e-02	1.552701e+01
1.249000e-05	2.913073e-02	1.546493e+01
1.250000e-05	3.003471e-02	1.544328e+01
1.251000e-05	2.916889e-02	1.541120e+01
1.252000e-05	3.438493e-02	1.535867e+01
1.253000e-05	3.435009e-02	1.533709e+01
1.254000e-05	3.496118e-02	1.526338e+01
1.255000e-05	3.966681e-02	1.520230e+01
1.256000e-05	4.173714e-02	1.512666e+01
1.257000e-05	4.497612e-02	1.504440e+01
1.258000e-05	4.126405e-02	1.498225e+01
1.259000e-05	4.668365e-02	1.492804e+01
1.260000e-05	4.894009e-02	1.487287e+01
1.261000e-05	5.589730e-02	1.472012e+01
1.262000e-05	5.454782e-02	1.466380e+01
1.263000e-05	6.192063e-02	1.457767e+01
1.264000e-05	6.342872e-02	1.443383e+01
1.265000e-05	6.585839e-02	1.432646e+01
1.266000e-05	5.936309e-02	1.420980e+01
1.267000e-05	6.033507e-02	1.416598e+01
1.268000e-05	6.146478e-02	1.396756e+01
1.269000e-05	6.256708e-02	1.384072e+01
1.270000e-05	5.910649e-02	1.370297e+01
1.271000e-05	5.651016e-02	1.349788e+01
1.272000e-05	5.642218e-02	1.338912e+01
1.273000e-05	5.277296e-02	1.324225e+01
1.274000e-05	4.745148e-02	1.305245e+01
1.275000e-05	4.163189e-02	1.293551e+01
1.276000e-05	4.174132e-02	1.273909e+01
1.277000e-05	4.021189e-02	1.260104e+01
1.278000e-05	3.481940e-02	1.245124e+01
1.279000e-05	3.116164e-02	1.224117e+01
1.280000e-05	3.116491e-02	1.209487e+01
1.281000e-05	2.994532e-02	1.184376e+01
1.282000e-05	2.589666e-02	1.168430e+01
1.283000e-05	2.165122e-02	1.143275e+01
1.284000e-05	2.219238e-02	1.125233e+01
1.285000e-05	2.127111e-02	1.105130e+01
1.286000e-05	1.898287e-02	1.086230e+01
1.287000e-05	1.405918e-02	1.064872e+01
1.288000e-05	1.460125e-02	1.044025e+01
1.289000e-05	1.595734e-02	1.018017e+01
1.290000e-05	1.416890e-02	9.980612e+00
1.291000e-05	9.443853e-03	9.725987e+00
1.292000e-05	9.831393e-03	9.484329e+00
1.293000e-05	9.919446e-03	9.292355e+00
1.294000e-05	9.224624e-03	9.061722e+00
1.295000e-05	4.766250e-03	8.798693e+00
1.296000e-05	4.654053e-03	8.578589e+00
1.297000e-05	6.187021e-03	8.387962e+00
1.298000e-05	7.790692e-03	8.104275e+00
1.299000e-05	3.092812e-03	7.852620e+00
1.300000e-05	2.367936e-03	7.609589e+00
1.301000e-05	3.961677e-03	7.284404e+00
1.302000e-05	3.148338e-03	7.021120e+00
1.303000e-05	3.815507e-03	6.811143e+00
1.304000e-05	-2.084255e-04	6.544358e+00
1.305000e-05	2.749196e-03	6.263199e+00
1.306000e-05	1.000552e-03	6.030048e+00
1.307000e-05	-3.252715e-06	5.726038e+00
1.308000e-05	-4.259725e-03	5.463750e+00
1.309000e-05	-2.575700e-04	5.217509e+00
1.310000e-05	1.344183e-03	4.840167e+00
1.311000e-05	1.802848e-03	4.546912e+00
1.312000e-05	-1.642776e-04	4.295775e+00
1.313000e-05	-1.211961e-03	3.996989e+00
1.314000e-05	-9.710928e-04	3.713857e+00
1.315000e-05	-3.271120e-03	3.423225e+00
1.316000e-05	-5.752165e-03	3.157008e+00
1.317000e-05	-5.039229e-03	2.913256e+00
1.318000e-05	-1.688763e-03	2.611589e+00
1.319000e-05	-2.618829e-03	2.322805e+00
1.320000e-05	-2.529350e-03	2.059999e+00
1.321000e-05	-3.534368e-03	1.807933e+00
1.322000e-05	-1.856187e-03	1.482627e+00
1.323000e-05	-4.358753e-03	1.157862e+00
1.324000e-05	-5.884418e-03	8.289419e-01
1.325000e-05	-6.315165e-03	5.458353e-01
1.326000e-05	-3.936711e-03	3.011525e-01
1.327000e-05	-2.793251e-03	-3.638202e-03
1.328000e-05	7.649392e-03	-3.172911e-01
1.329000e-05	-5.132767e-03	-5.593015e-01
1.330000e-05	1.973261e-03	-8.231592e-01
1.331000e-05	-6.027876e-03	-1.136796e+00
1.332000e-05	-6.411732e-04	-1.392030e+00
1.333000e-05	-6.531377e-03	-1.645262e+00
1.334000e-05	1.643239e-02	-1.915819e+00
1.335000e-05	9.018826e-02	-2.107323e+00
1.336000e-05	-6.290393e-03	-2.447245e+00
1.337000e-05	-7.345182e-02	-2.835821e+00
1.338000e-05	-3.917979e-02	-3.194607e+00
1.339000e-05	-2.162952e-02	-3.446688e+00
1.340000e-05	-5.623721e-02	-3.676891e+00
1.341000e-05	4.033598e-02	-3.969421e+00
1.342000e-05	7.177982e-02	-4.075820e+00
1.343000e-05	-1.541989e-01	-4.433631e+00
1.344000e-05	2.164755e-01	-4.633286e+00
1.345000e-05	-1.477231e-01	-4.940481e+00
1.346000e-05	3.408137e-02	-5.297416e+00
1.347000e-05	-1.412672e-02	-5.560926e+00
1.348000e-05	-1.163723e-01	-5.885238e+00
1.349000e-05	1.686166e-01	-6.044441e+00
1.350000e-05	-1.487874e-01	-6.381183e+00
1.351000e-05	1.051813e-01	-6.695211e+00
1.352000e-05	-3.415742e-02	-6.925442e+00
1.353000e-05	-3.576543e-02	-7.255262e+00
1.354000e-05	4.987284e-02	-7.444738e+00
1.355000e-05	-1.267200e-01	-7.801530e+00
1.356000e-05	1.165607e-01	-8.023231e+00
1.357000e-05	-9.187689e-02	-8.255265e+00
1.358000e-05	5.742290e-02	-8.559025e+00
1.359000e-05	-1.304998e-02	-8.749502e+00
1.360000e-05	-5.878292e-02	-9.042610e+00
1.361000e-05	6.066480e-02	-9.212732e+00
1.362000e-05	-9.739999e-02	-9.434865e+00
1.363000e-05	8.108847e-02	-9.685445e+00
1.364000e-05	-8.816290e-02	-9.918942e+00
1.365000e-05	6.808385e-02	-1.015962e+01
1.366000e-05	-5.421501e-02	-1.037905e+01
1.367000e-05	7.132776e-03	-1.061270e+01
1.368000e-05	-1.995596e-02	-1.077962e+01
1.369000e-05	-2.477998e-02	-1.101178e+01
1.370000e-05	2.035498e-02	-1.120131e+01
1.371000e-05	-4.650422e-02	-1.140473e+01
1.372000e-05	3.094952e-02	-1.160331e+01
1.373000e-05	-4.713693e-02	-1.179433e+01
1.374000e-05	2.758513e-02	-1.207439e+01
1.375000e-05	-5.405969e-02	-1.222473e+01
1.376000e-05	1.631384e-02	-1.241373e+01
1.377000e-05	-3.434872e-02	-1.256066e+01
1.378000e-05	6.509410e-03	-1.278007e+01
1.379000e-05	-2.396187e-02	-1.287797e+01
1.380000e-05	-9.361284e-03	-1.307536e+01
1.381000e-05	-8.880838e-03	-1.321278e+01
1.382000e-05	-2.183490e-02	-1.338315e+01
1.383000e-05	-5.340507e-03	-1.351904e+01
1.384000e-05	-3.102650e-02	-1.367497e+01
1.385000e-05	1.203863e-03	-1.382330e+01
1.386000e-05	-2.777690e-02	-1.396964e+01
1.387000e-05	-3.622995e-03	-1.410602e+01
1.388000e-05	-2.795097e-02	-1.420230e+01
1.389000e-05	-7.249826e-03	-1.438015e+01
1.390000e-05	-2.207542e-02	-1.444538e+01
1.391000e-05	-1.483911e-02	-1.462115e+01
1.392000e-05	-2.205991e-02	-1.465546e+01
1.393000e-05	-1.596843e-02	-1.472009e+01
1.394000e-05	-1.609653e-02	-1.489438e+01
1.395000e-05	-2.045939e-02	-1.492654e+01
1.396000e-05	-2.124686e-02	-1.498175e+01
1.397000e-05	-2.124863e-02	-1.510691e+01
1.398000e-05	-1.837384e-02	-1.516909e+01
1.399000e-05	-2.294494e-02	-1.521073e+01
1.400000e-05	-2.127008e-02	-1.526591e+01
1.401000e-05	-2.273132e-02	-1.530852e+01
1.402000e-05	-1.908525e-02	-1.538168e+01
1.403000e-05	-2.632923e-02	-1.543333e+01
1.404000e-05	-2.292713e-02	-1.546438e+01
1.405000e-05	-2.696884e-02	-1.549646e+01
1.406000e-05	-2.176019e-02	-1.547851e+01
1.407000e-05	-2.688120e-02	-1.547706e+01
1.408000e-05	-2.740384e-02	-1.554862e+01
1.409000e-05	-2.868945e-02	-1.555954e+01
1.410000e-05	-2.874796e-02	-1.553012e+01
1.411000e-05	-2.857539e-02	-1.551764e+01
1.412000e-05	-3.313359e-02	-1.552861e+01
1.413000e-05	-3.167466e-02	-1.551706e+01
1.414000e-05	-3.319824e-02	-1.551648e+01
1.415000e-05	-3.380061e-02	-1.547546e+01
1.416000e-05	-3.810339e-02	-1.547336e+01
1.417000e-05	-4.018870e-02	-1.539017e+01
1.418000e-05	-3.855061e-02	-1.534019e+01
1.419000e-05	-3.916454e-02	-1.530706e+01
1.420000e-05	-4.317721e-02	-1.526293e+01
1.421000e-05	-4.567045e-02	-1.517117e+01
1.422000e-05	-4.652305e-02	-1.512906e+01
1.423000e-05	-4.726449e-02	-1.506440e+01
1.424000e-05	-5.305547e-02	-1.501025e+01
1.425000e-05	-5.595704e-02	-1.495606e+01
1.426000e-05	-5.776470e-02	-1.488385e+01
1.427000e-05	-5.911584e-02	-1.473806e+01
1.428000e-05	-6.357879e-02	-1.463238e+01
1.429000e-05	-6.698387e-02	-1.449961e+01
1.430000e-05	-6.742667e-02	-1.444333e+01
1.431000e-05	-6.824582e-02	-1.436708e+01
1.432000e-05	-6.840685e-02	-1.421122e+01
1.433000e-05	-7.099659e-02	-1.410540e+01
1.434000e-05	-6.877385e-02	-1.392719e+01
1.435000e-05	-6.678806e-02	-1.383025e+01
1.436000e-05	-6.600944e-02	-1.365385e+01
1.437000e-05	-6.414963e-02	-1.355306e+01
1.438000e-05	-6.138986e-02	-1.336919e+01
1.439000e-05	-5.682796e-02	-1.322110e+01
1.440000e-05	-5.410483e-02	-1.308433e+01
1.441000e-05	-5.194473e-02	-1.294554e+01
1.442000e-05	-4.821383e-02	-1.276911e+01
1.443000e-05	-4.517047e-02	-1.260764e+01
1.444000e-05	-4.214097e-02	-1.241932e+01
1.445000e-05	-4.133224e-02	-1.224175e+01
1.446000e-05	-3.884634e-02	-1.207335e+01
1.447000e-05	-3.515481e-02	-1.186035e+01
1.448000e-05	-3.236970e-02	-1.167329e+01
1.449000e-05	-3.176901e-02	-1.142030e+01
1.450000e-05	-2.991366e-02	-1.118816e+01
1.451000e-05	-2.765754e-02	-1.100915e+01
1.452000e-05	-2.562891e-02	-1.079814e+01
1.453000e-05	-2.390954e-02	-1.058019e+01
1.454000e-05	-2.372859e-02	-1.039117e+01
1.455000e-05	-2.115513e-02	-1.017714e+01
1.456000e-05	-1.929429e-02	-9.946458e+00
1.457000e-05	-1.926732e-02	-9.755381e+00
1.458000e-05	-1.949892e-02	-9.503405e+00
1.459000e-05	-1.821149e-02	-9.262822e+00
1.460000e-05	-1.630228e-02	-9.042222e+00
1.461000e-05	-1.567814e-02	-8.831116e+00
1.462000e-05	-1.568081e-02	-8.536038e+00
1.463000e-05	-1.433513e-02	-8.304830e+00
1.464000e-05	-1.238065e-02	-8.133300e+00
1.465000e-05	-1.163446e-02	-7.878638e+00
1.466000e-05	-1.231885e-02	-7.533855e+00
1.467000e-05	-1.229165e-02	-7.273800e+00
1.468000e-05	-1.044843e-02	-7.020070e+00
1.469000e-05	-1.006269e-02	-6.756484e+00
1.470000e-05	-1.092164e-02	-6.523852e+00
1.471000e-05	-1.053135e-02	-6.230195e+00
1.472000e-05	-8.834701e-03	-5.988961e+00
1.473000e-05	-7.597652e-03	-5.683326e+00
1.474000e-05	-8.838259e-03	-5.429089e+00
1.475000e-05	-9.509840e-03	-5.134830e+00
1.476000e-05	-7.164101e-03	-4.755562e+00
1.477000e-05	-5.846154e-03	-4.494303e+00
1.478000e-05	-7.668561e-03	-4.293227e+00
1.479000e-05	-7.863957e-03	-4.009992e+00
1.480000e-05	-8.906590e-03	-3.753257e+00
1.481000e-05	-5.730251e-03	-3.450174e+00
1.482000e-05	-6.371850e-03	-3.176486e+00
1.483000e-05	-5.602697e-03	-2.890101e+00
1.484000e-05	-5.458542e-03	-2.568986e+00
1.485000e-05	-3.503928e-03	-2.315304e+00
1.486000e-05	-4.483568e-03	-2.000045e+00
1.487000e-05	-5.660197e-03	-1.755410e+00
1.488000e-05	-6.803329e-03	-1.439248e+00
1.489000e-05	-4.414613e-03	-1.132229e+00
1.490000e-05	-3.343683e-03	-8.501185e-01
1.491000e-05	-2.975842e-03	-5.138339e-01
1.492000e-05	-2.310628e-03	-2.811258e-01
1.493000e-05	2.564315e-03	-7.915872e-03
1.494000e-05	1.115575e-02	3.087976e-01
1.495000e-05	-3.472538e-03	5.315039e-01
1.496000e-05	3.587838e-03	8.236383e-01
1.497000e-05	-3.890012e-03	1.138930e+00
1.498000e-05	5.300049e-03	1.391114e+00
1.499000e-05	-8.480337e-04	1.748351e+00
1.500000e-05	1.596653e-02	1.969448e+00
1.501000e-05	4.979563e-02	2.203037e+00
1.502000e-05	7.143716e-02	2.550403e+00
1.503000e-05	-7.434143e-02	2.916346e+00
1.504000e-05	-4.435539e-02	3.169477e+00
1.505000e-05	-2.853311e-02	3.474640e+00
1.506000e-05	7.324896e-03	3.689345e+00
1.507000e-05	-5.832442e-02	3.877821e+00
1.508000e-05	3.057289e-02	4.116854e+00
1.509000e-05	6.436110e-02	4.455191e+00
1.510000e-05	-6.324457e-02	4.745891e+00
1.511000e-05	1.598730e-01	5.013583e+00
1.512000e-05	-1.205010e-01	5.381028e+00
1.513000e-05	2.819436e-02	5.611557e+00
1.514000e-05	5.517461e-03	5.916846e+00
1.515000e-05	-1.633357e-02	6.139473e+00
1.516000e-05	4.739579e-02	6.391607e+00
1.517000e-05	-6.433712e-02	6.706421e+00
1.518000e-05	7.521063e-02	6.968504e+00
1.519000e-05	-1.015073e-02	7.243187e+00
1.520000e-05	-1.565444e-03	7.516897e+00
1.521000e-05	-3.158861e-02	7.762109e+00
1.522000e-05	1.401379e-02	8.045814e+00
1.523000e-05	5.527930e-02	8.306444e+00
1.524000e-05	-3.710594e-02	8.538421e+00
1.525000e-05	1.830840e-02	8.768003e+00
1.526000e-05	4.028539e-03	9.011656e+00
1.527000e-05	9.780027e-03	9.254734e+00
1.528000e-05	7.921700e-03	9.447288e+00
1.529000e-05	-1.818042e-02	9.696449e+00
1.530000e-05	2.159250e-02	9.919520e+00
1.531000e-05	1.140940e-02	1.019000e+01
1.532000e-05	2.462899e-02	1.036166e+01
1.533000e-05	-2.184925e-02	1.060318e+01
1.534000e-05	8.347046e-03	1.080324e+01
1.535000e-05	1.532675e-02	1.102218e+01
1.536000e-05	9.388960e-03	1.122176e+01
1.537000e-05	-5.997227e-04	1.145331e+01
1.538000e-05	2.200376e-03	1.170481e+01
1.539000e-05	2.477440e-02	1.186533e+01
1.540000e-05	9.678145e-03	1.204279e+01
1.541000e-05	2.307245e-03	1.225331e+01
1.542000e-05	-3.701888e-03	1.242273e+01
1.543000e-05	1.766665e-02	1.257063e+01
1.544000e-05	1.485032e-02	1.273952e+01
1.545000e-05	4.915925e-03	1.293702e+01
1.546000e-05	4.100508e-03	1.307689e+01
1.547000e-05	1.764886e-02	1.325229e+01
1.548000e-05	1.640550e-02	1.341213e+01
1.549000e-05	4.175128e-03	1.351909e+01
1.550000e-05	1.645983e-03	1.368546e+01
1.551000e-05	1.412406e-02	1.383225e+01
1.552000e-05	1.740537e-02	1.398875e+01
1.553000e-05	1.014411e-02	1.409657e+01
1.554000e-05	5.857126e-03	1.425238e+01
1.555000e-05	1.536667e-02	1.434017e+01
1.556000e-05	1.866796e-02	1.444544e+01
1.557000e-05	1.060950e-02	1.460073e+01
1.558000e-05	7.853829e-03	1.470791e+01
1.559000e-05	1.121523e-02	1.479013e+01
1.560000e-05	2.146828e-02	1.484441e+01
1.561000e-05	1.262297e-02	1.494749e+01
1.562000e-05	1.091578e-02	1.501415e+01
1.563000e-05	1.110303e-02	1.508541e+01
1.564000e-05	2.132089e-02	1.516912e+01
1.565000e-05	1.580743e-02	1.521228e+01
1.566000e-05	1.281353e-02	1.528389e+01
1.567000e-05	1.429076e-02	1.529755e+01
1.568000e-05	2.114773e-02	1.536020e+01
1.569000e-05	2.098067e-02	1.538265e+01
1.570000e-05	1.194612e-02	1.545333e+01
1.571000e-05	1.833563e-02	1.550646e+01
1.572000e-05	2.041738e-02	1.550748e+01
1.573000e-05	2.467781e-02	1.553746e+01
1.574000e-05	1.739061e-02	1.551957e+01
1.575000e-05	2.004938e-02	1.556957e+01
1.576000e-05	2.474335e-02	1.554811e+01
1.577000e-05	2.602687e-02	1.554911e+01
1.578000e-05	2.359528e-02	1.555809e+01
1.579000e-05	2.232565e-02	1.551754e+01
1.580000e-05	3.059906e-02	1.550498e+01
1.581000e-05	3.177112e-02	1.546388e+01
1.582000e-05	3.046913e-02	1.541278e+01
1.583000e-05	2.846898e-02	1.540967e+01
1.584000e-05	3.429987e-02	1.535817e+01
1.585000e-05	3.762495e-02	1.530701e+01
1.586000e-05	3.576325e-02	1.526437e+01
1.587000e-05	3.614352e-02	1.520117e+01
1.588000e-05	4.020537e-02	1.512759e+01
1.589000e-05	4.641146e-02	1.506285e+01
1.590000e-05	4.506410e-02	1.498914e+01
1.591000e-05	4.729839e-02	1.491796e+01
1.592000e-05	5.121987e-02	1.477172e+01
1.593000e-05	5.827966e-02	1.474596e+01
1.594000e-05	5.917263e-02	1.464127e+01
1.595000e-05	5.847737e-02	1.450704e+01
1.596000e-05	6.125692e-02	1.445927e+01
1.597000e-05	6.378078e-02	1.434456e+01
1.598000e-05	6.482255e-02	1.420072e+01
1.599000e-05	6.104251e-02	1.407137e+01
1.600000e-05	6.192755e-02	1.394651e+01
1.601000e-05	6.208377e-02	1.377812e+01
1.602000e-05	5.925488e-02	1.361130e+01
1.603000e-05	5.509566e-02	1.347331e+01
1.604000e-05	5.228349e-02	1.329701e+01
1.605000e-05	5.107286e-02	1.318969e+01
1.606000e-05	4.658892e-02	1.307025e+01
1.607000e-05	4.356046e-02	1.284288e+01
1.608000e-05	3.963455e-02	1.270535e+01
1.609000e-05	3.865714e-02	1.253646e+01
1.610000e-05	3.541383e-02	1.236912e+01
1.611000e-05	3.252144e-02	1.217959e+01
1.612000e-05	2.915707e-02	1.201864e+01
1.613000e-05	2.698075e-02	1.178914e+01
1.614000e-05	2.555703e-02	1.158022e+01
1.615000e-05	2.249329e-02	1.134816e+01
1.616000e-05	2.184810e-02	1.114852e+01
1.617000e-05	1.896988e-02	1.098859e+01
1.618000e-05	1.894128e-02	1.077006e+01
1.619000e-05	1.607997e-02	1.059707e+01
1.620000e-05	1.472499e-02	1.033646e+01
1.621000e-05	1.190478e-02	1.013689e+01
1.622000e-05	1.245634e-02	9.943806e+00
1.623000e-05	1.122828e-02	9.681826e+00
1.624000e-05	1.053749e-02	9.450596e+00
1.625000e-05	9.743715e-03	9.191213e+00
1.626000e-05	8.315593e-03	8.977488e+00
1.627000e-05	6.780846e-03	8.725457e+00
1.628000e-05	6.411409e-03	8.534358e+00
1.629000e-05	5.899472e-03	8.242823e+00
1.630000e-05	4.152401e-03	7.998146e+00
1.631000e-05	3.833393e-03	7.757009e+00
1.632000e-05	4.065358e-03	7.484377e+00
1.633000e-05	4.431029e-03	7.230495e+00
1.634000e-05	1.842906e-03	6.957014e+00
1.635000e-05	1.494716e-03	6.726378e+00
1.636000e-05	1.697302e-03	6.429770e+00
1.637000e-05	2.732933e-03	6.178516e+00
1.638000e-05	-2.056509e-04	5.947429e+00
1.639000e-05	-9.900185e-04	5.641324e+00
1.640000e-05	-8.859448e-06	5.417541e+00
1.641000e-05	6.810629e-05	5.060772e+00
1.642000e-05	-1.015328e-03	4.724832e+00
1.643000e-05	-1.743163e-03	4.491226e+00
1.644000e-05	-9.425447e-04	4.196567e+00
1.645000e-05	-5.388412e-04	3.893781e+00
1.646000e-05	-2.822952e-03	3.670096e+00
1.647000e-05	-2.938694e-03	3.335487e+00
1.648000e-05	-3.521706e-03	3.082226e+00
1.649000e-05	-2.550200e-03	2.839570e+00
1.650000e-05	-3.376168e-03	2.492801e+00
1.651000e-05	-4.598437e-03	2.209044e+00
1.652000e-05	-4.213063e-03	1.947437e+00
1.653000e-05	-2.470896e-03	1.671176e+00
1.654000e-05	-4.371756e-03	1.376439e+00
1.655000e-05	-4.890006e-03	1.061672e+00
1.656000e-05	-3.744551e-03	7.353804e-01
1.657000e-05	-2.734634e-03	4.516512e-01
1.658000e-05	-3.855955e-03	2.144339e-01
1.659000e-05	-1.994976e-03	-7.782004e-02
1.660000e-05	7.655914e-03	-3.594764e-01
1.661000e-05	-6.044367e-03	-6.557672e-01
1.662000e-05	5.648370e-04	-9.278962e-01
1.663000e-05	-7.840492e-03	-1.161052e+00
1.664000e-05	-4.864039e-04	-1.516772e+00
1.665000e-05	-1.868952e-03	-1.751373e+00
1.666000e-05	3.161515e-02	-1.949978e+00
1.667000e-05	1.050917e-01	-2.245611e+00
1.668000e-05	-7.114609e-02	-2.623637e+00
1.669000e-05	-4.589246e-02	-2.962132e+00
1.670000e-05	-4.779659e-02	-3.326742e+00
1.671000e-05	-1.196832e-02	-3.528948e+00
1.672000e-05	-7.545255e-02	-3.760055e+00
1.673000e-05	1.280400e-01	-3.990150e+00
1.674000e-05	-5.859835e-02	-4.182161e+00
1.675000e-05	-2.081565e-02	-4.508367e+00
1.676000e-05	1.567934e-01	-4.736446e+00
1.677000e-05	-1.925935e-01	-5.027767e+00
1.678000e-05	1.262426e-01	-5.369552e+00
1.679000e-05	-1.383627e-01	-5.625713e+00
1.680000e-05	3.235400e-02	-5.948973e+00
1.681000e-05	7.639218e-02	-6.159554e+00
1.682000e-05	-1.216876e-01	-6.476821e+00
1.683000e-05	1.386133e-01	-6.737521e+00
1.684000e-05	-1.193370e-01	-7.004111e+00
1.685000e-05	5.349304e-02	-7.297992e+00
1.686000e-05	-3.942406e-02	-7.536949e+00
1.687000e-05	-4.795126e-02	-7.897266e+00
1.688000e-05	9.072629e-02	-8.087367e+00
1.689000e-05	-1.091477e-01	-8.370449e+00
1.690000e-05	1.111700e-01	-8.580729e+00
1.691000e-05	-1.020337e-01	-8.833762e+00
1.692000e-05	3.221318e-02	-9.086867e+00
1.693000e-05	-1.867253e-02	-9.295866e+00
1.694000e-05	-3.105700e-02	-9.531027e+00
1.695000e-05	4.076984e-02	-9.739550e+00
1.696000e-05	-7.186298e-02	-1.001213e+01
1.697000e-05	7.518921e-02	-1.020328e+01
1.698000e-05	-8.517069e-02	-1.043479e+01
1.699000e-05	4.937896e-02	-1.066481e+01
1.700000e-05	-6.860367e-02	-1.083581e+01
1.701000e-05	2.828363e-02	-1.109536e+01
1.702000e-05	-2.808162e-02	-1.124539e+01
1.703000e-05	-4.814579e-03	-1.149746e+01
1.704000e-05	-4.394421e-03	-1.170644e+01
1.705000e-05	-2.222430e-02	-1.193852e+01
1.706000e-05	9.399902e-03	-1.210649e+01
1.707000e-05	-4.534894e-02	-1.226791e+01
1.708000e-05	1.530465e-02	-1.245339e+01
1.709000e-05	-4.084605e-02	-1.262386e+01
1.710000e-05	1.869812e-02	-1.282328e+01
1.711000e-05	-3.944968e-02	-1.303155e+01
1.712000e-05	9.499532e-03	-1.311952e+01
1.713000e-05	-2.893769e-02	-1.327539e+01
1.714000e-05	-2.426482e-03	-1.341435e+01
1.715000e-05	-2.314714e-02	-1.359120e+01
1.716000e-05	-1.641393e-02	-1.375907e+01
1.717000e-05	-1.159236e-02	-1.386436e+01
1.718000e-05	-1.961897e-02	-1.401170e+01
1.719000e-05	-7.928736e-03	-1.409664e+01
1.720000e-05	-2.432265e-02	-1.426644e+01
1.721000e-05	-7.964239e-03	-1.437068e+01
1.722000e-05	-2.456867e-02	-1.448839e+01
1.723000e-05	-1.167260e-02	-1.461083e+01
1.724000e-05	-2.511533e-02	-1.467796e+01
1.725000e-05	-1.267226e-02	-1.484162e+01
1.726000e-05	-2.052653e-02	-1.488486e+01
1.727000e-05	-1.620118e-02	-1.497867e+01
1.728000e-05	-2.303636e-02	-1.499438e+01
1.729000e-05	-1.897587e-02	-1.512794e+01
1.730000e-05	-2.215546e-02	-1.514960e+01
1.731000e-05	-2.015073e-02	-1.524331e+01
1.732000e-05	-2.370864e-02	-1.527589e+01
1.733000e-05	-2.142817e-02	-1.534007e+01
1.734000e-05	-2.084501e-02	-1.537125e+01
1.735000e-05	-2.513186e-02	-1.543338e+01
1.736000e-05	-2.378537e-02	-1.545433e+01
1.737000e-05	-2.602891e-02	-1.549493e+01
1.738000e-05	-2.105270e-02	-1.546704e+01
1.739000e-05	-2.807896e-02	-1.554906e+01
1.740000e-05	-2.703566e-02	-1.553911e+01
1.741000e-05	-2.957988e-02	-1.555869e+01
1.742000e-05	-2.807289e-02	-1.555764e+01
1.743000e-05	-3.124393e-02	-1.553959e+01
1.744000e-05	-3.200230e-02	-1.549802e+01
1.745000e-05	-3.139421e-02	-1.552753e+01
1.746000e-05	-3.299564e-02	-1.546688e+01
1.747000e-05	-3.578517e-02	-1.544448e+01
1.748000e-05	-3.857710e-02	-1.546378e+01
1.749000e-05	-3.887962e-02	-1.544125e+01
1.750000e-05	-4.002230e-02	-1.535852e+01
1.751000e-05	-4.157921e-02	-1.529706e+01
1.752000e-05	-4.395606e-02	-1.524330e+01
1.753000e-05	-4.414947e-02	-1.514869e+01
1.754000e-05	-4.768617e-02	-1.509648e+01
1.755000e-05	-5.112451e-02	-1.506190e+01
1.756000e-05	-5.334611e-02	-1.499964e+01
1.757000e-05	-5.479597e-02	-1.489446e+01
1.758000e-05	-5.694261e-02	-1.480074e+01
1.759000e-05	-6.150968e-02	-1.470649e+01
1.760000e-05	-6.523118e-02	-1.460025e+01
1.761000e-05	-6.629199e-02	-1.450754e+01
1.762000e-05	-6.808835e-02	-1.439072e+01
1.763000e-05	-7.064226e-02	-1.430493e+01
1.764000e-05	-7.007036e-02	-1.415711e+01
1.765000e-05	-6.939567e-02	-1.400185e+01
1.766000e-05	-6.741752e-02	-1.391298e+01
1.767000e-05	-6.736068e-02	-1.380017e+01
1.768000e-05	-6.643327e-02	-1.359175e+01
1.769000e-05	-6.229114e-02	-1.348338e+01
1.770000e-05	-5.900080e-02	-1.329553e+01
1.771000e-05	-5.638178e-02	-1.317917e+01
1.772000e-05	-5.349734e-02	-1.303225e+01
1.773000e-05	-4.950244e-02	-1.289488e+01
1.774000e-05	-4.688296e-02	-1.273443e+01
1.775000e-05	-4.521053e-02	-1.253699e+01
1.776000e-05	-4.288004e-02	-1.236909e+01
1.777000e-05	-4.005881e-02	-1.216969e+01
1.778000e-05	-3.665351e-02	-1.204029e+01
1.779000e-05	-3.442548e-02	-1.178916e+01
1.780000e-05	-3.398226e-02	-1.158762e+01
1.781000e-05	-3.046753e-02	-1.130701e+01
1.782000e-05	-2.778784e-02	-1.116601e+01
1.783000e-05	-2.689194e-02	-1.090596e+01
1.784000e-05	-2.719601e-02	-1.071694e+01
1.785000e-05	-2.487805e-02	-1.057451e+01
1.786000e-05	-2.231210e-02	-1.033598e+01
1.787000e-05	-2.118830e-02	-1.010385e+01
1.788000e-05	-2.183355e-02	-9.890800e+00
1.789000e-05	-2.005224e-02	-9.672249e+00
1.790000e-05	-1.729328e-02	-9.429716e+00
1.791000e-05	-1.558758e-02	-9.199166e+00
1.792000e-05	-1.693547e-02	-8.968516e+00
1.793000e-05	-1.604599e-02	-8.743928e+00
1.794000e-05	-1.361699e-02	-8.474375e+00
1.795000e-05	-1.376716e-02	-8.250744e+00
1.796000e-05	-1.419109e-02	-7.998116e+00
1.797000e-05	-1.477448e-02	-7.705404e+00
1.798000e-05	-1.190191e-02	-7.440623e+00
1.799000e-05	-1.026476e-02	-7.197592e+00
1.800000e-05	-9.241177e-03	-6.903355e+00
1.801000e-05	-1.075504e-02	-6.662774e+00
1.802000e-05	-8.742853e-03	-6.410090e+00
1.803000e-05	-1.011576e-02	-6.114933e+00
1.804000e-05	-9.857054e-03	-5.872351e+00
1.805000e-05	-1.181126e-02	-5.599944e+00
1.806000e-05	-9.229580e-03	-5.354324e+00
1.807000e-05	-7.147046e-03	-4.970117e+00
1.808000e-05	-4.309937e-03	-4.702272e+00
1.809000e-05	-6.410415e-03	-4.441649e+00
1.810000e-05	-6.428331e-03	-4.157071e+00
1.811000e-05	-6.774119e-03	-3.942353e+00
1.812000e-05	-7.868155e-03	-3.631041e+00
1.813000e-05	-9.183798e-03	-3.365964e+00
1.814000e-05	-7.362608e-03	-3.091744e+00
1.815000e-05	-3.833355e-03	-2.786964e+00
1.816000e-05	-2.597053e-03	-2.494805e+00
1.817000e-05	-4.062580e-03	-2.228043e+00
1.818000e-05	-5.287507e-03	-1.935283e+00
1.819000e-05	-4.746688e-03	-1.669675e+00
1.820000e-05	-5.888252e-03	-1.345881e+00
1.821000e-05	-5.946441e-03	-1.008020e+00
1.822000e-05	-6.187213e-03	-7.448331e-01
1.823000e-05	-2.522412e-03	-4.095148e-01
1.824000e-05	-1.427149e-04	-1.659357e-01
1.825000e-05	6.799213e-03	6.619996e-02
1.826000e-05	5.699553e-03	3.919829e-01
1.827000e-05	5.839305e-04	6.441383e-01
1.828000e-05	1.171698e-03	8.893537e-01
1.829000e-05	-8.839065e-04	1.265159e+00
1.830000e-05	9.891713e-04	1.507749e+00
1.831000e-05	9.474772e-05	1.842134e+00
1.832000e-05	2.275991e-02	2.022584e+00
1.833000e-05	7.646733e-02	2.318371e+00
1.834000e-05	1.824746e-02	2.709295e+00
1.835000e-05	-6.739310e-02	2.992059e+00
1.836000e-05	-4.458200e-02	3.265192e+00
1.837000e-05	-6.247002e-03	3.558976e+00
1.838000e-05	-2.023617e-02	3.759507e+00
1.839000e-05	-5.054781e-02	3.959351e+00
1.840000e-05	8.596003e-02	4.243541e+00
1.841000e-05	-1.916545e-02	4.550951e+00
1.842000e-05	3.251424e-02	4.762578e+00
1.843000e-05	8.341975e-02	5.118932e+00
1.844000e-05	-1.172879e-01	5.473183e+00
1.845000e-05	6.656508e-02	5.666746e+00
1.846000e-05	-3.903208e-02	5.951577e+00
1.847000e-05	3.275411e-02	6.223637e+00
1.848000e-05	-7.881470e-04	6.526349e+00
1.849000e-05	-3.151047e-02	6.794007e+00
1.850000e-05	7.835656e-02	7.026162e+00
1.851000e-05	-3.412176e-02	7.298444e+00
1.852000e-05	8.500163e-03	7.613058e+00
1.853000e-05	-4.523140e-02	7.805898e+00
1.854000e-05	5.668697e-02	8.160576e+00
1.855000e-05	2.147037e-02	8.391557e+00
1.856000e-05	-3.860104e-02	8.573108e+00
1.857000e-05	3.603644e-02	8.875310e+00
1.858000e-05	-1.612540e-02	9.056893e+00
1.859000e-05	3.456453e-02	9.337947e+00
1.860000e-05	-2.416866e-02	9.501042e+00
1.861000e-05	1.181886e-02	9.820107e+00
1.862000e-05	1.067434e-02	1.003381e+01
1.863000e-05	2.138781e-02	1.022216e+01
1.864000e-05	9.592151e-03	1.041534e+01
1.865000e-05	-2.585623e-02	1.065539e+01
1.866000e-05	2.664765e-02	1.088691e+01
1.867000e-05	1.639518e-03	1.107641e+01
1.868000e-05	1.873917e-02	1.127634e+01
1.869000e-05	-1.455685e-02	1.148637e+01
1.870000e-05	2.448174e-02	1.171800e+01
1.871000e-05	1.180310e-02	1.187997e+01
1.872000e-05	1.258570e-02	1.209794e+01
1.873000e-05	-6.165382e-03	1.227689e+01
1.874000e-05	5.513861e-03	1.245489e+01
1.875000e-05	2.051981e-02	1.263426e+01
1.876000e-05	5.552627e-03	1.282215e+01
1.877000e-05	7.381198e-03	1.294965e+01
1.878000e-05	3.680468e-03	1.311999e+01
1.879000e-05	2.705875e-02	1.331746e+01
1.880000e-05	5.635368e-03	1.345428e+01
1.881000e-05	7.143740e-03	1.355025e+01
1.882000e-05	1.873376e-03	1.371749e+01
1.883000e-05	2.138624e-02	1.384539e+01
1.884000e-05	1.180585e-02	1.398275e+01
1.885000e-05	5.484491e-03	1.412865e+01
1.886000e-05	1.083234e-02	1.429649e+01
1.887000e-05	1.756710e-02	1.438220e+01
1.888000e-05	1.765726e-02	1.451707e+01
1.889000e-05	4.510732e-03	1.462280e+01
1.890000e-05	1.350559e-02	1.471002e+01
1.891000e-05	1.566864e-02	1.481120e+01
1.892000e-05	1.980559e-02	1.486639e+01
1.893000e-05	9.081658e-03	1.497067e+01
1.894000e-05	1.171222e-02	1.505433e+01
1.895000e-05	1.775508e-02	1.511649e+01
1.896000e-05	1.890644e-02	1.513959e+01
1.897000e-05	1.365218e-02	1.522436e+01
1.898000e-05	1.121010e-02	1.529551e+01
1.899000e-05	2.056767e-02	1.536717e+01
1.900000e-05	2.023486e-02	1.540222e+01
1.901000e-05	1.651718e-02	1.542388e+01
1.902000e-05	1.359553e-02	1.543428e+01
1.903000e-05	2.192781e-02	1.548648e+01
1.904000e-05	2.342065e-02	1.549799e+01
1.905000e-05	1.963704e-02	1.555751e+01
1.906000e-05	1.795741e-02	1.553914e+01
1.907000e-05	2.182597e-02	1.555869e+01
1.908000e-05	2.771766e-02	1.552859e+01
1.909000e-05	2.216462e-02	1.551912e+01
1.910000e-05	2.317342e-02	1.551856e+01
1.911000e-05	2.596257e-02	1.548846e+01
1.912000e-05	3.401605e-02	1.550603e+01
1.913000e-05	2.925789e-02	1.546433e+01
1.914000e-05	2.762951e-02	1.541177e+01
1.915000e-05	3.131325e-02	1.539964e+01
1.916000e-05	3.610058e-02	1.533752e+01
1.917000e-05	3.638902e-02	1.527548e+01
1.918000e-05	3.336863e-02	1.519283e+01
1.919000e-05	3.981028e-02	1.514864e+01
1.920000e-05	4.422777e-02	1.510743e+01
1.921000e-05	4.655659e-02	1.503180e+01
1.922000e-05	4.304480e-02	1.496809e+01
1.923000e-05	4.846465e-02	1.484285e+01
1.924000e-05	5.551718e-02	1.476114e+01
1.925000e-05	5.618588e-02	1.465451e+01
1.926000e-05	5.735062e-02	1.460965e+01
1.927000e-05	5.861688e-02	1.451551e+01
1.928000e-05	6.605825e-02	1.437969e+01
1.929000e-05	6.388200e-02	1.428290e+01
1.930000e-05	6.279828e-02	1.413611e+01
1.931000e-05	5.945258e-02	1.398972e+01
1.932000e-05	6.462436e-02	1.384383e+01
1.933000e-05	6.139859e-02	1.373654e+01
1.934000e-05	5.596976e-02	1.356009e+01
1.935000e-05	5.253165e-02	1.344273e+01
1.936000e-05	5.292860e-02	1.327443e+01
1.937000e-05	5.171479e-02	1.313608e+01
1.938000e-05	4.506541e-02	1.298862e+01
1.939000e-05	4.095018e-02	1.281964e+01
1.940000e-05	4.064564e-02	1.265228e+01
1.941000e-05	3.937952e-02	1.250435e+01
1.942000e-05	3.353140e-02	1.229648e+01
1.943000e-05	2.857411e-02	1.213550e+01
1.944000e-05	2.888617e-02	1.193653e+01
1.945000e-05	2.860331e-02	1.176751e+01
1.946000e-05	2.509419e-02	1.153603e+01
1.947000e-05	1.994854e-02	1.132698e+01
1.948000e-05	2.108699e-02	1.107588e+01
1.949000e-05	2.143905e-02	1.091691e+01
1.950000e-05	1.760228e-02	1.074440e+01
1.951000e-05	1.319475e-02	1.051340e+01
1.952000e-05	1.361912e-02	1.027378e+01
1.953000e-05	1.498920e-02	1.006277e+01
1.954000e-05	1.278370e-02	9.828648e+00
1.955000e-05	9.072779e-03	9.578085e+00
1.956000e-05	8.068246e-03	9.387489e+00
1.957000e-05	1.031345e-02	9.147984e+00
1.958000e-05	8.665128e-03	8.923856e+00
1.959000e-05	5.629527e-03	8.661272e+00
1.960000e-05	4.727267e-03	8.442175e+00
1.961000e-05	7.247670e-03	8.209114e+00
1.962000e-05	6.277532e-03	7.864830e+00
1.963000e-05	2.751920e-03	7.683831e+00
1.964000e-05	1.113979e-03	7.407613e+00
1.965000e-05	2.981332e-03	7.125933e+00
1.966000e-05	3.967983e-03	6.912725e+00
1.967000e-05	1.203579e-03	6.619087e+00
1.968000e-05	1.272589e-04	6.356013e+00
1.969000e-05	1.389001e-03	6.153734e+00
1.970000e-05	2.992322e-03	5.843118e+00
1.971000e-05	-6.161795e-05	5.589987e+00
1.972000e-05	-2.383023e-03	5.294347e+00
1.973000e-05	-1.181516e-03	4.935434e+00
1.974000e-05	7.075328e-04	4.651122e+00
1.975000e-05	-7.883219e-04	4.397542e+00
1.976000e-05	-3.676736e-03	4.082200e+00
1.977000e-05	-2.457887e-03	3.809067e+00
1.978000e-05	-6.483482e-04	3.567509e+00
1.979000e-05	-1.632637e-03	3.260648e+00
1.980000e-05	-4.349939e-03	2.948935e+00
1.981000e-05	-4.368887e-03	2.714881e+00
1.982000e-05	-1.864552e-03	2.389517e+00
1.983000e-05	-3.499880e-03	2.134359e+00
1.984000e-05	-5.581753e-03	1.881152e+00
1.985000e-05	-5.525684e-03	1.566467e+00
1.986000e-05	-2.538493e-03	1.291073e+00
1.987000e-05	-2.689208e-03	9.349038e-01
1.988000e-05	-4.425908e-03	6.231448e-01
1.989000e-05	-6.334387e-03	3.969109e-01
1.990000e-05	-1.980801e-03	5.260239e-02
1.991000e-05	4.171129e-03	-2.015066e-01
1.992000e-05	1.997956e-03	-4.131906e-01
1.993000e-05	-5.632276e-03	-7.498788e-01
1.994000e-05	-3.796158e-03	-9.620591e-01
1.995000e-05	-1.460309e-03	-1.264739e+00
1.996000e-05	-3.729527e-03	-1.559507e+00
1.997000e-05	3.946251e-03	-1.813082e+00
1.998000e-05	5.152554e-02	-1.993135e+00
1.999000e-05	7.897368e-02	-2.380980e+00
2.000000e-05	-9.318537e-02	-2.739828e+00
2.001000e-05	-3.435121e-02	-3.128902e+00
2.002000e-05	-4.752989e-02	-3.369982e+00
2.003000e-05	-1.980912e-02	-3.613532e+00
2.004000e-05	-5.088359e-02	-3.845689e+00
2.005000e-05	1.528167e-01	-4.044288e+00
2.006000e-05	-1.677337e-01	-4.347800e+00
2.007000e-05	1.394659e-01	-4.522054e+00
2.008000e-05	1.648860e-02	-4.833713e+00
2.009000e-05	-1.188810e-01	-5.202078e+00
2.010000e-05	1.079177e-01	-5.463663e+00
2.011000e-05	-1.934861e-01	-5.771530e+00
2.012000e-05	1.560938e-01	-6.003180e+00
2.013000e-05	-5.870021e-02	-6.246716e+00
2.014000e-05	-1.799740e-02	-6.571083e+00
2.015000e-05	8.585520e-02	-6.762703e+00
2.016000e-05	-1.177094e-01	-7.117879e+00
2.017000e-05	9.291669e-02	-7.373129e+00
2.018000e-05	-1.206335e-01	-7.606211e+00
2.019000e-05	5.084209e-02	-7.939524e+00
2.020000e-05	8.712246e-03	-8.150081e+00
2.021000e-05	-5.001912e-02	-8.425239e+00
2.022000e-05	8.719553e-02	-8.624285e+00
2.023000e-05	-1.275337e-01	-8.958476e+00
2.024000e-05	9.109228e-02	-9.119024e+00
2.025000e-05	-9.053562e-02	-9.331599e+00
2.026000e-05	4.695846e-02	-9.652707e+00
2.027000e-05	-3.633117e-02	-9.822631e+00
2.028000e-05	-3.886754e-03	-1.005636e+01
2.029000e-05	2.457453e-02	-1.026532e+01
2.030000e-05	-5.957945e-02	-1.051893e+01
2.031000e-05	3.936950e-02	-1.067847e+01
2.032000e-05	-7.068289e-02	-1.090742e+01
2.033000e-05	5.295034e-02	-1.115909e+01
2.034000e-05	-6.242526e-02	-1.134903e+01
2.035000e-05	2.891342e-02	-1.155007e+01
2.036000e-05	-4.276128e-02	-1.179270e+01
2.037000e-05	1.515013e-02	-1.195208e+01
2.038000e-05	-2.736197e-02	-1.218912e+01
2.039000e-05	-1.391042e-02	-1.235010e+01
2.040000e-05	-4.404328e-03	-1.251850e+01
2.041000e-05	-2.009430e-02	-1.270544e+01
2.042000e-05	4.195975e-03	-1.285544e+01
2.043000e-05	-3.853701e-02	-1.303228e+01
2.044000e-05	8.272582e-03	-1.318320e+01
2.045000e-05	-3.488676e-02	-1.334909e+01
2.046000e-05	7.036882e-03	-1.346741e+01
2.047000e-05	-3.644363e-02	-1.363271e+01
2.048000e-05	2.404269e-04	-1.380317e+01
2.049000e-05	-2.127054e-02	-1.390646e+01
2.050000e-05	-7.289173e-03	-1.408483e+01
2.051000e-05	-2.267812e-02	-1.414864e+01
2.052000e-05	-1.826041e-02	-1.433847e+01
2.053000e-05	-1.370293e-02	-1.442283e+01
2.054000e-05	-1.923630e-02	-1.454952e+01
2.055000e-05	-1.578837e-02	-1.465431e+01
2.056000e-05	-2.273420e-02	-1.470907e+01
2.057000e-05	-9.832175e-03	-1.479320e+01
2.058000e-05	-1.975743e-02	-1.493696e+01
2.059000e-05	-1.787324e-02	-1.497120e+01
2.060000e-05	-2.607448e-02	-1.504273e+01
2.061000e-05	-1.707069e-02	-1.512804e+01
2.062000e-05	-2.235827e-02	-1.519220e+01
2.063000e-05	-2.021568e-02	-1.524284e+01
2.064000e-05	-2.506394e-02	-1.532604e+01
2.065000e-05	-1.672144e-02	-1.533862e+01
2.066000e-05	-2.200458e-02	-1.541223e+01
2.067000e-05	-2.356378e-02	-1.543278e+01
2.068000e-05	-2.747406e-02	-1.547445e+01
2.069000e-05	-2.417932e-02	-1.550749e+01
2.070000e-05	-2.199655e-02	-1.552651e+01
2.071000e-05	-2.812894e-02	-1.552907e+01
2.072000e-05	-2.845781e-02	-1.550757e+01
2.073000e-05	-2.990678e-02	-1.550804e+01
2.074000e-05	-2.606011e-02	-1.555856e+01
2.075000e-05	-3.230007e-02	-1.553759e+01
2.076000e-05	-3.419552e-02	-1.552809e+01
2.077000e-05	-3.383275e-02	-1.551551e+01
2.078000e-05	-3.212308e-02	-1.545538e+01
2.079000e-05	-3.450031e-02	-1.544381e+01
2.080000e-05	-3.890468e-02	-1.543165e+01
2.081000e-05	-3.941496e-02	-1.539122e+01
2.082000e-05	-3.874891e-02	-1.537861e+01
2.083000e-05	-4.132573e-02	-1.527598e+01
2.084000e-05	-4.555350e-02	-1.523180e+01
2.085000e-05	-4.849817e-02	-1.516814e+01
2.086000e-05	-4.794044e-02	-1.508489e+01
2.087000e-05	-4.921290e-02	-1.501023e+01
2.088000e-05	-5.409820e-02	-1.494756e+01
2.089000e-05	-5.702810e-02	-1.489388e+01
2.090000e-05	-5.844116e-02	-1.476929e+01
2.091000e-05	-6.058289e-02	-1.470433e+01
2.092000e-05	-6.635205e-02	-1.460169e+01
2.093000e-05	-7.045462e-02	-1.444396e+01
2.094000e-05	-6.944796e-02	-1.437664e+01
2.095000e-05	-6.820839e-02	-1.420235e+01
2.096000e-05	-6.885854e-02	-1.412606e+01
2.097000e-05	-6.966071e-02	-1.398969e+01
2.098000e-05	-6.693677e-02	-1.386278e+01
2.099000e-05	-6.478332e-02	-1.371598e+01
2.100000e-05	-6.425080e-02	-1.356872e+01
2.101000e-05	-6.445055e-02	-1.342177e+01
2.102000e-05	-6.034534e-02	-1.327345e+01
2.103000e-05	-5.462650e-02	-1.310439e+01
2.104000e-05	-5.121625e-02	-1.297012e+01
2.105000e-05	-4.962975e-02	-1.281130e+01
2.106000e-05	-4.650233e-02	-1.264237e+01
2.107000e-05	-4.257762e-02	-1.248443e+01
2.108000e-05	-4.124812e-02	-1.227546e+01
2.109000e-05	-4.023296e-02	-1.210849e+01
2.110000e-05	-3.864403e-02	-1.193701e+01
2.111000e-05	-3.511833e-02	-1.174354e+01
2.112000e-05	-3.136897e-02	-1.148598e+01
2.113000e-05	-2.996574e-02	-1.127135e+01
2.114000e-05	-2.842638e-02	-1.108335e+01
2.115000e-05	-2.523473e-02	-1.083285e+01
2.116000e-05	-2.420676e-02	-1.065436e+01
2.117000e-05	-2.400913e-02	-1.050385e+01
2.118000e-05	-2.352620e-02	-1.025110e+01
2.119000e-05	-2.151903e-02	-1.002214e+01
2.120000e-05	-1.857202e-02	-9.819645e+00
2.121000e-05	-1.828070e-02	-9.589612e+00
2.122000e-05	-1.765657e-02	-9.346534e+00
2.123000e-05	-1.574634e-02	-9.133858e+00
2.124000e-05	-1.553850e-02	-8.894329e+00
2.125000e-05	-1.607391e-02	-8.681220e+00
2.126000e-05	-1.674705e-02	-8.398165e+00
2.127000e-05	-1.427408e-02	-8.196513e+00
2.128000e-05	-1.109358e-02	-7.922975e+00
2.129000e-05	-1.163675e-02	-7.629646e+00
2.130000e-05	-1.107063e-02	-7.374063e+00
2.131000e-05	-1.217794e-02	-7.124408e+00
2.132000e-05	-9.197883e-03	-6.820700e+00
2.133000e-05	-1.029407e-02	-6.597638e+00
2.134000e-05	-1.101493e-02	-6.346385e+00
2.135000e-05	-1.244914e-02	-6.063149e+00
2.136000e-05	-8.084470e-03	-5.818141e+00
2.137000e-05	-7.711933e-03	-5.504802e+00
2.138000e-05	-7.229259e-03	-5.218095e+00
2.139000e-05	-9.950148e-03	-4.871304e+00
2.140000e-05	-6.299626e-03	-4.589043e+00
2.141000e-05	-7.098388e-03	-4.376886e+00
2.142000e-05	-6.883809e-03	-4.114329e+00
2.143000e-05	-1.049106e-02	-3.850693e+00
2.144000e-05	-6.652919e-03	-3.545910e+00
2.145000e-05	-6.072616e-03	-3.281229e+00
2.146000e-05	-4.818626e-03	-2.956485e+00
2.147000e-05	-6.335906e-03	-2.713302e+00
2.148000e-05	-4.165533e-03	-2.429017e+00
2.149000e-05	-3.836260e-03	-2.132779e+00
2.150000e-05	-4.971538e-03	-1.850599e+00
2.151000e-05	-7.483467e-03	-1.585884e+00
2.152000e-05	-5.342490e-03	-1.198491e+00
2.153000e-05	-3.695619e-03	-9.228316e-01
2.154000e-05	-3.661238e-03	-6.611996e-01
2.155000e-05	-2.043343e-03	-3.653878e-01
2.156000e-05	-1.290824e-03	-8.122721e-02
2.157000e-05	9.779120e-03	1.915358e-01
2.158000e-05	-1.475830e-03	5.056899e-01
2.159000e-05	3.584029e-03	7.383464e-01
2.160000e-05	-4.195473e-03	1.054686e+00
2.161000e-05	4.706214e-03	1.316370e+00
2.162000e-05	1.999005e-03	1.624085e+00
2.163000e-05	9.077572e-03	1.887219e+00
2.164000e-05	2.811347e-02	2.116969e+00
2.165000e-05	9.094959e-02	2.456136e+00
2.166000e-05	-4.155233e-02	2.794060e+00
2.167000e-05	-5.127052e-02	3.116267e+00
2.168000e-05	-4.329208e-02	3.338402e+00
2.169000e-05	1.144150e-02	3.633034e+00
2.170000e-05	-4.542259e-02	3.823137e+00
2.171000e-05	-2.294164e-02	4.001610e+00
2.172000e-05	1.090979e-01	4.329952e+00
2.173000e-05	-8.511173e-02	4.602685e+00
2.174000e-05	1.343453e-01	4.874826e+00
2.175000e-05	-3.165097e-02	5.236165e+00
2.176000e-05	-5.502290e-02	5.466396e+00
2.177000e-05	5.493216e-02	5.791531e+00
2.178000e-05	-5.108427e-02	6.064813e+00
2.179000e-05	6.484316e-02	6.286872e+00
2.180000e-05	-4.798870e-02	6.623133e+00
2.181000e-05	2.403579e-02	6.876738e+00
2.182000e-05	4.171490e-02	7.109874e+00
2.183000e-05	-2.583915e-02	7.393232e+00
2.184000e-05	-3.520513e-03	7.686791e+00
2.185000e-05	-3.260943e-02	7.940606e+00
2.186000e-05	6.966478e-02	8.224239e+00
2.187000e-05	-1.092912e-02	8.485310e+00
2.188000e-05	-1.550797e-02	8.645238e+00
2.189000e-05	3.033430e-02	8.898524e+00
2.190000e-05	-1.762617e-02	9.122526e+00
2.191000e-05	3.813812e-02	9.352080e+00
2.192000e-05	-3.521302e-02	9.613708e+00
2.193000e-05	2.550276e-02	9.827768e+00
2.194000e-05	3.185600e-03	1.009686e+01
2.195000e-05	2.957486e-02	1.024639e+01
2.196000e-05	-5.249783e-03	1.051652e+01
2.197000e-05	-1.650346e-02	1.075942e+01
2.198000e-05	2.802960e-02	1.091905e+01
2.199000e-05	-1.824963e-03	1.109102e+01
2.200000e-05	2.017217e-02	1.135063e+01
2.201000e-05	-1.612413e-02	1.158862e+01
2.202000e-05	3.176216e-02	1.180218e+01
2.203000e-05	5.298523e-03	1.194960e+01
2.204000e-05	1.265082e-02	1.218918e+01
2.205000e-05	-9.640583e-03	1.236000e+01
2.206000e-05	1.078305e-02	1.252807e+01
2.207000e-05	1.951016e-02	1.264689e+01
2.208000e-05	4.530161e-03	1.283278e+01
2.209000e-05	8.304717e-03	1.300320e+01
2.210000e-05	6.378504e-03	1.319220e+01
2.211000e-05	2.629294e-02	1.330700e+01
2.212000e-05	3.167155e-03	1.349589e+01
2.213000e-05	5.709666e-03	1.362271e+01
2.214000e-05	4.103138e-03	1.377024e+01
2.215000e-05	2.086663e-02	1.391602e+01
2.216000e-05	1.331612e-02	1.404438e+01
2.217000e-05	5.343594e-03	1.420073e+01
2.218000e-05	1.324934e-02	1.432752e+01
2.219000e-05	1.585662e-02	1.444386e+01
2.220000e-05	1.719838e-02	1.457057e+01
2.221000e-05	5.100648e-03	1.462488e+01
2.222000e-05	1.265711e-02	1.473852e+01
2.223000e-05	1.649064e-02	1.485473e+01
2.224000e-05	1.800287e-02	1.487794e+01
2.225000e-05	1.073784e-02	1.498115e+01
2.226000e-05	1.064380e-02	1.507438e+01
2.227000e-05	1.882469e-02	1.512897e+01
2.228000e-05	1.669459e-02	1.519227e+01
2.229000e-05	1.499253e-02	1.526550e+01
2.230000e-05	1.198958e-02	1.530641e+01
2.231000e-05	2.089436e-02	1.538917e+01
2.232000e-05	2.053418e-02	1.534077e+01
2.233000e-05	1.571720e-02	1.544483e+01
2.234000e-05	1.583120e-02	1.545596e+01
2.235000e-05	2.000885e-02	1.550796e+01
2.236000e-05	2.429728e-02	1.550759e+01
2.237000e-05	1.897109e-02	1.553761e+01
2.238000e-05	2.023271e-02	1.551867e+01
2.239000e-05	2.171001e-02	1.556067e+01
2.240000e-05	2.679868e-02	1.555914e+01
2.241000e-05	2.365680e-02	1.553902e+01
2.242000e-05	2.404490e-02	1.550754e+01
2.243000e-05	2.813391e-02	1.551603e+01
2.244000e-05	3.172142e-02	1.548640e+01
2.245000e-05	3.048581e-02	1.542240e+01
2.246000e-05	2.861218e-02	1.539024e+01
2.247000e-05	3.305217e-02	1.539020e+01
2.248000e-05	3.537943e-02	1.532649e+01
2.249000e-05	3.781593e-02	1.528396e+01
2.250000e-05	3.658393e-02	1.521077e+01
2.251000e-05	4.088656e-02	1.515856e+01
2.252000e-05	4.299989e-02	1.507488e+01
2.253000e-05	4.539011e-02	1.502172e+01
2.254000e-05	4.640013e-02	1.490651e+01
2.255000e-05	4.979979e-02	1.485328e+01
2.256000e-05	5.476019e-02	1.474959e+01
2.257000e-05	5.618381e-02	1.464338e+01
2.258000e-05	6.048783e-02	1.454906e+01
2.259000e-05	5.997408e-02	1.441245e+01
2.260000e-05	6.473776e-02	1.435811e+01
2.261000e-05	6.314944e-02	1.428225e+01
2.262000e-05	6.483085e-02	1.407455e+01
2.263000e-05	6.144047e-02	1.397909e+01
2.264000e-05	6.176432e-02	1.380922e+01
2.265000e-05	5.807767e-02	1.371395e+01
2.266000e-05	5.794457e-02	1.351593e+01
2.267000e-05	5.353662e-02	1.338907e+01
2.268000e-05	5.152483e-02	1.322182e+01
2.269000e-05	4.775755e-02	1.309180e+01
2.270000e-05	4.605043e-02	1.293548e+01
2.271000e-05	4.109478e-02	1.276756e+01
2.272000e-05	3.883651e-02	1.259967e+01
2.273000e-05	3.517461e-02	1.245177e+01
2.274000e-05	3.457606e-02	1.226175e+01
2.275000e-05	3.094580e-02	1.206383e+01
2.276000e-05	2.722326e-02	1.188383e+01
2.277000e-05	2.515260e-02	1.166535e+01
2.278000e-05	2.440761e-02	1.147282e+01
2.279000e-05	2.291357e-02	1.125235e+01
2.280000e-05	1.921273e-02	1.105273e+01
2.281000e-05	1.888978e-02	1.084227e+01
2.282000e-05	1.632058e-02	1.065230e+01
2.283000e-05	1.748531e-02	1.043020e+01
2.284000e-05	1.321557e-02	1.019962e+01
2.285000e-05	1.281249e-02	9.980092e+00
2.286000e-05	1.107223e-02	9.733959e+00
2.287000e-05	1.135917e-02	9.473380e+00
2.288000e-05	8.555243e-03	9.303833e+00
2.289000e-05	7.042357e-03	9.081300e+00
2.290000e-05	6.212792e-03	8.821668e+00
2.291000e-05	7.433528e-03	8.598591e+00
2.292000e-05	5.798894e-03	8.358116e+00
2.293000e-05	4.801140e-03	8.124854e+00
2.294000e-05	4.425891e-03	7.861647e+00
2.295000e-05	4.421857e-03	7.601613e+00
2.296000e-05	3.650519e-03	7.343903e+00
2.297000e-05	7.893257e-04	7.051175e+00
2.298000e-05	1.040539e-03	6.790116e+00
2.299000e-05	1.049864e-03	6.563334e+00
2.300000e-05	9.879903e-04	6.262247e+00
2.301000e-05	5.946803e-04	6.051169e+00
2.302000e-05	-3.471973e-04	5.743559e+00
2.303000e-05	9.562020e-04	5.464226e+00
2.304000e-05	6.160991e-04	5.188613e+00
2.305000e-05	-4.176102e-04	4.820097e+00
2.306000e-05	-2.078361e-03	4.586984e+00
2.307000e-05	-2.218744e-03	4.281778e+00
2.308000e-05	-8.879161e-04	4.006516e+00
2.309000e-05	-2.916009e-03	3.724358e+00
2.310000e-05	-3.744404e-03	3.454751e+00
2.311000e-05	-2.429037e-03	3.166937e+00
2.312000e-05	-1.067063e-03	2.915304e+00
2.313000e-05	-2.929764e-03	2.678642e+00
2.314000e-05	-4.697689e-03	2.344778e+00
2.315000e-05	-4.823154e-03	2.060556e+00
2.316000e-05	-2.848643e-03	1.787492e+00
2.317000e-05	-3.861058e-03	1.490676e+00
2.318000e-05	-5.250821e-03	1.185911e+00
2.319000e-05	-5.139459e-03	8.289959e-01
2.320000e-05	-3.205289e-03	5.763842e-01
2.321000e-05	-3.160965e-03	3.032823e-01
2.322000e-05	-3.567406e-03	-3.206326e-02
2.323000e-05	6.435691e-03	-2.766709e-01
2.324000e-05	-3.146091e-03	-4.978252e-01
2.325000e-05	1.276430e-03	-8.441368e-01
2.326000e-05	-8.418388e-03	-1.075266e+00
2.327000e-05	-1.942252e-03	-1.399532e+00
2.328000e-05	-4.463223e-03	-1.645687e+00
2.329000e-05	1.697580e-02	-1.917244e+00
2.330000e-05	8.514540e-02	-2.064792e+00
2.331000e-05	2.867247e-03	-2.457189e+00
2.332000e-05	-7.535158e-02	-2.804743e+00
2.333000e-05	-3.577711e-02	-3.213084e+00
2.334000e-05	-2.654040e-02	-3.433240e+00
2.335000e-05	-5.473899e-02	-3.656246e+00
2.336000e-05	2.865436e-02	-3.907346e+00
2.337000e-05	8.898105e-02	-4.106846e+00
2.338000e-05	-1.662409e-01	-4.403084e+00
2.339000e-05	2.150440e-01	-4.615265e+00
2.340000e-05	-1.329731e-01	-4.909953e+00
2.341000e-05	1.943945e-02	-5.276795e+00
2.342000e-05	4.459058e-03	-5.529454e+00
2.343000e-05	-1.346641e-01	-5.834163e+00
2.344000e-05	1.754789e-01	-6.066385e+00
2.345000e-05	-1.428448e-01	-6.359052e+00
2.346000e-05	9.499349e-02	-6.644236e+00
2.347000e-05	-2.306122e-02	-6.856320e+00
2.348000e-05	-4.894284e-02	-7.244162e+00
2.349000e-05	6.129822e-02	-7.434213e+00
2.350000e-05	-1.295090e-01	-7.760505e+00
2.351000e-05	1.119721e-01	-8.023080e+00
2.352000e-05	-8.481679e-02	-8.237236e+00
2.353000e-05	4.719285e-02	-8.497973e+00
2.354000e-05	8.515648e-04	-8.720548e+00
2.355000e-05	-7.194985e-02	-9.032209e+00
2.356000e-05	6.631941e-02	-9.181251e+00
2.357000e-05	-1.006870e-01	-9.434393e+00
2.358000e-05	8.244288e-02	-9.676942e+00
2.359000e-05	-8.683801e-02	-9.886867e+00
2.360000e-05	6.073537e-02	-1.012767e+01
2.361000e-05	-4.648503e-02	-1.033950e+01
2.362000e-05	1.164184e-03	-1.060113e+01
2.363000e-05	-1.374360e-02	-1.077060e+01
2.364000e-05	-3.368534e-02	-1.100868e+01
2.365000e-05	2.628579e-02	-1.118116e+01
2.366000e-05	-4.794004e-02	-1.143461e+01
2.367000e-05	3.284744e-02	-1.164281e+01
2.368000e-05	-5.140293e-02	-1.181431e+01
2.369000e-05	2.736417e-02	-1.204539e+01
2.370000e-05	-5.112033e-02	-1.223373e+01
2.371000e-05	1.243806e-02	-1.239175e+01
2.372000e-05	-3.409987e-02	-1.257065e+01
2.373000e-05	4.178426e-03	-1.278115e+01
2.374000e-05	-1.772243e-02	-1.290654e+01
2.375000e-05	-1.157171e-02	-1.306791e+01
2.376000e-05	-8.812318e-03	-1.319218e+01
2.377000e-05	-2.365281e-02	-1.335968e+01
2.378000e-05	-3.658624e-03	-1.351709e+01
2.379000e-05	-3.210485e-02	-1.362546e+01
2.380000e-05	-2.971598e-04	-1.379235e+01
2.381000e-05	-2.763135e-02	-1.393855e+01
2.382000e-05	1.078589e-04	-1.409499e+01
2.383000e-05	-2.604155e-02	-1.420228e+01
2.384000e-05	-8.086173e-03	-1.434957e+01
2.385000e-05	-2.377509e-02	-1.443290e+01
2.386000e-05	-1.444528e-02	-1.459015e+01
2.387000e-05	-2.238989e-02	-1.468688e+01
2.388000e-05	-1.828609e-02	-1.475865e+01
2.389000e-05	-1.592980e-02	-1.482481e+01
2.390000e-05	-1.702094e-02	-1.493659e+01
2.391000e-05	-1.670527e-02	-1.506275e+01
2.392000e-05	-2.091972e-02	-1.508489e+01
2.393000e-05	-2.025261e-02	-1.515017e+01
2.394000e-05	-2.396620e-02	-1.522125e+01
2.395000e-05	-2.190388e-02	-1.523491e+01
2.396000e-05	-2.439106e-02	-1.528909e+01
2.397000e-05	-1.865275e-02	-1.537020e+01
2.398000e-05	-2.432692e-02	-1.539223e+01
2.399000e-05	-1.984896e-02	-1.544633e+01
2.400000e-05	-2.615792e-02	-1.547596e+01
2.401000e-05	-2.262552e-02	-1.549801e+01
2.402000e-05	-2.782124e-02	-1.545607e+01
2.403000e-05	-2.755562e-02	-1.557901e+01
2.404000e-05	-2.870455e-02	-1.551964e+01
2.405000e-05	-2.952361e-02	-1.554919e+01
2.406000e-05	-2.908931e-02	-1.554914e+01
2.407000e-05	-3.126165e-02	-1.551909e+01
2.408000e-05	-3.024436e-02	-1.550551e+01
2.409000e-05	-3.319454e-02	-1.550696e+01
2.410000e-05	-3.514498e-02	-1.544544e+01
2.411000e-05	-3.740694e-02	-1.544440e+01
2.412000e-05	-3.835423e-02	-1.542175e+01
2.413000e-05	-3.970216e-02	-1.537912e+01
2.414000e-05	-4.012750e-02	-1.530604e+01
2.415000e-05	-4.272345e-02	-1.524401e+01
2.416000e-05	-4.372127e-02	-1.523232e+01
2.417000e-05	-4.633418e-02	-1.510861e+01
2.418000e-05	-4.877389e-02	-1.504341e+01
2.419000e-05	-5.301322e-02	-1.500970e+01
2.420000e-05	-5.489573e-02	-1.494546e+01
2.421000e-05	-5.858320e-02	-1.483228e+01
2.422000e-05	-6.013566e-02	-1.474902e+01
2.423000e-05	-6.321280e-02	-1.465185e+01
2.424000e-05	-6.576608e-02	-1.455717e+01
2.425000e-05	-6.698218e-02	-1.449188e+01
2.426000e-05	-7.000491e-02	-1.433796e+01
2.427000e-05	-6.986369e-02	-1.421922e+01
2.428000e-05	-7.134958e-02	-1.406343e+01
2.429000e-05	-6.910165e-02	-1.390713e+01
2.430000e-05	-6.760990e-02	-1.381020e+01
2.431000e-05	-6.599919e-02	-1.367393e+01
2.432000e-05	-6.418075e-02	-1.350401e+01
2.433000e-05	-6.021422e-02	-1.338812e+01
2.434000e-05	-5.763446e-02	-1.322182e+01
2.435000e-05	-5.535696e-02	-1.307388e+01
2.436000e-05	-5.231000e-02	-1.291501e+01
2.437000e-05	-4.916125e-02	-1.275809e+01
2.438000e-05	-4.531403e-02	-1.258914e+01
2.439000e-05	-4.315040e-02	-1.241082e+01
2.440000e-05	-4.159002e-02	-1.225430e+01
2.441000e-05	-3.784465e-02	-1.208340e+01
2.442000e-05	-3.534885e-02	-1.185838e+01
2.443000e-05	-3.320294e-02	-1.167337e+01
2.444000e-05	-3.186226e-02	-1.144175e+01
2.445000e-05	-2.952676e-02	-1.122002e+01
2.446000e-05	-2.699249e-02	-1.097960e+01
2.447000e-05	-2.545184e-02	-1.078022e+01
2.448000e-05	-2.481620e-02	-1.062064e+01
2.449000e-05	-2.360107e-02	-1.034919e+01
2.450000e-05	-2.106228e-02	-1.020701e+01
2.451000e-05	-2.053546e-02	-9.926988e+00
2.452000e-05	-1.967732e-02	-9.725987e+00
2.453000e-05	-1.870255e-02	-9.534854e+00
2.454000e-05	-1.666326e-02	-9.261826e+00
2.455000e-05	-1.646986e-02	-9.041248e+00
2.456000e-05	-1.611669e-02	-8.808593e+00
2.457000e-05	-1.573638e-02	-8.566612e+00
2.458000e-05	-1.314252e-02	-8.314937e+00
2.459000e-05	-1.345269e-02	-8.083279e+00
2.460000e-05	-1.332696e-02	-7.850195e+00
2.461000e-05	-1.205534e-02	-7.503888e+00
2.462000e-05	-1.115161e-02	-7.302273e+00
2.463000e-05	-9.940209e-03	-7.008172e+00
2.464000e-05	-1.150535e-02	-6.767012e+00
2.465000e-05	-1.066520e-02	-6.494831e+00
2.466000e-05	-9.488455e-03	-6.260770e+00
2.467000e-05	-9.529768e-03	-5.976988e+00
2.468000e-05	-8.957510e-03	-5.682403e+00
2.469000e-05	-9.806848e-03	-5.427668e+00
2.470000e-05	-8.198264e-03	-5.105827e+00
2.471000e-05	-7.405444e-03	-4.827713e+00
2.472000e-05	-6.678533e-03	-4.514806e+00
2.473000e-05	-8.360948e-03	-4.293303e+00
2.474000e-05	-7.121761e-03	-4.029119e+00
2.475000e-05	-8.001499e-03	-3.714860e+00
2.476000e-05	-5.892088e-03	-3.482151e+00
2.477000e-05	-8.250490e-03	-3.178011e+00
2.478000e-05	-5.312581e-03	-2.861201e+00
2.479000e-05	-5.408646e-03	-2.627461e+00
2.480000e-05	-3.341717e-03	-2.354384e+00
2.481000e-05	-6.783897e-03	-2.020021e+00
2.482000e-05	-5.338192e-03	-1.765388e+00
2.483000e-05	-6.189016e-03	-1.450697e+00
2.484000e-05	-3.972729e-03	-1.144256e+00
2.485000e-05	-5.683951e-03	-8.200223e-01
2.486000e-05	-3.924140e-03	-5.248576e-01
2.487000e-05	-1.872211e-03	-2.711788e-01
2.488000e-05	2.038717e-03	1.508194e-02
2.489000e-05	9.930671e-03	3.277463e-01
2.490000e-05	-3.928283e-03	5.894291e-01
2.491000e-05	4.121000e-03	8.020091e-01
2.492000e-05	-2.735318e-03	1.148995e+00
2.493000e-05	3.735243e-03	1.391030e+00
2.494000e-05	-2.030816e-03	1.749925e+00
2.495000e-05	1.584347e-02	1.949425e+00
2.496000e-05	4.761113e-02	2.213084e+00
2.497000e-05	7.499722e-02	2.539876e+00
2.498000e-05	-7.506996e-02	2.926746e+00
2.499000e-05	-4.440156e-02	3.161480e+00
2.500000e-05	-2.962636e-02	3.473737e+00
2.501000e-05	9.175175e-03	3.707745e+00
2.502000e-05	-5.895543e-02	3.916289e+00
2.503000e-05	2.386652e-02	4.108321e+00
2.504000e-05	7.478402e-02	4.494661e+00
2.505000e-05	-7.179987e-02	4.707293e+00
2.506000e-05	1.630529e-01	4.972159e+00
2.507000e-05	-1.157476e-01	5.380031e+00
2.508000e-05	2.109130e-02	5.584133e+00
2.509000e-05	1.226755e-02	5.857267e+00
2.510000e-05	-2.330558e-02	6.128476e+00
2.511000e-05	5.139094e-02	6.390532e+00
2.512000e-05	-6.295044e-02	6.726271e+00
2.513000e-05	7.240780e-02	6.979954e+00
2.514000e-05	-4.990296e-03	7.230711e+00
2.515000e-05	-4.504911e-03	7.495346e+00
2.516000e-05	-2.772443e-02	7.771128e+00
2.517000e-05	8.751634e-03	8.054762e+00
2.518000e-05	5.663915e-02	8.298344e+00
2.519000e-05	-3.600740e-02	8.518524e+00
2.520000e-05	1.655878e-02	8.769946e+00
2.521000e-05	9.162632e-03	8.981134e+00
2.522000e-05	5.089804e-03	9.244234e+00
2.523000e-05	1.146129e-02	9.454786e+00
2.524000e-05	-2.078517e-02	9.757945e+00
2.525000e-05	2.446962e-02	9.889473e+00
2.526000e-05	9.066882e-03	1.015012e+01
2.527000e-05	2.434637e-02	1.035065e+01
2.528000e-05	-2.032075e-02	1.058263e+01
2.529000e-05	6.226898e-03	1.084368e+01
2.530000e-05	1.747740e-02	1.100368e+01
2.531000e-05	5.756691e-03	1.120065e+01
2.532000e-05	3.193567e-03	1.141383e+01
2.533000e-05	1.780039e-03	1.164739e+01
2.534000e-05	2.691806e-02	1.186481e+01
2.535000e-05	7.002963e-03	1.203531e+01
2.536000e-05	1.270647e-03	1.222278e+01
2.537000e-05	-2.475602e-03	1.241371e+01
2.538000e-05	1.759857e-02	1.260122e+01
2.539000e-05	1.405467e-02	1.270802e+01
2.540000e-05	3.765235e-03	1.289754e+01
2.541000e-05	6.114221e-03	1.306541e+01
2.542000e-05	1.762001e-02	1.322276e+01
2.543000e-05	1.639417e-02	1.338110e+01
2.544000e-05	2.829481e-03	1.351847e+01
2.545000e-05	3.008472e-03	1.369288e+01
2.546000e-05	1.454017e-02	1.378178e+01
2.547000e-05	1.691657e-02	1.396118e+01
2.548000e-05	8.638795e-03	1.411694e+01
2.549000e-05	5.701815e-03	1.425433e+01
2.550000e-05	1.656946e-02	1.436968e+01
2.551000e-05	1.771386e-02	1.448441e+01
2.552000e-05	9.890523e-03	1.461010e+01
2.553000e-05	8.116934e-03	1.469399e+01
2.554000e-05	1.438049e-02	1.481012e+01
2.555000e-05	2.131873e-02	1.485578e+01
2.556000e-05	1.228161e-02	1.494746e+01
2.557000e-05	1.094336e-02	1.503225e+01
2.558000e-05	1.367721e-02	1.508544e+01
2.559000e-05	2.138656e-02	1.510962e+01
2.560000e-05	1.408446e-02	1.522220e+01
2.561000e-05	1.194182e-02	1.525536e+01
2.562000e-05	1.608322e-02	1.533712e+01
2.563000e-05	2.132842e-02	1.534167e+01
2.564000e-05	1.982253e-02	1.541082e+01
2.565000e-05	1.143316e-02	1.544488e+01
2.566000e-05	2.022393e-02	1.545541e+01
2.567000e-05	2.123734e-02	1.550956e+01
2.568000e-05	2.409638e-02	1.551902e+01
2.569000e-05	1.587616e-02	1.555861e+01
2.570000e-05	2.066066e-02	1.554857e+01
2.571000e-05	2.539358e-02	1.555862e+01
2.572000e-05	2.533271e-02	1.552812e+01
2.573000e-05	2.305603e-02	1.552796e+01
2.574000e-05	2.324749e-02	1.554808e+01
2.575000e-05	3.228013e-02	1.548648e+01
2.576000e-05	3.133656e-02	1.546343e+01
2.577000e-05	2.955899e-02	1.544428e+01
2.578000e-05	2.843282e-02	1.542125e+01
2.579000e-05	3.539437e-02	1.537764e+01
2.580000e-05	3.611790e-02	1.531556e+01
2.581000e-05	3.476422e-02	1.521238e+01
2.582000e-05	3.661944e-02	1.520027e+01
2.583000e-05	4.249230e-02	1.513621e+01
2.584000e-05	4.668453e-02	1.507333e+01
2.585000e-05	4.408260e-02	1.497974e+01
2.586000e-05	4.692791e-02	1.488591e+01
2.587000e-05	5.224497e-02	1.483177e+01
2.588000e-05	5.747718e-02	1.472751e+01
2.589000e-05	5.747147e-02	1.463170e+01
2.590000e-05	5.804614e-02	1.454759e+01
2.591000e-05	6.241428e-02	1.441225e+01
2.592000e-05	6.463734e-02	1.428496e+01
2.593000e-05	6.286539e-02	1.416920e+01
2.594000e-05	6.087507e-02	1.406280e+01
2.595000e-05	6.296117e-02	1.389601e+01
2.596000e-05	6.278933e-02	1.380969e+01
2.597000e-05	5.765465e-02	1.360987e+01
2.598000e-05	5.441414e-02	1.346441e+01
2.599000e-05	5.121039e-02	1.329807e+01
2.600000e-05	5.241605e-02	1.322279e+01
2.601000e-05	4.647894e-02	1.302175e+01
2.602000e-05	4.386541e-02	1.287235e+01
2.603000e-05	3.940951e-02	1.270443e+01
2.604000e-05	3.964760e-02	1.256751e+01
2.605000e-05	3.471564e-02	1.239864e+01
2.606000e-05	3.224295e-02	1.219869e+01
2.607000e-05	2.954092e-02	1.203972e+01
2.608000e-05	2.770288e-02	1.180017e+01
2.609000e-05	2.518134e-02	1.161067e+01
2.610000e-05	2.141975e-02	1.139967e+01
2.611000e-05	2.127058e-02	1.115759e+01
2.612000e-05	1.959480e-02	1.098967e+01
2.613000e-05	1.968617e-02	1.078962e+01
2.614000e-05	1.516113e-02	1.057711e+01
2.615000e-05	1.507758e-02	1.032649e+01
2.616000e-05	1.327704e-02	1.012496e+01
2.617000e-05	1.327311e-02	9.934935e+00
2.618000e-05	1.039898e-02	9.702775e+00
2.619000e-05	9.238946e-03	9.481676e+00
2.620000e-05	9.307747e-03	9.231670e+00
2.621000e-05	8.051630e-03	9.017065e+00
2.622000e-05	6.955929e-03	8.744984e+00
2.623000e-05	5.865769e-03	8.493904e+00
2.624000e-05	6.009324e-03	8.343804e+00
2.625000e-05	4.957559e-03	7.990251e+00
2.626000e-05	5.096097e-03	7.758064e+00
2.627000e-05	2.034854e-03	7.504005e+00
2.628000e-05	2.562667e-03	7.199722e+00
2.629000e-05	2.553663e-03	7.007014e+00
2.630000e-05	2.915813e-03	6.724429e+00
2.631000e-05	7.535206e-04	6.440199e+00
2.632000e-05	-3.889355e-05	6.219568e+00
2.633000e-05	1.473466e-03	5.925860e+00
2.634000e-05	7.069135e-04	5.700174e+00
2.635000e-05	-3.567338e-04	5.359018e+00
2.636000e-05	-1.526156e-03	5.040895e+00
2.637000e-05	-1.004526e-04	4.726934e+00
2.638000e-05	-1.581339e-03	4.493676e+00
2.639000e-05	-2.030646e-03	4.188593e+00
2.640000e-05	-2.974684e-03	3.916856e+00
2.641000e-05	-2.068389e-03	3.660151e+00
2.642000e-05	-2.115927e-03	3.374488e+00
2.643000e-05	-2.402536e-03	3.073354e+00
2.644000e-05	-3.419150e-03	2.820021e+00
2.645000e-05	-2.958498e-03	2.554231e+00
2.646000e-05	-3.790396e-03	2.239122e+00
2.647000e-05	-4.100610e-03	1.947912e+00
2.648000e-05	-4.724463e-03	1.660177e+00
2.649000e-05	-3.378601e-03	1.378410e+00
2.650000e-05	-3.991321e-03	1.080145e+00
2.651000e-05	-4.246451e-03	7.263354e-01
2.652000e-05	-5.047005e-03	5.035537e-01
2.653000e-05	-3.292631e-03	2.064629e-01
2.654000e-05	-1.363289e-03	-8.679115e-02
2.655000e-05	7.707674e-03	-3.590289e-01
2.656000e-05	-6.795844e-03	-6.670911e-01
2.657000e-05	1.277048e-03	-8.662212e-01
2.658000e-05	-6.554975e-03	-1.159008e+00
2.659000e-05	-4.383489e-04	-1.527865e+00
2.660000e-05	-3.651430e-03	-1.697897e+00
2.661000e-05	2.804610e-02	-1.948421e+00
2.662000e-05	1.081957e-01	-2.183033e+00
2.663000e-05	-6.567617e-02	-2.582985e+00
2.664000e-05	-4.835655e-02	-2.941956e+00
2.665000e-05	-4.904772e-02	-3.297321e+00
2.666000e-05	-9.817602e-03	-3.517865e+00
2.667000e-05	-7.767494e-02	-3.788458e+00
2.668000e-05	1.189899e-01	-4.000028e+00
2.669000e-05	-4.217815e-02	-4.223584e+00
2.670000e-05	-3.975851e-02	-4.496325e+00
2.671000e-05	1.695115e-01	-4.757875e+00
2.672000e-05	-1.937577e-01	-5.064739e+00
2.673000e-05	1.183692e-01	-5.339578e+00
2.674000e-05	-1.247302e-01	-5.624216e+00
2.675000e-05	1.216164e-02	-5.919421e+00
2.676000e-05	9.170007e-02	-6.179452e+00
2.677000e-05	-1.310246e-01	-6.516716e+00
2.678000e-05	1.398589e-01	-6.718390e+00
2.679000e-05	-1.110596e-01	-6.973631e+00
2.680000e-05	4.317319e-02	-7.307465e+00
2.681000e-05	-2.742485e-02	-7.551024e+00
2.682000e-05	-6.200062e-02	-7.885814e+00
2.683000e-05	9.874929e-02	-8.106341e+00
2.684000e-05	-1.125517e-01	-8.359923e+00
2.685000e-05	1.084171e-01	-8.561202e+00
2.686000e-05	-9.349109e-02	-8.842685e+00
2.687000e-05	2.276942e-02	-9.095864e+00
2.688000e-05	-7.250761e-03	-9.286771e+00
2.689000e-05	-4.330104e-02	-9.551529e+00
2.690000e-05	4.814484e-02	-9.747999e+00
2.691000e-05	-7.737112e-02	-9.951576e+00
2.692000e-05	7.731629e-02	-1.020328e+01
2.693000e-05	-8.473209e-02	-1.040278e+01
2.694000e-05	4.587963e-02	-1.065273e+01
2.695000e-05	-6.342884e-02	-1.081376e+01
2.696000e-05	2.199510e-02	-1.107529e+01
2.697000e-05	-2.364427e-02	-1.125634e+01
2.698000e-05	-1.031527e-02	-1.145689e+01
2.699000e-05	4.242699e-04	-1.166542e+01
2.700000e-05	-2.619152e-02	-1.193992e+01
2.701000e-05	1.245872e-02	-1.206699e+01
2.702000e-05	-4.746151e-02	-1.225734e+01
2.703000e-05	1.725839e-02	-1.246384e+01
2.704000e-05	-4.178986e-02	-1.262136e+01
2.705000e-05	1.778648e-02	-1.281023e+01
2.706000e-05	-3.856033e-02	-1.300005e+01
2.707000e-05	7.371061e-03	-1.311751e+01
2.708000e-05	-2.747321e-02	-1.327491e+01
2.709000e-05	-5.094015e-03	-1.348229e+01
2.710000e-05	-2.224144e-02	-1.357010e+01
2.711000e-05	-1.814399e-02	-1.375797e+01
2.712000e-05	-8.511072e-03	-1.384486e+01
2.713000e-05	-2.051767e-02	-1.398073e+01
2.714000e-05	-7.149096e-03	-1.412604e+01
2.715000e-05	-2.537661e-02	-1.422531e+01
2.716000e-05	-7.132619e-03	-1.442067e+01
2.717000e-05	-2.467134e-02	-1.449596e+01
2.718000e-05	-1.191185e-02	-1.461225e+01
2.719000e-05	-2.525296e-02	-1.467751e+01
2.720000e-05	-1.227540e-02	-1.476170e+01
2.721000e-05	-1.998654e-02	-1.490599e+01
2.722000e-05	-1.656601e-02	-1.495862e+01
2.723000e-05	-2.262860e-02	-1.503030e+01
2.724000e-05	-1.800757e-02	-1.511642e+01
2.725000e-05	-2.185596e-02	-1.516820e+01
2.726000e-05	-2.075470e-02	-1.523133e+01
2.727000e-05	-2.318581e-02	-1.523494e+01
2.728000e-05	-2.127709e-02	-1.537857e+01
2.729000e-05	-2.072672e-02	-1.537280e+01
2.730000e-05	-2.550055e-02	-1.547436e+01
2.731000e-05	-2.341881e-02	-1.547695e+01
2.732000e-05	-2.738657e-02	-1.550641e+01
2.733000e-05	-2.074101e-02	-1.554601e+01
2.734000e-05	-2.808558e-02	-1.553751e+01
2.735000e-05	-2.568609e-02	-1.552109e+01
2.736000e-05	-2.935774e-02	-1.553917e+01
2.737000e-05	-2.800009e-02	-1.557072e+01
2.738000e-05	-3.091563e-02	-1.551006e+01
2.739000e-05	-3.212993e-02	-1.551802e+01
2.740000e-05	-3.189134e-02	-1.553662e+01
2.741000e-05	-3.344505e-02	-1.547743e+01
2.742000e-05	-3.492460e-02	-1.544438e+01
2.743000e-05	-3.795050e-02	-1.544387e+01
2.744000e-05	-3.790152e-02	-1.542277e+01
2.745000e-05	-4.026778e-02	-1.538914e+01
2.746000e-05	-4.134974e-02	-1.528509e+01
2.747000e-05	-4.334507e-02	-1.524438e+01
2.748000e-05	-4.506234e-02	-1.523019e+01
2.749000e-05	-4.791588e-02	-1.511603e+01
2.750000e-05	-5.010854e-02	-1.501280e+01
2.751000e-05	-5.301685e-02	-1.499814e+01
2.752000e-05	-5.569522e-02	-1.490406e+01
2.753000e-05	-5.878084e-02	-1.479080e+01
2.754000e-05	-6.163321e-02	-1.472398e+01
2.755000e-05	-6.381136e-02	-1.460282e+01
2.756000e-05	-6.647177e-02	-1.452659e+01
2.757000e-05	-6.881880e-02	-1.442075e+01
2.758000e-05	-6.983183e-02	-1.430588e+01
2.759000e-05	-6.976257e-02	-1.414862e+01
2.760000e-05	-7.034095e-02	-1.398229e+01
2.761000e-05	-6.825895e-02	-1.393601e+01
2.762000e-05	-6.791377e-02	-1.379024e+01
2.763000e-05	-6.640246e-02	-1.362029e+01
2.764000e-05	-6.258475e-02	-1.347338e+01
2.765000e-05	-5.971824e-02	-1.335758e+01
2.766000e-05	-5.623357e-02	-1.317012e+01
2.767000e-05	-5.439921e-02	-1.306270e+01
2.768000e-05	-5.056788e-02	-1.288536e+01
2.769000e-05	-4.791258e-02	-1.269601e+01
2.770000e-05	-4.456655e-02	-1.253554e+01
2.771000e-05	-4.282233e-02	-1.236757e+01
2.772000e-05	-3.998361e-02	-1.218814e+01
2.773000e-05	-3.706125e-02	-1.202119e+01
2.774000e-05	-3.507519e-02	-1.182819e+01
2.775000e-05	-3.373520e-02	-1.156867e+01
2.776000e-05	-3.027946e-02	-1.134756e+01
2.777000e-05	-2.949515e-02	-1.112559e+01
2.778000e-05	-2.647711e-02	-1.095601e+01
2.779000e-05	-2.542105e-02	-1.072711e+01
2.780000e-05	-2.385513e-02	-1.057696e+01
2.781000e-05	-2.239250e-02	-1.027648e+01
2.782000e-05	-2.188080e-02	-1.013540e+01
2.783000e-05	-2.020494e-02	-9.861775e+00
2.784000e-05	-1.889870e-02	-9.714354e+00
2.785000e-05	-1.749028e-02	-9.451671e+00
2.786000e-05	-1.711142e-02	-9.219669e+00
2.787000e-05	-1.672323e-02	-8.976992e+00
2.788000e-05	-1.580246e-02	-8.747957e+00
2.789000e-05	-1.402011e-02	-8.492728e+00
2.790000e-05	-1.363956e-02	-8.262221e+00
2.791000e-05	-1.274755e-02	-8.020170e+00
2.792000e-05	-1.339236e-02	-7.734532e+00
2.793000e-05	-1.136459e-02	-7.492746e+00
2.794000e-05	-1.114280e-02	-7.220161e+00
2.795000e-05	-1.029515e-02	-6.935385e+00
2.796000e-05	-1.226308e-02	-6.672800e+00
2.797000e-05	-9.681427e-03	-6.440150e+00
2.798000e-05	-9.499982e-03	-6.165557e+00
2.799000e-05	-8.390653e-03	-5.882803e+00
2.800000e-05	-1.034496e-02	-5.598095e+00
2.801000e-05	-7.876621e-03	-5.324858e+00
2.802000e-05	-9.151413e-03	-5.050617e+00
2.803000e-05	-6.474330e-03	-4.661853e+00
2.804000e-05	-8.534801e-03	-4.460096e+00
2.805000e-05	-6.835278e-03	-4.219563e+00
2.806000e-05	-7.030892e-03	-3.933910e+00
2.807000e-05	-7.232106e-03	-3.579596e+00
2.808000e-05	-8.058982e-03	-3.376466e+00
2.809000e-05	-6.500015e-03	-3.103822e+00
2.810000e-05	-5.476448e-03	-2.757488e+00
2.811000e-05	-4.121283e-03	-2.521830e+00
2.812000e-05	-4.541840e-03	-2.189520e+00
2.813000e-05	-5.376528e-03	-1.966362e+00
2.814000e-05	-5.057307e-03	-1.660027e+00
2.815000e-05	-5.879228e-03	-1.354859e+00
2.816000e-05	-5.436122e-03	-1.020619e+00
2.817000e-05	-6.269720e-03	-7.964093e-01
2.818000e-05	-1.589826e-03	-4.400999e-01
2.819000e-05	-1.804276e-03	-2.064156e-01
2.820000e-05	5.151034e-03	3.627234e-02
2.821000e-05	4.951308e-03	3.920330e-01
2.822000e-05	-1.100181e-03	6.056395e-01
2.823000e-05	7.905425e-04	8.977747e-01
2.824000e-05	-1.370536e-03	1.212609e+00
2.825000e-05	2.160584e-03	1.439300e+00
2.826000e-05	1.746761e-04	1.772084e+00
2.827000e-05	2.147626e-02	2.032558e+00
2.828000e-05	7.385073e-02	2.279297e+00
2.829000e-05	2.568446e-02	2.677240e+00
2.830000e-05	-7.040305e-02	2.971505e+00
2.831000e-05	-4.505943e-02	3.254687e+00
2.832000e-05	-9.966224e-03	3.558399e+00
2.833000e-05	-1.486099e-02	3.739979e+00
2.834000e-05	-5.182004e-02	3.918424e+00
2.835000e-05	7.999506e-02	4.234641e+00
2.836000e-05	-8.058227e-03	4.570925e+00
2.837000e-05	1.782545e-02	4.759950e+00
2.838000e-05	9.749218e-02	5.098323e+00
2.839000e-05	-1.234946e-01	5.453764e+00
2.840000e-05	6.425169e-02	5.664316e+00
2.841000e-05	-3.443651e-02	5.981602e+00
2.842000e-05	2.827254e-02	6.195109e+00
2.843000e-05	6.599799e-03	6.467421e+00
2.844000e-05	-3.754496e-02	6.802058e+00
2.845000e-05	7.979703e-02	6.994158e+00
2.846000e-05	-3.229723e-02	7.268447e+00
2.847000e-05	9.157464e-03	7.543078e+00
2.848000e-05	-4.550023e-02	7.897844e+00
2.849000e-05	5.074020e-02	8.160500e+00
2.850000e-05	2.756839e-02	8.370052e+00
2.851000e-05	-3.831516e-02	8.581581e+00
2.852000e-05	3.482521e-02	8.824714e+00
2.853000e-05	-1.456211e-02	9.047363e+00
2.854000e-05	3.180184e-02	9.306918e+00
2.855000e-05	-1.998900e-02	9.517473e+00
2.856000e-05	8.228705e-03	9.770053e+00
2.857000e-05	1.075920e-02	1.000211e+01
2.858000e-05	2.091239e-02	1.022365e+01
2.859000e-05	1.386293e-02	1.044476e+01
2.860000e-05	-2.394400e-02	1.064484e+01
2.861000e-05	2.368394e-02	1.087534e+01
2.862000e-05	2.087904e-03	1.105736e+01
2.863000e-05	1.908024e-02	1.122584e+01
2.864000e-05	-1.283509e-02	1.150592e+01
2.865000e-05	2.107236e-02	1.170004e+01
2.866000e-05	1.347395e-02	1.188852e+01
2.867000e-05	1.393683e-02	1.209649e+01
2.868000e-05	-5.130883e-03	1.225736e+01
2.869000e-05	2.800149e-03	1.245536e+01
2.870000e-05	1.962932e-02	1.259535e+01
2.871000e-05	7.991723e-03	1.277115e+01
2.872000e-05	8.424684e-03	1.297060e+01
2.873000e-05	2.347194e-03	1.309804e+01
2.874000e-05	2.528422e-02	1.326496e+01
2.875000e-05	7.234364e-03	1.342321e+01
2.876000e-05	6.355906e-03	1.353013e+01
2.877000e-05	5.982223e-05	1.375654e+01
2.878000e-05	1.972873e-02	1.383339e+01
2.879000e-05	1.367355e-02	1.399325e+01
2.880000e-05	7.415455e-03	1.415057e+01
2.881000e-05	7.661074e-03	1.427691e+01
2.882000e-05	1.542923e-02	1.444118e+01
2.883000e-05	1.887995e-02	1.448809e+01
2.884000e-05	6.044744e-03	1.461326e+01
2.885000e-05	1.104996e-02	1.469751e+01
2.886000e-05	1.387700e-02	1.483120e+01
2.887000e-05	2.178577e-02	1.485586e+01
2.888000e-05	1.006796e-02	1.497007e+01
2.889000e-05	1.031166e-02	1.502380e+01
2.890000e-05	1.473496e-02	1.505646e+01
2.891000e-05	1.939504e-02	1.515009e+01
2.892000e-05	1.518456e-02	1.528388e+01
2.893000e-05	1.037117e-02	1.528601e+01
2.894000e-05	1.892827e-02	1.536857e+01
2.895000e-05	2.089756e-02	1.540115e+01
2.896000e-05	1.833728e-02	1.541188e+01
2.897000e-05	1.258780e-02	1.543538e+01
2.898000e-05	2.066487e-02	1.547641e+01
2.899000e-05	2.334035e-02	1.550851e+01
2.900000e-05	2.096087e-02	1.548801e+01
2.901000e-05	1.759796e-02	1.555859e+01
2.902000e-05	2.124634e-02	1.557906e+01
2.903000e-05	2.754686e-02	1.554914e+01
2.904000e-05	2.403193e-02	1.552909e+01
2.905000e-05	2.358749e-02	1.549914e+01
2.906000e-05	2.430921e-02	1.551641e+01
2.907000e-05	3.263955e-02	1.547703e+01
2.908000e-05	3.118826e-02	1.545293e+01
2.909000e-05	2.840645e-02	1.543177e+01
2.910000e-05	3.098510e-02	1.539117e+01
2.911000e-05	3.557624e-02	1.533757e+01
2.912000e-05	3.803383e-02	1.530596e+01
2.913000e-05	3.410587e-02	1.524480e+01
2.914000e-05	3.820796e-02	1.514819e+01
2.915000e-05	4.185398e-02	1.509556e+01
2.916000e-05	4.699791e-02	1.507320e+01
2.917000e-05	4.453028e-02	1.494612e+01
2.918000e-05	4.868488e-02	1.489445e+01
2.919000e-05	5.368041e-02	1.478060e+01
2.920000e-05	5.660200e-02	1.466493e+01
2.921000e-05	5.800569e-02	1.462120e+01
2.922000e-05	5.955001e-02	1.449441e+01
2.923000e-05	6.187307e-02	1.438067e+01
2.924000e-05	6.414944e-02	1.427438e+01
2.925000e-05	6.215588e-02	1.410654e+01
2.926000e-05	6.112113e-02	1.399172e+01
2.927000e-05	6.349911e-02	1.387391e+01
2.928000e-05	6.164801e-02	1.375558e+01
2.929000e-05	5.851505e-02	1.357867e+01
2.930000e-05	5.294383e-02	1.346982e+01
2.931000e-05	5.082582e-02	1.330601e+01
2.932000e-05	4.820970e-02	1.311704e+01
2.933000e-05	4.426659e-02	1.298714e+01
2.934000e-05	4.235883e-02	1.282217e+01
2.935000e-05	4.204665e-02	1.265178e+01
2.936000e-05	3.969992e-02	1.247576e+01
2.937000e-05	3.657551e-02	1.234493e+01
2.938000e-05	2.882943e-02	1.217551e+01
2.939000e-05	2.743658e-02	1.194609e+01
2.940000e-05	2.550143e-02	1.177856e+01
2.941000e-05	2.477701e-02	1.153754e+01
2.942000e-05	2.105614e-02	1.129648e+01
2.943000e-05	2.126624e-02	1.112636e+01
2.944000e-05	2.122022e-02	1.087598e+01
2.945000e-05	1.845017e-02	1.072499e+01
2.946000e-05	1.513214e-02	1.052247e+01
2.947000e-05	1.279366e-02	1.029383e+01
2.948000e-05	1.312896e-02	1.005325e+01
2.949000e-05	1.069668e-02	9.829217e+00
2.950000e-05	1.079268e-02	9.559619e+00
2.951000e-05	8.511546e-03	9.378041e+00
2.952000e-05	1.056409e-02	9.157935e+00
2.953000e-05	6.944756e-03	8.883454e+00
2.954000e-05	7.102963e-03	8.652778e+00
2.955000e-05	5.595640e-03	8.441249e+00
2.956000e-05	5.948148e-03	8.218167e+00
2.957000e-05	4.193897e-03	7.945533e+00
2.958000e-05	2.550211e-03	7.703800e+00
2.959000e-05	3.516094e-03	7.420084e+00
2.960000e-05	2.063012e-03	7.184935e+00
2.961000e-05	2.961873e-03	6.884881e+00
2.962000e-05	2.577191e-03	6.630667e+00
2.963000e-05	1.761278e-03	6.367011e+00
2.964000e-05	1.258530e-03	6.135307e+00
2.965000e-05	4.648812e-04	5.840621e+00
2.966000e-05	-1.966698e-04	5.538385e+00
2.967000e-05	-1.659144e-03	5.313880e+00
2.968000e-05	-6.941482e-04	4.944983e+00
2.969000e-05	-1.234051e-04	4.683723e+00
2.970000e-05	-1.033666e-03	4.439492e+00
2.971000e-05	-1.822512e-03	4.112683e+00
2.972000e-05	-1.464407e-03	3.809022e+00
2.973000e-05	-2.791762e-03	3.568333e+00
2.974000e-05	-3.051022e-03	3.282179e+00
2.975000e-05	-3.100355e-03	3.028493e+00
2.976000e-05	-2.443239e-03	2.737853e+00
2.977000e-05	-2.981757e-03	2.409095e+00
2.978000e-05	-4.011784e-03	2.136412e+00
2.979000e-05	-3.338368e-03	1.923254e+00
2.980000e-05	-3.592607e-03	1.579009e+00
2.981000e-05	-4.285093e-03	1.272177e+00
2.982000e-05	-4.850579e-03	9.644364e-01
2.983000e-05	-4.520976e-03	6.811460e-01
2.984000e-05	-4.296505e-03	3.874109e-01
2.985000e-05	-2.720310e-03	5.372738e-02
2.986000e-05	1.439401e-03	-1.914816e-01
2.987000e-05	3.745290e-03	-4.122081e-01
2.988000e-05	-4.415654e-03	-7.584214e-01
2.989000e-05	-3.429211e-03	-9.800303e-01
2.990000e-05	-4.899197e-03	-1.255194e+00
2.991000e-05	-2.592930e-03	-1.568956e+00
2.992000e-05	3.971468e-03	-1.771581e+00
2.993000e-05	4.841995e-02	-2.004032e+00
2.994000e-05	8.375932e-02	-2.328329e+00
2.995000e-05	-9.443868e-02	-2.727371e+00
2.996000e-05	-3.257083e-02	-3.076845e+00
2.997000e-05	-4.831077e-02	-3.370451e+00
2.998000e-05	-1.887015e-02	-3.573082e+00
2.999000e-05	-5.993931e-02	-3.905212e+00
3.000000e-05	1.570370e-01	-4.054161e+00
3.001000e-05	-1.576680e-01	-4.306368e+00
3.002000e-05	1.223221e-01	-4.549979e+00
3.003000e-05	3.702421e-02	-4.790689e+00
3.004000e-05	-1.323739e-01	-5.171029e+00
3.005000e-05	1.170930e-01	-5.401738e+00
3.006000e-05	-1.937307e-01	-5.730479e+00
3.007000e-05	1.422975e-01	-5.982679e+00
3.008000e-05	-4.071437e-02	-6.224770e+00
3.009000e-05	-3.126105e-02	-6.560080e+00
3.010000e-05	9.568106e-02	-6.748678e+00
3.011000e-05	-1.249160e-01	-7.118375e+00
3.012000e-05	9.190691e-02	-7.370554e+00
3.013000e-05	-1.118417e-01	-7.624692e+00
3.014000e-05	3.901572e-02	-7.929049e+00
3.015000e-05	1.807334e-02	-8.121079e+00
3.016000e-05	-6.003071e-02	-8.403686e+00
3.017000e-05	9.524819e-02	-8.634263e+00
3.018000e-05	-1.294723e-01	-8.908526e+00
3.019000e-05	8.310889e-02	-9.129470e+00
3.020000e-05	-8.138658e-02	-9.381076e+00
3.021000e-05	3.950052e-02	-9.613658e+00
3.022000e-05	-2.490888e-02	-9.792184e+00
3.023000e-05	-1.570371e-02	-1.002577e+01
3.024000e-05	3.311878e-02	-1.022534e+01
3.025000e-05	-6.642596e-02	-1.052599e+01
3.026000e-05	4.131867e-02	-1.066739e+01
3.027000e-05	-7.608223e-02	-1.091892e+01
3.028000e-05	5.089409e-02	-1.111990e+01
3.029000e-05	-5.520507e-02	-1.132757e+01
3.030000e-05	2.732061e-02	-1.154965e+01
3.031000e-05	-3.786889e-02	-1.177058e+01
3.032000e-05	8.223878e-03	-1.201123e+01
3.033000e-05	-2.095415e-02	-1.215750e+01
3.034000e-05	-1.983692e-02	-1.231854e+01
3.035000e-05	-3.874226e-03	-1.252642e+01
3.036000e-05	-2.519091e-02	-1.266641e+01
3.037000e-05	9.233821e-03	-1.285528e+01
3.038000e-05	-3.623197e-02	-1.300171e+01
3.039000e-05	9.510572e-03	-1.311110e+01
3.040000e-05	-3.613400e-02	-1.333852e+01
3.041000e-05	5.686535e-03	-1.344536e+01
3.042000e-05	-3.464990e-02	-1.360275e+01
3.043000e-05	-3.147509e-03	-1.377960e+01
3.044000e-05	-2.155622e-02	-1.389647e+01
3.045000e-05	-9.169274e-03	-1.410541e+01
3.046000e-05	-1.887734e-02	-1.416020e+01
3.047000e-05	-1.820969e-02	-1.431799e+01
3.048000e-05	-1.365162e-02	-1.442285e+01
3.049000e-05	-2.065873e-02	-1.452864e+01
3.050000e-05	-1.450376e-02	-1.463383e+01
3.051000e-05	-2.351892e-02	-1.469906e+01
3.052000e-05	-1.255242e-02	-1.484223e+01
3.053000e-05	-2.088704e-02	-1.492606e+01
3.054000e-05	-1.680599e-02	-1.498068e+01
3.055000e-05	-2.436171e-02	-1.506441e+01
3.056000e-05	-1.735566e-02	-1.512897e+01
3.057000e-05	-2.211044e-02	-1.517073e+01
3.058000e-05	-1.924708e-02	-1.522186e+01
3.059000e-05	-2.496002e-02	-1.530804e+01
3.060000e-05	-1.881574e-02	-1.535122e+01
3.061000e-05	-2.381019e-02	-1.541123e+01
3.062000e-05	-2.295450e-02	-1.540341e+01
3.063000e-05	-2.471287e-02	-1.549494e+01
3.064000e-05	-2.492295e-02	-1.549743e+01
3.065000e-05	-2.298151e-02	-1.549754e+01
3.066000e-05	-2.837414e-02	-1.557817e+01
3.067000e-05	-2.686683e-02	-1.553917e+01
3.068000e-05	-2.970443e-02	-1.553869e+01
3.069000e-05	-2.714871e-02	-1.555009e+01
3.070000e-05	-3.158451e-02	-1.549856e+01
3.071000e-05	-3.190624e-02	-1.552801e+01
3.072000e-05	-3.255293e-02	-1.550748e+01
3.073000e-05	-3.428965e-02	-1.547548e+01
3.074000e-05	-3.651907e-02	-1.544541e+01
3.075000e-05	-3.865094e-02	-1.540275e+01
3.076000e-05	-3.874867e-02	-1.537119e+01
3.077000e-05	-3.978281e-02	-1.533764e+01
3.078000e-05	-4.228648e-02	-1.528596e+01
3.079000e-05	-4.344550e-02	-1.524033e+01
3.080000e-05	-4.681018e-02	-1.516002e+01
3.081000e-05	-4.818741e-02	-1.511594e+01
3.082000e-05	-5.158906e-02	-1.501127e+01
3.083000e-05	-5.463450e-02	-1.497909e+01
3.084000e-05	-5.679222e-02	-1.489490e+01
3.085000e-05	-5.947911e-02	-1.476072e+01
3.086000e-05	-6.199766e-02	-1.468596e+01
3.087000e-05	-6.602902e-02	-1.462020e+01
3.088000e-05	-6.616410e-02	-1.449496e+01
3.089000e-05	-7.024024e-02	-1.436814e+01
3.090000e-05	-6.984742e-02	-1.428230e+01
3.091000e-05	-7.091857e-02	-1.414509e+01
3.092000e-05	-6.729464e-02	-1.396119e+01
3.093000e-05	-6.877082e-02	-1.384328e+01
3.094000e-05	-6.544170e-02	-1.373552e+01
3.095000e-05	-6.582039e-02	-1.359111e+01
3.096000e-05	-6.151944e-02	-1.344175e+01
3.097000e-05	-6.084554e-02	-1.332548e+01
3.098000e-05	-5.617046e-02	-1.316753e+01
3.099000e-05	-5.362393e-02	-1.297965e+01
3.100000e-05	-4.798889e-02	-1.282030e+01
3.101000e-05	-4.551549e-02	-1.265125e+01
3.102000e-05	-4.314366e-02	-1.250343e+01
3.103000e-05	-4.200923e-02	-1.230448e+01
3.104000e-05	-4.007462e-02	-1.215599e+01
3.105000e-05	-3.775102e-02	-1.196756e+01
3.106000e-05	-3.458844e-02	-1.175446e+01
3.107000e-05	-3.287915e-02	-1.150548e+01
3.108000e-05	-2.973016e-02	-1.128390e+01
3.109000e-05	-2.749897e-02	-1.107377e+01
3.110000e-05	-2.470192e-02	-1.091375e+01
3.111000e-05	-2.403651e-02	-1.067283e+01
3.112000e-05	-2.356569e-02	-1.047280e+01
3.113000e-05	-2.233066e-02	-1.021180e+01
3.114000e-05	-2.142187e-02	-1.003922e+01
3.115000e-05	-2.109520e-02	-9.800696e+00
3.116000e-05	-1.929737e-02	-9.589090e+00
3.117000e-05	-1.800914e-02	-9.366039e+00
3.118000e-05	-1.542897e-02	-9.113429e+00
3.119000e-05	-1.604773e-02	-8.894880e+00
3.120000e-05	-1.517196e-02	-8.640846e+00
3.121000e-05	-1.399601e-02	-8.440516e+00
3.122000e-05	-1.406333e-02	-8.198542e+00
3.123000e-05	-1.311508e-02	-7.934879e+00
3.124000e-05	-1.284323e-02	-7.630245e+00
3.125000e-05	-1.120501e-02	-7.377491e+00
3.126000e-05	-1.138105e-02	-7.124482e+00
3.127000e-05	-1.011836e-02	-6.820696e+00
3.128000e-05	-1.109207e-02	-6.619542e+00
3.129000e-05	-9.394345e-03	-6.346937e+00
3.130000e-05	-1.080819e-02	-6.063226e+00
3.131000e-05	-7.410584e-03	-5.839593e+00
3.132000e-05	-1.020245e-02	-5.546882e+00
3.133000e-05	-8.322255e-03	-5.238696e+00
3.134000e-05	-9.746000e-03	-4.913975e+00
3.135000e-05	-5.194861e-03	-4.578521e+00
3.136000e-05	-8.433308e-03	-4.396491e+00
3.137000e-05	-7.213290e-03	-4.113358e+00
3.138000e-05	-9.111500e-03	-3.849672e+00
3.139000e-05	-5.726847e-03	-3.554860e+00
3.140000e-05	-8.740000e-03	-3.302779e+00
3.141000e-05	-5.283355e-03	-3.007538e+00
3.142000e-05	-6.415390e-03	-2.723804e+00
3.143000e-05	-3.485726e-03	-2.388546e+00
3.144000e-05	-6.418383e-03	-2.094807e+00
3.145000e-05	-5.065726e-03	-1.840170e+00
3.146000e-05	-6.515090e-03	-1.577361e+00
3.147000e-05	-5.167086e-03	-1.220092e+00
3.148000e-05	-5.341627e-03	-9.449665e-01
3.149000e-05	-5.062983e-03	-6.712248e-01
3.150000e-05	-1.404605e-03	-3.663869e-01
3.151000e-05	-1.201662e-03	-7.270122e-02
3.152000e-05	8.606137e-03	2.214878e-01
3.153000e-05	-1.192238e-03	4.872134e-01
3.154000e-05	3.981099e-03	7.477962e-01
3.155000e-05	-2.759796e-03	1.013161e+00
3.156000e-05	2.120655e-03	1.285789e+00
3.157000e-05	1.938562e-04	1.603538e+00
3.158000e-05	7.064283e-03	1.895693e+00
3.159000e-05	2.796000e-02	2.116793e+00
3.160000e-05	8.982471e-02	2.383035e+00
3.161000e-05	-3.491912e-02	2.773084e+00
3.162000e-05	-5.065105e-02	3.077813e+00
3.163000e-05	-4.314151e-02	3.327845e+00
3.164000e-05	9.624306e-03	3.633155e+00
3.165000e-05	-4.524145e-02	3.812610e+00
3.166000e-05	-2.834042e-02	3.982707e+00
3.167000e-05	1.107488e-01	4.349803e+00
3.168000e-05	-7.970065e-02	4.633087e+00
3.169000e-05	1.228552e-01	4.784867e+00
3.170000e-05	-1.746584e-02	5.244163e+00
3.171000e-05	-6.422200e-02	5.487840e+00
3.172000e-05	5.905191e-02	5.762029e+00
3.173000e-05	-5.374324e-02	6.085738e+00
3.174000e-05	6.254301e-02	6.277392e+00
3.175000e-05	-4.271149e-02	6.612534e+00
3.176000e-05	1.668345e-02	6.885262e+00
3.177000e-05	4.755380e-02	7.108919e+00
3.178000e-05	-2.833169e-02	7.425129e+00
3.179000e-05	-1.530613e-04	7.665815e+00
3.180000e-05	-3.552608e-02	7.970982e+00
3.181000e-05	6.963708e-02	8.214684e+00
3.182000e-05	-7.692087e-03	8.424186e+00
3.183000e-05	-1.868629e-02	8.645787e+00
3.184000e-05	3.322497e-02	8.929450e+00
3.185000e-05	-1.922408e-02	9.171002e+00
3.186000e-05	3.702391e-02	9.378554e+00
3.187000e-05	-3.473210e-02	9.623782e+00
3.188000e-05	2.655512e-02	9.824760e+00
3.189000e-05	4.210828e-03	1.005684e+01
3.190000e-05	2.759417e-02	1.027739e+01
3.191000e-05	-3.696274e-03	1.052747e+01
3.192000e-05	-1.623907e-02	1.074949e+01
3.193000e-05	2.725482e-02	1.091852e+01
3.194000e-05	-2.640226e-03	1.110951e+01
3.195000e-05	1.964214e-02	1.133059e+01
3.196000e-05	-1.376822e-02	1.155065e+01
3.197000e-05	3.259213e-02	1.182063e+01
3.198000e-05	7.036665e-03	1.200065e+01
3.199000e-05	1.064320e-02	1.216049e+01
3.200000e-05	-8.853657e-03	1.232952e+01
3.201000e-05	9.213796e-03	1.251697e+01
3.202000e-05	1.891205e-02	1.268594e+01
3.203000e-05	3.300142e-03	1.285283e+01
3.204000e-05	1.135702e-02	1.299223e+01
3.205000e-05	7.148694e-03	1.319115e+01
3.206000e-05	2.786819e-02	1.332910e+01
3.207000e-05	1.515105e-03	1.347631e+01
3.208000e-05	3.409229e-03	1.361325e+01
3.209000e-05	4.461095e-03	1.376862e+01
3.210000e-05	1.726546e-02	1.390849e+01
3.211000e-05	1.308173e-02	1.401436e+01
3.212000e-05	3.750406e-03	1.421273e+01
3.213000e-05	1.641409e-02	1.432812e+01
3.214000e-05	1.692798e-02	1.443428e+01
3.215000e-05	1.756782e-02	1.456020e+01
3.216000e-05	2.159521e-03	1.465383e+01
3.217000e-05	1.302843e-02	1.472952e+01
3.218000e-05	1.459434e-02	1.486175e+01
3.219000e-05	1.568201e-02	1.488646e+01
3.220000e-05	8.134988e-03	1.499217e+01
3.221000e-05	1.357504e-02	1.505485e+01
3.222000e-05	2.248243e-02	1.514806e+01
3.223000e-05	1.732873e-02	1.514164e+01
3.224000e-05	1.500305e-02	1.526530e+01
3.225000e-05	1.160979e-02	1.532602e+01
3.226000e-05	2.084418e-02	1.535872e+01
3.227000e-05	1.628517e-02	1.539378e+01
3.228000e-05	1.402118e-02	1.541275e+01
3.229000e-05	1.615625e-02	1.544396e+01
3.230000e-05	2.371497e-02	1.553601e+01
3.231000e-05	2.526031e-02	1.550796e+01
3.232000e-05	1.911796e-02	1.552802e+01
3.233000e-05	1.995357e-02	1.549959e+01
3.234000e-05	2.218025e-02	1.556004e+01
3.235000e-05	2.639239e-02	1.554856e+01
3.236000e-05	2.144927e-02	1.553814e+01
3.237000e-05	2.392419e-02	1.551956e+01
3.238000e-05	2.840931e-02	1.551649e+01
3.239000e-05	3.269518e-02	1.547643e+01
3.240000e-05	2.947244e-02	1.543233e+01
3.241000e-05	2.885918e-02	1.541020e+01
3.242000e-05	3.407786e-02	1.536809e+01
3.243000e-05	3.603217e-02	1.535651e+01
3.244000e-05	3.631204e-02	1.530498e+01
3.245000e-05	3.537533e-02	1.519072e+01
3.246000e-05	4.117663e-02	1.513866e+01
3.247000e-05	4.406208e-02	1.507485e+01
3.248000e-05	4.528493e-02	1.501182e+01
3.249000e-05	4.477277e-02	1.490801e+01
3.250000e-05	4.999964e-02	1.481280e+01
3.251000e-05	5.704757e-02	1.475007e+01
3.252000e-05	5.697146e-02	1.465381e+01
3.253000e-05	5.955540e-02	1.457911e+01
3.254000e-05	5.989133e-02	1.447388e+01
3.255000e-05	6.537356e-02	1.433557e+01
3.256000e-05	6.301635e-02	1.425230e+01
3.257000e-05	6.193995e-02	1.411540e+01
3.258000e-05	6.052116e-02	1.395809e+01
3.259000e-05	6.382103e-02	1.382229e+01
3.260000e-05	5.954329e-02	1.370496e+01
3.261000e-05	5.713417e-02	1.353648e+01
3.262000e-05	5.255593e-02	1.338862e+01
3.263000e-05	5.240981e-02	1.326282e+01
3.264000e-05	4.791032e-02	1.309438e+01
3.265000e-05	4.360760e-02	1.293606e+01
3.266000e-05	4.012809e-02	1.276814e+01
3.267000e-05	4.030551e-02	1.262009e+01
3.268000e-05	3.668459e-02	1.244167e+01
3.269000e-05	3.211678e-02	1.226185e+01
3.270000e-05	2.982719e-02	1.209443e+01
3.271000e-05	2.822544e-02	1.186593e+01
3.272000e-05	2.667673e-02	1.165488e+01
3.273000e-05	2.256358e-02	1.149188e+01
3.274000e-05	2.199743e-02	1.131242e+01
3.275000e-05	2.065060e-02	1.104227e+01
3.276000e-05	2.005297e-02	1.085370e+01
3.277000e-05	1.508502e-02	1.067232e+01
3.278000e-05	1.524399e-02	1.047077e+01
3.279000e-05	1.403631e-02	1.020909e+01
3.280000e-05	1.367970e-02	9.981088e+00
3.281000e-05	1.033531e-02	9.756487e+00
3.282000e-05	9.227207e-03	9.516403e+00
3.283000e-05	1.014625e-02	9.284354e+00
3.284000e-05	9.032695e-03	9.080304e+00
3.285000e-05	6.130194e-03	8.861170e+00
3.286000e-05	5.076333e-03	8.609617e+00
3.287000e-05	6.811208e-03	8.358962e+00
3.288000e-05	5.953260e-03	8.154879e+00
3.289000e-05	4.509441e-03	7.831775e+00
3.290000e-05	2.655081e-03	7.619718e+00
3.291000e-05	3.748922e-03	7.314406e+00
3.292000e-05	3.062171e-03	7.072752e+00
3.293000e-05	1.446575e-03	6.800670e+00
3.294000e-05	4.578459e-04	6.564433e+00
3.295000e-05	1.626439e-03	6.272852e+00
3.296000e-05	1.878903e-03	6.041067e+00
3.297000e-05	1.185075e-04	5.775085e+00
3.298000e-05	-6.205184e-04	5.494806e+00
3.299000e-05	-1.174304e-03	5.174468e+00
3.300000e-05	2.262515e-04	4.841596e+00
3.301000e-05	-9.813540e-04	4.597010e+00
3.302000e-05	-1.281953e-03	4.315852e+00
3.303000e-05	-1.845638e-03	4.038541e+00
3.304000e-05	-8.297057e-04	3.724884e+00
3.305000e-05	-2.263988e-03	3.472754e+00
3.306000e-05	-3.537830e-03	3.248516e+00
3.307000e-05	-3.584800e-03	2.931776e+00
3.308000e-05	-2.244415e-03	2.629166e+00
3.309000e-05	-2.173340e-03	2.394803e+00
3.310000e-05	-3.833844e-03	2.040746e+00
3.311000e-05	-4.463908e-03	1.808992e+00
3.312000e-05	-3.656933e-03	1.492175e+00
3.313000e-05	-3.090226e-03	1.177985e+00
3.314000e-05	-4.467529e-03	8.396997e-01
3.315000e-05	-5.810360e-03	5.858916e-01
3.316000e-05	-3.244979e-03	3.142247e-01
3.317000e-05	-2.580684e-03	-1.050800e-02
3.318000e-05	7.332241e-03	-2.861949e-01
3.319000e-05	-5.081809e-03	-4.878489e-01
3.320000e-05	5.004946e-04	-8.224830e-01
3.321000e-05	-6.442019e-03	-1.074138e+00
3.322000e-05	-2.677336e-04	-1.380883e+00
3.323000e-05	-5.536886e-03	-1.612611e+00
3.324000e-05	1.415716e-02	-1.916666e+00
3.325000e-05	8.119478e-02	-2.076218e+00
3.326000e-05	1.455491e-02	-2.455114e+00
3.327000e-05	-8.002217e-02	-2.775212e+00
3.328000e-05	-3.591603e-02	-3.170583e+00
3.329000e-05	-2.874555e-02	-3.464714e+00
3.330000e-05	-4.967023e-02	-3.684316e+00
3.331000e-05	1.521472e-02	-3.916869e+00
3.332000e-05	1.014493e-01	-4.086322e+00
3.333000e-05	-1.732584e-01	-4.403554e+00
3.334000e-05	2.108668e-01	-4.593684e+00
3.335000e-05	-1.179917e-01	-4.908424e+00
3.336000e-05	1.649020e-04	-5.234941e+00
3.337000e-05	2.085350e-02	-5.519903e+00
3.338000e-05	-1.479587e-01	-5.855165e+00
3.339000e-05	1.792516e-01	-6.055311e+00
3.340000e-05	-1.387793e-01	-6.341072e+00
3.341000e-05	8.292836e-02	-6.634687e+00
3.342000e-05	-8.078764e-03	-6.866420e+00
3.343000e-05	-6.074593e-02	-7.213634e+00
3.344000e-05	6.924405e-02	-7.433737e+00
3.345000e-05	-1.345866e-01	-7.779505e+00
3.346000e-05	1.090952e-01	-8.004083e+00
3.347000e-05	-7.427297e-02	-8.243685e+00
3.348000e-05	3.347070e-02	-8.537490e+00
3.349000e-05	1.207776e-02	-8.717975e+00
3.350000e-05	-8.211114e-02	-9.012107e+00
3.351000e-05	7.440640e-02	-9.191203e+00
3.352000e-05	-1.034555e-01	-9.454766e+00
3.353000e-05	8.069688e-02	-9.687464e+00
3.354000e-05	-8.151530e-02	-9.895871e+00
3.355000e-05	5.603308e-02	-1.011900e+01
3.356000e-05	-3.772172e-02	-1.034900e+01
3.357000e-05	-9.178913e-03	-1.061016e+01
3.358000e-05	-5.277929e-03	-1.072955e+01
3.359000e-05	-3.888952e-02	-1.098216e+01
3.360000e-05	3.142594e-02	-1.117063e+01
3.361000e-05	-5.266630e-02	-1.139216e+01
3.362000e-05	3.361494e-02	-1.159426e+01
3.363000e-05	-4.970028e-02	-1.184334e+01
3.364000e-05	2.737936e-02	-1.202531e+01
3.365000e-05	-4.988125e-02	-1.223261e+01
3.366000e-05	9.041725e-03	-1.237268e+01
3.367000e-05	-2.923491e-02	-1.258862e+01
3.368000e-05	1.062314e-03	-1.275957e+01
3.369000e-05	-1.578045e-02	-1.290694e+01
3.370000e-05	-1.590345e-02	-1.305731e+01
3.371000e-05	-2.914875e-03	-1.320025e+01
3.372000e-05	-2.605679e-02	-1.341120e+01
3.373000e-05	-1.464182e-03	-1.351851e+01
3.374000e-05	-3.422650e-02	-1.366386e+01
3.375000e-05	1.516364e-03	-1.381418e+01
3.376000e-05	-2.758668e-02	-1.394960e+01
3.377000e-05	-2.472992e-03	-1.408659e+01
3.378000e-05	-2.650263e-02	-1.417322e+01
3.379000e-05	-9.290043e-03	-1.435004e+01
3.380000e-05	-2.045468e-02	-1.444383e+01
3.381000e-05	-1.560586e-02	-1.459022e+01
3.382000e-05	-2.022634e-02	-1.467645e+01
3.383000e-05	-1.805430e-02	-1.471009e+01
3.384000e-05	-1.483306e-02	-1.485378e+01
3.385000e-05	-1.940717e-02	-1.493864e+01
3.386000e-05	-2.022472e-02	-1.500330e+01
3.387000e-05	-2.198528e-02	-1.507489e+01
3.388000e-05	-1.859207e-02	-1.515869e+01
3.389000e-05	-2.209806e-02	-1.520188e+01
3.390000e-05	-2.047888e-02	-1.522546e+01
3.391000e-05	-2.425973e-02	-1.528602e+01
3.392000e-05	-1.824906e-02	-1.538069e+01
3.393000e-05	-2.560008e-02	-1.541433e+01
3.394000e-05	-2.236592e-02	-1.544440e+01
3.395000e-05	-2.712549e-02	-1.549453e+01
3.396000e-05	-2.255915e-02	-1.550556e+01
3.397000e-05	-2.634845e-02	-1.555861e+01
3.398000e-05	-2.767452e-02	-1.553901e+01
3.399000e-05	-2.778385e-02	-1.552964e+01
3.400000e-05	-2.860702e-02	-1.550914e+01
3.401000e-05	-2.952322e-02	-1.553909e+01
3.402000e-05	-3.308859e-02	-1.552914e+01
3.403000e-05	-3.220346e-02	-1.551802e+01
3.404000e-05	-3.189248e-02	-1.546698e+01
3.405000e-05	-3.438757e-02	-1.545488e+01
3.406000e-05	-3.743418e-02	-1.544328e+01
3.407000e-05	-3.887561e-02	-1.540023e+01
3.408000e-05	-3.811326e-02	-1.537164e+01
3.409000e-05	-4.032161e-02	-1.534856e+01
3.410000e-05	-4.306494e-02	-1.527445e+01
3.411000e-05	-4.658362e-02	-1.521177e+01
3.412000e-05	-4.693532e-02	-1.514952e+01
3.413000e-05	-4.794022e-02	-1.508478e+01
3.414000e-05	-5.143306e-02	-1.499072e+01
3.415000e-05	-5.580669e-02	-1.493559e+01
3.416000e-05	-5.744465e-02	-1.488342e+01
3.417000e-05	-5.976595e-02	-1.472809e+01
3.418000e-05	-6.280993e-02	-1.468183e+01
3.419000e-05	-6.741135e-02	-1.456059e+01
3.420000e-05	-6.709120e-02	-1.445288e+01
3.421000e-05	-6.828576e-02	-1.434909e+01
3.422000e-05	-6.910805e-02	-1.422885e+01
3.423000e-05	-7.065634e-02	-1.411536e+01
3.424000e-05	-6.899263e-02	-1.396706e+01
3.425000e-05	-6.770060e-02	-1.384125e+01
3.426000e-05	-6.563392e-02	-1.366390e+01
3.427000e-05	-6.393850e-02	-1.356751e+01
3.428000e-05	-6.041757e-02	-1.339764e+01
3.429000e-05	-5.704668e-02	-1.325193e+01
3.430000e-05	-5.505615e-02	-1.307446e+01
3.431000e-05	-5.354457e-02	-1.293606e+01
3.432000e-05	-4.936803e-02	-1.275817e+01
3.433000e-05	-4.475948e-02	-1.262967e+01
3.434000e-05	-4.274839e-02	-1.243174e+01
3.435000e-05	-4.156573e-02	-1.224282e+01
3.436000e-05	-3.835750e-02	-1.211333e+01
3.437000e-05	-3.538390e-02	-1.187343e+01
3.438000e-05	-3.299452e-02	-1.167387e+01
3.439000e-05	-3.235521e-02	-1.143185e+01
3.440000e-05	-3.011149e-02	-1.118169e+01
3.441000e-05	-2.606965e-02	-1.100915e+01
3.442000e-05	-2.623985e-02	-1.081067e+01
3.443000e-05	-2.491099e-02	-1.061219e+01
3.444000e-05	-2.452028e-02	-1.042019e+01
3.445000e-05	-2.004292e-02	-1.020567e+01
3.446000e-05	-2.016661e-02	-9.946440e+00
3.447000e-05	-2.049979e-02	-9.775988e+00
3.448000e-05	-1.919818e-02	-9.514484e+00
3.449000e-05	-1.695298e-02	-9.274380e+00
3.450000e-05	-1.502479e-02	-9.042696e+00
3.451000e-05	-1.619541e-02	-8.811702e+00
3.452000e-05	-1.628438e-02	-8.567089e+00
3.453000e-05	-1.347114e-02	-8.335036e+00
3.454000e-05	-1.245599e-02	-8.144779e+00
3.455000e-05	-1.358512e-02	-7.819668e+00
3.456000e-05	-1.368108e-02	-7.575937e+00
3.457000e-05	-1.138385e-02	-7.314353e+00
3.458000e-05	-1.054963e-02	-7.060721e+00
3.459000e-05	-1.128279e-02	-6.788987e+00
3.460000e-05	-1.102072e-02	-6.533881e+00
3.461000e-05	-1.013845e-02	-6.272175e+00
3.462000e-05	-9.630611e-03	-6.018041e+00
3.463000e-05	-8.268761e-03	-5.753906e+00
3.464000e-05	-1.011698e-02	-5.430646e+00
3.465000e-05	-7.833141e-03	-5.134408e+00
3.466000e-05	-7.281249e-03	-4.767214e+00
3.467000e-05	-6.052556e-03	-4.524882e+00
3.468000e-05	-8.875905e-03	-4.333726e+00
3.469000e-05	-7.128807e-03	-4.049595e+00
3.470000e-05	-8.654109e-03	-3.753434e+00
3.471000e-05	-5.418121e-03	-3.481176e+00
3.472000e-05	-9.057735e-03	-3.208991e+00
3.473000e-05	-5.639182e-03	-2.861279e+00
3.474000e-05	-5.594903e-03	-2.609517e+00
3.475000e-05	-2.878540e-03	-2.344810e+00
3.476000e-05	-6.307485e-03	-2.029971e+00
3.477000e-05	-6.120172e-03	-1.766437e+00
3.478000e-05	-6.725500e-03	-1.493171e+00
3.479000e-05	-3.740941e-03	-1.146859e+00
3.480000e-05	-5.602227e-03	-8.606012e-01
3.481000e-05	-4.009629e-03	-5.163604e-01
3.482000e-05	-2.594882e-03	-2.802062e-01
3.483000e-05	2.615224e-03	1.631497e-03
3.484000e-05	1.104461e-02	3.167700e-01
3.485000e-05	-4.533131e-03	5.499026e-01
3.486000e-05	3.374330e-03	8.225302e-01
3.487000e-05	-3.338111e-03	1.138349e+00
3.488000e-05	4.429495e-03	1.361980e+00
3.489000e-05	-1.390955e-03	1.759368e+00
3.490000e-05	1.502522e-02	1.968903e+00
3.491000e-05	4.463968e-02	2.191507e+00
3.492000e-05	7.875539e-02	2.509879e+00
3.493000e-05	-7.212313e-02	2.856771e+00
3.494000e-05	-4.517530e-02	3.189002e+00
3.495000e-05	-3.202177e-02	3.442711e+00
3.496000e-05	1.116425e-02	3.666267e+00
3.497000e-05	-5.830418e-02	3.915842e+00
3.498000e-05	1.663329e-02	4.057846e+00
3.499000e-05	8.299850e-02	4.454714e+00
3.500000e-05	-7.878176e-02	4.647340e+00
3.501000e-05	1.645500e-01	4.990434e+00
3.502000e-05	-1.085130e-01	5.338978e+00
3.503000e-05	1.174777e-02	5.590682e+00
3.504000e-05	1.878752e-02	5.866317e+00
3.505000e-05	-2.853820e-02	6.149471e+00
3.506000e-05	5.604304e-02	6.361607e+00
3.507000e-05	-6.418685e-02	6.664765e+00
3.508000e-05	6.727681e-02	6.948974e+00
3.509000e-05	9.779361e-05	7.202659e+00
3.510000e-05	-7.462724e-03	7.467321e+00
3.511000e-05	-2.511279e-02	7.740053e+00
3.512000e-05	2.834919e-03	8.053793e+00
3.513000e-05	6.044595e-02	8.297896e+00
3.514000e-05	-3.369183e-02	8.507899e+00
3.515000e-05	1.147168e-02	8.709000e+00
3.516000e-05	1.298257e-02	9.002156e+00
3.517000e-05	1.936130e-03	9.233681e+00
3.518000e-05	1.533165e-02	9.465810e+00
3.519000e-05	-2.416902e-02	9.736444e+00
3.520000e-05	2.550548e-02	9.938475e+00
3.521000e-05	7.686599e-03	1.016800e+01
3.522000e-05	2.543391e-02	1.035907e+01
3.523000e-05	-1.813013e-02	1.059318e+01
3.524000e-05	3.153884e-03	1.078065e+01
3.525000e-05	2.019730e-02	1.101263e+01
3.526000e-05	4.181968e-03	1.118118e+01
3.527000e-05	5.559856e-03	1.138476e+01
3.528000e-05	-2.144512e-03	1.166626e+01
3.529000e-05	2.853045e-02	1.185431e+01
3.530000e-05	6.758061e-03	1.202421e+01
3.531000e-05	3.118059e-03	1.222275e+01
3.532000e-05	-4.859236e-03	1.244217e+01
3.533000e-05	1.728892e-02	1.259110e+01
3.534000e-05	1.580459e-02	1.272909e+01
3.535000e-05	3.866431e-03	1.293644e+01
3.536000e-05	6.475767e-03	1.303481e+01
3.537000e-05	1.570264e-02	1.324336e+01
3.538000e-05	1.881871e-02	1.342065e+01
3.539000e-05	2.462352e-03	1.350694e+01
3.540000e-05	2.616996e-03	1.369541e+01
3.541000e-05	1.279116e-02	1.382373e+01
3.542000e-05	1.667037e-02	1.395110e+01
3.543000e-05	9.363374e-03	1.408736e+01
3.544000e-05	4.964256e-03	1.430388e+01
3.545000e-05	1.644613e-02	1.432762e+01
3.546000e-05	1.731049e-02	1.445586e+01
3.547000e-05	1.049676e-02	1.459170e+01
3.548000e-05	7.632661e-03	1.465446e+01
3.549000e-05	1.418673e-02	1.478162e+01
3.550000e-05	2.063959e-02	1.488430e+01
3.551000e-05	1.223803e-02	1.490797e+01
3.552000e-05	1.074327e-02	1.502265e+01
3.553000e-05	1.207995e-02	1.507599e+01
3.554000e-05	2.129103e-02	1.513919e+01
3.555000e-05	1.483033e-02	1.518323e+01
3.556000e-05	1.242474e-02	1.528593e+01
3.557000e-05	1.446388e-02	1.534655e+01
3.558000e-05	2.152748e-02	1.539122e+01
3.559000e-05	2.035815e-02	1.540075e+01
3.560000e-05	1.323397e-02	1.544433e+01
3.561000e-05	1.913346e-02	1.545738e+01
3.562000e-05	2.076047e-02	1.548553e+01
3.563000e-05	2.408351e-02	1.549746e+01
3.564000e-05	1.703859e-02	1.552806e+01
3.565000e-05	2.028036e-02	1.555052e+01
3.566000e-05	2.488236e-02	1.556764e+01
3.567000e-05	2.653005e-02	1.551906e+01
3.568000e-05	2.311901e-02	1.554764e+01
3.569000e-05	2.297184e-02	1.550703e+01
3.570000e-05	3.149390e-02	1.551794e+01
3.571000e-05	3.156338e-02	1.546591e+01
3.572000e-05	3.004841e-02	1.540378e+01
3.573000e-05	2.779356e-02	1.539927e+01
3.574000e-05	3.529903e-02	1.536812e+01
3.575000e-05	3.756851e-02	1.530654e+01
3.576000e-05	3.620239e-02	1.523385e+01
3.577000e-05	3.530925e-02	1.522179e+01
3.578000e-05	4.176739e-02	1.511601e+01
3.579000e-05	4.743443e-02	1.507388e+01
3.580000e-05	4.552808e-02	1.496062e+01
3.581000e-05	4.626064e-02	1.490606e+01
3.582000e-05	5.137210e-02	1.486219e+01
3.583000e-05	5.848998e-02	1.471904e+01
3.584000e-05	5.822235e-02	1.465180e+01
3.585000e-05	5.799579e-02	1.454861e+01
3.586000e-05	6.102966e-02	1.442124e+01
3.587000e-05	6.535595e-02	1.431696e+01
3.588000e-05	6.383553e-02	1.424062e+01
3.589000e-05	6.087381e-02	1.405432e+01
3.590000e-05	6.157177e-02	1.393601e+01
3.591000e-05	6.314106e-02	1.378967e+01
3.592000e-05	5.892050e-02	1.364177e+01
3.593000e-05	5.419080e-02	1.348436e+01
3.594000e-05	5.208150e-02	1.334754e+01
3.595000e-05	5.313751e-02	1.322224e+01
3.596000e-05	4.721791e-02	1.305322e+01
3.597000e-05	4.174557e-02	1.289390e+01
3.598000e-05	3.960600e-02	1.268595e+01
3.599000e-05	4.073954e-02	1.256557e+01
3.600000e-05	3.565361e-02	1.238971e+01
3.601000e-05	3.120918e-02	1.222864e+01
3.602000e-05	2.724836e-02	1.204024e+01
3.603000e-05	2.815561e-02	1.181127e+01
3.604000e-05	2.633862e-02	1.164174e+01
3.605000e-05	2.150405e-02	1.136817e+01
3.606000e-05	2.051597e-02	1.115977e+01
3.607000e-05	1.961389e-02	1.099851e+01
3.608000e-05	2.024371e-02	1.080911e+01
3.609000e-05	1.532191e-02	1.057814e+01
3.610000e-05	1.321561e-02	1.033849e+01
3.611000e-05	1.259015e-02	1.014597e+01
3.612000e-05	1.498977e-02	9.944438e+00
3.613000e-05	1.028511e-02	9.683806e+00
3.614000e-05	8.326556e-03	9.451648e+00
3.615000e-05	8.296518e-03	9.230692e+00
3.616000e-05	8.786191e-03	8.986667e+00
3.617000e-05	7.351136e-03	8.736511e+00
3.618000e-05	4.729025e-03	8.505334e+00
3.619000e-05	5.629471e-03	8.292904e+00
3.620000e-05	5.949456e-03	8.062072e+00
3.621000e-05	5.871239e-03	7.805963e+00
3.622000e-05	1.807798e-03	7.535927e+00
3.623000e-05	1.756652e-03	7.191722e+00
3.624000e-05	3.038481e-03	6.997588e+00
3.625000e-05	3.475903e-03	6.756862e+00
3.626000e-05	1.038700e-03	6.422253e+00
3.627000e-05	2.767148e-04	6.209569e+00
3.628000e-05	1.954091e-03	5.958409e+00
3.629000e-05	1.688070e-03	5.653300e+00
3.630000e-05	-1.705101e-04	5.379045e+00
3.631000e-05	-2.928930e-03	5.092825e+00
3.632000e-05	-4.608845e-04	4.787381e+00
3.633000e-05	6.235917e-04	4.473729e+00
3.634000e-05	-1.540347e-03	4.199642e+00
3.635000e-05	-3.175448e-03	3.913857e+00
3.636000e-05	-2.764542e-03	3.651599e+00
3.637000e-05	-1.439112e-03	3.419068e+00
3.638000e-05	-1.988325e-03	3.123729e+00
3.639000e-05	-4.135818e-03	2.820522e+00
3.640000e-05	-3.519069e-03	2.535358e+00
3.641000e-05	-1.781957e-03	2.231167e+00
3.642000e-05	-2.919337e-03	1.997938e+00
3.643000e-05	-5.081627e-03	1.723727e+00
3.644000e-05	-5.731129e-03	1.407917e+00
3.645000e-05	-4.104279e-03	1.083645e+00
3.646000e-05	-3.455584e-03	7.558879e-01
3.647000e-05	-4.508602e-03	4.927051e-01
3.648000e-05	-3.585467e-03	2.075378e-01
3.649000e-05	-6.720775e-04	-1.057187e-01
3.650000e-05	9.703323e-03	-3.594976e-01
3.651000e-05	-7.421571e-03	-6.035620e-01
3.652000e-05	-2.178291e-04	-8.652186e-01
3.653000e-05	-7.610138e-03	-1.168449e+00
3.654000e-05	-6.974532e-06	-1.487620e+00
3.655000e-05	-4.233381e-03	-1.686423e+00
3.656000e-05	2.491948e-02	-1.958925e+00
3.657000e-05	1.080429e-01	-2.192483e+00
3.658000e-05	-5.750791e-02	-2.571506e+00
3.659000e-05	-5.083451e-02	-2.919982e+00
3.660000e-05	-4.877749e-02	-3.275291e+00
3.661000e-05	-1.094648e-02	-3.536773e+00
3.662000e-05	-7.595815e-02	-3.739950e+00
3.663000e-05	1.098776e-01	-3.950078e+00
3.664000e-05	-2.397243e-02	-4.179559e+00
3.665000e-05	-6.311052e-02	-4.455291e+00
3.666000e-05	1.814496e-01	-4.706844e+00
3.667000e-05	-1.924266e-01	-5.044239e+00
3.668000e-05	1.087034e-01	-5.370077e+00
3.669000e-05	-1.106806e-01	-5.622562e+00
3.670000e-05	-8.430954e-03	-5.929422e+00
3.671000e-05	1.077839e-01	-6.109020e+00
3.672000e-05	-1.391260e-01	-6.455763e+00
3.673000e-05	1.370082e-01	-6.690017e+00
3.674000e-05	-1.026180e-01	-6.953582e+00
3.675000e-05	3.285579e-02	-7.307397e+00
3.676000e-05	-1.484269e-02	-7.487500e+00
3.677000e-05	-7.454305e-02	-7.824686e+00
3.678000e-05	1.047799e-01	-8.065816e+00
3.679000e-05	-1.122658e-01	-8.309369e+00
3.680000e-05	1.035209e-01	-8.631179e+00
3.681000e-05	-8.487043e-02	-8.824661e+00
3.682000e-05	9.675044e-03	-9.085282e+00
3.683000e-05	5.315570e-03	-9.265841e+00
3.684000e-05	-5.228790e-02	-9.537849e+00
3.685000e-05	5.469005e-02	-9.748500e+00
3.686000e-05	-8.242557e-02	-9.991031e+00
3.687000e-05	7.881043e-02	-1.014976e+01
3.688000e-05	-8.319307e-02	-1.042471e+01
3.689000e-05	4.149375e-02	-1.062433e+01
3.690000e-05	-5.867637e-02	-1.081421e+01
3.691000e-05	1.693662e-02	-1.104433e+01
3.692000e-05	-1.637423e-02	-1.124434e+01
3.693000e-05	-1.630608e-02	-1.146799e+01
3.694000e-05	5.381692e-03	-1.169451e+01
3.695000e-05	-2.990003e-02	-1.189695e+01
3.696000e-05	1.620917e-02	-1.211647e+01
3.697000e-05	-5.029796e-02	-1.227586e+01
3.698000e-05	1.693623e-02	-1.244386e+01
3.699000e-05	-4.100408e-02	-1.261380e+01
3.700000e-05	1.819481e-02	-1.279325e+01
3.701000e-05	-3.740331e-02	-1.296000e+01
3.702000e-05	4.867355e-03	-1.312006e+01
3.703000e-05	-2.394240e-02	-1.325339e+01
3.704000e-05	-6.510411e-03	-1.341281e+01
3.705000e-05	-1.933491e-02	-1.356010e+01
3.706000e-05	-2.241834e-02	-1.371705e+01
3.707000e-05	-7.709787e-03	-1.386583e+01
3.708000e-05	-2.025011e-02	-1.399218e+01
3.709000e-05	-6.357177e-03	-1.412859e+01
3.710000e-05	-2.622371e-02	-1.425430e+01
3.711000e-05	-7.990338e-03	-1.439163e+01
3.712000e-05	-2.391768e-02	-1.449594e+01
3.713000e-05	-1.212841e-02	-1.459118e+01
3.714000e-05	-2.455941e-02	-1.468853e+01
3.715000e-05	-1.382536e-02	-1.479065e+01
3.716000e-05	-1.819091e-02	-1.488241e+01
3.717000e-05	-1.689518e-02	-1.496817e+01
3.718000e-05	-2.150587e-02	-1.506280e+01
3.719000e-05	-1.978005e-02	-1.509799e+01
3.720000e-05	-2.150456e-02	-1.515972e+01
3.721000e-05	-2.070556e-02	-1.525388e+01
3.722000e-05	-2.319082e-02	-1.532654e+01
3.723000e-05	-2.206361e-02	-1.535812e+01
3.724000e-05	-2.143806e-02	-1.537072e+01
3.725000e-05	-2.445951e-02	-1.544323e+01
3.726000e-05	-2.263703e-02	-1.543345e+01
3.727000e-05	-2.668948e-02	-1.552494e+01
3.728000e-05	-2.257353e-02	-1.550694e+01
3.729000e-05	-2.678473e-02	-1.552859e+01
3.730000e-05	-2.666573e-02	-1.554759e+01
3.731000e-05	-2.895959e-02	-1.553854e+01
3.732000e-05	-2.901324e-02	-1.551764e+01
3.733000e-05	-2.999513e-02	-1.553009e+01
3.734000e-05	-3.247331e-02	-1.550557e+01
3.735000e-05	-3.192049e-02	-1.549746e+01
3.736000e-05	-3.429717e-02	-1.552596e+01
3.737000e-05	-3.476141e-02	-1.548541e+01
3.738000e-05	-3.835499e-02	-1.545283e+01
3.739000e-05	-3.916806e-02	-1.544225e+01
3.740000e-05	-3.894890e-02	-1.534862e+01
3.741000e-05	-3.925260e-02	-1.533704e+01
3.742000e-05	-4.421318e-02	-1.524143e+01
3.743000e-05	-4.634787e-02	-1.518170e+01
3.744000e-05	-4.790784e-02	-1.512991e+01
3.745000e-05	-4.895700e-02	-1.506285e+01
3.746000e-05	-5.284767e-02	-1.499972e+01
3.747000e-05	-5.595983e-02	-1.491555e+01
3.748000e-05	-5.859022e-02	-1.480175e+01
3.749000e-05	-5.912048e-02	-1.469699e+01
3.750000e-05	-6.305523e-02	-1.467327e+01
3.751000e-05	-6.739270e-02	-1.452854e+01
3.752000e-05	-6.888513e-02	-1.445175e+01
3.753000e-05	-6.924837e-02	-1.431451e+01
3.754000e-05	-6.891383e-02	-1.419706e+01
3.755000e-05	-6.971999e-02	-1.406132e+01
3.756000e-05	-6.888553e-02	-1.392454e+01
3.757000e-05	-6.875604e-02	-1.378016e+01
3.758000e-05	-6.427274e-02	-1.364272e+01
3.759000e-05	-6.184583e-02	-1.348433e+01
3.760000e-05	-5.949123e-02	-1.336556e+01
3.761000e-05	-5.726046e-02	-1.319914e+01
3.762000e-05	-5.246809e-02	-1.305277e+01
3.763000e-05	-5.006557e-02	-1.288486e+01
3.764000e-05	-4.736699e-02	-1.272393e+01
3.765000e-05	-4.593071e-02	-1.254656e+01
3.766000e-05	-4.150365e-02	-1.242011e+01
3.767000e-05	-3.952608e-02	-1.218017e+01
3.768000e-05	-3.737703e-02	-1.203976e+01
3.769000e-05	-3.623171e-02	-1.183067e+01
3.770000e-05	-3.401050e-02	-1.154914e+01
3.771000e-05	-2.925210e-02	-1.138866e+01
3.772000e-05	-2.894297e-02	-1.115804e+01
3.773000e-05	-2.726695e-02	-1.095699e+01
3.774000e-05	-2.686870e-02	-1.075593e+01
3.775000e-05	-2.391946e-02	-1.057856e+01
3.776000e-05	-2.012050e-02	-1.034648e+01
3.777000e-05	-2.132838e-02	-1.008538e+01
3.778000e-05	-1.840067e-02	-9.901831e+00
3.779000e-05	-1.855908e-02	-9.691775e+00
3.780000e-05	-1.892105e-02	-9.448775e+00
3.781000e-05	-2.062197e-02	-9.209692e+00
3.782000e-05	-1.857343e-02	-8.998620e+00
3.783000e-05	-1.463935e-02	-8.755008e+00
3.784000e-05	-1.192083e-02	-8.503930e+00
3.785000e-05	-1.147840e-02	-8.253151e+00
3.786000e-05	-1.237006e-02	-8.040646e+00
3.787000e-05	-1.223213e-02	-7.745511e+00
3.788000e-05	-1.390048e-02	-7.482777e+00
3.789000e-05	-1.438955e-02	-7.229095e+00
3.790000e-05	-1.307558e-02	-6.955534e+00
3.791000e-05	-9.518666e-03	-6.692278e+00
3.792000e-05	-8.566247e-03	-6.460168e+00
3.793000e-05	-7.188716e-03	-6.197060e+00
3.794000e-05	-8.765138e-03	-5.914833e+00
3.795000e-05	-7.465869e-03	-5.640721e+00
3.796000e-05	-9.813494e-03	-5.363879e+00
3.797000e-05	-1.040912e-02	-5.020096e+00
3.798000e-05	-9.193231e-03	-4.680321e+00
3.799000e-05	-7.887142e-03	-4.452174e+00
3.800000e-05	-6.319284e-03	-4.219145e+00
3.801000e-05	-6.541677e-03	-3.926429e+00
3.802000e-05	-6.655519e-03	-3.630225e+00
3.803000e-05	-6.630558e-03	-3.419494e+00
3.804000e-05	-6.483641e-03	-3.083249e+00
3.805000e-05	-7.719356e-03	-2.779039e+00
3.806000e-05	-5.321411e-03	-2.544335e+00
3.807000e-05	-5.135455e-03	-2.249223e+00
3.808000e-05	-3.833606e-03	-1.956861e+00
3.809000e-05	-5.430285e-03	-1.691224e+00
3.810000e-05	-5.005093e-03	-1.364435e+00
3.811000e-05	-4.806086e-03	-1.030621e+00
3.812000e-05	-4.612257e-03	-7.978607e-01
3.813000e-05	-3.627207e-03	-4.305975e-01
3.814000e-05	-4.162726e-03	-1.684657e-01
3.815000e-05	4.323977e-03	9.561722e-02
3.816000e-05	8.156624e-03	3.709803e-01
3.817000e-05	-5.771673e-04	6.230856e-01
3.818000e-05	1.255182e-03	8.977473e-01
3.819000e-05	-1.879640e-03	1.163159e+00
3.820000e-05	4.889139e-03	1.435246e+00
3.821000e-05	4.128091e-04	1.793109e+00
3.822000e-05	1.965218e-02	2.013060e+00
3.823000e-05	6.781514e-02	2.277771e+00
3.824000e-05	3.339290e-02	2.676666e+00
3.825000e-05	-7.028222e-02	2.959505e+00
3.826000e-05	-4.413442e-02	3.233683e+00
3.827000e-05	-1.360790e-02	3.528896e+00
3.828000e-05	-1.030515e-02	3.738005e+00
3.829000e-05	-5.268663e-02	3.918924e+00
3.830000e-05	7.306642e-02	4.222183e+00
3.831000e-05	2.593012e-03	4.519896e+00
3.832000e-05	2.377006e-03	4.779608e+00
3.833000e-05	1.112528e-01	5.086344e+00
3.834000e-05	-1.251388e-01	5.442159e+00
3.835000e-05	5.977266e-02	5.636713e+00
3.836000e-05	-2.955666e-02	5.952024e+00
3.837000e-05	2.191482e-02	6.191631e+00
3.838000e-05	1.363347e-02	6.467868e+00
3.839000e-05	-4.392181e-02	6.751105e+00
3.840000e-05	7.991938e-02	6.984133e+00
3.841000e-05	-2.875726e-02	7.298844e+00
3.842000e-05	9.152961e-03	7.541029e+00
3.843000e-05	-4.378357e-02	7.857339e+00
3.844000e-05	4.478325e-02	8.178922e+00
3.845000e-05	3.168629e-02	8.369475e+00
3.846000e-05	-3.894764e-02	8.623553e+00
3.847000e-05	3.380913e-02	8.812183e+00
3.848000e-05	-1.416565e-02	9.045292e+00
3.849000e-05	2.853134e-02	9.297970e+00
3.850000e-05	-1.599821e-02	9.508472e+00
3.851000e-05	3.986802e-03	9.751029e+00
3.852000e-05	1.124658e-02	1.000313e+01
3.853000e-05	1.913741e-02	1.020311e+01
3.854000e-05	1.701341e-02	1.041531e+01
3.855000e-05	-2.518487e-02	1.066586e+01
3.856000e-05	2.121133e-02	1.084583e+01
3.857000e-05	2.248593e-03	1.104636e+01
3.858000e-05	1.871715e-02	1.124534e+01
3.859000e-05	-1.223090e-02	1.142741e+01
3.860000e-05	1.852149e-02	1.168747e+01
3.861000e-05	1.527997e-02	1.190849e+01
3.862000e-05	1.487065e-02	1.209737e+01
3.863000e-05	-2.530270e-03	1.226586e+01
3.864000e-05	6.492033e-04	1.244378e+01
3.865000e-05	1.744843e-02	1.262378e+01
3.866000e-05	7.001895e-03	1.274068e+01
3.867000e-05	7.149746e-03	1.293112e+01
3.868000e-05	2.102802e-03	1.311852e+01
3.869000e-05	2.459245e-02	1.328536e+01
3.870000e-05	1.059923e-02	1.340378e+01
3.871000e-05	8.991575e-03	1.354065e+01
3.872000e-05	-2.701347e-04	1.371759e+01
3.873000e-05	1.681216e-02	1.381426e+01
3.874000e-05	1.243921e-02	1.398178e+01
3.875000e-05	8.096605e-03	1.413864e+01
3.876000e-05	7.584856e-03	1.427641e+01
3.877000e-05	1.547431e-02	1.438373e+01
3.878000e-05	2.075940e-02	1.453857e+01
3.879000e-05	7.786359e-03	1.461320e+01
3.880000e-05	1.251890e-02	1.470699e+01
3.881000e-05	1.148658e-02	1.481220e+01
3.882000e-05	2.081580e-02	1.487486e+01
3.883000e-05	1.006266e-02	1.495055e+01
3.884000e-05	1.183257e-02	1.501532e+01
3.885000e-05	1.388201e-02	1.507601e+01
3.886000e-05	1.969235e-02	1.513112e+01
3.887000e-05	1.695116e-02	1.522225e+01
3.888000e-05	1.327081e-02	1.529553e+01
3.889000e-05	1.748439e-02	1.534710e+01
3.890000e-05	1.880899e-02	1.535870e+01
3.891000e-05	1.945474e-02	1.543273e+01
3.892000e-05	1.329816e-02	1.544588e+01
3.893000e-05	2.104099e-02	1.546896e+01
3.894000e-05	2.150657e-02	1.549706e+01
3.895000e-05	2.332613e-02	1.554897e+01
3.896000e-05	1.836468e-02	1.558056e+01
3.897000e-05	2.127197e-02	1.557064e+01
3.898000e-05	2.501454e-02	1.556906e+01
3.899000e-05	2.415695e-02	1.551849e+01
3.900000e-05	2.500065e-02	1.554856e+01
3.901000e-05	2.493411e-02	1.552651e+01
3.902000e-05	3.213811e-02	1.544596e+01
3.903000e-05	3.050813e-02	1.545285e+01
3.904000e-05	2.932770e-02	1.542235e+01
3.905000e-05	3.073709e-02	1.539817e+01
3.906000e-05	3.453802e-02	1.534801e+01
3.907000e-05	3.574120e-02	1.528546e+01
3.908000e-05	3.675231e-02	1.530338e+01
3.909000e-05	4.008617e-02	1.516922e+01
3.910000e-05	4.253152e-02	1.506699e+01
3.911000e-05	4.602456e-02	1.503282e+01
3.912000e-05	4.563645e-02	1.490864e+01
3.913000e-05	4.821335e-02	1.486386e+01
3.914000e-05	5.193945e-02	1.481061e+01
3.915000e-05	5.520277e-02	1.471533e+01
3.916000e-05	5.892169e-02	1.458177e+01
3.917000e-05	5.924791e-02	1.449643e+01
3.918000e-05	6.452584e-02	1.438870e+01
3.919000e-05	6.305727e-02	1.427643e+01
3.920000e-05	6.384367e-02	1.415757e+01
3.921000e-05	6.153115e-02	1.401020e+01
3.922000e-05	6.265297e-02	1.387445e+01
3.923000e-05	6.044153e-02	1.375561e+01
3.924000e-05	5.736402e-02	1.357864e+01
3.925000e-05	5.393330e-02	1.342180e+01
3.926000e-05	5.181105e-02	1.331503e+01
3.927000e-05	4.978559e-02	1.314901e+01
3.928000e-05	4.537598e-02	1.300864e+01
3.929000e-05	4.257876e-02	1.280283e+01
3.930000e-05	4.030839e-02	1.263378e+01
3.931000e-05	3.759176e-02	1.249648e+01
3.932000e-05	3.366908e-02	1.231701e+01
3.933000e-05	3.074856e-02	1.216656e+01
3.934000e-05	2.868575e-02	1.194754e+01
3.935000e-05	2.615922e-02	1.174809e+01
3.936000e-05	2.462971e-02	1.157709e+01
3.937000e-05	2.187881e-02	1.131604e+01
3.938000e-05	2.177988e-02	1.114646e+01
3.939000e-05	1.925183e-02	1.089646e+01
3.940000e-05	1.720356e-02	1.074796e+01
3.941000e-05	1.544900e-02	1.052541e+01
3.942000e-05	1.487408e-02	1.032643e+01
3.943000e-05	1.236462e-02	1.005433e+01
3.944000e-05	1.172966e-02	9.850673e+00
3.945000e-05	1.071867e-02	9.560642e+00
3.946000e-05	9.640157e-03	9.367543e+00
3.947000e-05	8.397709e-03	9.138036e+00
3.948000e-05	6.475008e-03	8.943483e+00
3.949000e-05	6.818991e-03	8.692277e+00
3.950000e-05	6.070962e-03	8.481750e+00
3.951000e-05	6.245942e-03	8.230690e+00
3.952000e-05	4.166384e-03	7.956008e+00
3.953000e-05	3.794734e-03	7.692828e+00
3.954000e-05	3.453773e-03	7.398770e+00
3.955000e-05	2.489873e-03	7.137958e+00
3.956000e-05	1.752129e-03	6.914380e+00
3.957000e-05	2.621508e-03	6.700271e+00
3.958000e-05	1.933663e-03	6.357912e+00
3.959000e-05	2.324161e-03	6.094882e+00
3.960000e-05	-2.210982e-04	5.925247e+00
3.961000e-05	4.876414e-05	5.589044e+00
3.962000e-05	-3.664089e-04	5.294355e+00
3.963000e-05	3.903432e-04	4.977432e+00
3.964000e-05	-1.540591e-03	4.681199e+00
3.965000e-05	-1.335622e-03	4.410517e+00
3.966000e-05	-2.275944e-03	4.093254e+00
3.967000e-05	-2.812249e-04	3.841144e+00
3.968000e-05	-2.599249e-03	3.568438e+00
3.969000e-05	-2.899045e-03	3.313252e+00
3.970000e-05	-3.274041e-03	2.988540e+00
3.971000e-05	-2.417784e-03	2.737385e+00
3.972000e-05	-2.672541e-03	2.430543e+00
3.973000e-05	-4.721487e-03	2.174358e+00
3.974000e-05	-4.100989e-03	1.902809e+00
3.975000e-05	-3.428863e-03	1.587937e+00
3.976000e-05	-3.712524e-03	1.291705e+00
3.977000e-05	-4.375770e-03	1.014859e+00
3.978000e-05	-4.231781e-03	6.426775e-01
3.979000e-05	-3.950366e-03	4.094145e-01
3.980000e-05	-3.224278e-03	8.172627e-02
3.981000e-05	1.100413e-03	-1.799804e-01
3.982000e-05	4.219708e-03	-4.231406e-01
3.983000e-05	-4.090278e-03	-7.273513e-01
3.984000e-05	-3.685092e-03	-9.403804e-01
3.985000e-05	-4.112652e-03	-1.235191e+00
3.986000e-05	-3.105995e-03	-1.560479e+00
3.987000e-05	3.431670e-03	-1.810556e+00
3.988000e-05	4.498867e-02	-1.991628e+00
3.989000e-05	9.009855e-02	-2.305878e+00
3.990000e-05	-9.364674e-02	-2.687375e+00
3.991000e-05	-3.416101e-02	-3.048270e+00
3.992000e-05	-4.904782e-02	-3.350026e+00
3.993000e-05	-1.596092e-02	-3.582055e+00
3.994000e-05	-6.686773e-02	-3.863212e+00
3.995000e-05	1.560032e-01	-4.012185e+00
3.996000e-05	-1.456071e-01	-4.255267e+00
3.997000e-05	1.039837e-01	-4.560528e+00
3.998000e-05	5.897449e-02	-4.774109e+00
3.999000e-05	-1.470446e-01	-5.141528e+00
4.000000e-05	1.237860e-01	-5.420763e+00
4.001000e-05	-1.887832e-01	-5.718875e+00
4.002000e-05	1.293370e-01	-5.972580e+00
4.003000e-05	-2.467873e-02	-6.203113e+00
4.004000e-05	-4.667196e-02	-6.549003e+00
4.005000e-05	1.064415e-01	-6.780652e+00
4.006000e-05	-1.272717e-01	-7.088373e+00
4.007000e-05	8.875374e-02	-7.359474e+00
4.008000e-05	-1.026841e-01	-7.603213e+00
4.009000e-05	2.752145e-02	-7.919500e+00
4.010000e-05	3.100296e-02	-8.129027e+00
4.011000e-05	-7.037886e-02	-8.403163e+00
4.012000e-05	1.000473e-01	-8.623765e+00
4.013000e-05	-1.275528e-01	-8.918871e+00
4.014000e-05	7.879299e-02	-9.127945e+00
4.015000e-05	-7.515975e-02	-9.318949e+00
4.016000e-05	2.925896e-02	-9.612706e+00
4.017000e-05	-1.383478e-02	-9.812605e+00
4.018000e-05	-2.420230e-02	-1.002431e+01
4.019000e-05	3.958134e-02	-1.025581e+01
4.020000e-05	-7.201015e-02	-1.048797e+01
4.021000e-05	4.609861e-02	-1.068842e+01
4.022000e-05	-7.569612e-02	-1.088700e+01
4.023000e-05	4.996408e-02	-1.108947e+01
4.024000e-05	-5.335314e-02	-1.133894e+01
4.025000e-05	2.480021e-02	-1.152062e+01
4.026000e-05	-3.260516e-02	-1.173057e+01
4.027000e-05	3.056891e-03	-1.198162e+01
4.028000e-05	-1.853135e-02	-1.217907e+01
4.029000e-05	-2.389115e-02	-1.228050e+01
4.030000e-05	1.521510e-03	-1.250642e+01
4.031000e-05	-2.829753e-02	-1.270694e+01
4.032000e-05	1.006735e-02	-1.284391e+01
4.033000e-05	-3.553196e-02	-1.300173e+01
4.034000e-05	9.319211e-03	-1.314017e+01
4.035000e-05	-3.378851e-02	-1.332707e+01
4.036000e-05	2.749363e-03	-1.345389e+01
4.037000e-05	-3.209695e-02	-1.360378e+01
4.038000e-05	-3.921679e-03	-1.379015e+01
4.039000e-05	-1.923454e-02	-1.389649e+01
4.040000e-05	-1.149364e-02	-1.406433e+01
4.041000e-05	-1.633152e-02	-1.415810e+01
4.042000e-05	-2.008219e-02	-1.428696e+01
4.043000e-05	-1.342799e-02	-1.442220e+01
4.044000e-05	-2.313371e-02	-1.453700e+01
4.045000e-05	-1.260150e-02	-1.462280e+01
4.046000e-05	-2.105506e-02	-1.470704e+01
4.047000e-05	-1.047662e-02	-1.482427e+01
4.048000e-05	-2.157432e-02	-1.487594e+01
4.049000e-05	-1.961748e-02	-1.499020e+01
4.050000e-05	-2.368183e-02	-1.509541e+01
4.051000e-05	-2.001658e-02	-1.513849e+01
4.052000e-05	-2.205589e-02	-1.516123e+01
4.053000e-05	-1.976634e-02	-1.524388e+01
4.054000e-05	-2.234668e-02	-1.529741e+01
4.055000e-05	-1.871932e-02	-1.535967e+01
4.056000e-05	-2.339591e-02	-1.537383e+01
4.057000e-05	-2.478245e-02	-1.543390e+01
4.058000e-05	-2.480724e-02	-1.545541e+01
4.059000e-05	-2.617237e-02	-1.549698e+01
4.060000e-05	-2.278751e-02	-1.552909e+01
4.061000e-05	-3.025573e-02	-1.553656e+01
4.062000e-05	-2.587459e-02	-1.553919e+01
4.063000e-05	-2.916310e-02	-1.553859e+01
4.064000e-05	-2.789700e-02	-1.552864e+01
4.065000e-05	-2.901226e-02	-1.553914e+01
4.066000e-05	-3.167656e-02	-1.551756e+01
4.067000e-05	-3.013621e-02	-1.549649e+01
4.068000e-05	-3.613874e-02	-1.547693e+01
4.069000e-05	-3.906110e-02	-1.546385e+01
4.070000e-05	-4.182353e-02	-1.545236e+01
4.071000e-05	-3.882152e-02	-1.537019e+01
4.072000e-05	-3.753694e-02	-1.532762e+01
4.073000e-05	-4.006390e-02	-1.529543e+01
4.074000e-05	-4.105128e-02	-1.521535e+01
4.075000e-05	-4.464578e-02	-1.517012e+01
4.076000e-05	-4.788392e-02	-1.506593e+01
4.077000e-05	-5.474803e-02	-1.504132e+01
4.078000e-05	-5.723673e-02	-1.496872e+01
4.079000e-05	-5.726501e-02	-1.489396e+01
4.080000e-05	-5.765994e-02	-1.477964e+01
4.081000e-05	-5.999526e-02	-1.467559e+01
4.082000e-05	-6.334132e-02	-1.458223e+01
4.083000e-05	-6.536907e-02	-1.448591e+01
4.084000e-05	-6.799519e-02	-1.435822e+01
4.085000e-05	-7.187549e-02	-1.426238e+01
4.086000e-05	-7.244760e-02	-1.416704e+01
4.087000e-05	-7.178782e-02	-1.400117e+01
4.088000e-05	-6.814707e-02	-1.389240e+01
4.089000e-05	-6.622937e-02	-1.371649e+01
4.090000e-05	-6.296138e-02	-1.360019e+01
4.091000e-05	-6.035092e-02	-1.344078e+01
4.092000e-05	-5.728655e-02	-1.331443e+01
4.093000e-05	-5.535272e-02	-1.315699e+01
4.094000e-05	-5.465688e-02	-1.299869e+01
4.095000e-05	-5.118213e-02	-1.281327e+01
4.096000e-05	-4.788064e-02	-1.267270e+01
4.097000e-05	-4.359842e-02	-1.252453e+01
4.098000e-05	-4.150834e-02	-1.232698e+01
4.099000e-05	-3.847136e-02	-1.213609e+01
4.100000e-05	-3.415936e-02	-1.194761e+01
4.101000e-05	-3.539394e-02	-1.178601e+01
4.102000e-05	-3.241960e-02	-1.150546e+01
4.103000e-05	-3.318194e-02	-1.129648e+01
4.104000e-05	-2.531701e-02	-1.106333e+01
4.105000e-05	-2.928346e-02	-1.088483e+01
4.106000e-05	-2.201876e-02	-1.066436e+01
4.107000e-05	-2.596682e-02	-1.048388e+01
4.108000e-05	-1.848525e-02	-1.022277e+01
4.109000e-05	-2.212025e-02	-1.006175e+01
4.110000e-05	-1.900468e-02	-9.840247e+00
4.111000e-05	-2.241315e-02	-9.631171e+00
4.112000e-05	-1.579728e-02	-9.395041e+00
4.113000e-05	-1.828051e-02	-9.124890e+00
4.114000e-05	-1.469374e-02	-8.935984e+00
4.115000e-05	-1.569817e-02	-8.701828e+00
4.116000e-05	-1.311079e-02	-8.429596e+00
4.117000e-05	-1.251656e-02	-8.197564e+00
4.118000e-05	-1.393902e-02	-7.947455e+00
4.119000e-05	-1.276281e-02	-7.632248e+00
4.120000e-05	-1.506758e-02	-7.389044e+00
4.121000e-05	-9.753248e-03	-7.144881e+00
4.122000e-05	-1.288441e-02	-6.872754e+00
4.123000e-05	-9.172389e-03	-6.598120e+00
4.124000e-05	-9.814588e-03	-6.405984e+00
4.125000e-05	-7.965240e-03	-6.061826e+00
4.126000e-05	-8.527478e-03	-5.789147e+00
4.127000e-05	-1.063934e-02	-5.575958e+00
4.128000e-05	-9.849554e-03	-5.240221e+00
4.129000e-05	-1.049813e-02	-4.956008e+00
4.130000e-05	-5.658015e-03	-4.639093e+00
4.131000e-05	-8.207965e-03	-4.397969e+00
4.132000e-05	-4.889151e-03	-4.123859e+00
4.133000e-05	-7.538151e-03	-3.827750e+00
4.134000e-05	-4.892810e-03	-3.536966e+00
4.135000e-05	-9.401352e-03	-3.292353e+00
4.136000e-05	-6.095132e-03	-2.986562e+00
4.137000e-05	-6.408802e-03	-2.732829e+00
4.138000e-05	-3.888750e-03	-2.480521e+00
4.139000e-05	-5.046175e-03	-2.152834e+00
4.140000e-05	-5.604564e-03	-1.861725e+00
4.141000e-05	-5.108792e-03	-1.607960e+00
4.142000e-05	-5.341084e-03	-1.280067e+00
4.143000e-05	-4.558765e-03	-9.448381e-01
4.144000e-05	-5.362794e-03	-6.825986e-01
4.145000e-05	-2.275745e-03	-3.568889e-01
4.146000e-05	-2.270467e-03	-1.038063e-01
4.147000e-05	8.843990e-03	1.604293e-01
4.148000e-05	-6.849885e-04	4.556645e-01
4.149000e-05	3.707868e-03	7.272911e-01
4.150000e-05	-1.984517e-03	9.721083e-01
4.151000e-05	2.995981e-03	1.265767e+00
4.152000e-05	3.397020e-04	1.592433e+00
4.153000e-05	5.885139e-03	1.866192e+00
4.154000e-05	2.653354e-02	2.097245e+00
4.155000e-05	8.882518e-02	2.391084e+00
4.156000e-05	-2.709190e-02	2.783058e+00
4.157000e-05	-5.487742e-02	3.035190e+00
4.158000e-05	-4.303795e-02	3.317430e+00
4.159000e-05	6.153275e-03	3.591579e+00
4.160000e-05	-4.075865e-02	3.834208e+00
4.161000e-05	-3.241293e-02	3.982608e+00
4.162000e-05	1.094310e-01	4.297896e+00
4.163000e-05	-7.289638e-02	4.652679e+00
4.164000e-05	1.111952e-01	4.842212e+00
4.165000e-05	-2.555329e-03	5.214161e+00
4.166000e-05	-7.450868e-02	5.497396e+00
4.167000e-05	6.103115e-02	5.759978e+00
4.168000e-05	-5.228356e-02	6.056190e+00
4.169000e-05	6.009537e-02	6.256341e+00
4.170000e-05	-3.681511e-02	6.572033e+00
4.171000e-05	9.690944e-03	6.855736e+00
4.172000e-05	5.315043e-02	7.088790e+00
4.173000e-05	-3.072587e-02	7.402109e+00
4.174000e-05	1.603012e-03	7.676742e+00
4.175000e-05	-3.894925e-02	7.989026e+00
4.176000e-05	6.845055e-02	8.232204e+00
4.177000e-05	-3.819879e-03	8.434182e+00
4.178000e-05	-2.221284e-02	8.635760e+00
4.179000e-05	3.417478e-02	8.927420e+00
4.180000e-05	-1.984226e-02	9.139526e+00
4.181000e-05	3.814200e-02	9.330075e+00
4.182000e-05	-3.446027e-02	9.592606e+00
4.183000e-05	2.316088e-02	9.834208e+00
4.184000e-05	3.939872e-03	1.005586e+01
4.185000e-05	2.848321e-02	1.028691e+01
4.186000e-05	-1.515385e-03	1.052792e+01
4.187000e-05	-2.016342e-02	1.070902e+01
4.188000e-05	2.861927e-02	1.092897e+01
4.189000e-05	-2.996030e-03	1.110044e+01
4.190000e-05	1.964534e-02	1.134904e+01
4.191000e-05	-1.690638e-02	1.153012e+01
4.192000e-05	3.149914e-02	1.175208e+01
4.193000e-05	6.670624e-03	1.195220e+01
4.194000e-05	1.303024e-02	1.216950e+01
4.195000e-05	-8.951773e-03	1.236802e+01
4.196000e-05	9.051984e-03	1.251744e+01
4.197000e-05	1.953925e-02	1.268591e+01
4.198000e-05	4.923661e-03	1.284431e+01
4.199000e-05	8.969041e-03	1.301280e+01
4.200000e-05	5.273603e-03	1.317165e+01
4.201000e-05	2.705573e-02	1.334842e+01
4.202000e-05	2.938001e-03	1.348638e+01
4.203000e-05	6.192412e-03	1.358281e+01
4.204000e-05	4.234845e-03	1.372817e+01
4.205000e-05	2.071314e-02	1.391802e+01
4.206000e-05	1.328107e-02	1.402431e+01
4.207000e-05	4.692525e-03	1.418175e+01
4.208000e-05	1.299833e-02	1.435807e+01
4.209000e-05	1.574775e-02	1.439381e+01
4.210000e-05	1.741043e-02	1.455812e+01
4.211000e-05	3.785695e-03	1.466386e+01
4.212000e-05	1.336767e-02	1.471104e+01
4.213000e-05	1.663290e-02	1.482283e+01
4.214000e-05	1.888294e-02	1.487641e+01
4.215000e-05	1.039756e-02	1.498067e+01
4.216000e-05	1.105484e-02	1.507441e+01
4.217000e-05	1.947448e-02	1.514749e+01
4.218000e-05	1.632935e-02	1.517069e+01
4.219000e-05	1.471919e-02	1.526383e+01
4.220000e-05	1.115972e-02	1.531558e+01
4.221000e-05	2.122241e-02	1.537866e+01
4.222000e-05	2.036031e-02	1.540028e+01
4.223000e-05	1.728555e-02	1.542386e+01
4.224000e-05	1.522492e-02	1.547393e+01
4.225000e-05	2.193716e-02	1.552706e+01
4.226000e-05	2.360944e-02	1.548853e+01
4.227000e-05	1.897244e-02	1.552752e+01
4.228000e-05	1.916226e-02	1.551907e+01
4.229000e-05	2.224155e-02	1.560064e+01
4.230000e-05	2.719938e-02	1.554804e+01
4.231000e-05	2.309060e-02	1.553904e+01
4.232000e-05	2.451466e-02	1.556846e+01
4.233000e-05	2.896247e-02	1.549852e+01
4.234000e-05	3.214167e-02	1.547456e+01
4.235000e-05	3.051370e-02	1.544438e+01
4.236000e-05	2.821775e-02	1.537280e+01
4.237000e-05	3.319173e-02	1.537822e+01
4.238000e-05	3.523154e-02	1.533601e+01
4.239000e-05	3.774721e-02	1.527498e+01
4.240000e-05	3.567668e-02	1.522125e+01
4.241000e-05	4.038527e-02	1.514909e+01
4.242000e-05	4.311036e-02	1.506551e+01
4.243000e-05	4.564504e-02	1.501232e+01
4.244000e-05	4.666290e-02	1.495749e+01
4.245000e-05	4.986871e-02	1.482345e+01
4.246000e-05	5.549670e-02	1.477114e+01
4.247000e-05	5.590505e-02	1.468290e+01
4.248000e-05	5.926935e-02	1.454964e+01
4.249000e-05	5.917868e-02	1.447540e+01
4.250000e-05	6.483259e-02	1.434802e+01
4.251000e-05	6.279350e-02	1.427282e+01
4.252000e-05	6.395956e-02	1.413496e+01
4.253000e-05	6.062409e-02	1.394074e+01
4.254000e-05	6.309148e-02	1.382135e+01
4.255000e-05	5.970563e-02	1.371348e+01
4.256000e-05	5.749813e-02	1.353806e+01
4.257000e-05	5.317349e-02	1.339167e+01
4.258000e-05	5.093547e-02	1.321183e+01
4.259000e-05	4.684080e-02	1.308400e+01
4.260000e-05	4.450225e-02	1.296701e+01
4.261000e-05	3.970455e-02	1.277762e+01
4.262000e-05	4.041923e-02	1.258959e+01
4.263000e-05	3.735592e-02	1.246380e+01
4.264000e-05	3.534915e-02	1.226385e+01
4.265000e-05	2.946651e-02	1.208400e+01
4.266000e-05	2.710562e-02	1.187338e+01
4.267000e-05	2.645598e-02	1.171485e+01
4.268000e-05	2.337655e-02	1.154185e+01
4.269000e-05	2.105647e-02	1.130245e+01
4.270000e-05	1.938446e-02	1.106227e+01
4.271000e-05	2.060864e-02	1.087388e+01
4.272000e-05	1.774409e-02	1.065270e+01
4.273000e-05	1.647491e-02	1.045232e+01
4.274000e-05	1.341427e-02	1.023972e+01
4.275000e-05	1.224868e-02	9.990164e+00
4.276000e-05	1.161252e-02	9.736563e+00
4.277000e-05	8.116937e-03	9.506414e+00
4.278000e-05	8.740085e-03	9.305405e+00
4.279000e-05	7.434919e-03	9.094827e+00
4.280000e-05	8.673260e-03	8.849699e+00
4.281000e-05	8.034435e-03	8.607669e+00
4.282000e-05	6.817883e-03	8.378992e+00
4.283000e-05	5.379496e-03	8.134510e+00
4.284000e-05	4.566455e-03	7.864271e+00
4.285000e-05	2.525691e-03	7.600641e+00
4.286000e-05	3.208330e-04	7.325383e+00
4.287000e-05	1.372937e-03	7.062776e+00
4.288000e-05	2.806376e-03	6.821168e+00
4.289000e-05	4.353433e-03	6.536410e+00
4.290000e-05	2.153146e-03	6.312278e+00
4.291000e-05	1.715013e-03	6.062275e+00
4.292000e-05	-7.982105e-04	5.795990e+00
4.293000e-05	1.775054e-04	5.483853e+00
4.294000e-05	-3.089904e-03	5.209564e+00
4.295000e-05	-5.344905e-04	4.862695e+00
4.296000e-05	-9.214477e-04	4.578467e+00
4.297000e-05	3.287500e-05	4.335860e+00
4.298000e-05	-2.253842e-04	4.039621e+00
4.299000e-05	-2.780249e-03	3.756410e+00
4.300000e-05	-3.032689e-03	3.503253e+00
4.301000e-05	-4.709294e-03	3.179967e+00
4.302000e-05	-2.670764e-03	2.943881e+00
4.303000e-05	-4.570686e-03	2.673218e+00
4.304000e-05	-2.441899e-03	2.325757e+00
4.305000e-05	-3.923442e-03	2.071726e+00
4.306000e-05	-2.329424e-03	1.808013e+00
4.307000e-05	-4.181966e-03	1.533730e+00
4.308000e-05	-4.682314e-03	1.166942e+00
4.309000e-05	-5.686544e-03	8.695771e-01
4.310000e-05	-5.021389e-03	5.779106e-01
4.311000e-05	-5.101235e-03	3.337837e-01
4.312000e-05	-3.634826e-03	-1.202932e-02
4.313000e-05	6.847854e-03	-2.441583e-01
4.314000e-05	-1.426365e-03	-5.183177e-01
4.315000e-05	1.299714e-03	-8.116342e-01
4.316000e-05	-7.955288e-03	-1.085162e+00
4.317000e-05	-8.775750e-04	-1.339459e+00
4.318000e-05	-6.035132e-03	-1.614138e+00
4.319000e-05	1.202193e-02	-1.895736e+00
4.320000e-05	7.463762e-02	-2.085771e+00
4.321000e-05	2.436305e-02	-2.415190e+00
4.322000e-05	-8.111106e-02	-2.794089e+00
4.323000e-05	-3.355525e-02	-3.182104e+00
4.324000e-05	-3.202983e-02	-3.434265e+00
4.325000e-05	-4.441729e-02	-3.655811e+00
4.326000e-05	4.231269e-03	-3.937892e+00
4.327000e-05	1.125128e-01	-4.066767e+00
4.328000e-05	-1.800231e-01	-4.401079e+00
4.329000e-05	2.040265e-01	-4.603187e+00
4.330000e-05	-9.982606e-02	-4.917950e+00
4.331000e-05	-1.796500e-02	-5.207767e+00
4.332000e-05	3.576067e-02	-5.508398e+00
4.333000e-05	-1.591170e-01	-5.823138e+00
4.334000e-05	1.817081e-01	-6.074362e+00
4.335000e-05	-1.283141e-01	-6.339425e+00
4.336000e-05	6.769322e-02	-6.653763e+00
4.337000e-05	5.133930e-03	-6.885867e+00
4.338000e-05	-7.198913e-02	-7.223086e+00
4.339000e-05	7.620235e-02	-7.424711e+00
4.340000e-05	-1.349587e-01	-7.738953e+00
4.341000e-05	1.017155e-01	-8.021655e+00
4.342000e-05	-6.303602e-02	-8.222636e+00
4.343000e-05	2.305425e-02	-8.506444e+00
4.344000e-05	2.643788e-02	-8.707499e+00
4.345000e-05	-9.227416e-02	-9.011082e+00
4.346000e-05	7.752637e-02	-9.192125e+00
4.347000e-05	-1.028397e-01	-9.434208e+00
4.348000e-05	7.879239e-02	-9.685367e+00
4.349000e-05	-7.788380e-02	-9.886739e+00
4.350000e-05	4.653132e-02	-1.015804e+01
4.351000e-05	-2.841697e-02	-1.030798e+01
4.352000e-05	-1.573983e-02	-1.059008e+01
4.353000e-05	1.373482e-03	-1.077099e+01
4.354000e-05	-4.571221e-02	-1.099012e+01
4.355000e-05	3.671178e-02	-1.120155e+01
4.356000e-05	-5.478670e-02	-1.141108e+01
4.357000e-05	3.399224e-02	-1.161173e+01
4.358000e-05	-5.097899e-02	-1.182273e+01
4.359000e-05	2.656230e-02	-1.203388e+01
4.360000e-05	-4.717757e-02	-1.224223e+01
4.361000e-05	5.716791e-03	-1.241217e+01
4.362000e-05	-2.721974e-02	-1.255118e+01
4.363000e-05	-1.107993e-03	-1.275009e+01
4.364000e-05	-1.211573e-02	-1.287602e+01
4.365000e-05	-1.954952e-02	-1.304491e+01
4.366000e-05	-2.413976e-03	-1.322268e+01
4.367000e-05	-2.750254e-02	-1.338115e+01
4.368000e-05	1.401127e-03	-1.351747e+01
4.369000e-05	-3.545118e-02	-1.368596e+01
4.370000e-05	7.703180e-04	-1.387387e+01
4.371000e-05	-2.759213e-02	-1.394010e+01
4.372000e-05	-1.879190e-03	-1.407653e+01
4.373000e-05	-2.524589e-02	-1.421023e+01
4.374000e-05	-1.106473e-02	-1.433962e+01
4.375000e-05	-2.003945e-02	-1.444336e+01
4.376000e-05	-1.544261e-02	-1.456010e+01
4.377000e-05	-1.921830e-02	-1.464581e+01
4.378000e-05	-1.967761e-02	-1.474964e+01
4.379000e-05	-1.497634e-02	-1.482443e+01
4.380000e-05	-1.986548e-02	-1.491709e+01
4.381000e-05	-1.901915e-02	-1.499078e+01
4.382000e-05	-2.233364e-02	-1.510593e+01
4.383000e-05	-1.856550e-02	-1.512757e+01
4.384000e-05	-2.148857e-02	-1.521277e+01
4.385000e-05	-2.027310e-02	-1.525483e+01
4.386000e-05	-2.550153e-02	-1.529864e+01
4.387000e-05	-1.859416e-02	-1.537022e+01
4.388000e-05	-2.528102e-02	-1.542285e+01
4.389000e-05	-2.263601e-02	-1.548330e+01
4.390000e-05	-2.759104e-02	-1.547551e+01
4.391000e-05	-2.372607e-02	-1.550661e+01
4.392000e-05	-2.469322e-02	-1.550807e+01
4.393000e-05	-2.608826e-02	-1.556752e+01
4.394000e-05	-2.762242e-02	-1.555867e+01
4.395000e-05	-2.993279e-02	-1.555856e+01
4.396000e-05	-2.821144e-02	-1.557657e+01
4.397000e-05	-3.251141e-02	-1.553664e+01
4.398000e-05	-3.211330e-02	-1.552654e+01
4.399000e-05	-3.375750e-02	-1.547746e+01
4.400000e-05	-3.506484e-02	-1.550549e+01
4.401000e-05	-3.668776e-02	-1.544331e+01
4.402000e-05	-3.783932e-02	-1.544330e+01
4.403000e-05	-3.937268e-02	-1.537064e+01
4.404000e-05	-4.000435e-02	-1.533554e+01
4.405000e-05	-4.164992e-02	-1.526443e+01
4.406000e-05	-4.380207e-02	-1.522027e+01
4.407000e-05	-4.771238e-02	-1.517956e+01
4.408000e-05	-4.948619e-02	-1.508283e+01
4.409000e-05	-5.223612e-02	-1.505072e+01
4.410000e-05	-5.386587e-02	-1.494559e+01
4.411000e-05	-5.761697e-02	-1.482440e+01
4.412000e-05	-5.935426e-02	-1.476711e+01
4.413000e-05	-6.196255e-02	-1.466383e+01
4.414000e-05	-6.433260e-02	-1.458867e+01
4.415000e-05	-6.780490e-02	-1.442280e+01
4.416000e-05	-7.003756e-02	-1.433851e+01
4.417000e-05	-6.956443e-02	-1.424170e+01
4.418000e-05	-6.961473e-02	-1.412351e+01
4.419000e-05	-6.917753e-02	-1.399719e+01
4.420000e-05	-6.852161e-02	-1.382127e+01
4.421000e-05	-6.665166e-02	-1.367451e+01
4.422000e-05	-6.256922e-02	-1.349859e+01
4.423000e-05	-6.029227e-02	-1.340965e+01
4.424000e-05	-5.834951e-02	-1.322183e+01
4.425000e-05	-5.552140e-02	-1.312491e+01
4.426000e-05	-5.094989e-02	-1.296804e+01
4.427000e-05	-4.715086e-02	-1.276864e+01
4.428000e-05	-4.647342e-02	-1.259822e+01
4.429000e-05	-4.389073e-02	-1.244185e+01
4.430000e-05	-4.094225e-02	-1.226235e+01
4.431000e-05	-3.721095e-02	-1.207538e+01
4.432000e-05	-3.675644e-02	-1.188553e+01
4.433000e-05	-3.386728e-02	-1.168245e+01
4.434000e-05	-3.054907e-02	-1.145127e+01
4.435000e-05	-2.903810e-02	-1.121082e+01
4.436000e-05	-2.731622e-02	-1.102119e+01
4.437000e-05	-2.745897e-02	-1.083177e+01
4.438000e-05	-2.420729e-02	-1.066072e+01
4.439000e-05	-2.326814e-02	-1.042172e+01
4.440000e-05	-2.216471e-02	-1.019809e+01
4.441000e-05	-2.087547e-02	-9.957512e+00
4.442000e-05	-2.009312e-02	-9.737515e+00
4.443000e-05	-1.810646e-02	-9.545482e+00
4.444000e-05	-1.720323e-02	-9.292803e+00
4.445000e-05	-1.666656e-02	-9.041251e+00
4.446000e-05	-1.604949e-02	-8.831296e+00
4.447000e-05	-1.486986e-02	-8.568089e+00
4.448000e-05	-1.372639e-02	-8.355537e+00
4.449000e-05	-1.428890e-02	-8.164809e+00
4.450000e-05	-1.369383e-02	-7.870247e+00
4.451000e-05	-1.161121e-02	-7.595562e+00
4.452000e-05	-1.102860e-02	-7.293328e+00
4.453000e-05	-1.134440e-02	-7.050742e+00
4.454000e-05	-1.159330e-02	-6.787491e+00
4.455000e-05	-9.711615e-03	-6.545407e+00
4.456000e-05	-8.614135e-03	-6.261874e+00
4.457000e-05	-9.998210e-03	-5.998116e+00
4.458000e-05	-9.940565e-03	-5.744508e+00
4.459000e-05	-8.844702e-03	-5.439249e+00
4.460000e-05	-7.284881e-03	-5.155464e+00
4.461000e-05	-8.103189e-03	-4.838693e+00
4.462000e-05	-7.594592e-03	-4.534834e+00
4.463000e-05	-8.785860e-03	-4.325332e+00
4.464000e-05	-5.551923e-03	-4.050647e+00
4.465000e-05	-7.871303e-03	-3.757435e+00
4.466000e-05	-7.275054e-03	-3.473306e+00
4.467000e-05	-8.329728e-03	-3.218115e+00
4.468000e-05	-3.688893e-03	-2.851754e+00
4.469000e-05	-5.610491e-03	-2.629622e+00
4.470000e-05	-5.581070e-03	-2.356389e+00
4.471000e-05	-6.517296e-03	-2.049600e+00
4.472000e-05	-4.306810e-03	-1.796412e+00
4.473000e-05	-5.561214e-03	-1.532826e+00
4.474000e-05	-5.542930e-03	-1.124784e+00
4.475000e-05	-5.185570e-03	-8.816713e-01
4.476000e-05	-2.692284e-03	-5.474603e-01
4.477000e-05	-1.025366e-03	-2.832537e-01
4.478000e-05	-5.906102e-04	-2.752344e-02
4.479000e-05	9.367549e-03	3.077449e-01
4.480000e-05	-3.064582e-03	5.283501e-01
4.481000e-05	5.414818e-03	7.809566e-01
4.482000e-05	-4.141029e-03	1.137373e+00
4.483000e-05	3.649439e-03	1.370977e+00
4.484000e-05	-7.908867e-04	1.707296e+00
4.485000e-05	1.549618e-02	1.928925e+00
4.486000e-05	4.041963e-02	2.200533e+00
4.487000e-05	8.092871e-02	2.467874e+00
4.488000e-05	-6.816190e-02	2.876290e+00
4.489000e-05	-4.331256e-02	3.138370e+00
4.490000e-05	-3.498178e-02	3.421134e+00
4.491000e-05	1.019527e-02	3.655163e+00
4.492000e-05	-5.650816e-02	3.854291e+00
4.493000e-05	1.080885e-02	4.038844e+00
4.494000e-05	8.967874e-02	4.414112e+00
4.495000e-05	-8.412066e-02	4.684240e+00
4.496000e-05	1.641456e-01	4.952005e+00
4.497000e-05	-9.829058e-02	5.328390e+00
4.498000e-05	2.554548e-03	5.560455e+00
4.499000e-05	2.349707e-02	5.824767e+00
4.500000e-05	-3.438791e-02	6.128965e+00
4.501000e-05	5.882087e-02	6.381030e+00
4.502000e-05	-6.278182e-02	6.625291e+00
4.503000e-05	6.148351e-02	6.927470e+00
4.504000e-05	5.707884e-03	7.183101e+00
4.505000e-05	-9.671142e-03	7.456267e+00
4.506000e-05	-2.030907e-02	7.750546e+00
4.507000e-05	-3.326502e-03	8.064287e+00
4.508000e-05	6.081771e-02	8.307337e+00
4.509000e-05	-3.110764e-02	8.486346e+00
4.510000e-05	7.326267e-03	8.719916e+00
4.511000e-05	1.579421e-02	8.961654e+00
4.512000e-05	-3.205857e-03	9.194209e+00
4.513000e-05	1.907525e-02	9.435162e+00
4.514000e-05	-2.572297e-02	9.655441e+00
4.515000e-05	2.584950e-02	9.928970e+00
4.516000e-05	5.509630e-03	1.012107e+01
4.517000e-05	2.627884e-02	1.033058e+01
4.518000e-05	-1.675230e-02	1.057263e+01
4.519000e-05	-4.265235e-04	1.079155e+01
4.520000e-05	2.048647e-02	1.101268e+01
4.521000e-05	2.921903e-03	1.119258e+01
4.522000e-05	7.746810e-03	1.139218e+01
4.523000e-05	-4.337291e-03	1.161381e+01
4.524000e-05	2.932415e-02	1.185421e+01
4.525000e-05	6.900578e-03	1.205325e+01
4.526000e-05	6.120117e-03	1.219181e+01
4.527000e-05	-5.354801e-03	1.237163e+01
4.528000e-05	1.477915e-02	1.259102e+01
4.529000e-05	1.587056e-02	1.269852e+01
4.530000e-05	3.739871e-03	1.288694e+01
4.531000e-05	6.998135e-03	1.305681e+01
4.532000e-05	1.286560e-02	1.324281e+01
4.533000e-05	1.930595e-02	1.336120e+01
4.534000e-05	2.853391e-03	1.349749e+01
4.535000e-05	3.210854e-03	1.366581e+01
4.536000e-05	1.198060e-02	1.378373e+01
4.537000e-05	1.722742e-02	1.396907e+01
4.538000e-05	1.057289e-02	1.406644e+01
4.539000e-05	5.519789e-03	1.425391e+01
4.540000e-05	1.632839e-02	1.437214e+01
4.541000e-05	1.582384e-02	1.447588e+01
4.542000e-05	1.077460e-02	1.460104e+01
4.543000e-05	7.046279e-03	1.466741e+01
4.544000e-05	1.503567e-02	1.479109e+01
4.545000e-05	2.025487e-02	1.486533e+01
4.546000e-05	1.380167e-02	1.489657e+01
4.547000e-05	1.079927e-02	1.502118e+01
4.548000e-05	1.204080e-02	1.508741e+01
4.549000e-05	2.010805e-02	1.512809e+01
4.550000e-05	1.422933e-02	1.521077e+01
4.551000e-05	1.338874e-02	1.531396e+01
4.552000e-05	1.484192e-02	1.531707e+01
4.553000e-05	2.101468e-02	1.537117e+01
4.554000e-05	2.004386e-02	1.540178e+01
4.555000e-05	1.374978e-02	1.544433e+01
4.556000e-05	1.901511e-02	1.550591e+01
4.557000e-05	2.124084e-02	1.552601e+01
4.558000e-05	2.421678e-02	1.549851e+01
4.559000e-05	1.714752e-02	1.552916e+01
4.560000e-05	1.991901e-02	1.557907e+01
4.561000e-05	2.396077e-02	1.551912e+01
4.562000e-05	2.523067e-02	1.555962e+01
4.563000e-05	2.297567e-02	1.554002e+01
4.564000e-05	2.384684e-02	1.554796e+01
4.565000e-05	3.237516e-02	1.547698e+01
4.566000e-05	3.136792e-02	1.545543e+01
4.567000e-05	2.940514e-02	1.548180e+01
4.568000e-05	2.818246e-02	1.540077e+01
4.569000e-05	3.525306e-02	1.536712e+01
4.570000e-05	3.622927e-02	1.530699e+01
4.571000e-05	3.507088e-02	1.527395e+01
4.572000e-05	3.625072e-02	1.519027e+01
4.573000e-05	4.246940e-02	1.515701e+01
4.574000e-05	4.560375e-02	1.506383e+01
4.575000e-05	4.443443e-02	1.498017e+01
4.576000e-05	4.626987e-02	1.490594e+01
4.577000e-05	5.236554e-02	1.480222e+01
4.578000e-05	5.776438e-02	1.474803e+01
4.579000e-05	5.669188e-02	1.467220e+01
4.580000e-05	5.802596e-02	1.455699e+01
4.581000e-05	6.107868e-02	1.445282e+01
4.582000e-05	6.409196e-02	1.430493e+01
4.583000e-05	6.356470e-02	1.416974e+01
4.584000e-05	6.216103e-02	1.407482e+01
4.585000e-05	6.286703e-02	1.396706e+01
4.586000e-05	6.327332e-02	1.378816e+01
4.587000e-05	5.841341e-02	1.367177e+01
4.588000e-05	5.442688e-02	1.346391e+01
4.589000e-05	5.287393e-02	1.335757e+01
4.590000e-05	5.204503e-02	1.319974e+01
4.591000e-05	4.621241e-02	1.306177e+01
4.592000e-05	4.334589e-02	1.291388e+01
4.593000e-05	4.026305e-02	1.273701e+01
4.594000e-05	4.074459e-02	1.256701e+01
4.595000e-05	3.551706e-02	1.237917e+01
4.596000e-05	3.194964e-02	1.224914e+01
4.597000e-05	2.899724e-02	1.202022e+01
4.598000e-05	2.819145e-02	1.183265e+01
4.599000e-05	2.601446e-02	1.165127e+01
4.600000e-05	2.121059e-02	1.141924e+01
4.601000e-05	2.140944e-02	1.120169e+01
4.602000e-05	2.007314e-02	1.100912e+01
4.603000e-05	1.866244e-02	1.081067e+01
4.604000e-05	1.485050e-02	1.058864e+01
4.605000e-05	1.533297e-02	1.036801e+01
4.606000e-05	1.402023e-02	1.012746e+01
4.607000e-05	1.325448e-02	9.924458e+00
4.608000e-05	1.030590e-02	9.672303e+00
4.609000e-05	9.140621e-03	9.462801e+00
4.610000e-05	9.275920e-03	9.222722e+00
4.611000e-05	9.196905e-03	9.047541e+00
4.612000e-05	5.854129e-03	8.748962e+00
4.613000e-05	5.240446e-03	8.515483e+00
4.614000e-05	7.136334e-03	8.304827e+00
4.615000e-05	6.042238e-03	8.071673e+00
4.616000e-05	4.209988e-03	7.788063e+00
4.617000e-05	2.137545e-03	7.536858e+00
4.618000e-05	2.877244e-03	7.311692e+00
4.619000e-05	3.132835e-03	6.988671e+00
4.620000e-05	2.698672e-03	6.738409e+00
4.621000e-05	1.069086e-03	6.421750e+00
4.622000e-05	1.001556e-03	6.208516e+00
4.623000e-05	2.528974e-03	6.009441e+00
4.624000e-05	9.358748e-04	5.663351e+00
4.625000e-05	7.801810e-05	5.440118e+00
4.626000e-05	-1.227812e-03	5.081801e+00
4.627000e-05	6.838955e-04	4.796935e+00
4.628000e-05	-1.026167e-03	4.523280e+00
4.629000e-05	-1.739678e-03	4.219766e+00
4.630000e-05	-2.649020e-03	3.926336e+00
4.631000e-05	-2.049644e-03	3.660678e+00
4.632000e-05	-2.013436e-03	3.408563e+00
4.633000e-05	-3.357609e-03	3.104255e+00
4.634000e-05	-3.768474e-03	2.830576e+00
4.635000e-05	-2.663643e-03	2.514461e+00
4.636000e-05	-3.482516e-03	2.250201e+00
4.637000e-05	-4.388698e-03	1.998422e+00
4.638000e-05	-4.238888e-03	1.722774e+00
4.639000e-05	-3.486123e-03	1.397440e+00
4.640000e-05	-4.614453e-03	1.071775e+00
4.641000e-05	-4.926579e-03	7.663606e-01
4.642000e-05	-5.942979e-03	5.227301e-01
4.643000e-05	-3.357003e-03	2.179354e-01
4.644000e-05	-1.466587e-03	-7.476715e-02
4.645000e-05	8.317629e-03	-3.578475e-01
4.646000e-05	-7.193227e-03	-5.950145e-01
4.647000e-05	2.135231e-03	-8.952434e-01
4.648000e-05	-7.175532e-03	-1.149378e+00
4.649000e-05	-6.720604e-04	-1.465769e+00
4.650000e-05	-4.682768e-03	-1.687319e+00
4.651000e-05	2.466341e-02	-1.948420e+00
4.652000e-05	1.055199e-01	-2.180459e+00
4.653000e-05	-5.002819e-02	-2.551457e+00
4.654000e-05	-5.545319e-02	-2.931407e+00
4.655000e-05	-4.747612e-02	-3.295715e+00
4.656000e-05	-1.002766e-02	-3.487867e+00
4.657000e-05	-7.618832e-02	-3.728501e+00
4.658000e-05	1.000381e-01	-3.959050e+00
4.659000e-05	-7.428275e-03	-4.168954e+00
4.660000e-05	-7.886199e-02	-4.465839e+00
4.661000e-05	1.906687e-01	-4.695741e+00
4.662000e-05	-1.858153e-01	-5.025137e+00
4.663000e-05	9.604357e-02	-5.350555e+00
4.664000e-05	-9.271205e-02	-5.604157e+00
4.665000e-05	-3.098692e-02	-5.927846e+00
4.666000e-05	1.205787e-01	-6.118524e+00
4.667000e-05	-1.444223e-01	-6.416238e+00
4.668000e-05	1.364780e-01	-6.706366e+00
4.669000e-05	-9.031428e-02	-7.001656e+00
4.670000e-05	2.179120e-02	-7.316395e+00
4.671000e-05	-1.791144e-03	-7.507468e+00
4.672000e-05	-8.559221e-02	-7.834259e+00
4.673000e-05	1.076362e-01	-8.095264e+00
4.674000e-05	-1.137966e-01	-8.317975e+00
4.675000e-05	9.594972e-02	-8.569603e+00
4.676000e-05	-7.142488e-02	-8.834107e+00
4.677000e-05	7.533303e-04	-9.045336e+00
4.678000e-05	1.536256e-02	-9.265363e+00
4.679000e-05	-6.057544e-02	-9.537977e+00
4.680000e-05	6.070732e-02	-9.748124e+00
4.681000e-05	-8.488760e-02	-9.963152e+00
4.682000e-05	7.611731e-02	-1.020128e+01
4.683000e-05	-8.159790e-02	-1.042181e+01
4.684000e-05	3.635218e-02	-1.062621e+01
4.685000e-05	-5.073711e-02	-1.081376e+01
4.686000e-05	1.143401e-02	-1.107479e+01
4.687000e-05	-9.541018e-03	-1.121484e+01
4.688000e-05	-1.993253e-02	-1.145791e+01
4.689000e-05	1.062255e-02	-1.170589e+01
4.690000e-05	-3.401080e-02	-1.190640e+01
4.691000e-05	1.749199e-02	-1.206739e+01
4.692000e-05	-5.322686e-02	-1.227593e+01
4.693000e-05	1.786044e-02	-1.244478e+01
4.694000e-05	-3.877135e-02	-1.261231e+01
4.695000e-05	1.827442e-02	-1.279175e+01
4.696000e-05	-3.575645e-02	-1.298107e+01
4.697000e-05	2.519329e-03	-1.310799e+01
4.698000e-05	-2.276773e-02	-1.327331e+01
4.699000e-05	-9.076097e-03	-1.342380e+01
4.700000e-05	-1.817574e-02	-1.358960e+01
4.701000e-05	-2.354461e-02	-1.371750e+01
4.702000e-05	-4.911345e-03	-1.386443e+01
4.703000e-05	-2.175728e-02	-1.397125e+01
4.704000e-05	-5.978874e-03	-1.412807e+01
4.705000e-05	-2.863399e-02	-1.421486e+01
4.706000e-05	-6.706810e-03	-1.438065e+01
4.707000e-05	-2.403427e-02	-1.447599e+01
4.708000e-05	-1.244165e-02	-1.461220e+01
4.709000e-05	-2.493095e-02	-1.466644e+01
4.710000e-05	-1.310189e-02	-1.478014e+01
4.711000e-05	-1.806945e-02	-1.488339e+01
4.712000e-05	-1.834356e-02	-1.494710e+01
4.713000e-05	-2.442927e-02	-1.501183e+01
4.714000e-05	-1.923396e-02	-1.509754e+01
4.715000e-05	-2.002238e-02	-1.518064e+01
4.716000e-05	-2.104627e-02	-1.522180e+01
4.717000e-05	-2.349312e-02	-1.528444e+01
4.718000e-05	-2.115295e-02	-1.531960e+01
4.719000e-05	-1.860356e-02	-1.537170e+01
4.720000e-05	-2.606358e-02	-1.545331e+01
4.721000e-05	-2.501461e-02	-1.546491e+01
4.722000e-05	-2.849701e-02	-1.547699e+01
4.723000e-05	-2.072335e-02	-1.549704e+01
4.724000e-05	-2.676657e-02	-1.551807e+01
4.725000e-05	-2.699133e-02	-1.551772e+01
4.726000e-05	-2.816563e-02	-1.554867e+01
4.727000e-05	-2.613650e-02	-1.554009e+01
4.728000e-05	-2.879237e-02	-1.552809e+01
4.729000e-05	-3.420440e-02	-1.550756e+01
4.730000e-05	-3.268469e-02	-1.554754e+01
4.731000e-05	-3.400955e-02	-1.546543e+01
4.732000e-05	-3.438762e-02	-1.547493e+01
4.733000e-05	-3.982407e-02	-1.542433e+01
4.734000e-05	-3.921918e-02	-1.543180e+01
4.735000e-05	-3.825691e-02	-1.536069e+01
4.736000e-05	-3.908785e-02	-1.531651e+01
4.737000e-05	-4.366333e-02	-1.523333e+01
4.738000e-05	-4.526272e-02	-1.518267e+01
4.739000e-05	-4.685391e-02	-1.510803e+01
4.740000e-05	-4.870762e-02	-1.505233e+01
4.741000e-05	-5.501923e-02	-1.501912e+01
4.742000e-05	-5.703036e-02	-1.487646e+01
4.743000e-05	-5.813400e-02	-1.478087e+01
4.744000e-05	-5.855721e-02	-1.472656e+01
4.745000e-05	-6.387430e-02	-1.467332e+01
4.746000e-05	-6.735310e-02	-1.450756e+01
4.747000e-05	-6.765441e-02	-1.444128e+01
4.748000e-05	-6.831254e-02	-1.430596e+01
4.749000e-05	-6.928451e-02	-1.417864e+01
4.750000e-05	-7.137050e-02	-1.402435e+01
4.751000e-05	-6.936923e-02	-1.391651e+01
4.752000e-05	-6.603829e-02	-1.376964e+01
4.753000e-05	-6.446000e-02	-1.362233e+01
4.754000e-05	-6.362490e-02	-1.351385e+01
4.755000e-05	-6.014858e-02	-1.335657e+01
4.756000e-05	-5.476001e-02	-1.320972e+01
4.757000e-05	-5.256025e-02	-1.305233e+01
4.758000e-05	-5.199080e-02	-1.287643e+01
4.759000e-05	-4.861224e-02	-1.269548e+01
4.760000e-05	-4.442078e-02	-1.256704e+01
4.761000e-05	-4.185630e-02	-1.235962e+01
4.762000e-05	-4.136343e-02	-1.219224e+01
4.763000e-05	-3.857873e-02	-1.204187e+01
4.764000e-05	-3.462737e-02	-1.182020e+01
4.765000e-05	-3.150810e-02	-1.159974e+01
4.766000e-05	-3.103704e-02	-1.136014e+01
4.767000e-05	-2.960502e-02	-1.118761e+01
4.768000e-05	-2.628533e-02	-1.096656e+01
4.769000e-05	-2.452046e-02	-1.073654e+01
4.770000e-05	-2.428953e-02	-1.055804e+01
4.771000e-05	-2.487636e-02	-1.035601e+01
4.772000e-05	-2.079590e-02	-1.011401e+01
4.773000e-05	-1.935066e-02	-9.883803e+00
4.774000e-05	-1.954037e-02	-9.663800e+00
4.775000e-05	-1.980976e-02	-9.440324e+00
4.776000e-05	-1.720371e-02	-9.210145e+00
4.777000e-05	-1.480012e-02	-9.008643e+00
4.778000e-05	-1.621870e-02	-8.758516e+00
4.779000e-05	-1.647822e-02	-8.512903e+00
4.780000e-05	-1.394270e-02	-8.292780e+00
4.781000e-05	-1.143866e-02	-8.040170e+00
4.782000e-05	-1.210763e-02	-7.764514e+00
4.783000e-05	-1.287287e-02	-7.473253e+00
4.784000e-05	-1.237473e-02	-7.251670e+00
4.785000e-05	-1.085810e-02	-6.947538e+00
4.786000e-05	-9.394148e-03	-6.753780e+00
4.787000e-05	-1.066394e-02	-6.472674e+00
4.788000e-05	-1.045600e-02	-6.196090e+00
4.789000e-05	-8.945501e-03	-5.894859e+00
4.790000e-05	-7.727397e-03	-5.660700e+00
4.791000e-05	-8.427985e-03	-5.355458e+00
4.792000e-05	-9.903618e-03	-5.061122e+00
4.793000e-05	-7.076204e-03	-4.671385e+00
4.794000e-05	-6.377478e-03	-4.451703e+00
4.795000e-05	-7.051590e-03	-4.240070e+00
4.796000e-05	-8.094921e-03	-3.965936e+00
4.797000e-05	-8.130793e-03	-3.691651e+00
4.798000e-05	-5.466209e-03	-3.409017e+00
4.799000e-05	-5.870235e-03	-3.124852e+00
4.800000e-05	-5.796346e-03	-2.799566e+00
4.801000e-05	-5.867486e-03	-2.553838e+00
4.802000e-05	-3.497845e-03	-2.260198e+00
4.803000e-05	-5.034143e-03	-1.987412e+00
4.804000e-05	-5.824647e-03	-1.662755e+00
4.805000e-05	-6.610446e-03	-1.366940e+00
4.806000e-05	-3.939918e-03	-1.080604e+00
4.807000e-05	-3.872820e-03	-8.064371e-01
4.808000e-05	-2.827346e-03	-4.611263e-01
4.809000e-05	-2.917289e-03	-2.274671e-01
4.810000e-05	4.616375e-03	2.469333e-02
4.811000e-05	8.227460e-03	4.010565e-01
4.812000e-05	-2.890060e-03	5.815356e-01
4.813000e-05	1.623791e-04	8.456422e-01
4.814000e-05	-1.723711e-03	1.172557e+00
4.815000e-05	4.522107e-03	1.435245e+00
4.816000e-05	-6.090657e-04	1.761053e+00
4.817000e-05	1.949981e-02	1.992133e+00
4.818000e-05	6.590421e-02	2.256244e+00
4.819000e-05	4.094354e-02	2.684143e+00
4.820000e-05	-7.184726e-02	2.940456e+00
4.821000e-05	-4.557864e-02	3.222679e+00
4.822000e-05	-1.649456e-02	3.527868e+00
4.823000e-05	-6.434214e-03	3.728396e+00
4.824000e-05	-5.353655e-02	3.938369e+00
4.825000e-05	6.574225e-02	4.171639e+00
4.826000e-05	1.328702e-02	4.518919e+00
4.827000e-05	-8.083512e-03	4.769421e+00
4.828000e-05	1.219496e-01	5.085748e+00
4.829000e-05	-1.275183e-01	5.413157e+00
4.830000e-05	5.469076e-02	5.644716e+00
4.831000e-05	-2.344274e-02	5.968975e+00
4.832000e-05	1.532313e-02	6.213108e+00
4.833000e-05	1.976709e-02	6.467786e+00
4.834000e-05	-4.931609e-02	6.760577e+00
4.835000e-05	8.203365e-02	6.993109e+00
4.836000e-05	-2.694479e-02	7.278393e+00
4.837000e-05	7.758353e-03	7.530524e+00
4.838000e-05	-4.299356e-02	7.846233e+00
4.839000e-05	4.151877e-02	8.117051e+00
4.840000e-05	3.717755e-02	8.310475e+00
4.841000e-05	-3.987993e-02	8.561104e+00
4.842000e-05	2.952652e-02	8.794127e+00
4.843000e-05	-1.079118e-02	9.015309e+00
4.844000e-05	2.592706e-02	9.296888e+00
4.845000e-05	-1.257413e-02	9.497946e+00
4.846000e-05	-5.239991e-05	9.759055e+00
4.847000e-05	1.379711e-02	1.001161e+01
4.848000e-05	1.878966e-02	1.021368e+01
4.849000e-05	1.704015e-02	1.040173e+01
4.850000e-05	-2.489757e-02	1.065531e+01
4.851000e-05	1.881961e-02	1.083534e+01
4.852000e-05	6.156038e-03	1.103479e+01
4.853000e-05	1.620830e-02	1.125484e+01
4.854000e-05	-1.059243e-02	1.149542e+01
4.855000e-05	1.577213e-02	1.163699e+01
4.856000e-05	1.733197e-02	1.187791e+01
4.857000e-05	1.310363e-02	1.208539e+01
4.858000e-05	-4.337206e-03	1.226734e+01
4.859000e-05	7.662152e-04	1.244482e+01
4.860000e-05	2.066517e-02	1.265226e+01
4.861000e-05	1.054654e-02	1.278165e+01
4.862000e-05	6.642357e-03	1.298857e+01
4.863000e-05	1.979463e-03	1.308854e+01
4.864000e-05	2.350702e-02	1.329536e+01
4.865000e-05	1.058761e-02	1.340325e+01
4.866000e-05	6.005776e-03	1.356110e+01
4.867000e-05	-4.944506e-04	1.371852e+01
4.868000e-05	1.826752e-02	1.380438e+01
4.869000e-05	1.604800e-02	1.400020e+01
4.870000e-05	8.797662e-03	1.411912e+01
4.871000e-05	7.110727e-03	1.430551e+01
4.872000e-05	1.462632e-02	1.439225e+01
4.873000e-05	1.860986e-02	1.452791e+01
4.874000e-05	6.751761e-03	1.460323e+01
4.875000e-05	1.083446e-02	1.468846e+01
4.876000e-05	1.321072e-02	1.479217e+01
4.877000e-05	2.176248e-02	1.488494e+01
4.878000e-05	1.149252e-02	1.492954e+01
4.879000e-05	1.109088e-02	1.503423e+01
4.880000e-05	1.438673e-02	1.508694e+01
4.881000e-05	1.922051e-02	1.511062e+01
4.882000e-05	1.569794e-02	1.524280e+01
4.883000e-05	1.123812e-02	1.531451e+01
4.884000e-05	1.854430e-02	1.533817e+01
4.885000e-05	1.990685e-02	1.538017e+01
4.886000e-05	1.979027e-02	1.544430e+01
4.887000e-05	1.199598e-02	1.544588e+01
4.888000e-05	2.117336e-02	1.550603e+01
4.889000e-05	2.220627e-02	1.549551e+01
4.890000e-05	2.232928e-02	1.551758e+01
4.891000e-05	1.793648e-02	1.552910e+01
4.892000e-05	2.091035e-02	1.555906e+01
4.893000e-05	2.581180e-02	1.553961e+01
4.894000e-05	2.376850e-02	1.552006e+01
4.895000e-05	2.318395e-02	1.552849e+01
4.896000e-05	2.534755e-02	1.553699e+01
4.897000e-05	3.270618e-02	1.550543e+01
4.898000e-05	3.055077e-02	1.545645e+01
4.899000e-05	2.893502e-02	1.542230e+01
4.900000e-05	2.991083e-02	1.539722e+01
4.901000e-05	3.417715e-02	1.533709e+01
4.902000e-05	3.682665e-02	1.533545e+01
4.903000e-05	3.482752e-02	1.527398e+01
4.904000e-05	3.860143e-02	1.518964e+01
4.905000e-05	4.205903e-02	1.509658e+01
4.906000e-05	4.749828e-02	1.503135e+01
4.907000e-05	4.471696e-02	1.497824e+01
4.908000e-05	4.771487e-02	1.489551e+01
4.909000e-05	5.159148e-02	1.481119e+01
4.910000e-05	5.669729e-02	1.469700e+01
4.911000e-05	5.888870e-02	1.462173e+01
4.912000e-05	5.794561e-02	1.448596e+01
4.913000e-05	6.406404e-02	1.442014e+01
4.914000e-05	6.274305e-02	1.427588e+01
4.915000e-05	6.351445e-02	1.413001e+01
4.916000e-05	5.977782e-02	1.400279e+01
4.917000e-05	6.303185e-02	1.388443e+01
4.918000e-05	6.150455e-02	1.374703e+01
4.919000e-05	5.830704e-02	1.357069e+01
4.920000e-05	5.395773e-02	1.346187e+01
4.921000e-05	5.202316e-02	1.335446e+01
4.922000e-05	4.970854e-02	1.314811e+01
4.923000e-05	4.488627e-02	1.298109e+01
4.924000e-05	4.205174e-02	1.286285e+01
4.925000e-05	3.901512e-02	1.266440e+01
4.926000e-05	3.918245e-02	1.249646e+01
4.927000e-05	3.514755e-02	1.235459e+01
4.928000e-05	3.142875e-02	1.217759e+01
4.929000e-05	2.826059e-02	1.197814e+01
4.930000e-05	2.707570e-02	1.176909e+01
4.931000e-05	2.547622e-02	1.159614e+01
4.932000e-05	2.203243e-02	1.136611e+01
4.933000e-05	2.056627e-02	1.112598e+01
4.934000e-05	1.910906e-02	1.094801e+01
4.935000e-05	1.845405e-02	1.074801e+01
4.936000e-05	1.509587e-02	1.053603e+01
4.937000e-05	1.432686e-02	1.028530e+01
4.938000e-05	1.319582e-02	1.008483e+01
4.939000e-05	1.279491e-02	9.861796e+00
4.940000e-05	1.136844e-02	9.590742e+00
4.941000e-05	8.806791e-03	9.367145e+00
4.942000e-05	8.198576e-03	9.168043e+00
4.943000e-05	6.687702e-03	8.905906e+00
4.944000e-05	6.034356e-03	8.672251e+00
4.945000e-05	5.071756e-03	8.512802e+00
4.946000e-05	5.340623e-03	8.260171e+00
4.947000e-05	5.682554e-03	7.979962e+00
4.948000e-05	4.234042e-03	7.706833e+00
4.949000e-05	3.455628e-03	7.429642e+00
4.950000e-05	2.173031e-03	7.168412e+00
4.951000e-05	2.962434e-03	6.935285e+00
4.952000e-05	1.943308e-03	6.632271e+00
4.953000e-05	1.129640e-03	6.356942e+00
4.954000e-05	1.398520e-03	6.133933e+00
4.955000e-05	3.829043e-04	5.831800e+00
4.956000e-05	9.645756e-04	5.609511e+00
4.957000e-05	-3.732320e-04	5.364901e+00
4.958000e-05	-6.076751e-04	5.006589e+00
4.959000e-05	-1.320459e-03	4.671777e+00
4.960000e-05	-1.307785e-03	4.430567e+00
4.961000e-05	-2.019121e-03	4.163414e+00
4.962000e-05	-2.051033e-03	3.850147e+00
4.963000e-05	-3.260157e-03	3.619041e+00
4.964000e-05	-2.246507e-03	3.301775e+00
4.965000e-05	-3.009828e-03	3.008091e+00
4.966000e-05	-3.769018e-03	2.766838e+00
4.967000e-05	-4.412914e-03	2.440045e+00
4.968000e-05	-3.207475e-03	2.146411e+00
4.969000e-05	-3.609719e-03	1.913830e+00
4.970000e-05	-4.310557e-03	1.598543e+00
4.971000e-05	-3.969033e-03	1.313254e+00
4.972000e-05	-4.510138e-03	9.448904e-01
4.973000e-05	-4.260988e-03	6.726499e-01
4.974000e-05	-5.331399e-03	3.989696e-01
4.975000e-05	-3.812056e-03	1.037025e-01
4.976000e-05	5.324009e-04	-1.699541e-01
4.977000e-05	5.853508e-03	-4.215593e-01
4.978000e-05	-5.420144e-03	-7.182737e-01
4.979000e-05	-2.186428e-03	-9.904289e-01
4.980000e-05	-5.156163e-03	-1.214090e+00
4.981000e-05	-1.798437e-03	-1.548498e+00
4.982000e-05	1.466729e-03	-1.791529e+00
4.983000e-05	4.102595e-02	-2.000552e+00
4.984000e-05	9.344178e-02	-2.325869e+00
4.985000e-05	-8.954051e-02	-2.676272e+00
4.986000e-05	-3.586628e-02	-3.034767e+00
4.987000e-05	-5.153346e-02	-3.348504e+00
4.988000e-05	-1.425427e-02	-3.600028e+00
4.989000e-05	-6.891649e-02	-3.854212e+00
4.990000e-05	1.548881e-01	-4.001208e+00
4.991000e-05	-1.332599e-01	-4.265265e+00
4.992000e-05	8.280214e-02	-4.568025e+00
4.993000e-05	7.877846e-02	-4.780486e+00
4.994000e-05	-1.577389e-01	-5.138948e+00
4.995000e-05	1.262840e-01	-5.411707e+00
4.996000e-05	-1.842314e-01	-5.717900e+00
4.997000e-05	1.154162e-01	-5.982527e+00
4.998000e-05	-6.164643e-03	-6.201686e+00
4.999000e-05	-6.187527e-02	-6.539974e+00
