# 260929_11:54:58.929052
t	CH1	CH2
0.000000e+00	-2.823519e-03	-1.026131e-03
1.000000e-08	5.995263e-03	-2.642814e-01
2.000000e-08	-1.560237e-03	-5.072380e-01
3.000000e-08	-2.339214e-03	-8.020538e-01
4.000000e-08	-5.686615e-03	-1.054657e+00
5.000000e-08	-7.603155e-04	-1.369497e+00
6.000000e-08	-3.326206e-03	-1.613608e+00
7.000000e-08	1.233449e-02	-1.833759e+00
8.000000e-08	7.106876e-02	-2.045260e+00
9.000000e-08	2.721064e-02	-2.413059e+00
1.000000e-07	-7.855037e-02	-2.812058e+00
1.100000e-07	-3.875003e-02	-3.169529e+00
1.200000e-07	-3.528103e-02	-3.403608e+00
1.300000e-07	-4.127845e-02	-3.614162e+00
1.400000e-07	1.704773e-02	-3.865844e+00
1.500000e-07	8.137643e-02	-4.066713e+00
1.600000e-07	-1.301563e-01	-4.380504e+00
1.700000e-07	1.613445e-01	-4.562633e+00
1.800000e-07	-7.282600e-02	-4.895345e+00
1.900000e-07	-2.323781e-02	-5.243265e+00
2.000000e-07	1.980736e-02	-5.485419e+00
2.100000e-07	-1.254698e-01	-5.773084e+00
2.200000e-07	1.434153e-01	-6.024058e+00
2.300000e-07	-9.071224e-02	-6.236453e+00
2.400000e-07	4.306764e-02	-6.553160e+00
2.500000e-07	8.498437e-03	-6.808662e+00
2.600000e-07	-5.811470e-02	-7.181507e+00
2.700000e-07	5.213320e-02	-7.393090e+00
2.800000e-07	-1.024754e-01	-7.638322e+00
2.900000e-07	7.265027e-02	-7.920581e+00
3.000000e-07	-3.921461e-02	-8.141659e+00
3.100000e-07	1.216858e-02	-8.416271e+00
3.200000e-07	2.256986e-02	-8.647379e+00
3.300000e-07	-8.049746e-02	-8.922029e+00
3.400000e-07	5.859616e-02	-9.128480e+00
3.500000e-07	-7.471818e-02	-9.374561e+00
3.600000e-07	5.443732e-02	-9.615740e+00
3.700000e-07	-5.508102e-02	-9.804766e+00
3.800000e-07	2.862340e-02	-1.001827e+01
3.900000e-07	-1.381298e-02	-1.022937e+01
4.000000e-07	-2.339917e-02	-1.049058e+01
4.100000e-07	1.000335e-03	-1.069095e+01
4.200000e-07	-4.184968e-02	-1.089995e+01
4.300000e-07	3.145939e-02	-1.109053e+01
4.400000e-07	-4.486863e-02	-1.128056e+01
4.500000e-07	2.368961e-02	-1.150354e+01
4.600000e-07	-3.863976e-02	-1.171118e+01
4.700000e-07	1.555174e-02	-1.187466e+01
4.800000e-07	-3.618220e-02	-1.211011e+01
4.900000e-07	-4.459265e-03	-1.226148e+01
5.000000e-07	-1.833309e-02	-1.244895e+01
5.100000e-07	-7.117095e-03	-1.261946e+01
5.200000e-07	-8.037730e-03	-1.278582e+01
5.300000e-07	-2.243064e-02	-1.298471e+01
5.400000e-07	-1.989449e-03	-1.309101e+01
5.500000e-07	-2.456761e-02	-1.324000e+01
5.600000e-07	-1.256956e-03	-1.341632e+01
5.700000e-07	-3.241886e-02	-1.354374e+01
5.800000e-07	-3.054850e-03	-1.370246e+01
5.900000e-07	-2.234524e-02	-1.384885e+01
6.000000e-07	-5.885441e-03	-1.395517e+01
6.100000e-07	-2.353986e-02	-1.407964e+01
6.200000e-07	-1.445076e-02	-1.420740e+01
6.300000e-07	-1.612317e-02	-1.429467e+01
6.400000e-07	-1.595536e-02	-1.444046e+01
6.500000e-07	-1.866772e-02	-1.452414e+01
6.600000e-07	-2.108396e-02	-1.459891e+01
6.700000e-07	-1.238393e-02	-1.472459e+01
6.800000e-07	-1.975992e-02	-1.480735e+01
6.900000e-07	-1.850448e-02	-1.490216e+01
7.000000e-07	-2.522620e-02	-1.492327e+01
7.100000e-07	-1.659327e-02	-1.501888e+01
7.200000e-07	-2.164758e-02	-1.508216e+01
7.300000e-07	-1.951929e-02	-1.513519e+01
7.400000e-07	-2.481552e-02	-1.518835e+01
7.500000e-07	-1.839639e-02	-1.526098e+01
7.600000e-07	-2.327283e-02	-1.529094e+01
7.700000e-07	-2.281849e-02	-1.535364e+01
7.800000e-07	-2.770737e-02	-1.533422e+01
7.900000e-07	-2.251666e-02	-1.539577e+01
8.000000e-07	-2.291144e-02	-1.539688e+01
8.100000e-07	-2.624185e-02	-1.539928e+01
8.200000e-07	-2.842956e-02	-1.543993e+01
8.300000e-07	-2.958784e-02	-1.545833e+01
8.400000e-07	-2.646881e-02	-1.542938e+01
8.500000e-07	-3.142448e-02	-1.542638e+01
8.600000e-07	-3.158668e-02	-1.542785e+01
8.700000e-07	-3.287513e-02	-1.534723e+01
8.800000e-07	-3.071610e-02	-1.535524e+01
8.900000e-07	-3.537445e-02	-1.535514e+01
9.000000e-07	-3.760082e-02	-1.531252e+01
9.100000e-07	-3.739240e-02	-1.525038e+01
9.200000e-07	-3.758072e-02	-1.517635e+01
9.300000e-07	-4.009113e-02	-1.513371e+01
9.400000e-07	-4.341494e-02	-1.508056e+01
9.500000e-07	-4.434364e-02	-1.503793e+01
9.600000e-07	-4.361489e-02	-1.496675e+01
9.700000e-07	-4.702808e-02	-1.486956e+01
9.800000e-07	-5.103859e-02	-1.478785e+01
9.900000e-07	-5.351605e-02	-1.470216e+01
1.000000e-06	-5.398699e-02	-1.463743e+01
1.010000e-06	-5.682488e-02	-1.454509e+01
1.020000e-06	-6.177170e-02	-1.444940e+01
1.030000e-06	-6.360420e-02	-1.431322e+01
1.040000e-06	-6.350611e-02	-1.419643e+01
1.050000e-06	-6.299719e-02	-1.411011e+01
1.060000e-06	-6.563089e-02	-1.394480e+01
1.070000e-06	-6.725325e-02	-1.381747e+01
1.080000e-06	-6.565500e-02	-1.369094e+01
1.090000e-06	-6.313140e-02	-1.356572e+01
1.100000e-06	-6.255215e-02	-1.343640e+01
1.110000e-06	-6.198670e-02	-1.325798e+01
1.120000e-06	-5.887282e-02	-1.315269e+01
1.130000e-06	-5.359013e-02	-1.300672e+01
1.140000e-06	-5.325306e-02	-1.285627e+01
1.150000e-06	-5.156389e-02	-1.265050e+01
1.160000e-06	-4.781855e-02	-1.248164e+01
1.170000e-06	-4.407350e-02	-1.229266e+01
1.180000e-06	-4.234372e-02	-1.217371e+01
1.190000e-06	-4.221689e-02	-1.197527e+01
1.200000e-06	-3.650857e-02	-1.176419e+01
1.210000e-06	-3.448801e-02	-1.155277e+01
1.220000e-06	-3.162584e-02	-1.133316e+01
1.230000e-06	-3.430833e-02	-1.114111e+01
1.240000e-06	-3.021773e-02	-1.094093e+01
1.250000e-06	-2.933146e-02	-1.074258e+01
1.260000e-06	-2.586258e-02	-1.055158e+01
1.270000e-06	-2.487799e-02	-1.033156e+01
1.280000e-06	-2.238746e-02	-1.008058e+01
1.290000e-06	-2.037766e-02	-9.877925e+00
1.300000e-06	-1.987796e-02	-9.687420e+00
1.310000e-06	-2.115789e-02	-9.405969e+00
1.320000e-06	-2.171618e-02	-9.216241e+00
1.330000e-06	-1.944539e-02	-8.984191e+00
1.340000e-06	-1.640925e-02	-8.753090e+00
1.350000e-06	-1.602475e-02	-8.558507e+00
1.360000e-06	-1.485709e-02	-8.285446e+00
1.370000e-06	-1.357554e-02	-8.064720e+00
1.380000e-06	-1.165169e-02	-7.782642e+00
1.390000e-06	-1.368181e-02	-7.488975e+00
1.400000e-06	-1.420566e-02	-7.274789e+00
1.410000e-06	-1.314349e-02	-6.970560e+00
1.420000e-06	-1.135810e-02	-6.707054e+00
1.430000e-06	-1.054952e-02	-6.496825e+00
1.440000e-06	-1.060795e-02	-6.153687e+00
1.450000e-06	-9.250875e-03	-5.929977e+00
1.460000e-06	-7.216989e-03	-5.684317e+00
1.470000e-06	-9.328622e-03	-5.422584e+00
1.480000e-06	-9.672434e-03	-5.106397e+00
1.490000e-06	-9.343062e-03	-4.771580e+00
1.500000e-06	-6.797484e-03	-4.456896e+00
1.510000e-06	-7.949431e-03	-4.245366e+00
1.520000e-06	-7.551409e-03	-4.001084e+00
1.530000e-06	-9.139245e-03	-3.725477e+00
1.540000e-06	-6.177281e-03	-3.464134e+00
1.550000e-06	-5.847751e-03	-3.189554e+00
1.560000e-06	-5.149747e-03	-2.866216e+00
1.570000e-06	-5.888559e-03	-2.629607e+00
1.580000e-06	-3.605753e-03	-2.347395e+00
1.590000e-06	-4.597337e-03	-2.012608e+00
1.600000e-06	-5.590108e-03	-1.768976e+00
1.610000e-06	-6.892136e-03	-1.484215e+00
1.620000e-06	-5.120284e-03	-1.167920e+00
1.630000e-06	-3.591174e-03	-8.622344e-01
1.640000e-06	-3.217088e-03	-5.273552e-01
1.650000e-06	-2.220550e-03	-2.842370e-01
1.660000e-06	4.022783e-04	8.967062e-03
1.670000e-06	1.007620e-02	2.662115e-01
1.680000e-06	-9.847357e-05	5.093669e-01
1.690000e-06	3.157386e-03	8.010523e-01
1.700000e-06	-2.617268e-03	1.125768e+00
1.710000e-06	4.465017e-03	1.377400e+00
1.720000e-06	1.838528e-03	1.726739e+00
1.730000e-06	1.199192e-02	1.906343e+00
1.740000e-06	4.286645e-02	2.161471e+00
1.750000e-06	6.934935e-02	2.456792e+00
1.760000e-06	-5.227520e-02	2.834136e+00
1.770000e-06	-4.715193e-02	3.078843e+00
1.780000e-06	-3.265426e-02	3.382577e+00
1.790000e-06	2.428414e-03	3.641637e+00
1.800000e-06	-4.919011e-02	3.814763e+00
1.810000e-06	1.613514e-02	4.027088e+00
1.820000e-06	6.667402e-02	4.400002e+00
1.830000e-06	-5.283069e-02	4.674684e+00
1.840000e-06	1.303436e-01	4.888868e+00
1.850000e-06	-7.422314e-02	5.267343e+00
1.860000e-06	-6.201101e-03	5.498850e+00
1.870000e-06	1.729876e-02	5.803084e+00
1.880000e-06	-2.322951e-02	6.047798e+00
1.890000e-06	4.850664e-02	6.367932e+00
1.900000e-06	-4.638369e-02	6.584635e+00
1.910000e-06	4.433596e-02	6.847265e+00
1.920000e-06	1.535804e-02	7.140506e+00
1.930000e-06	-1.280855e-02	7.386267e+00
1.940000e-06	-2.006081e-02	7.697376e+00
1.950000e-06	-1.087494e-03	7.953509e+00
1.960000e-06	5.446959e-02	8.204259e+00
1.970000e-06	-2.221655e-02	8.435817e+00
1.980000e-06	5.073215e-03	8.636295e+00
1.990000e-06	1.438507e-02	8.881001e+00
2.000000e-06	-4.567551e-03	9.151506e+00
2.010000e-06	1.731724e-02	9.342104e+00
2.020000e-06	-2.119416e-02	9.615167e+00
2.030000e-06	2.177158e-02	9.836788e+00
2.040000e-06	7.725714e-03	1.004742e+01
2.050000e-06	2.470526e-02	1.024037e+01
2.060000e-06	-1.246997e-02	1.047045e+01
2.070000e-06	-2.976152e-04	1.071053e+01
2.080000e-06	1.774196e-02	1.089993e+01
2.090000e-06	1.812089e-03	1.107942e+01
2.100000e-06	8.261832e-03	1.128071e+01
2.110000e-06	-2.354879e-03	1.150261e+01
2.120000e-06	2.520674e-02	1.175009e+01
2.130000e-06	6.386444e-03	1.193101e+01
2.140000e-06	6.611892e-03	1.207985e+01
2.150000e-06	-3.298837e-03	1.227156e+01
2.160000e-06	1.406984e-02	1.242887e+01
2.170000e-06	1.396843e-02	1.261729e+01
2.180000e-06	6.156165e-03	1.274472e+01
2.190000e-06	8.002021e-03	1.290166e+01
2.200000e-06	1.154165e-02	1.310298e+01
2.210000e-06	1.577704e-02	1.324793e+01
2.220000e-06	3.785720e-03	1.336634e+01
2.230000e-06	5.860229e-03	1.356254e+01
2.240000e-06	1.089964e-02	1.364245e+01
2.250000e-06	1.706356e-02	1.379787e+01
2.260000e-06	1.013456e-02	1.393416e+01
2.270000e-06	8.412546e-03	1.406106e+01
2.280000e-06	1.490718e-02	1.421837e+01
2.290000e-06	1.480735e-02	1.432171e+01
2.300000e-06	1.109677e-02	1.444848e+01
2.310000e-06	8.371810e-03	1.452471e+01
2.320000e-06	1.313480e-02	1.464940e+01
2.330000e-06	1.614028e-02	1.470099e+01
2.340000e-06	1.380059e-02	1.478680e+01
2.350000e-06	1.215146e-02	1.487145e+01
2.360000e-06	1.204371e-02	1.493422e+01
2.370000e-06	1.870301e-02	1.502690e+01
2.380000e-06	1.528754e-02	1.504909e+01
2.390000e-06	1.441345e-02	1.512312e+01
2.400000e-06	1.306024e-02	1.518672e+01
2.410000e-06	1.845030e-02	1.523845e+01
2.420000e-06	1.884140e-02	1.524151e+01
2.430000e-06	1.477681e-02	1.530119e+01
2.440000e-06	1.718329e-02	1.535372e+01
2.450000e-06	1.939129e-02	1.539530e+01
2.460000e-06	2.243178e-02	1.538582e+01
2.470000e-06	1.824689e-02	1.541582e+01
2.480000e-06	1.993185e-02	1.541735e+01
2.490000e-06	2.203880e-02	1.536642e+01
2.500000e-06	2.428228e-02	1.541733e+01
2.510000e-06	2.263051e-02	1.539632e+01
2.520000e-06	2.323630e-02	1.538435e+01
2.530000e-06	2.738561e-02	1.535524e+01
2.540000e-06	2.842516e-02	1.532264e+01
2.550000e-06	2.876125e-02	1.529261e+01
2.560000e-06	2.783587e-02	1.528048e+01
2.570000e-06	3.148091e-02	1.516685e+01
2.580000e-06	3.415282e-02	1.514472e+01
2.590000e-06	3.408555e-02	1.514074e+01
2.600000e-06	3.476300e-02	1.502893e+01
2.610000e-06	3.680071e-02	1.497627e+01
2.620000e-06	3.978700e-02	1.494361e+01
2.630000e-06	4.153305e-02	1.485894e+01
2.640000e-06	4.250140e-02	1.478477e+01
2.650000e-06	4.714885e-02	1.467249e+01
2.660000e-06	5.142432e-02	1.462629e+01
2.670000e-06	5.203300e-02	1.448214e+01
2.680000e-06	5.500439e-02	1.438740e+01
2.690000e-06	5.626471e-02	1.430949e+01
2.700000e-06	5.982059e-02	1.420582e+01
2.710000e-06	5.810468e-02	1.403896e+01
2.720000e-06	5.852876e-02	1.395306e+01
2.730000e-06	5.849085e-02	1.377432e+01
2.740000e-06	5.919980e-02	1.366840e+01
2.750000e-06	5.660581e-02	1.350158e+01
2.760000e-06	5.557331e-02	1.338467e+01
2.770000e-06	5.335347e-02	1.325585e+01
2.780000e-06	5.043296e-02	1.305908e+01
2.790000e-06	4.855226e-02	1.297169e+01
2.800000e-06	4.335209e-02	1.275519e+01
2.810000e-06	4.303032e-02	1.259582e+01
2.820000e-06	3.845493e-02	1.248738e+01
2.830000e-06	3.756838e-02	1.226751e+01
2.840000e-06	3.634787e-02	1.208856e+01
2.850000e-06	3.392995e-02	1.190153e+01
2.860000e-06	2.981738e-02	1.174350e+01
2.870000e-06	2.633191e-02	1.148108e+01
2.880000e-06	2.335972e-02	1.129151e+01
2.890000e-06	2.219052e-02	1.108850e+01
2.900000e-06	2.157537e-02	1.087898e+01
2.910000e-06	2.128730e-02	1.068948e+01
2.920000e-06	2.062840e-02	1.048805e+01
2.930000e-06	1.884593e-02	1.026890e+01
2.940000e-06	1.592143e-02	1.006685e+01
2.950000e-06	1.112141e-02	9.815792e+00
2.960000e-06	1.092867e-02	9.572692e+00
2.970000e-06	9.767847e-03	9.381585e+00
2.980000e-06	1.162163e-02	9.203082e+00
2.990000e-06	8.998170e-03	8.939480e+00
3.000000e-06	1.008306e-02	8.677898e+00
3.010000e-06	8.932324e-03	8.475371e+00
3.020000e-06	8.619336e-03	8.254216e+00
3.030000e-06	4.688753e-03	7.962534e+00
3.040000e-06	3.012476e-03	7.708999e+00
3.050000e-06	3.965369e-03	7.446850e+00
3.060000e-06	2.954792e-03	7.152158e+00
3.070000e-06	2.964172e-03	6.918954e+00
3.080000e-06	1.911384e-03	6.676848e+00
3.090000e-06	4.851152e-03	6.394118e+00
3.100000e-06	3.332293e-03	6.171027e+00
3.110000e-06	1.222228e-03	5.906399e+00
3.120000e-06	-2.240528e-03	5.632787e+00
3.130000e-06	-1.327525e-03	5.348506e+00
3.140000e-06	-4.612049e-04	5.012791e+00
3.150000e-06	-1.105105e-03	4.717448e+00
3.160000e-06	-1.282558e-03	4.432764e+00
3.170000e-06	5.523618e-04	4.180087e+00
3.180000e-06	5.714039e-04	3.885266e+00
3.190000e-06	8.860319e-05	3.624157e+00
3.200000e-06	-5.690640e-03	3.338416e+00
3.210000e-06	-3.045981e-03	3.063685e+00
3.220000e-06	-5.126586e-03	2.790528e+00
3.230000e-06	-1.248980e-03	2.546219e+00
3.240000e-06	-5.331859e-03	2.201632e+00
3.250000e-06	-4.335928e-04	1.946474e+00
3.260000e-06	-3.201468e-03	1.703740e+00
3.270000e-06	-1.847292e-03	1.378475e+00
3.280000e-06	-6.355540e-03	1.052736e+00
3.290000e-06	-6.055682e-03	7.674186e-01
3.300000e-06	-6.350220e-03	4.946594e-01
3.310000e-06	-2.687965e-03	2.085291e-01
3.320000e-06	-5.454572e-04	-8.523634e-02
3.330000e-06	6.181133e-03	-3.493469e-01
3.340000e-06	-2.873877e-03	-5.805323e-01
3.350000e-06	5.608198e-05	-8.747104e-01
3.360000e-06	-6.018491e-03	-1.117871e+00
3.370000e-06	-3.310524e-03	-1.424168e+00
3.380000e-06	-2.333745e-03	-1.677318e+00
3.390000e-06	2.773279e-02	-1.917818e+00
3.400000e-06	8.852962e-02	-2.140970e+00
3.410000e-06	-3.319469e-02	-2.561321e+00
3.420000e-06	-5.833174e-02	-2.877923e+00
3.430000e-06	-4.148790e-02	-3.264639e+00
3.440000e-06	-2.338664e-02	-3.497265e+00
3.450000e-06	-5.670269e-02	-3.719451e+00
3.460000e-06	8.185898e-02	-3.979997e+00
3.470000e-06	-5.851958e-03	-4.120000e+00
3.480000e-06	-6.174407e-02	-4.454782e+00
3.490000e-06	1.557596e-01	-4.666371e+00
3.500000e-06	-1.434285e-01	-5.002660e+00
3.510000e-06	6.726024e-02	-5.298700e+00
3.520000e-06	-7.793152e-02	-5.572931e+00
3.530000e-06	-3.110968e-02	-5.856266e+00
3.540000e-06	1.021620e-01	-6.087275e+00
3.550000e-06	-1.062306e-01	-6.365161e+00
3.560000e-06	9.887397e-02	-6.666718e+00
3.570000e-06	-6.369394e-02	-6.899924e+00
3.580000e-06	5.528237e-03	-7.235793e+00
3.590000e-06	-9.179360e-04	-7.477870e+00
3.600000e-06	-6.793020e-02	-7.752683e+00
3.610000e-06	8.017413e-02	-8.035289e+00
3.620000e-06	-8.070293e-02	-8.298368e+00
3.630000e-06	6.942801e-02	-8.537928e+00
3.640000e-06	-4.719959e-02	-8.732558e+00
3.650000e-06	-1.861593e-02	-9.023237e+00
3.660000e-06	1.617358e-02	-9.215089e+00
3.670000e-06	-5.186955e-02	-9.426346e+00
3.680000e-06	5.025426e-02	-9.678400e+00
3.690000e-06	-6.554910e-02	-9.869425e+00
3.700000e-06	5.497193e-02	-1.008043e+01
3.710000e-06	-5.615253e-02	-1.032103e+01
3.720000e-06	1.843658e-02	-1.056206e+01
3.730000e-06	-3.674198e-02	-1.072301e+01
3.740000e-06	-4.327928e-03	-1.092271e+01
3.750000e-06	-3.122900e-04	-1.114311e+01
3.760000e-06	-2.352258e-02	-1.140477e+01
3.770000e-06	1.157325e-02	-1.158469e+01
3.780000e-06	-3.339770e-02	-1.176377e+01
3.790000e-06	1.353904e-02	-1.199674e+01
3.800000e-06	-4.299482e-02	-1.218471e+01
3.810000e-06	1.009349e-02	-1.236451e+01
3.820000e-06	-3.329545e-02	-1.249108e+01
3.830000e-06	7.765294e-03	-1.270148e+01
3.840000e-06	-2.491058e-02	-1.283930e+01
3.850000e-06	-3.504728e-03	-1.301690e+01
3.860000e-06	-1.756892e-02	-1.317414e+01
3.870000e-06	-1.367842e-02	-1.331016e+01
3.880000e-06	-1.257015e-02	-1.342786e+01
3.890000e-06	-2.231901e-02	-1.360735e+01
3.900000e-06	-6.327195e-03	-1.375426e+01
3.910000e-06	-2.250810e-02	-1.384296e+01
3.920000e-06	-5.531797e-03	-1.401825e+01
3.930000e-06	-2.510652e-02	-1.411219e+01
3.940000e-06	-9.402333e-03	-1.422999e+01
3.950000e-06	-2.328921e-02	-1.438470e+01
3.960000e-06	-1.234921e-02	-1.446156e+01
3.970000e-06	-2.174238e-02	-1.455327e+01
3.980000e-06	-1.445589e-02	-1.469051e+01
3.990000e-06	-1.771783e-02	-1.475567e+01
4.000000e-06	-1.747584e-02	-1.481990e+01
4.010000e-06	-2.036695e-02	-1.488266e+01
4.020000e-06	-2.095392e-02	-1.495527e+01
4.030000e-06	-1.951760e-02	-1.505745e+01
4.040000e-06	-2.082781e-02	-1.509207e+01
4.050000e-06	-1.979708e-02	-1.515469e+01
4.060000e-06	-2.144418e-02	-1.520828e+01
4.070000e-06	-1.929048e-02	-1.526046e+01
4.080000e-06	-2.550177e-02	-1.531212e+01
4.090000e-06	-2.266750e-02	-1.536372e+01
4.100000e-06	-2.655065e-02	-1.534622e+01
4.110000e-06	-2.156998e-02	-1.540629e+01
4.120000e-06	-2.665212e-02	-1.543728e+01
4.130000e-06	-2.573647e-02	-1.543940e+01
4.140000e-06	-2.735020e-02	-1.545836e+01
4.150000e-06	-2.803485e-02	-1.546083e+01
4.160000e-06	-2.942798e-02	-1.544640e+01
4.170000e-06	-3.077366e-02	-1.542832e+01
4.180000e-06	-2.987545e-02	-1.538527e+01
4.190000e-06	-3.195746e-02	-1.539720e+01
4.200000e-06	-3.351931e-02	-1.537324e+01
4.210000e-06	-3.590072e-02	-1.534352e+01
4.220000e-06	-3.673785e-02	-1.528403e+01
4.230000e-06	-3.801516e-02	-1.526888e+01
4.240000e-06	-3.956755e-02	-1.516775e+01
4.250000e-06	-4.063305e-02	-1.510309e+01
4.260000e-06	-4.154604e-02	-1.503010e+01
4.270000e-06	-4.285518e-02	-1.501730e+01
4.280000e-06	-4.621803e-02	-1.493457e+01
4.290000e-06	-4.956586e-02	-1.484898e+01
4.300000e-06	-5.042407e-02	-1.479572e+01
4.310000e-06	-5.265896e-02	-1.472108e+01
4.320000e-06	-5.557867e-02	-1.461582e+01
4.330000e-06	-5.935244e-02	-1.449304e+01
4.340000e-06	-6.080829e-02	-1.442787e+01
4.350000e-06	-6.165708e-02	-1.428114e+01
4.360000e-06	-6.462634e-02	-1.417727e+01
4.370000e-06	-6.639509e-02	-1.407656e+01
4.380000e-06	-6.633677e-02	-1.390316e+01
4.390000e-06	-6.419448e-02	-1.380682e+01
4.400000e-06	-6.496123e-02	-1.369001e+01
4.410000e-06	-6.509201e-02	-1.353259e+01
4.420000e-06	-6.302902e-02	-1.338322e+01
4.430000e-06	-5.960810e-02	-1.325793e+01
4.440000e-06	-5.776130e-02	-1.307058e+01
4.450000e-06	-5.651231e-02	-1.294266e+01
4.460000e-06	-5.187939e-02	-1.280425e+01
4.470000e-06	-4.797308e-02	-1.261534e+01
4.480000e-06	-4.625510e-02	-1.244745e+01
4.490000e-06	-4.512524e-02	-1.227991e+01
4.500000e-06	-4.293245e-02	-1.208056e+01
4.510000e-06	-3.941030e-02	-1.190209e+01
4.520000e-06	-3.639833e-02	-1.172003e+01
4.530000e-06	-3.531271e-02	-1.149008e+01
4.540000e-06	-3.470764e-02	-1.128901e+01
4.550000e-06	-3.060481e-02	-1.104642e+01
4.560000e-06	-2.825206e-02	-1.084635e+01
4.570000e-06	-2.836315e-02	-1.068840e+01
4.580000e-06	-2.732948e-02	-1.046843e+01
4.590000e-06	-2.455225e-02	-1.026838e+01
4.600000e-06	-2.188407e-02	-1.004630e+01
4.610000e-06	-2.200994e-02	-9.844693e+00
4.620000e-06	-2.138633e-02	-9.613192e+00
4.630000e-06	-1.968922e-02	-9.362712e+00
4.640000e-06	-1.740071e-02	-9.160608e+00
4.650000e-06	-1.776310e-02	-8.889502e+00
4.660000e-06	-1.820308e-02	-8.677429e+00
4.670000e-06	-1.644896e-02	-8.454768e+00
4.680000e-06	-1.392126e-02	-8.212641e+00
4.690000e-06	-1.340425e-02	-7.972085e+00
4.700000e-06	-1.473675e-02	-7.707874e+00
4.710000e-06	-1.288686e-02	-7.412215e+00
4.720000e-06	-1.123803e-02	-7.191612e+00
4.730000e-06	-1.083322e-02	-6.887949e+00
4.740000e-06	-1.242049e-02	-6.654691e+00
4.750000e-06	-1.077182e-02	-6.413139e+00
4.760000e-06	-1.021083e-02	-6.126453e+00
4.770000e-06	-8.344931e-03	-5.874794e+00
4.780000e-06	-9.469369e-03	-5.561535e+00
4.790000e-06	-8.996113e-03	-5.295845e+00
4.800000e-06	-8.348638e-03	-5.002532e+00
4.810000e-06	-5.756133e-03	-4.715316e+00
4.820000e-06	-8.030390e-03	-4.452687e+00
4.830000e-06	-8.513723e-03	-4.231032e+00
4.840000e-06	-8.081449e-03	-3.955895e+00
4.850000e-06	-6.556448e-03	-3.621606e+00
4.860000e-06	-7.264100e-03	-3.380979e+00
4.870000e-06	-7.076294e-03	-3.115224e+00
4.880000e-06	-4.408100e-03	-2.799551e+00
4.890000e-06	-3.685059e-03	-2.536871e+00
4.900000e-06	-4.258103e-03	-2.202060e+00
4.910000e-06	-7.192708e-03	-1.977897e+00
4.920000e-06	-6.157304e-03	-1.684215e+00
4.930000e-06	-5.318291e-03	-1.367475e+00
4.940000e-06	-4.357039e-03	-1.043108e+00
4.950000e-06	-5.527212e-03	-7.789964e-01
4.960000e-06	-2.312541e-03	-4.531858e-01
4.970000e-06	-3.546567e-04	-2.295002e-01
4.980000e-06	5.714981e-03	6.265784e-02
4.990000e-06	5.786437e-03	3.993684e-01
5.000000e-06	-2.149554e-03	6.020786e-01
5.010000e-06	2.405912e-03	8.437140e-01
5.020000e-06	-7.878477e-04	1.201029e+00
5.030000e-06	1.845269e-03	1.484683e+00
5.040000e-06	-1.189582e-05	1.759472e+00
5.050000e-06	2.089796e-02	1.979449e+00
5.060000e-06	6.320290e-02	2.276184e+00
5.070000e-06	3.767959e-02	2.613131e+00
5.080000e-06	-6.948518e-02	2.939317e+00
5.090000e-06	-4.348296e-02	3.212634e+00
5.100000e-06	-1.594430e-02	3.475868e+00
5.110000e-06	-9.852435e-03	3.696844e+00
5.120000e-06	-4.863227e-02	3.886369e+00
5.130000e-06	5.950741e-02	4.130501e+00
5.140000e-06	1.463140e-02	4.465741e+00
5.150000e-06	-3.608847e-04	4.676393e+00
5.160000e-06	9.670295e-02	5.014185e+00
5.170000e-06	-1.011335e-01	5.381484e+00
5.180000e-06	4.063688e-02	5.543110e+00
5.190000e-06	-1.716081e-02	5.958925e+00
5.200000e-06	1.107245e-02	6.110425e+00
5.210000e-06	2.016951e-02	6.394162e+00
5.220000e-06	-3.575549e-02	6.688047e+00
5.230000e-06	6.129320e-02	6.931528e+00
5.240000e-06	-1.488436e-02	7.225118e+00
5.250000e-06	-3.231659e-03	7.498348e+00
5.260000e-06	-3.001108e-02	7.742458e+00
5.270000e-06	3.335591e-02	8.046820e+00
5.280000e-06	3.171655e-02	8.298924e+00
5.290000e-06	-3.132710e-02	8.521825e+00
5.300000e-06	2.771981e-02	8.743056e+00
5.310000e-06	-4.132614e-03	8.991631e+00
5.320000e-06	1.338421e-02	9.224712e+00
5.330000e-06	-4.679609e-03	9.435742e+00
5.340000e-06	-2.740199e-03	9.638326e+00
5.350000e-06	1.655708e-02	9.898925e+00
5.360000e-06	1.340000e-02	1.011056e+01
5.370000e-06	1.577077e-02	1.036254e+01
5.380000e-06	-1.884525e-02	1.052358e+01
5.390000e-06	1.572778e-02	1.076313e+01
5.400000e-06	7.418664e-03	1.095256e+01
5.410000e-06	1.121092e-02	1.112514e+01
5.420000e-06	-3.506166e-03	1.136376e+01
5.430000e-06	1.294054e-02	1.160674e+01
5.440000e-06	1.786362e-02	1.178469e+01
5.450000e-06	8.291759e-03	1.198417e+01
5.460000e-06	-1.953500e-04	1.211417e+01
5.470000e-06	1.955993e-03	1.234414e+01
5.480000e-06	1.785447e-02	1.250103e+01
5.490000e-06	8.608867e-03	1.265993e+01
5.500000e-06	7.382504e-03	1.277884e+01
5.510000e-06	6.056690e-03	1.301730e+01
5.520000e-06	2.030888e-02	1.316314e+01
5.530000e-06	9.946835e-03	1.328203e+01
5.540000e-06	4.754955e-03	1.342695e+01
5.550000e-06	3.687821e-03	1.355574e+01
5.560000e-06	1.728212e-02	1.370464e+01
5.570000e-06	1.369570e-02	1.386000e+01
5.580000e-06	7.780967e-03	1.398732e+01
5.590000e-06	9.272666e-03	1.411420e+01
5.600000e-06	1.665047e-02	1.425955e+01
5.610000e-06	1.595858e-02	1.435532e+01
5.620000e-06	6.576767e-03	1.445001e+01
5.630000e-06	1.044025e-02	1.460521e+01
5.640000e-06	1.501082e-02	1.463993e+01
5.650000e-06	1.941211e-02	1.476419e+01
5.660000e-06	1.007620e-02	1.482737e+01
5.670000e-06	1.103559e-02	1.489153e+01
5.680000e-06	1.611928e-02	1.495427e+01
5.690000e-06	1.810572e-02	1.499792e+01
5.700000e-06	1.340117e-02	1.510201e+01
5.710000e-06	1.123874e-02	1.514319e+01
5.720000e-06	1.817216e-02	1.516785e+01
5.730000e-06	2.059415e-02	1.521991e+01
5.740000e-06	1.680017e-02	1.527058e+01
5.750000e-06	1.274297e-02	1.525368e+01
5.760000e-06	2.035545e-02	1.538224e+01
5.770000e-06	2.227727e-02	1.535477e+01
5.780000e-06	2.004707e-02	1.539682e+01
5.790000e-06	1.644885e-02	1.536435e+01
5.800000e-06	2.174954e-02	1.536690e+01
5.810000e-06	2.530632e-02	1.544532e+01
5.820000e-06	2.193959e-02	1.539635e+01
5.830000e-06	2.041860e-02	1.536680e+01
5.840000e-06	2.482237e-02	1.540387e+01
5.850000e-06	3.184727e-02	1.535467e+01
5.860000e-06	2.819558e-02	1.530324e+01
5.870000e-06	2.648308e-02	1.532064e+01
5.880000e-06	2.907651e-02	1.518998e+01
5.890000e-06	3.365365e-02	1.517677e+01
5.900000e-06	3.384581e-02	1.511617e+01
5.910000e-06	3.123978e-02	1.510066e+01
5.920000e-06	3.557233e-02	1.503093e+01
5.930000e-06	4.056916e-02	1.498525e+01
5.940000e-06	4.252306e-02	1.491409e+01
5.950000e-06	3.907276e-02	1.482935e+01
5.960000e-06	4.342210e-02	1.474514e+01
5.970000e-06	4.971664e-02	1.468098e+01
5.980000e-06	5.217756e-02	1.457526e+01
5.990000e-06	5.151329e-02	1.449949e+01
6.000000e-06	5.327536e-02	1.441367e+01
6.010000e-06	5.914712e-02	1.427800e+01
6.020000e-06	5.898775e-02	1.415416e+01
6.030000e-06	5.749765e-02	1.403727e+01
6.040000e-06	5.673957e-02	1.388958e+01
6.050000e-06	6.052554e-02	1.375419e+01
6.060000e-06	6.047681e-02	1.362733e+01
6.070000e-06	5.483565e-02	1.345995e+01
6.080000e-06	5.387572e-02	1.332061e+01
6.090000e-06	5.321454e-02	1.317472e+01
6.100000e-06	5.276784e-02	1.304692e+01
6.110000e-06	4.535954e-02	1.291798e+01
6.120000e-06	4.292079e-02	1.273011e+01
6.130000e-06	4.129363e-02	1.255362e+01
6.140000e-06	4.130314e-02	1.245569e+01
6.150000e-06	3.564097e-02	1.222480e+01
6.160000e-06	3.251960e-02	1.203725e+01
6.170000e-06	3.051693e-02	1.186682e+01
6.180000e-06	3.102605e-02	1.169682e+01
6.190000e-06	2.767857e-02	1.141845e+01
6.200000e-06	2.391227e-02	1.120690e+01
6.210000e-06	2.306505e-02	1.103629e+01
6.220000e-06	2.187431e-02	1.085587e+01
6.230000e-06	2.023751e-02	1.065630e+01
6.240000e-06	1.587244e-02	1.042534e+01
6.250000e-06	1.536886e-02	1.022479e+01
6.260000e-06	1.586326e-02	9.993260e+00
6.270000e-06	1.583195e-02	9.781612e+00
6.280000e-06	1.126920e-02	9.540177e+00
6.290000e-06	9.557000e-03	9.309978e+00
6.300000e-06	1.088073e-02	9.096425e+00
6.310000e-06	9.975896e-03	8.835293e+00
6.320000e-06	7.785311e-03	8.604165e+00
6.330000e-06	5.506788e-03	8.382158e+00
6.340000e-06	7.246658e-03	8.159079e+00
6.350000e-06	6.881934e-03	7.887898e+00
6.360000e-06	4.108562e-03	7.643717e+00
6.370000e-06	2.441787e-03	7.351107e+00
6.380000e-06	3.618102e-03	7.137370e+00
6.390000e-06	5.294078e-03	6.865217e+00
6.400000e-06	2.550758e-03	6.581609e+00
6.410000e-06	7.529680e-05	6.349445e+00
6.420000e-06	9.606893e-04	6.106366e+00
6.430000e-06	3.176631e-03	5.851712e+00
6.440000e-06	8.597734e-04	5.578470e+00
6.450000e-06	-2.142967e-03	5.245744e+00
6.460000e-06	-1.111637e-03	4.948496e+00
6.470000e-06	7.224016e-04	4.662213e+00
6.480000e-06	2.699093e-04	4.340576e+00
6.490000e-06	-2.686317e-03	4.114370e+00
6.500000e-06	-1.817057e-03	3.791054e+00
6.510000e-06	-1.986891e-04	3.578048e+00
6.520000e-06	-1.242421e-03	3.252708e+00
6.530000e-06	-4.362431e-03	2.980475e+00
6.540000e-06	-5.886860e-03	2.756894e+00
6.550000e-06	-3.137437e-03	2.420585e+00
6.560000e-06	-2.941780e-03	2.127445e+00
6.570000e-06	-4.298425e-03	1.894236e+00
6.580000e-06	-4.141363e-03	1.588473e+00
6.590000e-06	-3.209773e-03	1.333787e+00
6.600000e-06	-2.782376e-03	9.973475e-01
6.610000e-06	-5.209221e-03	6.641055e-01
6.620000e-06	-5.934307e-03	3.994276e-01
6.630000e-06	-3.228109e-03	8.273328e-02
6.640000e-06	2.557444e-03	-1.789996e-01
6.650000e-06	3.343495e-03	-4.120074e-01
6.660000e-06	-4.807026e-03	-6.952144e-01
6.670000e-06	-1.868450e-03	-9.704734e-01
6.680000e-06	-3.457580e-03	-1.232008e+00
6.690000e-06	-1.611786e-03	-1.549877e+00
6.700000e-06	1.248898e-03	-1.749902e+00
6.710000e-06	4.561778e-02	-1.971100e+00
6.720000e-06	7.840097e-02	-2.245767e+00
6.730000e-06	-7.230090e-02	-2.655213e+00
6.740000e-06	-4.378359e-02	-3.014761e+00
6.750000e-06	-4.496315e-02	-3.339398e+00
6.760000e-06	-2.378789e-02	-3.559876e+00
6.770000e-06	-4.219341e-02	-3.763155e+00
6.780000e-06	1.196971e-01	-4.012057e+00
6.790000e-06	-9.875621e-02	-4.244292e+00
6.800000e-06	5.886822e-02	-4.478900e+00
6.810000e-06	6.773577e-02	-4.772527e+00
6.820000e-06	-1.272159e-01	-5.057867e+00
6.830000e-06	9.015050e-02	-5.372160e+00
6.840000e-06	-1.443147e-01	-5.636819e+00
6.850000e-06	8.213459e-02	-5.979451e+00
6.860000e-06	1.142524e-02	-6.152983e+00
6.870000e-06	-5.553489e-02	-6.526872e+00
6.880000e-06	8.670397e-02	-6.769472e+00
6.890000e-06	-9.458318e-02	-6.996242e+00
6.900000e-06	5.527963e-02	-7.339473e+00
6.910000e-06	-6.713608e-02	-7.550561e+00
6.920000e-06	4.241282e-04	-7.807899e+00
6.930000e-06	3.892458e-02	-8.069826e+00
6.940000e-06	-6.255644e-02	-8.341582e+00
6.950000e-06	7.948679e-02	-8.541663e+00
6.960000e-06	-9.781190e-02	-8.807245e+00
6.970000e-06	4.243406e-02	-9.077349e+00
6.980000e-06	-3.936315e-02	-9.258348e+00
6.990000e-06	2.915446e-03	-9.551508e+00
7.000000e-06	3.678112e-03	-9.720580e+00
7.010000e-06	-3.454850e-02	-9.985586e+00
7.020000e-06	4.255695e-02	-1.013317e+01
7.030000e-06	-6.333729e-02	-1.042827e+01
7.040000e-06	3.001925e-02	-1.062474e+01
7.050000e-06	-5.926100e-02	-1.078669e+01
7.060000e-06	3.194857e-02	-1.102532e+01
7.070000e-06	-3.326683e-02	-1.118687e+01
7.080000e-06	5.464357e-03	-1.141888e+01
7.090000e-06	-1.656122e-02	-1.160777e+01
7.100000e-06	-8.927667e-03	-1.186998e+01
7.110000e-06	-6.431611e-03	-1.204780e+01
7.120000e-06	-3.181502e-02	-1.219835e+01
7.130000e-06	3.345855e-03	-1.240632e+01
7.140000e-06	-2.767102e-02	-1.256382e+01
7.150000e-06	1.071839e-02	-1.278262e+01
7.160000e-06	-3.385995e-02	-1.289256e+01
7.170000e-06	4.427769e-03	-1.307935e+01
7.180000e-06	-2.707717e-02	-1.322677e+01
7.190000e-06	-1.475952e-03	-1.336324e+01
7.200000e-06	-2.649858e-02	-1.351003e+01
7.210000e-06	-1.153777e-02	-1.366851e+01
7.220000e-06	-1.421030e-02	-1.376575e+01
7.230000e-06	-1.303968e-02	-1.392459e+01
7.240000e-06	-1.310590e-02	-1.403793e+01
7.250000e-06	-2.197837e-02	-1.412582e+01
7.260000e-06	-1.040675e-02	-1.431103e+01
7.270000e-06	-2.143273e-02	-1.439735e+01
7.280000e-06	-1.293446e-02	-1.451201e+01
7.290000e-06	-2.447032e-02	-1.458740e+01
7.300000e-06	-1.143555e-02	-1.471301e+01
7.310000e-06	-1.920720e-02	-1.474727e+01
7.320000e-06	-1.667687e-02	-1.483943e+01
7.330000e-06	-2.431174e-02	-1.491267e+01
7.340000e-06	-1.883956e-02	-1.498632e+01
7.350000e-06	-1.997383e-02	-1.505043e+01
7.360000e-06	-1.888382e-02	-1.513314e+01
7.370000e-06	-2.299814e-02	-1.515520e+01
7.380000e-06	-2.022336e-02	-1.522990e+01
7.390000e-06	-2.071814e-02	-1.529101e+01
7.400000e-06	-2.288723e-02	-1.530306e+01
7.410000e-06	-2.461249e-02	-1.533412e+01
7.420000e-06	-2.610571e-02	-1.537722e+01
7.430000e-06	-2.092961e-02	-1.539785e+01
7.440000e-06	-2.565132e-02	-1.540735e+01
7.450000e-06	-2.630489e-02	-1.541695e+01
7.460000e-06	-2.994651e-02	-1.541735e+01
7.470000e-06	-2.537581e-02	-1.542892e+01
7.480000e-06	-2.997398e-02	-1.541935e+01
7.490000e-06	-3.105614e-02	-1.542745e+01
7.500000e-06	-3.293032e-02	-1.540427e+01
7.510000e-06	-3.075698e-02	-1.536577e+01
7.520000e-06	-3.251308e-02	-1.533469e+01
7.530000e-06	-3.656994e-02	-1.534051e+01
7.540000e-06	-3.819013e-02	-1.528986e+01
7.550000e-06	-3.758651e-02	-1.519583e+01
7.560000e-06	-3.697532e-02	-1.512574e+01
7.570000e-06	-4.220341e-02	-1.511364e+01
7.580000e-06	-4.459626e-02	-1.505848e+01
7.590000e-06	-4.411168e-02	-1.497527e+01
7.600000e-06	-4.492060e-02	-1.493312e+01
7.610000e-06	-5.030758e-02	-1.481793e+01
7.620000e-06	-5.314435e-02	-1.475364e+01
7.630000e-06	-5.446134e-02	-1.464103e+01
7.640000e-06	-5.422471e-02	-1.457670e+01
7.650000e-06	-6.011078e-02	-1.450096e+01
7.660000e-06	-6.343850e-02	-1.437525e+01
7.670000e-06	-6.437591e-02	-1.425901e+01
7.680000e-06	-6.309609e-02	-1.413372e+01
7.690000e-06	-6.517744e-02	-1.402780e+01
7.700000e-06	-6.703542e-02	-1.388111e+01
7.710000e-06	-6.600962e-02	-1.377409e+01
7.720000e-06	-6.355019e-02	-1.359882e+01
7.730000e-06	-6.256220e-02	-1.347003e+01
7.740000e-06	-6.349700e-02	-1.335216e+01
7.750000e-06	-6.029483e-02	-1.319425e+01
7.760000e-06	-5.497382e-02	-1.308790e+01
7.770000e-06	-5.185782e-02	-1.290193e+01
7.780000e-06	-5.269747e-02	-1.272164e+01
7.790000e-06	-4.888362e-02	-1.256277e+01
7.800000e-06	-4.494528e-02	-1.238627e+01
7.810000e-06	-4.257781e-02	-1.221625e+01
7.820000e-06	-4.360852e-02	-1.204635e+01
7.830000e-06	-4.053853e-02	-1.183693e+01
7.840000e-06	-3.553024e-02	-1.165690e+01
7.850000e-06	-3.314309e-02	-1.141687e+01
7.860000e-06	-3.277946e-02	-1.119720e+01
7.870000e-06	-3.263868e-02	-1.100637e+01
7.880000e-06	-2.838605e-02	-1.081579e+01
7.890000e-06	-2.474217e-02	-1.065572e+01
7.900000e-06	-2.558212e-02	-1.040474e+01
7.910000e-06	-2.594057e-02	-1.016077e+01
7.920000e-06	-2.294548e-02	-9.974109e+00
7.930000e-06	-1.912803e-02	-9.761004e+00
7.940000e-06	-2.018008e-02	-9.551008e+00
7.950000e-06	-2.108832e-02	-9.308930e+00
7.960000e-06	-1.837353e-02	-9.086849e+00
7.970000e-06	-1.580058e-02	-8.865820e+00
7.980000e-06	-1.609989e-02	-8.614719e+00
7.990000e-06	-1.637347e-02	-8.361158e+00
8.000000e-06	-1.501830e-02	-8.125001e+00
8.010000e-06	-1.211728e-02	-7.886376e+00
8.020000e-06	-1.277343e-02	-7.624316e+00
8.030000e-06	-1.351584e-02	-7.369951e+00
8.040000e-06	-1.216197e-02	-7.076900e+00
8.050000e-06	-1.015716e-02	-6.833212e+00
8.060000e-06	-1.094680e-02	-6.560059e+00
8.070000e-06	-1.108435e-02	-6.347901e+00
8.080000e-06	-1.112375e-02	-6.035213e+00
8.090000e-06	-7.738709e-03	-5.792057e+00
8.100000e-06	-8.513748e-03	-5.546374e+00
8.110000e-06	-8.512999e-03	-5.212631e+00
8.120000e-06	-9.649722e-03	-4.873448e+00
8.130000e-06	-6.351339e-03	-4.580534e+00
8.140000e-06	-6.740059e-03	-4.359451e+00
8.150000e-06	-7.662319e-03	-4.085921e+00
8.160000e-06	-9.142146e-03	-3.852112e+00
8.170000e-06	-7.654403e-03	-3.547970e+00
8.180000e-06	-6.723752e-03	-3.305286e+00
8.190000e-06	-4.336941e-03	-2.979080e+00
8.200000e-06	-6.090593e-03	-2.733770e+00
8.210000e-06	-3.917569e-03	-2.463136e+00
8.220000e-06	-4.877378e-03	-2.148425e+00
8.230000e-06	-4.667245e-03	-1.902237e+00
8.240000e-06	-6.866713e-03	-1.589955e+00
8.250000e-06	-6.245980e-03	-1.272657e+00
8.260000e-06	-4.680689e-03	-9.665238e-01
8.270000e-06	-3.477906e-03	-6.842908e-01
8.280000e-06	-2.935435e-03	-3.885213e-01
8.290000e-06	-1.366039e-03	-1.258421e-01
8.300000e-06	8.096827e-03	1.399958e-01
8.310000e-06	3.872210e-03	4.125813e-01
8.320000e-06	4.746867e-04	6.748116e-01
8.330000e-06	-1.668144e-03	9.909484e-01
8.340000e-06	2.230392e-04	1.244710e+00
8.350000e-06	2.834246e-03	1.560895e+00
8.360000e-06	5.050860e-03	1.824629e+00
8.370000e-06	2.751310e-02	2.043735e+00
8.380000e-06	7.522252e-02	2.349947e+00
8.390000e-06	-6.542210e-03	2.718873e+00
8.400000e-06	-6.016343e-02	3.023210e+00
8.410000e-06	-4.294580e-02	3.285663e+00
8.420000e-06	-3.174043e-03	3.561503e+00
8.430000e-06	-3.031318e-02	3.781509e+00
8.440000e-06	-2.536057e-02	3.949448e+00
8.450000e-06	8.356251e-02	4.235258e+00
8.460000e-06	-4.209796e-02	4.530480e+00
8.470000e-06	7.898654e-02	4.781556e+00
8.480000e-06	1.941145e-02	5.121528e+00
8.490000e-06	-7.409320e-02	5.424712e+00
8.500000e-06	4.831172e-02	5.656844e+00
8.510000e-06	-3.819722e-02	5.982583e+00
8.520000e-06	4.320449e-02	6.204184e+00
8.530000e-06	-1.836951e-02	6.490470e+00
8.540000e-06	-2.189597e-03	6.773583e+00
8.550000e-06	5.015003e-02	6.993712e+00
8.560000e-06	-2.062113e-02	7.308401e+00
8.570000e-06	-4.571965e-03	7.602784e+00
8.580000e-06	-2.936271e-02	7.847797e+00
8.590000e-06	5.483688e-02	8.161010e+00
8.600000e-06	6.173635e-03	8.361083e+00
8.610000e-06	-2.252881e-02	8.562186e+00
8.620000e-06	3.071109e-02	8.785163e+00
8.630000e-06	-1.449283e-02	9.065872e+00
8.640000e-06	2.709095e-02	9.299847e+00
8.650000e-06	-2.082979e-02	9.499453e+00
8.660000e-06	1.451987e-02	9.731134e+00
8.670000e-06	7.872133e-03	9.982038e+00
8.680000e-06	2.263935e-02	1.013259e+01
8.690000e-06	3.899152e-03	1.039514e+01
8.700000e-06	-1.634588e-02	1.062672e+01
8.710000e-06	2.184123e-02	1.082629e+01
8.720000e-06	7.863984e-04	1.102684e+01
8.730000e-06	1.520080e-02	1.120727e+01
8.740000e-06	-1.036916e-02	1.140740e+01
8.750000e-06	2.444658e-02	1.166942e+01
8.760000e-06	9.465798e-03	1.184937e+01
8.770000e-06	1.033788e-02	1.201675e+01
8.780000e-06	-5.124574e-03	1.219637e+01
8.790000e-06	7.547235e-03	1.242582e+01
8.800000e-06	1.860018e-02	1.255364e+01
8.810000e-06	6.046344e-03	1.271154e+01
8.820000e-06	8.362593e-03	1.286048e+01
8.830000e-06	6.670372e-03	1.303995e+01
8.840000e-06	2.193144e-02	1.321679e+01
8.850000e-06	4.887440e-03	1.334221e+01
8.860000e-06	6.195793e-03	1.347198e+01
8.870000e-06	4.509171e-03	1.360790e+01
8.880000e-06	1.770901e-02	1.376372e+01
8.890000e-06	1.194050e-02	1.392251e+01
8.900000e-06	7.371318e-03	1.405053e+01
8.910000e-06	1.247001e-02	1.417822e+01
8.920000e-06	1.491666e-02	1.427216e+01
8.930000e-06	1.441125e-02	1.437838e+01
8.940000e-06	5.570792e-03	1.450356e+01
8.950000e-06	1.261785e-02	1.463632e+01
8.960000e-06	1.401688e-02	1.468298e+01
8.970000e-06	1.763088e-02	1.477675e+01
8.980000e-06	1.065045e-02	1.484940e+01
8.990000e-06	1.161794e-02	1.495216e+01
9.000000e-06	1.689986e-02	1.496819e+01
9.010000e-06	1.592989e-02	1.504188e+01
9.020000e-06	1.446737e-02	1.511409e+01
9.030000e-06	1.190859e-02	1.515577e+01
9.040000e-06	1.878541e-02	1.521795e+01
9.050000e-06	1.881305e-02	1.526993e+01
9.060000e-06	1.574128e-02	1.529269e+01
9.070000e-06	1.483575e-02	1.534317e+01
9.080000e-06	1.918176e-02	1.535427e+01
9.090000e-06	2.162798e-02	1.535477e+01
9.100000e-06	2.022147e-02	1.539687e+01
9.110000e-06	1.864684e-02	1.541643e+01
9.120000e-06	2.092435e-02	1.537532e+01
9.130000e-06	2.407348e-02	1.539785e+01
9.140000e-06	2.207127e-02	1.540430e+01
9.150000e-06	2.291099e-02	1.537777e+01
9.160000e-06	2.473038e-02	1.537477e+01
9.170000e-06	2.983810e-02	1.534372e+01
9.180000e-06	2.922976e-02	1.528256e+01
9.190000e-06	2.792253e-02	1.527111e+01
9.200000e-06	3.059207e-02	1.525895e+01
9.210000e-06	3.239859e-02	1.518535e+01
9.220000e-06	3.491456e-02	1.511416e+01
9.230000e-06	3.363293e-02	1.509004e+01
9.240000e-06	3.734467e-02	1.502743e+01
9.250000e-06	3.918299e-02	1.496414e+01
9.260000e-06	4.157141e-02	1.489049e+01
9.270000e-06	4.148673e-02	1.480627e+01
9.280000e-06	4.490565e-02	1.470417e+01
9.290000e-06	4.915614e-02	1.468835e+01
9.300000e-06	5.155101e-02	1.454372e+01
9.310000e-06	5.425096e-02	1.442850e+01
9.320000e-06	5.448772e-02	1.433316e+01
9.330000e-06	5.939238e-02	1.424783e+01
9.340000e-06	5.761085e-02	1.411153e+01
9.350000e-06	5.977167e-02	1.395429e+01
9.360000e-06	5.785914e-02	1.383800e+01
9.370000e-06	5.967005e-02	1.375203e+01
9.380000e-06	5.849101e-02	1.356367e+01
9.390000e-06	5.572823e-02	1.343790e+01
9.400000e-06	5.329038e-02	1.331956e+01
9.410000e-06	5.149362e-02	1.314014e+01
9.420000e-06	4.982002e-02	1.300577e+01
9.430000e-06	4.659483e-02	1.280627e+01
9.440000e-06	4.300388e-02	1.264790e+01
9.450000e-06	4.145422e-02	1.251156e+01
9.460000e-06	3.877911e-02	1.232056e+01
9.470000e-06	3.556299e-02	1.217219e+01
9.480000e-06	3.194449e-02	1.197329e+01
9.490000e-06	2.990445e-02	1.180517e+01
9.500000e-06	2.897093e-02	1.162462e+01
9.510000e-06	2.719441e-02	1.137322e+01
9.520000e-06	2.360875e-02	1.115272e+01
9.530000e-06	2.221230e-02	1.095309e+01
9.540000e-06	2.099049e-02	1.075264e+01
9.550000e-06	1.919896e-02	1.056309e+01
9.560000e-06	1.733314e-02	1.036063e+01
9.570000e-06	1.476929e-02	1.017156e+01
9.580000e-06	1.502849e-02	9.890004e+00
9.590000e-06	1.284625e-02	9.697899e+00
9.600000e-06	1.259622e-02	9.485299e+00
9.610000e-06	9.286658e-03	9.214271e+00
9.620000e-06	9.274460e-03	9.022220e+00
9.630000e-06	8.600151e-03	8.780632e+00
9.640000e-06	8.399508e-03	8.560053e+00
9.650000e-06	5.850496e-03	8.299024e+00
9.660000e-06	5.753245e-03	8.086320e+00
9.670000e-06	5.469027e-03	7.824185e+00
9.680000e-06	5.056494e-03	7.543056e+00
9.690000e-06	4.264879e-03	7.263921e+00
9.700000e-06	3.286710e-03	7.023208e+00
9.710000e-06	2.797362e-03	6.761034e+00
9.720000e-06	1.740142e-03	6.505946e+00
9.730000e-06	2.586792e-03	6.253217e+00
9.740000e-06	8.825708e-04	6.020604e+00
9.750000e-06	8.961765e-04	5.737070e+00
9.760000e-06	9.574640e-04	5.472688e+00
9.770000e-06	-3.153347e-05	5.149504e+00
9.780000e-06	-9.284732e-04	4.843186e+00
9.790000e-06	-8.618794e-04	4.547425e+00
9.800000e-06	-3.205884e-04	4.353796e+00
9.810000e-06	-1.437110e-04	3.971050e+00
9.820000e-06	-2.193666e-03	3.727895e+00
9.830000e-06	-2.795460e-03	3.474761e+00
9.840000e-06	-2.641139e-03	3.169000e+00
9.850000e-06	-2.283151e-03	2.905367e+00
9.860000e-06	-2.895226e-03	2.592228e+00
9.870000e-06	-4.020820e-03	2.338297e+00
9.880000e-06	-2.969972e-03	2.055209e+00
9.890000e-06	-3.754792e-03	1.778554e+00
9.900000e-06	-4.002026e-03	1.514287e+00
9.910000e-06	-4.280344e-03	1.188478e+00
9.920000e-06	-3.530235e-03	8.116031e-01
9.930000e-06	-3.320529e-03	5.874689e-01
9.940000e-06	-4.415861e-03	2.852634e-01
9.950000e-06	-2.885988e-03	1.152375e-02
9.960000e-06	5.172372e-03	-2.636566e-01
9.970000e-06	-1.600474e-04	-5.162878e-01
9.980000e-06	-1.996155e-03	-8.010751e-01
9.990000e-06	-5.664617e-03	-1.053109e+00
1.000000e-05	-1.879402e-03	-1.307843e+00
1.001000e-05	-2.392353e-03	-1.613132e+00
1.002000e-05	1.128022e-02	-1.855284e+00
1.003000e-05	6.739888e-02	-2.083638e+00
1.004000e-05	3.671259e-02	-2.383539e+00
1.005000e-05	-7.956014e-02	-2.770429e+00
1.006000e-05	-3.791198e-02	-3.190951e+00
1.007000e-05	-3.742798e-02	-3.403584e+00
1.008000e-05	-3.900712e-02	-3.625612e+00
1.009000e-05	4.256302e-03	-3.885789e+00
1.010000e-05	9.503405e-02	-4.066167e+00
1.011000e-05	-1.314625e-01	-4.339972e+00
1.012000e-05	1.555723e-01	-4.572629e+00
1.013000e-05	-5.351757e-02	-4.874718e+00
1.014000e-05	-4.240082e-02	-5.202660e+00
1.015000e-05	3.684087e-02	-5.466289e+00
1.016000e-05	-1.366324e-01	-5.780133e+00
1.017000e-05	1.401749e-01	-6.005558e+00
1.018000e-05	-7.745560e-02	-6.256846e+00
1.019000e-05	3.000172e-02	-6.572156e+00
1.020000e-05	2.326321e-02	-6.792588e+00
1.021000e-05	-7.021801e-02	-7.131405e+00
1.022000e-05	5.798690e-02	-7.362564e+00
1.023000e-05	-1.009410e-01	-7.627843e+00
1.024000e-05	6.495530e-02	-7.941505e+00
1.025000e-05	-2.753006e-02	-8.152555e+00
1.026000e-05	-1.588411e-03	-8.405192e+00
1.027000e-05	3.712271e-02	-8.637296e+00
1.028000e-05	-8.959577e-02	-8.900555e+00
1.029000e-05	5.949698e-02	-9.161452e+00
1.030000e-05	-7.480654e-02	-9.344060e+00
1.031000e-05	4.992897e-02	-9.583012e+00
1.032000e-05	-4.708812e-02	-9.784738e+00
1.033000e-05	1.761535e-02	-1.002722e+01
1.034000e-05	-4.416154e-03	-1.021733e+01
1.035000e-05	-3.036083e-02	-1.047840e+01
1.036000e-05	8.390281e-03	-1.070647e+01
1.037000e-05	-4.896660e-02	-1.083188e+01
1.038000e-05	3.296243e-02	-1.102988e+01
1.039000e-05	-4.527504e-02	-1.127150e+01
1.040000e-05	2.346483e-02	-1.149153e+01
1.041000e-05	-3.833140e-02	-1.167211e+01
1.042000e-05	1.229536e-02	-1.194161e+01
1.043000e-05	-3.127659e-02	-1.209151e+01
1.044000e-05	-7.749223e-03	-1.230148e+01
1.045000e-05	-1.604695e-02	-1.242988e+01
1.046000e-05	-1.224705e-02	-1.261835e+01
1.047000e-05	-2.954629e-03	-1.279475e+01
1.048000e-05	-2.381918e-02	-1.296416e+01
1.049000e-05	-7.435640e-04	-1.314048e+01
1.050000e-05	-2.772045e-02	-1.326095e+01
1.051000e-05	7.957908e-04	-1.338525e+01
1.052000e-05	-3.094095e-02	-1.352361e+01
1.053000e-05	-3.141697e-03	-1.371096e+01
1.054000e-05	-2.408499e-02	-1.382133e+01
1.055000e-05	-5.984429e-03	-1.393570e+01
1.056000e-05	-2.110683e-02	-1.403090e+01
1.057000e-05	-1.485680e-02	-1.423633e+01
1.058000e-05	-1.769491e-02	-1.434411e+01
1.059000e-05	-1.720374e-02	-1.444843e+01
1.060000e-05	-1.528251e-02	-1.452416e+01
1.061000e-05	-2.054985e-02	-1.466983e+01
1.062000e-05	-1.366459e-02	-1.470217e+01
1.063000e-05	-1.952720e-02	-1.479827e+01
1.064000e-05	-1.734207e-02	-1.486103e+01
1.065000e-05	-2.326954e-02	-1.494419e+01
1.066000e-05	-1.848144e-02	-1.501590e+01
1.067000e-05	-2.197069e-02	-1.505113e+01
1.068000e-05	-1.878660e-02	-1.512472e+01
1.069000e-05	-2.251195e-02	-1.516935e+01
1.070000e-05	-2.002746e-02	-1.526998e+01
1.071000e-05	-2.305205e-02	-1.529301e+01
1.072000e-05	-2.204166e-02	-1.534367e+01
1.073000e-05	-2.627873e-02	-1.537527e+01
1.074000e-05	-2.411253e-02	-1.534520e+01
1.075000e-05	-2.313085e-02	-1.541682e+01
1.076000e-05	-2.645316e-02	-1.538983e+01
1.077000e-05	-2.677057e-02	-1.542790e+01
1.078000e-05	-2.960355e-02	-1.542896e+01
1.079000e-05	-2.678021e-02	-1.546040e+01
1.080000e-05	-3.046881e-02	-1.541745e+01
1.081000e-05	-3.001781e-02	-1.541780e+01
1.082000e-05	-3.198932e-02	-1.541727e+01
1.083000e-05	-3.152121e-02	-1.538672e+01
1.084000e-05	-3.389969e-02	-1.532212e+01
1.085000e-05	-3.726208e-02	-1.532196e+01
1.086000e-05	-3.716032e-02	-1.525901e+01
1.087000e-05	-3.902221e-02	-1.517785e+01
1.088000e-05	-3.974063e-02	-1.516514e+01
1.089000e-05	-4.174825e-02	-1.508951e+01
1.090000e-05	-4.317812e-02	-1.504883e+01
1.091000e-05	-4.496428e-02	-1.496279e+01
1.092000e-05	-4.783816e-02	-1.488049e+01
1.093000e-05	-5.032087e-02	-1.478843e+01
1.094000e-05	-5.237283e-02	-1.472419e+01
1.095000e-05	-5.545372e-02	-1.464788e+01
1.096000e-05	-5.793985e-02	-1.456524e+01
1.097000e-05	-6.023201e-02	-1.449938e+01
1.098000e-05	-6.257741e-02	-1.432417e+01
1.099000e-05	-6.457747e-02	-1.420583e+01
1.100000e-05	-6.493904e-02	-1.416311e+01
1.101000e-05	-6.568059e-02	-1.398629e+01
1.102000e-05	-6.575217e-02	-1.387838e+01
1.103000e-05	-6.488947e-02	-1.373359e+01
1.104000e-05	-6.394932e-02	-1.359679e+01
1.105000e-05	-6.231017e-02	-1.342840e+01
1.106000e-05	-6.123251e-02	-1.331006e+01
1.107000e-05	-5.880698e-02	-1.313366e+01
1.108000e-05	-5.627843e-02	-1.299577e+01
1.109000e-05	-5.286202e-02	-1.284787e+01
1.110000e-05	-5.056431e-02	-1.268896e+01
1.111000e-05	-4.803518e-02	-1.254154e+01
1.112000e-05	-4.585103e-02	-1.237411e+01
1.113000e-05	-4.276188e-02	-1.217464e+01
1.114000e-05	-4.057185e-02	-1.200632e+01
1.115000e-05	-3.817273e-02	-1.181482e+01
1.116000e-05	-3.622569e-02	-1.158329e+01
1.117000e-05	-3.327981e-02	-1.138367e+01
1.118000e-05	-3.132397e-02	-1.112108e+01
1.119000e-05	-2.978008e-02	-1.094209e+01
1.120000e-05	-2.883206e-02	-1.074005e+01
1.121000e-05	-2.634189e-02	-1.057266e+01
1.122000e-05	-2.484348e-02	-1.036108e+01
1.123000e-05	-2.357880e-02	-1.013854e+01
1.124000e-05	-2.188041e-02	-9.888874e+00
1.125000e-05	-2.084243e-02	-9.679474e+00
1.126000e-05	-1.869801e-02	-9.446349e+00
1.127000e-05	-1.975603e-02	-9.255243e+00
1.128000e-05	-1.777839e-02	-9.032193e+00
1.129000e-05	-1.681089e-02	-8.762088e+00
1.130000e-05	-1.599483e-02	-8.539036e+00
1.131000e-05	-1.526086e-02	-8.317898e+00
1.132000e-05	-1.475554e-02	-8.076769e+00
1.133000e-05	-1.323247e-02	-7.801642e+00
1.134000e-05	-1.211387e-02	-7.517949e+00
1.135000e-05	-1.201517e-02	-7.275815e+00
1.136000e-05	-1.221528e-02	-6.991663e+00
1.137000e-05	-1.115719e-02	-6.738523e+00
1.138000e-05	-9.838503e-03	-6.496424e+00
1.139000e-05	-1.053273e-02	-6.242240e+00
1.140000e-05	-1.090391e-02	-5.950054e+00
1.141000e-05	-8.356994e-03	-5.656371e+00
1.142000e-05	-8.419589e-03	-5.423211e+00
1.143000e-05	-8.465377e-03	-5.138422e+00
1.144000e-05	-9.491960e-03	-4.782634e+00
1.145000e-05	-6.323556e-03	-4.498294e+00
1.146000e-05	-8.393494e-03	-4.304792e+00
1.147000e-05	-6.414021e-03	-4.021588e+00
1.148000e-05	-8.701460e-03	-3.736924e+00
1.149000e-05	-6.280853e-03	-3.454688e+00
1.150000e-05	-7.937681e-03	-3.229058e+00
1.151000e-05	-4.918027e-03	-2.913766e+00
1.152000e-05	-5.569061e-03	-2.599106e+00
1.153000e-05	-3.853057e-03	-2.378996e+00
1.154000e-05	-5.720107e-03	-2.072107e+00
1.155000e-05	-4.653382e-03	-1.788501e+00
1.156000e-05	-6.025503e-03	-1.524191e+00
1.157000e-05	-5.532957e-03	-1.187870e+00
1.158000e-05	-5.762786e-03	-8.831582e-01
1.159000e-05	-3.115682e-03	-6.499488e-01
1.160000e-05	-1.750129e-03	-3.242133e-01
1.161000e-05	1.442109e-03	-6.060395e-02
1.162000e-05	9.077783e-03	2.951827e-01
1.163000e-05	-3.371552e-04	5.093132e-01
1.164000e-05	2.730841e-03	7.498973e-01
1.165000e-05	-4.198316e-03	1.035864e+00
1.166000e-05	2.188971e-03	1.348848e+00
1.167000e-05	3.352881e-04	1.625213e+00
1.168000e-05	1.263948e-02	1.906291e+00
1.169000e-05	4.051876e-02	2.138396e+00
1.170000e-05	7.262459e-02	2.445709e+00
1.171000e-05	-4.788365e-02	2.813656e+00
1.172000e-05	-4.856986e-02	3.097340e+00
1.173000e-05	-3.516911e-02	3.350576e+00
1.174000e-05	1.416617e-03	3.654087e+00
1.175000e-05	-4.992315e-02	3.843158e+00
1.176000e-05	1.073266e-02	4.023683e+00
1.177000e-05	7.384486e-02	4.370551e+00
1.178000e-05	-5.687385e-02	4.613608e+00
1.179000e-05	1.253159e-01	4.869768e+00
1.180000e-05	-6.064281e-02	5.266287e+00
1.181000e-05	-1.600786e-02	5.497368e+00
1.182000e-05	2.401498e-02	5.732084e+00
1.183000e-05	-3.026657e-02	6.077263e+00
1.184000e-05	5.101361e-02	6.296420e+00
1.185000e-05	-4.373609e-02	6.574217e+00
1.186000e-05	3.622948e-02	6.865791e+00
1.187000e-05	1.921829e-02	7.118925e+00
1.188000e-05	-1.452188e-02	7.435135e+00
1.189000e-05	-1.529627e-02	7.678295e+00
1.190000e-05	-6.671523e-03	7.901579e+00
1.191000e-05	5.589557e-02	8.224183e+00
1.192000e-05	-1.899919e-02	8.445713e+00
1.193000e-05	2.350430e-03	8.658267e+00
1.194000e-05	1.764416e-02	8.860425e+00
1.195000e-05	-8.165292e-03	9.140478e+00
1.196000e-05	1.967583e-02	9.321533e+00
1.197000e-05	-2.001189e-02	9.583663e+00
1.198000e-05	2.202147e-02	9.837293e+00
1.199000e-05	6.339952e-03	1.003830e+01
1.200000e-05	2.372901e-02	1.024774e+01
1.201000e-05	-9.358900e-03	1.041798e+01
1.202000e-05	-4.025509e-03	1.067040e+01
1.203000e-05	1.819332e-02	1.089950e+01
1.204000e-05	2.063426e-03	1.108938e+01
1.205000e-05	1.184275e-02	1.126935e+01
1.206000e-05	-4.263598e-03	1.146256e+01
1.207000e-05	2.533612e-02	1.166106e+01
1.208000e-05	5.966593e-03	1.190303e+01
1.209000e-05	7.104132e-03	1.204053e+01
1.210000e-05	-4.387666e-03	1.227888e+01
1.211000e-05	1.270582e-02	1.241638e+01
1.212000e-05	1.466567e-02	1.261687e+01
1.213000e-05	6.371106e-03	1.274669e+01
1.214000e-05	9.497235e-03	1.290108e+01
1.215000e-05	1.043775e-02	1.306148e+01
1.216000e-05	1.759126e-02	1.323890e+01
1.217000e-05	2.821343e-03	1.340571e+01
1.218000e-05	4.774353e-03	1.354109e+01
1.219000e-05	8.948238e-03	1.366040e+01
1.220000e-05	1.708781e-02	1.378535e+01
1.221000e-05	1.057452e-02	1.394669e+01
1.222000e-05	7.199629e-03	1.407946e+01
1.223000e-05	1.398068e-02	1.420895e+01
1.224000e-05	1.415109e-02	1.431429e+01
1.225000e-05	1.151640e-02	1.442895e+01
1.226000e-05	7.384325e-03	1.454414e+01
1.227000e-05	1.365894e-02	1.463840e+01
1.228000e-05	1.654688e-02	1.473303e+01
1.229000e-05	1.378264e-02	1.481679e+01
1.230000e-05	1.139167e-02	1.488098e+01
1.231000e-05	1.199302e-02	1.494176e+01
1.232000e-05	1.758982e-02	1.497885e+01
1.233000e-05	1.335541e-02	1.506101e+01
1.234000e-05	1.366564e-02	1.509359e+01
1.235000e-05	1.482174e-02	1.516575e+01
1.236000e-05	2.036242e-02	1.520790e+01
1.237000e-05	1.839523e-02	1.526148e+01
1.238000e-05	1.415977e-02	1.530218e+01
1.239000e-05	1.689121e-02	1.535269e+01
1.240000e-05	2.001946e-02	1.534435e+01
1.241000e-05	2.091690e-02	1.539530e+01
1.242000e-05	1.761965e-02	1.540527e+01
1.243000e-05	2.046597e-02	1.539633e+01
1.244000e-05	2.282317e-02	1.539782e+01
1.245000e-05	2.358257e-02	1.540832e+01
1.246000e-05	2.158838e-02	1.538635e+01
1.247000e-05	2.408097e-02	1.539580e+01
1.248000e-05	2.851773e-02	1.538474e+01
1.249000e-05	2.871946e-02	1.535374e+01
1.250000e-05	2.768914e-02	1.532114e+01
1.251000e-05	2.785771e-02	1.528106e+01
1.252000e-05	3.215539e-02	1.520845e+01
1.253000e-05	3.278125e-02	1.514674e+01
1.254000e-05	3.384866e-02	1.511324e+01
1.255000e-05	3.398104e-02	1.506103e+01
1.256000e-05	3.821430e-02	1.502842e+01
1.257000e-05	4.025570e-02	1.492416e+01
1.258000e-05	4.078101e-02	1.485038e+01
1.259000e-05	4.271500e-02	1.479627e+01
1.260000e-05	4.626018e-02	1.471963e+01
1.261000e-05	5.129119e-02	1.461630e+01
1.262000e-05	5.228363e-02	1.452111e+01
1.263000e-05	5.368639e-02	1.439732e+01
1.264000e-05	5.651742e-02	1.429063e+01
1.265000e-05	5.972458e-02	1.420630e+01
1.266000e-05	5.900226e-02	1.406896e+01
1.267000e-05	5.805636e-02	1.392311e+01
1.268000e-05	5.804424e-02	1.380584e+01
1.269000e-05	5.984455e-02	1.372051e+01
1.270000e-05	5.740765e-02	1.350259e+01
1.271000e-05	5.520203e-02	1.336287e+01
1.272000e-05	5.248853e-02	1.323688e+01
1.273000e-05	5.175299e-02	1.306003e+01
1.274000e-05	4.762433e-02	1.296061e+01
1.275000e-05	4.523708e-02	1.281516e+01
1.276000e-05	4.192999e-02	1.264580e+01
1.277000e-05	4.032822e-02	1.247782e+01
1.278000e-05	3.635308e-02	1.226955e+01
1.279000e-05	3.497710e-02	1.214056e+01
1.280000e-05	3.157856e-02	1.193106e+01
1.281000e-05	3.011780e-02	1.176056e+01
1.282000e-05	2.773188e-02	1.151061e+01
1.283000e-05	2.503134e-02	1.133906e+01
1.284000e-05	2.349711e-02	1.108950e+01
1.285000e-05	2.209178e-02	1.091058e+01
1.286000e-05	2.017399e-02	1.071058e+01
1.287000e-05	1.697124e-02	1.051900e+01
1.288000e-05	1.650414e-02	1.033638e+01
1.289000e-05	1.553674e-02	1.009540e+01
1.290000e-05	1.458399e-02	9.803895e+00
1.291000e-05	1.152907e-02	9.582792e+00
1.292000e-05	1.145215e-02	9.384186e+00
1.293000e-05	1.071819e-02	9.150507e+00
1.294000e-05	1.034208e-02	8.930030e+00
1.295000e-05	7.316072e-03	8.707849e+00
1.296000e-05	6.539210e-03	8.455872e+00
1.297000e-05	6.265755e-03	8.232695e+00
1.298000e-05	6.351475e-03	7.961658e+00
1.299000e-05	5.202884e-03	7.749530e+00
1.300000e-05	3.292219e-03	7.494371e+00
1.301000e-05	4.504919e-03	7.232609e+00
1.302000e-05	3.320328e-03	6.940925e+00
1.303000e-05	2.493587e-03	6.726823e+00
1.304000e-05	8.634673e-04	6.423587e+00
1.305000e-05	2.096636e-03	6.190082e+00
1.306000e-05	1.740711e-03	5.937895e+00
1.307000e-05	-1.024686e-04	5.684214e+00
1.308000e-05	-6.714366e-04	5.368055e+00
1.309000e-05	3.971618e-04	5.054314e+00
1.310000e-05	5.021928e-04	4.737399e+00
1.311000e-05	-1.845136e-03	4.475866e+00
1.312000e-05	-1.454384e-03	4.210102e+00
1.313000e-05	-1.014608e-03	3.915843e+00
1.314000e-05	-1.491057e-03	3.663107e+00
1.315000e-05	-2.751752e-03	3.368478e+00
1.316000e-05	-3.143142e-03	3.085740e+00
1.317000e-05	-2.521308e-03	2.811655e+00
1.318000e-05	-3.062725e-03	2.566368e+00
1.319000e-05	-3.004956e-03	2.204634e+00
1.320000e-05	-4.564749e-03	1.978544e+00
1.321000e-05	-3.551865e-03	1.753710e+00
1.322000e-05	-2.818045e-03	1.427999e+00
1.323000e-05	-4.651290e-03	1.131685e+00
1.324000e-05	-5.070319e-03	7.578949e-01
1.325000e-05	-3.868583e-03	4.936884e-01
1.326000e-05	-2.052338e-03	2.299530e-01
1.327000e-05	-1.366797e-03	-7.425673e-02
1.328000e-05	5.878704e-03	-3.469196e-01
1.329000e-05	-4.138089e-03	-5.815774e-01
1.330000e-05	3.043518e-04	-8.542103e-01
1.331000e-05	-6.980097e-03	-1.126867e+00
1.332000e-05	-1.970605e-03	-1.444684e+00
1.333000e-05	-2.551942e-03	-1.685791e+00
1.334000e-05	2.559180e-02	-1.888367e+00
1.335000e-05	8.563763e-02	-2.120500e+00
1.336000e-05	-2.197989e-02	-2.488924e+00
1.337000e-05	-6.406454e-02	-2.878272e+00
1.338000e-05	-4.035215e-02	-3.255635e+00
1.339000e-05	-2.527975e-02	-3.466291e+00
1.340000e-05	-5.498746e-02	-3.688846e+00
1.341000e-05	7.002976e-02	-3.929473e+00
1.342000e-05	1.282995e-02	-4.109973e+00
1.343000e-05	-7.875897e-02	-4.413137e+00
1.344000e-05	1.627303e-01	-4.616186e+00
1.345000e-05	-1.355843e-01	-4.982081e+00
1.346000e-05	5.243085e-02	-5.228849e+00
1.347000e-05	-5.754807e-02	-5.541002e+00
1.348000e-05	-5.318553e-02	-5.846722e+00
1.349000e-05	1.146973e-01	-6.087925e+00
1.350000e-05	-1.094815e-01	-6.394108e+00
1.351000e-05	9.204481e-02	-6.594114e+00
1.352000e-05	-5.116891e-02	-6.890401e+00
1.353000e-05	-7.570860e-03	-7.206193e+00
1.354000e-05	1.043378e-02	-7.445321e+00
1.355000e-05	-7.968264e-02	-7.753133e+00
1.356000e-05	8.361760e-02	-7.964160e+00
1.357000e-05	-7.653959e-02	-8.246842e+00
1.358000e-05	6.101493e-02	-8.449352e+00
1.359000e-05	-3.515037e-02	-8.741559e+00
1.360000e-05	-3.077017e-02	-8.984188e+00
1.361000e-05	2.714701e-02	-9.195138e+00
1.362000e-05	-6.046143e-02	-9.456351e+00
1.363000e-05	5.248189e-02	-9.678871e+00
1.364000e-05	-6.697428e-02	-9.877950e+00
1.365000e-05	5.339694e-02	-1.006051e+01
1.366000e-05	-5.002559e-02	-1.032298e+01
1.367000e-05	1.166051e-02	-1.055256e+01
1.368000e-05	-2.952142e-02	-1.073156e+01
1.369000e-05	-1.208918e-02	-1.089158e+01
1.370000e-05	5.952419e-03	-1.112416e+01
1.371000e-05	-3.006918e-02	-1.135427e+01
1.372000e-05	1.633177e-02	-1.155667e+01
1.373000e-05	-3.549905e-02	-1.176569e+01
1.374000e-05	1.543386e-02	-1.199565e+01
1.375000e-05	-4.296694e-02	-1.214471e+01
1.376000e-05	8.596161e-03	-1.234417e+01
1.377000e-05	-3.091897e-02	-1.249216e+01
1.378000e-05	5.644474e-03	-1.268149e+01
1.379000e-05	-2.201033e-02	-1.283782e+01
1.380000e-05	-7.740491e-03	-1.302677e+01
1.381000e-05	-1.390692e-02	-1.312449e+01
1.382000e-05	-1.699611e-02	-1.328107e+01
1.383000e-05	-1.006549e-02	-1.341743e+01
1.384000e-05	-2.547468e-02	-1.359682e+01
1.385000e-05	-3.197999e-03	-1.374399e+01
1.386000e-05	-2.329353e-02	-1.385048e+01
1.387000e-05	-4.898354e-03	-1.399525e+01
1.388000e-05	-2.573047e-02	-1.408264e+01
1.389000e-05	-9.329612e-03	-1.423836e+01
1.390000e-05	-2.240047e-02	-1.435569e+01
1.391000e-05	-1.371550e-02	-1.450146e+01
1.392000e-05	-2.082754e-02	-1.455522e+01
1.393000e-05	-1.510777e-02	-1.470096e+01
1.394000e-05	-1.575376e-02	-1.473362e+01
1.395000e-05	-1.924561e-02	-1.480983e+01
1.396000e-05	-1.902376e-02	-1.491209e+01
1.397000e-05	-2.085796e-02	-1.495427e+01
1.398000e-05	-1.932552e-02	-1.504993e+01
1.399000e-05	-2.097128e-02	-1.506211e+01
1.400000e-05	-1.994600e-02	-1.519470e+01
1.401000e-05	-2.123198e-02	-1.519833e+01
1.402000e-05	-1.929403e-02	-1.527003e+01
1.403000e-05	-2.480327e-02	-1.532254e+01
1.404000e-05	-2.224193e-02	-1.538519e+01
1.405000e-05	-2.618843e-02	-1.537669e+01
1.406000e-05	-2.151826e-02	-1.539685e+01
1.407000e-05	-2.612518e-02	-1.540743e+01
1.408000e-05	-2.574728e-02	-1.542730e+01
1.409000e-05	-2.686397e-02	-1.541788e+01
1.410000e-05	-2.811327e-02	-1.545790e+01
1.411000e-05	-2.944354e-02	-1.539890e+01
1.412000e-05	-3.133496e-02	-1.541835e+01
1.413000e-05	-2.997721e-02	-1.539738e+01
1.414000e-05	-3.211682e-02	-1.538772e+01
1.415000e-05	-3.362967e-02	-1.532572e+01
1.416000e-05	-3.571769e-02	-1.533319e+01
1.417000e-05	-3.665173e-02	-1.529044e+01
1.418000e-05	-3.704542e-02	-1.526041e+01
1.419000e-05	-4.007434e-02	-1.516572e+01
1.420000e-05	-4.066326e-02	-1.511416e+01
1.421000e-05	-4.231516e-02	-1.505159e+01
1.422000e-05	-4.370876e-02	-1.499633e+01
1.423000e-05	-4.595650e-02	-1.494314e+01
1.424000e-05	-4.964100e-02	-1.489058e+01
1.425000e-05	-5.088795e-02	-1.477577e+01
1.426000e-05	-5.327929e-02	-1.468161e+01
1.427000e-05	-5.551480e-02	-1.465688e+01
1.428000e-05	-5.903109e-02	-1.453359e+01
1.429000e-05	-6.066255e-02	-1.440785e+01
1.430000e-05	-6.283372e-02	-1.429956e+01
1.431000e-05	-6.476109e-02	-1.420582e+01
1.432000e-05	-6.613069e-02	-1.403996e+01
1.433000e-05	-6.633571e-02	-1.391419e+01
1.434000e-05	-6.497809e-02	-1.381590e+01
1.435000e-05	-6.461293e-02	-1.367201e+01
1.436000e-05	-6.472498e-02	-1.347317e+01
1.437000e-05	-6.294626e-02	-1.340582e+01
1.438000e-05	-5.993172e-02	-1.328795e+01
1.439000e-05	-5.722535e-02	-1.310103e+01
1.440000e-05	-5.594285e-02	-1.298359e+01
1.441000e-05	-5.303482e-02	-1.279677e+01
1.442000e-05	-4.896589e-02	-1.264690e+01
1.443000e-05	-4.583342e-02	-1.245843e+01
1.444000e-05	-4.511996e-02	-1.229054e+01
1.445000e-05	-4.339959e-02	-1.215353e+01
1.446000e-05	-3.909866e-02	-1.193256e+01
1.447000e-05	-3.742119e-02	-1.176059e+01
1.448000e-05	-3.590860e-02	-1.149006e+01
1.449000e-05	-3.419250e-02	-1.129103e+01
1.450000e-05	-3.090215e-02	-1.103595e+01
1.451000e-05	-2.796109e-02	-1.088890e+01
1.452000e-05	-2.870728e-02	-1.070945e+01
1.453000e-05	-2.660913e-02	-1.052045e+01
1.454000e-05	-2.433101e-02	-1.025742e+01
1.455000e-05	-2.213179e-02	-1.004482e+01
1.456000e-05	-2.198029e-02	-9.867742e+00
1.457000e-05	-2.200821e-02	-9.653245e+00
1.458000e-05	-1.885619e-02	-9.395615e+00
1.459000e-05	-1.737824e-02	-9.162605e+00
1.460000e-05	-1.760748e-02	-8.950550e+00
1.461000e-05	-1.775008e-02	-8.689951e+00
1.462000e-05	-1.591782e-02	-8.435820e+00
1.463000e-05	-1.305472e-02	-8.244093e+00
1.464000e-05	-1.313907e-02	-7.961714e+00
1.465000e-05	-1.454626e-02	-7.708953e+00
1.466000e-05	-1.267751e-02	-7.446191e+00
1.467000e-05	-1.117760e-02	-7.201588e+00
1.468000e-05	-1.109714e-02	-6.936953e+00
1.469000e-05	-1.283793e-02	-6.666269e+00
1.470000e-05	-1.170767e-02	-6.434186e+00
1.471000e-05	-8.216163e-03	-6.179478e+00
1.472000e-05	-8.933452e-03	-5.888321e+00
1.473000e-05	-9.213359e-03	-5.611212e+00
1.474000e-05	-9.315080e-03	-5.328453e+00
1.475000e-05	-7.045759e-03	-5.002632e+00
1.476000e-05	-6.257927e-03	-4.695792e+00
1.477000e-05	-8.068922e-03	-4.443162e+00
1.478000e-05	-9.292330e-03	-4.232133e+00
1.479000e-05	-7.106279e-03	-3.928902e+00
1.480000e-05	-6.762463e-03	-3.663086e+00
1.481000e-05	-7.065896e-03	-3.390602e+00
1.482000e-05	-7.969954e-03	-3.115950e+00
1.483000e-05	-4.600238e-03	-2.791556e+00
1.484000e-05	-4.505756e-03	-2.537923e+00
1.485000e-05	-4.714703e-03	-2.282637e+00
1.486000e-05	-6.467901e-03	-1.957973e+00
1.487000e-05	-5.461194e-03	-1.715688e+00
1.488000e-05	-5.986634e-03	-1.400957e+00
1.489000e-05	-4.630100e-03	-1.054709e+00
1.490000e-05	-5.999432e-03	-7.789753e-01
1.491000e-05	-4.527801e-03	-5.236582e-01
1.492000e-05	-1.673854e-03	-2.295541e-01
1.493000e-05	5.002353e-03	5.313010e-02
1.494000e-05	7.437358e-03	3.583971e-01
1.495000e-05	-2.368152e-03	5.709787e-01
1.496000e-05	2.530380e-03	8.246618e-01
1.497000e-05	-1.258035e-03	1.179879e+00
1.498000e-05	2.912129e-03	1.404655e+00
1.499000e-05	-9.815838e-04	1.788395e+00
1.500000e-05	1.884699e-02	1.999454e+00
1.501000e-05	5.915307e-02	2.225707e+00
1.502000e-05	4.455054e-02	2.551551e+00
1.503000e-05	-6.855839e-02	2.898417e+00
1.504000e-05	-4.462059e-02	3.171479e+00
1.505000e-05	-1.913438e-02	3.434739e+00
1.506000e-05	-5.377777e-03	3.696817e+00
1.507000e-05	-5.070917e-02	3.926341e+00
1.508000e-05	5.163406e-02	4.090796e+00
1.509000e-05	2.662623e-02	4.455287e+00
1.510000e-05	-1.280040e-02	4.686817e+00
1.511000e-05	1.073946e-01	4.992959e+00
1.512000e-05	-1.003207e-01	5.371500e+00
1.513000e-05	3.452418e-02	5.593135e+00
1.514000e-05	-1.139872e-02	5.867838e+00
1.515000e-05	2.510736e-03	6.130451e+00
1.516000e-05	2.745620e-02	6.364558e+00
1.517000e-05	-3.865907e-02	6.688897e+00
1.518000e-05	6.133283e-02	6.920400e+00
1.519000e-05	-9.488548e-03	7.164693e+00
1.520000e-05	-5.448257e-03	7.440450e+00
1.521000e-05	-2.840091e-02	7.753055e+00
1.522000e-05	2.699401e-02	8.029337e+00
1.523000e-05	3.710796e-02	8.286848e+00
1.524000e-05	-3.265967e-02	8.488875e+00
1.525000e-05	2.460444e-02	8.732104e+00
1.526000e-05	2.690598e-04	8.929559e+00
1.527000e-05	1.140504e-02	9.214737e+00
1.528000e-05	-1.243619e-03	9.425190e+00
1.529000e-05	-5.480491e-03	9.618270e+00
1.530000e-05	1.888957e-02	9.878928e+00
1.531000e-05	1.259521e-02	1.012040e+01
1.532000e-05	1.749542e-02	1.028151e+01
1.533000e-05	-1.830649e-02	1.050154e+01
1.534000e-05	1.327698e-02	1.076358e+01
1.535000e-05	1.023087e-02	1.095108e+01
1.536000e-05	8.825528e-03	1.113407e+01
1.537000e-05	-1.103947e-03	1.133209e+01
1.538000e-05	1.024434e-02	1.156527e+01
1.539000e-05	2.096040e-02	1.178569e+01
1.540000e-05	7.867983e-03	1.196466e+01
1.541000e-05	-1.847992e-04	1.212261e+01
1.542000e-05	1.069170e-03	1.231259e+01
1.543000e-05	1.802079e-02	1.249053e+01
1.544000e-05	9.416842e-03	1.261787e+01
1.545000e-05	6.579653e-03	1.279725e+01
1.546000e-05	6.484753e-03	1.295330e+01
1.547000e-05	1.880992e-02	1.311411e+01
1.548000e-05	1.148701e-02	1.325045e+01
1.549000e-05	3.664708e-03	1.344732e+01
1.550000e-05	3.727651e-03	1.356724e+01
1.551000e-05	1.602495e-02	1.368261e+01
1.552000e-05	1.504703e-02	1.379890e+01
1.553000e-05	7.761876e-03	1.401775e+01
1.554000e-05	9.650385e-03	1.413364e+01
1.555000e-05	1.478193e-02	1.425048e+01
1.556000e-05	1.517176e-02	1.436579e+01
1.557000e-05	7.141905e-03	1.449948e+01
1.558000e-05	1.085453e-02	1.457621e+01
1.559000e-05	1.387488e-02	1.469895e+01
1.560000e-05	1.857038e-02	1.478271e+01
1.561000e-05	1.064325e-02	1.484785e+01
1.562000e-05	1.140546e-02	1.487903e+01
1.563000e-05	1.437641e-02	1.495569e+01
1.564000e-05	1.771421e-02	1.503678e+01
1.565000e-05	1.304671e-02	1.509254e+01
1.566000e-05	1.248796e-02	1.513419e+01
1.567000e-05	1.803966e-02	1.517722e+01
1.568000e-05	1.935480e-02	1.521998e+01
1.569000e-05	1.677206e-02	1.526059e+01
1.570000e-05	1.350351e-02	1.533321e+01
1.571000e-05	1.993844e-02	1.534229e+01
1.572000e-05	2.169104e-02	1.535525e+01
1.573000e-05	2.038221e-02	1.535587e+01
1.574000e-05	1.743473e-02	1.540540e+01
1.575000e-05	2.192581e-02	1.542637e+01
1.576000e-05	2.400870e-02	1.540682e+01
1.577000e-05	2.290263e-02	1.538635e+01
1.578000e-05	2.160993e-02	1.538532e+01
1.579000e-05	2.447883e-02	1.538587e+01
1.580000e-05	3.164054e-02	1.534427e+01
1.581000e-05	2.809167e-02	1.533271e+01
1.582000e-05	2.728200e-02	1.531111e+01
1.583000e-05	2.849794e-02	1.522946e+01
1.584000e-05	3.404168e-02	1.515585e+01
1.585000e-05	3.394716e-02	1.513512e+01
1.586000e-05	3.218997e-02	1.509059e+01
1.587000e-05	3.567006e-02	1.505903e+01
1.588000e-05	4.023529e-02	1.498370e+01
1.589000e-05	4.144534e-02	1.491208e+01
1.590000e-05	4.056392e-02	1.483885e+01
1.591000e-05	4.257293e-02	1.476261e+01
1.592000e-05	4.951320e-02	1.464993e+01
1.593000e-05	5.263364e-02	1.460484e+01
1.594000e-05	5.240993e-02	1.444998e+01
1.595000e-05	5.394508e-02	1.433577e+01
1.596000e-05	5.853311e-02	1.430905e+01
1.597000e-05	5.882494e-02	1.416516e+01
1.598000e-05	5.796724e-02	1.407982e+01
1.599000e-05	5.765755e-02	1.387959e+01
1.600000e-05	6.046328e-02	1.378517e+01
1.601000e-05	5.934197e-02	1.357695e+01
1.602000e-05	5.678883e-02	1.347096e+01
1.603000e-05	5.095983e-02	1.335314e+01
1.604000e-05	5.375876e-02	1.318572e+01
1.605000e-05	5.104851e-02	1.304690e+01
1.606000e-05	4.862633e-02	1.286748e+01
1.607000e-05	4.315047e-02	1.273106e+01
1.608000e-05	4.405743e-02	1.261461e+01
1.609000e-05	4.019460e-02	1.240677e+01
1.610000e-05	3.509093e-02	1.223785e+01
1.611000e-05	2.971850e-02	1.204738e+01
1.612000e-05	2.996284e-02	1.185793e+01
1.613000e-05	2.924186e-02	1.167645e+01
1.614000e-05	2.886230e-02	1.146543e+01
1.615000e-05	2.467201e-02	1.120637e+01
1.616000e-05	2.401649e-02	1.105642e+01
1.617000e-05	2.302221e-02	1.089587e+01
1.618000e-05	1.920128e-02	1.069592e+01
1.619000e-05	1.555827e-02	1.045479e+01
1.620000e-05	1.373656e-02	1.020529e+01
1.621000e-05	1.540986e-02	1.001174e+01
1.622000e-05	1.408996e-02	9.772612e+00
1.623000e-05	1.228059e-02	9.581956e+00
1.624000e-05	1.058642e-02	9.328000e+00
1.625000e-05	1.208482e-02	9.078454e+00
1.626000e-05	1.021973e-02	8.844272e+00
1.627000e-05	7.145192e-03	8.595117e+00
1.628000e-05	4.943157e-03	8.431713e+00
1.629000e-05	6.221091e-03	8.150108e+00
1.630000e-05	5.334025e-03	7.917922e+00
1.631000e-05	4.311776e-03	7.634320e+00
1.632000e-05	3.615126e-03	7.350609e+00
1.633000e-05	3.634513e-03	7.119949e+00
1.634000e-05	5.258173e-03	6.875391e+00
1.635000e-05	2.645522e-03	6.601657e+00
1.636000e-05	2.583441e-04	6.349045e+00
1.637000e-05	1.548150e-03	6.075792e+00
1.638000e-05	-6.958500e-04	5.843213e+00
1.639000e-05	2.275631e-03	5.530028e+00
1.640000e-05	-2.045912e-03	5.304320e+00
1.641000e-05	2.265213e-03	4.938929e+00
1.642000e-05	1.284463e-04	4.632661e+00
1.643000e-05	1.501961e-03	4.400628e+00
1.644000e-05	-3.357900e-03	4.086895e+00
1.645000e-05	-1.376504e-03	3.822107e+00
1.646000e-05	-3.853973e-03	3.578949e+00
1.647000e-05	-1.666690e-03	3.283661e+00
1.648000e-05	-4.835673e-03	3.000555e+00
1.649000e-05	-2.342253e-03	2.717450e+00
1.650000e-05	-1.432994e-03	2.441582e+00
1.651000e-05	-1.155105e-03	2.178421e+00
1.652000e-05	-2.847843e-03	1.895338e+00
1.653000e-05	-5.611778e-03	1.619975e+00
1.654000e-05	-4.151457e-03	1.324337e+00
1.655000e-05	-4.818840e-03	1.017874e+00
1.656000e-05	-4.709056e-03	6.526857e-01
1.657000e-05	-5.542366e-03	4.191228e-01
1.658000e-05	-1.584409e-03	1.162857e-01
1.659000e-05	2.094211e-03	-1.588959e-01
1.660000e-05	5.307953e-03	-3.814787e-01
1.661000e-05	-5.840514e-03	-6.857628e-01
1.662000e-05	-2.300706e-03	-9.298483e-01
1.663000e-05	-4.940340e-03	-1.233130e+00
1.664000e-05	-1.495889e-03	-1.548421e+00
1.665000e-05	1.750540e-04	-1.779476e+00
1.666000e-05	4.161607e-02	-1.990529e+00
1.667000e-05	8.284548e-02	-2.274742e+00
1.668000e-05	-6.631530e-02	-2.634210e+00
1.669000e-05	-4.639367e-02	-3.015234e+00
1.670000e-05	-4.501260e-02	-3.308848e+00
1.671000e-05	-2.230672e-02	-3.529004e+00
1.672000e-05	-4.707376e-02	-3.771031e+00
1.673000e-05	1.156894e-01	-4.012529e+00
1.674000e-05	-8.374754e-02	-4.256661e+00
1.675000e-05	3.359948e-02	-4.518446e+00
1.676000e-05	8.973325e-02	-4.719421e+00
1.677000e-05	-1.370279e-01	-5.067322e+00
1.678000e-05	9.201012e-02	-5.342560e+00
1.679000e-05	-1.346424e-01	-5.676269e+00
1.680000e-05	6.191202e-02	-5.949901e+00
1.681000e-05	2.914239e-02	-6.140980e+00
1.682000e-05	-7.023514e-02	-6.487850e+00
1.683000e-05	9.324794e-02	-6.708875e+00
1.684000e-05	-9.307120e-02	-6.983664e+00
1.685000e-05	4.721506e-02	-7.310451e+00
1.686000e-05	-5.549941e-02	-7.550109e+00
1.687000e-05	-1.399310e-02	-7.808774e+00
1.688000e-05	4.995479e-02	-8.108848e+00
1.689000e-05	-6.995722e-02	-8.321484e+00
1.690000e-05	8.212257e-02	-8.541104e+00
1.691000e-05	-9.133779e-02	-8.836813e+00
1.692000e-05	3.233642e-02	-9.027898e+00
1.693000e-05	-2.858274e-02	-9.276698e+00
1.694000e-05	-1.066917e-02	-9.491956e+00
1.695000e-05	1.380589e-02	-9.701031e+00
1.696000e-05	-4.459562e-02	-9.923115e+00
1.697000e-05	5.137300e-02	-1.014364e+01
1.698000e-05	-6.380556e-02	-1.039677e+01
1.699000e-05	3.237338e-02	-1.061424e+01
1.700000e-05	-5.890951e-02	-1.077614e+01
1.701000e-05	2.660519e-02	-1.097827e+01
1.702000e-05	-2.935880e-02	-1.121725e+01
1.703000e-05	-1.834837e-03	-1.141783e+01
1.704000e-05	-1.224913e-02	-1.162887e+01
1.705000e-05	-1.356930e-02	-1.181993e+01
1.706000e-05	1.108571e-03	-1.205882e+01
1.707000e-05	-3.378080e-02	-1.221627e+01
1.708000e-05	7.038823e-03	-1.238477e+01
1.709000e-05	-3.024306e-02	-1.255432e+01
1.710000e-05	1.167882e-02	-1.272319e+01
1.711000e-05	-3.315792e-02	-1.286149e+01
1.712000e-05	2.759973e-03	-1.301840e+01
1.713000e-05	-2.698355e-02	-1.316772e+01
1.714000e-05	-2.304980e-03	-1.335424e+01
1.715000e-05	-2.348787e-02	-1.348103e+01
1.716000e-05	-1.315252e-02	-1.363848e+01
1.717000e-05	-1.211972e-02	-1.376619e+01
1.718000e-05	-1.368164e-02	-1.388417e+01
1.719000e-05	-1.078476e-02	-1.399948e+01
1.720000e-05	-2.454231e-02	-1.414677e+01
1.721000e-05	-1.056578e-02	-1.427103e+01
1.722000e-05	-2.303985e-02	-1.442783e+01
1.723000e-05	-1.176253e-02	-1.453204e+01
1.724000e-05	-2.405262e-02	-1.457635e+01
1.725000e-05	-1.125598e-02	-1.467203e+01
1.726000e-05	-1.874554e-02	-1.471717e+01
1.727000e-05	-1.571607e-02	-1.483953e+01
1.728000e-05	-2.275545e-02	-1.490374e+01
1.729000e-05	-1.911502e-02	-1.499580e+01
1.730000e-05	-2.055333e-02	-1.503839e+01
1.731000e-05	-2.020478e-02	-1.511369e+01
1.732000e-05	-2.278593e-02	-1.520580e+01
1.733000e-05	-2.069739e-02	-1.524040e+01
1.734000e-05	-1.960718e-02	-1.531053e+01
1.735000e-05	-2.288459e-02	-1.530411e+01
1.736000e-05	-2.359904e-02	-1.536527e+01
1.737000e-05	-2.660072e-02	-1.536565e+01
1.738000e-05	-2.181435e-02	-1.537685e+01
1.739000e-05	-2.743755e-02	-1.543635e+01
1.740000e-05	-2.564360e-02	-1.540895e+01
1.741000e-05	-2.938357e-02	-1.544890e+01
1.742000e-05	-2.742949e-02	-1.543940e+01
1.743000e-05	-2.958403e-02	-1.543895e+01
1.744000e-05	-3.053731e-02	-1.543635e+01
1.745000e-05	-3.252819e-02	-1.540630e+01
1.746000e-05	-3.272498e-02	-1.539572e+01
1.747000e-05	-3.384152e-02	-1.537477e+01
1.748000e-05	-3.663323e-02	-1.534359e+01
1.749000e-05	-3.711077e-02	-1.527148e+01
1.750000e-05	-3.853087e-02	-1.521837e+01
1.751000e-05	-3.851441e-02	-1.516627e+01
1.752000e-05	-4.193532e-02	-1.509311e+01
1.753000e-05	-4.386773e-02	-1.506943e+01
1.754000e-05	-4.551239e-02	-1.498629e+01
1.755000e-05	-4.560869e-02	-1.492059e+01
1.756000e-05	-4.897442e-02	-1.485893e+01
1.757000e-05	-5.250809e-02	-1.472564e+01
1.758000e-05	-5.496839e-02	-1.468008e+01
1.759000e-05	-5.532645e-02	-1.460782e+01
1.760000e-05	-5.884354e-02	-1.451154e+01
1.761000e-05	-6.248950e-02	-1.436623e+01
1.762000e-05	-6.449558e-02	-1.425056e+01
1.763000e-05	-6.417261e-02	-1.413377e+01
1.764000e-05	-6.438140e-02	-1.402893e+01
1.765000e-05	-6.662104e-02	-1.390111e+01
1.766000e-05	-6.598732e-02	-1.377622e+01
1.767000e-05	-6.456151e-02	-1.363883e+01
1.768000e-05	-6.209310e-02	-1.346004e+01
1.769000e-05	-6.195224e-02	-1.337319e+01
1.770000e-05	-6.143789e-02	-1.320625e+01
1.771000e-05	-5.690167e-02	-1.302737e+01
1.772000e-05	-5.308700e-02	-1.294056e+01
1.773000e-05	-5.043643e-02	-1.276314e+01
1.774000e-05	-5.069061e-02	-1.257574e+01
1.775000e-05	-4.600632e-02	-1.241578e+01
1.776000e-05	-4.290666e-02	-1.226837e+01
1.777000e-05	-3.976502e-02	-1.203945e+01
1.778000e-05	-4.082454e-02	-1.183848e+01
1.779000e-05	-3.722377e-02	-1.166693e+01
1.780000e-05	-3.418734e-02	-1.143832e+01
1.781000e-05	-3.137117e-02	-1.119684e+01
1.782000e-05	-3.147570e-02	-1.106482e+01
1.783000e-05	-2.866756e-02	-1.083627e+01
1.784000e-05	-2.716956e-02	-1.066437e+01
1.785000e-05	-2.516265e-02	-1.046374e+01
1.786000e-05	-2.458125e-02	-1.019369e+01
1.787000e-05	-2.300578e-02	-9.962714e+00
1.788000e-05	-2.093711e-02	-9.762114e+00
1.789000e-05	-1.989916e-02	-9.551686e+00
1.790000e-05	-1.922948e-02	-9.329005e+00
1.791000e-05	-1.808956e-02	-9.067803e+00
1.792000e-05	-1.713565e-02	-8.874946e+00
1.793000e-05	-1.629539e-02	-8.634744e+00
1.794000e-05	-1.584238e-02	-8.371584e+00
1.795000e-05	-1.552853e-02	-8.200482e+00
1.796000e-05	-1.346766e-02	-7.888453e+00
1.797000e-05	-1.280509e-02	-7.642743e+00
1.798000e-05	-1.255328e-02	-7.329629e+00
1.799000e-05	-1.169214e-02	-7.078854e+00
1.800000e-05	-1.113388e-02	-6.854240e+00
1.801000e-05	-1.067444e-02	-6.580188e+00
1.802000e-05	-1.083196e-02	-6.358876e+00
1.803000e-05	-1.119947e-02	-6.054892e+00
1.804000e-05	-9.336210e-03	-5.821631e+00
1.805000e-05	-9.070130e-03	-5.529403e+00
1.806000e-05	-8.773504e-03	-5.262637e+00
1.807000e-05	-9.265048e-03	-4.908903e+00
1.808000e-05	-7.036899e-03	-4.612612e+00
1.809000e-05	-6.922654e-03	-4.409000e+00
1.810000e-05	-8.188851e-03	-4.128949e+00
1.811000e-05	-8.615345e-03	-3.873738e+00
1.812000e-05	-6.920533e-03	-3.569974e+00
1.813000e-05	-6.575308e-03	-3.325816e+00
1.814000e-05	-6.098166e-03	-3.019485e+00
1.815000e-05	-7.208751e-03	-2.746421e+00
1.816000e-05	-3.809029e-03	-2.452682e+00
1.817000e-05	-4.482512e-03	-2.177923e+00
1.818000e-05	-5.465915e-03	-1.893188e+00
1.819000e-05	-6.885994e-03	-1.631554e+00
1.820000e-05	-6.671413e-03	-1.294681e+00
1.821000e-05	-4.047795e-03	-9.794975e-01
1.822000e-05	-4.512712e-03	-7.357397e-01
1.823000e-05	-2.796492e-03	-3.790250e-01
1.824000e-05	-1.332889e-03	-1.458397e-01
1.825000e-05	6.811445e-03	1.183155e-01
1.826000e-05	3.491956e-03	4.125552e-01
1.827000e-05	-6.412021e-04	6.657091e-01
1.828000e-05	-8.836739e-04	9.599683e-01
1.829000e-05	5.540022e-04	1.223631e+00
1.830000e-05	2.474611e-03	1.499993e+00
1.831000e-05	3.437124e-03	1.832531e+00
1.832000e-05	2.606233e-02	2.053213e+00
1.833000e-05	7.407641e-02	2.338348e+00
1.834000e-05	2.157570e-03	2.697373e+00
1.835000e-05	-6.296803e-02	2.972530e+00
1.836000e-05	-4.345494e-02	3.254661e+00
1.837000e-05	-5.616645e-03	3.559454e+00
1.838000e-05	-2.645377e-02	3.770451e+00
1.839000e-05	-3.153515e-02	3.969472e+00
1.840000e-05	8.127001e-02	4.204680e+00
1.841000e-05	-3.290500e-02	4.529452e+00
1.842000e-05	6.353028e-02	4.740056e+00
1.843000e-05	3.526918e-02	5.109472e+00
1.844000e-05	-8.206690e-02	5.413237e+00
1.845000e-05	5.027711e-02	5.651217e+00
1.846000e-05	-3.628188e-02	5.983029e+00
1.847000e-05	3.835189e-02	6.164083e+00
1.848000e-05	-1.045673e-02	6.477869e+00
1.849000e-05	-1.067928e-02	6.772029e+00
1.850000e-05	5.469033e-02	6.983711e+00
1.851000e-05	-2.213996e-02	7.228947e+00
1.852000e-05	-2.293177e-03	7.572634e+00
1.853000e-05	-3.114103e-02	7.828296e+00
1.854000e-05	5.321040e-02	8.100955e+00
1.855000e-05	1.089833e-02	8.372030e+00
1.856000e-05	-2.429434e-02	8.542060e+00
1.857000e-05	3.118742e-02	8.785641e+00
1.858000e-05	-1.302855e-02	9.033819e+00
1.859000e-05	2.515053e-02	9.258373e+00
1.860000e-05	-1.903071e-02	9.510450e+00
1.861000e-05	1.262576e-02	9.690527e+00
1.862000e-05	9.380554e-03	9.933536e+00
1.863000e-05	2.111405e-02	1.018364e+01
1.864000e-05	6.007355e-03	1.039569e+01
1.865000e-05	-1.639032e-02	1.060479e+01
1.866000e-05	2.168752e-02	1.077474e+01
1.867000e-05	1.475588e-03	1.099622e+01
1.868000e-05	1.532601e-02	1.119719e+01
1.869000e-05	-1.023629e-02	1.140675e+01
1.870000e-05	2.150953e-02	1.158839e+01
1.871000e-05	1.161446e-02	1.186824e+01
1.872000e-05	1.042651e-02	1.199732e+01
1.873000e-05	-3.322119e-03	1.218577e+01
1.874000e-05	5.808132e-03	1.238522e+01
1.875000e-05	1.751260e-02	1.255309e+01
1.876000e-05	6.686126e-03	1.270096e+01
1.877000e-05	8.498159e-03	1.286955e+01
1.878000e-05	5.903926e-03	1.303835e+01
1.879000e-05	2.173047e-02	1.318537e+01
1.880000e-05	7.196657e-03	1.331061e+01
1.881000e-05	6.741502e-03	1.345151e+01
1.882000e-05	3.435962e-03	1.361972e+01
1.883000e-05	1.732787e-02	1.373517e+01
1.884000e-05	1.267312e-02	1.389200e+01
1.885000e-05	7.509481e-03	1.401790e+01
1.886000e-05	1.125149e-02	1.416625e+01
1.887000e-05	1.430154e-02	1.426004e+01
1.888000e-05	1.514500e-02	1.439587e+01
1.889000e-05	6.824504e-03	1.451256e+01
1.890000e-05	1.259024e-02	1.460577e+01
1.891000e-05	1.481983e-02	1.470953e+01
1.892000e-05	1.812125e-02	1.476374e+01
1.893000e-05	1.016376e-02	1.483835e+01
1.894000e-05	1.135839e-02	1.491456e+01
1.895000e-05	1.545989e-02	1.496529e+01
1.896000e-05	1.601769e-02	1.505988e+01
1.897000e-05	1.437514e-02	1.508052e+01
1.898000e-05	1.247707e-02	1.516617e+01
1.899000e-05	1.911944e-02	1.517933e+01
1.900000e-05	1.898741e-02	1.525891e+01
1.901000e-05	1.656796e-02	1.527016e+01
1.902000e-05	1.421993e-02	1.534211e+01
1.903000e-05	2.002507e-02	1.532479e+01
1.904000e-05	2.171754e-02	1.536477e+01
1.905000e-05	1.926372e-02	1.535535e+01
1.906000e-05	1.851540e-02	1.539728e+01
1.907000e-05	2.162213e-02	1.539583e+01
1.908000e-05	2.497488e-02	1.543742e+01
1.909000e-05	2.240021e-02	1.537635e+01
1.910000e-05	2.261875e-02	1.540330e+01
1.911000e-05	2.612616e-02	1.535574e+01
1.912000e-05	3.064704e-02	1.536319e+01
1.913000e-05	2.813411e-02	1.527069e+01
1.914000e-05	2.753875e-02	1.527061e+01
1.915000e-05	3.086813e-02	1.520853e+01
1.916000e-05	3.295001e-02	1.520525e+01
1.917000e-05	3.404083e-02	1.512317e+01
1.918000e-05	3.332553e-02	1.508011e+01
1.919000e-05	3.849383e-02	1.502780e+01
1.920000e-05	4.034988e-02	1.494526e+01
1.921000e-05	4.123417e-02	1.491096e+01
1.922000e-05	4.156330e-02	1.476828e+01
1.923000e-05	4.612565e-02	1.478308e+01
1.924000e-05	4.971454e-02	1.463793e+01
1.925000e-05	5.089101e-02	1.457314e+01
1.926000e-05	5.337705e-02	1.446796e+01
1.927000e-05	5.479482e-02	1.435382e+01
1.928000e-05	5.940719e-02	1.426783e+01
1.929000e-05	5.764057e-02	1.412066e+01
1.930000e-05	5.806723e-02	1.395527e+01
1.931000e-05	5.847065e-02	1.385847e+01
1.932000e-05	6.075850e-02	1.371219e+01
1.933000e-05	5.944791e-02	1.354419e+01
1.934000e-05	5.533037e-02	1.346782e+01
1.935000e-05	5.356038e-02	1.330146e+01
1.936000e-05	5.134019e-02	1.312164e+01
1.937000e-05	4.977974e-02	1.298434e+01
1.938000e-05	4.564724e-02	1.284640e+01
1.939000e-05	4.337815e-02	1.265793e+01
1.940000e-05	4.200328e-02	1.250296e+01
1.941000e-05	3.913430e-02	1.234114e+01
1.942000e-05	3.528803e-02	1.217322e+01
1.943000e-05	3.240953e-02	1.201376e+01
1.944000e-05	3.109152e-02	1.179516e+01
1.945000e-05	2.883498e-02	1.162229e+01
1.946000e-05	2.507923e-02	1.139371e+01
1.947000e-05	2.406056e-02	1.119416e+01
1.948000e-05	2.265526e-02	1.098374e+01
1.949000e-05	2.039214e-02	1.080319e+01
1.950000e-05	1.839630e-02	1.057261e+01
1.951000e-05	1.719545e-02	1.038216e+01
1.952000e-05	1.685260e-02	1.014063e+01
1.953000e-05	1.408811e-02	9.920478e+00
1.954000e-05	1.222784e-02	9.708450e+00
1.955000e-05	1.127134e-02	9.455372e+00
1.956000e-05	1.146901e-02	9.265846e+00
1.957000e-05	9.828987e-03	9.055767e+00
1.958000e-05	7.982636e-03	8.773612e+00
1.959000e-05	7.710859e-03	8.561053e+00
1.960000e-05	6.922415e-03	8.339952e+00
1.961000e-05	6.728671e-03	8.106369e+00
1.962000e-05	4.707002e-03	7.832662e+00
1.963000e-05	4.585010e-03	7.549587e+00
1.964000e-05	4.375889e-03	7.307795e+00
1.965000e-05	3.439690e-03	7.013714e+00
1.966000e-05	2.458418e-03	6.781104e+00
1.967000e-05	2.285932e-03	6.536346e+00
1.968000e-05	1.940332e-03	6.255714e+00
1.969000e-05	2.790987e-03	6.020181e+00
1.970000e-05	7.864409e-04	5.709472e+00
1.971000e-05	1.881537e-05	5.476867e+00
1.972000e-05	-4.333356e-04	5.179053e+00
1.973000e-05	-1.957832e-04	4.822633e+00
1.974000e-05	-5.853823e-05	4.579996e+00
1.975000e-05	-1.129149e-03	4.316869e+00
1.976000e-05	-1.108776e-03	4.032083e+00
1.977000e-05	-1.385137e-03	3.727921e+00
1.978000e-05	-2.061705e-03	3.524312e+00
1.979000e-05	-2.914767e-03	3.161975e+00
1.980000e-05	-3.077921e-03	2.977816e+00
1.981000e-05	-2.669885e-03	2.634133e+00
1.982000e-05	-2.593128e-03	2.347371e+00
1.983000e-05	-3.621108e-03	2.092184e+00
1.984000e-05	-3.488898e-03	1.829577e+00
1.985000e-05	-3.301173e-03	1.524213e+00
1.986000e-05	-3.959260e-03	1.187048e+00
1.987000e-05	-5.069265e-03	8.822119e-01
1.988000e-05	-4.444570e-03	5.800239e-01
1.989000e-05	-2.905787e-03	3.358385e-01
1.990000e-05	-2.321764e-03	2.102513e-02
1.991000e-05	3.007736e-03	-2.331040e-01
1.992000e-05	1.128378e-04	-4.866330e-01
1.993000e-05	-1.589767e-03	-8.020000e-01
1.994000e-05	-3.951398e-03	-1.012485e+00
1.995000e-05	-2.631129e-03	-1.327892e+00
1.996000e-05	-3.077431e-03	-1.602105e+00
1.997000e-05	1.023143e-02	-1.833638e+00
1.998000e-05	6.406263e-02	-2.065708e+00
1.999000e-05	4.535248e-02	-2.382501e+00
2.000000e-05	-8.155308e-02	-2.760981e+00
2.001000e-05	-3.803040e-02	-3.119427e+00
2.002000e-05	-3.875079e-02	-3.393556e+00
2.003000e-05	-3.571945e-02	-3.663635e+00
2.004000e-05	-8.235405e-03	-3.834395e+00
2.005000e-05	1.045516e-01	-4.025763e+00
2.006000e-05	-1.316144e-01	-4.337900e+00
2.007000e-05	1.431078e-01	-4.551030e+00
2.008000e-05	-3.271628e-02	-4.865790e+00
2.009000e-05	-6.155908e-02	-5.184059e+00
2.010000e-05	5.231558e-02	-5.384270e+00
2.011000e-05	-1.437784e-01	-5.762508e+00
2.012000e-05	1.328382e-01	-6.004059e+00
2.013000e-05	-6.280753e-02	-6.255817e+00
2.014000e-05	1.248835e-02	-6.524061e+00
2.015000e-05	3.786458e-02	-6.786115e+00
2.016000e-05	-7.975303e-02	-7.100956e+00
2.017000e-05	5.920587e-02	-7.321085e+00
2.018000e-05	-9.728914e-02	-7.598292e+00
2.019000e-05	5.473102e-02	-7.911009e+00
2.020000e-05	-1.569497e-02	-8.132557e+00
2.021000e-05	-1.608612e-02	-8.384768e+00
2.022000e-05	4.869565e-02	-8.627095e+00
2.023000e-05	-9.343683e-02	-8.909501e+00
2.024000e-05	5.906451e-02	-9.120980e+00
2.025000e-05	-7.114986e-02	-9.302536e+00
2.026000e-05	4.335388e-02	-9.586192e+00
2.027000e-05	-3.768772e-02	-9.784264e+00
2.028000e-05	6.664342e-03	-9.995798e+00
2.029000e-05	5.269076e-03	-1.022785e+01
2.030000e-05	-3.903780e-02	-1.044843e+01
2.031000e-05	1.662083e-02	-1.066685e+01
2.032000e-05	-5.331358e-02	-1.087890e+01
2.033000e-05	3.489302e-02	-1.105938e+01
2.034000e-05	-4.444740e-02	-1.129890e+01
2.035000e-05	2.310893e-02	-1.149151e+01
2.036000e-05	-3.568727e-02	-1.166203e+01
2.037000e-05	7.902627e-03	-1.186356e+01
2.038000e-05	-2.676381e-02	-1.210903e+01
2.039000e-05	-1.101393e-02	-1.229046e+01
2.040000e-05	-1.080573e-02	-1.242093e+01
2.041000e-05	-1.566408e-02	-1.260635e+01
2.042000e-05	1.699802e-04	-1.280517e+01
2.043000e-05	-2.588152e-02	-1.297421e+01
2.044000e-05	1.848704e-03	-1.310044e+01
2.045000e-05	-2.980167e-02	-1.322900e+01
2.046000e-05	6.689717e-04	-1.340632e+01
2.047000e-05	-2.982312e-02	-1.355359e+01
2.048000e-05	-3.652218e-03	-1.365251e+01
2.049000e-05	-2.291011e-02	-1.381683e+01
2.050000e-05	-7.215062e-03	-1.394662e+01
2.051000e-05	-1.818456e-02	-1.405054e+01
2.052000e-05	-1.580339e-02	-1.420635e+01
2.053000e-05	-1.633834e-02	-1.429164e+01
2.054000e-05	-1.938898e-02	-1.442893e+01
2.055000e-05	-1.303414e-02	-1.454406e+01
2.056000e-05	-2.084988e-02	-1.460785e+01
2.057000e-05	-1.299744e-02	-1.470404e+01
2.058000e-05	-2.156406e-02	-1.475825e+01
2.059000e-05	-1.604064e-02	-1.489106e+01
2.060000e-05	-2.246153e-02	-1.494322e+01
2.061000e-05	-1.858247e-02	-1.503835e+01
2.062000e-05	-2.197316e-02	-1.508852e+01
2.063000e-05	-1.804058e-02	-1.510417e+01
2.064000e-05	-2.233000e-02	-1.519725e+01
2.065000e-05	-2.016069e-02	-1.528193e+01
2.066000e-05	-2.410876e-02	-1.529199e+01
2.067000e-05	-2.265507e-02	-1.532367e+01
2.068000e-05	-2.442891e-02	-1.535627e+01
2.069000e-05	-2.435494e-02	-1.540779e+01
2.070000e-05	-2.374100e-02	-1.540735e+01
2.071000e-05	-2.646101e-02	-1.541835e+01
2.072000e-05	-2.518042e-02	-1.542943e+01
2.073000e-05	-2.958664e-02	-1.540931e+01
2.074000e-05	-2.756536e-02	-1.539946e+01
2.075000e-05	-3.096866e-02	-1.537683e+01
2.076000e-05	-3.000510e-02	-1.542680e+01
2.077000e-05	-3.187968e-02	-1.540727e+01
2.078000e-05	-3.222040e-02	-1.536719e+01
2.079000e-05	-3.536699e-02	-1.532506e+01
2.080000e-05	-3.666797e-02	-1.530104e+01
2.081000e-05	-3.666710e-02	-1.527948e+01
2.082000e-05	-3.865699e-02	-1.521785e+01
2.083000e-05	-3.919579e-02	-1.513472e+01
2.084000e-05	-4.171279e-02	-1.505313e+01
2.085000e-05	-4.199306e-02	-1.503888e+01
2.086000e-05	-4.576088e-02	-1.495419e+01
2.087000e-05	-4.685816e-02	-1.488264e+01
2.088000e-05	-5.213253e-02	-1.481778e+01
2.089000e-05	-5.296045e-02	-1.473422e+01
2.090000e-05	-5.562427e-02	-1.464796e+01
2.091000e-05	-5.769544e-02	-1.456517e+01
2.092000e-05	-5.966149e-02	-1.444935e+01
2.093000e-05	-6.051397e-02	-1.440364e+01
2.094000e-05	-6.226568e-02	-1.423838e+01
2.095000e-05	-6.472057e-02	-1.414209e+01
2.096000e-05	-6.502555e-02	-1.399632e+01
2.097000e-05	-6.748828e-02	-1.385986e+01
2.098000e-05	-6.571449e-02	-1.373262e+01
2.099000e-05	-6.711342e-02	-1.357524e+01
2.100000e-05	-6.174738e-02	-1.345738e+01
2.101000e-05	-6.000093e-02	-1.331204e+01
2.102000e-05	-5.701375e-02	-1.314369e+01
2.103000e-05	-5.601693e-02	-1.304725e+01
2.104000e-05	-5.170093e-02	-1.287941e+01
2.105000e-05	-5.032696e-02	-1.269096e+01
2.106000e-05	-4.805346e-02	-1.254113e+01
2.107000e-05	-4.791546e-02	-1.234364e+01
2.108000e-05	-4.284776e-02	-1.218425e+01
2.109000e-05	-4.049303e-02	-1.197675e+01
2.110000e-05	-3.804891e-02	-1.183528e+01
2.111000e-05	-3.616602e-02	-1.159532e+01
2.112000e-05	-3.311222e-02	-1.141572e+01
2.113000e-05	-3.035464e-02	-1.120206e+01
2.114000e-05	-2.939487e-02	-1.095158e+01
2.115000e-05	-2.848537e-02	-1.074316e+01
2.116000e-05	-2.686874e-02	-1.055061e+01
2.117000e-05	-2.501406e-02	-1.035207e+01
2.118000e-05	-2.271642e-02	-1.011948e+01
2.119000e-05	-2.269305e-02	-9.930403e+00
2.120000e-05	-2.177736e-02	-9.697952e+00
2.121000e-05	-1.986920e-02	-9.447873e+00
2.122000e-05	-1.873768e-02	-9.264317e+00
2.123000e-05	-1.776934e-02	-9.024193e+00
2.124000e-05	-1.789969e-02	-8.833637e+00
2.125000e-05	-1.674394e-02	-8.530079e+00
2.126000e-05	-1.391683e-02	-8.300953e+00
2.127000e-05	-1.461247e-02	-8.097368e+00
2.128000e-05	-1.392882e-02	-7.804693e+00
2.129000e-05	-1.392285e-02	-7.559055e+00
2.130000e-05	-1.141041e-02	-7.266271e+00
2.131000e-05	-1.181526e-02	-7.013216e+00
2.132000e-05	-1.164081e-02	-6.741058e+00
2.133000e-05	-1.112155e-02	-6.517924e+00
2.134000e-05	-9.492669e-03	-6.264267e+00
2.135000e-05	-1.075914e-02	-5.981034e+00
2.136000e-05	-9.834676e-03	-5.725928e+00
2.137000e-05	-1.054771e-02	-5.434218e+00
2.138000e-05	-7.447269e-03	-5.157977e+00
2.139000e-05	-8.649953e-03	-4.822137e+00
2.140000e-05	-6.585425e-03	-4.530949e+00
2.141000e-05	-9.097039e-03	-4.316296e+00
2.142000e-05	-6.726752e-03	-4.045162e+00
2.143000e-05	-7.609693e-03	-3.739454e+00
2.144000e-05	-7.938882e-03	-3.513292e+00
2.145000e-05	-7.758030e-03	-3.191558e+00
2.146000e-05	-4.966186e-03	-2.937818e+00
2.147000e-05	-4.406104e-03	-2.641108e+00
2.148000e-05	-4.196636e-03	-2.399531e+00
2.149000e-05	-6.037837e-03	-2.043136e+00
2.150000e-05	-5.671919e-03	-1.781504e+00
2.151000e-05	-5.602396e-03	-1.505970e+00
2.152000e-05	-5.740056e-03	-1.177948e+00
2.153000e-05	-5.656491e-03	-8.951383e-01
2.154000e-05	-5.071240e-03	-6.074777e-01
2.155000e-05	-1.914183e-03	-3.152421e-01
2.156000e-05	6.825414e-04	-9.210289e-02
2.157000e-05	7.952390e-03	2.357065e-01
2.158000e-05	-9.125087e-04	5.257881e-01
2.159000e-05	3.381560e-03	7.588760e-01
2.160000e-05	-1.502820e-03	1.056663e+00
2.161000e-05	1.966259e-03	1.296816e+00
2.162000e-05	1.077585e-04	1.594711e+00
2.163000e-05	1.035143e-02	1.915841e+00
2.164000e-05	3.903192e-02	2.127438e+00
2.165000e-05	7.467657e-02	2.424058e+00
2.166000e-05	-4.134839e-02	2.812633e+00
2.167000e-05	-5.025306e-02	3.096912e+00
2.168000e-05	-3.612729e-02	3.309473e+00
2.169000e-05	1.175965e-03	3.623630e+00
2.170000e-05	-4.664304e-02	3.784108e+00
2.171000e-05	1.778248e-03	3.964659e+00
2.172000e-05	8.079598e-02	4.318421e+00
2.173000e-05	-5.763884e-02	4.572159e+00
2.174000e-05	1.198157e-01	4.778168e+00
2.175000e-05	-4.830208e-02	5.194712e+00
2.176000e-05	-2.770804e-02	5.477871e+00
2.177000e-05	3.078463e-02	5.741582e+00
2.178000e-05	-3.408367e-02	6.045738e+00
2.179000e-05	5.129987e-02	6.287847e+00
2.180000e-05	-3.892086e-02	6.532105e+00
2.181000e-05	3.061252e-02	6.844718e+00
2.182000e-05	2.549735e-02	7.067900e+00
2.183000e-05	-1.890186e-02	7.362585e+00
2.184000e-05	-1.351880e-02	7.686243e+00
2.185000e-05	-1.072270e-02	7.881556e+00
2.186000e-05	5.749126e-02	8.183733e+00
2.187000e-05	-1.502452e-02	8.425193e+00
2.188000e-05	-3.828793e-03	8.625241e+00
2.189000e-05	2.206434e-02	8.878349e+00
2.190000e-05	-1.076914e-02	9.121029e+00
2.191000e-05	2.148887e-02	9.330529e+00
2.192000e-05	-2.221403e-02	9.575639e+00
2.193000e-05	2.333116e-02	9.764213e+00
2.194000e-05	6.827529e-03	1.002672e+01
2.195000e-05	2.380798e-02	1.023487e+01
2.196000e-05	-8.380614e-03	1.044932e+01
2.197000e-05	-6.447794e-03	1.068897e+01
2.198000e-05	2.017749e-02	1.084937e+01
2.199000e-05	7.401295e-04	1.106838e+01
2.200000e-05	1.178075e-02	1.123953e+01
2.201000e-05	-6.492733e-03	1.146958e+01
2.202000e-05	2.673090e-02	1.171095e+01
2.203000e-05	6.214075e-03	1.187951e+01
2.204000e-05	7.557173e-03	1.206095e+01
2.205000e-05	-4.250471e-03	1.226043e+01
2.206000e-05	1.235714e-02	1.243937e+01
2.207000e-05	1.653340e-02	1.260624e+01
2.208000e-05	3.678119e-03	1.275364e+01
2.209000e-05	8.117318e-03	1.286168e+01
2.210000e-05	1.026403e-02	1.313103e+01
2.211000e-05	1.994882e-02	1.320942e+01
2.212000e-05	2.516031e-03	1.339469e+01
2.213000e-05	6.399752e-03	1.347361e+01
2.214000e-05	8.900213e-03	1.364201e+01
2.215000e-05	1.665099e-02	1.374735e+01
2.216000e-05	9.594494e-03	1.396666e+01
2.217000e-05	6.857960e-03	1.408101e+01
2.218000e-05	1.451104e-02	1.416787e+01
2.219000e-05	1.428286e-02	1.431419e+01
2.220000e-05	1.186344e-02	1.446835e+01
2.221000e-05	6.874297e-03	1.453366e+01
2.222000e-05	1.407303e-02	1.466793e+01
2.223000e-05	1.660173e-02	1.474153e+01
2.224000e-05	1.485333e-02	1.478669e+01
2.225000e-05	1.014479e-02	1.488001e+01
2.226000e-05	1.318933e-02	1.496306e+01
2.227000e-05	1.764048e-02	1.504682e+01
2.228000e-05	1.403381e-02	1.503046e+01
2.229000e-05	1.395306e-02	1.506312e+01
2.230000e-05	1.424396e-02	1.516562e+01
2.231000e-05	2.016301e-02	1.521780e+01
2.232000e-05	1.820223e-02	1.524911e+01
2.233000e-05	1.406867e-02	1.528266e+01
2.234000e-05	1.744948e-02	1.530266e+01
2.235000e-05	2.058776e-02	1.536422e+01
2.236000e-05	2.158377e-02	1.533485e+01
2.237000e-05	1.786404e-02	1.540530e+01
2.238000e-05	2.051571e-02	1.538738e+01
2.239000e-05	2.333568e-02	1.540532e+01
2.240000e-05	2.416958e-02	1.537680e+01
2.241000e-05	2.145479e-02	1.537525e+01
2.242000e-05	2.328782e-02	1.537632e+01
2.243000e-05	2.862178e-02	1.535379e+01
2.244000e-05	2.873970e-02	1.535222e+01
2.245000e-05	2.821883e-02	1.528271e+01
2.246000e-05	2.777532e-02	1.523059e+01
2.247000e-05	3.362620e-02	1.521788e+01
2.248000e-05	3.304792e-02	1.517529e+01
2.249000e-05	3.303338e-02	1.510376e+01
2.250000e-05	3.362539e-02	1.506043e+01
2.251000e-05	3.883160e-02	1.499587e+01
2.252000e-05	4.016955e-02	1.496411e+01
2.253000e-05	4.001804e-02	1.483935e+01
2.254000e-05	4.261518e-02	1.479837e+01
2.255000e-05	4.797634e-02	1.471246e+01
2.256000e-05	5.087266e-02	1.462582e+01
2.257000e-05	4.978780e-02	1.452364e+01
2.258000e-05	5.367305e-02	1.441729e+01
2.259000e-05	5.742389e-02	1.430064e+01
2.260000e-05	5.958709e-02	1.419630e+01
2.261000e-05	5.594043e-02	1.408096e+01
2.262000e-05	5.793256e-02	1.393311e+01
2.263000e-05	5.953140e-02	1.384480e+01
2.264000e-05	6.090859e-02	1.366795e+01
2.265000e-05	5.573977e-02	1.349158e+01
2.266000e-05	5.445175e-02	1.337574e+01
2.267000e-05	5.358664e-02	1.323885e+01
2.268000e-05	5.296664e-02	1.306811e+01
2.269000e-05	4.651977e-02	1.299226e+01
2.270000e-05	4.394982e-02	1.275324e+01
2.271000e-05	4.305987e-02	1.262577e+01
2.272000e-05	4.253456e-02	1.246643e+01
2.273000e-05	3.700146e-02	1.229953e+01
2.274000e-05	3.444665e-02	1.212953e+01
2.275000e-05	3.159446e-02	1.193968e+01
2.276000e-05	3.128850e-02	1.172053e+01
2.277000e-05	2.806865e-02	1.153158e+01
2.278000e-05	2.475636e-02	1.135118e+01
2.279000e-05	2.422984e-02	1.111803e+01
2.280000e-05	2.261040e-02	1.092103e+01
2.281000e-05	2.110092e-02	1.075155e+01
2.282000e-05	1.670798e-02	1.051956e+01
2.283000e-05	1.645857e-02	1.030900e+01
2.284000e-05	1.549900e-02	1.010745e+01
2.285000e-05	1.490545e-02	9.816346e+00
2.286000e-05	1.113940e-02	9.613740e+00
2.287000e-05	1.151795e-02	9.414211e+00
2.288000e-05	1.153735e-02	9.172163e+00
2.289000e-05	1.011909e-02	8.940533e+00
2.290000e-05	7.276333e-03	8.718000e+00
2.291000e-05	5.922938e-03	8.477368e+00
2.292000e-05	7.856540e-03	8.265866e+00
2.293000e-05	6.504436e-03	8.041686e+00
2.294000e-05	4.411700e-03	7.728528e+00
2.295000e-05	2.858429e-03	7.486848e+00
2.296000e-05	4.730344e-03	7.203683e+00
2.297000e-05	4.357170e-03	6.959029e+00
2.298000e-05	2.101471e-03	6.706420e+00
2.299000e-05	8.513036e-04	6.444213e+00
2.300000e-05	3.022582e-03	6.181507e+00
2.301000e-05	1.695992e-03	5.937379e+00
2.302000e-05	1.045532e-03	5.664737e+00
2.303000e-05	-2.350725e-03	5.390081e+00
2.304000e-05	4.998011e-04	5.107294e+00
2.305000e-05	-1.614260e-04	4.738049e+00
2.306000e-05	-7.541248e-04	4.516293e+00
2.307000e-05	5.820727e-04	4.181532e+00
2.308000e-05	-2.271102e-04	3.928345e+00
2.309000e-05	6.552399e-04	3.643287e+00
2.310000e-05	-3.669484e-03	3.370049e+00
2.311000e-05	-4.236867e-03	3.104788e+00
2.312000e-05	-3.571453e-03	2.862079e+00
2.313000e-05	-3.746294e-03	2.548892e+00
2.314000e-05	-3.034701e-03	2.261631e+00
2.315000e-05	-3.257878e-03	2.009078e+00
2.316000e-05	-1.590983e-03	1.725839e+00
2.317000e-05	-1.925399e-03	1.429603e+00
2.318000e-05	-3.600422e-03	1.105290e+00
2.319000e-05	-7.276229e-03	7.989437e-01
2.320000e-05	-4.436156e-03	4.831858e-01
2.321000e-05	-5.435764e-03	2.500842e-01
2.322000e-05	5.642870e-04	-5.320778e-02
2.323000e-05	3.515200e-03	-3.173183e-01
2.324000e-05	1.031541e-03	-5.595735e-01
2.325000e-05	-1.349445e-03	-8.461591e-01
2.326000e-05	-4.299388e-03	-1.096343e+00
2.327000e-05	-5.071056e-03	-1.425109e+00
2.328000e-05	-3.109419e-03	-1.665239e+00
2.329000e-05	2.077349e-02	-1.866293e+00
2.330000e-05	8.310841e-02	-2.129421e+00
2.331000e-05	-8.459876e-03	-2.527318e+00
2.332000e-05	-6.680848e-02	-2.897813e+00
2.333000e-05	-3.926666e-02	-3.233162e+00
2.334000e-05	-2.912421e-02	-3.475186e+00
2.335000e-05	-5.304315e-02	-3.687743e+00
2.336000e-05	5.639122e-02	-3.927922e+00
2.337000e-05	3.192845e-02	-4.097297e+00
2.338000e-05	-9.600433e-02	-4.394657e+00
2.339000e-05	1.657369e-01	-4.606618e+00
2.340000e-05	-1.254817e-01	-4.941556e+00
2.341000e-05	3.546808e-02	-5.226275e+00
2.342000e-05	-4.215800e-02	-5.530527e+00
2.343000e-05	-7.249662e-02	-5.836242e+00
2.344000e-05	1.247919e-01	-6.026196e+00
2.345000e-05	-1.082455e-01	-6.311110e+00
2.346000e-05	8.293477e-02	-6.655689e+00
2.347000e-05	-3.776767e-02	-6.859372e+00
2.348000e-05	-2.126490e-02	-7.203192e+00
2.349000e-05	2.291252e-02	-7.447767e+00
2.350000e-05	-8.690816e-02	-7.741055e+00
2.351000e-05	8.425283e-02	-7.963640e+00
2.352000e-05	-7.005256e-02	-8.205719e+00
2.353000e-05	4.998250e-02	-8.438824e+00
2.354000e-05	-2.073648e-02	-8.701509e+00
2.355000e-05	-4.529424e-02	-8.953560e+00
2.356000e-05	3.642872e-02	-9.173088e+00
2.357000e-05	-6.663119e-02	-9.416775e+00
2.358000e-05	5.690564e-02	-9.647845e+00
2.359000e-05	-6.527538e-02	-9.839350e+00
2.360000e-05	4.813146e-02	-1.005080e+01
2.361000e-05	-4.304385e-02	-1.024053e+01
2.362000e-05	2.273161e-03	-1.053156e+01
2.363000e-05	-2.167546e-02	-1.075146e+01
2.364000e-05	-1.913081e-02	-1.091211e+01
2.365000e-05	1.463669e-02	-1.107358e+01
2.366000e-05	-3.392461e-02	-1.135514e+01
2.367000e-05	1.940419e-02	-1.153504e+01
2.368000e-05	-3.800214e-02	-1.174469e+01
2.369000e-05	1.657164e-02	-1.199717e+01
2.370000e-05	-4.227780e-02	-1.218314e+01
2.371000e-05	5.847030e-03	-1.230161e+01
2.372000e-05	-2.742786e-02	-1.249103e+01
2.373000e-05	2.761952e-03	-1.270251e+01
2.374000e-05	-1.800620e-02	-1.282788e+01
2.375000e-05	-1.143143e-02	-1.297724e+01
2.376000e-05	-9.694759e-03	-1.313359e+01
2.377000e-05	-1.909331e-02	-1.330161e+01
2.378000e-05	-7.816697e-03	-1.344938e+01
2.379000e-05	-2.740201e-02	-1.358530e+01
2.380000e-05	-2.556091e-03	-1.373306e+01
2.381000e-05	-2.412810e-02	-1.385088e+01
2.382000e-05	-4.934738e-03	-1.397787e+01
2.383000e-05	-2.482386e-02	-1.408162e+01
2.384000e-05	-9.078548e-03	-1.420096e+01
2.385000e-05	-2.046090e-02	-1.434471e+01
2.386000e-05	-1.367267e-02	-1.444991e+01
2.387000e-05	-1.980393e-02	-1.458417e+01
2.388000e-05	-1.658056e-02	-1.468093e+01
2.389000e-05	-1.576095e-02	-1.474214e+01
2.390000e-05	-2.000020e-02	-1.482873e+01
2.391000e-05	-1.988519e-02	-1.490214e+01
2.392000e-05	-2.157693e-02	-1.499477e+01
2.393000e-05	-1.810506e-02	-1.503886e+01
2.394000e-05	-2.155201e-02	-1.510309e+01
2.395000e-05	-1.996506e-02	-1.514562e+01
2.396000e-05	-2.178593e-02	-1.522990e+01
2.397000e-05	-1.926218e-02	-1.529041e+01
2.398000e-05	-2.552300e-02	-1.534206e+01
2.399000e-05	-2.303810e-02	-1.537519e+01
2.400000e-05	-2.496421e-02	-1.534564e+01
2.401000e-05	-2.132748e-02	-1.540725e+01
2.402000e-05	-2.544460e-02	-1.540787e+01
2.403000e-05	-2.653348e-02	-1.542928e+01
2.404000e-05	-2.708960e-02	-1.542883e+01
2.405000e-05	-2.830906e-02	-1.547791e+01
2.406000e-05	-2.910128e-02	-1.541838e+01
2.407000e-05	-3.196021e-02	-1.541885e+01
2.408000e-05	-2.929101e-02	-1.540942e+01
2.409000e-05	-3.141850e-02	-1.540685e+01
2.410000e-05	-3.334243e-02	-1.535662e+01
2.411000e-05	-3.666165e-02	-1.532264e+01
2.412000e-05	-3.635879e-02	-1.530151e+01
2.413000e-05	-3.690094e-02	-1.525891e+01
2.414000e-05	-3.866493e-02	-1.518780e+01
2.415000e-05	-4.073286e-02	-1.513375e+01
2.416000e-05	-4.245784e-02	-1.507998e+01
2.417000e-05	-4.283330e-02	-1.500527e+01
2.418000e-05	-4.564916e-02	-1.495267e+01
2.419000e-05	-4.952270e-02	-1.489048e+01
2.420000e-05	-5.090177e-02	-1.479677e+01
2.421000e-05	-5.207082e-02	-1.472361e+01
2.422000e-05	-5.451958e-02	-1.463790e+01
2.423000e-05	-5.924886e-02	-1.455359e+01
2.424000e-05	-6.156324e-02	-1.443845e+01
2.425000e-05	-6.221061e-02	-1.431404e+01
2.426000e-05	-6.380375e-02	-1.422487e+01
2.427000e-05	-6.583250e-02	-1.410106e+01
2.428000e-05	-6.633838e-02	-1.393269e+01
2.429000e-05	-6.468288e-02	-1.384792e+01
2.430000e-05	-6.460919e-02	-1.370198e+01
2.431000e-05	-6.372311e-02	-1.357311e+01
2.432000e-05	-6.256184e-02	-1.341680e+01
2.433000e-05	-6.087992e-02	-1.323643e+01
2.434000e-05	-5.701466e-02	-1.312268e+01
2.435000e-05	-5.517498e-02	-1.295411e+01
2.436000e-05	-5.318772e-02	-1.277577e+01
2.437000e-05	-4.930033e-02	-1.264640e+01
2.438000e-05	-4.538009e-02	-1.251788e+01
2.439000e-05	-4.448005e-02	-1.232158e+01
2.440000e-05	-4.309175e-02	-1.213254e+01
2.441000e-05	-3.996673e-02	-1.192209e+01
2.442000e-05	-3.730896e-02	-1.173209e+01
2.443000e-05	-3.506438e-02	-1.154214e+01
2.444000e-05	-3.311820e-02	-1.127148e+01
2.445000e-05	-3.077370e-02	-1.111751e+01
2.446000e-05	-2.812337e-02	-1.092100e+01
2.447000e-05	-2.789722e-02	-1.070048e+01
2.448000e-05	-2.699732e-02	-1.052091e+01
2.449000e-05	-2.480020e-02	-1.023893e+01
2.450000e-05	-2.254688e-02	-1.005687e+01
2.451000e-05	-2.044884e-02	-9.825774e+00
2.452000e-05	-2.087672e-02	-9.674771e+00
2.453000e-05	-2.021236e-02	-9.423215e+00
2.454000e-05	-1.910212e-02	-9.202661e+00
2.455000e-05	-1.752352e-02	-8.939004e+00
2.456000e-05	-1.775619e-02	-8.688506e+00
2.457000e-05	-1.674679e-02	-8.465946e+00
2.458000e-05	-1.377114e-02	-8.193717e+00
2.459000e-05	-1.451720e-02	-8.004132e+00
2.460000e-05	-1.385059e-02	-7.731481e+00
2.461000e-05	-1.352101e-02	-7.464771e+00
2.462000e-05	-1.352882e-02	-7.222562e+00
2.463000e-05	-1.074117e-02	-6.960450e+00
2.464000e-05	-1.174764e-02	-6.696342e+00
2.465000e-05	-9.188146e-03	-6.444164e+00
2.466000e-05	-1.128750e-02	-6.148005e+00
2.467000e-05	-7.560781e-03	-5.897399e+00
2.468000e-05	-1.155156e-02	-5.644686e+00
2.469000e-05	-1.032582e-02	-5.359002e+00
2.470000e-05	-1.140482e-02	-5.053268e+00
2.471000e-05	-7.160675e-03	-4.738422e+00
2.472000e-05	-7.159232e-03	-4.464266e+00
2.473000e-05	-6.510407e-03	-4.202561e+00
2.474000e-05	-6.641582e-03	-3.980452e+00
2.475000e-05	-7.278874e-03	-3.674264e+00
2.476000e-05	-7.609919e-03	-3.391556e+00
2.477000e-05	-8.574642e-03	-3.156847e+00
2.478000e-05	-6.439457e-03	-2.811082e+00
2.479000e-05	-6.867215e-03	-2.579445e+00
2.480000e-05	-3.961782e-03	-2.292641e+00
2.481000e-05	-5.048930e-03	-1.990948e+00
2.482000e-05	-4.605992e-03	-1.726790e+00
2.483000e-05	-5.415522e-03	-1.450455e+00
2.484000e-05	-3.713959e-03	-1.044163e+00
2.485000e-05	-5.657770e-03	-8.105764e-01
2.486000e-05	-3.905471e-03	-5.252132e-01
2.487000e-05	-3.141994e-03	-2.631356e-01
2.488000e-05	3.482420e-03	9.210897e-02
2.489000e-05	9.106543e-03	3.278409e-01
2.490000e-05	-2.051999e-03	5.909500e-01
2.491000e-05	2.947873e-03	8.101602e-01
2.492000e-05	-2.033094e-03	1.150920e+00
2.493000e-05	4.382827e-03	1.393083e+00
2.494000e-05	-2.947065e-04	1.698421e+00
2.495000e-05	1.578727e-02	1.939972e+00
2.496000e-05	5.532386e-02	2.214158e+00
2.497000e-05	5.306395e-02	2.521548e+00
2.498000e-05	-6.526842e-02	2.867842e+00
2.499000e-05	-4.482492e-02	3.150503e+00
2.500000e-05	-2.316593e-02	3.435265e+00
2.501000e-05	-1.946348e-03	3.697788e+00
2.502000e-05	-5.074080e-02	3.866289e+00
2.503000e-05	4.197012e-02	4.088893e+00
2.504000e-05	3.774882e-02	4.414737e+00
2.505000e-05	-2.418162e-02	4.697340e+00
2.506000e-05	1.181881e-01	4.982102e+00
2.507000e-05	-9.767454e-02	5.351954e+00
2.508000e-05	2.590149e-02	5.542530e+00
2.509000e-05	-3.992839e-03	5.804871e+00
2.510000e-05	-3.836101e-03	6.108377e+00
2.511000e-05	3.378298e-02	6.371986e+00
2.512000e-05	-4.310384e-02	6.665343e+00
2.513000e-05	5.787826e-02	6.929980e+00
2.514000e-05	-3.123582e-03	7.165188e+00
2.515000e-05	-6.814802e-03	7.468370e+00
2.516000e-05	-2.783118e-02	7.722531e+00
2.517000e-05	2.003546e-02	8.005266e+00
2.518000e-05	4.377821e-02	8.277317e+00
2.519000e-05	-3.005278e-02	8.438794e+00
2.520000e-05	1.932024e-02	8.769925e+00
2.521000e-05	2.556551e-03	8.912658e+00
2.522000e-05	7.901107e-03	9.163210e+00
2.523000e-05	3.488478e-03	9.392137e+00
2.524000e-05	-1.171640e-02	9.647794e+00
2.525000e-05	1.938736e-02	9.839954e+00
2.526000e-05	1.242636e-02	1.009900e+01
2.527000e-05	1.986244e-02	1.027945e+01
2.528000e-05	-1.771392e-02	1.048153e+01
2.529000e-05	8.548596e-03	1.075353e+01
2.530000e-05	1.203645e-02	1.092248e+01
2.531000e-05	8.649386e-03	1.111401e+01
2.532000e-05	1.009078e-03	1.133124e+01
2.533000e-05	5.834980e-03	1.151431e+01
2.534000e-05	2.224948e-02	1.178356e+01
2.535000e-05	7.465109e-03	1.194361e+01
2.536000e-05	7.265857e-04	1.215209e+01
2.537000e-05	-2.058977e-03	1.231308e+01
2.538000e-05	1.677613e-02	1.248046e+01
2.539000e-05	1.203273e-02	1.265893e+01
2.540000e-05	6.548647e-03	1.282777e+01
2.541000e-05	6.254486e-03	1.293327e+01
2.542000e-05	1.737096e-02	1.313316e+01
2.543000e-05	1.404579e-02	1.328043e+01
2.544000e-05	3.470530e-03	1.343732e+01
2.545000e-05	2.055223e-03	1.354567e+01
2.546000e-05	1.367441e-02	1.370196e+01
2.547000e-05	1.590142e-02	1.381196e+01
2.548000e-05	8.892495e-03	1.395479e+01
2.549000e-05	7.751754e-03	1.409467e+01
2.550000e-05	1.566952e-02	1.422938e+01
2.551000e-05	1.732676e-02	1.432324e+01
2.552000e-05	9.916516e-03	1.445948e+01
2.553000e-05	7.583718e-03	1.454627e+01
2.554000e-05	1.303967e-02	1.465748e+01
2.555000e-05	1.872360e-02	1.473211e+01
2.556000e-05	1.205768e-02	1.480782e+01
2.557000e-05	1.081517e-02	1.488248e+01
2.558000e-05	1.375081e-02	1.496469e+01
2.559000e-05	1.982388e-02	1.501693e+01
2.560000e-05	1.497793e-02	1.507951e+01
2.561000e-05	1.186126e-02	1.513515e+01
2.562000e-05	1.603406e-02	1.517682e+01
2.563000e-05	2.022723e-02	1.520840e+01
2.564000e-05	1.868464e-02	1.527013e+01
2.565000e-05	1.292501e-02	1.527269e+01
2.566000e-05	1.831777e-02	1.535374e+01
2.567000e-05	2.136010e-02	1.535529e+01
2.568000e-05	2.263195e-02	1.538627e+01
2.569000e-05	1.738855e-02	1.538787e+01
2.570000e-05	2.050954e-02	1.541732e+01
2.571000e-05	2.403801e-02	1.539735e+01
2.572000e-05	2.413774e-02	1.540735e+01
2.573000e-05	2.203001e-02	1.537487e+01
2.574000e-05	2.306614e-02	1.536377e+01
2.575000e-05	3.071457e-02	1.532429e+01
2.576000e-05	3.024102e-02	1.532164e+01
2.577000e-05	2.721472e-02	1.526164e+01
2.578000e-05	2.801647e-02	1.524753e+01
2.579000e-05	3.313162e-02	1.518840e+01
2.580000e-05	3.529609e-02	1.514277e+01
2.581000e-05	3.293925e-02	1.506161e+01
2.582000e-05	3.474083e-02	1.504840e+01
2.583000e-05	3.941439e-02	1.497517e+01
2.584000e-05	4.174048e-02	1.491208e+01
2.585000e-05	4.130921e-02	1.485932e+01
2.586000e-05	4.102355e-02	1.475621e+01
2.587000e-05	4.768351e-02	1.469898e+01
2.588000e-05	5.268477e-02	1.456522e+01
2.589000e-05	5.272098e-02	1.446003e+01
2.590000e-05	5.331064e-02	1.437374e+01
2.591000e-05	5.735052e-02	1.430003e+01
2.592000e-05	6.008129e-02	1.415471e+01
2.593000e-05	5.865443e-02	1.401637e+01
2.594000e-05	5.597515e-02	1.389003e+01
2.595000e-05	5.902177e-02	1.377424e+01
2.596000e-05	5.996488e-02	1.362630e+01
2.597000e-05	5.686140e-02	1.350906e+01
2.598000e-05	5.446891e-02	1.334406e+01
2.599000e-05	5.210861e-02	1.320682e+01
2.600000e-05	5.180250e-02	1.304898e+01
2.601000e-05	4.688376e-02	1.288001e+01
2.602000e-05	4.370704e-02	1.276319e+01
2.603000e-05	4.090036e-02	1.256574e+01
2.604000e-05	4.095894e-02	1.241574e+01
2.605000e-05	3.664005e-02	1.227835e+01
2.606000e-05	3.357832e-02	1.206750e+01
2.607000e-05	3.089780e-02	1.186888e+01
2.608000e-05	2.950174e-02	1.169737e+01
2.609000e-05	2.768299e-02	1.145945e+01
2.610000e-05	2.446173e-02	1.122745e+01
2.611000e-05	2.218164e-02	1.104644e+01
2.612000e-05	2.105243e-02	1.089732e+01
2.613000e-05	2.068470e-02	1.063840e+01
2.614000e-05	1.762586e-02	1.046627e+01
2.615000e-05	1.596620e-02	1.023479e+01
2.616000e-05	1.508129e-02	1.003524e+01
2.617000e-05	1.500100e-02	9.772087e+00
2.618000e-05	1.184846e-02	9.592082e+00
2.619000e-05	9.140585e-03	9.310029e+00
2.620000e-05	1.042353e-02	9.068999e+00
2.621000e-05	1.055466e-02	8.874897e+00
2.622000e-05	8.953578e-03	8.634241e+00
2.623000e-05	6.355716e-03	8.393637e+00
2.624000e-05	6.001080e-03	8.161566e+00
2.625000e-05	6.544198e-03	7.900375e+00
2.626000e-05	5.100174e-03	7.655317e+00
2.627000e-05	2.423913e-03	7.373090e+00
2.628000e-05	3.332420e-03	7.148875e+00
2.629000e-05	3.128472e-03	6.865816e+00
2.630000e-05	4.653312e-03	6.613186e+00
2.631000e-05	-4.653965e-04	6.378054e+00
2.632000e-05	1.970918e-03	6.107395e+00
2.633000e-05	1.418606e-03	5.855193e+00
2.634000e-05	1.505186e-03	5.559530e+00
2.635000e-05	1.089860e-03	5.306346e+00
2.636000e-05	9.291471e-05	4.981457e+00
2.637000e-05	-4.569317e-04	4.681736e+00
2.638000e-05	-6.155059e-04	4.411554e+00
2.639000e-05	-2.729431e-03	4.097444e+00
2.640000e-05	-3.507823e-03	3.843085e+00
2.641000e-05	-2.251728e-03	3.589600e+00
2.642000e-05	-9.222701e-05	3.293240e+00
2.643000e-05	-1.393250e-03	3.031631e+00
2.644000e-05	-2.476647e-03	2.807494e+00
2.645000e-05	-3.259618e-03	2.443133e+00
2.646000e-05	-3.247412e-03	2.216948e+00
2.647000e-05	-4.540739e-03	1.915316e+00
2.648000e-05	-5.695418e-03	1.630627e+00
2.649000e-05	-4.146450e-03	1.335387e+00
2.650000e-05	-3.620710e-03	9.894478e-01
2.651000e-05	-2.849283e-03	7.016856e-01
2.652000e-05	-3.918187e-03	4.396978e-01
2.653000e-05	-3.689702e-03	1.444132e-01
2.654000e-05	-2.477178e-04	-1.698957e-01
2.655000e-05	5.367212e-03	-4.304788e-01
2.656000e-05	-5.718519e-03	-6.737879e-01
2.657000e-05	-2.372371e-03	-9.373732e-01
2.658000e-05	-4.886045e-03	-1.163453e+00
2.659000e-05	-1.873501e-03	-1.548271e+00
2.660000e-05	8.549166e-04	-1.768851e+00
2.661000e-05	3.750732e-02	-1.979976e+00
2.662000e-05	8.475023e-02	-2.255239e+00
2.663000e-05	-5.975172e-02	-2.653133e+00
2.664000e-05	-4.957198e-02	-2.981610e+00
2.665000e-05	-4.449642e-02	-3.266796e+00
2.666000e-05	-2.357523e-02	-3.527900e+00
2.667000e-05	-5.230255e-02	-3.781506e+00
2.668000e-05	1.104901e-01	-3.980556e+00
2.669000e-05	-6.623923e-02	-4.214085e+00
2.670000e-05	9.548332e-03	-4.487825e+00
2.671000e-05	1.103652e-01	-4.739423e+00
2.672000e-05	-1.425027e-01	-5.066268e+00
2.673000e-05	8.821343e-02	-5.352531e+00
2.674000e-05	-1.260310e-01	-5.646262e+00
2.675000e-05	3.832244e-02	-5.936877e+00
2.676000e-05	5.130167e-02	-6.101954e+00
2.677000e-05	-8.028907e-02	-6.445746e+00
2.678000e-05	9.848512e-02	-6.709472e+00
2.679000e-05	-8.846310e-02	-7.003590e+00
2.680000e-05	3.895632e-02	-7.279351e+00
2.681000e-05	-4.291080e-02	-7.531507e+00
2.682000e-05	-2.970494e-02	-7.837295e+00
2.683000e-05	5.912360e-02	-8.068296e+00
2.684000e-05	-7.412759e-02	-8.319535e+00
2.685000e-05	8.322298e-02	-8.530609e+00
2.686000e-05	-8.273201e-02	-8.785218e+00
2.687000e-05	1.994481e-02	-9.046269e+00
2.688000e-05	-1.847083e-02	-9.226749e+00
2.689000e-05	-1.927699e-02	-9.529929e+00
2.690000e-05	2.497528e-02	-9.710454e+00
2.691000e-05	-5.106456e-02	-9.952115e+00
2.692000e-05	5.213156e-02	-1.012364e+01
2.693000e-05	-6.336773e-02	-1.037517e+01
2.694000e-05	2.886996e-02	-1.057474e+01
2.695000e-05	-5.485121e-02	-1.077462e+01
2.696000e-05	1.937550e-02	-1.098520e+01
2.697000e-05	-2.001597e-02	-1.118782e+01
2.698000e-05	-5.399997e-03	-1.141837e+01
2.699000e-05	-5.306779e-03	-1.161730e+01
2.700000e-05	-2.052805e-02	-1.182840e+01
2.701000e-05	4.150021e-03	-1.203787e+01
2.702000e-05	-3.677450e-02	-1.218677e+01
2.703000e-05	7.301782e-03	-1.237524e+01
2.704000e-05	-3.234758e-02	-1.253477e+01
2.705000e-05	1.239353e-02	-1.273309e+01
2.706000e-05	-3.050639e-02	-1.290046e+01
2.707000e-05	1.197944e-03	-1.305745e+01
2.708000e-05	-2.461460e-02	-1.318627e+01
2.709000e-05	-5.367602e-03	-1.330162e+01
2.710000e-05	-2.005579e-02	-1.350053e+01
2.711000e-05	-1.595646e-02	-1.361748e+01
2.712000e-05	-1.068616e-02	-1.378519e+01
2.713000e-05	-1.704148e-02	-1.389359e+01
2.714000e-05	-7.585954e-03	-1.401885e+01
2.715000e-05	-2.454088e-02	-1.414320e+01
2.716000e-05	-1.010354e-02	-1.428109e+01
2.717000e-05	-2.256965e-02	-1.440732e+01
2.718000e-05	-1.111341e-02	-1.451156e+01
2.719000e-05	-2.360987e-02	-1.459622e+01
2.720000e-05	-1.312765e-02	-1.469996e+01
2.721000e-05	-1.806620e-02	-1.474525e+01
2.722000e-05	-1.671258e-02	-1.481901e+01
2.723000e-05	-2.238158e-02	-1.493411e+01
2.724000e-05	-2.022453e-02	-1.494587e+01
2.725000e-05	-1.926065e-02	-1.505843e+01
2.726000e-05	-1.997797e-02	-1.510404e+01
2.727000e-05	-2.144021e-02	-1.516533e+01
2.728000e-05	-2.117439e-02	-1.520933e+01
2.729000e-05	-2.110275e-02	-1.529251e+01
2.730000e-05	-2.344507e-02	-1.530249e+01
2.731000e-05	-2.400926e-02	-1.535522e+01
2.732000e-05	-2.662538e-02	-1.536572e+01
2.733000e-05	-2.037187e-02	-1.536832e+01
2.734000e-05	-2.523591e-02	-1.540790e+01
2.735000e-05	-2.541500e-02	-1.542940e+01
2.736000e-05	-2.954360e-02	-1.542887e+01
2.737000e-05	-2.765622e-02	-1.542833e+01
2.738000e-05	-2.924521e-02	-1.546848e+01
2.739000e-05	-3.101993e-02	-1.539725e+01
2.740000e-05	-3.201190e-02	-1.540382e+01
2.741000e-05	-3.216507e-02	-1.535624e+01
2.742000e-05	-3.259878e-02	-1.536479e+01
2.743000e-05	-3.627867e-02	-1.532304e+01
2.744000e-05	-3.779288e-02	-1.528056e+01
2.745000e-05	-3.791156e-02	-1.526833e+01
2.746000e-05	-3.816343e-02	-1.521573e+01
2.747000e-05	-4.084073e-02	-1.508264e+01
2.748000e-05	-4.301672e-02	-1.504791e+01
2.749000e-05	-4.431675e-02	-1.500482e+01
2.750000e-05	-4.588580e-02	-1.491164e+01
2.751000e-05	-4.976175e-02	-1.483793e+01
2.752000e-05	-5.204298e-02	-1.477522e+01
2.753000e-05	-5.429473e-02	-1.468996e+01
2.754000e-05	-5.415608e-02	-1.456625e+01
2.755000e-05	-5.857609e-02	-1.449054e+01
2.756000e-05	-6.175604e-02	-1.438672e+01
2.757000e-05	-6.347850e-02	-1.429001e+01
2.758000e-05	-6.404536e-02	-1.416425e+01
2.759000e-05	-6.494227e-02	-1.403696e+01
2.760000e-05	-6.698619e-02	-1.389304e+01
2.761000e-05	-6.542835e-02	-1.377667e+01
2.762000e-05	-6.421361e-02	-1.367886e+01
2.763000e-05	-6.204215e-02	-1.346154e+01
2.764000e-05	-6.180452e-02	-1.337357e+01
2.765000e-05	-5.930744e-02	-1.319585e+01
2.766000e-05	-5.650368e-02	-1.308945e+01
2.767000e-05	-5.322627e-02	-1.294198e+01
2.768000e-05	-5.161538e-02	-1.275266e+01
2.769000e-05	-4.881726e-02	-1.259329e+01
2.770000e-05	-4.613287e-02	-1.243588e+01
2.771000e-05	-4.360247e-02	-1.224983e+01
2.772000e-05	-4.192193e-02	-1.207896e+01
2.773000e-05	-3.927668e-02	-1.190738e+01
2.774000e-05	-3.698274e-02	-1.171851e+01
2.775000e-05	-3.451961e-02	-1.144835e+01
2.776000e-05	-3.257028e-02	-1.118787e+01
2.777000e-05	-3.074997e-02	-1.102534e+01
2.778000e-05	-2.861700e-02	-1.083672e+01
2.779000e-05	-2.690441e-02	-1.062532e+01
2.780000e-05	-2.564353e-02	-1.046587e+01
2.781000e-05	-2.502911e-02	-1.025424e+01
2.782000e-05	-2.252564e-02	-9.983103e+00
2.783000e-05	-2.099754e-02	-9.771663e+00
2.784000e-05	-2.064733e-02	-9.571613e+00
2.785000e-05	-2.053471e-02	-9.311512e+00
2.786000e-05	-1.891411e-02	-9.059901e+00
2.787000e-05	-1.715219e-02	-8.896920e+00
2.788000e-05	-1.600423e-02	-8.633269e+00
2.789000e-05	-1.549702e-02	-8.412686e+00
2.790000e-05	-1.468150e-02	-8.161633e+00
2.791000e-05	-1.313108e-02	-7.908458e+00
2.792000e-05	-1.343069e-02	-7.673315e+00
2.793000e-05	-1.312848e-02	-7.382605e+00
2.794000e-05	-1.372388e-02	-7.118924e+00
2.795000e-05	-1.180351e-02	-6.854267e+00
2.796000e-05	-1.071493e-02	-6.613083e+00
2.797000e-05	-1.024384e-02	-6.359482e+00
2.798000e-05	-1.146172e-02	-6.095794e+00
2.799000e-05	-9.460783e-03	-5.792114e+00
2.800000e-05	-9.553450e-03	-5.560477e+00
2.801000e-05	-8.254292e-03	-5.265194e+00
2.802000e-05	-9.901659e-03	-4.958400e+00
2.803000e-05	-6.980596e-03	-4.642134e+00
2.804000e-05	-8.339739e-03	-4.379004e+00
2.805000e-05	-7.340002e-03	-4.129451e+00
2.806000e-05	-9.739361e-03	-3.844318e+00
2.807000e-05	-8.232256e-03	-3.601958e+00
2.808000e-05	-6.751339e-03	-3.297921e+00
2.809000e-05	-5.100379e-03	-3.030607e+00
2.810000e-05	-5.316261e-03	-2.768447e+00
2.811000e-05	-4.419830e-03	-2.485187e+00
2.812000e-05	-5.504774e-03	-2.178378e+00
2.813000e-05	-4.874700e-03	-1.894691e+00
2.814000e-05	-6.741902e-03	-1.631678e+00
2.815000e-05	-7.153414e-03	-1.305218e+00
2.816000e-05	-5.211818e-03	-9.890303e-01
2.817000e-05	-3.443823e-03	-7.057633e-01
2.818000e-05	-2.881518e-03	-4.005027e-01
2.819000e-05	-6.831193e-04	-1.563924e-01
2.820000e-05	6.447401e-03	1.357643e-01
2.821000e-05	4.525976e-03	4.130541e-01
2.822000e-05	5.235368e-05	6.531853e-01
2.823000e-05	-1.376608e-03	9.203671e-01
2.824000e-05	-9.519999e-04	1.242658e+00
2.825000e-05	2.517798e-03	1.519814e+00
2.826000e-05	4.319250e-03	1.802554e+00
2.827000e-05	2.392983e-02	2.022631e+00
2.828000e-05	7.121921e-02	2.277396e+00
2.829000e-05	1.176661e-02	2.647341e+00
2.830000e-05	-6.369348e-02	2.962000e+00
2.831000e-05	-4.291869e-02	3.234208e+00
2.832000e-05	-9.291279e-03	3.516422e+00
2.833000e-05	-2.250279e-02	3.729927e+00
2.834000e-05	-3.562881e-02	3.899921e+00
2.835000e-05	7.796098e-02	4.163083e+00
2.836000e-05	-2.316428e-02	4.508426e+00
2.837000e-05	4.797774e-02	4.759050e+00
2.838000e-05	5.351342e-02	5.068371e+00
2.839000e-05	-8.891494e-02	5.404133e+00
2.840000e-05	4.941341e-02	5.626889e+00
2.841000e-05	-3.368772e-02	5.962530e+00
2.842000e-05	3.254850e-02	6.203080e+00
2.843000e-05	-3.564329e-03	6.477842e+00
2.844000e-05	-1.822633e-02	6.721031e+00
2.845000e-05	5.777771e-02	6.943659e+00
2.846000e-05	-1.979480e-02	7.277797e+00
2.847000e-05	-1.957422e-03	7.472585e+00
2.848000e-05	-3.214744e-02	7.836739e+00
2.849000e-05	4.715560e-02	8.090972e+00
2.850000e-05	1.655159e-02	8.361028e+00
2.851000e-05	-2.804119e-02	8.531004e+00
2.852000e-05	3.090363e-02	8.765563e+00
2.853000e-05	-1.340503e-02	9.005741e+00
2.854000e-05	2.509372e-02	9.247867e+00
2.855000e-05	-1.637940e-02	9.449325e+00
2.856000e-05	8.230765e-03	9.659979e+00
2.857000e-05	1.046002e-02	9.943508e+00
2.858000e-05	1.951325e-02	1.015151e+01
2.859000e-05	8.494040e-03	1.034379e+01
2.860000e-05	-1.846606e-02	1.055429e+01
2.861000e-05	1.973093e-02	1.076566e+01
2.862000e-05	3.501662e-03	1.096466e+01
2.863000e-05	1.523634e-02	1.116569e+01
2.864000e-05	-8.217729e-03	1.136629e+01
2.865000e-05	1.970302e-02	1.159682e+01
2.866000e-05	1.198638e-02	1.182887e+01
2.867000e-05	8.861545e-03	1.201627e+01
2.868000e-05	-4.217168e-03	1.219584e+01
2.869000e-05	4.639691e-03	1.236411e+01
2.870000e-05	1.838020e-02	1.253263e+01
2.871000e-05	7.851349e-03	1.268045e+01
2.872000e-05	9.285794e-03	1.282980e+01
2.873000e-05	5.808334e-03	1.302635e+01
2.874000e-05	2.056973e-02	1.317582e+01
2.875000e-05	6.671511e-03	1.329301e+01
2.876000e-05	5.032908e-03	1.347998e+01
2.877000e-05	2.616914e-03	1.356782e+01
2.878000e-05	1.709093e-02	1.373361e+01
2.879000e-05	1.420219e-02	1.388305e+01
2.880000e-05	1.004614e-02	1.398690e+01
2.881000e-05	1.034043e-02	1.413664e+01
2.882000e-05	1.434938e-02	1.428051e+01
2.883000e-05	1.415903e-02	1.434582e+01
2.884000e-05	6.565032e-03	1.452303e+01
2.885000e-05	1.159589e-02	1.459580e+01
2.886000e-05	1.486565e-02	1.469993e+01
2.887000e-05	1.937659e-02	1.475321e+01
2.888000e-05	1.359046e-02	1.482140e+01
2.889000e-05	1.169458e-02	1.490151e+01
2.890000e-05	1.532697e-02	1.495662e+01
2.891000e-05	1.572164e-02	1.502835e+01
2.892000e-05	1.481322e-02	1.508214e+01
2.893000e-05	1.282013e-02	1.513565e+01
2.894000e-05	1.843445e-02	1.517828e+01
2.895000e-05	1.969687e-02	1.523203e+01
2.896000e-05	1.869048e-02	1.525269e+01
2.897000e-05	1.504680e-02	1.532319e+01
2.898000e-05	1.983693e-02	1.535480e+01
2.899000e-05	2.059023e-02	1.537527e+01
2.900000e-05	2.005247e-02	1.536577e+01
2.901000e-05	1.926673e-02	1.542530e+01
2.902000e-05	2.128086e-02	1.540580e+01
2.903000e-05	2.455513e-02	1.543682e+01
2.904000e-05	2.324803e-02	1.542530e+01
2.905000e-05	2.432835e-02	1.538437e+01
2.906000e-05	2.533289e-02	1.536327e+01
2.907000e-05	2.884272e-02	1.533414e+01
2.908000e-05	2.879830e-02	1.532214e+01
2.909000e-05	2.747015e-02	1.525956e+01
2.910000e-05	2.968943e-02	1.522845e+01
2.911000e-05	3.191901e-02	1.518637e+01
2.912000e-05	3.460429e-02	1.510361e+01
2.913000e-05	3.443063e-02	1.510001e+01
2.914000e-05	3.759638e-02	1.504733e+01
2.915000e-05	3.962218e-02	1.494526e+01
2.916000e-05	4.185762e-02	1.485951e+01
2.917000e-05	4.144486e-02	1.483840e+01
2.918000e-05	4.361221e-02	1.473454e+01
2.919000e-05	4.779355e-02	1.465800e+01
2.920000e-05	5.108230e-02	1.459366e+01
2.921000e-05	5.355307e-02	1.443898e+01
2.922000e-05	5.587510e-02	1.436412e+01
2.923000e-05	5.897625e-02	1.424645e+01
2.924000e-05	5.861458e-02	1.410309e+01
2.925000e-05	5.952974e-02	1.398422e+01
2.926000e-05	5.801315e-02	1.382900e+01
2.927000e-05	5.847202e-02	1.369269e+01
2.928000e-05	5.728507e-02	1.357527e+01
2.929000e-05	5.552492e-02	1.344838e+01
2.930000e-05	5.511301e-02	1.333238e+01
2.931000e-05	5.248204e-02	1.314164e+01
2.932000e-05	4.954762e-02	1.301624e+01
2.933000e-05	4.586225e-02	1.284540e+01
2.934000e-05	4.325107e-02	1.269903e+01
2.935000e-05	4.091759e-02	1.254248e+01
2.936000e-05	3.719457e-02	1.237211e+01
2.937000e-05	3.581737e-02	1.214369e+01
2.938000e-05	3.417703e-02	1.197429e+01
2.939000e-05	3.187470e-02	1.182627e+01
2.940000e-05	2.926564e-02	1.160527e+01
2.941000e-05	2.623448e-02	1.142419e+01
2.942000e-05	2.411656e-02	1.119366e+01
2.943000e-05	2.231216e-02	1.099469e+01
2.944000e-05	1.945740e-02	1.077522e+01
2.945000e-05	1.978708e-02	1.061277e+01
2.946000e-05	1.865496e-02	1.037168e+01
2.947000e-05	1.706101e-02	1.014261e+01
2.948000e-05	1.478221e-02	9.929054e+00
2.949000e-05	1.289613e-02	9.669352e+00
2.950000e-05	1.218900e-02	9.518773e+00
2.951000e-05	1.133816e-02	9.268170e+00
2.952000e-05	9.659568e-03	9.004867e+00
2.953000e-05	8.139284e-03	8.783637e+00
2.954000e-05	8.320182e-03	8.581032e+00
2.955000e-05	7.365689e-03	8.360481e+00
2.956000e-05	7.076608e-03	8.077444e+00
2.957000e-05	5.393537e-03	7.854138e+00
2.958000e-05	4.422595e-03	7.600538e+00
2.959000e-05	4.837781e-03	7.348523e+00
2.960000e-05	3.349415e-03	7.064694e+00
2.961000e-05	2.748940e-03	6.811658e+00
2.962000e-05	2.627660e-03	6.529001e+00
2.963000e-05	3.144911e-03	6.253318e+00
2.964000e-05	1.843022e-03	6.032635e+00
2.965000e-05	1.652155e-03	5.748529e+00
2.966000e-05	6.053396e-04	5.505370e+00
2.967000e-05	2.224455e-04	5.202582e+00
2.968000e-05	-3.930161e-04	4.834687e+00
2.969000e-05	-7.220559e-04	4.601029e+00
2.970000e-05	-1.395516e-03	4.337871e+00
2.971000e-05	-1.105693e-03	4.011558e+00
2.972000e-05	-1.134238e-03	3.738948e+00
2.973000e-05	-2.347523e-03	3.514319e+00
2.974000e-05	-2.725733e-03	3.199550e+00
2.975000e-05	-2.745125e-03	2.926321e+00
2.976000e-05	-3.485603e-03	2.664758e+00
2.977000e-05	-4.221706e-03	2.359421e+00
2.978000e-05	-4.369652e-03	2.084189e+00
2.979000e-05	-4.369350e-03	1.821105e+00
2.980000e-05	-3.374299e-03	1.537318e+00
2.981000e-05	-3.958332e-03	1.240105e+00
2.982000e-05	-4.719242e-03	9.242606e-01
2.983000e-05	-4.414337e-03	5.985227e-01
2.984000e-05	-3.981601e-03	3.358634e-01
2.985000e-05	-3.294711e-03	4.012407e-02
2.986000e-05	2.151696e-03	-2.326565e-01
2.987000e-05	1.159892e-03	-4.442329e-01
2.988000e-05	-2.455162e-03	-7.694799e-01
2.989000e-05	-3.896947e-03	-1.002581e+00
2.990000e-05	-4.115852e-03	-1.307718e+00
2.991000e-05	-2.722627e-03	-1.591552e+00
2.992000e-05	6.873065e-03	-1.791059e+00
2.993000e-05	5.938610e-02	-2.013534e+00
2.994000e-05	5.494427e-02	-2.379930e+00
2.995000e-05	-8.159525e-02	-2.728402e+00
2.996000e-05	-3.756520e-02	-3.117447e+00
2.997000e-05	-4.166752e-02	-3.399980e+00
2.998000e-05	-3.305078e-02	-3.602610e+00
2.999000e-05	-1.852803e-02	-3.785588e+00
3.000000e-05	1.116345e-01	-4.064138e+00
3.001000e-05	-1.281528e-01	-4.297347e+00
3.002000e-05	1.266650e-01	-4.530006e+00
3.003000e-05	-9.563087e-03	-4.794684e+00
3.004000e-05	-7.902469e-02	-5.151083e+00
3.005000e-05	6.491405e-02	-5.414244e+00
3.006000e-05	-1.481452e-01	-5.721452e+00
3.007000e-05	1.242444e-01	-5.993587e+00
3.008000e-05	-4.551730e-02	-6.225793e+00
3.009000e-05	-5.161243e-03	-6.548556e+00
3.010000e-05	5.093873e-02	-6.771611e+00
3.011000e-05	-8.710419e-02	-7.089901e+00
3.012000e-05	6.165815e-02	-7.332059e+00
3.013000e-05	-9.102097e-02	-7.582546e+00
3.014000e-05	4.256920e-02	-7.929980e+00
3.015000e-05	-2.513052e-03	-8.120959e+00
3.016000e-05	-2.878269e-02	-8.395138e+00
3.017000e-05	5.932845e-02	-8.576193e+00
3.018000e-05	-9.791684e-02	-8.890426e+00
3.019000e-05	5.832472e-02	-9.117929e+00
3.020000e-05	-6.612367e-02	-9.320584e+00
3.021000e-05	3.454509e-02	-9.584086e+00
3.022000e-05	-2.686126e-02	-9.773684e+00
3.023000e-05	-3.501173e-03	-9.997195e+00
3.024000e-05	1.559162e-02	-1.019670e+01
3.025000e-05	-4.695447e-02	-1.046792e+01
3.026000e-05	2.237350e-02	-1.064580e+01
3.027000e-05	-5.674359e-02	-1.084845e+01
3.028000e-05	3.614763e-02	-1.105985e+01
3.029000e-05	-4.312730e-02	-1.128993e+01
3.030000e-05	1.920345e-02	-1.149195e+01
3.031000e-05	-3.037685e-02	-1.166906e+01
3.032000e-05	3.955981e-03	-1.190053e+01
3.033000e-05	-2.144815e-02	-1.205943e+01
3.034000e-05	-1.621975e-02	-1.226988e+01
3.035000e-05	-6.180300e-03	-1.243830e+01
3.036000e-05	-2.015504e-02	-1.259832e+01
3.037000e-05	4.001012e-03	-1.275470e+01
3.038000e-05	-2.883427e-02	-1.296214e+01
3.039000e-05	3.402882e-03	-1.308994e+01
3.040000e-05	-2.915045e-02	-1.321788e+01
3.041000e-05	3.062271e-05	-1.339629e+01
3.042000e-05	-2.978300e-02	-1.351459e+01
3.043000e-05	-6.382444e-03	-1.370201e+01
3.044000e-05	-1.978725e-02	-1.380735e+01
3.045000e-05	-9.284921e-03	-1.392472e+01
3.046000e-05	-1.733511e-02	-1.404848e+01
3.047000e-05	-1.744390e-02	-1.413685e+01
3.048000e-05	-1.394105e-02	-1.431199e+01
3.049000e-05	-1.970556e-02	-1.441940e+01
3.050000e-05	-1.391780e-02	-1.451349e+01
3.051000e-05	-2.254712e-02	-1.459683e+01
3.052000e-05	-1.214703e-02	-1.472256e+01
3.053000e-05	-2.050166e-02	-1.478887e+01
3.054000e-05	-1.680985e-02	-1.487104e+01
3.055000e-05	-2.322080e-02	-1.492469e+01
3.056000e-05	-1.853145e-02	-1.501845e+01
3.057000e-05	-2.149766e-02	-1.508363e+01
3.058000e-05	-1.944178e-02	-1.514459e+01
3.059000e-05	-2.214913e-02	-1.519683e+01
3.060000e-05	-1.962267e-02	-1.526941e+01
3.061000e-05	-2.291056e-02	-1.525251e+01
3.062000e-05	-2.349862e-02	-1.530417e+01
3.063000e-05	-2.509580e-02	-1.538325e+01
3.064000e-05	-2.444248e-02	-1.538867e+01
3.065000e-05	-2.324493e-02	-1.540780e+01
3.066000e-05	-2.687788e-02	-1.539890e+01
3.067000e-05	-2.590963e-02	-1.542845e+01
3.068000e-05	-2.922662e-02	-1.547838e+01
3.069000e-05	-2.660674e-02	-1.546981e+01
3.070000e-05	-3.077668e-02	-1.542588e+01
3.071000e-05	-2.983378e-02	-1.541787e+01
3.072000e-05	-3.197181e-02	-1.537568e+01
3.073000e-05	-3.214779e-02	-1.535672e+01
3.074000e-05	-3.444114e-02	-1.534362e+01
3.075000e-05	-3.639709e-02	-1.530101e+01
3.076000e-05	-3.738046e-02	-1.526143e+01
3.077000e-05	-3.824752e-02	-1.523835e+01
3.078000e-05	-4.032238e-02	-1.516570e+01
3.079000e-05	-4.126322e-02	-1.511006e+01
3.080000e-05	-4.267890e-02	-1.508940e+01
3.081000e-05	-4.460013e-02	-1.498422e+01
3.082000e-05	-4.767463e-02	-1.494164e+01
3.083000e-05	-5.047956e-02	-1.481928e+01
3.084000e-05	-5.160949e-02	-1.472317e+01
3.085000e-05	-5.420403e-02	-1.463843e+01
3.086000e-05	-5.736755e-02	-1.457419e+01
3.087000e-05	-6.033862e-02	-1.449038e+01
3.088000e-05	-6.076267e-02	-1.437270e+01
3.089000e-05	-6.407877e-02	-1.421586e+01
3.090000e-05	-6.429764e-02	-1.411162e+01
3.091000e-05	-6.606134e-02	-1.400530e+01
3.092000e-05	-6.461926e-02	-1.387938e+01
3.093000e-05	-6.480583e-02	-1.373456e+01
3.094000e-05	-6.421779e-02	-1.361428e+01
3.095000e-05	-6.386570e-02	-1.345788e+01
3.096000e-05	-6.084633e-02	-1.333208e+01
3.097000e-05	-5.837440e-02	-1.314414e+01
3.098000e-05	-5.561444e-02	-1.303687e+01
3.099000e-05	-5.370228e-02	-1.288893e+01
3.100000e-05	-5.054922e-02	-1.268108e+01
3.101000e-05	-4.756034e-02	-1.252106e+01
3.102000e-05	-4.456592e-02	-1.233314e+01
3.103000e-05	-4.464439e-02	-1.221574e+01
3.104000e-05	-4.085635e-02	-1.203577e+01
3.105000e-05	-3.809647e-02	-1.180575e+01
3.106000e-05	-3.563616e-02	-1.160635e+01
3.107000e-05	-3.515425e-02	-1.140517e+01
3.108000e-05	-3.145724e-02	-1.119169e+01
3.109000e-05	-2.888177e-02	-1.091269e+01
3.110000e-05	-2.808445e-02	-1.076309e+01
3.111000e-05	-2.746097e-02	-1.060059e+01
3.112000e-05	-2.560689e-02	-1.030164e+01
3.113000e-05	-2.341646e-02	-1.014106e+01
3.114000e-05	-2.217679e-02	-9.940501e+00
3.115000e-05	-2.231203e-02	-9.728954e+00
3.116000e-05	-2.010321e-02	-9.487454e+00
3.117000e-05	-1.863018e-02	-9.245321e+00
3.118000e-05	-1.771187e-02	-9.045217e+00
3.119000e-05	-1.869404e-02	-8.813743e+00
3.120000e-05	-1.713121e-02	-8.581609e+00
3.121000e-05	-1.470572e-02	-8.300530e+00
3.122000e-05	-1.319508e-02	-8.106922e+00
3.123000e-05	-1.368237e-02	-7.844172e+00
3.124000e-05	-1.372453e-02	-7.551054e+00
3.125000e-05	-1.158386e-02	-7.297423e+00
3.126000e-05	-1.080983e-02	-7.044143e+00
3.127000e-05	-1.173137e-02	-6.792579e+00
3.128000e-05	-1.200586e-02	-6.538501e+00
3.129000e-05	-1.085708e-02	-6.265245e+00
3.130000e-05	-9.935793e-03	-5.991607e+00
3.131000e-05	-9.259030e-03	-5.708927e+00
3.132000e-05	-1.085665e-02	-5.434695e+00
3.133000e-05	-7.610512e-03	-5.161001e+00
3.134000e-05	-7.293336e-03	-4.845666e+00
3.135000e-05	-5.863763e-03	-4.530421e+00
3.136000e-05	-1.030252e-02	-4.335899e+00
3.137000e-05	-7.999784e-03	-4.084813e+00
3.138000e-05	-8.064732e-03	-3.790457e+00
3.139000e-05	-6.734022e-03	-3.516317e+00
3.140000e-05	-8.516802e-03	-3.232657e+00
3.141000e-05	-5.012552e-03	-2.916866e+00
3.142000e-05	-4.629306e-03	-2.662713e+00
3.143000e-05	-2.949033e-03	-2.409578e+00
3.144000e-05	-6.260273e-03	-2.095263e+00
3.145000e-05	-5.942121e-03	-1.812054e+00
3.146000e-05	-6.074783e-03	-1.538470e+00
3.147000e-05	-5.422554e-03	-1.191071e+00
3.148000e-05	-4.983054e-03	-9.437172e-01
3.149000e-05	-3.800975e-03	-6.304818e-01
3.150000e-05	-2.047621e-04	-3.257921e-01
3.151000e-05	1.668604e-03	-9.315932e-02
3.152000e-05	8.201364e-03	2.425249e-01
3.153000e-05	-1.266301e-03	4.958118e-01
3.154000e-05	2.171402e-03	7.668659e-01
3.155000e-05	-1.349955e-03	1.024205e+00
3.156000e-05	1.456144e-03	1.296817e+00
3.157000e-05	-2.034148e-04	1.613060e+00
3.158000e-05	1.003155e-02	1.885286e+00
3.159000e-05	3.735452e-02	2.086817e+00
3.160000e-05	7.480930e-02	2.431730e+00
3.161000e-05	-3.355845e-02	2.772533e+00
3.162000e-05	-5.551636e-02	3.045738e+00
3.163000e-05	-3.576029e-02	3.310872e+00
3.164000e-05	1.438145e-03	3.603605e+00
3.165000e-05	-4.396168e-02	3.832139e+00
3.166000e-05	-4.256666e-03	3.992557e+00
3.167000e-05	8.457727e-02	4.329422e+00
3.168000e-05	-5.574041e-02	4.571083e+00
3.169000e-05	1.110157e-01	4.785686e+00
3.170000e-05	-3.411461e-02	5.223734e+00
3.171000e-05	-4.063652e-02	5.447315e+00
3.172000e-05	3.738196e-02	5.709979e+00
3.173000e-05	-3.713373e-02	6.044209e+00
3.174000e-05	5.223136e-02	6.234368e+00
3.175000e-05	-3.467483e-02	6.542530e+00
3.176000e-05	2.357074e-02	6.825191e+00
3.177000e-05	3.043836e-02	7.076839e+00
3.178000e-05	-2.126794e-02	7.341534e+00
3.179000e-05	-1.115929e-02	7.666263e+00
3.180000e-05	-1.600820e-02	7.869429e+00
3.181000e-05	5.828366e-02	8.173160e+00
3.182000e-05	-1.128538e-02	8.405266e+00
3.183000e-05	-8.106817e-03	8.604716e+00
3.184000e-05	2.519318e-02	8.858396e+00
3.185000e-05	-1.249524e-02	9.100977e+00
3.186000e-05	2.193045e-02	9.311979e+00
3.187000e-05	-2.297255e-02	9.562112e+00
3.188000e-05	2.150409e-02	9.773765e+00
3.189000e-05	7.252093e-03	1.000477e+01
3.190000e-05	2.236395e-02	1.023635e+01
3.191000e-05	-4.859686e-03	1.041685e+01
3.192000e-05	-9.038074e-03	1.066943e+01
3.193000e-05	2.183039e-02	1.083830e+01
3.194000e-05	-1.406919e-04	1.102685e+01
3.195000e-05	1.290225e-02	1.123890e+01
3.196000e-05	-6.699084e-03	1.146148e+01
3.197000e-05	2.592748e-02	1.170141e+01
3.198000e-05	5.444806e-03	1.190951e+01
3.199000e-05	7.533934e-03	1.200945e+01
3.200000e-05	-2.879047e-03	1.223995e+01
3.201000e-05	1.136266e-02	1.244790e+01
3.202000e-05	1.653157e-02	1.261772e+01
3.203000e-05	4.416284e-03	1.271359e+01
3.204000e-05	9.937746e-03	1.290321e+01
3.205000e-05	9.303740e-03	1.309053e+01
3.206000e-05	1.969285e-02	1.322785e+01
3.207000e-05	2.150878e-03	1.336524e+01
3.208000e-05	6.965859e-03	1.351256e+01
3.209000e-05	7.929164e-03	1.360996e+01
3.210000e-05	1.774195e-02	1.374432e+01
3.211000e-05	1.053019e-02	1.394211e+01
3.212000e-05	7.035788e-03	1.407004e+01
3.213000e-05	1.377597e-02	1.416680e+01
3.214000e-05	1.414139e-02	1.432169e+01
3.215000e-05	1.262718e-02	1.444642e+01
3.216000e-05	5.997478e-03	1.450819e+01
3.217000e-05	1.436283e-02	1.463593e+01
3.218000e-05	1.636580e-02	1.474163e+01
3.219000e-05	1.496413e-02	1.477624e+01
3.220000e-05	1.068362e-02	1.485893e+01
3.221000e-05	1.257345e-02	1.493367e+01
3.222000e-05	1.815194e-02	1.499625e+01
3.223000e-05	1.539199e-02	1.506146e+01
3.224000e-05	1.390123e-02	1.511259e+01
3.225000e-05	1.330850e-02	1.516582e+01
3.226000e-05	1.964445e-02	1.521925e+01
3.227000e-05	1.827809e-02	1.524008e+01
3.228000e-05	1.492259e-02	1.529316e+01
3.229000e-05	1.630803e-02	1.534267e+01
3.230000e-05	2.093794e-02	1.537374e+01
3.231000e-05	2.173842e-02	1.539530e+01
3.232000e-05	1.842494e-02	1.537433e+01
3.233000e-05	2.016711e-02	1.540687e+01
3.234000e-05	2.227807e-02	1.538733e+01
3.235000e-05	2.408422e-02	1.541485e+01
3.236000e-05	2.120204e-02	1.539784e+01
3.237000e-05	2.409862e-02	1.534480e+01
3.238000e-05	2.807931e-02	1.536475e+01
3.239000e-05	2.935182e-02	1.532374e+01
3.240000e-05	2.680999e-02	1.528059e+01
3.241000e-05	2.866566e-02	1.524996e+01
3.242000e-05	3.346297e-02	1.519883e+01
3.243000e-05	3.327543e-02	1.518421e+01
3.244000e-05	3.271825e-02	1.509511e+01
3.245000e-05	3.399312e-02	1.504905e+01
3.246000e-05	3.967579e-02	1.497725e+01
3.247000e-05	4.021978e-02	1.494416e+01
3.248000e-05	4.017581e-02	1.487988e+01
3.249000e-05	4.200605e-02	1.480625e+01
3.250000e-05	4.753619e-02	1.470213e+01
3.251000e-05	5.074362e-02	1.463632e+01
3.252000e-05	5.050529e-02	1.452011e+01
3.253000e-05	5.341356e-02	1.440742e+01
3.254000e-05	5.664211e-02	1.432006e+01
3.255000e-05	6.031570e-02	1.421642e+01
3.256000e-05	5.670581e-02	1.405948e+01
3.257000e-05	5.721616e-02	1.393366e+01
3.258000e-05	5.776968e-02	1.382637e+01
3.259000e-05	6.008187e-02	1.369958e+01
3.260000e-05	5.770564e-02	1.354409e+01
3.261000e-05	5.523103e-02	1.340525e+01
3.262000e-05	5.306739e-02	1.321788e+01
3.263000e-05	5.197774e-02	1.304946e+01
3.264000e-05	4.842136e-02	1.298109e+01
3.265000e-05	4.487139e-02	1.277579e+01
3.266000e-05	4.234332e-02	1.261840e+01
3.267000e-05	4.172409e-02	1.249788e+01
3.268000e-05	3.751386e-02	1.228003e+01
3.269000e-05	3.421511e-02	1.213208e+01
3.270000e-05	3.161201e-02	1.195156e+01
3.271000e-05	3.058042e-02	1.178406e+01
3.272000e-05	2.897012e-02	1.154161e+01
3.273000e-05	2.610216e-02	1.134048e+01
3.274000e-05	2.472290e-02	1.114251e+01
3.275000e-05	2.316177e-02	1.093008e+01
3.276000e-05	2.195473e-02	1.074106e+01
3.277000e-05	1.642491e-02	1.057006e+01
3.278000e-05	1.530521e-02	1.033043e+01
3.279000e-05	1.501657e-02	1.009995e+01
3.280000e-05	1.603719e-02	9.879844e+00
3.281000e-05	1.217953e-02	9.645196e+00
3.282000e-05	1.196644e-02	9.413214e+00
3.283000e-05	1.238658e-02	9.192212e+00
3.284000e-05	1.100167e-02	8.962534e+00
3.285000e-05	7.706008e-03	8.729977e+00
3.286000e-05	6.570310e-03	8.497921e+00
3.287000e-05	7.170106e-03	8.266820e+00
3.288000e-05	7.284921e-03	8.033761e+00
3.289000e-05	4.819458e-03	7.770558e+00
3.290000e-05	3.937723e-03	7.537374e+00
3.291000e-05	5.219076e-03	7.184135e+00
3.292000e-05	4.702605e-03	6.990557e+00
3.293000e-05	3.430113e-03	6.757898e+00
3.294000e-05	4.495289e-04	6.431715e+00
3.295000e-05	3.645655e-03	6.211127e+00
3.296000e-05	-5.309902e-04	5.989476e+00
3.297000e-05	1.978153e-03	5.684842e+00
3.298000e-05	-2.637455e-03	5.412109e+00
3.299000e-05	1.689421e-03	5.095293e+00
3.300000e-05	1.208265e-03	4.788950e+00
3.301000e-05	1.267846e-03	4.496291e+00
3.302000e-05	-1.903142e-03	4.243106e+00
3.303000e-05	-1.789488e-03	3.927421e+00
3.304000e-05	-3.034683e-03	3.653716e+00
3.305000e-05	-4.089959e-03	3.429931e+00
3.306000e-05	-4.163864e-03	3.135867e+00
3.307000e-05	-2.314625e-03	2.894182e+00
3.308000e-05	-6.744151e-04	2.567896e+00
3.309000e-05	-1.808352e-03	2.283691e+00
3.310000e-05	-3.751321e-03	2.012102e+00
3.311000e-05	-5.793815e-03	1.715871e+00
3.312000e-05	-3.764504e-03	1.431628e+00
3.313000e-05	-5.934028e-03	1.113812e+00
3.314000e-05	-4.051585e-03	7.985449e-01
3.315000e-05	-4.901854e-03	5.357672e-01
3.316000e-05	-1.379497e-03	2.501057e-01
3.317000e-05	-9.662073e-04	-4.263404e-02
3.318000e-05	5.138880e-03	-2.758144e-01
3.319000e-05	-4.106073e-03	-5.394485e-01
3.320000e-05	-1.650225e-03	-8.226877e-01
3.321000e-05	-5.391235e-03	-1.075766e+00
3.322000e-05	-2.510896e-03	-1.413128e+00
3.323000e-05	-2.801263e-03	-1.662714e+00
3.324000e-05	1.841171e-02	-1.896841e+00
3.325000e-05	7.972058e-02	-2.135417e+00
3.326000e-05	6.143632e-04	-2.476239e+00
3.327000e-05	-7.287282e-02	-2.835737e+00
3.328000e-05	-3.983128e-02	-3.172033e+00
3.329000e-05	-2.972048e-02	-3.465139e+00
3.330000e-05	-4.906883e-02	-3.666292e+00
3.331000e-05	4.427415e-02	-3.908894e+00
3.332000e-05	4.781247e-02	-4.086822e+00
3.333000e-05	-1.083562e-01	-4.383058e+00
3.334000e-05	1.662728e-01	-4.645760e+00
3.335000e-05	-1.110155e-01	-4.929529e+00
3.336000e-05	1.693837e-02	-5.256242e+00
3.337000e-05	-2.062206e-02	-5.508425e+00
3.338000e-05	-9.147035e-02	-5.793141e+00
3.339000e-05	1.335546e-01	-6.065668e+00
3.340000e-05	-1.043147e-01	-6.342008e+00
3.341000e-05	7.277318e-02	-6.593792e+00
3.342000e-05	-2.250870e-02	-6.847920e+00
3.343000e-05	-3.421290e-02	-7.204611e+00
3.344000e-05	3.215438e-02	-7.405219e+00
3.345000e-05	-9.417841e-02	-7.680548e+00
3.346000e-05	8.228072e-02	-7.964685e+00
3.347000e-05	-6.079770e-02	-8.205739e+00
3.348000e-05	3.785173e-02	-8.426799e+00
3.349000e-05	-6.044519e-03	-8.700931e+00
3.350000e-05	-5.821954e-02	-8.952685e+00
3.351000e-05	4.502003e-02	-9.162588e+00
3.352000e-05	-7.116348e-02	-9.415269e+00
3.353000e-05	5.725806e-02	-9.626795e+00
3.354000e-05	-6.269094e-02	-9.855820e+00
3.355000e-05	4.370267e-02	-1.005928e+01
3.356000e-05	-3.366530e-02	-1.026851e+01
3.357000e-05	-7.050022e-03	-1.054160e+01
3.358000e-05	-1.317677e-02	-1.071046e+01
3.359000e-05	-2.792044e-02	-1.093161e+01
3.360000e-05	2.071398e-02	-1.109149e+01
3.361000e-05	-3.948954e-02	-1.132213e+01
3.362000e-05	2.176297e-02	-1.151357e+01
3.363000e-05	-3.746929e-02	-1.173424e+01
3.364000e-05	1.674650e-02	-1.197374e+01
3.365000e-05	-4.095623e-02	-1.212306e+01
3.366000e-05	2.762106e-03	-1.230359e+01
3.367000e-05	-2.489766e-02	-1.246105e+01
3.368000e-05	-1.140267e-03	-1.264948e+01
3.369000e-05	-1.536793e-02	-1.279885e+01
3.370000e-05	-1.505727e-02	-1.293277e+01
3.371000e-05	-6.918209e-03	-1.309302e+01
3.372000e-05	-2.165475e-02	-1.326203e+01
3.373000e-05	-6.230010e-03	-1.343632e+01
3.374000e-05	-2.863090e-02	-1.357578e+01
3.375000e-05	-1.410013e-03	-1.373201e+01
3.376000e-05	-2.317329e-02	-1.384991e+01
3.377000e-05	-5.631265e-03	-1.399525e+01
3.378000e-05	-2.508768e-02	-1.407263e+01
3.379000e-05	-1.099001e-02	-1.422943e+01
3.380000e-05	-2.010062e-02	-1.434369e+01
3.381000e-05	-1.539119e-02	-1.449148e+01
3.382000e-05	-1.942601e-02	-1.452514e+01
3.383000e-05	-1.701832e-02	-1.465901e+01
3.384000e-05	-1.369724e-02	-1.471417e+01
3.385000e-05	-2.020102e-02	-1.480985e+01
3.386000e-05	-1.928105e-02	-1.489106e+01
3.387000e-05	-2.288657e-02	-1.492430e+01
3.388000e-05	-1.802757e-02	-1.504838e+01
3.389000e-05	-2.163829e-02	-1.511211e+01
3.390000e-05	-2.103858e-02	-1.515422e+01
3.391000e-05	-2.220241e-02	-1.518892e+01
3.392000e-05	-1.859206e-02	-1.530048e+01
3.393000e-05	-2.427829e-02	-1.526261e+01
3.394000e-05	-2.250874e-02	-1.533364e+01
3.395000e-05	-2.686258e-02	-1.535514e+01
3.396000e-05	-2.168337e-02	-1.542532e+01
3.397000e-05	-2.542710e-02	-1.542730e+01
3.398000e-05	-2.588893e-02	-1.541736e+01
3.399000e-05	-2.743649e-02	-1.543843e+01
3.400000e-05	-2.762040e-02	-1.540793e+01
3.401000e-05	-2.718428e-02	-1.542733e+01
3.402000e-05	-3.214389e-02	-1.545782e+01
3.403000e-05	-3.086432e-02	-1.538637e+01
3.404000e-05	-3.165624e-02	-1.539627e+01
3.405000e-05	-3.217187e-02	-1.531420e+01
3.406000e-05	-3.498666e-02	-1.534359e+01
3.407000e-05	-3.775004e-02	-1.530041e+01
3.408000e-05	-3.712791e-02	-1.521938e+01
3.409000e-05	-3.861199e-02	-1.516775e+01
3.410000e-05	-3.981718e-02	-1.513667e+01
3.411000e-05	-4.285437e-02	-1.506003e+01
3.412000e-05	-4.253839e-02	-1.502733e+01
3.413000e-05	-4.471556e-02	-1.499525e+01
3.414000e-05	-4.810072e-02	-1.487046e+01
3.415000e-05	-5.149315e-02	-1.479573e+01
3.416000e-05	-5.286044e-02	-1.470263e+01
3.417000e-05	-5.459337e-02	-1.463735e+01
3.418000e-05	-5.763253e-02	-1.456347e+01
3.419000e-05	-6.008807e-02	-1.438695e+01
3.420000e-05	-6.205312e-02	-1.430259e+01
3.421000e-05	-6.385496e-02	-1.421631e+01
3.422000e-05	-6.444256e-02	-1.405911e+01
3.423000e-05	-6.612233e-02	-1.392414e+01
3.424000e-05	-6.567511e-02	-1.383832e+01
3.425000e-05	-6.438082e-02	-1.368253e+01
3.426000e-05	-6.346488e-02	-1.353274e+01
3.427000e-05	-6.220154e-02	-1.341475e+01
3.428000e-05	-6.050611e-02	-1.326993e+01
3.429000e-05	-5.777602e-02	-1.312206e+01
3.430000e-05	-5.561284e-02	-1.295272e+01
3.431000e-05	-5.179645e-02	-1.281738e+01
3.432000e-05	-5.030259e-02	-1.268741e+01
3.433000e-05	-4.726096e-02	-1.246951e+01
3.434000e-05	-4.450149e-02	-1.234199e+01
3.435000e-05	-4.266768e-02	-1.216209e+01
3.436000e-05	-4.049641e-02	-1.194264e+01
3.437000e-05	-3.808383e-02	-1.177311e+01
3.438000e-05	-3.502053e-02	-1.153119e+01
3.439000e-05	-3.383024e-02	-1.130151e+01
3.440000e-05	-3.240884e-02	-1.110843e+01
3.441000e-05	-3.002115e-02	-1.089950e+01
3.442000e-05	-2.734402e-02	-1.071006e+01
3.443000e-05	-2.603096e-02	-1.051851e+01
3.444000e-05	-2.512205e-02	-1.027901e+01
3.445000e-05	-2.298583e-02	-1.005640e+01
3.446000e-05	-2.148530e-02	-9.865824e+00
3.447000e-05	-2.061836e-02	-9.654220e+00
3.448000e-05	-2.009489e-02	-9.425867e+00
3.449000e-05	-2.020137e-02	-9.202133e+00
3.450000e-05	-1.699770e-02	-8.952057e+00
3.451000e-05	-1.603882e-02	-8.740986e+00
3.452000e-05	-1.644955e-02	-8.475824e+00
3.453000e-05	-1.525639e-02	-8.267717e+00
3.454000e-05	-1.278460e-02	-8.063218e+00
3.455000e-05	-1.385100e-02	-7.758577e+00
3.456000e-05	-1.368658e-02	-7.448322e+00
3.457000e-05	-1.324049e-02	-7.221688e+00
3.458000e-05	-1.151777e-02	-6.949057e+00
3.459000e-05	-1.160546e-02	-6.716399e+00
3.460000e-05	-1.121240e-02	-6.444215e+00
3.461000e-05	-1.123603e-02	-6.172057e+00
3.462000e-05	-8.787169e-03	-5.907849e+00
3.463000e-05	-8.558642e-03	-5.643211e+00
3.464000e-05	-8.777297e-03	-5.348455e+00
3.465000e-05	-9.028540e-03	-5.092197e+00
3.466000e-05	-7.189729e-03	-4.747980e+00
3.467000e-05	-7.268852e-03	-4.474718e+00
3.468000e-05	-8.360887e-03	-4.222665e+00
3.469000e-05	-8.356458e-03	-3.939502e+00
3.470000e-05	-7.720062e-03	-3.725845e+00
3.471000e-05	-6.786170e-03	-3.451709e+00
3.472000e-05	-6.683665e-03	-3.157926e+00
3.473000e-05	-5.545700e-03	-2.843133e+00
3.474000e-05	-5.127917e-03	-2.567450e+00
3.475000e-05	-3.766707e-03	-2.314796e+00
3.476000e-05	-4.665416e-03	-1.998028e+00
3.477000e-05	-6.254354e-03	-1.746294e+00
3.478000e-05	-6.899586e-03	-1.421081e+00
3.479000e-05	-4.681068e-03	-1.125692e+00
3.480000e-05	-4.616940e-03	-8.205529e-01
3.481000e-05	-2.806554e-03	-5.352397e-01
3.482000e-05	-1.687037e-03	-2.620791e-01
3.483000e-05	3.266734e-03	-7.947594e-03
3.484000e-05	9.060852e-03	2.772881e-01
3.485000e-05	-1.943432e-03	5.889487e-01
3.486000e-05	2.525327e-03	8.431013e-01
3.487000e-05	-2.170057e-03	1.149848e+00
3.488000e-05	3.860622e-03	1.411977e+00
3.489000e-05	6.263456e-04	1.678944e+00
3.490000e-05	1.560729e-02	1.937871e+00
3.491000e-05	5.153473e-02	2.163054e+00
3.492000e-05	5.874500e-02	2.520495e+00
3.493000e-05	-6.263694e-02	2.876287e+00
3.494000e-05	-4.530377e-02	3.179928e+00
3.495000e-05	-2.594734e-02	3.415634e+00
3.496000e-05	-1.055333e-03	3.646715e+00
3.497000e-05	-5.150821e-02	3.874812e+00
3.498000e-05	3.438939e-02	4.069342e+00
3.499000e-05	4.745756e-02	4.395136e+00
3.500000e-05	-3.513283e-02	4.656739e+00
3.501000e-05	1.229722e-01	4.932974e+00
3.502000e-05	-9.147496e-02	5.297895e+00
3.503000e-05	1.648572e-02	5.572460e+00
3.504000e-05	2.079712e-03	5.795788e+00
3.505000e-05	-1.116883e-02	6.077418e+00
3.506000e-05	3.952457e-02	6.348404e+00
3.507000e-05	-4.464877e-02	6.655416e+00
3.508000e-05	5.328337e-02	6.890418e+00
3.509000e-05	1.915315e-03	7.172507e+00
3.510000e-05	-8.598048e-03	7.446266e+00
3.511000e-05	-2.565521e-02	7.711479e+00
3.512000e-05	1.311533e-02	7.965837e+00
3.513000e-05	4.680881e-02	8.235393e+00
3.514000e-05	-2.758894e-02	8.448395e+00
3.515000e-05	1.483979e-02	8.678424e+00
3.516000e-05	6.481967e-03	8.911001e+00
3.517000e-05	2.994798e-03	9.142108e+00
3.518000e-05	8.762340e-03	9.383589e+00
3.519000e-05	-1.422156e-02	9.596767e+00
3.520000e-05	1.976753e-02	9.857847e+00
3.521000e-05	9.517409e-03	1.005838e+01
3.522000e-05	2.152714e-02	1.025941e+01
3.523000e-05	-1.555915e-02	1.046993e+01
3.524000e-05	5.890062e-03	1.070209e+01
3.525000e-05	1.346606e-02	1.090946e+01
3.526000e-05	6.743687e-03	1.109146e+01
3.527000e-05	4.060353e-03	1.129211e+01
3.528000e-05	2.432977e-03	1.152367e+01
3.529000e-05	2.315121e-02	1.177314e+01
3.530000e-05	7.513208e-03	1.190514e+01
3.531000e-05	2.912184e-03	1.207261e+01
3.532000e-05	-2.414120e-03	1.230311e+01
3.533000e-05	1.563620e-02	1.244993e+01
3.534000e-05	1.253489e-02	1.262835e+01
3.535000e-05	5.975182e-03	1.278625e+01
3.536000e-05	7.567910e-03	1.296481e+01
3.537000e-05	1.561003e-02	1.309262e+01
3.538000e-05	1.591337e-02	1.326348e+01
3.539000e-05	4.146001e-03	1.341632e+01
3.540000e-05	3.097561e-03	1.354509e+01
3.541000e-05	1.277729e-02	1.370106e+01
3.542000e-05	1.653452e-02	1.379788e+01
3.543000e-05	1.031182e-02	1.397627e+01
3.544000e-05	7.563771e-03	1.409309e+01
3.545000e-05	1.585419e-02	1.422838e+01
3.546000e-05	1.603759e-02	1.431324e+01
3.547000e-05	9.719756e-03	1.444998e+01
3.548000e-05	8.207941e-03	1.456532e+01
3.549000e-05	1.317450e-02	1.470936e+01
3.550000e-05	1.854707e-02	1.479254e+01
3.551000e-05	1.276467e-02	1.479785e+01
3.552000e-05	1.138571e-02	1.487151e+01
3.553000e-05	1.281070e-02	1.493561e+01
3.554000e-05	1.808547e-02	1.502733e+01
3.555000e-05	1.458401e-02	1.503049e+01
3.556000e-05	1.335771e-02	1.511462e+01
3.557000e-05	1.564729e-02	1.517680e+01
3.558000e-05	2.020637e-02	1.525895e+01
3.559000e-05	1.822610e-02	1.529051e+01
3.560000e-05	1.314215e-02	1.526116e+01
3.561000e-05	1.775022e-02	1.535227e+01
3.562000e-05	2.045559e-02	1.537420e+01
3.563000e-05	2.242344e-02	1.534535e+01
3.564000e-05	1.729839e-02	1.536567e+01
3.565000e-05	2.061638e-02	1.540687e+01
3.566000e-05	2.351315e-02	1.540635e+01
3.567000e-05	2.387914e-02	1.542580e+01
3.568000e-05	2.145784e-02	1.537627e+01
3.569000e-05	2.281310e-02	1.537572e+01
3.570000e-05	2.878894e-02	1.533624e+01
3.571000e-05	2.898912e-02	1.530374e+01
3.572000e-05	2.728722e-02	1.528896e+01
3.573000e-05	2.853909e-02	1.525903e+01
3.574000e-05	3.275715e-02	1.521730e+01
3.575000e-05	3.463078e-02	1.516524e+01
3.576000e-05	3.336526e-02	1.508161e+01
3.577000e-05	3.559975e-02	1.504993e+01
3.578000e-05	3.793371e-02	1.497577e+01
3.579000e-05	4.120884e-02	1.492266e+01
3.580000e-05	4.093786e-02	1.483785e+01
3.581000e-05	4.239088e-02	1.473481e+01
3.582000e-05	4.747880e-02	1.467053e+01
3.583000e-05	5.218305e-02	1.460672e+01
3.584000e-05	5.236782e-02	1.443146e+01
3.585000e-05	5.360849e-02	1.439622e+01
3.586000e-05	5.659658e-02	1.426051e+01
3.587000e-05	5.954214e-02	1.413472e+01
3.588000e-05	5.916256e-02	1.403741e+01
3.589000e-05	5.789499e-02	1.389061e+01
3.590000e-05	5.899590e-02	1.378419e+01
3.591000e-05	5.994751e-02	1.360687e+01
3.592000e-05	5.692378e-02	1.347004e+01
3.593000e-05	5.511157e-02	1.334571e+01
3.594000e-05	5.203178e-02	1.319569e+01
3.595000e-05	5.176756e-02	1.304945e+01
3.596000e-05	4.714667e-02	1.292001e+01
3.597000e-05	4.462447e-02	1.276208e+01
3.598000e-05	4.223886e-02	1.257467e+01
3.599000e-05	4.042655e-02	1.241534e+01
3.600000e-05	3.698758e-02	1.226887e+01
3.601000e-05	3.401992e-02	1.205945e+01
3.602000e-05	3.116626e-02	1.187898e+01
3.603000e-05	2.938263e-02	1.167893e+01
3.604000e-05	2.746546e-02	1.147948e+01
3.605000e-05	2.494776e-02	1.129745e+01
3.606000e-05	2.387106e-02	1.107737e+01
3.607000e-05	2.087996e-02	1.089789e+01
3.608000e-05	2.066382e-02	1.068740e+01
3.609000e-05	1.744525e-02	1.046690e+01
3.610000e-05	1.668269e-02	1.023627e+01
3.611000e-05	1.406842e-02	1.004372e+01
3.612000e-05	1.483309e-02	9.814213e+00
3.613000e-05	1.190540e-02	9.562609e+00
3.614000e-05	1.194935e-02	9.369526e+00
3.615000e-05	1.106341e-02	9.108526e+00
3.616000e-05	9.056494e-03	8.917872e+00
3.617000e-05	8.485730e-03	8.625241e+00
3.618000e-05	6.711468e-03	8.443661e+00
3.619000e-05	7.046217e-03	8.203056e+00
3.620000e-05	5.191511e-03	7.929404e+00
3.621000e-05	5.634091e-03	7.678319e+00
3.622000e-05	4.391392e-03	7.392235e+00
3.623000e-05	3.457933e-03	7.120448e+00
3.624000e-05	3.416307e-03	6.895898e+00
3.625000e-05	3.503529e-03	6.613162e+00
3.626000e-05	2.491662e-03	6.360577e+00
3.627000e-05	1.171205e-03	6.115795e+00
3.628000e-05	1.306509e-03	5.865738e+00
3.629000e-05	7.187408e-04	5.550578e+00
3.630000e-05	-1.992050e-04	5.317318e+00
3.631000e-05	-1.136985e-03	4.990958e+00
3.632000e-05	-7.790877e-04	4.673790e+00
3.633000e-05	-9.541420e-04	4.402082e+00
3.634000e-05	-7.015457e-04	4.155899e+00
3.635000e-05	-1.519756e-03	3.841211e+00
3.636000e-05	-1.239192e-03	3.600029e+00
3.637000e-05	-2.429461e-03	3.335366e+00
3.638000e-05	-3.999581e-03	3.021082e+00
3.639000e-05	-3.794496e-03	2.799446e+00
3.640000e-05	-2.980869e-03	2.492537e+00
3.641000e-05	-4.391846e-03	2.199549e+00
3.642000e-05	-3.587483e-03	1.947370e+00
3.643000e-05	-3.842408e-03	1.671633e+00
3.644000e-05	-3.009857e-03	1.337866e+00
3.645000e-05	-4.642474e-03	1.079478e+00
3.646000e-05	-4.611748e-03	7.441643e-01
3.647000e-05	-4.538356e-03	4.316292e-01
3.648000e-05	-2.582125e-03	1.853173e-01
3.649000e-05	-1.232503e-03	-1.268919e-01
3.650000e-05	4.780471e-03	-3.804712e-01
3.651000e-05	-5.380134e-03	-6.137115e-01
3.652000e-05	3.126353e-04	-9.268136e-01
3.653000e-05	-5.678290e-03	-1.182052e+00
3.654000e-05	-2.288758e-03	-1.537793e+00
3.655000e-05	-4.345738e-04	-1.748847e+00
3.656000e-05	3.545969e-02	-1.959420e+00
3.657000e-05	8.614049e-02	-2.222160e+00
3.658000e-05	-5.298311e-02	-2.582084e+00
3.659000e-05	-5.205169e-02	-2.972630e+00
3.660000e-05	-4.322697e-02	-3.275842e+00
3.661000e-05	-2.317308e-02	-3.509375e+00
3.662000e-05	-5.410170e-02	-3.722023e+00
3.663000e-05	1.023875e-01	-4.010454e+00
3.664000e-05	-4.713136e-02	-4.204111e+00
3.665000e-05	-1.279102e-02	-4.454789e+00
3.666000e-05	1.269840e-01	-4.659302e+00
3.667000e-05	-1.448495e-01	-5.016192e+00
3.668000e-05	8.407602e-02	-5.309481e+00
3.669000e-05	-1.103164e-01	-5.594762e+00
3.670000e-05	1.590862e-02	-5.886374e+00
3.671000e-05	6.807766e-02	-6.091376e+00
3.672000e-05	-9.110057e-02	-6.426769e+00
3.673000e-05	9.975788e-02	-6.678875e+00
3.674000e-05	-8.175017e-02	-6.922034e+00
3.675000e-05	2.777683e-02	-7.267421e+00
3.676000e-05	-2.867977e-02	-7.480345e+00
3.677000e-05	-4.244205e-02	-7.783791e+00
3.678000e-05	6.780760e-02	-8.066817e+00
3.679000e-05	-7.833659e-02	-8.316904e+00
3.680000e-05	7.994961e-02	-8.522187e+00
3.681000e-05	-7.224130e-02	-8.774089e+00
3.682000e-05	7.495916e-03	-8.995768e+00
3.683000e-05	-6.528366e-03	-9.226821e+00
3.684000e-05	-3.060759e-02	-9.520502e+00
3.685000e-05	3.422976e-02	-9.669926e+00
3.686000e-05	-5.631238e-02	-9.914080e+00
3.687000e-05	5.364592e-02	-1.012161e+01
3.688000e-05	-6.079128e-02	-1.036372e+01
3.689000e-05	2.363057e-02	-1.056364e+01
3.690000e-05	-4.702203e-02	-1.076467e+01
3.691000e-05	1.000746e-02	-1.096514e+01
3.692000e-05	-1.309449e-02	-1.121462e+01
3.693000e-05	-1.211672e-02	-1.140724e+01
3.694000e-05	4.248150e-03	-1.159727e+01
3.695000e-05	-2.614687e-02	-1.175635e+01
3.696000e-05	7.554260e-03	-1.197735e+01
3.697000e-05	-4.281079e-02	-1.222679e+01
3.698000e-05	8.551664e-03	-1.236669e+01
3.699000e-05	-3.507759e-02	-1.251264e+01
3.700000e-05	1.153459e-02	-1.270311e+01
3.701000e-05	-2.826344e-02	-1.284951e+01
3.702000e-05	2.365703e-03	-1.300785e+01
3.703000e-05	-2.110384e-02	-1.318519e+01
3.704000e-05	-9.815612e-03	-1.330217e+01
3.705000e-05	-1.903010e-02	-1.348843e+01
3.706000e-05	-2.072629e-02	-1.361888e+01
3.707000e-05	-8.889886e-03	-1.373369e+01
3.708000e-05	-1.991966e-02	-1.388412e+01
3.709000e-05	-6.424633e-03	-1.400887e+01
3.710000e-05	-2.369753e-02	-1.411372e+01
3.711000e-05	-8.453296e-03	-1.427108e+01
3.712000e-05	-2.318354e-02	-1.437682e+01
3.713000e-05	-1.218659e-02	-1.449106e+01
3.714000e-05	-2.361087e-02	-1.459777e+01
3.715000e-05	-1.397675e-02	-1.469146e+01
3.716000e-05	-1.878403e-02	-1.477610e+01
3.717000e-05	-1.811307e-02	-1.481003e+01
3.718000e-05	-2.026987e-02	-1.490271e+01
3.719000e-05	-1.988603e-02	-1.501624e+01
3.720000e-05	-1.966812e-02	-1.502849e+01
3.721000e-05	-2.171107e-02	-1.510256e+01
3.722000e-05	-2.027802e-02	-1.520680e+01
3.723000e-05	-2.156796e-02	-1.524941e+01
3.724000e-05	-2.075042e-02	-1.525096e+01
3.725000e-05	-2.496450e-02	-1.533352e+01
3.726000e-05	-2.239957e-02	-1.534469e+01
3.727000e-05	-2.428021e-02	-1.537570e+01
3.728000e-05	-2.269728e-02	-1.539872e+01
3.729000e-05	-2.650663e-02	-1.537837e+01
3.730000e-05	-2.517454e-02	-1.543836e+01
3.731000e-05	-2.778455e-02	-1.544786e+01
3.732000e-05	-2.816039e-02	-1.540828e+01
3.733000e-05	-2.977285e-02	-1.539743e+01
3.734000e-05	-3.058192e-02	-1.542785e+01
3.735000e-05	-2.976380e-02	-1.537730e+01
3.736000e-05	-3.258954e-02	-1.538462e+01
3.737000e-05	-3.334255e-02	-1.534462e+01
3.738000e-05	-3.602351e-02	-1.531359e+01
3.739000e-05	-3.599490e-02	-1.527043e+01
3.740000e-05	-3.732961e-02	-1.524786e+01
3.741000e-05	-3.969451e-02	-1.514727e+01
3.742000e-05	-4.075532e-02	-1.511364e+01
3.743000e-05	-4.173466e-02	-1.507001e+01
3.744000e-05	-4.264710e-02	-1.499528e+01
3.745000e-05	-4.671303e-02	-1.489372e+01
3.746000e-05	-4.976962e-02	-1.484903e+01
3.747000e-05	-5.049080e-02	-1.475477e+01
3.748000e-05	-5.315032e-02	-1.469066e+01
3.749000e-05	-5.540068e-02	-1.461527e+01
3.750000e-05	-5.916869e-02	-1.452249e+01
3.751000e-05	-6.041011e-02	-1.444630e+01
3.752000e-05	-6.273432e-02	-1.427211e+01
3.753000e-05	-6.420777e-02	-1.418327e+01
3.754000e-05	-6.679797e-02	-1.401746e+01
3.755000e-05	-6.454857e-02	-1.391206e+01
3.756000e-05	-6.489362e-02	-1.379532e+01
3.757000e-05	-6.406280e-02	-1.363930e+01
3.758000e-05	-6.382568e-02	-1.349211e+01
3.759000e-05	-6.147672e-02	-1.334622e+01
3.760000e-05	-5.951446e-02	-1.320582e+01
3.761000e-05	-5.673490e-02	-1.302795e+01
3.762000e-05	-5.540874e-02	-1.292259e+01
3.763000e-05	-5.302009e-02	-1.275469e+01
3.764000e-05	-4.812908e-02	-1.261462e+01
3.765000e-05	-4.607391e-02	-1.245545e+01
3.766000e-05	-4.357248e-02	-1.228741e+01
3.767000e-05	-4.132973e-02	-1.208840e+01
3.768000e-05	-3.925571e-02	-1.182903e+01
3.769000e-05	-3.697813e-02	-1.167998e+01
3.770000e-05	-3.547848e-02	-1.147836e+01
3.771000e-05	-3.284473e-02	-1.123788e+01
3.772000e-05	-3.026045e-02	-1.107732e+01
3.773000e-05	-2.953217e-02	-1.081724e+01
3.774000e-05	-2.688152e-02	-1.065577e+01
3.775000e-05	-2.611818e-02	-1.043730e+01
3.776000e-05	-2.377773e-02	-1.023685e+01
3.777000e-05	-2.252823e-02	-9.972215e+00
3.778000e-05	-2.127216e-02	-9.783689e+00
3.779000e-05	-2.047884e-02	-9.602063e+00
3.780000e-05	-1.980501e-02	-9.351529e+00
3.781000e-05	-1.928192e-02	-9.119404e+00
3.782000e-05	-1.787526e-02	-8.898874e+00
3.783000e-05	-1.843960e-02	-8.655899e+00
3.784000e-05	-1.495194e-02	-8.421689e+00
3.785000e-05	-1.469859e-02	-8.181580e+00
3.786000e-05	-1.261186e-02	-7.929060e+00
3.787000e-05	-1.370621e-02	-7.674291e+00
3.788000e-05	-1.183135e-02	-7.383087e+00
3.789000e-05	-1.246902e-02	-7.108980e+00
3.790000e-05	-1.174758e-02	-6.865191e+00
3.791000e-05	-1.201593e-02	-6.622664e+00
3.792000e-05	-1.040485e-02	-6.379032e+00
3.793000e-05	-1.088943e-02	-6.094822e+00
3.794000e-05	-9.131758e-03	-5.814639e+00
3.795000e-05	-9.951809e-03	-5.569981e+00
3.796000e-05	-7.785699e-03	-5.265289e+00
3.797000e-05	-8.855462e-03	-4.989554e+00
3.798000e-05	-6.090288e-03	-4.652711e+00
3.799000e-05	-8.098085e-03	-4.432032e+00
3.800000e-05	-7.488156e-03	-4.138478e+00
3.801000e-05	-8.016804e-03	-3.934741e+00
3.802000e-05	-7.422678e-03	-3.640552e+00
3.803000e-05	-8.246203e-03	-3.325373e+00
3.804000e-05	-5.968990e-03	-3.052637e+00
3.805000e-05	-5.395005e-03	-2.766922e+00
3.806000e-05	-4.016839e-03	-2.494188e+00
3.807000e-05	-4.840868e-03	-2.201053e+00
3.808000e-05	-5.087614e-03	-1.914318e+00
3.809000e-05	-5.112168e-03	-1.611107e+00
3.810000e-05	-6.136515e-03	-1.326212e+00
3.811000e-05	-5.310936e-03	-1.028574e+00
3.812000e-05	-4.941244e-03	-7.674110e-01
3.813000e-05	-2.030897e-03	-4.106054e-01
3.814000e-05	-2.361261e-03	-1.778975e-01
3.815000e-05	5.784600e-03	8.423569e-02
3.816000e-05	5.104446e-03	4.215026e-01
3.817000e-05	1.071322e-04	6.341315e-01
3.818000e-05	8.769098e-04	8.983905e-01
3.819000e-05	-5.584159e-04	1.203233e+00
3.820000e-05	2.522359e-03	1.477337e+00
3.821000e-05	2.478542e-03	1.791477e+00
3.822000e-05	2.352686e-02	2.012055e+00
3.823000e-05	6.805638e-02	2.288815e+00
3.824000e-05	1.903660e-02	2.665789e+00
3.825000e-05	-6.675260e-02	2.989105e+00
3.826000e-05	-4.231747e-02	3.223633e+00
3.827000e-05	-1.118976e-02	3.538399e+00
3.828000e-05	-1.883431e-02	3.719423e+00
3.829000e-05	-4.105213e-02	3.906841e+00
3.830000e-05	7.300895e-02	4.153552e+00
3.831000e-05	-1.056605e-02	4.479346e+00
3.832000e-05	3.114308e-02	4.769848e+00
3.833000e-05	6.750185e-02	5.055939e+00
3.834000e-05	-9.454639e-02	5.372684e+00
3.835000e-05	4.814161e-02	5.607163e+00
3.836000e-05	-2.944736e-02	5.940999e+00
3.837000e-05	2.490931e-02	6.163556e+00
3.838000e-05	5.104408e-03	6.436313e+00
3.839000e-05	-2.324936e-02	6.711083e+00
3.840000e-05	5.911049e-02	6.983083e+00
3.841000e-05	-1.987033e-02	7.226897e+00
3.842000e-05	-2.372554e-03	7.489558e+00
3.843000e-05	-3.151475e-02	7.764718e+00
3.844000e-05	4.253199e-02	8.087375e+00
3.845000e-05	2.089711e-02	8.350028e+00
3.846000e-05	-3.047128e-02	8.540454e+00
3.847000e-05	3.120658e-02	8.763538e+00
3.848000e-05	-9.521205e-03	8.963690e+00
3.849000e-05	2.016489e-02	9.215242e+00
3.850000e-05	-1.244479e-02	9.485873e+00
3.851000e-05	5.226200e-03	9.670553e+00
3.852000e-05	1.294672e-02	9.901007e+00
3.853000e-05	1.625599e-02	1.011158e+01
3.854000e-05	1.133292e-02	1.036409e+01
3.855000e-05	-1.865455e-02	1.056367e+01
3.856000e-05	1.949061e-02	1.079519e+01
3.857000e-05	4.154784e-03	1.099417e+01
3.858000e-05	1.357306e-02	1.118612e+01
3.859000e-05	-6.539486e-03	1.138682e+01
3.860000e-05	1.749996e-02	1.157779e+01
3.861000e-05	1.329694e-02	1.182778e+01
3.862000e-05	9.002714e-03	1.201574e+01
3.863000e-05	-2.109099e-03	1.217622e+01
3.864000e-05	4.599518e-03	1.237466e+01
3.865000e-05	1.769719e-02	1.253208e+01
3.866000e-05	6.733359e-03	1.270941e+01
3.867000e-05	8.626879e-03	1.284948e+01
3.868000e-05	6.460424e-03	1.307730e+01
3.869000e-05	2.074210e-02	1.318625e+01
3.870000e-05	7.736211e-03	1.334153e+01
3.871000e-05	5.398669e-03	1.348055e+01
3.872000e-05	4.496369e-03	1.360632e+01
3.873000e-05	1.799443e-02	1.372526e+01
3.874000e-05	1.264337e-02	1.387145e+01
3.875000e-05	6.943914e-03	1.397890e+01
3.876000e-05	1.169258e-02	1.411619e+01
3.877000e-05	1.577086e-02	1.429111e+01
3.878000e-05	1.527871e-02	1.435577e+01
3.879000e-05	6.579928e-03	1.451206e+01
3.880000e-05	1.229632e-02	1.459792e+01
3.881000e-05	1.453358e-02	1.469948e+01
3.882000e-05	1.830944e-02	1.473469e+01
3.883000e-05	1.038530e-02	1.484633e+01
3.884000e-05	1.226347e-02	1.492201e+01
3.885000e-05	1.625780e-02	1.495480e+01
3.886000e-05	1.657260e-02	1.503945e+01
3.887000e-05	1.334862e-02	1.510309e+01
3.888000e-05	1.227620e-02	1.514464e+01
3.889000e-05	1.877708e-02	1.518785e+01
3.890000e-05	2.000084e-02	1.522948e+01
3.891000e-05	1.622271e-02	1.523061e+01
3.892000e-05	1.384423e-02	1.532267e+01
3.893000e-05	2.032105e-02	1.535477e+01
3.894000e-05	2.138107e-02	1.539625e+01
3.895000e-05	1.928478e-02	1.537635e+01
3.896000e-05	1.745601e-02	1.541730e+01
3.897000e-05	2.195605e-02	1.541580e+01
3.898000e-05	2.430430e-02	1.539685e+01
3.899000e-05	2.220460e-02	1.539472e+01
3.900000e-05	2.241167e-02	1.542529e+01
3.901000e-05	2.494646e-02	1.537420e+01
3.902000e-05	3.011044e-02	1.531317e+01
3.903000e-05	2.763474e-02	1.531219e+01
3.904000e-05	2.672969e-02	1.529009e+01
3.905000e-05	2.969406e-02	1.526000e+01
3.906000e-05	3.369710e-02	1.519674e+01
3.907000e-05	3.398425e-02	1.516562e+01
3.908000e-05	3.275332e-02	1.506006e+01
3.909000e-05	3.735889e-02	1.503793e+01
3.910000e-05	3.947438e-02	1.496529e+01
3.911000e-05	4.158150e-02	1.486056e+01
3.912000e-05	4.024485e-02	1.481675e+01
3.913000e-05	4.410876e-02	1.471369e+01
3.914000e-05	4.923807e-02	1.466991e+01
3.915000e-05	5.156701e-02	1.455374e+01
3.916000e-05	5.313108e-02	1.444845e+01
3.917000e-05	5.423336e-02	1.436574e+01
3.918000e-05	5.991988e-02	1.426848e+01
3.919000e-05	5.876133e-02	1.414213e+01
3.920000e-05	5.842184e-02	1.396385e+01
3.921000e-05	5.694248e-02	1.385796e+01
3.922000e-05	6.068641e-02	1.372061e+01
3.923000e-05	5.851006e-02	1.357577e+01
3.924000e-05	5.500294e-02	1.346790e+01
3.925000e-05	5.388230e-02	1.331101e+01
3.926000e-05	5.374673e-02	1.314361e+01
3.927000e-05	5.085796e-02	1.302632e+01
3.928000e-05	4.600183e-02	1.282638e+01
3.929000e-05	4.291093e-02	1.270003e+01
3.930000e-05	4.268913e-02	1.253111e+01
3.931000e-05	4.101289e-02	1.234411e+01
3.932000e-05	3.556409e-02	1.219517e+01
3.933000e-05	3.218392e-02	1.203379e+01
3.934000e-05	3.110995e-02	1.181579e+01
3.935000e-05	3.008273e-02	1.162834e+01
3.936000e-05	2.594742e-02	1.142532e+01
3.937000e-05	2.337956e-02	1.119424e+01
3.938000e-05	2.430170e-02	1.099574e+01
3.939000e-05	2.376063e-02	1.081464e+01
3.940000e-05	1.935155e-02	1.062164e+01
3.941000e-05	1.581599e-02	1.038124e+01
3.942000e-05	1.627644e-02	1.017411e+01
3.943000e-05	1.654388e-02	9.941132e+00
3.944000e-05	1.256073e-02	9.741453e+00
3.945000e-05	1.098320e-02	9.447924e+00
3.946000e-05	1.130402e-02	9.308297e+00
3.947000e-05	1.204048e-02	9.075818e+00
3.948000e-05	9.448977e-03	8.792189e+00
3.949000e-05	7.255893e-03	8.591076e+00
3.950000e-05	6.824483e-03	8.332028e+00
3.951000e-05	7.910471e-03	8.146974e+00
3.952000e-05	5.263228e-03	7.844395e+00
3.953000e-05	3.363060e-03	7.622612e+00
3.954000e-05	3.282491e-03	7.328451e+00
3.955000e-05	4.176579e-03	7.074292e+00
3.956000e-05	3.353391e-03	6.812759e+00
3.957000e-05	1.498090e-03	6.568530e+00
3.958000e-05	2.042449e-03	6.308245e+00
3.959000e-05	2.836943e-03	6.024687e+00
3.960000e-05	1.693463e-03	5.780508e+00
3.961000e-05	2.826572e-04	5.466297e+00
3.962000e-05	-7.140400e-04	5.211632e+00
3.963000e-05	7.840627e-05	4.904841e+00
3.964000e-05	3.061733e-04	4.600556e+00
3.965000e-05	-1.583428e-03	4.336948e+00
3.966000e-05	-2.589473e-03	4.022582e+00
3.967000e-05	-8.794871e-04	3.798472e+00
3.968000e-05	-1.291503e-03	3.535867e+00
3.969000e-05	-1.093118e-03	3.230079e+00
3.970000e-05	-3.476600e-03	2.958371e+00
3.971000e-05	-3.425506e-03	2.663668e+00
3.972000e-05	-3.118193e-03	2.348499e+00
3.973000e-05	-3.074907e-03	2.135740e+00
3.974000e-05	-4.824684e-03	1.841582e+00
3.975000e-05	-5.075780e-03	1.546789e+00
3.976000e-05	-3.371358e-03	1.241082e+00
3.977000e-05	-4.140830e-03	8.852594e-01
3.978000e-05	-4.505463e-03	6.215564e-01
3.979000e-05	-4.894072e-03	3.764925e-01
3.980000e-05	-2.404997e-03	6.055281e-02
3.981000e-05	3.051385e-03	-2.010776e-01
3.982000e-05	1.662318e-03	-4.436317e-01
3.983000e-05	-4.613893e-03	-7.704037e-01
3.984000e-05	-3.428042e-03	-1.002554e+00
3.985000e-05	-3.790674e-03	-1.275263e+00
3.986000e-05	-2.408068e-03	-1.611002e+00
3.987000e-05	5.373103e-03	-1.813533e+00
3.988000e-05	5.541115e-02	-2.002588e+00
3.989000e-05	6.481958e-02	-2.339874e+00
3.990000e-05	-7.999059e-02	-2.697946e+00
3.991000e-05	-4.057902e-02	-3.097817e+00
3.992000e-05	-4.293516e-02	-3.380478e+00
3.993000e-05	-2.882214e-02	-3.591058e+00
3.994000e-05	-2.704603e-02	-3.785188e+00
3.995000e-05	1.149240e-01	-4.005112e+00
3.996000e-05	-1.198329e-01	-4.288319e+00
3.997000e-05	1.060956e-01	-4.530882e+00
3.998000e-05	1.516997e-02	-4.804580e+00
3.999000e-05	-9.700111e-02	-5.161030e+00
4.000000e-05	7.516045e-02	-5.406637e+00
4.001000e-05	-1.481219e-01	-5.731000e+00
4.002000e-05	1.114068e-01	-6.002559e+00
4.003000e-05	-2.840965e-02	-6.185217e+00
4.004000e-05	-2.242621e-02	-6.512528e+00
4.005000e-05	6.510851e-02	-6.802038e+00
4.006000e-05	-9.041948e-02	-7.036851e+00
4.007000e-05	6.031793e-02	-7.300983e+00
4.008000e-05	-8.406561e-02	-7.586164e+00
4.009000e-05	2.904101e-02	-7.940001e+00
4.010000e-05	1.239361e-02	-8.131534e+00
4.011000e-05	-4.209029e-02	-8.374642e+00
4.012000e-05	6.718959e-02	-8.586841e+00
4.013000e-05	-9.878716e-02	-8.908876e+00
4.014000e-05	5.426589e-02	-9.109949e+00
4.015000e-05	-5.848977e-02	-9.310984e+00
4.016000e-05	2.349449e-02	-9.553112e+00
4.017000e-05	-1.679025e-02	-9.733111e+00
4.018000e-05	-1.399450e-02	-9.984693e+00
4.019000e-05	2.534319e-02	-1.018629e+01
4.020000e-05	-5.347130e-02	-1.043850e+01
4.021000e-05	2.589889e-02	-1.063775e+01
4.022000e-05	-5.913037e-02	-1.081878e+01
4.023000e-05	3.471546e-02	-1.099682e+01
4.024000e-05	-4.090119e-02	-1.118938e+01
4.025000e-05	1.348634e-02	-1.146098e+01
4.026000e-05	-2.553475e-02	-1.167051e+01
4.027000e-05	-7.728466e-04	-1.190156e+01
4.028000e-05	-1.680534e-02	-1.209045e+01
4.029000e-05	-2.172222e-02	-1.223995e+01
4.030000e-05	-2.304361e-03	-1.240780e+01
4.031000e-05	-2.353658e-02	-1.256692e+01
4.032000e-05	5.827462e-03	-1.276577e+01
4.033000e-05	-3.049975e-02	-1.292206e+01
4.034000e-05	3.567313e-03	-1.310943e+01
4.035000e-05	-2.949836e-02	-1.319785e+01
4.036000e-05	-1.214052e-03	-1.335482e+01
4.037000e-05	-2.910074e-02	-1.350352e+01
4.038000e-05	-7.129285e-03	-1.367199e+01
4.039000e-05	-1.772549e-02	-1.379777e+01
4.040000e-05	-1.146218e-02	-1.390317e+01
4.041000e-05	-1.580974e-02	-1.402995e+01
4.042000e-05	-1.952368e-02	-1.419685e+01
4.043000e-05	-1.323591e-02	-1.429267e+01
4.044000e-05	-2.191471e-02	-1.441781e+01
4.045000e-05	-1.272488e-02	-1.454214e+01
4.046000e-05	-2.360625e-02	-1.460730e+01
4.047000e-05	-1.188948e-02	-1.470109e+01
4.048000e-05	-2.127031e-02	-1.479680e+01
4.049000e-05	-1.593456e-02	-1.487099e+01
4.050000e-05	-2.330984e-02	-1.492372e+01
4.051000e-05	-1.785260e-02	-1.500693e+01
4.052000e-05	-2.173795e-02	-1.503096e+01
4.053000e-05	-1.947741e-02	-1.510312e+01
4.054000e-05	-2.291145e-02	-1.516725e+01
4.055000e-05	-1.966811e-02	-1.520838e+01
4.056000e-05	-2.246241e-02	-1.530256e+01
4.057000e-05	-2.307602e-02	-1.535209e+01
4.058000e-05	-2.473015e-02	-1.534424e+01
4.059000e-05	-2.389964e-02	-1.537627e+01
4.060000e-05	-2.218511e-02	-1.540782e+01
4.061000e-05	-2.735222e-02	-1.538830e+01
4.062000e-05	-2.560328e-02	-1.541888e+01
4.063000e-05	-2.852405e-02	-1.543945e+01
4.064000e-05	-2.674582e-02	-1.542785e+01
4.065000e-05	-3.055017e-02	-1.541685e+01
4.066000e-05	-3.018478e-02	-1.541927e+01
4.067000e-05	-3.099446e-02	-1.540667e+01
4.068000e-05	-3.159971e-02	-1.535414e+01
4.069000e-05	-3.386870e-02	-1.534264e+01
4.070000e-05	-3.674869e-02	-1.532304e+01
4.071000e-05	-3.646237e-02	-1.525046e+01
4.072000e-05	-3.708578e-02	-1.518730e+01
4.073000e-05	-3.960108e-02	-1.515622e+01
4.074000e-05	-4.256028e-02	-1.509158e+01
4.075000e-05	-4.318793e-02	-1.506988e+01
4.076000e-05	-4.431819e-02	-1.495374e+01
4.077000e-05	-4.720513e-02	-1.491164e+01
4.078000e-05	-5.057057e-02	-1.481833e+01
4.079000e-05	-5.154110e-02	-1.471471e+01
4.080000e-05	-5.331832e-02	-1.466998e+01
4.081000e-05	-5.550471e-02	-1.461617e+01
4.082000e-05	-6.008054e-02	-1.446001e+01
4.083000e-05	-6.193886e-02	-1.435582e+01
4.084000e-05	-6.334696e-02	-1.423993e+01
4.085000e-05	-6.484470e-02	-1.413161e+01
4.086000e-05	-6.703546e-02	-1.401675e+01
4.087000e-05	-6.669522e-02	-1.387803e+01
4.088000e-05	-6.378780e-02	-1.373364e+01
4.089000e-05	-6.425288e-02	-1.359582e+01
4.090000e-05	-6.321028e-02	-1.348051e+01
4.091000e-05	-6.227990e-02	-1.332311e+01
4.092000e-05	-5.778307e-02	-1.316467e+01
4.093000e-05	-5.597073e-02	-1.302835e+01
4.094000e-05	-5.450268e-02	-1.288990e+01
4.095000e-05	-5.156250e-02	-1.269103e+01
4.096000e-05	-4.714813e-02	-1.259317e+01
4.097000e-05	-4.529304e-02	-1.236369e+01
4.098000e-05	-4.367455e-02	-1.222522e+01
4.099000e-05	-4.114700e-02	-1.202577e+01
4.100000e-05	-3.870995e-02	-1.181783e+01
4.101000e-05	-3.585060e-02	-1.159577e+01
4.102000e-05	-3.380438e-02	-1.136522e+01
4.103000e-05	-3.153797e-02	-1.120214e+01
4.104000e-05	-3.036970e-02	-1.096414e+01
4.105000e-05	-2.929352e-02	-1.078419e+01
4.106000e-05	-2.663855e-02	-1.062366e+01
4.107000e-05	-2.529092e-02	-1.037264e+01
4.108000e-05	-2.411585e-02	-1.016219e+01
4.109000e-05	-2.173102e-02	-9.950476e+00
4.110000e-05	-2.070888e-02	-9.741029e+00
4.111000e-05	-1.948775e-02	-9.478478e+00
4.112000e-05	-1.899588e-02	-9.297274e+00
4.113000e-05	-1.809373e-02	-9.045723e+00
4.114000e-05	-1.814383e-02	-8.803241e+00
4.115000e-05	-1.603583e-02	-8.571536e+00
4.116000e-05	-1.533769e-02	-8.349475e+00
4.117000e-05	-1.396269e-02	-8.139372e+00
4.118000e-05	-1.350827e-02	-7.844274e+00
4.119000e-05	-1.316189e-02	-7.591632e+00
4.120000e-05	-1.178250e-02	-7.289404e+00
4.121000e-05	-1.220451e-02	-7.044246e+00
4.122000e-05	-1.079274e-02	-6.771158e+00
4.123000e-05	-1.086344e-02	-6.558454e+00
4.124000e-05	-1.042944e-02	-6.307297e+00
4.125000e-05	-1.025998e-02	-6.041684e+00
4.126000e-05	-8.941186e-03	-5.778529e+00
4.127000e-05	-9.470489e-03	-5.444266e+00
4.128000e-05	-8.421272e-03	-5.160583e+00
4.129000e-05	-8.256816e-03	-4.874694e+00
4.130000e-05	-5.580610e-03	-4.538403e+00
4.131000e-05	-7.604770e-03	-4.348974e+00
4.132000e-05	-6.351317e-03	-4.095270e+00
4.133000e-05	-8.075706e-03	-3.850606e+00
4.134000e-05	-6.646124e-03	-3.506346e+00
4.135000e-05	-7.783824e-03	-3.273217e+00
4.136000e-05	-5.100099e-03	-2.969350e+00
4.137000e-05	-6.040412e-03	-2.663116e+00
4.138000e-05	-3.770797e-03	-2.431108e+00
4.139000e-05	-4.317572e-03	-2.113237e+00
4.140000e-05	-5.170373e-03	-1.820558e+00
4.141000e-05	-6.485507e-03	-1.546021e+00
4.142000e-05	-5.344321e-03	-1.218500e+00
4.143000e-05	-4.804035e-03	-9.258910e-01
4.144000e-05	-3.324431e-03	-6.730354e-01
4.145000e-05	-2.643959e-03	-3.363948e-01
4.146000e-05	-7.626086e-04	-1.027119e-01
4.147000e-05	7.815985e-03	1.715773e-01
4.148000e-05	1.112210e-03	4.747381e-01
4.149000e-05	1.822336e-03	7.263441e-01
4.150000e-05	-1.453116e-03	1.002599e+00
4.151000e-05	2.269279e-03	1.297320e+00
4.152000e-05	1.942246e-03	1.572626e+00
4.153000e-05	8.140006e-03	1.855739e+00
4.154000e-05	3.320613e-02	2.106337e+00
4.155000e-05	7.510686e-02	2.411051e+00
4.156000e-05	-2.544092e-02	2.750553e+00
4.157000e-05	-5.551591e-02	3.045309e+00
4.158000e-05	-3.888293e-02	3.298792e+00
4.159000e-05	6.245909e-04	3.582557e+00
4.160000e-05	-3.992773e-02	3.782582e+00
4.161000e-05	-1.170082e-02	3.963005e+00
4.162000e-05	8.355980e-02	4.268347e+00
4.163000e-05	-5.260290e-02	4.553104e+00
4.164000e-05	1.020752e-01	4.815062e+00
4.165000e-05	-1.647183e-02	5.143683e+00
4.166000e-05	-5.138154e-02	5.446767e+00
4.167000e-05	4.075925e-02	5.730500e+00
4.168000e-05	-3.823839e-02	6.023136e+00
4.169000e-05	4.982701e-02	6.246313e+00
4.170000e-05	-2.952804e-02	6.531578e+00
4.171000e-05	1.397185e-02	6.793637e+00
4.172000e-05	3.888969e-02	7.026343e+00
4.173000e-05	-2.134620e-02	7.282106e+00
4.174000e-05	-8.578496e-03	7.633166e+00
4.175000e-05	-2.236865e-02	7.847901e+00
4.176000e-05	5.764563e-02	8.153083e+00
4.177000e-05	-4.880579e-03	8.383563e+00
4.178000e-05	-1.306387e-02	8.553736e+00
4.179000e-05	2.719760e-02	8.786322e+00
4.180000e-05	-1.399232e-02	9.050449e+00
4.181000e-05	2.562198e-02	9.300477e+00
4.182000e-05	-2.262002e-02	9.531084e+00
4.183000e-05	2.010935e-02	9.772109e+00
4.184000e-05	7.053422e-03	1.002522e+01
4.185000e-05	2.380927e-02	1.021624e+01
4.186000e-05	-2.344121e-03	1.039685e+01
4.187000e-05	-1.213373e-02	1.059883e+01
4.188000e-05	2.066842e-02	1.085839e+01
4.189000e-05	8.679127e-04	1.100887e+01
4.190000e-05	1.495917e-02	1.121935e+01
4.191000e-05	-8.495450e-03	1.146898e+01
4.192000e-05	2.617071e-02	1.166898e+01
4.193000e-05	7.826764e-03	1.185940e+01
4.194000e-05	9.078884e-03	1.200895e+01
4.195000e-05	-5.096490e-03	1.221737e+01
4.196000e-05	9.564678e-03	1.238570e+01
4.197000e-05	1.641916e-02	1.256616e+01
4.198000e-05	5.897633e-03	1.272312e+01
4.199000e-05	9.158326e-03	1.289953e+01
4.200000e-05	8.778836e-03	1.306938e+01
4.201000e-05	2.142234e-02	1.325882e+01
4.202000e-05	4.308978e-03	1.336571e+01
4.203000e-05	6.308951e-03	1.349156e+01
4.204000e-05	5.551122e-03	1.362888e+01
4.205000e-05	1.798944e-02	1.373482e+01
4.206000e-05	1.037739e-02	1.392354e+01
4.207000e-05	5.981619e-03	1.405059e+01
4.208000e-05	1.277800e-02	1.418687e+01
4.209000e-05	1.479435e-02	1.428257e+01
4.210000e-05	1.469427e-02	1.442843e+01
4.211000e-05	6.026991e-03	1.452609e+01
4.212000e-05	1.400927e-02	1.460683e+01
4.213000e-05	1.655738e-02	1.471108e+01
4.214000e-05	1.667896e-02	1.476720e+01
4.215000e-05	9.537119e-03	1.485948e+01
4.216000e-05	1.106821e-02	1.492259e+01
4.217000e-05	1.729639e-02	1.497530e+01
4.218000e-05	1.529161e-02	1.506996e+01
4.219000e-05	1.379860e-02	1.508309e+01
4.220000e-05	1.337560e-02	1.515725e+01
4.221000e-05	2.039281e-02	1.519790e+01
4.222000e-05	1.853252e-02	1.523008e+01
4.223000e-05	1.550078e-02	1.526216e+01
4.224000e-05	1.435119e-02	1.532374e+01
4.225000e-05	2.051153e-02	1.537627e+01
4.226000e-05	2.130956e-02	1.539527e+01
4.227000e-05	1.828975e-02	1.538685e+01
4.228000e-05	1.815609e-02	1.540788e+01
4.229000e-05	2.237052e-02	1.538830e+01
4.230000e-05	2.434913e-02	1.539592e+01
4.231000e-05	2.188360e-02	1.538635e+01
4.232000e-05	2.290251e-02	1.536480e+01
4.233000e-05	2.789741e-02	1.537325e+01
4.234000e-05	2.936515e-02	1.529372e+01
4.235000e-05	2.762537e-02	1.532054e+01
4.236000e-05	2.596620e-02	1.526008e+01
4.237000e-05	3.110291e-02	1.518848e+01
4.238000e-05	3.297113e-02	1.517630e+01
4.239000e-05	3.364984e-02	1.513361e+01
4.240000e-05	3.291225e-02	1.507001e+01
4.241000e-05	3.829495e-02	1.500680e+01
4.242000e-05	4.067144e-02	1.496314e+01
4.243000e-05	4.131951e-02	1.486886e+01
4.244000e-05	4.065454e-02	1.482729e+01
4.245000e-05	4.476078e-02	1.469061e+01
4.246000e-05	5.016498e-02	1.462730e+01
4.247000e-05	5.033142e-02	1.450212e+01
4.248000e-05	5.317218e-02	1.442642e+01
4.249000e-05	5.509714e-02	1.433271e+01
4.250000e-05	6.014527e-02	1.419730e+01
4.251000e-05	5.771172e-02	1.408903e+01
4.252000e-05	5.876415e-02	1.397519e+01
4.253000e-05	5.799147e-02	1.381732e+01
4.254000e-05	6.091217e-02	1.367895e+01
4.255000e-05	5.708439e-02	1.352371e+01
4.256000e-05	5.482256e-02	1.337525e+01
4.257000e-05	5.250458e-02	1.326938e+01
4.258000e-05	5.210435e-02	1.308209e+01
4.259000e-05	4.887829e-02	1.297364e+01
4.260000e-05	4.467121e-02	1.276432e+01
4.261000e-05	4.311186e-02	1.262892e+01
4.262000e-05	4.266970e-02	1.249888e+01
4.263000e-05	3.925110e-02	1.229056e+01
4.264000e-05	3.508225e-02	1.214204e+01
4.265000e-05	3.258810e-02	1.194151e+01
4.266000e-05	3.034653e-02	1.178358e+01
4.267000e-05	2.854668e-02	1.156354e+01
4.268000e-05	2.508376e-02	1.135206e+01
4.269000e-05	2.372342e-02	1.114308e+01
4.270000e-05	2.303382e-02	1.096113e+01
4.271000e-05	2.215409e-02	1.069166e+01
4.272000e-05	1.867046e-02	1.054061e+01
4.273000e-05	1.704761e-02	1.032060e+01
4.274000e-05	1.538197e-02	1.009938e+01
4.275000e-05	1.488032e-02	9.876928e+00
4.276000e-05	1.232701e-02	9.635743e+00
4.277000e-05	1.151665e-02	9.394637e+00
4.278000e-05	9.186845e-03	9.214164e+00
4.279000e-05	9.716458e-03	8.953083e+00
4.280000e-05	9.495909e-03	8.690477e+00
4.281000e-05	7.959539e-03	8.507972e+00
4.282000e-05	6.306206e-03	8.255819e+00
4.283000e-05	5.996536e-03	8.032712e+00
4.284000e-05	5.244884e-03	7.802051e+00
4.285000e-05	4.812637e-03	7.496925e+00
4.286000e-05	3.393591e-03	7.182741e+00
4.287000e-05	2.448708e-03	7.000155e+00
4.288000e-05	3.145799e-03	6.737980e+00
4.289000e-05	2.254832e-03	6.453732e+00
4.290000e-05	2.698472e-03	6.162131e+00
4.291000e-05	1.503076e-03	5.949500e+00
4.292000e-05	1.485543e-03	5.674740e+00
4.293000e-05	8.363082e-05	5.421162e+00
4.294000e-05	-4.952635e-04	5.116371e+00
4.295000e-05	3.563505e-04	4.769475e+00
4.296000e-05	-1.070516e-03	4.536819e+00
4.297000e-05	-2.103818e-03	4.241661e+00
4.298000e-05	-1.596745e-03	3.939470e+00
4.299000e-05	-1.218101e-03	3.664760e+00
4.300000e-05	-1.714582e-03	3.401502e+00
4.301000e-05	-3.337018e-03	3.126842e+00
4.302000e-05	-3.477452e-03	2.862737e+00
4.303000e-05	-2.782572e-03	2.580478e+00
4.304000e-05	-3.327145e-03	2.284313e+00
4.305000e-05	-4.460348e-03	2.032631e+00
4.306000e-05	-3.500052e-03	1.777394e+00
4.307000e-05	-3.346711e-03	1.471078e+00
4.308000e-05	-4.307911e-03	1.146412e+00
4.309000e-05	-4.890302e-03	7.999975e-01
4.310000e-05	-4.403892e-03	5.267897e-01
4.311000e-05	-2.655920e-03	3.020531e-01
4.312000e-05	-1.614049e-03	-2.213272e-02
4.313000e-05	4.940677e-03	-2.758669e-01
4.314000e-05	-1.805101e-03	-5.189222e-01
4.315000e-05	-7.565678e-04	-8.121077e-01
4.316000e-05	-5.230323e-03	-1.085742e+00
4.317000e-05	-2.575074e-03	-1.362079e+00
4.318000e-05	-3.414405e-03	-1.644608e+00
4.319000e-05	1.618679e-02	-1.854742e+00
4.320000e-05	7.391384e-02	-2.068271e+00
4.321000e-05	1.438841e-02	-2.465814e+00
4.322000e-05	-7.486818e-02	-2.866112e+00
4.323000e-05	-3.745629e-02	-3.201609e+00
4.324000e-05	-3.215769e-02	-3.434642e+00
4.325000e-05	-4.613260e-02	-3.656268e+00
4.326000e-05	3.017029e-02	-3.907426e+00
4.327000e-05	6.376525e-02	-4.076243e+00
4.328000e-05	-1.188051e-01	-4.362584e+00
4.329000e-05	1.635936e-01	-4.603618e+00
4.330000e-05	-9.274282e-02	-4.897447e+00
4.331000e-05	-1.640668e-03	-5.234245e+00
4.332000e-05	-7.263149e-04	-5.477948e+00
4.333000e-05	-1.076038e-01	-5.804736e+00
4.334000e-05	1.377061e-01	-6.035741e+00
4.335000e-05	-9.702399e-02	-6.330481e+00
4.336000e-05	5.774551e-02	-6.594686e+00
4.337000e-05	-7.403621e-03	-6.818170e+00
4.338000e-05	-4.728573e-02	-7.184584e+00
4.339000e-05	4.235946e-02	-7.393671e+00
4.340000e-05	-9.807897e-02	-7.690353e+00
4.341000e-05	7.722624e-02	-7.922086e+00
4.342000e-05	-4.978737e-02	-8.193186e+00
4.343000e-05	2.555574e-02	-8.426746e+00
4.344000e-05	9.378174e-03	-8.688454e+00
4.345000e-05	-6.984989e-02	-8.931108e+00
4.346000e-05	5.023927e-02	-9.162034e+00
4.347000e-05	-7.294974e-02	-9.344214e+00
4.348000e-05	5.424214e-02	-9.647318e+00
4.349000e-05	-5.844354e-02	-9.838272e+00
4.350000e-05	3.469529e-02	-1.004782e+01
4.351000e-05	-2.289718e-02	-1.028990e+01
4.352000e-05	-1.489844e-02	-1.049156e+01
4.353000e-05	-5.498791e-03	-1.066048e+01
4.354000e-05	-3.620450e-02	-1.087153e+01
4.355000e-05	2.593872e-02	-1.110198e+01
4.356000e-05	-4.188559e-02	-1.130309e+01
4.357000e-05	2.210295e-02	-1.149354e+01
4.358000e-05	-3.942998e-02	-1.170467e+01
4.359000e-05	1.520239e-02	-1.194461e+01
4.360000e-05	-3.750538e-02	-1.214313e+01
4.361000e-05	-9.315468e-04	-1.230197e+01
4.362000e-05	-2.077349e-02	-1.244999e+01
4.363000e-05	-4.296522e-03	-1.266001e+01
4.364000e-05	-9.706285e-03	-1.280537e+01
4.365000e-05	-1.946324e-02	-1.297727e+01
4.366000e-05	-5.065226e-03	-1.310206e+01
4.367000e-05	-2.396055e-02	-1.325103e+01
4.368000e-05	-3.356646e-03	-1.342727e+01
4.369000e-05	-3.044726e-02	-1.356575e+01
4.370000e-05	-2.326819e-03	-1.370301e+01
4.371000e-05	-2.244021e-02	-1.383930e+01
4.372000e-05	-4.283564e-03	-1.395535e+01
4.373000e-05	-2.337779e-02	-1.408064e+01
4.374000e-05	-1.231894e-02	-1.418990e+01
4.375000e-05	-1.880599e-02	-1.434561e+01
4.376000e-05	-1.646637e-02	-1.446056e+01
4.377000e-05	-1.794842e-02	-1.453379e+01
4.378000e-05	-1.845970e-02	-1.465946e+01
4.379000e-05	-1.339106e-02	-1.474251e+01
4.380000e-05	-2.018453e-02	-1.477833e+01
4.381000e-05	-1.851287e-02	-1.487206e+01
4.382000e-05	-2.205657e-02	-1.493529e+01
4.383000e-05	-1.814262e-02	-1.500693e+01
4.384000e-05	-2.098820e-02	-1.510104e+01
4.385000e-05	-1.977512e-02	-1.512670e+01
4.386000e-05	-2.291582e-02	-1.520683e+01
4.387000e-05	-1.976543e-02	-1.527998e+01
4.388000e-05	-2.463477e-02	-1.528154e+01
4.389000e-05	-2.359789e-02	-1.532412e+01
4.390000e-05	-2.598756e-02	-1.534527e+01
4.391000e-05	-2.213919e-02	-1.538612e+01
4.392000e-05	-2.368807e-02	-1.536690e+01
4.393000e-05	-2.543058e-02	-1.541830e+01
4.394000e-05	-2.676371e-02	-1.540841e+01
4.395000e-05	-2.840645e-02	-1.543792e+01
4.396000e-05	-2.767663e-02	-1.546040e+01
4.397000e-05	-3.049492e-02	-1.538935e+01
4.398000e-05	-3.087642e-02	-1.541728e+01
4.399000e-05	-3.190595e-02	-1.537572e+01
4.400000e-05	-3.238775e-02	-1.530622e+01
4.401000e-05	-3.494048e-02	-1.531309e+01
4.402000e-05	-3.682982e-02	-1.529051e+01
4.403000e-05	-3.765275e-02	-1.521990e+01
4.404000e-05	-3.779025e-02	-1.521825e+01
4.405000e-05	-3.970914e-02	-1.510316e+01
4.406000e-05	-4.167350e-02	-1.509001e+01
4.407000e-05	-4.399477e-02	-1.501835e+01
4.408000e-05	-4.572844e-02	-1.493369e+01
4.409000e-05	-4.875361e-02	-1.485154e+01
4.410000e-05	-5.097752e-02	-1.478628e+01
4.411000e-05	-5.306765e-02	-1.471269e+01
4.412000e-05	-5.434024e-02	-1.464688e+01
4.413000e-05	-5.706873e-02	-1.453457e+01
4.414000e-05	-6.038368e-02	-1.440038e+01
4.415000e-05	-6.240597e-02	-1.434009e+01
4.416000e-05	-6.402632e-02	-1.419875e+01
4.417000e-05	-6.561888e-02	-1.410046e+01
4.418000e-05	-6.666714e-02	-1.393324e+01
4.419000e-05	-6.623311e-02	-1.383790e+01
4.420000e-05	-6.543000e-02	-1.373203e+01
4.421000e-05	-6.284629e-02	-1.351469e+01
4.422000e-05	-6.181143e-02	-1.340785e+01
4.423000e-05	-6.090033e-02	-1.324846e+01
4.424000e-05	-5.808637e-02	-1.310106e+01
4.425000e-05	-5.520715e-02	-1.298417e+01
4.426000e-05	-5.246076e-02	-1.283832e+01
4.427000e-05	-5.123364e-02	-1.264890e+01
4.428000e-05	-4.750686e-02	-1.249993e+01
4.429000e-05	-4.479317e-02	-1.234168e+01
4.430000e-05	-4.257881e-02	-1.215309e+01
4.431000e-05	-4.065820e-02	-1.194266e+01
4.432000e-05	-3.827938e-02	-1.178369e+01
4.433000e-05	-3.512049e-02	-1.153169e+01
4.434000e-05	-3.253670e-02	-1.129154e+01
4.435000e-05	-3.152717e-02	-1.111148e+01
4.436000e-05	-2.949309e-02	-1.092895e+01
4.437000e-05	-2.778861e-02	-1.072150e+01
4.438000e-05	-2.606475e-02	-1.054054e+01
4.439000e-05	-2.594359e-02	-1.030951e+01
4.440000e-05	-2.349434e-02	-1.007887e+01
4.441000e-05	-2.134530e-02	-9.898850e+00
4.442000e-05	-2.035610e-02	-9.656850e+00
4.443000e-05	-2.000501e-02	-9.454770e+00
4.444000e-05	-1.867304e-02	-9.202689e+00
4.445000e-05	-1.822025e-02	-8.993059e+00
4.446000e-05	-1.635379e-02	-8.743060e+00
4.447000e-05	-1.607952e-02	-8.487375e+00
4.448000e-05	-1.512004e-02	-8.267315e+00
4.449000e-05	-1.454600e-02	-8.013743e+00
4.450000e-05	-1.315531e-02	-7.782065e+00
4.451000e-05	-1.237791e-02	-7.476276e+00
4.452000e-05	-1.200210e-02	-7.225217e+00
4.453000e-05	-1.182646e-02	-6.959555e+00
4.454000e-05	-1.106682e-02	-6.686347e+00
4.455000e-05	-9.841066e-03	-6.465245e+00
4.456000e-05	-1.089739e-02	-6.201105e+00
4.457000e-05	-9.721733e-03	-5.917501e+00
4.458000e-05	-8.747281e-03	-5.685696e+00
4.459000e-05	-8.673390e-03	-5.350506e+00
4.460000e-05	-9.122556e-03	-5.085794e+00
4.461000e-05	-8.543690e-03	-4.758428e+00
4.462000e-05	-6.367296e-03	-4.495341e+00
4.463000e-05	-7.090475e-03	-4.263265e+00
4.464000e-05	-7.960209e-03	-3.980081e+00
4.465000e-05	-8.924505e-03	-3.714786e+00
4.466000e-05	-6.363757e-03	-3.442159e+00
4.467000e-05	-6.756685e-03	-3.178921e+00
4.468000e-05	-5.188676e-03	-2.882161e+00
4.469000e-05	-5.829153e-03	-2.609027e+00
4.470000e-05	-4.111513e-03	-2.326366e+00
4.471000e-05	-4.898573e-03	-2.010053e+00
4.472000e-05	-4.959058e-03	-1.735421e+00
4.473000e-05	-6.677249e-03	-1.462261e+00
4.474000e-05	-5.163378e-03	-1.135266e+00
4.475000e-05	-3.877248e-03	-8.720616e-01
4.476000e-05	-3.321059e-03	-5.263196e-01
4.477000e-05	-3.356510e-03	-2.707093e-01
4.478000e-05	1.542696e-03	-1.902235e-02
4.479000e-05	8.473444e-03	3.067669e-01
4.480000e-05	-1.327728e-03	5.489485e-01
4.481000e-05	2.288778e-03	8.114776e-01
4.482000e-05	-2.804184e-03	1.067867e+00
4.483000e-05	4.325728e-03	1.360526e+00
4.484000e-05	8.621759e-04	1.687866e+00
4.485000e-05	1.424736e-02	1.887945e+00
4.486000e-05	4.726511e-02	2.189975e+00
4.487000e-05	6.365932e-02	2.528893e+00
4.488000e-05	-5.856845e-02	2.866338e+00
4.489000e-05	-4.695917e-02	3.147895e+00
4.490000e-05	-3.038513e-02	3.382635e+00
4.491000e-05	7.926917e-04	3.654136e+00
4.492000e-05	-4.949531e-02	3.864813e+00
4.493000e-05	2.727045e-02	4.045218e+00
4.494000e-05	5.652008e-02	4.412608e+00
4.495000e-05	-4.293692e-02	4.666234e+00
4.496000e-05	1.256502e-01	4.901504e+00
4.497000e-05	-8.393378e-02	5.268394e+00
4.498000e-05	4.670239e-03	5.548950e+00
4.499000e-05	9.701665e-03	5.823285e+00
4.500000e-05	-1.720789e-02	6.108793e+00
4.501000e-05	4.432637e-02	6.351472e+00
4.502000e-05	-4.482456e-02	6.615238e+00
4.503000e-05	4.930167e-02	6.888395e+00
4.504000e-05	8.428453e-03	7.142030e+00
4.505000e-05	-1.068984e-02	7.416738e+00
4.506000e-05	-2.277177e-02	7.698001e+00
4.507000e-05	5.359338e-03	7.982762e+00
4.508000e-05	5.049520e-02	8.236292e+00
4.509000e-05	-2.500973e-02	8.466298e+00
4.510000e-05	9.767023e-03	8.687992e+00
4.511000e-05	1.005583e-02	8.911080e+00
4.512000e-05	-3.057813e-04	9.112556e+00
4.513000e-05	1.363647e-02	9.324131e+00
4.514000e-05	-1.686052e-02	9.615745e+00
4.515000e-05	2.126256e-02	9.866846e+00
4.516000e-05	9.413738e-03	1.003892e+01
4.517000e-05	2.372186e-02	1.028187e+01
4.518000e-05	-1.493504e-02	1.048996e+01
4.519000e-05	1.025301e-03	1.072298e+01
4.520000e-05	1.618678e-02	1.086153e+01
4.521000e-05	4.923841e-03	1.111243e+01
4.522000e-05	6.855697e-03	1.127261e+01
4.523000e-05	-8.149210e-05	1.152266e+01
4.524000e-05	2.510110e-02	1.175311e+01
4.525000e-05	8.613606e-03	1.193298e+01
4.526000e-05	4.962904e-03	1.211103e+01
4.527000e-05	-3.603682e-03	1.228996e+01
4.528000e-05	1.435483e-02	1.245843e+01
4.529000e-05	1.391036e-02	1.264782e+01
4.530000e-05	6.004960e-03	1.277669e+01
4.531000e-05	6.697280e-03	1.293324e+01
4.532000e-05	1.260526e-02	1.310261e+01
4.533000e-05	1.891009e-02	1.328943e+01
4.534000e-05	2.777692e-03	1.340629e+01
4.535000e-05	5.224606e-03	1.352357e+01
4.536000e-05	9.572445e-03	1.369948e+01
4.537000e-05	1.804211e-02	1.380682e+01
4.538000e-05	1.030880e-02	1.396474e+01
4.539000e-05	8.270250e-03	1.411267e+01
4.540000e-05	1.344273e-02	1.422833e+01
4.541000e-05	1.504794e-02	1.433477e+01
4.542000e-05	9.939553e-03	1.443945e+01
4.543000e-05	6.215181e-03	1.457472e+01
4.544000e-05	1.233644e-02	1.467895e+01
4.545000e-05	1.892818e-02	1.471416e+01
4.546000e-05	1.658065e-02	1.481582e+01
4.547000e-05	1.340787e-02	1.487143e+01
4.548000e-05	1.249358e-02	1.494659e+01
4.549000e-05	1.640410e-02	1.498680e+01
4.550000e-05	1.341112e-02	1.508008e+01
4.551000e-05	1.139644e-02	1.509362e+01
4.552000e-05	1.358731e-02	1.517674e+01
4.553000e-05	2.057469e-02	1.522940e+01
4.554000e-05	2.084890e-02	1.525003e+01
4.555000e-05	1.605283e-02	1.531064e+01
4.556000e-05	1.759827e-02	1.532416e+01
4.557000e-05	2.045441e-02	1.536522e+01
4.558000e-05	2.087281e-02	1.538477e+01
4.559000e-05	1.727630e-02	1.539542e+01
4.560000e-05	1.859932e-02	1.538688e+01
4.561000e-05	2.329620e-02	1.540685e+01
4.562000e-05	2.388857e-02	1.540927e+01
4.563000e-05	2.265011e-02	1.539629e+01
4.564000e-05	2.317145e-02	1.537425e+01
4.565000e-05	2.930432e-02	1.534327e+01
4.566000e-05	3.007704e-02	1.533056e+01
4.567000e-05	2.827137e-02	1.527009e+01
4.568000e-05	2.805426e-02	1.524993e+01
4.569000e-05	3.186425e-02	1.519732e+01
4.570000e-05	3.427194e-02	1.516477e+01
4.571000e-05	3.338697e-02	1.506206e+01
4.572000e-05	3.518331e-02	1.503795e+01
4.573000e-05	3.795645e-02	1.498627e+01
4.574000e-05	4.182761e-02	1.491258e+01
4.575000e-05	4.105590e-02	1.480947e+01
4.576000e-05	4.412309e-02	1.477464e+01
4.577000e-05	4.618153e-02	1.469003e+01
4.578000e-05	5.174718e-02	1.455720e+01
4.579000e-05	5.287248e-02	1.453001e+01
4.580000e-05	5.421653e-02	1.438577e+01
4.581000e-05	5.722176e-02	1.428048e+01
4.582000e-05	5.816987e-02	1.417524e+01
4.583000e-05	5.968263e-02	1.400843e+01
4.584000e-05	5.786730e-02	1.390308e+01
4.585000e-05	5.908805e-02	1.374275e+01
4.586000e-05	5.974990e-02	1.364933e+01
4.587000e-05	5.795845e-02	1.350003e+01
4.588000e-05	5.540427e-02	1.336316e+01
4.589000e-05	5.202744e-02	1.319622e+01
4.590000e-05	5.077975e-02	1.304890e+01
4.591000e-05	4.748210e-02	1.294946e+01
4.592000e-05	4.421060e-02	1.274206e+01
4.593000e-05	4.137295e-02	1.260419e+01
4.594000e-05	4.062312e-02	1.239472e+01
4.595000e-05	3.798377e-02	1.224845e+01
4.596000e-05	3.524905e-02	1.207938e+01
4.597000e-05	3.182801e-02	1.185045e+01
4.598000e-05	2.956513e-02	1.169845e+01
4.599000e-05	2.798423e-02	1.145945e+01
4.600000e-05	2.501852e-02	1.126838e+01
4.601000e-05	2.306632e-02	1.107740e+01
4.602000e-05	2.081883e-02	1.089940e+01
4.603000e-05	2.069149e-02	1.071945e+01
4.604000e-05	1.790937e-02	1.046590e+01
4.605000e-05	1.719272e-02	1.025635e+01
4.606000e-05	1.483255e-02	1.004417e+01
4.607000e-05	1.518628e-02	9.805736e+00
4.608000e-05	1.276628e-02	9.561581e+00
4.609000e-05	1.153651e-02	9.320457e+00
4.610000e-05	9.054541e-03	9.129976e+00
4.611000e-05	7.591660e-03	8.867346e+00
4.612000e-05	7.619218e-03	8.665824e+00
4.613000e-05	6.362819e-03	8.453190e+00
4.614000e-05	7.128395e-03	8.194137e+00
4.615000e-05	6.476338e-03	7.970026e+00
4.616000e-05	6.679372e-03	7.708444e+00
4.617000e-05	4.520676e-03	7.442661e+00
4.618000e-05	3.963519e-03	7.141455e+00
4.619000e-05	1.977820e-03	6.866923e+00
4.620000e-05	1.956496e-03	6.666241e+00
4.621000e-05	1.358216e-03	6.352028e+00
4.622000e-05	1.377198e-03	6.138898e+00
4.623000e-05	9.078314e-04	5.856195e+00
4.624000e-05	1.399856e-03	5.602053e+00
4.625000e-05	1.731237e-03	5.318424e+00
4.626000e-05	-1.008085e-04	4.972633e+00
4.627000e-05	-1.420606e-03	4.693767e+00
4.628000e-05	-1.590215e-03	4.433107e+00
4.629000e-05	-1.114872e-03	4.147851e+00
4.630000e-05	-2.474098e-03	3.863686e+00
4.631000e-05	-3.027028e-03	3.611629e+00
4.632000e-05	-2.435904e-03	3.307392e+00
4.633000e-05	-7.835872e-04	3.081108e+00
4.634000e-05	-2.573045e-03	2.789024e+00
4.635000e-05	-3.913159e-03	2.454666e+00
4.636000e-05	-3.627007e-03	2.218100e+00
4.637000e-05	-3.215981e-03	1.956895e+00
4.638000e-05	-4.622115e-03	1.631529e+00
4.639000e-05	-4.371047e-03	1.367894e+00
4.640000e-05	-5.696389e-03	1.029605e+00
4.641000e-05	-3.016040e-03	7.357120e-01
4.642000e-05	-3.915502e-03	4.716792e-01
4.643000e-05	-3.207639e-03	2.068484e-01
4.644000e-05	-9.491380e-04	-1.268405e-01
4.645000e-05	7.056021e-03	-3.384224e-01
4.646000e-05	-4.086057e-03	-6.436867e-01
4.647000e-05	-1.452694e-03	-8.873169e-01
4.648000e-05	-7.553597e-03	-1.159452e+00
4.649000e-05	-1.995071e-03	-1.466345e+00
4.650000e-05	-9.974406e-04	-1.697842e+00
4.651000e-05	3.219682e-02	-1.949450e+00
4.652000e-05	8.438170e-02	-2.201678e+00
4.653000e-05	-4.185259e-02	-2.592525e+00
4.654000e-05	-5.519020e-02	-2.901051e+00
4.655000e-05	-4.107284e-02	-3.296743e+00
4.656000e-05	-2.477617e-02	-3.486892e+00
4.657000e-05	-5.490212e-02	-3.721004e+00
4.658000e-05	9.370852e-02	-3.971526e+00
4.659000e-05	-2.869729e-02	-4.162632e+00
4.660000e-05	-3.709262e-02	-4.475714e+00
4.661000e-05	1.424204e-01	-4.658895e+00
4.662000e-05	-1.430618e-01	-5.014741e+00
4.663000e-05	7.469824e-02	-5.280454e+00
4.664000e-05	-9.524717e-02	-5.582688e+00
4.665000e-05	-7.604939e-03	-5.898797e+00
4.666000e-05	8.583282e-02	-6.089424e+00
4.667000e-05	-9.733304e-02	-6.434669e+00
4.668000e-05	9.782894e-02	-6.657347e+00
4.669000e-05	-7.334585e-02	-6.942052e+00
4.670000e-05	1.618180e-02	-7.266921e+00
4.671000e-05	-1.494027e-02	-7.458876e+00
4.672000e-05	-5.727443e-02	-7.804265e+00
4.673000e-05	7.276922e-02	-8.016217e+00
4.674000e-05	-7.859893e-02	-8.287401e+00
4.675000e-05	7.587619e-02	-8.540429e+00
4.676000e-05	-6.038548e-02	-8.733664e+00
4.677000e-05	-6.234354e-03	-9.024296e+00
4.678000e-05	5.485613e-03	-9.196617e+00
4.679000e-05	-4.178753e-02	-9.457452e+00
4.680000e-05	4.081286e-02	-9.688952e+00
4.681000e-05	-6.287251e-02	-9.891558e+00
4.682000e-05	5.407392e-02	-1.010211e+01
4.683000e-05	-5.928325e-02	-1.034309e+01
4.684000e-05	2.187907e-02	-1.058364e+01
4.685000e-05	-4.282029e-02	-1.076456e+01
4.686000e-05	4.203973e-03	-1.094527e+01
4.687000e-05	-5.626000e-03	-1.118419e+01
4.688000e-05	-1.784447e-02	-1.139732e+01
4.689000e-05	5.911853e-03	-1.157735e+01
4.690000e-05	-3.039494e-02	-1.179677e+01
4.691000e-05	9.768772e-03	-1.201682e+01
4.692000e-05	-4.249828e-02	-1.217677e+01
4.693000e-05	8.865102e-03	-1.235517e+01
4.694000e-05	-3.200606e-02	-1.252311e+01
4.695000e-05	9.949210e-03	-1.272001e+01
4.696000e-05	-2.476295e-02	-1.283943e+01
4.697000e-05	-2.015928e-03	-1.301722e+01
4.698000e-05	-1.936674e-02	-1.314467e+01
4.699000e-05	-1.252653e-02	-1.331314e+01
4.700000e-05	-1.579019e-02	-1.342746e+01
4.701000e-05	-2.181695e-02	-1.361890e+01
4.702000e-05	-7.906449e-03	-1.375364e+01
4.703000e-05	-2.133080e-02	-1.385059e+01
4.704000e-05	-5.243168e-03	-1.398783e+01
4.705000e-05	-2.403912e-02	-1.412372e+01
4.706000e-05	-8.963896e-03	-1.424899e+01
4.707000e-05	-2.312268e-02	-1.435833e+01
4.708000e-05	-1.173220e-02	-1.450306e+01
4.709000e-05	-2.211893e-02	-1.456777e+01
4.710000e-05	-1.530152e-02	-1.466938e+01
4.711000e-05	-1.857115e-02	-1.474372e+01
4.712000e-05	-1.803631e-02	-1.481943e+01
4.713000e-05	-2.013088e-02	-1.487161e+01
4.714000e-05	-2.027523e-02	-1.495679e+01
4.715000e-05	-1.900741e-02	-1.503846e+01
4.716000e-05	-2.014862e-02	-1.510414e+01
4.717000e-05	-2.002042e-02	-1.517622e+01
4.718000e-05	-2.147343e-02	-1.520943e+01
4.719000e-05	-2.044367e-02	-1.530088e+01
4.720000e-05	-2.437330e-02	-1.531214e+01
4.721000e-05	-2.261710e-02	-1.534471e+01
4.722000e-05	-2.646608e-02	-1.534587e+01
4.723000e-05	-2.161005e-02	-1.540625e+01
4.724000e-05	-2.588521e-02	-1.536635e+01
4.725000e-05	-2.395187e-02	-1.544837e+01
4.726000e-05	-2.723639e-02	-1.541883e+01
4.727000e-05	-2.762273e-02	-1.543835e+01
4.728000e-05	-2.926984e-02	-1.538632e+01
4.729000e-05	-3.097029e-02	-1.540741e+01
4.730000e-05	-3.045128e-02	-1.540633e+01
4.731000e-05	-3.238091e-02	-1.536625e+01
4.732000e-05	-3.335756e-02	-1.533359e+01
4.733000e-05	-3.700641e-02	-1.528212e+01
4.734000e-05	-3.662876e-02	-1.528899e+01
4.735000e-05	-3.734785e-02	-1.522838e+01
4.736000e-05	-3.825583e-02	-1.513622e+01
4.737000e-05	-4.078443e-02	-1.512509e+01
4.738000e-05	-4.262688e-02	-1.504051e+01
4.739000e-05	-4.410353e-02	-1.499633e+01
4.740000e-05	-4.696040e-02	-1.494224e+01
4.741000e-05	-5.043272e-02	-1.486793e+01
4.742000e-05	-5.209674e-02	-1.477427e+01
4.743000e-05	-5.354471e-02	-1.470061e+01
4.744000e-05	-5.512601e-02	-1.458780e+01
4.745000e-05	-5.867495e-02	-1.451096e+01
4.746000e-05	-6.069773e-02	-1.438480e+01
4.747000e-05	-6.162248e-02	-1.430111e+01
4.748000e-05	-6.539386e-02	-1.420377e+01
4.749000e-05	-6.570888e-02	-1.408798e+01
4.750000e-05	-6.653400e-02	-1.389211e+01
4.751000e-05	-6.477891e-02	-1.379475e+01
4.752000e-05	-6.543149e-02	-1.364891e+01
4.753000e-05	-6.366895e-02	-1.351109e+01
4.754000e-05	-6.144752e-02	-1.335432e+01
4.755000e-05	-5.888205e-02	-1.321635e+01
4.756000e-05	-5.712898e-02	-1.307843e+01
4.757000e-05	-5.453134e-02	-1.296254e+01
4.758000e-05	-5.186379e-02	-1.277267e+01
4.759000e-05	-4.902984e-02	-1.261637e+01
4.760000e-05	-4.698434e-02	-1.243678e+01
4.761000e-05	-4.429358e-02	-1.224788e+01
4.762000e-05	-4.338122e-02	-1.211048e+01
4.763000e-05	-3.835060e-02	-1.190096e+01
4.764000e-05	-3.733583e-02	-1.169893e+01
4.765000e-05	-3.504877e-02	-1.148891e+01
4.766000e-05	-3.312951e-02	-1.125782e+01
4.767000e-05	-2.970649e-02	-1.103732e+01
4.768000e-05	-2.780375e-02	-1.086532e+01
4.769000e-05	-2.811095e-02	-1.066830e+01
4.770000e-05	-2.636973e-02	-1.047782e+01
4.771000e-05	-2.379704e-02	-1.021579e+01
4.772000e-05	-2.208475e-02	-1.000430e+01
4.773000e-05	-2.169300e-02	-9.793132e+00
4.774000e-05	-2.121455e-02	-9.613742e+00
4.775000e-05	-1.940590e-02	-9.381033e+00
4.776000e-05	-1.728342e-02	-9.109951e+00
4.777000e-05	-1.769640e-02	-8.888900e+00
4.778000e-05	-1.724583e-02	-8.686875e+00
4.779000e-05	-1.566846e-02	-8.433162e+00
4.780000e-05	-1.438809e-02	-8.193135e+00
4.781000e-05	-1.320127e-02	-7.970030e+00
4.782000e-05	-1.326521e-02	-7.667319e+00
4.783000e-05	-1.389981e-02	-7.421613e+00
4.784000e-05	-1.017583e-02	-7.127957e+00
4.785000e-05	-1.288762e-02	-6.906321e+00
4.786000e-05	-1.013447e-02	-6.624688e+00
4.787000e-05	-1.130304e-02	-6.390080e+00
4.788000e-05	-7.931890e-03	-6.096797e+00
4.789000e-05	-9.608988e-03	-5.844216e+00
4.790000e-05	-7.791593e-03	-5.589505e+00
4.791000e-05	-1.056996e-02	-5.294793e+00
4.792000e-05	-8.624990e-03	-4.992007e+00
4.793000e-05	-8.273579e-03	-4.695712e+00
4.794000e-05	-8.304404e-03	-4.431579e+00
4.795000e-05	-8.238904e-03	-4.169529e+00
4.796000e-05	-5.910984e-03	-3.927369e+00
4.797000e-05	-5.663772e-03	-3.639680e+00
4.798000e-05	-7.186762e-03	-3.346921e+00
4.799000e-05	-6.204490e-03	-3.054211e+00
4.800000e-05	-6.544472e-03	-2.779522e+00
4.801000e-05	-4.038578e-03	-2.505243e+00
4.802000e-05	-6.372585e-03	-2.210009e+00
4.803000e-05	-6.113168e-03	-1.955271e+00
4.804000e-05	-6.065081e-03	-1.683612e+00
4.805000e-05	-4.845537e-03	-1.365866e+00
4.806000e-05	-5.270753e-03	-1.050451e+00
4.807000e-05	-4.475374e-03	-7.769211e-01
4.808000e-05	-2.750446e-03	-4.511017e-01
4.809000e-05	-3.890002e-04	-1.974973e-01
4.810000e-05	4.379778e-03	9.323806e-02
4.811000e-05	3.705681e-03	3.725500e-01
4.812000e-05	-2.407189e-03	6.331289e-01
4.813000e-05	5.338274e-04	8.757856e-01
4.814000e-05	-9.119714e-04	1.192479e+00
4.815000e-05	2.380573e-03	1.425363e+00
4.816000e-05	1.954181e-03	1.811031e+00
4.817000e-05	2.360034e-02	2.013055e+00
4.818000e-05	6.512825e-02	2.275786e+00
4.819000e-05	2.839238e-02	2.653759e+00
4.820000e-05	-6.932262e-02	2.929996e+00
4.821000e-05	-4.343754e-02	3.223639e+00
4.822000e-05	-1.455274e-02	3.486417e+00
4.823000e-05	-1.444215e-02	3.708899e+00
4.824000e-05	-4.383227e-02	3.886366e+00
4.825000e-05	6.678114e-02	4.171003e+00
4.826000e-05	1.670039e-03	4.487817e+00
4.827000e-05	1.659692e-02	4.737951e+00
4.828000e-05	8.358074e-02	5.017191e+00
4.829000e-05	-9.927510e-02	5.361555e+00
4.830000e-05	4.474057e-02	5.612137e+00
4.831000e-05	-2.603906e-02	5.909946e+00
4.832000e-05	1.993061e-02	6.162505e+00
4.833000e-05	1.102744e-02	6.404819e+00
4.834000e-05	-2.688766e-02	6.719927e+00
4.835000e-05	5.821475e-02	6.942083e+00
4.836000e-05	-1.512883e-02	7.217167e+00
4.837000e-05	-4.894983e-03	7.510550e+00
4.838000e-05	-2.984983e-02	7.765089e+00
4.839000e-05	3.656736e-02	8.058846e+00
4.840000e-05	2.809382e-02	8.290922e+00
4.841000e-05	-3.011736e-02	8.530480e+00
4.842000e-05	2.880363e-02	8.763538e+00
4.843000e-05	-6.606835e-03	8.963233e+00
4.844000e-05	1.463978e-02	9.237769e+00
4.845000e-05	-8.964970e-03	9.436270e+00
4.846000e-05	-2.888985e-04	9.668902e+00
4.847000e-05	1.648504e-02	9.921559e+00
4.848000e-05	1.585616e-02	1.011305e+01
4.849000e-05	1.600657e-02	1.035261e+01
4.850000e-05	-1.882009e-02	1.052364e+01
4.851000e-05	1.776825e-02	1.081467e+01
4.852000e-05	4.435509e-03	1.094319e+01
4.853000e-05	1.185021e-02	1.117404e+01
4.854000e-05	-7.225416e-03	1.138581e+01
4.855000e-05	1.601680e-02	1.159477e+01
4.856000e-05	1.541530e-02	1.180574e+01
4.857000e-05	1.013741e-02	1.198569e+01
4.858000e-05	-1.679267e-03	1.215376e+01
4.859000e-05	3.387864e-03	1.234261e+01
4.860000e-05	1.992970e-02	1.251261e+01
4.861000e-05	8.428210e-03	1.268090e+01
4.862000e-05	7.405345e-03	1.283927e+01
4.863000e-05	3.744678e-03	1.301680e+01
4.864000e-05	1.837977e-02	1.313422e+01
4.865000e-05	6.755888e-03	1.329305e+01
4.866000e-05	4.733583e-03	1.346993e+01
4.867000e-05	4.598557e-03	1.354670e+01
4.868000e-05	1.859195e-02	1.369174e+01
4.869000e-05	1.597617e-02	1.386040e+01
4.870000e-05	7.230444e-03	1.396680e+01
4.871000e-05	8.211805e-03	1.411522e+01
4.872000e-05	1.275816e-02	1.420911e+01
4.873000e-05	1.291414e-02	1.435374e+01
4.874000e-05	5.431091e-03	1.449053e+01
4.875000e-05	1.133918e-02	1.457619e+01
4.876000e-05	1.632833e-02	1.466101e+01
4.877000e-05	2.134887e-02	1.474421e+01
4.878000e-05	1.199002e-02	1.481787e+01
4.879000e-05	1.072700e-02	1.491153e+01
4.880000e-05	1.347890e-02	1.495712e+01
4.881000e-05	1.644488e-02	1.503643e+01
4.882000e-05	1.149520e-02	1.508356e+01
4.883000e-05	1.206506e-02	1.513459e+01
4.884000e-05	1.895712e-02	1.518745e+01
4.885000e-05	2.077638e-02	1.522000e+01
4.886000e-05	1.788378e-02	1.529063e+01
4.887000e-05	1.324082e-02	1.527164e+01
4.888000e-05	1.938400e-02	1.536225e+01
4.889000e-05	2.128210e-02	1.537529e+01
4.890000e-05	1.939433e-02	1.539730e+01
4.891000e-05	1.670984e-02	1.539682e+01
4.892000e-05	2.106772e-02	1.539732e+01
4.893000e-05	2.521184e-02	1.537732e+01
4.894000e-05	2.365577e-02	1.540487e+01
4.895000e-05	2.173560e-02	1.541529e+01
4.896000e-05	2.526017e-02	1.533282e+01
4.897000e-05	3.032016e-02	1.534377e+01
4.898000e-05	2.823947e-02	1.534116e+01
4.899000e-05	2.688788e-02	1.527056e+01
4.900000e-05	2.915499e-02	1.522848e+01
4.901000e-05	3.380602e-02	1.516732e+01
4.902000e-05	3.466016e-02	1.513327e+01
4.903000e-05	3.254758e-02	1.510056e+01
4.904000e-05	3.594481e-02	1.501840e+01
4.905000e-05	3.890444e-02	1.497519e+01
4.906000e-05	4.327845e-02	1.490301e+01
4.907000e-05	3.829699e-02	1.481830e+01
4.908000e-05	4.513418e-02	1.474369e+01
4.909000e-05	4.816083e-02	1.464748e+01
4.910000e-05	5.485475e-02	1.456417e+01
4.911000e-05	5.360848e-02	1.443890e+01
4.912000e-05	5.576988e-02	1.433474e+01
4.913000e-05	5.782447e-02	1.425886e+01
4.914000e-05	5.817593e-02	1.410306e+01
4.915000e-05	5.670745e-02	1.399532e+01
4.916000e-05	5.619914e-02	1.388945e+01
4.917000e-05	5.995768e-02	1.374166e+01
4.918000e-05	6.174479e-02	1.356627e+01
4.919000e-05	5.928074e-02	1.344892e+01
4.920000e-05	5.540124e-02	1.333308e+01
4.921000e-05	5.294357e-02	1.318466e+01
4.922000e-05	4.921747e-02	1.303535e+01
4.923000e-05	4.362401e-02	1.283643e+01
4.924000e-05	4.095516e-02	1.270991e+01
4.925000e-05	4.139730e-02	1.253361e+01
4.926000e-05	4.186818e-02	1.239269e+01
4.927000e-05	3.866700e-02	1.221467e+01
4.928000e-05	3.470086e-02	1.197625e+01
4.929000e-05	3.179267e-02	1.181625e+01
4.930000e-05	2.853614e-02	1.164482e+01
4.931000e-05	2.502404e-02	1.143482e+01
4.932000e-05	2.211454e-02	1.119529e+01
4.933000e-05	2.148693e-02	1.102372e+01
4.934000e-05	2.286759e-02	1.082572e+01
4.935000e-05	2.022798e-02	1.062427e+01
4.936000e-05	1.907205e-02	1.039317e+01
4.937000e-05	1.605633e-02	1.019414e+01
4.938000e-05	1.648512e-02	9.969559e+00
4.939000e-05	1.336362e-02	9.740554e+00
4.940000e-05	1.096046e-02	9.518876e+00
4.941000e-05	9.060364e-03	9.286924e+00
4.942000e-05	1.029268e-02	9.056800e+00
4.943000e-05	9.608949e-03	8.815186e+00
4.944000e-05	7.672281e-03	8.611636e+00
4.945000e-05	6.007883e-03	8.379054e+00
4.946000e-05	7.429543e-03	8.140403e+00
4.947000e-05	7.417521e-03	7.876296e+00
4.948000e-05	4.771045e-03	7.622664e+00
4.949000e-05	3.371389e-03	7.337978e+00
4.950000e-05	3.326335e-03	7.096270e+00
4.951000e-05	3.611720e-03	6.832237e+00
4.952000e-05	1.880866e-03	6.559950e+00
4.953000e-05	2.553058e-03	6.297266e+00
4.954000e-05	9.823898e-04	6.054162e+00
4.955000e-05	2.321964e-03	5.820154e+00
4.956000e-05	1.325673e-03	5.548371e+00
4.957000e-05	-9.697117e-04	5.274214e+00
4.958000e-05	-1.551563e-03	4.885265e+00
4.959000e-05	3.069407e-04	4.621076e+00
4.960000e-05	9.702775e-04	4.376973e+00
4.961000e-05	-1.497770e-03	4.063233e+00
4.962000e-05	-3.022483e-03	3.808471e+00
4.963000e-05	-1.526132e-03	3.497867e+00
4.964000e-05	-1.402107e-03	3.241578e+00
4.965000e-05	-3.798244e-03	2.979469e+00
4.966000e-05	-4.578453e-03	2.695285e+00
4.967000e-05	-3.006251e-03	2.411469e+00
4.968000e-05	-1.737024e-03	2.124793e+00
4.969000e-05	-2.727184e-03	1.842109e+00
4.970000e-05	-3.294306e-03	1.587894e+00
4.971000e-05	-4.059514e-03	1.272107e+00
4.972000e-05	-3.185976e-03	9.467644e-01
4.973000e-05	-4.765986e-03	6.516042e-01
4.974000e-05	-4.048094e-03	3.784436e-01
4.975000e-05	-4.497656e-03	5.315930e-02
4.976000e-05	3.067533e-03	-1.905039e-01
4.977000e-05	4.535909e-03	-4.826842e-01
4.978000e-05	-3.581943e-03	-7.477775e-01
4.979000e-05	-1.674941e-03	-9.714538e-01
4.980000e-05	-4.275526e-03	-1.285716e+00
4.981000e-05	-1.964307e-03	-1.540454e+00
4.982000e-05	4.144239e-03	-1.822082e+00
4.983000e-05	4.992571e-02	-2.030559e+00
4.984000e-05	6.933071e-02	-2.300424e+00
4.985000e-05	-7.587433e-02	-2.667845e+00
4.986000e-05	-4.125448e-02	-3.065817e+00
4.987000e-05	-4.279469e-02	-3.351397e+00
4.988000e-05	-2.734302e-02	-3.572555e+00
4.989000e-05	-3.254772e-02	-3.843185e+00
4.990000e-05	1.169971e-01	-4.054659e+00
4.991000e-05	-1.093721e-01	-4.285816e+00
4.992000e-05	8.194130e-02	-4.550933e+00
4.993000e-05	3.929700e-02	-4.744135e+00
4.994000e-05	-1.111329e-01	-5.110927e+00
4.995000e-05	8.161004e-02	-5.383691e+00
4.996000e-05	-1.459273e-01	-5.649473e+00
4.997000e-05	9.712338e-02	-5.931008e+00
4.998000e-05	-7.944364e-03	-6.205234e+00
4.999000e-05	-3.938034e-02	-6.539881e+00
