# 260929_17:24:38.903791
t	CH1	CH2
0.000000e+00	-3.541925e-03	1.504260e-01
1.000000e-08	1.620654e-03	-9.691705e-02
2.000000e-08	8.046273e-03	-4.089449e-01
3.000000e-08	-5.422154e-03	-6.801806e-01
4.000000e-08	-1.020868e-03	-9.572899e-01
5.000000e-08	-5.762045e-03	-1.248523e+00
6.000000e-08	9.723225e-04	-1.485884e+00
7.000000e-08	-2.402163e-03	-1.737441e+00
8.000000e-08	2.170359e-02	-1.987998e+00
9.000000e-08	9.110426e-02	-2.250206e+00
1.000000e-07	-1.975771e-02	-2.650624e+00
1.100000e-07	-6.095924e-02	-3.050674e+00
1.200000e-07	-4.372861e-02	-3.335369e+00
1.300000e-07	-1.905174e-02	-3.557391e+00
1.400000e-07	-5.635035e-02	-3.799148e+00
1.500000e-07	3.910976e-02	-4.030050e+00
1.600000e-07	6.317952e-02	-4.210023e+00
1.700000e-07	-1.141015e-01	-4.534782e+00
1.800000e-07	1.808548e-01	-4.796445e+00
1.900000e-07	-1.173831e-01	-5.072257e+00
2.000000e-07	1.383640e-02	-5.440129e+00
2.100000e-07	-8.643198e-03	-5.663178e+00
2.200000e-07	-8.506123e-02	-6.008419e+00
2.300000e-07	1.298096e-01	-6.188968e+00
2.400000e-07	-1.091724e-01	-6.523255e+00
2.500000e-07	7.885659e-02	-6.788442e+00
2.600000e-07	-1.742340e-02	-7.011521e+00
2.700000e-07	-3.654653e-02	-7.347369e+00
2.800000e-07	2.958018e-02	-7.576944e+00
2.900000e-07	-9.023972e-02	-7.903785e+00
3.000000e-07	9.255405e-02	-8.135763e+00
3.100000e-07	-6.486092e-02	-8.347387e+00
3.200000e-07	3.535996e-02	-8.660049e+00
3.300000e-07	-6.553990e-03	-8.873203e+00
3.400000e-07	-4.305569e-02	-9.134833e+00
3.500000e-07	4.148591e-02	-9.325708e+00
3.600000e-07	-7.246192e-02	-9.575944e+00
3.700000e-07	5.861130e-02	-9.788945e+00
3.800000e-07	-6.081808e-02	-9.990574e+00
3.900000e-07	4.927757e-02	-1.022210e+01
4.000000e-07	-4.284882e-02	-1.047276e+01
4.100000e-07	4.035064e-03	-1.069476e+01
4.200000e-07	-1.442421e-02	-1.090513e+01
4.300000e-07	-1.374874e-02	-1.111528e+01
4.400000e-07	9.878174e-03	-1.131409e+01
4.500000e-07	-3.376801e-02	-1.153639e+01
4.600000e-07	1.960038e-02	-1.171777e+01
4.700000e-07	-3.359931e-02	-1.196831e+01
4.800000e-07	1.538015e-02	-1.215842e+01
4.900000e-07	-4.097504e-02	-1.231681e+01
5.000000e-07	1.141021e-02	-1.249521e+01
5.100000e-07	-2.347334e-02	-1.267268e+01
5.200000e-07	5.002230e-03	-1.286353e+01
5.300000e-07	-2.154607e-02	-1.299000e+01
5.400000e-07	-6.860655e-03	-1.315789e+01
5.500000e-07	-1.061198e-02	-1.331381e+01
5.600000e-07	-1.571572e-02	-1.350365e+01
5.700000e-07	-1.033366e-02	-1.362950e+01
5.800000e-07	-2.185077e-02	-1.376737e+01
5.900000e-07	-5.748344e-04	-1.389474e+01
6.000000e-07	-2.122086e-02	-1.404258e+01
6.100000e-07	-3.813177e-03	-1.418937e+01
6.200000e-07	-2.411788e-02	-1.430418e+01
6.300000e-07	-7.035813e-03	-1.439050e+01
6.400000e-07	-2.119461e-02	-1.454629e+01
6.500000e-07	-1.242933e-02	-1.463148e+01
6.600000e-07	-1.988472e-02	-1.473576e+01
6.700000e-07	-1.247831e-02	-1.484192e+01
6.800000e-07	-1.448006e-02	-1.491576e+01
6.900000e-07	-1.773868e-02	-1.500890e+01
7.000000e-07	-1.957358e-02	-1.505308e+01
7.100000e-07	-2.084290e-02	-1.509732e+01
7.200000e-07	-1.772445e-02	-1.519047e+01
7.300000e-07	-2.148273e-02	-1.526265e+01
7.400000e-07	-1.891109e-02	-1.532526e+01
7.500000e-07	-2.147229e-02	-1.537932e+01
7.600000e-07	-1.762587e-02	-1.543094e+01
7.700000e-07	-2.512805e-02	-1.546211e+01
7.800000e-07	-2.300776e-02	-1.550519e+01
7.900000e-07	-2.713785e-02	-1.547527e+01
8.000000e-07	-2.202380e-02	-1.556832e+01
8.100000e-07	-2.540602e-02	-1.553887e+01
8.200000e-07	-2.575462e-02	-1.557992e+01
8.300000e-07	-2.746486e-02	-1.557939e+01
8.400000e-07	-2.781610e-02	-1.555987e+01
8.500000e-07	-2.910324e-02	-1.560785e+01
8.600000e-07	-3.307904e-02	-1.555897e+01
8.700000e-07	-3.240527e-02	-1.552742e+01
8.800000e-07	-3.489801e-02	-1.554572e+01
8.900000e-07	-3.448683e-02	-1.547521e+01
9.000000e-07	-3.925137e-02	-1.548253e+01
9.100000e-07	-3.954915e-02	-1.542252e+01
9.200000e-07	-4.125162e-02	-1.536882e+01
9.300000e-07	-4.181919e-02	-1.533634e+01
9.400000e-07	-4.634258e-02	-1.527358e+01
9.500000e-07	-4.742714e-02	-1.523243e+01
9.600000e-07	-5.178425e-02	-1.512774e+01
9.700000e-07	-5.338699e-02	-1.506306e+01
9.800000e-07	-5.833626e-02	-1.499838e+01
9.900000e-07	-6.123072e-02	-1.491621e+01
1.000000e-06	-6.309125e-02	-1.482195e+01
1.010000e-06	-6.527728e-02	-1.469727e+01
1.020000e-06	-6.731877e-02	-1.460248e+01
1.030000e-06	-6.999671e-02	-1.453682e+01
1.040000e-06	-7.028418e-02	-1.441250e+01
1.050000e-06	-7.037996e-02	-1.429561e+01
1.060000e-06	-7.037380e-02	-1.415935e+01
1.070000e-06	-6.940037e-02	-1.404301e+01
1.080000e-06	-6.677757e-02	-1.388566e+01
1.090000e-06	-6.449777e-02	-1.377890e+01
1.100000e-06	-6.064386e-02	-1.364246e+01
1.110000e-06	-5.876409e-02	-1.346356e+01
1.120000e-06	-5.515124e-02	-1.333772e+01
1.130000e-06	-5.185004e-02	-1.318987e+01
1.140000e-06	-4.830424e-02	-1.300198e+01
1.150000e-06	-4.601779e-02	-1.284364e+01
1.160000e-06	-4.271149e-02	-1.274369e+01
1.170000e-06	-4.055118e-02	-1.253774e+01
1.180000e-06	-3.795275e-02	-1.239987e+01
1.190000e-06	-3.642052e-02	-1.219987e+01
1.200000e-06	-3.291105e-02	-1.196135e+01
1.210000e-06	-3.088365e-02	-1.180998e+01
1.220000e-06	-3.101017e-02	-1.160082e+01
1.230000e-06	-2.779145e-02	-1.134827e+01
1.240000e-06	-2.380601e-02	-1.114681e+01
1.250000e-06	-2.372665e-02	-1.092724e+01
1.260000e-06	-2.461278e-02	-1.071827e+01
1.270000e-06	-2.331904e-02	-1.054777e+01
1.280000e-06	-1.969907e-02	-1.029421e+01
1.290000e-06	-1.946270e-02	-1.003361e+01
1.300000e-06	-1.953041e-02	-9.834052e+00
1.310000e-06	-1.810175e-02	-9.623084e+00
1.320000e-06	-1.539025e-02	-9.413003e+00
1.330000e-06	-1.527174e-02	-9.188925e+00
1.340000e-06	-1.597345e-02	-8.978771e+00
1.350000e-06	-1.565934e-02	-8.736718e+00
1.360000e-06	-1.337438e-02	-8.462636e+00
1.370000e-06	-1.294960e-02	-8.241480e+00
1.380000e-06	-1.344560e-02	-7.969979e+00
1.390000e-06	-1.285210e-02	-7.725168e+00
1.400000e-06	-1.110419e-02	-7.414453e+00
1.410000e-06	-1.000702e-02	-7.119949e+00
1.420000e-06	-1.222821e-02	-6.926787e+00
1.430000e-06	-1.087248e-02	-6.653533e+00
1.440000e-06	-1.029430e-02	-6.371475e+00
1.450000e-06	-7.252431e-03	-6.146739e+00
1.460000e-06	-9.891989e-03	-5.833583e+00
1.470000e-06	-1.064893e-02	-5.580924e+00
1.480000e-06	-7.646804e-03	-5.326194e+00
1.490000e-06	-8.931542e-03	-4.980850e+00
1.500000e-06	-7.025991e-03	-4.625633e+00
1.510000e-06	-8.936182e-03	-4.411505e+00
1.520000e-06	-6.562602e-03	-4.166925e+00
1.530000e-06	-4.647425e-03	-3.846111e+00
1.540000e-06	-6.817685e-03	-3.611479e+00
1.550000e-06	-7.498593e-03	-3.347292e+00
1.560000e-06	-8.011810e-03	-3.023508e+00
1.570000e-06	-6.304625e-03	-2.737892e+00
1.580000e-06	-8.529998e-03	-2.493134e+00
1.590000e-06	-6.768993e-03	-2.179899e+00
1.600000e-06	-4.986627e-03	-1.866737e+00
1.610000e-06	-2.268810e-03	-1.641033e+00
1.620000e-06	-4.004655e-03	-1.344716e+00
1.630000e-06	-5.381146e-03	-9.614764e-01
1.640000e-06	-6.698113e-03	-6.956895e-01
1.650000e-06	-5.294226e-03	-4.024762e-01
1.660000e-06	-4.070970e-03	-9.729847e-02
1.670000e-06	4.235840e-03	1.539682e-01
1.680000e-06	5.523892e-03	4.301276e-01
1.690000e-06	6.766894e-04	6.857315e-01
1.700000e-06	2.034716e-03	9.855421e-01
1.710000e-06	-1.913384e-03	1.263682e+00
1.720000e-06	9.548144e-04	1.556943e+00
1.730000e-06	5.803987e-04	1.851104e+00
1.740000e-06	1.598529e-02	2.021227e+00
1.750000e-06	6.100258e-02	2.304865e+00
1.760000e-06	4.326140e-02	2.692311e+00
1.770000e-06	-6.348684e-02	3.030527e+00
1.780000e-06	-4.441667e-02	3.283180e+00
1.790000e-06	-2.084368e-02	3.558424e+00
1.800000e-06	-8.218573e-04	3.830494e+00
1.810000e-06	-5.626792e-02	4.019525e+00
1.820000e-06	2.260587e-02	4.283708e+00
1.830000e-06	6.422502e-02	4.577017e+00
1.840000e-06	-4.074741e-02	4.831075e+00
1.850000e-06	1.203936e-01	5.166316e+00
1.860000e-06	-9.677597e-02	5.452629e+00
1.870000e-06	9.731057e-03	5.673331e+00
1.880000e-06	2.001172e-02	5.958473e+00
1.890000e-06	-1.897210e-02	6.231577e+00
1.900000e-06	3.138813e-02	6.524708e+00
1.910000e-06	-5.396526e-02	6.810525e+00
1.920000e-06	6.725725e-02	7.083181e+00
1.930000e-06	-2.503832e-03	7.316337e+00
1.940000e-06	-1.421473e-02	7.640999e+00
1.950000e-06	-2.912071e-02	7.905304e+00
1.960000e-06	1.644154e-02	8.170025e+00
1.970000e-06	4.969220e-02	8.419472e+00
1.980000e-06	-3.508794e-02	8.600598e+00
1.990000e-06	4.405835e-03	8.854156e+00
2.000000e-06	9.445738e-03	9.133839e+00
2.010000e-06	1.079849e-02	9.316816e+00
2.020000e-06	1.731604e-03	9.578414e+00
2.030000e-06	-1.833149e-02	9.800924e+00
2.040000e-06	1.943959e-02	1.004208e+01
2.050000e-06	1.446772e-02	1.027305e+01
2.060000e-06	1.635695e-02	1.049463e+01
2.070000e-06	-2.164932e-02	1.069473e+01
2.080000e-06	3.419440e-03	1.088576e+01
2.090000e-06	1.536109e-02	1.109371e+01
2.100000e-06	6.447326e-03	1.127625e+01
2.110000e-06	-6.466991e-03	1.151736e+01
2.120000e-06	2.668049e-03	1.174931e+01
2.130000e-06	2.272023e-02	1.197837e+01
2.140000e-06	9.758140e-03	1.209676e+01
2.150000e-06	-1.421913e-03	1.230581e+01
2.160000e-06	-2.891286e-03	1.248571e+01
2.170000e-06	1.523348e-02	1.266265e+01
2.180000e-06	1.096348e-02	1.282247e+01
2.190000e-06	-7.660388e-04	1.295937e+01
2.200000e-06	4.905781e-04	1.314691e+01
2.210000e-06	1.634840e-02	1.332521e+01
2.220000e-06	1.623630e-02	1.346053e+01
2.230000e-06	3.243134e-03	1.359150e+01
2.240000e-06	1.193135e-03	1.377534e+01
2.250000e-06	1.384179e-02	1.390419e+01
2.260000e-06	1.474475e-02	1.403158e+01
2.270000e-06	5.849137e-03	1.421137e+01
2.280000e-06	8.553419e-04	1.432574e+01
2.290000e-06	1.409001e-02	1.444302e+01
2.300000e-06	1.747647e-02	1.454742e+01
2.310000e-06	8.449594e-03	1.465245e+01
2.320000e-06	6.188930e-03	1.474829e+01
2.330000e-06	1.285126e-02	1.483107e+01
2.340000e-06	2.011697e-02	1.490516e+01
2.350000e-06	9.773029e-03	1.499989e+01
2.360000e-06	7.184640e-03	1.506205e+01
2.370000e-06	1.038379e-02	1.513726e+01
2.380000e-06	2.068460e-02	1.516235e+01
2.390000e-06	1.282396e-02	1.528455e+01
2.400000e-06	9.748530e-03	1.528666e+01
2.410000e-06	1.505164e-02	1.537932e+01
2.420000e-06	2.146108e-02	1.541191e+01
2.430000e-06	1.821223e-02	1.547153e+01
2.440000e-06	1.063564e-02	1.549666e+01
2.450000e-06	1.760438e-02	1.552773e+01
2.460000e-06	2.226206e-02	1.553734e+01
2.470000e-06	2.298688e-02	1.557924e+01
2.480000e-06	1.527070e-02	1.558979e+01
2.490000e-06	1.937249e-02	1.556987e+01
2.500000e-06	2.516983e-02	1.559830e+01
2.510000e-06	2.516504e-02	1.553084e+01
2.520000e-06	2.140202e-02	1.557929e+01
2.530000e-06	2.394771e-02	1.553724e+01
2.540000e-06	3.255568e-02	1.554771e+01
2.550000e-06	3.275801e-02	1.544305e+01
2.560000e-06	3.044264e-02	1.543248e+01
2.570000e-06	3.044060e-02	1.541000e+01
2.580000e-06	3.790487e-02	1.537827e+01
2.590000e-06	3.883905e-02	1.526661e+01
2.600000e-06	3.724049e-02	1.525100e+01
2.610000e-06	3.932253e-02	1.517087e+01
2.620000e-06	4.624522e-02	1.509511e+01
2.630000e-06	5.111213e-02	1.506253e+01
2.640000e-06	5.009308e-02	1.495979e+01
2.650000e-06	5.271232e-02	1.488466e+01
2.660000e-06	5.757904e-02	1.481092e+01
2.670000e-06	6.384457e-02	1.469363e+01
2.680000e-06	6.001700e-02	1.457198e+01
2.690000e-06	6.206412e-02	1.449649e+01
2.700000e-06	6.278350e-02	1.440044e+01
2.710000e-06	6.585887e-02	1.426506e+01
2.720000e-06	6.175178e-02	1.416672e+01
2.730000e-06	5.948172e-02	1.401190e+01
2.740000e-06	5.888167e-02	1.383506e+01
2.750000e-06	5.859497e-02	1.375722e+01
2.760000e-06	5.353378e-02	1.358935e+01
2.770000e-06	4.716348e-02	1.343248e+01
2.780000e-06	4.464330e-02	1.328516e+01
2.790000e-06	4.467074e-02	1.309829e+01
2.800000e-06	4.094069e-02	1.301137e+01
2.810000e-06	3.658300e-02	1.284195e+01
2.820000e-06	3.411539e-02	1.266350e+01
2.830000e-06	3.391475e-02	1.250511e+01
2.840000e-06	3.021670e-02	1.234566e+01
2.850000e-06	2.595034e-02	1.211807e+01
2.860000e-06	2.239661e-02	1.194882e+01
2.870000e-06	2.223188e-02	1.173784e+01
2.880000e-06	2.277490e-02	1.155822e+01
2.890000e-06	1.929688e-02	1.132672e+01
2.900000e-06	1.591948e-02	1.108769e+01
2.910000e-06	1.562942e-02	1.088719e+01
2.920000e-06	1.563363e-02	1.071614e+01
2.930000e-06	1.279478e-02	1.043469e+01
2.940000e-06	1.175258e-02	1.026401e+01
2.950000e-06	9.970422e-03	1.002408e+01
2.960000e-06	1.130752e-02	9.821902e+00
2.970000e-06	8.452254e-03	9.588924e+00
2.980000e-06	6.247947e-03	9.369344e+00
2.990000e-06	6.332421e-03	9.096745e+00
3.000000e-06	7.336340e-03	8.885687e+00
3.010000e-06	5.498530e-03	8.624011e+00
3.020000e-06	4.357281e-03	8.413506e+00
3.030000e-06	3.615134e-03	8.191347e+00
3.040000e-06	4.519538e-03	7.896167e+00
3.050000e-06	3.817003e-03	7.673637e+00
3.060000e-06	1.471224e-03	7.410403e+00
3.070000e-06	7.098408e-04	7.117293e+00
3.080000e-06	1.081831e-03	6.856162e+00
3.090000e-06	1.487254e-03	6.592399e+00
3.100000e-06	-1.053847e-03	6.327245e+00
3.110000e-06	2.913598e-04	6.116161e+00
3.120000e-06	1.080415e-03	5.812479e+00
3.130000e-06	1.287923e-05	5.547222e+00
3.140000e-06	-1.507168e-03	5.234535e+00
3.150000e-06	-6.272437e-04	4.927670e+00
3.160000e-06	-5.524509e-04	4.662454e+00
3.170000e-06	-1.348760e-03	4.347847e+00
3.180000e-06	-3.431709e-03	4.073566e+00
3.190000e-06	-2.039286e-03	3.792379e+00
3.200000e-06	-1.642167e-03	3.528719e+00
3.210000e-06	-3.547305e-03	3.212984e+00
3.220000e-06	-4.939569e-03	2.939422e+00
3.230000e-06	-2.616686e-03	2.686639e+00
3.240000e-06	-2.503012e-03	2.409900e+00
3.250000e-06	-2.400403e-03	2.107689e+00
3.260000e-06	-4.601483e-03	1.874011e+00
3.270000e-06	-3.655309e-03	1.517694e+00
3.280000e-06	-3.760852e-03	1.202035e+00
3.290000e-06	-4.202628e-03	8.661932e-01
3.300000e-06	-5.630139e-03	6.125289e-01
3.310000e-06	-4.258312e-03	3.072711e-01
3.320000e-06	-1.509655e-03	4.455519e-02
3.330000e-06	4.364463e-03	-2.511502e-01
3.340000e-06	1.911964e-03	-5.137815e-01
3.350000e-06	-2.513178e-03	-7.889735e-01
3.360000e-06	-2.803509e-03	-1.049678e+00
3.370000e-06	-2.093132e-03	-1.295411e+00
3.380000e-06	-3.057754e-03	-1.610600e+00
3.390000e-06	4.446193e-03	-1.861583e+00
3.400000e-06	4.472919e-02	-2.073182e+00
3.410000e-06	8.045090e-02	-2.357989e+00
3.420000e-06	-7.006725e-02	-2.788012e+00
3.430000e-06	-4.258993e-02	-3.215466e+00
3.440000e-06	-4.305582e-02	-3.440653e+00
3.450000e-06	-1.364549e-02	-3.640653e+00
3.460000e-06	-6.584580e-02	-3.915391e+00
3.470000e-06	1.170562e-01	-4.084158e+00
3.480000e-06	-5.891070e-02	-4.345389e+00
3.490000e-06	1.581320e-02	-4.602120e+00
3.500000e-06	1.161104e-01	-4.883706e+00
3.510000e-06	-1.599222e-01	-5.230100e+00
3.520000e-06	9.496007e-02	-5.534862e+00
3.530000e-06	-1.192740e-01	-5.789043e+00
3.540000e-06	4.655863e-02	-6.091153e+00
3.550000e-06	3.934391e-02	-6.284304e+00
3.560000e-06	-7.593902e-02	-6.649024e+00
3.570000e-06	1.093182e-01	-6.852148e+00
3.580000e-06	-8.956292e-02	-7.217865e+00
3.590000e-06	3.431154e-02	-7.462050e+00
3.600000e-06	-4.949766e-02	-7.672197e+00
3.610000e-06	-1.651201e-02	-8.029546e+00
3.620000e-06	6.107217e-02	-8.221045e+00
3.630000e-06	-7.595070e-02	-8.454079e+00
3.640000e-06	7.962004e-02	-8.764840e+00
3.650000e-06	-7.417225e-02	-8.976415e+00
3.660000e-06	3.042567e-02	-9.209996e+00
3.670000e-06	-2.944511e-02	-9.399899e+00
3.680000e-06	-1.423127e-02	-9.681153e+00
3.690000e-06	2.191433e-02	-9.862152e+00
3.700000e-06	-3.767344e-02	-1.011618e+01
3.710000e-06	4.274557e-02	-1.035478e+01
3.720000e-06	-6.090466e-02	-1.054699e+01
3.730000e-06	3.362282e-02	-1.078631e+01
3.740000e-06	-4.848823e-02	-1.092636e+01
3.750000e-06	2.143649e-02	-1.122897e+01
3.760000e-06	-2.856381e-02	-1.138945e+01
3.770000e-06	5.543233e-03	-1.164000e+01
3.780000e-06	-8.436327e-03	-1.183095e+01
3.790000e-06	-1.168025e-02	-1.200102e+01
3.800000e-06	-5.326886e-03	-1.222142e+01
3.810000e-06	-2.783299e-02	-1.239052e+01
3.820000e-06	7.582084e-03	-1.256892e+01
3.830000e-06	-2.783109e-02	-1.271589e+01
3.840000e-06	8.413864e-03	-1.290574e+01
3.850000e-06	-2.864110e-02	-1.303358e+01
3.860000e-06	7.575949e-03	-1.321197e+01
3.870000e-06	-2.595445e-02	-1.338884e+01
3.880000e-06	-2.833867e-03	-1.352681e+01
3.890000e-06	-2.423390e-02	-1.368403e+01
3.900000e-06	-7.916657e-03	-1.384003e+01
3.910000e-06	-1.414576e-02	-1.393729e+01
3.920000e-06	-1.415544e-02	-1.410518e+01
3.930000e-06	-1.137936e-02	-1.421092e+01
3.940000e-06	-1.791300e-02	-1.434777e+01
3.950000e-06	-9.265474e-03	-1.448418e+01
3.960000e-06	-2.187894e-02	-1.460837e+01
3.970000e-06	-1.144998e-02	-1.469206e+01
3.980000e-06	-2.112804e-02	-1.477834e+01
3.990000e-06	-9.729815e-03	-1.486406e+01
4.000000e-06	-2.024797e-02	-1.494779e+01
4.010000e-06	-1.651581e-02	-1.504998e+01
4.020000e-06	-2.117593e-02	-1.507463e+01
4.030000e-06	-1.650763e-02	-1.517682e+01
4.040000e-06	-2.063976e-02	-1.526300e+01
4.050000e-06	-1.872060e-02	-1.528570e+01
4.060000e-06	-2.039728e-02	-1.534774e+01
4.070000e-06	-1.879375e-02	-1.540994e+01
4.080000e-06	-2.096035e-02	-1.545253e+01
4.090000e-06	-2.455990e-02	-1.547166e+01
4.100000e-06	-2.237253e-02	-1.551571e+01
4.110000e-06	-2.549382e-02	-1.554819e+01
4.120000e-06	-2.218925e-02	-1.553916e+01
4.130000e-06	-2.683879e-02	-1.552932e+01
4.140000e-06	-2.402283e-02	-1.558944e+01
4.150000e-06	-2.907320e-02	-1.559945e+01
4.160000e-06	-2.859805e-02	-1.555987e+01
4.170000e-06	-3.181016e-02	-1.560984e+01
4.180000e-06	-3.077481e-02	-1.558774e+01
4.190000e-06	-3.336219e-02	-1.551726e+01
4.200000e-06	-3.577055e-02	-1.552514e+01
4.210000e-06	-3.649176e-02	-1.547463e+01
4.220000e-06	-3.830225e-02	-1.542408e+01
4.230000e-06	-4.064571e-02	-1.540140e+01
4.240000e-06	-4.368893e-02	-1.533832e+01
4.250000e-06	-4.345673e-02	-1.528624e+01
4.260000e-06	-4.504178e-02	-1.528256e+01
4.270000e-06	-4.868260e-02	-1.518035e+01
4.280000e-06	-5.266698e-02	-1.509814e+01
4.290000e-06	-5.475658e-02	-1.503353e+01
4.300000e-06	-5.876206e-02	-1.497827e+01
4.310000e-06	-6.249031e-02	-1.491608e+01
4.320000e-06	-6.512256e-02	-1.479890e+01
4.330000e-06	-6.548063e-02	-1.466516e+01
4.340000e-06	-6.787729e-02	-1.462945e+01
4.350000e-06	-7.133784e-02	-1.449471e+01
4.360000e-06	-7.214389e-02	-1.434782e+01
4.370000e-06	-7.049502e-02	-1.425255e+01
4.380000e-06	-6.805436e-02	-1.414721e+01
4.390000e-06	-6.788016e-02	-1.399995e+01
4.400000e-06	-6.601033e-02	-1.386553e+01
4.410000e-06	-6.358895e-02	-1.370569e+01
4.420000e-06	-5.888179e-02	-1.356840e+01
4.430000e-06	-5.824800e-02	-1.341153e+01
4.440000e-06	-5.467608e-02	-1.331558e+01
4.450000e-06	-5.142634e-02	-1.314769e+01
4.460000e-06	-4.627362e-02	-1.296837e+01
4.470000e-06	-4.396212e-02	-1.280250e+01
4.480000e-06	-4.210565e-02	-1.263246e+01
4.490000e-06	-4.004424e-02	-1.249506e+01
4.500000e-06	-3.632932e-02	-1.228669e+01
4.510000e-06	-3.507687e-02	-1.211629e+01
4.520000e-06	-3.340136e-02	-1.190726e+01
4.530000e-06	-3.173806e-02	-1.171809e+01
4.540000e-06	-2.837234e-02	-1.151706e+01
4.550000e-06	-2.607828e-02	-1.126311e+01
4.560000e-06	-2.527149e-02	-1.108503e+01
4.570000e-06	-2.431815e-02	-1.084200e+01
4.580000e-06	-2.224554e-02	-1.065513e+01
4.590000e-06	-2.158040e-02	-1.046306e+01
4.600000e-06	-2.074593e-02	-1.023043e+01
4.610000e-06	-1.975681e-02	-1.003897e+01
4.620000e-06	-1.878768e-02	-9.780398e+00
4.630000e-06	-1.637400e-02	-9.589872e+00
4.640000e-06	-1.610919e-02	-9.328190e+00
4.650000e-06	-1.632558e-02	-9.104213e+00
4.660000e-06	-1.560551e-02	-8.864013e+00
4.670000e-06	-1.320767e-02	-8.602028e+00
4.680000e-06	-1.281689e-02	-8.340818e+00
4.690000e-06	-1.345835e-02	-8.166770e+00
4.700000e-06	-1.263180e-02	-7.855667e+00
4.710000e-06	-1.133622e-02	-7.562401e+00
4.720000e-06	-1.062669e-02	-7.327842e+00
4.730000e-06	-1.068061e-02	-7.074583e+00
4.740000e-06	-1.246112e-02	-6.801877e+00
4.750000e-06	-1.021834e-02	-6.560242e+00
4.760000e-06	-7.807528e-03	-6.274637e+00
4.770000e-06	-8.142898e-03	-6.000953e+00
4.780000e-06	-1.251717e-02	-5.769294e+00
4.790000e-06	-7.426651e-03	-5.476187e+00
4.800000e-06	-6.906335e-03	-5.160397e+00
4.810000e-06	-6.951522e-03	-4.894037e+00
4.820000e-06	-1.072357e-02	-4.558721e+00
4.830000e-06	-7.708668e-03	-4.338266e+00
4.840000e-06	-6.184691e-03	-4.064987e+00
4.850000e-06	-5.256202e-03	-3.770477e+00
4.860000e-06	-1.023492e-02	-3.516715e+00
4.870000e-06	-7.657972e-03	-3.252431e+00
4.880000e-06	-5.468265e-03	-2.918797e+00
4.890000e-06	-3.491284e-03	-2.633609e+00
4.900000e-06	-6.583847e-03	-2.417448e+00
4.910000e-06	-5.782642e-03	-2.053588e+00
4.920000e-06	-4.510471e-03	-1.802478e+00
4.930000e-06	-5.029377e-03	-1.505189e+00
4.940000e-06	-7.125160e-03	-1.158826e+00
4.950000e-06	-7.040762e-03	-8.650907e-01
4.960000e-06	-3.282451e-03	-5.823517e-01
4.970000e-06	-1.642490e-03	-2.861908e-01
4.980000e-06	-1.669004e-03	-5.300401e-02
4.990000e-06	6.387668e-03	2.037515e-01
5.000000e-06	7.574620e-06	5.469180e-01
5.010000e-06	3.435027e-03	7.785210e-01
5.020000e-06	-2.286204e-03	1.082258e+00
5.030000e-06	1.142770e-05	1.335366e+00
5.040000e-06	-1.651325e-04	1.662228e+00
5.050000e-06	7.262610e-03	1.927386e+00
5.060000e-06	2.478328e-02	2.177390e+00
5.070000e-06	7.947336e-02	2.420655e+00
5.080000e-06	-1.418982e-02	2.839551e+00
5.090000e-06	-5.801450e-02	3.093383e+00
5.100000e-06	-4.345762e-02	3.420967e+00
5.110000e-06	-2.152699e-03	3.672129e+00
5.120000e-06	-2.474005e-02	3.894762e+00
5.130000e-06	-4.904756e-02	4.073737e+00
5.140000e-06	7.731062e-02	4.377442e+00
5.150000e-06	-1.010823e-02	4.682755e+00
5.160000e-06	4.053525e-02	4.928312e+00
5.170000e-06	5.259508e-02	5.253231e+00
5.180000e-06	-9.773357e-02	5.545892e+00
5.190000e-06	5.184893e-02	5.830570e+00
5.200000e-06	-2.158541e-02	6.083258e+00
5.210000e-06	1.683508e-02	6.384389e+00
5.220000e-06	-1.083901e-02	6.611575e+00
5.230000e-06	-1.943608e-02	6.893785e+00
5.240000e-06	7.034719e-02	7.177567e+00
5.250000e-06	-2.880980e-02	7.432604e+00
5.260000e-06	-4.614702e-03	7.725713e+00
5.270000e-06	-3.400467e-02	8.019970e+00
5.280000e-06	5.050591e-02	8.272104e+00
5.290000e-06	1.678094e-02	8.463156e+00
5.300000e-06	-3.953121e-02	8.733735e+00
5.310000e-06	2.454139e-02	8.938337e+00
5.320000e-06	-5.954263e-03	9.187500e+00
5.330000e-06	2.808799e-02	9.390049e+00
5.340000e-06	-2.501692e-02	9.653131e+00
5.350000e-06	6.672140e-03	9.903361e+00
5.360000e-06	1.258062e-02	1.016591e+01
5.370000e-06	2.086091e-02	1.034381e+01
5.380000e-06	1.368074e-03	1.058782e+01
5.390000e-06	-2.505265e-02	1.078900e+01
5.400000e-06	2.205580e-02	1.103892e+01
5.410000e-06	5.579059e-03	1.114794e+01
5.420000e-06	1.273907e-02	1.138947e+01
5.430000e-06	-1.519327e-02	1.162110e+01
5.440000e-06	2.083291e-02	1.189158e+01
5.450000e-06	1.342680e-02	1.203115e+01
5.460000e-06	8.221004e-03	1.217899e+01
5.470000e-06	-1.080367e-02	1.239800e+01
5.480000e-06	3.863437e-03	1.258882e+01
5.490000e-06	2.011460e-02	1.276578e+01
5.500000e-06	5.471455e-03	1.293421e+01
5.510000e-06	3.794056e-03	1.301158e+01
5.520000e-06	3.877389e-03	1.324155e+01
5.530000e-06	2.318444e-02	1.341734e+01
5.540000e-06	4.656084e-03	1.350473e+01
5.550000e-06	1.063510e-03	1.364413e+01
5.560000e-06	-5.204090e-04	1.383185e+01
5.570000e-06	1.852626e-02	1.393681e+01
5.580000e-06	1.283208e-02	1.406568e+01
5.590000e-06	4.018162e-03	1.425147e+01
5.600000e-06	8.513731e-03	1.436836e+01
5.610000e-06	1.568094e-02	1.450365e+01
5.620000e-06	1.566019e-02	1.455837e+01
5.630000e-06	1.544606e-03	1.470371e+01
5.640000e-06	8.703435e-03	1.479985e+01
5.650000e-06	1.399687e-02	1.484466e+01
5.660000e-06	1.814529e-02	1.495726e+01
5.670000e-06	7.527595e-03	1.503045e+01
5.680000e-06	9.817783e-03	1.506423e+01
5.690000e-06	1.585891e-02	1.514931e+01
5.700000e-06	1.769020e-02	1.523398e+01
5.710000e-06	1.170965e-02	1.530518e+01
5.720000e-06	1.024118e-02	1.535672e+01
5.730000e-06	1.839113e-02	1.539987e+01
5.740000e-06	1.857348e-02	1.543142e+01
5.750000e-06	1.549133e-02	1.547311e+01
5.760000e-06	1.191296e-02	1.546461e+01
5.770000e-06	2.060393e-02	1.552876e+01
5.780000e-06	2.149701e-02	1.555734e+01
5.790000e-06	2.038461e-02	1.555829e+01
5.800000e-06	1.781216e-02	1.558027e+01
5.810000e-06	2.128741e-02	1.556886e+01
5.820000e-06	2.628805e-02	1.554882e+01
5.830000e-06	2.293896e-02	1.557979e+01
5.840000e-06	2.276837e-02	1.555774e+01
5.850000e-06	2.633809e-02	1.553923e+01
5.860000e-06	3.351168e-02	1.550606e+01
5.870000e-06	3.213305e-02	1.544413e+01
5.880000e-06	2.968111e-02	1.539098e+01
5.890000e-06	3.330614e-02	1.536890e+01
5.900000e-06	3.777320e-02	1.535674e+01
5.910000e-06	3.890482e-02	1.530758e+01
5.920000e-06	3.774517e-02	1.522198e+01
5.930000e-06	4.127050e-02	1.515014e+01
5.940000e-06	4.825735e-02	1.510411e+01
5.950000e-06	4.961792e-02	1.500295e+01
5.960000e-06	5.075287e-02	1.492674e+01
5.970000e-06	5.282046e-02	1.482368e+01
5.980000e-06	5.918624e-02	1.474982e+01
5.990000e-06	6.170459e-02	1.466309e+01
6.000000e-06	6.205977e-02	1.452975e+01
6.010000e-06	6.196844e-02	1.448608e+01
6.020000e-06	6.443307e-02	1.436724e+01
6.030000e-06	6.546303e-02	1.421345e+01
6.040000e-06	6.217059e-02	1.407571e+01
6.050000e-06	5.912655e-02	1.398024e+01
6.060000e-06	5.648013e-02	1.383088e+01
6.070000e-06	5.770362e-02	1.368508e+01
6.080000e-06	5.107671e-02	1.353624e+01
6.090000e-06	4.791261e-02	1.337887e+01
6.100000e-06	4.357360e-02	1.326158e+01
6.110000e-06	4.434026e-02	1.305356e+01
6.120000e-06	3.884598e-02	1.292566e+01
6.130000e-06	3.652185e-02	1.276734e+01
6.140000e-06	3.197498e-02	1.261082e+01
6.150000e-06	3.283764e-02	1.245185e+01
6.160000e-06	2.829171e-02	1.225355e+01
6.170000e-06	2.538742e-02	1.204301e+01
6.180000e-06	2.322075e-02	1.185348e+01
6.190000e-06	2.239802e-02	1.170411e+01
6.200000e-06	2.149459e-02	1.146603e+01
6.210000e-06	1.717306e-02	1.124188e+01
6.220000e-06	1.697361e-02	1.100353e+01
6.230000e-06	1.492521e-02	1.079303e+01
6.240000e-06	1.491220e-02	1.061343e+01
6.250000e-06	1.083271e-02	1.041896e+01
6.260000e-06	1.120728e-02	1.019130e+01
6.270000e-06	1.040965e-02	9.978825e+00
6.280000e-06	9.654955e-03	9.737244e+00
6.290000e-06	7.562561e-03	9.475136e+00
6.300000e-06	6.614794e-03	9.274634e+00
6.310000e-06	7.429582e-03	9.042505e+00
6.320000e-06	4.266979e-03	8.822474e+00
6.330000e-06	4.509512e-03	8.579273e+00
6.340000e-06	4.331387e-03	8.288194e+00
6.350000e-06	4.681145e-03	8.086535e+00
6.360000e-06	2.757338e-03	7.881399e+00
6.370000e-06	2.356127e-03	7.540269e+00
6.380000e-06	2.515507e-03	7.246087e+00
6.390000e-06	2.629883e-03	7.022452e+00
6.400000e-06	1.614349e-03	6.759952e+00
6.410000e-06	1.122231e-04	6.515637e+00
6.420000e-06	1.453410e-04	6.214006e+00
6.430000e-06	-5.653709e-05	5.981400e+00
6.440000e-06	-4.524626e-04	5.717818e+00
6.450000e-06	-1.590442e-03	5.412131e+00
6.460000e-06	-1.469140e-03	5.129220e+00
6.470000e-06	-1.180456e-03	4.789952e+00
6.480000e-06	-1.970519e-03	4.516766e+00
6.490000e-06	-2.684212e-03	4.244961e+00
6.500000e-06	-2.761871e-03	3.968869e+00
6.510000e-06	-1.998995e-03	3.676237e+00
6.520000e-06	-2.600211e-03	3.411903e+00
6.530000e-06	-3.075417e-03	3.115770e+00
6.540000e-06	-4.450053e-03	2.843659e+00
6.550000e-06	-3.338185e-03	2.559853e+00
6.560000e-06	-4.040802e-03	2.274088e+00
6.570000e-06	-4.556589e-03	1.990955e+00
6.580000e-06	-3.345052e-03	1.727745e+00
6.590000e-06	-3.599944e-03	1.423485e+00
6.600000e-06	-4.134558e-03	1.118240e+00
6.610000e-06	-4.486430e-03	7.398476e-01
6.620000e-06	-5.316366e-03	4.966909e-01
6.630000e-06	-3.597547e-03	2.239867e-01
6.640000e-06	-2.705744e-03	-5.173266e-02
6.650000e-06	7.190542e-03	-3.358371e-01
6.660000e-06	-3.524363e-03	-6.074885e-01
6.670000e-06	7.386884e-04	-9.042292e-01
6.680000e-06	-5.851919e-03	-1.146315e+00
6.690000e-06	-1.288719e-03	-1.461628e+00
6.700000e-06	-4.511139e-03	-1.675308e+00
6.710000e-06	1.522556e-02	-1.966415e+00
6.720000e-06	7.750521e-02	-2.148412e+00
6.730000e-06	2.358819e-02	-2.585437e+00
6.740000e-06	-7.376866e-02	-2.956336e+00
6.750000e-06	-3.670722e-02	-3.302237e+00
6.760000e-06	-2.938576e-02	-3.503710e+00
6.770000e-06	-3.703968e-02	-3.786942e+00
6.780000e-06	-1.828104e-02	-4.026994e+00
6.790000e-06	1.173195e-01	-4.156869e+00
6.800000e-06	-1.353572e-01	-4.491628e+00
6.810000e-06	1.447917e-01	-4.755790e+00
6.820000e-06	-3.472327e-02	-4.997917e+00
6.830000e-06	-6.496308e-02	-5.364490e+00
6.840000e-06	6.208632e-02	-5.611475e+00
6.850000e-06	-1.397549e-01	-5.883783e+00
6.860000e-06	1.331038e-01	-6.146789e+00
6.870000e-06	-7.520922e-02	-6.400121e+00
6.880000e-06	2.288840e-02	-6.734188e+00
6.890000e-06	4.217933e-02	-6.965913e+00
6.900000e-06	-7.673519e-02	-7.272256e+00
6.910000e-06	5.854938e-02	-7.535765e+00
6.920000e-06	-9.671777e-02	-7.781094e+00
6.930000e-06	6.729751e-02	-8.073182e+00
6.940000e-06	-2.307728e-02	-8.334760e+00
6.950000e-06	-1.492624e-02	-8.596919e+00
6.960000e-06	4.406393e-02	-8.788974e+00
6.970000e-06	-7.948630e-02	-9.069635e+00
6.980000e-06	5.939509e-02	-9.274608e+00
6.990000e-06	-7.623953e-02	-9.526314e+00
7.000000e-06	4.695590e-02	-9.757870e+00
7.010000e-06	-3.839155e-02	-9.956891e+00
7.020000e-06	1.857923e-02	-1.018097e+01
7.030000e-06	-5.970097e-03	-1.042850e+01
7.040000e-06	-2.867964e-02	-1.066258e+01
7.050000e-06	1.530260e-02	-1.081112e+01
7.060000e-06	-4.193990e-02	-1.107367e+01
7.070000e-06	2.680276e-02	-1.122368e+01
7.080000e-06	-4.431332e-02	-1.147208e+01
7.090000e-06	2.703718e-02	-1.170621e+01
7.100000e-06	-3.341123e-02	-1.195419e+01
7.110000e-06	1.386433e-02	-1.211476e+01
7.120000e-06	-3.262689e-02	-1.229278e+01
7.130000e-06	-4.017068e-04	-1.246465e+01
7.140000e-06	-1.511783e-02	-1.264107e+01
7.150000e-06	-1.061532e-02	-1.284000e+01
7.160000e-06	-7.217465e-03	-1.296842e+01
7.170000e-06	-1.808453e-02	-1.311779e+01
7.180000e-06	3.180355e-03	-1.325461e+01
7.190000e-06	-2.518881e-02	-1.342105e+01
7.200000e-06	-2.321717e-03	-1.357945e+01
7.210000e-06	-2.877233e-02	-1.369532e+01
7.220000e-06	9.620133e-04	-1.388308e+01
7.230000e-06	-2.346561e-02	-1.399747e+01
7.240000e-06	-6.628821e-03	-1.411681e+01
7.250000e-06	-2.052908e-02	-1.425258e+01
7.260000e-06	-8.251459e-03	-1.440895e+01
7.270000e-06	-1.739718e-02	-1.451368e+01
7.280000e-06	-1.748392e-02	-1.460042e+01
7.290000e-06	-1.608792e-02	-1.469379e+01
7.300000e-06	-1.636322e-02	-1.478229e+01
7.310000e-06	-1.204704e-02	-1.491413e+01
7.320000e-06	-1.972211e-02	-1.499784e+01
7.330000e-06	-1.609506e-02	-1.504995e+01
7.340000e-06	-1.989873e-02	-1.514723e+01
7.350000e-06	-1.573916e-02	-1.515797e+01
7.360000e-06	-2.210892e-02	-1.527211e+01
7.370000e-06	-1.911619e-02	-1.529524e+01
7.380000e-06	-2.157148e-02	-1.538982e+01
7.390000e-06	-1.651027e-02	-1.542950e+01
7.400000e-06	-2.379388e-02	-1.546150e+01
7.410000e-06	-2.190508e-02	-1.547413e+01
7.420000e-06	-2.420680e-02	-1.550671e+01
7.430000e-06	-2.255858e-02	-1.558829e+01
7.440000e-06	-2.413421e-02	-1.554574e+01
7.450000e-06	-2.806059e-02	-1.555892e+01
7.460000e-06	-2.646183e-02	-1.558989e+01
7.470000e-06	-2.739778e-02	-1.556745e+01
7.480000e-06	-2.878186e-02	-1.557979e+01
7.490000e-06	-3.306268e-02	-1.553982e+01
7.500000e-06	-3.128577e-02	-1.554774e+01
7.510000e-06	-3.149933e-02	-1.551824e+01
7.520000e-06	-3.536731e-02	-1.550566e+01
7.530000e-06	-3.946801e-02	-1.549411e+01
7.540000e-06	-3.922867e-02	-1.542245e+01
7.550000e-06	-3.926319e-02	-1.535935e+01
7.560000e-06	-4.185445e-02	-1.535781e+01
7.570000e-06	-4.595492e-02	-1.527568e+01
7.580000e-06	-4.834149e-02	-1.524198e+01
7.590000e-06	-4.888983e-02	-1.512776e+01
7.600000e-06	-5.232488e-02	-1.506358e+01
7.610000e-06	-5.800582e-02	-1.500048e+01
7.620000e-06	-6.045305e-02	-1.492882e+01
7.630000e-06	-6.122097e-02	-1.481206e+01
7.640000e-06	-6.405527e-02	-1.475734e+01
7.650000e-06	-6.857013e-02	-1.461613e+01
7.660000e-06	-7.158703e-02	-1.453830e+01
7.670000e-06	-6.984129e-02	-1.446356e+01
7.680000e-06	-7.013569e-02	-1.431769e+01
7.690000e-06	-7.138590e-02	-1.423092e+01
7.700000e-06	-6.944571e-02	-1.411456e+01
7.710000e-06	-6.583742e-02	-1.397679e+01
7.720000e-06	-6.373848e-02	-1.385085e+01
7.730000e-06	-6.276670e-02	-1.370456e+01
7.740000e-06	-5.955380e-02	-1.351767e+01
7.750000e-06	-5.519287e-02	-1.335875e+01
7.760000e-06	-5.173435e-02	-1.323093e+01
7.770000e-06	-5.038672e-02	-1.308369e+01
7.780000e-06	-4.804572e-02	-1.290716e+01
7.790000e-06	-4.357507e-02	-1.273772e+01
7.800000e-06	-4.009333e-02	-1.257935e+01
7.810000e-06	-3.945722e-02	-1.243190e+01
7.820000e-06	-3.697497e-02	-1.223250e+01
7.830000e-06	-3.378215e-02	-1.204358e+01
7.840000e-06	-3.119923e-02	-1.185291e+01
7.850000e-06	-3.022211e-02	-1.165185e+01
7.860000e-06	-2.904387e-02	-1.133040e+01
7.870000e-06	-2.694824e-02	-1.119225e+01
7.880000e-06	-2.472721e-02	-1.094983e+01
7.890000e-06	-2.343254e-02	-1.078887e+01
7.900000e-06	-2.303678e-02	-1.060939e+01
7.910000e-06	-2.155131e-02	-1.038030e+01
7.920000e-06	-1.982282e-02	-1.015625e+01
7.930000e-06	-1.825723e-02	-9.917165e+00
7.940000e-06	-1.821796e-02	-9.716160e+00
7.950000e-06	-1.682151e-02	-9.455587e+00
7.960000e-06	-1.543870e-02	-9.243534e+00
7.970000e-06	-1.477046e-02	-8.989927e+00
7.980000e-06	-1.547669e-02	-8.760904e+00
7.990000e-06	-1.418185e-02	-8.538189e+00
8.000000e-06	-1.384557e-02	-8.255111e+00
8.010000e-06	-1.225955e-02	-8.074108e+00
8.020000e-06	-1.192853e-02	-7.760399e+00
8.030000e-06	-1.140606e-02	-7.495687e+00
8.040000e-06	-9.612123e-03	-7.233932e+00
8.050000e-06	-9.673415e-03	-6.999350e+00
8.060000e-06	-1.055085e-02	-6.687185e+00
8.070000e-06	-1.079145e-02	-6.463485e+00
8.080000e-06	-8.716839e-03	-6.221898e+00
8.090000e-06	-9.560180e-03	-5.927717e+00
8.100000e-06	-1.060649e-02	-5.652637e+00
8.110000e-06	-1.018896e-02	-5.350395e+00
8.120000e-06	-8.408930e-03	-5.092537e+00
8.130000e-06	-7.303596e-03	-4.638896e+00
8.140000e-06	-7.697575e-03	-4.474708e+00
8.150000e-06	-7.157642e-03	-4.251384e+00
8.160000e-06	-6.053051e-03	-3.946399e+00
8.170000e-06	-6.116404e-03	-3.642113e+00
8.180000e-06	-9.106741e-03	-3.412928e+00
8.190000e-06	-7.979693e-03	-3.125220e+00
8.200000e-06	-7.597515e-03	-2.802453e+00
8.210000e-06	-5.729639e-03	-2.558369e+00
8.220000e-06	-6.248139e-03	-2.243563e+00
8.230000e-06	-4.934189e-03	-1.949347e+00
8.240000e-06	-3.528819e-03	-1.676162e+00
8.250000e-06	-3.655600e-03	-1.379349e+00
8.260000e-06	-5.904936e-03	-1.054607e+00
8.270000e-06	-6.459849e-03	-7.413989e-01
8.280000e-06	-6.479363e-03	-4.931891e-01
8.290000e-06	-4.402667e-03	-1.723788e-01
8.300000e-06	1.020458e-03	5.275664e-02
8.310000e-06	6.891289e-03	3.769673e-01
8.320000e-06	-5.984468e-04	6.395740e-01
8.330000e-06	4.107083e-03	8.938054e-01
8.340000e-06	-1.284917e-03	1.208471e+00
8.350000e-06	1.759063e-03	1.481229e+00
8.360000e-06	-2.445422e-03	1.787872e+00
8.370000e-06	1.137358e-02	2.019521e+00
8.380000e-06	4.344362e-02	2.260653e+00
8.390000e-06	6.913905e-02	2.636520e+00
8.400000e-06	-5.453768e-02	2.945311e+00
8.410000e-06	-4.668260e-02	3.219976e+00
8.420000e-06	-3.173942e-02	3.474811e+00
8.430000e-06	7.534300e-03	3.737438e+00
8.440000e-06	-4.920100e-02	3.957467e+00
8.450000e-06	-1.239257e-02	4.220966e+00
8.460000e-06	8.865632e-02	4.504711e+00
8.470000e-06	-5.493766e-02	4.757920e+00
8.480000e-06	1.149383e-01	5.050629e+00
8.490000e-06	-5.372135e-02	5.389396e+00
8.500000e-06	-3.602741e-02	5.644128e+00
8.510000e-06	4.575432e-02	5.895394e+00
8.520000e-06	-3.216237e-02	6.218068e+00
8.530000e-06	3.890574e-02	6.480532e+00
8.540000e-06	-5.089814e-02	6.756969e+00
8.550000e-06	4.192330e-02	6.988498e+00
8.560000e-06	2.757801e-02	7.273101e+00
8.570000e-06	-2.536533e-02	7.568441e+00
8.580000e-06	-1.829777e-02	7.844499e+00
8.590000e-06	-8.781759e-03	8.126286e+00
8.600000e-06	6.179688e-02	8.357395e+00
8.610000e-06	-2.033165e-02	8.557944e+00
8.620000e-06	-1.559192e-02	8.810475e+00
8.630000e-06	2.167340e-02	9.023112e+00
8.640000e-06	1.962716e-04	9.302683e+00
8.650000e-06	1.814968e-02	9.503237e+00
8.660000e-06	-2.981973e-02	9.748318e+00
8.670000e-06	1.932600e-02	1.000803e+01
8.680000e-06	1.279475e-02	1.019048e+01
8.690000e-06	2.080031e-02	1.041100e+01
8.700000e-06	-1.444803e-02	1.066163e+01
8.710000e-06	-1.016563e-02	1.086263e+01
8.720000e-06	2.439512e-02	1.110163e+01
8.730000e-06	2.007893e-03	1.124361e+01
8.740000e-06	5.094027e-03	1.152420e+01
8.750000e-06	-8.991326e-03	1.172428e+01
8.760000e-06	2.854301e-02	1.191524e+01
8.770000e-06	8.786042e-03	1.212415e+01
8.780000e-06	2.439377e-03	1.229468e+01
8.790000e-06	-9.307160e-03	1.247410e+01
8.800000e-06	1.301935e-02	1.263298e+01
8.810000e-06	1.617425e-02	1.279842e+01
8.820000e-06	9.837339e-04	1.301682e+01
8.830000e-06	3.415574e-03	1.312576e+01
8.840000e-06	1.117740e-02	1.328421e+01
8.850000e-06	2.229038e-02	1.342098e+01
8.860000e-06	1.996070e-03	1.356902e+01
8.870000e-06	-1.927119e-04	1.372629e+01
8.880000e-06	7.109789e-03	1.380408e+01
8.890000e-06	1.746261e-02	1.398050e+01
8.900000e-06	8.014981e-03	1.417684e+01
8.910000e-06	3.115385e-03	1.427461e+01
8.920000e-06	1.214914e-02	1.441095e+01
8.930000e-06	1.791686e-02	1.454629e+01
8.940000e-06	1.185859e-02	1.462956e+01
8.950000e-06	2.586396e-03	1.472779e+01
8.960000e-06	1.108415e-02	1.481908e+01
8.970000e-06	1.773050e-02	1.489468e+01
8.980000e-06	1.314923e-02	1.493884e+01
8.990000e-06	7.508965e-03	1.503260e+01
9.000000e-06	9.303707e-03	1.509566e+01
9.010000e-06	1.941521e-02	1.516935e+01
9.020000e-06	1.406425e-02	1.527460e+01
9.030000e-06	9.918351e-03	1.532571e+01
9.040000e-06	1.182866e-02	1.532774e+01
9.050000e-06	2.039115e-02	1.540089e+01
9.060000e-06	1.985331e-02	1.541198e+01
9.070000e-06	1.327179e-02	1.551608e+01
9.080000e-06	1.433803e-02	1.550768e+01
9.090000e-06	2.037826e-02	1.555767e+01
9.100000e-06	2.365616e-02	1.554887e+01
9.110000e-06	1.696646e-02	1.557942e+01
9.120000e-06	1.807570e-02	1.559889e+01
9.130000e-06	2.361719e-02	1.556990e+01
9.140000e-06	2.696704e-02	1.559037e+01
9.150000e-06	2.171463e-02	1.561981e+01
9.160000e-06	2.325980e-02	1.551929e+01
9.170000e-06	3.016238e-02	1.549668e+01
9.180000e-06	3.381697e-02	1.547618e+01
9.190000e-06	3.279771e-02	1.543408e+01
9.200000e-06	2.884425e-02	1.542000e+01
9.210000e-06	3.548561e-02	1.534922e+01
9.220000e-06	3.896201e-02	1.531722e+01
9.230000e-06	3.810237e-02	1.525303e+01
9.240000e-06	3.634027e-02	1.518238e+01
9.250000e-06	4.328716e-02	1.514679e+01
9.260000e-06	5.154214e-02	1.506443e+01
9.270000e-06	5.309428e-02	1.496937e+01
9.280000e-06	5.176775e-02	1.488616e+01
9.290000e-06	5.569215e-02	1.483243e+01
9.300000e-06	6.245504e-02	1.471676e+01
9.310000e-06	6.236434e-02	1.463303e+01
9.320000e-06	5.910938e-02	1.450784e+01
9.330000e-06	6.190827e-02	1.442138e+01
9.340000e-06	6.579824e-02	1.431572e+01
9.350000e-06	6.516746e-02	1.420034e+01
9.360000e-06	6.001868e-02	1.402403e+01
9.370000e-06	5.897690e-02	1.391754e+01
9.380000e-06	6.050084e-02	1.376777e+01
9.390000e-06	5.619859e-02	1.361348e+01
9.400000e-06	4.879695e-02	1.344466e+01
9.410000e-06	4.421181e-02	1.334769e+01
9.420000e-06	4.390298e-02	1.314882e+01
9.430000e-06	4.003466e-02	1.301095e+01
9.440000e-06	3.625443e-02	1.285238e+01
9.450000e-06	3.433436e-02	1.268564e+01
9.460000e-06	3.659034e-02	1.254629e+01
9.470000e-06	3.540340e-02	1.235782e+01
9.480000e-06	2.724827e-02	1.216090e+01
9.490000e-06	2.264593e-02	1.199033e+01
9.500000e-06	2.180678e-02	1.180135e+01
9.510000e-06	2.026385e-02	1.160027e+01
9.520000e-06	1.706432e-02	1.136125e+01
9.530000e-06	1.539968e-02	1.119877e+01
9.540000e-06	1.773576e-02	1.094827e+01
9.550000e-06	2.007706e-02	1.076885e+01
9.560000e-06	1.396286e-02	1.054779e+01
9.570000e-06	1.108751e-02	1.029769e+01
9.580000e-06	9.172054e-03	1.012666e+01
9.590000e-06	1.010218e-02	9.844010e+00
9.600000e-06	6.293474e-03	9.624404e+00
9.610000e-06	5.515610e-03	9.399901e+00
9.620000e-06	6.443695e-03	9.161925e+00
9.630000e-06	8.655783e-03	8.928819e+00
9.640000e-06	7.313539e-03	8.706090e+00
9.650000e-06	3.647465e-03	8.495615e+00
9.660000e-06	4.091406e-03	8.214556e+00
9.670000e-06	4.193970e-03	7.978374e+00
9.680000e-06	3.572909e-03	7.728320e+00
9.690000e-06	-5.386282e-04	7.453537e+00
9.700000e-06	-6.425419e-05	7.169423e+00
9.710000e-06	2.420776e-03	6.898270e+00
9.720000e-06	2.287036e-03	6.675185e+00
9.730000e-06	-2.363531e-04	6.410448e+00
9.740000e-06	-4.451268e-04	6.129317e+00
9.750000e-06	6.361825e-04	5.886812e+00
9.760000e-06	1.601906e-03	5.600480e+00
9.770000e-06	-2.097943e-03	5.347799e+00
9.780000e-06	-4.070487e-03	5.010877e+00
9.790000e-06	-4.823807e-04	4.704613e+00
9.800000e-06	-4.587576e-04	4.421505e+00
9.810000e-06	-3.034576e-03	4.170249e+00
9.820000e-06	-4.509526e-03	3.825487e+00
9.830000e-06	-2.275934e-03	3.621479e+00
9.840000e-06	-1.345888e-03	3.276192e+00
9.850000e-06	-2.635320e-03	3.001028e+00
9.860000e-06	-4.900943e-03	2.767849e+00
9.870000e-06	-3.276023e-03	2.495038e+00
9.880000e-06	-2.298085e-03	2.161299e+00
9.890000e-06	-3.703880e-03	1.885821e+00
9.900000e-06	-5.749164e-03	1.642455e+00
9.910000e-06	-5.452387e-03	1.274715e+00
9.920000e-06	-3.209179e-03	9.299239e-01
9.930000e-06	-3.570658e-03	6.651645e-01
9.940000e-06	-4.551333e-03	4.225289e-01
9.950000e-06	-3.674778e-03	8.771840e-02
9.960000e-06	2.433843e-03	-1.469683e-01
9.970000e-06	7.077830e-03	-4.110723e-01
9.980000e-06	-4.629636e-03	-7.532841e-01
9.990000e-06	-2.826149e-03	-9.874461e-01
1.000000e-05	-4.195293e-03	-1.270199e+00
1.001000e-05	-5.782911e-04	-1.547392e+00
1.002000e-05	-2.840105e-04	-1.759546e+00
1.003000e-05	2.796768e-02	-2.040075e+00
1.004000e-05	9.465985e-02	-2.303761e+00
1.005000e-05	-4.335526e-02	-2.701780e+00
1.006000e-05	-5.127559e-02	-3.063284e+00
1.007000e-05	-4.720164e-02	-3.348973e+00
1.008000e-05	-1.216307e-02	-3.559497e+00
1.009000e-05	-6.647190e-02	-3.861778e+00
1.010000e-05	7.286347e-02	-4.052131e+00
1.011000e-05	1.729347e-02	-4.242179e+00
1.012000e-05	-7.407542e-02	-4.536990e+00
1.013000e-05	1.769538e-01	-4.790050e+00
1.014000e-05	-1.499893e-01	-5.114780e+00
1.015000e-05	5.567203e-02	-5.493637e+00
1.016000e-05	-5.537569e-02	-5.715357e+00
1.017000e-05	-3.796222e-02	-6.039447e+00
1.018000e-05	1.046253e-01	-6.212673e+00
1.019000e-05	-1.101201e-01	-6.535261e+00
1.020000e-05	1.022106e-01	-6.829474e+00
1.021000e-05	-5.127202e-02	-7.065249e+00
1.022000e-05	-5.660816e-03	-7.408994e+00
1.023000e-05	1.370951e-03	-7.620573e+00
1.024000e-05	-6.899922e-02	-7.983814e+00
1.025000e-05	9.033487e-02	-8.157421e+00
1.026000e-05	-7.928688e-02	-8.409524e+00
1.027000e-05	5.938981e-02	-8.673103e+00
1.028000e-05	-3.743922e-02	-8.904807e+00
1.029000e-05	-1.476961e-02	-9.185890e+00
1.030000e-05	1.815077e-02	-9.317762e+00
1.031000e-05	-5.454688e-02	-9.651049e+00
1.032000e-05	5.037249e-02	-9.802027e+00
1.033000e-05	-5.787052e-02	-1.004208e+01
1.034000e-05	5.382747e-02	-1.025405e+01
1.035000e-05	-5.552979e-02	-1.050529e+01
1.036000e-05	1.808206e-02	-1.071468e+01
1.037000e-05	-3.085397e-02	-1.092476e+01
1.038000e-05	-1.810241e-04	-1.113676e+01
1.039000e-05	-5.144094e-03	-1.133584e+01
1.040000e-05	-1.997763e-02	-1.157786e+01
1.041000e-05	1.186643e-02	-1.176684e+01
1.042000e-05	-2.764157e-02	-1.199894e+01
1.043000e-05	1.101353e-02	-1.216837e+01
1.044000e-05	-4.047192e-02	-1.234579e+01
1.045000e-05	1.250287e-02	-1.252534e+01
1.046000e-05	-2.862357e-02	-1.268471e+01
1.047000e-05	8.179679e-03	-1.287473e+01
1.048000e-05	-2.522867e-02	-1.301102e+01
1.049000e-05	1.936626e-04	-1.320742e+01
1.050000e-05	-1.621331e-02	-1.334684e+01
1.051000e-05	-1.053382e-02	-1.347416e+01
1.052000e-05	-1.563701e-02	-1.364057e+01
1.053000e-05	-1.816544e-02	-1.382949e+01
1.054000e-05	-5.291645e-03	-1.392718e+01
1.055000e-05	-1.948856e-02	-1.408263e+01
1.056000e-05	-6.148767e-03	-1.415887e+01
1.057000e-05	-2.182077e-02	-1.428524e+01
1.058000e-05	-6.301501e-03	-1.444403e+01
1.059000e-05	-2.274917e-02	-1.454642e+01
1.060000e-05	-1.260585e-02	-1.463160e+01
1.061000e-05	-2.095970e-02	-1.475729e+01
1.062000e-05	-1.211190e-02	-1.481150e+01
1.063000e-05	-1.703280e-02	-1.492663e+01
1.064000e-05	-1.577505e-02	-1.498882e+01
1.065000e-05	-1.984818e-02	-1.505468e+01
1.066000e-05	-1.787659e-02	-1.511781e+01
1.067000e-05	-1.940960e-02	-1.522093e+01
1.068000e-05	-2.044808e-02	-1.528313e+01
1.069000e-05	-2.036018e-02	-1.533624e+01
1.070000e-05	-2.027010e-02	-1.539894e+01
1.071000e-05	-1.868050e-02	-1.544048e+01
1.072000e-05	-2.430792e-02	-1.547416e+01
1.073000e-05	-2.204796e-02	-1.550616e+01
1.074000e-05	-2.504508e-02	-1.554566e+01
1.075000e-05	-2.099479e-02	-1.553882e+01
1.076000e-05	-2.584455e-02	-1.553879e+01
1.077000e-05	-2.534746e-02	-1.557979e+01
1.078000e-05	-2.753505e-02	-1.556690e+01
1.079000e-05	-2.804237e-02	-1.556039e+01
1.080000e-05	-2.987985e-02	-1.553987e+01
1.081000e-05	-3.249441e-02	-1.557832e+01
1.082000e-05	-3.272857e-02	-1.555629e+01
1.083000e-05	-3.418084e-02	-1.547666e+01
1.084000e-05	-3.563478e-02	-1.549458e+01
1.085000e-05	-3.874486e-02	-1.547298e+01
1.086000e-05	-3.954712e-02	-1.541147e+01
1.087000e-05	-3.981365e-02	-1.538787e+01
1.088000e-05	-4.409835e-02	-1.534669e+01
1.089000e-05	-4.621935e-02	-1.529401e+01
1.090000e-05	-4.885473e-02	-1.519137e+01
1.091000e-05	-4.962328e-02	-1.513859e+01
1.092000e-05	-5.417421e-02	-1.503148e+01
1.093000e-05	-5.913245e-02	-1.498932e+01
1.094000e-05	-6.072745e-02	-1.491464e+01
1.095000e-05	-6.275770e-02	-1.484300e+01
1.096000e-05	-6.500180e-02	-1.470626e+01
1.097000e-05	-6.951896e-02	-1.463087e+01
1.098000e-05	-7.084269e-02	-1.454724e+01
1.099000e-05	-6.952688e-02	-1.442185e+01
1.100000e-05	-7.090688e-02	-1.426363e+01
1.101000e-05	-7.118215e-02	-1.414872e+01
1.102000e-05	-6.986993e-02	-1.405250e+01
1.103000e-05	-6.611387e-02	-1.389663e+01
1.104000e-05	-6.330824e-02	-1.373882e+01
1.105000e-05	-6.212113e-02	-1.364097e+01
1.106000e-05	-5.828624e-02	-1.345358e+01
1.107000e-05	-5.401032e-02	-1.332714e+01
1.108000e-05	-5.021418e-02	-1.319027e+01
1.109000e-05	-4.939686e-02	-1.301237e+01
1.110000e-05	-4.587051e-02	-1.286308e+01
1.111000e-05	-4.220823e-02	-1.267571e+01
1.112000e-05	-4.012751e-02	-1.252524e+01
1.113000e-05	-3.830365e-02	-1.233734e+01
1.114000e-05	-3.637761e-02	-1.213984e+01
1.115000e-05	-3.332565e-02	-1.194870e+01
1.116000e-05	-3.097021e-02	-1.177032e+01
1.117000e-05	-2.905308e-02	-1.157877e+01
1.118000e-05	-2.734164e-02	-1.128819e+01
1.119000e-05	-2.505484e-02	-1.110766e+01
1.120000e-05	-2.373817e-02	-1.088516e+01
1.121000e-05	-2.319467e-02	-1.070671e+01
1.122000e-05	-2.290259e-02	-1.055514e+01
1.123000e-05	-2.029553e-02	-1.026408e+01
1.124000e-05	-1.910406e-02	-1.007256e+01
1.125000e-05	-1.875271e-02	-9.810956e+00
1.126000e-05	-1.826247e-02	-9.613983e+00
1.127000e-05	-1.283352e-02	-9.371349e+00
1.128000e-05	-1.477063e-02	-9.149294e+00
1.129000e-05	-1.243323e-02	-8.947692e+00
1.130000e-05	-1.695969e-02	-8.655158e+00
1.131000e-05	-1.420890e-02	-8.432502e+00
1.132000e-05	-1.537646e-02	-8.168901e+00
1.133000e-05	-1.238225e-02	-7.949189e+00
1.134000e-05	-1.340042e-02	-7.655987e+00
1.135000e-05	-8.968988e-03	-7.390799e+00
1.136000e-05	-9.420693e-03	-7.126765e+00
1.137000e-05	-9.579626e-03	-6.864114e+00
1.138000e-05	-1.024239e-02	-6.613002e+00
1.139000e-05	-1.189806e-02	-6.348275e+00
1.140000e-05	-8.680924e-03	-6.074016e+00
1.141000e-05	-1.039138e-02	-5.842008e+00
1.142000e-05	-7.639165e-03	-5.567744e+00
1.143000e-05	-9.689194e-03	-5.224555e+00
1.144000e-05	-4.986216e-03	-4.939170e+00
1.145000e-05	-7.842525e-03	-4.631008e+00
1.146000e-05	-5.431123e-03	-4.369898e+00
1.147000e-05	-8.360092e-03	-4.136242e+00
1.148000e-05	-6.734527e-03	-3.855558e+00
1.149000e-05	-9.081047e-03	-3.558370e+00
1.150000e-05	-8.381333e-03	-3.284642e+00
1.151000e-05	-7.551791e-03	-2.999403e+00
1.152000e-05	-5.074664e-03	-2.685790e+00
1.153000e-05	-4.550511e-03	-2.434028e+00
1.154000e-05	-4.606755e-03	-2.137347e+00
1.155000e-05	-4.907601e-03	-1.904084e+00
1.156000e-05	-5.969589e-03	-1.541498e+00
1.157000e-05	-6.572459e-03	-1.262560e+00
1.158000e-05	-7.166109e-03	-9.477686e-01
1.159000e-05	-5.295652e-03	-6.435644e-01
1.160000e-05	-3.918285e-03	-3.379237e-01
1.161000e-05	-1.475908e-03	-9.516196e-02
1.162000e-05	6.364978e-03	2.295734e-01
1.163000e-05	2.685452e-03	5.028067e-01
1.164000e-05	1.044538e-03	7.443109e-01
1.165000e-05	-9.914347e-04	1.000597e+00
1.166000e-05	-9.832323e-04	1.295684e+00
1.167000e-05	5.697725e-04	1.608546e+00
1.168000e-05	3.244994e-03	1.893782e+00
1.169000e-05	1.881397e-02	2.093732e+00
1.170000e-05	6.996979e-02	2.378469e+00
1.171000e-05	2.174608e-02	2.735892e+00
1.172000e-05	-6.384186e-02	3.019673e+00
1.173000e-05	-4.529192e-02	3.326687e+00
1.174000e-05	-1.341064e-02	3.608978e+00
1.175000e-05	-8.530267e-03	3.821025e+00
1.176000e-05	-5.604425e-02	4.052103e+00
1.177000e-05	4.489394e-02	4.345838e+00
1.178000e-05	3.868878e-02	4.588571e+00
1.179000e-05	-1.647018e-02	4.862073e+00
1.180000e-05	1.043900e-01	5.199474e+00
1.181000e-05	-1.092993e-01	5.463759e+00
1.182000e-05	3.147370e-02	5.776433e+00
1.183000e-05	4.020512e-03	6.040630e+00
1.184000e-05	-6.516588e-03	6.274132e+00
1.185000e-05	1.864488e-02	6.587816e+00
1.186000e-05	-4.556187e-02	6.870127e+00
1.187000e-05	7.590448e-02	7.105236e+00
1.188000e-05	-1.770305e-02	7.369941e+00
1.189000e-05	-9.168887e-03	7.672154e+00
1.190000e-05	-3.514247e-02	7.965810e+00
1.191000e-05	3.341000e-02	8.240497e+00
1.192000e-05	3.985999e-02	8.460047e+00
1.193000e-05	-4.187373e-02	8.675104e+00
1.194000e-05	1.542862e-02	8.885706e+00
1.195000e-05	1.562762e-03	9.147890e+00
1.196000e-05	2.016155e-02	9.366465e+00
1.197000e-05	-1.378107e-02	9.599973e+00
1.198000e-05	-8.207296e-03	9.851574e+00
1.199000e-05	1.954755e-02	1.009368e+01
1.200000e-05	2.175609e-02	1.028468e+01
1.201000e-05	9.587974e-03	1.054576e+01
1.202000e-05	-2.581642e-02	1.075734e+01
1.203000e-05	1.084974e-02	1.094886e+01
1.204000e-05	1.145579e-02	1.113586e+01
1.205000e-05	6.323727e-03	1.136832e+01
1.206000e-05	-8.906799e-03	1.155934e+01
1.207000e-05	1.164578e-02	1.177994e+01
1.208000e-05	2.371164e-02	1.196697e+01
1.209000e-05	1.025735e-02	1.215982e+01
1.210000e-05	-7.791931e-03	1.238841e+01
1.211000e-05	-5.549373e-04	1.254579e+01
1.212000e-05	1.596468e-02	1.272408e+01
1.213000e-05	8.005086e-03	1.285215e+01
1.214000e-05	-2.699860e-05	1.303055e+01
1.215000e-05	4.274468e-03	1.317744e+01
1.216000e-05	2.286810e-02	1.337821e+01
1.217000e-05	1.249349e-02	1.346218e+01
1.218000e-05	6.397724e-04	1.363200e+01
1.219000e-05	-2.072374e-03	1.378037e+01
1.220000e-05	1.631878e-02	1.395786e+01
1.221000e-05	1.161859e-02	1.404210e+01
1.222000e-05	3.949999e-03	1.421097e+01
1.223000e-05	4.487699e-03	1.436674e+01
1.224000e-05	1.828871e-02	1.449400e+01
1.225000e-05	1.771729e-02	1.452837e+01
1.226000e-05	4.268042e-03	1.469361e+01
1.227000e-05	5.056284e-03	1.475937e+01
1.228000e-05	1.412085e-02	1.486260e+01
1.229000e-05	1.975965e-02	1.492568e+01
1.230000e-05	7.356086e-03	1.498938e+01
1.231000e-05	8.067004e-03	1.506358e+01
1.232000e-05	1.380363e-02	1.512829e+01
1.233000e-05	2.008324e-02	1.521092e+01
1.234000e-05	1.014538e-02	1.529560e+01
1.235000e-05	8.330602e-03	1.530672e+01
1.236000e-05	1.619858e-02	1.540937e+01
1.237000e-05	2.054635e-02	1.544150e+01
1.238000e-05	1.646038e-02	1.545500e+01
1.239000e-05	1.052143e-02	1.548508e+01
1.240000e-05	1.883785e-02	1.550713e+01
1.241000e-05	2.301123e-02	1.553931e+01
1.242000e-05	2.066497e-02	1.550879e+01
1.243000e-05	1.502802e-02	1.555884e+01
1.244000e-05	2.018199e-02	1.556989e+01
1.245000e-05	2.577159e-02	1.556137e+01
1.246000e-05	2.438442e-02	1.555889e+01
1.247000e-05	2.114712e-02	1.555032e+01
1.248000e-05	2.600913e-02	1.551971e+01
1.249000e-05	3.320792e-02	1.547563e+01
1.250000e-05	3.251434e-02	1.548303e+01
1.251000e-05	2.913144e-02	1.543245e+01
1.252000e-05	3.172511e-02	1.535937e+01
1.253000e-05	3.758590e-02	1.536769e+01
1.254000e-05	3.899893e-02	1.529566e+01
1.255000e-05	3.698417e-02	1.523503e+01
1.256000e-05	4.029446e-02	1.515987e+01
1.257000e-05	4.756816e-02	1.507511e+01
1.258000e-05	5.197149e-02	1.504196e+01
1.259000e-05	4.979299e-02	1.495782e+01
1.260000e-05	5.328012e-02	1.488463e+01
1.261000e-05	5.897621e-02	1.477035e+01
1.262000e-05	6.364078e-02	1.464464e+01
1.263000e-05	5.980081e-02	1.462043e+01
1.264000e-05	6.143239e-02	1.453714e+01
1.265000e-05	6.468244e-02	1.438029e+01
1.266000e-05	6.643370e-02	1.425448e+01
1.267000e-05	6.271131e-02	1.412924e+01
1.268000e-05	6.016554e-02	1.396990e+01
1.269000e-05	5.879676e-02	1.384300e+01
1.270000e-05	5.835656e-02	1.372676e+01
1.271000e-05	5.117803e-02	1.355887e+01
1.272000e-05	4.669659e-02	1.341085e+01
1.273000e-05	4.489928e-02	1.330419e+01
1.274000e-05	4.574488e-02	1.313772e+01
1.275000e-05	4.046224e-02	1.298880e+01
1.276000e-05	3.651557e-02	1.276990e+01
1.277000e-05	3.488153e-02	1.263245e+01
1.278000e-05	3.431441e-02	1.248456e+01
1.279000e-05	2.856544e-02	1.229611e+01
1.280000e-05	2.403809e-02	1.210514e+01
1.281000e-05	2.406209e-02	1.188821e+01
1.282000e-05	2.329816e-02	1.169667e+01
1.283000e-05	2.222410e-02	1.147716e+01
1.284000e-05	1.655642e-02	1.127556e+01
1.285000e-05	1.737726e-02	1.108658e+01
1.286000e-05	1.626769e-02	1.089511e+01
1.287000e-05	1.604648e-02	1.064514e+01
1.288000e-05	1.120019e-02	1.045556e+01
1.289000e-05	1.042533e-02	1.024350e+01
1.290000e-05	1.060329e-02	1.003245e+01
1.291000e-05	1.068667e-02	9.812370e+00
1.292000e-05	7.988456e-03	9.550298e+00
1.293000e-05	6.255343e-03	9.337714e+00
1.294000e-05	6.733529e-03	9.096583e+00
1.295000e-05	6.008097e-03	8.864033e+00
1.296000e-05	4.762226e-03	8.601977e+00
1.297000e-05	3.458072e-03	8.401451e+00
1.298000e-05	4.297620e-03	8.170190e+00
1.299000e-05	5.031379e-03	7.876182e+00
1.300000e-05	2.632549e-03	7.633582e+00
1.301000e-05	1.016698e-03	7.349769e+00
1.302000e-05	2.134301e-03	7.056161e+00
1.303000e-05	1.540641e-03	6.824508e+00
1.304000e-05	2.210506e-04	6.570344e+00
1.305000e-05	-1.287538e-03	6.254762e+00
1.306000e-05	4.974980e-04	6.065559e+00
1.307000e-05	1.417975e-03	5.780900e+00
1.308000e-05	-8.069494e-04	5.485765e+00
1.309000e-05	-1.750358e-03	5.171381e+00
1.310000e-05	-1.317620e-03	4.875070e+00
1.311000e-05	-1.070411e-03	4.570399e+00
1.312000e-05	-1.906997e-03	4.348243e+00
1.313000e-05	-2.811802e-03	4.004455e+00
1.314000e-05	-2.719280e-03	3.748843e+00
1.315000e-05	-1.792916e-03	3.496642e+00
1.316000e-05	-3.215435e-03	3.212378e+00
1.317000e-05	-4.679056e-03	2.937315e+00
1.318000e-05	-4.190283e-03	2.643483e+00
1.319000e-05	-2.271260e-03	2.338167e+00
1.320000e-05	-3.165287e-03	2.044685e+00
1.321000e-05	-3.711550e-03	1.761407e+00
1.322000e-05	-4.009363e-03	1.505157e+00
1.323000e-05	-3.273222e-03	1.151852e+00
1.324000e-05	-4.354025e-03	8.456616e-01
1.325000e-05	-5.361199e-03	5.493474e-01
1.326000e-05	-4.441725e-03	2.962159e-01
1.327000e-05	-1.823090e-03	1.994875e-02
1.328000e-05	5.351257e-03	-2.527340e-01
1.329000e-05	-2.383483e-04	-5.258121e-01
1.330000e-05	-1.188387e-03	-7.996013e-01
1.331000e-05	-4.506238e-03	-1.092757e+00
1.332000e-05	-1.395738e-03	-1.348463e+00
1.333000e-05	-3.743267e-03	-1.651101e+00
1.334000e-05	8.146976e-03	-1.883758e+00
1.335000e-05	5.669225e-02	-2.105737e+00
1.336000e-05	6.508926e-02	-2.451629e+00
1.337000e-05	-7.717256e-02	-2.820651e+00
1.338000e-05	-3.609885e-02	-3.218101e+00
1.339000e-05	-3.989477e-02	-3.454132e+00
1.340000e-05	-1.722633e-02	-3.695704e+00
1.341000e-05	-5.590500e-02	-3.946942e+00
1.342000e-05	1.305173e-01	-4.095288e+00
1.343000e-05	-1.026667e-01	-4.367942e+00
1.344000e-05	7.131796e-02	-4.653662e+00
1.345000e-05	6.078134e-02	-4.894333e+00
1.346000e-05	-1.366137e-01	-5.232651e+00
1.347000e-05	9.935955e-02	-5.585393e+00
1.348000e-05	-1.425118e-01	-5.840123e+00
1.349000e-05	9.112177e-02	-6.125659e+00
1.350000e-05	-8.882040e-03	-6.285888e+00
1.351000e-05	-4.304987e-02	-6.683080e+00
1.352000e-05	9.022906e-02	-6.904706e+00
1.353000e-05	-9.462008e-02	-7.198571e+00
1.354000e-05	5.373988e-02	-7.491633e+00
1.355000e-05	-7.432196e-02	-7.706337e+00
1.356000e-05	1.929470e-02	-8.020579e+00
1.357000e-05	3.198337e-02	-8.253128e+00
1.358000e-05	-5.995628e-02	-8.515259e+00
1.359000e-05	7.425636e-02	-8.756440e+00
1.360000e-05	-8.712642e-02	-9.007549e+00
1.361000e-05	4.952934e-02	-9.252075e+00
1.362000e-05	-5.487218e-02	-9.371149e+00
1.363000e-05	1.285502e-02	-9.694734e+00
1.364000e-05	-2.397100e-03	-9.884157e+00
1.365000e-05	-1.776726e-02	-1.011784e+01
1.366000e-05	2.885421e-02	-1.032737e+01
1.367000e-05	-5.408854e-02	-1.060850e+01
1.368000e-05	3.109400e-02	-1.078902e+01
1.369000e-05	-5.239221e-02	-1.096097e+01
1.370000e-05	2.865138e-02	-1.125802e+01
1.371000e-05	-3.924673e-02	-1.141947e+01
1.372000e-05	1.633020e-02	-1.163110e+01
1.373000e-05	-2.062160e-02	-1.186155e+01
1.374000e-05	3.610753e-04	-1.208409e+01
1.375000e-05	-1.668394e-02	-1.223155e+01
1.376000e-05	-1.941821e-02	-1.246005e+01
1.377000e-05	4.433323e-04	-1.259782e+01
1.378000e-05	-2.249943e-02	-1.276742e+01
1.379000e-05	4.140884e-03	-1.294729e+01
1.380000e-05	-2.749828e-02	-1.310313e+01
1.381000e-05	8.580860e-03	-1.322160e+01
1.382000e-05	-2.727929e-02	-1.338842e+01
1.383000e-05	-1.425670e-03	-1.354877e+01
1.384000e-05	-2.845347e-02	-1.365468e+01
1.385000e-05	-2.860481e-03	-1.388153e+01
1.386000e-05	-1.757262e-02	-1.393686e+01
1.387000e-05	-9.973710e-03	-1.411626e+01
1.388000e-05	-1.539347e-02	-1.425102e+01
1.389000e-05	-1.350208e-02	-1.435837e+01
1.390000e-05	-1.156683e-02	-1.450371e+01
1.391000e-05	-2.142435e-02	-1.460992e+01
1.392000e-05	-1.295684e-02	-1.469266e+01
1.393000e-05	-1.908354e-02	-1.478839e+01
1.394000e-05	-9.339004e-03	-1.483365e+01
1.395000e-05	-2.085691e-02	-1.494576e+01
1.396000e-05	-1.586512e-02	-1.504203e+01
1.397000e-05	-2.108190e-02	-1.508568e+01
1.398000e-05	-1.531912e-02	-1.517924e+01
1.399000e-05	-2.159740e-02	-1.527205e+01
1.400000e-05	-1.884263e-02	-1.532416e+01
1.401000e-05	-2.020048e-02	-1.533631e+01
1.402000e-05	-1.761662e-02	-1.539890e+01
1.403000e-05	-2.228672e-02	-1.545305e+01
1.404000e-05	-2.419041e-02	-1.545453e+01
1.405000e-05	-2.250153e-02	-1.548720e+01
1.406000e-05	-2.325406e-02	-1.550779e+01
1.407000e-05	-2.229852e-02	-1.553879e+01
1.408000e-05	-2.757528e-02	-1.553889e+01
1.409000e-05	-2.473903e-02	-1.555894e+01
1.410000e-05	-2.775132e-02	-1.560987e+01
1.411000e-05	-2.772493e-02	-1.556884e+01
1.412000e-05	-3.275258e-02	-1.554637e+01
1.413000e-05	-3.209582e-02	-1.553779e+01
1.414000e-05	-3.221371e-02	-1.552723e+01
1.415000e-05	-3.503140e-02	-1.552621e+01
1.416000e-05	-3.769651e-02	-1.546513e+01
1.417000e-05	-3.894359e-02	-1.541000e+01
1.418000e-05	-3.938636e-02	-1.539989e+01
1.419000e-05	-4.183435e-02	-1.535734e+01
1.420000e-05	-4.506260e-02	-1.534366e+01
1.421000e-05	-4.758795e-02	-1.521245e+01
1.422000e-05	-4.969210e-02	-1.514934e+01
1.423000e-05	-5.182020e-02	-1.511416e+01
1.424000e-05	-5.507089e-02	-1.501088e+01
1.425000e-05	-5.937815e-02	-1.497627e+01
1.426000e-05	-6.301681e-02	-1.488406e+01
1.427000e-05	-6.439919e-02	-1.479882e+01
1.428000e-05	-6.598823e-02	-1.466261e+01
1.429000e-05	-6.984223e-02	-1.460235e+01
1.430000e-05	-7.113125e-02	-1.452464e+01
1.431000e-05	-7.070311e-02	-1.435935e+01
1.432000e-05	-7.004075e-02	-1.422203e+01
1.433000e-05	-6.943479e-02	-1.410619e+01
1.434000e-05	-6.775121e-02	-1.398979e+01
1.435000e-05	-6.512680e-02	-1.381295e+01
1.436000e-05	-6.214997e-02	-1.370571e+01
1.437000e-05	-5.974072e-02	-1.351884e+01
1.438000e-05	-5.739088e-02	-1.341238e+01
1.439000e-05	-5.329533e-02	-1.328504e+01
1.440000e-05	-4.997066e-02	-1.309569e+01
1.441000e-05	-4.727943e-02	-1.296874e+01
1.442000e-05	-4.497101e-02	-1.280991e+01
1.443000e-05	-4.108757e-02	-1.260250e+01
1.444000e-05	-3.861601e-02	-1.246349e+01
1.445000e-05	-3.839636e-02	-1.226616e+01
1.446000e-05	-3.509813e-02	-1.210466e+01
1.447000e-05	-3.162574e-02	-1.188561e+01
1.448000e-05	-2.980236e-02	-1.171503e+01
1.449000e-05	-2.955436e-02	-1.145361e+01
1.450000e-05	-2.723146e-02	-1.122198e+01
1.451000e-05	-2.507051e-02	-1.100240e+01
1.452000e-05	-2.296848e-02	-1.080145e+01
1.453000e-05	-2.268942e-02	-1.063195e+01
1.454000e-05	-2.052384e-02	-1.041096e+01
1.455000e-05	-2.029862e-02	-1.016034e+01
1.456000e-05	-1.821166e-02	-9.938272e+00
1.457000e-05	-1.841246e-02	-9.787816e+00
1.458000e-05	-1.711387e-02	-9.536764e+00
1.459000e-05	-1.646452e-02	-9.294635e+00
1.460000e-05	-1.423543e-02	-9.053604e+00
1.461000e-05	-1.500694e-02	-8.873484e+00
1.462000e-05	-1.369674e-02	-8.599920e+00
1.463000e-05	-1.287186e-02	-8.327765e+00
1.464000e-05	-1.298365e-02	-8.106192e+00
1.465000e-05	-1.198232e-02	-7.832533e+00
1.466000e-05	-1.201820e-02	-7.550901e+00
1.467000e-05	-1.023939e-02	-7.297211e+00
1.468000e-05	-9.646472e-03	-7.052979e+00
1.469000e-05	-9.667007e-03	-6.790375e+00
1.470000e-05	-1.010588e-02	-6.497241e+00
1.471000e-05	-9.945515e-03	-6.233583e+00
1.472000e-05	-8.832908e-03	-5.990298e+00
1.473000e-05	-8.838831e-03	-5.667743e+00
1.474000e-05	-7.680062e-03	-5.432482e+00
1.475000e-05	-9.887979e-03	-5.147689e+00
1.476000e-05	-7.490628e-03	-4.769975e+00
1.477000e-05	-7.830113e-03	-4.546167e+00
1.478000e-05	-6.106335e-03	-4.285139e+00
1.479000e-05	-8.731241e-03	-4.053505e+00
1.480000e-05	-7.057182e-03	-3.738764e+00
1.481000e-05	-8.117483e-03	-3.474136e+00
1.482000e-05	-5.340565e-03	-3.219804e+00
1.483000e-05	-7.890353e-03	-2.874156e+00
1.484000e-05	-5.409343e-03	-2.600975e+00
1.485000e-05	-5.627993e-03	-2.336671e+00
1.486000e-05	-4.586714e-03	-2.012502e+00
1.487000e-05	-5.995429e-03	-1.738374e+00
1.488000e-05	-6.315789e-03	-1.452158e+00
1.489000e-05	-6.998658e-03	-1.116742e+00
1.490000e-05	-4.548444e-03	-7.835078e-01
1.491000e-05	-3.766065e-03	-5.173663e-01
1.492000e-05	-3.640591e-03	-2.536379e-01
1.493000e-05	-1.694486e-03	1.057125e-02
1.494000e-05	8.404456e-03	3.248091e-01
1.495000e-05	-1.376072e-03	5.874421e-01
1.496000e-05	2.029642e-03	8.005500e-01
1.497000e-05	-3.062393e-03	1.136340e+00
1.498000e-05	1.108008e-03	1.451472e+00
1.499000e-05	-7.785005e-04	1.684416e+00
1.500000e-05	8.367247e-03	1.976893e+00
1.501000e-05	3.039279e-02	2.167995e+00
1.502000e-05	8.057070e-02	2.484333e+00
1.503000e-05	-3.369960e-02	2.860154e+00
1.504000e-05	-5.465211e-02	3.145863e+00
1.505000e-05	-4.127567e-02	3.439126e+00
1.506000e-05	5.159906e-03	3.704808e+00
1.507000e-05	-3.626471e-02	3.916837e+00
1.508000e-05	-3.865668e-02	4.105208e+00
1.509000e-05	8.899687e-02	4.441553e+00
1.510000e-05	-3.325658e-02	4.736736e+00
1.511000e-05	7.394494e-02	4.976965e+00
1.512000e-05	9.230253e-03	5.336362e+00
1.513000e-05	-8.115376e-02	5.607919e+00
1.514000e-05	5.610178e-02	5.841755e+00
1.515000e-05	-2.915478e-02	6.136287e+00
1.516000e-05	2.945149e-02	6.419022e+00
1.517000e-05	-2.826641e-02	6.674836e+00
1.518000e-05	4.438797e-03	6.957339e+00
1.519000e-05	5.723953e-02	7.238100e+00
1.520000e-05	-3.296520e-02	7.513331e+00
1.521000e-05	-9.594998e-03	7.797917e+00
1.522000e-05	-2.716017e-02	8.071154e+00
1.523000e-05	6.137802e-02	8.285233e+00
1.524000e-05	2.027197e-03	8.514863e+00
1.525000e-05	-3.191439e-02	8.776869e+00
1.526000e-05	2.682952e-02	8.988996e+00
1.527000e-05	-5.457297e-03	9.252054e+00
1.528000e-05	2.585593e-02	9.442578e+00
1.529000e-05	-3.157642e-02	9.645712e+00
1.530000e-05	1.346225e-02	9.926887e+00
1.531000e-05	1.329590e-02	1.015737e+01
1.532000e-05	2.330511e-02	1.040839e+01
1.533000e-05	-4.476584e-03	1.058892e+01
1.534000e-05	-2.036152e-02	1.077907e+01
1.535000e-05	2.525027e-02	1.103098e+01
1.536000e-05	2.452059e-03	1.122055e+01
1.537000e-05	1.018285e-02	1.141047e+01
1.538000e-05	-1.602289e-02	1.163210e+01
1.539000e-05	2.647164e-02	1.184363e+01
1.540000e-05	1.176773e-02	1.201302e+01
1.541000e-05	6.641961e-03	1.221202e+01
1.542000e-05	-1.057586e-02	1.239997e+01
1.543000e-05	8.496659e-03	1.263895e+01
1.544000e-05	1.922059e-02	1.273829e+01
1.545000e-05	1.405922e-03	1.288668e+01
1.546000e-05	3.205465e-03	1.310466e+01
1.547000e-05	5.683243e-03	1.329255e+01
1.548000e-05	2.448702e-02	1.340044e+01
1.549000e-05	2.299378e-03	1.350674e+01
1.550000e-05	1.630612e-03	1.370423e+01
1.551000e-05	3.094204e-03	1.383145e+01
1.552000e-05	2.010810e-02	1.395989e+01
1.553000e-05	9.165300e-03	1.415509e+01
1.554000e-05	1.872351e-03	1.427353e+01
1.555000e-05	1.030889e-02	1.436037e+01
1.556000e-05	1.687420e-02	1.453521e+01
1.557000e-05	1.385147e-02	1.459247e+01
1.558000e-05	6.489320e-04	1.466616e+01
1.559000e-05	1.068863e-02	1.480140e+01
1.560000e-05	1.650305e-02	1.486461e+01
1.561000e-05	1.631228e-02	1.502731e+01
1.562000e-05	6.273993e-03	1.502145e+01
1.563000e-05	9.259813e-03	1.510523e+01
1.564000e-05	1.808914e-02	1.516034e+01
1.565000e-05	1.661063e-02	1.524302e+01
1.566000e-05	9.390547e-03	1.529523e+01
1.567000e-05	1.035816e-02	1.533776e+01
1.568000e-05	2.029196e-02	1.535935e+01
1.569000e-05	2.017896e-02	1.543345e+01
1.570000e-05	1.349128e-02	1.549361e+01
1.571000e-05	1.250533e-02	1.548614e+01
1.572000e-05	2.204943e-02	1.551881e+01
1.573000e-05	2.234913e-02	1.554876e+01
1.574000e-05	1.701155e-02	1.552834e+01
1.575000e-05	1.558506e-02	1.557832e+01
1.576000e-05	2.352938e-02	1.556984e+01
1.577000e-05	2.718395e-02	1.555932e+01
1.578000e-05	2.262204e-02	1.554974e+01
1.579000e-05	2.186292e-02	1.556876e+01
1.580000e-05	2.936150e-02	1.551821e+01
1.581000e-05	3.368719e-02	1.551614e+01
1.582000e-05	3.108326e-02	1.548400e+01
1.583000e-05	2.807105e-02	1.542197e+01
1.584000e-05	3.445129e-02	1.535887e+01
1.585000e-05	3.954466e-02	1.534826e+01
1.586000e-05	3.953545e-02	1.525413e+01
1.587000e-05	3.603254e-02	1.524293e+01
1.588000e-05	4.332283e-02	1.513876e+01
1.589000e-05	5.013124e-02	1.511463e+01
1.590000e-05	4.980526e-02	1.501942e+01
1.591000e-05	5.028914e-02	1.491729e+01
1.592000e-05	5.479807e-02	1.484455e+01
1.593000e-05	6.314114e-02	1.474977e+01
1.594000e-05	6.305046e-02	1.466313e+01
1.595000e-05	6.098408e-02	1.454020e+01
1.596000e-05	6.286510e-02	1.444401e+01
1.597000e-05	6.675111e-02	1.433816e+01
1.598000e-05	6.529648e-02	1.418133e+01
1.599000e-05	5.880097e-02	1.407561e+01
1.600000e-05	5.934950e-02	1.394872e+01
1.601000e-05	5.846321e-02	1.382087e+01
1.602000e-05	5.839014e-02	1.367401e+01
1.603000e-05	4.838112e-02	1.351479e+01
1.604000e-05	4.704422e-02	1.336787e+01
1.605000e-05	4.497918e-02	1.319246e+01
1.606000e-05	4.499901e-02	1.302456e+01
1.607000e-05	3.753309e-02	1.290656e+01
1.608000e-05	3.461153e-02	1.271731e+01
1.609000e-05	3.487194e-02	1.258029e+01
1.610000e-05	3.257014e-02	1.240190e+01
1.611000e-05	2.715479e-02	1.219406e+01
1.612000e-05	2.233326e-02	1.206343e+01
1.613000e-05	2.418107e-02	1.178500e+01
1.614000e-05	2.297920e-02	1.165093e+01
1.615000e-05	1.987250e-02	1.142387e+01
1.616000e-05	1.584896e-02	1.124095e+01
1.617000e-05	1.735243e-02	1.098043e+01
1.618000e-05	1.627977e-02	1.082050e+01
1.619000e-05	1.382607e-02	1.061130e+01
1.620000e-05	9.489095e-03	1.036980e+01
1.621000e-05	1.103681e-02	1.014832e+01
1.622000e-05	1.191687e-02	9.926347e+00
1.623000e-05	8.780550e-03	9.666663e+00
1.624000e-05	6.089497e-03	9.465557e+00
1.625000e-05	6.112209e-03	9.234483e+00
1.626000e-05	8.339891e-03	8.991401e+00
1.627000e-05	5.484815e-03	8.739775e+00
1.628000e-05	3.158830e-03	8.537768e+00
1.629000e-05	2.822351e-03	8.297688e+00
1.630000e-05	5.082740e-03	8.043002e+00
1.631000e-05	3.152176e-03	7.771874e+00
1.632000e-05	2.224689e-03	7.516219e+00
1.633000e-05	8.339686e-04	7.234562e+00
1.634000e-05	2.079185e-03	6.981453e+00
1.635000e-05	7.503803e-04	6.739847e+00
1.636000e-05	-2.549975e-04	6.433033e+00
1.637000e-05	-8.969480e-04	6.190402e+00
1.638000e-05	9.491990e-04	5.979373e+00
1.639000e-05	2.837131e-04	5.656639e+00
1.640000e-05	-1.726543e-03	5.380002e+00
1.641000e-05	-2.361721e-03	5.085086e+00
1.642000e-05	-9.622690e-04	4.739721e+00
1.643000e-05	-9.935369e-04	4.494639e+00
1.644000e-05	-2.162700e-03	4.212958e+00
1.645000e-05	-2.499594e-03	3.947715e+00
1.646000e-05	-2.307365e-03	3.653607e+00
1.647000e-05	-2.707104e-03	3.381874e+00
1.648000e-05	-2.848144e-03	3.094162e+00
1.649000e-05	-4.883800e-03	2.851004e+00
1.650000e-05	-3.195572e-03	2.510243e+00
1.651000e-05	-2.577617e-03	2.253580e+00
1.652000e-05	-3.325149e-03	2.000450e+00
1.653000e-05	-4.296034e-03	1.696138e+00
1.654000e-05	-4.586689e-03	1.350851e+00
1.655000e-05	-4.127270e-03	1.045112e+00
1.656000e-05	-3.967726e-03	7.368198e-01
1.657000e-05	-4.778642e-03	4.856367e-01
1.658000e-05	-3.440774e-03	1.904837e-01
1.659000e-05	-2.855020e-04	-1.247819e-01
1.660000e-05	8.017350e-03	-3.574696e-01
1.661000e-05	-4.341375e-03	-6.601489e-01
1.662000e-05	-7.277017e-05	-9.048344e-01
1.663000e-05	-5.398174e-03	-1.148919e+00
1.664000e-05	-5.363793e-04	-1.484791e+00
1.665000e-05	-3.377181e-03	-1.726361e+00
1.666000e-05	1.894601e-02	-1.946917e+00
1.667000e-05	8.854087e-02	-2.238524e+00
1.668000e-05	-3.154535e-03	-2.567092e+00
1.669000e-05	-6.645396e-02	-2.986841e+00
1.670000e-05	-4.161731e-02	-3.315357e+00
1.671000e-05	-2.152605e-02	-3.546289e+00
1.672000e-05	-4.944290e-02	-3.798417e+00
1.673000e-05	1.509345e-02	-3.999499e+00
1.674000e-05	8.986151e-02	-4.178540e+00
1.675000e-05	-1.291914e-01	-4.493732e+00
1.676000e-05	1.728833e-01	-4.775839e+00
1.677000e-05	-9.025827e-02	-5.012101e+00
1.678000e-05	-1.676987e-02	-5.368576e+00
1.679000e-05	2.298726e-02	-5.642103e+00
1.680000e-05	-1.099738e-01	-5.927866e+00
1.681000e-05	1.365253e-01	-6.177921e+00
1.682000e-05	-1.017942e-01	-6.431675e+00
1.683000e-05	6.033486e-02	-6.744841e+00
1.684000e-05	7.356948e-03	-6.969021e+00
1.685000e-05	-5.567490e-02	-7.333786e+00
1.686000e-05	4.209102e-02	-7.568365e+00
1.687000e-05	-9.748657e-02	-7.860653e+00
1.688000e-05	8.871750e-02	-8.125235e+00
1.689000e-05	-5.163218e-02	-8.354841e+00
1.690000e-05	1.439507e-02	-8.579443e+00
1.691000e-05	1.416982e-02	-8.862579e+00
1.692000e-05	-5.789020e-02	-9.103260e+00
1.693000e-05	5.080570e-02	-9.292702e+00
1.694000e-05	-7.843425e-02	-9.558465e+00
1.695000e-05	5.696640e-02	-9.758419e+00
1.696000e-05	-5.178047e-02	-9.978895e+00
1.697000e-05	3.738772e-02	-1.023202e+01
1.698000e-05	-3.016763e-02	-1.043013e+01
1.699000e-05	-8.476096e-03	-1.066208e+01
1.700000e-05	-2.610016e-03	-1.085363e+01
1.701000e-05	-2.906675e-02	-1.104526e+01
1.702000e-05	1.708135e-02	-1.128416e+01
1.703000e-05	-3.718997e-02	-1.149578e+01
1.704000e-05	2.667172e-02	-1.169563e+01
1.705000e-05	-3.579332e-02	-1.193579e+01
1.706000e-05	1.519454e-02	-1.210681e+01
1.707000e-05	-3.955210e-02	-1.230373e+01
1.708000e-05	7.339864e-03	-1.243418e+01
1.709000e-05	-2.310864e-02	-1.263365e+01
1.710000e-05	-1.661670e-03	-1.287265e+01
1.711000e-05	-1.470496e-02	-1.298950e+01
1.712000e-05	-8.990041e-03	-1.314676e+01
1.713000e-05	-4.197254e-03	-1.328618e+01
1.714000e-05	-2.068206e-02	-1.343258e+01
1.715000e-05	-7.391860e-03	-1.357950e+01
1.716000e-05	-2.542989e-02	-1.371729e+01
1.717000e-05	2.174305e-04	-1.389423e+01
1.718000e-05	-2.296934e-02	-1.405350e+01
1.719000e-05	-4.737326e-03	-1.417829e+01
1.720000e-05	-2.178884e-02	-1.430513e+01
1.721000e-05	-5.136552e-03	-1.446197e+01
1.722000e-05	-2.084956e-02	-1.449576e+01
1.723000e-05	-1.485351e-02	-1.462105e+01
1.724000e-05	-1.851433e-02	-1.474571e+01
1.725000e-05	-1.389331e-02	-1.481142e+01
1.726000e-05	-1.414667e-02	-1.491518e+01
1.727000e-05	-1.815046e-02	-1.497837e+01
1.728000e-05	-1.747587e-02	-1.503455e+01
1.729000e-05	-1.893953e-02	-1.512629e+01
1.730000e-05	-1.699128e-02	-1.519995e+01
1.731000e-05	-2.190922e-02	-1.528158e+01
1.732000e-05	-1.921496e-02	-1.532726e+01
1.733000e-05	-2.042629e-02	-1.540939e+01
1.734000e-05	-1.689375e-02	-1.542000e+01
1.735000e-05	-2.451121e-02	-1.547308e+01
1.736000e-05	-2.221648e-02	-1.547466e+01
1.737000e-05	-2.481410e-02	-1.552568e+01
1.738000e-05	-2.203515e-02	-1.553624e+01
1.739000e-05	-2.675568e-02	-1.553729e+01
1.740000e-05	-2.626023e-02	-1.555849e+01
1.741000e-05	-2.485476e-02	-1.561032e+01
1.742000e-05	-2.724950e-02	-1.555889e+01
1.743000e-05	-3.075156e-02	-1.560879e+01
1.744000e-05	-3.371522e-02	-1.556685e+01
1.745000e-05	-3.132142e-02	-1.554674e+01
1.746000e-05	-3.283474e-02	-1.552629e+01
1.747000e-05	-3.625139e-02	-1.548613e+01
1.748000e-05	-3.936418e-02	-1.545353e+01
1.749000e-05	-3.851040e-02	-1.540195e+01
1.750000e-05	-3.982197e-02	-1.536887e+01
1.751000e-05	-4.302184e-02	-1.532879e+01
1.752000e-05	-4.719024e-02	-1.528466e+01
1.753000e-05	-4.850883e-02	-1.523245e+01
1.754000e-05	-4.937477e-02	-1.510727e+01
1.755000e-05	-5.262163e-02	-1.504151e+01
1.756000e-05	-5.911346e-02	-1.497097e+01
1.757000e-05	-6.097240e-02	-1.490474e+01
1.758000e-05	-6.220424e-02	-1.484450e+01
1.759000e-05	-6.443424e-02	-1.473834e+01
1.760000e-05	-6.968304e-02	-1.464303e+01
1.761000e-05	-7.162912e-02	-1.455674e+01
1.762000e-05	-6.949030e-02	-1.446258e+01
1.763000e-05	-6.965906e-02	-1.429716e+01
1.764000e-05	-7.002268e-02	-1.415035e+01
1.765000e-05	-7.084531e-02	-1.408460e+01
1.766000e-05	-6.645217e-02	-1.391774e+01
1.767000e-05	-6.296485e-02	-1.379129e+01
1.768000e-05	-6.244916e-02	-1.365261e+01
1.769000e-05	-5.947537e-02	-1.348668e+01
1.770000e-05	-5.579860e-02	-1.332774e+01
1.771000e-05	-5.043468e-02	-1.322990e+01
1.772000e-05	-4.923697e-02	-1.303300e+01
1.773000e-05	-4.746740e-02	-1.289716e+01
1.774000e-05	-4.354136e-02	-1.271571e+01
1.775000e-05	-3.950820e-02	-1.255982e+01
1.776000e-05	-3.777380e-02	-1.242085e+01
1.777000e-05	-3.774716e-02	-1.219095e+01
1.778000e-05	-3.457539e-02	-1.202053e+01
1.779000e-05	-3.036910e-02	-1.182145e+01
1.780000e-05	-2.916445e-02	-1.161188e+01
1.781000e-05	-2.751923e-02	-1.135982e+01
1.782000e-05	-2.738811e-02	-1.109682e+01
1.783000e-05	-2.341693e-02	-1.092724e+01
1.784000e-05	-2.232349e-02	-1.074680e+01
1.785000e-05	-2.193247e-02	-1.057829e+01
1.786000e-05	-2.183316e-02	-1.028921e+01
1.787000e-05	-1.927365e-02	-1.009409e+01
1.788000e-05	-1.710293e-02	-9.905083e+00
1.789000e-05	-1.768362e-02	-9.694630e+00
1.790000e-05	-1.768562e-02	-9.402532e+00
1.791000e-05	-1.635578e-02	-9.212895e+00
1.792000e-05	-1.343690e-02	-8.959375e+00
1.793000e-05	-1.413732e-02	-8.737787e+00
1.794000e-05	-1.347265e-02	-8.485086e+00
1.795000e-05	-1.355560e-02	-8.274005e+00
1.796000e-05	-1.066531e-02	-8.021005e+00
1.797000e-05	-1.187221e-02	-7.728244e+00
1.798000e-05	-1.202909e-02	-7.473006e+00
1.799000e-05	-1.101132e-02	-7.192478e+00
1.800000e-05	-8.894146e-03	-6.888717e+00
1.801000e-05	-8.563293e-03	-6.664038e+00
1.802000e-05	-1.052399e-02	-6.412029e+00
1.803000e-05	-9.077982e-03	-6.158846e+00
1.804000e-05	-9.836201e-03	-5.894141e+00
1.805000e-05	-8.740672e-03	-5.601975e+00
1.806000e-05	-9.237350e-03	-5.365794e+00
1.807000e-05	-8.037186e-03	-5.041900e+00
1.808000e-05	-6.379921e-03	-4.676665e+00
1.809000e-05	-6.217676e-03	-4.442582e+00
1.810000e-05	-8.149292e-03	-4.151400e+00
1.811000e-05	-7.534765e-03	-3.935785e+00
1.812000e-05	-7.125335e-03	-3.623551e+00
1.813000e-05	-8.048894e-03	-3.368845e+00
1.814000e-05	-6.295446e-03	-3.045187e+00
1.815000e-05	-7.123285e-03	-2.778374e+00
1.816000e-05	-4.476092e-03	-2.484717e+00
1.817000e-05	-5.960745e-03	-2.192379e+00
1.818000e-05	-4.832945e-03	-1.896266e+00
1.819000e-05	-7.227927e-03	-1.633611e+00
1.820000e-05	-5.795103e-03	-1.317271e+00
1.821000e-05	-5.793166e-03	-1.032956e+00
1.822000e-05	-5.019640e-03	-7.158922e-01
1.823000e-05	-4.682075e-03	-3.935538e-01
1.824000e-05	-3.259449e-03	-1.393474e-01
1.825000e-05	2.659792e-03	1.443105e-01
1.826000e-05	6.062434e-03	4.406275e-01
1.827000e-05	-1.944154e-03	6.712117e-01
1.828000e-05	9.667722e-04	9.663654e-01
1.829000e-05	-1.634903e-03	1.251129e+00
1.830000e-05	2.621256e-03	1.496857e+00
1.831000e-05	4.648771e-04	1.859600e+00
1.832000e-05	1.378973e-02	2.051551e+00
1.833000e-05	5.459258e-02	2.273736e+00
1.834000e-05	5.466677e-02	2.702703e+00
1.835000e-05	-6.225604e-02	2.998442e+00
1.836000e-05	-4.745946e-02	3.291580e+00
1.837000e-05	-2.641864e-02	3.536391e+00
1.838000e-05	3.797809e-03	3.778496e+00
1.839000e-05	-5.342550e-02	3.959976e+00
1.840000e-05	7.671994e-03	4.219151e+00
1.841000e-05	7.713320e-02	4.556863e+00
1.842000e-05	-4.952428e-02	4.808475e+00
1.843000e-05	1.244916e-01	5.123203e+00
1.844000e-05	-8.572046e-02	5.440654e+00
1.845000e-05	-8.352575e-03	5.652159e+00
1.846000e-05	3.108653e-02	5.959045e+00
1.847000e-05	-2.489184e-02	6.232024e+00
1.848000e-05	3.590993e-02	6.494183e+00
1.849000e-05	-5.425266e-02	6.819444e+00
1.850000e-05	6.145508e-02	7.041630e+00
1.851000e-05	1.063451e-02	7.326234e+00
1.852000e-05	-1.846074e-02	7.619529e+00
1.853000e-05	-2.719572e-02	7.893177e+00
1.854000e-05	5.991363e-03	8.176865e+00
1.855000e-05	5.684731e-02	8.369420e+00
1.856000e-05	-3.016774e-02	8.631045e+00
1.857000e-05	-4.945551e-03	8.864177e+00
1.858000e-05	1.583093e-02	9.102680e+00
1.859000e-05	8.453067e-03	9.316362e+00
1.860000e-05	9.312902e-03	9.554336e+00
1.861000e-05	-2.647907e-02	9.759423e+00
1.862000e-05	1.952126e-02	1.002155e+01
1.863000e-05	1.472745e-02	1.024108e+01
1.864000e-05	1.938669e-02	1.046312e+01
1.865000e-05	-2.012065e-02	1.068361e+01
1.866000e-05	-1.649341e-03	1.090328e+01
1.867000e-05	2.156983e-02	1.108323e+01
1.868000e-05	4.917744e-03	1.130316e+01
1.869000e-05	-1.822159e-03	1.153481e+01
1.870000e-05	-4.121142e-03	1.172686e+01
1.871000e-05	2.729593e-02	1.195531e+01
1.872000e-05	9.808470e-03	1.210574e+01
1.873000e-05	-1.717235e-03	1.227468e+01
1.874000e-05	-6.216058e-03	1.251418e+01
1.875000e-05	1.485309e-02	1.263108e+01
1.876000e-05	1.538423e-02	1.282143e+01
1.877000e-05	1.603259e-04	1.296637e+01
1.878000e-05	1.725516e-03	1.314737e+01
1.879000e-05	1.442498e-02	1.329621e+01
1.880000e-05	1.815444e-02	1.349158e+01
1.881000e-05	7.446710e-04	1.357930e+01
1.882000e-05	-1.773220e-03	1.371774e+01
1.883000e-05	1.067509e-02	1.386506e+01
1.884000e-05	1.744151e-02	1.401005e+01
1.885000e-05	6.279386e-03	1.415837e+01
1.886000e-05	1.951568e-03	1.431624e+01
1.887000e-05	1.307932e-02	1.445343e+01
1.888000e-05	1.786187e-02	1.451734e+01
1.889000e-05	7.679148e-03	1.463255e+01
1.890000e-05	2.720290e-03	1.475724e+01
1.891000e-05	1.153605e-02	1.482960e+01
1.892000e-05	2.012785e-02	1.491514e+01
1.893000e-05	1.094608e-02	1.494939e+01
1.894000e-05	7.054281e-03	1.503260e+01
1.895000e-05	1.020477e-02	1.511813e+01
1.896000e-05	2.018421e-02	1.516940e+01
1.897000e-05	1.341529e-02	1.525453e+01
1.898000e-05	8.403714e-03	1.527663e+01
1.899000e-05	1.407086e-02	1.539782e+01
1.900000e-05	2.023929e-02	1.539145e+01
1.901000e-05	1.985740e-02	1.545406e+01
1.902000e-05	9.967997e-03	1.544501e+01
1.903000e-05	1.626575e-02	1.551671e+01
1.904000e-05	2.072454e-02	1.553824e+01
1.905000e-05	2.394414e-02	1.554884e+01
1.906000e-05	1.500578e-02	1.555832e+01
1.907000e-05	1.881196e-02	1.559985e+01
1.908000e-05	2.465493e-02	1.558037e+01
1.909000e-05	2.750678e-02	1.561989e+01
1.910000e-05	2.249491e-02	1.558832e+01
1.911000e-05	2.224277e-02	1.552971e+01
1.912000e-05	3.158808e-02	1.551763e+01
1.913000e-05	3.328489e-02	1.546761e+01
1.914000e-05	3.091950e-02	1.541248e+01
1.915000e-05	2.802563e-02	1.542193e+01
1.916000e-05	3.683905e-02	1.536937e+01
1.917000e-05	4.049244e-02	1.531612e+01
1.918000e-05	3.843419e-02	1.527305e+01
1.919000e-05	3.848327e-02	1.517990e+01
1.920000e-05	4.568835e-02	1.512667e+01
1.921000e-05	5.157548e-02	1.504406e+01
1.922000e-05	5.101007e-02	1.495880e+01
1.923000e-05	5.127582e-02	1.491659e+01
1.924000e-05	5.702720e-02	1.480148e+01
1.925000e-05	6.402001e-02	1.470569e+01
1.926000e-05	6.215404e-02	1.461995e+01
1.927000e-05	6.194318e-02	1.451909e+01
1.928000e-05	6.173679e-02	1.442147e+01
1.929000e-05	6.778852e-02	1.432565e+01
1.930000e-05	6.426924e-02	1.417927e+01
1.931000e-05	5.932352e-02	1.407196e+01
1.932000e-05	5.805456e-02	1.386712e+01
1.933000e-05	5.886372e-02	1.372882e+01
1.934000e-05	5.523086e-02	1.359190e+01
1.935000e-05	4.786366e-02	1.344403e+01
1.936000e-05	4.522497e-02	1.331669e+01
1.937000e-05	4.501902e-02	1.314927e+01
1.938000e-05	4.214884e-02	1.296032e+01
1.939000e-05	3.710942e-02	1.283348e+01
1.940000e-05	3.238451e-02	1.267306e+01
1.941000e-05	3.404648e-02	1.249722e+01
1.942000e-05	3.105615e-02	1.230914e+01
1.943000e-05	2.735253e-02	1.212979e+01
1.944000e-05	2.297581e-02	1.192977e+01
1.945000e-05	2.298188e-02	1.176927e+01
1.946000e-05	2.303637e-02	1.153819e+01
1.947000e-05	1.909846e-02	1.132829e+01
1.948000e-05	1.557806e-02	1.113727e+01
1.949000e-05	1.480905e-02	1.092874e+01
1.950000e-05	1.590321e-02	1.072679e+01
1.951000e-05	1.372819e-02	1.050624e+01
1.952000e-05	1.120336e-02	1.028659e+01
1.953000e-05	9.614942e-03	1.006466e+01
1.954000e-05	9.866345e-03	9.812432e+00
1.955000e-05	8.878779e-03	9.590948e+00
1.956000e-05	6.814103e-03	9.370869e+00
1.957000e-05	4.781536e-03	9.147743e+00
1.958000e-05	6.156123e-03	8.918665e+00
1.959000e-05	5.918588e-03	8.655065e+00
1.960000e-05	4.042008e-03	8.452536e+00
1.961000e-05	2.333122e-03	8.181399e+00
1.962000e-05	2.588297e-03	7.949293e+00
1.963000e-05	4.499516e-03	7.666137e+00
1.964000e-05	2.495305e-03	7.404079e+00
1.965000e-05	1.099286e-03	7.148768e+00
1.966000e-05	5.384576e-04	6.877737e+00
1.967000e-05	2.252587e-03	6.612976e+00
1.968000e-05	-2.690851e-04	6.359291e+00
1.969000e-05	-1.685279e-03	6.097691e+00
1.970000e-05	-9.841023e-05	5.834007e+00
1.971000e-05	9.755761e-04	5.560947e+00
1.972000e-05	-4.439625e-04	5.326587e+00
1.973000e-05	-2.786015e-03	4.949770e+00
1.974000e-05	-2.061317e-03	4.693038e+00
1.975000e-05	-1.659909e-03	4.361402e+00
1.976000e-05	-1.992371e-03	4.130222e+00
1.977000e-05	-2.659155e-03	3.801929e+00
1.978000e-05	-2.769484e-03	3.569319e+00
1.979000e-05	-1.620790e-03	3.274037e+00
1.980000e-05	-2.308001e-03	2.989373e+00
1.981000e-05	-5.011945e-03	2.708845e+00
1.982000e-05	-5.495976e-03	2.371451e+00
1.983000e-05	-3.305610e-03	2.116266e+00
1.984000e-05	-2.712018e-03	1.854562e+00
1.985000e-05	-3.746607e-03	1.549826e+00
1.986000e-05	-4.353998e-03	1.253585e+00
1.987000e-05	-3.562570e-03	9.372699e-01
1.988000e-05	-3.560282e-03	6.335341e-01
1.989000e-05	-3.356058e-03	3.608487e-01
1.990000e-05	-3.610641e-03	5.608914e-02
1.991000e-05	2.169763e-03	-2.300450e-01
1.992000e-05	5.132592e-03	-4.922065e-01
1.993000e-05	-2.906302e-03	-7.664946e-01
1.994000e-05	-2.904868e-03	-9.791226e-01
1.995000e-05	-4.189693e-03	-1.323184e+00
1.996000e-05	-1.381938e-03	-1.579975e+00
1.997000e-05	3.125136e-03	-1.819629e+00
1.998000e-05	3.719183e-02	-2.050582e+00
1.999000e-05	8.878678e-02	-2.355396e+00
2.000000e-05	-6.259450e-02	-2.735836e+00
2.001000e-05	-4.200613e-02	-3.137889e+00
2.002000e-05	-4.681162e-02	-3.390451e+00
2.003000e-05	-1.241545e-02	-3.641123e+00
2.004000e-05	-7.050423e-02	-3.872308e+00
2.005000e-05	1.050125e-01	-4.053155e+00
2.006000e-05	-3.089391e-02	-4.293704e+00
2.007000e-05	-2.268142e-02	-4.619520e+00
2.008000e-05	1.464210e-01	-4.863075e+00
2.009000e-05	-1.607312e-01	-5.168938e+00
2.010000e-05	8.698281e-02	-5.524212e+00
2.011000e-05	-1.006121e-01	-5.766941e+00
2.012000e-05	1.167237e-02	-6.040577e+00
2.013000e-05	6.823693e-02	-6.253236e+00
2.014000e-05	-9.236688e-02	-6.620045e+00
2.015000e-05	1.087665e-01	-6.842050e+00
2.016000e-05	-7.899159e-02	-7.124332e+00
2.017000e-05	2.259580e-02	-7.410550e+00
2.018000e-05	-2.721531e-02	-7.643600e+00
2.019000e-05	-3.981276e-02	-7.988495e+00
2.020000e-05	7.447781e-02	-8.208971e+00
2.021000e-05	-8.328603e-02	-8.441625e+00
2.022000e-05	7.670762e-02	-8.685711e+00
2.023000e-05	-6.420932e-02	-8.976365e+00
2.024000e-05	1.250959e-02	-9.209471e+00
2.025000e-05	-1.082396e-02	-9.390387e+00
2.026000e-05	-2.948903e-02	-9.640576e+00
2.027000e-05	3.554101e-02	-9.863154e+00
2.028000e-05	-5.065125e-02	-1.007468e+01
2.029000e-05	5.008139e-02	-1.033466e+01
2.030000e-05	-6.104847e-02	-1.056583e+01
2.031000e-05	2.943404e-02	-1.073582e+01
2.032000e-05	-4.597812e-02	-1.094779e+01
2.033000e-05	1.220058e-02	-1.116746e+01
2.034000e-05	-1.909867e-02	-1.135682e+01
2.035000e-05	-3.077157e-03	-1.157892e+01
2.036000e-05	-8.666192e-04	-1.176989e+01
2.037000e-05	-1.770886e-02	-1.201007e+01
2.038000e-05	2.260835e-03	-1.217895e+01
2.039000e-05	-3.268819e-02	-1.237802e+01
2.040000e-05	8.121916e-03	-1.253774e+01
2.041000e-05	-3.077337e-02	-1.273579e+01
2.042000e-05	8.996915e-03	-1.290524e+01
2.043000e-05	-2.665799e-02	-1.303103e+01
2.044000e-05	5.708330e-03	-1.319949e+01
2.045000e-05	-2.134260e-02	-1.333779e+01
2.046000e-05	-5.209479e-03	-1.354481e+01
2.047000e-05	-1.936495e-02	-1.367265e+01
2.048000e-05	-1.305795e-02	-1.385038e+01
2.049000e-05	-1.227803e-02	-1.391674e+01
2.050000e-05	-1.557063e-02	-1.406355e+01
2.051000e-05	-8.304797e-03	-1.414847e+01
2.052000e-05	-1.849920e-02	-1.434679e+01
2.053000e-05	-8.201736e-03	-1.446263e+01
2.054000e-05	-2.182397e-02	-1.456739e+01
2.055000e-05	-1.138369e-02	-1.467408e+01
2.056000e-05	-1.996481e-02	-1.477789e+01
2.057000e-05	-1.118887e-02	-1.486205e+01
2.058000e-05	-1.896765e-02	-1.491674e+01
2.059000e-05	-1.444134e-02	-1.503190e+01
2.060000e-05	-1.998726e-02	-1.507603e+01
2.061000e-05	-1.776377e-02	-1.514789e+01
2.062000e-05	-2.236298e-02	-1.522152e+01
2.063000e-05	-1.833468e-02	-1.529363e+01
2.064000e-05	-2.042343e-02	-1.531634e+01
2.065000e-05	-1.891549e-02	-1.543834e+01
2.066000e-05	-2.092353e-02	-1.543145e+01
2.067000e-05	-2.331476e-02	-1.542206e+01
2.068000e-05	-2.166525e-02	-1.549568e+01
2.069000e-05	-2.548415e-02	-1.552716e+01
2.070000e-05	-2.345228e-02	-1.550874e+01
2.071000e-05	-2.744723e-02	-1.552780e+01
2.072000e-05	-2.481764e-02	-1.560774e+01
2.073000e-05	-2.859989e-02	-1.559982e+01
2.074000e-05	-2.934683e-02	-1.561887e+01
2.075000e-05	-3.019855e-02	-1.557932e+01
2.076000e-05	-3.164442e-02	-1.554727e+01
2.077000e-05	-3.184834e-02	-1.551676e+01
2.078000e-05	-3.559722e-02	-1.550611e+01
2.079000e-05	-3.708711e-02	-1.549268e+01
2.080000e-05	-3.949755e-02	-1.540210e+01
2.081000e-05	-3.980739e-02	-1.543845e+01
2.082000e-05	-4.374032e-02	-1.536882e+01
2.083000e-05	-4.415646e-02	-1.530411e+01
2.084000e-05	-4.562468e-02	-1.526411e+01
2.085000e-05	-4.821875e-02	-1.518027e+01
2.086000e-05	-5.203786e-02	-1.513619e+01
2.087000e-05	-5.569231e-02	-1.506198e+01
2.088000e-05	-5.862480e-02	-1.496837e+01
2.089000e-05	-6.115060e-02	-1.486366e+01
2.090000e-05	-6.560445e-02	-1.482135e+01
2.091000e-05	-6.754683e-02	-1.471623e+01
2.092000e-05	-6.838065e-02	-1.461048e+01
2.093000e-05	-6.944657e-02	-1.453721e+01
2.094000e-05	-7.079977e-02	-1.435125e+01
2.095000e-05	-7.194334e-02	-1.425505e+01
2.096000e-05	-6.942320e-02	-1.410767e+01
2.097000e-05	-6.806828e-02	-1.403185e+01
2.098000e-05	-6.624737e-02	-1.389498e+01
2.099000e-05	-6.530981e-02	-1.373629e+01
2.100000e-05	-6.108719e-02	-1.359133e+01
2.101000e-05	-5.665304e-02	-1.341348e+01
2.102000e-05	-5.321459e-02	-1.330566e+01
2.103000e-05	-5.079816e-02	-1.315777e+01
2.104000e-05	-4.772091e-02	-1.298837e+01
2.105000e-05	-4.490703e-02	-1.285251e+01
2.106000e-05	-4.172434e-02	-1.267253e+01
2.107000e-05	-4.013920e-02	-1.250311e+01
2.108000e-05	-3.885521e-02	-1.234722e+01
2.109000e-05	-3.475890e-02	-1.211624e+01
2.110000e-05	-3.154526e-02	-1.196922e+01
2.111000e-05	-3.120935e-02	-1.175867e+01
2.112000e-05	-2.953801e-02	-1.148674e+01
2.113000e-05	-2.641847e-02	-1.129509e+01
2.114000e-05	-2.406075e-02	-1.107313e+01
2.115000e-05	-2.444958e-02	-1.088661e+01
2.116000e-05	-2.362392e-02	-1.068610e+01
2.117000e-05	-2.104417e-02	-1.049361e+01
2.118000e-05	-1.924989e-02	-1.021401e+01
2.119000e-05	-1.954261e-02	-1.003151e+01
2.120000e-05	-1.979818e-02	-9.771348e+00
2.121000e-05	-1.621989e-02	-9.587851e+00
2.122000e-05	-1.410440e-02	-9.338297e+00
2.123000e-05	-1.500247e-02	-9.087738e+00
2.124000e-05	-1.494872e-02	-8.936188e+00
2.125000e-05	-1.352653e-02	-8.654032e+00
2.126000e-05	-1.197491e-02	-8.371452e+00
2.127000e-05	-1.221771e-02	-8.160349e+00
2.128000e-05	-1.336725e-02	-7.897112e+00
2.129000e-05	-1.209613e-02	-7.593473e+00
2.130000e-05	-1.034844e-02	-7.389265e+00
2.131000e-05	-1.002526e-02	-7.076263e+00
2.132000e-05	-1.195821e-02	-6.851531e+00
2.133000e-05	-9.477046e-03	-6.591350e+00
2.134000e-05	-8.657746e-03	-6.317740e+00
2.135000e-05	-7.879826e-03	-6.033911e+00
2.136000e-05	-1.083920e-02	-5.790875e+00
2.137000e-05	-8.790836e-03	-5.508168e+00
2.138000e-05	-8.921513e-03	-5.219427e+00
2.139000e-05	-7.020701e-03	-4.896612e+00
2.140000e-05	-9.450420e-03	-4.588875e+00
2.141000e-05	-7.375184e-03	-4.338345e+00
2.142000e-05	-7.044951e-03	-4.065165e+00
2.143000e-05	-5.826896e-03	-3.790409e+00
2.144000e-05	-8.381230e-03	-3.536717e+00
2.145000e-05	-8.352751e-03	-3.274583e+00
2.146000e-05	-6.848485e-03	-2.949343e+00
2.147000e-05	-4.752760e-03	-2.685112e+00
2.148000e-05	-6.099368e-03	-2.439978e+00
2.149000e-05	-6.691382e-03	-2.057209e+00
2.150000e-05	-5.494695e-03	-1.832982e+00
2.151000e-05	-4.687246e-03	-1.509274e+00
2.152000e-05	-5.700942e-03	-1.172477e+00
2.153000e-05	-7.370820e-03	-8.951172e-01
2.154000e-05	-4.883124e-03	-5.999504e-01
2.155000e-05	-3.228869e-03	-3.367659e-01
2.156000e-05	-1.297353e-03	-6.408539e-02
2.157000e-05	6.560237e-03	2.302526e-01
2.158000e-05	-6.010528e-05	5.137369e-01
2.159000e-05	2.459510e-03	7.353960e-01
2.160000e-05	-1.183401e-03	1.033579e+00
2.161000e-05	-8.832740e-04	1.327363e+00
2.162000e-05	-1.760097e-03	1.642250e+00
2.163000e-05	5.488257e-03	1.894811e+00
2.164000e-05	2.259157e-02	2.126361e+00
2.165000e-05	7.726842e-02	2.399033e+00
2.166000e-05	-1.303925e-03	2.777494e+00
2.167000e-05	-6.063663e-02	3.082732e+00
2.168000e-05	-4.415597e-02	3.375965e+00
2.169000e-05	-5.839878e-03	3.650080e+00
2.170000e-05	-2.044596e-02	3.873152e+00
2.171000e-05	-5.221135e-02	4.043782e+00
2.172000e-05	6.596983e-02	4.316943e+00
2.173000e-05	9.246045e-03	4.683055e+00
2.174000e-05	1.501429e-02	4.853682e+00
2.175000e-05	7.460416e-02	5.279104e+00
2.176000e-05	-1.051700e-01	5.544813e+00
2.177000e-05	4.777587e-02	5.787994e+00
2.178000e-05	-1.178407e-02	6.072704e+00
2.179000e-05	7.399410e-03	6.323761e+00
2.180000e-05	2.832235e-03	6.620141e+00
2.181000e-05	-2.970746e-02	6.882735e+00
2.182000e-05	7.275596e-02	7.145870e+00
2.183000e-05	-2.825825e-02	7.400019e+00
2.184000e-05	-5.153681e-03	7.694187e+00
2.185000e-05	-3.335103e-02	7.987474e+00
2.186000e-05	4.501405e-02	8.252978e+00
2.187000e-05	2.410185e-02	8.443102e+00
2.188000e-05	-4.001402e-02	8.725181e+00
2.189000e-05	2.404914e-02	8.935285e+00
2.190000e-05	-3.179993e-03	9.210495e+00
2.191000e-05	2.279336e-02	9.360972e+00
2.192000e-05	-2.063869e-02	9.611602e+00
2.193000e-05	1.860729e-03	9.863653e+00
2.194000e-05	1.493883e-02	1.009479e+01
2.195000e-05	1.852395e-02	1.030476e+01
2.196000e-05	5.432150e-03	1.059852e+01
2.197000e-05	-2.295520e-02	1.075842e+01
2.198000e-05	1.959117e-02	1.095887e+01
2.199000e-05	6.012105e-03	1.114734e+01
2.200000e-05	9.677021e-03	1.137890e+01
2.201000e-05	-1.333302e-02	1.160050e+01
2.202000e-05	1.842945e-02	1.181950e+01
2.203000e-05	1.522555e-02	1.196962e+01
2.204000e-05	7.286513e-03	1.218089e+01
2.205000e-05	-8.032978e-03	1.236942e+01
2.206000e-05	3.811073e-03	1.254684e+01
2.207000e-05	1.762865e-02	1.271428e+01
2.208000e-05	5.054521e-03	1.285563e+01
2.209000e-05	2.245273e-03	1.301303e+01
2.210000e-05	3.982583e-03	1.320953e+01
2.211000e-05	2.203021e-02	1.335787e+01
2.212000e-05	5.722722e-03	1.350371e+01
2.213000e-05	2.127265e-03	1.365218e+01
2.214000e-05	-5.381370e-04	1.380037e+01
2.215000e-05	1.775269e-02	1.389681e+01
2.216000e-05	1.269313e-02	1.403363e+01
2.217000e-05	3.625728e-03	1.423060e+01
2.218000e-05	6.719528e-03	1.437789e+01
2.219000e-05	1.609606e-02	1.447671e+01
2.220000e-05	1.481941e-02	1.455884e+01
2.221000e-05	2.161987e-03	1.471363e+01
2.222000e-05	8.781807e-03	1.477092e+01
2.223000e-05	1.384926e-02	1.485416e+01
2.224000e-05	1.776473e-02	1.492629e+01
2.225000e-05	8.211935e-03	1.502150e+01
2.226000e-05	8.319808e-03	1.508526e+01
2.227000e-05	1.471142e-02	1.515924e+01
2.228000e-05	1.686830e-02	1.521102e+01
2.229000e-05	1.077530e-02	1.527466e+01
2.230000e-05	8.991001e-03	1.533721e+01
2.231000e-05	1.878437e-02	1.539142e+01
2.232000e-05	1.930260e-02	1.541195e+01
2.233000e-05	1.595649e-02	1.543403e+01
2.234000e-05	1.172135e-02	1.548624e+01
2.235000e-05	2.069748e-02	1.549821e+01
2.236000e-05	2.210207e-02	1.552774e+01
2.237000e-05	1.928475e-02	1.555779e+01
2.238000e-05	1.664403e-02	1.557982e+01
2.239000e-05	2.227994e-02	1.557037e+01
2.240000e-05	2.662870e-02	1.555839e+01
2.241000e-05	2.203026e-02	1.552832e+01
2.242000e-05	2.216781e-02	1.555822e+01
2.243000e-05	2.680201e-02	1.551868e+01
2.244000e-05	3.410568e-02	1.549461e+01
2.245000e-05	3.164190e-02	1.545356e+01
2.246000e-05	2.866459e-02	1.542205e+01
2.247000e-05	3.351697e-02	1.537032e+01
2.248000e-05	3.954342e-02	1.535869e+01
2.249000e-05	4.000087e-02	1.532508e+01
2.250000e-05	3.646635e-02	1.527305e+01
2.251000e-05	4.163354e-02	1.516887e+01
2.252000e-05	4.930233e-02	1.505619e+01
2.253000e-05	4.977949e-02	1.500097e+01
2.254000e-05	5.036837e-02	1.493681e+01
2.255000e-05	5.441681e-02	1.487401e+01
2.256000e-05	6.124957e-02	1.474077e+01
2.257000e-05	6.154621e-02	1.465361e+01
2.258000e-05	5.953752e-02	1.459085e+01
2.259000e-05	6.358976e-02	1.445403e+01
2.260000e-05	6.646915e-02	1.434929e+01
2.261000e-05	6.457861e-02	1.427353e+01
2.262000e-05	5.904899e-02	1.411523e+01
2.263000e-05	6.029420e-02	1.394990e+01
2.264000e-05	5.957472e-02	1.382195e+01
2.265000e-05	5.712932e-02	1.370516e+01
2.266000e-05	4.865984e-02	1.352824e+01
2.267000e-05	4.844885e-02	1.339237e+01
2.268000e-05	4.676800e-02	1.327355e+01
2.269000e-05	4.530379e-02	1.306459e+01
2.270000e-05	3.633646e-02	1.293669e+01
2.271000e-05	3.665356e-02	1.278880e+01
2.272000e-05	3.475358e-02	1.261085e+01
2.273000e-05	3.347797e-02	1.246251e+01
2.274000e-05	2.658239e-02	1.223456e+01
2.275000e-05	2.414060e-02	1.208404e+01
2.276000e-05	2.441195e-02	1.189458e+01
2.277000e-05	2.298293e-02	1.167357e+01
2.278000e-05	1.971236e-02	1.143408e+01
2.279000e-05	1.627025e-02	1.125348e+01
2.280000e-05	1.831778e-02	1.106258e+01
2.281000e-05	1.644982e-02	1.083406e+01
2.282000e-05	1.248251e-02	1.063508e+01
2.283000e-05	9.935781e-03	1.044148e+01
2.284000e-05	1.141377e-02	1.020295e+01
2.285000e-05	1.204105e-02	9.981850e+00
2.286000e-05	9.208409e-03	9.720269e+00
2.287000e-05	5.969318e-03	9.486186e+00
2.288000e-05	7.215924e-03	9.284710e+00
2.289000e-05	7.557808e-03	9.015056e+00
2.290000e-05	4.674721e-03	8.802479e+00
2.291000e-05	3.103447e-03	8.589873e+00
2.292000e-05	4.471597e-03	8.397219e+00
2.293000e-05	5.307878e-03	8.107690e+00
2.294000e-05	3.959093e-03	7.812032e+00
2.295000e-05	1.517765e-03	7.600875e+00
2.296000e-05	1.046584e-03	7.266216e+00
2.297000e-05	1.678614e-03	7.053507e+00
2.298000e-05	1.330384e-03	6.779948e+00
2.299000e-05	3.662680e-04	6.529248e+00
2.300000e-05	1.208953e-04	6.273534e+00
2.301000e-05	2.251247e-04	6.000456e+00
2.302000e-05	1.127902e-03	5.768849e+00
2.303000e-05	-2.073310e-03	5.484085e+00
2.304000e-05	-1.158444e-03	5.119300e+00
2.305000e-05	-9.855202e-04	4.792157e+00
2.306000e-05	6.864481e-04	4.540270e+00
2.307000e-05	-2.560655e-03	4.244658e+00
2.308000e-05	-3.117610e-03	3.962854e+00
2.309000e-05	-2.647509e-03	3.728265e+00
2.310000e-05	-8.316822e-04	3.434928e+00
2.311000e-05	-3.417877e-03	3.147750e+00
2.312000e-05	-4.064376e-03	2.864637e+00
2.313000e-05	-3.528572e-03	2.632982e+00
2.314000e-05	-1.790590e-03	2.345240e+00
2.315000e-05	-3.615850e-03	2.041557e+00
2.316000e-05	-5.331444e-03	1.758776e+00
2.317000e-05	-4.035323e-03	1.453032e+00
2.318000e-05	-2.936825e-03	1.128276e+00
2.319000e-05	-2.935084e-03	8.300028e-01
2.320000e-05	-5.840492e-03	5.172424e-01
2.321000e-05	-3.556539e-03	2.430092e-01
2.322000e-05	-1.646501e-03	-6.315383e-02
2.323000e-05	6.477821e-03	-3.046869e-01
2.324000e-05	-3.211949e-03	-5.569184e-01
2.325000e-05	6.756993e-05	-8.626291e-01
2.326000e-05	-5.252660e-03	-1.125313e+00
2.327000e-05	-1.608193e-04	-1.430252e+00
2.328000e-05	-3.628838e-03	-1.692181e+00
2.329000e-05	1.271187e-02	-1.925413e+00
2.330000e-05	6.968796e-02	-2.147411e+00
2.331000e-05	3.996283e-02	-2.502357e+00
2.332000e-05	-7.781077e-02	-2.952678e+00
2.333000e-05	-3.679616e-02	-3.270729e+00
2.334000e-05	-3.433018e-02	-3.493737e+00
2.335000e-05	-2.748646e-02	-3.756283e+00
2.336000e-05	-3.456881e-02	-3.948946e+00
2.337000e-05	1.272166e-01	-4.115865e+00
2.338000e-05	-1.287678e-01	-4.420091e+00
2.339000e-05	1.207242e-01	-4.744341e+00
2.340000e-05	6.502076e-04	-4.978388e+00
2.341000e-05	-9.581799e-02	-5.355811e+00
2.342000e-05	8.164049e-02	-5.577996e+00
2.343000e-05	-1.457310e-01	-5.881652e+00
2.344000e-05	1.208487e-01	-6.107741e+00
2.345000e-05	-5.289314e-02	-6.390017e+00
2.346000e-05	-4.457286e-03	-6.672733e+00
2.347000e-05	6.584867e-02	-6.946285e+00
2.348000e-05	-8.788280e-02	-7.280649e+00
2.349000e-05	5.936548e-02	-7.484282e+00
2.350000e-05	-9.336142e-02	-7.778894e+00
2.351000e-05	5.117910e-02	-8.071578e+00
2.352000e-05	-2.011185e-03	-8.282208e+00
2.353000e-05	-3.601660e-02	-8.548259e+00
2.354000e-05	5.833764e-02	-8.798421e+00
2.355000e-05	-8.528776e-02	-9.041650e+00
2.356000e-05	5.995821e-02	-9.262079e+00
2.357000e-05	-7.162391e-02	-9.504777e+00
2.358000e-05	3.630148e-02	-9.737885e+00
2.359000e-05	-2.519514e-02	-9.965886e+00
2.360000e-05	5.307014e-03	-1.016796e+01
2.361000e-05	6.455201e-03	-1.036995e+01
2.362000e-05	-4.056979e-02	-1.063253e+01
2.363000e-05	2.281666e-02	-1.079950e+01
2.364000e-05	-4.825109e-02	-1.102150e+01
2.365000e-05	2.949779e-02	-1.120260e+01
2.366000e-05	-4.314128e-02	-1.144258e+01
2.367000e-05	2.555592e-02	-1.168613e+01
2.368000e-05	-2.891753e-02	-1.186268e+01
2.369000e-05	9.140479e-03	-1.207373e+01
2.370000e-05	-2.825475e-02	-1.224303e+01
2.371000e-05	-7.345415e-03	-1.245263e+01
2.372000e-05	-8.801072e-03	-1.263940e+01
2.373000e-05	-1.485927e-02	-1.279945e+01
2.374000e-05	-3.018376e-03	-1.295637e+01
2.375000e-05	-2.151222e-02	-1.311368e+01
2.376000e-05	5.964813e-03	-1.325313e+01
2.377000e-05	-2.542023e-02	-1.339995e+01
2.378000e-05	-2.823556e-03	-1.359842e+01
2.379000e-05	-2.839227e-02	-1.373569e+01
2.380000e-05	-4.532010e-04	-1.389256e+01
2.381000e-05	-1.969376e-02	-1.397049e+01
2.382000e-05	-8.100514e-03	-1.408676e+01
2.383000e-05	-1.836066e-02	-1.423148e+01
2.384000e-05	-1.032862e-02	-1.437947e+01
2.385000e-05	-1.416743e-02	-1.448463e+01
2.386000e-05	-1.885087e-02	-1.460900e+01
2.387000e-05	-1.591765e-02	-1.468361e+01
2.388000e-05	-1.690421e-02	-1.476902e+01
2.389000e-05	-1.041740e-02	-1.490368e+01
2.390000e-05	-1.989260e-02	-1.496724e+01
2.391000e-05	-1.807916e-02	-1.503405e+01
2.392000e-05	-2.062973e-02	-1.512518e+01
2.393000e-05	-1.540494e-02	-1.517847e+01
2.394000e-05	-2.193247e-02	-1.527007e+01
2.395000e-05	-1.936012e-02	-1.531516e+01
2.396000e-05	-2.174492e-02	-1.537884e+01
2.397000e-05	-1.666198e-02	-1.544040e+01
2.398000e-05	-2.239974e-02	-1.543053e+01
2.399000e-05	-2.354685e-02	-1.549461e+01
2.400000e-05	-2.492580e-02	-1.551618e+01
2.401000e-05	-2.165377e-02	-1.549879e+01
2.402000e-05	-2.346466e-02	-1.556734e+01
2.403000e-05	-2.829373e-02	-1.555879e+01
2.404000e-05	-2.775575e-02	-1.558889e+01
2.405000e-05	-2.798952e-02	-1.560887e+01
2.406000e-05	-2.757537e-02	-1.558926e+01
2.407000e-05	-3.380283e-02	-1.557980e+01
2.408000e-05	-3.362202e-02	-1.554624e+01
2.409000e-05	-3.243683e-02	-1.551621e+01
2.410000e-05	-3.430724e-02	-1.551611e+01
2.411000e-05	-3.881605e-02	-1.547456e+01
2.412000e-05	-4.150703e-02	-1.540250e+01
2.413000e-05	-3.954853e-02	-1.543087e+01
2.414000e-05	-4.138499e-02	-1.535874e+01
2.415000e-05	-4.546010e-02	-1.529466e+01
2.416000e-05	-4.874596e-02	-1.525193e+01
2.417000e-05	-4.909786e-02	-1.512979e+01
2.418000e-05	-5.144811e-02	-1.505469e+01
2.419000e-05	-5.715496e-02	-1.501993e+01
2.420000e-05	-6.149709e-02	-1.493879e+01
2.421000e-05	-6.199738e-02	-1.485503e+01
2.422000e-05	-6.429369e-02	-1.478782e+01
2.423000e-05	-6.766000e-02	-1.462403e+01
2.424000e-05	-7.122532e-02	-1.456032e+01
2.425000e-05	-7.081304e-02	-1.445358e+01
2.426000e-05	-6.938326e-02	-1.433724e+01
2.427000e-05	-6.970585e-02	-1.423148e+01
2.428000e-05	-7.079045e-02	-1.412708e+01
2.429000e-05	-6.757374e-02	-1.397777e+01
2.430000e-05	-6.315866e-02	-1.380100e+01
2.431000e-05	-6.183077e-02	-1.367511e+01
2.432000e-05	-6.093476e-02	-1.353619e+01
2.433000e-05	-5.725964e-02	-1.336995e+01
2.434000e-05	-5.223015e-02	-1.323345e+01
2.435000e-05	-4.915982e-02	-1.307511e+01
2.436000e-05	-4.720420e-02	-1.293724e+01
2.437000e-05	-4.456949e-02	-1.276935e+01
2.438000e-05	-4.023026e-02	-1.254937e+01
2.439000e-05	-3.688429e-02	-1.245243e+01
2.440000e-05	-3.766497e-02	-1.222305e+01
2.441000e-05	-3.551609e-02	-1.205359e+01
2.442000e-05	-3.173311e-02	-1.182411e+01
2.443000e-05	-2.831570e-02	-1.164356e+01
2.444000e-05	-2.804783e-02	-1.143995e+01
2.445000e-05	-2.767527e-02	-1.120148e+01
2.446000e-05	-2.456622e-02	-1.099935e+01
2.447000e-05	-2.183664e-02	-1.079145e+01
2.448000e-05	-2.158768e-02	-1.058189e+01
2.449000e-05	-2.193006e-02	-1.040043e+01
2.450000e-05	-2.038244e-02	-1.016032e+01
2.451000e-05	-1.680375e-02	-9.937244e+00
2.452000e-05	-1.719040e-02	-9.696715e+00
2.453000e-05	-1.752417e-02	-9.467137e+00
2.454000e-05	-1.746962e-02	-9.273506e+00
2.455000e-05	-1.442805e-02	-9.022927e+00
2.456000e-05	-1.398351e-02	-8.832478e+00
2.457000e-05	-1.457033e-02	-8.578320e+00
2.458000e-05	-1.404340e-02	-8.296737e+00
2.459000e-05	-1.096875e-02	-8.076161e+00
2.460000e-05	-1.087652e-02	-7.800950e+00
2.461000e-05	-1.250352e-02	-7.486691e+00
2.462000e-05	-1.170915e-02	-7.274011e+00
2.463000e-05	-9.825232e-03	-7.040879e+00
2.464000e-05	-9.399154e-03	-6.726747e+00
2.465000e-05	-1.123051e-02	-6.476137e+00
2.466000e-05	-1.008859e-02	-6.231407e+00
2.467000e-05	-8.320946e-03	-5.947867e+00
2.468000e-05	-7.837734e-03	-5.644684e+00
2.469000e-05	-7.513938e-03	-5.419374e+00
2.470000e-05	-9.516171e-03	-5.094092e+00
2.471000e-05	-7.785441e-03	-4.759348e+00
2.472000e-05	-6.550110e-03	-4.443662e+00
2.473000e-05	-6.231100e-03	-4.252986e+00
2.474000e-05	-8.989936e-03	-3.990820e+00
2.475000e-05	-7.132927e-03	-3.684690e+00
2.476000e-05	-7.802250e-03	-3.412578e+00
2.477000e-05	-6.730608e-03	-3.127275e+00
2.478000e-05	-8.562619e-03	-2.842079e+00
2.479000e-05	-5.083879e-03	-2.548369e+00
2.480000e-05	-4.902505e-03	-2.294186e+00
2.481000e-05	-4.409724e-03	-1.967299e+00
2.482000e-05	-6.728531e-03	-1.694738e+00
2.483000e-05	-6.340790e-03	-1.389987e+00
2.484000e-05	-5.807114e-03	-1.055187e+00
2.485000e-05	-5.695182e-03	-8.020290e-01
2.486000e-05	-5.167650e-03	-4.955909e-01
2.487000e-05	-4.315642e-03	-2.641328e-01
2.488000e-05	1.170692e-03	7.465420e-02
2.489000e-05	8.922002e-03	3.364196e-01
2.490000e-05	-2.272760e-03	6.105749e-01
2.491000e-05	1.507285e-03	8.231541e-01
2.492000e-05	-2.898801e-03	1.177996e+00
2.493000e-05	2.477410e-03	1.420100e+00
2.494000e-05	-1.347519e-03	1.806892e+00
2.495000e-05	9.538862e-03	1.980417e+00
2.496000e-05	3.855589e-02	2.249549e+00
2.497000e-05	7.651477e-02	2.579524e+00
2.498000e-05	-4.926340e-02	2.904335e+00
2.499000e-05	-5.102033e-02	3.190965e+00
2.500000e-05	-3.646326e-02	3.473207e+00
2.501000e-05	8.321480e-03	3.696362e+00
2.502000e-05	-4.392070e-02	3.955891e+00
2.503000e-05	-2.438269e-02	4.176365e+00
2.504000e-05	9.304032e-02	4.482755e+00
2.505000e-05	-4.947597e-02	4.776818e+00
2.506000e-05	1.025973e-01	4.998546e+00
2.507000e-05	-3.160197e-02	5.368416e+00
2.508000e-05	-5.370329e-02	5.649553e+00
2.509000e-05	5.192089e-02	5.894283e+00
2.510000e-05	-3.240820e-02	6.137842e+00
2.511000e-05	3.609401e-02	6.429548e+00
2.512000e-05	-4.331981e-02	6.724841e+00
2.513000e-05	2.846744e-02	6.988444e+00
2.514000e-05	4.165388e-02	7.240704e+00
2.515000e-05	-2.879352e-02	7.556916e+00
2.516000e-05	-1.464112e-02	7.809996e+00
2.517000e-05	-1.660936e-02	8.082809e+00
2.518000e-05	6.397514e-02	8.316314e+00
2.519000e-05	-1.360268e-02	8.566891e+00
2.520000e-05	-2.347688e-02	8.757446e+00
2.521000e-05	2.546958e-02	9.050543e+00
2.522000e-05	-2.074578e-03	9.233153e+00
2.523000e-05	2.264383e-02	9.495208e+00
2.524000e-05	-3.316106e-02	9.735837e+00
2.525000e-05	1.815279e-02	9.929494e+00
2.526000e-05	1.227382e-02	1.016799e+01
2.527000e-05	2.246136e-02	1.041187e+01
2.528000e-05	-1.118062e-02	1.060198e+01
2.529000e-05	-1.365904e-02	1.085203e+01
2.530000e-05	2.681517e-02	1.100102e+01
2.531000e-05	2.249394e-03	1.121005e+01
2.532000e-05	5.618390e-03	1.145360e+01
2.533000e-05	-1.428352e-02	1.169268e+01
2.534000e-05	2.865540e-02	1.188373e+01
2.535000e-05	8.723527e-03	1.205563e+01
2.536000e-05	2.651601e-03	1.227165e+01
2.537000e-05	-9.886493e-03	1.245053e+01
2.538000e-05	1.276052e-02	1.258005e+01
2.539000e-05	1.892261e-02	1.277847e+01
2.540000e-05	-1.589849e-05	1.294779e+01
2.541000e-05	1.631727e-03	1.309568e+01
2.542000e-05	9.633725e-03	1.327503e+01
2.543000e-05	2.226478e-02	1.337150e+01
2.544000e-05	5.415559e-04	1.354782e+01
2.545000e-05	-1.157894e-03	1.370521e+01
2.546000e-05	6.791076e-03	1.382105e+01
2.547000e-05	1.952213e-02	1.397790e+01
2.548000e-05	8.603610e-03	1.414626e+01
2.549000e-05	1.933447e-04	1.431573e+01
2.550000e-05	1.175867e-02	1.436048e+01
2.551000e-05	1.754955e-02	1.454521e+01
2.552000e-05	1.204943e-02	1.463047e+01
2.553000e-05	-4.532840e-04	1.468726e+01
2.554000e-05	1.038255e-02	1.481100e+01
2.555000e-05	1.818262e-02	1.484518e+01
2.556000e-05	1.538839e-02	1.494832e+01
2.557000e-05	5.097965e-03	1.503203e+01
2.558000e-05	8.567396e-03	1.509523e+01
2.559000e-05	1.918135e-02	1.516137e+01
2.560000e-05	1.615938e-02	1.524397e+01
2.561000e-05	9.399542e-03	1.528463e+01
2.562000e-05	1.115767e-02	1.534927e+01
2.563000e-05	2.135480e-02	1.542135e+01
2.564000e-05	2.058199e-02	1.541158e+01
2.565000e-05	1.185577e-02	1.545506e+01
2.566000e-05	1.337399e-02	1.548513e+01
2.567000e-05	2.102408e-02	1.553771e+01
2.568000e-05	2.417291e-02	1.555876e+01
2.569000e-05	1.614503e-02	1.557037e+01
2.570000e-05	1.726405e-02	1.556837e+01
2.571000e-05	2.461816e-02	1.554985e+01
2.572000e-05	2.825935e-02	1.555039e+01
2.573000e-05	2.207031e-02	1.555037e+01
2.574000e-05	2.199134e-02	1.554874e+01
2.575000e-05	3.072011e-02	1.550674e+01
2.576000e-05	3.517317e-02	1.550414e+01
2.577000e-05	3.141222e-02	1.544258e+01
2.578000e-05	2.765435e-02	1.540248e+01
2.579000e-05	3.623235e-02	1.534982e+01
2.580000e-05	4.084673e-02	1.532819e+01
2.581000e-05	3.950484e-02	1.530358e+01
2.582000e-05	3.706249e-02	1.517280e+01
2.583000e-05	4.408744e-02	1.512724e+01
2.584000e-05	5.150688e-02	1.506511e+01
2.585000e-05	5.085684e-02	1.498040e+01
2.586000e-05	5.002578e-02	1.491566e+01
2.587000e-05	5.545663e-02	1.481285e+01
2.588000e-05	6.276786e-02	1.473821e+01
2.589000e-05	6.237570e-02	1.463150e+01
2.590000e-05	6.174430e-02	1.455867e+01
2.591000e-05	6.251771e-02	1.441043e+01
2.592000e-05	6.655707e-02	1.427767e+01
2.593000e-05	6.417168e-02	1.417082e+01
2.594000e-05	5.924030e-02	1.402361e+01
2.595000e-05	5.873019e-02	1.388767e+01
2.596000e-05	5.881884e-02	1.377085e+01
2.597000e-05	5.632483e-02	1.363393e+01
2.598000e-05	4.868987e-02	1.346658e+01
2.599000e-05	4.550950e-02	1.336929e+01
2.600000e-05	4.505363e-02	1.317992e+01
2.601000e-05	4.303065e-02	1.300298e+01
2.602000e-05	3.731537e-02	1.286548e+01
2.603000e-05	3.432592e-02	1.268479e+01
2.604000e-05	3.474358e-02	1.251927e+01
2.605000e-05	3.193442e-02	1.234887e+01
2.606000e-05	2.675898e-02	1.215092e+01
2.607000e-05	2.285692e-02	1.199142e+01
2.608000e-05	2.383192e-02	1.177295e+01
2.609000e-05	2.271679e-02	1.158145e+01
2.610000e-05	1.912758e-02	1.136133e+01
2.611000e-05	1.617178e-02	1.118829e+01
2.612000e-05	1.694371e-02	1.099135e+01
2.613000e-05	1.696381e-02	1.079042e+01
2.614000e-05	1.294583e-02	1.057227e+01
2.615000e-05	1.024627e-02	1.032679e+01
2.616000e-05	9.879762e-03	1.013674e+01
2.617000e-05	1.143532e-02	9.885636e+00
2.618000e-05	8.424597e-03	9.643535e+00
2.619000e-05	6.748496e-03	9.422028e+00
2.620000e-05	6.081399e-03	9.219928e+00
2.621000e-05	7.618608e-03	8.939347e+00
2.622000e-05	5.689177e-03	8.729718e+00
2.623000e-05	3.655239e-03	8.495716e+00
2.624000e-05	2.402359e-03	8.264035e+00
2.625000e-05	4.638687e-03	8.000525e+00
2.626000e-05	3.785811e-03	7.778892e+00
2.627000e-05	2.337541e-03	7.466043e+00
2.628000e-05	8.679890e-04	7.212952e+00
2.629000e-05	2.724310e-03	6.947796e+00
2.630000e-05	2.817440e-03	6.708262e+00
2.631000e-05	-3.988646e-04	6.381504e+00
2.632000e-05	-1.024977e-03	6.179898e+00
2.633000e-05	2.363716e-04	5.897620e+00
2.634000e-05	1.324950e-03	5.602628e+00
2.635000e-05	-9.648789e-04	5.380325e+00
2.636000e-05	-2.492497e-03	5.054058e+00
2.637000e-05	-8.449421e-04	4.717215e+00
2.638000e-05	-4.296504e-04	4.425083e+00
2.639000e-05	-2.308883e-03	4.149799e+00
2.640000e-05	-3.370008e-03	3.865612e+00
2.641000e-05	-2.207432e-03	3.623983e+00
2.642000e-05	-1.157023e-03	3.318364e+00
2.643000e-05	-2.237499e-03	3.014559e+00
2.644000e-05	-3.857788e-03	2.800876e+00
2.645000e-05	-3.714532e-03	2.486763e+00
2.646000e-05	-2.449721e-03	2.159974e+00
2.647000e-05	-3.507359e-03	1.985717e+00
2.648000e-05	-4.807316e-03	1.623479e+00
2.649000e-05	-5.477677e-03	1.328317e+00
2.650000e-05	-2.671633e-03	9.819577e-01
2.651000e-05	-2.744378e-03	7.061657e-01
2.652000e-05	-4.643876e-03	4.420855e-01
2.653000e-05	-4.224588e-03	1.393235e-01
2.654000e-05	3.061995e-04	-1.364132e-01
2.655000e-05	7.456752e-03	-4.094700e-01
2.656000e-05	-5.254456e-03	-6.821843e-01
2.657000e-05	-1.777485e-03	-9.463646e-01
2.658000e-05	-5.952657e-03	-1.250000e+00
2.659000e-05	1.214145e-03	-1.564887e+00
2.660000e-05	-1.450476e-03	-1.787966e+00
2.661000e-05	2.397030e-02	-1.969524e+00
2.662000e-05	9.309214e-02	-2.282254e+00
2.663000e-05	-2.868497e-02	-2.671076e+00
2.664000e-05	-5.748201e-02	-3.061746e+00
2.665000e-05	-4.624053e-02	-3.336393e+00
2.666000e-05	-1.669601e-02	-3.627970e+00
2.667000e-05	-6.087296e-02	-3.821200e+00
2.668000e-05	5.230701e-02	-4.039527e+00
2.669000e-05	4.731587e-02	-4.239598e+00
2.670000e-05	-1.012409e-01	-4.556463e+00
2.671000e-05	1.822105e-01	-4.789492e+00
2.672000e-05	-1.332052e-01	-5.072702e+00
2.673000e-05	3.090508e-02	-5.480053e+00
2.674000e-05	-2.543953e-02	-5.713629e+00
2.675000e-05	-6.902263e-02	-6.008920e+00
2.676000e-05	1.210361e-01	-6.179996e+00
2.677000e-05	-1.124985e-01	-6.512832e+00
2.678000e-05	8.883914e-02	-6.787471e+00
2.679000e-05	-3.000722e-02	-7.001226e+00
2.680000e-05	-2.630007e-02	-7.396942e+00
2.681000e-05	1.967460e-02	-7.599419e+00
2.682000e-05	-8.248511e-02	-7.935286e+00
2.683000e-05	9.279295e-02	-8.147391e+00
2.684000e-05	-7.332233e-02	-8.387399e+00
2.685000e-05	4.328837e-02	-8.660079e+00
2.686000e-05	-1.759751e-02	-8.903229e+00
2.687000e-05	-3.136453e-02	-9.144386e+00
2.688000e-05	3.248700e-02	-9.295261e+00
2.689000e-05	-6.666594e-02	-9.586448e+00
2.690000e-05	5.505701e-02	-9.779472e+00
2.691000e-05	-5.857666e-02	-1.003047e+01
2.692000e-05	4.947389e-02	-1.026213e+01
2.693000e-05	-4.755746e-02	-1.050164e+01
2.694000e-05	9.915175e-03	-1.073481e+01
2.695000e-05	-1.973477e-02	-1.085321e+01
2.696000e-05	-1.199439e-02	-1.114476e+01
2.697000e-05	3.262644e-03	-1.130566e+01
2.698000e-05	-2.794961e-02	-1.152584e+01
2.699000e-05	1.852115e-02	-1.176724e+01
2.700000e-05	-3.041642e-02	-1.199689e+01
2.701000e-05	1.425955e-02	-1.219839e+01
2.702000e-05	-4.047990e-02	-1.229434e+01
2.703000e-05	1.085815e-02	-1.251416e+01
2.704000e-05	-2.661696e-02	-1.266373e+01
2.705000e-05	3.062211e-03	-1.287008e+01
2.706000e-05	-2.203832e-02	-1.301050e+01
2.707000e-05	-2.236245e-03	-1.317842e+01
2.708000e-05	-9.896990e-03	-1.333426e+01
2.709000e-05	-1.437787e-02	-1.349316e+01
2.710000e-05	-1.271662e-02	-1.362945e+01
2.711000e-05	-2.137577e-02	-1.378694e+01
2.712000e-05	-2.627368e-03	-1.390668e+01
2.713000e-05	-2.143805e-02	-1.402152e+01
2.714000e-05	-6.093021e-03	-1.417892e+01
2.715000e-05	-2.180440e-02	-1.432366e+01
2.716000e-05	-4.975482e-03	-1.443150e+01
2.717000e-05	-2.140535e-02	-1.455579e+01
2.718000e-05	-1.341300e-02	-1.463103e+01
2.719000e-05	-1.893508e-02	-1.470579e+01
2.720000e-05	-1.272607e-02	-1.483203e+01
2.721000e-05	-1.602427e-02	-1.492523e+01
2.722000e-05	-1.726591e-02	-1.498935e+01
2.723000e-05	-2.036663e-02	-1.507213e+01
2.724000e-05	-1.879033e-02	-1.513826e+01
2.725000e-05	-1.901107e-02	-1.521149e+01
2.726000e-05	-1.878626e-02	-1.526263e+01
2.727000e-05	-1.931444e-02	-1.531681e+01
2.728000e-05	-1.861462e-02	-1.539944e+01
2.729000e-05	-2.047720e-02	-1.540948e+01
2.730000e-05	-2.556710e-02	-1.545458e+01
2.731000e-05	-2.464618e-02	-1.544523e+01
2.732000e-05	-2.602738e-02	-1.552414e+01
2.733000e-05	-2.168404e-02	-1.555729e+01
2.734000e-05	-2.441945e-02	-1.558924e+01
2.735000e-05	-2.473334e-02	-1.553839e+01
2.736000e-05	-2.747105e-02	-1.557994e+01
2.737000e-05	-2.732332e-02	-1.555082e+01
2.738000e-05	-3.234810e-02	-1.557024e+01
2.739000e-05	-3.477730e-02	-1.554787e+01
2.740000e-05	-3.394652e-02	-1.557777e+01
2.741000e-05	-3.362392e-02	-1.552666e+01
2.742000e-05	-3.579417e-02	-1.547519e+01
2.743000e-05	-3.760967e-02	-1.545300e+01
2.744000e-05	-3.963028e-02	-1.540238e+01
2.745000e-05	-4.027614e-02	-1.540987e+01
2.746000e-05	-4.482051e-02	-1.533579e+01
2.747000e-05	-4.693091e-02	-1.525511e+01
2.748000e-05	-4.944886e-02	-1.519190e+01
2.749000e-05	-5.120768e-02	-1.513822e+01
2.750000e-05	-5.440447e-02	-1.504456e+01
2.751000e-05	-5.826765e-02	-1.499048e+01
2.752000e-05	-5.953899e-02	-1.490676e+01
2.753000e-05	-6.356558e-02	-1.484148e+01
2.754000e-05	-6.472275e-02	-1.472779e+01
2.755000e-05	-6.872911e-02	-1.458295e+01
2.756000e-05	-7.006194e-02	-1.452729e+01
2.757000e-05	-7.139698e-02	-1.444148e+01
2.758000e-05	-7.105682e-02	-1.427561e+01
2.759000e-05	-7.108337e-02	-1.416142e+01
2.760000e-05	-6.790685e-02	-1.401398e+01
2.761000e-05	-6.558534e-02	-1.390566e+01
2.762000e-05	-6.371129e-02	-1.377939e+01
2.763000e-05	-6.219863e-02	-1.363256e+01
2.764000e-05	-5.768985e-02	-1.347463e+01
2.765000e-05	-5.410299e-02	-1.333674e+01
2.766000e-05	-5.249963e-02	-1.320085e+01
2.767000e-05	-5.027036e-02	-1.301193e+01
2.768000e-05	-4.509793e-02	-1.285461e+01
2.769000e-05	-4.195186e-02	-1.267466e+01
2.770000e-05	-3.995766e-02	-1.255584e+01
2.771000e-05	-3.793526e-02	-1.237935e+01
2.772000e-05	-3.609581e-02	-1.215925e+01
2.773000e-05	-3.244884e-02	-1.198142e+01
2.774000e-05	-3.077035e-02	-1.178137e+01
2.775000e-05	-2.928848e-02	-1.161035e+01
2.776000e-05	-2.697466e-02	-1.130820e+01
2.777000e-05	-2.467471e-02	-1.109657e+01
2.778000e-05	-2.483734e-02	-1.092631e+01
2.779000e-05	-2.256327e-02	-1.070729e+01
2.780000e-05	-2.097289e-02	-1.053727e+01
2.781000e-05	-2.044664e-02	-1.024661e+01
2.782000e-05	-1.933505e-02	-1.008304e+01
2.783000e-05	-1.736680e-02	-9.815031e+00
2.784000e-05	-1.612596e-02	-9.603602e+00
2.785000e-05	-1.672004e-02	-9.382899e+00
2.786000e-05	-1.664456e-02	-9.158846e+00
2.787000e-05	-1.377936e-02	-8.937896e+00
2.788000e-05	-1.300449e-02	-8.715766e+00
2.789000e-05	-1.389775e-02	-8.434556e+00
2.790000e-05	-1.285661e-02	-8.233877e+00
2.791000e-05	-1.193389e-02	-7.970398e+00
2.792000e-05	-1.082222e-02	-7.696134e+00
2.793000e-05	-1.189096e-02	-7.401480e+00
2.794000e-05	-1.147123e-02	-7.168346e+00
2.795000e-05	-1.101522e-02	-6.845188e+00
2.796000e-05	-9.695398e-03	-6.631557e+00
2.797000e-05	-9.097590e-03	-6.400928e+00
2.798000e-05	-9.100531e-03	-6.126814e+00
2.799000e-05	-1.069982e-02	-5.842032e+00
2.800000e-05	-9.184505e-03	-5.559365e+00
2.801000e-05	-8.348455e-03	-5.285107e+00
2.802000e-05	-8.144342e-03	-4.959450e+00
2.803000e-05	-9.035560e-03	-4.622529e+00
2.804000e-05	-6.720804e-03	-4.410924e+00
2.805000e-05	-6.338669e-03	-4.177820e+00
2.806000e-05	-6.483323e-03	-3.845009e+00
2.807000e-05	-7.501937e-03	-3.602378e+00
2.808000e-05	-9.021477e-03	-3.278267e+00
2.809000e-05	-6.823529e-03	-3.030934e+00
2.810000e-05	-6.550693e-03	-2.756792e+00
2.811000e-05	-6.377085e-03	-2.484134e+00
2.812000e-05	-5.620757e-03	-2.141278e+00
2.813000e-05	-4.561006e-03	-1.854711e+00
2.814000e-05	-4.481860e-03	-1.632477e+00
2.815000e-05	-6.458240e-03	-1.305163e+00
2.816000e-05	-6.615819e-03	-9.508712e-01
2.817000e-05	-5.271294e-03	-7.132084e-01
2.818000e-05	-4.197887e-03	-3.799001e-01
2.819000e-05	-3.854143e-03	-1.367135e-01
2.820000e-05	3.882167e-03	2.075708e-01
2.821000e-05	4.158355e-03	4.311766e-01
2.822000e-05	1.073077e-03	6.947156e-01
2.823000e-05	6.859930e-04	9.580661e-01
2.824000e-05	-1.484315e-03	1.231204e+00
2.825000e-05	9.627239e-04	1.575967e+00
2.826000e-05	2.092628e-03	1.861633e+00
2.827000e-05	1.650033e-02	2.082183e+00
2.828000e-05	6.201933e-02	2.336965e+00
2.829000e-05	3.512425e-02	2.704782e+00
2.830000e-05	-6.331809e-02	3.030124e+00
2.831000e-05	-4.363421e-02	3.272153e+00
2.832000e-05	-1.808536e-02	3.569400e+00
2.833000e-05	-2.833829e-03	3.810524e+00
2.834000e-05	-5.561889e-02	4.032553e+00
2.835000e-05	3.095673e-02	4.273287e+00
2.836000e-05	5.407417e-02	4.589472e+00
2.837000e-05	-3.430832e-02	4.852026e+00
2.838000e-05	1.163670e-01	5.126440e+00
2.839000e-05	-1.021688e-01	5.463657e+00
2.840000e-05	1.876083e-02	5.717882e+00
2.841000e-05	1.549676e-02	5.999023e+00
2.842000e-05	-1.414760e-02	6.272078e+00
2.843000e-05	2.758635e-02	6.555731e+00
2.844000e-05	-5.095214e-02	6.851501e+00
2.845000e-05	7.092911e-02	7.053357e+00
2.846000e-05	-8.675677e-03	7.375340e+00
2.847000e-05	-1.215285e-02	7.640075e+00
2.848000e-05	-3.247448e-02	7.955786e+00
2.849000e-05	2.308127e-02	8.209970e+00
2.850000e-05	4.756273e-02	8.410548e+00
2.851000e-05	-3.760553e-02	8.639977e+00
2.852000e-05	8.861626e-03	8.853652e+00
2.853000e-05	6.028509e-03	9.133738e+00
2.854000e-05	1.392094e-02	9.357340e+00
2.855000e-05	-5.583668e-03	9.579470e+00
2.856000e-05	-1.623799e-02	9.800474e+00
2.857000e-05	2.187398e-02	1.003368e+01
2.858000e-05	1.762415e-02	1.026261e+01
2.859000e-05	1.671781e-02	1.048418e+01
2.860000e-05	-2.464135e-02	1.071526e+01
2.861000e-05	6.172723e-03	1.093524e+01
2.862000e-05	1.185610e-02	1.112526e+01
2.863000e-05	5.843258e-03	1.132765e+01
2.864000e-05	-7.345662e-03	1.154726e+01
2.865000e-05	8.296937e-03	1.176939e+01
2.866000e-05	2.692482e-02	1.197784e+01
2.867000e-05	1.039937e-02	1.214778e+01
2.868000e-05	-6.029482e-03	1.232579e+01
2.869000e-05	-5.950751e-03	1.255570e+01
2.870000e-05	1.427291e-02	1.265216e+01
2.871000e-05	8.674166e-03	1.282213e+01
2.872000e-05	9.909351e-05	1.301034e+01
2.873000e-05	3.058334e-03	1.315044e+01
2.874000e-05	2.179455e-02	1.332782e+01
2.875000e-05	1.468863e-02	1.343326e+01
2.876000e-05	1.516049e-03	1.360157e+01
2.877000e-05	-3.809742e-03	1.381782e+01
2.878000e-05	1.269446e-02	1.386524e+01
2.879000e-05	1.221650e-02	1.402205e+01
2.880000e-05	4.425284e-03	1.418145e+01
2.881000e-05	3.509133e-03	1.434571e+01
2.882000e-05	1.753337e-02	1.444260e+01
2.883000e-05	1.933926e-02	1.451842e+01
2.884000e-05	6.485813e-03	1.468460e+01
2.885000e-05	5.428617e-03	1.473784e+01
2.886000e-05	1.175317e-02	1.485207e+01
2.887000e-05	1.831373e-02	1.491561e+01
2.888000e-05	6.941200e-03	1.497887e+01
2.889000e-05	8.388610e-03	1.505458e+01
2.890000e-05	1.270658e-02	1.513576e+01
2.891000e-05	2.138823e-02	1.520092e+01
2.892000e-05	1.192406e-02	1.525461e+01
2.893000e-05	1.018720e-02	1.529719e+01
2.894000e-05	1.554225e-02	1.536884e+01
2.895000e-05	1.966487e-02	1.541142e+01
2.896000e-05	1.681816e-02	1.545453e+01
2.897000e-05	1.099328e-02	1.547561e+01
2.898000e-05	2.015081e-02	1.549629e+01
2.899000e-05	2.247768e-02	1.551624e+01
2.900000e-05	2.153271e-02	1.551776e+01
2.901000e-05	1.515742e-02	1.552900e+01
2.902000e-05	2.084492e-02	1.555940e+01
2.903000e-05	2.432285e-02	1.556932e+01
2.904000e-05	2.438239e-02	1.555177e+01
2.905000e-05	2.200946e-02	1.553132e+01
2.906000e-05	2.607560e-02	1.555876e+01
2.907000e-05	3.384602e-02	1.552816e+01
2.908000e-05	3.260408e-02	1.546658e+01
2.909000e-05	2.925181e-02	1.541255e+01
2.910000e-05	3.127619e-02	1.534088e+01
2.911000e-05	3.759905e-02	1.533884e+01
2.912000e-05	3.847146e-02	1.529668e+01
2.913000e-05	3.706245e-02	1.525203e+01
2.914000e-05	4.071760e-02	1.518085e+01
2.915000e-05	4.773796e-02	1.513569e+01
2.916000e-05	5.178939e-02	1.502298e+01
2.917000e-05	4.982342e-02	1.495032e+01
2.918000e-05	5.273880e-02	1.487568e+01
2.919000e-05	5.893290e-02	1.479087e+01
2.920000e-05	6.288162e-02	1.467569e+01
2.921000e-05	6.002241e-02	1.458985e+01
2.922000e-05	6.132917e-02	1.446661e+01
2.923000e-05	6.587913e-02	1.437887e+01
2.924000e-05	6.758941e-02	1.426653e+01
2.925000e-05	6.098708e-02	1.415869e+01
2.926000e-05	5.837212e-02	1.400147e+01
2.927000e-05	5.894169e-02	1.387606e+01
2.928000e-05	5.853474e-02	1.374622e+01
2.929000e-05	5.249052e-02	1.358787e+01
2.930000e-05	4.595423e-02	1.342340e+01
2.931000e-05	4.527895e-02	1.328571e+01
2.932000e-05	4.565943e-02	1.307826e+01
2.933000e-05	4.111031e-02	1.297935e+01
2.934000e-05	3.549969e-02	1.280088e+01
2.935000e-05	3.415155e-02	1.263350e+01
2.936000e-05	3.402007e-02	1.248414e+01
2.937000e-05	2.941067e-02	1.229511e+01
2.938000e-05	2.442172e-02	1.213874e+01
2.939000e-05	2.344305e-02	1.193779e+01
2.940000e-05	2.361754e-02	1.174777e+01
2.941000e-05	2.216775e-02	1.150719e+01
2.942000e-05	1.682362e-02	1.131609e+01
2.943000e-05	1.700170e-02	1.110471e+01
2.944000e-05	1.707322e-02	1.090821e+01
2.945000e-05	1.551647e-02	1.068671e+01
2.946000e-05	1.143669e-02	1.048709e+01
2.947000e-05	9.356363e-03	1.026455e+01
2.948000e-05	1.148694e-02	1.006296e+01
2.949000e-05	9.787824e-03	9.830402e+00
2.950000e-05	6.946275e-03	9.529349e+00
2.951000e-05	7.874165e-03	9.349270e+00
2.952000e-05	7.593201e-03	9.098741e+00
2.953000e-05	9.295590e-03	8.875115e+00
2.954000e-05	3.543830e-03	8.633528e+00
2.955000e-05	3.979152e-03	8.391499e+00
2.956000e-05	2.324104e-03	8.168948e+00
2.957000e-05	3.848606e-03	7.907190e+00
2.958000e-05	1.663892e-03	7.653657e+00
2.959000e-05	3.399887e-03	7.350425e+00
2.960000e-05	3.599290e-03	7.105644e+00
2.961000e-05	3.979380e-03	6.853106e+00
2.962000e-05	-1.500070e-04	6.592350e+00
2.963000e-05	-6.088481e-04	6.366769e+00
2.964000e-05	-1.217971e-03	6.076133e+00
2.965000e-05	1.359238e-04	5.803827e+00
2.966000e-05	-1.413058e-03	5.557644e+00
2.967000e-05	-1.583999e-03	5.264530e+00
2.968000e-05	7.928519e-04	4.908170e+00
2.969000e-05	8.419513e-04	4.602981e+00
2.970000e-05	-1.422322e-03	4.388892e+00
2.971000e-05	-3.769264e-03	4.023560e+00
2.972000e-05	-2.970132e-03	3.771377e+00
2.973000e-05	-2.762711e-03	3.497815e+00
2.974000e-05	-2.160397e-03	3.220479e+00
2.975000e-05	-4.019032e-03	2.958321e+00
2.976000e-05	-3.455224e-03	2.644085e+00
2.977000e-05	-2.093629e-03	2.368869e+00
2.978000e-05	-2.917282e-03	2.096238e+00
2.979000e-05	-3.911274e-03	1.833031e+00
2.980000e-05	-3.541447e-03	1.516266e+00
2.981000e-05	-4.437970e-03	1.213528e+00
2.982000e-05	-3.177806e-03	8.966133e-01
2.983000e-05	-5.848004e-03	6.104801e-01
2.984000e-05	-3.165557e-03	3.577712e-01
2.985000e-05	-2.837876e-03	3.255426e-02
2.986000e-05	3.784763e-03	-2.522000e-01
2.987000e-05	3.734395e-03	-5.142617e-01
2.988000e-05	-1.285211e-03	-7.890475e-01
2.989000e-05	-2.709683e-03	-1.030704e+00
2.990000e-05	-4.386752e-03	-1.373390e+00
2.991000e-05	-4.166857e-03	-1.620576e+00
2.992000e-05	3.716249e-03	-1.902654e+00
2.993000e-05	4.843507e-02	-2.084079e+00
2.994000e-05	7.629667e-02	-2.409002e+00
2.995000e-05	-7.157610e-02	-2.809022e+00
2.996000e-05	-3.663626e-02	-3.148444e+00
2.997000e-05	-4.282254e-02	-3.470103e+00
2.998000e-05	-1.568261e-02	-3.682150e+00
2.999000e-05	-6.632820e-02	-3.925792e+00
3.000000e-05	1.211958e-01	-4.044156e+00
3.001000e-05	-7.759309e-02	-4.336393e+00
3.002000e-05	3.738561e-02	-4.663630e+00
3.003000e-05	9.535426e-02	-4.891678e+00
3.004000e-05	-1.500236e-01	-5.239549e+00
3.005000e-05	9.905337e-02	-5.563842e+00
3.006000e-05	-1.304352e-01	-5.799047e+00
3.007000e-05	5.905872e-02	-6.071652e+00
3.008000e-05	2.126844e-02	-6.273787e+00
3.009000e-05	-6.467177e-02	-6.649578e+00
3.010000e-05	1.032510e-01	-6.872682e+00
3.011000e-05	-9.187803e-02	-7.168516e+00
3.012000e-05	4.219529e-02	-7.452552e+00
3.013000e-05	-5.750887e-02	-7.695281e+00
3.014000e-05	-3.955926e-03	-8.030015e+00
3.015000e-05	5.048009e-02	-8.211600e+00
3.016000e-05	-7.307493e-02	-8.484730e+00
3.017000e-05	7.804264e-02	-8.694867e+00
3.018000e-05	-8.016848e-02	-8.996968e+00
3.019000e-05	3.793470e-02	-9.218474e+00
3.020000e-05	-3.855518e-02	-9.439026e+00
3.021000e-05	-3.339822e-03	-9.661133e+00
3.022000e-05	1.395871e-02	-9.863184e+00
3.023000e-05	-3.124234e-02	-1.007578e+01
3.024000e-05	3.727481e-02	-1.033832e+01
3.025000e-05	-5.915722e-02	-1.059789e+01
3.026000e-05	3.253700e-02	-1.077739e+01
3.027000e-05	-5.176883e-02	-1.097689e+01
3.028000e-05	2.375832e-02	-1.123795e+01
3.029000e-05	-3.220504e-02	-1.137900e+01
3.030000e-05	1.188330e-02	-1.162052e+01
3.031000e-05	-1.231285e-02	-1.184157e+01
3.032000e-05	-7.233872e-03	-1.205108e+01
3.033000e-05	-1.051233e-02	-1.224050e+01
3.034000e-05	-2.311803e-02	-1.238860e+01
3.035000e-05	3.597800e-03	-1.257685e+01
3.036000e-05	-2.565990e-02	-1.274586e+01
3.037000e-05	5.713721e-03	-1.293674e+01
3.038000e-05	-2.576681e-02	-1.306308e+01
3.039000e-05	8.045102e-03	-1.322253e+01
3.040000e-05	-2.561220e-02	-1.337829e+01
3.041000e-05	-3.064350e-03	-1.352631e+01
3.042000e-05	-2.483252e-02	-1.364368e+01
3.043000e-05	-5.284037e-03	-1.381201e+01
3.044000e-05	-1.596457e-02	-1.394776e+01
3.045000e-05	-1.293905e-02	-1.408371e+01
3.046000e-05	-1.245989e-02	-1.422092e+01
3.047000e-05	-1.458848e-02	-1.435532e+01
3.048000e-05	-1.063193e-02	-1.444360e+01
3.049000e-05	-2.187250e-02	-1.458880e+01
3.050000e-05	-1.215429e-02	-1.465206e+01
3.051000e-05	-1.945498e-02	-1.477787e+01
3.052000e-05	-1.103768e-02	-1.485216e+01
3.053000e-05	-2.079310e-02	-1.493726e+01
3.054000e-05	-1.562827e-02	-1.498043e+01
3.055000e-05	-2.085734e-02	-1.507418e+01
3.056000e-05	-1.718285e-02	-1.512784e+01
3.057000e-05	-2.136460e-02	-1.522200e+01
3.058000e-05	-1.883175e-02	-1.532565e+01
3.059000e-05	-2.084977e-02	-1.534626e+01
3.060000e-05	-1.999674e-02	-1.538037e+01
3.061000e-05	-2.223100e-02	-1.542350e+01
3.062000e-05	-2.425729e-02	-1.545408e+01
3.063000e-05	-2.246327e-02	-1.552473e+01
3.064000e-05	-2.496190e-02	-1.550679e+01
3.065000e-05	-2.278101e-02	-1.552681e+01
3.066000e-05	-2.767023e-02	-1.554790e+01
3.067000e-05	-2.534639e-02	-1.556882e+01
3.068000e-05	-2.831507e-02	-1.557942e+01
3.069000e-05	-2.860275e-02	-1.558935e+01
3.070000e-05	-3.220355e-02	-1.553987e+01
3.071000e-05	-3.253422e-02	-1.555932e+01
3.072000e-05	-3.269807e-02	-1.551676e+01
3.073000e-05	-3.605285e-02	-1.550426e+01
3.074000e-05	-3.734832e-02	-1.546413e+01
3.075000e-05	-3.949642e-02	-1.545151e+01
3.076000e-05	-3.992190e-02	-1.537895e+01
3.077000e-05	-4.255023e-02	-1.536782e+01
3.078000e-05	-4.471741e-02	-1.531564e+01
3.079000e-05	-4.649252e-02	-1.524303e+01
3.080000e-05	-4.866064e-02	-1.516935e+01
3.081000e-05	-5.175239e-02	-1.505561e+01
3.082000e-05	-5.580646e-02	-1.501248e+01
3.083000e-05	-5.911402e-02	-1.491885e+01
3.084000e-05	-6.178329e-02	-1.487458e+01
3.085000e-05	-6.394482e-02	-1.477140e+01
3.086000e-05	-6.671716e-02	-1.473416e+01
3.087000e-05	-6.938761e-02	-1.459937e+01
3.088000e-05	-7.043893e-02	-1.451426e+01
3.089000e-05	-7.097627e-02	-1.437982e+01
3.090000e-05	-7.100666e-02	-1.424258e+01
3.091000e-05	-6.908184e-02	-1.412724e+01
3.092000e-05	-6.730548e-02	-1.396982e+01
3.093000e-05	-6.513996e-02	-1.383289e+01
3.094000e-05	-6.280964e-02	-1.370622e+01
3.095000e-05	-6.005787e-02	-1.354879e+01
3.096000e-05	-5.670741e-02	-1.341245e+01
3.097000e-05	-5.255757e-02	-1.326361e+01
3.098000e-05	-5.038406e-02	-1.310574e+01
3.099000e-05	-4.729871e-02	-1.297929e+01
3.100000e-05	-4.414387e-02	-1.277195e+01
3.101000e-05	-4.080907e-02	-1.263205e+01
3.102000e-05	-3.905072e-02	-1.248408e+01
3.103000e-05	-3.727313e-02	-1.224656e+01
3.104000e-05	-3.500404e-02	-1.212722e+01
3.105000e-05	-3.264446e-02	-1.192566e+01
3.106000e-05	-3.058848e-02	-1.170664e+01
3.107000e-05	-2.792800e-02	-1.145416e+01
3.108000e-05	-2.692201e-02	-1.125450e+01
3.109000e-05	-2.357175e-02	-1.104248e+01
3.110000e-05	-2.265384e-02	-1.084356e+01
3.111000e-05	-2.310953e-02	-1.063448e+01
3.112000e-05	-2.241090e-02	-1.045301e+01
3.113000e-05	-2.090328e-02	-1.021340e+01
3.114000e-05	-1.842595e-02	-9.979425e+00
3.115000e-05	-1.821528e-02	-9.759245e+00
3.116000e-05	-1.639444e-02	-9.528875e+00
3.117000e-05	-1.496443e-02	-9.296666e+00
3.118000e-05	-1.386607e-02	-9.074687e+00
3.119000e-05	-1.483016e-02	-8.864082e+00
3.120000e-05	-1.525773e-02	-8.591556e+00
3.121000e-05	-1.370286e-02	-8.369395e+00
3.122000e-05	-1.239984e-02	-8.148770e+00
3.123000e-05	-1.228525e-02	-7.845089e+00
3.124000e-05	-1.097663e-02	-7.569826e+00
3.125000e-05	-1.112797e-02	-7.337317e+00
3.126000e-05	-1.002042e-02	-7.073012e+00
3.127000e-05	-1.144541e-02	-6.819945e+00
3.128000e-05	-1.043396e-02	-6.479267e+00
3.129000e-05	-1.071879e-02	-6.265715e+00
3.130000e-05	-8.174553e-03	-5.980907e+00
3.131000e-05	-1.065751e-02	-5.758218e+00
3.132000e-05	-6.712661e-03	-5.462464e+00
3.133000e-05	-9.434857e-03	-5.168845e+00
3.134000e-05	-6.599471e-03	-4.832982e+00
3.135000e-05	-8.504387e-03	-4.509841e+00
3.136000e-05	-7.044254e-03	-4.324742e+00
3.137000e-05	-9.206920e-03	-4.064658e+00
3.138000e-05	-6.878120e-03	-3.768798e+00
3.139000e-05	-8.699106e-03	-3.505137e+00
3.140000e-05	-6.331620e-03	-3.222456e+00
3.141000e-05	-6.965591e-03	-2.917216e+00
3.142000e-05	-3.659412e-03	-2.613583e+00
3.143000e-05	-6.065206e-03	-2.357344e+00
3.144000e-05	-5.880042e-03	-2.063627e+00
3.145000e-05	-6.947157e-03	-1.779425e+00
3.146000e-05	-5.268647e-03	-1.493612e+00
3.147000e-05	-5.728410e-03	-1.107845e+00
3.148000e-05	-5.957027e-03	-8.761581e-01
3.149000e-05	-4.714308e-03	-5.603277e-01
3.150000e-05	-2.716124e-03	-2.951643e-01
3.151000e-05	1.419742e-04	-3.152632e-02
3.152000e-05	7.849899e-03	2.643078e-01
3.153000e-05	-2.152118e-03	5.569384e-01
3.154000e-05	1.234183e-03	7.889712e-01
3.155000e-05	-2.167803e-03	1.134331e+00
3.156000e-05	1.758486e-03	1.356996e+00
3.157000e-05	-1.254239e-04	1.683307e+00
3.158000e-05	7.048156e-03	1.937811e+00
3.159000e-05	2.699743e-02	2.157942e+00
3.160000e-05	8.208075e-02	2.442707e+00
3.161000e-05	-2.104843e-02	2.800598e+00
3.162000e-05	-5.770576e-02	3.114893e+00
3.163000e-05	-4.290845e-02	3.409167e+00
3.164000e-05	2.174216e-03	3.682232e+00
3.165000e-05	-2.942205e-02	3.914810e+00
3.166000e-05	-4.515433e-02	4.135236e+00
3.167000e-05	8.194266e-02	4.379470e+00
3.168000e-05	-1.773260e-02	4.704232e+00
3.169000e-05	5.275367e-02	4.947283e+00
3.170000e-05	3.658618e-02	5.273732e+00
3.171000e-05	-9.277361e-02	5.588466e+00
3.172000e-05	5.541013e-02	5.832629e+00
3.173000e-05	-2.363820e-02	6.114783e+00
3.174000e-05	2.178456e-02	6.368391e+00
3.175000e-05	-1.761802e-02	6.690679e+00
3.176000e-05	-9.133720e-03	6.925314e+00
3.177000e-05	6.591399e-02	7.168971e+00
3.178000e-05	-3.098408e-02	7.454282e+00
3.179000e-05	-7.491546e-03	7.734917e+00
3.180000e-05	-3.104909e-02	8.022070e+00
3.181000e-05	5.651123e-02	8.292657e+00
3.182000e-05	1.034296e-02	8.454732e+00
3.183000e-05	-3.722820e-02	8.725839e+00
3.184000e-05	2.604324e-02	8.948389e+00
3.185000e-05	-4.297435e-03	9.200527e+00
3.186000e-05	2.649615e-02	9.402049e+00
3.187000e-05	-2.942725e-02	9.623151e+00
3.188000e-05	8.909469e-03	9.925337e+00
3.189000e-05	1.468543e-02	1.013682e+01
3.190000e-05	2.182588e-02	1.035779e+01
3.191000e-05	-2.867379e-03	1.057887e+01
3.192000e-05	-2.297214e-02	1.077095e+01
3.193000e-05	2.373874e-02	1.098102e+01
3.194000e-05	3.692500e-03	1.119094e+01
3.195000e-05	9.364245e-03	1.139990e+01
3.196000e-05	-1.531398e-02	1.163055e+01
3.197000e-05	2.385946e-02	1.189257e+01
3.198000e-05	1.293045e-02	1.205113e+01
3.199000e-05	5.963303e-03	1.217887e+01
3.200000e-05	-1.129082e-02	1.239050e+01
3.201000e-05	6.287118e-03	1.257840e+01
3.202000e-05	1.961782e-02	1.271681e+01
3.203000e-05	2.064704e-03	1.288571e+01
3.204000e-05	2.252304e-03	1.305355e+01
3.205000e-05	4.754604e-03	1.322355e+01
3.206000e-05	2.346583e-02	1.338734e+01
3.207000e-05	2.860845e-03	1.352676e+01
3.208000e-05	7.263639e-04	1.370418e+01
3.209000e-05	1.903416e-03	1.385090e+01
3.210000e-05	1.967946e-02	1.397682e+01
3.211000e-05	1.035526e-02	1.408708e+01
3.212000e-05	2.668676e-03	1.426250e+01
3.213000e-05	9.380145e-03	1.433827e+01
3.214000e-05	1.621295e-02	1.450573e+01
3.215000e-05	1.392983e-02	1.455895e+01
3.216000e-05	6.758238e-04	1.467310e+01
3.217000e-05	9.976233e-03	1.475940e+01
3.218000e-05	1.645201e-02	1.484368e+01
3.219000e-05	1.690682e-02	1.495677e+01
3.220000e-05	6.356498e-03	1.503103e+01
3.221000e-05	9.841553e-03	1.506418e+01
3.222000e-05	1.657621e-02	1.516989e+01
3.223000e-05	1.681626e-02	1.525002e+01
3.224000e-05	9.765473e-03	1.528473e+01
3.225000e-05	1.000805e-02	1.533626e+01
3.226000e-05	2.014127e-02	1.538082e+01
3.227000e-05	1.998380e-02	1.541195e+01
3.228000e-05	1.468703e-02	1.548358e+01
3.229000e-05	1.266930e-02	1.551466e+01
3.230000e-05	2.155260e-02	1.551724e+01
3.231000e-05	2.245308e-02	1.553877e+01
3.232000e-05	1.885426e-02	1.553734e+01
3.233000e-05	1.668994e-02	1.560084e+01
3.234000e-05	2.279751e-02	1.554987e+01
3.235000e-05	2.761540e-02	1.552885e+01
3.236000e-05	2.289491e-02	1.552779e+01
3.237000e-05	2.238724e-02	1.551924e+01
3.238000e-05	2.785619e-02	1.551722e+01
3.239000e-05	3.417848e-02	1.549763e+01
3.240000e-05	3.159767e-02	1.544313e+01
3.241000e-05	2.875708e-02	1.542197e+01
3.242000e-05	3.429322e-02	1.536882e+01
3.243000e-05	3.880532e-02	1.532724e+01
3.244000e-05	3.970877e-02	1.526608e+01
3.245000e-05	3.688331e-02	1.521148e+01
3.246000e-05	4.269075e-02	1.512927e+01
3.247000e-05	4.917997e-02	1.508656e+01
3.248000e-05	5.061443e-02	1.499388e+01
3.249000e-05	4.995889e-02	1.490674e+01
3.250000e-05	5.340439e-02	1.481255e+01
3.251000e-05	6.055304e-02	1.476827e+01
3.252000e-05	6.287268e-02	1.466345e+01
3.253000e-05	6.206829e-02	1.453874e+01
3.254000e-05	6.203902e-02	1.447508e+01
3.255000e-05	6.421071e-02	1.434877e+01
3.256000e-05	6.576017e-02	1.421193e+01
3.257000e-05	6.024672e-02	1.409321e+01
3.258000e-05	5.916204e-02	1.391982e+01
3.259000e-05	5.762119e-02	1.379250e+01
3.260000e-05	5.721804e-02	1.367416e+01
3.261000e-05	4.985078e-02	1.353724e+01
3.262000e-05	4.709222e-02	1.335034e+01
3.263000e-05	4.425461e-02	1.322160e+01
3.264000e-05	4.407688e-02	1.306511e+01
3.265000e-05	3.783401e-02	1.289616e+01
3.266000e-05	3.509146e-02	1.273780e+01
3.267000e-05	3.361626e-02	1.259037e+01
3.268000e-05	3.230372e-02	1.239145e+01
3.269000e-05	2.725910e-02	1.222248e+01
3.270000e-05	2.339208e-02	1.206348e+01
3.271000e-05	2.353187e-02	1.186406e+01
3.272000e-05	2.339430e-02	1.165453e+01
3.273000e-05	2.115746e-02	1.144550e+01
3.274000e-05	1.618981e-02	1.123203e+01
3.275000e-05	1.684418e-02	1.102302e+01
3.276000e-05	1.585259e-02	1.083158e+01
3.277000e-05	1.460667e-02	1.065102e+01
3.278000e-05	1.099357e-02	1.039345e+01
3.279000e-05	1.041113e-02	1.016985e+01
3.280000e-05	1.137283e-02	9.919343e+00
3.281000e-05	1.074001e-02	9.727766e+00
3.282000e-05	8.140985e-03	9.483114e+00
3.283000e-05	4.860319e-03	9.234161e+00
3.284000e-05	7.464443e-03	9.022952e+00
3.285000e-05	5.139300e-03	8.784473e+00
3.286000e-05	5.789853e-03	8.557819e+00
3.287000e-05	1.263286e-03	8.347224e+00
3.288000e-05	6.021725e-03	8.083111e+00
3.289000e-05	2.582063e-03	7.810928e+00
3.290000e-05	4.784671e-03	7.547819e+00
3.291000e-05	7.115892e-04	7.284113e+00
3.292000e-05	3.533977e-03	7.010503e+00
3.293000e-05	6.811028e-05	6.768825e+00
3.294000e-05	4.411791e-04	6.487116e+00
3.295000e-05	-2.047923e-03	6.240984e+00
3.296000e-05	1.621678e-03	5.989423e+00
3.297000e-05	5.589656e-04	5.696741e+00
3.298000e-05	8.175506e-04	5.393458e+00
3.299000e-05	-1.384016e-04	5.127269e+00
3.300000e-05	-1.492103e-03	4.808848e+00
3.301000e-05	-4.532502e-04	4.526739e+00
3.302000e-05	-2.562419e-03	4.261483e+00
3.303000e-05	-2.733891e-03	3.967741e+00
3.304000e-05	-3.057684e-03	3.653186e+00
3.305000e-05	-2.383635e-03	3.441403e+00
3.306000e-05	-1.650373e-03	3.126343e+00
3.307000e-05	-2.826656e-03	2.832532e+00
3.308000e-05	-4.381215e-03	2.550399e+00
3.309000e-05	-2.740719e-03	2.283111e+00
3.310000e-05	-2.835629e-03	2.000427e+00
3.311000e-05	-3.772102e-03	1.687141e+00
3.312000e-05	-5.349027e-03	1.401955e+00
3.313000e-05	-4.877051e-03	1.126641e+00
3.314000e-05	-2.855448e-03	7.883974e-01
3.315000e-05	-3.720934e-03	4.561883e-01
3.316000e-05	-3.646506e-03	1.913852e-01
3.317000e-05	-1.735880e-03	-7.423672e-02
3.318000e-05	6.721102e-03	-3.764396e-01
3.319000e-05	-4.203136e-03	-6.405473e-01
3.320000e-05	6.367239e-06	-8.741841e-01
3.321000e-05	-6.214890e-03	-1.156868e+00
3.322000e-05	-2.061209e-04	-1.451810e+00
3.323000e-05	-3.603657e-03	-1.714837e+00
3.324000e-05	1.723249e-02	-1.955943e+00
3.325000e-05	8.225504e-02	-2.217520e+00
3.326000e-05	1.166445e-02	-2.536917e+00
3.327000e-05	-7.238629e-02	-2.964986e+00
3.328000e-05	-3.879686e-02	-3.282284e+00
3.329000e-05	-2.667641e-02	-3.566389e+00
3.330000e-05	-4.133296e-02	-3.747419e+00
3.331000e-05	-6.719713e-03	-3.998500e+00
3.332000e-05	1.085554e-01	-4.177390e+00
3.333000e-05	-1.349191e-01	-4.451653e+00
3.334000e-05	1.549696e-01	-4.766388e+00
3.335000e-05	-5.681444e-02	-4.979073e+00
3.336000e-05	-4.744960e-02	-5.388869e+00
3.337000e-05	4.782682e-02	-5.630500e+00
3.338000e-05	-1.297034e-01	-5.954366e+00
3.339000e-05	1.330929e-01	-6.136290e+00
3.340000e-05	-8.530541e-02	-6.441001e+00
3.341000e-05	3.680268e-02	-6.736412e+00
3.342000e-05	2.976228e-02	-6.928342e+00
3.343000e-05	-6.871893e-02	-7.283685e+00
3.344000e-05	5.126659e-02	-7.547787e+00
3.345000e-05	-9.723781e-02	-7.788671e+00
3.346000e-05	7.497786e-02	-8.094235e+00
3.347000e-05	-3.422175e-02	-8.313236e+00
3.348000e-05	-4.695854e-03	-8.569341e+00
3.349000e-05	3.228440e-02	-8.862002e+00
3.350000e-05	-7.010805e-02	-9.091659e+00
3.351000e-05	5.635789e-02	-9.284730e+00
3.352000e-05	-7.655351e-02	-9.507840e+00
3.353000e-05	5.043322e-02	-9.767941e+00
3.354000e-05	-4.251542e-02	-9.967345e+00
3.355000e-05	2.581643e-02	-1.018048e+01
3.356000e-05	-1.694630e-02	-1.038755e+01
3.357000e-05	-2.146313e-02	-1.065213e+01
3.358000e-05	8.321663e-03	-1.085210e+01
3.359000e-05	-3.580742e-02	-1.104218e+01
3.360000e-05	2.385511e-02	-1.126205e+01
3.361000e-05	-4.152297e-02	-1.146165e+01
3.362000e-05	2.638076e-02	-1.172323e+01
3.363000e-05	-3.372632e-02	-1.187465e+01
3.364000e-05	1.374529e-02	-1.213528e+01
3.365000e-05	-3.619228e-02	-1.225418e+01
3.366000e-05	2.455489e-03	-1.245413e+01
3.367000e-05	-1.622348e-02	-1.262158e+01
3.368000e-05	-6.656240e-03	-1.283155e+01
3.369000e-05	-1.071551e-02	-1.296837e+01
3.370000e-05	-1.553861e-02	-1.310626e+01
3.371000e-05	4.147154e-04	-1.327320e+01
3.372000e-05	-2.375079e-02	-1.344205e+01
3.373000e-05	-3.983649e-03	-1.359892e+01
3.374000e-05	-2.725333e-02	-1.370781e+01
3.375000e-05	1.808187e-03	-1.390361e+01
3.376000e-05	-2.279747e-02	-1.399244e+01
3.377000e-05	-6.033766e-03	-1.412679e+01
3.378000e-05	-2.084408e-02	-1.425311e+01
3.379000e-05	-7.662181e-03	-1.440905e+01
3.380000e-05	-1.729498e-02	-1.448473e+01
3.381000e-05	-1.740475e-02	-1.464048e+01
3.382000e-05	-1.605678e-02	-1.465728e+01
3.383000e-05	-1.580221e-02	-1.483245e+01
3.384000e-05	-1.193068e-02	-1.489423e+01
3.385000e-05	-2.081023e-02	-1.496982e+01
3.386000e-05	-1.765223e-02	-1.504213e+01
3.387000e-05	-2.015834e-02	-1.510731e+01
3.388000e-05	-1.559891e-02	-1.517842e+01
3.389000e-05	-2.278100e-02	-1.523508e+01
3.390000e-05	-2.019764e-02	-1.532671e+01
3.391000e-05	-2.056404e-02	-1.532929e+01
3.392000e-05	-1.616535e-02	-1.540197e+01
3.393000e-05	-2.460845e-02	-1.544403e+01
3.394000e-05	-2.436644e-02	-1.546406e+01
3.395000e-05	-2.453854e-02	-1.548621e+01
3.396000e-05	-2.079713e-02	-1.555634e+01
3.397000e-05	-2.452608e-02	-1.556837e+01
3.398000e-05	-2.892046e-02	-1.555834e+01
3.399000e-05	-2.867287e-02	-1.556139e+01
3.400000e-05	-2.584618e-02	-1.558287e+01
3.401000e-05	-3.167606e-02	-1.557992e+01
3.402000e-05	-3.271503e-02	-1.557839e+01
3.403000e-05	-3.416923e-02	-1.552931e+01
3.404000e-05	-2.998838e-02	-1.551712e+01
3.405000e-05	-3.428925e-02	-1.549519e+01
3.406000e-05	-3.862369e-02	-1.547311e+01
3.407000e-05	-4.102972e-02	-1.543945e+01
3.408000e-05	-4.075265e-02	-1.538789e+01
3.409000e-05	-4.347090e-02	-1.534722e+01
3.410000e-05	-4.679453e-02	-1.530560e+01
3.411000e-05	-4.958850e-02	-1.525100e+01
3.412000e-05	-4.741613e-02	-1.515024e+01
3.413000e-05	-5.099313e-02	-1.507656e+01
3.414000e-05	-5.711829e-02	-1.496948e+01
3.415000e-05	-6.071817e-02	-1.488774e+01
3.416000e-05	-6.264349e-02	-1.485253e+01
3.417000e-05	-6.468069e-02	-1.474722e+01
3.418000e-05	-6.978632e-02	-1.466355e+01
3.419000e-05	-7.150444e-02	-1.455734e+01
3.420000e-05	-7.008052e-02	-1.442145e+01
3.421000e-05	-6.841297e-02	-1.428669e+01
3.422000e-05	-7.031806e-02	-1.420042e+01
3.423000e-05	-6.949788e-02	-1.406459e+01
3.424000e-05	-6.645362e-02	-1.393774e+01
3.425000e-05	-6.307242e-02	-1.374035e+01
3.426000e-05	-6.168310e-02	-1.370351e+01
3.427000e-05	-6.100092e-02	-1.349521e+01
3.428000e-05	-5.587614e-02	-1.333034e+01
3.429000e-05	-5.099615e-02	-1.322093e+01
3.430000e-05	-4.765225e-02	-1.303403e+01
3.431000e-05	-4.667992e-02	-1.291722e+01
3.432000e-05	-4.476681e-02	-1.270774e+01
3.433000e-05	-3.994168e-02	-1.257885e+01
3.434000e-05	-3.631730e-02	-1.243141e+01
3.435000e-05	-3.696735e-02	-1.220250e+01
3.436000e-05	-3.617832e-02	-1.206256e+01
3.437000e-05	-3.106705e-02	-1.181103e+01
3.438000e-05	-2.866868e-02	-1.163193e+01
3.439000e-05	-2.763000e-02	-1.138935e+01
3.440000e-05	-2.781289e-02	-1.116024e+01
3.441000e-05	-2.402922e-02	-1.095028e+01
3.442000e-05	-2.095068e-02	-1.073935e+01
3.443000e-05	-2.153500e-02	-1.058187e+01
3.444000e-05	-2.284094e-02	-1.035822e+01
3.445000e-05	-1.967754e-02	-1.010684e+01
3.446000e-05	-1.709764e-02	-9.886163e+00
3.447000e-05	-1.848625e-02	-9.696140e+00
3.448000e-05	-1.802912e-02	-9.425105e+00
3.449000e-05	-1.539330e-02	-9.221430e+00
3.450000e-05	-1.383107e-02	-9.021326e+00
3.451000e-05	-1.502658e-02	-8.759248e+00
3.452000e-05	-1.537318e-02	-8.506290e+00
3.453000e-05	-1.327437e-02	-8.273132e+00
3.454000e-05	-9.853077e-03	-8.012530e+00
3.455000e-05	-1.072280e-02	-7.728774e+00
3.456000e-05	-1.127473e-02	-7.474536e+00
3.457000e-05	-1.134017e-02	-7.233054e+00
3.458000e-05	-1.009395e-02	-6.947874e+00
3.459000e-05	-1.020184e-02	-6.686691e+00
3.460000e-05	-1.200372e-02	-6.451537e+00
3.461000e-05	-1.021815e-02	-6.159920e+00
3.462000e-05	-8.696200e-03	-5.916742e+00
3.463000e-05	-7.471920e-03	-5.603032e+00
3.464000e-05	-8.553257e-03	-5.347820e+00
3.465000e-05	-9.156936e-03	-5.023583e+00
3.466000e-05	-7.293467e-03	-4.696746e+00
3.467000e-05	-6.869833e-03	-4.422636e+00
3.468000e-05	-7.481522e-03	-4.233054e+00
3.469000e-05	-8.458477e-03	-3.949743e+00
3.470000e-05	-7.519686e-03	-3.653512e+00
3.471000e-05	-8.256441e-03	-3.381929e+00
3.472000e-05	-6.436206e-03	-3.115713e+00
3.473000e-05	-6.637703e-03	-2.800478e+00
3.474000e-05	-4.313625e-03	-2.516741e+00
3.475000e-05	-5.487795e-03	-2.213506e+00
3.476000e-05	-5.276799e-03	-1.947346e+00
3.477000e-05	-5.918233e-03	-1.644690e+00
3.478000e-05	-5.305030e-03	-1.358822e+00
3.479000e-05	-7.166929e-03	-1.051657e+00
3.480000e-05	-6.056178e-03	-7.698275e-01
3.481000e-05	-4.888009e-03	-4.536355e-01
3.482000e-05	-1.658649e-03	-1.999325e-01
3.483000e-05	2.038919e-03	9.321021e-02
3.484000e-05	7.164720e-03	3.789001e-01
3.485000e-05	-1.867256e-03	6.001315e-01
3.486000e-05	2.177237e-03	9.023617e-01
3.487000e-05	-2.231657e-03	1.228972e+00
3.488000e-05	1.880548e-03	1.523182e+00
3.489000e-05	4.436266e-04	1.810522e+00
3.490000e-05	1.402820e-02	2.001076e+00
3.491000e-05	4.856061e-02	2.272805e+00
3.492000e-05	6.481575e-02	2.619569e+00
3.493000e-05	-5.726102e-02	2.965866e+00
3.494000e-05	-4.762349e-02	3.231080e+00
3.495000e-05	-3.128441e-02	3.525860e+00
3.496000e-05	6.167697e-03	3.777946e+00
3.497000e-05	-5.068215e-02	4.007920e+00
3.498000e-05	-4.579430e-03	4.180528e+00
3.499000e-05	8.582850e-02	4.515312e+00
3.500000e-05	-5.254965e-02	4.790121e+00
3.501000e-05	1.188609e-01	5.094703e+00
3.502000e-05	-6.559446e-02	5.387973e+00
3.503000e-05	-2.535250e-02	5.693184e+00
3.504000e-05	3.991724e-02	5.934867e+00
3.505000e-05	-2.962339e-02	6.219021e+00
3.506000e-05	3.756444e-02	6.473182e+00
3.507000e-05	-5.159894e-02	6.796967e+00
3.508000e-05	5.001645e-02	7.061048e+00
3.509000e-05	2.002390e-02	7.312629e+00
3.510000e-05	-2.216982e-02	7.567944e+00
3.511000e-05	-2.162783e-02	7.851050e+00
3.512000e-05	-2.651036e-03	8.154307e+00
3.513000e-05	5.964118e-02	8.366470e+00
3.514000e-05	-2.372064e-02	8.568939e+00
3.515000e-05	-1.126360e-02	8.809994e+00
3.516000e-05	1.921454e-02	9.073578e+00
3.517000e-05	2.199121e-03	9.274233e+00
3.518000e-05	1.297192e-02	9.513714e+00
3.519000e-05	-2.906246e-02	9.736838e+00
3.520000e-05	1.936271e-02	1.001950e+01
3.521000e-05	1.360760e-02	1.022152e+01
3.522000e-05	1.983509e-02	1.042260e+01
3.523000e-05	-1.706938e-02	1.064318e+01
3.524000e-05	-6.642764e-03	1.086268e+01
3.525000e-05	2.292272e-02	1.107108e+01
3.526000e-05	3.323492e-03	1.128418e+01
3.527000e-05	1.738494e-03	1.148518e+01
3.528000e-05	-8.101746e-03	1.171533e+01
3.529000e-05	2.743946e-02	1.193977e+01
3.530000e-05	8.897749e-03	1.208563e+01
3.531000e-05	-1.420979e-04	1.227263e+01
3.532000e-05	-8.179923e-03	1.249313e+01
3.533000e-05	1.292042e-02	1.259243e+01
3.534000e-05	1.635790e-02	1.277997e+01
3.535000e-05	-6.815053e-04	1.294627e+01
3.536000e-05	2.714570e-03	1.310681e+01
3.537000e-05	1.211982e-02	1.331563e+01
3.538000e-05	2.043529e-02	1.344100e+01
3.539000e-05	7.128520e-04	1.357792e+01
3.540000e-05	-1.490979e-03	1.375779e+01
3.541000e-05	9.332358e-03	1.385415e+01
3.542000e-05	1.748665e-02	1.396952e+01
3.543000e-05	7.114414e-03	1.418137e+01
3.544000e-05	1.432932e-03	1.428319e+01
3.545000e-05	1.346827e-02	1.441145e+01
3.546000e-05	1.739822e-02	1.450676e+01
3.547000e-05	1.029191e-02	1.463255e+01
3.548000e-05	2.171588e-03	1.475879e+01
3.549000e-05	1.075835e-02	1.485095e+01
3.550000e-05	1.898472e-02	1.489564e+01
3.551000e-05	1.362482e-02	1.501929e+01
3.552000e-05	6.748853e-03	1.502345e+01
3.553000e-05	1.028402e-02	1.514676e+01
3.554000e-05	1.978815e-02	1.521042e+01
3.555000e-05	1.477963e-02	1.524355e+01
3.556000e-05	9.033962e-03	1.533519e+01
3.557000e-05	1.352064e-02	1.530777e+01
3.558000e-05	2.072051e-02	1.542190e+01
3.559000e-05	1.999314e-02	1.542303e+01
3.560000e-05	1.105801e-02	1.545468e+01
3.561000e-05	1.456144e-02	1.547574e+01
3.562000e-05	2.107164e-02	1.554839e+01
3.563000e-05	2.301603e-02	1.550882e+01
3.564000e-05	1.646002e-02	1.557081e+01
3.565000e-05	1.868786e-02	1.553979e+01
3.566000e-05	2.550998e-02	1.554984e+01
3.567000e-05	2.666476e-02	1.553984e+01
3.568000e-05	2.195661e-02	1.554677e+01
3.569000e-05	2.160237e-02	1.554671e+01
3.570000e-05	3.151608e-02	1.548776e+01
3.571000e-05	3.316979e-02	1.545506e+01
3.572000e-05	3.156273e-02	1.543198e+01
3.573000e-05	2.925028e-02	1.540098e+01
3.574000e-05	3.635889e-02	1.533880e+01
3.575000e-05	3.866630e-02	1.531821e+01
3.576000e-05	3.821573e-02	1.523605e+01
3.577000e-05	3.756140e-02	1.518892e+01
3.578000e-05	4.511457e-02	1.515768e+01
3.579000e-05	5.085222e-02	1.505453e+01
3.580000e-05	5.076414e-02	1.500987e+01
3.581000e-05	5.110149e-02	1.492719e+01
3.582000e-05	5.636185e-02	1.480388e+01
3.583000e-05	6.337763e-02	1.468821e+01
3.584000e-05	6.178878e-02	1.463250e+01
3.585000e-05	6.108932e-02	1.450722e+01
3.586000e-05	6.259763e-02	1.441092e+01
3.587000e-05	6.682321e-02	1.428503e+01
3.588000e-05	6.403242e-02	1.413982e+01
3.589000e-05	5.863723e-02	1.399451e+01
3.590000e-05	5.796111e-02	1.391653e+01
3.591000e-05	5.765696e-02	1.375832e+01
3.592000e-05	5.496872e-02	1.361090e+01
3.593000e-05	4.755551e-02	1.346298e+01
3.594000e-05	4.561962e-02	1.330819e+01
3.595000e-05	4.482878e-02	1.313875e+01
3.596000e-05	4.271230e-02	1.298095e+01
3.597000e-05	3.629816e-02	1.283248e+01
3.598000e-05	3.394239e-02	1.266661e+01
3.599000e-05	3.297822e-02	1.251724e+01
3.600000e-05	3.160075e-02	1.233779e+01
3.601000e-05	2.512845e-02	1.216037e+01
3.602000e-05	2.363984e-02	1.195985e+01
3.603000e-05	2.500724e-02	1.178930e+01
3.604000e-05	2.281181e-02	1.154980e+01
3.605000e-05	1.758485e-02	1.133032e+01
3.606000e-05	1.560352e-02	1.114777e+01
3.607000e-05	1.686670e-02	1.094779e+01
3.608000e-05	1.662794e-02	1.075732e+01
3.609000e-05	1.198483e-02	1.054867e+01
3.610000e-05	1.034162e-02	1.032569e+01
3.611000e-05	1.170717e-02	1.007564e+01
3.612000e-05	1.149473e-02	9.886456e+00
3.613000e-05	8.367361e-03	9.631927e+00
3.614000e-05	5.597980e-03	9.389325e+00
3.615000e-05	6.873037e-03	9.178920e+00
3.616000e-05	7.382216e-03	8.926846e+00
3.617000e-05	5.884032e-03	8.665591e+00
3.618000e-05	3.883110e-03	8.484136e+00
3.619000e-05	3.718623e-03	8.233956e+00
3.620000e-05	3.978552e-03	7.948872e+00
3.621000e-05	4.157506e-03	7.706190e+00
3.622000e-05	2.674961e-03	7.503484e+00
3.623000e-05	3.936940e-04	7.159296e+00
3.624000e-05	6.833973e-04	6.909240e+00
3.625000e-05	1.730287e-03	6.683010e+00
3.626000e-05	1.732080e-03	6.371374e+00
3.627000e-05	-7.737116e-04	6.127314e+00
3.628000e-05	6.394210e-05	5.876133e+00
3.629000e-05	1.780315e-04	5.580828e+00
3.630000e-05	4.737263e-05	5.346269e+00
3.631000e-05	-2.568498e-03	4.959874e+00
3.632000e-05	-1.697945e-03	4.686661e+00
3.633000e-05	-1.433447e-03	4.431582e+00
3.634000e-05	-9.584381e-04	4.158299e+00
3.635000e-05	-2.716055e-03	3.802634e+00
3.636000e-05	-2.897890e-03	3.599924e+00
3.637000e-05	-1.680200e-03	3.255794e+00
3.638000e-05	-2.043629e-03	3.012954e+00
3.639000e-05	-4.362873e-03	2.748797e+00
3.640000e-05	-4.372433e-03	2.442533e+00
3.641000e-05	-3.188680e-03	2.178373e+00
3.642000e-05	-2.883495e-03	1.915240e+00
3.643000e-05	-4.886077e-03	1.589450e+00
3.644000e-05	-4.341642e-03	1.286215e+00
3.645000e-05	-4.231187e-03	9.493250e-01
3.646000e-05	-3.338726e-03	6.561107e-01
3.647000e-05	-4.394103e-03	4.204762e-01
3.648000e-05	-3.327280e-03	1.146881e-01
3.649000e-05	1.245913e-03	-1.690710e-01
3.650000e-05	5.895898e-03	-3.795976e-01
3.651000e-05	-4.378003e-03	-7.352382e-01
3.652000e-05	-3.325526e-03	-9.574949e-01
3.653000e-05	-4.417173e-03	-1.231710e+00
3.654000e-05	-1.048204e-03	-1.618949e+00
3.655000e-05	1.031761e-03	-1.809496e+00
3.656000e-05	3.117896e-02	-2.010600e+00
3.657000e-05	9.174208e-02	-2.337861e+00
3.658000e-05	-5.052799e-02	-2.693755e+00
3.659000e-05	-4.776273e-02	-3.085330e+00
3.660000e-05	-4.689299e-02	-3.378974e+00
3.661000e-05	-1.288035e-02	-3.578997e+00
3.662000e-05	-6.910558e-02	-3.892204e+00
3.663000e-05	8.506333e-02	-4.022203e+00
3.664000e-05	-1.571740e-04	-4.291652e+00
3.665000e-05	-5.635406e-02	-4.508469e+00
3.666000e-05	1.672311e-01	-4.830526e+00
3.667000e-05	-1.542722e-01	-5.136384e+00
3.668000e-05	6.922282e-02	-5.442706e+00
3.669000e-05	-7.218486e-02	-5.714783e+00
3.670000e-05	-1.975100e-02	-6.028001e+00
3.671000e-05	9.116698e-02	-6.232129e+00
3.672000e-05	-1.022943e-01	-6.566763e+00
3.673000e-05	1.031091e-01	-6.787998e+00
3.674000e-05	-6.364459e-02	-7.074783e+00
3.675000e-05	5.015490e-03	-7.409968e+00
3.676000e-05	-9.098068e-03	-7.642074e+00
3.677000e-05	-5.636465e-02	-7.916393e+00
3.678000e-05	8.453405e-02	-8.179390e+00
3.679000e-05	-8.018323e-02	-8.412099e+00
3.680000e-05	6.416683e-02	-8.653312e+00
3.681000e-05	-4.782810e-02	-8.895233e+00
3.682000e-05	-3.326785e-03	-9.198940e+00
3.683000e-05	6.518657e-03	-9.379841e+00
3.684000e-05	-4.411356e-02	-9.641523e+00
3.685000e-05	4.381176e-02	-9.810527e+00
3.686000e-05	-5.334774e-02	-1.006266e+01
3.687000e-05	5.113455e-02	-1.029413e+01
3.688000e-05	-5.690140e-02	-1.052626e+01
3.689000e-05	2.184633e-02	-1.072529e+01
3.690000e-05	-3.486975e-02	-1.091576e+01
3.691000e-05	4.990404e-03	-1.111781e+01
3.692000e-05	-1.078708e-02	-1.133639e+01
3.693000e-05	-1.445151e-02	-1.158892e+01
3.694000e-05	8.117609e-03	-1.175892e+01
3.695000e-05	-2.339201e-02	-1.199807e+01
3.696000e-05	7.614634e-03	-1.220687e+01
3.697000e-05	-3.810994e-02	-1.232634e+01
3.698000e-05	1.108368e-02	-1.252628e+01
3.699000e-05	-2.818376e-02	-1.273521e+01
3.700000e-05	7.770411e-03	-1.288511e+01
3.701000e-05	-2.669746e-02	-1.302147e+01
3.702000e-05	2.345613e-03	-1.321050e+01
3.703000e-05	-1.663201e-02	-1.335721e+01
3.704000e-05	-1.031399e-02	-1.352526e+01
3.705000e-05	-1.738615e-02	-1.364361e+01
3.706000e-05	-1.637177e-02	-1.381845e+01
3.707000e-05	-6.204707e-03	-1.396421e+01
3.708000e-05	-1.975720e-02	-1.406410e+01
3.709000e-05	-7.903580e-03	-1.417785e+01
3.710000e-05	-2.128983e-02	-1.433581e+01
3.711000e-05	-6.662915e-03	-1.446198e+01
3.712000e-05	-2.267462e-02	-1.456684e+01
3.713000e-05	-1.290138e-02	-1.466261e+01
3.714000e-05	-2.028811e-02	-1.474729e+01
3.715000e-05	-1.167363e-02	-1.488358e+01
3.716000e-05	-1.712967e-02	-1.489569e+01
3.717000e-05	-1.832782e-02	-1.501187e+01
3.718000e-05	-1.962210e-02	-1.505463e+01
3.719000e-05	-1.796407e-02	-1.513992e+01
3.720000e-05	-1.873126e-02	-1.521155e+01
3.721000e-05	-2.120267e-02	-1.525418e+01
3.722000e-05	-1.948676e-02	-1.537824e+01
3.723000e-05	-2.049315e-02	-1.538987e+01
3.724000e-05	-1.982589e-02	-1.542195e+01
3.725000e-05	-2.534315e-02	-1.546261e+01
3.726000e-05	-2.346795e-02	-1.553416e+01
3.727000e-05	-2.519876e-02	-1.552474e+01
3.728000e-05	-2.113563e-02	-1.554777e+01
3.729000e-05	-2.744845e-02	-1.555087e+01
3.730000e-05	-2.553500e-02	-1.557834e+01
3.731000e-05	-2.736501e-02	-1.559884e+01
3.732000e-05	-2.875887e-02	-1.559034e+01
3.733000e-05	-3.133858e-02	-1.555887e+01
3.734000e-05	-3.288820e-02	-1.553832e+01
3.735000e-05	-3.227938e-02	-1.552821e+01
3.736000e-05	-3.453616e-02	-1.545519e+01
3.737000e-05	-3.654634e-02	-1.549521e+01
3.738000e-05	-3.971009e-02	-1.546156e+01
3.739000e-05	-3.950754e-02	-1.541092e+01
3.740000e-05	-4.236995e-02	-1.538032e+01
3.741000e-05	-4.378503e-02	-1.530627e+01
3.742000e-05	-4.650944e-02	-1.523400e+01
3.743000e-05	-4.784272e-02	-1.515040e+01
3.744000e-05	-5.084978e-02	-1.509932e+01
3.745000e-05	-5.473589e-02	-1.505300e+01
3.746000e-05	-5.824196e-02	-1.495932e+01
3.747000e-05	-6.086579e-02	-1.488516e+01
3.748000e-05	-6.331662e-02	-1.479240e+01
3.749000e-05	-6.678911e-02	-1.471678e+01
3.750000e-05	-6.862519e-02	-1.460192e+01
3.751000e-05	-7.021926e-02	-1.452717e+01
3.752000e-05	-6.997691e-02	-1.445147e+01
3.753000e-05	-7.075196e-02	-1.426501e+01
3.754000e-05	-6.975194e-02	-1.416829e+01
3.755000e-05	-6.901796e-02	-1.403291e+01
3.756000e-05	-6.613176e-02	-1.387569e+01
3.757000e-05	-6.319516e-02	-1.374974e+01
3.758000e-05	-6.011554e-02	-1.356095e+01
3.759000e-05	-5.815892e-02	-1.340403e+01
3.760000e-05	-5.542154e-02	-1.333716e+01
3.761000e-05	-5.086097e-02	-1.316984e+01
3.762000e-05	-4.775938e-02	-1.298087e+01
3.763000e-05	-4.514675e-02	-1.287351e+01
3.764000e-05	-4.258850e-02	-1.263361e+01
3.765000e-05	-3.964574e-02	-1.249664e+01
3.766000e-05	-3.776100e-02	-1.235676e+01
3.767000e-05	-3.608713e-02	-1.214020e+01
3.768000e-05	-3.337910e-02	-1.196865e+01
3.769000e-05	-3.092388e-02	-1.175827e+01
3.770000e-05	-2.861562e-02	-1.151777e+01
3.771000e-05	-2.675049e-02	-1.130571e+01
3.772000e-05	-2.538740e-02	-1.109709e+01
3.773000e-05	-2.458027e-02	-1.086621e+01
3.774000e-05	-2.261098e-02	-1.070573e+01
3.775000e-05	-2.221785e-02	-1.047662e+01
3.776000e-05	-2.074821e-02	-1.025308e+01
3.777000e-05	-1.892741e-02	-1.002143e+01
3.778000e-05	-1.876073e-02	-9.812002e+00
3.779000e-05	-1.682525e-02	-9.621898e+00
3.780000e-05	-1.683104e-02	-9.389772e+00
3.781000e-05	-1.507594e-02	-9.098740e+00
3.782000e-05	-1.487008e-02	-8.935716e+00
3.783000e-05	-1.456709e-02	-8.656659e+00
3.784000e-05	-1.397139e-02	-8.410953e+00
3.785000e-05	-1.240605e-02	-8.199800e+00
3.786000e-05	-1.143390e-02	-7.918271e+00
3.787000e-05	-1.195765e-02	-7.612061e+00
3.788000e-05	-1.279291e-02	-7.381297e+00
3.789000e-05	-1.086632e-02	-7.126196e+00
3.790000e-05	-1.075630e-02	-6.874632e+00
3.791000e-05	-1.006656e-02	-6.611428e+00
3.792000e-05	-1.117951e-02	-6.319820e+00
3.793000e-05	-8.192447e-03	-6.064583e+00
3.794000e-05	-8.882068e-03	-5.811453e+00
3.795000e-05	-8.552770e-03	-5.538371e+00
3.796000e-05	-1.071057e-02	-5.255030e+00
3.797000e-05	-7.832051e-03	-4.907195e+00
3.798000e-05	-7.689262e-03	-4.599978e+00
3.799000e-05	-5.754529e-03	-4.379324e+00
3.800000e-05	-8.405187e-03	-4.117168e+00
3.801000e-05	-6.204502e-03	-3.853032e+00
3.802000e-05	-8.747199e-03	-3.528370e+00
3.803000e-05	-7.548303e-03	-3.294536e+00
3.804000e-05	-8.823188e-03	-2.991330e+00
3.805000e-05	-4.763180e-03	-2.716213e+00
3.806000e-05	-5.229314e-03	-2.411007e+00
3.807000e-05	-4.541769e-03	-2.097792e+00
3.808000e-05	-5.673546e-03	-1.833585e+00
3.809000e-05	-5.254028e-03	-1.588974e+00
3.810000e-05	-5.546485e-03	-1.240904e+00
3.811000e-05	-7.249297e-03	-9.487184e-01
3.812000e-05	-5.512474e-03	-6.426130e-01
3.813000e-05	-2.929463e-03	-3.582959e-01
3.814000e-05	1.563789e-04	-8.408672e-02
3.815000e-05	5.765793e-03	1.895438e-01
3.816000e-05	1.261917e-03	4.842068e-01
3.817000e-05	5.515575e-04	7.463382e-01
3.818000e-05	6.436889e-04	1.051077e+00
3.819000e-05	-4.120363e-04	1.314783e+00
3.820000e-05	2.406592e-04	1.649048e+00
3.821000e-05	4.080259e-03	1.895260e+00
3.822000e-05	2.134233e-02	2.094311e+00
3.823000e-05	7.281377e-02	2.377495e+00
3.824000e-05	1.340461e-02	2.727393e+00
3.825000e-05	-6.315534e-02	3.052175e+00
3.826000e-05	-4.379054e-02	3.354313e+00
3.827000e-05	-9.218450e-03	3.600053e+00
3.828000e-05	-1.289715e-02	3.861653e+00
3.829000e-05	-5.495972e-02	4.051102e+00
3.830000e-05	5.234212e-02	4.314787e+00
3.831000e-05	2.856403e-02	4.672076e+00
3.832000e-05	-4.740378e-03	4.864732e+00
3.833000e-05	9.338633e-02	5.187570e+00
3.834000e-05	-1.074949e-01	5.503784e+00
3.835000e-05	3.831919e-02	5.756394e+00
3.836000e-05	-1.562016e-03	6.059598e+00
3.837000e-05	-9.051460e-04	6.263680e+00
3.838000e-05	1.220280e-02	6.597966e+00
3.839000e-05	-4.029877e-02	6.862104e+00
3.840000e-05	7.582072e-02	7.124757e+00
3.841000e-05	-2.025451e-02	7.429395e+00
3.842000e-05	-7.995326e-03	7.702679e+00
3.843000e-05	-3.676605e-02	7.937865e+00
3.844000e-05	3.799487e-02	8.201500e+00
3.845000e-05	3.443492e-02	8.451652e+00
3.846000e-05	-4.038581e-02	8.712532e+00
3.847000e-05	1.572192e-02	8.926710e+00
3.848000e-05	1.694970e-03	9.166418e+00
3.849000e-05	2.115622e-02	9.397918e+00
3.850000e-05	-1.479128e-02	9.591599e+00
3.851000e-05	-5.836249e-03	9.852577e+00
3.852000e-05	1.691374e-02	1.013416e+01
3.853000e-05	1.884847e-02	1.031426e+01
3.854000e-05	7.522860e-03	1.050678e+01
3.855000e-05	-2.520836e-02	1.076786e+01
3.856000e-05	1.461040e-02	1.094639e+01
3.857000e-05	1.156690e-02	1.113531e+01
3.858000e-05	8.651949e-03	1.134779e+01
3.859000e-05	-1.203029e-02	1.157002e+01
3.860000e-05	1.232909e-02	1.179149e+01
3.861000e-05	1.894875e-02	1.198032e+01
3.862000e-05	8.484657e-03	1.215884e+01
3.863000e-05	-8.580523e-03	1.236636e+01
3.864000e-05	1.865452e-03	1.254731e+01
3.865000e-05	1.963402e-02	1.269466e+01
3.866000e-05	7.835319e-03	1.283458e+01
3.867000e-05	5.482803e-04	1.302050e+01
3.868000e-05	9.480593e-04	1.320947e+01
3.869000e-05	2.329934e-02	1.333732e+01
3.870000e-05	6.991881e-03	1.348363e+01
3.871000e-05	1.829111e-03	1.365350e+01
3.872000e-05	-1.757744e-03	1.376082e+01
3.873000e-05	2.006794e-02	1.393723e+01
3.874000e-05	1.432289e-02	1.409361e+01
3.875000e-05	5.558395e-03	1.422092e+01
3.876000e-05	4.821318e-03	1.432674e+01
3.877000e-05	1.557778e-02	1.445413e+01
3.878000e-05	1.458510e-02	1.455892e+01
3.879000e-05	1.300768e-03	1.473403e+01
3.880000e-05	6.006739e-03	1.473882e+01
3.881000e-05	1.553346e-02	1.486361e+01
3.882000e-05	2.244511e-02	1.492669e+01
3.883000e-05	9.987319e-03	1.500040e+01
3.884000e-05	9.968502e-03	1.505470e+01
3.885000e-05	1.191443e-02	1.513131e+01
3.886000e-05	1.888564e-02	1.523045e+01
3.887000e-05	8.062806e-03	1.526258e+01
3.888000e-05	7.596115e-03	1.534624e+01
3.889000e-05	1.704026e-02	1.536132e+01
3.890000e-05	2.271490e-02	1.540087e+01
3.891000e-05	1.823345e-02	1.546505e+01
3.892000e-05	1.132196e-02	1.550513e+01
3.893000e-05	2.013213e-02	1.550674e+01
3.894000e-05	2.253244e-02	1.554991e+01
3.895000e-05	2.004896e-02	1.555976e+01
3.896000e-05	1.321018e-02	1.559987e+01
3.897000e-05	1.970883e-02	1.560980e+01
3.898000e-05	2.657496e-02	1.558937e+01
3.899000e-05	2.545908e-02	1.553932e+01
3.900000e-05	2.202576e-02	1.553034e+01
3.901000e-05	2.618070e-02	1.551781e+01
3.902000e-05	3.473568e-02	1.548716e+01
3.903000e-05	3.271871e-02	1.548410e+01
3.904000e-05	2.845332e-02	1.540352e+01
3.905000e-05	2.988835e-02	1.537993e+01
3.906000e-05	3.838926e-02	1.535784e+01
3.907000e-05	3.974523e-02	1.532521e+01
3.908000e-05	3.706924e-02	1.525253e+01
3.909000e-05	4.038867e-02	1.517985e+01
3.910000e-05	4.898088e-02	1.512564e+01
3.911000e-05	5.224609e-02	1.501095e+01
3.912000e-05	4.848599e-02	1.496874e+01
3.913000e-05	4.978326e-02	1.488464e+01
3.914000e-05	5.939468e-02	1.477234e+01
3.915000e-05	6.512192e-02	1.467556e+01
3.916000e-05	6.026353e-02	1.460989e+01
3.917000e-05	6.067396e-02	1.451456e+01
3.918000e-05	6.434380e-02	1.434785e+01
3.919000e-05	6.742208e-02	1.425553e+01
3.920000e-05	6.023986e-02	1.413724e+01
3.921000e-05	5.778847e-02	1.398037e+01
3.922000e-05	5.811883e-02	1.385553e+01
3.923000e-05	5.889709e-02	1.372664e+01
3.924000e-05	5.113667e-02	1.357790e+01
3.925000e-05	4.614090e-02	1.344298e+01
3.926000e-05	4.563252e-02	1.324308e+01
3.927000e-05	4.622131e-02	1.306723e+01
3.928000e-05	3.945309e-02	1.295925e+01
3.929000e-05	3.376012e-02	1.282885e+01
3.930000e-05	3.376340e-02	1.260245e+01
3.931000e-05	3.510855e-02	1.248420e+01
3.932000e-05	2.974954e-02	1.227456e+01
3.933000e-05	2.373493e-02	1.211566e+01
3.934000e-05	2.299488e-02	1.186469e+01
3.935000e-05	2.409150e-02	1.173711e+01
3.936000e-05	2.165908e-02	1.147659e+01
3.937000e-05	1.580278e-02	1.128408e+01
3.938000e-05	1.611210e-02	1.107659e+01
3.939000e-05	1.736754e-02	1.089566e+01
3.940000e-05	1.596772e-02	1.068411e+01
3.941000e-05	1.150820e-02	1.044448e+01
3.942000e-05	1.038133e-02	1.022200e+01
3.943000e-05	1.203239e-02	1.002045e+01
3.944000e-05	1.058050e-02	9.780821e+00
3.945000e-05	7.429493e-03	9.506790e+00
3.946000e-05	5.946019e-03	9.336739e+00
3.947000e-05	7.528825e-03	9.076584e+00
3.948000e-05	7.497686e-03	8.851957e+00
3.949000e-05	4.007149e-03	8.612926e+00
3.950000e-05	3.503940e-03	8.390848e+00
3.951000e-05	5.002971e-03	8.096196e+00
3.952000e-05	5.088827e-03	7.854612e+00
3.953000e-05	2.626117e-03	7.622053e+00
3.954000e-05	4.786286e-04	7.286819e+00
3.955000e-05	2.051841e-03	7.053111e+00
3.956000e-05	1.760606e-03	6.832553e+00
3.957000e-05	1.080272e-03	6.558845e+00
3.958000e-05	-8.912947e-04	6.254685e+00
3.959000e-05	5.643745e-04	6.052036e+00
3.960000e-05	1.192392e-03	5.798323e+00
3.961000e-05	2.836448e-05	5.514663e+00
3.962000e-05	-2.319473e-03	5.201976e+00
3.963000e-05	-1.738085e-03	4.833059e+00
3.964000e-05	1.786128e-04	4.570321e+00
3.965000e-05	-1.804317e-03	4.314742e+00
3.966000e-05	-3.476591e-03	3.982429e+00
3.967000e-05	-1.695520e-03	3.757293e+00
3.968000e-05	-1.317090e-03	3.497563e+00
3.969000e-05	-3.471791e-03	3.169350e+00
3.970000e-05	-4.856415e-03	2.886212e+00
3.971000e-05	-3.710591e-03	2.613954e+00
3.972000e-05	-2.107763e-03	2.307191e+00
3.973000e-05	-3.178991e-03	2.034632e+00
3.974000e-05	-4.901560e-03	1.801898e+00
3.975000e-05	-4.991178e-03	1.475110e+00
3.976000e-05	-3.516948e-03	1.170451e+00
3.977000e-05	-4.362076e-03	8.119792e-01
3.978000e-05	-6.012703e-03	5.472687e-01
3.979000e-05	-3.896056e-03	2.756670e-01
3.980000e-05	-2.005339e-03	-6.110251e-02
3.981000e-05	6.703965e-03	-3.022315e-01
3.982000e-05	-1.400691e-03	-5.868669e-01
3.983000e-05	-1.157310e-03	-8.491276e-01
3.984000e-05	-3.717702e-03	-1.115253e+00
3.985000e-05	-1.835191e-03	-1.419095e+00
3.986000e-05	-5.186126e-03	-1.682105e+00
3.987000e-05	8.866041e-03	-1.893786e+00
3.988000e-05	6.161317e-02	-2.124237e+00
3.989000e-05	5.585277e-02	-2.451732e+00
3.990000e-05	-7.648522e-02	-2.872126e+00
3.991000e-05	-3.723773e-02	-3.199051e+00
3.992000e-05	-3.824118e-02	-3.463605e+00
3.993000e-05	-2.100735e-02	-3.711736e+00
3.994000e-05	-4.956031e-02	-3.966371e+00
3.995000e-05	1.296847e-01	-4.105312e+00
3.996000e-05	-1.133632e-01	-4.369022e+00
3.997000e-05	9.025683e-02	-4.663787e+00
3.998000e-05	3.867826e-02	-4.937336e+00
3.999000e-05	-1.206673e-01	-5.293258e+00
4.000000e-05	9.235124e-02	-5.576421e+00
4.001000e-05	-1.434877e-01	-5.852174e+00
4.002000e-05	1.010369e-01	-6.065661e+00
4.003000e-05	-2.502647e-02	-6.377414e+00
4.004000e-05	-2.831555e-02	-6.672205e+00
4.005000e-05	8.170626e-02	-6.913162e+00
4.006000e-05	-9.053904e-02	-7.240546e+00
4.007000e-05	5.476113e-02	-7.483677e+00
4.008000e-05	-8.120670e-02	-7.735787e+00
4.009000e-05	3.134566e-02	-8.080082e+00
4.010000e-05	1.933426e-02	-8.231652e+00
4.011000e-05	-5.095180e-02	-8.516857e+00
4.012000e-05	6.821135e-02	-8.767491e+00
4.013000e-05	-8.399133e-02	-9.032000e+00
4.014000e-05	5.370008e-02	-9.210125e+00
4.015000e-05	-5.939658e-02	-9.452108e+00
4.016000e-05	2.088731e-02	-9.703743e+00
4.017000e-05	-1.007535e-02	-9.894761e+00
4.018000e-05	-8.996412e-03	-1.010789e+01
4.019000e-05	1.895582e-02	-1.034792e+01
4.020000e-05	-4.935476e-02	-1.059950e+01
4.021000e-05	2.722937e-02	-1.080045e+01
4.022000e-05	-4.909331e-02	-1.102952e+01
4.023000e-05	2.790608e-02	-1.124053e+01
4.024000e-05	-4.096131e-02	-1.147155e+01
4.025000e-05	1.873745e-02	-1.163461e+01
4.026000e-05	-2.032410e-02	-1.183410e+01
4.027000e-05	3.202891e-03	-1.207370e+01
4.028000e-05	-2.012252e-02	-1.223200e+01
4.029000e-05	-1.614713e-02	-1.245105e+01
4.030000e-05	-3.749585e-03	-1.257043e+01
4.031000e-05	-2.072585e-02	-1.277844e+01
4.032000e-05	1.414152e-04	-1.292777e+01
4.033000e-05	-2.534653e-02	-1.309213e+01
4.034000e-05	9.856459e-03	-1.321260e+01
4.035000e-05	-2.455002e-02	-1.340132e+01
4.036000e-05	-2.041482e-03	-1.354839e+01
4.037000e-05	-3.014475e-02	-1.372421e+01
4.038000e-05	-3.106849e-03	-1.387123e+01
4.039000e-05	-2.040010e-02	-1.401035e+01
4.040000e-05	-1.009812e-02	-1.409619e+01
4.041000e-05	-1.558994e-02	-1.422302e+01
4.042000e-05	-1.269213e-02	-1.435842e+01
4.043000e-05	-1.135005e-02	-1.449366e+01
4.044000e-05	-2.125173e-02	-1.456142e+01
4.045000e-05	-1.299671e-02	-1.471356e+01
4.046000e-05	-2.100224e-02	-1.473894e+01
4.047000e-05	-1.118648e-02	-1.485313e+01
4.048000e-05	-2.196735e-02	-1.493826e+01
4.049000e-05	-1.490950e-02	-1.502156e+01
4.050000e-05	-2.093615e-02	-1.508671e+01
4.051000e-05	-1.539859e-02	-1.517984e+01
4.052000e-05	-2.158340e-02	-1.525360e+01
4.053000e-05	-1.967461e-02	-1.532619e+01
4.054000e-05	-2.120000e-02	-1.535939e+01
4.055000e-05	-1.892358e-02	-1.540045e+01
4.056000e-05	-2.237863e-02	-1.546353e+01
4.057000e-05	-2.418533e-02	-1.545363e+01
4.058000e-05	-2.341558e-02	-1.552671e+01
4.059000e-05	-2.339824e-02	-1.551829e+01
4.060000e-05	-2.159624e-02	-1.557024e+01
4.061000e-05	-2.822975e-02	-1.559836e+01
4.062000e-05	-2.609541e-02	-1.554945e+01
4.063000e-05	-2.936289e-02	-1.560137e+01
4.064000e-05	-2.821175e-02	-1.556937e+01
4.065000e-05	-3.292097e-02	-1.552034e+01
4.066000e-05	-3.255171e-02	-1.556729e+01
4.067000e-05	-3.291885e-02	-1.550819e+01
4.068000e-05	-3.411910e-02	-1.548624e+01
4.069000e-05	-3.689855e-02	-1.548318e+01
4.070000e-05	-3.954070e-02	-1.545302e+01
4.071000e-05	-4.087045e-02	-1.538042e+01
4.072000e-05	-4.169820e-02	-1.539734e+01
4.073000e-05	-4.724422e-02	-1.530469e+01
4.074000e-05	-4.681379e-02	-1.524302e+01
4.075000e-05	-5.036089e-02	-1.516977e+01
4.076000e-05	-4.994767e-02	-1.506616e+01
4.077000e-05	-5.478031e-02	-1.503050e+01
4.078000e-05	-5.707810e-02	-1.493882e+01
4.079000e-05	-6.219477e-02	-1.484453e+01
4.080000e-05	-6.471542e-02	-1.477887e+01
4.081000e-05	-6.918650e-02	-1.470601e+01
4.082000e-05	-7.182893e-02	-1.456892e+01
4.083000e-05	-7.231665e-02	-1.447513e+01
4.084000e-05	-6.933219e-02	-1.439877e+01
4.085000e-05	-6.823343e-02	-1.420050e+01
4.086000e-05	-6.815651e-02	-1.407569e+01
4.087000e-05	-6.531950e-02	-1.395930e+01
4.088000e-05	-6.578726e-02	-1.380355e+01
4.089000e-05	-6.288767e-02	-1.368466e+01
4.090000e-05	-6.252207e-02	-1.353826e+01
4.091000e-05	-5.766343e-02	-1.337045e+01
4.092000e-05	-5.395920e-02	-1.325400e+01
4.093000e-05	-4.853055e-02	-1.308521e+01
4.094000e-05	-4.568658e-02	-1.295922e+01
4.095000e-05	-4.219351e-02	-1.276132e+01
4.096000e-05	-4.073028e-02	-1.263343e+01
4.097000e-05	-3.955553e-02	-1.242400e+01
4.098000e-05	-3.793102e-02	-1.223303e+01
4.099000e-05	-3.708880e-02	-1.205564e+01
4.100000e-05	-3.273835e-02	-1.187459e+01
4.101000e-05	-3.164503e-02	-1.167401e+01
4.102000e-05	-2.715913e-02	-1.149355e+01
4.103000e-05	-2.648915e-02	-1.120303e+01
4.104000e-05	-2.348546e-02	-1.103191e+01
4.105000e-05	-2.335852e-02	-1.079145e+01
4.106000e-05	-2.187935e-02	-1.060106e+01
4.107000e-05	-2.210885e-02	-1.043050e+01
4.108000e-05	-2.103360e-02	-1.015940e+01
4.109000e-05	-1.995619e-02	-9.937345e+00
4.110000e-05	-1.786564e-02	-9.748721e+00
4.111000e-05	-1.588771e-02	-9.525291e+00
4.112000e-05	-1.578406e-02	-9.265615e+00
4.113000e-05	-1.480826e-02	-9.024007e+00
4.114000e-05	-1.425235e-02	-8.822532e+00
4.115000e-05	-1.356012e-02	-8.610299e+00
4.116000e-05	-1.490437e-02	-8.325295e+00
4.117000e-05	-1.323772e-02	-8.096191e+00
4.118000e-05	-1.226571e-02	-7.833032e+00
4.119000e-05	-1.171649e-02	-7.558889e+00
4.120000e-05	-1.107702e-02	-7.304716e+00
4.121000e-05	-1.168633e-02	-7.033481e+00
4.122000e-05	-1.042724e-02	-6.740372e+00
4.123000e-05	-9.202939e-03	-6.516688e+00
4.124000e-05	-8.903154e-03	-6.233583e+00
4.125000e-05	-9.384714e-03	-5.959297e+00
4.126000e-05	-9.925243e-03	-5.706288e+00
4.127000e-05	-7.805645e-03	-5.400978e+00
4.128000e-05	-8.500735e-03	-5.105267e+00
4.129000e-05	-7.721242e-03	-4.810406e+00
4.130000e-05	-8.036298e-03	-4.504215e+00
4.131000e-05	-6.272982e-03	-4.265737e+00
4.132000e-05	-7.509108e-03	-3.992558e+00
4.133000e-05	-6.001928e-03	-3.725766e+00
4.134000e-05	-8.824122e-03	-3.444112e+00
4.135000e-05	-6.839840e-03	-3.201347e+00
4.136000e-05	-8.179982e-03	-2.866539e+00
4.137000e-05	-4.882747e-03	-2.589979e+00
4.138000e-05	-5.782672e-03	-2.337241e+00
4.139000e-05	-3.697452e-03	-2.001028e+00
4.140000e-05	-4.833031e-03	-1.748820e+00
4.141000e-05	-4.789168e-03	-1.412560e+00
4.142000e-05	-6.767699e-03	-1.086243e+00
4.143000e-05	-5.345432e-03	-8.135591e-01
4.144000e-05	-4.274503e-03	-4.967722e-01
4.145000e-05	-3.021958e-03	-2.335830e-01
4.146000e-05	-3.443232e-04	4.110025e-02
4.147000e-05	8.409782e-03	3.463634e-01
4.148000e-05	-1.307677e-03	5.789924e-01
4.149000e-05	2.772053e-03	8.405278e-01
4.150000e-05	-2.721395e-03	1.115338e+00
4.151000e-05	1.034620e-03	1.439974e+00
4.152000e-05	-7.121017e-04	1.735416e+00
4.153000e-05	9.420706e-03	1.979446e+00
4.154000e-05	3.410260e-02	2.198449e+00
4.155000e-05	7.813346e-02	2.524211e+00
4.156000e-05	-3.858942e-02	2.873157e+00
4.157000e-05	-5.390895e-02	3.147438e+00
4.158000e-05	-3.860185e-02	3.492205e+00
4.159000e-05	6.081197e-03	3.703813e+00
4.160000e-05	-3.739466e-02	3.925288e+00
4.161000e-05	-3.335194e-02	4.127262e+00
4.162000e-05	9.042559e-02	4.429077e+00
4.163000e-05	-4.005532e-02	4.733764e+00
4.164000e-05	8.480005e-02	4.977844e+00
4.165000e-05	-6.311946e-03	5.346259e+00
4.166000e-05	-7.047249e-02	5.580497e+00
4.167000e-05	5.572095e-02	5.893655e+00
4.168000e-05	-2.924287e-02	6.125318e+00
4.169000e-05	3.153133e-02	6.377422e+00
4.170000e-05	-3.462932e-02	6.705812e+00
4.171000e-05	1.352760e-02	6.974341e+00
4.172000e-05	4.982997e-02	7.211497e+00
4.173000e-05	-3.038282e-02	7.543890e+00
4.174000e-05	-1.282556e-02	7.756918e+00
4.175000e-05	-2.263465e-02	8.032627e+00
4.176000e-05	6.187279e-02	8.315262e+00
4.177000e-05	-3.141543e-03	8.524835e+00
4.178000e-05	-2.935244e-02	8.737347e+00
4.179000e-05	2.594409e-02	8.989915e+00
4.180000e-05	-3.244317e-03	9.241104e+00
4.181000e-05	2.318410e-02	9.463602e+00
4.182000e-05	-3.360947e-02	9.736156e+00
4.183000e-05	1.419768e-02	9.987864e+00
4.184000e-05	1.375908e-02	1.014732e+01
4.185000e-05	2.148427e-02	1.035892e+01
4.186000e-05	-7.824193e-03	1.059937e+01
4.187000e-05	-1.786552e-02	1.080057e+01
4.188000e-05	2.656577e-02	1.101092e+01
4.189000e-05	1.869003e-03	1.124100e+01
4.190000e-05	8.292180e-03	1.143362e+01
4.191000e-05	-1.539929e-02	1.167410e+01
4.192000e-05	2.779761e-02	1.185363e+01
4.193000e-05	1.052125e-02	1.203113e+01
4.194000e-05	4.592423e-03	1.225188e+01
4.195000e-05	-1.145122e-02	1.244100e+01
4.196000e-05	1.031756e-02	1.257940e+01
4.197000e-05	1.914425e-02	1.274887e+01
4.198000e-05	1.162612e-03	1.289671e+01
4.199000e-05	2.256273e-03	1.305521e+01
4.200000e-05	8.325613e-03	1.326305e+01
4.201000e-05	2.428329e-02	1.339947e+01
4.202000e-05	2.143022e-03	1.358737e+01
4.203000e-05	-4.386023e-04	1.372621e+01
4.204000e-05	4.617184e-03	1.380992e+01
4.205000e-05	1.980415e-02	1.397789e+01
4.206000e-05	8.620242e-03	1.413781e+01
4.207000e-05	1.196683e-03	1.427168e+01
4.208000e-05	1.130784e-02	1.437142e+01
4.209000e-05	1.796790e-02	1.448621e+01
4.210000e-05	1.400387e-02	1.458105e+01
4.211000e-05	3.502755e-04	1.470513e+01
4.212000e-05	1.065211e-02	1.480042e+01
4.213000e-05	1.775379e-02	1.487416e+01
4.214000e-05	1.574149e-02	1.496887e+01
4.215000e-05	5.454401e-03	1.501097e+01
4.216000e-05	9.359920e-03	1.508571e+01
4.217000e-05	1.870097e-02	1.518032e+01
4.218000e-05	1.664547e-02	1.524315e+01
4.219000e-05	8.693598e-03	1.529618e+01
4.220000e-05	1.017518e-02	1.533727e+01
4.221000e-05	2.085606e-02	1.538235e+01
4.222000e-05	1.967096e-02	1.542347e+01
4.223000e-05	1.227649e-02	1.545513e+01
4.224000e-05	1.223298e-02	1.547669e+01
4.225000e-05	2.121095e-02	1.551924e+01
4.226000e-05	2.409969e-02	1.553729e+01
4.227000e-05	1.711741e-02	1.552971e+01
4.228000e-05	1.660164e-02	1.557934e+01
4.229000e-05	2.297232e-02	1.557787e+01
4.230000e-05	2.739928e-02	1.557987e+01
4.231000e-05	2.209625e-02	1.552829e+01
4.232000e-05	2.232246e-02	1.555934e+01
4.233000e-05	2.839671e-02	1.551719e+01
4.234000e-05	3.462435e-02	1.550708e+01
4.235000e-05	3.113790e-02	1.547355e+01
4.236000e-05	2.764343e-02	1.540142e+01
4.237000e-05	3.476281e-02	1.538887e+01
4.238000e-05	3.913391e-02	1.531874e+01
4.239000e-05	3.924892e-02	1.530366e+01
4.240000e-05	3.641944e-02	1.521243e+01
4.241000e-05	4.390075e-02	1.517782e+01
4.242000e-05	5.107117e-02	1.505553e+01
4.243000e-05	5.013956e-02	1.502042e+01
4.244000e-05	4.919306e-02	1.493524e+01
4.245000e-05	5.382405e-02	1.483356e+01
4.246000e-05	6.251496e-02	1.472771e+01
4.247000e-05	6.273880e-02	1.462456e+01
4.248000e-05	6.130984e-02	1.455779e+01
4.249000e-05	6.247380e-02	1.447243e+01
4.250000e-05	6.643404e-02	1.430724e+01
4.251000e-05	6.345029e-02	1.418143e+01
4.252000e-05	5.923536e-02	1.408358e+01
4.253000e-05	5.959412e-02	1.395869e+01
4.254000e-05	5.945160e-02	1.380095e+01
4.255000e-05	5.660541e-02	1.363348e+01
4.256000e-05	4.803801e-02	1.351711e+01
4.257000e-05	4.711589e-02	1.334884e+01
4.258000e-05	4.468384e-02	1.318138e+01
4.259000e-05	4.271279e-02	1.303408e+01
4.260000e-05	3.720083e-02	1.286459e+01
4.261000e-05	3.552913e-02	1.272529e+01
4.262000e-05	3.461280e-02	1.256927e+01
4.263000e-05	3.199003e-02	1.239038e+01
4.264000e-05	2.648974e-02	1.223338e+01
4.265000e-05	2.397915e-02	1.204193e+01
4.266000e-05	2.372979e-02	1.183248e+01
4.267000e-05	2.223301e-02	1.162090e+01
4.268000e-05	1.938769e-02	1.142195e+01
4.269000e-05	1.716991e-02	1.118040e+01
4.270000e-05	1.814541e-02	1.099050e+01
4.271000e-05	1.723592e-02	1.077987e+01
4.272000e-05	1.407683e-02	1.058040e+01
4.273000e-05	1.065785e-02	1.035880e+01
4.274000e-05	1.166069e-02	1.011985e+01
4.275000e-05	1.156373e-02	9.936615e+00
4.276000e-05	8.970311e-03	9.643588e+00
4.277000e-05	6.426427e-03	9.423503e+00
4.278000e-05	6.591276e-03	9.222954e+00
4.279000e-05	7.745333e-03	9.002375e+00
4.280000e-05	5.925869e-03	8.748245e+00
4.281000e-05	3.511291e-03	8.507194e+00
4.282000e-05	3.912923e-03	8.276136e+00
4.283000e-05	4.710475e-03	8.033903e+00
4.284000e-05	4.499750e-03	7.790299e+00
4.285000e-05	1.601268e-03	7.487688e+00
4.286000e-05	1.351762e-03	7.183079e+00
4.287000e-05	2.947105e-03	6.979825e+00
4.288000e-05	1.815512e-03	6.706714e+00
4.289000e-05	-4.219024e-04	6.412533e+00
4.290000e-05	-3.653705e-04	6.179929e+00
4.291000e-05	1.120166e-03	5.937694e+00
4.292000e-05	5.701867e-04	5.652632e+00
4.293000e-05	-9.689264e-04	5.381978e+00
4.294000e-05	-1.648364e-03	5.036637e+00
4.295000e-05	-1.326146e-03	4.757794e+00
4.296000e-05	-1.145482e-03	4.475665e+00
4.297000e-05	-2.486246e-03	4.171826e+00
4.298000e-05	-3.501509e-03	3.884212e+00
4.299000e-05	-2.326604e-03	3.644508e+00
4.300000e-05	-1.441708e-03	3.339895e+00
4.301000e-05	-3.298141e-03	3.074112e+00
4.302000e-05	-4.139115e-03	2.800458e+00
4.303000e-05	-3.141751e-03	2.528691e+00
4.304000e-05	-2.699479e-03	2.232058e+00
4.305000e-05	-4.896433e-03	1.939295e+00
4.306000e-05	-4.369263e-03	1.642534e+00
4.307000e-05	-3.588574e-03	1.349375e+00
4.308000e-05	-3.973246e-03	1.031980e+00
4.309000e-05	-4.066205e-03	7.073934e-01
4.310000e-05	-4.888863e-03	4.835603e-01
4.311000e-05	-3.346268e-03	1.493276e-01
4.312000e-05	-1.608576e-04	-1.343857e-01
4.313000e-05	7.092324e-03	-3.564411e-01
4.314000e-05	-5.287650e-03	-6.717827e-01
4.315000e-05	-1.676352e-04	-9.348356e-01
4.316000e-05	-5.462198e-03	-1.187951e+00
4.317000e-05	-2.387678e-05	-1.496291e+00
4.318000e-05	-3.247222e-03	-1.756442e+00
4.319000e-05	2.180903e-02	-1.958472e+00
4.320000e-05	8.990504e-02	-2.271277e+00
4.321000e-05	-1.254774e-02	-2.609124e+00
4.322000e-05	-6.306113e-02	-2.998150e+00
4.323000e-05	-4.252693e-02	-3.325364e+00
4.324000e-05	-1.944246e-02	-3.566420e+00
4.325000e-05	-5.423424e-02	-3.819547e+00
4.326000e-05	2.881868e-02	-4.051503e+00
4.327000e-05	7.434420e-02	-4.180574e+00
4.328000e-05	-1.191290e-01	-4.512811e+00
4.329000e-05	1.745117e-01	-4.756491e+00
4.330000e-05	-1.047595e-01	-5.051199e+00
4.331000e-05	2.037317e-03	-5.429597e+00
4.332000e-05	4.130843e-03	-5.642629e+00
4.333000e-05	-9.518800e-02	-5.956415e+00
4.334000e-05	1.312432e-01	-6.158922e+00
4.335000e-05	-1.031565e-01	-6.482161e+00
4.336000e-05	6.975989e-02	-6.775316e+00
4.337000e-05	-6.929854e-03	-7.021649e+00
4.338000e-05	-4.293447e-02	-7.344912e+00
4.339000e-05	3.365931e-02	-7.587844e+00
4.340000e-05	-9.052371e-02	-7.881684e+00
4.341000e-05	8.824086e-02	-8.124813e+00
4.342000e-05	-5.842053e-02	-8.365865e+00
4.343000e-05	2.609217e-02	-8.598472e+00
4.344000e-05	3.307306e-03	-8.833131e+00
4.345000e-05	-4.828394e-02	-9.124283e+00
4.346000e-05	4.231740e-02	-9.316311e+00
4.347000e-05	-7.176178e-02	-9.585943e+00
4.348000e-05	5.489786e-02	-9.779498e+00
4.349000e-05	-5.328242e-02	-9.990498e+00
4.350000e-05	4.135330e-02	-1.024065e+01
4.351000e-05	-3.509099e-02	-1.046368e+01
4.352000e-05	-1.611086e-03	-1.070374e+01
4.353000e-05	-9.222313e-03	-1.085413e+01
4.354000e-05	-2.079020e-02	-1.112423e+01
4.355000e-05	1.114091e-02	-1.130471e+01
4.356000e-05	-3.333610e-02	-1.152486e+01
4.357000e-05	2.237506e-02	-1.173721e+01
4.358000e-05	-3.267350e-02	-1.196694e+01
4.359000e-05	1.334418e-02	-1.216679e+01
4.360000e-05	-3.919687e-02	-1.228468e+01
4.361000e-05	8.910669e-03	-1.252421e+01
4.362000e-05	-2.355263e-02	-1.266263e+01
4.363000e-05	-1.192576e-03	-1.283412e+01
4.364000e-05	-1.722685e-02	-1.298042e+01
4.365000e-05	-6.746022e-03	-1.312739e+01
4.366000e-05	-6.137517e-03	-1.328671e+01
4.367000e-05	-1.999878e-02	-1.344308e+01
4.368000e-05	-8.413798e-03	-1.359955e+01
4.369000e-05	-2.377401e-02	-1.379892e+01
4.370000e-05	-6.730128e-04	-1.388311e+01
4.371000e-05	-2.398407e-02	-1.402198e+01
4.372000e-05	-5.980935e-03	-1.415879e+01
4.373000e-05	-2.048779e-02	-1.429511e+01
4.374000e-05	-6.359362e-03	-1.438947e+01
4.375000e-05	-2.156551e-02	-1.452668e+01
4.376000e-05	-1.641887e-02	-1.464156e+01
4.377000e-05	-1.871929e-02	-1.470371e+01
4.378000e-05	-1.336330e-02	-1.484245e+01
4.379000e-05	-1.512794e-02	-1.491366e+01
4.380000e-05	-1.998756e-02	-1.496787e+01
4.381000e-05	-1.796226e-02	-1.503258e+01
4.382000e-05	-1.868556e-02	-1.509776e+01
4.383000e-05	-1.852352e-02	-1.520152e+01
4.384000e-05	-2.235182e-02	-1.526268e+01
4.385000e-05	-1.840175e-02	-1.534673e+01
4.386000e-05	-1.995744e-02	-1.538989e+01
4.387000e-05	-1.860209e-02	-1.542995e+01
4.388000e-05	-2.609726e-02	-1.545253e+01
4.389000e-05	-2.237484e-02	-1.549371e+01
4.390000e-05	-2.423458e-02	-1.552724e+01
4.391000e-05	-2.216545e-02	-1.552882e+01
4.392000e-05	-2.577497e-02	-1.558034e+01
4.393000e-05	-2.627298e-02	-1.559990e+01
4.394000e-05	-2.672284e-02	-1.556139e+01
4.395000e-05	-2.796507e-02	-1.560890e+01
4.396000e-05	-3.048116e-02	-1.556882e+01
4.397000e-05	-3.337261e-02	-1.556829e+01
4.398000e-05	-3.108182e-02	-1.555732e+01
4.399000e-05	-3.316365e-02	-1.548729e+01
4.400000e-05	-3.662575e-02	-1.547616e+01
4.401000e-05	-3.881144e-02	-1.545410e+01
4.402000e-05	-3.855573e-02	-1.542350e+01
4.403000e-05	-4.078677e-02	-1.538940e+01
4.404000e-05	-4.315779e-02	-1.530574e+01
4.405000e-05	-4.704441e-02	-1.527463e+01
4.406000e-05	-4.701622e-02	-1.518105e+01
4.407000e-05	-4.999510e-02	-1.515882e+01
4.408000e-05	-5.460612e-02	-1.505348e+01
4.409000e-05	-5.817060e-02	-1.499142e+01
4.410000e-05	-6.036168e-02	-1.488626e+01
4.411000e-05	-6.264933e-02	-1.480243e+01
4.412000e-05	-6.532295e-02	-1.472779e+01
4.413000e-05	-6.770322e-02	-1.462246e+01
4.414000e-05	-6.965171e-02	-1.451974e+01
4.415000e-05	-7.025494e-02	-1.441188e+01
4.416000e-05	-7.154090e-02	-1.426721e+01
4.417000e-05	-6.980635e-02	-1.417990e+01
4.418000e-05	-6.882017e-02	-1.403453e+01
4.419000e-05	-6.611475e-02	-1.389871e+01
4.420000e-05	-6.326431e-02	-1.376027e+01
4.421000e-05	-6.240440e-02	-1.365148e+01
4.422000e-05	-5.839694e-02	-1.345609e+01
4.423000e-05	-5.470525e-02	-1.331724e+01
4.424000e-05	-5.170961e-02	-1.322190e+01
4.425000e-05	-4.895887e-02	-1.304251e+01
4.426000e-05	-4.635402e-02	-1.290411e+01
4.427000e-05	-4.281082e-02	-1.269819e+01
4.428000e-05	-4.053755e-02	-1.254830e+01
4.429000e-05	-3.909028e-02	-1.237890e+01
4.430000e-05	-3.690860e-02	-1.221345e+01
4.431000e-05	-3.349319e-02	-1.202108e+01
4.432000e-05	-3.157659e-02	-1.179238e+01
4.433000e-05	-2.954334e-02	-1.159083e+01
4.434000e-05	-2.765954e-02	-1.133777e+01
4.435000e-05	-2.512787e-02	-1.112717e+01
4.436000e-05	-2.388089e-02	-1.091677e+01
4.437000e-05	-2.326318e-02	-1.073729e+01
4.438000e-05	-2.252097e-02	-1.053925e+01
4.439000e-05	-2.162147e-02	-1.029672e+01
4.440000e-05	-1.888938e-02	-1.009616e+01
4.441000e-05	-1.939886e-02	-9.885133e+00
4.442000e-05	-1.791849e-02	-9.663062e+00
4.443000e-05	-1.695394e-02	-9.415498e+00
4.444000e-05	-1.452684e-02	-9.179925e+00
4.445000e-05	-1.453525e-02	-8.960273e+00
4.446000e-05	-1.370961e-02	-8.727669e+00
4.447000e-05	-1.440704e-02	-8.485008e+00
4.448000e-05	-1.322369e-02	-8.223583e+00
4.449000e-05	-1.236543e-02	-8.000478e+00
4.450000e-05	-1.203988e-02	-7.716217e+00
4.451000e-05	-1.177135e-02	-7.443132e+00
4.452000e-05	-1.004390e-02	-7.189900e+00
4.453000e-05	-1.006247e-02	-6.875694e+00
4.454000e-05	-9.278717e-03	-6.654589e+00
4.455000e-05	-1.053705e-02	-6.420928e+00
4.456000e-05	-9.053982e-03	-6.138844e+00
4.457000e-05	-9.799069e-03	-5.853611e+00
4.458000e-05	-9.453347e-03	-5.590398e+00
4.459000e-05	-9.106128e-03	-5.255238e+00
4.460000e-05	-7.350192e-03	-4.991455e+00
4.461000e-05	-7.446785e-03	-4.656139e+00
4.462000e-05	-7.054546e-03	-4.423054e+00
4.463000e-05	-7.193807e-03	-4.200871e+00
4.464000e-05	-6.055485e-03	-3.916238e+00
4.465000e-05	-6.355580e-03	-3.603002e+00
4.466000e-05	-8.504818e-03	-3.347322e+00
4.467000e-05	-7.186361e-03	-3.053560e+00
4.468000e-05	-5.859132e-03	-2.747346e+00
4.469000e-05	-4.760414e-03	-2.486688e+00
4.470000e-05	-5.604888e-03	-2.200875e+00
4.471000e-05	-4.437169e-03	-1.875213e+00
4.472000e-05	-5.446778e-03	-1.644082e+00
4.473000e-05	-5.107996e-03	-1.296270e+00
4.474000e-05	-6.300038e-03	-1.029480e+00
4.475000e-05	-5.798793e-03	-7.162697e-01
4.476000e-05	-4.664743e-03	-4.205563e-01
4.477000e-05	-1.943655e-03	-1.478199e-01
4.478000e-05	3.602661e-03	1.269118e-01
4.479000e-05	4.855425e-03	4.321026e-01
4.480000e-05	-8.136151e-04	6.832029e-01
4.481000e-05	1.531948e-03	9.668882e-01
4.482000e-05	-1.780875e-03	1.262576e+00
4.483000e-05	1.507516e-03	1.524909e+00
4.484000e-05	4.574748e-04	1.830103e+00
4.485000e-05	1.523158e-02	2.031555e+00
4.486000e-05	5.837457e-02	2.335833e+00
4.487000e-05	4.789310e-02	2.633727e+00
4.488000e-05	-6.288372e-02	3.009521e+00
4.489000e-05	-4.580688e-02	3.241680e+00
4.490000e-05	-2.331930e-02	3.527942e+00
4.491000e-05	9.051290e-04	3.789021e+00
4.492000e-05	-5.467965e-02	3.990520e+00
4.493000e-05	1.670533e-02	4.301124e+00
4.494000e-05	6.994897e-02	4.538913e+00
4.495000e-05	-4.412612e-02	4.811474e+00
4.496000e-05	1.193320e-01	5.135287e+00
4.497000e-05	-9.137051e-02	5.452605e+00
4.498000e-05	2.158598e-03	5.685633e+00
4.499000e-05	2.663642e-02	5.967972e+00
4.500000e-05	-2.249146e-02	6.220552e+00
4.501000e-05	3.260202e-02	6.505208e+00
4.502000e-05	-5.260900e-02	6.818998e+00
4.503000e-05	6.525457e-02	7.042102e+00
4.504000e-05	3.273269e-04	7.295285e+00
4.505000e-05	-1.680061e-02	7.619025e+00
4.506000e-05	-2.732004e-02	7.866331e+00
4.507000e-05	1.432584e-02	8.157441e+00
4.508000e-05	5.172741e-02	8.400544e+00
4.509000e-05	-3.479596e-02	8.620002e+00
4.510000e-05	2.155191e-03	8.852130e+00
4.511000e-05	1.384355e-02	9.114278e+00
4.512000e-05	7.788237e-03	9.305262e+00
4.513000e-05	1.643630e-03	9.546866e+00
4.514000e-05	-1.984761e-02	9.828898e+00
4.515000e-05	2.119602e-02	1.000948e+01
4.516000e-05	1.476026e-02	1.026158e+01
4.517000e-05	1.515980e-02	1.042160e+01
4.518000e-05	-2.011781e-02	1.069271e+01
4.519000e-05	2.726356e-03	1.090418e+01
4.520000e-05	1.913929e-02	1.110421e+01
4.521000e-05	2.894547e-03	1.127523e+01
4.522000e-05	-3.681652e-03	1.155681e+01
4.523000e-05	1.664260e-03	1.177524e+01
4.524000e-05	2.625425e-02	1.194831e+01
4.525000e-05	7.477314e-03	1.214673e+01
4.526000e-05	-2.860370e-03	1.230521e+01
4.527000e-05	-3.106217e-03	1.249518e+01
4.528000e-05	1.528642e-02	1.264308e+01
4.529000e-05	1.189580e-02	1.281160e+01
4.530000e-05	-3.183901e-04	1.300042e+01
4.531000e-05	3.560410e-03	1.314689e+01
4.532000e-05	1.747197e-02	1.333519e+01
4.533000e-05	1.525872e-02	1.343058e+01
4.534000e-05	8.492341e-04	1.360950e+01
4.535000e-05	5.448365e-04	1.373732e+01
4.536000e-05	1.353651e-02	1.388668e+01
4.537000e-05	1.526416e-02	1.401248e+01
4.538000e-05	4.888150e-03	1.418984e+01
4.539000e-05	3.535406e-03	1.431571e+01
4.540000e-05	1.483897e-02	1.443351e+01
4.541000e-05	1.641309e-02	1.452779e+01
4.542000e-05	5.958005e-03	1.464248e+01
4.543000e-05	5.400043e-03	1.476672e+01
4.544000e-05	1.332305e-02	1.482145e+01
4.545000e-05	1.973084e-02	1.487579e+01
4.546000e-05	9.228979e-03	1.498834e+01
4.547000e-05	8.214106e-03	1.505158e+01
4.548000e-05	1.188019e-02	1.512672e+01
4.549000e-05	1.972358e-02	1.519087e+01
4.550000e-05	1.065211e-02	1.527308e+01
4.551000e-05	9.826865e-03	1.529714e+01
4.552000e-05	1.538692e-02	1.535777e+01
4.553000e-05	2.028011e-02	1.540203e+01
4.554000e-05	1.772876e-02	1.544202e+01
4.555000e-05	1.062709e-02	1.549514e+01
4.556000e-05	1.812589e-02	1.551673e+01
4.557000e-05	2.064452e-02	1.550927e+01
4.558000e-05	2.120455e-02	1.556877e+01
4.559000e-05	1.462392e-02	1.554937e+01
4.560000e-05	1.989565e-02	1.560097e+01
4.561000e-05	2.563389e-02	1.557042e+01
4.562000e-05	2.520984e-02	1.555780e+01
4.563000e-05	2.120093e-02	1.554631e+01
4.564000e-05	2.468261e-02	1.552971e+01
4.565000e-05	3.329620e-02	1.550364e+01
4.566000e-05	3.249986e-02	1.547611e+01
4.567000e-05	2.903306e-02	1.544451e+01
4.568000e-05	2.950458e-02	1.535890e+01
4.569000e-05	3.833163e-02	1.535034e+01
4.570000e-05	3.929087e-02	1.528621e+01
4.571000e-05	3.639453e-02	1.521451e+01
4.572000e-05	3.939315e-02	1.517887e+01
4.573000e-05	4.688197e-02	1.512622e+01
4.574000e-05	5.095905e-02	1.504448e+01
4.575000e-05	4.863922e-02	1.496927e+01
4.576000e-05	5.174478e-02	1.487511e+01
4.577000e-05	5.781022e-02	1.479287e+01
4.578000e-05	6.375633e-02	1.473711e+01
4.579000e-05	5.886564e-02	1.462095e+01
4.580000e-05	6.197374e-02	1.451811e+01
4.581000e-05	6.432588e-02	1.439250e+01
4.582000e-05	6.742463e-02	1.423466e+01
4.583000e-05	6.041896e-02	1.414679e+01
4.584000e-05	5.873689e-02	1.401196e+01
4.585000e-05	6.050677e-02	1.382411e+01
4.586000e-05	5.915482e-02	1.377669e+01
4.587000e-05	5.144215e-02	1.361085e+01
4.588000e-05	4.661299e-02	1.344308e+01
4.589000e-05	4.701375e-02	1.328519e+01
4.590000e-05	4.666065e-02	1.310777e+01
4.591000e-05	3.991129e-02	1.297028e+01
4.592000e-05	3.555143e-02	1.284093e+01
4.593000e-05	3.520312e-02	1.262358e+01
4.594000e-05	3.533837e-02	1.247571e+01
4.595000e-05	2.926682e-02	1.230614e+01
4.596000e-05	2.465009e-02	1.210779e+01
4.597000e-05	2.428727e-02	1.192875e+01
4.598000e-05	2.512920e-02	1.174934e+01
4.599000e-05	2.162704e-02	1.154819e+01
4.600000e-05	1.673553e-02	1.130777e+01
4.601000e-05	1.673336e-02	1.110616e+01
4.602000e-05	1.792380e-02	1.090581e+01
4.603000e-05	1.571624e-02	1.070721e+01
4.604000e-05	1.072355e-02	1.049559e+01
4.605000e-05	1.115087e-02	1.028464e+01
4.606000e-05	1.288078e-02	1.005503e+01
4.607000e-05	1.167291e-02	9.783476e+00
4.608000e-05	7.036049e-03	9.569924e+00
4.609000e-05	5.340650e-03	9.368796e+00
4.610000e-05	7.948705e-03	9.127748e+00
4.611000e-05	7.574079e-03	8.907165e+00
4.612000e-05	3.770760e-03	8.663081e+00
4.613000e-05	2.296813e-03	8.412532e+00
4.614000e-05	5.604934e-03	8.160825e+00
4.615000e-05	5.442771e-03	7.906244e+00
4.616000e-05	2.061584e-03	7.714213e+00
4.617000e-05	8.934954e-04	7.370403e+00
4.618000e-05	2.525022e-03	7.117341e+00
4.619000e-05	3.526521e-03	6.905211e+00
4.620000e-05	2.482939e-04	6.661406e+00
4.621000e-05	-1.527755e-03	6.309316e+00
4.622000e-05	-3.126998e-04	6.095213e+00
4.623000e-05	1.743617e-03	5.845034e+00
4.624000e-05	-2.543101e-04	5.536817e+00
4.625000e-05	-1.735885e-03	5.255088e+00
4.626000e-05	-6.613743e-04	4.937841e+00
4.627000e-05	3.224606e-04	4.612033e+00
4.628000e-05	-2.503495e-03	4.359448e+00
4.629000e-05	-3.561110e-03	4.024663e+00
4.630000e-05	-2.764795e-03	3.810531e+00
4.631000e-05	-1.565549e-03	3.558294e+00
4.632000e-05	-3.003038e-03	3.233533e+00
4.633000e-05	-4.740405e-03	2.949376e+00
4.634000e-05	-3.586627e-03	2.736142e+00
4.635000e-05	-1.642025e-03	2.391924e+00
4.636000e-05	-3.516675e-03	2.105214e+00
4.637000e-05	-5.225906e-03	1.872062e+00
4.638000e-05	-4.851860e-03	1.567320e+00
4.639000e-05	-3.383787e-03	1.263633e+00
4.640000e-05	-4.248288e-03	9.381208e-01
4.641000e-05	-5.506943e-03	6.235840e-01
4.642000e-05	-5.328740e-03	3.582737e-01
4.643000e-05	-1.317185e-03	2.105392e-03
4.644000e-05	4.142885e-03	-2.200763e-01
4.645000e-05	3.294857e-03	-4.827568e-01
4.646000e-05	-4.916229e-03	-7.785436e-01
4.647000e-05	-2.488568e-03	-1.020571e+00
4.648000e-05	-2.052159e-03	-1.353332e+00
4.649000e-05	-1.172088e-03	-1.629599e+00
4.650000e-05	2.719711e-03	-1.851126e+00
4.651000e-05	4.056194e-02	-2.073582e+00
4.652000e-05	8.433246e-02	-2.399493e+00
4.653000e-05	-6.574800e-02	-2.776916e+00
4.654000e-05	-4.148122e-02	-3.156393e+00
4.655000e-05	-4.606152e-02	-3.440599e+00
4.656000e-05	-1.141703e-02	-3.673625e+00
4.657000e-05	-6.788904e-02	-3.904337e+00
4.658000e-05	1.111021e-01	-4.063687e+00
4.659000e-05	-4.937894e-02	-4.312337e+00
4.660000e-05	-1.396908e-04	-4.642124e+00
4.661000e-05	1.282310e-01	-4.852099e+00
4.662000e-05	-1.574622e-01	-5.199495e+00
4.663000e-05	9.013147e-02	-5.513813e+00
4.664000e-05	-1.085907e-01	-5.768966e+00
4.665000e-05	3.231681e-02	-6.093051e+00
4.666000e-05	5.086097e-02	-6.264236e+00
4.667000e-05	-8.418086e-02	-6.589041e+00
4.668000e-05	1.056326e-01	-6.831127e+00
4.669000e-05	-8.106966e-02	-7.176962e+00
4.670000e-05	2.876431e-02	-7.413027e+00
4.671000e-05	-3.961382e-02	-7.692129e+00
4.672000e-05	-2.456637e-02	-8.020519e+00
4.673000e-05	6.673036e-02	-8.200498e+00
4.674000e-05	-7.773974e-02	-8.453177e+00
4.675000e-05	7.427106e-02	-8.685836e+00
4.676000e-05	-6.872624e-02	-8.935940e+00
4.677000e-05	2.354195e-02	-9.187496e+00
4.678000e-05	-2.035772e-02	-9.421447e+00
4.679000e-05	-2.070241e-02	-9.662582e+00
4.680000e-05	2.579395e-02	-9.883079e+00
4.681000e-05	-4.004973e-02	-1.010473e+01
4.682000e-05	4.476195e-02	-1.031628e+01
4.683000e-05	-6.113598e-02	-1.055794e+01
4.684000e-05	2.874340e-02	-1.076682e+01
4.685000e-05	-4.451351e-02	-1.095689e+01
4.686000e-05	1.846258e-02	-1.115849e+01
4.687000e-05	-2.525503e-02	-1.139847e+01
4.688000e-05	2.584925e-04	-1.163154e+01
4.689000e-05	-4.498133e-03	-1.181837e+01
4.690000e-05	-1.273503e-02	-1.202957e+01
4.691000e-05	-4.176484e-03	-1.220000e+01
4.692000e-05	-3.095698e-02	-1.239844e+01
4.693000e-05	7.193757e-03	-1.252987e+01
4.694000e-05	-2.582263e-02	-1.270681e+01
4.695000e-05	6.462947e-03	-1.291671e+01
4.696000e-05	-2.854831e-02	-1.305268e+01
4.697000e-05	6.522974e-03	-1.319997e+01
4.698000e-05	-2.205453e-02	-1.337839e+01
4.699000e-05	-5.582481e-03	-1.353679e+01
4.700000e-05	-2.344104e-02	-1.366365e+01
4.701000e-05	-1.010448e-02	-1.381000e+01
4.702000e-05	-1.217646e-02	-1.394679e+01
4.703000e-05	-1.541881e-02	-1.407413e+01
4.704000e-05	-1.226081e-02	-1.418050e+01
4.705000e-05	-1.729295e-02	-1.436779e+01
4.706000e-05	-8.567360e-03	-1.445461e+01
4.707000e-05	-2.180441e-02	-1.459785e+01
4.708000e-05	-1.272289e-02	-1.466458e+01
4.709000e-05	-2.035970e-02	-1.474931e+01
4.710000e-05	-1.010636e-02	-1.486508e+01
4.711000e-05	-1.988122e-02	-1.493721e+01
4.712000e-05	-1.703066e-02	-1.499097e+01
4.713000e-05	-2.158748e-02	-1.511513e+01
4.714000e-05	-1.557673e-02	-1.513787e+01
4.715000e-05	-2.090443e-02	-1.520008e+01
4.716000e-05	-1.960981e-02	-1.526464e+01
4.717000e-05	-2.137009e-02	-1.534726e+01
4.718000e-05	-1.773396e-02	-1.539995e+01
4.719000e-05	-2.097462e-02	-1.544040e+01
4.720000e-05	-2.481180e-02	-1.547471e+01
4.721000e-05	-2.329078e-02	-1.547614e+01
4.722000e-05	-2.455362e-02	-1.552827e+01
4.723000e-05	-2.177813e-02	-1.554879e+01
4.724000e-05	-2.729319e-02	-1.556987e+01
4.725000e-05	-2.539751e-02	-1.555894e+01
4.726000e-05	-2.806919e-02	-1.555135e+01
4.727000e-05	-2.759284e-02	-1.559139e+01
4.728000e-05	-3.150823e-02	-1.554939e+01
4.729000e-05	-3.243384e-02	-1.551934e+01
4.730000e-05	-3.209845e-02	-1.553727e+01
4.731000e-05	-3.469225e-02	-1.553564e+01
4.732000e-05	-3.647077e-02	-1.548614e+01
4.733000e-05	-3.992439e-02	-1.544205e+01
4.734000e-05	-4.070414e-02	-1.541040e+01
4.735000e-05	-4.106078e-02	-1.533932e+01
4.736000e-05	-4.432458e-02	-1.531614e+01
4.737000e-05	-4.584225e-02	-1.525251e+01
4.738000e-05	-4.894579e-02	-1.517137e+01
4.739000e-05	-5.166098e-02	-1.510619e+01
4.740000e-05	-5.505691e-02	-1.503198e+01
4.741000e-05	-5.968788e-02	-1.493889e+01
4.742000e-05	-6.209277e-02	-1.486711e+01
4.743000e-05	-6.361021e-02	-1.480190e+01
4.744000e-05	-6.615888e-02	-1.468563e+01
4.745000e-05	-6.966651e-02	-1.460192e+01
4.746000e-05	-7.119051e-02	-1.452571e+01
4.747000e-05	-7.026291e-02	-1.438033e+01
4.748000e-05	-6.961990e-02	-1.427308e+01
4.749000e-05	-7.011764e-02	-1.409819e+01
4.750000e-05	-6.917098e-02	-1.401047e+01
4.751000e-05	-6.469299e-02	-1.383503e+01
4.752000e-05	-6.306759e-02	-1.372772e+01
4.753000e-05	-6.082716e-02	-1.360085e+01
4.754000e-05	-5.786430e-02	-1.342248e+01
4.755000e-05	-5.458029e-02	-1.331509e+01
4.756000e-05	-4.965161e-02	-1.311829e+01
4.757000e-05	-4.709272e-02	-1.298135e+01
4.758000e-05	-4.516189e-02	-1.281251e+01
4.759000e-05	-4.191676e-02	-1.267401e+01
4.760000e-05	-3.944004e-02	-1.249706e+01
4.761000e-05	-3.755463e-02	-1.229628e+01
4.762000e-05	-3.600002e-02	-1.214874e+01
4.763000e-05	-3.299735e-02	-1.190822e+01
4.764000e-05	-3.075214e-02	-1.175814e+01
4.765000e-05	-2.865707e-02	-1.149516e+01
4.766000e-05	-2.705873e-02	-1.127548e+01
4.767000e-05	-2.555035e-02	-1.110505e+01
4.768000e-05	-2.374411e-02	-1.084458e+01
4.769000e-05	-2.266920e-02	-1.066411e+01
4.770000e-05	-2.194318e-02	-1.048519e+01
4.771000e-05	-2.069851e-02	-1.024303e+01
4.772000e-05	-1.908891e-02	-1.000990e+01
4.773000e-05	-1.924176e-02	-9.771376e+00
4.774000e-05	-1.755949e-02	-9.550325e+00
4.775000e-05	-1.606448e-02	-9.328242e+00
4.776000e-05	-1.362317e-02	-9.106040e+00
4.777000e-05	-1.425527e-02	-8.916132e+00
4.778000e-05	-1.403070e-02	-8.624957e+00
4.779000e-05	-1.300049e-02	-8.390400e+00
4.780000e-05	-1.258790e-02	-8.198770e+00
4.781000e-05	-1.207889e-02	-7.886665e+00
4.782000e-05	-1.237873e-02	-7.590330e+00
4.783000e-05	-1.240058e-02	-7.358292e+00
4.784000e-05	-1.055190e-02	-7.067141e+00
4.785000e-05	-1.000826e-02	-6.834002e+00
4.786000e-05	-9.215191e-03	-6.539371e+00
4.787000e-05	-1.016963e-02	-6.307764e+00
4.788000e-05	-8.517883e-03	-6.034577e+00
4.789000e-05	-9.857498e-03	-5.760373e+00
4.790000e-05	-8.150499e-03	-5.505740e+00
4.791000e-05	-9.510972e-03	-5.202953e+00
4.792000e-05	-7.770508e-03	-4.863614e+00
4.793000e-05	-7.470448e-03	-4.540319e+00
4.794000e-05	-5.703997e-03	-4.337819e+00
4.795000e-05	-8.445673e-03	-4.075137e+00
4.796000e-05	-6.743967e-03	-3.810775e+00
4.797000e-05	-8.478171e-03	-3.486241e+00
4.798000e-05	-6.364334e-03	-3.264060e+00
4.799000e-05	-7.211350e-03	-2.899795e+00
4.800000e-05	-5.481549e-03	-2.653536e+00
4.801000e-05	-6.109694e-03	-2.372004e+00
4.802000e-05	-4.201554e-03	-2.095718e+00
4.803000e-05	-6.009410e-03	-1.801479e+00
4.804000e-05	-5.685108e-03	-1.566768e+00
4.805000e-05	-5.808537e-03	-1.160374e+00
4.806000e-05	-5.995253e-03	-8.866856e-01
4.807000e-05	-4.156481e-03	-6.009829e-01
4.808000e-05	-4.016045e-03	-3.052420e-01
4.809000e-05	-4.982063e-04	-6.555795e-02
4.810000e-05	8.187343e-03	2.517015e-01
4.811000e-05	4.296540e-04	5.448144e-01
4.812000e-05	9.496487e-04	7.683736e-01
4.813000e-05	-2.158005e-03	1.073679e+00
4.814000e-05	6.277037e-04	1.347416e+00
4.815000e-05	-4.101568e-04	1.662278e+00
4.816000e-05	5.730739e-03	1.904784e+00
4.817000e-05	2.439960e-02	2.145359e+00
4.818000e-05	7.880921e-02	2.451025e+00
4.819000e-05	-8.052146e-03	2.767545e+00
4.820000e-05	-5.966799e-02	3.074212e+00
4.821000e-05	-4.369230e-02	3.387417e+00
4.822000e-05	-2.747090e-03	3.650131e+00
4.823000e-05	-2.295250e-02	3.862255e+00
4.824000e-05	-5.050359e-02	4.093711e+00
4.825000e-05	7.089932e-02	4.367495e+00
4.826000e-05	-1.131923e-03	4.661753e+00
4.827000e-05	3.049241e-02	4.925761e+00
4.828000e-05	6.045787e-02	5.270577e+00
4.829000e-05	-1.005838e-01	5.545395e+00
4.830000e-05	4.945628e-02	5.809967e+00
4.831000e-05	-1.606525e-02	6.093757e+00
4.832000e-05	1.224488e-02	6.313813e+00
4.833000e-05	-5.392582e-03	6.601096e+00
4.834000e-05	-2.255451e-02	6.892707e+00
4.835000e-05	7.200657e-02	7.136864e+00
4.836000e-05	-2.859221e-02	7.470527e+00
4.837000e-05	-8.505086e-03	7.745690e+00
4.838000e-05	-3.440715e-02	8.021045e+00
4.839000e-05	5.105239e-02	8.271652e+00
4.840000e-05	2.123285e-02	8.494604e+00
4.841000e-05	-4.065879e-02	8.694285e+00
4.842000e-05	2.281661e-02	8.948334e+00
4.843000e-05	-2.036979e-03	9.180469e+00
4.844000e-05	2.507706e-02	9.409972e+00
4.845000e-05	-2.483701e-02	9.642578e+00
4.846000e-05	2.742108e-03	9.923703e+00
4.847000e-05	1.610751e-02	1.011481e+01
4.848000e-05	2.232414e-02	1.033676e+01
4.849000e-05	2.176786e-03	1.057734e+01
4.850000e-05	-2.445826e-02	1.078844e+01
4.851000e-05	2.171422e-02	1.096939e+01
4.852000e-05	7.803949e-03	1.115828e+01
4.853000e-05	9.365250e-03	1.139781e+01
4.854000e-05	-1.566108e-02	1.161098e+01
4.855000e-05	1.981182e-02	1.183200e+01
4.856000e-05	1.616373e-02	1.203242e+01
4.857000e-05	9.182060e-03	1.219942e+01
4.858000e-05	-1.096338e-02	1.239992e+01
4.859000e-05	5.074562e-03	1.253782e+01
4.860000e-05	2.134175e-02	1.273481e+01
4.861000e-05	4.777468e-03	1.288518e+01
4.862000e-05	4.045379e-04	1.304245e+01
4.863000e-05	1.726859e-03	1.324195e+01
4.864000e-05	2.551202e-02	1.338937e+01
4.865000e-05	6.106583e-03	1.348418e+01
4.866000e-05	-5.707433e-04	1.366360e+01
4.867000e-05	1.969992e-03	1.381892e+01
4.868000e-05	2.078048e-02	1.391739e+01
4.869000e-05	1.545263e-02	1.410418e+01
4.870000e-05	3.243991e-04	1.422260e+01
4.871000e-05	6.190313e-03	1.434779e+01
4.872000e-05	1.502211e-02	1.445408e+01
4.873000e-05	1.689476e-02	1.456037e+01
4.874000e-05	-3.187404e-04	1.467268e+01
4.875000e-05	9.950469e-03	1.477892e+01
4.876000e-05	1.742857e-02	1.482213e+01
4.877000e-05	2.111953e-02	1.492823e+01
4.878000e-05	4.933770e-03	1.503987e+01
4.879000e-05	6.124273e-03	1.508468e+01
4.880000e-05	1.347645e-02	1.517034e+01
4.881000e-05	1.858754e-02	1.522200e+01
4.882000e-05	9.091252e-03	1.528258e+01
4.883000e-05	8.649968e-03	1.531672e+01
4.884000e-05	2.116654e-02	1.540935e+01
4.885000e-05	2.216673e-02	1.537142e+01
4.886000e-05	1.595263e-02	1.547461e+01
4.887000e-05	8.506799e-03	1.550606e+01
4.888000e-05	2.018210e-02	1.551628e+01
4.889000e-05	2.204076e-02	1.552926e+01
4.890000e-05	1.925417e-02	1.554929e+01
4.891000e-05	1.466504e-02	1.556042e+01
4.892000e-05	2.308726e-02	1.556938e+01
4.893000e-05	2.819357e-02	1.554937e+01
4.894000e-05	2.352244e-02	1.554987e+01
4.895000e-05	2.137199e-02	1.555979e+01
4.896000e-05	2.602993e-02	1.554876e+01
4.897000e-05	3.337485e-02	1.550769e+01
4.898000e-05	3.074225e-02	1.547558e+01
4.899000e-05	2.797521e-02	1.540196e+01
4.900000e-05	3.295066e-02	1.539032e+01
4.901000e-05	4.030696e-02	1.534832e+01
4.902000e-05	3.908086e-02	1.531661e+01
4.903000e-05	3.714424e-02	1.523095e+01
4.904000e-05	4.153041e-02	1.515979e+01
4.905000e-05	4.772912e-02	1.510513e+01
4.906000e-05	5.006224e-02	1.500343e+01
4.907000e-05	5.035359e-02	1.492724e+01
4.908000e-05	5.339879e-02	1.484303e+01
4.909000e-05	6.092625e-02	1.477982e+01
4.910000e-05	6.355930e-02	1.465354e+01
4.911000e-05	6.117394e-02	1.458892e+01
4.912000e-05	6.304485e-02	1.446256e+01
4.913000e-05	6.442443e-02	1.434837e+01
4.914000e-05	6.559731e-02	1.422303e+01
4.915000e-05	6.013692e-02	1.412626e+01
4.916000e-05	5.797181e-02	1.398030e+01
4.917000e-05	5.781412e-02	1.382040e+01
4.918000e-05	5.690909e-02	1.366501e+01
4.919000e-05	5.382721e-02	1.356882e+01
4.920000e-05	4.778633e-02	1.337987e+01
4.921000e-05	4.661356e-02	1.324353e+01
4.922000e-05	4.401842e-02	1.307508e+01
4.923000e-05	3.837847e-02	1.290582e+01
4.924000e-05	3.304806e-02	1.275832e+01
4.925000e-05	3.278484e-02	1.260087e+01
4.926000e-05	3.197754e-02	1.240250e+01
4.927000e-05	3.118898e-02	1.223398e+01
4.928000e-05	2.628725e-02	1.205569e+01
4.929000e-05	2.587031e-02	1.187666e+01
4.930000e-05	2.305817e-02	1.167556e+01
4.931000e-05	2.036175e-02	1.142348e+01
4.932000e-05	1.487421e-02	1.122298e+01
4.933000e-05	1.474122e-02	1.103200e+01
4.934000e-05	1.521310e-02	1.084153e+01
4.935000e-05	1.626347e-02	1.061355e+01
4.936000e-05	1.309547e-02	1.041251e+01
4.937000e-05	1.238430e-02	1.018092e+01
4.938000e-05	1.156003e-02	9.949846e+00
4.939000e-05	9.242546e-03	9.727218e+00
4.940000e-05	7.485139e-03	9.515661e+00
4.941000e-05	4.998894e-03	9.304661e+00
4.942000e-05	5.747975e-03	9.023029e+00
4.943000e-05	5.750338e-03	8.810954e+00
4.944000e-05	5.579670e-03	8.589823e+00
4.945000e-05	4.388675e-03	8.356823e+00
4.946000e-05	3.407921e-03	8.056112e+00
4.947000e-05	4.099449e-03	7.791955e+00
4.948000e-05	2.651988e-03	7.590375e+00
4.949000e-05	1.402806e-03	7.256641e+00
4.950000e-05	2.111669e-04	7.042483e+00
4.951000e-05	1.022025e-03	6.760328e+00
4.952000e-05	7.708932e-04	6.506215e+00
4.953000e-05	8.044261e-04	6.253056e+00
4.954000e-05	-4.386311e-04	6.030453e+00
4.955000e-05	-2.134317e-04	5.767221e+00
4.956000e-05	-6.448974e-04	5.453557e+00
4.957000e-05	-1.246753e-03	5.138347e+00
4.958000e-05	-1.292789e-03	4.789955e+00
4.959000e-05	-2.322959e-03	4.548271e+00
4.960000e-05	-1.226922e-03	4.305561e+00
4.961000e-05	-2.726793e-03	3.958850e+00
4.962000e-05	-2.644646e-03	3.706714e+00
4.963000e-05	-3.823549e-03	3.452561e+00
4.964000e-05	-2.941726e-03	3.119270e+00
4.965000e-05	-4.266227e-03	2.873213e+00
4.966000e-05	-3.741547e-03	2.588949e+00
4.967000e-05	-4.448355e-03	2.295688e+00
4.968000e-05	-2.515587e-03	2.002055e+00
4.969000e-05	-2.769533e-03	1.748242e+00
4.970000e-05	-4.034872e-03	1.421983e+00
4.971000e-05	-5.412464e-03	1.117245e+00
4.972000e-05	-4.153103e-03	7.518774e-01
4.973000e-05	-3.674022e-03	4.862634e-01
4.974000e-05	-4.313124e-03	2.525566e-01
4.975000e-05	-3.910238e-03	-5.167402e-02
4.976000e-05	7.699824e-03	-3.042845e-01
4.977000e-05	-9.383302e-04	-5.375220e-01
4.978000e-05	5.448192e-04	-8.542316e-01
4.979000e-05	-7.132859e-03	-1.134887e+00
4.980000e-05	-7.602313e-04	-1.411004e+00
4.981000e-05	-2.669436e-03	-1.693333e+00
4.982000e-05	1.454175e-02	-1.926288e+00
4.983000e-05	7.233833e-02	-2.167868e+00
4.984000e-05	3.000374e-02	-2.536859e+00
4.985000e-05	-7.257768e-02	-2.913782e+00
4.986000e-05	-3.642077e-02	-3.281182e+00
4.987000e-05	-3.222165e-02	-3.524231e+00
4.988000e-05	-3.317547e-02	-3.746340e+00
4.989000e-05	-2.333030e-02	-3.985445e+00
4.990000e-05	1.210829e-01	-4.137838e+00
4.991000e-05	-1.317783e-01	-4.451623e+00
4.992000e-05	1.326174e-01	-4.724636e+00
4.993000e-05	-1.976194e-02	-4.955966e+00
4.994000e-05	-7.759410e-02	-5.346915e+00
4.995000e-05	6.747868e-02	-5.589970e+00
4.996000e-05	-1.401890e-01	-5.902259e+00
4.997000e-05	1.253717e-01	-6.117264e+00
4.998000e-05	-6.168412e-02	-6.390021e+00
4.999000e-05	1.031410e-02	-6.725233e+00
