# 260929_17:24:33.834521
t	CH1	CH2
0.000000e+00	-2.734389e-03	1.374148e-01
1.000000e-08	-2.407202e-04	-1.268684e-01
2.000000e-08	6.852781e-03	-3.394950e-01
3.000000e-08	-5.004408e-03	-6.942593e-01
4.000000e-08	1.383128e-04	-9.482909e-01
5.000000e-08	-4.641773e-03	-1.181009e+00
6.000000e-08	-1.941753e-04	-1.526792e+00
7.000000e-08	-2.108095e-03	-1.808920e+00
8.000000e-08	2.091344e-02	-1.959499e+00
9.000000e-08	9.078630e-02	-2.272630e+00
1.000000e-07	-1.469897e-02	-2.633133e+00
1.100000e-07	-6.433765e-02	-3.003126e+00
1.200000e-07	-4.189620e-02	-3.357365e+00
1.300000e-07	-1.652168e-02	-3.558913e+00
1.400000e-07	-5.430490e-02	-3.862633e+00
1.500000e-07	2.354115e-02	-4.051153e+00
1.600000e-07	7.950406e-02	-4.211125e+00
1.700000e-07	-1.182403e-01	-4.515842e+00
1.800000e-07	1.769018e-01	-4.771491e+00
1.900000e-07	-9.910129e-02	-5.084732e+00
2.000000e-07	-4.856944e-03	-5.463200e+00
2.100000e-07	1.012077e-02	-5.694708e+00
2.200000e-07	-9.563710e-02	-5.989524e+00
2.300000e-07	1.282691e-01	-6.260625e+00
2.400000e-07	-1.010221e-01	-6.507788e+00
2.500000e-07	6.745848e-02	-6.810543e+00
2.600000e-07	-2.588179e-03	-7.042131e+00
2.700000e-07	-4.769749e-02	-7.369569e+00
2.800000e-07	3.889373e-02	-7.629072e+00
2.900000e-07	-9.186622e-02	-7.956863e+00
3.000000e-07	8.770976e-02	-8.187917e+00
3.100000e-07	-5.897395e-02	-8.388543e+00
3.200000e-07	2.530853e-02	-8.711703e+00
3.300000e-07	2.585303e-03	-8.936359e+00
3.400000e-07	-4.643299e-02	-9.136942e+00
3.500000e-07	4.307899e-02	-9.386916e+00
3.600000e-07	-7.204899e-02	-9.631153e+00
3.700000e-07	5.500800e-02	-9.859599e+00
3.800000e-07	-5.500805e-02	-1.006270e+01
3.900000e-07	4.285490e-02	-1.031231e+01
4.000000e-07	-3.795316e-02	-1.053541e+01
4.100000e-07	8.124829e-04	-1.073526e+01
4.200000e-07	-1.043617e-02	-1.090543e+01
4.300000e-07	-2.019865e-02	-1.119544e+01
4.400000e-07	8.502718e-03	-1.139326e+01
4.500000e-07	-3.177935e-02	-1.161851e+01
4.600000e-07	2.120013e-02	-1.186657e+01
4.700000e-07	-3.178486e-02	-1.205004e+01
4.800000e-07	1.387017e-02	-1.223852e+01
4.900000e-07	-3.833003e-02	-1.238744e+01
5.000000e-07	8.452170e-03	-1.259799e+01
5.100000e-07	-2.498216e-02	-1.279336e+01
5.200000e-07	3.594316e-04	-1.294381e+01
5.300000e-07	-1.903689e-02	-1.308265e+01
5.400000e-07	-5.851141e-03	-1.323962e+01
5.500000e-07	-8.275802e-03	-1.343701e+01
5.600000e-07	-1.570394e-02	-1.357338e+01
5.700000e-07	-1.194417e-02	-1.369330e+01
5.800000e-07	-2.145897e-02	-1.386010e+01
5.900000e-07	-4.100801e-03	-1.398704e+01
6.000000e-07	-2.009713e-02	-1.416238e+01
6.100000e-07	-7.093768e-03	-1.428970e+01
6.200000e-07	-1.936964e-02	-1.442454e+01
6.300000e-07	-7.462981e-03	-1.452281e+01
6.400000e-07	-1.967093e-02	-1.459554e+01
6.500000e-07	-1.455110e-02	-1.476383e+01
6.600000e-07	-2.000264e-02	-1.482754e+01
6.700000e-07	-1.374335e-02	-1.491328e+01
6.800000e-07	-1.606213e-02	-1.498706e+01
6.900000e-07	-1.580139e-02	-1.511125e+01
7.000000e-07	-1.822300e-02	-1.518343e+01
7.100000e-07	-1.755183e-02	-1.523764e+01
7.200000e-07	-1.842737e-02	-1.530173e+01
7.300000e-07	-2.083750e-02	-1.538396e+01
7.400000e-07	-2.031896e-02	-1.539702e+01
7.500000e-07	-2.032967e-02	-1.547930e+01
7.600000e-07	-1.846682e-02	-1.551385e+01
7.700000e-07	-2.421847e-02	-1.557431e+01
7.800000e-07	-2.162670e-02	-1.559447e+01
7.900000e-07	-2.469129e-02	-1.561756e+01
8.000000e-07	-2.133331e-02	-1.568705e+01
8.100000e-07	-2.571087e-02	-1.565869e+01
8.200000e-07	-2.630039e-02	-1.568970e+01
8.300000e-07	-2.598451e-02	-1.565865e+01
8.400000e-07	-2.684821e-02	-1.572123e+01
8.500000e-07	-3.027122e-02	-1.565908e+01
8.600000e-07	-3.176262e-02	-1.564815e+01
8.700000e-07	-3.185651e-02	-1.567810e+01
8.800000e-07	-3.243479e-02	-1.562997e+01
8.900000e-07	-3.503443e-02	-1.560546e+01
9.000000e-07	-3.831913e-02	-1.558386e+01
9.100000e-07	-3.909967e-02	-1.552375e+01
9.200000e-07	-3.801736e-02	-1.547020e+01
9.300000e-07	-4.238731e-02	-1.543662e+01
9.400000e-07	-4.591291e-02	-1.538341e+01
9.500000e-07	-4.659346e-02	-1.532078e+01
9.600000e-07	-4.696160e-02	-1.525757e+01
9.700000e-07	-5.104494e-02	-1.521491e+01
9.800000e-07	-5.716377e-02	-1.509022e+01
9.900000e-07	-5.855664e-02	-1.501659e+01
1.000000e-06	-5.863961e-02	-1.495231e+01
1.010000e-06	-6.145630e-02	-1.485802e+01
1.020000e-06	-6.655063e-02	-1.472278e+01
1.030000e-06	-6.802438e-02	-1.461009e+01
1.040000e-06	-6.637612e-02	-1.455326e+01
1.050000e-06	-6.765345e-02	-1.440254e+01
1.060000e-06	-6.955857e-02	-1.427965e+01
1.070000e-06	-6.924152e-02	-1.414390e+01
1.080000e-06	-6.409577e-02	-1.401507e+01
1.090000e-06	-6.256878e-02	-1.387920e+01
1.100000e-06	-6.171466e-02	-1.372173e+01
1.110000e-06	-5.875282e-02	-1.358491e+01
1.120000e-06	-5.487559e-02	-1.343812e+01
1.130000e-06	-5.178527e-02	-1.327013e+01
1.140000e-06	-5.071927e-02	-1.310278e+01
1.150000e-06	-4.824817e-02	-1.299441e+01
1.160000e-06	-4.378790e-02	-1.280491e+01
1.170000e-06	-4.098164e-02	-1.265862e+01
1.180000e-06	-3.943904e-02	-1.248757e+01
1.190000e-06	-3.930985e-02	-1.227161e+01
1.200000e-06	-3.346996e-02	-1.211973e+01
1.210000e-06	-3.282677e-02	-1.193075e+01
1.220000e-06	-2.894573e-02	-1.167715e+01
1.230000e-06	-3.229753e-02	-1.143960e+01
1.240000e-06	-2.604519e-02	-1.122695e+01
1.250000e-06	-2.636154e-02	-1.096747e+01
1.260000e-06	-2.300892e-02	-1.083649e+01
1.270000e-06	-2.351276e-02	-1.061752e+01
1.280000e-06	-2.153350e-02	-1.038544e+01
1.290000e-06	-1.878086e-02	-1.014283e+01
1.300000e-06	-1.942308e-02	-9.921810e+00
1.310000e-06	-2.092081e-02	-9.744761e+00
1.320000e-06	-1.983695e-02	-9.481257e+00
1.330000e-06	-1.532768e-02	-9.248600e+00
1.340000e-06	-1.435438e-02	-9.019026e+00
1.350000e-06	-1.349356e-02	-8.776944e+00
1.360000e-06	-1.422334e-02	-8.573367e+00
1.370000e-06	-1.156295e-02	-8.291659e+00
1.380000e-06	-1.319916e-02	-8.048574e+00
1.390000e-06	-1.418854e-02	-7.753520e+00
1.400000e-06	-1.512878e-02	-7.541137e+00
1.410000e-06	-1.015878e-02	-7.247675e+00
1.420000e-06	-9.114680e-03	-6.964817e+00
1.430000e-06	-9.267427e-03	-6.720736e+00
1.440000e-06	-9.342825e-03	-6.460129e+00
1.450000e-06	-8.157531e-03	-6.203947e+00
1.460000e-06	-8.271569e-03	-5.902686e+00
1.470000e-06	-1.027411e-02	-5.671576e+00
1.480000e-06	-9.384503e-03	-5.335262e+00
1.490000e-06	-9.160043e-03	-5.039603e+00
1.500000e-06	-6.595005e-03	-4.672208e+00
1.510000e-06	-7.006434e-03	-4.431578e+00
1.520000e-06	-6.526779e-03	-4.215000e+00
1.530000e-06	-6.462328e-03	-3.895370e+00
1.540000e-06	-5.001183e-03	-3.600601e+00
1.550000e-06	-8.463937e-03	-3.346371e+00
1.560000e-06	-6.779692e-03	-3.080207e+00
1.570000e-06	-7.314376e-03	-2.795943e+00
1.580000e-06	-4.844590e-03	-2.504112e+00
1.590000e-06	-5.118469e-03	-2.206928e+00
1.600000e-06	-5.575956e-03	-1.913763e+00
1.610000e-06	-5.203787e-03	-1.662108e+00
1.620000e-06	-4.456981e-03	-1.335738e+00
1.630000e-06	-5.628095e-03	-9.890063e-01
1.640000e-06	-4.740079e-03	-7.348893e-01
1.650000e-06	-4.579140e-03	-4.110039e-01
1.660000e-06	-2.257380e-03	-1.473709e-01
1.670000e-06	3.132715e-03	1.284392e-01
1.680000e-06	4.401764e-03	4.325774e-01
1.690000e-06	-1.606633e-03	6.557804e-01
1.700000e-06	1.210041e-03	9.474444e-01
1.710000e-06	-5.575551e-04	1.253232e+00
1.720000e-06	1.861485e-03	1.547973e+00
1.730000e-06	8.105098e-04	1.881629e+00
1.740000e-06	1.441603e-02	2.032703e+00
1.750000e-06	5.913180e-02	2.356790e+00
1.760000e-06	4.554143e-02	2.685680e+00
1.770000e-06	-6.312105e-02	3.019996e+00
1.780000e-06	-4.549509e-02	3.293782e+00
1.790000e-06	-2.097291e-02	3.608996e+00
1.800000e-06	4.047074e-04	3.811527e+00
1.810000e-06	-5.545510e-02	4.052102e+00
1.820000e-06	1.568450e-02	4.276307e+00
1.830000e-06	7.149072e-02	4.589945e+00
1.840000e-06	-4.594343e-02	4.852171e+00
1.850000e-06	1.199501e-01	5.136936e+00
1.860000e-06	-8.844812e-02	5.493708e+00
1.870000e-06	-6.540339e-04	5.695939e+00
1.880000e-06	2.644613e-02	6.019600e+00
1.890000e-06	-2.222630e-02	6.273210e+00
1.900000e-06	3.349033e-02	6.548363e+00
1.910000e-06	-5.342359e-02	6.840154e+00
1.920000e-06	6.502683e-02	7.093733e+00
1.930000e-06	2.663730e-03	7.388587e+00
1.940000e-06	-1.606978e-02	7.662150e+00
1.950000e-06	-2.772774e-02	7.974958e+00
1.960000e-06	9.636774e-03	8.250146e+00
1.970000e-06	5.432501e-02	8.450600e+00
1.980000e-06	-3.238012e-02	8.673175e+00
1.990000e-06	7.042267e-04	8.903808e+00
2.000000e-06	1.035902e-02	9.145912e+00
2.010000e-06	1.271682e-02	9.377515e+00
2.020000e-06	3.725303e-03	9.619042e+00
2.030000e-06	-2.189628e-02	9.869573e+00
2.040000e-06	1.891199e-02	1.004373e+01
2.050000e-06	1.611172e-02	1.029323e+01
2.060000e-06	1.859967e-02	1.053638e+01
2.070000e-06	-2.042347e-02	1.077738e+01
2.080000e-06	7.603944e-04	1.096691e+01
2.090000e-06	1.907231e-02	1.116495e+01
2.100000e-06	6.656641e-03	1.134696e+01
2.110000e-06	-4.144775e-03	1.166754e+01
2.120000e-06	-1.489789e-03	1.184954e+01
2.130000e-06	2.454173e-02	1.199962e+01
2.140000e-06	1.044489e-02	1.220799e+01
2.150000e-06	-9.061224e-04	1.239599e+01
2.160000e-06	-6.142658e-03	1.256492e+01
2.170000e-06	1.538667e-02	1.271478e+01
2.180000e-06	1.392529e-02	1.292135e+01
2.190000e-06	3.570788e-04	1.305977e+01
2.200000e-06	1.534920e-03	1.324966e+01
2.210000e-06	1.578978e-02	1.337554e+01
2.220000e-06	1.713362e-02	1.356433e+01
2.230000e-06	2.300283e-03	1.368072e+01
2.240000e-06	-2.217837e-03	1.387962e+01
2.250000e-06	1.231446e-02	1.399356e+01
2.260000e-06	1.580906e-02	1.415292e+01
2.270000e-06	8.186453e-03	1.426072e+01
2.280000e-06	2.041602e-03	1.439456e+01
2.290000e-06	1.350342e-02	1.456130e+01
2.300000e-06	1.759358e-02	1.463759e+01
2.310000e-06	7.786676e-03	1.470340e+01
2.320000e-06	3.139305e-03	1.483597e+01
2.330000e-06	1.159566e-02	1.490230e+01
2.340000e-06	1.964590e-02	1.498551e+01
2.350000e-06	1.213478e-02	1.509124e+01
2.360000e-06	7.564214e-03	1.519241e+01
2.370000e-06	9.407141e-03	1.524649e+01
2.380000e-06	1.899179e-02	1.534078e+01
2.390000e-06	1.353118e-02	1.538338e+01
2.400000e-06	9.143254e-03	1.542711e+01
2.410000e-06	1.346342e-02	1.546714e+01
2.420000e-06	2.080833e-02	1.550928e+01
2.430000e-06	1.920707e-02	1.555286e+01
2.440000e-06	1.015911e-02	1.562599e+01
2.450000e-06	1.505999e-02	1.565751e+01
2.460000e-06	2.117484e-02	1.564804e+01
2.470000e-06	2.313506e-02	1.565866e+01
2.480000e-06	1.524076e-02	1.566812e+01
2.490000e-06	1.800115e-02	1.568859e+01
2.500000e-06	2.516317e-02	1.569070e+01
2.510000e-06	2.596098e-02	1.564769e+01
2.520000e-06	2.199924e-02	1.566807e+01
2.530000e-06	2.145043e-02	1.563759e+01
2.540000e-06	3.089750e-02	1.562643e+01
2.550000e-06	3.333922e-02	1.559391e+01
2.560000e-06	2.882159e-02	1.556383e+01
2.570000e-06	2.803752e-02	1.549928e+01
2.580000e-06	3.538785e-02	1.547767e+01
2.590000e-06	3.940970e-02	1.540458e+01
2.600000e-06	3.627721e-02	1.537335e+01
2.610000e-06	3.660863e-02	1.526875e+01
2.620000e-06	4.331010e-02	1.521644e+01
2.630000e-06	5.095486e-02	1.512286e+01
2.640000e-06	4.771045e-02	1.507967e+01
2.650000e-06	4.883853e-02	1.495431e+01
2.660000e-06	5.459091e-02	1.488975e+01
2.670000e-06	6.129941e-02	1.476399e+01
2.680000e-06	5.803914e-02	1.471965e+01
2.690000e-06	5.771409e-02	1.459644e+01
2.700000e-06	6.063235e-02	1.444985e+01
2.710000e-06	6.552586e-02	1.439333e+01
2.720000e-06	6.237526e-02	1.424752e+01
2.730000e-06	5.808270e-02	1.412928e+01
2.740000e-06	5.710537e-02	1.399488e+01
2.750000e-06	5.826977e-02	1.384604e+01
2.760000e-06	5.485746e-02	1.369070e+01
2.770000e-06	4.779961e-02	1.351231e+01
2.780000e-06	4.562202e-02	1.339446e+01
2.790000e-06	4.679348e-02	1.321654e+01
2.800000e-06	4.369105e-02	1.307909e+01
2.810000e-06	3.750108e-02	1.289920e+01
2.820000e-06	3.359506e-02	1.273320e+01
2.830000e-06	3.530672e-02	1.256393e+01
2.840000e-06	3.288755e-02	1.241499e+01
2.850000e-06	2.739455e-02	1.221704e+01
2.860000e-06	2.416125e-02	1.201651e+01
2.870000e-06	2.426673e-02	1.183804e+01
2.880000e-06	2.446365e-02	1.158554e+01
2.890000e-06	1.966895e-02	1.140554e+01
2.900000e-06	1.783633e-02	1.120486e+01
2.910000e-06	1.689884e-02	1.096634e+01
2.920000e-06	1.794650e-02	1.084556e+01
2.930000e-06	1.355419e-02	1.056346e+01
2.940000e-06	1.153314e-02	1.035281e+01
2.950000e-06	1.162324e-02	1.012180e+01
2.960000e-06	1.162264e-02	9.880703e+00
2.970000e-06	9.015692e-03	9.658542e+00
2.980000e-06	6.590535e-03	9.416018e+00
2.990000e-06	8.287898e-03	9.204941e+00
3.000000e-06	8.346550e-03	8.983834e+00
3.010000e-06	6.437375e-03	8.712256e+00
3.020000e-06	2.762924e-03	8.490258e+00
3.030000e-06	4.849712e-03	8.259673e+00
3.040000e-06	4.756521e-03	7.975338e+00
3.050000e-06	4.382517e-03	7.684308e+00
3.060000e-06	2.849025e-04	7.439199e+00
3.070000e-06	1.424214e-03	7.154915e+00
3.080000e-06	2.421451e-03	6.903289e+00
3.090000e-06	2.715514e-03	6.670183e+00
3.100000e-06	-1.243601e-03	6.375888e+00
3.110000e-06	-1.174841e-03	6.123811e+00
3.120000e-06	1.331163e-03	5.869654e+00
3.130000e-06	9.808820e-04	5.596921e+00
3.140000e-06	-1.857321e-03	5.302334e+00
3.150000e-06	-1.774369e-03	4.957335e+00
3.160000e-06	-4.485717e-04	4.651133e+00
3.170000e-06	-1.311729e-04	4.407947e+00
3.180000e-06	-1.504591e-03	4.113707e+00
3.190000e-06	-4.087868e-03	3.807474e+00
3.200000e-06	-1.619615e-03	3.575915e+00
3.210000e-06	-1.399875e-03	3.260628e+00
3.220000e-06	-2.804718e-03	2.974917e+00
3.230000e-06	-4.930288e-03	2.742786e+00
3.240000e-06	-3.255726e-03	2.409125e+00
3.250000e-06	-1.747026e-03	2.114214e+00
3.260000e-06	-3.490549e-03	1.889034e+00
3.270000e-06	-5.172266e-03	1.605292e+00
3.280000e-06	-4.617347e-03	1.260054e+00
3.290000e-06	-3.135440e-03	9.121643e-01
3.300000e-06	-3.327075e-03	6.580290e-01
3.310000e-06	-5.483473e-03	3.649421e-01
3.320000e-06	-2.593604e-03	5.103002e-02
3.330000e-06	4.965968e-03	-2.326078e-01
3.340000e-06	4.924097e-03	-5.051605e-01
3.350000e-06	-3.638300e-03	-7.894748e-01
3.360000e-06	-3.296741e-03	-1.041579e+00
3.370000e-06	-2.361560e-03	-1.356437e+00
3.380000e-06	-1.379589e-03	-1.631076e+00
3.390000e-06	3.439720e-03	-1.873155e+00
3.400000e-06	4.028581e-02	-2.072107e+00
3.410000e-06	8.469346e-02	-2.441051e+00
3.420000e-06	-6.577764e-02	-2.800072e+00
3.430000e-06	-4.036366e-02	-3.228996e+00
3.440000e-06	-4.282664e-02	-3.441654e+00
3.450000e-06	-1.033588e-02	-3.632657e+00
3.460000e-06	-7.032149e-02	-3.948421e+00
3.470000e-06	1.066217e-01	-4.083784e+00
3.480000e-06	-4.399103e-02	-4.307816e+00
3.490000e-06	-6.932397e-03	-4.695227e+00
3.500000e-06	1.321184e-01	-4.883708e+00
3.510000e-06	-1.534983e-01	-5.273180e+00
3.520000e-06	8.817652e-02	-5.547415e+00
3.530000e-06	-1.042686e-01	-5.820497e+00
3.540000e-06	2.510387e-02	-6.104287e+00
3.550000e-06	5.055142e-02	-6.356865e+00
3.560000e-06	-8.646780e-02	-6.641650e+00
3.570000e-06	1.070852e-01	-6.893280e+00
3.580000e-06	-7.989743e-02	-7.238470e+00
3.590000e-06	2.910736e-02	-7.482755e+00
3.600000e-06	-3.735766e-02	-7.744988e+00
3.610000e-06	-2.787799e-02	-8.000226e+00
3.620000e-06	6.733651e-02	-8.252125e+00
3.630000e-06	-7.797673e-02	-8.533356e+00
3.640000e-06	7.457027e-02	-8.786913e+00
3.650000e-06	-6.904718e-02	-9.040098e+00
3.660000e-06	2.495141e-02	-9.251153e+00
3.670000e-06	-2.190319e-02	-9.450704e+00
3.680000e-06	-1.937445e-02	-9.705910e+00
3.690000e-06	2.349179e-02	-9.934382e+00
3.700000e-06	-3.922480e-02	-1.019646e+01
3.710000e-06	4.500140e-02	-1.042707e+01
3.720000e-06	-5.977453e-02	-1.062107e+01
3.730000e-06	3.019922e-02	-1.083907e+01
3.740000e-06	-4.569983e-02	-1.101959e+01
3.750000e-06	1.932706e-02	-1.126158e+01
3.760000e-06	-2.606976e-02	-1.146113e+01
3.770000e-06	1.419553e-03	-1.170328e+01
3.780000e-06	-7.443836e-03	-1.187125e+01
3.790000e-06	-1.004266e-02	-1.210175e+01
3.800000e-06	-4.887837e-03	-1.232118e+01
3.810000e-06	-2.870675e-02	-1.244015e+01
3.820000e-06	4.917861e-03	-1.262964e+01
3.830000e-06	-2.480698e-02	-1.283857e+01
3.840000e-06	5.409737e-03	-1.298654e+01
3.850000e-06	-2.767845e-02	-1.313433e+01
3.860000e-06	5.683453e-03	-1.333228e+01
3.870000e-06	-2.247184e-02	-1.345070e+01
3.880000e-06	-3.279919e-03	-1.365902e+01
3.890000e-06	-2.312555e-02	-1.377596e+01
3.900000e-06	-9.638974e-03	-1.394273e+01
3.910000e-06	-1.470166e-02	-1.408064e+01
3.920000e-06	-1.201466e-02	-1.421548e+01
3.930000e-06	-1.265854e-02	-1.432978e+01
3.940000e-06	-1.677160e-02	-1.450862e+01
3.950000e-06	-1.118189e-02	-1.454436e+01
3.960000e-06	-1.972330e-02	-1.466917e+01
3.970000e-06	-1.351857e-02	-1.479536e+01
3.980000e-06	-2.061257e-02	-1.483024e+01
3.990000e-06	-1.147184e-02	-1.493384e+01
4.000000e-06	-1.816582e-02	-1.505714e+01
4.010000e-06	-1.497271e-02	-1.514133e+01
4.020000e-06	-2.067138e-02	-1.522597e+01
4.030000e-06	-1.641113e-02	-1.525917e+01
4.040000e-06	-2.059909e-02	-1.536131e+01
4.050000e-06	-1.772804e-02	-1.540596e+01
4.060000e-06	-2.274797e-02	-1.542857e+01
4.070000e-06	-1.823208e-02	-1.548122e+01
4.080000e-06	-2.088690e-02	-1.557491e+01
4.090000e-06	-2.241255e-02	-1.556494e+01
4.100000e-06	-2.375984e-02	-1.562699e+01
4.110000e-06	-2.499008e-02	-1.564659e+01
4.120000e-06	-2.190864e-02	-1.565067e+01
4.130000e-06	-2.605725e-02	-1.567810e+01
4.140000e-06	-2.577198e-02	-1.568120e+01
4.150000e-06	-2.785401e-02	-1.566922e+01
4.160000e-06	-2.673553e-02	-1.565970e+01
4.170000e-06	-3.002640e-02	-1.569020e+01
4.180000e-06	-3.255490e-02	-1.562912e+01
4.190000e-06	-3.285935e-02	-1.568702e+01
4.200000e-06	-3.351547e-02	-1.565804e+01
4.210000e-06	-3.623612e-02	-1.558446e+01
4.220000e-06	-3.835539e-02	-1.553231e+01
4.230000e-06	-3.877842e-02	-1.553235e+01
4.240000e-06	-4.069067e-02	-1.544665e+01
4.250000e-06	-4.287690e-02	-1.541701e+01
4.260000e-06	-4.615481e-02	-1.535133e+01
4.270000e-06	-4.735326e-02	-1.526925e+01
4.280000e-06	-4.882084e-02	-1.522699e+01
4.290000e-06	-5.286915e-02	-1.515183e+01
4.300000e-06	-5.634986e-02	-1.510962e+01
4.310000e-06	-5.872646e-02	-1.500491e+01
4.320000e-06	-6.077356e-02	-1.490018e+01
4.330000e-06	-6.373533e-02	-1.478494e+01
4.340000e-06	-6.657958e-02	-1.468070e+01
4.350000e-06	-6.831435e-02	-1.458499e+01
4.360000e-06	-6.787033e-02	-1.448865e+01
4.370000e-06	-6.807303e-02	-1.437333e+01
4.380000e-06	-6.934106e-02	-1.429757e+01
4.390000e-06	-6.649596e-02	-1.411168e+01
4.400000e-06	-6.593314e-02	-1.394294e+01
4.410000e-06	-6.133512e-02	-1.385757e+01
4.420000e-06	-6.114086e-02	-1.366863e+01
4.430000e-06	-5.752892e-02	-1.356133e+01
4.440000e-06	-5.658970e-02	-1.337651e+01
4.450000e-06	-5.067411e-02	-1.324599e+01
4.460000e-06	-4.951613e-02	-1.307922e+01
4.470000e-06	-4.569052e-02	-1.291128e+01
4.480000e-06	-4.445516e-02	-1.275281e+01
4.490000e-06	-4.017129e-02	-1.257441e+01
4.500000e-06	-3.773147e-02	-1.236394e+01
4.510000e-06	-3.704998e-02	-1.219804e+01
4.520000e-06	-3.506130e-02	-1.206597e+01
4.530000e-06	-3.265036e-02	-1.183551e+01
4.540000e-06	-3.015050e-02	-1.160496e+01
4.550000e-06	-2.832014e-02	-1.137289e+01
4.560000e-06	-2.804731e-02	-1.111180e+01
4.570000e-06	-2.389648e-02	-1.090181e+01
4.580000e-06	-2.376954e-02	-1.073326e+01
4.590000e-06	-2.234306e-02	-1.053184e+01
4.600000e-06	-2.227623e-02	-1.031228e+01
4.610000e-06	-1.885547e-02	-1.005963e+01
4.620000e-06	-1.776401e-02	-9.868573e+00
4.630000e-06	-1.737859e-02	-9.647576e+00
4.640000e-06	-1.799228e-02	-9.396470e+00
4.650000e-06	-1.537006e-02	-9.183912e+00
4.660000e-06	-1.423533e-02	-8.944337e+00
4.670000e-06	-1.454120e-02	-8.689758e+00
4.680000e-06	-1.510651e-02	-8.449074e+00
4.690000e-06	-1.211570e-02	-8.228968e+00
4.700000e-06	-1.169293e-02	-7.963864e+00
4.710000e-06	-1.155756e-02	-7.679079e+00
4.720000e-06	-1.301673e-02	-7.415925e+00
4.730000e-06	-1.112922e-02	-7.112890e+00
4.740000e-06	-9.373116e-03	-6.860103e+00
4.750000e-06	-9.630718e-03	-6.607472e+00
4.760000e-06	-1.085011e-02	-6.334417e+00
4.770000e-06	-9.087068e-03	-6.050656e+00
4.780000e-06	-8.768975e-03	-5.796923e+00
4.790000e-06	-7.191439e-03	-5.544313e+00
4.800000e-06	-9.338612e-03	-5.239000e+00
4.810000e-06	-7.485447e-03	-4.941791e+00
4.820000e-06	-7.269446e-03	-4.557021e+00
4.830000e-06	-5.737624e-03	-4.395842e+00
4.840000e-06	-8.667883e-03	-4.113688e+00
4.850000e-06	-6.854828e-03	-3.818071e+00
4.860000e-06	-8.083096e-03	-3.515812e+00
4.870000e-06	-6.209532e-03	-3.242159e+00
4.880000e-06	-7.642276e-03	-2.944318e+00
4.890000e-06	-6.583564e-03	-2.703682e+00
4.900000e-06	-4.976346e-03	-2.398001e+00
4.910000e-06	-3.309528e-03	-2.103688e+00
4.920000e-06	-4.434824e-03	-1.819030e+00
4.930000e-06	-6.424244e-03	-1.546368e+00
4.940000e-06	-6.539566e-03	-1.197424e+00
4.950000e-06	-5.873083e-03	-9.201657e-01
4.960000e-06	-3.944446e-03	-5.780511e-01
4.970000e-06	-4.504439e-03	-3.337395e-01
4.980000e-06	-1.312254e-03	-7.013404e-02
4.990000e-06	8.626588e-03	2.742604e-01
5.000000e-06	1.702879e-03	5.173144e-01
5.010000e-06	1.071738e-03	7.899198e-01
5.020000e-06	-2.688200e-03	1.094206e+00
5.030000e-06	9.582590e-04	1.359942e+00
5.040000e-06	5.761390e-05	1.693634e+00
5.050000e-06	5.708163e-03	1.906287e+00
5.060000e-06	2.312679e-02	2.138417e+00
5.070000e-06	7.996223e-02	2.441601e+00
5.080000e-06	-9.892735e-03	2.820524e+00
5.090000e-06	-6.048111e-02	3.105284e+00
5.100000e-06	-4.321284e-02	3.359474e+00
5.110000e-06	-7.698428e-05	3.673683e+00
5.120000e-06	-2.347696e-02	3.944333e+00
5.130000e-06	-4.980867e-02	4.076784e+00
5.140000e-06	6.851661e-02	4.428975e+00
5.150000e-06	2.715269e-03	4.684280e+00
5.160000e-06	2.255158e-02	4.996387e+00
5.170000e-06	6.769075e-02	5.284303e+00
5.180000e-06	-1.045859e-01	5.598470e+00
5.190000e-06	5.167726e-02	5.851597e+00
5.200000e-06	-1.686889e-02	6.094837e+00
5.210000e-06	1.351937e-02	6.326912e+00
5.220000e-06	-7.259277e-03	6.681754e+00
5.230000e-06	-2.301955e-02	6.938890e+00
5.240000e-06	7.322434e-02	7.230499e+00
5.250000e-06	-2.882213e-02	7.492699e+00
5.260000e-06	-5.006582e-03	7.797916e+00
5.270000e-06	-3.638543e-02	8.092600e+00
5.280000e-06	4.800815e-02	8.305733e+00
5.290000e-06	2.020361e-02	8.554384e+00
5.300000e-06	-3.523046e-02	8.746861e+00
5.310000e-06	2.125359e-02	9.016996e+00
5.320000e-06	-1.924330e-03	9.270170e+00
5.330000e-06	2.670290e-02	9.452196e+00
5.340000e-06	-2.257963e-02	9.734330e+00
5.350000e-06	1.192236e-03	9.986383e+00
5.360000e-06	1.330118e-02	1.018489e+01
5.370000e-06	2.125391e-02	1.038006e+01
5.380000e-06	3.416446e-03	1.061107e+01
5.390000e-06	-2.369319e-02	1.085117e+01
5.400000e-06	1.897815e-02	1.105162e+01
5.410000e-06	9.200919e-03	1.123165e+01
5.420000e-06	1.165391e-02	1.148072e+01
5.430000e-06	-1.426643e-02	1.169172e+01
5.440000e-06	1.687206e-02	1.191125e+01
5.450000e-06	1.544055e-02	1.205181e+01
5.460000e-06	8.718636e-03	1.226067e+01
5.470000e-06	-9.582894e-03	1.247169e+01
5.480000e-06	2.840179e-03	1.266957e+01
5.490000e-06	1.931265e-02	1.281609e+01
5.500000e-06	7.899371e-03	1.293593e+01
5.510000e-06	2.823462e-03	1.315230e+01
5.520000e-06	2.126844e-03	1.330275e+01
5.530000e-06	2.186994e-02	1.346862e+01
5.540000e-06	7.466733e-03	1.358751e+01
5.550000e-06	1.562442e-03	1.375443e+01
5.560000e-06	-1.084642e-03	1.387227e+01
5.570000e-06	1.725245e-02	1.407967e+01
5.580000e-06	1.407660e-02	1.419608e+01
5.590000e-06	5.721622e-03	1.433338e+01
5.600000e-06	5.214756e-03	1.443812e+01
5.610000e-06	1.524871e-02	1.456441e+01
5.620000e-06	1.555481e-02	1.470025e+01
5.630000e-06	3.329824e-03	1.476543e+01
5.640000e-06	5.925569e-03	1.484022e+01
5.650000e-06	1.313809e-02	1.493433e+01
5.660000e-06	1.966135e-02	1.500557e+01
5.670000e-06	9.295324e-03	1.515130e+01
5.680000e-06	6.963525e-03	1.518544e+01
5.690000e-06	1.365521e-02	1.527854e+01
5.700000e-06	1.845682e-02	1.530082e+01
5.710000e-06	1.185023e-02	1.540593e+01
5.720000e-06	8.365903e-03	1.546912e+01
5.730000e-06	1.584619e-02	1.551969e+01
5.740000e-06	1.917508e-02	1.554183e+01
5.750000e-06	1.884957e-02	1.559440e+01
5.760000e-06	8.508748e-03	1.564698e+01
5.770000e-06	1.842669e-02	1.563761e+01
5.780000e-06	2.208167e-02	1.566809e+01
5.790000e-06	2.250174e-02	1.565875e+01
5.800000e-06	1.629244e-02	1.569877e+01
5.810000e-06	2.017132e-02	1.567960e+01
5.820000e-06	2.469130e-02	1.567862e+01
5.830000e-06	2.350775e-02	1.563817e+01
5.840000e-06	2.100932e-02	1.567864e+01
5.850000e-06	2.334337e-02	1.567601e+01
5.860000e-06	3.065521e-02	1.560551e+01
5.870000e-06	3.384308e-02	1.560538e+01
5.880000e-06	3.224129e-02	1.556080e+01
5.890000e-06	3.241268e-02	1.549125e+01
5.900000e-06	3.608220e-02	1.544711e+01
5.910000e-06	3.714115e-02	1.536503e+01
5.920000e-06	3.615898e-02	1.535138e+01
5.930000e-06	3.767739e-02	1.526822e+01
5.940000e-06	4.532517e-02	1.520493e+01
5.950000e-06	4.893171e-02	1.513023e+01
5.960000e-06	5.093584e-02	1.502852e+01
5.970000e-06	5.150116e-02	1.493176e+01
5.980000e-06	5.567928e-02	1.484962e+01
5.990000e-06	5.906972e-02	1.476388e+01
6.000000e-06	5.925354e-02	1.465767e+01
6.010000e-06	5.822213e-02	1.453294e+01
6.020000e-06	6.015143e-02	1.448764e+01
6.030000e-06	6.420787e-02	1.432285e+01
6.040000e-06	6.133625e-02	1.417396e+01
6.050000e-06	6.006425e-02	1.409862e+01
6.060000e-06	5.550416e-02	1.394932e+01
6.070000e-06	5.705056e-02	1.376499e+01
6.080000e-06	5.132323e-02	1.362654e+01
6.090000e-06	4.963141e-02	1.347017e+01
6.100000e-06	4.403550e-02	1.336125e+01
6.110000e-06	4.415875e-02	1.314231e+01
6.120000e-06	4.167869e-02	1.301404e+01
6.130000e-06	3.937690e-02	1.281711e+01
6.140000e-06	3.409235e-02	1.267015e+01
6.150000e-06	3.253618e-02	1.251928e+01
6.160000e-06	3.062020e-02	1.235380e+01
6.170000e-06	2.667812e-02	1.217348e+01
6.180000e-06	2.361516e-02	1.197381e+01
6.190000e-06	2.184056e-02	1.173321e+01
6.200000e-06	2.276284e-02	1.157186e+01
6.210000e-06	2.039659e-02	1.130023e+01
6.220000e-06	1.805116e-02	1.113120e+01
6.230000e-06	1.581725e-02	1.090026e+01
6.240000e-06	1.599055e-02	1.070180e+01
6.250000e-06	1.361696e-02	1.050011e+01
6.260000e-06	1.127670e-02	1.024915e+01
6.270000e-06	9.980103e-03	1.003802e+01
6.280000e-06	1.083312e-02	9.804043e+00
6.290000e-06	9.129056e-03	9.534258e+00
6.300000e-06	7.134072e-03	9.354332e+00
6.310000e-06	6.246774e-03	9.091731e+00
6.320000e-06	7.067014e-03	8.859051e+00
6.330000e-06	6.981163e-03	8.637047e+00
6.340000e-06	4.610113e-03	8.394890e+00
6.350000e-06	2.911335e-03	8.112781e+00
6.360000e-06	3.375752e-03	7.840105e+00
6.370000e-06	2.803116e-03	7.630592e+00
6.380000e-06	2.400572e-03	7.374412e+00
6.390000e-06	5.507325e-04	7.101704e+00
6.400000e-06	6.671336e-04	6.839049e+00
6.410000e-06	1.704807e-03	6.563766e+00
6.420000e-06	3.143888e-03	6.289679e+00
6.430000e-06	-4.953645e-04	6.029577e+00
6.440000e-06	-8.192056e-04	5.807912e+00
6.450000e-06	-3.740694e-04	5.492260e+00
6.460000e-06	-1.890749e-04	5.186940e+00
6.470000e-06	-1.310544e-03	4.821026e+00
6.480000e-06	-3.116646e-03	4.584889e+00
6.490000e-06	-1.602097e-03	4.291179e+00
6.500000e-06	-7.152366e-04	3.966445e+00
6.510000e-06	-2.104722e-03	3.744312e+00
6.520000e-06	-3.494630e-03	3.439551e+00
6.530000e-06	-2.994219e-03	3.145814e+00
6.540000e-06	-1.559517e-03	2.882682e+00
6.550000e-06	-2.633360e-03	2.587345e+00
6.560000e-06	-4.616301e-03	2.282234e+00
6.570000e-06	-4.018749e-03	2.030527e+00
6.580000e-06	-2.900553e-03	1.754867e+00
6.590000e-06	-3.395877e-03	1.439050e+00
6.600000e-06	-5.092074e-03	1.115316e+00
6.610000e-06	-4.628545e-03	8.089511e-01
6.620000e-06	-3.026849e-03	5.242606e-01
6.630000e-06	-1.239670e-03	2.480792e-01
6.640000e-06	-2.497949e-03	-9.270656e-02
6.650000e-06	6.371898e-03	-3.278396e-01
6.660000e-06	-1.174166e-03	-5.815753e-01
6.670000e-06	2.026721e-03	-9.046368e-01
6.680000e-06	-6.540765e-03	-1.147866e+00
6.690000e-06	-1.976454e-03	-1.403241e+00
6.700000e-06	-2.247323e-03	-1.715762e+00
6.710000e-06	1.589407e-02	-1.956920e+00
6.720000e-06	7.495518e-02	-2.160049e+00
6.730000e-06	2.879291e-02	-2.538287e+00
6.740000e-06	-7.522431e-02	-2.967408e+00
6.750000e-06	-3.489203e-02	-3.265712e+00
6.760000e-06	-2.882928e-02	-3.516812e+00
6.770000e-06	-3.307287e-02	-3.757941e+00
6.780000e-06	-2.868693e-02	-4.019975e+00
6.790000e-06	1.238607e-01	-4.188466e+00
6.800000e-06	-1.288519e-01	-4.472129e+00
6.810000e-06	1.261920e-01	-4.748434e+00
6.820000e-06	-1.261069e-02	-5.012000e+00
6.830000e-06	-7.977133e-02	-5.408044e+00
6.840000e-06	7.175937e-02	-5.639052e+00
6.850000e-06	-1.391960e-01	-5.916887e+00
6.860000e-06	1.218231e-01	-6.159516e+00
6.870000e-06	-6.131386e-02	-6.461153e+00
6.880000e-06	8.714740e-03	-6.739369e+00
6.890000e-06	5.562384e-02	-6.979020e+00
6.900000e-06	-8.357735e-02	-7.345833e+00
6.910000e-06	6.072457e-02	-7.575839e+00
6.920000e-06	-9.413073e-02	-7.872125e+00
6.930000e-06	5.799349e-02	-8.145909e+00
6.940000e-06	-1.483762e-02	-8.376886e+00
6.950000e-06	-2.276464e-02	-8.630097e+00
6.960000e-06	4.852949e-02	-8.851748e+00
6.970000e-06	-7.794597e-02	-9.114282e+00
6.980000e-06	5.757231e-02	-9.365285e+00
6.990000e-06	-7.382827e-02	-9.587515e+00
7.000000e-06	4.288310e-02	-9.827946e+00
7.010000e-06	-3.461970e-02	-1.005157e+01
7.020000e-06	1.404523e-02	-1.027123e+01
7.030000e-06	-3.083253e-03	-1.048323e+01
7.040000e-06	-2.859428e-02	-1.070320e+01
7.050000e-06	1.443347e-02	-1.094223e+01
7.060000e-06	-4.243959e-02	-1.111436e+01
7.070000e-06	2.487306e-02	-1.133383e+01
7.080000e-06	-4.055412e-02	-1.155533e+01
7.090000e-06	2.496982e-02	-1.178694e+01
7.100000e-06	-3.273733e-02	-1.194296e+01
7.110000e-06	1.168680e-02	-1.217849e+01
7.120000e-06	-3.091249e-02	-1.235486e+01
7.130000e-06	-1.455845e-03	-1.256536e+01
7.140000e-06	-1.464640e-02	-1.274325e+01
7.150000e-06	-9.524736e-03	-1.291278e+01
7.160000e-06	-7.583445e-03	-1.303867e+01
7.170000e-06	-1.625725e-02	-1.318649e+01
7.180000e-06	2.228084e-04	-1.334486e+01
7.190000e-06	-2.308730e-02	-1.352130e+01
7.200000e-06	-3.836211e-03	-1.368075e+01
7.210000e-06	-2.554263e-02	-1.377750e+01
7.220000e-06	-1.298146e-03	-1.398495e+01
7.230000e-06	-2.167776e-02	-1.411213e+01
7.240000e-06	-6.119019e-03	-1.426870e+01
7.250000e-06	-1.859136e-02	-1.435494e+01
7.260000e-06	-8.183228e-03	-1.450015e+01
7.270000e-06	-1.838973e-02	-1.458546e+01
7.280000e-06	-1.690025e-02	-1.475170e+01
7.290000e-06	-1.621047e-02	-1.481552e+01
7.300000e-06	-1.500137e-02	-1.489125e+01
7.310000e-06	-1.450291e-02	-1.496499e+01
7.320000e-06	-1.806618e-02	-1.507980e+01
7.330000e-06	-1.674250e-02	-1.517243e+01
7.340000e-06	-1.760330e-02	-1.525804e+01
7.350000e-06	-1.832934e-02	-1.530127e+01
7.360000e-06	-2.139904e-02	-1.533331e+01
7.370000e-06	-1.762242e-02	-1.541654e+01
7.380000e-06	-2.055976e-02	-1.545902e+01
7.390000e-06	-1.907526e-02	-1.552273e+01
7.400000e-06	-2.439747e-02	-1.558390e+01
7.410000e-06	-2.028746e-02	-1.559544e+01
7.420000e-06	-2.338655e-02	-1.563694e+01
7.430000e-06	-2.325377e-02	-1.564657e+01
7.440000e-06	-2.519272e-02	-1.565915e+01
7.450000e-06	-2.507341e-02	-1.568860e+01
7.460000e-06	-2.541362e-02	-1.566115e+01
7.470000e-06	-2.830198e-02	-1.574020e+01
7.480000e-06	-3.057616e-02	-1.567965e+01
7.490000e-06	-3.104200e-02	-1.566910e+01
7.500000e-06	-3.121701e-02	-1.564810e+01
7.510000e-06	-3.332197e-02	-1.565002e+01
7.520000e-06	-3.611739e-02	-1.558549e+01
7.530000e-06	-3.677488e-02	-1.562386e+01
7.540000e-06	-3.746879e-02	-1.555275e+01
7.550000e-06	-3.990974e-02	-1.548977e+01
7.560000e-06	-4.275679e-02	-1.540759e+01
7.570000e-06	-4.459056e-02	-1.539536e+01
7.580000e-06	-4.446657e-02	-1.533233e+01
7.590000e-06	-4.854625e-02	-1.526903e+01
7.600000e-06	-5.150326e-02	-1.521546e+01
7.610000e-06	-5.589355e-02	-1.516280e+01
7.620000e-06	-5.598566e-02	-1.502664e+01
7.630000e-06	-5.928889e-02	-1.496283e+01
7.640000e-06	-6.267731e-02	-1.487857e+01
7.650000e-06	-6.501845e-02	-1.477341e+01
7.660000e-06	-6.572188e-02	-1.468162e+01
7.670000e-06	-6.714787e-02	-1.456339e+01
7.680000e-06	-7.028986e-02	-1.445757e+01
7.690000e-06	-6.935892e-02	-1.435073e+01
7.700000e-06	-6.759604e-02	-1.419454e+01
7.710000e-06	-6.477665e-02	-1.404710e+01
7.720000e-06	-6.462296e-02	-1.389178e+01
7.730000e-06	-6.226291e-02	-1.376426e+01
7.740000e-06	-5.863290e-02	-1.362550e+01
7.750000e-06	-5.531894e-02	-1.346907e+01
7.760000e-06	-5.477112e-02	-1.329123e+01
7.770000e-06	-5.199505e-02	-1.314229e+01
7.780000e-06	-4.642384e-02	-1.302602e+01
7.790000e-06	-4.383276e-02	-1.283812e+01
7.800000e-06	-4.360935e-02	-1.270070e+01
7.810000e-06	-4.207470e-02	-1.249968e+01
7.820000e-06	-3.792328e-02	-1.230120e+01
7.830000e-06	-3.430400e-02	-1.212921e+01
7.840000e-06	-3.350000e-02	-1.196335e+01
7.850000e-06	-3.222936e-02	-1.172033e+01
7.860000e-06	-2.926735e-02	-1.152023e+01
7.870000e-06	-2.658783e-02	-1.126065e+01
7.880000e-06	-2.571077e-02	-1.110910e+01
7.890000e-06	-2.570518e-02	-1.082963e+01
7.900000e-06	-2.347583e-02	-1.066120e+01
7.910000e-06	-2.150145e-02	-1.045805e+01
7.920000e-06	-1.954654e-02	-1.023864e+01
7.930000e-06	-1.958781e-02	-9.977412e+00
7.940000e-06	-1.860964e-02	-9.806342e+00
7.950000e-06	-1.766316e-02	-9.563387e+00
7.960000e-06	-1.628331e-02	-9.331633e+00
7.970000e-06	-1.510920e-02	-9.072679e+00
7.980000e-06	-1.496462e-02	-8.851122e+00
7.990000e-06	-1.528807e-02	-8.644521e+00
8.000000e-06	-1.435230e-02	-8.354308e+00
8.010000e-06	-1.264806e-02	-8.104758e+00
8.020000e-06	-1.164779e-02	-7.859100e+00
8.030000e-06	-1.159662e-02	-7.563912e+00
8.040000e-06	-1.124517e-02	-7.300686e+00
8.050000e-06	-1.000336e-02	-7.059028e+00
8.060000e-06	-9.045385e-03	-6.755413e+00
8.070000e-06	-1.070538e-02	-6.513263e+00
8.080000e-06	-1.023199e-02	-6.199105e+00
8.090000e-06	-8.989460e-03	-5.996368e+00
8.100000e-06	-9.416603e-03	-5.693709e+00
8.110000e-06	-8.116646e-03	-5.386024e+00
8.120000e-06	-9.638770e-03	-5.114287e+00
8.130000e-06	-6.523088e-03	-4.766397e+00
8.140000e-06	-7.185163e-03	-4.503257e+00
8.150000e-06	-6.426597e-03	-4.270763e+00
8.160000e-06	-8.146433e-03	-4.008374e+00
8.170000e-06	-6.065699e-03	-3.701208e+00
8.180000e-06	-8.377335e-03	-3.441028e+00
8.190000e-06	-6.332794e-03	-3.133844e+00
8.200000e-06	-9.066675e-03	-2.861550e+00
8.210000e-06	-5.059733e-03	-2.565447e+00
8.220000e-06	-5.240254e-03	-2.341785e+00
8.230000e-06	-3.320060e-03	-1.957925e+00
8.240000e-06	-6.299794e-03	-1.702834e+00
8.250000e-06	-6.025509e-03	-1.418523e+00
8.260000e-06	-6.154769e-03	-1.063134e+00
8.270000e-06	-5.569857e-03	-7.994813e-01
8.280000e-06	-4.898630e-03	-5.127106e-01
8.290000e-06	-4.161882e-03	-2.500500e-01
8.300000e-06	2.097612e-03	6.310125e-02
8.310000e-06	6.886156e-03	3.698722e-01
8.320000e-06	-2.481252e-03	6.415726e-01
8.330000e-06	1.736449e-03	9.140305e-01
8.340000e-06	-1.346668e-03	1.191550e+00
8.350000e-06	6.870257e-04	1.491704e+00
8.360000e-06	-1.142585e-03	1.810969e+00
8.370000e-06	1.108385e-02	2.009522e+00
8.380000e-06	4.427975e-02	2.253702e+00
8.390000e-06	7.065661e-02	2.608972e+00
8.400000e-06	-5.503930e-02	2.927815e+00
8.410000e-06	-4.899720e-02	3.222546e+00
8.420000e-06	-3.144263e-02	3.515836e+00
8.430000e-06	7.831815e-03	3.767891e+00
8.440000e-06	-4.809429e-02	4.018467e+00
8.450000e-06	-1.729124e-02	4.230120e+00
8.460000e-06	9.333513e-02	4.505260e+00
8.470000e-06	-5.103736e-02	4.789069e+00
8.480000e-06	1.049368e-01	5.072727e+00
8.490000e-06	-4.094419e-02	5.440145e+00
8.500000e-06	-4.412396e-02	5.702658e+00
8.510000e-06	4.872088e-02	5.966439e+00
8.520000e-06	-3.184694e-02	6.209522e+00
8.530000e-06	3.706171e-02	6.492752e+00
8.540000e-06	-4.598878e-02	6.820020e+00
8.550000e-06	3.738330e-02	7.029645e+00
8.560000e-06	3.374942e-02	7.353458e+00
8.570000e-06	-2.812849e-02	7.599467e+00
8.580000e-06	-1.327527e-02	7.891154e+00
8.590000e-06	-1.228037e-02	8.175432e+00
8.600000e-06	6.133967e-02	8.379465e+00
8.610000e-06	-1.745447e-02	8.600544e+00
8.620000e-06	-1.709105e-02	8.852123e+00
8.630000e-06	2.183069e-02	9.113675e+00
8.640000e-06	6.553980e-04	9.335309e+00
8.650000e-06	1.973165e-02	9.554961e+00
8.660000e-06	-3.175258e-02	9.821641e+00
8.670000e-06	2.075815e-02	1.005167e+01
8.680000e-06	1.156992e-02	1.026222e+01
8.690000e-06	2.295055e-02	1.047275e+01
8.700000e-06	-1.368648e-02	1.075325e+01
8.710000e-06	-9.906090e-03	1.092488e+01
8.720000e-06	2.362352e-02	1.115236e+01
8.730000e-06	1.981939e-03	1.133333e+01
8.740000e-06	5.813872e-03	1.157685e+01
8.750000e-06	-1.126619e-02	1.176496e+01
8.760000e-06	2.837810e-02	1.197536e+01
8.770000e-06	8.838666e-03	1.213699e+01
8.780000e-06	4.329515e-03	1.234431e+01
8.790000e-06	-1.012502e-02	1.254333e+01
8.800000e-06	1.157291e-02	1.273178e+01
8.810000e-06	1.711543e-02	1.288217e+01
8.820000e-06	2.188753e-03	1.304909e+01
8.830000e-06	2.440153e-03	1.319446e+01
8.840000e-06	1.019931e-02	1.335546e+01
8.850000e-06	2.055147e-02	1.352180e+01
8.860000e-06	2.070170e-03	1.366909e+01
8.870000e-06	-2.203803e-04	1.382716e+01
8.880000e-06	6.751867e-03	1.397291e+01
8.890000e-06	1.761138e-02	1.410090e+01
8.900000e-06	8.701412e-03	1.427809e+01
8.910000e-06	1.154618e-03	1.445400e+01
8.920000e-06	1.121035e-02	1.452082e+01
8.930000e-06	1.737063e-02	1.460699e+01
8.940000e-06	1.201071e-02	1.468227e+01
8.950000e-06	1.352231e-03	1.482601e+01
8.960000e-06	1.022621e-02	1.484230e+01
8.970000e-06	1.807623e-02	1.498493e+01
8.980000e-06	1.402586e-02	1.504855e+01
8.990000e-06	6.281980e-03	1.513283e+01
9.000000e-06	8.078102e-03	1.522849e+01
9.010000e-06	1.948234e-02	1.525925e+01
9.020000e-06	1.376958e-02	1.536435e+01
9.030000e-06	8.986155e-03	1.539554e+01
9.040000e-06	1.145128e-02	1.549824e+01
9.050000e-06	2.160070e-02	1.550175e+01
9.060000e-06	1.954814e-02	1.556283e+01
9.070000e-06	1.217232e-02	1.558506e+01
9.080000e-06	1.392829e-02	1.561467e+01
9.090000e-06	2.074370e-02	1.565767e+01
9.100000e-06	2.248371e-02	1.565661e+01
9.110000e-06	1.554867e-02	1.567762e+01
9.120000e-06	1.698372e-02	1.566965e+01
9.130000e-06	2.332310e-02	1.571912e+01
9.140000e-06	2.813153e-02	1.567867e+01
9.150000e-06	2.125683e-02	1.563767e+01
9.160000e-06	2.258295e-02	1.563711e+01
9.170000e-06	3.055227e-02	1.564749e+01
9.180000e-06	3.253136e-02	1.559396e+01
9.190000e-06	2.927613e-02	1.560280e+01
9.200000e-06	2.746565e-02	1.555083e+01
9.210000e-06	3.494754e-02	1.546819e+01
9.220000e-06	3.946463e-02	1.544556e+01
9.230000e-06	3.718611e-02	1.538448e+01
9.240000e-06	3.499567e-02	1.532078e+01
9.250000e-06	4.278869e-02	1.525762e+01
9.260000e-06	4.944805e-02	1.513485e+01
9.270000e-06	4.877877e-02	1.509177e+01
9.280000e-06	4.793773e-02	1.499589e+01
9.290000e-06	5.217244e-02	1.494280e+01
9.300000e-06	6.058454e-02	1.482612e+01
9.310000e-06	5.797903e-02	1.477033e+01
9.320000e-06	5.781653e-02	1.463621e+01
9.330000e-06	5.942268e-02	1.455083e+01
9.340000e-06	6.605435e-02	1.439439e+01
9.350000e-06	6.286214e-02	1.428022e+01
9.360000e-06	5.818112e-02	1.415231e+01
9.370000e-06	5.869320e-02	1.401656e+01
9.380000e-06	5.888796e-02	1.387914e+01
9.390000e-06	5.584017e-02	1.373133e+01
9.400000e-06	4.685751e-02	1.357289e+01
9.410000e-06	4.577614e-02	1.339797e+01
9.420000e-06	4.663517e-02	1.329012e+01
9.430000e-06	4.397799e-02	1.314228e+01
9.440000e-06	3.746631e-02	1.296288e+01
9.450000e-06	3.582856e-02	1.275329e+01
9.460000e-06	3.682625e-02	1.257649e+01
9.470000e-06	3.376735e-02	1.244762e+01
9.480000e-06	2.811159e-02	1.230019e+01
9.490000e-06	2.261670e-02	1.208022e+01
9.500000e-06	2.450254e-02	1.189167e+01
9.510000e-06	2.313239e-02	1.170662e+01
9.520000e-06	1.925392e-02	1.145707e+01
9.530000e-06	1.710452e-02	1.125802e+01
9.540000e-06	1.946990e-02	1.103857e+01
9.550000e-06	1.929847e-02	1.083852e+01
9.560000e-06	1.436712e-02	1.063604e+01
9.570000e-06	1.058875e-02	1.039396e+01
9.580000e-06	1.086945e-02	1.011396e+01
9.590000e-06	1.195048e-02	9.951811e+00
9.600000e-06	9.106848e-03	9.719699e+00
9.610000e-06	5.870369e-03	9.489153e+00
9.620000e-06	7.489831e-03	9.278520e+00
9.630000e-06	8.777861e-03	9.037570e+00
9.640000e-06	6.711324e-03	8.783888e+00
9.650000e-06	3.247442e-03	8.542862e+00
9.660000e-06	3.345567e-03	8.292680e+00
9.670000e-06	5.153583e-03	8.027571e+00
9.680000e-06	3.418790e-03	7.775512e+00
9.690000e-06	1.154026e-03	7.502785e+00
9.700000e-06	1.750485e-03	7.227499e+00
9.710000e-06	3.498401e-03	7.015965e+00
9.720000e-06	2.303380e-03	6.742337e+00
9.730000e-06	-1.929090e-04	6.418597e+00
9.740000e-06	-1.238177e-03	6.177394e+00
9.750000e-06	1.814690e-04	5.904789e+00
9.760000e-06	3.569397e-04	5.660501e+00
9.770000e-06	-1.478735e-03	5.386938e+00
9.780000e-06	-1.752572e-03	5.018081e+00
9.790000e-06	7.727940e-04	4.733291e+00
9.800000e-06	1.383248e-04	4.481629e+00
9.810000e-06	-2.072403e-03	4.225993e+00
9.820000e-06	-3.925723e-03	3.902681e+00
9.830000e-06	-2.309507e-03	3.640574e+00
9.840000e-06	-2.058045e-03	3.373341e+00
9.850000e-06	-2.947095e-03	3.071629e+00
9.860000e-06	-4.219760e-03	2.808998e+00
9.870000e-06	-2.793772e-03	2.522230e+00
9.880000e-06	-1.122801e-03	2.227496e+00
9.890000e-06	-2.720181e-03	1.933892e+00
9.900000e-06	-4.380540e-03	1.618525e+00
9.910000e-06	-4.709811e-03	1.324237e+00
9.920000e-06	-3.015840e-03	9.674184e-01
9.930000e-06	-4.201752e-03	7.227077e-01
9.940000e-06	-4.432226e-03	4.090225e-01
9.950000e-06	-2.773213e-03	8.368417e-02
9.960000e-06	2.744004e-03	-1.684711e-01
9.970000e-06	8.393871e-03	-4.126503e-01
9.980000e-06	-4.629204e-03	-7.168121e-01
9.990000e-06	-1.298159e-03	-9.504736e-01
1.000000e-05	-4.656324e-03	-1.242610e+00
1.001000e-05	-5.147590e-05	-1.567923e+00
1.002000e-05	-1.333617e-03	-1.809056e+00
1.003000e-05	2.621495e-02	-2.012527e+00
1.004000e-05	9.510036e-02	-2.326867e+00
1.005000e-05	-3.922669e-02	-2.666836e+00
1.006000e-05	-5.300160e-02	-3.106786e+00
1.007000e-05	-4.458121e-02	-3.399549e+00
1.008000e-05	-1.214638e-02	-3.580499e+00
1.009000e-05	-6.488174e-02	-3.895154e+00
1.010000e-05	5.989425e-02	-4.063153e+00
1.011000e-05	3.480412e-02	-4.271707e+00
1.012000e-05	-8.786731e-02	-4.620017e+00
1.013000e-05	1.803122e-01	-4.800625e+00
1.014000e-05	-1.376443e-01	-5.155912e+00
1.015000e-05	4.114336e-02	-5.501636e+00
1.016000e-05	-3.875139e-02	-5.736837e+00
1.017000e-05	-5.305119e-02	-6.061228e+00
1.018000e-05	1.100560e-01	-6.273233e+00
1.019000e-05	-1.110247e-01	-6.599041e+00
1.020000e-05	9.405630e-02	-6.849702e+00
1.021000e-05	-3.852685e-02	-7.126832e+00
1.022000e-05	-1.773800e-02	-7.459546e+00
1.023000e-05	1.163339e-02	-7.671703e+00
1.024000e-05	-7.677348e-02	-7.969493e+00
1.025000e-05	9.227953e-02	-8.217469e+00
1.026000e-05	-7.655301e-02	-8.441682e+00
1.027000e-05	5.184361e-02	-8.741861e+00
1.028000e-05	-3.080511e-02	-8.957816e+00
1.029000e-05	-1.826901e-02	-9.218570e+00
1.030000e-05	2.188609e-02	-9.459599e+00
1.031000e-05	-5.783239e-02	-9.701753e+00
1.032000e-05	4.973523e-02	-9.882151e+00
1.033000e-05	-5.701449e-02	-1.013276e+01
1.034000e-05	5.217450e-02	-1.036439e+01
1.035000e-05	-5.348191e-02	-1.056645e+01
1.036000e-05	1.614196e-02	-1.075649e+01
1.037000e-05	-2.820928e-02	-1.097549e+01
1.038000e-05	-2.740415e-03	-1.119694e+01
1.039000e-05	-4.787508e-03	-1.140744e+01
1.040000e-05	-1.953881e-02	-1.163162e+01
1.041000e-05	1.128283e-02	-1.182960e+01
1.042000e-05	-2.518121e-02	-1.202962e+01
1.043000e-05	9.828011e-03	-1.225865e+01
1.044000e-05	-3.784082e-02	-1.245914e+01
1.045000e-05	9.733458e-03	-1.264802e+01
1.046000e-05	-2.651145e-02	-1.279593e+01
1.047000e-05	5.782498e-03	-1.296481e+01
1.048000e-05	-2.361171e-02	-1.311125e+01
1.049000e-05	1.651159e-04	-1.323112e+01
1.050000e-05	-1.488259e-02	-1.336807e+01
1.051000e-05	-9.462081e-03	-1.359499e+01
1.052000e-05	-1.666317e-02	-1.371223e+01
1.053000e-05	-1.696835e-02	-1.389978e+01
1.054000e-05	-8.104360e-03	-1.397956e+01
1.055000e-05	-1.647747e-02	-1.415291e+01
1.056000e-05	-8.365270e-03	-1.429917e+01
1.057000e-05	-1.859600e-02	-1.445657e+01
1.058000e-05	-7.304761e-03	-1.452328e+01
1.059000e-05	-1.906061e-02	-1.462710e+01
1.060000e-05	-1.349787e-02	-1.475433e+01
1.061000e-05	-2.086986e-02	-1.483757e+01
1.062000e-05	-1.167878e-02	-1.489336e+01
1.063000e-05	-1.709522e-02	-1.502662e+01
1.064000e-05	-1.521075e-02	-1.512177e+01
1.065000e-05	-2.124083e-02	-1.518496e+01
1.066000e-05	-1.615101e-02	-1.528909e+01
1.067000e-05	-1.908334e-02	-1.529276e+01
1.068000e-05	-1.760883e-02	-1.539388e+01
1.069000e-05	-2.173613e-02	-1.542610e+01
1.070000e-05	-1.914769e-02	-1.548125e+01
1.071000e-05	-1.874922e-02	-1.554436e+01
1.072000e-05	-2.346087e-02	-1.557388e+01
1.073000e-05	-2.336532e-02	-1.558547e+01
1.074000e-05	-2.544121e-02	-1.562654e+01
1.075000e-05	-2.124587e-02	-1.564810e+01
1.076000e-05	-2.528208e-02	-1.564210e+01
1.077000e-05	-2.559283e-02	-1.567065e+01
1.078000e-05	-2.795740e-02	-1.569065e+01
1.079000e-05	-2.701200e-02	-1.568977e+01
1.080000e-05	-2.913337e-02	-1.567059e+01
1.081000e-05	-3.232045e-02	-1.564080e+01
1.082000e-05	-3.368100e-02	-1.565659e+01
1.083000e-05	-3.324357e-02	-1.564654e+01
1.084000e-05	-3.495746e-02	-1.560544e+01
1.085000e-05	-3.824807e-02	-1.557336e+01
1.086000e-05	-3.984976e-02	-1.551140e+01
1.087000e-05	-3.958084e-02	-1.547977e+01
1.088000e-05	-4.186717e-02	-1.542549e+01
1.089000e-05	-4.467909e-02	-1.535536e+01
1.090000e-05	-4.816030e-02	-1.535078e+01
1.091000e-05	-4.950989e-02	-1.520702e+01
1.092000e-05	-5.163845e-02	-1.517338e+01
1.093000e-05	-5.544194e-02	-1.512920e+01
1.094000e-05	-5.879050e-02	-1.502601e+01
1.095000e-05	-6.105156e-02	-1.495183e+01
1.096000e-05	-6.247127e-02	-1.482549e+01
1.097000e-05	-6.577369e-02	-1.472226e+01
1.098000e-05	-6.746774e-02	-1.462752e+01
1.099000e-05	-6.916827e-02	-1.452080e+01
1.100000e-05	-6.779713e-02	-1.440496e+01
1.101000e-05	-6.795836e-02	-1.425717e+01
1.102000e-05	-6.751732e-02	-1.415386e+01
1.103000e-05	-6.620465e-02	-1.398386e+01
1.104000e-05	-6.244669e-02	-1.381855e+01
1.105000e-05	-6.154049e-02	-1.367121e+01
1.106000e-05	-5.874885e-02	-1.359388e+01
1.107000e-05	-5.605926e-02	-1.343694e+01
1.108000e-05	-5.183776e-02	-1.328965e+01
1.109000e-05	-4.806997e-02	-1.312173e+01
1.110000e-05	-4.705637e-02	-1.295276e+01
1.111000e-05	-4.406775e-02	-1.280496e+01
1.112000e-05	-4.107931e-02	-1.258652e+01
1.113000e-05	-3.875228e-02	-1.244705e+01
1.114000e-05	-3.742066e-02	-1.228070e+01
1.115000e-05	-3.573944e-02	-1.205766e+01
1.116000e-05	-3.235517e-02	-1.186957e+01
1.117000e-05	-2.913254e-02	-1.160907e+01
1.118000e-05	-2.879981e-02	-1.143799e+01
1.119000e-05	-2.707409e-02	-1.119601e+01
1.120000e-05	-2.532999e-02	-1.095534e+01
1.121000e-05	-2.297731e-02	-1.077397e+01
1.122000e-05	-2.284976e-02	-1.055549e+01
1.123000e-05	-2.220564e-02	-1.035441e+01
1.124000e-05	-2.064558e-02	-1.012278e+01
1.125000e-05	-1.869507e-02	-9.882207e+00
1.126000e-05	-1.632932e-02	-9.662205e+00
1.127000e-05	-1.738843e-02	-9.478645e+00
1.128000e-05	-1.665812e-02	-9.217493e+00
1.129000e-05	-1.505389e-02	-8.937470e+00
1.130000e-05	-1.355804e-02	-8.742311e+00
1.131000e-05	-1.430313e-02	-8.522135e+00
1.132000e-05	-1.405588e-02	-8.269179e+00
1.133000e-05	-1.334520e-02	-7.987400e+00
1.134000e-05	-1.103123e-02	-7.763285e+00
1.135000e-05	-1.255090e-02	-7.469100e+00
1.136000e-05	-1.160264e-02	-7.126970e+00
1.137000e-05	-1.162726e-02	-6.983262e+00
1.138000e-05	-8.821549e-03	-6.681083e+00
1.139000e-05	-1.008833e-02	-6.427526e+00
1.140000e-05	-9.219108e-03	-6.144791e+00
1.141000e-05	-1.100332e-02	-5.881153e+00
1.142000e-05	-7.726220e-03	-5.615994e+00
1.143000e-05	-8.547057e-03	-5.292685e+00
1.144000e-05	-8.679382e-03	-5.006419e+00
1.145000e-05	-8.817977e-03	-4.610178e+00
1.146000e-05	-6.503842e-03	-4.420073e+00
1.147000e-05	-6.847805e-03	-4.146346e+00
1.148000e-05	-7.673645e-03	-3.821237e+00
1.149000e-05	-8.285205e-03	-3.587944e+00
1.150000e-05	-7.682590e-03	-3.335813e+00
1.151000e-05	-5.807778e-03	-2.986502e+00
1.152000e-05	-6.515651e-03	-2.746817e+00
1.153000e-05	-5.848297e-03	-2.471130e+00
1.154000e-05	-5.729803e-03	-2.095320e+00
1.155000e-05	-4.896183e-03	-1.882737e+00
1.156000e-05	-6.771038e-03	-1.629474e+00
1.157000e-05	-6.244336e-03	-1.281634e+00
1.158000e-05	-6.297155e-03	-9.479709e-01
1.159000e-05	-3.732649e-03	-6.912341e-01
1.160000e-05	-4.197707e-03	-3.758722e-01
1.161000e-05	-3.005015e-03	-1.037395e-01
1.162000e-05	5.215139e-03	2.204927e-01
1.163000e-05	4.122625e-03	4.731553e-01
1.164000e-05	1.470729e-04	7.152869e-01
1.165000e-05	-1.492008e-03	1.012093e+00
1.166000e-05	-9.153538e-04	1.326287e+00
1.167000e-05	1.489343e-03	1.619123e+00
1.168000e-05	2.657553e-03	1.862661e+00
1.169000e-05	1.678798e-02	2.093283e+00
1.170000e-05	6.847773e-02	2.361945e+00
1.171000e-05	2.626508e-02	2.718336e+00
1.172000e-05	-6.369871e-02	3.082251e+00
1.173000e-05	-4.445602e-02	3.346886e+00
1.174000e-05	-1.251508e-02	3.631578e+00
1.175000e-05	-7.042310e-03	3.862726e+00
1.176000e-05	-5.709260e-02	4.062229e+00
1.177000e-05	3.661091e-02	4.356858e+00
1.178000e-05	4.698456e-02	4.650599e+00
1.179000e-05	-2.490704e-02	4.856208e+00
1.180000e-05	1.120200e-01	5.189521e+00
1.181000e-05	-1.053446e-01	5.503860e+00
1.182000e-05	2.418463e-02	5.748011e+00
1.183000e-05	1.017493e-02	6.051675e+00
1.184000e-05	-9.022929e-03	6.293384e+00
1.185000e-05	2.118097e-02	6.578995e+00
1.186000e-05	-5.013918e-02	6.903733e+00
1.187000e-05	7.621814e-02	7.163359e+00
1.188000e-05	-1.242615e-02	7.461144e+00
1.189000e-05	-8.795332e-03	7.712832e+00
1.190000e-05	-3.437291e-02	8.008013e+00
1.191000e-05	2.621196e-02	8.251625e+00
1.192000e-05	4.538942e-02	8.452228e+00
1.193000e-05	-3.745433e-02	8.713804e+00
1.194000e-05	1.046047e-02	8.947958e+00
1.195000e-05	2.647215e-03	9.188515e+00
1.196000e-05	2.093543e-02	9.419520e+00
1.197000e-05	-6.983156e-03	9.621652e+00
1.198000e-05	-1.312365e-02	9.913803e+00
1.199000e-05	1.568802e-02	1.012383e+01
1.200000e-05	1.914825e-02	1.034581e+01
1.201000e-05	1.521763e-02	1.055538e+01
1.202000e-05	-2.400010e-02	1.078701e+01
1.203000e-05	7.028894e-03	1.099904e+01
1.204000e-05	1.398841e-02	1.114754e+01
1.205000e-05	1.048801e-02	1.144954e+01
1.206000e-05	-8.862963e-03	1.165912e+01
1.207000e-05	4.589245e-03	1.186263e+01
1.208000e-05	2.180221e-02	1.204967e+01
1.209000e-05	1.171838e-02	1.225809e+01
1.210000e-05	-4.913652e-03	1.242857e+01
1.211000e-05	-4.406489e-03	1.257694e+01
1.212000e-05	1.658873e-02	1.276488e+01
1.213000e-05	1.345221e-02	1.293388e+01
1.214000e-05	2.118352e-03	1.307975e+01
1.215000e-05	-6.097390e-04	1.327172e+01
1.216000e-05	1.832165e-02	1.343654e+01
1.217000e-05	1.282859e-02	1.356491e+01
1.218000e-05	2.287076e-03	1.369272e+01
1.219000e-05	-3.636951e-03	1.388066e+01
1.220000e-05	1.484138e-02	1.403854e+01
1.221000e-05	1.640862e-02	1.417385e+01
1.222000e-05	7.671859e-03	1.429025e+01
1.223000e-05	2.248098e-03	1.442761e+01
1.224000e-05	1.288531e-02	1.457341e+01
1.225000e-05	1.696802e-02	1.468012e+01
1.226000e-05	6.055753e-03	1.475383e+01
1.227000e-05	4.895311e-03	1.486862e+01
1.228000e-05	1.141996e-02	1.492380e+01
1.229000e-05	2.025352e-02	1.499554e+01
1.230000e-05	1.114213e-02	1.508912e+01
1.231000e-05	7.760784e-03	1.520493e+01
1.232000e-05	1.002186e-02	1.525854e+01
1.233000e-05	1.873389e-02	1.529968e+01
1.234000e-05	1.302211e-02	1.540451e+01
1.235000e-05	9.041083e-03	1.541718e+01
1.236000e-05	1.423716e-02	1.549922e+01
1.237000e-05	1.945269e-02	1.552037e+01
1.238000e-05	1.942442e-02	1.559193e+01
1.239000e-05	1.108354e-02	1.559496e+01
1.240000e-05	1.729211e-02	1.562611e+01
1.241000e-05	2.095184e-02	1.565859e+01
1.242000e-05	2.201048e-02	1.567769e+01
1.243000e-05	1.566704e-02	1.569961e+01
1.244000e-05	1.985090e-02	1.568972e+01
1.245000e-05	2.506085e-02	1.568867e+01
1.246000e-05	2.484924e-02	1.564661e+01
1.247000e-05	2.247353e-02	1.566762e+01
1.248000e-05	2.296297e-02	1.564657e+01
1.249000e-05	3.155149e-02	1.563601e+01
1.250000e-05	3.260920e-02	1.558343e+01
1.251000e-05	3.043333e-02	1.557283e+01
1.252000e-05	3.006161e-02	1.554028e+01
1.253000e-05	3.629106e-02	1.547817e+01
1.254000e-05	4.007649e-02	1.542508e+01
1.255000e-05	3.623421e-02	1.538290e+01
1.256000e-05	3.833568e-02	1.531764e+01
1.257000e-05	4.336732e-02	1.521699e+01
1.258000e-05	4.916669e-02	1.516235e+01
1.259000e-05	4.914729e-02	1.507819e+01
1.260000e-05	5.067384e-02	1.495443e+01
1.261000e-05	5.528233e-02	1.488967e+01
1.262000e-05	6.046285e-02	1.477494e+01
1.263000e-05	6.025573e-02	1.469125e+01
1.264000e-05	5.915281e-02	1.459493e+01
1.265000e-05	6.117925e-02	1.447867e+01
1.266000e-05	6.390193e-02	1.433288e+01
1.267000e-05	6.154487e-02	1.425662e+01
1.268000e-05	5.839027e-02	1.409869e+01
1.269000e-05	5.632642e-02	1.395336e+01
1.270000e-05	5.716698e-02	1.381507e+01
1.271000e-05	5.370664e-02	1.366815e+01
1.272000e-05	4.852438e-02	1.350122e+01
1.273000e-05	4.488164e-02	1.338386e+01
1.274000e-05	4.578179e-02	1.318441e+01
1.275000e-05	4.178325e-02	1.308812e+01
1.276000e-05	3.796812e-02	1.289820e+01
1.277000e-05	3.292331e-02	1.270175e+01
1.278000e-05	3.388218e-02	1.253483e+01
1.279000e-05	3.217302e-02	1.237384e+01
1.280000e-05	2.776729e-02	1.223556e+01
1.281000e-05	2.304062e-02	1.197551e+01
1.282000e-05	2.340605e-02	1.180644e+01
1.283000e-05	2.382938e-02	1.157443e+01
1.284000e-05	2.041460e-02	1.138446e+01
1.285000e-05	1.720087e-02	1.116281e+01
1.286000e-05	1.610312e-02	1.094588e+01
1.287000e-05	1.619967e-02	1.077381e+01
1.288000e-05	1.370710e-02	1.055436e+01
1.289000e-05	1.003763e-02	1.033076e+01
1.290000e-05	1.028037e-02	1.008020e+01
1.291000e-05	1.190421e-02	9.837677e+00
1.292000e-05	1.133375e-02	9.597919e+00
1.293000e-05	6.638893e-03	9.375442e+00
1.294000e-05	6.504816e-03	9.195285e+00
1.295000e-05	6.848108e-03	8.941330e+00
1.296000e-05	7.070846e-03	8.680225e+00
1.297000e-05	3.381001e-03	8.458623e+00
1.298000e-05	2.252242e-03	8.226569e+00
1.299000e-05	4.087403e-03	7.922786e+00
1.300000e-05	4.337058e-03	7.719208e+00
1.301000e-05	1.997048e-03	7.405493e+00
1.302000e-05	4.938505e-04	7.154810e+00
1.303000e-05	2.464447e-03	6.871202e+00
1.304000e-05	2.740896e-03	6.638097e+00
1.305000e-05	1.706404e-03	6.333363e+00
1.306000e-05	-9.721907e-04	6.102182e+00
1.307000e-05	-4.749700e-04	5.879175e+00
1.308000e-05	-3.617215e-04	5.554464e+00
1.309000e-05	-1.086966e-03	5.239553e+00
1.310000e-05	-1.876496e-03	4.922279e+00
1.311000e-05	-7.976465e-04	4.598996e+00
1.312000e-05	2.926070e-04	4.364465e+00
1.313000e-05	-5.210396e-04	4.073078e+00
1.314000e-05	-2.548390e-03	3.764797e+00
1.315000e-05	-3.256316e-03	3.513713e+00
1.316000e-05	-3.170220e-03	3.218950e+00
1.317000e-05	-2.586088e-03	2.934788e+00
1.318000e-05	-4.206591e-03	2.670761e+00
1.319000e-05	-3.043419e-03	2.366767e+00
1.320000e-05	-2.385832e-03	2.094657e+00
1.321000e-05	-1.992720e-03	1.799449e+00
1.322000e-05	-3.051956e-03	1.513757e+00
1.323000e-05	-5.087196e-03	1.198048e+00
1.324000e-05	-3.249672e-03	8.726013e-01
1.325000e-05	-3.402337e-03	5.884471e-01
1.326000e-05	-3.016023e-03	2.946844e-01
1.327000e-05	-3.216201e-03	-3.197500e-02
1.328000e-05	5.638458e-03	-2.842644e-01
1.329000e-05	1.933520e-03	-5.372696e-01
1.330000e-05	-4.954496e-04	-8.609503e-01
1.331000e-05	-4.228201e-03	-1.076261e+00
1.332000e-05	-1.585583e-03	-1.390925e+00
1.333000e-05	-2.704239e-03	-1.672108e+00
1.334000e-05	8.625496e-03	-1.863761e+00
1.335000e-05	5.307884e-02	-2.126289e+00
1.336000e-05	6.829124e-02	-2.453154e+00
1.337000e-05	-7.644294e-02	-2.851127e+00
1.338000e-05	-3.511199e-02	-3.232104e+00
1.339000e-05	-4.000057e-02	-3.504234e+00
1.340000e-05	-1.550363e-02	-3.714241e+00
1.341000e-05	-6.173471e-02	-3.987923e+00
1.342000e-05	1.270832e-01	-4.106336e+00
1.343000e-05	-8.863278e-02	-4.360499e+00
1.344000e-05	5.161520e-02	-4.714337e+00
1.345000e-05	7.852168e-02	-4.926187e+00
1.346000e-05	-1.398221e-01	-5.325387e+00
1.347000e-05	9.689882e-02	-5.569421e+00
1.348000e-05	-1.332321e-01	-5.853229e+00
1.349000e-05	7.298833e-02	-6.145989e+00
1.350000e-05	3.919656e-03	-6.377593e+00
1.351000e-05	-5.472869e-02	-6.683233e+00
1.352000e-05	9.858620e-02	-6.863937e+00
1.353000e-05	-9.343936e-02	-7.261155e+00
1.354000e-05	4.941493e-02	-7.483858e+00
1.355000e-05	-6.575371e-02	-7.758443e+00
1.356000e-05	8.455623e-03	-8.104755e+00
1.357000e-05	3.927600e-02	-8.293204e+00
1.358000e-05	-6.706368e-02	-8.568839e+00
1.359000e-05	7.480730e-02	-8.799594e+00
1.360000e-05	-8.385904e-02	-9.031129e+00
1.361000e-05	4.678479e-02	-9.262178e+00
1.362000e-05	-4.895681e-02	-9.554236e+00
1.363000e-05	9.056061e-03	-9.766890e+00
1.364000e-05	6.900024e-04	-9.956388e+00
1.365000e-05	-2.002769e-02	-1.021007e+01
1.366000e-05	2.859322e-02	-1.042813e+01
1.367000e-05	-5.419032e-02	-1.063065e+01
1.368000e-05	2.978375e-02	-1.086010e+01
1.369000e-05	-5.121854e-02	-1.105120e+01
1.370000e-05	2.590233e-02	-1.130170e+01
1.371000e-05	-3.675732e-02	-1.153223e+01
1.372000e-05	1.586206e-02	-1.174488e+01
1.373000e-05	-1.876033e-02	-1.192281e+01
1.374000e-05	5.260667e-04	-1.215389e+01
1.375000e-05	-1.635435e-02	-1.232381e+01
1.376000e-05	-1.783779e-02	-1.251028e+01
1.377000e-05	-2.602409e-03	-1.266023e+01
1.378000e-05	-2.089689e-02	-1.285860e+01
1.379000e-05	1.351163e-03	-1.301804e+01
1.380000e-05	-2.302914e-02	-1.319449e+01
1.381000e-05	6.169310e-03	-1.330333e+01
1.382000e-05	-2.390508e-02	-1.352013e+01
1.383000e-05	-2.848629e-03	-1.366009e+01
1.384000e-05	-2.543320e-02	-1.377491e+01
1.385000e-05	-4.683593e-03	-1.396331e+01
1.386000e-05	-1.678800e-02	-1.404975e+01
1.387000e-05	-9.672170e-03	-1.424863e+01
1.388000e-05	-1.641463e-02	-1.436128e+01
1.389000e-05	-1.203098e-02	-1.445920e+01
1.390000e-05	-1.391029e-02	-1.457551e+01
1.391000e-05	-1.735019e-02	-1.472870e+01
1.392000e-05	-1.456393e-02	-1.478399e+01
1.393000e-05	-1.728272e-02	-1.486068e+01
1.394000e-05	-1.137545e-02	-1.495441e+01
1.395000e-05	-1.874064e-02	-1.506924e+01
1.396000e-05	-1.665952e-02	-1.519281e+01
1.397000e-05	-2.026163e-02	-1.524599e+01
1.398000e-05	-1.586982e-02	-1.529022e+01
1.399000e-05	-2.214615e-02	-1.533131e+01
1.400000e-05	-1.846440e-02	-1.539597e+01
1.401000e-05	-2.182566e-02	-1.543162e+01
1.402000e-05	-1.664299e-02	-1.546283e+01
1.403000e-05	-2.263961e-02	-1.557188e+01
1.404000e-05	-2.219907e-02	-1.558544e+01
1.405000e-05	-2.335278e-02	-1.561649e+01
1.406000e-05	-2.235279e-02	-1.564867e+01
1.407000e-05	-2.525109e-02	-1.567947e+01
1.408000e-05	-2.613081e-02	-1.565110e+01
1.409000e-05	-2.690023e-02	-1.567023e+01
1.410000e-05	-2.678337e-02	-1.568017e+01
1.411000e-05	-2.954111e-02	-1.569867e+01
1.412000e-05	-3.167417e-02	-1.566068e+01
1.413000e-05	-2.971997e-02	-1.564765e+01
1.414000e-05	-3.202476e-02	-1.562799e+01
1.415000e-05	-3.405661e-02	-1.562652e+01
1.416000e-05	-3.860772e-02	-1.557384e+01
1.417000e-05	-3.878305e-02	-1.557185e+01
1.418000e-05	-4.087383e-02	-1.548175e+01
1.419000e-05	-4.358130e-02	-1.547812e+01
1.420000e-05	-4.407219e-02	-1.541449e+01
1.421000e-05	-4.350969e-02	-1.532086e+01
1.422000e-05	-4.514931e-02	-1.527770e+01
1.423000e-05	-4.994209e-02	-1.520704e+01
1.424000e-05	-5.591171e-02	-1.514180e+01
1.425000e-05	-5.729846e-02	-1.506714e+01
1.426000e-05	-5.927196e-02	-1.494488e+01
1.427000e-05	-6.216388e-02	-1.487050e+01
1.428000e-05	-6.552449e-02	-1.478394e+01
1.429000e-05	-6.611304e-02	-1.468018e+01
1.430000e-05	-6.553166e-02	-1.456589e+01
1.431000e-05	-6.854710e-02	-1.449610e+01
1.432000e-05	-6.951903e-02	-1.435336e+01
1.433000e-05	-6.874058e-02	-1.424559e+01
1.434000e-05	-6.540540e-02	-1.409823e+01
1.435000e-05	-6.361036e-02	-1.394180e+01
1.436000e-05	-6.309352e-02	-1.377597e+01
1.437000e-05	-6.199279e-02	-1.366807e+01
1.438000e-05	-5.649040e-02	-1.350083e+01
1.439000e-05	-5.295794e-02	-1.336494e+01
1.440000e-05	-5.152434e-02	-1.319447e+01
1.441000e-05	-4.951294e-02	-1.302917e+01
1.442000e-05	-4.464813e-02	-1.289968e+01
1.443000e-05	-4.104954e-02	-1.273275e+01
1.444000e-05	-4.060054e-02	-1.251186e+01
1.445000e-05	-3.934601e-02	-1.237291e+01
1.446000e-05	-3.651289e-02	-1.219549e+01
1.447000e-05	-3.106558e-02	-1.202451e+01
1.448000e-05	-3.205014e-02	-1.178241e+01
1.449000e-05	-3.019054e-02	-1.157331e+01
1.450000e-05	-2.909143e-02	-1.132178e+01
1.451000e-05	-2.462375e-02	-1.108926e+01
1.452000e-05	-2.423279e-02	-1.091068e+01
1.453000e-05	-2.385933e-02	-1.071125e+01
1.454000e-05	-2.266286e-02	-1.050171e+01
1.455000e-05	-1.884342e-02	-1.030077e+01
1.456000e-05	-1.889437e-02	-9.998022e+00
1.457000e-05	-1.945591e-02	-9.807048e+00
1.458000e-05	-1.882444e-02	-9.617945e+00
1.459000e-05	-1.651348e-02	-9.363966e+00
1.460000e-05	-1.485652e-02	-9.103283e+00
1.461000e-05	-1.624875e-02	-8.853280e+00
1.462000e-05	-1.563729e-02	-8.659628e+00
1.463000e-05	-1.281279e-02	-8.394441e+00
1.464000e-05	-1.102836e-02	-8.145918e+00
1.465000e-05	-1.267447e-02	-7.932138e+00
1.466000e-05	-1.362125e-02	-7.587000e+00
1.467000e-05	-1.131436e-02	-7.353837e+00
1.468000e-05	-9.505863e-03	-7.071183e+00
1.469000e-05	-1.095550e-02	-6.798528e+00
1.470000e-05	-1.147115e-02	-6.575918e+00
1.471000e-05	-1.029944e-02	-6.323738e+00
1.472000e-05	-7.828659e-03	-5.998527e+00
1.473000e-05	-9.333710e-03	-5.754892e+00
1.474000e-05	-8.629705e-03	-5.461011e+00
1.475000e-05	-9.079765e-03	-5.185470e+00
1.476000e-05	-6.970521e-03	-4.899184e+00
1.477000e-05	-7.694484e-03	-4.535791e+00
1.478000e-05	-6.795189e-03	-4.354312e+00
1.479000e-05	-9.276325e-03	-4.109562e+00
1.480000e-05	-5.851169e-03	-3.795795e+00
1.481000e-05	-8.920259e-03	-3.513261e+00
1.482000e-05	-8.046319e-03	-3.231527e+00
1.483000e-05	-8.006442e-03	-2.932733e+00
1.484000e-05	-4.705229e-03	-2.621555e+00
1.485000e-05	-4.947800e-03	-2.336921e+00
1.486000e-05	-5.235535e-03	-2.031130e+00
1.487000e-05	-5.921370e-03	-1.756920e+00
1.488000e-05	-4.969286e-03	-1.511263e+00
1.489000e-05	-6.390743e-03	-1.126798e+00
1.490000e-05	-6.544020e-03	-8.526104e-01
1.491000e-05	-5.652287e-03	-5.253171e-01
1.492000e-05	-3.594158e-03	-2.821392e-01
1.493000e-05	4.514445e-04	9.522363e-03
1.494000e-05	8.281937e-03	2.868633e-01
1.495000e-05	-1.551453e-03	5.599897e-01
1.496000e-05	2.663323e-03	7.905000e-01
1.497000e-05	-2.071348e-03	1.125888e+00
1.498000e-05	1.459077e-03	1.378095e+00
1.499000e-05	-2.470413e-03	1.707366e+00
1.500000e-05	8.412940e-03	1.948893e+00
1.501000e-05	3.037863e-02	2.211471e+00
1.502000e-05	8.162661e-02	2.464308e+00
1.503000e-05	-3.204809e-02	2.884130e+00
1.504000e-05	-5.502910e-02	3.138916e+00
1.505000e-05	-3.889813e-02	3.432604e+00
1.506000e-05	6.128016e-03	3.714711e+00
1.507000e-05	-3.442870e-02	3.936336e+00
1.508000e-05	-4.173277e-02	4.168412e+00
1.509000e-05	8.830225e-02	4.470649e+00
1.510000e-05	-2.590232e-02	4.777913e+00
1.511000e-05	6.143227e-02	5.018042e+00
1.512000e-05	2.320416e-02	5.328008e+00
1.513000e-05	-8.370386e-02	5.590097e+00
1.514000e-05	5.581079e-02	5.882753e+00
1.515000e-05	-2.557941e-02	6.186441e+00
1.516000e-05	2.468217e-02	6.410017e+00
1.517000e-05	-2.297046e-02	6.724407e+00
1.518000e-05	-1.184040e-03	6.977517e+00
1.519000e-05	6.195013e-02	7.240622e+00
1.520000e-05	-3.468704e-02	7.526332e+00
1.521000e-05	-4.954590e-03	7.779040e+00
1.522000e-05	-2.964267e-02	8.083208e+00
1.523000e-05	5.829041e-02	8.325287e+00
1.524000e-05	6.052028e-03	8.567462e+00
1.525000e-05	-3.140664e-02	8.798991e+00
1.526000e-05	2.588812e-02	9.052095e+00
1.527000e-05	-4.517775e-03	9.291625e+00
1.528000e-05	2.722375e-02	9.482279e+00
1.529000e-05	-3.181027e-02	9.795384e+00
1.530000e-05	1.194218e-02	9.988964e+00
1.531000e-05	1.183498e-02	1.024054e+01
1.532000e-05	2.400779e-02	1.043014e+01
1.533000e-05	-3.712779e-03	1.066010e+01
1.534000e-05	-2.016216e-02	1.089172e+01
1.535000e-05	2.385165e-02	1.107020e+01
1.536000e-05	4.717429e-03	1.124125e+01
1.537000e-05	9.325023e-03	1.146980e+01
1.538000e-05	-1.710838e-02	1.173273e+01
1.539000e-05	2.428171e-02	1.192285e+01
1.540000e-05	1.194736e-02	1.210330e+01
1.541000e-05	7.696816e-03	1.231428e+01
1.542000e-05	-1.240227e-02	1.249330e+01
1.543000e-05	7.158457e-03	1.263865e+01
1.544000e-05	2.017522e-02	1.284712e+01
1.545000e-05	4.415890e-03	1.299704e+01
1.546000e-05	1.936305e-03	1.318588e+01
1.547000e-05	4.508737e-03	1.333443e+01
1.548000e-05	2.339557e-02	1.347920e+01
1.549000e-05	3.356452e-03	1.361752e+01
1.550000e-05	5.211486e-04	1.377346e+01
1.551000e-05	8.820579e-05	1.395133e+01
1.552000e-05	1.943268e-02	1.406875e+01
1.553000e-05	1.114244e-02	1.419799e+01
1.554000e-05	3.680867e-03	1.435288e+01
1.555000e-05	8.393475e-03	1.454972e+01
1.556000e-05	1.655039e-02	1.461694e+01
1.557000e-05	1.433571e-02	1.467022e+01
1.558000e-05	1.562313e-03	1.475651e+01
1.559000e-05	7.968414e-03	1.486010e+01
1.560000e-05	1.498114e-02	1.492583e+01
1.561000e-05	1.684288e-02	1.503811e+01
1.562000e-05	7.258354e-03	1.510377e+01
1.563000e-05	8.763236e-03	1.522751e+01
1.564000e-05	1.736819e-02	1.527867e+01
1.565000e-05	1.659632e-02	1.536231e+01
1.566000e-05	1.047515e-02	1.539496e+01
1.567000e-05	9.133370e-03	1.546814e+01
1.568000e-05	1.979205e-02	1.556027e+01
1.569000e-05	1.977016e-02	1.554236e+01
1.570000e-05	1.426880e-02	1.560446e+01
1.571000e-05	1.171588e-02	1.561399e+01
1.572000e-05	1.932062e-02	1.565709e+01
1.573000e-05	2.362009e-02	1.563814e+01
1.574000e-05	1.843752e-02	1.566909e+01
1.575000e-05	1.746725e-02	1.565970e+01
1.576000e-05	2.185452e-02	1.571017e+01
1.577000e-05	2.765230e-02	1.566815e+01
1.578000e-05	2.284309e-02	1.564817e+01
1.579000e-05	2.152936e-02	1.565714e+01
1.580000e-05	2.656632e-02	1.565658e+01
1.581000e-05	3.302366e-02	1.562646e+01
1.582000e-05	3.169186e-02	1.560341e+01
1.583000e-05	2.778802e-02	1.557020e+01
1.584000e-05	3.378258e-02	1.547872e+01
1.585000e-05	3.894989e-02	1.544654e+01
1.586000e-05	3.961089e-02	1.541298e+01
1.587000e-05	3.519279e-02	1.530232e+01
1.588000e-05	4.130391e-02	1.523917e+01
1.589000e-05	4.772606e-02	1.519396e+01
1.590000e-05	4.897883e-02	1.511929e+01
1.591000e-05	4.622003e-02	1.499899e+01
1.592000e-05	5.113944e-02	1.492280e+01
1.593000e-05	5.878981e-02	1.484809e+01
1.594000e-05	6.016230e-02	1.472086e+01
1.595000e-05	5.828387e-02	1.461670e+01
1.596000e-05	5.902992e-02	1.455283e+01
1.597000e-05	6.396913e-02	1.441654e+01
1.598000e-05	6.415973e-02	1.428125e+01
1.599000e-05	5.850306e-02	1.418486e+01
1.600000e-05	5.751680e-02	1.407804e+01
1.601000e-05	5.646900e-02	1.391025e+01
1.602000e-05	5.730918e-02	1.374443e+01
1.603000e-05	4.979730e-02	1.361606e+01
1.604000e-05	4.705474e-02	1.344869e+01
1.605000e-05	4.536733e-02	1.331928e+01
1.606000e-05	4.591628e-02	1.314078e+01
1.607000e-05	4.015747e-02	1.301446e+01
1.608000e-05	3.497078e-02	1.286641e+01
1.609000e-05	3.388009e-02	1.261059e+01
1.610000e-05	3.337998e-02	1.248020e+01
1.611000e-05	2.953211e-02	1.231123e+01
1.612000e-05	2.347156e-02	1.212291e+01
1.613000e-05	2.397020e-02	1.194123e+01
1.614000e-05	2.458063e-02	1.170318e+01
1.615000e-05	2.239288e-02	1.153127e+01
1.616000e-05	1.659337e-02	1.128165e+01
1.617000e-05	1.795396e-02	1.109010e+01
1.618000e-05	1.777538e-02	1.089014e+01
1.619000e-05	1.641608e-02	1.065917e+01
1.620000e-05	1.111251e-02	1.044855e+01
1.621000e-05	1.062372e-02	1.024807e+01
1.622000e-05	1.121581e-02	1.000594e+01
1.623000e-05	1.140578e-02	9.743485e+00
1.624000e-05	7.425437e-03	9.532284e+00
1.625000e-05	6.764297e-03	9.314228e+00
1.626000e-05	8.120556e-03	9.080150e+00
1.627000e-05	7.568155e-03	8.818622e+00
1.628000e-05	4.590949e-03	8.605970e+00
1.629000e-05	3.001770e-03	8.365888e+00
1.630000e-05	3.649479e-03	8.142704e+00
1.631000e-05	4.193884e-03	7.789000e+00
1.632000e-05	2.862177e-03	7.578038e+00
1.633000e-05	1.893914e-03	7.291651e+00
1.634000e-05	1.751960e-03	7.039099e+00
1.635000e-05	2.639216e-03	6.787468e+00
1.636000e-05	1.010102e-03	6.500726e+00
1.637000e-05	-8.765444e-04	6.260529e+00
1.638000e-05	7.815468e-04	6.008495e+00
1.639000e-05	1.663952e-03	5.722830e+00
1.640000e-05	-4.668150e-04	5.438550e+00
1.641000e-05	-3.146428e-03	5.102238e+00
1.642000e-05	-1.172515e-03	4.808020e+00
1.643000e-05	2.670954e-04	4.525234e+00
1.644000e-05	-1.082161e-03	4.252048e+00
1.645000e-05	-2.960218e-03	3.975866e+00
1.646000e-05	-2.032047e-03	3.653180e+00
1.647000e-05	-1.333932e-03	3.418470e+00
1.648000e-05	-1.284850e-03	3.114333e+00
1.649000e-05	-4.515986e-03	2.820556e+00
1.650000e-05	-3.854455e-03	2.564309e+00
1.651000e-05	-2.780751e-03	2.261079e+00
1.652000e-05	-2.738427e-03	1.998500e+00
1.653000e-05	-4.252644e-03	1.694133e+00
1.654000e-05	-4.333160e-03	1.389943e+00
1.655000e-05	-3.126199e-03	1.083593e+00
1.656000e-05	-2.412125e-03	7.584919e-01
1.657000e-05	-3.946530e-03	4.631616e-01
1.658000e-05	-4.462991e-03	1.964710e-01
1.659000e-05	-5.771311e-04	-8.628940e-02
1.660000e-05	8.161994e-03	-3.384224e-01
1.661000e-05	-4.698114e-03	-6.140619e-01
1.662000e-05	-8.370096e-04	-9.273145e-01
1.663000e-05	-5.971461e-03	-1.169422e+00
1.664000e-05	1.546722e-03	-1.516187e+00
1.665000e-05	-2.486316e-03	-1.708820e+00
1.666000e-05	1.765950e-02	-1.968447e+00
1.667000e-05	8.600221e-02	-2.202628e+00
1.668000e-05	1.968687e-03	-2.611021e+00
1.669000e-05	-6.864728e-02	-3.012074e+00
1.670000e-05	-4.080165e-02	-3.317891e+00
1.671000e-05	-2.235680e-02	-3.538867e+00
1.672000e-05	-4.679477e-02	-3.770026e+00
1.673000e-05	3.772229e-03	-4.033103e+00
1.674000e-05	9.898153e-02	-4.199524e+00
1.675000e-05	-1.306753e-01	-4.506737e+00
1.676000e-05	1.677672e-01	-4.798469e+00
1.677000e-05	-7.136141e-02	-5.052653e+00
1.678000e-05	-3.158443e-02	-5.460625e+00
1.679000e-05	3.354760e-02	-5.682232e+00
1.680000e-05	-1.181548e-01	-5.978094e+00
1.681000e-05	1.335237e-01	-6.251019e+00
1.682000e-05	-9.372633e-02	-6.484307e+00
1.683000e-05	4.793022e-02	-6.789967e+00
1.684000e-05	1.958842e-02	-7.053128e+00
1.685000e-05	-6.162618e-02	-7.357442e+00
1.686000e-05	5.070413e-02	-7.588541e+00
1.687000e-05	-9.843842e-02	-7.945382e+00
1.688000e-05	8.120305e-02	-8.176890e+00
1.689000e-05	-4.555653e-02	-8.397399e+00
1.690000e-05	7.966125e-03	-8.674048e+00
1.691000e-05	1.947641e-02	-8.893760e+00
1.692000e-05	-6.263479e-02	-9.125461e+00
1.693000e-05	5.384303e-02	-9.347957e+00
1.694000e-05	-7.620261e-02	-9.629020e+00
1.695000e-05	5.476142e-02	-9.809095e+00
1.696000e-05	-5.113883e-02	-1.005062e+01
1.697000e-05	3.576989e-02	-1.030326e+01
1.698000e-05	-2.636363e-02	-1.052233e+01
1.699000e-05	-1.073022e-02	-1.073531e+01
1.700000e-05	-7.302444e-04	-1.092391e+01
1.701000e-05	-2.926546e-02	-1.114596e+01
1.702000e-05	1.630541e-02	-1.136594e+01
1.703000e-05	-3.681348e-02	-1.157547e+01
1.704000e-05	2.392559e-02	-1.178849e+01
1.705000e-05	-3.287258e-02	-1.204807e+01
1.706000e-05	1.626073e-02	-1.218601e+01
1.707000e-05	-3.655757e-02	-1.235602e+01
1.708000e-05	5.235637e-03	-1.257496e+01
1.709000e-05	-2.110947e-02	-1.277178e+01
1.710000e-05	-2.221430e-03	-1.293284e+01
1.711000e-05	-1.567280e-02	-1.304960e+01
1.712000e-05	-9.740753e-03	-1.320910e+01
1.713000e-05	-5.546516e-03	-1.341603e+01
1.714000e-05	-1.739485e-02	-1.358196e+01
1.715000e-05	-8.202870e-03	-1.370173e+01
1.716000e-05	-2.324061e-02	-1.386057e+01
1.717000e-05	-2.423481e-03	-1.395489e+01
1.718000e-05	-1.896106e-02	-1.413135e+01
1.719000e-05	-6.352643e-03	-1.427817e+01
1.720000e-05	-2.039984e-02	-1.438452e+01
1.721000e-05	-6.745565e-03	-1.450180e+01
1.722000e-05	-1.922925e-02	-1.462654e+01
1.723000e-05	-1.534922e-02	-1.472136e+01
1.724000e-05	-1.806664e-02	-1.481749e+01
1.725000e-05	-1.241483e-02	-1.490218e+01
1.726000e-05	-1.530327e-02	-1.500606e+01
1.727000e-05	-1.601895e-02	-1.508975e+01
1.728000e-05	-1.945819e-02	-1.517343e+01
1.729000e-05	-1.709755e-02	-1.526904e+01
1.730000e-05	-1.829540e-02	-1.533083e+01
1.731000e-05	-2.009870e-02	-1.536389e+01
1.732000e-05	-2.159702e-02	-1.539611e+01
1.733000e-05	-1.987150e-02	-1.545960e+01
1.734000e-05	-1.747746e-02	-1.548186e+01
1.735000e-05	-2.436532e-02	-1.557441e+01
1.736000e-05	-2.285212e-02	-1.561684e+01
1.737000e-05	-2.411112e-02	-1.562699e+01
1.738000e-05	-2.095107e-02	-1.564857e+01
1.739000e-05	-2.595497e-02	-1.565965e+01
1.740000e-05	-2.665539e-02	-1.566102e+01
1.741000e-05	-2.646141e-02	-1.570123e+01
1.742000e-05	-2.742899e-02	-1.570820e+01
1.743000e-05	-3.021118e-02	-1.566830e+01
1.744000e-05	-3.185609e-02	-1.568020e+01
1.745000e-05	-3.309825e-02	-1.565957e+01
1.746000e-05	-3.308304e-02	-1.565757e+01
1.747000e-05	-3.402897e-02	-1.558646e+01
1.748000e-05	-3.918634e-02	-1.556591e+01
1.749000e-05	-3.866318e-02	-1.551230e+01
1.750000e-05	-4.065282e-02	-1.549170e+01
1.751000e-05	-3.926244e-02	-1.545709e+01
1.752000e-05	-4.457625e-02	-1.539381e+01
1.753000e-05	-4.539947e-02	-1.533075e+01
1.754000e-05	-5.094386e-02	-1.526905e+01
1.755000e-05	-5.149361e-02	-1.513491e+01
1.756000e-05	-5.627395e-02	-1.509922e+01
1.757000e-05	-5.736598e-02	-1.503554e+01
1.758000e-05	-6.030440e-02	-1.492385e+01
1.759000e-05	-6.052187e-02	-1.482654e+01
1.760000e-05	-6.273190e-02	-1.475383e+01
1.761000e-05	-6.675759e-02	-1.463764e+01
1.762000e-05	-6.866162e-02	-1.454283e+01
1.763000e-05	-7.179992e-02	-1.442457e+01
1.764000e-05	-6.866336e-02	-1.434280e+01
1.765000e-05	-6.917977e-02	-1.417286e+01
1.766000e-05	-6.476285e-02	-1.400900e+01
1.767000e-05	-6.168375e-02	-1.389113e+01
1.768000e-05	-5.838303e-02	-1.374239e+01
1.769000e-05	-5.859600e-02	-1.360601e+01
1.770000e-05	-5.667905e-02	-1.344007e+01
1.771000e-05	-5.554988e-02	-1.328078e+01
1.772000e-05	-5.152152e-02	-1.314181e+01
1.773000e-05	-4.723293e-02	-1.299549e+01
1.774000e-05	-4.445482e-02	-1.283652e+01
1.775000e-05	-4.021308e-02	-1.267865e+01
1.776000e-05	-3.913794e-02	-1.247963e+01
1.777000e-05	-3.589469e-02	-1.231015e+01
1.778000e-05	-3.498758e-02	-1.211971e+01
1.779000e-05	-3.282883e-02	-1.191288e+01
1.780000e-05	-3.158183e-02	-1.164973e+01
1.781000e-05	-2.865171e-02	-1.147815e+01
1.782000e-05	-2.742830e-02	-1.127900e+01
1.783000e-05	-2.540492e-02	-1.100809e+01
1.784000e-05	-2.475475e-02	-1.083752e+01
1.785000e-05	-2.339578e-02	-1.057960e+01
1.786000e-05	-2.024658e-02	-1.042707e+01
1.787000e-05	-1.942500e-02	-1.018581e+01
1.788000e-05	-1.935044e-02	-9.942209e+00
1.789000e-05	-1.914408e-02	-9.765333e+00
1.790000e-05	-1.670036e-02	-9.532257e+00
1.791000e-05	-1.658670e-02	-9.279104e+00
1.792000e-05	-1.612155e-02	-8.987549e+00
1.793000e-05	-1.581581e-02	-8.786549e+00
1.794000e-05	-1.299772e-02	-8.554845e+00
1.795000e-05	-1.340175e-02	-8.304233e+00
1.796000e-05	-1.348426e-02	-8.082206e+00
1.797000e-05	-1.296453e-02	-7.836572e+00
1.798000e-05	-1.229873e-02	-7.502760e+00
1.799000e-05	-1.121617e-02	-7.250555e+00
1.800000e-05	-1.109624e-02	-6.976420e+00
1.801000e-05	-1.046153e-02	-6.712861e+00
1.802000e-05	-1.050350e-02	-6.421679e+00
1.803000e-05	-8.580781e-03	-6.217521e+00
1.804000e-05	-1.074628e-02	-5.903837e+00
1.805000e-05	-1.011456e-02	-5.672150e+00
1.806000e-05	-8.856616e-03	-5.386893e+00
1.807000e-05	-8.609441e-03	-5.051657e+00
1.808000e-05	-7.914031e-03	-4.763282e+00
1.809000e-05	-8.044774e-03	-4.452131e+00
1.810000e-05	-7.357343e-03	-4.269904e+00
1.811000e-05	-7.096228e-03	-3.987392e+00
1.812000e-05	-7.634903e-03	-3.669655e+00
1.813000e-05	-9.993388e-03	-3.398449e+00
1.814000e-05	-6.893157e-03	-3.122241e+00
1.815000e-05	-7.174558e-03	-2.777474e+00
1.816000e-05	-4.344138e-03	-2.535834e+00
1.817000e-05	-6.626090e-03	-2.260555e+00
1.818000e-05	-4.734773e-03	-1.934268e+00
1.819000e-05	-5.067769e-03	-1.692184e+00
1.820000e-05	-5.854962e-03	-1.334446e+00
1.821000e-05	-6.926026e-03	-1.030029e+00
1.822000e-05	-5.766017e-03	-7.888672e-01
1.823000e-05	-5.458306e-03	-4.110314e-01
1.824000e-05	-3.407843e-03	-1.778960e-01
1.825000e-05	2.670491e-03	9.426434e-02
1.826000e-05	6.176621e-03	4.010726e-01
1.827000e-05	-6.229801e-04	6.616554e-01
1.828000e-05	1.781820e-03	9.062357e-01
1.829000e-05	-1.666843e-03	1.222129e+00
1.830000e-05	1.164525e-03	1.515238e+00
1.831000e-05	-6.290882e-04	1.813024e+00
1.832000e-05	1.338024e-02	2.062154e+00
1.833000e-05	5.329358e-02	2.286283e+00
1.834000e-05	5.760497e-02	2.663198e+00
1.835000e-05	-6.174535e-02	2.958470e+00
1.836000e-05	-4.550964e-02	3.273604e+00
1.837000e-05	-2.535047e-02	3.547541e+00
1.838000e-05	5.252871e-03	3.820122e+00
1.839000e-05	-5.451060e-02	3.988021e+00
1.840000e-05	3.284354e-03	4.223648e+00
1.841000e-05	8.187453e-02	4.548361e+00
1.842000e-05	-5.256390e-02	4.861078e+00
1.843000e-05	1.203854e-01	5.096781e+00
1.844000e-05	-7.514266e-02	5.480777e+00
1.845000e-05	-1.439496e-02	5.684384e+00
1.846000e-05	3.642050e-02	6.010091e+00
1.847000e-05	-2.740717e-02	6.251602e+00
1.848000e-05	3.831330e-02	6.514359e+00
1.849000e-05	-5.499897e-02	6.809595e+00
1.850000e-05	5.893815e-02	7.090702e+00
1.851000e-05	1.267748e-02	7.357411e+00
1.852000e-05	-1.981012e-02	7.641149e+00
1.853000e-05	-2.101255e-02	7.924282e+00
1.854000e-05	1.122322e-03	8.219069e+00
1.855000e-05	5.910432e-02	8.402119e+00
1.856000e-05	-2.886044e-02	8.641151e+00
1.857000e-05	-6.249185e-03	8.903254e+00
1.858000e-05	1.243823e-02	9.154386e+00
1.859000e-05	8.251193e-03	9.374914e+00
1.860000e-05	1.071373e-02	9.626938e+00
1.861000e-05	-2.314785e-02	9.829625e+00
1.862000e-05	2.041669e-02	1.009116e+01
1.863000e-05	1.425919e-02	1.030115e+01
1.864000e-05	1.898108e-02	1.052485e+01
1.865000e-05	-1.960103e-02	1.079436e+01
1.866000e-05	-6.600975e-03	1.095486e+01
1.867000e-05	2.098369e-02	1.113329e+01
1.868000e-05	5.590867e-03	1.136698e+01
1.869000e-05	1.873265e-03	1.161759e+01
1.870000e-05	-4.437154e-03	1.181852e+01
1.871000e-05	2.606338e-02	1.203757e+01
1.872000e-05	1.003421e-02	1.223653e+01
1.873000e-05	-2.370762e-04	1.238491e+01
1.874000e-05	-9.069001e-03	1.256491e+01
1.875000e-05	1.195721e-02	1.272288e+01
1.876000e-05	1.522657e-02	1.292325e+01
1.877000e-05	8.234915e-04	1.304962e+01
1.878000e-05	2.738763e-03	1.323897e+01
1.879000e-05	1.299942e-02	1.338649e+01
1.880000e-05	1.928558e-02	1.355328e+01
1.881000e-05	3.084733e-03	1.366120e+01
1.882000e-05	-1.602841e-03	1.382962e+01
1.883000e-05	9.263210e-03	1.400596e+01
1.884000e-05	1.535477e-02	1.411138e+01
1.885000e-05	8.093653e-03	1.427019e+01
1.886000e-05	1.414899e-03	1.442661e+01
1.887000e-05	1.305543e-02	1.455135e+01
1.888000e-05	1.719848e-02	1.465564e+01
1.889000e-05	1.036525e-02	1.473336e+01
1.890000e-05	4.524147e-03	1.482959e+01
1.891000e-05	1.026517e-02	1.488238e+01
1.892000e-05	1.874005e-02	1.500496e+01
1.893000e-05	1.193144e-02	1.504762e+01
1.894000e-05	8.530586e-03	1.515333e+01
1.895000e-05	8.536509e-03	1.528701e+01
1.896000e-05	1.982022e-02	1.530122e+01
1.897000e-05	1.356131e-02	1.533388e+01
1.898000e-05	1.068030e-02	1.538706e+01
1.899000e-05	1.276714e-02	1.548824e+01
1.900000e-05	2.033127e-02	1.553080e+01
1.901000e-05	1.920051e-02	1.556243e+01
1.902000e-05	1.189380e-02	1.561539e+01
1.903000e-05	1.534997e-02	1.561654e+01
1.904000e-05	2.025922e-02	1.570012e+01
1.905000e-05	2.357569e-02	1.566825e+01
1.906000e-05	1.637984e-02	1.566914e+01
1.907000e-05	1.876975e-02	1.567019e+01
1.908000e-05	2.425507e-02	1.567975e+01
1.909000e-05	2.688263e-02	1.562817e+01
1.910000e-05	2.210816e-02	1.568667e+01
1.911000e-05	2.323873e-02	1.566814e+01
1.912000e-05	3.014065e-02	1.562599e+01
1.913000e-05	3.321133e-02	1.560443e+01
1.914000e-05	3.009085e-02	1.554490e+01
1.915000e-05	2.757686e-02	1.552929e+01
1.916000e-05	3.488513e-02	1.544872e+01
1.917000e-05	3.943869e-02	1.544612e+01
1.918000e-05	3.830551e-02	1.535398e+01
1.919000e-05	3.707950e-02	1.530032e+01
1.920000e-05	4.229896e-02	1.526606e+01
1.921000e-05	4.904845e-02	1.515190e+01
1.922000e-05	4.787949e-02	1.506957e+01
1.923000e-05	4.879704e-02	1.496386e+01
1.924000e-05	5.310597e-02	1.490127e+01
1.925000e-05	5.954511e-02	1.477549e+01
1.926000e-05	5.872599e-02	1.471077e+01
1.927000e-05	5.909885e-02	1.459698e+01
1.928000e-05	6.029325e-02	1.453018e+01
1.929000e-05	6.423286e-02	1.438439e+01
1.930000e-05	6.235660e-02	1.424809e+01
1.931000e-05	5.886513e-02	1.416030e+01
1.932000e-05	5.658222e-02	1.397544e+01
1.933000e-05	5.645830e-02	1.385760e+01
1.934000e-05	5.419669e-02	1.369130e+01
1.935000e-05	4.839457e-02	1.353228e+01
1.936000e-05	4.633953e-02	1.340496e+01
1.937000e-05	4.512402e-02	1.323654e+01
1.938000e-05	4.332000e-02	1.307067e+01
1.939000e-05	3.796015e-02	1.292128e+01
1.940000e-05	3.575592e-02	1.275331e+01
1.941000e-05	3.408435e-02	1.258396e+01
1.942000e-05	3.237562e-02	1.245794e+01
1.943000e-05	2.733749e-02	1.227807e+01
1.944000e-05	2.490798e-02	1.206017e+01
1.945000e-05	2.338140e-02	1.185762e+01
1.946000e-05	2.279316e-02	1.167662e+01
1.947000e-05	2.018176e-02	1.143802e+01
1.948000e-05	1.833835e-02	1.119649e+01
1.949000e-05	1.691283e-02	1.097752e+01
1.950000e-05	1.813670e-02	1.084604e+01
1.951000e-05	1.285883e-02	1.059446e+01
1.952000e-05	1.287679e-02	1.038181e+01
1.953000e-05	9.269036e-03	1.014431e+01
1.954000e-05	1.302353e-02	9.932782e+00
1.955000e-05	8.589183e-03	9.689075e+00
1.956000e-05	8.480168e-03	9.447617e+00
1.957000e-05	4.777696e-03	9.208043e+00
1.958000e-05	6.536117e-03	8.996438e+00
1.959000e-05	5.141116e-03	8.762836e+00
1.960000e-05	4.830809e-03	8.521709e+00
1.961000e-05	4.658570e-03	8.249152e+00
1.962000e-05	6.694232e-03	7.985547e+00
1.963000e-05	5.604286e-03	7.713809e+00
1.964000e-05	1.688673e-03	7.479681e+00
1.965000e-05	2.212876e-05	7.185392e+00
1.966000e-05	-1.414635e-03	6.924313e+00
1.967000e-05	1.314219e-03	6.681256e+00
1.968000e-05	-1.575366e-03	6.427395e+00
1.969000e-05	3.213317e-03	6.144241e+00
1.970000e-05	3.065427e-03	5.900731e+00
1.971000e-05	4.809329e-03	5.619500e+00
1.972000e-05	-2.096665e-03	5.344311e+00
1.973000e-05	-2.047446e-03	5.026441e+00
1.974000e-05	-3.511985e-03	4.711654e+00
1.975000e-05	-2.018445e-03	4.420548e+00
1.976000e-05	-3.368363e-03	4.162760e+00
1.977000e-05	-2.042107e-03	3.870122e+00
1.978000e-05	-9.338265e-05	3.586947e+00
1.979000e-05	-5.032645e-05	3.292708e+00
1.980000e-05	-1.571940e-03	3.028470e+00
1.981000e-05	-4.051847e-03	2.725413e+00
1.982000e-05	-3.407749e-03	2.450551e+00
1.983000e-05	-3.777546e-03	2.157264e+00
1.984000e-05	-3.698283e-03	1.922184e+00
1.985000e-05	-5.479256e-03	1.586491e+00
1.986000e-05	-4.527905e-03	1.281229e+00
1.987000e-05	-3.431351e-03	9.442406e-01
1.988000e-05	-2.795274e-03	6.496301e-01
1.989000e-05	-3.927987e-03	4.275195e-01
1.990000e-05	-2.253966e-03	7.168048e-02
1.991000e-05	2.695563e-03	-2.005253e-01
1.992000e-05	4.707484e-03	-4.136293e-01
1.993000e-05	-5.228408e-03	-7.594146e-01
1.994000e-05	-3.284983e-03	-9.820764e-01
1.995000e-05	-4.101504e-03	-1.287386e+00
1.996000e-05	-1.063697e-03	-1.610976e+00
1.997000e-05	1.677423e-03	-1.853108e+00
1.998000e-05	3.593766e-02	-2.031605e+00
1.999000e-05	9.043960e-02	-2.379941e+00
2.000000e-05	-6.006681e-02	-2.727943e+00
2.001000e-05	-4.422388e-02	-3.148915e+00
2.002000e-05	-4.491555e-02	-3.420125e+00
2.003000e-05	-1.024896e-02	-3.662679e+00
2.004000e-05	-7.246919e-02	-3.936861e+00
2.005000e-05	9.331848e-02	-4.104808e+00
2.006000e-05	-1.668753e-02	-4.315286e+00
2.007000e-05	-3.818982e-02	-4.652146e+00
2.008000e-05	1.558869e-01	-4.859655e+00
2.009000e-05	-1.562371e-01	-5.221048e+00
2.010000e-05	7.745965e-02	-5.515363e+00
2.011000e-05	-8.539147e-02	-5.790522e+00
2.012000e-05	-2.990240e-03	-6.092258e+00
2.013000e-05	7.432813e-02	-6.315761e+00
2.014000e-05	-1.001268e-01	-6.610600e+00
2.015000e-05	1.077019e-01	-6.853727e+00
2.016000e-05	-7.007969e-02	-7.188939e+00
2.017000e-05	1.401911e-02	-7.471680e+00
2.018000e-05	-1.792849e-02	-7.654806e+00
2.019000e-05	-4.766847e-02	-8.020645e+00
2.020000e-05	8.086116e-02	-8.251174e+00
2.021000e-05	-8.437770e-02	-8.474836e+00
2.022000e-05	7.094867e-02	-8.787412e+00
2.023000e-05	-5.882275e-02	-8.987492e+00
2.024000e-05	1.058329e-02	-9.250151e+00
2.025000e-05	-5.472816e-03	-9.441648e+00
2.026000e-05	-3.422471e-02	-9.693360e+00
2.027000e-05	3.732268e-02	-9.913254e+00
2.028000e-05	-4.842148e-02	-1.015599e+01
2.029000e-05	5.092954e-02	-1.039644e+01
2.030000e-05	-6.119354e-02	-1.061899e+01
2.031000e-05	2.830146e-02	-1.084805e+01
2.032000e-05	-4.127564e-02	-1.102654e+01
2.033000e-05	1.243194e-02	-1.126864e+01
2.034000e-05	-1.975164e-02	-1.143855e+01
2.035000e-05	-3.963040e-03	-1.167173e+01
2.036000e-05	1.508570e-03	-1.189165e+01
2.037000e-05	-1.692118e-02	-1.212115e+01
2.038000e-05	1.861748e-03	-1.226165e+01
2.039000e-05	-3.058692e-02	-1.243917e+01
2.040000e-05	7.782100e-03	-1.261857e+01
2.041000e-05	-2.870793e-02	-1.282852e+01
2.042000e-05	5.720956e-03	-1.295506e+01
2.043000e-05	-2.624985e-02	-1.311186e+01
2.044000e-05	6.748536e-03	-1.324175e+01
2.045000e-05	-1.990091e-02	-1.345814e+01
2.046000e-05	-5.758668e-03	-1.360609e+01
2.047000e-05	-2.064709e-02	-1.374383e+01
2.048000e-05	-1.093803e-02	-1.391276e+01
2.049000e-05	-1.242127e-02	-1.402964e+01
2.050000e-05	-1.558634e-02	-1.419646e+01
2.051000e-05	-1.191918e-02	-1.431078e+01
2.052000e-05	-1.495723e-02	-1.443909e+01
2.053000e-05	-9.631067e-03	-1.456288e+01
2.054000e-05	-1.978490e-02	-1.467917e+01
2.055000e-05	-1.450478e-02	-1.476546e+01
2.056000e-05	-1.868229e-02	-1.482805e+01
2.057000e-05	-1.240714e-02	-1.493386e+01
2.058000e-05	-1.853304e-02	-1.503809e+01
2.059000e-05	-1.518002e-02	-1.512078e+01
2.060000e-05	-1.930617e-02	-1.522646e+01
2.061000e-05	-1.562502e-02	-1.524965e+01
2.062000e-05	-2.164438e-02	-1.534278e+01
2.063000e-05	-1.935820e-02	-1.539496e+01
2.064000e-05	-2.093240e-02	-1.543912e+01
2.065000e-05	-1.798889e-02	-1.550175e+01
2.066000e-05	-2.130469e-02	-1.554438e+01
2.067000e-05	-2.340408e-02	-1.555501e+01
2.068000e-05	-2.248685e-02	-1.557652e+01
2.069000e-05	-2.379080e-02	-1.564700e+01
2.070000e-05	-2.244276e-02	-1.564862e+01
2.071000e-05	-2.730403e-02	-1.568022e+01
2.072000e-05	-2.526774e-02	-1.564122e+01
2.073000e-05	-2.654500e-02	-1.569060e+01
2.074000e-05	-2.825901e-02	-1.569075e+01
2.075000e-05	-3.035554e-02	-1.564063e+01
2.076000e-05	-3.125155e-02	-1.567865e+01
2.077000e-05	-3.097164e-02	-1.560752e+01
2.078000e-05	-3.314859e-02	-1.559549e+01
2.079000e-05	-3.698049e-02	-1.558544e+01
2.080000e-05	-3.922014e-02	-1.555293e+01
2.081000e-05	-3.974658e-02	-1.552325e+01
2.082000e-05	-4.031910e-02	-1.547012e+01
2.083000e-05	-4.311726e-02	-1.537602e+01
2.084000e-05	-4.547490e-02	-1.536289e+01
2.085000e-05	-4.698033e-02	-1.525877e+01
2.086000e-05	-4.851468e-02	-1.526702e+01
2.087000e-05	-5.303017e-02	-1.518346e+01
2.088000e-05	-5.646758e-02	-1.506872e+01
2.089000e-05	-5.841716e-02	-1.498451e+01
2.090000e-05	-6.009844e-02	-1.492125e+01
2.091000e-05	-6.395406e-02	-1.480447e+01
2.092000e-05	-6.708208e-02	-1.469128e+01
2.093000e-05	-6.705103e-02	-1.459699e+01
2.094000e-05	-6.625017e-02	-1.447180e+01
2.095000e-05	-6.733108e-02	-1.437291e+01
2.096000e-05	-6.817460e-02	-1.425960e+01
2.097000e-05	-6.699321e-02	-1.409122e+01
2.098000e-05	-6.417337e-02	-1.396386e+01
2.099000e-05	-6.198123e-02	-1.382052e+01
2.100000e-05	-6.032070e-02	-1.366968e+01
2.101000e-05	-5.799116e-02	-1.354228e+01
2.102000e-05	-5.363262e-02	-1.336651e+01
2.103000e-05	-5.080640e-02	-1.320907e+01
2.104000e-05	-4.924775e-02	-1.310020e+01
2.105000e-05	-4.658188e-02	-1.291173e+01
2.106000e-05	-4.306671e-02	-1.275394e+01
2.107000e-05	-4.056622e-02	-1.260449e+01
2.108000e-05	-3.844463e-02	-1.240589e+01
2.109000e-05	-3.664560e-02	-1.222002e+01
2.110000e-05	-3.363210e-02	-1.207800e+01
2.111000e-05	-3.117529e-02	-1.185005e+01
2.112000e-05	-3.053744e-02	-1.157547e+01
2.113000e-05	-2.868039e-02	-1.138542e+01
2.114000e-05	-2.662794e-02	-1.115329e+01
2.115000e-05	-2.493704e-02	-1.092183e+01
2.116000e-05	-2.439625e-02	-1.076428e+01
2.117000e-05	-2.285620e-02	-1.053529e+01
2.118000e-05	-2.109103e-02	-1.032273e+01
2.119000e-05	-1.931323e-02	-1.013063e+01
2.120000e-05	-1.933815e-02	-9.890149e+00
2.121000e-05	-1.823632e-02	-9.689574e+00
2.122000e-05	-1.720423e-02	-9.467571e+00
2.123000e-05	-1.537303e-02	-9.126915e+00
2.124000e-05	-1.544652e-02	-8.985887e+00
2.125000e-05	-1.578445e-02	-8.682810e+00
2.126000e-05	-1.393174e-02	-8.478528e+00
2.127000e-05	-1.378663e-02	-8.229501e+00
2.128000e-05	-1.252064e-02	-7.985366e+00
2.129000e-05	-1.244707e-02	-7.711704e+00
2.130000e-05	-1.210142e-02	-7.397599e+00
2.131000e-05	-1.038089e-02	-7.145465e+00
2.132000e-05	-1.112827e-02	-6.891528e+00
2.133000e-05	-1.012842e-02	-6.617522e+00
2.134000e-05	-1.042494e-02	-6.396915e+00
2.135000e-05	-8.351253e-03	-6.073133e+00
2.136000e-05	-1.080314e-02	-5.807603e+00
2.137000e-05	-8.576534e-03	-5.545390e+00
2.138000e-05	-1.008636e-02	-5.239530e+00
2.139000e-05	-7.585318e-03	-4.923433e+00
2.140000e-05	-8.276260e-03	-4.618020e+00
2.141000e-05	-6.414233e-03	-4.398922e+00
2.142000e-05	-7.616769e-03	-4.104341e+00
2.143000e-05	-7.569127e-03	-3.820703e+00
2.144000e-05	-8.229565e-03	-3.547370e+00
2.145000e-05	-7.925109e-03	-3.313811e+00
2.146000e-05	-7.023881e-03	-2.934424e+00
2.147000e-05	-6.580788e-03	-2.712187e+00
2.148000e-05	-6.152515e-03	-2.438454e+00
2.149000e-05	-4.978697e-03	-2.114212e+00
2.150000e-05	-5.166097e-03	-1.820104e+00
2.151000e-05	-6.192800e-03	-1.567917e+00
2.152000e-05	-5.629025e-03	-1.191554e+00
2.153000e-05	-6.077815e-03	-9.063158e-01
2.154000e-05	-5.065063e-03	-6.226015e-01
2.155000e-05	-4.624248e-03	-3.053159e-01
2.156000e-05	-1.773446e-03	-7.110798e-02
2.157000e-05	7.154144e-03	2.330752e-01
2.158000e-05	1.339089e-03	5.163132e-01
2.159000e-05	2.101613e-03	7.683924e-01
2.160000e-05	-1.957379e-03	1.061205e+00
2.161000e-05	-3.829906e-04	1.337791e+00
2.162000e-05	1.137670e-03	1.651734e+00
2.163000e-05	5.646451e-03	1.904836e+00
2.164000e-05	2.106519e-02	2.156865e+00
2.165000e-05	7.588790e-02	2.410445e+00
2.166000e-05	1.974166e-03	2.800022e+00
2.167000e-05	-6.118824e-02	3.144785e+00
2.168000e-05	-4.328160e-02	3.377441e+00
2.169000e-05	-5.137373e-03	3.663149e+00
2.170000e-05	-1.644817e-02	3.893732e+00
2.171000e-05	-5.393843e-02	4.084307e+00
2.172000e-05	6.158566e-02	4.408538e+00
2.173000e-05	1.636708e-02	4.692630e+00
2.174000e-05	5.976386e-03	4.933858e+00
2.175000e-05	8.467537e-02	5.251227e+00
2.176000e-05	-1.070389e-01	5.546338e+00
2.177000e-05	4.364540e-02	5.799545e+00
2.178000e-05	-5.789020e-03	6.123783e+00
2.179000e-05	4.867526e-03	6.335358e+00
2.180000e-05	5.354656e-03	6.641174e+00
2.181000e-05	-3.629788e-02	6.925283e+00
2.182000e-05	7.680328e-02	7.187937e+00
2.183000e-05	-2.599998e-02	7.471654e+00
2.184000e-05	-3.668580e-03	7.736358e+00
2.185000e-05	-3.693378e-02	8.030572e+00
2.186000e-05	4.184633e-02	8.274228e+00
2.187000e-05	3.065877e-02	8.504178e+00
2.188000e-05	-3.914941e-02	8.766782e+00
2.189000e-05	1.796834e-02	9.016987e+00
2.190000e-05	-2.816595e-03	9.249169e+00
2.191000e-05	2.703288e-02	9.470620e+00
2.192000e-05	-1.916201e-02	9.694228e+00
2.193000e-05	-3.439810e-03	9.954757e+00
2.194000e-05	1.431927e-02	1.019491e+01
2.195000e-05	2.134039e-02	1.037496e+01
2.196000e-05	6.780619e-03	1.062047e+01
2.197000e-05	-2.525287e-02	1.082864e+01
2.198000e-05	1.620275e-02	1.104849e+01
2.199000e-05	9.635359e-03	1.125964e+01
2.200000e-05	1.070984e-02	1.147972e+01
2.201000e-05	-1.442395e-02	1.168165e+01
2.202000e-05	1.436720e-02	1.190070e+01
2.203000e-05	1.725399e-02	1.212278e+01
2.204000e-05	1.026712e-02	1.222957e+01
2.205000e-05	-8.675716e-03	1.246707e+01
2.206000e-05	1.647548e-04	1.262754e+01
2.207000e-05	1.876669e-02	1.277654e+01
2.208000e-05	8.856122e-03	1.298544e+01
2.209000e-05	2.292091e-03	1.311228e+01
2.210000e-05	7.841752e-04	1.328177e+01
2.211000e-05	2.257353e-02	1.342864e+01
2.212000e-05	9.301942e-03	1.360688e+01
2.213000e-05	2.107432e-03	1.374433e+01
2.214000e-05	-2.748794e-03	1.387972e+01
2.215000e-05	1.733607e-02	1.402824e+01
2.216000e-05	1.352975e-02	1.417491e+01
2.217000e-05	5.284048e-03	1.436390e+01
2.218000e-05	3.940003e-03	1.445907e+01
2.219000e-05	1.576962e-02	1.460543e+01
2.220000e-05	1.779891e-02	1.469017e+01
2.221000e-05	3.786714e-03	1.476341e+01
2.222000e-05	5.769507e-03	1.487062e+01
2.223000e-05	1.337190e-02	1.493184e+01
2.224000e-05	2.077700e-02	1.502748e+01
2.225000e-05	8.789610e-03	1.510975e+01
2.226000e-05	7.390968e-03	1.518601e+01
2.227000e-05	1.362555e-02	1.522862e+01
2.228000e-05	2.001871e-02	1.531187e+01
2.229000e-05	1.026717e-02	1.537546e+01
2.230000e-05	9.314007e-03	1.545709e+01
2.231000e-05	1.701189e-02	1.549920e+01
2.232000e-05	2.173892e-02	1.555280e+01
2.233000e-05	1.665725e-02	1.560448e+01
2.234000e-05	1.036025e-02	1.562596e+01
2.235000e-05	1.912566e-02	1.562659e+01
2.236000e-05	2.221960e-02	1.564857e+01
2.237000e-05	2.124924e-02	1.566819e+01
2.238000e-05	1.649343e-02	1.568774e+01
2.239000e-05	2.089840e-02	1.569822e+01
2.240000e-05	2.727742e-02	1.567814e+01
2.241000e-05	2.436066e-02	1.570717e+01
2.242000e-05	2.186384e-02	1.566867e+01
2.243000e-05	2.481130e-02	1.565652e+01
2.244000e-05	3.251806e-02	1.560603e+01
2.245000e-05	3.153077e-02	1.558391e+01
2.246000e-05	2.830916e-02	1.556187e+01
2.247000e-05	3.137030e-02	1.550072e+01
2.248000e-05	3.853517e-02	1.545511e+01
2.249000e-05	3.906532e-02	1.545501e+01
2.250000e-05	3.610237e-02	1.538282e+01
2.251000e-05	3.934779e-02	1.524914e+01
2.252000e-05	4.531859e-02	1.519454e+01
2.253000e-05	4.750992e-02	1.510175e+01
2.254000e-05	4.593341e-02	1.502711e+01
2.255000e-05	5.021295e-02	1.498491e+01
2.256000e-05	5.669617e-02	1.486912e+01
2.257000e-05	5.917119e-02	1.479244e+01
2.258000e-05	5.840504e-02	1.469960e+01
2.259000e-05	5.946466e-02	1.461348e+01
2.260000e-05	6.284133e-02	1.446710e+01
2.261000e-05	6.275738e-02	1.438180e+01
2.262000e-05	5.794505e-02	1.420397e+01
2.263000e-05	5.773199e-02	1.406560e+01
2.264000e-05	5.718643e-02	1.394433e+01
2.265000e-05	5.710376e-02	1.378501e+01
2.266000e-05	5.047952e-02	1.362657e+01
2.267000e-05	4.877021e-02	1.347015e+01
2.268000e-05	4.627997e-02	1.336138e+01
2.269000e-05	4.533154e-02	1.320643e+01
2.270000e-05	3.962703e-02	1.300709e+01
2.271000e-05	3.712687e-02	1.285907e+01
2.272000e-05	3.561783e-02	1.270065e+01
2.273000e-05	3.396804e-02	1.255286e+01
2.274000e-05	2.936818e-02	1.235389e+01
2.275000e-05	2.626568e-02	1.220388e+01
2.276000e-05	2.573092e-02	1.195394e+01
2.277000e-05	2.461517e-02	1.176391e+01
2.278000e-05	2.140278e-02	1.160335e+01
2.279000e-05	1.797059e-02	1.135081e+01
2.280000e-05	1.851256e-02	1.114173e+01
2.281000e-05	1.806168e-02	1.092223e+01
2.282000e-05	1.539222e-02	1.074223e+01
2.283000e-05	1.136274e-02	1.050973e+01
2.284000e-05	1.187108e-02	1.032165e+01
2.285000e-05	1.160958e-02	1.006964e+01
2.286000e-05	1.081151e-02	9.849045e+00
2.287000e-05	7.277371e-03	9.564916e+00
2.288000e-05	7.047656e-03	9.364388e+00
2.289000e-05	8.493567e-03	9.162832e+00
2.290000e-05	6.897860e-03	8.890174e+00
2.291000e-05	5.013380e-03	8.659146e+00
2.292000e-05	4.364684e-03	8.426021e+00
2.293000e-05	5.413904e-03	8.144938e+00
2.294000e-05	4.471116e-03	7.911601e+00
2.295000e-05	3.320285e-03	7.640126e+00
2.296000e-05	1.596011e-03	7.366335e+00
2.297000e-05	1.803338e-03	7.082203e+00
2.298000e-05	2.749477e-03	6.849571e+00
2.299000e-05	1.615377e-03	6.585917e+00
2.300000e-05	4.507751e-04	6.381682e+00
2.301000e-05	1.092661e-03	6.070650e+00
2.302000e-05	1.463239e-03	5.805888e+00
2.303000e-05	-6.404188e-04	5.522784e+00
2.304000e-05	-1.366467e-03	5.205988e+00
2.305000e-05	-1.989265e-04	4.820049e+00
2.306000e-05	-9.464760e-04	4.597892e+00
2.307000e-05	-1.588538e-03	4.323263e+00
2.308000e-05	-2.833824e-03	3.998471e+00
2.309000e-05	-1.893566e-03	3.725862e+00
2.310000e-05	-1.697630e-03	3.460231e+00
2.311000e-05	-2.163092e-03	3.187317e+00
2.312000e-05	-4.047827e-03	2.905257e+00
2.313000e-05	-3.327981e-03	2.638227e+00
2.314000e-05	-3.496135e-03	2.293288e+00
2.315000e-05	-3.145689e-03	2.050578e+00
2.316000e-05	-3.730912e-03	1.776843e+00
2.317000e-05	-3.149691e-03	1.462609e+00
2.318000e-05	-4.817507e-03	1.156396e+00
2.319000e-05	-4.260762e-03	7.990274e-01
2.320000e-05	-4.773523e-03	5.358404e-01
2.321000e-05	-3.657299e-03	2.527024e-01
2.322000e-05	-2.164308e-03	-5.303039e-02
2.323000e-05	6.804635e-03	-3.158124e-01
2.324000e-05	-1.626682e-03	-5.689975e-01
2.325000e-05	-5.650954e-04	-8.827293e-01
2.326000e-05	-6.069228e-03	-1.125866e+00
2.327000e-05	-1.406521e-03	-1.452558e+00
2.328000e-05	-3.513498e-03	-1.703762e+00
2.329000e-05	1.148831e-02	-1.926315e+00
2.330000e-05	6.731528e-02	-2.137891e+00
2.331000e-05	4.414675e-02	-2.538837e+00
2.332000e-05	-7.830456e-02	-2.883340e+00
2.333000e-05	-3.435309e-02	-3.294278e+00
2.334000e-05	-3.307939e-02	-3.514314e+00
2.335000e-05	-2.602122e-02	-3.758491e+00
2.336000e-05	-4.453394e-02	-4.029473e+00
2.337000e-05	1.291712e-01	-4.166364e+00
2.338000e-05	-1.209665e-01	-4.430150e+00
2.339000e-05	1.042002e-01	-4.705937e+00
2.340000e-05	1.883760e-02	-4.979916e+00
2.341000e-05	-1.063760e-01	-5.387014e+00
2.342000e-05	8.690299e-02	-5.630992e+00
2.343000e-05	-1.447517e-01	-5.914761e+00
2.344000e-05	1.102331e-01	-6.197039e+00
2.345000e-05	-4.162957e-02	-6.400643e+00
2.346000e-05	-1.422646e-02	-6.764860e+00
2.347000e-05	7.467742e-02	-7.007866e+00
2.348000e-05	-9.078798e-02	-7.275279e+00
2.349000e-05	6.112049e-02	-7.577343e+00
2.350000e-05	-8.747029e-02	-7.812025e+00
2.351000e-05	4.175274e-02	-8.114783e+00
2.352000e-05	4.911487e-03	-8.323861e+00
2.353000e-05	-4.128210e-02	-8.628543e+00
2.354000e-05	6.236017e-02	-8.839050e+00
2.355000e-05	-8.424098e-02	-9.093708e+00
2.356000e-05	5.812587e-02	-9.302736e+00
2.357000e-05	-6.631067e-02	-9.556408e+00
2.358000e-05	2.980957e-02	-9.788545e+00
2.359000e-05	-2.230534e-02	-1.001947e+01
2.360000e-05	1.374248e-03	-1.026207e+01
2.361000e-05	1.168320e-02	-1.045113e+01
2.362000e-05	-4.069517e-02	-1.067175e+01
2.363000e-05	2.544169e-02	-1.087265e+01
2.364000e-05	-4.715260e-02	-1.114377e+01
2.365000e-05	2.932530e-02	-1.133228e+01
2.366000e-05	-4.516819e-02	-1.155393e+01
2.367000e-05	2.256962e-02	-1.177546e+01
2.368000e-05	-2.847764e-02	-1.197494e+01
2.369000e-05	1.070275e-02	-1.214394e+01
2.370000e-05	-2.510282e-02	-1.233333e+01
2.371000e-05	-5.145134e-03	-1.251288e+01
2.372000e-05	-8.041032e-03	-1.270120e+01
2.373000e-05	-1.328710e-02	-1.289177e+01
2.374000e-05	-4.796510e-03	-1.302005e+01
2.375000e-05	-2.239601e-02	-1.321786e+01
2.376000e-05	1.624670e-03	-1.336591e+01
2.377000e-05	-2.357847e-02	-1.351120e+01
2.378000e-05	-8.723737e-04	-1.365920e+01
2.379000e-05	-2.527625e-02	-1.379644e+01
2.380000e-05	-1.628485e-03	-1.396591e+01
2.381000e-05	-2.000877e-02	-1.408072e+01
2.382000e-05	-6.808525e-03	-1.426764e+01
2.383000e-05	-2.077400e-02	-1.435386e+01
2.384000e-05	-1.159523e-02	-1.448873e+01
2.385000e-05	-1.699329e-02	-1.458556e+01
2.386000e-05	-1.558074e-02	-1.471085e+01
2.387000e-05	-1.562391e-02	-1.476546e+01
2.388000e-05	-1.600750e-02	-1.491128e+01
2.389000e-05	-1.332980e-02	-1.498451e+01
2.390000e-05	-1.718736e-02	-1.506965e+01
2.391000e-05	-1.729020e-02	-1.516136e+01
2.392000e-05	-2.087100e-02	-1.521652e+01
2.393000e-05	-1.812464e-02	-1.527975e+01
2.394000e-05	-2.107674e-02	-1.535189e+01
2.395000e-05	-1.904702e-02	-1.540456e+01
2.396000e-05	-2.119388e-02	-1.541860e+01
2.397000e-05	-1.745818e-02	-1.553183e+01
2.398000e-05	-2.216677e-02	-1.551481e+01
2.399000e-05	-2.219791e-02	-1.556701e+01
2.400000e-05	-2.566548e-02	-1.564654e+01
2.401000e-05	-2.360337e-02	-1.563810e+01
2.402000e-05	-2.337289e-02	-1.565967e+01
2.403000e-05	-2.523044e-02	-1.566117e+01
2.404000e-05	-2.729922e-02	-1.566078e+01
2.405000e-05	-2.743227e-02	-1.571078e+01
2.406000e-05	-2.807572e-02	-1.571920e+01
2.407000e-05	-3.094179e-02	-1.564610e+01
2.408000e-05	-3.279410e-02	-1.563757e+01
2.409000e-05	-3.223312e-02	-1.565654e+01
2.410000e-05	-3.499196e-02	-1.560804e+01
2.411000e-05	-3.714867e-02	-1.556386e+01
2.412000e-05	-3.903606e-02	-1.559340e+01
2.413000e-05	-3.980084e-02	-1.549073e+01
2.414000e-05	-4.033978e-02	-1.545954e+01
2.415000e-05	-4.394431e-02	-1.538541e+01
2.416000e-05	-4.641929e-02	-1.533136e+01
2.417000e-05	-4.833917e-02	-1.523817e+01
2.418000e-05	-5.026443e-02	-1.519641e+01
2.419000e-05	-5.405182e-02	-1.512132e+01
2.420000e-05	-5.652921e-02	-1.503872e+01
2.421000e-05	-5.889121e-02	-1.497488e+01
2.422000e-05	-6.049054e-02	-1.487965e+01
2.423000e-05	-6.474818e-02	-1.475328e+01
2.424000e-05	-6.677855e-02	-1.469965e+01
2.425000e-05	-6.801155e-02	-1.457429e+01
2.426000e-05	-6.828904e-02	-1.447625e+01
2.427000e-05	-6.780085e-02	-1.430175e+01
2.428000e-05	-6.680906e-02	-1.420396e+01
2.429000e-05	-6.581214e-02	-1.404762e+01
2.430000e-05	-6.407028e-02	-1.392228e+01
2.431000e-05	-6.213679e-02	-1.376394e+01
2.432000e-05	-6.042334e-02	-1.365607e+01
2.433000e-05	-5.701347e-02	-1.347922e+01
2.434000e-05	-5.353814e-02	-1.334381e+01
2.435000e-05	-5.007489e-02	-1.318389e+01
2.436000e-05	-4.695040e-02	-1.302957e+01
2.437000e-05	-4.453624e-02	-1.284757e+01
2.438000e-05	-4.230625e-02	-1.271920e+01
2.439000e-05	-4.006139e-02	-1.250231e+01
2.440000e-05	-3.824756e-02	-1.237226e+01
2.441000e-05	-3.577082e-02	-1.214334e+01
2.442000e-05	-3.386385e-02	-1.196488e+01
2.443000e-05	-3.107386e-02	-1.175386e+01
2.444000e-05	-2.907614e-02	-1.151223e+01
2.445000e-05	-2.736895e-02	-1.130125e+01
2.446000e-05	-2.566736e-02	-1.103108e+01
2.447000e-05	-2.408290e-02	-1.090017e+01
2.448000e-05	-2.343271e-02	-1.067020e+01
2.449000e-05	-2.281305e-02	-1.044913e+01
2.450000e-05	-2.125954e-02	-1.025007e+01
2.451000e-05	-1.850944e-02	-1.000691e+01
2.452000e-05	-1.882797e-02	-9.756494e+00
2.453000e-05	-1.865326e-02	-9.555886e+00
2.454000e-05	-1.819863e-02	-9.342259e+00
2.455000e-05	-1.558454e-02	-9.101629e+00
2.456000e-05	-1.450676e-02	-8.849153e+00
2.457000e-05	-1.501895e-02	-8.646520e+00
2.458000e-05	-1.429481e-02	-8.335387e+00
2.459000e-05	-1.205967e-02	-8.123760e+00
2.460000e-05	-1.203810e-02	-7.859280e+00
2.461000e-05	-1.356426e-02	-7.565940e+00
2.462000e-05	-1.230221e-02	-7.313286e+00
2.463000e-05	-1.051160e-02	-7.069178e+00
2.464000e-05	-1.057098e-02	-6.786468e+00
2.465000e-05	-1.100490e-02	-6.524362e+00
2.466000e-05	-1.054507e-02	-6.310681e+00
2.467000e-05	-9.615699e-03	-5.977920e+00
2.468000e-05	-9.281166e-03	-5.753767e+00
2.469000e-05	-8.205935e-03	-5.448128e+00
2.470000e-05	-1.012459e-02	-5.144766e+00
2.471000e-05	-8.134211e-03	-4.786497e+00
2.472000e-05	-6.881722e-03	-4.525359e+00
2.473000e-05	-6.716105e-03	-4.293762e+00
2.474000e-05	-8.434235e-03	-4.029552e+00
2.475000e-05	-7.371879e-03	-3.725188e+00
2.476000e-05	-8.580552e-03	-3.472631e+00
2.477000e-05	-6.498380e-03	-3.178448e+00
2.478000e-05	-7.519043e-03	-2.890606e+00
2.479000e-05	-5.329185e-03	-2.579423e+00
2.480000e-05	-5.356127e-03	-2.314266e+00
2.481000e-05	-4.345408e-03	-1.998524e+00
2.482000e-05	-5.161979e-03	-1.705741e+00
2.483000e-05	-6.007115e-03	-1.430025e+00
2.484000e-05	-6.382735e-03	-1.093739e+00
2.485000e-05	-6.169344e-03	-8.295335e-01
2.486000e-05	-3.777233e-03	-5.137331e-01
2.487000e-05	-3.817747e-03	-2.620566e-01
2.488000e-05	9.593199e-05	5.212776e-02
2.489000e-05	8.503352e-03	3.379697e-01
2.490000e-05	-7.994083e-04	6.025461e-01
2.491000e-05	2.194827e-03	8.536089e-01
2.492000e-05	-2.794028e-03	1.168415e+00
2.493000e-05	1.890345e-03	1.422079e+00
2.494000e-05	-2.246415e-04	1.778996e+00
2.495000e-05	9.905015e-03	1.948974e+00
2.496000e-05	3.751426e-02	2.220624e+00
2.497000e-05	7.739417e-02	2.580388e+00
2.498000e-05	-4.731370e-02	2.903287e+00
2.499000e-05	-5.065440e-02	3.169495e+00
2.500000e-05	-3.575811e-02	3.474732e+00
2.501000e-05	9.144462e-03	3.758361e+00
2.502000e-05	-4.380806e-02	3.936842e+00
2.503000e-05	-2.786582e-02	4.209029e+00
2.504000e-05	9.332620e-02	4.463206e+00
2.505000e-05	-4.599373e-02	4.779412e+00
2.506000e-05	9.508763e-02	5.023645e+00
2.507000e-05	-2.053324e-02	5.429044e+00
2.508000e-05	-6.023755e-02	5.693649e+00
2.509000e-05	5.342313e-02	5.944759e+00
2.510000e-05	-3.079671e-02	6.200492e+00
2.511000e-05	3.411314e-02	6.440701e+00
2.512000e-05	-4.135990e-02	6.777941e+00
2.513000e-05	2.346735e-02	6.999046e+00
2.514000e-05	4.627285e-02	7.303703e+00
2.515000e-05	-3.093478e-02	7.576891e+00
2.516000e-05	-1.032592e-02	7.852199e+00
2.517000e-05	-2.210331e-02	8.174888e+00
2.518000e-05	6.226048e-02	8.375462e+00
2.519000e-05	-8.630828e-03	8.589540e+00
2.520000e-05	-2.316473e-02	8.870172e+00
2.521000e-05	2.365776e-02	9.121675e+00
2.522000e-05	-2.736459e-03	9.343809e+00
2.523000e-05	2.457094e-02	9.513308e+00
2.524000e-05	-3.439252e-02	9.806463e+00
2.525000e-05	1.703846e-02	1.005045e+01
2.526000e-05	1.041782e-02	1.022160e+01
2.527000e-05	2.450975e-02	1.044222e+01
2.528000e-05	-1.045592e-02	1.067430e+01
2.529000e-05	-1.512948e-02	1.091335e+01
2.530000e-05	2.512340e-02	1.107378e+01
2.531000e-05	3.219087e-03	1.132540e+01
2.532000e-05	7.493560e-03	1.157590e+01
2.533000e-05	-1.457914e-02	1.176391e+01
2.534000e-05	2.751932e-02	1.194644e+01
2.535000e-05	1.048928e-02	1.215540e+01
2.536000e-05	6.063143e-03	1.235331e+01
2.537000e-05	-1.154030e-02	1.251285e+01
2.538000e-05	1.030130e-02	1.270178e+01
2.539000e-05	1.805594e-02	1.284115e+01
2.540000e-05	2.856647e-03	1.303706e+01
2.541000e-05	1.379311e-03	1.317649e+01
2.542000e-05	7.841492e-03	1.335646e+01
2.543000e-05	2.313953e-02	1.353220e+01
2.544000e-05	2.764714e-03	1.364065e+01
2.545000e-05	-7.288987e-05	1.377651e+01
2.546000e-05	4.027230e-03	1.396228e+01
2.547000e-05	1.915659e-02	1.412066e+01
2.548000e-05	1.043974e-02	1.422569e+01
2.549000e-05	2.224178e-03	1.439401e+01
2.550000e-05	1.026328e-02	1.451032e+01
2.551000e-05	1.749502e-02	1.462544e+01
2.552000e-05	1.347430e-02	1.472185e+01
2.553000e-05	1.623095e-03	1.479701e+01
2.554000e-05	9.349165e-03	1.487223e+01
2.555000e-05	1.706058e-02	1.494393e+01
2.556000e-05	1.529401e-02	1.509959e+01
2.557000e-05	8.184178e-03	1.515475e+01
2.558000e-05	8.703045e-03	1.522756e+01
2.559000e-05	1.883508e-02	1.524024e+01
2.560000e-05	1.570971e-02	1.535480e+01
2.561000e-05	1.089853e-02	1.539504e+01
2.562000e-05	1.123694e-02	1.548774e+01
2.563000e-05	2.030222e-02	1.550975e+01
2.564000e-05	2.051630e-02	1.557285e+01
2.565000e-05	1.427874e-02	1.560595e+01
2.566000e-05	1.318668e-02	1.564546e+01
2.567000e-05	1.997059e-02	1.560655e+01
2.568000e-05	2.345271e-02	1.569864e+01
2.569000e-05	1.779902e-02	1.566969e+01
2.570000e-05	1.768776e-02	1.568975e+01
2.571000e-05	2.286080e-02	1.569022e+01
2.572000e-05	2.714115e-02	1.567974e+01
2.573000e-05	2.237914e-02	1.562864e+01
2.574000e-05	2.154924e-02	1.564859e+01
2.575000e-05	2.865585e-02	1.562859e+01
2.576000e-05	3.292686e-02	1.558436e+01
2.577000e-05	3.187842e-02	1.558243e+01
2.578000e-05	2.798809e-02	1.552132e+01
2.579000e-05	3.435140e-02	1.546974e+01
2.580000e-05	3.798615e-02	1.541712e+01
2.581000e-05	3.779816e-02	1.540246e+01
2.582000e-05	3.559342e-02	1.533132e+01
2.583000e-05	4.166002e-02	1.524852e+01
2.584000e-05	4.821431e-02	1.515486e+01
2.585000e-05	4.847183e-02	1.509967e+01
2.586000e-05	4.734184e-02	1.499706e+01
2.587000e-05	5.159065e-02	1.494228e+01
2.588000e-05	5.960584e-02	1.484749e+01
2.589000e-05	5.929686e-02	1.470197e+01
2.590000e-05	5.915364e-02	1.461661e+01
2.591000e-05	5.858741e-02	1.457330e+01
2.592000e-05	6.408909e-02	1.440551e+01
2.593000e-05	6.197582e-02	1.426079e+01
2.594000e-05	5.789396e-02	1.417293e+01
2.595000e-05	5.684051e-02	1.402652e+01
2.596000e-05	5.760867e-02	1.388972e+01
2.597000e-05	5.599475e-02	1.378278e+01
2.598000e-05	4.827723e-02	1.358486e+01
2.599000e-05	4.690801e-02	1.342909e+01
2.600000e-05	4.586643e-02	1.327917e+01
2.601000e-05	4.439179e-02	1.310233e+01
2.602000e-05	3.757654e-02	1.297433e+01
2.603000e-05	3.526881e-02	1.280541e+01
2.604000e-05	3.604097e-02	1.259900e+01
2.605000e-05	3.329470e-02	1.245809e+01
2.606000e-05	2.836249e-02	1.227067e+01
2.607000e-05	2.394368e-02	1.213170e+01
2.608000e-05	2.518684e-02	1.194220e+01
2.609000e-05	2.411725e-02	1.173023e+01
2.610000e-05	2.096417e-02	1.151017e+01
2.611000e-05	1.762790e-02	1.124872e+01
2.612000e-05	1.732345e-02	1.107060e+01
2.613000e-05	1.750600e-02	1.085015e+01
2.614000e-05	1.459326e-02	1.066917e+01
2.615000e-05	1.180292e-02	1.041907e+01
2.616000e-05	1.135363e-02	1.017741e+01
2.617000e-05	1.307647e-02	9.965811e+00
2.618000e-05	1.056817e-02	9.722380e+00
2.619000e-05	7.178300e-03	9.512253e+00
2.620000e-05	7.328334e-03	9.252628e+00
2.621000e-05	8.046973e-03	9.059071e+00
2.622000e-05	7.386582e-03	8.786893e+00
2.623000e-05	4.061001e-03	8.573811e+00
2.624000e-05	4.522431e-03	8.331832e+00
2.625000e-05	5.206420e-03	8.070050e+00
2.626000e-05	4.039454e-03	7.817965e+00
2.627000e-05	1.762736e-03	7.563814e+00
2.628000e-05	7.727629e-04	7.221049e+00
2.629000e-05	2.525666e-03	7.007019e+00
2.630000e-05	3.165744e-03	6.724361e+00
2.631000e-05	2.057083e-03	6.499704e+00
2.632000e-05	-4.841031e-05	6.226926e+00
2.633000e-05	4.302036e-04	5.973386e+00
2.634000e-05	5.783928e-05	5.640174e+00
2.635000e-05	-6.447548e-04	5.399417e+00
2.636000e-05	-2.111898e-03	5.090248e+00
2.637000e-05	-8.085800e-04	4.745367e+00
2.638000e-05	1.970807e-04	4.503730e+00
2.639000e-05	-6.028511e-04	4.208394e+00
2.640000e-05	-2.802797e-03	3.922783e+00
2.641000e-05	-2.290410e-03	3.660075e+00
2.642000e-05	-1.929667e-03	3.366816e+00
2.643000e-05	-2.895112e-03	3.082156e+00
2.644000e-05	-4.058133e-03	2.809522e+00
2.645000e-05	-3.930237e-03	2.522631e+00
2.646000e-05	-2.338383e-03	2.206500e+00
2.647000e-05	-3.631376e-03	1.945884e+00
2.648000e-05	-4.381040e-03	1.600104e+00
2.649000e-05	-4.696188e-03	1.365369e+00
2.650000e-05	-3.226644e-03	1.027928e+00
2.651000e-05	-3.301335e-03	7.032866e-01
2.652000e-05	-5.227898e-03	4.410552e-01
2.653000e-05	-4.340009e-03	1.248617e-01
2.654000e-05	3.262440e-04	-1.373722e-01
2.655000e-05	6.908262e-03	-3.709477e-01
2.656000e-05	-5.531499e-03	-6.563108e-01
2.657000e-05	-8.839521e-04	-9.493923e-01
2.658000e-05	-5.344993e-03	-1.222634e+00
2.659000e-05	9.247300e-05	-1.528470e+00
2.660000e-05	-2.083134e-03	-1.750545e+00
2.661000e-05	2.310031e-02	-1.989475e+00
2.662000e-05	9.351420e-02	-2.276761e+00
2.663000e-05	-2.689945e-02	-2.654728e+00
2.664000e-05	-5.869919e-02	-3.025608e+00
2.665000e-05	-4.410504e-02	-3.389949e+00
2.666000e-05	-1.486754e-02	-3.589896e+00
2.667000e-05	-6.119652e-02	-3.841705e+00
2.668000e-05	3.993406e-02	-4.022625e+00
2.669000e-05	6.051968e-02	-4.252183e+00
2.670000e-05	-1.089347e-01	-4.558848e+00
2.671000e-05	1.848503e-01	-4.780152e+00
2.672000e-05	-1.218390e-01	-5.096315e+00
2.673000e-05	1.832091e-02	-5.465259e+00
2.674000e-05	-1.295742e-02	-5.704784e+00
2.675000e-05	-7.957348e-02	-6.021074e+00
2.676000e-05	1.254668e-01	-6.221704e+00
2.677000e-05	-1.106000e-01	-6.557865e+00
2.678000e-05	8.238082e-02	-6.840075e+00
2.679000e-05	-1.947747e-02	-7.135254e+00
2.680000e-05	-3.465357e-02	-7.390045e+00
2.681000e-05	2.891453e-02	-7.652225e+00
2.682000e-05	-8.837155e-02	-7.926413e+00
2.683000e-05	9.406205e-02	-8.210567e+00
2.684000e-05	-7.054867e-02	-8.401074e+00
2.685000e-05	3.912184e-02	-8.702307e+00
2.686000e-05	-1.216907e-02	-8.955414e+00
2.687000e-05	-3.541874e-02	-9.187469e+00
2.688000e-05	3.659715e-02	-9.357517e+00
2.689000e-05	-6.810917e-02	-9.651124e+00
2.690000e-05	5.569740e-02	-9.872177e+00
2.691000e-05	-5.815044e-02	-1.008380e+01
2.692000e-05	5.002465e-02	-1.031436e+01
2.693000e-05	-4.645474e-02	-1.050641e+01
2.694000e-05	7.718825e-03	-1.075794e+01
2.695000e-05	-1.775486e-02	-1.093546e+01
2.696000e-05	-1.113656e-02	-1.119747e+01
2.697000e-05	4.564865e-03	-1.141797e+01
2.698000e-05	-2.760811e-02	-1.162807e+01
2.699000e-05	1.732642e-02	-1.184754e+01
2.700000e-05	-2.874150e-02	-1.203007e+01
2.701000e-05	1.357243e-02	-1.221862e+01
2.702000e-05	-3.933324e-02	-1.240594e+01
2.703000e-05	9.239377e-03	-1.260599e+01
2.704000e-05	-2.502417e-02	-1.276541e+01
2.705000e-05	4.271043e-03	-1.292491e+01
2.706000e-05	-2.230168e-02	-1.306223e+01
2.707000e-05	-2.662996e-03	-1.324065e+01
2.708000e-05	-1.086600e-02	-1.342744e+01
2.709000e-05	-1.196316e-02	-1.359498e+01
2.710000e-05	-1.440541e-02	-1.373283e+01
2.711000e-05	-1.980518e-02	-1.386115e+01
2.712000e-05	-5.122180e-03	-1.399704e+01
2.713000e-05	-1.805547e-02	-1.412433e+01
2.714000e-05	-8.642663e-03	-1.428969e+01
2.715000e-05	-1.987503e-02	-1.438812e+01
2.716000e-05	-7.284367e-03	-1.452440e+01
2.717000e-05	-1.900905e-02	-1.462704e+01
2.718000e-05	-1.437249e-02	-1.473243e+01
2.719000e-05	-2.063245e-02	-1.483809e+01
2.720000e-05	-1.263703e-02	-1.492391e+01
2.721000e-05	-1.575203e-02	-1.501606e+01
2.722000e-05	-1.618990e-02	-1.508178e+01
2.723000e-05	-2.153443e-02	-1.518388e+01
2.724000e-05	-1.738185e-02	-1.520964e+01
2.725000e-05	-1.898765e-02	-1.531223e+01
2.726000e-05	-1.922675e-02	-1.536334e+01
2.727000e-05	-2.247063e-02	-1.546749e+01
2.728000e-05	-1.994648e-02	-1.547112e+01
2.729000e-05	-1.751823e-02	-1.551336e+01
2.730000e-05	-2.155583e-02	-1.557493e+01
2.731000e-05	-2.272408e-02	-1.558793e+01
2.732000e-05	-2.515938e-02	-1.564849e+01
2.733000e-05	-2.088038e-02	-1.564810e+01
2.734000e-05	-2.563566e-02	-1.569007e+01
2.735000e-05	-2.669024e-02	-1.566172e+01
2.736000e-05	-2.878856e-02	-1.571275e+01
2.737000e-05	-2.744056e-02	-1.565013e+01
2.738000e-05	-2.845146e-02	-1.567123e+01
2.739000e-05	-3.223462e-02	-1.562923e+01
2.740000e-05	-3.351929e-02	-1.564857e+01
2.741000e-05	-3.157162e-02	-1.558854e+01
2.742000e-05	-3.364470e-02	-1.559696e+01
2.743000e-05	-3.759982e-02	-1.556391e+01
2.744000e-05	-4.032023e-02	-1.554185e+01
2.745000e-05	-4.086689e-02	-1.547962e+01
2.746000e-05	-4.253134e-02	-1.544697e+01
2.747000e-05	-4.568020e-02	-1.534496e+01
2.748000e-05	-4.781835e-02	-1.530975e+01
2.749000e-05	-4.802744e-02	-1.523807e+01
2.750000e-05	-4.856865e-02	-1.519236e+01
2.751000e-05	-5.317900e-02	-1.512972e+01
2.752000e-05	-5.764271e-02	-1.501594e+01
2.753000e-05	-6.075489e-02	-1.493183e+01
2.754000e-05	-6.309545e-02	-1.481549e+01
2.755000e-05	-6.727790e-02	-1.473333e+01
2.756000e-05	-6.915689e-02	-1.465002e+01
2.757000e-05	-6.674604e-02	-1.453926e+01
2.758000e-05	-6.540002e-02	-1.441655e+01
2.759000e-05	-6.651063e-02	-1.430915e+01
2.760000e-05	-6.677146e-02	-1.417491e+01
2.761000e-05	-6.555275e-02	-1.399602e+01
2.762000e-05	-6.331753e-02	-1.385164e+01
2.763000e-05	-6.248565e-02	-1.368273e+01
2.764000e-05	-5.942643e-02	-1.358493e+01
2.765000e-05	-5.612354e-02	-1.344749e+01
2.766000e-05	-5.054313e-02	-1.327967e+01
2.767000e-05	-4.729877e-02	-1.310175e+01
2.768000e-05	-4.623525e-02	-1.295286e+01
2.769000e-05	-4.428064e-02	-1.281542e+01
2.770000e-05	-4.270296e-02	-1.262599e+01
2.771000e-05	-3.944219e-02	-1.245862e+01
2.772000e-05	-3.699263e-02	-1.222062e+01
2.773000e-05	-3.495533e-02	-1.208970e+01
2.774000e-05	-3.343018e-02	-1.190075e+01
2.775000e-05	-2.918713e-02	-1.166758e+01
2.776000e-05	-2.792199e-02	-1.141854e+01
2.777000e-05	-2.784663e-02	-1.119649e+01
2.778000e-05	-2.679849e-02	-1.100736e+01
2.779000e-05	-2.447600e-02	-1.078694e+01
2.780000e-05	-2.330266e-02	-1.061494e+01
2.781000e-05	-2.177781e-02	-1.041637e+01
2.782000e-05	-2.115543e-02	-1.012285e+01
2.783000e-05	-1.889932e-02	-9.942733e+00
2.784000e-05	-1.680661e-02	-9.692711e+00
2.785000e-05	-1.763877e-02	-9.501204e+00
2.786000e-05	-1.641459e-02	-9.218397e+00
2.787000e-05	-1.580401e-02	-9.028516e+00
2.788000e-05	-1.450471e-02	-8.715841e+00
2.789000e-05	-1.520865e-02	-8.522261e+00
2.790000e-05	-1.528263e-02	-8.281154e+00
2.791000e-05	-1.348154e-02	-8.061046e+00
2.792000e-05	-1.092695e-02	-7.745412e+00
2.793000e-05	-1.144956e-02	-7.482204e+00
2.794000e-05	-1.133116e-02	-7.227072e+00
2.795000e-05	-1.180233e-02	-6.946882e+00
2.796000e-05	-9.542339e-03	-6.671179e+00
2.797000e-05	-1.130636e-02	-6.459551e+00
2.798000e-05	-1.046125e-02	-6.134414e+00
2.799000e-05	-1.168023e-02	-5.893206e+00
2.800000e-05	-8.176550e-03	-5.577548e+00
2.801000e-05	-8.228493e-03	-5.272359e+00
2.802000e-05	-8.438801e-03	-5.038102e+00
2.803000e-05	-9.029747e-03	-4.722056e+00
2.804000e-05	-6.642213e-03	-4.480555e+00
2.805000e-05	-6.785316e-03	-4.198399e+00
2.806000e-05	-7.664077e-03	-3.915354e+00
2.807000e-05	-8.592331e-03	-3.599550e+00
2.808000e-05	-8.252525e-03	-3.345768e+00
2.809000e-05	-6.033979e-03	-3.012681e+00
2.810000e-05	-6.464612e-03	-2.776844e+00
2.811000e-05	-6.376289e-03	-2.480758e+00
2.812000e-05	-5.617164e-03	-2.217524e+00
2.813000e-05	-3.973910e-03	-1.893713e+00
2.814000e-05	-4.979855e-03	-1.660005e+00
2.815000e-05	-6.968287e-03	-1.261684e+00
2.816000e-05	-7.198129e-03	-1.009001e+00
2.817000e-05	-4.608435e-03	-7.123082e-01
2.818000e-05	-4.293078e-03	-3.694749e-01
2.819000e-05	-1.801655e-03	-9.578691e-02
2.820000e-05	4.338187e-03	1.499949e-01
2.821000e-05	4.888020e-03	4.612052e-01
2.822000e-05	-2.895450e-05	7.242919e-01
2.823000e-05	1.187251e-03	9.589686e-01
2.824000e-05	-1.361090e-03	1.253680e+00
2.825000e-05	-1.650053e-04	1.569945e+00
2.826000e-05	9.070783e-04	1.842105e+00
2.827000e-05	1.735060e-02	2.102730e+00
2.828000e-05	6.488236e-02	2.337841e+00
2.829000e-05	3.727521e-02	2.717836e+00
2.830000e-05	-6.520870e-02	3.041099e+00
2.831000e-05	-4.394126e-02	3.294206e+00
2.832000e-05	-1.725378e-02	3.590545e+00
2.833000e-05	-3.121615e-03	3.852124e+00
2.834000e-05	-5.792023e-02	4.012079e+00
2.835000e-05	2.656746e-02	4.285732e+00
2.836000e-05	6.239136e-02	4.600521e+00
2.837000e-05	-4.015192e-02	4.862751e+00
2.838000e-05	1.193315e-01	5.186917e+00
2.839000e-05	-9.851147e-02	5.494830e+00
2.840000e-05	1.331489e-02	5.716837e+00
2.841000e-05	1.839230e-02	6.061626e+00
2.842000e-05	-1.826167e-02	6.263704e+00
2.843000e-05	3.003963e-02	6.589517e+00
2.844000e-05	-5.444747e-02	6.831153e+00
2.845000e-05	7.126643e-02	7.144761e+00
2.846000e-05	-6.582799e-03	7.431117e+00
2.847000e-05	-1.091183e-02	7.671700e+00
2.848000e-05	-3.047869e-02	7.956911e+00
2.849000e-05	1.666889e-02	8.230149e+00
2.850000e-05	4.943522e-02	8.491574e+00
2.851000e-05	-3.590253e-02	8.663177e+00
2.852000e-05	4.551173e-03	8.934383e+00
2.853000e-05	6.871867e-03	9.185913e+00
2.854000e-05	1.627823e-02	9.387515e+00
2.855000e-05	4.806535e-04	9.640575e+00
2.856000e-05	-1.902746e-02	9.920698e+00
2.857000e-05	1.722574e-02	1.010281e+01
2.858000e-05	1.581647e-02	1.036485e+01
2.859000e-05	1.750104e-02	1.057491e+01
2.860000e-05	-2.311239e-02	1.078539e+01
2.861000e-05	4.213581e-03	1.097691e+01
2.862000e-05	1.760996e-02	1.117754e+01
2.863000e-05	8.180662e-03	1.140749e+01
2.864000e-05	-7.096094e-03	1.162811e+01
2.865000e-05	6.594837e-04	1.182010e+01
2.866000e-05	2.292051e-02	1.199860e+01
2.867000e-05	1.144127e-02	1.219659e+01
2.868000e-05	-4.222765e-03	1.245689e+01
2.869000e-05	-5.439430e-03	1.259746e+01
2.870000e-05	1.567704e-02	1.275541e+01
2.871000e-05	1.342990e-02	1.292280e+01
2.872000e-05	1.463124e-03	1.307072e+01
2.873000e-05	3.016226e-04	1.325814e+01
2.874000e-05	1.695090e-02	1.342754e+01
2.875000e-05	1.571310e-02	1.357483e+01
2.876000e-05	3.233475e-03	1.366123e+01
2.877000e-05	-2.598769e-03	1.388859e+01
2.878000e-05	1.331394e-02	1.404701e+01
2.879000e-05	1.612558e-02	1.411330e+01
2.880000e-05	8.724347e-03	1.428079e+01
2.881000e-05	1.846804e-03	1.442651e+01
2.882000e-05	1.331794e-02	1.456223e+01
2.883000e-05	1.771309e-02	1.463867e+01
2.884000e-05	7.873589e-03	1.474383e+01
2.885000e-05	4.054412e-03	1.485852e+01
2.886000e-05	1.184149e-02	1.495231e+01
2.887000e-05	2.114290e-02	1.501641e+01
2.888000e-05	1.381835e-02	1.508970e+01
2.889000e-05	8.737756e-03	1.518488e+01
2.890000e-05	9.829084e-03	1.523859e+01
2.891000e-05	1.919049e-02	1.529065e+01
2.892000e-05	1.183071e-02	1.529445e+01
2.893000e-05	8.984601e-03	1.545714e+01
2.894000e-05	1.345691e-02	1.551769e+01
2.895000e-05	2.133030e-02	1.554980e+01
2.896000e-05	2.098356e-02	1.555138e+01
2.897000e-05	1.307588e-02	1.561499e+01
2.898000e-05	1.669839e-02	1.566551e+01
2.899000e-05	1.969589e-02	1.562712e+01
2.900000e-05	2.125729e-02	1.566714e+01
2.901000e-05	1.491533e-02	1.566920e+01
2.902000e-05	1.816183e-02	1.565917e+01
2.903000e-05	2.517924e-02	1.568072e+01
2.904000e-05	2.735824e-02	1.565916e+01
2.905000e-05	2.397914e-02	1.566872e+01
2.906000e-05	2.378516e-02	1.564854e+01
2.907000e-05	3.039269e-02	1.563704e+01
2.908000e-05	3.190792e-02	1.561533e+01
2.909000e-05	2.955675e-02	1.558480e+01
2.910000e-05	2.840748e-02	1.550975e+01
2.911000e-05	3.540400e-02	1.545709e+01
2.912000e-05	3.920780e-02	1.544558e+01
2.913000e-05	3.936388e-02	1.537345e+01
2.914000e-05	3.871022e-02	1.528120e+01
2.915000e-05	4.366958e-02	1.520657e+01
2.916000e-05	4.764595e-02	1.513335e+01
2.917000e-05	4.822920e-02	1.504912e+01
2.918000e-05	4.806881e-02	1.499488e+01
2.919000e-05	5.342481e-02	1.487923e+01
2.920000e-05	5.952523e-02	1.479596e+01
2.921000e-05	5.965672e-02	1.471125e+01
2.922000e-05	6.036814e-02	1.465446e+01
2.923000e-05	6.145142e-02	1.448022e+01
2.924000e-05	6.310388e-02	1.441488e+01
2.925000e-05	6.178958e-02	1.423749e+01
2.926000e-05	5.712358e-02	1.410970e+01
2.927000e-05	5.562207e-02	1.394593e+01
2.928000e-05	5.681615e-02	1.383804e+01
2.929000e-05	5.389972e-02	1.365817e+01
2.930000e-05	5.037048e-02	1.354228e+01
2.931000e-05	4.530484e-02	1.337641e+01
2.932000e-05	4.534119e-02	1.326702e+01
2.933000e-05	4.142421e-02	1.305959e+01
2.934000e-05	3.869939e-02	1.289120e+01
2.935000e-05	3.359431e-02	1.274073e+01
2.936000e-05	3.351431e-02	1.254236e+01
2.937000e-05	3.125053e-02	1.236494e+01
2.938000e-05	2.885630e-02	1.222506e+01
2.939000e-05	2.444340e-02	1.201554e+01
2.940000e-05	2.384454e-02	1.178702e+01
2.941000e-05	2.295190e-02	1.161651e+01
2.942000e-05	2.071724e-02	1.138799e+01
2.943000e-05	1.834365e-02	1.116486e+01
2.944000e-05	1.737661e-02	1.097684e+01
2.945000e-05	1.685941e-02	1.080436e+01
2.946000e-05	1.513553e-02	1.056283e+01
2.947000e-05	1.203837e-02	1.034478e+01
2.948000e-05	9.667670e-03	1.009228e+01
2.949000e-05	1.108301e-02	9.899197e+00
2.950000e-05	1.044424e-02	9.647544e+00
2.951000e-05	8.139483e-03	9.397491e+00
2.952000e-05	7.183761e-03	9.206043e+00
2.953000e-05	6.648754e-03	8.944234e+00
2.954000e-05	6.902365e-03	8.710233e+00
2.955000e-05	4.999462e-03	8.441129e+00
2.956000e-05	3.368773e-03	8.178646e+00
2.957000e-05	3.394832e-03	7.965385e+00
2.958000e-05	3.988530e-03	7.712204e+00
2.959000e-05	3.394786e-03	7.436672e+00
2.960000e-05	1.424015e-03	7.166838e+00
2.961000e-05	1.938572e-03	6.892178e+00
2.962000e-05	1.460242e-03	6.608601e+00
2.963000e-05	3.653578e-04	6.355891e+00
2.964000e-05	9.538280e-04	6.131735e+00
2.965000e-05	5.124144e-04	5.841125e+00
2.966000e-05	-7.068300e-04	5.587416e+00
2.967000e-05	-5.260840e-04	5.281229e+00
2.968000e-05	-1.526462e-03	4.914359e+00
2.969000e-05	-6.409445e-05	4.619627e+00
2.970000e-05	-3.586701e-03	4.408948e+00
2.971000e-05	-1.069121e-03	4.092230e+00
2.972000e-05	-4.890842e-03	3.827946e+00
2.973000e-05	-9.353603e-04	3.548936e+00
2.974000e-05	-1.365758e-03	3.229979e+00
2.975000e-05	-1.558209e-03	2.964818e+00
2.976000e-05	-3.873232e-03	2.703784e+00
2.977000e-05	-4.571450e-03	2.387575e+00
2.978000e-05	-5.323874e-03	2.103659e+00
2.979000e-05	-6.634355e-03	1.811076e+00
2.980000e-05	-3.809757e-03	1.505261e+00
2.981000e-05	-4.239259e-03	1.250577e+00
2.982000e-05	-1.564200e-03	9.026340e-01
2.983000e-05	-2.920690e-03	6.190748e-01
2.984000e-05	-2.441563e-03	2.887894e-01
2.985000e-05	-6.205079e-03	1.052869e-02
2.986000e-05	3.272059e-03	-2.330856e-01
2.987000e-05	-8.624607e-04	-4.766859e-01
2.988000e-05	-1.285614e-03	-8.290439e-01
2.989000e-05	-3.715298e-03	-1.063631e+00
2.990000e-05	-8.490596e-04	-1.368921e+00
2.991000e-05	-2.433224e-03	-1.661604e+00
2.992000e-05	6.559641e-03	-1.884261e+00
2.993000e-05	4.572878e-02	-2.105710e+00
2.994000e-05	7.604578e-02	-2.422504e+00
2.995000e-05	-7.527652e-02	-2.819573e+00
2.996000e-05	-3.794122e-02	-3.198595e+00
2.997000e-05	-4.076335e-02	-3.462152e+00
2.998000e-05	-1.199928e-02	-3.673757e+00
2.999000e-05	-6.712049e-02	-3.978942e+00
3.000000e-05	1.191984e-01	-4.085761e+00
3.001000e-05	-6.597233e-02	-4.348840e+00
3.002000e-05	1.948192e-02	-4.683233e+00
3.003000e-05	1.084903e-01	-4.924808e+00
3.004000e-05	-1.546127e-01	-5.324855e+00
3.005000e-05	9.757296e-02	-5.558391e+00
3.006000e-05	-1.219276e-01	-5.821050e+00
3.007000e-05	5.019936e-02	-6.106286e+00
3.008000e-05	3.128908e-02	-6.346881e+00
3.009000e-05	-7.438457e-02	-6.683704e+00
3.010000e-05	1.075347e-01	-6.903206e+00
3.011000e-05	-9.070042e-02	-7.220023e+00
3.012000e-05	4.041347e-02	-7.514803e+00
3.013000e-05	-5.117605e-02	-7.716386e+00
3.014000e-05	-1.247002e-02	-8.080699e+00
3.015000e-05	5.923852e-02	-8.281729e+00
3.016000e-05	-7.639573e-02	-8.546865e+00
3.017000e-05	7.835122e-02	-8.820020e+00
3.018000e-05	-7.973106e-02	-9.019624e+00
3.019000e-05	3.745898e-02	-9.272675e+00
3.020000e-05	-3.506180e-02	-9.501678e+00
3.021000e-05	-6.244241e-03	-9.725959e+00
3.022000e-05	1.418075e-02	-9.944838e+00
3.023000e-05	-3.095070e-02	-1.019491e+01
3.024000e-05	4.052110e-02	-1.039812e+01
3.025000e-05	-5.932965e-02	-1.064060e+01
3.026000e-05	3.136978e-02	-1.083010e+01
3.027000e-05	-5.035519e-02	-1.101962e+01
3.028000e-05	2.476098e-02	-1.124177e+01
3.029000e-05	-3.305205e-02	-1.146115e+01
3.030000e-05	8.457086e-03	-1.173283e+01
3.031000e-05	-1.220663e-02	-1.194275e+01
3.032000e-05	-4.565075e-03	-1.212280e+01
3.033000e-05	-1.043158e-02	-1.231170e+01
3.034000e-05	-2.354032e-02	-1.243230e+01
3.035000e-05	2.550482e-03	-1.269965e+01
3.036000e-05	-2.142629e-02	-1.284914e+01
3.037000e-05	3.945055e-03	-1.297749e+01
3.038000e-05	-2.705320e-02	-1.314486e+01
3.039000e-05	5.824915e-03	-1.330425e+01
3.040000e-05	-2.285027e-02	-1.349114e+01
3.041000e-05	-3.319718e-03	-1.363812e+01
3.042000e-05	-2.579430e-02	-1.377581e+01
3.043000e-05	-5.354054e-03	-1.395223e+01
3.044000e-05	-1.446165e-02	-1.405970e+01
3.045000e-05	-1.052278e-02	-1.417803e+01
3.046000e-05	-1.687134e-02	-1.434172e+01
3.047000e-05	-1.403077e-02	-1.444015e+01
3.048000e-05	-1.266129e-02	-1.457340e+01
3.049000e-05	-1.892183e-02	-1.465967e+01
3.050000e-05	-1.600585e-02	-1.478594e+01
3.051000e-05	-1.782604e-02	-1.484020e+01
3.052000e-05	-1.137432e-02	-1.495486e+01
3.053000e-05	-1.770316e-02	-1.503862e+01
3.054000e-05	-1.697026e-02	-1.511327e+01
3.055000e-05	-2.081331e-02	-1.521602e+01
3.056000e-05	-1.543806e-02	-1.524970e+01
3.057000e-05	-2.159977e-02	-1.534233e+01
3.058000e-05	-1.934980e-02	-1.537696e+01
3.059000e-05	-2.265007e-02	-1.547017e+01
3.060000e-05	-1.575056e-02	-1.551227e+01
3.061000e-05	-2.151772e-02	-1.551338e+01
3.062000e-05	-2.309142e-02	-1.558336e+01
3.063000e-05	-2.423331e-02	-1.560549e+01
3.064000e-05	-2.331668e-02	-1.563802e+01
3.065000e-05	-2.312256e-02	-1.566970e+01
3.066000e-05	-2.711039e-02	-1.565823e+01
3.067000e-05	-2.606607e-02	-1.571135e+01
3.068000e-05	-2.664218e-02	-1.569063e+01
3.069000e-05	-2.654864e-02	-1.566918e+01
3.070000e-05	-3.126839e-02	-1.567915e+01
3.071000e-05	-3.175004e-02	-1.564855e+01
3.072000e-05	-3.262722e-02	-1.561859e+01
3.073000e-05	-3.360983e-02	-1.558704e+01
3.074000e-05	-3.748678e-02	-1.559384e+01
3.075000e-05	-3.860325e-02	-1.555341e+01
3.076000e-05	-3.877010e-02	-1.549022e+01
3.077000e-05	-3.909108e-02	-1.542959e+01
3.078000e-05	-4.242037e-02	-1.540649e+01
3.079000e-05	-4.491764e-02	-1.532086e+01
3.080000e-05	-4.788908e-02	-1.527115e+01
3.081000e-05	-4.896486e-02	-1.524806e+01
3.082000e-05	-5.281184e-02	-1.518283e+01
3.083000e-05	-5.696565e-02	-1.506875e+01
3.084000e-05	-5.971251e-02	-1.499553e+01
3.085000e-05	-6.071989e-02	-1.488070e+01
3.086000e-05	-6.190102e-02	-1.479494e+01
3.087000e-05	-6.567782e-02	-1.466125e+01
3.088000e-05	-6.746317e-02	-1.461446e+01
3.089000e-05	-6.748787e-02	-1.446967e+01
3.090000e-05	-6.701421e-02	-1.439490e+01
3.091000e-05	-6.834753e-02	-1.422654e+01
3.092000e-05	-6.761772e-02	-1.406830e+01
3.093000e-05	-6.476974e-02	-1.393286e+01
3.094000e-05	-6.077291e-02	-1.381654e+01
3.095000e-05	-6.011032e-02	-1.367007e+01
3.096000e-05	-5.799405e-02	-1.350235e+01
3.097000e-05	-5.365352e-02	-1.339541e+01
3.098000e-05	-5.004679e-02	-1.323600e+01
3.099000e-05	-4.882247e-02	-1.303965e+01
3.100000e-05	-4.589977e-02	-1.290170e+01
3.101000e-05	-4.326964e-02	-1.271383e+01
3.102000e-05	-3.974696e-02	-1.256341e+01
3.103000e-05	-3.876166e-02	-1.238579e+01
3.104000e-05	-3.692257e-02	-1.219757e+01
3.105000e-05	-3.402778e-02	-1.198707e+01
3.106000e-05	-3.053836e-02	-1.181547e+01
3.107000e-05	-2.960404e-02	-1.155538e+01
3.108000e-05	-2.951924e-02	-1.134136e+01
3.109000e-05	-2.672994e-02	-1.113176e+01
3.110000e-05	-2.415774e-02	-1.091481e+01
3.111000e-05	-2.320000e-02	-1.073225e+01
3.112000e-05	-2.344217e-02	-1.050276e+01
3.113000e-05	-2.086473e-02	-1.029266e+01
3.114000e-05	-1.890976e-02	-1.004810e+01
3.115000e-05	-1.907662e-02	-9.869076e+00
3.116000e-05	-1.905907e-02	-9.618597e+00
3.117000e-05	-1.750539e-02	-9.407462e+00
3.118000e-05	-1.608024e-02	-9.124785e+00
3.119000e-05	-1.478187e-02	-8.922807e+00
3.120000e-05	-1.593772e-02	-8.688554e+00
3.121000e-05	-1.436156e-02	-8.429495e+00
3.122000e-05	-1.281939e-02	-8.207442e+00
3.123000e-05	-1.241589e-02	-7.964339e+00
3.124000e-05	-1.288633e-02	-7.639600e+00
3.125000e-05	-1.216487e-02	-7.386942e+00
3.126000e-05	-1.035239e-02	-7.122737e+00
3.127000e-05	-1.097873e-02	-6.859552e+00
3.128000e-05	-1.093264e-02	-6.586397e+00
3.129000e-05	-1.088176e-02	-6.364261e+00
3.130000e-05	-8.414104e-03	-6.099576e+00
3.131000e-05	-9.622395e-03	-5.786946e+00
3.132000e-05	-8.009690e-03	-5.521336e+00
3.133000e-05	-9.351584e-03	-5.158972e+00
3.134000e-05	-6.857266e-03	-4.900713e+00
3.135000e-05	-8.195241e-03	-4.557441e+00
3.136000e-05	-5.893980e-03	-4.345816e+00
3.137000e-05	-8.548426e-03	-4.093238e+00
3.138000e-05	-6.800895e-03	-3.828000e+00
3.139000e-05	-9.369352e-03	-3.504766e+00
3.140000e-05	-7.244125e-03	-3.271083e+00
3.141000e-05	-7.405701e-03	-2.964814e+00
3.142000e-05	-4.753175e-03	-2.660629e+00
3.143000e-05	-5.377916e-03	-2.397972e+00
3.144000e-05	-4.625418e-03	-2.062134e+00
3.145000e-05	-5.567798e-03	-1.816951e+00
3.146000e-05	-5.314484e-03	-1.504341e+00
3.147000e-05	-5.694770e-03	-1.128341e+00
3.148000e-05	-6.159903e-03	-9.031815e-01
3.149000e-05	-4.517642e-03	-5.658471e-01
3.150000e-05	-4.119555e-03	-2.947142e-01
3.151000e-05	-2.613288e-04	-2.150627e-02
3.152000e-05	7.700113e-03	2.847121e-01
3.153000e-05	-3.762486e-04	5.373160e-01
3.154000e-05	2.031388e-03	7.504699e-01
3.155000e-05	-2.166983e-03	1.104313e+00
3.156000e-05	1.296597e-03	1.359466e+00
3.157000e-05	-8.113124e-04	1.695753e+00
3.158000e-05	6.300976e-03	1.927786e+00
3.159000e-05	2.637838e-02	2.179042e+00
3.160000e-05	8.185849e-02	2.522654e+00
3.161000e-05	-2.069129e-02	2.861673e+00
3.162000e-05	-5.827210e-02	3.147341e+00
3.163000e-05	-4.155826e-02	3.431569e+00
3.164000e-05	2.772846e-03	3.713736e+00
3.165000e-05	-2.837168e-02	3.905831e+00
3.166000e-05	-4.819890e-02	4.144861e+00
3.167000e-05	8.066022e-02	4.438679e+00
3.168000e-05	-1.243221e-02	4.695783e+00
3.169000e-05	4.332586e-02	4.957413e+00
3.170000e-05	4.622974e-02	5.325306e+00
3.171000e-05	-9.731899e-02	5.589569e+00
3.172000e-05	5.443412e-02	5.810651e+00
3.173000e-05	-2.097259e-02	6.145338e+00
3.174000e-05	1.781973e-02	6.386340e+00
3.175000e-05	-1.409057e-02	6.753129e+00
3.176000e-05	-1.416457e-02	6.967915e+00
3.177000e-05	6.987236e-02	7.261552e+00
3.178000e-05	-3.435302e-02	7.493351e+00
3.179000e-05	-4.263933e-03	7.778465e+00
3.180000e-05	-3.439274e-02	8.082155e+00
3.181000e-05	5.487092e-02	8.345780e+00
3.182000e-05	1.411254e-02	8.525339e+00
3.183000e-05	-3.698853e-02	8.807937e+00
3.184000e-05	2.399461e-02	9.060066e+00
3.185000e-05	-5.393010e-03	9.314198e+00
3.186000e-05	2.859288e-02	9.473229e+00
3.187000e-05	-2.938204e-02	9.734911e+00
3.188000e-05	7.718261e-03	1.002694e+01
3.189000e-05	1.185966e-02	1.025759e+01
3.190000e-05	2.358195e-02	1.042949e+01
3.191000e-05	-1.244896e-03	1.064972e+01
3.192000e-05	-2.360471e-02	1.087065e+01
3.193000e-05	2.239168e-02	1.104160e+01
3.194000e-05	5.921520e-03	1.127975e+01
3.195000e-05	1.036651e-02	1.150168e+01
3.196000e-05	-1.751936e-02	1.174185e+01
3.197000e-05	2.290695e-02	1.193378e+01
3.198000e-05	1.431703e-02	1.210430e+01
3.199000e-05	8.543920e-03	1.231167e+01
3.200000e-05	-1.253008e-02	1.245172e+01
3.201000e-05	5.710027e-03	1.266017e+01
3.202000e-05	2.085009e-02	1.280702e+01
3.203000e-05	5.741308e-03	1.296549e+01
3.204000e-05	2.721776e-04	1.314428e+01
3.205000e-05	3.336676e-03	1.330333e+01
3.206000e-05	2.571486e-02	1.345067e+01
3.207000e-05	5.441614e-03	1.360749e+01
3.208000e-05	8.788716e-04	1.375493e+01
3.209000e-05	-9.923243e-04	1.397075e+01
3.210000e-05	2.042387e-02	1.409812e+01
3.211000e-05	1.327128e-02	1.421351e+01
3.212000e-05	3.691630e-03	1.435590e+01
3.213000e-05	6.691140e-03	1.450912e+01
3.214000e-05	1.683112e-02	1.462401e+01
3.215000e-05	1.694150e-02	1.470030e+01
3.216000e-05	2.189219e-03	1.479341e+01
3.217000e-05	8.255685e-03	1.489115e+01
3.218000e-05	1.443640e-02	1.496239e+01
3.219000e-05	1.965215e-02	1.503759e+01
3.220000e-05	7.306083e-03	1.510222e+01
3.221000e-05	8.310971e-03	1.517748e+01
3.222000e-05	1.531268e-02	1.527021e+01
3.223000e-05	1.884217e-02	1.534235e+01
3.224000e-05	1.035809e-02	1.535450e+01
3.225000e-05	8.423476e-03	1.547013e+01
3.226000e-05	1.843553e-02	1.549029e+01
3.227000e-05	2.170838e-02	1.555338e+01
3.228000e-05	1.607226e-02	1.561288e+01
3.229000e-05	1.135413e-02	1.558606e+01
3.230000e-05	1.869889e-02	1.560861e+01
3.231000e-05	2.346242e-02	1.568859e+01
3.232000e-05	1.930699e-02	1.566709e+01
3.233000e-05	1.606087e-02	1.567922e+01
3.234000e-05	2.098052e-02	1.566817e+01
3.235000e-05	2.762403e-02	1.567920e+01
3.236000e-05	2.435630e-02	1.569667e+01
3.237000e-05	2.162322e-02	1.562871e+01
3.238000e-05	2.512353e-02	1.562559e+01
3.239000e-05	3.265230e-02	1.558448e+01
3.240000e-05	3.269982e-02	1.555288e+01
3.241000e-05	2.770565e-02	1.556133e+01
3.242000e-05	3.155228e-02	1.546969e+01
3.243000e-05	3.717947e-02	1.543757e+01
3.244000e-05	3.896534e-02	1.538406e+01
3.245000e-05	3.527798e-02	1.531280e+01
3.246000e-05	3.986344e-02	1.525759e+01
3.247000e-05	4.682141e-02	1.519638e+01
3.248000e-05	4.988107e-02	1.510177e+01
3.249000e-05	4.707453e-02	1.500957e+01
3.250000e-05	4.879395e-02	1.492030e+01
3.251000e-05	5.761204e-02	1.487807e+01
3.252000e-05	6.014708e-02	1.479183e+01
3.253000e-05	5.891685e-02	1.466861e+01
3.254000e-05	5.745450e-02	1.456388e+01
3.255000e-05	6.272901e-02	1.440755e+01
3.256000e-05	6.422159e-02	1.432330e+01
3.257000e-05	5.956047e-02	1.419444e+01
3.258000e-05	5.633402e-02	1.407657e+01
3.259000e-05	5.731026e-02	1.392123e+01
3.260000e-05	5.761868e-02	1.377438e+01
3.261000e-05	5.182076e-02	1.360692e+01
3.262000e-05	4.633279e-02	1.344867e+01
3.263000e-05	4.456071e-02	1.331225e+01
3.264000e-05	4.639534e-02	1.319386e+01
3.265000e-05	4.049131e-02	1.302598e+01
3.266000e-05	3.575665e-02	1.281654e+01
3.267000e-05	3.406745e-02	1.263962e+01
3.268000e-05	3.457287e-02	1.251018e+01
3.269000e-05	3.136004e-02	1.230985e+01
3.270000e-05	2.545113e-02	1.215231e+01
3.271000e-05	2.445835e-02	1.195330e+01
3.272000e-05	2.424023e-02	1.173396e+01
3.273000e-05	2.364864e-02	1.154237e+01
3.274000e-05	1.739025e-02	1.133117e+01
3.275000e-05	1.650220e-02	1.111118e+01
3.276000e-05	1.812070e-02	1.090113e+01
3.277000e-05	1.734392e-02	1.070973e+01
3.278000e-05	1.173636e-02	1.049810e+01
3.279000e-05	1.068492e-02	1.024907e+01
3.280000e-05	1.163391e-02	1.004604e+01
3.281000e-05	1.237037e-02	9.824885e+00
3.282000e-05	7.998950e-03	9.553757e+00
3.283000e-05	6.476867e-03	9.313258e+00
3.284000e-05	7.420807e-03	9.112224e+00
3.285000e-05	8.268884e-03	8.807517e+00
3.286000e-05	5.283260e-03	8.608041e+00
3.287000e-05	2.919057e-03	8.387917e+00
3.288000e-05	4.501178e-03	8.183358e+00
3.289000e-05	4.852953e-03	7.869128e+00
3.290000e-05	3.757425e-03	7.596966e+00
3.291000e-05	2.044376e-03	7.333681e+00
3.292000e-05	2.490810e-03	7.080175e+00
3.293000e-05	2.563064e-03	6.808947e+00
3.294000e-05	1.504587e-03	6.523267e+00
3.295000e-05	-6.200952e-04	6.290053e+00
3.296000e-05	7.928107e-04	6.027071e+00
3.297000e-05	3.312023e-04	5.754805e+00
3.298000e-05	-7.532517e-05	5.461230e+00
3.299000e-05	-3.091946e-03	5.185838e+00
3.300000e-05	-1.002479e-03	4.798023e+00
3.301000e-05	-8.223952e-04	4.576842e+00
3.302000e-05	-1.706798e-03	4.261284e+00
3.303000e-05	-2.670676e-03	3.965868e+00
3.304000e-05	-3.526972e-03	3.682209e+00
3.305000e-05	-2.479525e-03	3.392079e+00
3.306000e-05	-2.470153e-03	3.115312e+00
3.307000e-05	-4.163559e-03	2.881130e+00
3.308000e-05	-4.438788e-03	2.565868e+00
3.309000e-05	-3.327531e-03	2.270556e+00
3.310000e-05	-3.507654e-03	2.029476e+00
3.311000e-05	-4.034816e-03	1.724262e+00
3.312000e-05	-4.196109e-03	1.440902e+00
3.313000e-05	-3.973905e-03	1.104212e+00
3.314000e-05	-2.829210e-03	7.509196e-01
3.315000e-05	-4.067355e-03	5.031628e-01
3.316000e-05	-4.400137e-03	1.980751e-01
3.317000e-05	-1.634165e-03	-9.370839e-02
3.318000e-05	7.473318e-03	-3.578698e-01
3.319000e-05	-3.448770e-03	-5.915779e-01
3.320000e-05	-4.643243e-04	-9.057346e-01
3.321000e-05	-6.313944e-03	-1.179521e+00
3.322000e-05	7.679354e-05	-1.485758e+00
3.323000e-05	-3.531564e-03	-1.716342e+00
3.324000e-05	1.577322e-02	-1.939967e+00
3.325000e-05	8.054606e-02	-2.230000e+00
3.326000e-05	1.675822e-02	-2.548464e+00
3.327000e-05	-7.258084e-02	-2.999545e+00
3.328000e-05	-3.792867e-02	-3.316337e+00
3.329000e-05	-2.508279e-02	-3.537315e+00
3.330000e-05	-4.072377e-02	-3.789571e+00
3.331000e-05	-1.456220e-02	-4.041124e+00
3.332000e-05	1.146608e-01	-4.158969e+00
3.333000e-05	-1.355342e-01	-4.504332e+00
3.334000e-05	1.527258e-01	-4.739463e+00
3.335000e-05	-4.163377e-02	-5.012079e+00
3.336000e-05	-5.751949e-02	-5.439599e+00
3.337000e-05	5.485543e-02	-5.662154e+00
3.338000e-05	-1.337571e-01	-5.935920e+00
3.339000e-05	1.306514e-01	-6.218474e+00
3.340000e-05	-7.958942e-02	-6.471203e+00
3.341000e-05	2.752412e-02	-6.777867e+00
3.342000e-05	4.245741e-02	-6.990520e+00
3.343000e-05	-7.365431e-02	-7.345937e+00
3.344000e-05	5.966792e-02	-7.598068e+00
3.345000e-05	-1.004134e-01	-7.872210e+00
3.346000e-05	7.044996e-02	-8.136412e+00
3.347000e-05	-2.965402e-02	-8.367469e+00
3.348000e-05	-9.651381e-03	-8.662122e+00
3.349000e-05	3.711074e-02	-8.842778e+00
3.350000e-05	-7.309819e-02	-9.115815e+00
3.351000e-05	6.106401e-02	-9.353888e+00
3.352000e-05	-7.577413e-02	-9.577966e+00
3.353000e-05	5.111024e-02	-9.808096e+00
3.354000e-05	-4.545817e-02	-1.004210e+01
3.355000e-05	2.522256e-02	-1.029120e+01
3.356000e-05	-1.626248e-02	-1.046426e+01
3.357000e-05	-2.105155e-02	-1.072428e+01
3.358000e-05	8.209674e-03	-1.089426e+01
3.359000e-05	-3.645164e-02	-1.113436e+01
3.360000e-05	2.335548e-02	-1.136544e+01
3.361000e-05	-3.886849e-02	-1.157541e+01
3.362000e-05	2.614699e-02	-1.178651e+01
3.363000e-05	-3.474943e-02	-1.199692e+01
3.364000e-05	1.320554e-02	-1.222749e+01
3.365000e-05	-3.569754e-02	-1.232436e+01
3.366000e-05	1.970264e-03	-1.255491e+01
3.367000e-05	-1.847525e-02	-1.273276e+01
3.368000e-05	-5.760733e-03	-1.290183e+01
3.369000e-05	-1.079168e-02	-1.304067e+01
3.370000e-05	-1.244174e-02	-1.318757e+01
3.371000e-05	-1.766754e-03	-1.336651e+01
3.372000e-05	-2.202651e-02	-1.354081e+01
3.373000e-05	-6.288639e-03	-1.362077e+01
3.374000e-05	-2.525028e-02	-1.382762e+01
3.375000e-05	-2.360189e-03	-1.395694e+01
3.376000e-05	-2.236855e-02	-1.413242e+01
3.377000e-05	-5.790540e-03	-1.424864e+01
3.378000e-05	-1.935934e-02	-1.437396e+01
3.379000e-05	-7.126335e-03	-1.450172e+01
3.380000e-05	-1.907777e-02	-1.460588e+01
3.381000e-05	-1.467375e-02	-1.469075e+01
3.382000e-05	-1.769019e-02	-1.478749e+01
3.383000e-05	-1.553507e-02	-1.488233e+01
3.384000e-05	-1.466758e-02	-1.500644e+01
3.385000e-05	-1.762882e-02	-1.507967e+01
3.386000e-05	-1.758782e-02	-1.519290e+01
3.387000e-05	-1.924681e-02	-1.523754e+01
3.388000e-05	-1.830494e-02	-1.531277e+01
3.389000e-05	-2.058291e-02	-1.533278e+01
3.390000e-05	-1.884306e-02	-1.543652e+01
3.391000e-05	-2.096797e-02	-1.550113e+01
3.392000e-05	-1.785976e-02	-1.548083e+01
3.393000e-05	-2.289070e-02	-1.557288e+01
3.394000e-05	-2.111954e-02	-1.558696e+01
3.395000e-05	-2.443020e-02	-1.559706e+01
3.396000e-05	-2.274079e-02	-1.565760e+01
3.397000e-05	-2.492739e-02	-1.567917e+01
3.398000e-05	-2.595365e-02	-1.566972e+01
3.399000e-05	-2.564116e-02	-1.568125e+01
3.400000e-05	-2.773217e-02	-1.567117e+01
3.401000e-05	-2.843029e-02	-1.570072e+01
3.402000e-05	-3.058120e-02	-1.565917e+01
3.403000e-05	-3.116586e-02	-1.566765e+01
3.404000e-05	-3.338702e-02	-1.562857e+01
3.405000e-05	-3.555000e-02	-1.556599e+01
3.406000e-05	-3.656963e-02	-1.559501e+01
3.407000e-05	-3.841453e-02	-1.553275e+01
3.408000e-05	-3.962053e-02	-1.547075e+01
3.409000e-05	-4.144645e-02	-1.544856e+01
3.410000e-05	-4.412074e-02	-1.539591e+01
3.411000e-05	-4.580901e-02	-1.528223e+01
3.412000e-05	-4.818308e-02	-1.527857e+01
3.413000e-05	-5.031294e-02	-1.521594e+01
3.414000e-05	-5.458103e-02	-1.508028e+01
3.415000e-05	-5.701830e-02	-1.504654e+01
3.416000e-05	-5.953839e-02	-1.492391e+01
3.417000e-05	-6.214377e-02	-1.483707e+01
3.418000e-05	-6.410171e-02	-1.474385e+01
3.419000e-05	-6.759325e-02	-1.466964e+01
3.420000e-05	-6.770802e-02	-1.455283e+01
3.421000e-05	-6.785281e-02	-1.440867e+01
3.422000e-05	-6.740963e-02	-1.432122e+01
3.423000e-05	-6.738189e-02	-1.413393e+01
3.424000e-05	-6.619353e-02	-1.403957e+01
3.425000e-05	-6.334358e-02	-1.392120e+01
3.426000e-05	-6.143620e-02	-1.376341e+01
3.427000e-05	-5.905256e-02	-1.363704e+01
3.428000e-05	-5.699470e-02	-1.346862e+01
3.429000e-05	-5.352030e-02	-1.332170e+01
3.430000e-05	-4.987622e-02	-1.313336e+01
3.431000e-05	-4.719642e-02	-1.297699e+01
3.432000e-05	-4.495125e-02	-1.286657e+01
3.433000e-05	-4.283368e-02	-1.267867e+01
3.434000e-05	-4.024698e-02	-1.251073e+01
3.435000e-05	-3.715491e-02	-1.230120e+01
3.436000e-05	-3.571933e-02	-1.210436e+01
3.437000e-05	-3.359999e-02	-1.193190e+01
3.438000e-05	-3.117059e-02	-1.171120e+01
3.439000e-05	-2.873715e-02	-1.153169e+01
3.440000e-05	-2.689490e-02	-1.126817e+01
3.441000e-05	-2.663477e-02	-1.102902e+01
3.442000e-05	-2.485514e-02	-1.082012e+01
3.443000e-05	-2.300571e-02	-1.068867e+01
3.444000e-05	-2.194249e-02	-1.041910e+01
3.445000e-05	-2.122914e-02	-1.019597e+01
3.446000e-05	-1.930993e-02	-9.937386e+00
3.447000e-05	-1.786907e-02	-9.765816e+00
3.448000e-05	-1.696262e-02	-9.522833e+00
3.449000e-05	-1.778242e-02	-9.281105e+00
3.450000e-05	-1.659465e-02	-9.069150e+00
3.451000e-05	-1.503522e-02	-8.850045e+00
3.452000e-05	-1.422682e-02	-8.575464e+00
3.453000e-05	-1.474212e-02	-8.305284e+00
3.454000e-05	-1.312944e-02	-8.072757e+00
3.455000e-05	-1.078622e-02	-7.777595e+00
3.456000e-05	-1.083288e-02	-7.504807e+00
3.457000e-05	-1.098978e-02	-7.230179e+00
3.458000e-05	-1.076160e-02	-7.017971e+00
3.459000e-05	-9.280270e-03	-6.735391e+00
3.460000e-05	-1.081243e-02	-6.512708e+00
3.461000e-05	-1.056117e-02	-6.219150e+00
3.462000e-05	-1.120416e-02	-5.966340e+00
3.463000e-05	-9.491863e-03	-5.651155e+00
3.464000e-05	-7.509848e-03	-5.366474e+00
3.465000e-05	-8.251573e-03	-5.072662e+00
3.466000e-05	-7.080111e-03	-4.732387e+00
3.467000e-05	-6.209376e-03	-4.492153e+00
3.468000e-05	-5.646304e-03	-4.250654e+00
3.469000e-05	-8.857531e-03	-3.999343e+00
3.470000e-05	-9.352041e-03	-3.672080e+00
3.471000e-05	-1.034449e-02	-3.409499e+00
3.472000e-05	-5.097696e-03	-3.124313e+00
3.473000e-05	-5.970255e-03	-2.798072e+00
3.474000e-05	-3.076122e-03	-2.566895e+00
3.475000e-05	-5.331141e-03	-2.262809e+00
3.476000e-05	-3.240875e-03	-1.987945e+00
3.477000e-05	-5.874309e-03	-1.694263e+00
3.478000e-05	-7.588291e-03	-1.367470e+00
3.479000e-05	-9.638626e-03	-1.051633e+00
3.480000e-05	-5.252583e-03	-7.784235e-01
3.481000e-05	-2.943651e-03	-4.525828e-01
3.482000e-05	-1.571288e-03	-1.889746e-01
3.483000e-05	2.598156e-03	3.415783e-02
3.484000e-05	8.082268e-03	3.590212e-01
3.485000e-05	-7.943458e-04	6.507251e-01
3.486000e-05	2.792232e-04	8.842844e-01
3.487000e-05	-5.023302e-03	1.192100e+00
3.488000e-05	1.027587e-03	1.493313e+00
3.489000e-05	1.443341e-04	1.818474e+00
3.490000e-05	1.279864e-02	2.032574e+00
3.491000e-05	4.730730e-02	2.283180e+00
3.492000e-05	6.771828e-02	2.660624e+00
3.493000e-05	-5.723716e-02	2.957840e+00
3.494000e-05	-4.639822e-02	3.262602e+00
3.495000e-05	-3.257023e-02	3.527940e+00
3.496000e-05	5.430365e-03	3.768467e+00
3.497000e-05	-5.148612e-02	3.977972e+00
3.498000e-05	-8.065733e-03	4.259623e+00
3.499000e-05	8.941085e-02	4.535363e+00
3.500000e-05	-5.618173e-02	4.829545e+00
3.501000e-05	1.186840e-01	5.074260e+00
3.502000e-05	-5.969578e-02	5.431224e+00
3.503000e-05	-3.214041e-02	5.723829e+00
3.504000e-05	4.136978e-02	5.979389e+00
3.505000e-05	-3.084026e-02	6.250621e+00
3.506000e-05	3.916592e-02	6.523828e+00
3.507000e-05	-5.234601e-02	6.810617e+00
3.508000e-05	4.771730e-02	7.040695e+00
3.509000e-05	2.461463e-02	7.346907e+00
3.510000e-05	-2.435781e-02	7.630500e+00
3.511000e-05	-1.928290e-02	7.923809e+00
3.512000e-05	-7.894894e-03	8.216963e+00
3.513000e-05	6.134830e-02	8.409019e+00
3.514000e-05	-2.330518e-02	8.610070e+00
3.515000e-05	-1.214605e-02	8.872248e+00
3.516000e-05	1.777669e-02	9.143805e+00
3.517000e-05	2.962582e-03	9.345361e+00
3.518000e-05	1.716923e-02	9.556944e+00
3.519000e-05	-3.058564e-02	9.857070e+00
3.520000e-05	1.937997e-02	1.005120e+01
3.521000e-05	1.197322e-02	1.029165e+01
3.522000e-05	2.165317e-02	1.048278e+01
3.523000e-05	-1.656983e-02	1.072386e+01
3.524000e-05	-8.976912e-03	1.092483e+01
3.525000e-05	2.424445e-02	1.114236e+01
3.526000e-05	3.915550e-03	1.132590e+01
3.527000e-05	3.261856e-03	1.156488e+01
3.528000e-05	-1.007546e-02	1.179646e+01
3.529000e-05	2.835401e-02	1.200654e+01
3.530000e-05	9.975323e-03	1.217651e+01
3.531000e-05	2.047516e-03	1.240438e+01
3.532000e-05	-1.032341e-02	1.255441e+01
3.533000e-05	1.253883e-02	1.270330e+01
3.534000e-05	1.713545e-02	1.283222e+01
3.535000e-05	1.722955e-03	1.304764e+01
3.536000e-05	1.605568e-03	1.322754e+01
3.537000e-05	1.135375e-02	1.337493e+01
3.538000e-05	2.106521e-02	1.354281e+01
3.539000e-05	2.364379e-03	1.362057e+01
3.540000e-05	-1.064202e-03	1.382809e+01
3.541000e-05	7.457142e-03	1.397291e+01
3.542000e-05	1.882656e-02	1.413222e+01
3.543000e-05	9.941795e-03	1.420867e+01
3.544000e-05	1.543811e-03	1.441706e+01
3.545000e-05	1.159078e-02	1.452143e+01
3.546000e-05	1.796585e-02	1.464804e+01
3.547000e-05	1.243638e-02	1.470133e+01
3.548000e-05	1.883434e-03	1.482601e+01
3.549000e-05	9.462353e-03	1.490180e+01
3.550000e-05	1.849971e-02	1.494446e+01
3.551000e-05	1.472683e-02	1.506909e+01
3.552000e-05	7.863341e-03	1.514495e+01
3.553000e-05	8.717163e-03	1.519754e+01
3.554000e-05	1.962050e-02	1.528222e+01
3.555000e-05	1.494975e-02	1.535293e+01
3.556000e-05	1.001829e-02	1.543653e+01
3.557000e-05	1.026622e-02	1.543772e+01
3.558000e-05	1.998564e-02	1.550020e+01
3.559000e-05	1.991177e-02	1.559240e+01
3.560000e-05	1.338329e-02	1.562496e+01
3.561000e-05	1.393762e-02	1.564603e+01
3.562000e-05	1.995115e-02	1.564759e+01
3.563000e-05	2.529227e-02	1.563764e+01
3.564000e-05	1.671803e-02	1.565771e+01
3.565000e-05	1.591929e-02	1.569067e+01
3.566000e-05	2.246086e-02	1.566917e+01
3.567000e-05	2.729824e-02	1.563717e+01
3.568000e-05	2.404731e-02	1.565764e+01
3.569000e-05	2.131542e-02	1.565957e+01
3.570000e-05	2.843290e-02	1.565544e+01
3.571000e-05	3.396582e-02	1.557495e+01
3.572000e-05	3.123596e-02	1.556438e+01
3.573000e-05	2.760114e-02	1.553075e+01
3.574000e-05	3.319672e-02	1.547871e+01
3.575000e-05	3.884854e-02	1.543613e+01
3.576000e-05	3.887124e-02	1.534343e+01
3.577000e-05	3.612972e-02	1.533235e+01
3.578000e-05	4.096835e-02	1.523699e+01
3.579000e-05	4.857469e-02	1.516335e+01
3.580000e-05	4.925558e-02	1.506314e+01
3.581000e-05	4.817717e-02	1.498496e+01
3.582000e-05	5.133404e-02	1.489082e+01
3.583000e-05	6.073102e-02	1.484544e+01
3.584000e-05	6.072808e-02	1.474173e+01
3.585000e-05	5.919160e-02	1.462751e+01
3.586000e-05	5.836684e-02	1.452127e+01
3.587000e-05	6.504577e-02	1.438446e+01
3.588000e-05	6.284955e-02	1.429062e+01
3.589000e-05	5.869533e-02	1.415280e+01
3.590000e-05	5.608190e-02	1.399646e+01
3.591000e-05	5.700195e-02	1.386861e+01
3.592000e-05	5.675099e-02	1.372373e+01
3.593000e-05	4.921104e-02	1.355380e+01
3.594000e-05	4.530170e-02	1.338649e+01
3.595000e-05	4.482104e-02	1.327872e+01
3.596000e-05	4.567548e-02	1.310927e+01
3.597000e-05	3.890496e-02	1.297288e+01
3.598000e-05	3.470385e-02	1.277436e+01
3.599000e-05	3.438528e-02	1.257749e+01
3.600000e-05	3.345896e-02	1.245957e+01
3.601000e-05	2.838728e-02	1.224662e+01
3.602000e-05	2.464692e-02	1.203812e+01
3.603000e-05	2.445007e-02	1.188067e+01
3.604000e-05	2.453621e-02	1.167920e+01
3.605000e-05	2.155230e-02	1.146872e+01
3.606000e-05	1.793066e-02	1.123702e+01
3.607000e-05	1.711455e-02	1.101904e+01
3.608000e-05	1.777520e-02	1.085716e+01
3.609000e-05	1.586390e-02	1.058807e+01
3.610000e-05	1.097640e-02	1.036596e+01
3.611000e-05	1.001231e-02	1.018489e+01
3.612000e-05	1.185073e-02	9.942304e+00
3.613000e-05	1.130783e-02	9.689128e+00
3.614000e-05	7.445918e-03	9.440599e+00
3.615000e-05	6.372835e-03	9.241496e+00
3.616000e-05	6.798148e-03	9.014994e+00
3.617000e-05	8.030770e-03	8.763385e+00
3.618000e-05	4.516555e-03	8.503784e+00
3.619000e-05	3.466855e-03	8.273204e+00
3.620000e-05	4.245923e-03	8.037967e+00
3.621000e-05	5.067599e-03	7.774414e+00
3.622000e-05	2.306021e-03	7.482131e+00
3.623000e-05	5.627239e-04	7.196967e+00
3.624000e-05	1.400782e-03	6.996388e+00
3.625000e-05	3.316468e-03	6.731753e+00
3.626000e-05	2.597175e-05	6.427920e+00
3.627000e-05	-5.943553e-04	6.145864e+00
3.628000e-05	7.246797e-05	5.923310e+00
3.629000e-05	1.512271e-03	5.639000e+00
3.630000e-05	-1.228942e-03	5.356364e+00
3.631000e-05	-2.977012e-03	5.007040e+00
3.632000e-05	-2.013041e-03	4.713785e+00
3.633000e-05	-1.362829e-03	4.460600e+00
3.634000e-05	-7.671409e-04	4.206835e+00
3.635000e-05	-2.991007e-03	3.841201e+00
3.636000e-05	-3.456126e-03	3.598525e+00
3.637000e-05	-1.935720e-03	3.303188e+00
3.638000e-05	-1.759041e-03	3.001501e+00
3.639000e-05	-3.661151e-03	2.767948e+00
3.640000e-05	-4.552096e-03	2.450527e+00
3.641000e-05	-4.231298e-03	2.176896e+00
3.642000e-05	-2.429887e-03	1.914788e+00
3.643000e-05	-4.019759e-03	1.639046e+00
3.644000e-05	-4.739462e-03	1.303785e+00
3.645000e-05	-5.160250e-03	9.959435e-01
3.646000e-05	-2.598874e-03	6.521340e-01
3.647000e-05	-4.874361e-03	3.894259e-01
3.648000e-05	-3.429808e-03	5.518521e-02
3.649000e-05	9.926272e-04	-1.690238e-01
3.650000e-05	6.107220e-03	-4.431055e-01
3.651000e-05	-3.797237e-03	-7.173937e-01
3.652000e-05	-2.038224e-03	-9.795528e-01
3.653000e-05	-4.717791e-03	-1.263581e+00
3.654000e-05	-1.066172e-03	-1.579549e+00
3.655000e-05	1.390157e-03	-1.810603e+00
3.656000e-05	3.089447e-02	-2.042580e+00
3.657000e-05	9.326273e-02	-2.348416e+00
3.658000e-05	-5.231266e-02	-2.696837e+00
3.659000e-05	-4.729541e-02	-3.086938e+00
3.660000e-05	-4.467987e-02	-3.399500e+00
3.661000e-05	-1.017054e-02	-3.640602e+00
3.662000e-05	-7.050867e-02	-3.884811e+00
3.663000e-05	7.840128e-02	-4.062754e+00
3.664000e-05	1.287195e-02	-4.283680e+00
3.665000e-05	-6.831707e-02	-4.591498e+00
3.666000e-05	1.744110e-01	-4.883179e+00
3.667000e-05	-1.526115e-01	-5.177997e+00
3.668000e-05	6.243353e-02	-5.535911e+00
3.669000e-05	-6.208837e-02	-5.747939e+00
3.670000e-05	-3.176902e-02	-6.082278e+00
3.671000e-05	9.825591e-02	-6.284211e+00
3.672000e-05	-1.086737e-01	-6.597971e+00
3.673000e-05	1.050995e-01	-6.849678e+00
3.674000e-05	-5.656601e-02	-7.165366e+00
3.675000e-05	-1.683918e-03	-7.442103e+00
3.676000e-05	-7.653911e-04	-7.694356e+00
3.677000e-05	-6.579256e-02	-7.988597e+00
3.678000e-05	8.829028e-02	-8.231125e+00
3.679000e-05	-8.352989e-02	-8.470853e+00
3.680000e-05	6.425774e-02	-8.725358e+00
3.681000e-05	-4.386674e-02	-8.966415e+00
3.682000e-05	-5.809997e-03	-9.230048e+00
3.683000e-05	9.906737e-03	-9.398549e+00
3.684000e-05	-4.761482e-02	-9.711833e+00
3.685000e-05	4.613756e-02	-9.902678e+00
3.686000e-05	-5.611646e-02	-1.015593e+01
3.687000e-05	5.249325e-02	-1.036438e+01
3.688000e-05	-5.814378e-02	-1.060599e+01
3.689000e-05	2.300108e-02	-1.078957e+01
3.690000e-05	-3.585975e-02	-1.095709e+01
3.691000e-05	4.737882e-03	-1.122897e+01
3.692000e-05	-1.081662e-02	-1.142109e+01
3.693000e-05	-1.365448e-02	-1.165080e+01
3.694000e-05	6.733672e-03	-1.187017e+01
3.695000e-05	-2.269933e-02	-1.201975e+01
3.696000e-05	7.093888e-03	-1.222067e+01
3.697000e-05	-3.648617e-02	-1.244957e+01
3.698000e-05	9.799352e-03	-1.262754e+01
3.699000e-05	-2.886714e-02	-1.281799e+01
3.700000e-05	7.443350e-03	-1.297586e+01
3.701000e-05	-2.666258e-02	-1.311368e+01
3.702000e-05	2.830008e-03	-1.324123e+01
3.703000e-05	-1.833248e-02	-1.342967e+01
3.704000e-05	-8.531036e-03	-1.358594e+01
3.705000e-05	-1.863349e-02	-1.372331e+01
3.706000e-05	-1.429306e-02	-1.388183e+01
3.707000e-05	-9.279300e-03	-1.401762e+01
3.708000e-05	-1.635712e-02	-1.420388e+01
3.709000e-05	-8.789300e-03	-1.429133e+01
3.710000e-05	-1.770155e-02	-1.441812e+01
3.711000e-05	-8.702459e-03	-1.452233e+01
3.712000e-05	-2.158794e-02	-1.463865e+01
3.713000e-05	-1.304751e-02	-1.474281e+01
3.714000e-05	-2.031282e-02	-1.485909e+01
3.715000e-05	-1.171645e-02	-1.493493e+01
3.716000e-05	-1.698772e-02	-1.505854e+01
3.717000e-05	-1.569455e-02	-1.509233e+01
3.718000e-05	-1.937740e-02	-1.519501e+01
3.719000e-05	-1.695956e-02	-1.526062e+01
3.720000e-05	-2.123689e-02	-1.531135e+01
3.721000e-05	-1.885999e-02	-1.539441e+01
3.722000e-05	-2.082145e-02	-1.539809e+01
3.723000e-05	-1.874454e-02	-1.546970e+01
3.724000e-05	-1.939310e-02	-1.554291e+01
3.725000e-05	-2.294946e-02	-1.555644e+01
3.726000e-05	-2.208779e-02	-1.560744e+01
3.727000e-05	-2.416068e-02	-1.561654e+01
3.728000e-05	-2.250210e-02	-1.569862e+01
3.729000e-05	-2.573742e-02	-1.565017e+01
3.730000e-05	-2.421931e-02	-1.564862e+01
3.731000e-05	-2.715736e-02	-1.567068e+01
3.732000e-05	-2.777620e-02	-1.566968e+01
3.733000e-05	-2.970290e-02	-1.564915e+01
3.734000e-05	-3.115358e-02	-1.564962e+01
3.735000e-05	-3.177601e-02	-1.566752e+01
3.736000e-05	-3.413148e-02	-1.564602e+01
3.737000e-05	-3.535651e-02	-1.555397e+01
3.738000e-05	-3.641907e-02	-1.553440e+01
3.739000e-05	-3.792944e-02	-1.551378e+01
3.740000e-05	-4.040759e-02	-1.548110e+01
3.741000e-05	-4.297914e-02	-1.537604e+01
3.742000e-05	-4.368084e-02	-1.535183e+01
3.743000e-05	-4.645734e-02	-1.529023e+01
3.744000e-05	-4.897999e-02	-1.523754e+01
3.745000e-05	-5.247826e-02	-1.515395e+01
3.746000e-05	-5.490809e-02	-1.507865e+01
3.747000e-05	-5.857176e-02	-1.498554e+01
3.748000e-05	-6.053733e-02	-1.488180e+01
3.749000e-05	-6.249026e-02	-1.479654e+01
3.750000e-05	-6.560564e-02	-1.470230e+01
3.751000e-05	-6.790091e-02	-1.458694e+01
3.752000e-05	-6.760481e-02	-1.448978e+01
3.753000e-05	-6.787210e-02	-1.438599e+01
3.754000e-05	-6.746040e-02	-1.425867e+01
3.755000e-05	-6.760269e-02	-1.412123e+01
3.756000e-05	-6.566393e-02	-1.397349e+01
3.757000e-05	-6.295643e-02	-1.385007e+01
3.758000e-05	-6.044574e-02	-1.369771e+01
3.759000e-05	-5.838620e-02	-1.357433e+01
3.760000e-05	-5.547871e-02	-1.341701e+01
3.761000e-05	-5.137009e-02	-1.324904e+01
3.762000e-05	-4.797568e-02	-1.307125e+01
3.763000e-05	-4.574424e-02	-1.293338e+01
3.764000e-05	-4.402089e-02	-1.277599e+01
3.765000e-05	-4.141924e-02	-1.259592e+01
3.766000e-05	-3.876362e-02	-1.241952e+01
3.767000e-05	-3.668489e-02	-1.218512e+01
3.768000e-05	-3.452627e-02	-1.204862e+01
3.769000e-05	-3.241000e-02	-1.185962e+01
3.770000e-05	-2.863528e-02	-1.158697e+01
3.771000e-05	-2.885043e-02	-1.138656e+01
3.772000e-05	-2.676344e-02	-1.117604e+01
3.773000e-05	-2.692267e-02	-1.094386e+01
3.774000e-05	-2.337113e-02	-1.076539e+01
3.775000e-05	-2.241756e-02	-1.057492e+01
3.776000e-05	-2.053573e-02	-1.035386e+01
3.777000e-05	-2.103517e-02	-1.015081e+01
3.778000e-05	-1.875846e-02	-9.851176e+00
3.779000e-05	-1.819519e-02	-9.663103e+00
3.780000e-05	-1.651511e-02	-9.427151e+00
3.781000e-05	-1.746037e-02	-9.197966e+00
3.782000e-05	-1.552925e-02	-8.975964e+00
3.783000e-05	-1.349977e-02	-8.744310e+00
3.784000e-05	-1.363228e-02	-8.480128e+00
3.785000e-05	-1.278176e-02	-8.240150e+00
3.786000e-05	-1.356769e-02	-8.017972e+00
3.787000e-05	-1.219232e-02	-7.733283e+00
3.788000e-05	-1.165938e-02	-7.439025e+00
3.789000e-05	-1.087736e-02	-7.207940e+00
3.790000e-05	-1.133479e-02	-6.903712e+00
3.791000e-05	-9.535939e-03	-6.641605e+00
3.792000e-05	-9.569343e-03	-6.415971e+00
3.793000e-05	-9.356844e-03	-6.084210e+00
3.794000e-05	-1.017296e-02	-5.849654e+00
3.795000e-05	-8.305732e-03	-5.545941e+00
3.796000e-05	-7.440761e-03	-5.311653e+00
3.797000e-05	-8.247728e-03	-4.977521e+00
3.798000e-05	-7.800160e-03	-4.659029e+00
3.799000e-05	-6.101653e-03	-4.408947e+00
3.800000e-05	-6.841042e-03	-4.143842e+00
3.801000e-05	-7.023640e-03	-3.881754e+00
3.802000e-05	-8.583932e-03	-3.547396e+00
3.803000e-05	-7.037414e-03	-3.273715e+00
3.804000e-05	-6.140957e-03	-2.999425e+00
3.805000e-05	-5.673484e-03	-2.703317e+00
3.806000e-05	-6.548376e-03	-2.462154e+00
3.807000e-05	-4.652435e-03	-2.136268e+00
3.808000e-05	-4.325747e-03	-1.862160e+00
3.809000e-05	-5.622738e-03	-1.577975e+00
3.810000e-05	-7.047222e-03	-1.219554e+00
3.811000e-05	-6.719678e-03	-9.477946e-01
3.812000e-05	-4.186386e-03	-6.526854e-01
3.813000e-05	-3.815726e-03	-3.583471e-01
3.814000e-05	-2.707276e-03	-7.478659e-02
3.815000e-05	6.090269e-03	1.895002e-01
3.816000e-05	3.186546e-03	4.958131e-01
3.817000e-05	4.076888e-04	7.474672e-01
3.818000e-05	-1.384977e-03	1.050544e+00
3.819000e-05	-8.650912e-04	1.305762e+00
3.820000e-05	8.532627e-04	1.600099e+00
3.821000e-05	3.729539e-03	1.865283e+00
3.822000e-05	1.936205e-02	2.133764e+00
3.823000e-05	7.212059e-02	2.410470e+00
3.824000e-05	1.461259e-02	2.798466e+00
3.825000e-05	-6.417528e-02	3.071183e+00
3.826000e-05	-4.443849e-02	3.327835e+00
3.827000e-05	-9.875516e-03	3.640602e+00
3.828000e-05	-1.254006e-02	3.872675e+00
3.829000e-05	-5.771059e-02	4.073758e+00
3.830000e-05	4.820792e-02	4.356917e+00
3.831000e-05	3.461717e-02	4.621128e+00
3.832000e-05	-1.326840e-02	4.895209e+00
3.833000e-05	1.020720e-01	5.211571e+00
3.834000e-05	-1.111788e-01	5.525913e+00
3.835000e-05	3.630642e-02	5.787523e+00
3.836000e-05	1.453144e-03	6.064254e+00
3.837000e-05	-4.599061e-03	6.324333e+00
3.838000e-05	1.376100e-02	6.620069e+00
3.839000e-05	-4.426223e-02	6.913259e+00
3.840000e-05	7.831478e-02	7.135362e+00
3.841000e-05	-2.171261e-02	7.419171e+00
3.842000e-05	-5.604707e-03	7.744809e+00
3.843000e-05	-3.673415e-02	7.999069e+00
3.844000e-05	3.496079e-02	8.282696e+00
3.845000e-05	3.700044e-02	8.483278e+00
3.846000e-05	-3.991848e-02	8.734805e+00
3.847000e-05	1.455883e-02	8.967986e+00
3.848000e-05	2.889059e-04	9.218519e+00
3.849000e-05	2.352201e-02	9.431068e+00
3.850000e-05	-1.336199e-02	9.672224e+00
3.851000e-05	-8.355870e-03	9.931357e+00
3.852000e-05	1.448112e-02	1.017534e+01
3.853000e-05	1.978207e-02	1.037533e+01
3.854000e-05	1.142613e-02	1.055704e+01
3.855000e-05	-2.398809e-02	1.081603e+01
3.856000e-05	1.196468e-02	1.099767e+01
3.857000e-05	1.324773e-02	1.123661e+01
3.858000e-05	1.054063e-02	1.142817e+01
3.859000e-05	-1.208127e-02	1.167162e+01
3.860000e-05	1.005388e-02	1.186113e+01
3.861000e-05	1.933871e-02	1.205022e+01
3.862000e-05	1.080992e-02	1.222907e+01
3.863000e-05	-6.532422e-03	1.244907e+01
3.864000e-05	-8.655802e-04	1.259759e+01
3.865000e-05	1.839116e-02	1.276648e+01
3.866000e-05	1.022732e-02	1.293393e+01
3.867000e-05	2.045465e-03	1.313130e+01
3.868000e-05	3.538061e-04	1.330275e+01
3.869000e-05	2.042115e-02	1.343704e+01
3.870000e-05	1.093575e-02	1.357588e+01
3.871000e-05	2.972009e-03	1.365276e+01
3.872000e-05	-2.634688e-03	1.392019e+01
3.873000e-05	1.633568e-02	1.403759e+01
3.874000e-05	1.423805e-02	1.417438e+01
3.875000e-05	6.750784e-03	1.430125e+01
3.876000e-05	4.292090e-03	1.444719e+01
3.877000e-05	1.520107e-02	1.455333e+01
3.878000e-05	1.704549e-02	1.466862e+01
3.879000e-05	5.306441e-03	1.476293e+01
3.880000e-05	5.906897e-03	1.484909e+01
3.881000e-05	1.189178e-02	1.491483e+01
3.882000e-05	2.028368e-02	1.498701e+01
3.883000e-05	9.566877e-03	1.507122e+01
3.884000e-05	8.888011e-03	1.520546e+01
3.885000e-05	1.244387e-02	1.526904e+01
3.886000e-05	1.942730e-02	1.534225e+01
3.887000e-05	1.164660e-02	1.538446e+01
3.888000e-05	8.357543e-03	1.545813e+01
3.889000e-05	1.580230e-02	1.550067e+01
3.890000e-05	1.981143e-02	1.554182e+01
3.891000e-05	1.848912e-02	1.559440e+01
3.892000e-05	1.129874e-02	1.560396e+01
3.893000e-05	1.791307e-02	1.562609e+01
3.894000e-05	2.116081e-02	1.566866e+01
3.895000e-05	2.089047e-02	1.565009e+01
3.896000e-05	1.644608e-02	1.566764e+01
3.897000e-05	2.012406e-02	1.567920e+01
3.898000e-05	2.629812e-02	1.568019e+01
3.899000e-05	2.463342e-02	1.565962e+01
3.900000e-05	2.299586e-02	1.565817e+01
3.901000e-05	2.378209e-02	1.568606e+01
3.902000e-05	3.202961e-02	1.561546e+01
3.903000e-05	3.023468e-02	1.558646e+01
3.904000e-05	3.039686e-02	1.557291e+01
3.905000e-05	2.986426e-02	1.552872e+01
3.906000e-05	3.667130e-02	1.544872e+01
3.907000e-05	3.804659e-02	1.540548e+01
3.908000e-05	3.730106e-02	1.533095e+01
3.909000e-05	4.201007e-02	1.526069e+01
3.910000e-05	4.392609e-02	1.522656e+01
3.911000e-05	4.891711e-02	1.515128e+01
3.912000e-05	4.609787e-02	1.504804e+01
3.913000e-05	5.157380e-02	1.494335e+01
3.914000e-05	5.367513e-02	1.491017e+01
3.915000e-05	5.855640e-02	1.477441e+01
3.916000e-05	5.832362e-02	1.467017e+01
3.917000e-05	6.161030e-02	1.461406e+01
3.918000e-05	6.370066e-02	1.449860e+01
3.919000e-05	6.322250e-02	1.432143e+01
3.920000e-05	6.023232e-02	1.422806e+01
3.921000e-05	5.858219e-02	1.404762e+01
3.922000e-05	5.689392e-02	1.398390e+01
3.923000e-05	5.563990e-02	1.382696e+01
3.924000e-05	5.296580e-02	1.362607e+01
3.925000e-05	4.975477e-02	1.351175e+01
3.926000e-05	4.784371e-02	1.334338e+01
3.927000e-05	4.526075e-02	1.320438e+01
3.928000e-05	4.138680e-02	1.303859e+01
3.929000e-05	3.709614e-02	1.286862e+01
3.930000e-05	3.581434e-02	1.269125e+01
3.931000e-05	3.402726e-02	1.253236e+01
3.932000e-05	3.072706e-02	1.237396e+01
3.933000e-05	2.597855e-02	1.219446e+01
3.934000e-05	2.657170e-02	1.194431e+01
3.935000e-05	2.531026e-02	1.175604e+01
3.936000e-05	2.276587e-02	1.159448e+01
3.937000e-05	1.810176e-02	1.134391e+01
3.938000e-05	1.769128e-02	1.115331e+01
3.939000e-05	1.823885e-02	1.093428e+01
3.940000e-05	1.624513e-02	1.072231e+01
3.941000e-05	1.219931e-02	1.055325e+01
3.942000e-05	1.290892e-02	1.032017e+01
3.943000e-05	1.273866e-02	1.005818e+01
3.944000e-05	1.117575e-02	9.847098e+00
3.945000e-05	8.282272e-03	9.566415e+00
3.946000e-05	6.962618e-03	9.384913e+00
3.947000e-05	9.021112e-03	9.163363e+00
3.948000e-05	6.346684e-03	8.902156e+00
3.949000e-05	3.624303e-03	8.650075e+00
3.950000e-05	4.359628e-03	8.429648e+00
3.951000e-05	5.695779e-03	8.184514e+00
3.952000e-05	4.496825e-03	7.922661e+00
3.953000e-05	1.982061e-03	7.699150e+00
3.954000e-05	2.322089e-03	7.387439e+00
3.955000e-05	2.447664e-03	7.115183e+00
3.956000e-05	2.125415e-03	6.869580e+00
3.957000e-05	-7.275908e-04	6.596465e+00
3.958000e-05	6.760142e-04	6.323233e+00
3.959000e-05	1.310775e-03	6.090629e+00
3.960000e-05	-4.889105e-04	5.815918e+00
3.961000e-05	-1.641891e-03	5.533757e+00
3.962000e-05	-2.518068e-03	5.249571e+00
3.963000e-05	7.463534e-04	4.872684e+00
3.964000e-05	-1.219138e-03	4.627397e+00
3.965000e-05	-2.220254e-03	4.345435e+00
3.966000e-05	-2.454604e-03	4.031596e+00
3.967000e-05	-9.959540e-04	3.773793e+00
3.968000e-05	-2.249048e-03	3.503280e+00
3.969000e-05	-4.514508e-03	3.198948e+00
3.970000e-05	-4.426028e-03	2.925309e+00
3.971000e-05	-1.442032e-03	2.633152e+00
3.972000e-05	-2.492123e-03	2.366889e+00
3.973000e-05	-5.173257e-03	2.052155e+00
3.974000e-05	-5.050245e-03	1.769521e+00
3.975000e-05	-2.370618e-03	1.482634e+00
3.976000e-05	-2.633485e-03	1.189471e+00
3.977000e-05	-4.804145e-03	8.320536e-01
3.978000e-05	-5.254674e-03	5.263908e-01
3.979000e-05	-3.350402e-03	2.736828e-01
3.980000e-05	-1.031324e-03	-4.112426e-02
3.981000e-05	4.606256e-03	-2.837619e-01
3.982000e-05	-1.949107e-03	-5.163917e-01
3.983000e-05	-5.098150e-04	-8.416068e-01
3.984000e-05	-2.885537e-03	-1.125236e+00
3.985000e-05	-1.827557e-03	-1.411605e+00
3.986000e-05	-4.980887e-03	-1.682133e+00
3.987000e-05	9.974767e-03	-1.894888e+00
3.988000e-05	6.071564e-02	-2.147865e+00
3.989000e-05	6.186621e-02	-2.483786e+00
3.990000e-05	-8.262614e-02	-2.902657e+00
3.991000e-05	-3.191743e-02	-3.281232e+00
3.992000e-05	-3.716023e-02	-3.505288e+00
3.993000e-05	-1.874241e-02	-3.755392e+00
3.994000e-05	-6.030669e-02	-3.970046e+00
3.995000e-05	1.307564e-01	-4.136339e+00
3.996000e-05	-1.070619e-01	-4.411576e+00
3.997000e-05	8.053738e-02	-4.743840e+00
3.998000e-05	5.431910e-02	-4.976910e+00
3.999000e-05	-1.265865e-01	-5.335990e+00
4.000000e-05	9.926451e-02	-5.559491e+00
4.001000e-05	-1.423604e-01	-5.853229e+00
4.002000e-05	9.017416e-02	-6.186990e+00
4.003000e-05	-1.978353e-02	-6.378421e+00
4.004000e-05	-3.934204e-02	-6.684337e+00
4.005000e-05	9.121293e-02	-6.967989e+00
4.006000e-05	-9.584083e-02	-7.281782e+00
4.007000e-05	5.945637e-02	-7.556335e+00
4.008000e-05	-7.483045e-02	-7.808966e+00
4.009000e-05	2.425725e-02	-8.124808e+00
4.010000e-05	2.433788e-02	-8.293262e+00
4.011000e-05	-5.975875e-02	-8.578444e+00
4.012000e-05	7.125296e-02	-8.840097e+00
4.013000e-05	-8.752823e-02	-9.052750e+00
4.014000e-05	5.474471e-02	-9.274778e+00
4.015000e-05	-6.053330e-02	-9.565885e+00
4.016000e-05	2.136933e-02	-9.777990e+00
4.017000e-05	-9.160026e-03	-9.947416e+00
4.018000e-05	-1.012681e-02	-1.022817e+01
4.019000e-05	2.018843e-02	-1.045872e+01
4.020000e-05	-5.014166e-02	-1.065323e+01
4.021000e-05	2.911299e-02	-1.084317e+01
4.022000e-05	-5.136577e-02	-1.109370e+01
4.023000e-05	2.774786e-02	-1.129323e+01
4.024000e-05	-4.116868e-02	-1.150233e+01
4.025000e-05	2.117220e-02	-1.178436e+01
4.026000e-05	-2.404353e-02	-1.196528e+01
4.027000e-05	3.758341e-03	-1.213596e+01
4.028000e-05	-2.153457e-02	-1.230326e+01
4.029000e-05	-1.207659e-02	-1.250383e+01
4.030000e-05	-6.829387e-03	-1.270175e+01
4.031000e-05	-1.816541e-02	-1.286025e+01
4.032000e-05	-1.647501e-03	-1.301899e+01
4.033000e-05	-2.194197e-02	-1.318694e+01
4.034000e-05	3.919150e-03	-1.332436e+01
4.035000e-05	-2.524356e-02	-1.346122e+01
4.036000e-05	-1.543794e-03	-1.362905e+01
4.037000e-05	-2.516925e-02	-1.379596e+01
4.038000e-05	-2.876636e-03	-1.393440e+01
4.039000e-05	-2.022918e-02	-1.406955e+01
4.040000e-05	-8.537073e-03	-1.421606e+01
4.041000e-05	-1.822078e-02	-1.432435e+01
4.042000e-05	-1.134165e-02	-1.447977e+01
4.043000e-05	-1.579211e-02	-1.455644e+01
4.044000e-05	-1.762112e-02	-1.469172e+01
4.045000e-05	-1.430065e-02	-1.475704e+01
4.046000e-05	-1.605442e-02	-1.488075e+01
4.047000e-05	-1.318897e-02	-1.497654e+01
4.048000e-05	-1.878213e-02	-1.506972e+01
4.049000e-05	-1.693984e-02	-1.513338e+01
4.050000e-05	-1.969997e-02	-1.523759e+01
4.051000e-05	-1.710499e-02	-1.528885e+01
4.052000e-05	-2.274244e-02	-1.532238e+01
4.053000e-05	-1.822900e-02	-1.538547e+01
4.054000e-05	-2.049980e-02	-1.542972e+01
4.055000e-05	-1.692341e-02	-1.550227e+01
4.056000e-05	-2.287709e-02	-1.552436e+01
4.057000e-05	-2.097922e-02	-1.558396e+01
4.058000e-05	-2.323714e-02	-1.561659e+01
4.059000e-05	-2.412466e-02	-1.561854e+01
4.060000e-05	-2.435637e-02	-1.565118e+01
4.061000e-05	-2.590479e-02	-1.569120e+01
4.062000e-05	-2.452535e-02	-1.567062e+01
4.063000e-05	-2.757289e-02	-1.564077e+01
4.064000e-05	-2.949867e-02	-1.566965e+01
4.065000e-05	-2.943413e-02	-1.568020e+01
4.066000e-05	-3.137899e-02	-1.562167e+01
4.067000e-05	-3.205402e-02	-1.561809e+01
4.068000e-05	-3.647992e-02	-1.559704e+01
4.069000e-05	-3.688636e-02	-1.555651e+01
4.070000e-05	-3.562776e-02	-1.553491e+01
4.071000e-05	-3.859368e-02	-1.549235e+01
4.072000e-05	-4.004268e-02	-1.542007e+01
4.073000e-05	-4.443490e-02	-1.538594e+01
4.074000e-05	-4.582869e-02	-1.536181e+01
4.075000e-05	-4.892213e-02	-1.527867e+01
4.076000e-05	-5.150086e-02	-1.517457e+01
4.077000e-05	-5.281131e-02	-1.512178e+01
4.078000e-05	-5.481558e-02	-1.506814e+01
4.079000e-05	-5.640360e-02	-1.493438e+01
4.080000e-05	-6.120867e-02	-1.485867e+01
4.081000e-05	-6.533494e-02	-1.475394e+01
4.082000e-05	-6.822816e-02	-1.470070e+01
4.083000e-05	-6.920369e-02	-1.458391e+01
4.084000e-05	-7.022966e-02	-1.448657e+01
4.085000e-05	-6.793247e-02	-1.435333e+01
4.086000e-05	-6.590221e-02	-1.423711e+01
4.087000e-05	-6.334247e-02	-1.406857e+01
4.088000e-05	-6.344689e-02	-1.394235e+01
4.089000e-05	-6.282327e-02	-1.379644e+01
4.090000e-05	-6.144425e-02	-1.362802e+01
4.091000e-05	-5.790957e-02	-1.350023e+01
4.092000e-05	-5.522380e-02	-1.336448e+01
4.093000e-05	-5.187440e-02	-1.320491e+01
4.094000e-05	-4.698078e-02	-1.303007e+01
4.095000e-05	-4.313824e-02	-1.288820e+01
4.096000e-05	-4.061259e-02	-1.271172e+01
4.097000e-05	-4.044962e-02	-1.257178e+01
4.098000e-05	-3.948678e-02	-1.233383e+01
4.099000e-05	-3.659524e-02	-1.216744e+01
4.100000e-05	-3.426070e-02	-1.197444e+01
4.101000e-05	-3.283369e-02	-1.177438e+01
4.102000e-05	-2.962598e-02	-1.152371e+01
4.103000e-05	-2.801173e-02	-1.134021e+01
4.104000e-05	-2.436830e-02	-1.110173e+01
4.105000e-05	-2.485779e-02	-1.089128e+01
4.106000e-05	-2.333125e-02	-1.070376e+01
4.107000e-05	-2.292065e-02	-1.048021e+01
4.108000e-05	-2.056577e-02	-1.025862e+01
4.109000e-05	-2.009527e-02	-1.002802e+01
4.110000e-05	-1.908114e-02	-9.817968e+00
4.111000e-05	-1.716976e-02	-9.576992e+00
4.112000e-05	-1.522463e-02	-9.324361e+00
4.113000e-05	-1.444188e-02	-9.102683e+00
4.114000e-05	-1.493249e-02	-8.891179e+00
4.115000e-05	-1.481117e-02	-8.659101e+00
4.116000e-05	-1.397091e-02	-8.366918e+00
4.117000e-05	-1.228625e-02	-8.145439e+00
4.118000e-05	-1.294016e-02	-7.893781e+00
4.119000e-05	-1.205725e-02	-7.597493e+00
4.120000e-05	-1.114522e-02	-7.363914e+00
4.121000e-05	-9.587252e-03	-7.101230e+00
4.122000e-05	-9.528376e-03	-6.808993e+00
4.123000e-05	-1.042578e-02	-6.554863e+00
4.124000e-05	-9.648370e-03	-6.333261e+00
4.125000e-05	-8.561284e-03	-6.008000e+00
4.126000e-05	-1.024516e-02	-5.776416e+00
4.127000e-05	-8.089074e-03	-5.481155e+00
4.128000e-05	-8.535086e-03	-5.124439e+00
4.129000e-05	-6.472355e-03	-4.859104e+00
4.130000e-05	-7.551132e-03	-4.535768e+00
4.131000e-05	-6.715768e-03	-4.313786e+00
4.132000e-05	-7.555722e-03	-4.071679e+00
4.133000e-05	-7.039666e-03	-3.755689e+00
4.134000e-05	-9.108557e-03	-3.493662e+00
4.135000e-05	-6.624850e-03	-3.210525e+00
4.136000e-05	-6.874578e-03	-2.893133e+00
4.137000e-05	-5.511044e-03	-2.640078e+00
4.138000e-05	-5.135466e-03	-2.346942e+00
4.139000e-05	-4.569435e-03	-2.020527e+00
4.140000e-05	-6.285183e-03	-1.766396e+00
4.141000e-05	-6.431854e-03	-1.502078e+00
4.142000e-05	-6.381771e-03	-1.114838e+00
4.143000e-05	-5.137689e-03	-8.511052e-01
4.144000e-05	-4.721623e-03	-4.962894e-01
4.145000e-05	-4.033502e-03	-2.511052e-01
4.146000e-05	4.794022e-04	-9.996062e-03
4.147000e-05	8.351571e-03	2.858147e-01
4.148000e-05	-1.633217e-03	5.699699e-01
4.149000e-05	1.283599e-03	8.230528e-01
4.150000e-05	-3.333645e-03	1.127867e+00
4.151000e-05	1.851739e-03	1.430045e+00
4.152000e-05	-2.101774e-03	1.736361e+00
4.153000e-05	9.151149e-03	1.978466e+00
4.154000e-05	3.332477e-02	2.190046e+00
4.155000e-05	8.121427e-02	2.524735e+00
4.156000e-05	-4.140531e-02	2.904261e+00
4.157000e-05	-5.265070e-02	3.167897e+00
4.158000e-05	-3.930949e-02	3.471707e+00
4.159000e-05	7.645723e-03	3.727288e+00
4.160000e-05	-3.951044e-02	3.966308e+00
4.161000e-05	-3.649421e-02	4.157945e+00
4.162000e-05	9.197647e-02	4.432228e+00
4.163000e-05	-3.773773e-02	4.785912e+00
4.164000e-05	7.947669e-02	5.001044e+00
4.165000e-05	3.184110e-03	5.387990e+00
4.166000e-05	-7.530108e-02	5.602098e+00
4.167000e-05	5.653208e-02	5.905206e+00
4.168000e-05	-2.997611e-02	6.156892e+00
4.169000e-05	3.019083e-02	6.439045e+00
4.170000e-05	-3.296196e-02	6.726913e+00
4.171000e-05	9.424851e-03	6.998441e+00
4.172000e-05	5.538398e-02	7.252127e+00
4.173000e-05	-3.385017e-02	7.586911e+00
4.174000e-05	-7.744963e-03	7.859569e+00
4.175000e-05	-2.795759e-02	8.104334e+00
4.176000e-05	6.199392e-02	8.335360e+00
4.177000e-05	-1.082544e-03	8.597487e+00
4.178000e-05	-2.950461e-02	8.819118e+00
4.179000e-05	2.476350e-02	9.071126e+00
4.180000e-05	-3.884966e-03	9.313277e+00
4.181000e-05	2.811305e-02	9.534708e+00
4.182000e-05	-3.415479e-02	9.815417e+00
4.183000e-05	1.491805e-02	9.987121e+00
4.184000e-05	1.120328e-02	1.023904e+01
4.185000e-05	2.464340e-02	1.042112e+01
4.186000e-05	-7.629420e-03	1.071222e+01
4.187000e-05	-1.936753e-02	1.087328e+01
4.188000e-05	2.604447e-02	1.111975e+01
4.189000e-05	3.288441e-03	1.131383e+01
4.190000e-05	9.913674e-03	1.149175e+01
4.191000e-05	-1.710700e-02	1.175338e+01
4.192000e-05	2.732580e-02	1.194480e+01
4.193000e-05	1.130432e-02	1.212443e+01
4.194000e-05	7.245916e-03	1.236368e+01
4.195000e-05	-1.184989e-02	1.251275e+01
4.196000e-05	8.996722e-03	1.267115e+01
4.197000e-05	1.941654e-02	1.282009e+01
4.198000e-05	2.900427e-03	1.296751e+01
4.199000e-05	1.735662e-03	1.319386e+01
4.200000e-05	5.304666e-03	1.333346e+01
4.201000e-05	2.468736e-02	1.352072e+01
4.202000e-05	2.695105e-03	1.359757e+01
4.203000e-05	1.000731e-04	1.379709e+01
4.204000e-05	2.753079e-03	1.395275e+01
4.205000e-05	2.007357e-02	1.411970e+01
4.206000e-05	1.101228e-02	1.420709e+01
4.207000e-05	1.561204e-03	1.439488e+01
4.208000e-05	9.912739e-03	1.453972e+01
4.209000e-05	1.701359e-02	1.462751e+01
4.210000e-05	1.392097e-02	1.472072e+01
4.211000e-05	1.153752e-03	1.479604e+01
4.212000e-05	8.607308e-03	1.491225e+01
4.213000e-05	1.619362e-02	1.494541e+01
4.214000e-05	1.682738e-02	1.502759e+01
4.215000e-05	7.616342e-03	1.515317e+01
4.216000e-05	7.769360e-03	1.517699e+01
4.217000e-05	1.763590e-02	1.526067e+01
4.218000e-05	1.589674e-02	1.534185e+01
4.219000e-05	9.779205e-03	1.539738e+01
4.220000e-05	8.779931e-03	1.543814e+01
4.221000e-05	1.926440e-02	1.549978e+01
4.222000e-05	1.982894e-02	1.557133e+01
4.223000e-05	1.441251e-02	1.558398e+01
4.224000e-05	1.241432e-02	1.562549e+01
4.225000e-05	1.955137e-02	1.563611e+01
4.226000e-05	2.343094e-02	1.569614e+01
4.227000e-05	1.826128e-02	1.567004e+01
4.228000e-05	1.663944e-02	1.566872e+01
4.229000e-05	2.082078e-02	1.567067e+01
4.230000e-05	2.747607e-02	1.567968e+01
4.231000e-05	2.248351e-02	1.566862e+01
4.232000e-05	2.165106e-02	1.564956e+01
4.233000e-05	2.722982e-02	1.562499e+01
4.234000e-05	3.360831e-02	1.557593e+01
4.235000e-05	3.133565e-02	1.556385e+01
4.236000e-05	2.816191e-02	1.556086e+01
4.237000e-05	3.324391e-02	1.547867e+01
4.238000e-05	3.799490e-02	1.544654e+01
4.239000e-05	3.931735e-02	1.537491e+01
4.240000e-05	3.513688e-02	1.531129e+01
4.241000e-05	4.072064e-02	1.526657e+01
4.242000e-05	4.746171e-02	1.519338e+01
4.243000e-05	4.961633e-02	1.507070e+01
4.244000e-05	4.715316e-02	1.500651e+01
4.245000e-05	5.146434e-02	1.495075e+01
4.246000e-05	5.950039e-02	1.485802e+01
4.247000e-05	6.063866e-02	1.478238e+01
4.248000e-05	5.906983e-02	1.465814e+01
4.249000e-05	5.867595e-02	1.455281e+01
4.250000e-05	6.360236e-02	1.440504e+01
4.251000e-05	6.298117e-02	1.431072e+01
4.252000e-05	5.842861e-02	1.415288e+01
4.253000e-05	5.725217e-02	1.403709e+01
4.254000e-05	5.827146e-02	1.392172e+01
4.255000e-05	5.726507e-02	1.375235e+01
4.256000e-05	5.054210e-02	1.359386e+01
4.257000e-05	4.672384e-02	1.344859e+01
4.258000e-05	4.571438e-02	1.329027e+01
4.259000e-05	4.565377e-02	1.316188e+01
4.260000e-05	4.022743e-02	1.296388e+01
4.261000e-05	3.559615e-02	1.277591e+01
4.262000e-05	3.438245e-02	1.263904e+01
4.263000e-05	3.401903e-02	1.246907e+01
4.264000e-05	2.965799e-02	1.229977e+01
4.265000e-05	2.478930e-02	1.207278e+01
4.266000e-05	2.437902e-02	1.192123e+01
4.267000e-05	2.437894e-02	1.168123e+01
4.268000e-05	2.259822e-02	1.151125e+01
4.269000e-05	1.864473e-02	1.128005e+01
4.270000e-05	1.676912e-02	1.107014e+01
4.271000e-05	1.772342e-02	1.085110e+01
4.272000e-05	1.602372e-02	1.068065e+01
4.273000e-05	1.168498e-02	1.040807e+01
4.274000e-05	1.131443e-02	1.017947e+01
4.275000e-05	1.207330e-02	9.984913e+00
4.276000e-05	1.112448e-02	9.734231e+00
4.277000e-05	7.199469e-03	9.502702e+00
4.278000e-05	6.711256e-03	9.260754e+00
4.279000e-05	8.059700e-03	9.031222e+00
4.280000e-05	6.923070e-03	8.786991e+00
4.281000e-05	3.684739e-03	8.556812e+00
4.282000e-05	2.193267e-03	8.314838e+00
4.283000e-05	4.986723e-03	8.059627e+00
4.284000e-05	5.562739e-03	7.788471e+00
4.285000e-05	2.316371e-03	7.554935e+00
4.286000e-05	5.728211e-04	7.270601e+00
4.287000e-05	1.825583e-03	7.018521e+00
4.288000e-05	3.427522e-03	6.764911e+00
4.289000e-05	4.825555e-04	6.461109e+00
4.290000e-05	-5.164889e-04	6.219571e+00
4.291000e-05	-1.044023e-03	5.947442e+00
4.292000e-05	3.256672e-03	5.722681e+00
4.293000e-05	-3.430136e-03	5.430523e+00
4.294000e-05	-1.095518e-03	5.050754e+00
4.295000e-05	-4.223278e-03	4.756391e+00
4.296000e-05	1.503788e-03	4.512705e+00
4.297000e-05	-1.667773e-03	4.229026e+00
4.298000e-05	-4.673770e-04	3.935288e+00
4.299000e-05	-4.723488e-03	3.651581e+00
4.300000e-05	-1.991905e-03	3.345341e+00
4.301000e-05	-4.342238e-03	3.082130e+00
4.302000e-05	-5.714877e-03	2.831079e+00
4.303000e-05	-4.759686e-03	2.545734e+00
4.304000e-05	-1.532226e-03	2.239625e+00
4.305000e-05	-2.477379e-04	1.977441e+00
4.306000e-05	-3.584429e-03	1.711133e+00
4.307000e-05	-4.102644e-03	1.366843e+00
4.308000e-05	-6.233848e-03	1.041605e+00
4.309000e-05	-3.267838e-03	7.548393e-01
4.310000e-05	-7.276783e-03	4.515801e-01
4.311000e-05	-3.880228e-03	1.557418e-01
4.312000e-05	-1.032880e-03	-1.173900e-01
4.313000e-05	1.079382e-02	-3.399214e-01
4.314000e-05	-3.734514e-03	-6.737583e-01
4.315000e-05	5.576252e-04	-9.277912e-01
4.316000e-05	-6.972415e-03	-1.210505e+00
4.317000e-05	4.878223e-04	-1.504915e+00
4.318000e-05	-3.092873e-03	-1.738421e+00
4.319000e-05	1.863801e-02	-1.980049e+00
4.320000e-05	8.944146e-02	-2.233632e+00
4.321000e-05	-1.167462e-02	-2.611578e+00
4.322000e-05	-6.223687e-02	-3.042628e+00
4.323000e-05	-4.182763e-02	-3.346892e+00
4.324000e-05	-1.807072e-02	-3.549370e+00
4.325000e-05	-5.243702e-02	-3.820699e+00
4.326000e-05	2.108506e-02	-4.042629e+00
4.327000e-05	8.474760e-02	-4.211077e+00
4.328000e-05	-1.287974e-01	-4.546439e+00
4.329000e-05	1.815269e-01	-4.769520e+00
4.330000e-05	-9.838166e-02	-5.093686e+00
4.331000e-05	-8.710422e-03	-5.461680e+00
4.332000e-05	1.356324e-02	-5.703753e+00
4.333000e-05	-1.035676e-01	-5.999570e+00
4.334000e-05	1.366666e-01	-6.281627e+00
4.335000e-05	-1.052660e-01	-6.524863e+00
4.336000e-05	6.510011e-02	-6.790546e+00
4.337000e-05	5.995072e-04	-7.060678e+00
4.338000e-05	-5.090422e-02	-7.399070e+00
4.339000e-05	4.251078e-02	-7.660045e+00
4.340000e-05	-9.816327e-02	-7.943889e+00
4.341000e-05	9.009081e-02	-8.187991e+00
4.342000e-05	-5.719259e-02	-8.397519e+00
4.343000e-05	2.317796e-02	-8.673237e+00
4.344000e-05	4.597339e-03	-8.944833e+00
4.345000e-05	-5.319673e-02	-9.178389e+00
4.346000e-05	4.838569e-02	-9.387937e+00
4.347000e-05	-7.506258e-02	-9.638123e+00
4.348000e-05	5.752930e-02	-9.871100e+00
4.349000e-05	-5.762446e-02	-1.007262e+01
4.350000e-05	4.362564e-02	-1.030323e+01
4.351000e-05	-3.541445e-02	-1.052486e+01
4.352000e-05	-2.927838e-03	-1.074586e+01
4.353000e-05	-9.293438e-03	-1.091631e+01
4.354000e-05	-2.169038e-02	-1.120741e+01
4.355000e-05	1.290300e-02	-1.136597e+01
4.356000e-05	-3.434953e-02	-1.159899e+01
4.357000e-05	2.204657e-02	-1.185764e+01
4.358000e-05	-3.249665e-02	-1.201704e+01
4.359000e-05	1.653925e-02	-1.222902e+01
4.360000e-05	-4.035564e-02	-1.239709e+01
4.361000e-05	6.955476e-03	-1.258652e+01
4.362000e-05	-2.430104e-02	-1.278486e+01
4.363000e-05	1.142567e-03	-1.291283e+01
4.364000e-05	-1.884453e-02	-1.305128e+01
4.365000e-05	-7.666972e-03	-1.321007e+01
4.366000e-05	-8.155995e-03	-1.342799e+01
4.367000e-05	-1.486489e-02	-1.355301e+01
4.368000e-05	-9.961409e-03	-1.372030e+01
4.369000e-05	-2.164069e-02	-1.381960e+01
4.370000e-05	-4.233263e-03	-1.399644e+01
4.371000e-05	-1.938298e-02	-1.413183e+01
4.372000e-05	-8.048577e-03	-1.427075e+01
4.373000e-05	-2.213195e-02	-1.439596e+01
4.374000e-05	-7.606329e-03	-1.450133e+01
4.375000e-05	-1.931506e-02	-1.462652e+01
4.376000e-05	-1.264709e-02	-1.475280e+01
4.377000e-05	-1.870858e-02	-1.480902e+01
4.378000e-05	-1.232547e-02	-1.488423e+01
4.379000e-05	-1.509306e-02	-1.498651e+01
4.380000e-05	-1.627185e-02	-1.509975e+01
4.381000e-05	-2.124491e-02	-1.516446e+01
4.382000e-05	-1.839864e-02	-1.525812e+01
4.383000e-05	-1.904085e-02	-1.532132e+01
4.384000e-05	-1.943082e-02	-1.534251e+01
4.385000e-05	-2.007459e-02	-1.540904e+01
4.386000e-05	-1.932769e-02	-1.547922e+01
4.387000e-05	-1.717815e-02	-1.552390e+01
4.388000e-05	-2.375431e-02	-1.557388e+01
4.389000e-05	-2.210828e-02	-1.559546e+01
4.390000e-05	-2.529049e-02	-1.563904e+01
4.391000e-05	-2.158541e-02	-1.563807e+01
4.392000e-05	-2.505458e-02	-1.568963e+01
4.393000e-05	-2.573875e-02	-1.570123e+01
4.394000e-05	-2.728512e-02	-1.565967e+01
4.395000e-05	-2.805613e-02	-1.566975e+01
4.396000e-05	-2.920757e-02	-1.567010e+01
4.397000e-05	-3.099449e-02	-1.563107e+01
4.398000e-05	-3.301207e-02	-1.565862e+01
4.399000e-05	-3.343736e-02	-1.560802e+01
4.400000e-05	-3.446689e-02	-1.555504e+01
4.401000e-05	-3.708509e-02	-1.555339e+01
4.402000e-05	-3.898292e-02	-1.550230e+01
4.403000e-05	-4.000391e-02	-1.548272e+01
4.404000e-05	-4.190023e-02	-1.539559e+01
4.405000e-05	-4.386213e-02	-1.538596e+01
4.406000e-05	-4.645808e-02	-1.533033e+01
4.407000e-05	-4.945440e-02	-1.526712e+01
4.408000e-05	-5.148076e-02	-1.518538e+01
4.409000e-05	-5.458296e-02	-1.511023e+01
4.410000e-05	-5.768583e-02	-1.503506e+01
4.411000e-05	-6.108514e-02	-1.494226e+01
4.412000e-05	-6.231372e-02	-1.480699e+01
4.413000e-05	-6.511541e-02	-1.471283e+01
4.414000e-05	-6.783203e-02	-1.462802e+01
4.415000e-05	-6.890717e-02	-1.452286e+01
4.416000e-05	-6.769056e-02	-1.442747e+01
4.417000e-05	-6.687737e-02	-1.428024e+01
4.418000e-05	-6.715384e-02	-1.417391e+01
4.419000e-05	-6.617142e-02	-1.399592e+01
4.420000e-05	-6.351330e-02	-1.386065e+01
4.421000e-05	-6.130148e-02	-1.371280e+01
4.422000e-05	-5.913241e-02	-1.357651e+01
4.423000e-05	-5.632680e-02	-1.343900e+01
4.424000e-05	-5.238376e-02	-1.325928e+01
4.425000e-05	-4.881250e-02	-1.310330e+01
4.426000e-05	-4.658585e-02	-1.299437e+01
4.427000e-05	-4.449624e-02	-1.285649e+01
4.428000e-05	-4.206654e-02	-1.266065e+01
4.429000e-05	-4.021566e-02	-1.248015e+01
4.430000e-05	-3.800295e-02	-1.229270e+01
4.431000e-05	-3.467655e-02	-1.212170e+01
4.432000e-05	-3.216105e-02	-1.191970e+01
4.433000e-05	-2.998573e-02	-1.165965e+01
4.434000e-05	-2.945291e-02	-1.148812e+01
4.435000e-05	-2.624249e-02	-1.121709e+01
4.436000e-05	-2.507410e-02	-1.098702e+01
4.437000e-05	-2.402617e-02	-1.082707e+01
4.438000e-05	-2.363045e-02	-1.059757e+01
4.439000e-05	-2.096910e-02	-1.038639e+01
4.440000e-05	-2.006270e-02	-1.017486e+01
4.441000e-05	-1.960540e-02	-9.933283e+00
4.442000e-05	-1.891526e-02	-9.703362e+00
4.443000e-05	-1.744516e-02	-9.461729e+00
4.444000e-05	-1.618624e-02	-9.280522e+00
4.445000e-05	-1.453014e-02	-9.019045e+00
4.446000e-05	-1.469401e-02	-8.796016e+00
4.447000e-05	-1.314564e-02	-8.553784e+00
4.448000e-05	-1.291322e-02	-8.281783e+00
4.449000e-05	-1.238344e-02	-8.070054e+00
4.450000e-05	-1.238392e-02	-7.768963e+00
4.451000e-05	-1.213602e-02	-7.481785e+00
4.452000e-05	-1.174085e-02	-7.240675e+00
4.453000e-05	-1.012528e-02	-6.963938e+00
4.454000e-05	-9.365254e-03	-6.683282e+00
4.455000e-05	-1.030257e-02	-6.471605e+00
4.456000e-05	-9.006086e-03	-6.185447e+00
4.457000e-05	-9.628460e-03	-5.914282e+00
4.458000e-05	-8.469734e-03	-5.660076e+00
4.459000e-05	-8.937501e-03	-5.285818e+00
4.460000e-05	-9.305876e-03	-5.040053e+00
4.461000e-05	-8.631394e-03	-4.703705e+00
4.462000e-05	-6.506507e-03	-4.470551e+00
4.463000e-05	-7.992632e-03	-4.240525e+00
4.464000e-05	-7.622767e-03	-3.986364e+00
4.465000e-05	-7.223896e-03	-3.601529e+00
4.466000e-05	-7.396251e-03	-3.387495e+00
4.467000e-05	-6.041571e-03	-3.063838e+00
4.468000e-05	-7.147927e-03	-2.788420e+00
4.469000e-05	-5.320254e-03	-2.504238e+00
4.470000e-05	-5.123857e-03	-2.188531e+00
4.471000e-05	-5.249452e-03	-1.925767e+00
4.472000e-05	-6.045251e-03	-1.672056e+00
4.473000e-05	-5.636160e-03	-1.304748e+00
4.474000e-05	-6.230379e-03	-1.018978e+00
4.475000e-05	-4.834673e-03	-7.478708e-01
4.476000e-05	-4.071337e-03	-4.210774e-01
4.477000e-05	-2.173271e-03	-1.558447e-01
4.478000e-05	3.127217e-03	1.163409e-01
4.479000e-05	5.902218e-03	4.105003e-01
4.480000e-05	-1.568232e-03	7.042303e-01
4.481000e-05	9.826959e-04	9.457897e-01
4.482000e-05	-1.384610e-03	1.252678e+00
4.483000e-05	1.000535e-03	1.547366e+00
4.484000e-05	-3.038213e-04	1.871505e+00
4.485000e-05	1.459048e-02	2.042129e+00
4.486000e-05	5.828009e-02	2.334788e+00
4.487000e-05	4.907059e-02	2.676233e+00
4.488000e-05	-6.508420e-02	3.029546e+00
4.489000e-05	-4.375706e-02	3.253653e+00
4.490000e-05	-2.210233e-02	3.557996e+00
4.491000e-05	1.564771e-03	3.829621e+00
4.492000e-05	-5.746023e-02	3.999523e+00
4.493000e-05	1.161640e-02	4.273702e+00
4.494000e-05	7.565379e-02	4.618916e+00
4.495000e-05	-5.072722e-02	4.841674e+00
4.496000e-05	1.252305e-01	5.176458e+00
4.497000e-05	-9.142327e-02	5.474207e+00
4.498000e-05	-4.648254e-04	5.744837e+00
4.499000e-05	2.923106e-02	6.021544e+00
4.500000e-05	-2.468699e-02	6.282650e+00
4.501000e-05	3.461554e-02	6.525387e+00
4.502000e-05	-5.683996e-02	6.839670e+00
4.503000e-05	6.552838e-02	7.112231e+00
4.504000e-05	3.844775e-03	7.376012e+00
4.505000e-05	-1.649243e-02	7.691126e+00
4.506000e-05	-2.607441e-02	7.946311e+00
4.507000e-05	9.105187e-03	8.229592e+00
4.508000e-05	5.573476e-02	8.440624e+00
4.509000e-05	-3.313840e-02	8.672149e+00
4.510000e-05	-7.590581e-04	8.934382e+00
4.511000e-05	1.200220e-02	9.184382e+00
4.512000e-05	1.035054e-02	9.406965e+00
4.513000e-05	5.675023e-03	9.628069e+00
4.514000e-05	-2.263484e-02	9.860672e+00
4.515000e-05	2.045683e-02	1.007375e+01
4.516000e-05	1.480605e-02	1.030426e+01
4.517000e-05	1.859411e-02	1.054486e+01
4.518000e-05	-2.080194e-02	1.080388e+01
4.519000e-05	4.705532e-04	1.097694e+01
4.520000e-05	2.032028e-02	1.117644e+01
4.521000e-05	5.609056e-03	1.138593e+01
4.522000e-05	-2.384129e-03	1.163761e+01
4.523000e-05	-3.091659e-03	1.180761e+01
4.524000e-05	2.581998e-02	1.200815e+01
4.525000e-05	9.296853e-03	1.218806e+01
4.526000e-05	-1.007450e-03	1.239801e+01
4.527000e-05	-6.456340e-03	1.258594e+01
4.528000e-05	1.584319e-02	1.274383e+01
4.529000e-05	1.410770e-02	1.292228e+01
4.530000e-05	1.292115e-03	1.303959e+01
4.531000e-05	3.058062e-04	1.324817e+01
4.532000e-05	1.440933e-02	1.340701e+01
4.533000e-05	1.730409e-02	1.354281e+01
4.534000e-05	2.755176e-03	1.371110e+01
4.535000e-05	-2.525986e-03	1.386866e+01
4.536000e-05	1.058015e-02	1.397591e+01
4.537000e-05	1.642146e-02	1.415238e+01
4.538000e-05	8.243719e-03	1.425022e+01
4.539000e-05	2.181252e-03	1.440654e+01
4.540000e-05	1.342170e-02	1.456188e+01
4.541000e-05	1.749731e-02	1.461910e+01
4.542000e-05	7.834224e-03	1.474331e+01
4.543000e-05	2.538743e-03	1.480607e+01
4.544000e-05	1.016719e-02	1.492328e+01
4.545000e-05	1.967476e-02	1.500486e+01
4.546000e-05	1.189600e-02	1.508115e+01
4.547000e-05	8.456725e-03	1.514388e+01
4.548000e-05	8.977467e-03	1.521806e+01
4.549000e-05	2.100719e-02	1.527135e+01
4.550000e-05	1.237529e-02	1.540385e+01
4.551000e-05	9.289015e-03	1.541809e+01
4.552000e-05	1.248476e-02	1.549966e+01
4.553000e-05	2.066003e-02	1.553077e+01
4.554000e-05	1.871543e-02	1.559290e+01
4.555000e-05	1.158140e-02	1.560549e+01
4.556000e-05	1.593902e-02	1.565601e+01
4.557000e-05	2.079124e-02	1.567610e+01
4.558000e-05	2.306220e-02	1.565812e+01
4.559000e-05	1.602416e-02	1.569922e+01
4.560000e-05	1.869158e-02	1.569922e+01
4.561000e-05	2.418045e-02	1.569017e+01
4.562000e-05	2.593080e-02	1.567957e+01
4.563000e-05	2.197669e-02	1.564804e+01
4.564000e-05	2.232218e-02	1.565904e+01
4.565000e-05	3.079884e-02	1.564701e+01
4.566000e-05	3.333426e-02	1.560491e+01
4.567000e-05	3.094672e-02	1.556186e+01
4.568000e-05	2.881148e-02	1.549177e+01
4.569000e-05	3.564475e-02	1.546072e+01
4.570000e-05	3.864520e-02	1.543608e+01
4.571000e-05	3.757895e-02	1.537485e+01
4.572000e-05	3.671133e-02	1.534022e+01
4.573000e-05	4.270624e-02	1.524754e+01
4.574000e-05	4.893940e-02	1.513278e+01
4.575000e-05	4.881958e-02	1.507012e+01
4.576000e-05	5.003990e-02	1.496641e+01
4.577000e-05	5.399696e-02	1.489970e+01
4.578000e-05	6.042840e-02	1.482794e+01
4.579000e-05	5.927922e-02	1.470177e+01
4.580000e-05	5.982222e-02	1.460501e+01
4.581000e-05	6.027779e-02	1.451105e+01
4.582000e-05	6.393043e-02	1.436446e+01
4.583000e-05	6.248353e-02	1.426009e+01
4.584000e-05	5.847376e-02	1.415122e+01
4.585000e-05	5.702732e-02	1.402541e+01
4.586000e-05	5.808331e-02	1.383756e+01
4.587000e-05	5.519903e-02	1.369170e+01
4.588000e-05	4.952707e-02	1.349178e+01
4.589000e-05	4.530468e-02	1.338591e+01
4.590000e-05	4.570877e-02	1.326746e+01
4.591000e-05	4.362265e-02	1.307020e+01
4.592000e-05	3.841390e-02	1.289172e+01
4.593000e-05	3.363311e-02	1.273275e+01
4.594000e-05	3.395280e-02	1.256551e+01
4.595000e-05	3.263173e-02	1.243646e+01
4.596000e-05	2.939888e-02	1.219854e+01
4.597000e-05	2.424623e-02	1.203794e+01
4.598000e-05	2.370623e-02	1.181810e+01
4.599000e-05	2.410207e-02	1.162654e+01
4.600000e-05	2.121005e-02	1.142754e+01
4.601000e-05	1.703345e-02	1.120486e+01
4.602000e-05	1.614335e-02	1.097736e+01
4.603000e-05	1.697966e-02	1.083484e+01
4.604000e-05	1.438316e-02	1.060491e+01
4.605000e-05	1.187559e-02	1.036233e+01
4.606000e-05	1.127536e-02	1.012275e+01
4.607000e-05	1.087699e-02	9.882275e+00
4.608000e-05	9.866330e-03	9.647997e+00
4.609000e-05	7.207152e-03	9.417542e+00
4.610000e-05	6.188259e-03	9.215992e+00
4.611000e-05	5.987744e-03	8.953833e+00
4.612000e-05	6.800926e-03	8.694280e+00
4.613000e-05	4.704169e-03	8.491180e+00
4.614000e-05	4.005966e-03	8.227652e+00
4.615000e-05	4.112552e-03	7.977364e+00
4.616000e-05	3.770343e-03	7.726259e+00
4.617000e-05	2.731666e-03	7.471577e+00
4.618000e-05	1.665293e-03	7.157915e+00
4.619000e-05	2.723408e-03	6.923259e+00
4.620000e-05	2.388878e-03	6.691202e+00
4.621000e-05	7.611945e-04	6.367937e+00
4.622000e-05	-5.800489e-04	6.164763e+00
4.623000e-05	-1.779396e-04	5.881735e+00
4.624000e-05	-2.981038e-04	5.586392e+00
4.625000e-05	-6.192471e-04	5.335284e+00
4.626000e-05	-9.803130e-04	4.946261e+00
4.627000e-05	-1.276165e-03	4.691102e+00
4.628000e-05	-1.179185e-03	4.399522e+00
4.629000e-05	-1.870299e-03	4.124631e+00
4.630000e-05	-2.594020e-03	3.809525e+00
4.631000e-05	-2.906543e-03	3.547418e+00
4.632000e-05	-2.203228e-03	3.241080e+00
4.633000e-05	-2.925449e-03	2.979446e+00
4.634000e-05	-3.050016e-03	2.714286e+00
4.635000e-05	-3.960011e-03	2.368896e+00
4.636000e-05	-3.200271e-03	2.124260e+00
4.637000e-05	-3.169304e-03	1.841082e+00
4.638000e-05	-2.976404e-03	1.566818e+00
4.639000e-05	-3.697253e-03	1.252176e+00
4.640000e-05	-4.583688e-03	9.132090e-01
4.641000e-05	-3.882837e-03	6.399998e-01
4.642000e-05	-4.041620e-03	3.778204e-01
4.643000e-05	-2.529125e-03	5.307963e-02
4.644000e-05	2.433039e-03	-2.411043e-01
4.645000e-05	3.620217e-03	-4.822085e-01
4.646000e-05	-2.013156e-03	-7.890237e-01
4.647000e-05	-2.194684e-03	-9.910818e-01
4.648000e-05	-3.051247e-03	-1.328869e+00
4.649000e-05	-2.127234e-03	-1.601025e+00
4.650000e-05	4.968169e-03	-1.831708e+00
4.651000e-05	4.065782e-02	-2.043709e+00
4.652000e-05	8.688665e-02	-2.418474e+00
4.653000e-05	-7.115871e-02	-2.760446e+00
4.654000e-05	-3.852178e-02	-3.178948e+00
4.655000e-05	-4.361109e-02	-3.441106e+00
4.656000e-05	-9.592974e-03	-3.664229e+00
4.657000e-05	-7.436026e-02	-3.946341e+00
4.658000e-05	1.100017e-01	-4.093734e+00
4.659000e-05	-3.803744e-02	-4.357364e+00
4.660000e-05	-1.281823e-02	-4.672201e+00
4.661000e-05	1.366141e-01	-4.883282e+00
4.662000e-05	-1.614242e-01	-5.253206e+00
4.663000e-05	9.241802e-02	-5.536364e+00
4.664000e-05	-1.053390e-01	-5.789099e+00
4.665000e-05	2.002952e-02	-6.115411e+00
4.666000e-05	5.571633e-02	-6.316263e+00
4.667000e-05	-9.105919e-02	-6.621705e+00
4.668000e-05	1.127483e-01	-6.893754e+00
4.669000e-05	-8.386109e-02	-7.199025e+00
4.670000e-05	2.651106e-02	-7.451729e+00
4.671000e-05	-3.237649e-02	-7.735360e+00
4.672000e-05	-3.246416e-02	-8.071224e+00
4.673000e-05	7.150724e-02	-8.230647e+00
4.674000e-05	-8.544511e-02	-8.544862e+00
4.675000e-05	7.758274e-02	-8.766940e+00
4.676000e-05	-6.947657e-02	-9.038546e+00
4.677000e-05	2.289610e-02	-9.261223e+00
4.678000e-05	-2.061729e-02	-9.491628e+00
4.679000e-05	-2.222801e-02	-9.744910e+00
4.680000e-05	2.931717e-02	-9.875332e+00
4.681000e-05	-4.429181e-02	-1.018794e+01
4.682000e-05	4.520087e-02	-1.038697e+01
4.683000e-05	-6.261142e-02	-1.058902e+01
4.684000e-05	3.247775e-02	-1.079867e+01
4.685000e-05	-4.721268e-02	-1.097802e+01
4.686000e-05	1.745698e-02	-1.122018e+01
4.687000e-05	-2.642717e-02	-1.143960e+01
4.688000e-05	3.001358e-03	-1.168278e+01
4.689000e-05	-5.725270e-03	-1.188028e+01
4.690000e-05	-1.281687e-02	-1.206433e+01
4.691000e-05	-4.434562e-03	-1.225167e+01
4.692000e-05	-2.793070e-02	-1.242970e+01
4.693000e-05	6.311906e-03	-1.262907e+01
4.694000e-05	-2.672606e-02	-1.284007e+01
4.695000e-05	5.519370e-03	-1.298551e+01
4.696000e-05	-2.611231e-02	-1.311183e+01
4.697000e-05	6.494379e-03	-1.329235e+01
4.698000e-05	-2.263235e-02	-1.346755e+01
4.699000e-05	-4.744714e-03	-1.363549e+01
4.700000e-05	-2.271158e-02	-1.373493e+01
4.701000e-05	-7.962254e-03	-1.392235e+01
4.702000e-05	-1.498461e-02	-1.401856e+01
4.703000e-05	-1.437947e-02	-1.420604e+01
4.704000e-05	-1.274403e-02	-1.431283e+01
4.705000e-05	-1.406901e-02	-1.447862e+01
4.706000e-05	-1.066625e-02	-1.457336e+01
4.707000e-05	-1.995057e-02	-1.465018e+01
4.708000e-05	-1.347664e-02	-1.476541e+01
4.709000e-05	-1.760963e-02	-1.485920e+01
4.710000e-05	-1.136893e-02	-1.495443e+01
4.711000e-05	-1.953741e-02	-1.503809e+01
4.712000e-05	-1.686368e-02	-1.512135e+01
4.713000e-05	-2.017244e-02	-1.521554e+01
4.714000e-05	-1.499592e-02	-1.527920e+01
4.715000e-05	-2.167954e-02	-1.535186e+01
4.716000e-05	-1.786525e-02	-1.538544e+01
4.717000e-05	-2.067524e-02	-1.542657e+01
4.718000e-05	-1.579282e-02	-1.546172e+01
4.719000e-05	-2.194676e-02	-1.554335e+01
4.720000e-05	-2.445775e-02	-1.557649e+01
4.721000e-05	-2.392863e-02	-1.558601e+01
4.722000e-05	-2.369576e-02	-1.565007e+01
4.723000e-05	-2.282972e-02	-1.562822e+01
4.724000e-05	-2.742246e-02	-1.569017e+01
4.725000e-05	-2.468597e-02	-1.564973e+01
4.726000e-05	-2.607814e-02	-1.569120e+01
4.727000e-05	-2.689788e-02	-1.565022e+01
4.728000e-05	-3.288093e-02	-1.570975e+01
4.729000e-05	-3.278495e-02	-1.564861e+01
4.730000e-05	-3.177217e-02	-1.562797e+01
4.731000e-05	-3.323724e-02	-1.557659e+01
4.732000e-05	-3.744418e-02	-1.559601e+01
4.733000e-05	-3.745177e-02	-1.555436e+01
4.734000e-05	-3.865058e-02	-1.553120e+01
4.735000e-05	-4.074351e-02	-1.544960e+01
4.736000e-05	-4.441019e-02	-1.540704e+01
4.737000e-05	-4.647951e-02	-1.536443e+01
4.738000e-05	-4.745870e-02	-1.529920e+01
4.739000e-05	-4.922790e-02	-1.521656e+01
4.740000e-05	-5.221351e-02	-1.514288e+01
4.741000e-05	-5.578522e-02	-1.507859e+01
4.742000e-05	-5.768972e-02	-1.497554e+01
4.743000e-05	-6.187702e-02	-1.488065e+01
4.744000e-05	-6.470268e-02	-1.478646e+01
4.745000e-05	-6.811059e-02	-1.467975e+01
4.746000e-05	-6.802478e-02	-1.459696e+01
4.747000e-05	-6.811022e-02	-1.447925e+01
4.748000e-05	-6.760553e-02	-1.438485e+01
4.749000e-05	-6.779378e-02	-1.423710e+01
4.750000e-05	-6.501999e-02	-1.410128e+01
4.751000e-05	-6.404160e-02	-1.393338e+01
4.752000e-05	-6.368134e-02	-1.381699e+01
4.753000e-05	-6.241285e-02	-1.368880e+01
4.754000e-05	-5.870099e-02	-1.353133e+01
4.755000e-05	-5.421733e-02	-1.343551e+01
4.756000e-05	-5.065711e-02	-1.322757e+01
4.757000e-05	-4.849172e-02	-1.302915e+01
4.758000e-05	-4.471182e-02	-1.291175e+01
4.759000e-05	-4.246111e-02	-1.277331e+01
4.760000e-05	-4.069562e-02	-1.258441e+01
4.761000e-05	-3.975272e-02	-1.241639e+01
4.762000e-05	-3.747030e-02	-1.218710e+01
4.763000e-05	-3.350932e-02	-1.205807e+01
4.764000e-05	-3.127544e-02	-1.181702e+01
4.765000e-05	-2.953451e-02	-1.158746e+01
4.766000e-05	-2.874962e-02	-1.136393e+01
4.767000e-05	-2.632441e-02	-1.118273e+01
4.768000e-05	-2.453603e-02	-1.090436e+01
4.769000e-05	-2.425656e-02	-1.075288e+01
4.770000e-05	-2.183271e-02	-1.050483e+01
4.771000e-05	-2.176799e-02	-1.029978e+01
4.772000e-05	-1.855309e-02	-1.007002e+01
4.773000e-05	-2.015809e-02	-9.810624e+00
4.774000e-05	-1.794159e-02	-9.659572e+00
4.775000e-05	-1.436798e-02	-9.386073e+00
4.776000e-05	-1.528838e-02	-9.175335e+00
4.777000e-05	-1.359907e-02	-8.935432e+00
4.778000e-05	-1.525571e-02	-8.721255e+00
4.779000e-05	-1.313916e-02	-8.459994e+00
4.780000e-05	-1.584181e-02	-8.217492e+00
4.781000e-05	-1.365627e-02	-7.995865e+00
4.782000e-05	-1.224096e-02	-7.680201e+00
4.783000e-05	-8.573902e-03	-7.408465e+00
4.784000e-05	-7.556985e-03	-7.113888e+00
4.785000e-05	-1.013708e-02	-6.892200e+00
4.786000e-05	-1.168011e-02	-6.598522e+00
4.787000e-05	-1.085966e-02	-6.365417e+00
4.788000e-05	-1.086050e-02	-6.051650e+00
4.789000e-05	-1.380836e-02	-5.838997e+00
4.790000e-05	-7.406145e-03	-5.534316e+00
4.791000e-05	-7.298402e-03	-5.239970e+00
4.792000e-05	-3.516784e-03	-4.923239e+00
4.793000e-05	-8.785654e-03	-4.557920e+00
4.794000e-05	-6.300226e-03	-4.335942e+00
4.795000e-05	-8.216538e-03	-4.123336e+00
4.796000e-05	-7.571023e-03	-3.809446e+00
4.797000e-05	-1.195724e-02	-3.567366e+00
4.798000e-05	-8.690267e-03	-3.273607e+00
4.799000e-05	-7.021456e-03	-2.976369e+00
4.800000e-05	-2.426780e-03	-2.682634e+00
4.801000e-05	-4.589550e-03	-2.380498e+00
4.802000e-05	-4.771195e-03	-2.103183e+00
4.803000e-05	-5.340772e-03	-1.809478e+00
4.804000e-05	-6.353641e-03	-1.547443e+00
4.805000e-05	-8.305961e-03	-1.191446e+00
4.806000e-05	-9.445995e-03	-8.832117e-01
4.807000e-05	-3.498403e-03	-6.095011e-01
4.808000e-05	-1.770654e-03	-2.963182e-01
4.809000e-05	4.971349e-04	-8.215771e-02
4.810000e-05	5.966008e-03	2.537031e-01
4.811000e-05	4.114423e-04	5.173659e-01
4.812000e-05	2.100941e-03	7.589434e-01
4.813000e-05	-1.873972e-03	1.084179e+00
4.814000e-05	-1.986890e-03	1.357388e+00
4.815000e-05	-1.346307e-03	1.633734e+00
4.816000e-05	6.298207e-03	1.915765e+00
4.817000e-05	2.492894e-02	2.117340e+00
4.818000e-05	7.870205e-02	2.411200e+00
4.819000e-05	-9.992140e-03	2.820083e+00
4.820000e-05	-6.011020e-02	3.106306e+00
4.821000e-05	-4.271557e-02	3.398050e+00
4.822000e-05	-2.334086e-03	3.674180e+00
4.823000e-05	-2.397591e-02	3.863708e+00
4.824000e-05	-5.137435e-02	4.123382e+00
4.825000e-05	7.207633e-02	4.429021e+00
4.826000e-05	4.149937e-03	4.674258e+00
4.827000e-05	2.097014e-02	4.954911e+00
4.828000e-05	6.940544e-02	5.301733e+00
4.829000e-05	-1.054814e-01	5.596867e+00
4.830000e-05	5.063171e-02	5.821601e+00
4.831000e-05	-1.443050e-02	6.124310e+00
4.832000e-05	1.152234e-02	6.367366e+00
4.833000e-05	-2.000113e-03	6.703599e+00
4.834000e-05	-2.755392e-02	6.953836e+00
4.835000e-05	7.544160e-02	7.190494e+00
4.836000e-05	-3.085781e-02	7.512202e+00
4.837000e-05	-2.490628e-03	7.766938e+00
4.838000e-05	-3.717057e-02	8.051573e+00
4.839000e-05	4.857204e-02	8.303185e+00
4.840000e-05	2.337305e-02	8.515159e+00
4.841000e-05	-4.000387e-02	8.735863e+00
4.842000e-05	2.300365e-02	9.017491e+00
4.843000e-05	-3.768238e-03	9.229146e+00
4.844000e-05	2.904950e-02	9.441202e+00
4.845000e-05	-2.392508e-02	9.712327e+00
4.846000e-05	3.016477e-03	9.955935e+00
4.847000e-05	1.210587e-02	1.020596e+01
4.848000e-05	2.243840e-02	1.037794e+01
4.849000e-05	3.759314e-03	1.063902e+01
4.850000e-05	-2.471838e-02	1.082970e+01
4.851000e-05	2.016325e-02	1.102009e+01
4.852000e-05	8.700808e-03	1.125822e+01
4.853000e-05	1.249890e-02	1.144870e+01
4.854000e-05	-1.688994e-02	1.170122e+01
4.855000e-05	1.784007e-02	1.192268e+01
4.856000e-05	1.453674e-02	1.210175e+01
4.857000e-05	1.083497e-02	1.230067e+01
4.858000e-05	-1.100479e-02	1.244962e+01
4.859000e-05	2.709712e-03	1.264859e+01
4.860000e-05	1.969750e-02	1.281594e+01
4.861000e-05	7.988096e-03	1.294438e+01
4.862000e-05	2.285524e-03	1.315225e+01
4.863000e-05	1.675217e-04	1.330237e+01
4.864000e-05	2.327444e-02	1.343809e+01
4.865000e-05	6.353662e-03	1.359646e+01
4.866000e-05	1.978161e-03	1.376393e+01
4.867000e-05	-2.339940e-03	1.388125e+01
4.868000e-05	1.883828e-02	1.407814e+01
4.869000e-05	1.156730e-02	1.415706e+01
4.870000e-05	5.284509e-03	1.429133e+01
4.871000e-05	5.459052e-03	1.443719e+01
4.872000e-05	1.636357e-02	1.460341e+01
4.873000e-05	1.551060e-02	1.468972e+01
4.874000e-05	3.203772e-03	1.478536e+01
4.875000e-05	6.967302e-03	1.484060e+01
4.876000e-05	1.270777e-02	1.495278e+01
4.877000e-05	1.842037e-02	1.499646e+01
4.878000e-05	8.309856e-03	1.513072e+01
4.879000e-05	8.945991e-03	1.519548e+01
4.880000e-05	1.375026e-02	1.524009e+01
4.881000e-05	1.907685e-02	1.534137e+01
4.882000e-05	1.144478e-02	1.539651e+01
4.883000e-05	8.973220e-03	1.547817e+01
4.884000e-05	1.624979e-02	1.550072e+01
4.885000e-05	1.875061e-02	1.557228e+01
4.886000e-05	1.669930e-02	1.561688e+01
4.887000e-05	1.179350e-02	1.560648e+01
4.888000e-05	1.879675e-02	1.565761e+01
4.889000e-05	2.210626e-02	1.563606e+01
4.890000e-05	2.056248e-02	1.568909e+01
4.891000e-05	1.711632e-02	1.569869e+01
4.892000e-05	1.936149e-02	1.566917e+01
4.893000e-05	2.572467e-02	1.567919e+01
4.894000e-05	2.374550e-02	1.567964e+01
4.895000e-05	2.293298e-02	1.564819e+01
4.896000e-05	2.519242e-02	1.562751e+01
4.897000e-05	3.355491e-02	1.560396e+01
4.898000e-05	3.275879e-02	1.558496e+01
4.899000e-05	2.842261e-02	1.555378e+01
4.900000e-05	3.148761e-02	1.549877e+01
4.901000e-05	3.765330e-02	1.547806e+01
4.902000e-05	4.032477e-02	1.543548e+01
4.903000e-05	3.676016e-02	1.532190e+01
4.904000e-05	3.999272e-02	1.521917e+01
4.905000e-05	4.530297e-02	1.519443e+01
4.906000e-05	4.840624e-02	1.512162e+01
4.907000e-05	4.726184e-02	1.504849e+01
4.908000e-05	5.063185e-02	1.492228e+01
4.909000e-05	5.714415e-02	1.485912e+01
4.910000e-05	6.144824e-02	1.476538e+01
4.911000e-05	6.004456e-02	1.467860e+01
4.912000e-05	5.938742e-02	1.457391e+01
4.913000e-05	6.240229e-02	1.444599e+01
4.914000e-05	6.373667e-02	1.430428e+01
4.915000e-05	5.881136e-02	1.420604e+01
4.916000e-05	5.738101e-02	1.404766e+01
4.917000e-05	5.726543e-02	1.395223e+01
4.918000e-05	5.738065e-02	1.376596e+01
4.919000e-05	5.231037e-02	1.364599e+01
4.920000e-05	4.799292e-02	1.350875e+01
4.921000e-05	4.714174e-02	1.331223e+01
4.922000e-05	4.581020e-02	1.317288e+01
4.923000e-05	4.197848e-02	1.303652e+01
4.924000e-05	3.382133e-02	1.281852e+01
4.925000e-05	3.366302e-02	1.269067e+01
4.926000e-05	3.183692e-02	1.253228e+01
4.927000e-05	3.102444e-02	1.234283e+01
4.928000e-05	2.545745e-02	1.213489e+01
4.929000e-05	2.795704e-02	1.194478e+01
4.930000e-05	2.624417e-02	1.178431e+01
4.931000e-05	2.312357e-02	1.157028e+01
4.932000e-05	1.727966e-02	1.133223e+01
4.933000e-05	1.522053e-02	1.113430e+01
4.934000e-05	1.630866e-02	1.091373e+01
4.935000e-05	1.532000e-02	1.072175e+01
4.936000e-05	1.298066e-02	1.047075e+01
4.937000e-05	1.200473e-02	1.028005e+01
4.938000e-05	1.440847e-02	1.005855e+01
4.939000e-05	1.433733e-02	9.847594e+00
4.940000e-05	8.295338e-03	9.545862e+00
4.941000e-05	6.557336e-03	9.334834e+00
4.942000e-05	5.803116e-03	9.102756e+00
4.943000e-05	5.881878e-03	8.870575e+00
4.944000e-05	2.259587e-03	8.628521e+00
4.945000e-05	5.330097e-03	8.397942e+00
4.946000e-05	4.633242e-03	8.144830e+00
4.947000e-05	8.651035e-03	7.861726e+00
4.948000e-05	3.131824e-03	7.608148e+00
4.949000e-05	1.672873e-03	7.314231e+00
4.950000e-05	2.300863e-04	7.072181e+00
4.951000e-05	1.061513e-03	6.809546e+00
4.952000e-05	-1.386887e-03	6.615313e+00
4.953000e-05	-7.065916e-04	6.262183e+00
4.954000e-05	1.711893e-03	6.041024e+00
4.955000e-05	1.152953e-03	5.733812e+00
4.956000e-05	1.350064e-03	5.493676e+00
4.957000e-05	-1.960320e-03	5.216915e+00
4.958000e-05	-4.113854e-04	4.830097e+00
4.959000e-05	-2.295690e-03	4.535367e+00
4.960000e-05	-1.307545e-03	4.312781e+00
4.961000e-05	-4.037346e-03	3.978915e+00
4.962000e-05	-1.201400e-03	3.715762e+00
4.963000e-05	-1.674661e-03	3.481071e+00
4.964000e-05	-9.443991e-04	3.127416e+00
4.965000e-05	-3.549336e-03	2.863656e+00
4.966000e-05	-3.028081e-03	2.606046e+00
4.967000e-05	-3.204652e-03	2.313760e+00
4.968000e-05	-4.042451e-03	2.031104e+00
4.969000e-05	-4.786340e-03	1.767238e+00
4.970000e-05	-4.411318e-03	1.450606e+00
4.971000e-05	-2.667450e-03	1.116365e+00
4.972000e-05	-2.795485e-03	8.205509e-01
4.973000e-05	-3.271152e-03	4.942629e-01
4.974000e-05	-3.232966e-03	2.115997e-01
4.975000e-05	-1.276807e-03	-7.365952e-02
4.976000e-05	7.560733e-03	-3.162660e-01
4.977000e-05	-3.962730e-03	-5.610752e-01
4.978000e-05	-1.008417e-03	-8.757107e-01
4.979000e-05	-5.399741e-03	-1.127314e+00
4.980000e-05	7.450878e-04	-1.473733e+00
4.981000e-05	-3.079936e-03	-1.715316e+00
4.982000e-05	1.362689e-02	-1.937867e+00
4.983000e-05	7.332381e-02	-2.217424e+00
4.984000e-05	3.381534e-02	-2.516794e+00
4.985000e-05	-7.820415e-02	-2.935340e+00
4.986000e-05	-3.585827e-02	-3.304237e+00
4.987000e-05	-3.133376e-02	-3.527290e+00
4.988000e-05	-3.080091e-02	-3.786997e+00
4.989000e-05	-3.310555e-02	-4.020974e+00
4.990000e-05	1.278259e-01	-4.178420e+00
4.991000e-05	-1.327211e-01	-4.472681e+00
4.992000e-05	1.312876e-01	-4.738987e+00
4.993000e-05	-8.646555e-03	-5.000552e+00
4.994000e-05	-8.797006e-02	-5.389569e+00
4.995000e-05	7.708151e-02	-5.619628e+00
4.996000e-05	-1.441120e-01	-5.916362e+00
4.997000e-05	1.264689e-01	-6.168417e+00
4.998000e-05	-6.152465e-02	-6.451129e+00
4.999000e-05	4.961652e-03	-6.766390e+00
