# 260929_17:24:34.758117
t	CH1	CH2
0.000000e+00	-2.251836e-03	2.368435e-01
1.000000e-08	-1.356018e-04	-1.048172e-01
2.000000e-08	7.827132e-03	-3.578487e-01
3.000000e-08	-6.042511e-03	-6.537357e-01
4.000000e-08	1.035346e-03	-8.863707e-01
5.000000e-08	-6.706605e-03	-1.120453e+00
6.000000e-08	6.995146e-04	-1.466817e+00
7.000000e-08	-4.650270e-03	-1.727022e+00
8.000000e-08	1.877228e-02	-1.947899e+00
9.000000e-08	7.793697e-02	-2.253182e+00
1.000000e-07	1.987825e-02	-2.561583e+00
1.100000e-07	-7.635585e-02	-2.938008e+00
1.200000e-07	-3.675474e-02	-3.286893e+00
1.300000e-07	-2.989131e-02	-3.507897e+00
1.400000e-07	-3.811576e-02	-3.729657e+00
1.500000e-07	-1.475115e-02	-3.970628e+00
1.600000e-07	1.191238e-01	-4.170028e+00
1.700000e-07	-1.460256e-01	-4.454790e+00
1.800000e-07	1.744923e-01	-4.786429e+00
1.900000e-07	-5.680776e-02	-4.983712e+00
2.000000e-07	-5.679715e-02	-5.381658e+00
2.100000e-07	5.573030e-02	-5.581737e+00
2.200000e-07	-1.450241e-01	-5.937974e+00
2.300000e-07	1.469257e-01	-6.148652e+00
2.400000e-07	-8.951756e-02	-6.443270e+00
2.500000e-07	3.475865e-02	-6.739526e+00
2.600000e-07	4.142853e-02	-6.959606e+00
2.700000e-07	-8.056425e-02	-7.315924e+00
2.800000e-07	6.040724e-02	-7.537573e+00
2.900000e-07	-1.073197e-01	-7.792392e+00
3.000000e-07	7.849428e-02	-8.084970e+00
3.100000e-07	-2.890744e-02	-8.298971e+00
3.200000e-07	-1.118673e-02	-8.579280e+00
3.300000e-07	4.287147e-02	-8.831341e+00
3.400000e-07	-8.236109e-02	-9.056842e+00
3.500000e-07	6.919770e-02	-9.234467e+00
3.600000e-07	-8.710513e-02	-9.447078e+00
3.700000e-07	5.737752e-02	-9.777649e+00
3.800000e-07	-4.659752e-02	-9.970157e+00
3.900000e-07	2.709214e-02	-1.019978e+01
4.000000e-07	-1.426488e-02	-1.044284e+01
4.100000e-07	-2.670797e-02	-1.064484e+01
4.200000e-07	1.373891e-02	-1.081076e+01
4.300000e-07	-4.102050e-02	-1.102449e+01
4.400000e-07	2.918126e-02	-1.124498e+01
4.500000e-07	-4.766945e-02	-1.146555e+01
4.600000e-07	3.108300e-02	-1.170467e+01
4.700000e-07	-3.615946e-02	-1.187763e+01
4.800000e-07	1.537968e-02	-1.211710e+01
4.900000e-07	-3.698583e-02	-1.225397e+01
5.000000e-07	1.651131e-03	-1.243400e+01
5.100000e-07	-1.500246e-02	-1.262398e+01
5.200000e-07	-7.604102e-03	-1.283186e+01
5.300000e-07	-1.053259e-02	-1.298071e+01
5.400000e-07	-1.706463e-02	-1.312810e+01
5.500000e-07	1.989311e-03	-1.325459e+01
5.600000e-07	-2.373426e-02	-1.345243e+01
5.700000e-07	-4.869861e-03	-1.360923e+01
5.800000e-07	-2.716865e-02	-1.371865e+01
5.900000e-07	1.349748e-03	-1.387447e+01
6.000000e-07	-2.146024e-02	-1.400191e+01
6.100000e-07	-7.437735e-03	-1.416622e+01
6.200000e-07	-2.130343e-02	-1.424456e+01
6.300000e-07	-7.083658e-03	-1.437231e+01
6.400000e-07	-1.784418e-02	-1.446699e+01
6.500000e-07	-1.706638e-02	-1.461991e+01
6.600000e-07	-1.749501e-02	-1.468557e+01
6.700000e-07	-1.290436e-02	-1.482278e+01
6.800000e-07	-1.291016e-02	-1.486447e+01
6.900000e-07	-1.892450e-02	-1.496728e+01
7.000000e-07	-1.844556e-02	-1.504246e+01
7.100000e-07	-1.813888e-02	-1.513809e+01
7.200000e-07	-1.748607e-02	-1.516775e+01
7.300000e-07	-2.188709e-02	-1.524346e+01
7.400000e-07	-1.986580e-02	-1.527649e+01
7.500000e-07	-1.973083e-02	-1.535170e+01
7.600000e-07	-1.576117e-02	-1.539178e+01
7.700000e-07	-2.387055e-02	-1.544344e+01
7.800000e-07	-2.220907e-02	-1.543299e+01
7.900000e-07	-2.449673e-02	-1.550704e+01
8.000000e-07	-2.035833e-02	-1.553572e+01
8.100000e-07	-2.578428e-02	-1.555565e+01
8.200000e-07	-2.739075e-02	-1.553022e+01
8.300000e-07	-2.691496e-02	-1.553965e+01
8.400000e-07	-2.607712e-02	-1.554030e+01
8.500000e-07	-2.732568e-02	-1.554915e+01
8.600000e-07	-3.268941e-02	-1.550912e+01
8.700000e-07	-3.128464e-02	-1.551570e+01
8.800000e-07	-3.046109e-02	-1.550658e+01
8.900000e-07	-3.495759e-02	-1.547451e+01
9.000000e-07	-3.610080e-02	-1.544196e+01
9.100000e-07	-3.974775e-02	-1.537031e+01
9.200000e-07	-3.694005e-02	-1.536018e+01
9.300000e-07	-4.266097e-02	-1.532709e+01
9.400000e-07	-4.574479e-02	-1.527246e+01
9.500000e-07	-4.843149e-02	-1.518930e+01
9.600000e-07	-4.628741e-02	-1.510814e+01
9.700000e-07	-4.884761e-02	-1.506304e+01
9.800000e-07	-5.216291e-02	-1.498873e+01
9.900000e-07	-5.576639e-02	-1.489454e+01
1.000000e-06	-5.798660e-02	-1.479088e+01
1.010000e-06	-6.151364e-02	-1.470565e+01
1.020000e-06	-6.798138e-02	-1.464181e+01
1.030000e-06	-7.053506e-02	-1.452803e+01
1.040000e-06	-6.824094e-02	-1.446138e+01
1.050000e-06	-6.645414e-02	-1.432401e+01
1.060000e-06	-6.722390e-02	-1.419820e+01
1.070000e-06	-6.549811e-02	-1.402336e+01
1.080000e-06	-6.509524e-02	-1.391654e+01
1.090000e-06	-6.186142e-02	-1.377970e+01
1.100000e-06	-6.359929e-02	-1.366280e+01
1.110000e-06	-6.168688e-02	-1.348346e+01
1.120000e-06	-5.860719e-02	-1.333610e+01
1.130000e-06	-5.187947e-02	-1.321018e+01
1.140000e-06	-4.987680e-02	-1.304126e+01
1.150000e-06	-4.658562e-02	-1.289499e+01
1.160000e-06	-4.379447e-02	-1.270651e+01
1.170000e-06	-4.010746e-02	-1.253665e+01
1.180000e-06	-3.916860e-02	-1.239872e+01
1.190000e-06	-3.976828e-02	-1.222918e+01
1.200000e-06	-3.747368e-02	-1.204030e+01
1.210000e-06	-3.304707e-02	-1.185033e+01
1.220000e-06	-3.026737e-02	-1.159919e+01
1.230000e-06	-2.906575e-02	-1.138610e+01
1.240000e-06	-2.730511e-02	-1.115657e+01
1.250000e-06	-2.470590e-02	-1.095742e+01
1.260000e-06	-2.349252e-02	-1.075809e+01
1.270000e-06	-2.406378e-02	-1.056704e+01
1.280000e-06	-2.340883e-02	-1.036596e+01
1.290000e-06	-2.083195e-02	-1.010586e+01
1.300000e-06	-1.872856e-02	-9.853305e+00
1.310000e-06	-1.813730e-02	-9.662862e+00
1.320000e-06	-1.665959e-02	-9.419703e+00
1.330000e-06	-1.573332e-02	-9.190121e+00
1.340000e-06	-1.386089e-02	-8.979048e+00
1.350000e-06	-1.512373e-02	-8.758443e+00
1.360000e-06	-1.587056e-02	-8.473434e+00
1.370000e-06	-1.491391e-02	-8.252729e+00
1.380000e-06	-1.132300e-02	-8.020121e+00
1.390000e-06	-1.222547e-02	-7.735884e+00
1.400000e-06	-1.253282e-02	-7.481853e+00
1.410000e-06	-1.107540e-02	-7.219119e+00
1.420000e-06	-9.857787e-03	-6.915912e+00
1.430000e-06	-1.001317e-02	-6.704302e+00
1.440000e-06	-1.157836e-02	-6.421650e+00
1.450000e-06	-1.015539e-02	-6.147510e+00
1.460000e-06	-9.805679e-03	-5.923757e+00
1.470000e-06	-7.710686e-03	-5.630679e+00
1.480000e-06	-9.173462e-03	-5.325338e+00
1.490000e-06	-9.052900e-03	-5.050599e+00
1.500000e-06	-7.156488e-03	-4.692181e+00
1.510000e-06	-5.502516e-03	-4.461579e+00
1.520000e-06	-7.546317e-03	-4.180038e+00
1.530000e-06	-8.856156e-03	-3.924738e+00
1.540000e-06	-7.187503e-03	-3.641002e+00
1.550000e-06	-7.671160e-03	-3.408366e+00
1.560000e-06	-5.936949e-03	-3.142201e+00
1.570000e-06	-7.613286e-03	-2.800990e+00
1.580000e-06	-4.772112e-03	-2.524760e+00
1.590000e-06	-3.152796e-03	-2.251517e+00
1.600000e-06	-4.503940e-03	-1.946784e+00
1.610000e-06	-7.598010e-03	-1.664155e+00
1.620000e-06	-6.701143e-03	-1.343839e+00
1.630000e-06	-5.514070e-03	-1.040473e+00
1.640000e-06	-4.621850e-03	-7.583372e-01
1.650000e-06	-6.031448e-03	-4.120275e-01
1.660000e-06	-3.180644e-03	-1.478684e-01
1.670000e-06	3.802832e-03	7.632110e-02
1.680000e-06	9.976005e-03	3.995815e-01
1.690000e-06	-3.254017e-03	6.236395e-01
1.700000e-06	7.230252e-04	9.058686e-01
1.710000e-06	-1.881394e-03	1.222133e+00
1.720000e-06	2.094654e-03	1.518370e+00
1.730000e-06	-1.937974e-03	1.801704e+00
1.740000e-06	1.157604e-02	2.021582e+00
1.750000e-06	4.741783e-02	2.294392e+00
1.760000e-06	7.030886e-02	2.624714e+00
1.770000e-06	-6.445781e-02	2.959050e+00
1.780000e-06	-4.690874e-02	3.233235e+00
1.790000e-06	-2.931243e-02	3.527523e+00
1.800000e-06	9.701012e-03	3.769529e+00
1.810000e-06	-5.613364e-02	3.960130e+00
1.820000e-06	-9.345789e-03	4.231691e+00
1.830000e-06	9.327373e-02	4.556975e+00
1.840000e-06	-6.360986e-02	4.799131e+00
1.850000e-06	1.275649e-01	5.015843e+00
1.860000e-06	-7.362112e-02	5.412234e+00
1.870000e-06	-2.419664e-02	5.683740e+00
1.880000e-06	4.364112e-02	5.958549e+00
1.890000e-06	-3.482057e-02	6.161683e+00
1.900000e-06	4.198373e-02	6.464371e+00
1.910000e-06	-5.747856e-02	6.779600e+00
1.920000e-06	5.084257e-02	7.031734e+00
1.930000e-06	2.349166e-02	7.323972e+00
1.940000e-06	-2.849018e-02	7.601155e+00
1.950000e-06	-2.026932e-02	7.833437e+00
1.960000e-06	-4.595908e-03	8.136125e+00
1.970000e-06	6.162082e-02	8.359627e+00
1.980000e-06	-2.520595e-02	8.572183e+00
1.990000e-06	-1.237324e-02	8.811260e+00
2.000000e-06	2.321090e-02	9.015865e+00
2.010000e-06	-3.082081e-04	9.296944e+00
2.020000e-06	1.653431e-02	9.485548e+00
2.030000e-06	-3.516974e-02	9.750174e+00
2.040000e-06	2.306728e-02	1.001061e+01
2.050000e-06	1.218528e-02	1.019173e+01
2.060000e-06	2.048150e-02	1.043184e+01
2.070000e-06	-1.832106e-02	1.064444e+01
2.080000e-06	-8.438100e-03	1.084492e+01
2.090000e-06	2.755268e-02	1.103491e+01
2.100000e-06	1.116642e-03	1.123437e+01
2.110000e-06	3.469638e-03	1.149667e+01
2.120000e-06	-1.088872e-02	1.166812e+01
2.130000e-06	3.131136e-02	1.189650e+01
2.140000e-06	7.101113e-03	1.204552e+01
2.150000e-06	-1.702265e-03	1.226399e+01
2.160000e-06	-8.440357e-03	1.244391e+01
2.170000e-06	1.214847e-02	1.261279e+01
2.180000e-06	1.898981e-02	1.276130e+01
2.190000e-06	-1.209107e-03	1.293965e+01
2.200000e-06	4.033837e-03	1.309612e+01
2.210000e-06	1.211447e-02	1.330544e+01
2.220000e-06	2.210283e-02	1.346191e+01
2.230000e-06	-4.342493e-04	1.357920e+01
2.240000e-06	-3.410545e-03	1.370570e+01
2.250000e-06	6.775786e-03	1.387548e+01
2.260000e-06	1.707452e-02	1.399988e+01
2.270000e-06	7.930466e-03	1.411865e+01
2.280000e-06	1.625104e-03	1.430449e+01
2.290000e-06	1.510376e-02	1.442940e+01
2.300000e-06	2.031898e-02	1.453609e+01
2.310000e-06	1.060447e-02	1.461126e+01
2.320000e-06	-1.417152e-03	1.468659e+01
2.330000e-06	1.051899e-02	1.478176e+01
2.340000e-06	1.861412e-02	1.485246e+01
2.350000e-06	1.303034e-02	1.494773e+01
2.360000e-06	5.898911e-03	1.501398e+01
2.370000e-06	9.028518e-03	1.509612e+01
2.380000e-06	2.258248e-02	1.518035e+01
2.390000e-06	1.469883e-02	1.520996e+01
2.400000e-06	8.397859e-03	1.526657e+01
2.410000e-06	9.823659e-03	1.537517e+01
2.420000e-06	2.181702e-02	1.537077e+01
2.430000e-06	1.936302e-02	1.545138e+01
2.440000e-06	9.985398e-03	1.546407e+01
2.450000e-06	1.360765e-02	1.553564e+01
2.460000e-06	2.066294e-02	1.548512e+01
2.470000e-06	2.374284e-02	1.550515e+01
2.480000e-06	1.598810e-02	1.553717e+01
2.490000e-06	1.801000e-02	1.549972e+01
2.500000e-06	2.496291e-02	1.556823e+01
2.510000e-06	2.765490e-02	1.551662e+01
2.520000e-06	2.045000e-02	1.554617e+01
2.530000e-06	2.057863e-02	1.552509e+01
2.540000e-06	2.855224e-02	1.547707e+01
2.550000e-06	3.232835e-02	1.545298e+01
2.560000e-06	3.056706e-02	1.545191e+01
2.570000e-06	2.831509e-02	1.536975e+01
2.580000e-06	3.601347e-02	1.534619e+01
2.590000e-06	3.939853e-02	1.529551e+01
2.600000e-06	3.791570e-02	1.523143e+01
2.610000e-06	3.430152e-02	1.513667e+01
2.620000e-06	4.102328e-02	1.510604e+01
2.630000e-06	4.789239e-02	1.503031e+01
2.640000e-06	4.825928e-02	1.495720e+01
2.650000e-06	4.834210e-02	1.488539e+01
2.660000e-06	5.404648e-02	1.479972e+01
2.670000e-06	6.198825e-02	1.466591e+01
2.680000e-06	5.898510e-02	1.458830e+01
2.690000e-06	5.790929e-02	1.452349e+01
2.700000e-06	5.920158e-02	1.435862e+01
2.710000e-06	6.450382e-02	1.429348e+01
2.720000e-06	6.243094e-02	1.416662e+01
2.730000e-06	5.750521e-02	1.404132e+01
2.740000e-06	5.728777e-02	1.385199e+01
2.750000e-06	5.761568e-02	1.372462e+01
2.760000e-06	5.650715e-02	1.358823e+01
2.770000e-06	4.770450e-02	1.343178e+01
2.780000e-06	4.541906e-02	1.328549e+01
2.790000e-06	4.591199e-02	1.313554e+01
2.800000e-06	4.514423e-02	1.296970e+01
2.810000e-06	3.886876e-02	1.284075e+01
2.820000e-06	3.380399e-02	1.266133e+01
2.830000e-06	3.540827e-02	1.250491e+01
2.840000e-06	3.273722e-02	1.234504e+01
2.850000e-06	2.856349e-02	1.212604e+01
2.860000e-06	2.183540e-02	1.196654e+01
2.870000e-06	2.384067e-02	1.175810e+01
2.880000e-06	2.556616e-02	1.154496e+01
2.890000e-06	2.221917e-02	1.132551e+01
2.900000e-06	1.745459e-02	1.110601e+01
2.910000e-06	1.755225e-02	1.092592e+01
2.920000e-06	1.901487e-02	1.071411e+01
2.930000e-06	1.433389e-02	1.049391e+01
2.940000e-06	9.953833e-03	1.029238e+01
2.950000e-06	1.031406e-02	1.007380e+01
2.960000e-06	1.253906e-02	9.861202e+00
2.970000e-06	1.129754e-02	9.598647e+00
2.980000e-06	7.271477e-03	9.367540e+00
2.990000e-06	5.670720e-03	9.177012e+00
3.000000e-06	8.990867e-03	8.882960e+00
3.010000e-06	8.401094e-03	8.673281e+00
3.020000e-06	3.856907e-03	8.471226e+00
3.030000e-06	2.232124e-03	8.208149e+00
3.040000e-06	5.576892e-03	7.925938e+00
3.050000e-06	4.220956e-03	7.684711e+00
3.060000e-06	1.765712e-03	7.387598e+00
3.070000e-06	-1.066439e-03	7.166387e+00
3.080000e-06	2.166054e-03	6.883758e+00
3.090000e-06	4.621789e-03	6.612676e+00
3.100000e-06	2.926891e-03	6.357940e+00
3.110000e-06	-2.317937e-03	6.103810e+00
3.120000e-06	-1.086672e-03	5.890674e+00
3.130000e-06	2.047452e-03	5.587992e+00
3.140000e-06	3.535676e-05	5.312756e+00
3.150000e-06	-4.864436e-03	4.916393e+00
3.160000e-06	-3.386122e-03	4.711628e+00
3.170000e-06	-1.703280e-04	4.397520e+00
3.180000e-06	1.241239e-03	4.123284e+00
3.190000e-06	-3.835220e-03	3.840519e+00
3.200000e-06	-4.074049e-03	3.608940e+00
3.210000e-06	-1.683500e-03	3.282152e+00
3.220000e-06	-5.470118e-04	3.000437e+00
3.230000e-06	-4.517326e-03	2.745357e+00
3.240000e-06	-6.968140e-03	2.419023e+00
3.250000e-06	-3.164368e-03	2.135286e+00
3.260000e-06	-1.448726e-03	1.911223e+00
3.270000e-06	-4.097931e-03	1.567013e+00
3.280000e-06	-6.366544e-03	1.303650e+00
3.290000e-06	-2.842839e-03	9.132804e-01
3.300000e-06	-1.188318e-03	6.501451e-01
3.310000e-06	-4.148709e-03	3.774124e-01
3.320000e-06	-5.541484e-03	3.212758e-02
3.330000e-06	4.424150e-04	-1.915815e-01
3.340000e-06	7.697311e-03	-4.322629e-01
3.350000e-06	-3.624096e-03	-7.459737e-01
3.360000e-06	-3.098242e-03	-1.000104e+00
3.370000e-06	-6.370904e-03	-1.275391e+00
3.380000e-06	1.806551e-03	-1.601078e+00
3.390000e-06	2.438599e-03	-1.801683e+00
3.400000e-06	3.151072e-02	-2.042180e+00
3.410000e-06	9.306674e-02	-2.317603e+00
3.420000e-06	-5.407445e-02	-2.678000e+00
3.430000e-06	-4.449091e-02	-3.118073e+00
3.440000e-06	-4.790207e-02	-3.399604e+00
3.450000e-06	-1.162584e-02	-3.632082e+00
3.460000e-06	-6.568081e-02	-3.834871e+00
3.470000e-06	8.769656e-02	-4.082710e+00
3.480000e-06	6.190021e-03	-4.277270e+00
3.490000e-06	-7.831734e-02	-4.561738e+00
3.500000e-06	1.765503e-01	-4.770709e+00
3.510000e-06	-1.643088e-01	-5.170683e+00
3.520000e-06	7.619044e-02	-5.486369e+00
3.530000e-06	-7.430067e-02	-5.728551e+00
3.540000e-06	-2.829724e-02	-6.041261e+00
3.550000e-06	1.059764e-01	-6.233892e+00
3.560000e-06	-1.179012e-01	-6.531104e+00
3.570000e-06	1.086377e-01	-6.802233e+00
3.580000e-06	-6.113975e-02	-7.114596e+00
3.590000e-06	2.967768e-03	-7.391707e+00
3.600000e-06	3.406607e-03	-7.633362e+00
3.610000e-06	-7.341970e-02	-7.910001e+00
3.620000e-06	9.429334e-02	-8.150630e+00
3.630000e-06	-8.802994e-02	-8.441334e+00
3.640000e-06	7.105643e-02	-8.715468e+00
3.650000e-06	-4.889762e-02	-8.908100e+00
3.660000e-06	-1.037762e-02	-9.178628e+00
3.670000e-06	1.682024e-02	-9.299127e+00
3.680000e-06	-5.464344e-02	-9.611265e+00
3.690000e-06	5.321373e-02	-9.812336e+00
3.700000e-06	-6.489306e-02	-1.005349e+01
3.710000e-06	6.186251e-02	-1.028607e+01
3.720000e-06	-6.044944e-02	-1.049805e+01
3.730000e-06	2.397050e-02	-1.072660e+01
3.740000e-06	-3.837925e-02	-1.094755e+01
3.750000e-06	3.923318e-03	-1.112915e+01
3.760000e-06	-6.600175e-03	-1.130865e+01
3.770000e-06	-1.797645e-02	-1.156126e+01
3.780000e-06	1.020139e-02	-1.170868e+01
3.790000e-06	-2.566511e-02	-1.197025e+01
3.800000e-06	1.300278e-02	-1.217930e+01
3.810000e-06	-3.991177e-02	-1.236860e+01
3.820000e-06	1.033230e-02	-1.248607e+01
3.830000e-06	-3.041702e-02	-1.270610e+01
3.840000e-06	9.853525e-03	-1.289597e+01
3.850000e-06	-2.641420e-02	-1.303284e+01
3.860000e-06	-6.457916e-04	-1.318983e+01
3.870000e-06	-1.769618e-02	-1.330663e+01
3.880000e-06	-8.128200e-03	-1.343615e+01
3.890000e-06	-1.476781e-02	-1.361244e+01
3.900000e-06	-1.713410e-02	-1.378086e+01
3.910000e-06	-7.881754e-03	-1.388770e+01
3.920000e-06	-1.519004e-02	-1.403354e+01
3.930000e-06	-8.061647e-03	-1.419032e+01
3.940000e-06	-2.224693e-02	-1.434727e+01
3.950000e-06	-8.722955e-03	-1.443186e+01
3.960000e-06	-2.098431e-02	-1.449767e+01
3.970000e-06	-1.244380e-02	-1.465049e+01
3.980000e-06	-2.233153e-02	-1.470808e+01
3.990000e-06	-1.025868e-02	-1.481333e+01
4.000000e-06	-1.584542e-02	-1.491514e+01
4.010000e-06	-1.148743e-02	-1.497935e+01
4.020000e-06	-2.289168e-02	-1.506307e+01
4.030000e-06	-1.792603e-02	-1.518765e+01
4.040000e-06	-2.190150e-02	-1.519990e+01
4.050000e-06	-1.762932e-02	-1.526351e+01
4.060000e-06	-2.438187e-02	-1.530607e+01
4.070000e-06	-1.999058e-02	-1.533870e+01
4.080000e-06	-1.751722e-02	-1.543144e+01
4.090000e-06	-1.985103e-02	-1.544441e+01
4.100000e-06	-2.127940e-02	-1.549507e+01
4.110000e-06	-2.753248e-02	-1.550562e+01
4.120000e-06	-2.126977e-02	-1.553613e+01
4.130000e-06	-2.610514e-02	-1.551870e+01
4.140000e-06	-2.545943e-02	-1.553820e+01
4.150000e-06	-3.003964e-02	-1.555867e+01
4.160000e-06	-2.656184e-02	-1.556865e+01
4.170000e-06	-2.755507e-02	-1.554873e+01
4.180000e-06	-3.020639e-02	-1.552707e+01
4.190000e-06	-3.310715e-02	-1.550622e+01
4.200000e-06	-3.436879e-02	-1.547665e+01
4.210000e-06	-3.494559e-02	-1.550346e+01
4.220000e-06	-3.817089e-02	-1.544183e+01
4.230000e-06	-3.979195e-02	-1.538933e+01
4.240000e-06	-4.126673e-02	-1.536012e+01
4.250000e-06	-3.900720e-02	-1.529504e+01
4.260000e-06	-4.482039e-02	-1.527388e+01
4.270000e-06	-4.664839e-02	-1.515817e+01
4.280000e-06	-5.091205e-02	-1.510557e+01
4.290000e-06	-5.159217e-02	-1.500938e+01
4.300000e-06	-5.577088e-02	-1.494777e+01
4.310000e-06	-5.785182e-02	-1.484351e+01
4.320000e-06	-6.148194e-02	-1.477025e+01
4.330000e-06	-6.195934e-02	-1.470496e+01
4.340000e-06	-6.487145e-02	-1.459120e+01
4.350000e-06	-6.708079e-02	-1.449346e+01
4.360000e-06	-6.869468e-02	-1.442972e+01
4.370000e-06	-6.876518e-02	-1.424993e+01
4.380000e-06	-6.712835e-02	-1.411574e+01
4.390000e-06	-6.695124e-02	-1.400778e+01
4.400000e-06	-6.476484e-02	-1.386236e+01
4.410000e-06	-6.274334e-02	-1.370514e+01
4.420000e-06	-5.933785e-02	-1.360867e+01
4.430000e-06	-5.860882e-02	-1.345090e+01
4.440000e-06	-5.589648e-02	-1.326394e+01
4.450000e-06	-5.284169e-02	-1.310711e+01
4.460000e-06	-4.769879e-02	-1.299920e+01
4.470000e-06	-4.604423e-02	-1.283178e+01
4.480000e-06	-4.396614e-02	-1.264138e+01
4.490000e-06	-4.086543e-02	-1.249344e+01
4.500000e-06	-3.749933e-02	-1.233541e+01
4.510000e-06	-3.605263e-02	-1.213550e+01
4.520000e-06	-3.536766e-02	-1.193716e+01
4.530000e-06	-3.372663e-02	-1.169559e+01
4.540000e-06	-3.042538e-02	-1.150651e+01
4.550000e-06	-2.752580e-02	-1.130193e+01
4.560000e-06	-2.636012e-02	-1.107178e+01
4.570000e-06	-2.514974e-02	-1.085275e+01
4.580000e-06	-2.284942e-02	-1.066233e+01
4.590000e-06	-2.127586e-02	-1.049433e+01
4.600000e-06	-2.217569e-02	-1.021928e+01
4.610000e-06	-2.000714e-02	-1.000915e+01
4.620000e-06	-1.937441e-02	-9.808172e+00
4.630000e-06	-1.667845e-02	-9.598619e+00
4.640000e-06	-1.725998e-02	-9.335991e+00
4.650000e-06	-1.701843e-02	-9.105460e+00
4.660000e-06	-1.565059e-02	-8.895361e+00
4.670000e-06	-1.420635e-02	-8.649225e+00
4.680000e-06	-1.324777e-02	-8.408623e+00
4.690000e-06	-1.343529e-02	-8.187072e+00
4.700000e-06	-1.299423e-02	-7.955910e+00
4.710000e-06	-1.021889e-02	-7.611198e+00
4.720000e-06	-1.143754e-02	-7.387540e+00
4.730000e-06	-1.090282e-02	-7.124282e+00
4.740000e-06	-1.183843e-02	-6.842150e+00
4.750000e-06	-9.199077e-03	-6.588019e+00
4.760000e-06	-9.917126e-03	-6.368336e+00
4.770000e-06	-9.757718e-03	-6.071627e+00
4.780000e-06	-1.038692e-02	-5.807992e+00
4.790000e-06	-7.137979e-03	-5.546861e+00
4.800000e-06	-8.203347e-03	-5.249598e+00
4.810000e-06	-7.498714e-03	-4.965855e+00
4.820000e-06	-9.008174e-03	-4.609392e+00
4.830000e-06	-5.429344e-03	-4.365490e+00
4.840000e-06	-6.536670e-03	-4.132784e+00
4.850000e-06	-7.597137e-03	-3.819545e+00
4.860000e-06	-1.065521e-02	-3.545290e+00
4.870000e-06	-7.605524e-03	-3.272105e+00
4.880000e-06	-4.504106e-03	-2.985861e+00
4.890000e-06	-5.056459e-03	-2.703259e+00
4.900000e-06	-6.987441e-03	-2.410495e+00
4.910000e-06	-5.743274e-03	-2.074259e+00
4.920000e-06	-2.916087e-03	-1.791048e+00
4.930000e-06	-5.141061e-03	-1.596866e+00
4.940000e-06	-7.716349e-03	-1.228994e+00
4.950000e-06	-7.704683e-03	-9.248004e-01
4.960000e-06	-3.214861e-03	-6.309451e-01
4.970000e-06	-2.981261e-03	-3.843344e-01
4.980000e-06	-3.313281e-03	-7.367534e-02
4.990000e-06	4.261567e-03	2.231857e-01
5.000000e-06	2.879257e-03	4.757933e-01
5.010000e-06	2.472679e-03	7.374748e-01
5.020000e-06	-1.186721e-03	1.013736e+00
5.030000e-06	-1.547604e-03	1.296400e+00
5.040000e-06	1.970144e-03	1.614734e+00
5.050000e-06	3.514271e-03	1.874766e+00
5.060000e-06	1.975782e-02	2.086846e+00
5.070000e-06	6.887491e-02	2.381104e+00
5.080000e-06	1.749027e-02	2.748551e+00
5.090000e-06	-6.566621e-02	3.011763e+00
5.100000e-06	-4.416303e-02	3.309399e+00
5.110000e-06	-1.214519e-02	3.632684e+00
5.120000e-06	-9.478693e-03	3.854361e+00
5.130000e-06	-5.270952e-02	4.062192e+00
5.140000e-06	5.128629e-02	4.268073e+00
5.150000e-06	3.497679e-02	4.623711e+00
5.160000e-06	-1.790362e-02	4.854991e+00
5.170000e-06	1.087692e-01	5.192711e+00
5.180000e-06	-1.181565e-01	5.537496e+00
5.190000e-06	3.875919e-02	5.759629e+00
5.200000e-06	-2.562172e-03	6.033237e+00
5.210000e-06	-1.846202e-03	6.285817e+00
5.220000e-06	1.949685e-02	6.599204e+00
5.230000e-06	-4.664255e-02	6.834347e+00
5.240000e-06	8.027806e-02	7.107076e+00
5.250000e-06	-2.339206e-02	7.362232e+00
5.260000e-06	-5.592517e-03	7.695495e+00
5.270000e-06	-3.638097e-02	7.979732e+00
5.280000e-06	3.625002e-02	8.204264e+00
5.290000e-06	3.552551e-02	8.432886e+00
5.300000e-06	-4.034308e-02	8.685367e+00
5.310000e-06	1.954313e-02	8.886043e+00
5.320000e-06	-1.134811e-03	9.138175e+00
5.330000e-06	2.076676e-02	9.347631e+00
5.340000e-06	-1.263645e-02	9.591836e+00
5.350000e-06	-8.657020e-03	9.864466e+00
5.360000e-06	1.554325e-02	1.008496e+01
5.370000e-06	1.806314e-02	1.027545e+01
5.380000e-06	1.163854e-02	1.049703e+01
5.390000e-06	-2.516423e-02	1.071913e+01
5.400000e-06	1.311745e-02	1.092863e+01
5.410000e-06	1.088800e-02	1.111558e+01
5.420000e-06	1.076414e-02	1.132920e+01
5.430000e-06	-1.237067e-02	1.155873e+01
5.440000e-06	1.123218e-02	1.178228e+01
5.450000e-06	1.778360e-02	1.195913e+01
5.460000e-06	1.050180e-02	1.213815e+01
5.470000e-06	-7.178957e-03	1.234818e+01
5.480000e-06	-3.378995e-04	1.248617e+01
5.490000e-06	1.625328e-02	1.270654e+01
5.500000e-06	1.047475e-02	1.284384e+01
5.510000e-06	3.467059e-03	1.301288e+01
5.520000e-06	1.985317e-03	1.318876e+01
5.530000e-06	1.940968e-02	1.337817e+01
5.540000e-06	9.313667e-03	1.348547e+01
5.550000e-06	3.618906e-03	1.358139e+01
5.560000e-06	-2.252712e-03	1.376818e+01
5.570000e-06	1.571813e-02	1.391820e+01
5.580000e-06	1.218019e-02	1.404299e+01
5.590000e-06	7.234304e-03	1.419083e+01
5.600000e-06	4.183037e-03	1.435760e+01
5.610000e-06	1.464312e-02	1.444241e+01
5.620000e-06	1.551889e-02	1.455975e+01
5.630000e-06	6.128325e-03	1.466241e+01
5.640000e-06	6.884814e-03	1.477660e+01
5.650000e-06	1.164285e-02	1.483284e+01
5.660000e-06	1.766915e-02	1.489601e+01
5.670000e-06	9.038239e-03	1.498138e+01
5.680000e-06	8.007409e-03	1.504546e+01
5.690000e-06	1.134914e-02	1.510570e+01
5.700000e-06	1.858114e-02	1.518125e+01
5.710000e-06	1.215463e-02	1.524251e+01
5.720000e-06	1.092092e-02	1.532567e+01
5.730000e-06	1.687962e-02	1.533730e+01
5.740000e-06	1.861794e-02	1.538985e+01
5.750000e-06	1.773212e-02	1.545299e+01
5.760000e-06	1.084627e-02	1.546512e+01
5.770000e-06	1.793607e-02	1.546709e+01
5.780000e-06	1.910521e-02	1.553567e+01
5.790000e-06	2.002126e-02	1.552715e+01
5.800000e-06	1.562073e-02	1.555825e+01
5.810000e-06	2.044543e-02	1.557970e+01
5.820000e-06	2.483173e-02	1.548820e+01
5.830000e-06	2.488377e-02	1.553610e+01
5.840000e-06	2.300752e-02	1.551670e+01
5.850000e-06	2.479836e-02	1.548619e+01
5.860000e-06	3.076664e-02	1.548501e+01
5.870000e-06	3.018461e-02	1.545251e+01
5.880000e-06	2.885560e-02	1.542940e+01
5.890000e-06	3.002103e-02	1.538673e+01
5.900000e-06	3.465021e-02	1.531612e+01
5.910000e-06	3.778286e-02	1.524291e+01
5.920000e-06	3.723540e-02	1.520988e+01
5.930000e-06	4.064420e-02	1.510617e+01
5.940000e-06	4.512832e-02	1.511351e+01
5.950000e-06	4.850733e-02	1.498033e+01
5.960000e-06	4.617234e-02	1.488807e+01
5.970000e-06	4.783875e-02	1.485283e+01
5.980000e-06	5.322920e-02	1.477962e+01
5.990000e-06	5.767268e-02	1.467291e+01
6.000000e-06	5.846814e-02	1.455164e+01
6.010000e-06	6.114056e-02	1.449333e+01
6.020000e-06	6.223538e-02	1.433622e+01
6.030000e-06	6.363552e-02	1.422181e+01
6.040000e-06	6.124834e-02	1.410343e+01
6.050000e-06	5.827516e-02	1.395725e+01
6.060000e-06	5.623876e-02	1.384137e+01
6.070000e-06	5.558263e-02	1.367341e+01
6.080000e-06	5.165331e-02	1.351557e+01
6.090000e-06	4.964908e-02	1.341018e+01
6.100000e-06	4.690009e-02	1.325190e+01
6.110000e-06	4.643540e-02	1.308336e+01
6.120000e-06	4.050920e-02	1.291454e+01
6.130000e-06	3.793344e-02	1.275604e+01
6.140000e-06	3.364523e-02	1.259918e+01
6.150000e-06	3.299634e-02	1.243230e+01
6.160000e-06	2.978655e-02	1.226138e+01
6.170000e-06	2.777170e-02	1.206293e+01
6.180000e-06	2.547404e-02	1.186393e+01
6.190000e-06	2.390960e-02	1.171433e+01
6.200000e-06	2.213191e-02	1.144043e+01
6.210000e-06	1.925099e-02	1.123325e+01
6.220000e-06	1.782513e-02	1.103133e+01
6.230000e-06	1.715954e-02	1.082175e+01
6.240000e-06	1.475498e-02	1.064175e+01
6.250000e-06	1.305404e-02	1.043125e+01
6.260000e-06	1.307819e-02	1.022012e+01
6.270000e-06	1.159995e-02	9.999095e+00
6.280000e-06	1.006208e-02	9.705010e+00
6.290000e-06	8.547823e-03	9.515836e+00
6.300000e-06	7.972835e-03	9.275386e+00
6.310000e-06	7.515617e-03	9.090229e+00
6.320000e-06	6.352668e-03	8.809648e+00
6.330000e-06	5.527453e-03	8.527593e+00
6.340000e-06	4.441525e-03	8.376488e+00
6.350000e-06	4.562278e-03	8.085282e+00
6.360000e-06	3.823440e-03	7.872600e+00
6.370000e-06	1.922008e-03	7.599076e+00
6.380000e-06	3.266002e-03	7.344936e+00
6.390000e-06	2.141377e-03	7.053254e+00
6.400000e-06	2.056668e-03	6.799098e+00
6.410000e-06	-3.073795e-05	6.486909e+00
6.420000e-06	9.828598e-04	6.303224e+00
6.430000e-06	5.337616e-04	6.001574e+00
6.440000e-06	1.795199e-05	5.725520e+00
6.450000e-06	-1.850935e-03	5.464731e+00
6.460000e-06	-7.254727e-04	5.199468e+00
6.470000e-06	-1.113276e-03	4.850553e+00
6.480000e-06	-1.287792e-03	4.576462e+00
6.490000e-06	-1.814005e-03	4.302728e+00
6.500000e-06	-9.667881e-04	3.999916e+00
6.510000e-06	-1.225262e-03	3.724361e+00
6.520000e-06	-2.753737e-03	3.423599e+00
6.530000e-06	-2.517486e-03	3.176865e+00
6.540000e-06	-4.553899e-03	2.904707e+00
6.550000e-06	-3.081584e-03	2.647968e+00
6.560000e-06	-4.066541e-03	2.335706e+00
6.570000e-06	-3.860047e-03	2.032076e+00
6.580000e-06	-3.122251e-03	1.765387e+00
6.590000e-06	-1.883490e-03	1.433598e+00
6.600000e-06	-3.112730e-03	1.197788e+00
6.610000e-06	-4.911571e-03	8.405224e-01
6.620000e-06	-5.482567e-03	5.753107e-01
6.630000e-06	-3.828099e-03	3.026202e-01
6.640000e-06	-2.191245e-03	-2.323177e-02
6.650000e-06	4.675930e-03	-3.063196e-01
6.660000e-06	-7.793541e-05	-5.494540e-01
6.670000e-06	1.415067e-03	-8.207616e-01
6.680000e-06	-3.966352e-03	-1.064870e+00
6.690000e-06	-1.924941e-03	-1.394508e+00
6.700000e-06	-5.285619e-03	-1.664789e+00
6.710000e-06	9.689736e-03	-1.886892e+00
6.720000e-06	5.759239e-02	-2.145900e+00
6.730000e-06	6.416199e-02	-2.476346e+00
6.740000e-06	-8.465306e-02	-2.884419e+00
6.750000e-06	-3.109723e-02	-3.243164e+00
6.760000e-06	-4.205708e-02	-3.465292e+00
6.770000e-06	-1.986768e-02	-3.718895e+00
6.780000e-06	-5.798672e-02	-3.969550e+00
6.790000e-06	1.398397e-01	-4.105971e+00
6.800000e-06	-1.163021e-01	-4.389180e+00
6.810000e-06	9.358548e-02	-4.674871e+00
6.820000e-06	5.250848e-02	-4.920530e+00
6.830000e-06	-1.351344e-01	-5.316520e+00
6.840000e-06	1.064594e-01	-5.579098e+00
6.850000e-06	-1.546530e-01	-5.853792e+00
6.860000e-06	1.084646e-01	-6.106399e+00
6.870000e-06	-1.874828e-02	-6.368153e+00
6.880000e-06	-3.733321e-02	-6.645348e+00
6.890000e-06	9.292406e-02	-6.885948e+00
6.900000e-06	-1.040889e-01	-7.202865e+00
6.910000e-06	6.048681e-02	-7.474440e+00
6.920000e-06	-7.983533e-02	-7.730680e+00
6.930000e-06	2.609498e-02	-8.051865e+00
6.940000e-06	3.133291e-02	-8.245942e+00
6.950000e-06	-6.365191e-02	-8.498076e+00
6.960000e-06	8.046633e-02	-8.749630e+00
6.970000e-06	-9.746487e-02	-9.003786e+00
6.980000e-06	6.073393e-02	-9.202913e+00
6.990000e-06	-6.221457e-02	-9.445469e+00
7.000000e-06	2.162221e-02	-9.706070e+00
7.010000e-06	-7.221550e-03	-9.877629e+00
7.020000e-06	-1.551489e-02	-1.013818e+01
7.030000e-06	2.860729e-02	-1.033921e+01
7.040000e-06	-5.669649e-02	-1.057126e+01
7.050000e-06	3.526608e-02	-1.079136e+01
7.060000e-06	-5.592610e-02	-1.097079e+01
7.070000e-06	3.409718e-02	-1.124083e+01
7.080000e-06	-4.347639e-02	-1.137339e+01
7.090000e-06	2.026743e-02	-1.165297e+01
7.100000e-06	-2.438684e-02	-1.184136e+01
7.110000e-06	2.184217e-03	-1.204445e+01
7.120000e-06	-1.891728e-02	-1.222289e+01
7.130000e-06	-1.519864e-02	-1.239291e+01
7.140000e-06	-1.546616e-03	-1.258936e+01
7.150000e-06	-2.010381e-02	-1.278978e+01
7.160000e-06	2.676042e-03	-1.293910e+01
7.170000e-06	-2.635564e-02	-1.305647e+01
7.180000e-06	6.965557e-03	-1.322286e+01
7.190000e-06	-2.652772e-02	-1.334180e+01
7.200000e-06	-1.194591e-03	-1.352920e+01
7.210000e-06	-2.712886e-02	-1.366644e+01
7.220000e-06	-2.223246e-03	-1.385446e+01
7.230000e-06	-1.820420e-02	-1.395828e+01
7.240000e-06	-9.970298e-03	-1.413517e+01
7.250000e-06	-1.653648e-02	-1.421139e+01
7.260000e-06	-1.233546e-02	-1.434925e+01
7.270000e-06	-1.323097e-02	-1.444596e+01
7.280000e-06	-1.918725e-02	-1.456938e+01
7.290000e-06	-1.533553e-02	-1.467454e+01
7.300000e-06	-1.645750e-02	-1.475073e+01
7.310000e-06	-1.222126e-02	-1.487491e+01
7.320000e-06	-1.865517e-02	-1.494870e+01
7.330000e-06	-1.697686e-02	-1.500993e+01
7.340000e-06	-2.052401e-02	-1.510565e+01
7.350000e-06	-1.518582e-02	-1.514975e+01
7.360000e-06	-2.215850e-02	-1.521133e+01
7.370000e-06	-1.780406e-02	-1.525404e+01
7.380000e-06	-2.218640e-02	-1.532815e+01
7.390000e-06	-1.608269e-02	-1.535881e+01
7.400000e-06	-2.359599e-02	-1.544246e+01
7.410000e-06	-2.264072e-02	-1.547349e+01
7.420000e-06	-2.443347e-02	-1.547559e+01
7.430000e-06	-2.217814e-02	-1.550612e+01
7.440000e-06	-2.342798e-02	-1.552665e+01
7.450000e-06	-2.708768e-02	-1.553872e+01
7.460000e-06	-2.445853e-02	-1.551815e+01
7.470000e-06	-2.757076e-02	-1.552835e+01
7.480000e-06	-2.648144e-02	-1.555820e+01
7.490000e-06	-3.230261e-02	-1.552717e+01
7.500000e-06	-3.093304e-02	-1.554912e+01
7.510000e-06	-3.247831e-02	-1.551563e+01
7.520000e-06	-3.508030e-02	-1.548396e+01
7.530000e-06	-3.722194e-02	-1.545356e+01
7.540000e-06	-3.822867e-02	-1.542138e+01
7.550000e-06	-3.822478e-02	-1.535022e+01
7.560000e-06	-4.015689e-02	-1.532752e+01
7.570000e-06	-4.337648e-02	-1.526549e+01
7.580000e-06	-4.555617e-02	-1.522883e+01
7.590000e-06	-4.706137e-02	-1.514717e+01
7.600000e-06	-5.054376e-02	-1.506404e+01
7.610000e-06	-5.475474e-02	-1.503041e+01
7.620000e-06	-5.798497e-02	-1.489507e+01
7.630000e-06	-5.797822e-02	-1.482191e+01
7.640000e-06	-6.073170e-02	-1.473770e+01
7.650000e-06	-6.381755e-02	-1.466443e+01
7.660000e-06	-6.660431e-02	-1.454920e+01
7.670000e-06	-6.691787e-02	-1.448491e+01
7.680000e-06	-6.783073e-02	-1.432614e+01
7.690000e-06	-6.951340e-02	-1.422138e+01
7.700000e-06	-6.949399e-02	-1.409349e+01
7.710000e-06	-6.614194e-02	-1.396762e+01
7.720000e-06	-6.373156e-02	-1.380123e+01
7.730000e-06	-6.255566e-02	-1.369291e+01
7.740000e-06	-5.999658e-02	-1.352656e+01
7.750000e-06	-5.617830e-02	-1.337767e+01
7.760000e-06	-5.258693e-02	-1.321073e+01
7.770000e-06	-5.149499e-02	-1.309286e+01
7.780000e-06	-4.956106e-02	-1.291707e+01
7.790000e-06	-4.550958e-02	-1.275860e+01
7.800000e-06	-4.214903e-02	-1.261825e+01
7.810000e-06	-4.205019e-02	-1.243075e+01
7.820000e-06	-3.875481e-02	-1.226925e+01
7.830000e-06	-3.277576e-02	-1.211282e+01
7.840000e-06	-3.326375e-02	-1.185191e+01
7.850000e-06	-3.346057e-02	-1.165180e+01
7.860000e-06	-3.049317e-02	-1.144880e+01
7.870000e-06	-2.506147e-02	-1.117865e+01
7.880000e-06	-2.555928e-02	-1.100877e+01
7.890000e-06	-2.648426e-02	-1.078007e+01
7.900000e-06	-2.390869e-02	-1.059965e+01
7.910000e-06	-2.062375e-02	-1.035765e+01
7.920000e-06	-2.058387e-02	-1.015860e+01
7.930000e-06	-2.109397e-02	-9.926444e+00
7.940000e-06	-1.890653e-02	-9.705516e+00
7.950000e-06	-1.587916e-02	-9.505409e+00
7.960000e-06	-1.576071e-02	-9.222829e+00
7.970000e-06	-1.684277e-02	-9.031182e+00
7.980000e-06	-1.566241e-02	-8.810128e+00
7.990000e-06	-1.397322e-02	-8.555612e+00
8.000000e-06	-1.258088e-02	-8.314886e+00
8.010000e-06	-1.405162e-02	-8.083762e+00
8.020000e-06	-1.377912e-02	-7.819648e+00
8.030000e-06	-1.153399e-02	-7.554910e+00
8.040000e-06	-9.658113e-03	-7.240252e+00
8.050000e-06	-1.008001e-02	-6.988148e+00
8.060000e-06	-1.142261e-02	-6.726889e+00
8.070000e-06	-9.511764e-03	-6.483283e+00
8.080000e-06	-7.635580e-03	-6.248998e+00
8.090000e-06	-9.782474e-03	-5.906991e+00
8.100000e-06	-1.161354e-02	-5.694234e+00
8.110000e-06	-8.860292e-03	-5.449465e+00
8.120000e-06	-8.649097e-03	-5.123786e+00
8.130000e-06	-7.221308e-03	-4.787416e+00
8.140000e-06	-8.837963e-03	-4.504758e+00
8.150000e-06	-6.231067e-03	-4.254177e+00
8.160000e-06	-6.545366e-03	-4.011021e+00
8.170000e-06	-6.010164e-03	-3.691753e+00
8.180000e-06	-9.665944e-03	-3.430603e+00
8.190000e-06	-6.665832e-03	-3.159835e+00
8.200000e-06	-7.162667e-03	-2.822154e+00
8.210000e-06	-4.457649e-03	-2.567914e+00
8.220000e-06	-6.443101e-03	-2.344855e+00
8.230000e-06	-5.408300e-03	-1.997895e+00
8.240000e-06	-4.980750e-03	-1.756257e+00
8.250000e-06	-5.235064e-03	-1.420546e+00
8.260000e-06	-5.770387e-03	-1.094658e+00
8.270000e-06	-5.038925e-03	-7.789987e-01
8.280000e-06	-3.792247e-03	-4.937818e-01
8.290000e-06	-2.880405e-03	-2.196251e-01
8.300000e-06	-4.747560e-04	4.265775e-02
8.310000e-06	7.207216e-03	3.289247e-01
8.320000e-06	-2.781203e-03	6.206040e-01
8.330000e-06	2.619341e-03	8.212851e-01
8.340000e-06	-2.603367e-03	1.170479e+00
8.350000e-06	3.051718e-03	1.392229e+00
8.360000e-06	5.121436e-04	1.789527e+00
8.370000e-06	9.137710e-03	1.969524e+00
8.380000e-06	3.305570e-02	2.202634e+00
8.390000e-06	7.957665e-02	2.526523e+00
8.400000e-06	-4.313260e-02	2.905320e+00
8.410000e-06	-5.032250e-02	3.169556e+00
8.420000e-06	-4.137361e-02	3.445290e+00
8.430000e-06	7.469580e-03	3.696920e+00
8.440000e-06	-4.168524e-02	3.907546e+00
8.450000e-06	-3.022823e-02	4.139075e+00
8.460000e-06	9.377334e-02	4.414263e+00
8.470000e-06	-4.218259e-02	4.736973e+00
8.480000e-06	8.239235e-02	4.948682e+00
8.490000e-06	-2.297360e-03	5.327101e+00
8.500000e-06	-7.695531e-02	5.591757e+00
8.510000e-06	5.602180e-02	5.845416e+00
8.520000e-06	-3.481962e-02	6.109524e+00
8.530000e-06	3.700266e-02	6.370232e+00
8.540000e-06	-3.029997e-02	6.686050e+00
8.550000e-06	1.144846e-02	6.948574e+00
8.560000e-06	5.885438e-02	7.192384e+00
8.570000e-06	-3.973532e-02	7.514999e+00
8.580000e-06	-8.773189e-03	7.770728e+00
8.590000e-06	-3.030570e-02	8.064939e+00
8.600000e-06	6.267335e-02	8.347949e+00
8.610000e-06	-2.288636e-03	8.517502e+00
8.620000e-06	-2.781273e-02	8.800130e+00
8.630000e-06	3.148458e-02	9.021284e+00
8.640000e-06	-9.233362e-03	9.233338e+00
8.650000e-06	2.874933e-02	9.463888e+00
8.660000e-06	-3.622438e-02	9.707554e+00
8.670000e-06	1.643190e-02	9.938629e+00
8.680000e-06	9.218925e-03	1.017916e+01
8.690000e-06	2.364738e-02	1.036918e+01
8.700000e-06	-5.249216e-03	1.063138e+01
8.710000e-06	-1.758477e-02	1.081081e+01
8.720000e-06	2.688406e-02	1.100138e+01
8.730000e-06	-1.950451e-04	1.119133e+01
8.740000e-06	1.057954e-02	1.142294e+01
8.750000e-06	-1.798317e-02	1.164341e+01
8.760000e-06	2.897595e-02	1.186494e+01
8.770000e-06	8.817097e-03	1.201334e+01
8.780000e-06	8.220824e-03	1.222386e+01
8.790000e-06	-1.089031e-02	1.239136e+01
8.800000e-06	9.393933e-03	1.256183e+01
8.810000e-06	1.877279e-02	1.272871e+01
8.820000e-06	1.350472e-03	1.287612e+01
8.830000e-06	2.971100e-03	1.307349e+01
8.840000e-06	4.945498e-03	1.322239e+01
8.850000e-06	2.444138e-02	1.337930e+01
8.860000e-06	1.385175e-03	1.351817e+01
8.870000e-06	1.474449e-03	1.366657e+01
8.880000e-06	3.636880e-03	1.380143e+01
8.890000e-06	1.980903e-02	1.397025e+01
8.900000e-06	9.516754e-03	1.409570e+01
8.910000e-06	7.528866e-04	1.424164e+01
8.920000e-06	9.798026e-03	1.435980e+01
8.930000e-06	1.645843e-02	1.449502e+01
8.940000e-06	1.328503e-02	1.461071e+01
8.950000e-06	1.268381e-03	1.469557e+01
8.960000e-06	1.127057e-02	1.483961e+01
8.970000e-06	1.584019e-02	1.483396e+01
8.980000e-06	1.575007e-02	1.493762e+01
8.990000e-06	6.135705e-03	1.501083e+01
9.000000e-06	8.635196e-03	1.511557e+01
9.010000e-06	1.838871e-02	1.514765e+01
9.020000e-06	1.501442e-02	1.517141e+01
9.030000e-06	1.002247e-02	1.525449e+01
9.040000e-06	1.010363e-02	1.532575e+01
9.050000e-06	2.032400e-02	1.535875e+01
9.060000e-06	1.813387e-02	1.542041e+01
9.070000e-06	1.302543e-02	1.544546e+01
9.080000e-06	1.322482e-02	1.546304e+01
9.090000e-06	2.046186e-02	1.553814e+01
9.100000e-06	2.211621e-02	1.552714e+01
9.110000e-06	1.655387e-02	1.553669e+01
9.120000e-06	1.787746e-02	1.553767e+01
9.130000e-06	2.282331e-02	1.555730e+01
9.140000e-06	2.590533e-02	1.555720e+01
9.150000e-06	2.037814e-02	1.551709e+01
9.160000e-06	2.333146e-02	1.550809e+01
9.170000e-06	2.879138e-02	1.551512e+01
9.180000e-06	3.201133e-02	1.547549e+01
9.190000e-06	2.948319e-02	1.544301e+01
9.200000e-06	2.794867e-02	1.539738e+01
9.210000e-06	3.517237e-02	1.533567e+01
9.220000e-06	3.723866e-02	1.529511e+01
9.230000e-06	3.685297e-02	1.524146e+01
9.240000e-06	3.536249e-02	1.515930e+01
9.250000e-06	4.292697e-02	1.512614e+01
9.260000e-06	4.706862e-02	1.506234e+01
9.270000e-06	4.694695e-02	1.495923e+01
9.280000e-06	4.790985e-02	1.488649e+01
9.290000e-06	5.270543e-02	1.478086e+01
9.300000e-06	5.902146e-02	1.473557e+01
9.310000e-06	5.849995e-02	1.464193e+01
9.320000e-06	5.917454e-02	1.450809e+01
9.330000e-06	6.040356e-02	1.441138e+01
9.340000e-06	6.479014e-02	1.431499e+01
9.350000e-06	6.212216e-02	1.420870e+01
9.360000e-06	5.807545e-02	1.404188e+01
9.370000e-06	5.827173e-02	1.392404e+01
9.380000e-06	5.755722e-02	1.376870e+01
9.390000e-06	5.606460e-02	1.358033e+01
9.400000e-06	4.918215e-02	1.351343e+01
9.410000e-06	4.773444e-02	1.331650e+01
9.420000e-06	4.458659e-02	1.316923e+01
9.430000e-06	4.393995e-02	1.304986e+01
9.440000e-06	3.931867e-02	1.285191e+01
9.450000e-06	3.722957e-02	1.273488e+01
9.460000e-06	3.531707e-02	1.255644e+01
9.470000e-06	3.313942e-02	1.237962e+01
9.480000e-06	3.019528e-02	1.219875e+01
9.490000e-06	2.442154e-02	1.199820e+01
9.500000e-06	2.457626e-02	1.180923e+01
9.510000e-06	2.230783e-02	1.159977e+01
9.520000e-06	2.126814e-02	1.135714e+01
9.530000e-06	1.828776e-02	1.120765e+01
9.540000e-06	1.804368e-02	1.095710e+01
9.550000e-06	1.723825e-02	1.079660e+01
9.560000e-06	1.570592e-02	1.053459e+01
9.570000e-06	1.190647e-02	1.030599e+01
9.580000e-06	1.113717e-02	1.009578e+01
9.590000e-06	1.057488e-02	9.892880e+00
9.600000e-06	9.757767e-03	9.642300e+00
9.610000e-06	7.324676e-03	9.381223e+00
9.620000e-06	7.273725e-03	9.249696e+00
9.630000e-06	8.066945e-03	8.996594e+00
9.640000e-06	6.546779e-03	8.724960e+00
9.650000e-06	4.263119e-03	8.504358e+00
9.660000e-06	4.358364e-03	8.272732e+00
9.670000e-06	4.227884e-03	7.999569e+00
9.680000e-06	3.863547e-03	7.745939e+00
9.690000e-06	1.592885e-03	7.491757e+00
9.700000e-06	1.284376e-03	7.211069e+00
9.710000e-06	1.368746e-03	6.965540e+00
9.720000e-06	1.430759e-03	6.722356e+00
9.730000e-06	6.295177e-04	6.401047e+00
9.740000e-06	-1.580954e-04	6.177944e+00
9.750000e-06	9.754538e-04	5.964762e+00
9.760000e-06	2.308924e-04	5.651651e+00
9.770000e-06	-7.686968e-04	5.378467e+00
9.780000e-06	-1.589381e-03	5.039545e+00
9.790000e-06	-4.730680e-04	4.764833e+00
9.800000e-06	-1.309654e-03	4.433204e+00
9.810000e-06	-1.100181e-03	4.196065e+00
9.820000e-06	-3.174814e-03	3.903757e+00
9.830000e-06	-3.285774e-03	3.610102e+00
9.840000e-06	-2.155145e-03	3.303933e+00
9.850000e-06	-2.787368e-03	3.092679e+00
9.860000e-06	-3.365549e-03	2.780022e+00
9.870000e-06	-3.116985e-03	2.491806e+00
9.880000e-06	-2.627807e-03	2.188569e+00
9.890000e-06	-3.816801e-03	1.995335e+00
9.900000e-06	-4.930952e-03	1.620546e+00
9.910000e-06	-4.356775e-03	1.364811e+00
9.920000e-06	-3.967540e-03	1.047919e+00
9.930000e-06	-3.300504e-03	6.943068e-01
9.940000e-06	-5.281081e-03	4.320226e-01
9.950000e-06	-3.546933e-03	1.857092e-01
9.960000e-06	-1.981399e-04	-9.792118e-02
9.970000e-06	7.945985e-03	-3.895316e-01
9.980000e-06	-5.321573e-03	-7.057920e-01
9.990000e-06	9.017546e-04	-9.478762e-01
1.000000e-05	-6.696641e-03	-1.202107e+00
1.001000e-05	4.798713e-04	-1.506920e+00
1.002000e-05	-2.253334e-03	-1.781023e+00
1.003000e-05	2.258554e-02	-1.990531e+00
1.004000e-05	8.562276e-02	-2.223817e+00
1.005000e-05	-1.136307e-02	-2.612167e+00
1.006000e-05	-6.402751e-02	-2.964767e+00
1.007000e-05	-3.959645e-02	-3.338999e+00
1.008000e-05	-2.073037e-02	-3.578451e+00
1.009000e-05	-5.046221e-02	-3.841238e+00
1.010000e-05	2.213974e-02	-4.012158e+00
1.011000e-05	8.622701e-02	-4.200679e+00
1.012000e-05	-1.379797e-01	-4.517050e+00
1.013000e-05	1.888458e-01	-4.747502e+00
1.014000e-05	-1.093691e-01	-5.024890e+00
1.015000e-05	-6.571411e-04	-5.402754e+00
1.016000e-05	1.101312e-02	-5.634342e+00
1.017000e-05	-1.147676e-01	-5.961153e+00
1.018000e-05	1.459451e-01	-6.200683e+00
1.019000e-05	-1.133026e-01	-6.486998e+00
1.020000e-05	7.092014e-02	-6.769124e+00
1.021000e-05	3.786821e-04	-6.972317e+00
1.022000e-05	-5.432435e-02	-7.348649e+00
1.023000e-05	4.694909e-02	-7.580679e+00
1.024000e-05	-1.048419e-01	-7.836424e+00
1.025000e-05	9.397070e-02	-8.116044e+00
1.026000e-05	-5.911138e-02	-8.339104e+00
1.027000e-05	2.490461e-02	-8.613855e+00
1.028000e-05	1.138799e-02	-8.823895e+00
1.029000e-05	-6.276068e-02	-9.126546e+00
1.030000e-05	5.598972e-02	-9.337149e+00
1.031000e-05	-8.444459e-02	-9.550755e+00
1.032000e-05	6.521934e-02	-9.770706e+00
1.033000e-05	-6.147754e-02	-9.990332e+00
1.034000e-05	4.591544e-02	-1.023141e+01
1.035000e-05	-3.502371e-02	-1.043442e+01
1.036000e-05	-6.014646e-03	-1.066739e+01
1.037000e-05	-4.315524e-03	-1.083394e+01
1.038000e-05	-2.659185e-02	-1.105699e+01
1.039000e-05	1.901803e-02	-1.125752e+01
1.040000e-05	-3.996385e-02	-1.149458e+01
1.041000e-05	2.708321e-02	-1.174707e+01
1.042000e-05	-3.754795e-02	-1.193007e+01
1.043000e-05	1.795957e-02	-1.210865e+01
1.044000e-05	-4.152960e-02	-1.224615e+01
1.045000e-05	8.479334e-03	-1.244662e+01
1.046000e-05	-2.298128e-02	-1.267399e+01
1.047000e-05	1.164456e-03	-1.284341e+01
1.048000e-05	-1.608903e-02	-1.297078e+01
1.049000e-05	-9.979588e-03	-1.314908e+01
1.050000e-05	-5.312207e-03	-1.325492e+01
1.051000e-05	-1.835866e-02	-1.344349e+01
1.052000e-05	-7.801659e-03	-1.360928e+01
1.053000e-05	-2.407242e-02	-1.372925e+01
1.054000e-05	-5.452610e-04	-1.384695e+01
1.055000e-05	-2.186119e-02	-1.400188e+01
1.056000e-05	-5.770913e-03	-1.413675e+01
1.057000e-05	-2.060649e-02	-1.428464e+01
1.058000e-05	-7.283262e-03	-1.439081e+01
1.059000e-05	-1.966765e-02	-1.449607e+01
1.060000e-05	-1.452875e-02	-1.462239e+01
1.061000e-05	-1.865718e-02	-1.471609e+01
1.062000e-05	-1.332920e-02	-1.479073e+01
1.063000e-05	-1.500774e-02	-1.488457e+01
1.064000e-05	-1.672303e-02	-1.496930e+01
1.065000e-05	-1.900310e-02	-1.505146e+01
1.066000e-05	-1.759538e-02	-1.512622e+01
1.067000e-05	-1.848271e-02	-1.519023e+01
1.068000e-05	-1.999402e-02	-1.525248e+01
1.069000e-05	-2.038934e-02	-1.527507e+01
1.070000e-05	-2.032787e-02	-1.533870e+01
1.071000e-05	-1.747187e-02	-1.539086e+01
1.072000e-05	-2.380865e-02	-1.546343e+01
1.073000e-05	-2.154841e-02	-1.545496e+01
1.074000e-05	-2.515860e-02	-1.550557e+01
1.075000e-05	-2.168312e-02	-1.553762e+01
1.076000e-05	-2.539321e-02	-1.553761e+01
1.077000e-05	-2.596398e-02	-1.548818e+01
1.078000e-05	-2.782989e-02	-1.556923e+01
1.079000e-05	-2.591253e-02	-1.552872e+01
1.080000e-05	-2.821283e-02	-1.552918e+01
1.081000e-05	-3.280080e-02	-1.548810e+01
1.082000e-05	-3.295420e-02	-1.551514e+01
1.083000e-05	-3.239811e-02	-1.548612e+01
1.084000e-05	-3.335240e-02	-1.546401e+01
1.085000e-05	-3.847562e-02	-1.543293e+01
1.086000e-05	-4.021963e-02	-1.539078e+01
1.087000e-05	-3.890895e-02	-1.537920e+01
1.088000e-05	-4.032467e-02	-1.530356e+01
1.089000e-05	-4.447670e-02	-1.522289e+01
1.090000e-05	-4.705040e-02	-1.517838e+01
1.091000e-05	-4.846878e-02	-1.513652e+01
1.092000e-05	-4.920910e-02	-1.502093e+01
1.093000e-05	-5.475861e-02	-1.499032e+01
1.094000e-05	-5.926198e-02	-1.488507e+01
1.095000e-05	-6.025763e-02	-1.476138e+01
1.096000e-05	-6.033618e-02	-1.472656e+01
1.097000e-05	-6.462944e-02	-1.460181e+01
1.098000e-05	-6.841367e-02	-1.455757e+01
1.099000e-05	-6.818292e-02	-1.442130e+01
1.100000e-05	-6.763449e-02	-1.427301e+01
1.101000e-05	-6.784490e-02	-1.417814e+01
1.102000e-05	-6.835380e-02	-1.406088e+01
1.103000e-05	-6.653551e-02	-1.390246e+01
1.104000e-05	-6.205112e-02	-1.374005e+01
1.105000e-05	-6.088885e-02	-1.363218e+01
1.106000e-05	-5.910187e-02	-1.346298e+01
1.107000e-05	-5.631515e-02	-1.331609e+01
1.108000e-05	-5.202960e-02	-1.315972e+01
1.109000e-05	-4.832018e-02	-1.301980e+01
1.110000e-05	-4.745764e-02	-1.288438e+01
1.111000e-05	-4.486017e-02	-1.269501e+01
1.112000e-05	-4.091270e-02	-1.252447e+01
1.113000e-05	-3.838188e-02	-1.236812e+01
1.114000e-05	-3.755855e-02	-1.216770e+01
1.115000e-05	-3.691435e-02	-1.204014e+01
1.116000e-05	-3.271089e-02	-1.176667e+01
1.117000e-05	-2.919783e-02	-1.160852e+01
1.118000e-05	-2.899200e-02	-1.133660e+01
1.119000e-05	-2.842769e-02	-1.111549e+01
1.120000e-05	-2.607333e-02	-1.093539e+01
1.121000e-05	-2.316244e-02	-1.072494e+01
1.122000e-05	-2.296213e-02	-1.048689e+01
1.123000e-05	-2.219052e-02	-1.033389e+01
1.124000e-05	-2.108162e-02	-1.006281e+01
1.125000e-05	-1.777174e-02	-9.832706e+00
1.126000e-05	-1.717582e-02	-9.662156e+00
1.127000e-05	-1.785347e-02	-9.410197e+00
1.128000e-05	-1.676665e-02	-9.167544e+00
1.129000e-05	-1.493764e-02	-8.926344e+00
1.130000e-05	-1.426390e-02	-8.733356e+00
1.131000e-05	-1.470076e-02	-8.482806e+00
1.132000e-05	-1.420014e-02	-8.229173e+00
1.133000e-05	-1.165336e-02	-7.989969e+00
1.134000e-05	-1.124758e-02	-7.703908e+00
1.135000e-05	-1.241138e-02	-7.421673e+00
1.136000e-05	-1.130901e-02	-7.178818e+00
1.137000e-05	-1.045907e-02	-6.904458e+00
1.138000e-05	-8.962054e-03	-6.641703e+00
1.139000e-05	-1.021522e-02	-6.399569e+00
1.140000e-05	-8.628048e-03	-6.084362e+00
1.141000e-05	-9.922509e-03	-5.851703e+00
1.142000e-05	-7.754316e-03	-5.608540e+00
1.143000e-05	-7.991368e-03	-5.283732e+00
1.144000e-05	-8.341699e-03	-4.999016e+00
1.145000e-05	-8.352045e-03	-4.602025e+00
1.146000e-05	-6.886260e-03	-4.400050e+00
1.147000e-05	-6.622120e-03	-4.177366e+00
1.148000e-05	-7.589184e-03	-3.923553e+00
1.149000e-05	-8.285713e-03	-3.579970e+00
1.150000e-05	-8.709207e-03	-3.335340e+00
1.151000e-05	-6.029520e-03	-3.060466e+00
1.152000e-05	-6.961289e-03	-2.765367e+00
1.153000e-05	-5.179621e-03	-2.483678e+00
1.154000e-05	-5.754325e-03	-2.176238e+00
1.155000e-05	-4.282241e-03	-1.923707e+00
1.156000e-05	-6.256928e-03	-1.630074e+00
1.157000e-05	-6.740611e-03	-1.252704e+00
1.158000e-05	-6.960743e-03	-9.878699e-01
1.159000e-05	-4.289332e-03	-7.427281e-01
1.160000e-05	-3.935494e-03	-3.904397e-01
1.161000e-05	-2.367513e-03	-1.747594e-01
1.162000e-05	2.958038e-03	9.605123e-02
1.163000e-05	6.570307e-03	4.331829e-01
1.164000e-05	-2.004632e-03	6.442882e-01
1.165000e-05	5.362700e-04	9.200302e-01
1.166000e-05	-2.517288e-03	1.223816e+00
1.167000e-05	1.573723e-03	1.530048e+00
1.168000e-05	7.164389e-05	1.862657e+00
1.169000e-05	1.605697e-02	2.052733e+00
1.170000e-05	5.638120e-02	2.310905e+00
1.171000e-05	5.262067e-02	2.666296e+00
1.172000e-05	-7.040925e-02	3.001206e+00
1.173000e-05	-4.487614e-02	3.252867e+00
1.174000e-05	-2.422629e-02	3.579579e+00
1.175000e-05	3.327395e-03	3.800657e+00
1.176000e-05	-5.817273e-02	4.032156e+00
1.177000e-05	1.401153e-02	4.245392e+00
1.178000e-05	7.968746e-02	4.557127e+00
1.179000e-05	-5.748727e-02	4.810641e+00
1.180000e-05	1.341301e-01	5.117974e+00
1.181000e-05	-9.941337e-02	5.434760e+00
1.182000e-05	3.105462e-03	5.693870e+00
1.183000e-05	2.542544e-02	6.000629e+00
1.184000e-05	-2.697756e-02	6.232234e+00
1.185000e-05	3.983295e-02	6.466448e+00
1.186000e-05	-5.970035e-02	6.799759e+00
1.187000e-05	6.675055e-02	7.044909e+00
1.188000e-05	2.838935e-03	7.309653e+00
1.189000e-05	-1.753199e-02	7.630282e+00
1.190000e-05	-2.575593e-02	7.855520e+00
1.191000e-05	8.850530e-03	8.159129e+00
1.192000e-05	5.356848e-02	8.391131e+00
1.193000e-05	-3.280364e-02	8.601285e+00
1.194000e-05	1.581151e-03	8.833870e+00
1.195000e-05	1.439162e-02	9.085471e+00
1.196000e-05	5.807339e-03	9.337049e+00
1.197000e-05	7.742543e-03	9.528054e+00
1.198000e-05	-2.664781e-02	9.791785e+00
1.199000e-05	2.165922e-02	1.002231e+01
1.200000e-05	1.311787e-02	1.023236e+01
1.201000e-05	1.838305e-02	1.043189e+01
1.202000e-05	-1.986500e-02	1.069647e+01
1.203000e-05	-2.474277e-04	1.087500e+01
1.204000e-05	2.169997e-02	1.106587e+01
1.205000e-05	3.041220e-03	1.124512e+01
1.206000e-05	-1.037157e-03	1.150815e+01
1.207000e-05	-3.393527e-03	1.173666e+01
1.208000e-05	2.592451e-02	1.191662e+01
1.209000e-05	6.429296e-03	1.210565e+01
1.210000e-05	-1.367284e-03	1.230507e+01
1.211000e-05	-4.721016e-03	1.246544e+01
1.212000e-05	1.447147e-02	1.264341e+01
1.213000e-05	1.389363e-02	1.280283e+01
1.214000e-05	1.110296e-03	1.296020e+01
1.215000e-05	2.593476e-03	1.313918e+01
1.216000e-05	1.357080e-02	1.330559e+01
1.217000e-05	1.561707e-02	1.343341e+01
1.218000e-05	1.580718e-03	1.358023e+01
1.219000e-05	-1.139092e-03	1.371720e+01
1.220000e-05	1.146710e-02	1.385410e+01
1.221000e-05	1.577602e-02	1.404293e+01
1.222000e-05	8.429180e-03	1.412073e+01
1.223000e-05	2.255620e-03	1.432557e+01
1.224000e-05	1.309221e-02	1.438193e+01
1.225000e-05	1.576742e-02	1.451570e+01
1.226000e-05	8.795140e-03	1.460138e+01
1.227000e-05	3.722238e-03	1.471767e+01
1.228000e-05	1.028855e-02	1.481181e+01
1.229000e-05	1.851063e-02	1.489449e+01
1.230000e-05	1.107786e-02	1.497972e+01
1.231000e-05	8.924402e-03	1.504501e+01
1.232000e-05	8.365055e-03	1.511615e+01
1.233000e-05	1.918184e-02	1.517025e+01
1.234000e-05	1.297756e-02	1.521251e+01
1.235000e-05	1.061260e-02	1.532504e+01
1.236000e-05	1.229559e-02	1.535675e+01
1.237000e-05	1.917863e-02	1.539880e+01
1.238000e-05	1.890356e-02	1.545248e+01
1.239000e-05	1.200771e-02	1.547449e+01
1.240000e-05	1.692823e-02	1.549607e+01
1.241000e-05	1.970238e-02	1.552715e+01
1.242000e-05	2.287003e-02	1.552719e+01
1.243000e-05	1.587917e-02	1.554725e+01
1.244000e-05	1.908463e-02	1.553822e+01
1.245000e-05	2.313265e-02	1.551972e+01
1.246000e-05	2.454712e-02	1.554612e+01
1.247000e-05	2.186618e-02	1.550817e+01
1.248000e-05	2.297241e-02	1.550512e+01
1.249000e-05	3.105388e-02	1.547359e+01
1.250000e-05	3.177652e-02	1.545246e+01
1.251000e-05	3.043108e-02	1.545043e+01
1.252000e-05	2.913016e-02	1.538785e+01
1.253000e-05	3.555073e-02	1.532570e+01
1.254000e-05	3.725519e-02	1.527306e+01
1.255000e-05	3.716059e-02	1.521046e+01
1.256000e-05	3.807084e-02	1.514579e+01
1.257000e-05	4.382842e-02	1.507454e+01
1.258000e-05	4.735292e-02	1.505091e+01
1.259000e-05	4.752287e-02	1.494820e+01
1.260000e-05	5.005169e-02	1.484339e+01
1.261000e-05	5.390821e-02	1.480722e+01
1.262000e-05	6.052616e-02	1.465244e+01
1.263000e-05	5.796064e-02	1.459723e+01
1.264000e-05	5.953288e-02	1.448299e+01
1.265000e-05	6.049795e-02	1.438670e+01
1.266000e-05	6.413976e-02	1.428183e+01
1.267000e-05	6.139886e-02	1.413664e+01
1.268000e-05	5.903098e-02	1.398975e+01
1.269000e-05	5.786582e-02	1.381238e+01
1.270000e-05	5.654292e-02	1.373554e+01
1.271000e-05	5.474927e-02	1.355617e+01
1.272000e-05	4.943131e-02	1.342075e+01
1.273000e-05	4.752721e-02	1.326496e+01
1.274000e-05	4.540946e-02	1.316496e+01
1.275000e-05	4.201946e-02	1.294672e+01
1.276000e-05	3.805492e-02	1.282075e+01
1.277000e-05	3.539231e-02	1.264175e+01
1.278000e-05	3.358471e-02	1.250534e+01
1.279000e-05	3.058543e-02	1.229443e+01
1.280000e-05	2.818942e-02	1.210609e+01
1.281000e-05	2.588260e-02	1.194544e+01
1.282000e-05	2.391852e-02	1.169752e+01
1.283000e-05	2.215457e-02	1.152394e+01
1.284000e-05	2.029604e-02	1.125446e+01
1.285000e-05	1.929300e-02	1.108291e+01
1.286000e-05	1.704026e-02	1.089586e+01
1.287000e-05	1.590050e-02	1.069343e+01
1.288000e-05	1.337427e-02	1.048239e+01
1.289000e-05	1.215509e-02	1.026083e+01
1.290000e-05	1.204070e-02	1.004220e+01
1.291000e-05	9.489761e-03	9.819094e+00
1.292000e-05	8.568335e-03	9.648995e+00
1.293000e-05	8.091598e-03	9.326439e+00
1.294000e-05	9.121262e-03	9.165988e+00
1.295000e-05	6.267121e-03	8.871853e+00
1.296000e-05	4.882677e-03	8.651701e+00
1.297000e-05	4.053453e-03	8.410647e+00
1.298000e-05	4.825631e-03	8.146066e+00
1.299000e-05	4.145219e-03	7.905307e+00
1.300000e-05	2.615843e-03	7.672298e+00
1.301000e-05	1.754993e-03	7.386014e+00
1.302000e-05	2.706235e-03	7.104387e+00
1.303000e-05	1.376161e-03	6.863178e+00
1.304000e-05	6.118523e-04	6.588095e+00
1.305000e-05	-2.907340e-04	6.355834e+00
1.306000e-05	1.312570e-03	6.103256e+00
1.307000e-05	4.788126e-04	5.788698e+00
1.308000e-05	-2.159043e-04	5.545386e+00
1.309000e-05	-4.527174e-04	5.211599e+00
1.310000e-05	-1.514691e-03	4.914306e+00
1.311000e-05	-1.296994e-03	4.617997e+00
1.312000e-05	-2.159269e-03	4.396911e+00
1.313000e-05	-1.341303e-03	4.083683e+00
1.314000e-05	-1.171371e-03	3.758912e+00
1.315000e-05	-1.958141e-03	3.535784e+00
1.316000e-05	-2.322926e-03	3.210047e+00
1.317000e-05	-3.341465e-03	2.965337e+00
1.318000e-05	-3.795517e-03	2.714177e+00
1.319000e-05	-4.362609e-03	2.366417e+00
1.320000e-05	-3.550965e-03	2.122737e+00
1.321000e-05	-3.999982e-03	1.889499e+00
1.322000e-05	-3.957630e-03	1.524784e+00
1.323000e-05	-3.727718e-03	1.239495e+00
1.324000e-05	-3.713124e-03	8.831815e-01
1.325000e-05	-4.163506e-03	6.089711e-01
1.326000e-05	-4.052540e-03	3.577367e-01
1.327000e-05	-2.458041e-03	3.242006e-02
1.328000e-05	2.624096e-03	-2.132107e-01
1.329000e-05	4.184834e-03	-4.758432e-01
1.330000e-05	-3.296239e-03	-7.601524e-01
1.331000e-05	-2.610571e-03	-1.042691e+00
1.332000e-05	-3.018964e-03	-1.337977e+00
1.333000e-05	-5.767606e-04	-1.602680e+00
1.334000e-05	3.816564e-03	-1.863659e+00
1.335000e-05	4.159270e-02	-2.032316e+00
1.336000e-05	9.122073e-02	-2.401133e+00
1.337000e-05	-7.364611e-02	-2.760128e+00
1.338000e-05	-3.840278e-02	-3.188580e+00
1.339000e-05	-4.850000e-02	-3.424761e+00
1.340000e-05	-8.998759e-03	-3.633786e+00
1.341000e-05	-7.130934e-02	-3.877970e+00
1.342000e-05	1.152477e-01	-4.032766e+00
1.343000e-05	-4.287658e-02	-4.296901e+00
1.344000e-05	-1.876596e-02	-4.582286e+00
1.345000e-05	1.446113e-01	-4.855316e+00
1.346000e-05	-1.738446e-01	-5.253814e+00
1.347000e-05	1.033223e-01	-5.495924e+00
1.348000e-05	-1.116181e-01	-5.741633e+00
1.349000e-05	2.551247e-02	-6.052865e+00
1.350000e-05	6.152980e-02	-6.274444e+00
1.351000e-05	-9.857683e-02	-6.600208e+00
1.352000e-05	1.179465e-01	-6.863160e+00
1.353000e-05	-8.749360e-02	-7.127153e+00
1.354000e-05	2.769354e-02	-7.423210e+00
1.355000e-05	-2.847438e-02	-7.655396e+00
1.356000e-05	-3.810886e-02	-8.001262e+00
1.357000e-05	7.910819e-02	-8.210233e+00
1.358000e-05	-9.302266e-02	-8.483922e+00
1.359000e-05	8.464202e-02	-8.686499e+00
1.360000e-05	-7.261965e-02	-8.978578e+00
1.361000e-05	2.090696e-02	-9.180655e+00
1.362000e-05	-1.534739e-02	-9.411886e+00
1.363000e-05	-2.984236e-02	-9.623418e+00
1.364000e-05	3.695673e-02	-9.843891e+00
1.365000e-05	-5.237007e-02	-1.008503e+01
1.366000e-05	5.552148e-02	-1.034707e+01
1.367000e-05	-6.880548e-02	-1.054858e+01
1.368000e-05	3.684946e-02	-1.074865e+01
1.369000e-05	-4.912305e-02	-1.091913e+01
1.370000e-05	1.774976e-02	-1.117025e+01
1.371000e-05	-2.532189e-02	-1.133033e+01
1.372000e-05	-1.670345e-03	-1.159286e+01
1.373000e-05	-8.569008e-04	-1.181181e+01
1.374000e-05	-1.770869e-02	-1.203188e+01
1.375000e-05	1.529114e-03	-1.217081e+01
1.376000e-05	-3.222960e-02	-1.239928e+01
1.377000e-05	1.096349e-02	-1.252815e+01
1.378000e-05	-3.110224e-02	-1.273815e+01
1.379000e-05	7.468378e-03	-1.289705e+01
1.380000e-05	-2.887757e-02	-1.303249e+01
1.381000e-05	6.750424e-03	-1.318176e+01
1.382000e-05	-2.340976e-02	-1.332630e+01
1.383000e-05	-4.582122e-03	-1.349865e+01
1.384000e-05	-2.044858e-02	-1.364494e+01
1.385000e-05	-8.841709e-03	-1.381191e+01
1.386000e-05	-1.332197e-02	-1.386662e+01
1.387000e-05	-1.521418e-02	-1.407412e+01
1.388000e-05	-8.891037e-03	-1.420040e+01
1.389000e-05	-1.676508e-02	-1.431665e+01
1.390000e-05	-1.060978e-02	-1.444344e+01
1.391000e-05	-2.235838e-02	-1.452882e+01
1.392000e-05	-1.157641e-02	-1.468396e+01
1.393000e-05	-1.813321e-02	-1.474715e+01
1.394000e-05	-1.221844e-02	-1.482339e+01
1.395000e-05	-1.920185e-02	-1.486617e+01
1.396000e-05	-1.500665e-02	-1.500998e+01
1.397000e-05	-1.995565e-02	-1.510512e+01
1.398000e-05	-1.609968e-02	-1.514773e+01
1.399000e-05	-2.319537e-02	-1.520983e+01
1.400000e-05	-1.714616e-02	-1.525449e+01
1.401000e-05	-2.070457e-02	-1.530808e+01
1.402000e-05	-1.716661e-02	-1.535016e+01
1.403000e-05	-2.195660e-02	-1.541243e+01
1.404000e-05	-2.410050e-02	-1.546396e+01
1.405000e-05	-2.193338e-02	-1.550504e+01
1.406000e-05	-2.343088e-02	-1.550612e+01
1.407000e-05	-2.133813e-02	-1.552870e+01
1.408000e-05	-2.767533e-02	-1.553763e+01
1.409000e-05	-2.475725e-02	-1.554918e+01
1.410000e-05	-2.782196e-02	-1.555920e+01
1.411000e-05	-2.777385e-02	-1.554925e+01
1.412000e-05	-3.129919e-02	-1.553765e+01
1.413000e-05	-3.101930e-02	-1.552812e+01
1.414000e-05	-3.103506e-02	-1.551607e+01
1.415000e-05	-3.321014e-02	-1.547357e+01
1.416000e-05	-3.748652e-02	-1.545243e+01
1.417000e-05	-3.833696e-02	-1.543143e+01
1.418000e-05	-3.838719e-02	-1.535120e+01
1.419000e-05	-4.061396e-02	-1.532620e+01
1.420000e-05	-4.332018e-02	-1.527504e+01
1.421000e-05	-4.516878e-02	-1.522980e+01
1.422000e-05	-4.614288e-02	-1.513769e+01
1.423000e-05	-4.878486e-02	-1.507552e+01
1.424000e-05	-5.434478e-02	-1.502185e+01
1.425000e-05	-5.617825e-02	-1.490617e+01
1.426000e-05	-5.736318e-02	-1.482236e+01
1.427000e-05	-6.030541e-02	-1.476818e+01
1.428000e-05	-6.447881e-02	-1.469496e+01
1.429000e-05	-6.665528e-02	-1.461020e+01
1.430000e-05	-6.719883e-02	-1.445342e+01
1.431000e-05	-6.736137e-02	-1.441724e+01
1.432000e-05	-6.933380e-02	-1.425138e+01
1.433000e-05	-6.883685e-02	-1.411511e+01
1.434000e-05	-6.557352e-02	-1.393975e+01
1.435000e-05	-6.392403e-02	-1.384385e+01
1.436000e-05	-6.299274e-02	-1.371594e+01
1.437000e-05	-6.151998e-02	-1.353617e+01
1.438000e-05	-5.754123e-02	-1.340925e+01
1.439000e-05	-5.484240e-02	-1.327441e+01
1.440000e-05	-5.052381e-02	-1.311499e+01
1.441000e-05	-5.005378e-02	-1.295807e+01
1.442000e-05	-4.561162e-02	-1.279975e+01
1.443000e-05	-4.257763e-02	-1.264083e+01
1.444000e-05	-3.971150e-02	-1.244278e+01
1.445000e-05	-3.924837e-02	-1.226393e+01
1.446000e-05	-3.722628e-02	-1.212549e+01
1.447000e-05	-3.374267e-02	-1.193656e+01
1.448000e-05	-3.153013e-02	-1.170396e+01
1.449000e-05	-3.081548e-02	-1.149343e+01
1.450000e-05	-2.855273e-02	-1.123030e+01
1.451000e-05	-2.516656e-02	-1.102922e+01
1.452000e-05	-2.463558e-02	-1.080128e+01
1.453000e-05	-2.403965e-02	-1.065128e+01
1.454000e-05	-2.292166e-02	-1.045325e+01
1.455000e-05	-2.063711e-02	-1.018825e+01
1.456000e-05	-1.886724e-02	-1.002650e+01
1.457000e-05	-1.883364e-02	-9.747518e+00
1.458000e-05	-1.876706e-02	-9.537045e+00
1.459000e-05	-1.648628e-02	-9.322910e+00
1.460000e-05	-1.539714e-02	-9.103758e+00
1.461000e-05	-1.520562e-02	-8.842133e+00
1.462000e-05	-1.557909e-02	-8.598649e+00
1.463000e-05	-1.318703e-02	-8.397986e+00
1.464000e-05	-1.250257e-02	-8.145365e+00
1.465000e-05	-1.225669e-02	-7.911830e+00
1.466000e-05	-1.202905e-02	-7.607967e+00
1.467000e-05	-1.201329e-02	-7.324385e+00
1.468000e-05	-1.065876e-02	-7.123678e+00
1.469000e-05	-1.063239e-02	-6.787496e+00
1.470000e-05	-1.092868e-02	-6.556440e+00
1.471000e-05	-1.017075e-02	-6.313809e+00
1.472000e-05	-8.614572e-03	-5.999496e+00
1.473000e-05	-9.983335e-03	-5.746387e+00
1.474000e-05	-8.701575e-03	-5.472153e+00
1.475000e-05	-1.020270e-02	-5.167464e+00
1.476000e-05	-6.987427e-03	-4.880248e+00
1.477000e-05	-8.794237e-03	-4.545839e+00
1.478000e-05	-6.071988e-03	-4.345386e+00
1.479000e-05	-8.533191e-03	-4.083274e+00
1.480000e-05	-6.684628e-03	-3.746490e+00
1.481000e-05	-9.152301e-03	-3.523283e+00
1.482000e-05	-6.960116e-03	-3.239079e+00
1.483000e-05	-8.230016e-03	-2.913832e+00
1.484000e-05	-4.211763e-03	-2.642054e+00
1.485000e-05	-6.462370e-03	-2.368842e+00
1.486000e-05	-3.703089e-03	-2.042078e+00
1.487000e-05	-5.759804e-03	-1.808892e+00
1.488000e-05	-5.202423e-03	-1.536278e+00
1.489000e-05	-6.795977e-03	-1.166317e+00
1.490000e-05	-5.966360e-03	-8.816315e-01
1.491000e-05	-5.399131e-03	-6.393133e-01
1.492000e-05	-3.228986e-03	-3.237054e-01
1.493000e-05	-1.348871e-03	-3.147619e-02
1.494000e-05	7.000705e-03	2.352172e-01
1.495000e-05	-2.538786e-04	5.369000e-01
1.496000e-05	2.471658e-03	7.789763e-01
1.497000e-05	-2.040178e-03	1.124315e+00
1.498000e-05	7.736477e-04	1.356945e+00
1.499000e-05	-5.961760e-04	1.668268e+00
1.500000e-05	5.011033e-03	1.896372e+00
1.501000e-05	2.416095e-02	2.148029e+00
1.502000e-05	7.780407e-02	2.442161e+00
1.503000e-05	-6.145120e-03	2.801210e+00
1.504000e-05	-6.159758e-02	3.095847e+00
1.505000e-05	-4.293725e-02	3.380582e+00
1.506000e-05	-2.214680e-03	3.664287e+00
1.507000e-05	-2.095607e-02	3.904841e+00
1.508000e-05	-4.963433e-02	4.094421e+00
1.509000e-05	7.056576e-02	4.350177e+00
1.510000e-05	4.335245e-03	4.674945e+00
1.511000e-05	1.952858e-02	4.894045e+00
1.512000e-05	7.344801e-02	5.214320e+00
1.513000e-05	-1.106093e-01	5.548475e+00
1.514000e-05	5.405453e-02	5.772207e+00
1.515000e-05	-1.655395e-02	6.074966e+00
1.516000e-05	1.242171e-02	6.317525e+00
1.517000e-05	-9.174261e-04	6.612811e+00
1.518000e-05	-2.879296e-02	6.895444e+00
1.519000e-05	7.927488e-02	7.128602e+00
1.520000e-05	-3.360172e-02	7.444816e+00
1.521000e-05	-3.782387e-03	7.706948e+00
1.522000e-05	-3.544911e-02	7.962208e+00
1.523000e-05	5.026573e-02	8.258313e+00
1.524000e-05	2.158013e-02	8.433419e+00
1.525000e-05	-4.191852e-02	8.677498e+00
1.526000e-05	2.698472e-02	8.949130e+00
1.527000e-05	-5.606295e-03	9.179229e+00
1.528000e-05	2.793806e-02	9.401706e+00
1.529000e-05	-2.442453e-02	9.652989e+00
1.530000e-05	2.414856e-03	9.885473e+00
1.531000e-05	1.356459e-02	1.005760e+01
1.532000e-05	2.144002e-02	1.031758e+01
1.533000e-05	4.510718e-03	1.052015e+01
1.534000e-05	-2.446041e-02	1.078773e+01
1.535000e-05	2.140963e-02	1.095018e+01
1.536000e-05	6.081794e-03	1.115710e+01
1.537000e-05	1.190831e-02	1.135117e+01
1.538000e-05	-1.682277e-02	1.158883e+01
1.539000e-05	1.830571e-02	1.183181e+01
1.540000e-05	1.407987e-02	1.200026e+01
1.541000e-05	9.064242e-03	1.213929e+01
1.542000e-05	-1.014101e-02	1.236923e+01
1.543000e-05	3.347896e-03	1.252860e+01
1.544000e-05	1.925044e-02	1.272562e+01
1.545000e-05	7.381040e-03	1.286399e+01
1.546000e-05	2.514841e-03	1.303296e+01
1.547000e-05	1.066272e-03	1.317084e+01
1.548000e-05	2.413349e-02	1.334870e+01
1.549000e-05	5.253391e-03	1.349504e+01
1.550000e-05	1.316303e-03	1.361593e+01
1.551000e-05	-2.194780e-03	1.375888e+01
1.552000e-05	1.916858e-02	1.389717e+01
1.553000e-05	1.175786e-02	1.405500e+01
1.554000e-05	2.584202e-03	1.420038e+01
1.555000e-05	5.865984e-03	1.433787e+01
1.556000e-05	1.622138e-02	1.447504e+01
1.557000e-05	1.693584e-02	1.453868e+01
1.558000e-05	1.263906e-03	1.468339e+01
1.559000e-05	6.649921e-03	1.478915e+01
1.560000e-05	1.266245e-02	1.484431e+01
1.561000e-05	1.962211e-02	1.490660e+01
1.562000e-05	6.318146e-03	1.498976e+01
1.563000e-05	7.801908e-03	1.507307e+01
1.564000e-05	1.463842e-02	1.511870e+01
1.565000e-05	1.917149e-02	1.520091e+01
1.566000e-05	9.936188e-03	1.524399e+01
1.567000e-05	7.652834e-03	1.530567e+01
1.568000e-05	1.782448e-02	1.535890e+01
1.569000e-05	2.015443e-02	1.540036e+01
1.570000e-05	1.591067e-02	1.548251e+01
1.571000e-05	1.029929e-02	1.545604e+01
1.572000e-05	1.874330e-02	1.551564e+01
1.573000e-05	2.174905e-02	1.553510e+01
1.574000e-05	1.976109e-02	1.552767e+01
1.575000e-05	1.647867e-02	1.555715e+01
1.576000e-05	2.071964e-02	1.556828e+01
1.577000e-05	2.669413e-02	1.555717e+01
1.578000e-05	2.321711e-02	1.553712e+01
1.579000e-05	2.209382e-02	1.551514e+01
1.580000e-05	2.401642e-02	1.553564e+01
1.581000e-05	3.172256e-02	1.549407e+01
1.582000e-05	3.074923e-02	1.543251e+01
1.583000e-05	2.913447e-02	1.543043e+01
1.584000e-05	3.164446e-02	1.537570e+01
1.585000e-05	3.642738e-02	1.530462e+01
1.586000e-05	3.913403e-02	1.522253e+01
1.587000e-05	3.596298e-02	1.519026e+01
1.588000e-05	3.959826e-02	1.514760e+01
1.589000e-05	4.518432e-02	1.506248e+01
1.590000e-05	4.934245e-02	1.497980e+01
1.591000e-05	4.704555e-02	1.489650e+01
1.592000e-05	4.975285e-02	1.482231e+01
1.593000e-05	5.596198e-02	1.470762e+01
1.594000e-05	6.002541e-02	1.465130e+01
1.595000e-05	5.891571e-02	1.454604e+01
1.596000e-05	5.881258e-02	1.442188e+01
1.597000e-05	6.120492e-02	1.429554e+01
1.598000e-05	6.336540e-02	1.420020e+01
1.599000e-05	6.009626e-02	1.409596e+01
1.600000e-05	5.791379e-02	1.392670e+01
1.601000e-05	5.670617e-02	1.374728e+01
1.602000e-05	5.745827e-02	1.365336e+01
1.603000e-05	5.195449e-02	1.351604e+01
1.604000e-05	4.764764e-02	1.331762e+01
1.605000e-05	4.487842e-02	1.320180e+01
1.606000e-05	4.486979e-02	1.311235e+01
1.607000e-05	4.016540e-02	1.289304e+01
1.608000e-05	3.712743e-02	1.270667e+01
1.609000e-05	3.446470e-02	1.256803e+01
1.610000e-05	3.463345e-02	1.240170e+01
1.611000e-05	3.117383e-02	1.223028e+01
1.612000e-05	2.530868e-02	1.204181e+01
1.613000e-05	2.409493e-02	1.183335e+01
1.614000e-05	2.376145e-02	1.165376e+01
1.615000e-05	2.318598e-02	1.141033e+01
1.616000e-05	1.749148e-02	1.122970e+01
1.617000e-05	1.724989e-02	1.101073e+01
1.618000e-05	1.723944e-02	1.082123e+01
1.619000e-05	1.756104e-02	1.059965e+01
1.620000e-05	1.266778e-02	1.039862e+01
1.621000e-05	1.089156e-02	1.016762e+01
1.622000e-05	1.097304e-02	9.957515e+00
1.623000e-05	1.068851e-02	9.694859e+00
1.624000e-05	7.828564e-03	9.482331e+00
1.625000e-05	6.661911e-03	9.262786e+00
1.626000e-05	7.335302e-03	9.048200e+00
1.627000e-05	6.558921e-03	8.798547e+00
1.628000e-05	5.181478e-03	8.526515e+00
1.629000e-05	3.577505e-03	8.353915e+00
1.630000e-05	3.874124e-03	8.082857e+00
1.631000e-05	4.435485e-03	7.828473e+00
1.632000e-05	2.787156e-03	7.514445e+00
1.633000e-05	1.394735e-03	7.303229e+00
1.634000e-05	1.764380e-03	7.039098e+00
1.635000e-05	2.011598e-03	6.748969e+00
1.636000e-05	1.847525e-03	6.483752e+00
1.637000e-05	2.178087e-04	6.249152e+00
1.638000e-05	-1.030461e-04	5.979521e+00
1.639000e-05	6.415988e-05	5.724807e+00
1.640000e-05	-2.061670e-04	5.451096e+00
1.641000e-05	-2.537866e-03	5.133756e+00
1.642000e-05	-2.137931e-03	4.788020e+00
1.643000e-05	-7.993323e-04	4.536313e+00
1.644000e-05	1.772946e-04	4.261130e+00
1.645000e-05	-2.347401e-03	3.985940e+00
1.646000e-05	-2.245080e-03	3.673133e+00
1.647000e-05	-2.573335e-03	3.417546e+00
1.648000e-05	-2.153212e-03	3.114786e+00
1.649000e-05	-3.641290e-03	2.842051e+00
1.650000e-05	-4.669636e-03	2.586411e+00
1.651000e-05	-3.681952e-03	2.261653e+00
1.652000e-05	-3.076846e-03	1.999496e+00
1.653000e-05	-3.265632e-03	1.735235e+00
1.654000e-05	-4.805833e-03	1.430475e+00
1.655000e-05	-3.902816e-03	1.154209e+00
1.656000e-05	-3.491030e-03	8.183962e-01
1.657000e-05	-3.844866e-03	5.241579e-01
1.658000e-05	-3.136158e-03	2.299912e-01
1.659000e-05	-1.521443e-03	-8.521572e-02
1.660000e-05	7.480405e-03	-3.488461e-01
1.661000e-05	-2.601745e-03	-5.305352e-01
1.662000e-05	1.379075e-04	-8.848183e-01
1.663000e-05	-7.049929e-03	-1.146924e+00
1.664000e-05	-2.261332e-04	-1.475290e+00
1.665000e-05	-2.761216e-03	-1.664772e+00
1.666000e-05	1.475415e-02	-1.937921e+00
1.667000e-05	6.809001e-02	-2.121007e+00
1.668000e-05	3.922992e-02	-2.518528e+00
1.669000e-05	-8.107162e-02	-2.908030e+00
1.670000e-05	-3.355701e-02	-3.284295e+00
1.671000e-05	-3.680589e-02	-3.485847e+00
1.672000e-05	-3.038699e-02	-3.745925e+00
1.673000e-05	-3.482557e-02	-3.989583e+00
1.674000e-05	1.335125e-01	-4.137999e+00
1.675000e-05	-1.408467e-01	-4.423767e+00
1.676000e-05	1.480794e-01	-4.684996e+00
1.677000e-05	-1.226340e-02	-4.942132e+00
1.678000e-05	-9.207397e-02	-5.369152e+00
1.679000e-05	8.106887e-02	-5.620706e+00
1.680000e-05	-1.565554e-01	-5.876945e+00
1.681000e-05	1.382688e-01	-6.116628e+00
1.682000e-05	-6.096932e-02	-6.400711e+00
1.683000e-05	2.414825e-03	-6.667475e+00
1.684000e-05	6.393897e-02	-6.945133e+00
1.685000e-05	-9.534407e-02	-7.234394e+00
1.686000e-05	6.648176e-02	-7.495971e+00
1.687000e-05	-9.987610e-02	-7.773363e+00
1.688000e-05	5.593301e-02	-8.086442e+00
1.689000e-05	-3.583891e-03	-8.255994e+00
1.690000e-05	-3.408009e-02	-8.580685e+00
1.691000e-05	6.265369e-02	-8.780735e+00
1.692000e-05	-9.595659e-02	-9.023814e+00
1.693000e-05	6.959461e-02	-9.253370e+00
1.694000e-05	-7.772051e-02	-9.497073e+00
1.695000e-05	4.481191e-02	-9.759023e+00
1.696000e-05	-3.180785e-02	-9.969627e+00
1.697000e-05	8.284425e-03	-1.021076e+01
1.698000e-05	5.599091e-03	-1.037131e+01
1.699000e-05	-4.170183e-02	-1.061434e+01
1.700000e-05	2.317817e-02	-1.079081e+01
1.701000e-05	-5.013817e-02	-1.108286e+01
1.702000e-05	3.430076e-02	-1.119291e+01
1.703000e-05	-4.626704e-02	-1.145394e+01
1.704000e-05	2.686482e-02	-1.167597e+01
1.705000e-05	-3.312218e-02	-1.183662e+01
1.706000e-05	1.102565e-02	-1.208447e+01
1.707000e-05	-2.928140e-02	-1.223539e+01
1.708000e-05	-6.506911e-03	-1.245394e+01
1.709000e-05	-1.045777e-02	-1.262143e+01
1.710000e-05	-1.187055e-02	-1.282133e+01
1.711000e-05	-2.614182e-03	-1.294862e+01
1.712000e-05	-2.133435e-02	-1.310602e+01
1.713000e-05	3.776134e-03	-1.324354e+01
1.714000e-05	-2.450349e-02	-1.339096e+01
1.715000e-05	-1.240507e-03	-1.353925e+01
1.716000e-05	-2.851810e-02	-1.370615e+01
1.717000e-05	-4.260587e-04	-1.386439e+01
1.718000e-05	-2.028740e-02	-1.399983e+01
1.719000e-05	-5.755882e-03	-1.412570e+01
1.720000e-05	-1.964100e-02	-1.420296e+01
1.721000e-05	-1.050686e-02	-1.439025e+01
1.722000e-05	-1.612807e-02	-1.447457e+01
1.723000e-05	-1.611337e-02	-1.461130e+01
1.724000e-05	-1.705017e-02	-1.469604e+01
1.725000e-05	-1.552104e-02	-1.480026e+01
1.726000e-05	-1.335826e-02	-1.484452e+01
1.727000e-05	-1.802505e-02	-1.495872e+01
1.728000e-05	-1.806365e-02	-1.503193e+01
1.729000e-05	-1.927274e-02	-1.507667e+01
1.730000e-05	-1.557574e-02	-1.519883e+01
1.731000e-05	-2.179525e-02	-1.523291e+01
1.732000e-05	-1.812399e-02	-1.529549e+01
1.733000e-05	-2.288968e-02	-1.533715e+01
1.734000e-05	-1.564869e-02	-1.537920e+01
1.735000e-05	-2.574091e-02	-1.542244e+01
1.736000e-05	-2.230713e-02	-1.547454e+01
1.737000e-05	-2.397028e-02	-1.549557e+01
1.738000e-05	-2.049238e-02	-1.550612e+01
1.739000e-05	-2.266489e-02	-1.552765e+01
1.740000e-05	-2.694664e-02	-1.552665e+01
1.741000e-05	-2.616115e-02	-1.555775e+01
1.742000e-05	-2.792857e-02	-1.558877e+01
1.743000e-05	-3.058553e-02	-1.553817e+01
1.744000e-05	-3.282964e-02	-1.552820e+01
1.745000e-05	-3.083775e-02	-1.552615e+01
1.746000e-05	-3.037771e-02	-1.555514e+01
1.747000e-05	-3.262007e-02	-1.549447e+01
1.748000e-05	-3.740297e-02	-1.547392e+01
1.749000e-05	-3.942166e-02	-1.541828e+01
1.750000e-05	-4.060163e-02	-1.535973e+01
1.751000e-05	-4.055816e-02	-1.534764e+01
1.752000e-05	-4.590144e-02	-1.525398e+01
1.753000e-05	-4.626350e-02	-1.521033e+01
1.754000e-05	-4.829236e-02	-1.515667e+01
1.755000e-05	-4.848374e-02	-1.506384e+01
1.756000e-05	-5.386069e-02	-1.497825e+01
1.757000e-05	-5.773342e-02	-1.488309e+01
1.758000e-05	-5.995076e-02	-1.484181e+01
1.759000e-05	-6.048631e-02	-1.472707e+01
1.760000e-05	-6.328183e-02	-1.462288e+01
1.761000e-05	-6.813190e-02	-1.453709e+01
1.762000e-05	-6.929166e-02	-1.446086e+01
1.763000e-05	-6.769950e-02	-1.433656e+01
1.764000e-05	-6.735166e-02	-1.419036e+01
1.765000e-05	-6.868795e-02	-1.402293e+01
1.766000e-05	-6.602691e-02	-1.394352e+01
1.767000e-05	-6.281421e-02	-1.376773e+01
1.768000e-05	-6.073096e-02	-1.366286e+01
1.769000e-05	-6.088649e-02	-1.352402e+01
1.770000e-05	-5.728170e-02	-1.338660e+01
1.771000e-05	-5.321388e-02	-1.319770e+01
1.772000e-05	-4.966381e-02	-1.307085e+01
1.773000e-05	-4.790808e-02	-1.291549e+01
1.774000e-05	-4.580614e-02	-1.275509e+01
1.775000e-05	-4.185054e-02	-1.255720e+01
1.776000e-05	-3.896285e-02	-1.240220e+01
1.777000e-05	-3.787974e-02	-1.219928e+01
1.778000e-05	-3.591247e-02	-1.205180e+01
1.779000e-05	-3.279207e-02	-1.184978e+01
1.780000e-05	-3.007896e-02	-1.156962e+01
1.781000e-05	-2.908163e-02	-1.140970e+01
1.782000e-05	-2.878857e-02	-1.113720e+01
1.783000e-05	-2.622351e-02	-1.095702e+01
1.784000e-05	-2.386689e-02	-1.078909e+01
1.785000e-05	-2.290349e-02	-1.059545e+01
1.786000e-05	-2.144062e-02	-1.040707e+01
1.787000e-05	-2.061356e-02	-1.010546e+01
1.788000e-05	-1.773838e-02	-9.914856e+00
1.789000e-05	-1.831786e-02	-9.674914e+00
1.790000e-05	-1.790675e-02	-9.460831e+00
1.791000e-05	-1.693647e-02	-9.220698e+00
1.792000e-05	-1.516030e-02	-8.991469e+00
1.793000e-05	-1.518954e-02	-8.768967e+00
1.794000e-05	-1.518249e-02	-8.465388e+00
1.795000e-05	-1.239350e-02	-8.265261e+00
1.796000e-05	-1.177371e-02	-8.030706e+00
1.797000e-05	-1.125741e-02	-7.747591e+00
1.798000e-05	-1.369575e-02	-7.483257e+00
1.799000e-05	-1.088304e-02	-7.212127e+00
1.800000e-05	-9.977741e-03	-6.977441e+00
1.801000e-05	-9.851154e-03	-6.714782e+00
1.802000e-05	-1.206126e-02	-6.473054e+00
1.803000e-05	-9.431452e-03	-6.209544e+00
1.804000e-05	-8.396866e-03	-5.915760e+00
1.805000e-05	-9.130287e-03	-5.639180e+00
1.806000e-05	-8.327142e-03	-5.326467e+00
1.807000e-05	-1.023152e-02	-5.052129e+00
1.808000e-05	-6.719785e-03	-4.694408e+00
1.809000e-05	-6.325112e-03	-4.442630e+00
1.810000e-05	-7.458394e-03	-4.260175e+00
1.811000e-05	-9.187741e-03	-3.957969e+00
1.812000e-05	-7.009088e-03	-3.622674e+00
1.813000e-05	-8.629984e-03	-3.388496e+00
1.814000e-05	-5.417233e-03	-3.155806e+00
1.815000e-05	-8.972937e-03	-2.788944e+00
1.816000e-05	-4.340860e-03	-2.534340e+00
1.817000e-05	-4.826565e-03	-2.290651e+00
1.818000e-05	-4.166837e-03	-1.976336e+00
1.819000e-05	-6.722670e-03	-1.743731e+00
1.820000e-05	-6.419638e-03	-1.386836e+00
1.821000e-05	-5.997315e-03	-1.073075e+00
1.822000e-05	-4.834415e-03	-7.894722e-01
1.823000e-05	-5.023646e-03	-4.710276e-01
1.824000e-05	-3.008520e-03	-2.279447e-01
1.825000e-05	1.506676e-03	4.373566e-02
1.826000e-05	9.255442e-03	3.615027e-01
1.827000e-05	-2.636558e-03	6.061542e-01
1.828000e-05	2.509455e-03	8.652656e-01
1.829000e-05	-3.164167e-03	1.171555e+00
1.830000e-05	2.522911e-03	1.453788e+00
1.831000e-05	-1.541573e-03	1.780533e+00
1.832000e-05	1.136845e-02	1.990155e+00
1.833000e-05	4.022324e-02	2.244716e+00
1.834000e-05	7.592402e-02	2.560658e+00
1.835000e-05	-5.728937e-02	2.908396e+00
1.836000e-05	-4.604878e-02	3.212684e+00
1.837000e-05	-3.416338e-02	3.447869e+00
1.838000e-05	9.043133e-03	3.719550e+00
1.839000e-05	-5.070128e-02	3.908970e+00
1.840000e-05	-1.894679e-02	4.159559e+00
1.841000e-05	9.655969e-02	4.456371e+00
1.842000e-05	-6.065641e-02	4.750153e+00
1.843000e-05	1.137310e-01	4.982242e+00
1.844000e-05	-4.396786e-02	5.381702e+00
1.845000e-05	-4.603099e-02	5.642711e+00
1.846000e-05	5.098605e-02	5.876525e+00
1.847000e-05	-3.608852e-02	6.159629e+00
1.848000e-05	4.215578e-02	6.442286e+00
1.849000e-05	-4.721750e-02	6.737524e+00
1.850000e-05	3.405735e-02	6.981227e+00
1.851000e-05	3.806170e-02	7.245394e+00
1.852000e-05	-3.307953e-02	7.528103e+00
1.853000e-05	-1.406753e-02	7.810811e+00
1.854000e-05	-1.722220e-02	8.116048e+00
1.855000e-05	6.422276e-02	8.327505e+00
1.856000e-05	-1.557215e-02	8.568103e+00
1.857000e-05	-1.975562e-02	8.782758e+00
1.858000e-05	2.678110e-02	9.032386e+00
1.859000e-05	-4.524372e-03	9.263937e+00
1.860000e-05	2.398679e-02	9.455068e+00
1.861000e-05	-3.780787e-02	9.727574e+00
1.862000e-05	2.215104e-02	9.940228e+00
1.863000e-05	1.086065e-02	1.020075e+01
1.864000e-05	2.176745e-02	1.040131e+01
1.865000e-05	-1.355400e-02	1.063399e+01
1.866000e-05	-1.311150e-02	1.084389e+01
1.867000e-05	2.856246e-02	1.101283e+01
1.868000e-05	-1.221023e-03	1.124392e+01
1.869000e-05	7.554683e-03	1.148454e+01
1.870000e-05	-1.491109e-02	1.166555e+01
1.871000e-05	3.109016e-02	1.187559e+01
1.872000e-05	6.645086e-03	1.205409e+01
1.873000e-05	2.659407e-03	1.225496e+01
1.874000e-05	-1.022767e-02	1.243391e+01
1.875000e-05	1.281489e-02	1.258131e+01
1.876000e-05	1.789307e-02	1.276931e+01
1.877000e-05	-4.929413e-04	1.293762e+01
1.878000e-05	3.881847e-03	1.313710e+01
1.879000e-05	8.867499e-03	1.325297e+01
1.880000e-05	2.272321e-02	1.338138e+01
1.881000e-05	-1.757288e-03	1.352765e+01
1.882000e-05	-3.940071e-04	1.369757e+01
1.883000e-05	6.448158e-03	1.384502e+01
1.884000e-05	1.868839e-02	1.396928e+01
1.885000e-05	8.035234e-03	1.410718e+01
1.886000e-05	1.298537e-03	1.429357e+01
1.887000e-05	1.330264e-02	1.437188e+01
1.888000e-05	1.644800e-02	1.450664e+01
1.889000e-05	1.000591e-02	1.459183e+01
1.890000e-05	-1.886896e-04	1.468557e+01
1.891000e-05	1.096566e-02	1.482071e+01
1.892000e-05	1.910185e-02	1.487401e+01
1.893000e-05	1.328983e-02	1.495812e+01
1.894000e-05	5.926327e-03	1.502338e+01
1.895000e-05	8.586342e-03	1.509772e+01
1.896000e-05	2.041955e-02	1.513925e+01
1.897000e-05	1.355390e-02	1.521233e+01
1.898000e-05	8.811701e-03	1.527397e+01
1.899000e-05	1.137692e-02	1.535822e+01
1.900000e-05	2.167083e-02	1.536783e+01
1.901000e-05	1.835800e-02	1.541141e+01
1.902000e-05	1.050974e-02	1.543404e+01
1.903000e-05	1.412838e-02	1.546554e+01
1.904000e-05	2.133565e-02	1.550575e+01
1.905000e-05	2.224894e-02	1.550667e+01
1.906000e-05	1.495595e-02	1.552767e+01
1.907000e-05	1.864693e-02	1.557818e+01
1.908000e-05	2.328064e-02	1.554820e+01
1.909000e-05	2.702221e-02	1.554707e+01
1.910000e-05	2.023027e-02	1.554622e+01
1.911000e-05	2.187810e-02	1.550567e+01
1.912000e-05	2.913035e-02	1.549407e+01
1.913000e-05	3.321303e-02	1.546401e+01
1.914000e-05	2.758523e-02	1.543286e+01
1.915000e-05	2.778894e-02	1.539982e+01
1.916000e-05	3.444221e-02	1.535562e+01
1.917000e-05	3.905360e-02	1.530312e+01
1.918000e-05	3.677077e-02	1.522139e+01
1.919000e-05	3.536270e-02	1.516775e+01
1.920000e-05	4.340075e-02	1.511617e+01
1.921000e-05	4.749262e-02	1.504338e+01
1.922000e-05	4.961470e-02	1.490867e+01
1.923000e-05	4.763699e-02	1.489391e+01
1.924000e-05	5.302277e-02	1.481025e+01
1.925000e-05	5.730386e-02	1.469594e+01
1.926000e-05	5.880682e-02	1.459928e+01
1.927000e-05	5.917275e-02	1.448549e+01
1.928000e-05	6.177074e-02	1.443933e+01
1.929000e-05	6.689059e-02	1.429596e+01
1.930000e-05	6.341089e-02	1.413812e+01
1.931000e-05	5.802716e-02	1.403140e+01
1.932000e-05	5.572146e-02	1.390294e+01
1.933000e-05	5.533615e-02	1.370764e+01
1.934000e-05	5.437549e-02	1.361023e+01
1.935000e-05	4.737599e-02	1.346233e+01
1.936000e-05	4.908585e-02	1.329551e+01
1.937000e-05	4.888781e-02	1.316759e+01
1.938000e-05	4.435330e-02	1.297968e+01
1.939000e-05	3.797490e-02	1.281080e+01
1.940000e-05	3.503439e-02	1.269238e+01
1.941000e-05	3.500521e-02	1.251596e+01
1.942000e-05	3.036594e-02	1.236915e+01
1.943000e-05	2.562334e-02	1.215820e+01
1.944000e-05	2.396727e-02	1.196965e+01
1.945000e-05	2.667845e-02	1.177764e+01
1.946000e-05	2.445198e-02	1.157769e+01
1.947000e-05	2.003046e-02	1.132610e+01
1.948000e-05	1.874585e-02	1.115599e+01
1.949000e-05	1.874228e-02	1.095644e+01
1.950000e-05	1.727534e-02	1.074612e+01
1.951000e-05	1.226215e-02	1.051499e+01
1.952000e-05	1.078219e-02	1.027495e+01
1.953000e-05	1.189817e-02	1.007436e+01
1.954000e-05	1.237756e-02	9.850332e+00
1.955000e-05	8.971473e-03	9.660723e+00
1.956000e-05	6.791201e-03	9.388119e+00
1.957000e-05	8.136945e-03	9.179020e+00
1.958000e-05	8.971341e-03	8.915991e+00
1.959000e-05	6.022853e-03	8.703407e+00
1.960000e-05	3.072077e-03	8.483305e+00
1.961000e-05	5.026647e-03	8.220123e+00
1.962000e-05	4.491736e-03	7.956964e+00
1.963000e-05	3.009011e-03	7.735785e+00
1.964000e-05	1.342217e-04	7.472699e+00
1.965000e-05	1.355055e-03	7.158464e+00
1.966000e-05	3.356464e-03	6.915311e+00
1.967000e-05	2.208286e-03	6.680203e+00
1.968000e-05	-4.189384e-04	6.398069e+00
1.969000e-05	6.680333e-04	6.156361e+00
1.970000e-05	2.887664e-03	5.954752e+00
1.971000e-05	5.370233e-04	5.601549e+00
1.972000e-05	-2.090242e-03	5.375861e+00
1.973000e-05	-2.960119e-03	4.996066e+00
1.974000e-05	-3.779952e-06	4.694779e+00
1.975000e-05	-1.315046e-03	4.420551e+00
1.976000e-05	-2.403421e-03	4.124407e+00
1.977000e-05	-2.185105e-03	3.823175e+00
1.978000e-05	-1.452335e-04	3.589967e+00
1.979000e-05	-9.401258e-04	3.303732e+00
1.980000e-05	-3.158930e-03	3.009071e+00
1.981000e-05	-4.275130e-03	2.768314e+00
1.982000e-05	-3.693520e-03	2.441626e+00
1.983000e-05	-2.809444e-03	2.176393e+00
1.984000e-05	-4.204246e-03	1.952305e+00
1.985000e-05	-3.778698e-03	1.639466e+00
1.986000e-05	-2.606320e-03	1.353203e+00
1.987000e-05	-2.918578e-03	1.018861e+00
1.988000e-05	-3.481988e-03	7.036241e-01
1.989000e-05	-4.529820e-03	4.200688e-01
1.990000e-05	-2.865635e-03	1.031792e-01
1.991000e-05	9.317390e-04	-1.695013e-01
1.992000e-05	6.876769e-03	-4.020341e-01
1.993000e-05	-6.728071e-03	-6.673986e-01
1.994000e-05	5.267876e-04	-9.494552e-01
1.995000e-05	-4.580254e-03	-1.224718e+00
1.996000e-05	2.773408e-04	-1.560027e+00
1.997000e-05	-1.625806e-03	-1.780633e+00
1.998000e-05	2.896985e-02	-2.011579e+00
1.999000e-05	9.348110e-02	-2.257450e+00
2.000000e-05	-3.854017e-02	-2.646820e+00
2.001000e-05	-5.481056e-02	-3.026372e+00
2.002000e-05	-4.418229e-02	-3.370550e+00
2.003000e-05	-1.283062e-02	-3.561657e+00
2.004000e-05	-6.025118e-02	-3.814842e+00
2.005000e-05	5.848330e-02	-4.022762e+00
2.006000e-05	4.275328e-02	-4.243788e+00
2.007000e-05	-1.087605e-01	-4.539130e+00
2.008000e-05	1.868897e-01	-4.809649e+00
2.009000e-05	-1.492306e-01	-5.098053e+00
2.010000e-05	4.602365e-02	-5.422788e+00
2.011000e-05	-3.624848e-02	-5.686976e+00
2.012000e-05	-6.904248e-02	-5.991731e+00
2.013000e-05	1.259608e-01	-6.202290e+00
2.014000e-05	-1.222053e-01	-6.538027e+00
2.015000e-05	9.832426e-02	-6.780634e+00
2.016000e-05	-3.560520e-02	-7.023973e+00
2.017000e-05	-2.439495e-02	-7.350179e+00
2.018000e-05	2.309518e-02	-7.590637e+00
2.019000e-05	-8.932918e-02	-7.926552e+00
2.020000e-05	9.937716e-02	-8.147628e+00
2.021000e-05	-7.980095e-02	-8.410687e+00
2.022000e-05	5.197237e-02	-8.662969e+00
2.023000e-05	-2.030206e-02	-8.855469e+00
2.024000e-05	-3.442854e-02	-9.138625e+00
2.025000e-05	3.516632e-02	-9.348604e+00
2.026000e-05	-7.440557e-02	-9.581734e+00
2.027000e-05	6.321331e-02	-9.810783e+00
2.028000e-05	-6.614106e-02	-1.005289e+01
2.029000e-05	6.048233e-02	-1.028349e+01
2.030000e-05	-5.181299e-02	-1.049755e+01
2.031000e-05	1.370575e-02	-1.072762e+01
2.032000e-05	-2.335819e-02	-1.086657e+01
2.033000e-05	-1.261392e-02	-1.108667e+01
2.034000e-05	3.610621e-03	-1.131760e+01
2.035000e-05	-2.957991e-02	-1.152918e+01
2.036000e-05	2.176377e-02	-1.171823e+01
2.037000e-05	-3.244230e-02	-1.193880e+01
2.038000e-05	1.799966e-02	-1.216915e+01
2.039000e-05	-4.094647e-02	-1.231710e+01
2.040000e-05	1.271946e-02	-1.247705e+01
2.041000e-05	-3.014677e-02	-1.261507e+01
2.042000e-05	5.424303e-03	-1.288539e+01
2.043000e-05	-2.294563e-02	-1.300128e+01
2.044000e-05	-3.228129e-03	-1.315910e+01
2.045000e-05	-1.128975e-02	-1.328665e+01
2.046000e-05	-1.389440e-02	-1.347452e+01
2.047000e-05	-1.045162e-02	-1.363186e+01
2.048000e-05	-1.952235e-02	-1.379128e+01
2.049000e-05	-4.511053e-03	-1.385757e+01
2.050000e-05	-2.066397e-02	-1.404249e+01
2.051000e-05	-7.154798e-03	-1.416778e+01
2.052000e-05	-2.066739e-02	-1.431560e+01
2.053000e-05	-7.334078e-03	-1.440091e+01
2.054000e-05	-2.068946e-02	-1.449670e+01
2.055000e-05	-1.339126e-02	-1.465241e+01
2.056000e-05	-1.833171e-02	-1.474707e+01
2.057000e-05	-1.225602e-02	-1.478133e+01
2.058000e-05	-1.611633e-02	-1.485410e+01
2.059000e-05	-1.659795e-02	-1.497980e+01
2.060000e-05	-1.949827e-02	-1.505407e+01
2.061000e-05	-1.724406e-02	-1.512662e+01
2.062000e-05	-1.915911e-02	-1.517236e+01
2.063000e-05	-1.913840e-02	-1.524349e+01
2.064000e-05	-2.185233e-02	-1.531610e+01
2.065000e-05	-1.877997e-02	-1.535025e+01
2.066000e-05	-1.991826e-02	-1.538136e+01
2.067000e-05	-2.380851e-02	-1.544489e+01
2.068000e-05	-2.251122e-02	-1.546394e+01
2.069000e-05	-2.382948e-02	-1.551612e+01
2.070000e-05	-2.030611e-02	-1.553762e+01
2.071000e-05	-2.688326e-02	-1.555770e+01
2.072000e-05	-2.631317e-02	-1.551810e+01
2.073000e-05	-2.806136e-02	-1.554773e+01
2.074000e-05	-2.690565e-02	-1.554923e+01
2.075000e-05	-3.051589e-02	-1.553810e+01
2.076000e-05	-3.228813e-02	-1.554720e+01
2.077000e-05	-3.136243e-02	-1.548552e+01
2.078000e-05	-3.240787e-02	-1.546449e+01
2.079000e-05	-3.615745e-02	-1.548496e+01
2.080000e-05	-3.924805e-02	-1.545138e+01
2.081000e-05	-3.982937e-02	-1.540081e+01
2.082000e-05	-3.916080e-02	-1.533868e+01
2.083000e-05	-4.257780e-02	-1.529294e+01
2.084000e-05	-4.600369e-02	-1.523291e+01
2.085000e-05	-4.687745e-02	-1.516015e+01
2.086000e-05	-4.829629e-02	-1.510517e+01
2.087000e-05	-5.166758e-02	-1.504346e+01
2.088000e-05	-5.616117e-02	-1.495817e+01
2.089000e-05	-5.817104e-02	-1.486446e+01
2.090000e-05	-5.874525e-02	-1.480030e+01
2.091000e-05	-6.220489e-02	-1.468351e+01
2.092000e-05	-6.558271e-02	-1.459023e+01
2.093000e-05	-6.900763e-02	-1.449499e+01
2.094000e-05	-6.804063e-02	-1.438218e+01
2.095000e-05	-6.910833e-02	-1.429393e+01
2.096000e-05	-6.803044e-02	-1.412615e+01
2.097000e-05	-6.709748e-02	-1.394823e+01
2.098000e-05	-6.359044e-02	-1.388341e+01
2.099000e-05	-6.298496e-02	-1.374705e+01
2.100000e-05	-6.053080e-02	-1.357067e+01
2.101000e-05	-5.952498e-02	-1.346086e+01
2.102000e-05	-5.553408e-02	-1.329442e+01
2.103000e-05	-5.338202e-02	-1.312802e+01
2.104000e-05	-5.000812e-02	-1.292925e+01
2.105000e-05	-4.671646e-02	-1.284278e+01
2.106000e-05	-4.329267e-02	-1.273289e+01
2.107000e-05	-4.082142e-02	-1.249451e+01
2.108000e-05	-3.906611e-02	-1.231551e+01
2.109000e-05	-3.684662e-02	-1.214705e+01
2.110000e-05	-3.435408e-02	-1.196770e+01
2.111000e-05	-3.240294e-02	-1.172663e+01
2.112000e-05	-3.070134e-02	-1.154544e+01
2.113000e-05	-2.954670e-02	-1.129496e+01
2.114000e-05	-2.645657e-02	-1.106438e+01
2.115000e-05	-2.551734e-02	-1.088230e+01
2.116000e-05	-2.397099e-02	-1.069491e+01
2.117000e-05	-2.215214e-02	-1.047534e+01
2.118000e-05	-2.084773e-02	-1.027181e+01
2.119000e-05	-1.988828e-02	-1.004083e+01
2.120000e-05	-1.902335e-02	-9.819726e+00
2.121000e-05	-1.775559e-02	-9.610224e+00
2.122000e-05	-1.668301e-02	-9.397169e+00
2.123000e-05	-1.752843e-02	-9.125317e+00
2.124000e-05	-1.650862e-02	-8.905965e+00
2.125000e-05	-1.559446e-02	-8.682707e+00
2.126000e-05	-1.301483e-02	-8.391197e+00
2.127000e-05	-1.335947e-02	-8.218074e+00
2.128000e-05	-1.214630e-02	-7.935463e+00
2.129000e-05	-1.187112e-02	-7.649779e+00
2.130000e-05	-1.121525e-02	-7.398994e+00
2.131000e-05	-1.139595e-02	-7.177864e+00
2.132000e-05	-1.193782e-02	-6.812229e+00
2.133000e-05	-9.990321e-03	-6.618544e+00
2.134000e-05	-1.042106e-02	-6.368992e+00
2.135000e-05	-8.875878e-03	-6.073683e+00
2.136000e-05	-1.049201e-02	-5.857519e+00
2.137000e-05	-7.511442e-03	-5.485864e+00
2.138000e-05	-9.020216e-03	-5.251599e+00
2.139000e-05	-7.478964e-03	-4.938809e+00
2.140000e-05	-8.660691e-03	-4.610045e+00
2.141000e-05	-5.446036e-03	-4.377997e+00
2.142000e-05	-7.219042e-03	-4.134261e+00
2.143000e-05	-7.398923e-03	-3.861552e+00
2.144000e-05	-9.465574e-03	-3.580869e+00
2.145000e-05	-9.044813e-03	-3.312785e+00
2.146000e-05	-6.717560e-03	-3.007336e+00
2.147000e-05	-5.621452e-03	-2.715280e+00
2.148000e-05	-5.605381e-03	-2.422096e+00
2.149000e-05	-4.807447e-03	-2.115786e+00
2.150000e-05	-3.822915e-03	-1.880550e+00
2.151000e-05	-4.365482e-03	-1.591420e+00
2.152000e-05	-7.554073e-03	-1.212979e+00
2.153000e-05	-7.915195e-03	-9.567658e-01
2.154000e-05	-3.567663e-03	-6.725565e-01
2.155000e-05	-4.821561e-03	-3.667633e-01
2.156000e-05	-2.909434e-03	-1.441778e-01
2.157000e-05	2.917885e-03	2.010827e-01
2.158000e-05	8.483348e-03	4.352908e-01
2.159000e-05	-1.147460e-04	6.879210e-01
2.160000e-05	1.900107e-03	9.726530e-01
2.161000e-05	-3.565958e-03	1.285845e+00
2.162000e-05	9.128443e-04	1.541129e+00
2.163000e-05	-2.308839e-04	1.843762e+00
2.164000e-05	1.786266e-02	2.045392e+00
2.165000e-05	6.429472e-02	2.339026e+00
2.166000e-05	3.580994e-02	2.727500e+00
2.167000e-05	-6.693297e-02	3.012862e+00
2.168000e-05	-4.352821e-02	3.307444e+00
2.169000e-05	-1.593784e-02	3.600658e+00
2.170000e-05	-4.441121e-03	3.843734e+00
2.171000e-05	-5.709985e-02	4.040711e+00
2.172000e-05	3.444397e-02	4.256021e+00
2.173000e-05	5.732592e-02	4.592232e+00
2.174000e-05	-3.835506e-02	4.844335e+00
2.175000e-05	1.269517e-01	5.139128e+00
2.176000e-05	-1.150226e-01	5.472366e+00
2.177000e-05	2.799911e-02	5.697999e+00
2.178000e-05	8.765528e-03	6.032810e+00
2.179000e-05	-1.454783e-02	6.245839e+00
2.180000e-05	2.837839e-02	6.519103e+00
2.181000e-05	-5.484575e-02	6.832813e+00
2.182000e-05	7.875201e-02	7.036470e+00
2.183000e-05	-1.418500e-02	7.339179e+00
2.184000e-05	-9.329172e-03	7.623341e+00
2.185000e-05	-3.091234e-02	7.937576e+00
2.186000e-05	2.550962e-02	8.170186e+00
2.187000e-05	4.361165e-02	8.403761e+00
2.188000e-05	-3.882288e-02	8.613417e+00
2.189000e-05	1.168992e-02	8.865543e+00
2.190000e-05	7.062959e-03	9.127123e+00
2.191000e-05	1.440258e-02	9.339177e+00
2.192000e-05	-3.642905e-03	9.558736e+00
2.193000e-05	-1.660360e-02	9.832387e+00
2.194000e-05	1.992580e-02	1.003449e+01
2.195000e-05	1.517835e-02	1.026344e+01
2.196000e-05	1.304695e-02	1.045655e+01
2.197000e-05	-2.411813e-02	1.073657e+01
2.198000e-05	8.060507e-03	1.092762e+01
2.199000e-05	1.654909e-02	1.110615e+01
2.200000e-05	6.236775e-03	1.129770e+01
2.201000e-05	-6.341060e-03	1.152770e+01
2.202000e-05	5.100918e-03	1.175725e+01
2.203000e-05	2.286314e-02	1.195681e+01
2.204000e-05	7.960668e-03	1.208857e+01
2.205000e-05	-5.906690e-03	1.230617e+01
2.206000e-05	-3.279588e-03	1.249557e+01
2.207000e-05	1.691192e-02	1.263444e+01
2.208000e-05	1.202714e-02	1.281246e+01
2.209000e-05	5.557303e-04	1.302078e+01
2.210000e-05	2.396961e-03	1.313870e+01
2.211000e-05	1.950643e-02	1.334657e+01
2.212000e-05	1.308326e-02	1.346452e+01
2.213000e-05	7.352686e-04	1.360336e+01
2.214000e-05	-3.236872e-03	1.374970e+01
2.215000e-05	1.484834e-02	1.383557e+01
2.216000e-05	1.455883e-02	1.399094e+01
2.217000e-05	6.123210e-03	1.414941e+01
2.218000e-05	2.444850e-03	1.433615e+01
2.219000e-05	1.509442e-02	1.442201e+01
2.220000e-05	1.740450e-02	1.455723e+01
2.221000e-05	5.824467e-03	1.463141e+01
2.222000e-05	4.984424e-03	1.472818e+01
2.223000e-05	1.260843e-02	1.484233e+01
2.224000e-05	1.961194e-02	1.486557e+01
2.225000e-05	9.011974e-03	1.497077e+01
2.226000e-05	7.983478e-03	1.505347e+01
2.227000e-05	1.034406e-02	1.512607e+01
2.228000e-05	2.001505e-02	1.515878e+01
2.229000e-05	1.114067e-02	1.523444e+01
2.230000e-05	9.738285e-03	1.526414e+01
2.231000e-05	1.582753e-02	1.533675e+01
2.232000e-05	2.099935e-02	1.538988e+01
2.233000e-05	1.713164e-02	1.546151e+01
2.234000e-05	9.695901e-03	1.545357e+01
2.235000e-05	1.707282e-02	1.547757e+01
2.236000e-05	2.028055e-02	1.554512e+01
2.237000e-05	2.136312e-02	1.551617e+01
2.238000e-05	1.598123e-02	1.553822e+01
2.239000e-05	2.102725e-02	1.555075e+01
2.240000e-05	2.663819e-02	1.556720e+01
2.241000e-05	2.535090e-02	1.550877e+01
2.242000e-05	2.190966e-02	1.554517e+01
2.243000e-05	2.310703e-02	1.554614e+01
2.244000e-05	3.115130e-02	1.550402e+01
2.245000e-05	3.069883e-02	1.547196e+01
2.246000e-05	2.860077e-02	1.545190e+01
2.247000e-05	3.050843e-02	1.534725e+01
2.248000e-05	3.699634e-02	1.531664e+01
2.249000e-05	3.831767e-02	1.524414e+01
2.250000e-05	3.608526e-02	1.518096e+01
2.251000e-05	3.877837e-02	1.513712e+01
2.252000e-05	4.513830e-02	1.508299e+01
2.253000e-05	4.848878e-02	1.501175e+01
2.254000e-05	4.616984e-02	1.492607e+01
2.255000e-05	4.788553e-02	1.485196e+01
2.256000e-05	5.457674e-02	1.476867e+01
2.257000e-05	5.996793e-02	1.467398e+01
2.258000e-05	5.811101e-02	1.453875e+01
2.259000e-05	5.828866e-02	1.447253e+01
2.260000e-05	6.169210e-02	1.432767e+01
2.261000e-05	6.455190e-02	1.425945e+01
2.262000e-05	6.159486e-02	1.411401e+01
2.263000e-05	5.775433e-02	1.397916e+01
2.264000e-05	5.725297e-02	1.383986e+01
2.265000e-05	5.765276e-02	1.368296e+01
2.266000e-05	5.186620e-02	1.356807e+01
2.267000e-05	4.796193e-02	1.336968e+01
2.268000e-05	4.478070e-02	1.326240e+01
2.269000e-05	4.620333e-02	1.310452e+01
2.270000e-05	4.155907e-02	1.293652e+01
2.271000e-05	3.624782e-02	1.278065e+01
2.272000e-05	3.601905e-02	1.262025e+01
2.273000e-05	3.514492e-02	1.246338e+01
2.274000e-05	3.331842e-02	1.224188e+01
2.275000e-05	2.453066e-02	1.207151e+01
2.276000e-05	2.171433e-02	1.191188e+01
2.277000e-05	2.126154e-02	1.169441e+01
2.278000e-05	2.283851e-02	1.145301e+01
2.279000e-05	1.937993e-02	1.126138e+01
2.280000e-05	1.947628e-02	1.104135e+01
2.281000e-05	2.024016e-02	1.086581e+01
2.282000e-05	1.801348e-02	1.068336e+01
2.283000e-05	1.336841e-02	1.040127e+01
2.284000e-05	7.894678e-03	1.021080e+01
2.285000e-05	9.129024e-03	9.988174e+00
2.286000e-05	9.997029e-03	9.745623e+00
2.287000e-05	9.638194e-03	9.544413e+00
2.288000e-05	6.757619e-03	9.314911e+00
2.289000e-05	1.016123e-02	9.091907e+00
2.290000e-05	9.637245e-03	8.849726e+00
2.291000e-05	7.137534e-03	8.620148e+00
2.292000e-05	1.265912e-03	8.359065e+00
2.293000e-05	2.943535e-03	8.146862e+00
2.294000e-05	3.986178e-03	7.881779e+00
2.295000e-05	2.068301e-03	7.639600e+00
2.296000e-05	7.839901e-04	7.315916e+00
2.297000e-05	2.884508e-03	7.051206e+00
2.298000e-05	5.391874e-03	6.842124e+00
2.299000e-05	2.409039e-03	6.554965e+00
2.300000e-05	-9.588731e-04	6.293454e+00
2.301000e-05	-1.062268e-03	6.062677e+00
2.302000e-05	1.378658e-03	5.766015e+00
2.303000e-05	-1.381601e-03	5.493807e+00
2.304000e-05	-2.463416e-03	5.229015e+00
2.305000e-05	-1.420497e-03	4.853050e+00
2.306000e-05	1.322634e-03	4.547995e+00
2.307000e-05	-8.589714e-04	4.347308e+00
2.308000e-05	-3.507085e-03	4.029996e+00
2.309000e-05	-3.029734e-03	3.727315e+00
2.310000e-05	-1.304244e-03	3.523651e+00
2.311000e-05	-1.200408e-03	3.186968e+00
2.312000e-05	-3.860120e-03	2.906263e+00
2.313000e-05	-4.048320e-03	2.651096e+00
2.314000e-05	-1.928740e-03	2.346733e+00
2.315000e-05	-1.917864e-03	2.062626e+00
2.316000e-05	-4.924327e-03	1.848442e+00
2.317000e-05	-5.997874e-03	1.483157e+00
2.318000e-05	-3.707044e-03	1.197891e+00
2.319000e-05	-3.095652e-03	8.824976e-01
2.320000e-05	-3.806934e-03	6.073396e-01
2.321000e-05	-4.864143e-03	3.526318e-01
2.322000e-05	-1.310411e-03	-3.113258e-02
2.323000e-05	4.542012e-03	-2.652895e-01
2.324000e-05	2.400933e-03	-5.464225e-01
2.325000e-05	-4.501413e-03	-8.122068e-01
2.326000e-05	-5.120173e-03	-1.065315e+00
2.327000e-05	-2.073516e-03	-1.390631e+00
2.328000e-05	-2.323784e-03	-1.653759e+00
2.329000e-05	6.743721e-03	-1.874816e+00
2.330000e-05	5.131329e-02	-2.107345e+00
2.331000e-05	7.867037e-02	-2.454347e+00
2.332000e-05	-8.233577e-02	-2.833208e+00
2.333000e-05	-3.421588e-02	-3.222236e+00
2.334000e-05	-4.828270e-02	-3.443286e+00
2.335000e-05	-1.450005e-02	-3.684896e+00
2.336000e-05	-6.600134e-02	-3.938574e+00
2.337000e-05	1.331579e-01	-4.087416e+00
2.338000e-05	-8.749242e-02	-4.380075e+00
2.339000e-05	4.579550e-02	-4.625765e+00
2.340000e-05	9.822710e-02	-4.886950e+00
2.341000e-05	-1.580659e-01	-5.265968e+00
2.342000e-05	1.093323e-01	-5.565578e+00
2.343000e-05	-1.411419e-01	-5.803787e+00
2.344000e-05	7.619558e-02	-6.085493e+00
2.345000e-05	1.574593e-02	-6.339002e+00
2.346000e-05	-6.795557e-02	-6.644412e+00
2.347000e-05	1.090367e-01	-6.876520e+00
2.348000e-05	-1.002770e-01	-7.172188e+00
2.349000e-05	5.139280e-02	-7.466443e+00
2.350000e-05	-6.026868e-02	-7.697030e+00
2.351000e-05	-2.270618e-03	-8.042287e+00
2.352000e-05	5.460228e-02	-8.234310e+00
2.353000e-05	-7.983321e-02	-8.515072e+00
2.354000e-05	8.564590e-02	-8.739098e+00
2.355000e-05	-9.063061e-02	-8.981734e+00
2.356000e-05	4.760032e-02	-9.202257e+00
2.357000e-05	-4.276078e-02	-9.413891e+00
2.358000e-05	-1.080475e-03	-9.705972e+00
2.359000e-05	1.198424e-02	-9.864549e+00
2.360000e-05	-3.285157e-02	-1.009766e+01
2.361000e-05	4.381921e-02	-1.031813e+01
2.362000e-05	-6.454174e-02	-1.056968e+01
2.363000e-05	3.852360e-02	-1.077018e+01
2.364000e-05	-5.420288e-02	-1.091086e+01
2.365000e-05	2.900331e-02	-1.121083e+01
2.366000e-05	-3.890292e-02	-1.139239e+01
2.367000e-05	1.184142e-02	-1.160294e+01
2.368000e-05	-1.207619e-02	-1.181294e+01
2.369000e-05	-5.743243e-03	-1.199386e+01
2.370000e-05	-1.126776e-02	-1.219983e+01
2.371000e-05	-2.349286e-02	-1.237328e+01
2.372000e-05	7.484898e-03	-1.259975e+01
2.373000e-05	-2.538322e-02	-1.274923e+01
2.374000e-05	5.123009e-03	-1.290855e+01
2.375000e-05	-2.857099e-02	-1.308404e+01
2.376000e-05	9.829062e-03	-1.324291e+01
2.377000e-05	-2.547895e-02	-1.339828e+01
2.378000e-05	-4.087181e-03	-1.353815e+01
2.379000e-05	-2.485319e-02	-1.367449e+01
2.380000e-05	-4.639071e-03	-1.382491e+01
2.381000e-05	-1.353502e-02	-1.394720e+01
2.382000e-05	-1.307702e-02	-1.409667e+01
2.383000e-05	-1.383694e-02	-1.421038e+01
2.384000e-05	-1.387399e-02	-1.436022e+01
2.385000e-05	-1.069748e-02	-1.443346e+01
2.386000e-05	-2.151395e-02	-1.456828e+01
2.387000e-05	-1.506406e-02	-1.466391e+01
2.388000e-05	-1.742002e-02	-1.473878e+01
2.389000e-05	-1.017832e-02	-1.482346e+01
2.390000e-05	-1.834297e-02	-1.492617e+01
2.391000e-05	-1.731323e-02	-1.499040e+01
2.392000e-05	-1.898218e-02	-1.508504e+01
2.393000e-05	-1.514031e-02	-1.517770e+01
2.394000e-05	-2.234769e-02	-1.522088e+01
2.395000e-05	-1.909762e-02	-1.527451e+01
2.396000e-05	-2.172299e-02	-1.529805e+01
2.397000e-05	-1.621365e-02	-1.536233e+01
2.398000e-05	-2.290542e-02	-1.542279e+01
2.399000e-05	-2.387550e-02	-1.546342e+01
2.400000e-05	-2.302916e-02	-1.548412e+01
2.401000e-05	-2.245901e-02	-1.548660e+01
2.402000e-05	-2.251343e-02	-1.553765e+01
2.403000e-05	-2.726308e-02	-1.550865e+01
2.404000e-05	-2.518825e-02	-1.554965e+01
2.405000e-05	-2.738858e-02	-1.556828e+01
2.406000e-05	-2.833019e-02	-1.552980e+01
2.407000e-05	-3.274236e-02	-1.554012e+01
2.408000e-05	-3.181699e-02	-1.553609e+01
2.409000e-05	-3.084558e-02	-1.550664e+01
2.410000e-05	-3.315748e-02	-1.548452e+01
2.411000e-05	-3.675787e-02	-1.545291e+01
2.412000e-05	-3.836259e-02	-1.542248e+01
2.413000e-05	-3.836950e-02	-1.535723e+01
2.414000e-05	-3.976585e-02	-1.530765e+01
2.415000e-05	-4.457486e-02	-1.526396e+01
2.416000e-05	-4.623105e-02	-1.522183e+01
2.417000e-05	-4.664585e-02	-1.512810e+01
2.418000e-05	-4.932566e-02	-1.505499e+01
2.419000e-05	-5.363013e-02	-1.499830e+01
2.420000e-05	-5.697132e-02	-1.490760e+01
2.421000e-05	-5.749723e-02	-1.482194e+01
2.422000e-05	-6.035123e-02	-1.477820e+01
2.423000e-05	-6.431187e-02	-1.469338e+01
2.424000e-05	-6.767695e-02	-1.455975e+01
2.425000e-05	-6.648003e-02	-1.446444e+01
2.426000e-05	-6.718572e-02	-1.437819e+01
2.427000e-05	-6.924950e-02	-1.423175e+01
2.428000e-05	-6.961702e-02	-1.409351e+01
2.429000e-05	-6.648453e-02	-1.393812e+01
2.430000e-05	-6.251018e-02	-1.380131e+01
2.431000e-05	-6.177034e-02	-1.370441e+01
2.432000e-05	-6.009606e-02	-1.352664e+01
2.433000e-05	-5.678254e-02	-1.336870e+01
2.434000e-05	-5.304385e-02	-1.323136e+01
2.435000e-05	-5.183519e-02	-1.307496e+01
2.436000e-05	-4.981238e-02	-1.295757e+01
2.437000e-05	-4.564134e-02	-1.276712e+01
2.438000e-05	-4.249577e-02	-1.259930e+01
2.439000e-05	-3.994016e-02	-1.245226e+01
2.440000e-05	-3.824562e-02	-1.227193e+01
2.441000e-05	-3.564943e-02	-1.208386e+01
2.442000e-05	-3.325966e-02	-1.188341e+01
2.443000e-05	-3.091269e-02	-1.163139e+01
2.444000e-05	-2.936769e-02	-1.145178e+01
2.445000e-05	-2.705342e-02	-1.125125e+01
2.446000e-05	-2.614417e-02	-1.097908e+01
2.447000e-05	-2.463021e-02	-1.081025e+01
2.448000e-05	-2.402358e-02	-1.062168e+01
2.449000e-05	-2.266703e-02	-1.042912e+01
2.450000e-05	-2.056315e-02	-1.013713e+01
2.451000e-05	-1.897127e-02	-9.927517e+00
2.452000e-05	-1.877207e-02	-9.736391e+00
2.453000e-05	-1.726663e-02	-9.535890e+00
2.454000e-05	-1.639550e-02	-9.301356e+00
2.455000e-05	-1.608396e-02	-9.062254e+00
2.456000e-05	-1.533627e-02	-8.811123e+00
2.457000e-05	-1.537255e-02	-8.607617e+00
2.458000e-05	-1.367574e-02	-8.345339e+00
2.459000e-05	-1.334515e-02	-8.104809e+00
2.460000e-05	-1.205510e-02	-7.850148e+00
2.461000e-05	-1.205391e-02	-7.546415e+00
2.462000e-05	-1.072076e-02	-7.284283e+00
2.463000e-05	-1.016128e-02	-7.039673e+00
2.464000e-05	-1.109143e-02	-6.747966e+00
2.465000e-05	-9.772513e-03	-6.493811e+00
2.466000e-05	-1.086636e-02	-6.289277e+00
2.467000e-05	-9.519040e-03	-5.998945e+00
2.468000e-05	-1.087320e-02	-5.703384e+00
2.469000e-05	-7.985515e-03	-5.429120e+00
2.470000e-05	-1.026531e-02	-5.135862e+00
2.471000e-05	-7.405336e-03	-4.797466e+00
2.472000e-05	-8.037205e-03	-4.485313e+00
2.473000e-05	-6.066790e-03	-4.302735e+00
2.474000e-05	-8.446086e-03	-4.021574e+00
2.475000e-05	-7.078430e-03	-3.754313e+00
2.476000e-05	-9.481452e-03	-3.461182e+00
2.477000e-05	-6.766246e-03	-3.208946e+00
2.478000e-05	-8.058798e-03	-2.853226e+00
2.479000e-05	-4.908323e-03	-2.608949e+00
2.480000e-05	-6.618391e-03	-2.325786e+00
2.481000e-05	-4.145864e-03	-2.009496e+00
2.482000e-05	-5.532905e-03	-1.757264e+00
2.483000e-05	-4.875018e-03	-1.481575e+00
2.484000e-05	-6.715957e-03	-1.125734e+00
2.485000e-05	-6.630424e-03	-8.410738e-01
2.486000e-05	-5.414443e-03	-5.062843e-01
2.487000e-05	-3.749545e-03	-2.816551e-01
2.488000e-05	-1.019760e-03	4.213032e-02
2.489000e-05	8.656259e-03	3.178449e-01
2.490000e-05	-1.416999e-03	5.495064e-01
2.491000e-05	2.775487e-03	8.216340e-01
2.492000e-05	-2.356985e-03	1.107921e+00
2.493000e-05	1.299726e-03	1.401555e+00
2.494000e-05	-9.056160e-05	1.707948e+00
2.495000e-05	7.534763e-03	1.927872e+00
2.496000e-05	2.926379e-02	2.140552e+00
2.497000e-05	8.075349e-02	2.476451e+00
2.498000e-05	-2.657329e-02	2.873258e+00
2.499000e-05	-5.441664e-02	3.138424e+00
2.500000e-05	-4.122940e-02	3.412187e+00
2.501000e-05	3.377861e-03	3.696396e+00
2.502000e-05	-3.166952e-02	3.907842e+00
2.503000e-05	-3.891467e-02	4.148023e+00
2.504000e-05	8.656332e-02	4.431158e+00
2.505000e-05	-2.511499e-02	4.687949e+00
2.506000e-05	5.615772e-02	4.931059e+00
2.507000e-05	3.269867e-02	5.298573e+00
2.508000e-05	-9.410560e-02	5.581234e+00
2.509000e-05	5.750856e-02	5.824862e+00
2.510000e-05	-2.807699e-02	6.107501e+00
2.511000e-05	2.706028e-02	6.350102e+00
2.512000e-05	-1.863340e-02	6.674945e+00
2.513000e-05	-7.341332e-03	6.926998e+00
2.514000e-05	7.030069e-02	7.171759e+00
2.515000e-05	-3.762734e-02	7.524442e+00
2.516000e-05	-4.960815e-03	7.770631e+00
2.517000e-05	-3.414026e-02	8.012937e+00
2.518000e-05	5.995565e-02	8.274939e+00
2.519000e-05	8.138424e-03	8.495474e+00
2.520000e-05	-3.647791e-02	8.716676e+00
2.521000e-05	2.944915e-02	8.969304e+00
2.522000e-05	-8.386841e-03	9.211860e+00
2.523000e-05	3.116143e-02	9.413284e+00
2.524000e-05	-3.221098e-02	9.645016e+00
2.525000e-05	1.137260e-02	9.938126e+00
2.526000e-05	1.014605e-02	1.012805e+01
2.527000e-05	2.282128e-02	1.036911e+01
2.528000e-05	-1.521140e-03	1.055919e+01
2.529000e-05	-2.371282e-02	1.078228e+01
2.530000e-05	2.425281e-02	1.097168e+01
2.531000e-05	2.548048e-03	1.118031e+01
2.532000e-05	1.321873e-02	1.141344e+01
2.533000e-05	-1.843645e-02	1.159241e+01
2.534000e-05	2.522380e-02	1.183137e+01
2.535000e-05	1.089122e-02	1.201139e+01
2.536000e-05	7.855158e-03	1.219038e+01
2.537000e-05	-1.290885e-02	1.238078e+01
2.538000e-05	6.940753e-03	1.257975e+01
2.539000e-05	1.943514e-02	1.267660e+01
2.540000e-05	4.287142e-03	1.288609e+01
2.541000e-05	2.088448e-03	1.307244e+01
2.542000e-05	3.219604e-03	1.324439e+01
2.543000e-05	2.474285e-02	1.339883e+01
2.544000e-05	4.776912e-03	1.351810e+01
2.545000e-05	1.564818e-03	1.367444e+01
2.546000e-05	8.100682e-04	1.380991e+01
2.547000e-05	1.867289e-02	1.393830e+01
2.548000e-05	1.095610e-02	1.405606e+01
2.549000e-05	1.635561e-03	1.423149e+01
2.550000e-05	8.095658e-03	1.435878e+01
2.551000e-05	1.506874e-02	1.445506e+01
2.552000e-05	1.588869e-02	1.461030e+01
2.553000e-05	1.474058e-03	1.467499e+01
2.554000e-05	9.658373e-03	1.478018e+01
2.555000e-05	1.457765e-02	1.483236e+01
2.556000e-05	1.761824e-02	1.491725e+01
2.557000e-05	7.565461e-03	1.501089e+01
2.558000e-05	8.866758e-03	1.510507e+01
2.559000e-05	1.525709e-02	1.512810e+01
2.560000e-05	1.693428e-02	1.516139e+01
2.561000e-05	1.042225e-02	1.527499e+01
2.562000e-05	9.143093e-03	1.527522e+01
2.563000e-05	1.938576e-02	1.533827e+01
2.564000e-05	1.963629e-02	1.540093e+01
2.565000e-05	1.504570e-02	1.543252e+01
2.566000e-05	1.143797e-02	1.548261e+01
2.567000e-05	1.956993e-02	1.549552e+01
2.568000e-05	2.293863e-02	1.555725e+01
2.569000e-05	1.837950e-02	1.551817e+01
2.570000e-05	1.640922e-02	1.555722e+01
2.571000e-05	2.176215e-02	1.552823e+01
2.572000e-05	2.742785e-02	1.554820e+01
2.573000e-05	2.293595e-02	1.552757e+01
2.574000e-05	2.161887e-02	1.547612e+01
2.575000e-05	2.672664e-02	1.549407e+01
2.576000e-05	3.284732e-02	1.549346e+01
2.577000e-05	3.075470e-02	1.547146e+01
2.578000e-05	2.756997e-02	1.539180e+01
2.579000e-05	3.226088e-02	1.536717e+01
2.580000e-05	3.703497e-02	1.529504e+01
2.581000e-05	3.854950e-02	1.521001e+01
2.582000e-05	3.536399e-02	1.519883e+01
2.583000e-05	4.115415e-02	1.508562e+01
2.584000e-05	4.645554e-02	1.506489e+01
2.585000e-05	4.850118e-02	1.496025e+01
2.586000e-05	4.666836e-02	1.491399e+01
2.587000e-05	5.055898e-02	1.484186e+01
2.588000e-05	5.735402e-02	1.473762e+01
2.589000e-05	5.933324e-02	1.462326e+01
2.590000e-05	5.909289e-02	1.449704e+01
2.591000e-05	5.883147e-02	1.441093e+01
2.592000e-05	6.340023e-02	1.433701e+01
2.593000e-05	6.270494e-02	1.419915e+01
2.594000e-05	5.867474e-02	1.405393e+01
2.595000e-05	5.690710e-02	1.394457e+01
2.596000e-05	5.813402e-02	1.375872e+01
2.597000e-05	5.728999e-02	1.364246e+01
2.598000e-05	5.019069e-02	1.348396e+01
2.599000e-05	4.633227e-02	1.333707e+01
2.600000e-05	4.447967e-02	1.321870e+01
2.601000e-05	4.578098e-02	1.304076e+01
2.602000e-05	3.942394e-02	1.285194e+01
2.603000e-05	3.597317e-02	1.272451e+01
2.604000e-05	3.390510e-02	1.253650e+01
2.605000e-05	3.435824e-02	1.238915e+01
2.606000e-05	2.978091e-02	1.222918e+01
2.607000e-05	2.460986e-02	1.205083e+01
2.608000e-05	2.438797e-02	1.181186e+01
2.609000e-05	2.436529e-02	1.160183e+01
2.610000e-05	2.225241e-02	1.139878e+01
2.611000e-05	1.773407e-02	1.117762e+01
2.612000e-05	1.730831e-02	1.097868e+01
2.613000e-05	1.684877e-02	1.078013e+01
2.614000e-05	1.582148e-02	1.057817e+01
2.615000e-05	1.072951e-02	1.035655e+01
2.616000e-05	1.358338e-02	1.012694e+01
2.617000e-05	1.254269e-02	9.885415e+00
2.618000e-05	1.165142e-02	9.663806e+00
2.619000e-05	6.707946e-03	9.431281e+00
2.620000e-05	6.718321e-03	9.201632e+00
2.621000e-05	6.725118e-03	8.977148e+00
2.622000e-05	5.248467e-03	8.745967e+00
2.623000e-05	4.000153e-03	8.525435e+00
2.624000e-05	5.221306e-03	8.313330e+00
2.625000e-05	7.778016e-03	8.030175e+00
2.626000e-05	5.580099e-03	7.767045e+00
2.627000e-05	4.179407e-03	7.523410e+00
2.628000e-05	-3.030682e-04	7.251553e+00
2.629000e-05	1.351314e-03	6.968018e+00
2.630000e-05	-5.570856e-04	6.713311e+00
2.631000e-05	-5.898573e-04	6.399749e+00
2.632000e-05	-2.151210e-04	6.177067e+00
2.633000e-05	3.346076e-03	5.945934e+00
2.634000e-05	3.635145e-03	5.711600e+00
2.635000e-05	1.013388e-03	5.408999e+00
2.636000e-05	-2.275280e-03	5.061226e+00
2.637000e-05	-1.807021e-03	4.717863e+00
2.638000e-05	-2.804507e-03	4.462259e+00
2.639000e-05	-3.766507e-03	4.229521e+00
2.640000e-05	-3.777007e-03	3.932807e+00
2.641000e-05	-1.120726e-03	3.681650e+00
2.642000e-05	1.105176e-03	3.387417e+00
2.643000e-05	-1.322238e-03	3.083205e+00
2.644000e-05	-3.330145e-03	2.821524e+00
2.645000e-05	-4.484826e-03	2.555807e+00
2.646000e-05	-3.205846e-03	2.259016e+00
2.647000e-05	-5.964079e-03	1.966865e+00
2.648000e-05	-4.525953e-03	1.693500e+00
2.649000e-05	-4.326741e-03	1.387413e+00
2.650000e-05	-1.688067e-03	1.061570e+00
2.651000e-05	-2.903253e-03	7.857582e-01
2.652000e-05	-4.368070e-03	4.616027e-01
2.653000e-05	-3.500850e-03	1.863122e-01
2.654000e-05	-1.109184e-03	-5.534343e-02
2.655000e-05	6.742271e-03	-3.489274e-01
2.656000e-05	-6.063829e-03	-6.241408e-01
2.657000e-05	9.277901e-04	-8.673735e-01
2.658000e-05	-5.088363e-03	-1.170057e+00
2.659000e-05	1.265231e-03	-1.485321e+00
2.660000e-05	-4.155208e-03	-1.718376e+00
2.661000e-05	1.822775e-02	-1.958974e+00
2.662000e-05	7.790379e-02	-2.131192e+00
2.663000e-05	1.176775e-02	-2.550637e+00
2.664000e-05	-7.520175e-02	-2.969564e+00
2.665000e-05	-3.662026e-02	-3.316475e+00
2.666000e-05	-2.623717e-02	-3.508475e+00
2.667000e-05	-3.960799e-02	-3.792104e+00
2.668000e-05	-5.275165e-03	-3.972057e+00
2.669000e-05	1.095713e-01	-4.179631e+00
2.670000e-05	-1.461973e-01	-4.466397e+00
2.671000e-05	1.790421e-01	-4.737450e+00
2.672000e-05	-7.164460e-02	-5.002741e+00
2.673000e-05	-4.300420e-02	-5.341663e+00
2.674000e-05	4.621261e-02	-5.593762e+00
2.675000e-05	-1.377089e-01	-5.949553e+00
2.676000e-05	1.496387e-01	-6.138554e+00
2.677000e-05	-9.569650e-02	-6.434395e+00
2.678000e-05	4.426595e-02	-6.759600e+00
2.679000e-05	2.808131e-02	-6.942838e+00
2.680000e-05	-7.683664e-02	-7.318975e+00
2.681000e-05	5.785229e-02	-7.517631e+00
2.682000e-05	-1.066509e-01	-7.825316e+00
2.683000e-05	8.158516e-02	-8.066526e+00
2.684000e-05	-3.759637e-02	-8.318003e+00
2.685000e-05	3.022806e-03	-8.592756e+00
2.686000e-05	3.565458e-02	-8.833889e+00
2.687000e-05	-7.811855e-02	-9.086469e+00
2.688000e-05	6.395150e-02	-9.283894e+00
2.689000e-05	-8.582528e-02	-9.498128e+00
2.690000e-05	5.658425e-02	-9.778681e+00
2.691000e-05	-5.200538e-02	-9.980210e+00
2.692000e-05	3.005006e-02	-1.023329e+01
2.693000e-05	-1.597114e-02	-1.043277e+01
2.694000e-05	-1.827570e-02	-1.066290e+01
2.695000e-05	1.102061e-02	-1.084334e+01
2.696000e-05	-3.898784e-02	-1.105549e+01
2.697000e-05	2.627641e-02	-1.125405e+01
2.698000e-05	-4.734902e-02	-1.149507e+01
2.699000e-05	2.666832e-02	-1.167612e+01
2.700000e-05	-3.785686e-02	-1.192658e+01
2.701000e-05	1.669393e-02	-1.211655e+01
2.702000e-05	-3.308833e-02	-1.225501e+01
2.703000e-05	5.638099e-03	-1.243502e+01
2.704000e-05	-1.593256e-02	-1.264341e+01
2.705000e-05	-6.979323e-03	-1.278031e+01
2.706000e-05	-1.113075e-02	-1.296866e+01
2.707000e-05	-1.833166e-02	-1.308660e+01
2.708000e-05	-1.777165e-03	-1.326757e+01
2.709000e-05	-2.375491e-02	-1.344349e+01
2.710000e-05	-1.626014e-03	-1.355983e+01
2.711000e-05	-2.488451e-02	-1.372765e+01
2.712000e-05	1.052195e-03	-1.387449e+01
2.713000e-05	-2.183014e-02	-1.398131e+01
2.714000e-05	-6.761607e-03	-1.414972e+01
2.715000e-05	-2.107969e-02	-1.426497e+01
2.716000e-05	-1.075321e-02	-1.442081e+01
2.717000e-05	-1.858752e-02	-1.449607e+01
2.718000e-05	-1.499093e-02	-1.459333e+01
2.719000e-05	-1.483658e-02	-1.470560e+01
2.720000e-05	-1.548659e-02	-1.478231e+01
2.721000e-05	-1.335938e-02	-1.483304e+01
2.722000e-05	-1.889048e-02	-1.496720e+01
2.723000e-05	-1.821884e-02	-1.506196e+01
2.724000e-05	-2.045346e-02	-1.514402e+01
2.725000e-05	-1.878247e-02	-1.515878e+01
2.726000e-05	-2.051807e-02	-1.524191e+01
2.727000e-05	-1.797118e-02	-1.527567e+01
2.728000e-05	-1.941987e-02	-1.535068e+01
2.729000e-05	-1.788880e-02	-1.538128e+01
2.730000e-05	-2.485889e-02	-1.546194e+01
2.731000e-05	-2.276681e-02	-1.544447e+01
2.732000e-05	-2.545290e-02	-1.549662e+01
2.733000e-05	-2.229220e-02	-1.549512e+01
2.734000e-05	-2.444409e-02	-1.553623e+01
2.735000e-05	-2.561173e-02	-1.552865e+01
2.736000e-05	-2.583197e-02	-1.552878e+01
2.737000e-05	-2.747860e-02	-1.554913e+01
2.738000e-05	-2.996613e-02	-1.555918e+01
2.739000e-05	-3.223559e-02	-1.555757e+01
2.740000e-05	-3.139380e-02	-1.550412e+01
2.741000e-05	-3.310893e-02	-1.552647e+01
2.742000e-05	-3.557411e-02	-1.546549e+01
2.743000e-05	-3.698900e-02	-1.544391e+01
2.744000e-05	-3.843580e-02	-1.539235e+01
2.745000e-05	-3.984717e-02	-1.534920e+01
2.746000e-05	-4.159133e-02	-1.531612e+01
2.747000e-05	-4.349420e-02	-1.523386e+01
2.748000e-05	-4.492455e-02	-1.519027e+01
2.749000e-05	-4.844507e-02	-1.510810e+01
2.750000e-05	-5.261142e-02	-1.508298e+01
2.751000e-05	-5.614295e-02	-1.496882e+01
2.752000e-05	-5.632411e-02	-1.490504e+01
2.753000e-05	-5.970689e-02	-1.479083e+01
2.754000e-05	-6.312274e-02	-1.473754e+01
2.755000e-05	-6.491820e-02	-1.463033e+01
2.756000e-05	-6.510289e-02	-1.452813e+01
2.757000e-05	-6.740187e-02	-1.442035e+01
2.758000e-05	-6.969850e-02	-1.426404e+01
2.759000e-05	-6.997628e-02	-1.420777e+01
2.760000e-05	-6.754193e-02	-1.402194e+01
2.761000e-05	-6.524388e-02	-1.388449e+01
2.762000e-05	-6.408329e-02	-1.378863e+01
2.763000e-05	-6.115622e-02	-1.366121e+01
2.764000e-05	-5.745357e-02	-1.350496e+01
2.765000e-05	-5.572031e-02	-1.331662e+01
2.766000e-05	-5.407136e-02	-1.316870e+01
2.767000e-05	-5.123325e-02	-1.304075e+01
2.768000e-05	-4.715059e-02	-1.288438e+01
2.769000e-05	-4.343570e-02	-1.272454e+01
2.770000e-05	-4.217676e-02	-1.247657e+01
2.771000e-05	-3.967861e-02	-1.239865e+01
2.772000e-05	-3.681748e-02	-1.217005e+01
2.773000e-05	-3.448239e-02	-1.201972e+01
2.774000e-05	-3.358358e-02	-1.176825e+01
2.775000e-05	-3.233297e-02	-1.158817e+01
2.776000e-05	-2.863481e-02	-1.136905e+01
2.777000e-05	-2.695462e-02	-1.114599e+01
2.778000e-05	-2.595700e-02	-1.091802e+01
2.779000e-05	-2.483119e-02	-1.074497e+01
2.780000e-05	-2.350826e-02	-1.054604e+01
2.781000e-05	-2.073445e-02	-1.030204e+01
2.782000e-05	-2.130789e-02	-1.009381e+01
2.783000e-05	-2.057725e-02	-9.883357e+00
2.784000e-05	-1.892702e-02	-9.643232e+00
2.785000e-05	-1.686410e-02	-9.429753e+00
2.786000e-05	-1.585104e-02	-9.159546e+00
2.787000e-05	-1.606951e-02	-8.947571e+00
2.788000e-05	-1.491126e-02	-8.756290e+00
2.789000e-05	-1.403302e-02	-8.473306e+00
2.790000e-05	-1.304821e-02	-8.252703e+00
2.791000e-05	-1.262870e-02	-8.009653e+00
2.792000e-05	-1.307232e-02	-7.736364e+00
2.793000e-05	-1.163362e-02	-7.432706e+00
2.794000e-05	-1.021333e-02	-7.219568e+00
2.795000e-05	-1.132451e-02	-6.905867e+00
2.796000e-05	-1.027886e-02	-6.713678e+00
2.797000e-05	-1.124827e-02	-6.419149e+00
2.798000e-05	-7.911153e-03	-6.145336e+00
2.799000e-05	-1.159920e-02	-5.891733e+00
2.800000e-05	-8.430442e-03	-5.579444e+00
2.801000e-05	-1.002557e-02	-5.334681e+00
2.802000e-05	-6.836097e-03	-5.048595e+00
2.803000e-05	-9.052575e-03	-4.633305e+00
2.804000e-05	-4.771606e-03	-4.411201e+00
2.805000e-05	-8.181964e-03	-4.178496e+00
2.806000e-05	-5.904160e-03	-3.947288e+00
2.807000e-05	-1.008648e-02	-3.609999e+00
2.808000e-05	-1.079063e-02	-3.365365e+00
2.809000e-05	-8.010085e-03	-3.123032e+00
2.810000e-05	-5.531162e-03	-2.777442e+00
2.811000e-05	-4.385941e-03	-2.513202e+00
2.812000e-05	-6.244043e-03	-2.229544e+00
2.813000e-05	-3.314935e-03	-1.904234e+00
2.814000e-05	-5.617450e-03	-1.662150e+00
2.815000e-05	-5.372421e-03	-1.342154e+00
2.816000e-05	-9.077996e-03	-1.007523e+00
2.817000e-05	-5.371521e-03	-7.667808e-01
2.818000e-05	-3.970733e-03	-4.399237e-01
2.819000e-05	-2.069504e-03	-1.677395e-01
2.820000e-05	2.620846e-03	7.737499e-02
2.821000e-05	9.532220e-03	3.921530e-01
2.822000e-05	-1.470072e-03	6.453107e-01
2.823000e-05	1.897968e-03	9.193974e-01
2.824000e-05	-3.933403e-03	1.241134e+00
2.825000e-05	5.395875e-04	1.517925e+00
2.826000e-05	1.237268e-03	1.821105e+00
2.827000e-05	1.445838e-02	2.031757e+00
2.828000e-05	4.977221e-02	2.284845e+00
2.829000e-05	6.378819e-02	2.644795e+00
2.830000e-05	-6.553302e-02	2.978603e+00
2.831000e-05	-4.445486e-02	3.273236e+00
2.832000e-05	-3.010814e-02	3.577976e+00
2.833000e-05	5.917196e-03	3.781130e+00
2.834000e-05	-5.631980e-02	3.989530e+00
2.835000e-05	1.281419e-03	4.232714e+00
2.836000e-05	9.047598e-02	4.498501e+00
2.837000e-05	-6.315038e-02	4.799657e+00
2.838000e-05	1.304233e-01	5.115467e+00
2.839000e-05	-7.783628e-02	5.422737e+00
2.840000e-05	-1.796671e-02	5.663792e+00
2.841000e-05	3.773098e-02	5.969654e+00
2.842000e-05	-3.381066e-02	6.191159e+00
2.843000e-05	4.288510e-02	6.475974e+00
2.844000e-05	-5.684112e-02	6.819078e+00
2.845000e-05	5.366817e-02	6.981362e+00
2.846000e-05	1.790354e-02	7.265078e+00
2.847000e-05	-2.361228e-02	7.592179e+00
2.848000e-05	-1.972620e-02	7.854892e+00
2.849000e-05	-5.163328e-03	8.126575e+00
2.850000e-05	5.910359e-02	8.388729e+00
2.851000e-05	-2.536976e-02	8.590658e+00
2.852000e-05	-7.448622e-03	8.822836e+00
2.853000e-05	1.982718e-02	9.055965e+00
2.854000e-05	-3.593045e-04	9.326469e+00
2.855000e-05	1.656620e-02	9.498602e+00
2.856000e-05	-3.124257e-02	9.798302e+00
2.857000e-05	2.169307e-02	9.991257e+00
2.858000e-05	1.084454e-02	1.022341e+01
2.859000e-05	2.106875e-02	1.042244e+01
2.860000e-05	-1.641278e-02	1.069446e+01
2.861000e-05	-6.614466e-03	1.087394e+01
2.862000e-05	2.350403e-02	1.105394e+01
2.863000e-05	-5.095485e-04	1.123452e+01
2.864000e-05	4.182260e-03	1.151507e+01
2.865000e-05	-8.658352e-03	1.170705e+01
2.866000e-05	2.819230e-02	1.188700e+01
2.867000e-05	5.833603e-03	1.204649e+01
2.868000e-05	1.549443e-03	1.229514e+01
2.869000e-05	-6.693599e-03	1.243499e+01
2.870000e-05	1.249419e-02	1.263239e+01
2.871000e-05	1.540358e-02	1.279031e+01
2.872000e-05	6.786579e-04	1.290818e+01
2.873000e-05	2.440754e-03	1.311615e+01
2.874000e-05	1.038238e-02	1.330657e+01
2.875000e-05	1.790928e-02	1.343194e+01
2.876000e-05	3.113084e-03	1.359865e+01
2.877000e-05	-1.064969e-04	1.374672e+01
2.878000e-05	1.166329e-02	1.387612e+01
2.879000e-05	1.440031e-02	1.396178e+01
2.880000e-05	8.386811e-03	1.413770e+01
2.881000e-05	-1.230383e-03	1.429507e+01
2.882000e-05	1.294830e-02	1.442191e+01
2.883000e-05	1.414928e-02	1.453660e+01
2.884000e-05	1.214968e-02	1.460236e+01
2.885000e-05	5.180136e-03	1.470815e+01
2.886000e-05	1.283460e-02	1.480988e+01
2.887000e-05	1.820786e-02	1.486554e+01
2.888000e-05	9.134546e-03	1.492822e+01
2.889000e-05	8.521845e-03	1.500246e+01
2.890000e-05	7.714573e-03	1.512660e+01
2.891000e-05	1.997298e-02	1.513923e+01
2.892000e-05	1.126458e-02	1.523124e+01
2.893000e-05	1.284246e-02	1.531364e+01
2.894000e-05	1.208364e-02	1.536729e+01
2.895000e-05	2.100333e-02	1.541737e+01
2.896000e-05	1.683746e-02	1.544088e+01
2.897000e-05	1.241269e-02	1.543254e+01
2.898000e-05	1.478675e-02	1.548516e+01
2.899000e-05	1.911424e-02	1.553657e+01
2.900000e-05	2.195314e-02	1.552617e+01
2.901000e-05	1.675229e-02	1.555017e+01
2.902000e-05	2.068041e-02	1.554865e+01
2.903000e-05	2.303295e-02	1.556820e+01
2.904000e-05	2.557840e-02	1.552815e+01
2.905000e-05	2.158495e-02	1.552767e+01
2.906000e-05	2.272446e-02	1.550612e+01
2.907000e-05	2.769098e-02	1.548509e+01
2.908000e-05	3.086977e-02	1.547254e+01
2.909000e-05	3.042389e-02	1.543946e+01
2.910000e-05	3.000602e-02	1.535827e+01
2.911000e-05	3.481851e-02	1.535514e+01
2.912000e-05	3.735802e-02	1.525311e+01
2.913000e-05	3.661841e-02	1.525093e+01
2.914000e-05	3.727678e-02	1.517720e+01
2.915000e-05	4.205418e-02	1.509502e+01
2.916000e-05	4.646912e-02	1.506083e+01
2.917000e-05	4.714058e-02	1.496762e+01
2.918000e-05	5.087017e-02	1.485249e+01
2.919000e-05	5.478856e-02	1.475920e+01
2.920000e-05	5.949881e-02	1.470399e+01
2.921000e-05	5.792914e-02	1.458878e+01
2.922000e-05	5.987092e-02	1.446364e+01
2.923000e-05	5.999363e-02	1.436770e+01
2.924000e-05	6.287776e-02	1.425304e+01
2.925000e-05	6.058448e-02	1.416609e+01
2.926000e-05	5.915281e-02	1.402877e+01
2.927000e-05	5.802906e-02	1.384936e+01
2.928000e-05	5.636704e-02	1.371610e+01
2.929000e-05	5.499975e-02	1.357915e+01
2.930000e-05	4.928593e-02	1.342136e+01
2.931000e-05	4.807326e-02	1.326644e+01
2.932000e-05	4.350836e-02	1.312567e+01
2.933000e-05	4.137356e-02	1.293815e+01
2.934000e-05	3.737175e-02	1.280023e+01
2.935000e-05	3.628899e-02	1.265335e+01
2.936000e-05	3.467379e-02	1.250486e+01
2.937000e-05	3.171813e-02	1.231441e+01
2.938000e-05	2.846214e-02	1.213506e+01
2.939000e-05	2.563111e-02	1.195604e+01
2.940000e-05	2.407961e-02	1.174697e+01
2.941000e-05	2.125238e-02	1.155554e+01
2.942000e-05	1.936679e-02	1.131547e+01
2.943000e-05	1.825086e-02	1.112541e+01
2.944000e-05	1.701844e-02	1.094594e+01
2.945000e-05	1.629715e-02	1.070351e+01
2.946000e-05	1.374284e-02	1.046191e+01
2.947000e-05	1.252010e-02	1.030386e+01
2.948000e-05	1.162417e-02	1.005223e+01
2.949000e-05	1.025271e-02	9.809248e+00
2.950000e-05	8.661111e-03	9.587119e+00
2.951000e-05	8.235349e-03	9.376494e+00
2.952000e-05	7.657960e-03	9.155515e+00
2.953000e-05	6.421622e-03	8.903361e+00
2.954000e-05	5.792256e-03	8.651776e+00
2.955000e-05	4.567499e-03	8.431603e+00
2.956000e-05	5.598422e-03	8.248947e+00
2.957000e-05	4.088487e-03	7.956414e+00
2.958000e-05	3.119971e-03	7.671281e+00
2.959000e-05	2.568487e-03	7.366592e+00
2.960000e-05	2.373560e-03	7.146917e+00
2.961000e-05	6.648465e-04	6.892731e+00
2.962000e-05	9.036507e-04	6.628022e+00
2.963000e-05	1.295913e-03	6.355890e+00
2.964000e-05	1.372385e-03	6.113829e+00
2.965000e-05	-6.387190e-04	5.809603e+00
2.966000e-05	-1.976767e-03	5.587468e+00
2.967000e-05	-1.315209e-06	5.291703e+00
2.968000e-05	-4.438161e-04	4.966786e+00
2.969000e-05	-1.225160e-03	4.641549e+00
2.970000e-05	-2.753967e-03	4.368522e+00
2.971000e-05	-1.032673e-03	4.133231e+00
2.972000e-05	-1.342227e-03	3.819570e+00
2.973000e-05	-2.697338e-03	3.548372e+00
2.974000e-05	-4.858415e-03	3.241075e+00
2.975000e-05	-1.398896e-03	2.976912e+00
2.976000e-05	-5.454683e-03	2.766759e+00
2.977000e-05	-2.356429e-03	2.397969e+00
2.978000e-05	-6.418310e-03	2.135259e+00
2.979000e-05	-1.711586e-03	1.880028e+00
2.980000e-05	-2.064525e-03	1.567263e+00
2.981000e-05	-1.040598e-03	1.269126e+00
2.982000e-05	-5.728911e-03	9.237566e-01
2.983000e-05	-4.432302e-03	6.280477e-01
2.984000e-05	-5.186104e-03	3.772220e-01
2.985000e-05	-3.180513e-03	2.152632e-02
2.986000e-05	-1.151820e-03	-2.010827e-01
2.987000e-05	5.997844e-03	-4.626917e-01
2.988000e-05	-3.073214e-03	-6.885726e-01
2.989000e-05	1.405712e-03	-1.001659e+00
2.990000e-05	-4.047123e-03	-1.277422e+00
2.991000e-05	-3.496083e-03	-1.569654e+00
2.992000e-05	8.463991e-04	-1.810711e+00
2.993000e-05	3.497932e-02	-2.044764e+00
2.994000e-05	9.201512e-02	-2.340056e+00
2.995000e-05	-6.351819e-02	-2.759549e+00
2.996000e-05	-4.248486e-02	-3.147497e+00
2.997000e-05	-4.450691e-02	-3.411655e+00
2.998000e-05	-7.904998e-03	-3.642184e+00
2.999000e-05	-6.822780e-02	-3.895947e+00
3.000000e-05	9.188800e-02	-4.084215e+00
3.001000e-05	-4.574931e-03	-4.266372e+00
3.002000e-05	-6.479130e-02	-4.592208e+00
3.003000e-05	1.674412e-01	-4.763312e+00
3.004000e-05	-1.696665e-01	-5.130812e+00
3.005000e-05	8.500894e-02	-5.455396e+00
3.006000e-05	-8.019982e-02	-5.728053e+00
3.007000e-05	-1.693950e-02	-6.044266e+00
3.008000e-05	9.308823e-02	-6.224867e+00
3.009000e-05	-1.132560e-01	-6.548709e+00
3.010000e-05	1.152438e-01	-6.811758e+00
3.011000e-05	-6.816175e-02	-7.108050e+00
3.012000e-05	6.971034e-03	-7.401287e+00
3.013000e-05	-6.117940e-03	-7.633791e+00
3.014000e-05	-6.256118e-02	-7.920702e+00
3.015000e-05	9.029810e-02	-8.179704e+00
3.016000e-05	-9.098099e-02	-8.424367e+00
3.017000e-05	7.473588e-02	-8.709050e+00
3.018000e-05	-5.135933e-02	-8.906549e+00
3.019000e-05	-1.896352e-03	-9.170682e+00
3.020000e-05	8.362346e-03	-9.339254e+00
3.021000e-05	-5.075561e-02	-9.612815e+00
3.022000e-05	5.080545e-02	-9.823362e+00
3.023000e-05	-6.129238e-02	-1.005599e+01
3.024000e-05	5.846631e-02	-1.025550e+01
3.025000e-05	-6.499333e-02	-1.053660e+01
3.026000e-05	2.750843e-02	-1.072658e+01
3.027000e-05	-3.819589e-02	-1.090655e+01
3.028000e-05	7.086903e-03	-1.110910e+01
3.029000e-05	-9.982630e-03	-1.130865e+01
3.030000e-05	-1.295886e-02	-1.158833e+01
3.031000e-05	1.018948e-02	-1.175886e+01
3.032000e-05	-2.594141e-02	-1.198031e+01
3.033000e-05	7.343922e-03	-1.215078e+01
3.034000e-05	-3.860885e-02	-1.236858e+01
3.035000e-05	1.160638e-02	-1.250725e+01
3.036000e-05	-2.975357e-02	-1.269662e+01
3.037000e-05	8.494863e-03	-1.286294e+01
3.038000e-05	-2.557763e-02	-1.303136e+01
3.039000e-05	4.244562e-03	-1.317176e+01
3.040000e-05	-1.747213e-02	-1.329673e+01
3.041000e-05	-1.027330e-02	-1.349510e+01
3.042000e-05	-1.900449e-02	-1.361144e+01
3.043000e-05	-1.504839e-02	-1.377988e+01
3.044000e-05	-8.826155e-03	-1.389715e+01
3.045000e-05	-1.679131e-02	-1.401345e+01
3.046000e-05	-8.182179e-03	-1.416035e+01
3.047000e-05	-1.773508e-02	-1.431660e+01
3.048000e-05	-6.971654e-03	-1.445293e+01
3.049000e-05	-2.119731e-02	-1.450765e+01
3.050000e-05	-1.370002e-02	-1.464197e+01
3.051000e-05	-1.961457e-02	-1.472810e+01
3.052000e-05	-1.188844e-02	-1.480189e+01
3.053000e-05	-1.820426e-02	-1.489660e+01
3.054000e-05	-1.675743e-02	-1.495828e+01
3.055000e-05	-1.969703e-02	-1.507454e+01
3.056000e-05	-1.584860e-02	-1.513912e+01
3.057000e-05	-2.080400e-02	-1.518036e+01
3.058000e-05	-1.935838e-02	-1.528444e+01
3.059000e-05	-2.189663e-02	-1.529568e+01
3.060000e-05	-1.839938e-02	-1.537078e+01
3.061000e-05	-2.086880e-02	-1.542028e+01
3.062000e-05	-2.374773e-02	-1.546346e+01
3.063000e-05	-2.209058e-02	-1.546451e+01
3.064000e-05	-2.351329e-02	-1.547810e+01
3.065000e-05	-2.082281e-02	-1.548817e+01
3.066000e-05	-2.647278e-02	-1.555715e+01
3.067000e-05	-2.561517e-02	-1.552678e+01
3.068000e-05	-2.766661e-02	-1.554823e+01
3.069000e-05	-2.786637e-02	-1.552767e+01
3.070000e-05	-3.072317e-02	-1.552820e+01
3.071000e-05	-3.137438e-02	-1.553612e+01
3.072000e-05	-3.158157e-02	-1.554655e+01
3.073000e-05	-3.220403e-02	-1.548447e+01
3.074000e-05	-3.633872e-02	-1.546348e+01
3.075000e-05	-3.876151e-02	-1.546238e+01
3.076000e-05	-3.854693e-02	-1.539973e+01
3.077000e-05	-3.917273e-02	-1.536907e+01
3.078000e-05	-4.363605e-02	-1.524352e+01
3.079000e-05	-4.670230e-02	-1.522080e+01
3.080000e-05	-4.667973e-02	-1.517868e+01
3.081000e-05	-4.648241e-02	-1.508562e+01
3.082000e-05	-5.098203e-02	-1.501146e+01
3.083000e-05	-5.681242e-02	-1.494717e+01
3.084000e-05	-5.826928e-02	-1.486299e+01
3.085000e-05	-5.958180e-02	-1.476870e+01
3.086000e-05	-6.347975e-02	-1.468449e+01
3.087000e-05	-6.791420e-02	-1.460765e+01
3.088000e-05	-6.765866e-02	-1.447604e+01
3.089000e-05	-6.674372e-02	-1.436567e+01
3.090000e-05	-6.726754e-02	-1.426399e+01
3.091000e-05	-6.889087e-02	-1.413607e+01
3.092000e-05	-6.714905e-02	-1.398917e+01
3.093000e-05	-6.395193e-02	-1.383383e+01
3.094000e-05	-6.251693e-02	-1.370554e+01
3.095000e-05	-6.196528e-02	-1.357918e+01
3.096000e-05	-5.838999e-02	-1.346026e+01
3.097000e-05	-5.492914e-02	-1.326549e+01
3.098000e-05	-5.070012e-02	-1.311509e+01
3.099000e-05	-4.947206e-02	-1.296960e+01
3.100000e-05	-4.658975e-02	-1.283925e+01
3.101000e-05	-4.283818e-02	-1.266928e+01
3.102000e-05	-3.981937e-02	-1.248391e+01
3.103000e-05	-3.932191e-02	-1.225496e+01
3.104000e-05	-3.773731e-02	-1.211599e+01
3.105000e-05	-3.421007e-02	-1.187447e+01
3.106000e-05	-3.140135e-02	-1.169404e+01
3.107000e-05	-3.054901e-02	-1.148389e+01
3.108000e-05	-2.893380e-02	-1.125235e+01
3.109000e-05	-2.574683e-02	-1.105333e+01
3.110000e-05	-2.374040e-02	-1.087429e+01
3.111000e-05	-2.387800e-02	-1.066333e+01
3.112000e-05	-2.329361e-02	-1.049226e+01
3.113000e-05	-2.133716e-02	-1.020123e+01
3.114000e-05	-1.907228e-02	-1.000012e+01
3.115000e-05	-1.976269e-02	-9.798673e+00
3.116000e-05	-1.912765e-02	-9.578047e+00
3.117000e-05	-1.736376e-02	-9.336019e+00
3.118000e-05	-1.570020e-02	-9.126312e+00
3.119000e-05	-1.540196e-02	-8.894307e+00
3.120000e-05	-1.542984e-02	-8.631222e+00
3.121000e-05	-1.437590e-02	-8.387074e+00
3.122000e-05	-1.241705e-02	-8.147019e+00
3.123000e-05	-1.251604e-02	-7.942411e+00
3.124000e-05	-1.248222e-02	-7.599099e+00
3.125000e-05	-1.248541e-02	-7.345467e+00
3.126000e-05	-1.036088e-02	-7.064807e+00
3.127000e-05	-1.115245e-02	-6.799649e+00
3.128000e-05	-9.942332e-03	-6.538466e+00
3.129000e-05	-1.061720e-02	-6.336411e+00
3.130000e-05	-9.236036e-03	-6.040249e+00
3.131000e-05	-1.065906e-02	-5.808967e+00
3.132000e-05	-7.990024e-03	-5.466303e+00
3.133000e-05	-9.448379e-03	-5.198898e+00
3.134000e-05	-7.392143e-03	-4.873252e+00
3.135000e-05	-8.890488e-03	-4.568394e+00
3.136000e-05	-7.029735e-03	-4.355865e+00
3.137000e-05	-8.491371e-03	-4.073233e+00
3.138000e-05	-7.172002e-03	-3.826070e+00
3.139000e-05	-8.158424e-03	-3.515762e+00
3.140000e-05	-6.033110e-03	-3.261678e+00
3.141000e-05	-7.623514e-03	-2.946412e+00
3.142000e-05	-6.026883e-03	-2.661652e+00
3.143000e-05	-6.598445e-03	-2.430495e+00
3.144000e-05	-3.921564e-03	-2.054155e+00
3.145000e-05	-5.508920e-03	-1.788042e+00
3.146000e-05	-7.058286e-03	-1.537261e+00
3.147000e-05	-6.524237e-03	-1.179821e+00
3.148000e-05	-5.535400e-03	-9.342580e-01
3.149000e-05	-4.676294e-03	-6.264146e-01
3.150000e-05	-4.705299e-03	-3.657368e-01
3.151000e-05	-1.340653e-03	-6.205377e-02
3.152000e-05	7.739251e-03	2.132118e-01
3.153000e-05	1.789059e-03	5.373433e-01
3.154000e-05	-4.921543e-06	7.583762e-01
3.155000e-05	-1.790418e-03	1.012261e+00
3.156000e-05	4.282415e-04	1.335399e+00
3.157000e-05	1.052972e-03	1.634239e+00
3.158000e-05	2.525753e-03	1.914819e+00
3.159000e-05	2.140595e-02	2.078448e+00
3.160000e-05	7.349965e-02	2.440807e+00
3.161000e-05	1.305827e-02	2.769154e+00
3.162000e-05	-6.674568e-02	3.064368e+00
3.163000e-05	-4.367890e-02	3.348579e+00
3.164000e-05	-7.598068e-03	3.653284e+00
3.165000e-05	-1.145093e-02	3.874765e+00
3.166000e-05	-5.354050e-02	4.033362e+00
3.167000e-05	5.623165e-02	4.357097e+00
3.168000e-05	2.951392e-02	4.663739e+00
3.169000e-05	-8.841686e-03	4.885894e+00
3.170000e-05	9.912558e-02	5.223813e+00
3.171000e-05	-1.190383e-01	5.516474e+00
3.172000e-05	4.505609e-02	5.739527e+00
3.173000e-05	-4.557431e-03	6.044863e+00
3.174000e-05	-5.504508e-04	6.286466e+00
3.175000e-05	1.308977e-02	6.602383e+00
3.176000e-05	-4.126041e-02	6.863920e+00
3.177000e-05	8.197969e-02	7.128154e+00
3.178000e-05	-2.837088e-02	7.390734e+00
3.179000e-05	-5.650660e-03	7.706446e+00
3.180000e-05	-3.453598e-02	7.949705e+00
3.181000e-05	4.077718e-02	8.223365e+00
3.182000e-05	3.166028e-02	8.442814e+00
3.183000e-05	-4.167247e-02	8.674020e+00
3.184000e-05	2.108999e-02	8.896150e+00
3.185000e-05	-2.984826e-04	9.168786e+00
3.186000e-05	2.275148e-02	9.401183e+00
3.187000e-05	-1.611846e-02	9.601838e+00
3.188000e-05	-6.595705e-03	9.852567e+00
3.189000e-05	1.632965e-02	1.011614e+01
3.190000e-05	1.875896e-02	1.027657e+01
3.191000e-05	7.916888e-03	1.050812e+01
3.192000e-05	-2.480901e-02	1.074818e+01
3.193000e-05	1.682098e-02	1.094810e+01
3.194000e-05	1.239480e-02	1.114820e+01
3.195000e-05	9.825917e-03	1.131875e+01
3.196000e-05	-1.432880e-02	1.158885e+01
3.197000e-05	1.273727e-02	1.178183e+01
3.198000e-05	1.813579e-02	1.199026e+01
3.199000e-05	9.051360e-03	1.210128e+01
3.200000e-05	-9.541326e-03	1.236813e+01
3.201000e-05	1.554275e-03	1.254715e+01
3.202000e-05	1.953213e-02	1.271602e+01
3.203000e-05	9.934354e-03	1.283441e+01
3.204000e-05	1.240680e-03	1.305236e+01
3.205000e-05	3.633417e-04	1.318226e+01
3.206000e-05	2.123429e-02	1.333863e+01
3.207000e-05	8.503604e-03	1.344702e+01
3.208000e-05	1.477197e-03	1.363289e+01
3.209000e-05	-2.632481e-03	1.374943e+01
3.210000e-05	1.926106e-02	1.395675e+01
3.211000e-05	1.501318e-02	1.404453e+01
3.212000e-05	5.269229e-03	1.419989e+01
3.213000e-05	2.401728e-03	1.433677e+01
3.214000e-05	1.572708e-02	1.447456e+01
3.215000e-05	1.661235e-02	1.453725e+01
3.216000e-05	3.665473e-03	1.465298e+01
3.217000e-05	5.815639e-03	1.477873e+01
3.218000e-05	1.348609e-02	1.482191e+01
3.219000e-05	2.100913e-02	1.489659e+01
3.220000e-05	8.073266e-03	1.497026e+01
3.221000e-05	7.310778e-03	1.504394e+01
3.222000e-05	1.219828e-02	1.513718e+01
3.223000e-05	2.054211e-02	1.517036e+01
3.224000e-05	1.107590e-02	1.525189e+01
3.225000e-05	7.731059e-03	1.528668e+01
3.226000e-05	1.649609e-02	1.537773e+01
3.227000e-05	2.178427e-02	1.537888e+01
3.228000e-05	1.737518e-02	1.545253e+01
3.229000e-05	8.968386e-03	1.546447e+01
3.230000e-05	1.814175e-02	1.552502e+01
3.231000e-05	2.283866e-02	1.552672e+01
3.232000e-05	2.107327e-02	1.552617e+01
3.233000e-05	1.483515e-02	1.553770e+01
3.234000e-05	1.996245e-02	1.557667e+01
3.235000e-05	2.717406e-02	1.554870e+01
3.236000e-05	2.446589e-02	1.555674e+01
3.237000e-05	2.076406e-02	1.552557e+01
3.238000e-05	2.282781e-02	1.548506e+01
3.239000e-05	3.261163e-02	1.547496e+01
3.240000e-05	3.188675e-02	1.546188e+01
3.241000e-05	2.781926e-02	1.539040e+01
3.242000e-05	3.025888e-02	1.535717e+01
3.243000e-05	3.780795e-02	1.529609e+01
3.244000e-05	3.932242e-02	1.521146e+01
3.245000e-05	3.482820e-02	1.520978e+01
3.246000e-05	3.798466e-02	1.511664e+01
3.247000e-05	4.411206e-02	1.507299e+01
3.248000e-05	4.871470e-02	1.498075e+01
3.249000e-05	4.646269e-02	1.493752e+01
3.250000e-05	4.805199e-02	1.487230e+01
3.251000e-05	5.557903e-02	1.474620e+01
3.252000e-05	6.078537e-02	1.468398e+01
3.253000e-05	5.837729e-02	1.457617e+01
3.254000e-05	5.810864e-02	1.446141e+01
3.255000e-05	6.096182e-02	1.430552e+01
3.256000e-05	6.397056e-02	1.423031e+01
3.257000e-05	5.874390e-02	1.411449e+01
3.258000e-05	5.690084e-02	1.392569e+01
3.259000e-05	5.728828e-02	1.384880e+01
3.260000e-05	5.795905e-02	1.367344e+01
3.261000e-05	5.223955e-02	1.354502e+01
3.262000e-05	4.673083e-02	1.339862e+01
3.263000e-05	4.570640e-02	1.324328e+01
3.264000e-05	4.586599e-02	1.309248e+01
3.265000e-05	4.149623e-02	1.294407e+01
3.266000e-05	3.565439e-02	1.274804e+01
3.267000e-05	3.438017e-02	1.257810e+01
3.268000e-05	3.422643e-02	1.245178e+01
3.269000e-05	3.067340e-02	1.228027e+01
3.270000e-05	2.565363e-02	1.207238e+01
3.271000e-05	2.463115e-02	1.187388e+01
3.272000e-05	2.433560e-02	1.166284e+01
3.273000e-05	2.395412e-02	1.144986e+01
3.274000e-05	1.802348e-02	1.123333e+01
3.275000e-05	1.722126e-02	1.105128e+01
3.276000e-05	1.631030e-02	1.084325e+01
3.277000e-05	1.649836e-02	1.065977e+01
3.278000e-05	1.188434e-02	1.039975e+01
3.279000e-05	1.100671e-02	1.018912e+01
3.280000e-05	1.030909e-02	9.976615e+00
3.281000e-05	1.167593e-02	9.727562e+00
3.282000e-05	8.789998e-03	9.510885e+00
3.283000e-05	6.756192e-03	9.283783e+00
3.284000e-05	7.178552e-03	9.093281e+00
3.285000e-05	7.170672e-03	8.839519e+00
3.286000e-05	5.323208e-03	8.577021e+00
3.287000e-05	3.097298e-03	8.357470e+00
3.288000e-05	3.916253e-03	8.095458e+00
3.289000e-05	4.907133e-03	7.850673e+00
3.290000e-05	3.444394e-03	7.596992e+00
3.291000e-05	1.185111e-03	7.274834e+00
3.292000e-05	1.516227e-03	7.070201e+00
3.293000e-05	2.711408e-03	6.799023e+00
3.294000e-05	2.433762e-03	6.504308e+00
3.295000e-05	-3.265503e-04	6.231725e+00
3.296000e-05	-5.480180e-04	6.031068e+00
3.297000e-05	5.408280e-04	5.735887e+00
3.298000e-05	-8.018831e-05	5.472653e+00
3.299000e-05	-2.617730e-03	5.186465e+00
3.300000e-05	-1.207506e-03	4.829495e+00
3.301000e-05	-4.370560e-04	4.544942e+00
3.302000e-05	-2.492670e-04	4.362153e+00
3.303000e-05	-1.846677e-03	4.018915e+00
3.304000e-05	-3.078818e-03	3.723706e+00
3.305000e-05	-2.526199e-03	3.481980e+00
3.306000e-05	-3.196176e-03	3.176288e+00
3.307000e-05	-3.795409e-03	2.872703e+00
3.308000e-05	-4.526097e-03	2.687415e+00
3.309000e-05	-2.828319e-03	2.313176e+00
3.310000e-05	-3.453769e-03	2.041074e+00
3.311000e-05	-3.500087e-03	1.795311e+00
3.312000e-05	-4.870490e-03	1.419102e+00
3.313000e-05	-4.034935e-03	1.136761e+00
3.314000e-05	-3.617073e-03	7.988773e-01
3.315000e-05	-4.680169e-03	5.362579e-01
3.316000e-05	-3.966000e-03	2.629952e-01
3.317000e-05	-1.729085e-03	-5.123427e-02
3.318000e-05	5.733684e-03	-2.763947e-01
3.319000e-05	-1.238622e-03	-4.999790e-01
3.320000e-05	-1.201161e-03	-8.442643e-01
3.321000e-05	-5.820785e-03	-1.107449e+00
3.322000e-05	2.301920e-04	-1.353214e+00
3.323000e-05	-3.068829e-03	-1.665291e+00
3.324000e-05	1.088443e-02	-1.915850e+00
3.325000e-05	6.075137e-02	-2.119075e+00
3.326000e-05	5.872190e-02	-2.487371e+00
3.327000e-05	-8.608146e-02	-2.878499e+00
3.328000e-05	-3.395982e-02	-3.243291e+00
3.329000e-05	-4.245771e-02	-3.504843e+00
3.330000e-05	-2.185681e-02	-3.697474e+00
3.331000e-05	-5.166141e-02	-3.919603e+00
3.332000e-05	1.383267e-01	-4.087898e+00
3.333000e-05	-1.208288e-01	-4.392761e+00
3.334000e-05	1.083918e-01	-4.726849e+00
3.335000e-05	3.529092e-02	-4.926530e+00
3.336000e-05	-1.262088e-01	-5.307599e+00
3.337000e-05	1.004321e-01	-5.549655e+00
3.338000e-05	-1.555194e-01	-5.864840e+00
3.339000e-05	1.153116e-01	-6.097546e+00
3.340000e-05	-2.930898e-02	-6.380678e+00
3.341000e-05	-2.788619e-02	-6.675945e+00
3.342000e-05	8.661615e-02	-6.897976e+00
3.343000e-05	-1.037091e-01	-7.234365e+00
3.344000e-05	6.328417e-02	-7.465495e+00
3.345000e-05	-8.371104e-02	-7.761681e+00
3.346000e-05	3.303113e-02	-8.023841e+00
3.347000e-05	2.174087e-02	-8.225919e+00
3.348000e-05	-5.564913e-02	-8.539156e+00
3.349000e-05	7.777778e-02	-8.749607e+00
3.350000e-05	-9.837275e-02	-9.014290e+00
3.351000e-05	6.037266e-02	-9.241385e+00
3.352000e-05	-6.476444e-02	-9.473445e+00
3.353000e-05	2.891278e-02	-9.718521e+00
3.354000e-05	-1.302365e-02	-9.896605e+00
3.355000e-05	-1.119194e-02	-1.013973e+01
3.356000e-05	2.470434e-02	-1.036016e+01
3.357000e-05	-5.093763e-02	-1.060081e+01
3.358000e-05	3.130552e-02	-1.081124e+01
3.359000e-05	-5.699613e-02	-1.100184e+01
3.360000e-05	3.370839e-02	-1.124241e+01
3.361000e-05	-4.314217e-02	-1.143394e+01
3.362000e-05	2.201537e-02	-1.165447e+01
3.363000e-05	-2.637187e-02	-1.185499e+01
3.364000e-05	4.253014e-03	-1.204507e+01
3.365000e-05	-1.897424e-02	-1.223181e+01
3.366000e-05	-1.346507e-02	-1.240439e+01
3.367000e-05	-3.956188e-03	-1.260083e+01
3.368000e-05	-1.895940e-02	-1.276225e+01
3.369000e-05	2.003021e-03	-1.291810e+01
3.370000e-05	-2.575611e-02	-1.306597e+01
3.371000e-05	5.755583e-03	-1.326342e+01
3.372000e-05	-2.564007e-02	-1.340935e+01
3.373000e-05	4.342786e-04	-1.356855e+01
3.374000e-05	-2.770313e-02	-1.368607e+01
3.375000e-05	-2.535901e-03	-1.385189e+01
3.376000e-05	-1.814092e-02	-1.393933e+01
3.377000e-05	-8.174477e-03	-1.408662e+01
3.378000e-05	-1.771840e-02	-1.421394e+01
3.379000e-05	-1.210282e-02	-1.434975e+01
3.380000e-05	-1.440269e-02	-1.449302e+01
3.381000e-05	-1.778669e-02	-1.458023e+01
3.382000e-05	-1.540423e-02	-1.468447e+01
3.383000e-05	-1.804884e-02	-1.474971e+01
3.384000e-05	-1.195167e-02	-1.483202e+01
3.385000e-05	-1.738907e-02	-1.493570e+01
3.386000e-05	-1.654897e-02	-1.498348e+01
3.387000e-05	-2.091812e-02	-1.508659e+01
3.388000e-05	-1.705076e-02	-1.516978e+01
3.389000e-05	-2.167646e-02	-1.520383e+01
3.390000e-05	-1.874211e-02	-1.525359e+01
3.391000e-05	-2.242242e-02	-1.533825e+01
3.392000e-05	-1.595965e-02	-1.539170e+01
3.393000e-05	-2.200223e-02	-1.544193e+01
3.394000e-05	-2.144780e-02	-1.545397e+01
3.395000e-05	-2.478108e-02	-1.551549e+01
3.396000e-05	-2.238685e-02	-1.551564e+01
3.397000e-05	-2.290732e-02	-1.550620e+01
3.398000e-05	-2.651989e-02	-1.552867e+01
3.399000e-05	-2.635910e-02	-1.554820e+01
3.400000e-05	-2.839933e-02	-1.553018e+01
3.401000e-05	-2.783108e-02	-1.555925e+01
3.402000e-05	-3.032645e-02	-1.551915e+01
3.403000e-05	-3.145792e-02	-1.549667e+01
3.404000e-05	-3.327347e-02	-1.546557e+01
3.405000e-05	-3.229388e-02	-1.549542e+01
3.406000e-05	-3.844143e-02	-1.544249e+01
3.407000e-05	-3.800604e-02	-1.541083e+01
3.408000e-05	-4.073405e-02	-1.536868e+01
3.409000e-05	-3.943862e-02	-1.530612e+01
3.410000e-05	-4.280530e-02	-1.523299e+01
3.411000e-05	-4.349952e-02	-1.520921e+01
3.412000e-05	-4.778546e-02	-1.511620e+01
3.413000e-05	-4.989578e-02	-1.507304e+01
3.414000e-05	-5.592145e-02	-1.504070e+01
3.415000e-05	-5.703255e-02	-1.488562e+01
3.416000e-05	-5.953885e-02	-1.480181e+01
3.417000e-05	-5.932536e-02	-1.474759e+01
3.418000e-05	-6.325026e-02	-1.463286e+01
3.419000e-05	-6.546398e-02	-1.454717e+01
3.420000e-05	-6.684427e-02	-1.444488e+01
3.421000e-05	-7.008463e-02	-1.434552e+01
3.422000e-05	-6.931353e-02	-1.423130e+01
3.423000e-05	-6.961846e-02	-1.409233e+01
3.424000e-05	-6.499049e-02	-1.393760e+01
3.425000e-05	-6.402336e-02	-1.383030e+01
3.426000e-05	-6.067859e-02	-1.365491e+01
3.427000e-05	-5.898263e-02	-1.353609e+01
3.428000e-05	-5.638749e-02	-1.335867e+01
3.429000e-05	-5.483380e-02	-1.321030e+01
3.430000e-05	-5.183469e-02	-1.309333e+01
3.431000e-05	-4.846799e-02	-1.292644e+01
3.432000e-05	-4.572738e-02	-1.277667e+01
3.433000e-05	-4.181209e-02	-1.255020e+01
3.434000e-05	-4.037562e-02	-1.242078e+01
3.435000e-05	-3.651789e-02	-1.223075e+01
3.436000e-05	-3.553430e-02	-1.208276e+01
3.437000e-05	-3.324400e-02	-1.180183e+01
3.438000e-05	-3.133293e-02	-1.163078e+01
3.439000e-05	-2.993184e-02	-1.141033e+01
3.440000e-05	-2.822724e-02	-1.115867e+01
3.441000e-05	-2.697159e-02	-1.100007e+01
3.442000e-05	-2.471214e-02	-1.080805e+01
3.443000e-05	-2.327752e-02	-1.058922e+01
3.444000e-05	-2.056486e-02	-1.037905e+01
3.445000e-05	-2.117807e-02	-1.017649e+01
3.446000e-05	-1.974328e-02	-9.935844e+00
3.447000e-05	-1.878467e-02	-9.715915e+00
3.448000e-05	-1.826241e-02	-9.503307e+00
3.449000e-05	-1.763946e-02	-9.231703e+00
3.450000e-05	-1.597149e-02	-9.038673e+00
3.451000e-05	-1.498759e-02	-8.798625e+00
3.452000e-05	-1.395057e-02	-8.504939e+00
3.453000e-05	-1.276186e-02	-8.333763e+00
3.454000e-05	-1.251282e-02	-8.082682e+00
3.455000e-05	-1.131197e-02	-7.767944e+00
3.456000e-05	-1.320208e-02	-7.503762e+00
3.457000e-05	-1.242248e-02	-7.233076e+00
3.458000e-05	-1.103690e-02	-6.957045e+00
3.459000e-05	-1.051320e-02	-6.745839e+00
3.460000e-05	-1.035703e-02	-6.481782e+00
3.461000e-05	-9.356403e-03	-6.221048e+00
3.462000e-05	-9.198011e-03	-5.975916e+00
3.463000e-05	-1.077873e-02	-5.653628e+00
3.464000e-05	-7.833775e-03	-5.386416e+00
3.465000e-05	-8.010629e-03	-5.133182e+00
3.466000e-05	-5.977700e-03	-4.726831e+00
3.467000e-05	-9.730524e-03	-4.483730e+00
3.468000e-05	-6.819116e-03	-4.222627e+00
3.469000e-05	-7.852144e-03	-3.997498e+00
3.470000e-05	-6.448380e-03	-3.672180e+00
3.471000e-05	-1.010586e-02	-3.391024e+00
3.472000e-05	-7.022745e-03	-3.163311e+00
3.473000e-05	-6.949926e-03	-2.800495e+00
3.474000e-05	-3.227690e-03	-2.577417e+00
3.475000e-05	-6.808328e-03	-2.321657e+00
3.476000e-05	-5.613102e-03	-1.976470e+00
3.477000e-05	-5.179686e-03	-1.724736e+00
3.478000e-05	-4.353971e-03	-1.379419e+00
3.479000e-05	-7.754097e-03	-1.082129e+00
3.480000e-05	-7.463132e-03	-8.199461e-01
3.481000e-05	-3.722359e-03	-5.036315e-01
3.482000e-05	-1.738928e-03	-2.209724e-01
3.483000e-05	4.014954e-04	3.208540e-02
3.484000e-05	6.685206e-03	3.678976e-01
3.485000e-05	-6.619859e-04	6.006268e-01
3.486000e-05	4.740698e-03	8.437107e-01
3.487000e-05	-3.517558e-03	1.179480e+00
3.488000e-05	-4.724311e-04	1.451733e+00
3.489000e-05	-1.946391e-04	1.780046e+00
3.490000e-05	1.185700e-02	2.000081e+00
3.491000e-05	3.502827e-02	2.193208e+00
3.492000e-05	7.749930e-02	2.518652e+00
3.493000e-05	-4.559309e-02	2.896895e+00
3.494000e-05	-4.769100e-02	3.171157e+00
3.495000e-05	-3.782143e-02	3.445820e+00
3.496000e-05	4.583576e-03	3.695921e+00
3.497000e-05	-4.395872e-02	3.918445e+00
3.498000e-05	-2.580517e-02	4.148649e+00
3.499000e-05	9.499853e-02	4.463838e+00
3.500000e-05	-4.869546e-02	4.697574e+00
3.501000e-05	8.978171e-02	5.009686e+00
3.502000e-05	-8.854240e-03	5.359078e+00
3.503000e-05	-6.825035e-02	5.614810e+00
3.504000e-05	5.481843e-02	5.866949e+00
3.505000e-05	-3.479710e-02	6.157127e+00
3.506000e-05	3.802292e-02	6.413310e+00
3.507000e-05	-3.488087e-02	6.726027e+00
3.508000e-05	1.373429e-02	6.979602e+00
3.509000e-05	5.194154e-02	7.223867e+00
3.510000e-05	-3.547090e-02	7.518076e+00
3.511000e-05	-7.083208e-03	7.781810e+00
3.512000e-05	-2.644474e-02	8.087542e+00
3.513000e-05	6.261837e-02	8.307523e+00
3.514000e-05	-5.173263e-03	8.507526e+00
3.515000e-05	-2.659037e-02	8.808681e+00
3.516000e-05	2.620444e-02	9.010360e+00
3.517000e-05	-9.807594e-03	9.263863e+00
3.518000e-05	3.015292e-02	9.434393e+00
3.519000e-05	-3.405647e-02	9.685643e+00
3.520000e-05	1.728845e-02	9.978128e+00
3.521000e-05	8.674933e-03	1.019073e+01
3.522000e-05	2.412413e-02	1.040921e+01
3.523000e-05	-6.021425e-03	1.061031e+01
3.524000e-05	-1.899244e-02	1.079231e+01
3.525000e-05	2.646061e-02	1.103086e+01
3.526000e-05	1.074789e-03	1.118131e+01
3.527000e-05	1.194316e-02	1.142341e+01
3.528000e-05	-1.782019e-02	1.165399e+01
3.529000e-05	2.770089e-02	1.188502e+01
3.530000e-05	7.799939e-03	1.202394e+01
3.531000e-05	7.325119e-03	1.226251e+01
3.532000e-05	-1.217081e-02	1.240139e+01
3.533000e-05	9.296347e-03	1.257076e+01
3.534000e-05	1.813284e-02	1.274808e+01
3.535000e-05	3.264307e-03	1.291712e+01
3.536000e-05	3.594014e-03	1.309507e+01
3.537000e-05	4.468384e-03	1.319344e+01
3.538000e-05	2.407266e-02	1.340036e+01
3.539000e-05	1.260911e-03	1.350655e+01
3.540000e-05	1.472340e-03	1.368507e+01
3.541000e-05	2.598643e-03	1.379043e+01
3.542000e-05	1.941707e-02	1.399083e+01
3.543000e-05	1.080485e-02	1.411502e+01
3.544000e-05	2.963860e-03	1.429154e+01
3.545000e-05	9.683977e-03	1.438880e+01
3.546000e-05	1.671492e-02	1.449562e+01
3.547000e-05	1.390609e-02	1.457825e+01
3.548000e-05	1.049709e-03	1.470607e+01
3.549000e-05	9.998656e-03	1.476975e+01
3.550000e-05	1.608625e-02	1.482286e+01
3.551000e-05	1.649182e-02	1.489717e+01
3.552000e-05	7.264659e-03	1.503136e+01
3.553000e-05	8.676793e-03	1.506599e+01
3.554000e-05	1.752405e-02	1.516771e+01
3.555000e-05	1.507238e-02	1.520088e+01
3.556000e-05	1.016505e-02	1.528459e+01
3.557000e-05	1.039067e-02	1.534659e+01
3.558000e-05	1.949997e-02	1.537125e+01
3.559000e-05	1.879478e-02	1.542148e+01
3.560000e-05	1.361846e-02	1.547306e+01
3.561000e-05	1.281484e-02	1.549412e+01
3.562000e-05	2.005488e-02	1.548662e+01
3.563000e-05	2.256323e-02	1.552709e+01
3.564000e-05	1.716180e-02	1.551764e+01
3.565000e-05	1.753480e-02	1.552623e+01
3.566000e-05	2.221115e-02	1.555867e+01
3.567000e-05	2.698825e-02	1.552759e+01
3.568000e-05	2.134512e-02	1.554664e+01
3.569000e-05	2.184829e-02	1.554615e+01
3.570000e-05	2.772608e-02	1.548564e+01
3.571000e-05	3.305492e-02	1.546294e+01
3.572000e-05	3.019309e-02	1.541091e+01
3.573000e-05	2.697400e-02	1.538833e+01
3.574000e-05	3.412299e-02	1.534620e+01
3.575000e-05	3.746212e-02	1.527509e+01
3.576000e-05	3.783218e-02	1.522136e+01
3.577000e-05	3.500033e-02	1.517883e+01
3.578000e-05	4.130242e-02	1.509509e+01
3.579000e-05	4.694144e-02	1.506241e+01
3.580000e-05	4.727814e-02	1.499016e+01
3.581000e-05	4.812545e-02	1.486546e+01
3.582000e-05	5.282334e-02	1.479273e+01
3.583000e-05	5.927683e-02	1.471561e+01
3.584000e-05	5.873682e-02	1.463085e+01
3.585000e-05	5.868798e-02	1.454607e+01
3.586000e-05	5.940592e-02	1.440130e+01
3.587000e-05	6.414262e-02	1.429496e+01
3.588000e-05	6.222213e-02	1.415673e+01
3.589000e-05	5.817674e-02	1.401288e+01
3.590000e-05	5.792521e-02	1.388249e+01
3.591000e-05	5.693751e-02	1.375767e+01
3.592000e-05	5.658688e-02	1.363031e+01
3.593000e-05	4.901803e-02	1.348238e+01
3.594000e-05	4.727326e-02	1.332647e+01
3.595000e-05	4.570706e-02	1.316920e+01
3.596000e-05	4.472419e-02	1.301027e+01
3.597000e-05	3.828226e-02	1.284143e+01
3.598000e-05	3.531676e-02	1.268344e+01
3.599000e-05	3.534597e-02	1.251644e+01
3.600000e-05	3.349365e-02	1.235865e+01
3.601000e-05	2.830097e-02	1.215862e+01
3.602000e-05	2.444162e-02	1.200010e+01
3.603000e-05	2.484113e-02	1.176920e+01
3.604000e-05	2.403634e-02	1.154820e+01
3.605000e-05	2.141388e-02	1.138867e+01
3.606000e-05	1.766983e-02	1.110659e+01
3.607000e-05	1.843779e-02	1.097755e+01
3.608000e-05	1.725444e-02	1.075664e+01
3.609000e-05	1.470966e-02	1.053647e+01
3.610000e-05	1.085744e-02	1.033692e+01
3.611000e-05	1.201003e-02	1.009546e+01
3.612000e-05	1.231463e-02	9.862356e+00
3.613000e-05	1.011327e-02	9.629223e+00
3.614000e-05	7.778615e-03	9.427602e+00
3.615000e-05	7.895932e-03	9.210604e+00
3.616000e-05	8.136996e-03	8.955538e+00
3.617000e-05	6.575077e-03	8.714409e+00
3.618000e-05	3.391292e-03	8.493760e+00
3.619000e-05	4.388667e-03	8.290683e+00
3.620000e-05	5.685615e-03	7.999095e+00
3.621000e-05	4.312669e-03	7.736936e+00
3.622000e-05	1.545765e-03	7.482705e+00
3.623000e-05	1.221407e-03	7.198993e+00
3.624000e-05	2.488502e-03	6.936491e+00
3.625000e-05	1.868291e-03	6.695829e+00
3.626000e-05	2.850650e-04	6.409070e+00
3.627000e-05	-4.314859e-04	6.167365e+00
3.628000e-05	1.195181e-03	5.926308e+00
3.629000e-05	3.537807e-04	5.621097e+00
3.630000e-05	-5.630724e-04	5.367391e+00
3.631000e-05	-2.557443e-03	5.048018e+00
3.632000e-05	-3.950326e-04	4.665285e+00
3.633000e-05	-1.068407e-03	4.421152e+00
3.634000e-05	-1.871918e-03	4.148017e+00
3.635000e-05	-2.522478e-03	3.902103e+00
3.636000e-05	-2.153640e-03	3.620496e+00
3.637000e-05	-1.434839e-03	3.345758e+00
3.638000e-05	-3.129398e-03	3.031004e+00
3.639000e-05	-5.239153e-03	2.769920e+00
3.640000e-05	-4.646380e-03	2.443626e+00
3.641000e-05	-2.285578e-03	2.179442e+00
3.642000e-05	-2.701075e-03	1.946287e+00
3.643000e-05	-4.890050e-03	1.611598e+00
3.644000e-05	-5.331849e-03	1.325759e+00
3.645000e-05	-3.252901e-03	1.008490e+00
3.646000e-05	-2.651497e-03	6.946303e-01
3.647000e-05	-5.362186e-03	4.514736e-01
3.648000e-05	-3.438575e-03	1.051380e-01
3.649000e-05	-8.825185e-04	-1.594226e-01
3.650000e-05	8.240268e-03	-4.101078e-01
3.651000e-05	-6.274493e-03	-6.862935e-01
3.652000e-05	-5.009558e-05	-9.479489e-01
3.653000e-05	-6.276795e-03	-1.213659e+00
3.654000e-05	3.723346e-04	-1.578449e+00
3.655000e-05	2.384755e-04	-1.810027e+00
3.656000e-05	2.278224e-02	-1.991606e+00
3.657000e-05	8.784816e-02	-2.254371e+00
3.658000e-05	-1.883078e-02	-2.632242e+00
3.659000e-05	-6.289824e-02	-3.023217e+00
3.660000e-05	-4.215670e-02	-3.368999e+00
3.661000e-05	-2.031043e-02	-3.579102e+00
3.662000e-05	-5.130127e-02	-3.809212e+00
3.663000e-05	3.236100e-02	-4.042157e+00
3.664000e-05	7.577718e-02	-4.212709e+00
3.665000e-05	-1.318458e-01	-4.507979e+00
3.666000e-05	1.908760e-01	-4.769708e+00
3.667000e-05	-1.196965e-01	-5.045945e+00
3.668000e-05	8.301084e-03	-5.412840e+00
3.669000e-05	-2.290223e-03	-5.644370e+00
3.670000e-05	-1.024944e-01	-5.950206e+00
3.671000e-05	1.430356e-01	-6.191211e+00
3.672000e-05	-1.134317e-01	-6.467995e+00
3.673000e-05	7.632775e-02	-6.759624e+00
3.674000e-05	-6.611415e-03	-7.003914e+00
3.675000e-05	-4.910921e-02	-7.319105e+00
3.676000e-05	4.199309e-02	-7.559236e+00
3.677000e-05	-1.037795e-01	-7.875971e+00
3.678000e-05	9.576073e-02	-8.126078e+00
3.679000e-05	-6.344883e-02	-8.379677e+00
3.680000e-05	3.214065e-02	-8.632814e+00
3.681000e-05	3.255333e-03	-8.853416e+00
3.682000e-05	-5.564953e-02	-9.128575e+00
3.683000e-05	5.276477e-02	-9.316996e+00
3.684000e-05	-8.076404e-02	-9.529780e+00
3.685000e-05	6.398035e-02	-9.780757e+00
3.686000e-05	-6.329529e-02	-1.000189e+01
3.687000e-05	4.830624e-02	-1.025441e+01
3.688000e-05	-3.965036e-02	-1.041602e+01
3.689000e-05	-1.727498e-03	-1.068547e+01
3.690000e-05	-9.489649e-03	-1.086489e+01
3.691000e-05	-2.198816e-02	-1.111757e+01
3.692000e-05	1.618796e-02	-1.130755e+01
3.693000e-05	-3.618914e-02	-1.150913e+01
3.694000e-05	2.512184e-02	-1.170668e+01
3.695000e-05	-3.652175e-02	-1.191805e+01
3.696000e-05	1.799274e-02	-1.212805e+01
3.697000e-05	-4.138622e-02	-1.228662e+01
3.698000e-05	9.654499e-03	-1.249457e+01
3.699000e-05	-2.442217e-02	-1.263555e+01
3.700000e-05	2.363608e-03	-1.280394e+01
3.701000e-05	-1.822166e-02	-1.297978e+01
3.702000e-05	-8.877925e-03	-1.313960e+01
3.703000e-05	-7.080832e-03	-1.326507e+01
3.704000e-05	-1.726133e-02	-1.344397e+01
3.705000e-05	-9.236584e-03	-1.358181e+01
3.706000e-05	-2.322573e-02	-1.374020e+01
3.707000e-05	-2.388198e-03	-1.390454e+01
3.708000e-05	-2.014089e-02	-1.400251e+01
3.709000e-05	-6.361973e-03	-1.414923e+01
3.710000e-05	-2.117426e-02	-1.427555e+01
3.711000e-05	-7.621757e-03	-1.440181e+01
3.712000e-05	-1.999897e-02	-1.451610e+01
3.713000e-05	-1.393762e-02	-1.464286e+01
3.714000e-05	-1.888078e-02	-1.471715e+01
3.715000e-05	-1.356929e-02	-1.480134e+01
3.716000e-05	-1.524247e-02	-1.486515e+01
3.717000e-05	-1.635924e-02	-1.496773e+01
3.718000e-05	-1.913844e-02	-1.503149e+01
3.719000e-05	-1.869240e-02	-1.510715e+01
3.720000e-05	-1.905809e-02	-1.516978e+01
3.721000e-05	-1.912715e-02	-1.525349e+01
3.722000e-05	-1.950705e-02	-1.527500e+01
3.723000e-05	-2.154186e-02	-1.530967e+01
3.724000e-05	-1.774348e-02	-1.538036e+01
3.725000e-05	-2.406237e-02	-1.546239e+01
3.726000e-05	-2.199522e-02	-1.547352e+01
3.727000e-05	-2.609040e-02	-1.552604e+01
3.728000e-05	-2.207126e-02	-1.548675e+01
3.729000e-05	-2.254934e-02	-1.550763e+01
3.730000e-05	-2.486555e-02	-1.556862e+01
3.731000e-05	-2.624289e-02	-1.557718e+01
3.732000e-05	-2.884444e-02	-1.554917e+01
3.733000e-05	-2.968926e-02	-1.556812e+01
3.734000e-05	-3.261289e-02	-1.553712e+01
3.735000e-05	-3.337944e-02	-1.550667e+01
3.736000e-05	-3.323033e-02	-1.548662e+01
3.737000e-05	-3.308339e-02	-1.543439e+01
3.738000e-05	-3.422105e-02	-1.544284e+01
3.739000e-05	-3.896483e-02	-1.539978e+01
3.740000e-05	-4.022602e-02	-1.533670e+01
3.741000e-05	-4.354745e-02	-1.530694e+01
3.742000e-05	-4.353920e-02	-1.523338e+01
3.743000e-05	-4.694615e-02	-1.516973e+01
3.744000e-05	-4.790245e-02	-1.509609e+01
3.745000e-05	-5.073120e-02	-1.507138e+01
3.746000e-05	-5.201227e-02	-1.492870e+01
3.747000e-05	-5.746143e-02	-1.486496e+01
3.748000e-05	-6.071635e-02	-1.482020e+01
3.749000e-05	-6.386123e-02	-1.466599e+01
3.750000e-05	-6.354402e-02	-1.465126e+01
3.751000e-05	-6.758475e-02	-1.449597e+01
3.752000e-05	-6.793901e-02	-1.441922e+01
3.753000e-05	-6.894468e-02	-1.430347e+01
3.754000e-05	-6.694365e-02	-1.413715e+01
3.755000e-05	-6.669401e-02	-1.398030e+01
3.756000e-05	-6.647416e-02	-1.388443e+01
3.757000e-05	-6.314239e-02	-1.372913e+01
3.758000e-05	-6.084612e-02	-1.357024e+01
3.759000e-05	-5.675597e-02	-1.345294e+01
3.760000e-05	-5.667870e-02	-1.330554e+01
3.761000e-05	-5.294343e-02	-1.314612e+01
3.762000e-05	-4.960994e-02	-1.299118e+01
3.763000e-05	-4.626436e-02	-1.285433e+01
3.764000e-05	-4.454006e-02	-1.269294e+01
3.765000e-05	-4.126855e-02	-1.250599e+01
3.766000e-05	-3.855691e-02	-1.236655e+01
3.767000e-05	-3.649671e-02	-1.217796e+01
3.768000e-05	-3.538632e-02	-1.196612e+01
3.769000e-05	-3.457103e-02	-1.179815e+01
3.770000e-05	-3.074159e-02	-1.155697e+01
3.771000e-05	-2.811213e-02	-1.133447e+01
3.772000e-05	-2.667191e-02	-1.113494e+01
3.773000e-05	-2.575731e-02	-1.090536e+01
3.774000e-05	-2.332843e-02	-1.072591e+01
3.775000e-05	-2.252105e-02	-1.051444e+01
3.776000e-05	-2.108634e-02	-1.028238e+01
3.777000e-05	-2.150759e-02	-1.004088e+01
3.778000e-05	-1.998690e-02	-9.833628e+00
3.779000e-05	-1.769549e-02	-9.650158e+00
3.780000e-05	-1.709129e-02	-9.438068e+00
3.781000e-05	-1.685865e-02	-9.147995e+00
3.782000e-05	-1.560882e-02	-8.936440e+00
3.783000e-05	-1.388375e-02	-8.684861e+00
3.784000e-05	-1.284408e-02	-8.441701e+00
3.785000e-05	-1.348696e-02	-8.230100e+00
3.786000e-05	-1.421892e-02	-8.027045e+00
3.787000e-05	-1.166548e-02	-7.693833e+00
3.788000e-05	-1.261915e-02	-7.430098e+00
3.789000e-05	-1.177719e-02	-7.187520e+00
3.790000e-05	-1.182334e-02	-6.882759e+00
3.791000e-05	-9.428840e-03	-6.661604e+00
3.792000e-05	-9.993924e-03	-6.390040e+00
3.793000e-05	-8.588392e-03	-6.093211e+00
3.794000e-05	-9.920433e-03	-5.843124e+00
3.795000e-05	-7.525765e-03	-5.549365e+00
3.796000e-05	-8.848602e-03	-5.233779e+00
3.797000e-05	-9.145620e-03	-4.965944e+00
3.798000e-05	-9.944501e-03	-4.631148e+00
3.799000e-05	-6.900254e-03	-4.410022e+00
3.800000e-05	-6.327103e-03	-4.105860e+00
3.801000e-05	-6.267559e-03	-3.893204e+00
3.802000e-05	-7.921460e-03	-3.599369e+00
3.803000e-05	-7.767594e-03	-3.334684e+00
3.804000e-05	-5.910353e-03	-3.028999e+00
3.805000e-05	-6.419184e-03	-2.755258e+00
3.806000e-05	-7.051371e-03	-2.480655e+00
3.807000e-05	-5.651631e-03	-2.184341e+00
3.808000e-05	-3.795814e-03	-1.904655e+00
3.809000e-05	-5.674057e-03	-1.630445e+00
3.810000e-05	-6.112618e-03	-1.244049e+00
3.811000e-05	-6.876799e-03	-9.878695e-01
3.812000e-05	-3.890466e-03	-7.311317e-01
3.813000e-05	-4.164539e-03	-4.093959e-01
3.814000e-05	-3.261768e-03	-1.431870e-01
3.815000e-05	3.510226e-03	1.609738e-01
3.816000e-05	7.077967e-03	4.557395e-01
3.817000e-05	-9.089808e-04	6.658687e-01
3.818000e-05	6.165376e-04	9.306264e-01
3.819000e-05	-2.382163e-03	1.235764e+00
3.820000e-05	2.612133e-03	1.571500e+00
3.821000e-05	6.932399e-05	1.874163e+00
3.822000e-05	1.642341e-02	2.053334e+00
3.823000e-05	5.750030e-02	2.338026e+00
3.824000e-05	4.888653e-02	2.684996e+00
3.825000e-05	-7.120544e-02	3.022678e+00
3.826000e-05	-4.545110e-02	3.314820e+00
3.827000e-05	-2.133969e-02	3.570602e+00
3.828000e-05	2.573650e-03	3.762682e+00
3.829000e-05	-5.809928e-02	4.002184e+00
3.830000e-05	1.858052e-02	4.224892e+00
3.831000e-05	7.439655e-02	4.560053e+00
3.832000e-05	-5.295817e-02	4.842238e+00
3.833000e-05	1.322702e-01	5.108029e+00
3.834000e-05	-1.047030e-01	5.465815e+00
3.835000e-05	9.880766e-03	5.697469e+00
3.836000e-05	2.303363e-02	5.981661e+00
3.837000e-05	-2.466650e-02	6.232811e+00
3.838000e-05	3.619940e-02	6.506050e+00
3.839000e-05	-5.788566e-02	6.823283e+00
3.840000e-05	7.029579e-02	7.025839e+00
3.841000e-05	-2.174282e-03	7.327048e+00
3.842000e-05	-1.568901e-02	7.624362e+00
3.843000e-05	-2.603184e-02	7.896498e+00
3.844000e-05	1.238240e-02	8.148207e+00
3.845000e-05	5.037250e-02	8.391209e+00
3.846000e-05	-3.421480e-02	8.632337e+00
3.847000e-05	3.916397e-03	8.844920e+00
3.848000e-05	1.205072e-02	9.117546e+00
3.849000e-05	7.123805e-03	9.338078e+00
3.850000e-05	5.211595e-03	9.548181e+00
3.851000e-05	-2.336089e-02	9.820829e+00
3.852000e-05	2.149120e-02	1.005144e+01
3.853000e-05	1.333446e-02	1.024444e+01
3.854000e-05	1.696357e-02	1.047339e+01
3.855000e-05	-2.124997e-02	1.069754e+01
3.856000e-05	9.499118e-04	1.087449e+01
3.857000e-05	1.980312e-02	1.106659e+01
3.858000e-05	3.321352e-03	1.131757e+01
3.859000e-05	-2.175203e-03	1.153818e+01
3.860000e-05	-1.349865e-03	1.170765e+01
3.861000e-05	2.634335e-02	1.189713e+01
3.862000e-05	7.077025e-03	1.208657e+01
3.863000e-05	-2.256331e-03	1.230662e+01
3.864000e-05	-4.952164e-03	1.245449e+01
3.865000e-05	1.564098e-02	1.263342e+01
3.866000e-05	1.404557e-02	1.278234e+01
3.867000e-05	9.001137e-04	1.297933e+01
3.868000e-05	2.800885e-03	1.314926e+01
3.869000e-05	1.488605e-02	1.326609e+01
3.870000e-05	1.578734e-02	1.344344e+01
3.871000e-05	1.232430e-03	1.353213e+01
3.872000e-05	-1.686587e-03	1.373730e+01
3.873000e-05	1.224584e-02	1.385759e+01
3.874000e-05	1.582560e-02	1.399244e+01
3.875000e-05	8.431877e-03	1.414725e+01
3.876000e-05	2.170730e-03	1.429712e+01
3.877000e-05	1.438300e-02	1.441288e+01
3.878000e-05	1.587261e-02	1.456567e+01
3.879000e-05	8.263266e-03	1.461441e+01
3.880000e-05	3.494767e-03	1.472662e+01
3.881000e-05	1.148473e-02	1.480329e+01
3.882000e-05	1.969571e-02	1.487547e+01
3.883000e-05	9.698918e-03	1.492818e+01
3.884000e-05	9.022220e-03	1.505251e+01
3.885000e-05	1.003111e-02	1.513767e+01
3.886000e-05	1.966357e-02	1.516836e+01
3.887000e-05	1.133912e-02	1.519296e+01
3.888000e-05	1.025089e-02	1.525465e+01
3.889000e-05	1.368451e-02	1.535775e+01
3.890000e-05	2.069453e-02	1.541185e+01
3.891000e-05	1.834122e-02	1.544149e+01
3.892000e-05	1.132825e-02	1.546501e+01
3.893000e-05	1.655978e-02	1.548557e+01
3.894000e-05	2.012790e-02	1.554717e+01
3.895000e-05	2.175223e-02	1.550663e+01
3.896000e-05	1.595112e-02	1.556617e+01
3.897000e-05	1.896531e-02	1.554720e+01
3.898000e-05	2.440575e-02	1.553670e+01
3.899000e-05	2.493158e-02	1.553515e+01
3.900000e-05	2.183249e-02	1.554565e+01
3.901000e-05	2.347946e-02	1.551722e+01
3.902000e-05	3.120008e-02	1.546454e+01
3.903000e-05	3.141559e-02	1.547447e+01
3.904000e-05	2.972099e-02	1.545143e+01
3.905000e-05	2.851966e-02	1.539882e+01
3.906000e-05	3.670168e-02	1.534712e+01
3.907000e-05	3.731512e-02	1.526351e+01
3.908000e-05	3.678825e-02	1.520033e+01
3.909000e-05	3.803503e-02	1.513715e+01
3.910000e-05	4.403982e-02	1.510407e+01
3.911000e-05	4.735729e-02	1.503088e+01
3.912000e-05	4.665525e-02	1.492712e+01
3.913000e-05	5.005394e-02	1.483386e+01
3.914000e-05	5.444419e-02	1.478928e+01
3.915000e-05	6.018639e-02	1.471244e+01
3.916000e-05	5.770081e-02	1.458868e+01
3.917000e-05	5.941903e-02	1.445304e+01
3.918000e-05	6.019425e-02	1.433775e+01
3.919000e-05	6.417806e-02	1.424080e+01
3.920000e-05	6.004058e-02	1.412857e+01
3.921000e-05	5.938646e-02	1.397762e+01
3.922000e-05	5.813224e-02	1.385246e+01
3.923000e-05	5.783910e-02	1.367657e+01
3.924000e-05	5.402742e-02	1.354807e+01
3.925000e-05	4.890439e-02	1.342078e+01
3.926000e-05	4.606961e-02	1.327436e+01
3.927000e-05	4.504315e-02	1.313301e+01
3.928000e-05	4.166347e-02	1.297660e+01
3.929000e-05	3.879274e-02	1.277067e+01
3.930000e-05	3.525454e-02	1.262923e+01
3.931000e-05	3.480007e-02	1.247233e+01
3.932000e-05	3.065182e-02	1.229244e+01
3.933000e-05	2.871995e-02	1.209549e+01
3.934000e-05	2.476643e-02	1.192486e+01
3.935000e-05	2.492828e-02	1.172489e+01
3.936000e-05	2.161692e-02	1.152199e+01
3.937000e-05	2.039526e-02	1.125386e+01
3.938000e-05	2.051923e-02	1.107338e+01
3.939000e-05	1.698060e-02	1.091384e+01
3.940000e-05	1.396561e-02	1.070181e+01
3.941000e-05	1.219550e-02	1.045288e+01
3.942000e-05	1.559727e-02	1.026230e+01
3.943000e-05	1.183685e-02	1.002215e+01
3.944000e-05	9.167940e-03	9.768118e+00
3.945000e-05	7.875706e-03	9.525916e+00
3.946000e-05	1.061241e-02	9.325963e+00
3.947000e-05	7.632553e-03	9.126408e+00
3.948000e-05	4.550867e-03	8.862756e+00
3.949000e-05	4.429061e-03	8.641626e+00
3.950000e-05	6.735899e-03	8.429575e+00
3.951000e-05	5.849240e-03	8.156461e+00
3.952000e-05	1.611242e-03	7.905307e+00
3.953000e-05	1.929955e-03	7.631748e+00
3.954000e-05	4.120805e-03	7.345969e+00
3.955000e-05	4.026119e-03	7.124288e+00
3.956000e-05	5.703136e-04	6.862174e+00
3.957000e-05	9.318103e-05	6.568491e+00
3.958000e-05	1.071690e-03	6.315808e+00
3.959000e-05	2.488277e-03	6.083727e+00
3.960000e-05	-8.212223e-04	5.779540e+00
3.961000e-05	-1.689105e-03	5.534834e+00
3.962000e-05	-8.512952e-04	5.229624e+00
3.963000e-05	1.161866e-03	4.861682e+00
3.964000e-05	-7.230479e-04	4.608068e+00
3.965000e-05	-2.535551e-03	4.366364e+00
3.966000e-05	-1.926137e-03	4.041579e+00
3.967000e-05	-1.447490e-03	3.766435e+00
3.968000e-05	-2.815623e-03	3.556758e+00
3.969000e-05	-4.671286e-03	3.199497e+00
3.970000e-05	-4.386065e-03	2.936313e+00
3.971000e-05	-2.378605e-03	2.711083e+00
3.972000e-05	-2.876230e-03	2.347417e+00
3.973000e-05	-4.607933e-03	2.103630e+00
3.974000e-05	-4.747626e-03	1.788424e+00
3.975000e-05	-2.705927e-03	1.534707e+00
3.976000e-05	-3.061584e-03	1.201974e+00
3.977000e-05	-4.512011e-03	8.835801e-01
3.978000e-05	-5.328137e-03	5.703160e-01
3.979000e-05	-3.483376e-03	3.256842e-01
3.980000e-05	-1.117578e-03	4.939719e-02
3.981000e-05	2.456516e-03	-2.437094e-01
3.982000e-05	2.705127e-03	-4.952910e-01
3.983000e-05	-2.821275e-03	-8.211040e-01
3.984000e-05	-1.392214e-03	-1.044313e+00
3.985000e-05	-3.889569e-03	-1.307029e+00
3.986000e-05	-3.107452e-03	-1.611705e+00
3.987000e-05	4.584937e-03	-1.852737e+00
3.988000e-05	4.678179e-02	-2.064870e+00
3.989000e-05	8.638467e-02	-2.412210e+00
3.990000e-05	-7.872657e-02	-2.800257e+00
3.991000e-05	-3.776980e-02	-3.160203e+00
3.992000e-05	-4.571790e-02	-3.443263e+00
3.993000e-05	-1.131186e-02	-3.673889e+00
3.994000e-05	-7.028577e-02	-3.908425e+00
3.995000e-05	1.191619e-01	-4.085341e+00
3.996000e-05	-5.159266e-02	-4.267029e+00
3.997000e-05	-4.588659e-03	-4.632860e+00
3.998000e-05	1.328208e-01	-4.865942e+00
3.999000e-05	-1.697465e-01	-5.213840e+00
4.000000e-05	1.056182e-01	-5.526399e+00
4.001000e-05	-1.182309e-01	-5.781133e+00
4.002000e-05	3.596044e-02	-6.065468e+00
4.003000e-05	5.033554e-02	-6.276446e+00
4.004000e-05	-8.987336e-02	-6.592711e+00
4.005000e-05	1.169930e-01	-6.852420e+00
4.006000e-05	-9.042961e-02	-7.130705e+00
4.007000e-05	3.291864e-02	-7.453391e+00
4.008000e-05	-3.614708e-02	-7.667522e+00
4.009000e-05	-2.846436e-02	-8.011312e+00
4.010000e-05	7.198085e-02	-8.190233e+00
4.011000e-05	-9.053940e-02	-8.436447e+00
4.012000e-05	8.548314e-02	-8.738600e+00
4.013000e-05	-7.581882e-02	-8.961632e+00
4.014000e-05	2.798186e-02	-9.181687e+00
4.015000e-05	-2.178633e-02	-9.422915e+00
4.016000e-05	-2.267658e-02	-9.685945e+00
4.017000e-05	3.104710e-02	-9.873869e+00
4.018000e-05	-4.720532e-02	-1.008857e+01
4.019000e-05	5.143547e-02	-1.031815e+01
4.020000e-05	-6.637036e-02	-1.056863e+01
4.021000e-05	3.572278e-02	-1.076911e+01
4.022000e-05	-4.971342e-02	-1.095973e+01
4.023000e-05	2.132437e-02	-1.119023e+01
4.024000e-05	-2.620292e-02	-1.136176e+01
4.025000e-05	1.562931e-03	-1.158096e+01
4.026000e-05	-4.660109e-03	-1.179241e+01
4.027000e-05	-1.498060e-02	-1.202184e+01
4.028000e-05	-1.378836e-03	-1.220976e+01
4.029000e-05	-3.052019e-02	-1.236976e+01
4.030000e-05	8.317927e-03	-1.255775e+01
4.031000e-05	-2.853542e-02	-1.275865e+01
4.032000e-05	7.495881e-03	-1.289705e+01
4.033000e-05	-2.764486e-02	-1.305297e+01
4.034000e-05	6.439798e-03	-1.320131e+01
4.035000e-05	-2.353811e-02	-1.331915e+01
4.036000e-05	-4.768860e-03	-1.349657e+01
4.037000e-05	-2.209792e-02	-1.364349e+01
4.038000e-05	-8.832192e-03	-1.383284e+01
4.039000e-05	-1.223557e-02	-1.391717e+01
4.040000e-05	-1.473634e-02	-1.407404e+01
4.041000e-05	-1.239055e-02	-1.420131e+01
4.042000e-05	-1.553835e-02	-1.433820e+01
4.043000e-05	-9.474481e-03	-1.445339e+01
4.044000e-05	-2.112405e-02	-1.457873e+01
4.045000e-05	-1.387075e-02	-1.466289e+01
4.046000e-05	-1.799014e-02	-1.472920e+01
4.047000e-05	-1.118797e-02	-1.483294e+01
4.048000e-05	-1.892696e-02	-1.489567e+01
4.049000e-05	-1.730235e-02	-1.498233e+01
4.050000e-05	-2.009925e-02	-1.506409e+01
4.051000e-05	-1.536776e-02	-1.517772e+01
4.052000e-05	-2.222186e-02	-1.525081e+01
4.053000e-05	-1.878557e-02	-1.530246e+01
4.054000e-05	-2.099625e-02	-1.536857e+01
4.055000e-05	-1.603731e-02	-1.535926e+01
4.056000e-05	-2.155719e-02	-1.544231e+01
4.057000e-05	-2.349745e-02	-1.548346e+01
4.058000e-05	-2.311809e-02	-1.550754e+01
4.059000e-05	-2.242531e-02	-1.549505e+01
4.060000e-05	-2.225589e-02	-1.550713e+01
4.061000e-05	-2.791476e-02	-1.552573e+01
4.062000e-05	-2.480131e-02	-1.554818e+01
4.063000e-05	-2.672393e-02	-1.550960e+01
4.064000e-05	-2.680375e-02	-1.555767e+01
4.065000e-05	-3.219859e-02	-1.550670e+01
4.066000e-05	-3.207845e-02	-1.554955e+01
4.067000e-05	-3.033514e-02	-1.549605e+01
4.068000e-05	-3.251620e-02	-1.549499e+01
4.069000e-05	-3.737722e-02	-1.543389e+01
4.070000e-05	-3.918907e-02	-1.541234e+01
4.071000e-05	-3.850149e-02	-1.534123e+01
4.072000e-05	-3.897511e-02	-1.534805e+01
4.073000e-05	-4.350109e-02	-1.526396e+01
4.074000e-05	-4.585957e-02	-1.517190e+01
4.075000e-05	-4.538731e-02	-1.516820e+01
4.076000e-05	-4.823375e-02	-1.509444e+01
4.077000e-05	-5.309203e-02	-1.498030e+01
4.078000e-05	-5.682704e-02	-1.490517e+01
4.079000e-05	-5.854601e-02	-1.484384e+01
4.080000e-05	-6.053302e-02	-1.476715e+01
4.081000e-05	-6.358834e-02	-1.467289e+01
4.082000e-05	-6.696057e-02	-1.459875e+01
4.083000e-05	-6.717801e-02	-1.446396e+01
4.084000e-05	-6.687558e-02	-1.435822e+01
4.085000e-05	-6.829483e-02	-1.425138e+01
4.086000e-05	-6.928476e-02	-1.407459e+01
4.087000e-05	-6.681836e-02	-1.398967e+01
4.088000e-05	-6.346862e-02	-1.381236e+01
4.089000e-05	-6.209706e-02	-1.369699e+01
4.090000e-05	-6.140861e-02	-1.356657e+01
4.091000e-05	-5.808478e-02	-1.338975e+01
4.092000e-05	-5.330306e-02	-1.325241e+01
4.093000e-05	-5.147969e-02	-1.311501e+01
4.094000e-05	-5.072245e-02	-1.298608e+01
4.095000e-05	-4.556785e-02	-1.278022e+01
4.096000e-05	-4.099653e-02	-1.262928e+01
4.097000e-05	-4.079113e-02	-1.246193e+01
4.098000e-05	-4.102372e-02	-1.226283e+01
4.099000e-05	-3.732649e-02	-1.211492e+01
4.100000e-05	-3.125065e-02	-1.192394e+01
4.101000e-05	-3.166209e-02	-1.167494e+01
4.102000e-05	-3.169907e-02	-1.146381e+01
4.103000e-05	-2.899003e-02	-1.124135e+01
4.104000e-05	-2.388092e-02	-1.104175e+01
4.105000e-05	-2.445215e-02	-1.080173e+01
4.106000e-05	-2.461833e-02	-1.066176e+01
4.107000e-05	-2.333730e-02	-1.042170e+01
4.108000e-05	-1.913642e-02	-1.019815e+01
4.109000e-05	-1.828024e-02	-9.967570e+00
4.110000e-05	-2.046770e-02	-9.767545e+00
4.111000e-05	-1.971293e-02	-9.524943e+00
4.112000e-05	-1.671806e-02	-9.263811e+00
4.113000e-05	-1.505611e-02	-9.093757e+00
4.114000e-05	-1.505733e-02	-8.872228e+00
4.115000e-05	-1.578703e-02	-8.608648e+00
4.116000e-05	-1.354993e-02	-8.326918e+00
4.117000e-05	-1.180072e-02	-8.085864e+00
4.118000e-05	-1.333735e-02	-7.902234e+00
4.119000e-05	-1.350514e-02	-7.588494e+00
4.120000e-05	-1.199286e-02	-7.315910e+00
4.121000e-05	-8.718968e-03	-7.061753e+00
4.122000e-05	-1.063382e-02	-6.779023e+00
4.123000e-05	-1.065106e-02	-6.546887e+00
4.124000e-05	-1.057912e-02	-6.294833e+00
4.125000e-05	-7.631403e-03	-5.989020e+00
4.126000e-05	-1.078061e-02	-5.765941e+00
4.127000e-05	-9.905223e-03	-5.450703e+00
4.128000e-05	-1.072134e-02	-5.186811e+00
4.129000e-05	-6.346181e-03	-4.840148e+00
4.130000e-05	-7.063878e-03	-4.526339e+00
4.131000e-05	-7.426790e-03	-4.353785e+00
4.132000e-05	-1.014389e-02	-4.042679e+00
4.133000e-05	-5.657599e-03	-3.785889e+00
4.134000e-05	-7.297772e-03	-3.482234e+00
4.135000e-05	-7.061562e-03	-3.202026e+00
4.136000e-05	-9.167187e-03	-2.904233e+00
4.137000e-05	-4.423778e-03	-2.641600e+00
4.138000e-05	-4.622839e-03	-2.367867e+00
4.139000e-05	-4.976424e-03	-2.040551e+00
4.140000e-05	-6.435713e-03	-1.787916e+00
4.141000e-05	-5.841080e-03	-1.514255e+00
4.142000e-05	-5.310955e-03	-1.147287e+00
4.143000e-05	-6.427845e-03	-8.736278e-01
4.144000e-05	-5.851804e-03	-5.762407e-01
4.145000e-05	-3.655084e-03	-3.141278e-01
4.146000e-05	4.411985e-04	9.975010e-03
4.147000e-05	7.195879e-03	2.952145e-01
4.148000e-05	-6.890830e-04	5.479249e-01
4.149000e-05	9.332090e-04	8.005576e-01
4.150000e-05	-1.058334e-03	1.126320e+00
4.151000e-05	7.396294e-04	1.370075e+00
4.152000e-05	-1.375255e-03	1.696341e+00
4.153000e-05	4.472878e-03	1.917946e+00
4.154000e-05	2.668831e-02	2.148975e+00
4.155000e-05	7.880804e-02	2.421812e+00
4.156000e-05	-1.135351e-02	2.822761e+00
4.157000e-05	-6.007663e-02	3.106920e+00
4.158000e-05	-4.155828e-02	3.380679e+00
4.159000e-05	-2.508857e-04	3.664318e+00
4.160000e-05	-2.468878e-02	3.875416e+00
4.161000e-05	-4.746624e-02	4.095395e+00
4.162000e-05	7.468994e-02	4.370581e+00
4.163000e-05	-2.143442e-04	4.685465e+00
4.164000e-05	2.728369e-02	4.895503e+00
4.165000e-05	6.289296e-02	5.285970e+00
4.166000e-05	-1.082733e-01	5.568005e+00
4.167000e-05	5.695133e-02	5.802263e+00
4.168000e-05	-1.780994e-02	6.116392e+00
4.169000e-05	1.472048e-02	6.316098e+00
4.170000e-05	-5.612405e-03	6.632317e+00
4.171000e-05	-2.319644e-02	6.916496e+00
4.172000e-05	7.762846e-02	7.157631e+00
4.173000e-05	-3.617463e-02	7.423967e+00
4.174000e-05	-5.089363e-03	7.749149e+00
4.175000e-05	-3.413990e-02	8.012761e+00
4.176000e-05	5.410999e-02	8.283339e+00
4.177000e-05	1.791229e-02	8.494994e+00
4.178000e-05	-4.097376e-02	8.716048e+00
4.179000e-05	2.704191e-02	8.949178e+00
4.180000e-05	-5.419713e-03	9.180283e+00
4.181000e-05	2.823528e-02	9.389837e+00
4.182000e-05	-2.662539e-02	9.613539e+00
4.183000e-05	4.727295e-03	9.874468e+00
4.184000e-05	1.445301e-02	1.012760e+01
4.185000e-05	2.090161e-02	1.035755e+01
4.186000e-05	1.905927e-03	1.053828e+01
4.187000e-05	-2.411842e-02	1.074868e+01
4.188000e-05	2.329011e-02	1.096030e+01
4.189000e-05	5.848221e-03	1.116778e+01
4.190000e-05	1.074478e-02	1.135973e+01
4.191000e-05	-1.787277e-02	1.161088e+01
4.192000e-05	2.226832e-02	1.180236e+01
4.193000e-05	1.462826e-02	1.200131e+01
4.194000e-05	8.243115e-03	1.215141e+01
4.195000e-05	-1.126963e-02	1.241978e+01
4.196000e-05	5.977492e-03	1.256968e+01
4.197000e-05	1.988354e-02	1.270805e+01
4.198000e-05	4.492251e-03	1.286542e+01
4.199000e-05	1.264339e-03	1.306448e+01
4.200000e-05	3.318262e-03	1.320183e+01
4.201000e-05	2.504672e-02	1.337030e+01
4.202000e-05	3.826738e-03	1.347599e+01
4.203000e-05	1.560250e-03	1.361299e+01
4.204000e-05	-2.831172e-04	1.381038e+01
4.205000e-05	1.987018e-02	1.392730e+01
4.206000e-05	1.113253e-02	1.405552e+01
4.207000e-05	3.603903e-03	1.423149e+01
4.208000e-05	6.844782e-03	1.436735e+01
4.209000e-05	1.621253e-02	1.449357e+01
4.210000e-05	1.402980e-02	1.461880e+01
4.211000e-05	1.677884e-03	1.468399e+01
4.212000e-05	8.201519e-03	1.476028e+01
4.213000e-05	1.583548e-02	1.483286e+01
4.214000e-05	1.837207e-02	1.490557e+01
4.215000e-05	6.549041e-03	1.495988e+01
4.216000e-05	8.184424e-03	1.506594e+01
4.217000e-05	1.632909e-02	1.511515e+01
4.218000e-05	1.809474e-02	1.517985e+01
4.219000e-05	9.094448e-03	1.528199e+01
4.220000e-05	8.326950e-03	1.532560e+01
4.221000e-05	1.883316e-02	1.537775e+01
4.222000e-05	2.039457e-02	1.540093e+01
4.223000e-05	1.553103e-02	1.548296e+01
4.224000e-05	9.791036e-03	1.545456e+01
4.225000e-05	2.023888e-02	1.551409e+01
4.226000e-05	2.243858e-02	1.550524e+01
4.227000e-05	1.885565e-02	1.552768e+01
4.228000e-05	1.458660e-02	1.552867e+01
4.229000e-05	2.144705e-02	1.552918e+01
4.230000e-05	2.751869e-02	1.552020e+01
4.231000e-05	2.279621e-02	1.551717e+01
4.232000e-05	2.087413e-02	1.554762e+01
4.233000e-05	2.532808e-02	1.552506e+01
4.234000e-05	3.272402e-02	1.548444e+01
4.235000e-05	3.066834e-02	1.543291e+01
4.236000e-05	2.779041e-02	1.539890e+01
4.237000e-05	3.243811e-02	1.534620e+01
4.238000e-05	3.748499e-02	1.534412e+01
4.239000e-05	3.741330e-02	1.525294e+01
4.240000e-05	3.433284e-02	1.518728e+01
4.241000e-05	4.013680e-02	1.514667e+01
4.242000e-05	4.661866e-02	1.504348e+01
4.243000e-05	4.767404e-02	1.497918e+01
4.244000e-05	4.661289e-02	1.488502e+01
4.245000e-05	5.121366e-02	1.482188e+01
4.246000e-05	5.738875e-02	1.472715e+01
4.247000e-05	5.948660e-02	1.463296e+01
4.248000e-05	5.828768e-02	1.452615e+01
4.249000e-05	5.850169e-02	1.444138e+01
4.250000e-05	6.487901e-02	1.433601e+01
4.251000e-05	6.144246e-02	1.423028e+01
4.252000e-05	5.901607e-02	1.408488e+01
4.253000e-05	5.709813e-02	1.395559e+01
4.254000e-05	5.824568e-02	1.381880e+01
4.255000e-05	5.856316e-02	1.365388e+01
4.256000e-05	5.123636e-02	1.351548e+01
4.257000e-05	4.944181e-02	1.334562e+01
4.258000e-05	4.565929e-02	1.320223e+01
4.259000e-05	4.451414e-02	1.306190e+01
4.260000e-05	3.661557e-02	1.285441e+01
4.261000e-05	3.706899e-02	1.273594e+01
4.262000e-05	3.543596e-02	1.256810e+01
4.263000e-05	3.637005e-02	1.238967e+01
4.264000e-05	3.070415e-02	1.223875e+01
4.265000e-05	2.676697e-02	1.204968e+01
4.266000e-05	2.421595e-02	1.183230e+01
4.267000e-05	2.250595e-02	1.164170e+01
4.268000e-05	1.940150e-02	1.143028e+01
4.269000e-05	1.755661e-02	1.123920e+01
4.270000e-05	1.840692e-02	1.100918e+01
4.271000e-05	1.907931e-02	1.080913e+01
4.272000e-05	1.720506e-02	1.056920e+01
4.273000e-05	1.332421e-02	1.037652e+01
4.274000e-05	1.212829e-02	1.011745e+01
4.275000e-05	1.031018e-02	9.925462e+00
4.276000e-05	9.342812e-03	9.683336e+00
4.277000e-05	6.632999e-03	9.451757e+00
4.278000e-05	8.061778e-03	9.252152e+00
4.279000e-05	8.505150e-03	9.009078e+00
4.280000e-05	7.647308e-03	8.786968e+00
4.281000e-05	5.044212e-03	8.524892e+00
4.282000e-05	4.860483e-03	8.313787e+00
4.283000e-05	3.872467e-03	8.062649e+00
4.284000e-05	3.328907e-03	7.808471e+00
4.285000e-05	2.415791e-03	7.574887e+00
4.286000e-05	1.366432e-03	7.260677e+00
4.287000e-05	2.039564e-03	6.998546e+00
4.288000e-05	2.533569e-03	6.766412e+00
4.289000e-05	1.156206e-03	6.492153e+00
4.290000e-05	2.137088e-04	6.237549e+00
4.291000e-05	5.823900e-04	5.977369e+00
4.292000e-05	3.581417e-04	5.673307e+00
4.293000e-05	-1.623575e-03	5.421576e+00
4.294000e-05	-2.302739e-03	5.092627e+00
4.295000e-05	-1.530558e-03	4.746891e+00
4.296000e-05	-9.312406e-04	4.484282e+00
4.297000e-05	-1.804169e-03	4.260073e+00
4.298000e-05	-2.831169e-03	3.936838e+00
4.299000e-05	-2.291809e-03	3.672629e+00
4.300000e-05	-2.159980e-03	3.416863e+00
4.301000e-05	-3.440856e-03	3.112705e+00
4.302000e-05	-4.614287e-03	2.832578e+00
4.303000e-05	-3.161899e-03	2.535864e+00
4.304000e-05	-2.713831e-03	2.252099e+00
4.305000e-05	-2.945619e-03	1.979944e+00
4.306000e-05	-3.823961e-03	1.694278e+00
4.307000e-05	-4.500257e-03	1.408917e+00
4.308000e-05	-4.345585e-03	1.103604e+00
4.309000e-05	-4.588170e-03	7.553871e-01
4.310000e-05	-4.723192e-03	5.126290e-01
4.311000e-05	-3.889701e-03	1.983894e-01
4.312000e-05	-1.137582e-03	-8.429348e-02
4.313000e-05	8.126985e-03	-3.278498e-01
4.314000e-05	-3.144336e-03	-6.031844e-01
4.315000e-05	5.463941e-04	-9.063195e-01
4.316000e-05	-6.767431e-03	-1.158026e+00
4.317000e-05	2.312196e-04	-1.443762e+00
4.318000e-05	-3.567732e-03	-1.697346e+00
4.319000e-05	1.471660e-02	-1.928450e+00
4.320000e-05	7.076861e-02	-2.151084e+00
4.321000e-05	3.231581e-02	-2.530529e+00
4.322000e-05	-7.982560e-02	-2.930107e+00
4.323000e-05	-3.335957e-02	-3.256367e+00
4.324000e-05	-3.434518e-02	-3.507374e+00
4.325000e-05	-3.174609e-02	-3.740552e+00
4.326000e-05	-2.645729e-02	-3.999607e+00
4.327000e-05	1.270019e-01	-4.149028e+00
4.328000e-05	-1.410270e-01	-4.444366e+00
4.329000e-05	1.549438e-01	-4.707924e+00
4.330000e-05	-2.718596e-02	-4.982734e+00
4.331000e-05	-8.149178e-02	-5.380654e+00
4.332000e-05	7.318391e-02	-5.601759e+00
4.333000e-05	-1.505189e-01	-5.877499e+00
4.334000e-05	1.415317e-01	-6.159704e+00
4.335000e-05	-6.942817e-02	-6.395312e+00
4.336000e-05	1.292775e-02	-6.737476e+00
4.337000e-05	5.628150e-02	-6.961652e+00
4.338000e-05	-9.089726e-02	-7.255498e+00
4.339000e-05	6.429128e-02	-7.528150e+00
4.340000e-05	-1.015404e-01	-7.803860e+00
4.341000e-05	6.386023e-02	-8.105970e+00
4.342000e-05	-1.066298e-02	-8.267494e+00
4.343000e-05	-2.574206e-02	-8.580183e+00
4.344000e-05	5.506150e-02	-8.781862e+00
4.345000e-05	-9.118800e-02	-9.004946e+00
4.346000e-05	6.766597e-02	-9.253970e+00
4.347000e-05	-7.909766e-02	-9.487596e+00
4.348000e-05	4.885383e-02	-9.768678e+00
4.349000e-05	-3.671406e-02	-9.938682e+00
4.350000e-05	1.320906e-02	-1.017176e+01
4.351000e-05	1.096464e-03	-1.039181e+01
4.352000e-05	-3.564732e-02	-1.063437e+01
4.353000e-05	1.909177e-02	-1.077179e+01
4.354000e-05	-4.830423e-02	-1.102552e+01
4.355000e-05	3.286726e-02	-1.124442e+01
4.356000e-05	-4.527588e-02	-1.146400e+01
4.357000e-05	2.681012e-02	-1.164614e+01
4.358000e-05	-3.405624e-02	-1.191654e+01
4.359000e-05	1.314135e-02	-1.212807e+01
4.360000e-05	-3.076089e-02	-1.227549e+01
4.361000e-05	-4.877611e-03	-1.242347e+01
4.362000e-05	-1.219575e-02	-1.264196e+01
4.363000e-05	-1.064714e-02	-1.277078e+01
4.364000e-05	-4.607112e-03	-1.295863e+01
4.365000e-05	-2.096917e-02	-1.308603e+01
4.366000e-05	3.379610e-03	-1.325507e+01
4.367000e-05	-2.368716e-02	-1.342238e+01
4.368000e-05	-2.039904e-03	-1.355980e+01
4.369000e-05	-2.865910e-02	-1.376855e+01
4.370000e-05	-1.225583e-03	-1.381499e+01
4.371000e-05	-1.991846e-02	-1.396033e+01
4.372000e-05	-6.605122e-03	-1.413618e+01
4.373000e-05	-1.991533e-02	-1.425449e+01
4.374000e-05	-1.072402e-02	-1.437125e+01
4.375000e-05	-1.590329e-02	-1.446657e+01
4.376000e-05	-1.603662e-02	-1.461088e+01
4.377000e-05	-1.670177e-02	-1.469402e+01
4.378000e-05	-1.637581e-02	-1.477921e+01
4.379000e-05	-1.381273e-02	-1.485347e+01
4.380000e-05	-1.742068e-02	-1.492775e+01
4.381000e-05	-1.819811e-02	-1.502091e+01
4.382000e-05	-1.974100e-02	-1.514715e+01
4.383000e-05	-1.743760e-02	-1.516980e+01
4.384000e-05	-1.979358e-02	-1.519136e+01
4.385000e-05	-1.870519e-02	-1.530402e+01
4.386000e-05	-2.133832e-02	-1.531820e+01
4.387000e-05	-1.763295e-02	-1.539281e+01
4.388000e-05	-2.379939e-02	-1.541093e+01
4.389000e-05	-2.093527e-02	-1.545499e+01
4.390000e-05	-2.471323e-02	-1.551510e+01
4.391000e-05	-2.193396e-02	-1.552610e+01
4.392000e-05	-2.452764e-02	-1.552722e+01
4.393000e-05	-2.597935e-02	-1.553825e+01
4.394000e-05	-2.587821e-02	-1.554815e+01
4.395000e-05	-2.855514e-02	-1.554867e+01
4.396000e-05	-2.761302e-02	-1.554918e+01
4.397000e-05	-3.074749e-02	-1.554708e+01
4.398000e-05	-3.096753e-02	-1.552665e+01
4.399000e-05	-3.281360e-02	-1.549752e+01
4.400000e-05	-3.459117e-02	-1.547639e+01
4.401000e-05	-3.674772e-02	-1.544288e+01
4.402000e-05	-3.764746e-02	-1.539126e+01
4.403000e-05	-4.002501e-02	-1.536771e+01
4.404000e-05	-4.063475e-02	-1.531699e+01
4.405000e-05	-4.338966e-02	-1.524396e+01
4.406000e-05	-4.494115e-02	-1.520083e+01
4.407000e-05	-4.881864e-02	-1.514567e+01
4.408000e-05	-5.013870e-02	-1.509396e+01
4.409000e-05	-5.448146e-02	-1.500878e+01
4.410000e-05	-5.783922e-02	-1.489459e+01
4.411000e-05	-6.003271e-02	-1.482186e+01
4.412000e-05	-6.185079e-02	-1.470752e+01
4.413000e-05	-6.372279e-02	-1.461328e+01
4.414000e-05	-6.666958e-02	-1.453707e+01
4.415000e-05	-6.823727e-02	-1.445331e+01
4.416000e-05	-6.776423e-02	-1.430557e+01
4.417000e-05	-6.761220e-02	-1.420820e+01
4.418000e-05	-6.781789e-02	-1.407243e+01
4.419000e-05	-6.688043e-02	-1.388399e+01
4.420000e-05	-6.381879e-02	-1.378915e+01
4.421000e-05	-6.127826e-02	-1.363278e+01
4.422000e-05	-5.956283e-02	-1.351344e+01
4.423000e-05	-5.728582e-02	-1.332710e+01
4.424000e-05	-5.349596e-02	-1.321065e+01
4.425000e-05	-4.919203e-02	-1.301276e+01
4.426000e-05	-4.668647e-02	-1.290649e+01
4.427000e-05	-4.492124e-02	-1.270614e+01
4.428000e-05	-4.295517e-02	-1.253915e+01
4.429000e-05	-4.027554e-02	-1.239070e+01
4.430000e-05	-3.831501e-02	-1.219073e+01
4.431000e-05	-3.566669e-02	-1.205330e+01
4.432000e-05	-3.310540e-02	-1.181980e+01
4.433000e-05	-3.099997e-02	-1.159065e+01
4.434000e-05	-2.868863e-02	-1.140972e+01
4.435000e-05	-2.765561e-02	-1.114804e+01
4.436000e-05	-2.597769e-02	-1.095797e+01
4.437000e-05	-2.546507e-02	-1.077757e+01
4.438000e-05	-2.285908e-02	-1.056799e+01
4.439000e-05	-2.210242e-02	-1.036647e+01
4.440000e-05	-2.081516e-02	-1.010544e+01
4.441000e-05	-2.013901e-02	-9.854333e+00
4.442000e-05	-1.811229e-02	-9.674259e+00
4.443000e-05	-1.764361e-02	-9.452155e+00
4.444000e-05	-1.693047e-02	-9.222201e+00
4.445000e-05	-1.640133e-02	-9.000548e+00
4.446000e-05	-1.376674e-02	-8.767990e+00
4.447000e-05	-1.432286e-02	-8.535385e+00
4.448000e-05	-1.315728e-02	-8.263705e+00
4.449000e-05	-1.383596e-02	-8.031675e+00
4.450000e-05	-1.228596e-02	-7.748422e+00
4.451000e-05	-1.164034e-02	-7.482205e+00
4.452000e-05	-1.066435e-02	-7.270602e+00
4.453000e-05	-1.211031e-02	-6.975910e+00
4.454000e-05	-1.108341e-02	-6.685208e+00
4.455000e-05	-9.025757e-03	-6.491179e+00
4.456000e-05	-8.257515e-03	-6.157464e+00
4.457000e-05	-1.028907e-02	-5.925286e+00
4.458000e-05	-9.691175e-03	-5.631150e+00
4.459000e-05	-7.672344e-03	-5.306215e+00
4.460000e-05	-8.128265e-03	-5.043100e+00
4.461000e-05	-7.536579e-03	-4.664759e+00
4.462000e-05	-8.506267e-03	-4.431176e+00
4.463000e-05	-6.349982e-03	-4.239601e+00
4.464000e-05	-6.884057e-03	-3.934966e+00
4.465000e-05	-7.718060e-03	-3.630504e+00
4.466000e-05	-1.027849e-02	-3.387969e+00
4.467000e-05	-5.995104e-03	-3.091660e+00
4.468000e-05	-6.387870e-03	-2.788471e+00
4.469000e-05	-4.983301e-03	-2.554761e+00
4.470000e-05	-6.672810e-03	-2.291471e+00
4.471000e-05	-4.628124e-03	-1.947314e+00
4.472000e-05	-5.160113e-03	-1.673680e+00
4.473000e-05	-6.014091e-03	-1.347262e+00
4.474000e-05	-8.280576e-03	-1.040547e+00
4.475000e-05	-4.947087e-03	-7.663697e-01
4.476000e-05	-3.280178e-03	-4.415527e-01
4.477000e-05	-2.490433e-03	-2.178896e-01
4.478000e-05	8.978181e-04	6.679085e-02
4.479000e-05	7.849756e-03	4.005263e-01
4.480000e-05	-2.108921e-03	6.222606e-01
4.481000e-05	1.772457e-03	8.553645e-01
4.482000e-05	-3.903462e-03	1.201132e+00
4.483000e-05	2.082501e-03	1.506368e+00
4.484000e-05	1.279241e-03	1.800179e+00
4.485000e-05	1.321648e-02	2.021105e+00
4.486000e-05	4.239570e-02	2.254837e+00
4.487000e-05	7.096768e-02	2.571191e+00
4.488000e-05	-5.959271e-02	2.939574e+00
4.489000e-05	-4.621940e-02	3.211134e+00
4.490000e-05	-3.430526e-02	3.536895e+00
4.491000e-05	6.673912e-03	3.758574e+00
4.492000e-05	-5.184365e-02	3.958999e+00
4.493000e-05	-1.180096e-02	4.202184e+00
4.494000e-05	9.377914e-02	4.526547e+00
4.495000e-05	-6.024182e-02	4.769604e+00
4.496000e-05	1.175631e-01	5.043941e+00
4.497000e-05	-5.199856e-02	5.360186e+00
4.498000e-05	-4.057116e-02	5.612362e+00
4.499000e-05	4.662308e-02	5.927554e+00
4.500000e-05	-3.555672e-02	6.158707e+00
4.501000e-05	4.178154e-02	6.403814e+00
4.502000e-05	-4.949710e-02	6.769599e+00
4.503000e-05	3.826382e-02	7.001781e+00
4.504000e-05	3.375961e-02	7.264440e+00
4.505000e-05	-3.042623e-02	7.568228e+00
4.506000e-05	-1.465519e-02	7.853866e+00
4.507000e-05	-1.335724e-02	8.087574e+00
4.508000e-05	6.277934e-02	8.348602e+00
4.509000e-05	-1.818785e-02	8.550681e+00
4.510000e-05	-1.674190e-02	8.801336e+00
4.511000e-05	2.339501e-02	9.043961e+00
4.512000e-05	-6.034124e-03	9.285018e+00
4.513000e-05	2.391919e-02	9.486070e+00
4.514000e-05	-3.339659e-02	9.750652e+00
4.515000e-05	2.288614e-02	9.980184e+00
4.516000e-05	9.657016e-03	1.019226e+01
4.517000e-05	2.294649e-02	1.040136e+01
4.518000e-05	-1.385701e-02	1.065151e+01
4.519000e-05	-1.233382e-02	1.082444e+01
4.520000e-05	2.602080e-02	1.101344e+01
4.521000e-05	2.440226e-04	1.121346e+01
4.522000e-05	8.749040e-03	1.147509e+01
4.523000e-05	-1.395773e-02	1.170502e+01
4.524000e-05	2.982955e-02	1.189652e+01
4.525000e-05	5.978242e-03	1.206297e+01
4.526000e-05	4.197481e-03	1.224300e+01
4.527000e-05	-9.651141e-03	1.241347e+01
4.528000e-05	1.263461e-02	1.260336e+01
4.529000e-05	1.750527e-02	1.276981e+01
4.530000e-05	1.098230e-03	1.293660e+01
4.531000e-05	3.345765e-03	1.309862e+01
4.532000e-05	8.486024e-03	1.326452e+01
4.533000e-05	2.182826e-02	1.339086e+01
4.534000e-05	-3.831121e-04	1.355778e+01
4.535000e-05	3.436851e-04	1.367667e+01
4.536000e-05	6.886451e-03	1.384544e+01
4.537000e-05	1.892605e-02	1.396938e+01
4.538000e-05	9.430610e-03	1.410813e+01
4.539000e-05	1.305453e-03	1.428452e+01
4.540000e-05	1.197855e-02	1.439140e+01
4.541000e-05	1.585374e-02	1.450705e+01
4.542000e-05	1.115959e-02	1.460286e+01
4.543000e-05	1.011347e-03	1.469752e+01
4.544000e-05	1.142542e-02	1.477181e+01
4.545000e-05	1.751419e-02	1.487551e+01
4.546000e-05	1.397974e-02	1.490920e+01
4.547000e-05	6.861142e-03	1.503086e+01
4.548000e-05	9.402444e-03	1.509455e+01
4.549000e-05	1.925252e-02	1.513868e+01
4.550000e-05	1.328594e-02	1.521151e+01
4.551000e-05	9.333223e-03	1.530455e+01
4.552000e-05	1.114621e-02	1.533875e+01
4.553000e-05	2.044665e-02	1.536933e+01
4.554000e-05	1.849679e-02	1.542198e+01
4.555000e-05	1.263895e-02	1.547351e+01
4.556000e-05	1.406485e-02	1.550514e+01
4.557000e-05	2.016198e-02	1.551669e+01
4.558000e-05	2.257766e-02	1.552665e+01
4.559000e-05	1.558506e-02	1.554625e+01
4.560000e-05	1.806173e-02	1.555725e+01
4.561000e-05	2.245545e-02	1.556823e+01
4.562000e-05	2.642483e-02	1.552770e+01
4.563000e-05	2.134494e-02	1.553562e+01
4.564000e-05	2.245581e-02	1.553665e+01
4.565000e-05	2.919700e-02	1.550362e+01
4.566000e-05	3.245834e-02	1.549051e+01
4.567000e-05	3.010737e-02	1.543140e+01
4.568000e-05	2.792703e-02	1.538773e+01
4.569000e-05	3.554411e-02	1.531915e+01
4.570000e-05	3.723662e-02	1.523459e+01
4.571000e-05	3.695895e-02	1.523144e+01
4.572000e-05	3.673678e-02	1.519885e+01
4.573000e-05	4.294177e-02	1.511462e+01
4.574000e-05	4.770235e-02	1.505233e+01
4.575000e-05	4.740705e-02	1.497918e+01
4.576000e-05	4.751510e-02	1.490492e+01
4.577000e-05	5.252499e-02	1.477925e+01
4.578000e-05	5.953107e-02	1.470307e+01
4.579000e-05	5.898820e-02	1.458875e+01
4.580000e-05	5.771456e-02	1.452451e+01
4.581000e-05	5.973070e-02	1.438728e+01
4.582000e-05	6.394983e-02	1.427491e+01
4.583000e-05	6.168121e-02	1.416765e+01
4.584000e-05	5.834119e-02	1.402188e+01
4.585000e-05	5.841257e-02	1.388156e+01
4.586000e-05	5.782521e-02	1.373409e+01
4.587000e-05	5.526800e-02	1.359973e+01
4.588000e-05	4.845382e-02	1.345323e+01
4.589000e-05	4.768326e-02	1.332646e+01
4.590000e-05	4.587927e-02	1.312667e+01
4.591000e-05	4.326906e-02	1.298818e+01
4.592000e-05	3.750104e-02	1.284123e+01
4.593000e-05	3.625908e-02	1.266233e+01
4.594000e-05	3.540488e-02	1.250391e+01
4.595000e-05	3.170158e-02	1.232709e+01
4.596000e-05	2.768350e-02	1.210550e+01
4.597000e-05	2.504562e-02	1.196609e+01
4.598000e-05	2.588927e-02	1.178605e+01
4.599000e-05	2.248526e-02	1.156557e+01
4.600000e-05	2.041303e-02	1.132757e+01
4.601000e-05	1.748258e-02	1.111501e+01
4.602000e-05	1.806536e-02	1.091544e+01
4.603000e-05	1.667245e-02	1.073659e+01
4.604000e-05	1.331096e-02	1.048351e+01
4.605000e-05	1.228969e-02	1.027241e+01
4.606000e-05	1.310319e-02	1.006281e+01
4.607000e-05	1.180219e-02	9.830706e+00
4.608000e-05	9.384666e-03	9.580120e+00
4.609000e-05	7.273018e-03	9.376544e+00
4.610000e-05	7.505471e-03	9.168040e+00
4.611000e-05	6.664970e-03	8.903385e+00
4.612000e-05	4.962003e-03	8.705236e+00
4.613000e-05	4.481761e-03	8.441228e+00
4.614000e-05	4.925015e-03	8.218069e+00
4.615000e-05	4.790282e-03	7.965943e+00
4.616000e-05	3.599426e-03	7.693816e+00
4.617000e-05	1.961829e-03	7.429679e+00
4.618000e-05	2.499163e-03	7.116895e+00
4.619000e-05	2.156809e-03	6.903308e+00
4.620000e-05	8.659722e-04	6.659728e+00
4.621000e-05	-2.730970e-04	6.357420e+00
4.622000e-05	3.354987e-05	6.113912e+00
4.623000e-05	7.445552e-04	5.861204e+00
4.624000e-05	-1.607453e-04	5.576466e+00
4.625000e-05	-1.461548e-03	5.323838e+00
4.626000e-05	-1.702451e-03	5.006366e+00
4.627000e-05	6.018096e-04	4.652728e+00
4.628000e-05	-1.477948e-03	4.390999e+00
4.629000e-05	-1.994676e-03	4.084312e+00
4.630000e-05	-1.906485e-03	3.881024e+00
4.631000e-05	-1.912266e-03	3.578369e+00
4.632000e-05	-3.325508e-03	3.302603e+00
4.633000e-05	-3.502314e-03	2.997949e+00
4.634000e-05	-4.357625e-03	2.745786e+00
4.635000e-05	-2.684900e-03	2.410922e+00
4.636000e-05	-2.973001e-03	2.155811e+00
4.637000e-05	-4.687923e-03	1.913103e+00
4.638000e-05	-3.662441e-03	1.577917e+00
4.639000e-05	-3.729243e-03	1.302630e+00
4.640000e-05	-3.901459e-03	9.642830e-01
4.641000e-05	-4.484707e-03	6.516000e-01
4.642000e-05	-4.240104e-03	3.889446e-01
4.643000e-05	-2.311323e-03	6.313270e-02
4.644000e-05	5.310826e-04	-2.001028e-01
4.645000e-05	5.254051e-03	-4.132055e-01
4.646000e-05	-4.585033e-03	-7.584726e-01
4.647000e-05	-9.204867e-04	-9.889777e-01
4.648000e-05	-3.277628e-03	-1.234822e+00
4.649000e-05	-1.955318e-03	-1.538503e+00
4.650000e-05	5.224203e-04	-1.801079e+00
4.651000e-05	3.137665e-02	-2.043109e+00
4.652000e-05	9.424222e-02	-2.308046e+00
4.653000e-05	-4.678290e-02	-2.666901e+00
4.654000e-05	-5.120131e-02	-3.074947e+00
4.655000e-05	-4.499903e-02	-3.350603e+00
4.656000e-05	-1.190398e-02	-3.601661e+00
4.657000e-05	-6.312590e-02	-3.895366e+00
4.658000e-05	6.781001e-02	-4.044234e+00
4.659000e-05	3.083491e-02	-4.234894e+00
4.660000e-05	-9.694705e-02	-4.581681e+00
4.661000e-05	1.822515e-01	-4.811708e+00
4.662000e-05	-1.561986e-01	-5.139633e+00
4.663000e-05	5.596105e-02	-5.485341e+00
4.664000e-05	-4.837335e-02	-5.676973e+00
4.665000e-05	-5.682993e-02	-6.002789e+00
4.666000e-05	1.176643e-01	-6.173291e+00
4.667000e-05	-1.180227e-01	-6.508054e+00
4.668000e-05	1.035569e-01	-6.800734e+00
4.669000e-05	-4.449465e-02	-7.128498e+00
4.670000e-05	-1.829372e-02	-7.401629e+00
4.671000e-05	1.564406e-02	-7.621838e+00
4.672000e-05	-8.319116e-02	-7.939178e+00
4.673000e-05	9.653877e-02	-8.189577e+00
4.674000e-05	-8.390862e-02	-8.433362e+00
4.675000e-05	5.787396e-02	-8.663918e+00
4.676000e-05	-2.788369e-02	-8.896596e+00
4.677000e-05	-2.517776e-02	-9.160153e+00
4.678000e-05	2.794346e-02	-9.306729e+00
4.679000e-05	-6.772557e-02	-9.594363e+00
4.680000e-05	6.002830e-02	-9.791189e+00
4.681000e-05	-6.537573e-02	-1.001447e+01
4.682000e-05	5.603300e-02	-1.028497e+01
4.683000e-05	-5.613653e-02	-1.046697e+01
4.684000e-05	1.745620e-02	-1.072800e+01
4.685000e-05	-2.546303e-02	-1.090495e+01
4.686000e-05	-6.486358e-03	-1.107855e+01
4.687000e-05	1.008932e-03	-1.130910e+01
4.688000e-05	-2.550750e-02	-1.151871e+01
4.689000e-05	1.703569e-02	-1.173970e+01
4.690000e-05	-3.293704e-02	-1.195066e+01
4.691000e-05	1.337891e-02	-1.214863e+01
4.692000e-05	-4.038483e-02	-1.230857e+01
4.693000e-05	1.368078e-02	-1.254457e+01
4.694000e-05	-2.886182e-02	-1.269510e+01
4.695000e-05	5.418799e-03	-1.286546e+01
4.696000e-05	-2.224028e-02	-1.305178e+01
4.697000e-05	-7.387643e-04	-1.315023e+01
4.698000e-05	-1.347158e-02	-1.329667e+01
4.699000e-05	-1.404686e-02	-1.345609e+01
4.700000e-05	-1.429678e-02	-1.361034e+01
4.701000e-05	-1.754991e-02	-1.374131e+01
4.702000e-05	-4.702462e-03	-1.391655e+01
4.703000e-05	-2.057095e-02	-1.402352e+01
4.704000e-05	-6.931860e-03	-1.415828e+01
4.705000e-05	-2.020017e-02	-1.425670e+01
4.706000e-05	-6.721666e-03	-1.444293e+01
4.707000e-05	-2.198988e-02	-1.454763e+01
4.708000e-05	-1.369369e-02	-1.464291e+01
4.709000e-05	-1.800402e-02	-1.473915e+01
4.710000e-05	-1.119342e-02	-1.483239e+01
4.711000e-05	-1.733884e-02	-1.488460e+01
4.712000e-05	-1.774216e-02	-1.499980e+01
4.713000e-05	-1.969543e-02	-1.507504e+01
4.714000e-05	-1.620249e-02	-1.514820e+01
4.715000e-05	-2.130420e-02	-1.518038e+01
4.716000e-05	-1.965466e-02	-1.523296e+01
4.717000e-05	-1.941669e-02	-1.527607e+01
4.718000e-05	-1.678948e-02	-1.535015e+01
4.719000e-05	-1.987487e-02	-1.541186e+01
4.720000e-05	-2.460115e-02	-1.541494e+01
4.721000e-05	-2.106482e-02	-1.546447e+01
4.722000e-05	-2.434424e-02	-1.550813e+01
4.723000e-05	-2.327208e-02	-1.555757e+01
4.724000e-05	-2.744856e-02	-1.553673e+01
4.725000e-05	-2.478672e-02	-1.554762e+01
4.726000e-05	-2.618020e-02	-1.553973e+01
4.727000e-05	-2.766225e-02	-1.551863e+01
4.728000e-05	-3.077220e-02	-1.551027e+01
4.729000e-05	-3.120696e-02	-1.551712e+01
4.730000e-05	-3.099943e-02	-1.550507e+01
4.731000e-05	-3.360809e-02	-1.549444e+01
4.732000e-05	-3.742361e-02	-1.550299e+01
4.733000e-05	-3.792863e-02	-1.539239e+01
4.734000e-05	-3.836163e-02	-1.538933e+01
4.735000e-05	-4.021186e-02	-1.530862e+01
4.736000e-05	-4.277603e-02	-1.530552e+01
4.737000e-05	-4.430620e-02	-1.522191e+01
4.738000e-05	-4.584865e-02	-1.514975e+01
4.739000e-05	-4.783307e-02	-1.508604e+01
4.740000e-05	-5.299554e-02	-1.502236e+01
4.741000e-05	-5.616946e-02	-1.492770e+01
4.742000e-05	-5.766423e-02	-1.488444e+01
4.743000e-05	-6.026469e-02	-1.480870e+01
4.744000e-05	-6.334176e-02	-1.469447e+01
4.745000e-05	-6.614028e-02	-1.460170e+01
4.746000e-05	-6.715506e-02	-1.448599e+01
4.747000e-05	-6.688028e-02	-1.439920e+01
4.748000e-05	-6.860402e-02	-1.427296e+01
4.749000e-05	-6.903949e-02	-1.409459e+01
4.750000e-05	-6.702255e-02	-1.399775e+01
4.751000e-05	-6.490511e-02	-1.386133e+01
4.752000e-05	-6.310421e-02	-1.372754e+01
4.753000e-05	-6.245103e-02	-1.359022e+01
4.754000e-05	-5.796175e-02	-1.342083e+01
4.755000e-05	-5.490054e-02	-1.329559e+01
4.756000e-05	-5.128664e-02	-1.315807e+01
4.757000e-05	-5.053623e-02	-1.296807e+01
4.758000e-05	-4.615678e-02	-1.283328e+01
4.759000e-05	-4.395616e-02	-1.263143e+01
4.760000e-05	-4.010174e-02	-1.245496e+01
4.761000e-05	-4.007438e-02	-1.229604e+01
4.762000e-05	-3.708368e-02	-1.214597e+01
4.763000e-05	-3.511378e-02	-1.195565e+01
4.764000e-05	-3.179819e-02	-1.173554e+01
4.765000e-05	-3.110384e-02	-1.152597e+01
4.766000e-05	-2.932188e-02	-1.125341e+01
4.767000e-05	-2.578581e-02	-1.107446e+01
4.768000e-05	-2.414134e-02	-1.088276e+01
4.769000e-05	-2.353564e-02	-1.068488e+01
4.770000e-05	-2.250958e-02	-1.047476e+01
4.771000e-05	-2.185942e-02	-1.025175e+01
4.772000e-05	-1.980638e-02	-1.000068e+01
4.773000e-05	-1.887540e-02	-9.839527e+00
4.774000e-05	-1.900486e-02	-9.599649e+00
4.775000e-05	-1.761592e-02	-9.325965e+00
4.776000e-05	-1.583322e-02	-9.126438e+00
4.777000e-05	-1.450400e-02	-8.923839e+00
4.778000e-05	-1.429814e-02	-8.691303e+00
4.779000e-05	-1.442285e-02	-8.398650e+00
4.780000e-05	-1.369460e-02	-8.168544e+00
4.781000e-05	-1.216414e-02	-7.925490e+00
4.782000e-05	-1.188060e-02	-7.609200e+00
4.783000e-05	-1.206644e-02	-7.389021e+00
4.784000e-05	-1.176889e-02	-7.116785e+00
4.785000e-05	-1.142034e-02	-6.842731e+00
4.786000e-05	-9.414201e-03	-6.608496e+00
4.787000e-05	-9.702149e-03	-6.347914e+00
4.788000e-05	-8.527152e-03	-6.031629e+00
4.789000e-05	-9.949521e-03	-5.840098e+00
4.790000e-05	-6.903516e-03	-5.526336e+00
4.791000e-05	-9.398246e-03	-5.241600e+00
4.792000e-05	-9.343792e-03	-4.955808e+00
4.793000e-05	-9.096965e-03	-4.579395e+00
4.794000e-05	-5.740751e-03	-4.388340e+00
4.795000e-05	-8.390542e-03	-4.124808e+00
4.796000e-05	-6.603928e-03	-3.869524e+00
4.797000e-05	-7.734893e-03	-3.575419e+00
4.798000e-05	-6.966726e-03	-3.313184e+00
4.799000e-05	-6.782554e-03	-2.987941e+00
4.800000e-05	-6.386067e-03	-2.733207e+00
4.801000e-05	-6.221474e-03	-2.411451e+00
4.802000e-05	-5.361928e-03	-2.113758e+00
4.803000e-05	-6.418352e-03	-1.833024e+00
4.804000e-05	-6.470884e-03	-1.577369e+00
4.805000e-05	-6.240765e-03	-1.181479e+00
4.806000e-05	-6.233615e-03	-9.352080e-01
4.807000e-05	-4.403746e-03	-6.320238e-01
4.808000e-05	-4.489427e-03	-3.552408e-01
4.809000e-05	-2.053757e-03	-1.037054e-01
4.810000e-05	6.259915e-03	2.011343e-01
4.811000e-05	3.761029e-03	4.657934e-01
4.812000e-05	-1.714748e-03	7.763974e-01
4.813000e-05	-1.089685e-03	1.001710e+00
4.814000e-05	-1.904967e-03	1.275393e+00
4.815000e-05	1.091634e-03	1.612584e+00
4.816000e-05	2.057456e-04	1.874789e+00
4.817000e-05	1.985732e-02	2.105793e+00
4.818000e-05	6.660676e-02	2.359028e+00
4.819000e-05	2.821002e-02	2.789050e+00
4.820000e-05	-7.017028e-02	3.063766e+00
4.821000e-05	-4.452179e-02	3.336495e+00
4.822000e-05	-1.451084e-02	3.640686e+00
4.823000e-05	-4.789940e-03	3.833659e+00
4.824000e-05	-5.703344e-02	4.053309e+00
4.825000e-05	4.173019e-02	4.327073e+00
4.826000e-05	4.940538e-02	4.601686e+00
4.827000e-05	-3.061758e-02	4.873887e+00
4.828000e-05	1.172385e-01	5.150755e+00
4.829000e-05	-1.168337e-01	5.526492e+00
4.830000e-05	3.324658e-02	5.749554e+00
4.831000e-05	6.828924e-03	6.023811e+00
4.832000e-05	-1.151619e-02	6.255419e+00
4.833000e-05	2.324000e-02	6.540259e+00
4.834000e-05	-5.120889e-02	6.852885e+00
4.835000e-05	7.863861e-02	7.095976e+00
4.836000e-05	-1.918715e-02	7.371281e+00
4.837000e-05	-1.020123e-02	7.634417e+00
4.838000e-05	-3.147293e-02	7.949129e+00
4.839000e-05	3.219643e-02	8.230758e+00
4.840000e-05	4.054843e-02	8.412788e+00
4.841000e-05	-4.149501e-02	8.653340e+00
4.842000e-05	1.420751e-02	8.885544e+00
4.843000e-05	4.530580e-03	9.117573e+00
4.844000e-05	1.705762e-02	9.370103e+00
4.845000e-05	-7.954813e-03	9.590781e+00
4.846000e-05	-1.364246e-02	9.835890e+00
4.847000e-05	1.971027e-02	1.009451e+01
4.848000e-05	1.745610e-02	1.026444e+01
4.849000e-05	1.198440e-02	1.046660e+01
4.850000e-05	-2.469180e-02	1.073957e+01
4.851000e-05	1.056041e-02	1.096905e+01
4.852000e-05	1.497675e-02	1.114765e+01
4.853000e-05	7.006248e-03	1.129612e+01
4.854000e-05	-8.777225e-03	1.155825e+01
4.855000e-05	7.979601e-03	1.172081e+01
4.856000e-05	2.179134e-02	1.193025e+01
4.857000e-05	8.167088e-03	1.209825e+01
4.858000e-05	-6.122512e-03	1.229762e+01
4.859000e-05	-6.482257e-04	1.256662e+01
4.860000e-05	1.752424e-02	1.268554e+01
4.861000e-05	9.924971e-03	1.283286e+01
4.862000e-05	2.071380e-05	1.301238e+01
4.863000e-05	2.225419e-03	1.319876e+01
4.864000e-05	1.892819e-02	1.334810e+01
4.865000e-05	1.078088e-02	1.344399e+01
4.866000e-05	1.499945e-03	1.357041e+01
4.867000e-05	-1.480850e-03	1.374870e+01
4.868000e-05	1.687210e-02	1.385570e+01
4.869000e-05	1.350892e-02	1.402339e+01
4.870000e-05	5.363212e-03	1.421023e+01
4.871000e-05	3.588648e-03	1.427609e+01
4.872000e-05	1.593091e-02	1.447351e+01
4.873000e-05	1.562378e-02	1.451922e+01
4.874000e-05	4.423010e-03	1.464246e+01
4.875000e-05	6.297419e-03	1.472860e+01
4.876000e-05	1.133677e-02	1.483238e+01
4.877000e-05	2.000105e-02	1.487549e+01
4.878000e-05	6.865775e-03	1.497083e+01
4.879000e-05	8.817365e-03	1.503349e+01
4.880000e-05	1.078938e-02	1.512710e+01
4.881000e-05	1.993269e-02	1.516135e+01
4.882000e-05	1.082361e-02	1.522299e+01
4.883000e-05	9.987433e-03	1.532470e+01
4.884000e-05	1.472063e-02	1.534825e+01
4.885000e-05	2.029188e-02	1.542993e+01
4.886000e-05	1.616175e-02	1.543304e+01
4.887000e-05	1.099448e-02	1.549152e+01
4.888000e-05	1.787199e-02	1.550864e+01
4.889000e-05	2.129527e-02	1.553759e+01
4.890000e-05	2.055141e-02	1.553822e+01
4.891000e-05	1.546779e-02	1.554525e+01
4.892000e-05	2.183840e-02	1.556767e+01
4.893000e-05	2.503431e-02	1.553870e+01
4.894000e-05	2.362436e-02	1.552770e+01
4.895000e-05	2.060233e-02	1.555962e+01
4.896000e-05	2.378798e-02	1.550557e+01
4.897000e-05	3.205889e-02	1.551651e+01
4.898000e-05	3.117190e-02	1.546096e+01
4.899000e-05	2.946606e-02	1.540188e+01
4.900000e-05	3.079372e-02	1.537725e+01
4.901000e-05	3.748914e-02	1.532570e+01
4.902000e-05	3.782581e-02	1.527259e+01
4.903000e-05	3.516690e-02	1.526080e+01
4.904000e-05	3.873498e-02	1.511755e+01
4.905000e-05	4.462826e-02	1.508399e+01
4.906000e-05	4.789602e-02	1.498080e+01
4.907000e-05	4.677316e-02	1.490562e+01
4.908000e-05	4.991658e-02	1.481031e+01
4.909000e-05	5.600786e-02	1.476815e+01
4.910000e-05	6.024862e-02	1.468191e+01
4.911000e-05	5.816011e-02	1.456720e+01
4.912000e-05	5.880847e-02	1.443393e+01
4.913000e-05	6.209601e-02	1.435712e+01
4.914000e-05	6.354934e-02	1.421076e+01
4.915000e-05	5.931203e-02	1.411702e+01
4.916000e-05	5.713845e-02	1.395862e+01
4.917000e-05	5.822317e-02	1.386038e+01
4.918000e-05	5.768845e-02	1.366392e+01
4.919000e-05	5.296078e-02	1.354762e+01
4.920000e-05	4.842498e-02	1.339927e+01
4.921000e-05	4.623786e-02	1.325328e+01
4.922000e-05	4.620953e-02	1.306443e+01
4.923000e-05	4.207995e-02	1.287809e+01
4.924000e-05	3.572956e-02	1.279605e+01
4.925000e-05	3.336416e-02	1.260923e+01
4.926000e-05	3.540459e-02	1.246333e+01
4.927000e-05	3.146256e-02	1.229986e+01
4.928000e-05	2.498364e-02	1.210334e+01
4.929000e-05	2.307489e-02	1.186436e+01
4.930000e-05	2.534561e-02	1.168446e+01
4.931000e-05	2.496281e-02	1.144193e+01
4.932000e-05	1.834820e-02	1.123133e+01
4.933000e-05	1.729305e-02	1.104084e+01
4.934000e-05	1.696577e-02	1.087428e+01
4.935000e-05	1.753330e-02	1.064030e+01
4.936000e-05	1.120745e-02	1.041918e+01
4.937000e-05	1.009501e-02	1.022870e+01
4.938000e-05	1.171102e-02	1.000565e+01
4.939000e-05	1.262084e-02	9.756619e+00
4.940000e-05	9.035739e-03	9.484865e+00
4.941000e-05	6.066394e-03	9.295337e+00
4.942000e-05	7.524508e-03	9.060757e+00
4.943000e-05	7.514705e-03	8.809677e+00
4.944000e-05	5.265649e-03	8.608072e+00
4.945000e-05	2.238325e-03	8.368995e+00
4.946000e-05	4.346583e-03	8.132862e+00
4.947000e-05	5.316628e-03	7.861654e+00
4.948000e-05	4.007830e-03	7.617520e+00
4.949000e-05	2.091822e-04	7.304786e+00
4.950000e-05	2.020575e-03	7.080681e+00
4.951000e-05	3.592654e-03	6.789524e+00
4.952000e-05	1.711533e-03	6.534038e+00
4.953000e-05	-2.086767e-03	6.273156e+00
4.954000e-05	-6.072028e-05	6.030103e+00
4.955000e-05	1.747882e-03	5.766835e+00
4.956000e-05	-3.566249e-04	5.524734e+00
4.957000e-05	-3.174901e-03	5.176542e+00
4.958000e-05	-1.611029e-03	4.842575e+00
4.959000e-05	1.792608e-04	4.576338e+00
4.960000e-05	-4.326886e-05	4.332782e+00
4.961000e-05	-3.105093e-03	3.989447e+00
4.962000e-05	-3.563004e-03	3.745289e+00
4.963000e-05	-1.619187e-03	3.472703e+00
4.964000e-05	-1.987361e-03	3.167319e+00
4.965000e-05	-4.483873e-03	2.903659e+00
4.966000e-05	-4.657570e-03	2.660515e+00
4.967000e-05	-2.088012e-03	2.344784e+00
4.968000e-05	-2.290106e-03	2.053078e+00
4.969000e-05	-3.921966e-03	1.756918e+00
4.970000e-05	-5.526028e-03	1.432627e+00
4.971000e-05	-3.606669e-03	1.167791e+00
4.972000e-05	-2.881989e-03	8.095514e-01
4.973000e-05	-4.813178e-03	5.662357e-01
4.974000e-05	-5.238083e-03	3.235290e-01
4.975000e-05	-2.268192e-03	-2.318415e-02
4.976000e-05	6.668902e-03	-2.752907e-01
4.977000e-05	2.509312e-05	-5.099027e-01
4.978000e-05	-3.302521e-03	-8.311893e-01
4.979000e-05	-4.513500e-03	-1.065818e+00
4.980000e-05	1.068627e-04	-1.371684e+00
4.981000e-05	-2.652700e-03	-1.634288e+00
4.982000e-05	6.249068e-03	-1.896845e+00
4.983000e-05	5.391331e-02	-2.095044e+00
4.984000e-05	7.285954e-02	-2.475292e+00
4.985000e-05	-8.428551e-02	-2.824338e+00
4.986000e-05	-3.471465e-02	-3.202761e+00
4.987000e-05	-4.605834e-02	-3.444318e+00
4.988000e-05	-1.490700e-02	-3.675468e+00
4.989000e-05	-5.970777e-02	-3.957052e+00
4.990000e-05	1.335246e-01	-4.075946e+00
4.991000e-05	-9.709681e-02	-4.380182e+00
4.992000e-05	6.508822e-02	-4.673848e+00
4.993000e-05	7.967839e-02	-4.886002e+00
4.994000e-05	-1.510449e-01	-5.275974e+00
4.995000e-05	1.058527e-01	-5.549049e+00
4.996000e-05	-1.435603e-01	-5.793791e+00
4.997000e-05	8.752118e-02	-6.085921e+00
4.998000e-05	2.561189e-03	-6.358128e+00
4.999000e-05	-5.831260e-02	-6.632416e+00
