# 260929_17:16:53.814099
t	CH1	CH2
0.000000e+00	4.809123e-03	-1.916325e-01
1.000000e-08	6.293707e-03	-4.622052e-01
2.000000e-08	-5.381269e-03	-7.685236e-01
3.000000e-08	-2.242199e-03	-9.900803e-01
4.000000e-08	-1.951098e-03	-1.305514e+00
5.000000e-08	6.249900e-04	-1.620551e+00
6.000000e-08	3.242809e-03	-1.852134e+00
7.000000e-08	5.134710e-02	-2.053683e+00
8.000000e-08	8.176582e-02	-2.392105e+00
9.000000e-08	-8.502502e-02	-2.800680e+00
1.000000e-07	-3.730264e-02	-3.201624e+00
1.100000e-07	-4.735765e-02	-3.472704e+00
1.200000e-07	-2.060618e-02	-3.662710e+00
1.300000e-07	-4.516117e-02	-3.935917e+00
1.400000e-07	1.451249e-01	-4.113813e+00
1.500000e-07	-1.484085e-01	-4.397974e+00
1.600000e-07	1.164625e-01	-4.683230e+00
1.700000e-07	2.984641e-02	-4.903390e+00
1.800000e-07	-1.192455e-01	-5.364392e+00
1.900000e-07	1.031025e-01	-5.576446e+00
2.000000e-07	-1.835950e-01	-5.853267e+00
2.100000e-07	1.407915e-01	-6.163313e+00
2.200000e-07	-3.821625e-02	-6.397074e+00
2.300000e-07	-2.602866e-02	-6.692834e+00
2.400000e-07	8.169249e-02	-6.963462e+00
2.500000e-07	-1.061100e-01	-7.252312e+00
2.600000e-07	8.318233e-02	-7.510844e+00
2.700000e-07	-1.055592e-01	-7.798127e+00
2.800000e-07	3.674891e-02	-8.101410e+00
2.900000e-07	1.563268e-02	-8.281761e+00
3.000000e-07	-4.338051e-02	-8.586072e+00
3.100000e-07	7.876206e-02	-8.838073e+00
3.200000e-07	-1.132059e-01	-9.090808e+00
3.300000e-07	7.230027e-02	-9.312359e+00
3.400000e-07	-7.107428e-02	-9.553416e+00
3.500000e-07	3.701762e-02	-9.826595e+00
3.600000e-07	-2.934473e-02	-9.985093e+00
3.700000e-07	-3.040186e-03	-1.024626e+01
3.800000e-07	2.331142e-02	-1.043823e+01
3.900000e-07	-4.897248e-02	-1.067231e+01
4.000000e-07	2.534475e-02	-1.091128e+01
4.100000e-07	-6.017167e-02	-1.113181e+01
4.200000e-07	4.236534e-02	-1.136244e+01
4.300000e-07	-4.921402e-02	-1.161294e+01
4.400000e-07	2.527085e-02	-1.180407e+01
4.500000e-07	-3.758524e-02	-1.197449e+01
4.600000e-07	1.847481e-02	-1.220657e+01
4.700000e-07	-2.779401e-02	-1.237194e+01
4.800000e-07	-1.021918e-02	-1.259392e+01
4.900000e-07	-1.356724e-02	-1.277186e+01
5.000000e-07	-1.164068e-02	-1.293128e+01
5.100000e-07	1.032574e-03	-1.307921e+01
5.200000e-07	-2.936344e-02	-1.331717e+01
5.300000e-07	3.947370e-03	-1.341402e+01
5.400000e-07	-2.658617e-02	-1.360306e+01
5.500000e-07	4.802654e-03	-1.375936e+01
5.600000e-07	-3.406700e-02	-1.388973e+01
5.700000e-07	-3.325385e-03	-1.405302e+01
5.800000e-07	-2.199345e-02	-1.420234e+01
5.900000e-07	-2.870636e-03	-1.435828e+01
6.000000e-07	-2.402949e-02	-1.442604e+01
6.100000e-07	-1.341646e-02	-1.459094e+01
6.200000e-07	-1.644333e-02	-1.472807e+01
6.300000e-07	-1.142363e-02	-1.480099e+01
6.400000e-07	-1.909384e-02	-1.491813e+01
6.500000e-07	-2.069999e-02	-1.499296e+01
6.600000e-07	-1.323886e-02	-1.509660e+01
6.700000e-07	-1.642226e-02	-1.517191e+01
6.800000e-07	-1.733710e-02	-1.526364e+01
6.900000e-07	-2.573073e-02	-1.535031e+01
7.000000e-07	-1.587466e-02	-1.544104e+01
7.100000e-07	-2.079130e-02	-1.545565e+01
7.200000e-07	-1.699082e-02	-1.552933e+01
7.300000e-07	-2.734218e-02	-1.557248e+01
7.400000e-07	-1.689790e-02	-1.566456e+01
7.500000e-07	-2.207608e-02	-1.569678e+01
7.600000e-07	-2.166863e-02	-1.572081e+01
7.700000e-07	-2.911353e-02	-1.576039e+01
7.800000e-07	-2.422846e-02	-1.580196e+01
7.900000e-07	-2.154185e-02	-1.582301e+01
8.000000e-07	-2.538325e-02	-1.585349e+01
8.100000e-07	-2.984288e-02	-1.581404e+01
8.200000e-07	-3.057096e-02	-1.582457e+01
8.300000e-07	-2.638809e-02	-1.585449e+01
8.400000e-07	-3.030940e-02	-1.585454e+01
8.500000e-07	-3.437378e-02	-1.584299e+01
8.600000e-07	-3.531483e-02	-1.580234e+01
8.700000e-07	-3.331761e-02	-1.579038e+01
8.800000e-07	-3.585515e-02	-1.574881e+01
8.900000e-07	-4.105203e-02	-1.574618e+01
9.000000e-07	-4.373904e-02	-1.564402e+01
9.100000e-07	-4.124275e-02	-1.568199e+01
9.200000e-07	-4.300690e-02	-1.555983e+01
9.300000e-07	-4.647582e-02	-1.550568e+01
9.400000e-07	-5.219028e-02	-1.549354e+01
9.500000e-07	-5.163757e-02	-1.535936e+01
9.600000e-07	-5.442971e-02	-1.530612e+01
9.700000e-07	-5.956668e-02	-1.524394e+01
9.800000e-07	-6.406193e-02	-1.517963e+01
9.900000e-07	-6.394158e-02	-1.506459e+01
1.000000e-06	-6.514467e-02	-1.497933e+01
1.010000e-06	-6.776025e-02	-1.489459e+01
1.020000e-06	-7.245675e-02	-1.478028e+01
1.030000e-06	-7.170603e-02	-1.466402e+01
1.040000e-06	-6.760835e-02	-1.455720e+01
1.050000e-06	-6.788481e-02	-1.439943e+01
1.060000e-06	-6.836309e-02	-1.422452e+01
1.070000e-06	-6.599379e-02	-1.408830e+01
1.080000e-06	-6.045550e-02	-1.396829e+01
1.090000e-06	-5.806795e-02	-1.387194e+01
1.100000e-06	-5.708266e-02	-1.369550e+01
1.110000e-06	-5.361585e-02	-1.352675e+01
1.120000e-06	-4.777548e-02	-1.336173e+01
1.130000e-06	-4.452981e-02	-1.322246e+01
1.140000e-06	-4.472761e-02	-1.304452e+01
1.150000e-06	-4.302248e-02	-1.288605e+01
1.160000e-06	-3.713222e-02	-1.269862e+01
1.170000e-06	-3.593549e-02	-1.254023e+01
1.180000e-06	-3.130264e-02	-1.234929e+01
1.190000e-06	-3.440435e-02	-1.218831e+01
1.200000e-06	-2.697009e-02	-1.198088e+01
1.210000e-06	-2.978414e-02	-1.179027e+01
1.220000e-06	-2.747355e-02	-1.152812e+01
1.230000e-06	-2.609726e-02	-1.129618e+01
1.240000e-06	-2.193915e-02	-1.101507e+01
1.250000e-06	-2.003486e-02	-1.084655e+01
1.260000e-06	-1.963794e-02	-1.064657e+01
1.270000e-06	-2.067203e-02	-1.047599e+01
1.280000e-06	-1.858922e-02	-1.021441e+01
1.290000e-06	-1.849732e-02	-9.962332e+00
1.300000e-06	-1.789391e-02	-9.771783e+00
1.310000e-06	-1.683301e-02	-9.539778e+00
1.320000e-06	-1.455752e-02	-9.308155e+00
1.330000e-06	-1.137374e-02	-9.058547e+00
1.340000e-06	-1.448158e-02	-8.854487e+00
1.350000e-06	-1.281071e-02	-8.571712e+00
1.360000e-06	-1.512576e-02	-8.319654e+00
1.370000e-06	-1.045384e-02	-8.079103e+00
1.380000e-06	-1.377291e-02	-7.793889e+00
1.390000e-06	-1.119010e-02	-7.489651e+00
1.400000e-06	-1.080056e-02	-7.238923e+00
1.410000e-06	-9.151977e-03	-6.992815e+00
1.420000e-06	-9.038339e-03	-6.712704e+00
1.430000e-06	-1.092939e-02	-6.448046e+00
1.440000e-06	-9.414198e-03	-6.173891e+00
1.450000e-06	-9.676722e-03	-5.912604e+00
1.460000e-06	-6.987757e-03	-5.657516e+00
1.470000e-06	-9.851452e-03	-5.342657e+00
1.480000e-06	-7.425153e-03	-5.026441e+00
1.490000e-06	-6.983334e-03	-4.669652e+00
1.500000e-06	-5.612222e-03	-4.417999e+00
1.510000e-06	-8.835600e-03	-4.175969e+00
1.520000e-06	-7.463278e-03	-3.941657e+00
1.530000e-06	-7.679298e-03	-3.607466e+00
1.540000e-06	-5.641393e-03	-3.333732e+00
1.550000e-06	-7.105345e-03	-3.079124e+00
1.560000e-06	-6.480089e-03	-2.744287e+00
1.570000e-06	-5.419141e-03	-2.452524e+00
1.580000e-06	-5.090040e-03	-2.192335e+00
1.590000e-06	-5.954773e-03	-1.851605e+00
1.600000e-06	-7.402812e-03	-1.618923e+00
1.610000e-06	-5.836999e-03	-1.269027e+00
1.620000e-06	-4.310473e-03	-9.473860e-01
1.630000e-06	-4.304654e-03	-6.916593e-01
1.640000e-06	-4.760712e-03	-3.483672e-01
1.650000e-06	-2.475602e-03	-6.213077e-02
1.660000e-06	7.236949e-03	1.810786e-01
1.670000e-06	2.806663e-03	4.952155e-01
1.680000e-06	-2.558430e-04	7.589694e-01
1.690000e-06	-1.465041e-03	1.033111e+00
1.700000e-06	9.567937e-04	1.327441e+00
1.710000e-06	2.372369e-03	1.607614e+00
1.720000e-06	3.608145e-03	1.936266e+00
1.730000e-06	2.897630e-02	2.126894e+00
1.740000e-06	8.446709e-02	2.423657e+00
1.750000e-06	-1.841148e-02	2.820606e+00
1.760000e-06	-6.025811e-02	3.135313e+00
1.770000e-06	-4.427596e-02	3.399055e+00
1.780000e-06	1.082524e-03	3.703710e+00
1.790000e-06	-3.764991e-02	3.883782e+00
1.800000e-06	-2.887913e-02	4.205334e+00
1.810000e-06	1.013948e-01	4.398075e+00
1.820000e-06	-7.068219e-02	4.713340e+00
1.830000e-06	1.088307e-01	4.967525e+00
1.840000e-06	-5.482208e-04	5.326391e+00
1.850000e-06	-7.484663e-02	5.576522e+00
1.860000e-06	5.340780e-02	5.895188e+00
1.870000e-06	-5.051424e-02	6.155867e+00
1.880000e-06	6.064114e-02	6.399046e+00
1.890000e-06	-3.872164e-02	6.733289e+00
1.900000e-06	1.209279e-02	7.017447e+00
1.910000e-06	4.660847e-02	7.299101e+00
1.920000e-06	-2.355767e-02	7.533468e+00
1.930000e-06	-2.599651e-03	7.819622e+00
1.940000e-06	-3.988830e-02	8.153392e+00
1.950000e-06	6.396303e-02	8.365867e+00
1.960000e-06	8.678620e-04	8.596945e+00
1.970000e-06	-1.910251e-02	8.806494e+00
1.980000e-06	2.715109e-02	9.080104e+00
1.990000e-06	-1.635484e-02	9.291787e+00
2.000000e-06	3.410779e-02	9.532786e+00
2.010000e-06	-3.165095e-02	9.775971e+00
2.020000e-06	1.776103e-02	1.003657e+01
2.030000e-06	3.300807e-03	1.028963e+01
2.040000e-06	2.939685e-02	1.046825e+01
2.050000e-06	-7.984836e-04	1.071081e+01
2.060000e-06	-1.781222e-02	1.096126e+01
2.070000e-06	2.098136e-02	1.112224e+01
2.080000e-06	4.253978e-05	1.134196e+01
2.090000e-06	1.745462e-02	1.155449e+01
2.100000e-06	-1.727295e-02	1.180252e+01
2.110000e-06	2.718282e-02	1.197355e+01
2.120000e-06	6.693334e-03	1.219294e+01
2.130000e-06	1.562702e-02	1.238331e+01
2.140000e-06	-1.078689e-02	1.256389e+01
2.150000e-06	7.191427e-03	1.276079e+01
2.160000e-06	1.593032e-02	1.291878e+01
2.170000e-06	7.709977e-03	1.313710e+01
2.180000e-06	5.963800e-03	1.326672e+01
2.190000e-06	3.304482e-03	1.340584e+01
2.200000e-06	2.415173e-02	1.356191e+01
2.210000e-06	5.496514e-03	1.371973e+01
2.220000e-06	5.030177e-03	1.385565e+01
2.230000e-06	3.417093e-04	1.402597e+01
2.240000e-06	1.837308e-02	1.417354e+01
2.250000e-06	1.313773e-02	1.434830e+01
2.260000e-06	5.386380e-03	1.449657e+01
2.270000e-06	8.704882e-03	1.456294e+01
2.280000e-06	1.511556e-02	1.471823e+01
2.290000e-06	1.651887e-02	1.478244e+01
2.300000e-06	5.160002e-03	1.489768e+01
2.310000e-06	9.054623e-03	1.496237e+01
2.320000e-06	1.513222e-02	1.506763e+01
2.330000e-06	1.944031e-02	1.517133e+01
2.340000e-06	1.097583e-02	1.532246e+01
2.350000e-06	8.450455e-03	1.536033e+01
2.360000e-06	1.608290e-02	1.543244e+01
2.370000e-06	1.681264e-02	1.547665e+01
2.380000e-06	1.416360e-02	1.555871e+01
2.390000e-06	9.237810e-03	1.559191e+01
2.400000e-06	1.903606e-02	1.566454e+01
2.410000e-06	2.161133e-02	1.567512e+01
2.420000e-06	1.800320e-02	1.574778e+01
2.430000e-06	1.383246e-02	1.578873e+01
2.440000e-06	1.902603e-02	1.582034e+01
2.450000e-06	2.445573e-02	1.582291e+01
2.460000e-06	1.975147e-02	1.583239e+01
2.470000e-06	1.898787e-02	1.583399e+01
2.480000e-06	2.071141e-02	1.583452e+01
2.490000e-06	2.773284e-02	1.583296e+01
2.500000e-06	2.481385e-02	1.583251e+01
2.510000e-06	2.349887e-02	1.583302e+01
2.520000e-06	2.753167e-02	1.578089e+01
2.530000e-06	3.350780e-02	1.576826e+01
2.540000e-06	3.381299e-02	1.574878e+01
2.550000e-06	2.997791e-02	1.574660e+01
2.560000e-06	3.287646e-02	1.563300e+01
2.570000e-06	3.700013e-02	1.561144e+01
2.580000e-06	4.088533e-02	1.558976e+01
2.590000e-06	3.832480e-02	1.551655e+01
2.600000e-06	4.305857e-02	1.541495e+01
2.610000e-06	4.777696e-02	1.541086e+01
2.620000e-06	5.199009e-02	1.530660e+01
2.630000e-06	5.127082e-02	1.520294e+01
2.640000e-06	5.322476e-02	1.514918e+01
2.650000e-06	6.044989e-02	1.502386e+01
2.660000e-06	6.212241e-02	1.493913e+01
2.670000e-06	6.364047e-02	1.484192e+01
2.680000e-06	6.213724e-02	1.470763e+01
2.690000e-06	6.708861e-02	1.460434e+01
2.700000e-06	6.434562e-02	1.451662e+01
2.710000e-06	6.206254e-02	1.437929e+01
2.720000e-06	5.670352e-02	1.427347e+01
2.730000e-06	5.674819e-02	1.409413e+01
2.740000e-06	5.507501e-02	1.397118e+01
2.750000e-06	5.136211e-02	1.380198e+01
2.760000e-06	4.672741e-02	1.363602e+01
2.770000e-06	4.428813e-02	1.343705e+01
2.780000e-06	4.291808e-02	1.333826e+01
2.790000e-06	3.856912e-02	1.319175e+01
2.800000e-06	3.507816e-02	1.300491e+01
2.810000e-06	3.126535e-02	1.286444e+01
2.820000e-06	3.089807e-02	1.267704e+01
2.830000e-06	2.905609e-02	1.252652e+01
2.840000e-06	2.453668e-02	1.232918e+01
2.850000e-06	2.289322e-02	1.213880e+01
2.860000e-06	2.207918e-02	1.191918e+01
2.870000e-06	2.055850e-02	1.170762e+01
2.880000e-06	1.739893e-02	1.150717e+01
2.890000e-06	1.509693e-02	1.128602e+01
2.900000e-06	1.567041e-02	1.104757e+01
2.910000e-06	1.365108e-02	1.083504e+01
2.920000e-06	1.257593e-02	1.066607e+01
2.930000e-06	1.098220e-02	1.041437e+01
2.940000e-06	1.156419e-02	1.020244e+01
2.950000e-06	9.105605e-03	9.951233e+00
2.960000e-06	7.541039e-03	9.728655e+00
2.970000e-06	6.553159e-03	9.458124e+00
2.980000e-06	7.111215e-03	9.265470e+00
2.990000e-06	7.211663e-03	9.005838e+00
3.000000e-06	4.514744e-03	8.772257e+00
3.010000e-06	4.768080e-03	8.550682e+00
3.020000e-06	3.664850e-03	8.299104e+00
3.030000e-06	4.893610e-03	8.045420e+00
3.040000e-06	1.545533e-03	7.762786e+00
3.050000e-06	2.575879e-03	7.549628e+00
3.060000e-06	1.502074e-03	7.244916e+00
3.070000e-06	3.268734e-03	6.992763e+00
3.080000e-06	9.271814e-04	6.730674e+00
3.090000e-06	1.321919e-03	6.395366e+00
3.100000e-06	3.206859e-05	6.134285e+00
3.110000e-06	3.574812e-04	5.941677e+00
3.120000e-06	4.494157e-04	5.597396e+00
3.130000e-06	-1.181968e-03	5.301659e+00
3.140000e-06	-1.451425e-03	4.954690e+00
3.150000e-06	-1.070547e-03	4.661077e+00
3.160000e-06	-1.437293e-03	4.396448e+00
3.170000e-06	-1.957271e-03	4.060175e+00
3.180000e-06	-1.311747e-03	3.828070e+00
3.190000e-06	-2.343585e-03	3.525786e+00
3.200000e-06	-1.753935e-03	3.261076e+00
3.210000e-06	-2.673775e-03	2.967292e+00
3.220000e-06	-3.862108e-03	2.703757e+00
3.230000e-06	-2.697772e-03	2.386390e+00
3.240000e-06	-3.195660e-03	2.104728e+00
3.250000e-06	-2.734854e-03	1.849023e+00
3.260000e-06	-4.174171e-03	1.562711e+00
3.270000e-06	-4.236073e-03	1.270075e+00
3.280000e-06	-3.007465e-03	8.611058e-01
3.290000e-06	-3.245681e-03	5.789399e-01
3.300000e-06	-3.864151e-03	3.167833e-01
3.310000e-06	-2.231122e-03	1.992137e-02
3.320000e-06	4.533109e-03	-2.452117e-01
3.330000e-06	1.951803e-03	-5.369219e-01
3.340000e-06	-2.760522e-03	-8.316327e-01
3.350000e-06	-3.996134e-03	-1.052288e+00
3.360000e-06	-1.724067e-03	-1.407482e+00
3.370000e-06	-2.219443e-03	-1.672683e+00
3.380000e-06	1.109238e-02	-1.905341e+00
3.390000e-06	7.117765e-02	-2.136343e+00
3.400000e-06	4.465993e-02	-2.494267e+00
3.410000e-06	-8.480488e-02	-2.915338e+00
3.420000e-06	-3.455147e-02	-3.274234e+00
3.430000e-06	-3.869541e-02	-3.513888e+00
3.440000e-06	-3.649491e-02	-3.743867e+00
3.450000e-06	-7.987093e-03	-3.976522e+00
3.460000e-06	1.210141e-01	-4.154945e+00
3.470000e-06	-1.674531e-01	-4.462231e+00
3.480000e-06	1.787937e-01	-4.723812e+00
3.490000e-06	-6.448242e-02	-4.999101e+00
3.500000e-06	-4.073028e-02	-5.418098e+00
3.510000e-06	5.142323e-02	-5.640049e+00
3.520000e-06	-1.643254e-01	-5.915318e+00
3.530000e-06	1.722598e-01	-6.184995e+00
3.540000e-06	-1.019928e-01	-6.452234e+00
3.550000e-06	4.404289e-02	-6.744471e+00
3.560000e-06	2.522910e-02	-6.969051e+00
3.570000e-06	-7.417681e-02	-7.324418e+00
3.580000e-06	7.371277e-02	-7.576416e+00
3.590000e-06	-1.213021e-01	-7.880763e+00
3.600000e-06	7.917580e-02	-8.172865e+00
3.610000e-06	-3.778750e-02	-8.364421e+00
3.620000e-06	7.851045e-03	-8.690174e+00
3.630000e-06	3.762558e-02	-8.859712e+00
3.640000e-06	-9.294420e-02	-9.142838e+00
3.650000e-06	7.091034e-02	-9.364317e+00
3.660000e-06	-8.656248e-02	-9.636017e+00
3.670000e-06	6.266757e-02	-9.860099e+00
3.680000e-06	-6.262119e-02	-1.006868e+01
3.690000e-06	3.437965e-02	-1.030188e+01
3.700000e-06	-1.337955e-02	-1.056081e+01
3.710000e-06	-1.721658e-02	-1.074281e+01
3.720000e-06	-6.110100e-04	-1.094231e+01
3.730000e-06	-4.253207e-02	-1.119297e+01
3.740000e-06	3.062298e-02	-1.137351e+01
3.750000e-06	-4.451857e-02	-1.166655e+01
3.760000e-06	2.740346e-02	-1.184708e+01
3.770000e-06	-4.271619e-02	-1.204672e+01
3.780000e-06	2.632223e-02	-1.225765e+01
3.790000e-06	-4.287086e-02	-1.239512e+01
3.800000e-06	4.037292e-03	-1.260452e+01
3.810000e-06	-2.869311e-02	-1.278294e+01
3.820000e-06	2.945331e-03	-1.298347e+01
3.830000e-06	-1.263906e-02	-1.311976e+01
3.840000e-06	-1.476166e-02	-1.329875e+01
3.850000e-06	-5.906744e-03	-1.345657e+01
3.860000e-06	-2.053094e-02	-1.365547e+01
3.870000e-06	-1.939098e-03	-1.377084e+01
3.880000e-06	-3.143558e-02	-1.395086e+01
3.890000e-06	-2.595212e-03	-1.410765e+01
3.900000e-06	-2.244149e-02	-1.423442e+01
3.910000e-06	-1.482177e-03	-1.436220e+01
3.920000e-06	-2.560503e-02	-1.450720e+01
3.930000e-06	-9.502577e-03	-1.461199e+01
3.940000e-06	-2.209572e-02	-1.470771e+01
3.950000e-06	-9.881647e-03	-1.482502e+01
3.960000e-06	-2.205412e-02	-1.489768e+01
3.970000e-06	-1.609395e-02	-1.504549e+01
3.980000e-06	-1.693827e-02	-1.509870e+01
3.990000e-06	-1.432256e-02	-1.519341e+01
4.000000e-06	-1.903875e-02	-1.528667e+01
4.010000e-06	-2.259394e-02	-1.533981e+01
4.020000e-06	-1.851377e-02	-1.545397e+01
4.030000e-06	-2.125850e-02	-1.553720e+01
4.040000e-06	-1.876134e-02	-1.552973e+01
4.050000e-06	-2.543198e-02	-1.562242e+01
4.060000e-06	-1.675041e-02	-1.566554e+01
4.070000e-06	-2.414318e-02	-1.572908e+01
4.080000e-06	-2.093045e-02	-1.572975e+01
4.090000e-06	-2.857300e-02	-1.578038e+01
4.100000e-06	-2.247229e-02	-1.580297e+01
4.110000e-06	-2.503593e-02	-1.584249e+01
4.120000e-06	-2.579567e-02	-1.584447e+01
4.130000e-06	-2.847877e-02	-1.584555e+01
4.140000e-06	-2.885671e-02	-1.582509e+01
4.150000e-06	-2.900725e-02	-1.586302e+01
4.160000e-06	-3.202017e-02	-1.585244e+01
4.170000e-06	-3.299449e-02	-1.577197e+01
4.180000e-06	-3.452310e-02	-1.581384e+01
4.190000e-06	-3.542833e-02	-1.579988e+01
4.200000e-06	-3.746822e-02	-1.577826e+01
4.210000e-06	-3.966921e-02	-1.573659e+01
4.220000e-06	-4.184835e-02	-1.566407e+01
4.230000e-06	-4.350605e-02	-1.561199e+01
4.240000e-06	-4.459648e-02	-1.558181e+01
4.250000e-06	-4.672736e-02	-1.548668e+01
4.260000e-06	-5.025518e-02	-1.543342e+01
4.270000e-06	-5.236417e-02	-1.538023e+01
4.280000e-06	-5.626366e-02	-1.527615e+01
4.290000e-06	-5.890952e-02	-1.520151e+01
4.300000e-06	-6.214994e-02	-1.506672e+01
4.310000e-06	-6.448046e-02	-1.502549e+01
4.320000e-06	-6.690122e-02	-1.493868e+01
4.330000e-06	-6.933901e-02	-1.480301e+01
4.340000e-06	-7.074885e-02	-1.471928e+01
4.350000e-06	-7.079565e-02	-1.464336e+01
4.360000e-06	-6.982544e-02	-1.449565e+01
4.370000e-06	-6.800420e-02	-1.435873e+01
4.380000e-06	-6.551798e-02	-1.426551e+01
4.390000e-06	-6.468920e-02	-1.411717e+01
4.400000e-06	-6.047488e-02	-1.396874e+01
4.410000e-06	-5.811803e-02	-1.380091e+01
4.420000e-06	-5.469071e-02	-1.366301e+01
4.430000e-06	-5.260965e-02	-1.348708e+01
4.440000e-06	-4.966657e-02	-1.331925e+01
4.450000e-06	-4.330223e-02	-1.321028e+01
4.460000e-06	-4.083591e-02	-1.300347e+01
4.470000e-06	-3.964712e-02	-1.285364e+01
4.480000e-06	-4.033615e-02	-1.266658e+01
4.490000e-06	-3.682748e-02	-1.250820e+01
4.500000e-06	-3.357806e-02	-1.230870e+01
4.510000e-06	-3.159240e-02	-1.214823e+01
4.520000e-06	-3.019495e-02	-1.191873e+01
4.530000e-06	-2.593238e-02	-1.170565e+01
4.540000e-06	-2.319161e-02	-1.148552e+01
4.550000e-06	-2.235333e-02	-1.127592e+01
4.560000e-06	-2.470338e-02	-1.101497e+01
4.570000e-06	-2.370876e-02	-1.082646e+01
4.580000e-06	-2.152747e-02	-1.067444e+01
4.590000e-06	-2.029592e-02	-1.034238e+01
4.600000e-06	-1.829699e-02	-1.014226e+01
4.610000e-06	-1.700369e-02	-9.951206e+00
4.620000e-06	-1.442492e-02	-9.700677e+00
4.630000e-06	-1.485130e-02	-9.487649e+00
4.640000e-06	-1.528960e-02	-9.236992e+00
4.650000e-06	-1.646154e-02	-9.013445e+00
4.660000e-06	-1.344370e-02	-8.790387e+00
4.670000e-06	-1.363432e-02	-8.518157e+00
4.680000e-06	-1.316575e-02	-8.279099e+00
4.690000e-06	-1.252466e-02	-8.044495e+00
4.700000e-06	-1.095431e-02	-7.782757e+00
4.710000e-06	-9.318871e-03	-7.468524e+00
4.720000e-06	-1.058740e-02	-7.174414e+00
4.730000e-06	-9.925074e-03	-6.950606e+00
4.740000e-06	-1.072626e-02	-6.680543e+00
4.750000e-06	-8.710622e-03	-6.424444e+00
4.760000e-06	-1.065266e-02	-6.112680e+00
4.770000e-06	-9.111252e-03	-5.829548e+00
4.780000e-06	-9.058440e-03	-5.583411e+00
4.790000e-06	-8.358766e-03	-5.309522e+00
4.800000e-06	-8.932108e-03	-4.953361e+00
4.810000e-06	-5.946842e-03	-4.615469e+00
4.820000e-06	-6.679227e-03	-4.387441e+00
4.830000e-06	-7.286587e-03	-4.113261e+00
4.840000e-06	-7.574947e-03	-3.889549e+00
4.850000e-06	-8.615590e-03	-3.566816e+00
4.860000e-06	-6.724763e-03	-3.312132e+00
4.870000e-06	-7.074731e-03	-2.986239e+00
4.880000e-06	-5.072164e-03	-2.702682e+00
4.890000e-06	-5.054781e-03	-2.427371e+00
4.900000e-06	-5.260360e-03	-2.052181e+00
4.910000e-06	-6.475701e-03	-1.827970e+00
4.920000e-06	-5.155528e-03	-1.565369e+00
4.930000e-06	-6.031026e-03	-1.206392e+00
4.940000e-06	-6.469471e-03	-8.926093e-01
4.950000e-06	-5.952361e-03	-6.084688e-01
4.960000e-06	-2.472962e-03	-3.151582e-01
4.970000e-06	-1.675773e-03	-1.955007e-02
4.980000e-06	8.604523e-03	2.437130e-01
4.990000e-06	-1.610653e-03	5.679182e-01
5.000000e-06	3.626047e-03	7.900523e-01
5.010000e-06	-1.124152e-03	1.106893e+00
5.020000e-06	1.528573e-03	1.329451e+00
5.030000e-06	-5.199390e-04	1.756344e+00
5.040000e-06	9.252201e-03	1.915891e+00
5.050000e-06	3.625535e-02	2.169503e+00
5.060000e-06	8.459149e-02	2.535793e+00
5.070000e-06	-5.173328e-02	2.874814e+00
5.080000e-06	-4.910244e-02	3.185398e+00
5.090000e-06	-4.042707e-02	3.462714e+00
5.100000e-06	7.543238e-03	3.704365e+00
5.110000e-06	-5.043194e-02	3.915318e+00
5.120000e-06	-3.168612e-03	4.217949e+00
5.130000e-06	9.634382e-02	4.513764e+00
5.140000e-06	-8.754882e-02	4.746441e+00
5.150000e-06	1.489991e-01	5.039160e+00
5.160000e-06	-6.817402e-02	5.377976e+00
5.170000e-06	-2.741458e-02	5.619680e+00
5.180000e-06	3.484795e-02	5.895444e+00
5.190000e-06	-4.077276e-02	6.247601e+00
5.200000e-06	6.637270e-02	6.511231e+00
5.210000e-06	-5.655254e-02	6.795571e+00
5.220000e-06	4.245079e-02	7.018574e+00
5.230000e-06	1.871637e-02	7.412234e+00
5.240000e-06	-1.444061e-02	7.635073e+00
5.250000e-06	-1.779142e-02	7.911208e+00
5.260000e-06	-2.018500e-02	8.195496e+00
5.270000e-06	6.576718e-02	8.386051e+00
5.280000e-06	-1.511048e-02	8.618625e+00
5.290000e-06	-3.855330e-03	8.899780e+00
5.300000e-06	1.657119e-02	9.131785e+00
5.310000e-06	-8.095904e-03	9.384916e+00
5.320000e-06	2.491837e-02	9.602869e+00
5.330000e-06	-3.120114e-02	9.808578e+00
5.340000e-06	2.098805e-02	1.007823e+01
5.350000e-06	5.791972e-03	1.027068e+01
5.360000e-06	3.112681e-02	1.055336e+01
5.370000e-06	-1.022065e-02	1.071194e+01
5.380000e-06	-9.361699e-03	1.098192e+01
5.390000e-06	1.963274e-02	1.116484e+01
5.400000e-06	3.302521e-03	1.135549e+01
5.410000e-06	1.023965e-02	1.162507e+01
5.420000e-06	-1.295638e-02	1.183655e+01
5.430000e-06	2.836785e-02	1.207602e+01
5.440000e-06	8.165647e-03	1.224855e+01
5.450000e-06	1.094983e-02	1.239404e+01
5.460000e-06	-1.070499e-02	1.260249e+01
5.470000e-06	1.093159e-02	1.279186e+01
5.480000e-06	1.558525e-02	1.294233e+01
5.490000e-06	6.409410e-03	1.307721e+01
5.500000e-06	3.545150e-03	1.331771e+01
5.510000e-06	7.952422e-03	1.340655e+01
5.520000e-06	2.196321e-02	1.361342e+01
5.530000e-06	5.982725e-03	1.377034e+01
5.540000e-06	2.222557e-03	1.390761e+01
5.550000e-06	4.190625e-03	1.409465e+01
5.560000e-06	1.781461e-02	1.423249e+01
5.570000e-06	1.316812e-02	1.435331e+01
5.580000e-06	5.262704e-03	1.449565e+01
5.590000e-06	1.020841e-02	1.461309e+01
5.600000e-06	1.655144e-02	1.476926e+01
5.610000e-06	1.484976e-02	1.484352e+01
5.620000e-06	6.418102e-03	1.494918e+01
5.630000e-06	8.721291e-03	1.500339e+01
5.640000e-06	1.671675e-02	1.510660e+01
5.650000e-06	1.715661e-02	1.519186e+01
5.660000e-06	1.170705e-02	1.526457e+01
5.670000e-06	7.417145e-03	1.535888e+01
5.680000e-06	1.814207e-02	1.544404e+01
5.690000e-06	1.718401e-02	1.549758e+01
5.700000e-06	1.422170e-02	1.556826e+01
5.710000e-06	9.902092e-03	1.561136e+01
5.720000e-06	1.870245e-02	1.562406e+01
5.730000e-06	2.196167e-02	1.570620e+01
5.740000e-06	1.531031e-02	1.570875e+01
5.750000e-06	1.596383e-02	1.577984e+01
5.760000e-06	1.919346e-02	1.576194e+01
5.770000e-06	2.463668e-02	1.580339e+01
5.780000e-06	1.942148e-02	1.582304e+01
5.790000e-06	1.832589e-02	1.585297e+01
5.800000e-06	2.077670e-02	1.584154e+01
5.810000e-06	2.745525e-02	1.587299e+01
5.820000e-06	2.541860e-02	1.583354e+01
5.830000e-06	2.337124e-02	1.582246e+01
5.840000e-06	2.852980e-02	1.581286e+01
5.850000e-06	3.307171e-02	1.576976e+01
5.860000e-06	3.370951e-02	1.574871e+01
5.870000e-06	3.009084e-02	1.568562e+01
5.880000e-06	3.401338e-02	1.567504e+01
5.890000e-06	3.837961e-02	1.560236e+01
5.900000e-06	4.075153e-02	1.553788e+01
5.910000e-06	3.971134e-02	1.549700e+01
5.920000e-06	4.311591e-02	1.543246e+01
5.930000e-06	4.873922e-02	1.533978e+01
5.940000e-06	5.156614e-02	1.527649e+01
5.950000e-06	5.226318e-02	1.522133e+01
5.960000e-06	5.418419e-02	1.509718e+01
5.970000e-06	6.133627e-02	1.503186e+01
5.980000e-06	6.259484e-02	1.491863e+01
5.990000e-06	6.321732e-02	1.481336e+01
6.000000e-06	6.082273e-02	1.470713e+01
6.010000e-06	6.547327e-02	1.458091e+01
6.020000e-06	6.363821e-02	1.449557e+01
6.030000e-06	6.154755e-02	1.434966e+01
6.040000e-06	5.743619e-02	1.424287e+01
6.050000e-06	5.701186e-02	1.409504e+01
6.060000e-06	5.436033e-02	1.394870e+01
6.070000e-06	5.097366e-02	1.379131e+01
6.080000e-06	4.590183e-02	1.362437e+01
6.090000e-06	4.354593e-02	1.345502e+01
6.100000e-06	4.084304e-02	1.330757e+01
6.110000e-06	3.915075e-02	1.310923e+01
6.120000e-06	3.473638e-02	1.298138e+01
6.130000e-06	3.237797e-02	1.281189e+01
6.140000e-06	2.984756e-02	1.262594e+01
6.150000e-06	2.874732e-02	1.247402e+01
6.160000e-06	2.466807e-02	1.229802e+01
6.170000e-06	2.143350e-02	1.209607e+01
6.180000e-06	2.116131e-02	1.184610e+01
6.190000e-06	1.950580e-02	1.168405e+01
6.200000e-06	1.860805e-02	1.146649e+01
6.210000e-06	1.514659e-02	1.125344e+01
6.220000e-06	1.561315e-02	1.100386e+01
6.230000e-06	1.432080e-02	1.081646e+01
6.240000e-06	1.289150e-02	1.062389e+01
6.250000e-06	1.015721e-02	1.036128e+01
6.260000e-06	8.811605e-03	1.014226e+01
6.270000e-06	8.723534e-03	9.877647e+00
6.280000e-06	7.427682e-03	9.677548e+00
6.290000e-06	7.361582e-03	9.425945e+00
6.300000e-06	6.171617e-03	9.204862e+00
6.310000e-06	7.443430e-03	8.992741e+00
6.320000e-06	5.457057e-03	8.731152e+00
6.330000e-06	4.712095e-03	8.500573e+00
6.340000e-06	2.440671e-03	8.217943e+00
6.350000e-06	3.219027e-03	7.941886e+00
6.360000e-06	2.780392e-03	7.730707e+00
6.370000e-06	2.382489e-03	7.426996e+00
6.380000e-06	1.220776e-03	7.173336e+00
6.390000e-06	2.288462e-03	6.910154e+00
6.400000e-06	2.034043e-03	6.685944e+00
6.410000e-06	1.298165e-03	6.343256e+00
6.420000e-06	4.110723e-04	6.111573e+00
6.430000e-06	-6.249207e-04	5.869495e+00
6.440000e-06	2.806832e-04	5.595734e+00
6.450000e-06	-8.466854e-04	5.289568e+00
6.460000e-06	-1.177336e-03	4.872205e+00
6.470000e-06	-1.538066e-03	4.638495e+00
6.480000e-06	-1.293145e-03	4.363760e+00
6.490000e-06	-1.407003e-03	4.028500e+00
6.500000e-06	-2.970401e-03	3.764840e+00
6.510000e-06	-2.825710e-03	3.553209e+00
6.520000e-06	-2.357391e-03	3.225845e+00
6.530000e-06	-2.611255e-03	2.923209e+00
6.540000e-06	-2.868821e-03	2.659023e+00
6.550000e-06	-3.818823e-03	2.344312e+00
6.560000e-06	-3.720054e-03	2.030077e+00
6.570000e-06	-3.269484e-03	1.797393e+00
6.580000e-06	-4.227181e-03	1.472579e+00
6.590000e-06	-4.065088e-03	1.167813e+00
6.600000e-06	-3.844747e-03	8.195276e-01
6.610000e-06	-3.373011e-03	5.357646e-01
6.620000e-06	-3.137166e-03	2.625280e-01
6.630000e-06	-3.045956e-03	-9.323647e-02
6.640000e-06	7.043310e-03	-2.748682e-01
6.650000e-06	-1.736422e-03	-5.904537e-01
6.660000e-06	9.394241e-04	-8.642078e-01
6.670000e-06	-7.118221e-03	-1.107817e+00
6.680000e-06	2.980263e-05	-1.441788e+00
6.690000e-06	-2.330272e-03	-1.715293e+00
6.700000e-06	1.941828e-02	-1.927943e+00
6.710000e-06	8.934431e-02	-2.198601e+00
6.720000e-06	-9.643165e-04	-2.538028e+00
6.730000e-06	-7.175887e-02	-2.996532e+00
6.740000e-06	-3.817830e-02	-3.314342e+00
6.750000e-06	-2.875737e-02	-3.545870e+00
6.760000e-06	-5.435633e-02	-3.797580e+00
6.770000e-06	4.522490e-02	-4.007495e+00
6.780000e-06	6.558513e-02	-4.198547e+00
6.790000e-06	-1.395168e-01	-4.553317e+00
6.800000e-06	2.051194e-01	-4.775919e+00
6.810000e-06	-1.393670e-01	-5.092785e+00
6.820000e-06	4.039301e-02	-5.409205e+00
6.830000e-06	-2.502065e-02	-5.662713e+00
6.840000e-06	-1.046477e-01	-6.016546e+00
6.850000e-06	1.606906e-01	-6.199052e+00
6.860000e-06	-1.322294e-01	-6.555842e+00
6.870000e-06	9.982920e-02	-6.787521e+00
6.880000e-06	-3.880247e-02	-7.061262e+00
6.890000e-06	-2.522707e-02	-7.446600e+00
6.900000e-06	3.912799e-02	-7.639652e+00
6.910000e-06	-1.089129e-01	-7.953917e+00
6.920000e-06	1.007463e-01	-8.185519e+00
6.930000e-06	-8.069352e-02	-8.447626e+00
6.940000e-06	5.882885e-02	-8.741728e+00
6.950000e-06	-1.887551e-02	-8.941391e+00
6.960000e-06	-4.780394e-02	-9.196120e+00
6.970000e-06	4.517994e-02	-9.446547e+00
6.980000e-06	-7.309114e-02	-9.668236e+00
6.990000e-06	6.511051e-02	-9.850179e+00
7.000000e-06	-7.467097e-02	-1.012171e+01
7.010000e-06	5.854387e-02	-1.038446e+01
7.020000e-06	-4.861086e-02	-1.057599e+01
7.030000e-06	1.274515e-02	-1.081554e+01
7.040000e-06	-2.824014e-02	-1.103349e+01
7.050000e-06	-1.330015e-02	-1.123662e+01
7.060000e-06	9.239462e-03	-1.142763e+01
7.070000e-06	-2.555790e-02	-1.165066e+01
7.080000e-06	1.543207e-02	-1.187668e+01
7.090000e-06	-3.719235e-02	-1.210813e+01
7.100000e-06	1.890138e-02	-1.232026e+01
7.110000e-06	-4.380187e-02	-1.247618e+01
7.120000e-06	1.260821e-02	-1.269663e+01
7.130000e-06	-3.505501e-02	-1.286607e+01
7.140000e-06	1.288971e-02	-1.302309e+01
7.150000e-06	-2.431356e-02	-1.315089e+01
7.160000e-06	-1.580588e-03	-1.331086e+01
7.170000e-06	-1.884284e-02	-1.347763e+01
7.180000e-06	-1.279689e-02	-1.362518e+01
7.190000e-06	-1.211941e-02	-1.378249e+01
7.200000e-06	-2.203038e-02	-1.400281e+01
7.210000e-06	-6.511867e-03	-1.408665e+01
7.220000e-06	-2.031320e-02	-1.425710e+01
7.230000e-06	-4.020599e-03	-1.439241e+01
7.240000e-06	-2.336143e-02	-1.450625e+01
7.250000e-06	-9.443881e-03	-1.462457e+01
7.260000e-06	-2.357995e-02	-1.474928e+01
7.270000e-06	-9.630256e-03	-1.487554e+01
7.280000e-06	-2.335433e-02	-1.498983e+01
7.290000e-06	-1.231101e-02	-1.505507e+01
7.300000e-06	-2.063093e-02	-1.515020e+01
7.310000e-06	-1.278220e-02	-1.521399e+01
7.320000e-06	-2.216891e-02	-1.528777e+01
7.330000e-06	-1.875609e-02	-1.540041e+01
7.340000e-06	-2.192476e-02	-1.543347e+01
7.350000e-06	-2.034842e-02	-1.553613e+01
7.360000e-06	-1.986048e-02	-1.558081e+01
7.370000e-06	-2.267908e-02	-1.566299e+01
7.380000e-06	-1.859512e-02	-1.569510e+01
7.390000e-06	-2.551182e-02	-1.570922e+01
7.400000e-06	-2.073350e-02	-1.573881e+01
7.410000e-06	-2.783474e-02	-1.579990e+01
7.420000e-06	-2.250708e-02	-1.578184e+01
7.430000e-06	-2.736511e-02	-1.581307e+01
7.440000e-06	-2.500712e-02	-1.582402e+01
7.450000e-06	-2.805308e-02	-1.588609e+01
7.460000e-06	-2.860113e-02	-1.582412e+01
7.470000e-06	-3.070867e-02	-1.583347e+01
7.480000e-06	-3.133770e-02	-1.583304e+01
7.490000e-06	-3.346583e-02	-1.581046e+01
7.500000e-06	-3.443248e-02	-1.582189e+01
7.510000e-06	-3.699655e-02	-1.575939e+01
7.520000e-06	-3.822290e-02	-1.577735e+01
7.530000e-06	-4.013650e-02	-1.566720e+01
7.540000e-06	-4.135478e-02	-1.565454e+01
7.550000e-06	-4.374501e-02	-1.558139e+01
7.560000e-06	-4.602922e-02	-1.554023e+01
7.570000e-06	-4.759112e-02	-1.548562e+01
7.580000e-06	-5.056424e-02	-1.544296e+01
7.590000e-06	-5.305561e-02	-1.533818e+01
7.600000e-06	-5.820352e-02	-1.525347e+01
7.610000e-06	-5.950350e-02	-1.519946e+01
7.620000e-06	-6.262452e-02	-1.510673e+01
7.630000e-06	-6.464381e-02	-1.501281e+01
7.640000e-06	-6.809387e-02	-1.492815e+01
7.650000e-06	-6.884974e-02	-1.484186e+01
7.660000e-06	-7.037374e-02	-1.467655e+01
7.670000e-06	-7.012323e-02	-1.461089e+01
7.680000e-06	-6.961696e-02	-1.446457e+01
7.690000e-06	-6.793877e-02	-1.433031e+01
7.700000e-06	-6.539273e-02	-1.425299e+01
7.710000e-06	-6.334908e-02	-1.408319e+01
7.720000e-06	-6.097924e-02	-1.390928e+01
7.730000e-06	-5.774276e-02	-1.378928e+01
7.740000e-06	-5.466681e-02	-1.360383e+01
7.750000e-06	-5.086577e-02	-1.346547e+01
7.760000e-06	-4.837541e-02	-1.330923e+01
7.770000e-06	-4.489315e-02	-1.312073e+01
7.780000e-06	-4.167607e-02	-1.298026e+01
7.790000e-06	-4.032839e-02	-1.281291e+01
7.800000e-06	-3.640088e-02	-1.265494e+01
7.810000e-06	-3.852425e-02	-1.245610e+01
7.820000e-06	-3.171282e-02	-1.228908e+01
7.830000e-06	-3.191698e-02	-1.208660e+01
7.840000e-06	-2.794167e-02	-1.187665e+01
7.850000e-06	-2.790011e-02	-1.165404e+01
7.860000e-06	-2.305027e-02	-1.145099e+01
7.870000e-06	-2.337473e-02	-1.117286e+01
7.880000e-06	-2.196584e-02	-1.096333e+01
7.890000e-06	-2.408560e-02	-1.076291e+01
7.900000e-06	-2.199859e-02	-1.057141e+01
7.910000e-06	-2.050222e-02	-1.034073e+01
7.920000e-06	-1.721531e-02	-1.014010e+01
7.930000e-06	-1.743897e-02	-9.900126e+00
7.940000e-06	-1.395429e-02	-9.698047e+00
7.950000e-06	-1.393449e-02	-9.457494e+00
7.960000e-06	-1.625724e-02	-9.193890e+00
7.970000e-06	-1.568678e-02	-8.949858e+00
7.980000e-06	-1.631094e-02	-8.750676e+00
7.990000e-06	-1.226379e-02	-8.416096e+00
8.000000e-06	-1.234160e-02	-8.216945e+00
8.010000e-06	-1.092943e-02	-7.983388e+00
8.020000e-06	-1.031076e-02	-7.687650e+00
8.030000e-06	-1.007081e-02	-7.394895e+00
8.040000e-06	-1.086155e-02	-7.172331e+00
8.050000e-06	-1.115087e-02	-6.819579e+00
8.060000e-06	-1.100792e-02	-6.605445e+00
8.070000e-06	-8.806419e-03	-6.333812e+00
8.080000e-06	-9.731997e-03	-6.079100e+00
8.090000e-06	-8.515050e-03	-5.805394e+00
8.100000e-06	-8.383675e-03	-5.511178e+00
8.110000e-06	-7.127194e-03	-5.235989e+00
8.120000e-06	-7.982081e-03	-4.909674e+00
8.130000e-06	-7.095610e-03	-4.542417e+00
8.140000e-06	-8.129608e-03	-4.334286e+00
8.150000e-06	-7.067191e-03	-4.092129e+00
8.160000e-06	-7.440649e-03	-3.754788e+00
8.170000e-06	-7.918215e-03	-3.472177e+00
8.180000e-06	-8.180253e-03	-3.228495e+00
8.190000e-06	-4.807902e-03	-2.923108e+00
8.200000e-06	-6.083448e-03	-2.639023e+00
8.210000e-06	-5.505680e-03	-2.336411e+00
8.220000e-06	-6.771166e-03	-2.039524e+00
8.230000e-06	-4.307235e-03	-1.775662e+00
8.240000e-06	-5.050300e-03	-1.460704e+00
8.250000e-06	-6.585465e-03	-1.124259e+00
8.260000e-06	-6.526807e-03	-8.400516e-01
8.270000e-06	-3.961081e-03	-5.731884e-01
8.280000e-06	-7.541503e-04	-2.715542e-01
8.290000e-06	-1.276631e-03	1.462750e-02
8.300000e-06	8.230603e-03	3.484169e-01
8.310000e-06	-2.694199e-03	5.880537e-01
8.320000e-06	5.150426e-03	8.226563e-01
8.330000e-06	-3.925424e-03	1.188472e+00
8.340000e-06	2.694056e-03	1.450656e+00
8.350000e-06	-1.177204e-03	1.759445e+00
8.360000e-06	1.487603e-02	1.980072e+00
8.370000e-06	4.836165e-02	2.261155e+00
8.380000e-06	6.963058e-02	2.599985e+00
8.390000e-06	-6.729752e-02	2.947868e+00
8.400000e-06	-4.443141e-02	3.222684e+00
8.410000e-06	-3.056637e-02	3.525343e+00
8.420000e-06	3.050708e-03	3.757997e+00
8.430000e-06	-5.776590e-02	3.958847e+00
8.440000e-06	2.764332e-02	4.270651e+00
8.450000e-06	6.610384e-02	4.525874e+00
8.460000e-06	-6.759589e-02	4.797997e+00
8.470000e-06	1.565523e-01	5.093263e+00
8.480000e-06	-1.096928e-01	5.452154e+00
8.490000e-06	1.807104e-02	5.742214e+00
8.500000e-06	5.497288e-03	5.988547e+00
8.510000e-06	-1.947073e-02	6.239655e+00
8.520000e-06	5.103315e-02	6.574815e+00
8.530000e-06	-6.015026e-02	6.840104e+00
8.540000e-06	6.435506e-02	7.081685e+00
8.550000e-06	-6.740652e-03	7.385418e+00
8.560000e-06	-6.550196e-05	7.660630e+00
8.570000e-06	-3.193402e-02	7.993392e+00
8.580000e-06	6.182561e-03	8.198577e+00
8.590000e-06	5.281459e-02	8.439652e+00
8.600000e-06	-2.787551e-02	8.649630e+00
8.610000e-06	1.392604e-02	8.931734e+00
8.620000e-06	1.771154e-03	9.164937e+00
8.630000e-06	5.377310e-03	9.427522e+00
8.640000e-06	7.913266e-03	9.697103e+00
8.650000e-06	-1.732041e-02	9.930756e+00
8.660000e-06	1.781168e-02	1.012029e+01
8.670000e-06	9.718470e-03	1.036227e+01
8.680000e-06	2.577115e-02	1.058341e+01
8.690000e-06	-1.701922e-02	1.075299e+01
8.700000e-06	1.899523e-03	1.101447e+01
8.710000e-06	1.227908e-02	1.121397e+01
8.720000e-06	8.026363e-03	1.142557e+01
8.730000e-06	1.854715e-03	1.166767e+01
8.740000e-06	2.704561e-05	1.188868e+01
8.750000e-06	2.276837e-02	1.210968e+01
8.760000e-06	1.049292e-02	1.226463e+01
8.770000e-06	3.630012e-03	1.247663e+01
8.780000e-06	-6.247695e-03	1.264653e+01
8.790000e-06	1.356530e-02	1.282339e+01
8.800000e-06	1.283252e-02	1.294191e+01
8.810000e-06	7.464808e-03	1.313043e+01
8.820000e-06	2.028469e-03	1.332878e+01
8.830000e-06	1.413806e-02	1.345860e+01
8.840000e-06	1.535047e-02	1.363602e+01
8.850000e-06	6.364620e-03	1.379341e+01
8.860000e-06	-4.757226e-04	1.394791e+01
8.870000e-06	1.191966e-02	1.420823e+01
8.880000e-06	1.571389e-02	1.426502e+01
8.890000e-06	1.155957e-02	1.439342e+01
8.900000e-06	4.418234e-03	1.454768e+01
8.910000e-06	1.260295e-02	1.461650e+01
8.920000e-06	1.703450e-02	1.479036e+01
8.930000e-06	1.042711e-02	1.484609e+01
8.940000e-06	7.060137e-03	1.494126e+01
8.950000e-06	1.012576e-02	1.501399e+01
8.960000e-06	1.976540e-02	1.511775e+01
8.970000e-06	1.228149e-02	1.520091e+01
8.980000e-06	1.195564e-02	1.530815e+01
8.990000e-06	9.732931e-03	1.536880e+01
9.000000e-06	2.016687e-02	1.544404e+01
9.010000e-06	1.416290e-02	1.548763e+01
9.020000e-06	1.243888e-02	1.557933e+01
9.030000e-06	1.351590e-02	1.561291e+01
9.040000e-06	1.976787e-02	1.569657e+01
9.050000e-06	2.059815e-02	1.568667e+01
9.060000e-06	1.326985e-02	1.578926e+01
9.070000e-06	1.737532e-02	1.577026e+01
9.080000e-06	1.928937e-02	1.581089e+01
9.090000e-06	2.446753e-02	1.582086e+01
9.100000e-06	1.820301e-02	1.582299e+01
9.110000e-06	2.129038e-02	1.587304e+01
9.120000e-06	2.261845e-02	1.585252e+01
9.130000e-06	2.668625e-02	1.585249e+01
9.140000e-06	2.506773e-02	1.584299e+01
9.150000e-06	2.457771e-02	1.582089e+01
9.160000e-06	2.979796e-02	1.580146e+01
9.170000e-06	3.219393e-02	1.577928e+01
9.180000e-06	3.237440e-02	1.576771e+01
9.190000e-06	3.100672e-02	1.568557e+01
9.200000e-06	3.599442e-02	1.567351e+01
9.210000e-06	3.866574e-02	1.560141e+01
9.220000e-06	3.995919e-02	1.556970e+01
9.230000e-06	4.052788e-02	1.547607e+01
9.240000e-06	4.412012e-02	1.543291e+01
9.250000e-06	4.918332e-02	1.538933e+01
9.260000e-06	5.096668e-02	1.526599e+01
9.270000e-06	5.248459e-02	1.520081e+01
9.280000e-06	5.565812e-02	1.506612e+01
9.290000e-06	6.124307e-02	1.502136e+01
9.300000e-06	6.215778e-02	1.486715e+01
9.310000e-06	6.295525e-02	1.482191e+01
9.320000e-06	6.214152e-02	1.469658e+01
9.330000e-06	6.441404e-02	1.462131e+01
9.340000e-06	6.242991e-02	1.445452e+01
9.350000e-06	5.984551e-02	1.431915e+01
9.360000e-06	5.787823e-02	1.421039e+01
9.370000e-06	5.696725e-02	1.402454e+01
9.380000e-06	5.380230e-02	1.388607e+01
9.390000e-06	5.066744e-02	1.375973e+01
9.400000e-06	4.507848e-02	1.359129e+01
9.410000e-06	4.365787e-02	1.344647e+01
9.420000e-06	3.934488e-02	1.329457e+01
9.430000e-06	3.665119e-02	1.311665e+01
9.440000e-06	3.327930e-02	1.295020e+01
9.450000e-06	3.274838e-02	1.279131e+01
9.460000e-06	2.885464e-02	1.260293e+01
9.470000e-06	2.779723e-02	1.241347e+01
9.480000e-06	2.418551e-02	1.226499e+01
9.490000e-06	2.334858e-02	1.204384e+01
9.500000e-06	2.170269e-02	1.183494e+01
9.510000e-06	1.780104e-02	1.163196e+01
9.520000e-06	1.764740e-02	1.142338e+01
9.530000e-06	1.506317e-02	1.118236e+01
9.540000e-06	1.542855e-02	1.096186e+01
9.550000e-06	1.247117e-02	1.078286e+01
9.560000e-06	1.185236e-02	1.054171e+01
9.570000e-06	1.094648e-02	1.030963e+01
9.580000e-06	1.221654e-02	1.011855e+01
9.590000e-06	7.815172e-03	9.887069e+00
9.600000e-06	5.638077e-03	9.562418e+00
9.610000e-06	6.819701e-03	9.382819e+00
9.620000e-06	6.385677e-03	9.161833e+00
9.630000e-06	5.344565e-03	8.902675e+00
9.640000e-06	4.086458e-03	8.647075e+00
9.650000e-06	5.967857e-03	8.466970e+00
9.660000e-06	4.480613e-03	8.245811e+00
9.670000e-06	3.782711e-03	7.921678e+00
9.680000e-06	8.925624e-04	7.688444e+00
9.690000e-06	2.290885e-03	7.373713e+00
9.700000e-06	1.274493e-03	7.141654e+00
9.710000e-06	1.367832e-03	6.877999e+00
9.720000e-06	1.418417e-04	6.564316e+00
9.730000e-06	1.539062e-03	6.301125e+00
9.740000e-06	1.806356e-03	6.070522e+00
9.750000e-06	2.298284e-04	5.785336e+00
9.760000e-06	-1.035850e-03	5.509703e+00
9.770000e-06	-1.176993e-03	5.185441e+00
9.780000e-06	-9.415285e-04	4.858050e+00
9.790000e-06	-8.594241e-04	4.525811e+00
9.800000e-06	-2.610605e-03	4.313602e+00
9.810000e-06	-8.931254e-04	3.975417e+00
9.820000e-06	-1.518143e-03	3.702782e+00
9.830000e-06	-1.926553e-03	3.431000e+00
9.840000e-06	-2.943877e-03	3.175665e+00
9.850000e-06	-2.855628e-03	2.860552e+00
9.860000e-06	-3.062795e-03	2.636838e+00
9.870000e-06	-3.578453e-03	2.261083e+00
9.880000e-06	-4.062748e-03	2.009973e+00
9.890000e-06	-3.919367e-03	1.703187e+00
9.900000e-06	-3.277850e-03	1.398996e+00
9.910000e-06	-4.300287e-03	1.062732e+00
9.920000e-06	-3.807157e-03	7.477649e-01
9.930000e-06	-4.610856e-03	4.531053e-01
9.940000e-06	-2.765635e-03	1.989185e-01
9.950000e-06	-1.837190e-03	-8.634180e-02
9.960000e-06	7.970241e-03	-3.690236e-01
9.970000e-06	-5.614129e-03	-6.137115e-01
9.980000e-06	2.805091e-03	-9.148220e-01
9.990000e-06	-6.752432e-03	-1.191076e+00
1.000000e-05	1.038539e-03	-1.526866e+00
1.001000e-05	-2.695241e-03	-1.737420e+00
1.002000e-05	2.817172e-02	-1.968050e+00
1.003000e-05	1.008275e-01	-2.263736e+00
1.004000e-05	-4.278909e-02	-2.653237e+00
1.005000e-05	-5.629613e-02	-3.052634e+00
1.006000e-05	-4.334714e-02	-3.358472e+00
1.007000e-05	-1.893946e-02	-3.547500e+00
1.008000e-05	-6.699280e-02	-3.872755e+00
1.009000e-05	9.825340e-02	-4.070003e+00
1.010000e-05	-1.316375e-02	-4.263185e+00
1.011000e-05	-6.631773e-02	-4.556497e+00
1.012000e-05	1.797436e-01	-4.796995e+00
1.013000e-05	-1.756325e-01	-5.135993e+00
1.014000e-05	9.980032e-02	-5.483382e+00
1.015000e-05	-1.029682e-01	-5.754496e+00
1.016000e-05	-1.588679e-02	-6.039656e+00
1.017000e-05	1.097615e-01	-6.260159e+00
1.018000e-05	-1.262598e-01	-6.567979e+00
1.019000e-05	1.253770e-01	-6.850175e+00
1.020000e-05	-8.642601e-02	-7.132470e+00
1.021000e-05	2.786594e-02	-7.459178e+00
1.022000e-05	-1.366950e-02	-7.711208e+00
1.023000e-05	-6.793189e-02	-8.007102e+00
1.024000e-05	9.258539e-02	-8.248047e+00
1.025000e-05	-9.339408e-02	-8.550232e+00
1.026000e-05	8.955443e-02	-8.762961e+00
1.027000e-05	-7.018328e-02	-8.996523e+00
1.028000e-05	4.097913e-03	-9.258075e+00
1.029000e-05	3.703584e-03	-9.429155e+00
1.030000e-05	-4.383658e-02	-9.710813e+00
1.031000e-05	4.520322e-02	-9.881810e+00
1.032000e-05	-6.659221e-02	-1.015497e+01
1.033000e-05	6.683399e-02	-1.039406e+01
1.034000e-05	-6.671194e-02	-1.058860e+01
1.035000e-05	3.293652e-02	-1.083707e+01
1.036000e-05	-5.367601e-02	-1.103612e+01
1.037000e-05	1.646640e-02	-1.125718e+01
1.038000e-05	-1.871743e-02	-1.146908e+01
1.039000e-05	-7.057217e-03	-1.169126e+01
1.040000e-05	-2.456999e-03	-1.192933e+01
1.041000e-05	-1.814974e-02	-1.213131e+01
1.042000e-05	9.508125e-03	-1.233068e+01
1.043000e-05	-3.988275e-02	-1.251976e+01
1.044000e-05	9.325715e-03	-1.268923e+01
1.045000e-05	-3.525213e-02	-1.284768e+01
1.046000e-05	1.633853e-02	-1.302599e+01
1.047000e-05	-3.370434e-02	-1.319354e+01
1.048000e-05	7.482921e-03	-1.330291e+01
1.049000e-05	-2.474286e-02	-1.349868e+01
1.050000e-05	-1.193224e-03	-1.368818e+01
1.051000e-05	-2.317637e-02	-1.385595e+01
1.052000e-05	-1.479696e-02	-1.399241e+01
1.053000e-05	-1.215058e-02	-1.414873e+01
1.054000e-05	-1.483586e-02	-1.426662e+01
1.055000e-05	-1.045145e-02	-1.440952e+01
1.056000e-05	-2.137116e-02	-1.450871e+01
1.057000e-05	-9.259869e-03	-1.462605e+01
1.058000e-05	-2.134661e-02	-1.475086e+01
1.059000e-05	-1.177692e-02	-1.487612e+01
1.060000e-05	-2.381254e-02	-1.496138e+01
1.061000e-05	-1.177786e-02	-1.507610e+01
1.062000e-05	-1.992816e-02	-1.513875e+01
1.063000e-05	-1.355095e-02	-1.524249e+01
1.064000e-05	-2.479573e-02	-1.530822e+01
1.065000e-05	-1.705683e-02	-1.540994e+01
1.066000e-05	-2.321731e-02	-1.547465e+01
1.067000e-05	-1.805728e-02	-1.549770e+01
1.068000e-05	-2.283871e-02	-1.558874e+01
1.069000e-05	-1.990135e-02	-1.562402e+01
1.070000e-05	-2.017562e-02	-1.568562e+01
1.071000e-05	-2.426033e-02	-1.573672e+01
1.072000e-05	-2.330312e-02	-1.578033e+01
1.073000e-05	-2.687846e-02	-1.583036e+01
1.074000e-05	-2.202738e-02	-1.581196e+01
1.075000e-05	-2.751759e-02	-1.583246e+01
1.076000e-05	-2.555532e-02	-1.589354e+01
1.077000e-05	-2.925112e-02	-1.585302e+01
1.078000e-05	-2.778712e-02	-1.587404e+01
1.079000e-05	-3.132999e-02	-1.585397e+01
1.080000e-05	-3.244908e-02	-1.587444e+01
1.081000e-05	-3.365077e-02	-1.582201e+01
1.082000e-05	-3.397739e-02	-1.580093e+01
1.083000e-05	-3.645313e-02	-1.579933e+01
1.084000e-05	-3.888999e-02	-1.573818e+01
1.085000e-05	-4.140762e-02	-1.569565e+01
1.086000e-05	-4.159772e-02	-1.563394e+01
1.087000e-05	-4.363374e-02	-1.558131e+01
1.088000e-05	-4.552689e-02	-1.554875e+01
1.089000e-05	-4.849564e-02	-1.548657e+01
1.090000e-05	-5.021720e-02	-1.542146e+01
1.091000e-05	-5.388112e-02	-1.533866e+01
1.092000e-05	-5.875162e-02	-1.523401e+01
1.093000e-05	-6.051694e-02	-1.512131e+01
1.094000e-05	-6.326194e-02	-1.510760e+01
1.095000e-05	-6.557190e-02	-1.502189e+01
1.096000e-05	-6.940645e-02	-1.492669e+01
1.097000e-05	-6.965816e-02	-1.479084e+01
1.098000e-05	-7.032527e-02	-1.468655e+01
1.099000e-05	-7.002283e-02	-1.459976e+01
1.100000e-05	-6.977015e-02	-1.440501e+01
1.101000e-05	-6.775508e-02	-1.431768e+01
1.102000e-05	-6.499880e-02	-1.419176e+01
1.103000e-05	-6.308089e-02	-1.402296e+01
1.104000e-05	-6.035396e-02	-1.387567e+01
1.105000e-05	-5.752156e-02	-1.373871e+01
1.106000e-05	-5.304590e-02	-1.357183e+01
1.107000e-05	-4.969231e-02	-1.346392e+01
1.108000e-05	-4.799559e-02	-1.329505e+01
1.109000e-05	-4.510752e-02	-1.312870e+01
1.110000e-05	-4.086774e-02	-1.297173e+01
1.111000e-05	-3.881119e-02	-1.276133e+01
1.112000e-05	-3.769049e-02	-1.263251e+01
1.113000e-05	-3.523215e-02	-1.243452e+01
1.114000e-05	-3.212986e-02	-1.226604e+01
1.115000e-05	-2.948409e-02	-1.204299e+01
1.116000e-05	-2.954735e-02	-1.183592e+01
1.117000e-05	-2.792068e-02	-1.163139e+01
1.118000e-05	-2.460167e-02	-1.134193e+01
1.119000e-05	-2.312647e-02	-1.114068e+01
1.120000e-05	-2.342763e-02	-1.096023e+01
1.121000e-05	-2.162855e-02	-1.073976e+01
1.122000e-05	-2.075852e-02	-1.053025e+01
1.123000e-05	-1.803401e-02	-1.030015e+01
1.124000e-05	-1.952004e-02	-1.007550e+01
1.125000e-05	-1.790594e-02	-9.846493e+00
1.126000e-05	-1.701301e-02	-9.624445e+00
1.127000e-05	-1.436538e-02	-9.392864e+00
1.128000e-05	-1.457633e-02	-9.121734e+00
1.129000e-05	-1.469915e-02	-8.940674e+00
1.130000e-05	-1.384746e-02	-8.677594e+00
1.131000e-05	-1.217154e-02	-8.393492e+00
1.132000e-05	-1.200108e-02	-8.143334e+00
1.133000e-05	-1.287793e-02	-7.888673e+00
1.134000e-05	-1.151198e-02	-7.634440e+00
1.135000e-05	-1.018144e-02	-7.331260e+00
1.136000e-05	-1.085790e-02	-7.090152e+00
1.137000e-05	-1.061234e-02	-6.814920e+00
1.138000e-05	-1.093342e-02	-6.543289e+00
1.139000e-05	-8.390521e-03	-6.330127e+00
1.140000e-05	-9.856575e-03	-5.995341e+00
1.141000e-05	-8.196755e-03	-5.722233e+00
1.142000e-05	-1.021675e-02	-5.477949e+00
1.143000e-05	-6.502770e-03	-5.152285e+00
1.144000e-05	-8.257509e-03	-4.817269e+00
1.145000e-05	-6.390180e-03	-4.502184e+00
1.146000e-05	-8.963934e-03	-4.292132e+00
1.147000e-05	-6.548239e-03	-4.018472e+00
1.148000e-05	-7.870352e-03	-3.762182e+00
1.149000e-05	-6.966369e-03	-3.450574e+00
1.150000e-05	-9.292837e-03	-3.185890e+00
1.151000e-05	-5.047870e-03	-2.859523e+00
1.152000e-05	-5.067171e-03	-2.566391e+00
1.153000e-05	-4.134345e-03	-2.282754e+00
1.154000e-05	-6.484599e-03	-1.987445e+00
1.155000e-05	-5.100566e-03	-1.692212e+00
1.156000e-05	-5.762131e-03	-1.436492e+00
1.157000e-05	-6.387816e-03	-1.081578e+00
1.158000e-05	-5.994719e-03	-8.069112e-01
1.159000e-05	-4.426827e-03	-4.701532e-01
1.160000e-05	-1.594035e-03	-2.194688e-01
1.161000e-05	2.544475e-03	8.361540e-02
1.162000e-05	8.470256e-03	3.806036e-01
1.163000e-05	-3.805210e-03	6.632089e-01
1.164000e-05	2.958491e-03	9.153408e-01
1.165000e-05	-3.359169e-03	1.202981e+00
1.166000e-05	3.146050e-03	1.517242e+00
1.167000e-05	-2.004195e-03	1.810128e+00
1.168000e-05	1.886310e-02	2.020656e+00
1.169000e-05	6.293307e-02	2.296422e+00
1.170000e-05	4.618637e-02	2.702739e+00
1.171000e-05	-7.364416e-02	2.990099e+00
1.172000e-05	-4.463730e-02	3.263709e+00
1.173000e-05	-1.928405e-02	3.577425e+00
1.174000e-05	-6.290754e-03	3.818553e+00
1.175000e-05	-5.603000e-02	3.987921e+00
1.176000e-05	5.937346e-02	4.272815e+00
1.177000e-05	1.886964e-02	4.600026e+00
1.178000e-05	-1.592263e-02	4.838754e+00
1.179000e-05	1.259627e-01	5.198076e+00
1.180000e-05	-1.244715e-01	5.515257e+00
1.181000e-05	4.919069e-02	5.763917e+00
1.182000e-05	-2.213773e-02	6.061133e+00
1.183000e-05	1.143309e-02	6.343162e+00
1.184000e-05	2.174181e-02	6.597500e+00
1.185000e-05	-4.603519e-02	6.902734e+00
1.186000e-05	7.308759e-02	7.152817e+00
1.187000e-05	-2.260821e-02	7.449027e+00
1.188000e-05	6.598100e-03	7.702337e+00
1.189000e-05	-4.390009e-02	8.027520e+00
1.190000e-05	3.380003e-02	8.251155e+00
1.191000e-05	3.622854e-02	8.500737e+00
1.192000e-05	-3.313406e-02	8.703291e+00
1.193000e-05	2.440042e-02	8.974843e+00
1.194000e-05	-8.781851e-03	9.268048e+00
1.195000e-05	2.113236e-02	9.419097e+00
1.196000e-05	-9.629985e-03	9.700736e+00
1.197000e-05	-3.413589e-03	9.941409e+00
1.198000e-05	1.252557e-02	1.017454e+01
1.199000e-05	1.818065e-02	1.035402e+01
1.200000e-05	1.792337e-02	1.061653e+01
1.201000e-05	-2.286734e-02	1.081708e+01
1.202000e-05	1.223047e-02	1.101705e+01
1.203000e-05	5.979802e-03	1.125710e+01
1.204000e-05	1.427323e-02	1.148768e+01
1.205000e-05	-9.213964e-03	1.171781e+01
1.206000e-05	1.238982e-02	1.194081e+01
1.207000e-05	1.647979e-02	1.212921e+01
1.208000e-05	1.441741e-02	1.230018e+01
1.209000e-05	-4.008974e-03	1.249870e+01
1.210000e-05	-1.624964e-03	1.262713e+01
1.211000e-05	1.595345e-02	1.286412e+01
1.212000e-05	1.061924e-02	1.303499e+01
1.213000e-05	6.760558e-03	1.319151e+01
1.214000e-05	5.535049e-04	1.337084e+01
1.215000e-05	2.107898e-02	1.354926e+01
1.216000e-05	1.097264e-02	1.362707e+01
1.217000e-05	6.575648e-03	1.381394e+01
1.218000e-05	-2.283704e-03	1.399096e+01
1.219000e-05	1.630443e-02	1.411831e+01
1.220000e-05	1.459712e-02	1.429665e+01
1.221000e-05	9.328460e-03	1.443247e+01
1.222000e-05	5.658073e-03	1.454933e+01
1.223000e-05	1.464791e-02	1.467463e+01
1.224000e-05	1.796776e-02	1.476082e+01
1.225000e-05	7.214203e-03	1.487807e+01
1.226000e-05	7.966105e-03	1.494036e+01
1.227000e-05	1.124266e-02	1.505559e+01
1.228000e-05	2.107278e-02	1.516971e+01
1.229000e-05	1.085414e-02	1.524197e+01
1.230000e-05	1.009200e-02	1.533823e+01
1.231000e-05	1.117748e-02	1.536143e+01
1.232000e-05	1.991876e-02	1.548399e+01
1.233000e-05	1.448901e-02	1.551665e+01
1.234000e-05	1.028897e-02	1.561036e+01
1.235000e-05	1.613814e-02	1.563199e+01
1.236000e-05	2.124751e-02	1.564562e+01
1.237000e-05	1.921134e-02	1.568769e+01
1.238000e-05	1.165450e-02	1.574878e+01
1.239000e-05	1.788492e-02	1.576181e+01
1.240000e-05	2.157634e-02	1.583034e+01
1.241000e-05	2.234032e-02	1.579251e+01
1.242000e-05	1.745632e-02	1.582304e+01
1.243000e-05	2.046253e-02	1.586307e+01
1.244000e-05	2.673960e-02	1.584299e+01
1.245000e-05	2.558565e-02	1.584501e+01
1.246000e-05	2.313586e-02	1.584246e+01
1.247000e-05	2.384045e-02	1.582236e+01
1.248000e-05	3.264960e-02	1.577929e+01
1.249000e-05	3.322036e-02	1.575925e+01
1.250000e-05	3.046216e-02	1.573523e+01
1.251000e-05	3.078935e-02	1.568459e+01
1.252000e-05	3.795333e-02	1.564242e+01
1.253000e-05	4.067543e-02	1.558034e+01
1.254000e-05	3.774987e-02	1.555768e+01
1.255000e-05	4.070173e-02	1.548452e+01
1.256000e-05	4.536418e-02	1.538037e+01
1.257000e-05	5.198776e-02	1.533575e+01
1.258000e-05	4.969686e-02	1.529199e+01
1.259000e-05	5.253457e-02	1.519878e+01
1.260000e-05	5.750102e-02	1.506697e+01
1.261000e-05	6.206989e-02	1.497076e+01
1.262000e-05	6.222247e-02	1.489700e+01
1.263000e-05	6.069953e-02	1.476176e+01
1.264000e-05	6.459123e-02	1.471513e+01
1.265000e-05	6.513244e-02	1.448933e+01
1.266000e-05	6.255313e-02	1.447401e+01
1.267000e-05	5.779666e-02	1.427805e+01
1.268000e-05	5.701152e-02	1.418733e+01
1.269000e-05	5.820205e-02	1.401341e+01
1.270000e-05	5.248496e-02	1.385650e+01
1.271000e-05	4.718251e-02	1.369580e+01
1.272000e-05	4.382057e-02	1.352931e+01
1.273000e-05	4.446451e-02	1.339131e+01
1.274000e-05	3.976694e-02	1.323344e+01
1.275000e-05	3.562838e-02	1.305655e+01
1.276000e-05	3.300266e-02	1.292667e+01
1.277000e-05	3.391561e-02	1.273975e+01
1.278000e-05	2.895679e-02	1.256023e+01
1.279000e-05	2.435811e-02	1.241329e+01
1.280000e-05	2.289899e-02	1.221436e+01
1.281000e-05	2.368366e-02	1.200386e+01
1.282000e-05	2.170046e-02	1.182296e+01
1.283000e-05	1.707598e-02	1.158126e+01
1.284000e-05	1.708101e-02	1.135176e+01
1.285000e-05	1.625708e-02	1.113071e+01
1.286000e-05	1.679093e-02	1.094171e+01
1.287000e-05	1.175140e-02	1.072973e+01
1.288000e-05	1.086617e-02	1.053763e+01
1.289000e-05	1.032006e-02	1.026555e+01
1.290000e-05	1.097486e-02	1.006397e+01
1.291000e-05	8.316873e-03	9.843414e+00
1.292000e-05	7.057787e-03	9.552308e+00
1.293000e-05	6.661622e-03	9.340757e+00
1.294000e-05	7.095157e-03	9.121628e+00
1.295000e-05	5.754011e-03	8.886551e+00
1.296000e-05	3.495962e-03	8.627543e+00
1.297000e-05	3.930668e-03	8.404416e+00
1.298000e-05	3.617839e-03	8.122254e+00
1.299000e-05	3.355117e-03	7.848045e+00
1.300000e-05	1.491648e-03	7.613486e+00
1.301000e-05	1.379310e-03	7.301629e+00
1.302000e-05	1.176854e-03	7.048546e+00
1.303000e-05	1.864365e-03	6.823862e+00
1.304000e-05	5.995977e-04	6.520179e+00
1.305000e-05	8.886133e-05	6.289025e+00
1.306000e-05	9.370746e-04	6.035918e+00
1.307000e-05	4.731772e-04	5.721129e+00
1.308000e-05	-7.484789e-04	5.458048e+00
1.309000e-05	-2.103431e-03	5.162604e+00
1.310000e-05	-9.155064e-04	4.805337e+00
1.311000e-05	-1.175608e-03	4.492656e+00
1.312000e-05	-2.190466e-03	4.259453e+00
1.313000e-05	-2.413350e-03	3.944233e+00
1.314000e-05	-1.605660e-03	3.640630e+00
1.315000e-05	-2.120162e-03	3.396791e+00
1.316000e-05	-2.243533e-03	3.103078e+00
1.317000e-05	-4.172961e-03	2.818498e+00
1.318000e-05	-2.745897e-03	2.531691e+00
1.319000e-05	-2.699179e-03	2.229020e+00
1.320000e-05	-3.761462e-03	1.987816e+00
1.321000e-05	-4.398349e-03	1.629498e+00
1.322000e-05	-4.010510e-03	1.366736e+00
1.323000e-05	-3.938833e-03	9.995466e-01
1.324000e-05	-3.240671e-03	7.047082e-01
1.325000e-05	-4.012754e-03	4.595228e-01
1.326000e-05	-2.868620e-03	1.352118e-01
1.327000e-05	2.049479e-04	-1.583959e-01
1.328000e-05	7.259038e-03	-4.091001e-01
1.329000e-05	-5.359587e-03	-7.363932e-01
1.330000e-05	9.006464e-05	-9.789972e-01
1.331000e-05	-5.458273e-03	-1.233233e+00
1.332000e-05	1.038951e-04	-1.569472e+00
1.333000e-05	9.550872e-04	-1.789004e+00
1.334000e-05	3.905974e-02	-1.990128e+00
1.335000e-05	9.802707e-02	-2.328021e+00
1.336000e-05	-7.297845e-02	-2.715920e+00
1.337000e-05	-4.239613e-02	-3.157369e+00
1.338000e-05	-4.755149e-02	-3.349605e+00
1.339000e-05	-1.710696e-02	-3.640026e+00
1.340000e-05	-6.501484e-02	-3.892737e+00
1.341000e-05	1.361740e-01	-4.072755e+00
1.342000e-05	-9.225150e-02	-4.305421e+00
1.343000e-05	3.193481e-02	-4.640075e+00
1.344000e-05	1.102049e-01	-4.862210e+00
1.345000e-05	-1.648979e-01	-5.229655e+00
1.346000e-05	1.226350e-01	-5.523842e+00
1.347000e-05	-1.611272e-01	-5.829574e+00
1.348000e-05	7.371627e-02	-6.133785e+00
1.349000e-05	3.527660e-02	-6.334914e+00
1.350000e-05	-8.212418e-02	-6.671733e+00
1.351000e-05	1.167432e-01	-6.932255e+00
1.352000e-05	-1.119419e-01	-7.209575e+00
1.353000e-05	6.616956e-02	-7.490255e+00
1.354000e-05	-6.576797e-02	-7.776437e+00
1.355000e-05	-1.246647e-02	-8.121653e+00
1.356000e-05	5.754422e-02	-8.261157e+00
1.357000e-05	-7.946233e-02	-8.555295e+00
1.358000e-05	9.908913e-02	-8.803022e+00
1.359000e-05	-1.039751e-01	-9.049657e+00
1.360000e-05	4.684204e-02	-9.319704e+00
1.361000e-05	-4.105957e-02	-9.500258e+00
1.362000e-05	-6.424808e-05	-9.782445e+00
1.363000e-05	9.951997e-03	-9.973389e+00
1.364000e-05	-3.869568e-02	-1.022657e+01
1.365000e-05	5.130470e-02	-1.044713e+01
1.366000e-05	-6.362440e-02	-1.068011e+01
1.367000e-05	3.819021e-02	-1.089010e+01
1.368000e-05	-6.565869e-02	-1.110581e+01
1.369000e-05	3.371072e-02	-1.132873e+01
1.370000e-05	-3.831425e-02	-1.154041e+01
1.371000e-05	1.587110e-02	-1.177194e+01
1.372000e-05	-2.211590e-02	-1.195146e+01
1.373000e-05	-1.771702e-05	-1.218244e+01
1.374000e-05	-1.092926e-02	-1.237234e+01
1.375000e-05	-2.414266e-02	-1.252134e+01
1.376000e-05	2.621979e-04	-1.271936e+01
1.377000e-05	-2.704184e-02	-1.291920e+01
1.378000e-05	1.105969e-02	-1.303862e+01
1.379000e-05	-3.328670e-02	-1.326452e+01
1.380000e-05	1.012674e-02	-1.342544e+01
1.381000e-05	-3.041384e-02	-1.355030e+01
1.382000e-05	3.484043e-03	-1.367831e+01
1.383000e-05	-3.020620e-02	-1.391458e+01
1.384000e-05	-5.874880e-03	-1.405356e+01
1.385000e-05	-1.870111e-02	-1.415881e+01
1.386000e-05	-8.680069e-03	-1.431718e+01
1.387000e-05	-1.723805e-02	-1.442362e+01
1.388000e-05	-1.622460e-02	-1.455033e+01
1.389000e-05	-1.279392e-02	-1.466470e+01
1.390000e-05	-1.785610e-02	-1.479136e+01
1.391000e-05	-1.500015e-02	-1.490667e+01
1.392000e-05	-2.297340e-02	-1.498186e+01
1.393000e-05	-1.201575e-02	-1.506670e+01
1.394000e-05	-1.930739e-02	-1.517038e+01
1.395000e-05	-1.439699e-02	-1.525304e+01
1.396000e-05	-2.457022e-02	-1.531983e+01
1.397000e-05	-1.392224e-02	-1.542144e+01
1.398000e-05	-2.269397e-02	-1.546458e+01
1.399000e-05	-1.696493e-02	-1.554628e+01
1.400000e-05	-2.583917e-02	-1.558981e+01
1.401000e-05	-1.922215e-02	-1.566309e+01
1.402000e-05	-2.314417e-02	-1.566612e+01
1.403000e-05	-2.345723e-02	-1.576968e+01
1.404000e-05	-2.484598e-02	-1.578883e+01
1.405000e-05	-2.476284e-02	-1.581291e+01
1.406000e-05	-2.116647e-02	-1.582144e+01
1.407000e-05	-2.647865e-02	-1.585404e+01
1.408000e-05	-2.637922e-02	-1.587607e+01
1.409000e-05	-3.046715e-02	-1.588402e+01
1.410000e-05	-2.905349e-02	-1.587512e+01
1.411000e-05	-3.287394e-02	-1.584659e+01
1.412000e-05	-3.311019e-02	-1.582197e+01
1.413000e-05	-3.404918e-02	-1.584236e+01
1.414000e-05	-3.337295e-02	-1.577141e+01
1.415000e-05	-3.600287e-02	-1.574783e+01
1.416000e-05	-3.871522e-02	-1.569867e+01
1.417000e-05	-4.102449e-02	-1.568607e+01
1.418000e-05	-4.207890e-02	-1.565201e+01
1.419000e-05	-4.584333e-02	-1.561136e+01
1.420000e-05	-4.755732e-02	-1.549765e+01
1.421000e-05	-4.984691e-02	-1.547502e+01
1.422000e-05	-5.069447e-02	-1.535031e+01
1.423000e-05	-5.433684e-02	-1.528723e+01
1.424000e-05	-5.751091e-02	-1.522151e+01
1.425000e-05	-6.130009e-02	-1.514923e+01
1.426000e-05	-6.359609e-02	-1.505407e+01
1.427000e-05	-6.668496e-02	-1.495933e+01
1.428000e-05	-6.942627e-02	-1.486804e+01
1.429000e-05	-7.017964e-02	-1.476088e+01
1.430000e-05	-7.161464e-02	-1.466449e+01
1.431000e-05	-6.937607e-02	-1.457676e+01
1.432000e-05	-6.903397e-02	-1.442344e+01
1.433000e-05	-6.662803e-02	-1.431802e+01
1.434000e-05	-6.434529e-02	-1.414975e+01
1.435000e-05	-6.229792e-02	-1.401236e+01
1.436000e-05	-5.880731e-02	-1.385460e+01
1.437000e-05	-5.695099e-02	-1.368762e+01
1.438000e-05	-5.344855e-02	-1.355985e+01
1.439000e-05	-4.966905e-02	-1.338327e+01
1.440000e-05	-4.680360e-02	-1.324242e+01
1.441000e-05	-4.370000e-02	-1.309560e+01
1.442000e-05	-4.064972e-02	-1.294866e+01
1.443000e-05	-3.855227e-02	-1.275031e+01
1.444000e-05	-3.622321e-02	-1.258081e+01
1.445000e-05	-3.466481e-02	-1.240336e+01
1.446000e-05	-3.267397e-02	-1.220291e+01
1.447000e-05	-3.007912e-02	-1.199188e+01
1.448000e-05	-2.879737e-02	-1.183336e+01
1.449000e-05	-2.662988e-02	-1.155818e+01
1.450000e-05	-2.513650e-02	-1.133755e+01
1.451000e-05	-2.287913e-02	-1.108927e+01
1.452000e-05	-2.258000e-02	-1.089863e+01
1.453000e-05	-2.152550e-02	-1.071970e+01
1.454000e-05	-1.962818e-02	-1.048660e+01
1.455000e-05	-1.845730e-02	-1.026794e+01
1.456000e-05	-1.769668e-02	-1.000391e+01
1.457000e-05	-1.759065e-02	-9.803515e+00
1.458000e-05	-1.629356e-02	-9.540836e+00
1.459000e-05	-1.483241e-02	-9.340732e+00
1.460000e-05	-1.493436e-02	-9.107652e+00
1.461000e-05	-1.475137e-02	-8.877996e+00
1.462000e-05	-1.340837e-02	-8.613916e+00
1.463000e-05	-1.244533e-02	-8.352732e+00
1.464000e-05	-1.221471e-02	-8.120681e+00
1.465000e-05	-1.233065e-02	-7.847974e+00
1.466000e-05	-1.064783e-02	-7.551236e+00
1.467000e-05	-1.040521e-02	-7.279624e+00
1.468000e-05	-1.029995e-02	-7.026467e+00
1.469000e-05	-1.131059e-02	-6.742835e+00
1.470000e-05	-1.054075e-02	-6.480577e+00
1.471000e-05	-9.422888e-03	-6.237490e+00
1.472000e-05	-9.830204e-03	-5.933734e+00
1.473000e-05	-8.081719e-03	-5.680577e+00
1.474000e-05	-9.204805e-03	-5.403840e+00
1.475000e-05	-7.705694e-03	-5.091050e+00
1.476000e-05	-8.320503e-03	-4.733281e+00
1.477000e-05	-6.659186e-03	-4.460125e+00
1.478000e-05	-8.102328e-03	-4.241022e+00
1.479000e-05	-6.352679e-03	-3.955816e+00
1.480000e-05	-8.305041e-03	-3.620049e+00
1.481000e-05	-6.235356e-03	-3.427417e+00
1.482000e-05	-8.270864e-03	-3.132105e+00
1.483000e-05	-4.738144e-03	-2.787443e+00
1.484000e-05	-6.027557e-03	-2.484788e+00
1.485000e-05	-4.020007e-03	-2.167973e+00
1.486000e-05	-6.312082e-03	-1.935338e+00
1.487000e-05	-5.115464e-03	-1.632104e+00
1.488000e-05	-5.918426e-03	-1.312157e+00
1.489000e-05	-6.581635e-03	-9.999125e-01
1.490000e-05	-6.253090e-03	-7.242636e-01
1.491000e-05	-4.143054e-03	-3.894451e-01
1.492000e-05	-1.048770e-03	-1.777137e-01
1.493000e-05	4.632756e-03	1.073494e-01
1.494000e-05	5.569535e-03	4.221839e-01
1.495000e-05	-2.061921e-03	7.037354e-01
1.496000e-05	2.353796e-03	9.389797e-01
1.497000e-05	-2.114603e-03	1.244188e+00
1.498000e-05	2.041202e-03	1.571009e+00
1.499000e-05	1.001420e-04	1.875635e+00
1.500000e-05	2.382614e-02	2.093688e+00
1.501000e-05	7.637121e-02	2.348896e+00
1.502000e-05	1.188156e-02	2.777496e+00
1.503000e-05	-6.869582e-02	3.062784e+00
1.504000e-05	-4.362114e-02	3.367895e+00
1.505000e-05	-7.640426e-03	3.662104e+00
1.506000e-05	-2.187144e-02	3.883057e+00
1.507000e-05	-4.621326e-02	4.051603e+00
1.508000e-05	8.780365e-02	4.376395e+00
1.509000e-05	-3.285490e-02	4.682189e+00
1.510000e-05	4.971515e-02	4.940760e+00
1.511000e-05	6.509699e-02	5.293159e+00
1.512000e-05	-1.072352e-01	5.524918e+00
1.513000e-05	6.077299e-02	5.809026e+00
1.514000e-05	-4.519605e-02	6.103262e+00
1.515000e-05	4.155996e-02	6.364492e+00
1.516000e-05	-1.024282e-02	6.651656e+00
1.517000e-05	-1.893496e-02	6.943366e+00
1.518000e-05	6.337640e-02	7.187616e+00
1.519000e-05	-2.811597e-02	7.479733e+00
1.520000e-05	7.869328e-03	7.802467e+00
1.521000e-05	-4.686604e-02	8.068780e+00
1.522000e-05	5.332857e-02	8.302786e+00
1.523000e-05	1.678166e-02	8.555239e+00
1.524000e-05	-2.732311e-02	8.784467e+00
1.525000e-05	2.960275e-02	9.028602e+00
1.526000e-05	-1.814271e-02	9.268677e+00
1.527000e-05	3.137488e-02	9.490658e+00
1.528000e-05	-2.356457e-02	9.763313e+00
1.529000e-05	1.157647e-02	9.983996e+00
1.530000e-05	5.106104e-03	1.023508e+01
1.531000e-05	2.418580e-02	1.044513e+01
1.532000e-05	8.784591e-03	1.065913e+01
1.533000e-05	-2.168110e-02	1.090716e+01
1.534000e-05	1.868466e-02	1.109913e+01
1.535000e-05	1.288504e-04	1.130976e+01
1.536000e-05	1.893023e-02	1.154023e+01
1.537000e-05	-1.514475e-02	1.179036e+01
1.538000e-05	2.208045e-02	1.195246e+01
1.539000e-05	9.297970e-03	1.216236e+01
1.540000e-05	1.618734e-02	1.235233e+01
1.541000e-05	-8.043221e-03	1.255031e+01
1.542000e-05	3.186926e-03	1.270863e+01
1.543000e-05	1.643254e-02	1.286873e+01
1.544000e-05	8.183870e-03	1.303657e+01
1.545000e-05	7.081352e-03	1.322400e+01
1.546000e-05	1.019368e-03	1.339089e+01
1.547000e-05	2.452292e-02	1.354083e+01
1.548000e-05	6.957115e-03	1.371713e+01
1.549000e-05	5.271954e-03	1.386504e+01
1.550000e-05	-1.329043e-03	1.401343e+01
1.551000e-05	1.942400e-02	1.418989e+01
1.552000e-05	1.339434e-02	1.431871e+01
1.553000e-05	5.714139e-03	1.444302e+01
1.554000e-05	6.315686e-03	1.455136e+01
1.555000e-05	1.598407e-02	1.466718e+01
1.556000e-05	1.793463e-02	1.478084e+01
1.557000e-05	4.559725e-03	1.490617e+01
1.558000e-05	8.344311e-03	1.495336e+01
1.559000e-05	1.394169e-02	1.505709e+01
1.560000e-05	2.031385e-02	1.515936e+01
1.561000e-05	9.702878e-03	1.522305e+01
1.562000e-05	1.027368e-02	1.530930e+01
1.563000e-05	1.526773e-02	1.539134e+01
1.564000e-05	1.982348e-02	1.544509e+01
1.565000e-05	1.370588e-02	1.551673e+01
1.566000e-05	9.308398e-03	1.559081e+01
1.567000e-05	1.821525e-02	1.566251e+01
1.568000e-05	2.147670e-02	1.566557e+01
1.569000e-05	1.819326e-02	1.570773e+01
1.570000e-05	1.234283e-02	1.576831e+01
1.571000e-05	1.915508e-02	1.580186e+01
1.572000e-05	2.298250e-02	1.582136e+01
1.573000e-05	2.064796e-02	1.581092e+01
1.574000e-05	1.704364e-02	1.583196e+01
1.575000e-05	2.125796e-02	1.582399e+01
1.576000e-05	2.774173e-02	1.585249e+01
1.577000e-05	2.487978e-02	1.585202e+01
1.578000e-05	2.359248e-02	1.583146e+01
1.579000e-05	2.544707e-02	1.580186e+01
1.580000e-05	3.381880e-02	1.579986e+01
1.581000e-05	3.292178e-02	1.578873e+01
1.582000e-05	2.970760e-02	1.567715e+01
1.583000e-05	3.197136e-02	1.568562e+01
1.584000e-05	3.810852e-02	1.563151e+01
1.585000e-05	4.064994e-02	1.557878e+01
1.586000e-05	3.802546e-02	1.553868e+01
1.587000e-05	4.235385e-02	1.547357e+01
1.588000e-05	4.633295e-02	1.539084e+01
1.589000e-05	5.151528e-02	1.532767e+01
1.590000e-05	5.015298e-02	1.522146e+01
1.591000e-05	5.267530e-02	1.510918e+01
1.592000e-05	5.990016e-02	1.506450e+01
1.593000e-05	6.202088e-02	1.490876e+01
1.594000e-05	6.298129e-02	1.482662e+01
1.595000e-05	6.131632e-02	1.476826e+01
1.596000e-05	6.584168e-02	1.466399e+01
1.597000e-05	6.467764e-02	1.455722e+01
1.598000e-05	6.215309e-02	1.440234e+01
1.599000e-05	5.745775e-02	1.427314e+01
1.600000e-05	5.806219e-02	1.413765e+01
1.601000e-05	5.646623e-02	1.399991e+01
1.602000e-05	5.121698e-02	1.385504e+01
1.603000e-05	4.661064e-02	1.370565e+01
1.604000e-05	4.341391e-02	1.351913e+01
1.605000e-05	4.442525e-02	1.334081e+01
1.606000e-05	3.858834e-02	1.324194e+01
1.607000e-05	3.516778e-02	1.307599e+01
1.608000e-05	3.366168e-02	1.285554e+01
1.609000e-05	3.322308e-02	1.269760e+01
1.610000e-05	2.935226e-02	1.250775e+01
1.611000e-05	2.403140e-02	1.233976e+01
1.612000e-05	2.350765e-02	1.217171e+01
1.613000e-05	2.191604e-02	1.195080e+01
1.614000e-05	2.090872e-02	1.177021e+01
1.615000e-05	1.812651e-02	1.156963e+01
1.616000e-05	1.679305e-02	1.131815e+01
1.617000e-05	1.582480e-02	1.111965e+01
1.618000e-05	1.579258e-02	1.091865e+01
1.619000e-05	1.135077e-02	1.069912e+01
1.620000e-05	1.037717e-02	1.047547e+01
1.621000e-05	1.033618e-02	1.025694e+01
1.622000e-05	1.071654e-02	1.002386e+01
1.623000e-05	8.080455e-03	9.782758e+00
1.624000e-05	5.827763e-03	9.530706e+00
1.625000e-05	6.764249e-03	9.310570e+00
1.626000e-05	6.840513e-03	9.107526e+00
1.627000e-05	5.532253e-03	8.794390e+00
1.628000e-05	3.513032e-03	8.583886e+00
1.629000e-05	4.221062e-03	8.361711e+00
1.630000e-05	4.524458e-03	8.079604e+00
1.631000e-05	3.046895e-03	7.823941e+00
1.632000e-05	1.285124e-03	7.561757e+00
1.633000e-05	1.799341e-03	7.288549e+00
1.634000e-05	1.590850e-03	6.995394e+00
1.635000e-05	1.586348e-03	6.762863e+00
1.636000e-05	3.220089e-04	6.448545e+00
1.637000e-05	6.825015e-04	6.204967e+00
1.638000e-05	1.437136e-04	5.992761e+00
1.639000e-05	7.694655e-04	5.649004e+00
1.640000e-05	-1.589362e-03	5.404867e+00
1.641000e-05	-1.616921e-03	5.087999e+00
1.642000e-05	-9.593729e-04	4.761711e+00
1.643000e-05	-8.629506e-04	4.439602e+00
1.644000e-05	-2.072425e-03	4.135790e+00
1.645000e-05	-1.670912e-03	3.860150e+00
1.646000e-05	-3.118430e-03	3.596900e+00
1.647000e-05	-2.491847e-03	3.310708e+00
1.648000e-05	-2.988607e-03	3.048025e+00
1.649000e-05	-4.653389e-03	2.797867e+00
1.650000e-05	-3.661844e-03	2.458074e+00
1.651000e-05	-2.733544e-03	2.184842e+00
1.652000e-05	-2.995473e-03	1.912632e+00
1.653000e-05	-3.929879e-03	1.625414e+00
1.654000e-05	-4.020660e-03	1.281609e+00
1.655000e-05	-3.259269e-03	9.252582e-01
1.656000e-05	-3.472252e-03	6.520266e-01
1.657000e-05	-4.133871e-03	4.079686e-01
1.658000e-05	-3.630776e-03	1.005089e-01
1.659000e-05	1.834165e-03	-2.310300e-01
1.660000e-05	5.303191e-03	-4.212116e-01
1.661000e-05	-3.851663e-03	-7.589749e-01
1.662000e-05	-1.345679e-03	-1.031605e+00
1.663000e-05	-3.245217e-03	-1.337817e+00
1.664000e-05	-8.706141e-05	-1.641576e+00
1.665000e-05	6.306242e-03	-1.852159e+00
1.666000e-05	5.471702e-02	-2.103678e+00
1.667000e-05	7.622596e-02	-2.449508e+00
1.668000e-05	-8.754519e-02	-2.820127e+00
1.669000e-05	-3.510230e-02	-3.248103e+00
1.670000e-05	-4.488089e-02	-3.451680e+00
1.671000e-05	-2.348318e-02	-3.659708e+00
1.672000e-05	-4.380063e-02	-3.945391e+00
1.673000e-05	1.448165e-01	-4.082812e+00
1.674000e-05	-1.498749e-01	-4.427546e+00
1.675000e-05	1.202362e-01	-4.682308e+00
1.676000e-05	2.066953e-02	-4.935266e+00
1.677000e-05	-1.116738e-01	-5.323816e+00
1.678000e-05	1.024891e-01	-5.554919e+00
1.679000e-05	-1.831805e-01	-5.881213e+00
1.680000e-05	1.429369e-01	-6.164367e+00
1.681000e-05	-4.511805e-02	-6.406521e+00
1.682000e-05	-1.756895e-02	-6.703737e+00
1.683000e-05	7.675033e-02	-6.963812e+00
1.684000e-05	-1.057777e-01	-7.291708e+00
1.685000e-05	8.233990e-02	-7.512313e+00
1.686000e-05	-1.055979e-01	-7.807079e+00
1.687000e-05	4.222758e-02	-8.112282e+00
1.688000e-05	8.552306e-03	-8.281813e+00
1.689000e-05	-4.011870e-02	-8.607973e+00
1.690000e-05	7.682590e-02	-8.808600e+00
1.691000e-05	-1.112661e-01	-9.082263e+00
1.692000e-05	7.125441e-02	-9.320338e+00
1.693000e-05	-7.329479e-02	-9.573892e+00
1.694000e-05	4.020048e-02	-9.807999e+00
1.695000e-05	-3.124561e-02	-1.003552e+01
1.696000e-05	-1.030555e-03	-1.030925e+01
1.697000e-05	2.052192e-02	-1.047923e+01
1.698000e-05	-4.466860e-02	-1.070076e+01
1.699000e-05	2.405536e-02	-1.091976e+01
1.700000e-05	-6.069793e-02	-1.116134e+01
1.701000e-05	4.017279e-02	-1.137141e+01
1.702000e-05	-4.730179e-02	-1.159144e+01
1.703000e-05	2.680002e-02	-1.185599e+01
1.704000e-05	-3.932858e-02	-1.200401e+01
1.705000e-05	1.695530e-02	-1.221454e+01
1.706000e-05	-2.879261e-02	-1.238341e+01
1.707000e-05	-7.997708e-03	-1.256302e+01
1.708000e-05	-1.587929e-02	-1.273293e+01
1.709000e-05	-1.268963e-02	-1.293984e+01
1.710000e-05	1.163715e-03	-1.311773e+01
1.711000e-05	-2.566995e-02	-1.330665e+01
1.712000e-05	3.700076e-03	-1.347504e+01
1.713000e-05	-2.846021e-02	-1.359201e+01
1.714000e-05	3.292879e-03	-1.371938e+01
1.715000e-05	-3.183107e-02	-1.390830e+01
1.716000e-05	-2.382948e-03	-1.406555e+01
1.717000e-05	-2.356111e-02	-1.420344e+01
1.718000e-05	-3.379934e-03	-1.434983e+01
1.719000e-05	-2.093477e-02	-1.445464e+01
1.720000e-05	-1.220075e-02	-1.459089e+01
1.721000e-05	-1.839562e-02	-1.465568e+01
1.722000e-05	-1.444596e-02	-1.479489e+01
1.723000e-05	-1.768737e-02	-1.491773e+01
1.724000e-05	-1.866114e-02	-1.503249e+01
1.725000e-05	-1.492146e-02	-1.506705e+01
1.726000e-05	-1.827348e-02	-1.518141e+01
1.727000e-05	-1.618068e-02	-1.527512e+01
1.728000e-05	-2.347524e-02	-1.535928e+01
1.729000e-05	-1.648597e-02	-1.543297e+01
1.730000e-05	-2.303107e-02	-1.547612e+01
1.731000e-05	-1.675190e-02	-1.553981e+01
1.732000e-05	-2.556125e-02	-1.560194e+01
1.733000e-05	-1.669536e-02	-1.563554e+01
1.734000e-05	-2.514601e-02	-1.572715e+01
1.735000e-05	-2.124409e-02	-1.572818e+01
1.736000e-05	-2.722591e-02	-1.578040e+01
1.737000e-05	-2.393994e-02	-1.581984e+01
1.738000e-05	-2.442325e-02	-1.582246e+01
1.739000e-05	-2.563940e-02	-1.579359e+01
1.740000e-05	-2.710203e-02	-1.583357e+01
1.741000e-05	-2.890045e-02	-1.583406e+01
1.742000e-05	-2.943374e-02	-1.585352e+01
1.743000e-05	-3.146791e-02	-1.587397e+01
1.744000e-05	-3.261145e-02	-1.583451e+01
1.745000e-05	-3.402197e-02	-1.579194e+01
1.746000e-05	-3.513406e-02	-1.580036e+01
1.747000e-05	-3.827513e-02	-1.574983e+01
1.748000e-05	-3.887533e-02	-1.570677e+01
1.749000e-05	-4.143411e-02	-1.570300e+01
1.750000e-05	-4.184119e-02	-1.562344e+01
1.751000e-05	-4.494217e-02	-1.556881e+01
1.752000e-05	-4.658968e-02	-1.550665e+01
1.753000e-05	-5.106360e-02	-1.545402e+01
1.754000e-05	-5.147319e-02	-1.540083e+01
1.755000e-05	-5.653955e-02	-1.530618e+01
1.756000e-05	-5.805826e-02	-1.521204e+01
1.757000e-05	-6.168425e-02	-1.516970e+01
1.758000e-05	-6.405703e-02	-1.506452e+01
1.759000e-05	-6.724502e-02	-1.493133e+01
1.760000e-05	-6.929123e-02	-1.488404e+01
1.761000e-05	-7.045438e-02	-1.474028e+01
1.762000e-05	-7.066245e-02	-1.461354e+01
1.763000e-05	-7.010205e-02	-1.455718e+01
1.764000e-05	-6.910200e-02	-1.439098e+01
1.765000e-05	-6.638418e-02	-1.428659e+01
1.766000e-05	-6.450819e-02	-1.412818e+01
1.767000e-05	-6.154857e-02	-1.401934e+01
1.768000e-05	-5.950433e-02	-1.385345e+01
1.769000e-05	-5.591291e-02	-1.369610e+01
1.770000e-05	-5.193037e-02	-1.349770e+01
1.771000e-05	-4.902580e-02	-1.339081e+01
1.772000e-05	-4.592074e-02	-1.317284e+01
1.773000e-05	-4.420730e-02	-1.301555e+01
1.774000e-05	-4.007820e-02	-1.291715e+01
1.775000e-05	-3.980048e-02	-1.270875e+01
1.776000e-05	-3.540627e-02	-1.254815e+01
1.777000e-05	-3.500461e-02	-1.236031e+01
1.778000e-05	-3.120690e-02	-1.218081e+01
1.779000e-05	-2.830093e-02	-1.195120e+01
1.780000e-05	-2.740574e-02	-1.180081e+01
1.781000e-05	-2.665160e-02	-1.150563e+01
1.782000e-05	-2.438320e-02	-1.127757e+01
1.783000e-05	-2.463291e-02	-1.102613e+01
1.784000e-05	-2.338482e-02	-1.084709e+01
1.785000e-05	-2.191842e-02	-1.064857e+01
1.786000e-05	-1.905358e-02	-1.045544e+01
1.787000e-05	-1.801115e-02	-1.020434e+01
1.788000e-05	-1.704995e-02	-9.942308e+00
1.789000e-05	-1.524716e-02	-9.741257e+00
1.790000e-05	-1.744803e-02	-9.549856e+00
1.791000e-05	-1.485463e-02	-9.249150e+00
1.792000e-05	-1.691807e-02	-9.064993e+00
1.793000e-05	-1.380428e-02	-8.813468e+00
1.794000e-05	-1.351643e-02	-8.594282e+00
1.795000e-05	-1.112238e-02	-8.290681e+00
1.796000e-05	-1.148644e-02	-8.087524e+00
1.797000e-05	-1.311114e-02	-7.816288e+00
1.798000e-05	-1.049107e-02	-7.470649e+00
1.799000e-05	-1.075314e-02	-7.276497e+00
1.800000e-05	-9.486178e-03	-6.984362e+00
1.801000e-05	-1.264233e-02	-6.710729e+00
1.802000e-05	-9.285446e-03	-6.446545e+00
1.803000e-05	-8.923806e-03	-6.175340e+00
1.804000e-05	-8.221372e-03	-5.891656e+00
1.805000e-05	-9.511916e-03	-5.637421e+00
1.806000e-05	-8.948093e-03	-5.301657e+00
1.807000e-05	-6.523261e-03	-5.036969e+00
1.808000e-05	-6.431076e-03	-4.679550e+00
1.809000e-05	-7.362856e-03	-4.430043e+00
1.810000e-05	-8.097022e-03	-4.185892e+00
1.811000e-05	-6.498643e-03	-3.952654e+00
1.812000e-05	-8.917435e-03	-3.627467e+00
1.813000e-05	-6.617613e-03	-3.335262e+00
1.814000e-05	-8.181089e-03	-3.068048e+00
1.815000e-05	-4.892914e-03	-2.774315e+00
1.816000e-05	-5.588920e-03	-2.480578e+00
1.817000e-05	-4.826467e-03	-2.147311e+00
1.818000e-05	-5.843604e-03	-1.911628e+00
1.819000e-05	-5.061368e-03	-1.617921e+00
1.820000e-05	-5.998501e-03	-1.221100e+00
1.821000e-05	-5.222273e-03	-9.673383e-01
1.822000e-05	-5.695274e-03	-6.926782e-01
1.823000e-05	-3.422850e-03	-3.673672e-01
1.824000e-05	-1.852547e-03	-5.360921e-02
1.825000e-05	6.736913e-03	1.925324e-01
1.826000e-05	2.482215e-03	4.847880e-01
1.827000e-05	1.412699e-03	7.373959e-01
1.828000e-05	-7.870254e-04	1.041738e+00
1.829000e-05	-3.753946e-04	1.326368e+00
1.830000e-05	7.912463e-04	1.622766e+00
1.831000e-05	4.051061e-03	1.925342e+00
1.832000e-05	2.972636e-02	2.107295e+00
1.833000e-05	8.411159e-02	2.471181e+00
1.834000e-05	-2.214918e-02	2.839630e+00
1.835000e-05	-5.878425e-02	3.105366e+00
1.836000e-05	-4.349362e-02	3.400051e+00
1.837000e-05	2.568376e-03	3.723760e+00
1.838000e-05	-3.953539e-02	3.916787e+00
1.839000e-05	-2.728135e-02	4.132784e+00
1.840000e-05	1.017685e-01	4.430125e+00
1.841000e-05	-7.240094e-02	4.724312e+00
1.842000e-05	1.125170e-01	4.966522e+00
1.843000e-05	-6.540861e-03	5.325394e+00
1.844000e-05	-6.976469e-02	5.607443e+00
1.845000e-05	5.365186e-02	5.850234e+00
1.846000e-05	-5.105411e-02	6.166892e+00
1.847000e-05	6.014283e-02	6.408520e+00
1.848000e-05	-4.011450e-02	6.684838e+00
1.849000e-05	1.526710e-02	6.996418e+00
1.850000e-05	4.288039e-02	7.248657e+00
1.851000e-05	-2.423653e-02	7.573838e+00
1.852000e-05	-2.842822e-03	7.848126e+00
1.853000e-05	-3.706358e-02	8.121337e+00
1.854000e-05	6.526951e-02	8.375390e+00
1.855000e-05	-1.848014e-03	8.576520e+00
1.856000e-05	-1.734881e-02	8.837050e+00
1.857000e-05	2.590227e-02	9.070129e+00
1.858000e-05	-1.547215e-02	9.300759e+00
1.859000e-05	3.117728e-02	9.533237e+00
1.860000e-05	-3.139438e-02	9.784891e+00
1.861000e-05	2.019169e-02	1.004660e+01
1.862000e-05	4.580921e-03	1.024905e+01
1.863000e-05	2.836527e-02	1.050925e+01
1.864000e-05	-2.368176e-03	1.072176e+01
1.865000e-05	-1.668975e-02	1.094031e+01
1.866000e-05	2.150655e-02	1.111976e+01
1.867000e-05	-8.807818e-04	1.135176e+01
1.868000e-05	1.771380e-02	1.158392e+01
1.869000e-05	-1.533230e-02	1.178344e+01
1.870000e-05	2.894499e-02	1.201346e+01
1.871000e-05	6.952978e-03	1.218444e+01
1.872000e-05	1.404039e-02	1.237344e+01
1.873000e-05	-1.022580e-02	1.256079e+01
1.874000e-05	8.042899e-03	1.275169e+01
1.875000e-05	1.642786e-02	1.291026e+01
1.876000e-05	6.389561e-03	1.309873e+01
1.877000e-05	6.184391e-03	1.326712e+01
1.878000e-05	4.533318e-03	1.342144e+01
1.879000e-05	2.334340e-02	1.358286e+01
1.880000e-05	5.093145e-03	1.374980e+01
1.881000e-05	4.895512e-03	1.388622e+01
1.882000e-05	1.871135e-03	1.400399e+01
1.883000e-05	1.830826e-02	1.421241e+01
1.884000e-05	1.137837e-02	1.431773e+01
1.885000e-05	5.562396e-03	1.450557e+01
1.886000e-05	9.842020e-03	1.458343e+01
1.887000e-05	1.504054e-02	1.472721e+01
1.888000e-05	1.522629e-02	1.483244e+01
1.889000e-05	5.111712e-03	1.487920e+01
1.890000e-05	1.045205e-02	1.499446e+01
1.891000e-05	1.596109e-02	1.506612e+01
1.892000e-05	1.744074e-02	1.519936e+01
1.893000e-05	1.092399e-02	1.521709e+01
1.894000e-05	9.968658e-03	1.531068e+01
1.895000e-05	1.628104e-02	1.541239e+01
1.896000e-05	1.568615e-02	1.545549e+01
1.897000e-05	1.379429e-02	1.555833e+01
1.898000e-05	1.047414e-02	1.560033e+01
1.899000e-05	1.984313e-02	1.563197e+01
1.900000e-05	2.130182e-02	1.569458e+01
1.901000e-05	1.625440e-02	1.576726e+01
1.902000e-05	1.496895e-02	1.575883e+01
1.903000e-05	1.995842e-02	1.579989e+01
1.904000e-05	2.432253e-02	1.581186e+01
1.905000e-05	1.812585e-02	1.581244e+01
1.906000e-05	1.829378e-02	1.583449e+01
1.907000e-05	2.091876e-02	1.584257e+01
1.908000e-05	2.712009e-02	1.582399e+01
1.909000e-05	2.373300e-02	1.586547e+01
1.910000e-05	2.480622e-02	1.580107e+01
1.911000e-05	2.905033e-02	1.582086e+01
1.912000e-05	3.524829e-02	1.577876e+01
1.913000e-05	3.178886e-02	1.575870e+01
1.914000e-05	2.859888e-02	1.573662e+01
1.915000e-05	3.356636e-02	1.565354e+01
1.916000e-05	3.754363e-02	1.560291e+01
1.917000e-05	3.962193e-02	1.558033e+01
1.918000e-05	3.847513e-02	1.550807e+01
1.919000e-05	4.457006e-02	1.545401e+01
1.920000e-05	4.896570e-02	1.538828e+01
1.921000e-05	5.155980e-02	1.529710e+01
1.922000e-05	4.990024e-02	1.524241e+01
1.923000e-05	5.341587e-02	1.508670e+01
1.924000e-05	6.013043e-02	1.504139e+01
1.925000e-05	6.160018e-02	1.493873e+01
1.926000e-05	6.270546e-02	1.483047e+01
1.927000e-05	6.270033e-02	1.470758e+01
1.928000e-05	6.761520e-02	1.463293e+01
1.929000e-05	6.449192e-02	1.454720e+01
1.930000e-05	6.044572e-02	1.435086e+01
1.931000e-05	5.639887e-02	1.426554e+01
1.932000e-05	5.764445e-02	1.414505e+01
1.933000e-05	5.569273e-02	1.397918e+01
1.934000e-05	5.048381e-02	1.382291e+01
1.935000e-05	4.646684e-02	1.362449e+01
1.936000e-05	4.579557e-02	1.350710e+01
1.937000e-05	4.345110e-02	1.334820e+01
1.938000e-05	3.774404e-02	1.316033e+01
1.939000e-05	3.331284e-02	1.301304e+01
1.940000e-05	3.250462e-02	1.284397e+01
1.941000e-05	3.129366e-02	1.264559e+01
1.942000e-05	2.845624e-02	1.252762e+01
1.943000e-05	2.416010e-02	1.228865e+01
1.944000e-05	2.469923e-02	1.210970e+01
1.945000e-05	2.301053e-02	1.192971e+01
1.946000e-05	2.027096e-02	1.171807e+01
1.947000e-05	1.617922e-02	1.150715e+01
1.948000e-05	1.610831e-02	1.126499e+01
1.949000e-05	1.593106e-02	1.104859e+01
1.950000e-05	1.376899e-02	1.083497e+01
1.951000e-05	1.130060e-02	1.061652e+01
1.952000e-05	1.195240e-02	1.040284e+01
1.953000e-05	1.206717e-02	1.018186e+01
1.954000e-05	1.044743e-02	9.981332e+00
1.955000e-05	7.234983e-03	9.708702e+00
1.956000e-05	6.512604e-03	9.478523e+00
1.957000e-05	5.751567e-03	9.255472e+00
1.958000e-05	5.669263e-03	8.995392e+00
1.959000e-05	4.171393e-03	8.772732e+00
1.960000e-05	4.724967e-03	8.531183e+00
1.961000e-05	5.644294e-03	8.288123e+00
1.962000e-05	4.855337e-03	7.996022e+00
1.963000e-05	2.360882e-03	7.761883e+00
1.964000e-05	9.654797e-04	7.470200e+00
1.965000e-05	1.104538e-03	7.204439e+00
1.966000e-05	1.031010e-03	6.933260e+00
1.967000e-05	5.411543e-04	6.729200e+00
1.968000e-05	6.754093e-05	6.374440e+00
1.969000e-05	1.820809e-03	6.152736e+00
1.970000e-05	8.086125e-04	5.961178e+00
1.971000e-05	7.360674e-04	5.565821e+00
1.972000e-05	-1.638881e-03	5.331683e+00
1.973000e-05	-1.257648e-03	4.950762e+00
1.974000e-05	-8.672790e-04	4.710549e+00
1.975000e-05	-8.746254e-04	4.408021e+00
1.976000e-05	-3.249961e-03	4.062683e+00
1.977000e-05	-1.768810e-03	3.828420e+00
1.978000e-05	-1.235204e-03	3.544865e+00
1.979000e-05	-2.036982e-03	3.208124e+00
1.980000e-05	-3.379385e-03	2.995319e+00
1.981000e-05	-3.622608e-03	2.762733e+00
1.982000e-05	-3.358382e-03	2.439366e+00
1.983000e-05	-2.727453e-03	2.123211e+00
1.984000e-05	-4.058774e-03	1.851474e+00
1.985000e-05	-4.933009e-03	1.545737e+00
1.986000e-05	-3.795049e-03	1.238977e+00
1.987000e-05	-4.478417e-03	9.126042e-01
1.988000e-05	-2.215343e-03	5.689213e-01
1.989000e-05	-4.982886e-03	3.342159e-01
1.990000e-05	3.376292e-05	-1.052870e-02
1.991000e-05	4.220272e-03	-2.722393e-01
1.992000e-05	1.155785e-03	-5.463453e-01
1.993000e-05	-3.175192e-03	-7.911313e-01
1.994000e-05	-5.667208e-03	-1.072836e+00
1.995000e-05	-2.553664e-03	-1.408982e+00
1.996000e-05	-6.055377e-04	-1.673161e+00
1.997000e-05	1.247881e-02	-1.914817e+00
1.998000e-05	7.373321e-02	-2.146419e+00
1.999000e-05	4.170213e-02	-2.515367e+00
2.000000e-05	-8.295419e-02	-2.924390e+00
2.001000e-05	-3.651151e-02	-3.281717e+00
2.002000e-05	-3.950393e-02	-3.514260e+00
2.003000e-05	-3.829193e-02	-3.774944e+00
2.004000e-05	-1.435464e-03	-3.966447e+00
2.005000e-05	1.184901e-01	-4.106370e+00
2.006000e-05	-1.667456e-01	-4.461184e+00
2.007000e-05	1.844074e-01	-4.704338e+00
2.008000e-05	-7.166311e-02	-4.998002e+00
2.009000e-05	-3.402699e-02	-5.409522e+00
2.010000e-05	4.188873e-02	-5.637549e+00
2.011000e-05	-1.593896e-01	-5.904365e+00
2.012000e-05	1.737774e-01	-6.185469e+00
2.013000e-05	-1.040512e-01	-6.480108e+00
2.014000e-05	4.930085e-02	-6.744870e+00
2.015000e-05	1.829093e-02	-7.007900e+00
2.016000e-05	-7.003878e-02	-7.354242e+00
2.017000e-05	7.041609e-02	-7.564916e+00
2.018000e-05	-1.223120e-01	-7.880810e+00
2.019000e-05	8.251299e-02	-8.144338e+00
2.020000e-05	-4.162265e-02	-8.324893e+00
2.021000e-05	1.240058e-02	-8.660706e+00
2.022000e-05	3.156897e-02	-8.891184e+00
2.023000e-05	-8.825751e-02	-9.152864e+00
2.024000e-05	7.008020e-02	-9.352841e+00
2.025000e-05	-8.511754e-02	-9.608029e+00
2.026000e-05	6.184687e-02	-9.850071e+00
2.027000e-05	-6.283086e-02	-1.006868e+01
2.028000e-05	3.825327e-02	-1.032241e+01
2.029000e-05	-1.686386e-02	-1.052191e+01
2.030000e-05	-1.665001e-02	-1.079439e+01
2.031000e-05	-4.226844e-03	-1.096236e+01
2.032000e-05	-3.792418e-02	-1.117654e+01
2.033000e-05	3.010555e-02	-1.141552e+01
2.034000e-05	-4.330470e-02	-1.165604e+01
2.035000e-05	2.562358e-02	-1.183765e+01
2.036000e-05	-4.229857e-02	-1.203617e+01
2.037000e-05	2.585922e-02	-1.222857e+01
2.038000e-05	-4.207134e-02	-1.243607e+01
2.039000e-05	3.347095e-03	-1.261412e+01
2.040000e-05	-2.775492e-02	-1.276344e+01
2.041000e-05	4.197388e-03	-1.301241e+01
2.042000e-05	-1.302656e-02	-1.309978e+01
2.043000e-05	-1.573109e-02	-1.333826e+01
2.044000e-05	-6.328699e-03	-1.348707e+01
2.045000e-05	-1.844786e-02	-1.363212e+01
2.046000e-05	-1.680694e-03	-1.379186e+01
2.047000e-05	-3.146529e-02	-1.392688e+01
2.048000e-05	-3.145297e-03	-1.407704e+01
2.049000e-05	-2.179566e-02	-1.424202e+01
2.050000e-05	-7.236791e-04	-1.433981e+01
2.051000e-05	-2.545340e-02	-1.446620e+01
2.052000e-05	-1.079196e-02	-1.460302e+01
2.053000e-05	-1.993287e-02	-1.468918e+01
2.054000e-05	-9.329790e-03	-1.482402e+01
2.055000e-05	-2.264678e-02	-1.491770e+01
2.056000e-05	-1.687997e-02	-1.499552e+01
2.057000e-05	-1.591421e-02	-1.510718e+01
2.058000e-05	-1.336548e-02	-1.522999e+01
2.059000e-05	-2.092251e-02	-1.524472e+01
2.060000e-05	-2.326314e-02	-1.534983e+01
2.061000e-05	-1.747689e-02	-1.543202e+01
2.062000e-05	-1.974398e-02	-1.550668e+01
2.063000e-05	-1.860481e-02	-1.558838e+01
2.064000e-05	-2.610977e-02	-1.562287e+01
2.065000e-05	-1.670015e-02	-1.566351e+01
2.066000e-05	-2.320951e-02	-1.570770e+01
2.067000e-05	-2.117024e-02	-1.576820e+01
2.068000e-05	-2.943471e-02	-1.577186e+01
2.069000e-05	-2.241821e-02	-1.581347e+01
2.070000e-05	-2.343161e-02	-1.582244e+01
2.071000e-05	-2.501035e-02	-1.581354e+01
2.072000e-05	-2.906134e-02	-1.587652e+01
2.073000e-05	-2.981740e-02	-1.587449e+01
2.074000e-05	-2.856549e-02	-1.584305e+01
2.075000e-05	-3.109059e-02	-1.583351e+01
2.076000e-05	-3.377293e-02	-1.580349e+01
2.077000e-05	-3.546376e-02	-1.583196e+01
2.078000e-05	-3.541976e-02	-1.581078e+01
2.079000e-05	-3.596804e-02	-1.573888e+01
2.080000e-05	-4.052128e-02	-1.570765e+01
2.081000e-05	-4.214295e-02	-1.566604e+01
2.082000e-05	-4.235051e-02	-1.560199e+01
2.083000e-05	-4.386940e-02	-1.553878e+01
2.084000e-05	-4.745545e-02	-1.547717e+01
2.085000e-05	-5.275114e-02	-1.545252e+01
2.086000e-05	-5.174365e-02	-1.538880e+01
2.087000e-05	-5.668983e-02	-1.530405e+01
2.088000e-05	-5.896458e-02	-1.520091e+01
2.089000e-05	-6.426701e-02	-1.512670e+01
2.090000e-05	-6.425928e-02	-1.505304e+01
2.091000e-05	-6.615647e-02	-1.494018e+01
2.092000e-05	-6.925197e-02	-1.482302e+01
2.093000e-05	-7.143584e-02	-1.469818e+01
2.094000e-05	-7.053961e-02	-1.464389e+01
2.095000e-05	-6.890516e-02	-1.449712e+01
2.096000e-05	-6.850093e-02	-1.438833e+01
2.097000e-05	-6.831258e-02	-1.423349e+01
2.098000e-05	-6.412626e-02	-1.411515e+01
2.099000e-05	-6.025811e-02	-1.393978e+01
2.100000e-05	-5.742645e-02	-1.381139e+01
2.101000e-05	-5.607506e-02	-1.362207e+01
2.102000e-05	-5.268218e-02	-1.349667e+01
2.103000e-05	-4.761661e-02	-1.336983e+01
2.104000e-05	-4.490695e-02	-1.319086e+01
2.105000e-05	-4.285326e-02	-1.300489e+01
2.106000e-05	-4.130635e-02	-1.284309e+01
2.107000e-05	-3.755969e-02	-1.268655e+01
2.108000e-05	-3.625006e-02	-1.251860e+01
2.109000e-05	-3.369786e-02	-1.229825e+01
2.110000e-05	-3.177071e-02	-1.212821e+01
2.111000e-05	-2.886983e-02	-1.190772e+01
2.112000e-05	-2.744047e-02	-1.170665e+01
2.113000e-05	-2.616317e-02	-1.142647e+01
2.114000e-05	-2.452613e-02	-1.124349e+01
2.115000e-05	-2.330684e-02	-1.098444e+01
2.116000e-05	-2.158804e-02	-1.084344e+01
2.117000e-05	-2.110681e-02	-1.062396e+01
2.118000e-05	-2.047381e-02	-1.040031e+01
2.119000e-05	-1.933534e-02	-1.018321e+01
2.120000e-05	-1.689181e-02	-9.921204e+00
2.121000e-05	-1.574238e-02	-9.728702e+00
2.122000e-05	-1.588761e-02	-9.470044e+00
2.123000e-05	-1.545430e-02	-9.245997e+00
2.124000e-05	-1.402754e-02	-8.974411e+00
2.125000e-05	-1.290540e-02	-8.791787e+00
2.126000e-05	-1.411794e-02	-8.538649e+00
2.127000e-05	-1.353208e-02	-8.238548e+00
2.128000e-05	-1.157062e-02	-8.025415e+00
2.129000e-05	-1.117073e-02	-7.680182e+00
2.130000e-05	-1.038657e-02	-7.458046e+00
2.131000e-05	-1.153818e-02	-7.204889e+00
2.132000e-05	-1.047287e-02	-6.921725e+00
2.133000e-05	-1.042534e-02	-6.638048e+00
2.134000e-05	-7.923503e-03	-6.424969e+00
2.135000e-05	-1.095505e-02	-6.062153e+00
2.136000e-05	-8.899552e-03	-5.808573e+00
2.137000e-05	-8.960851e-03	-5.554363e+00
2.138000e-05	-7.856137e-03	-5.257604e+00
2.139000e-05	-9.578450e-03	-4.974858e+00
2.140000e-05	-7.404355e-03	-4.647873e+00
2.141000e-05	-7.417576e-03	-4.407420e+00
2.142000e-05	-7.301526e-03	-4.134258e+00
2.143000e-05	-8.243463e-03	-3.859522e+00
2.144000e-05	-8.923369e-03	-3.575315e+00
2.145000e-05	-7.372802e-03	-3.281629e+00
2.146000e-05	-6.521830e-03	-2.994914e+00
2.147000e-05	-6.035467e-03	-2.701078e+00
2.148000e-05	-5.925314e-03	-2.399470e+00
2.149000e-05	-4.071414e-03	-2.112153e+00
2.150000e-05	-5.502890e-03	-1.808923e+00
2.151000e-05	-5.835447e-03	-1.555737e+00
2.152000e-05	-7.529024e-03	-1.168920e+00
2.153000e-05	-4.432137e-03	-8.931594e-01
2.154000e-05	-5.415734e-03	-6.094438e-01
2.155000e-05	-2.321761e-03	-2.937357e-01
2.156000e-05	-2.217225e-03	-3.110545e-02
2.157000e-05	9.632570e-03	3.258429e-01
2.158000e-05	-6.379086e-04	5.483444e-01
2.159000e-05	2.361989e-03	7.695038e-01
2.160000e-05	-3.287576e-03	1.107290e+00
2.161000e-05	2.111913e-03	1.409468e+00
2.162000e-05	5.708311e-04	1.706874e+00
2.163000e-05	8.365615e-03	1.945921e+00
2.164000e-05	3.787746e-02	2.219951e+00
2.165000e-05	8.236608e-02	2.535293e+00
2.166000e-05	-4.905578e-02	2.873239e+00
2.167000e-05	-5.105792e-02	3.177493e+00
2.168000e-05	-3.934769e-02	3.474712e+00
2.169000e-05	5.601505e-03	3.735390e+00
2.170000e-05	-5.112914e-02	3.915417e+00
2.171000e-05	-1.494584e-03	4.165944e+00
2.172000e-05	9.263248e-02	4.485285e+00
2.173000e-05	-8.495115e-02	4.744916e+00
2.174000e-05	1.529502e-01	5.018154e+00
2.175000e-05	-7.061633e-02	5.418549e+00
2.176000e-05	-2.403174e-02	5.660724e+00
2.177000e-05	3.100692e-02	5.923867e+00
2.178000e-05	-3.997941e-02	6.219574e+00
2.179000e-05	6.401339e-02	6.471180e+00
2.180000e-05	-5.807488e-02	6.796966e+00
2.181000e-05	4.550872e-02	7.019097e+00
2.182000e-05	1.824386e-02	7.342788e+00
2.183000e-05	-1.108914e-02	7.585474e+00
2.184000e-05	-1.823643e-02	7.901382e+00
2.185000e-05	-1.803179e-02	8.154918e+00
2.186000e-05	6.329232e-02	8.417047e+00
2.187000e-05	-1.789005e-02	8.638553e+00
2.188000e-05	-2.031704e-03	8.868208e+00
2.189000e-05	1.475554e-02	9.122334e+00
2.190000e-05	-6.591017e-03	9.372866e+00
2.191000e-05	2.375439e-02	9.573941e+00
2.192000e-05	-2.776457e-02	9.857051e+00
2.193000e-05	2.091220e-02	1.007016e+01
2.194000e-05	5.387075e-03	1.025071e+01
2.195000e-05	3.028468e-02	1.057129e+01
2.196000e-05	-1.123591e-02	1.075339e+01
2.197000e-05	-9.065634e-03	1.098290e+01
2.198000e-05	1.846031e-02	1.118146e+01
2.199000e-05	3.578750e-03	1.140389e+01
2.200000e-05	1.002746e-02	1.162557e+01
2.201000e-05	-1.013349e-02	1.181565e+01
2.202000e-05	2.759754e-02	1.208710e+01
2.203000e-05	8.914002e-03	1.221605e+01
2.204000e-05	8.947740e-03	1.238454e+01
2.205000e-05	-1.068528e-02	1.262247e+01
2.206000e-05	1.159238e-02	1.278181e+01
2.207000e-05	1.720682e-02	1.295029e+01
2.208000e-05	5.054124e-03	1.314875e+01
2.209000e-05	3.257576e-03	1.327821e+01
2.210000e-05	8.825092e-03	1.344658e+01
2.211000e-05	2.243366e-02	1.361351e+01
2.212000e-05	4.665324e-03	1.376976e+01
2.213000e-05	2.731412e-04	1.392820e+01
2.214000e-05	6.908256e-03	1.408605e+01
2.215000e-05	1.935363e-02	1.425412e+01
2.216000e-05	1.231648e-02	1.434091e+01
2.217000e-05	3.425297e-03	1.450770e+01
2.218000e-05	1.175485e-02	1.457451e+01
2.219000e-05	1.727363e-02	1.473023e+01
2.220000e-05	1.354062e-02	1.481346e+01
2.221000e-05	4.086346e-03	1.493928e+01
2.222000e-05	1.045699e-02	1.501241e+01
2.223000e-05	1.923320e-02	1.510770e+01
2.224000e-05	1.698885e-02	1.521204e+01
2.225000e-05	9.308148e-03	1.526657e+01
2.226000e-05	8.600800e-03	1.535876e+01
2.227000e-05	1.856128e-02	1.544197e+01
2.228000e-05	1.611180e-02	1.549715e+01
2.229000e-05	1.323378e-02	1.554980e+01
2.230000e-05	1.057623e-02	1.560089e+01
2.231000e-05	2.038629e-02	1.565309e+01
2.232000e-05	2.178530e-02	1.568567e+01
2.233000e-05	1.434050e-02	1.571971e+01
2.234000e-05	1.457183e-02	1.577983e+01
2.235000e-05	1.992857e-02	1.579894e+01
2.236000e-05	2.578066e-02	1.579184e+01
2.237000e-05	1.815182e-02	1.583147e+01
2.238000e-05	1.882360e-02	1.583397e+01
2.239000e-05	2.285736e-02	1.584249e+01
2.240000e-05	2.800260e-02	1.581249e+01
2.241000e-05	2.423837e-02	1.584341e+01
2.242000e-05	2.259031e-02	1.582146e+01
2.243000e-05	2.903148e-02	1.582044e+01
2.244000e-05	3.472367e-02	1.577876e+01
2.245000e-05	3.337006e-02	1.574780e+01
2.246000e-05	2.879667e-02	1.571412e+01
2.247000e-05	3.508463e-02	1.563405e+01
2.248000e-05	3.791453e-02	1.558196e+01
2.249000e-05	4.163987e-02	1.552773e+01
2.250000e-05	3.714708e-02	1.548770e+01
2.251000e-05	4.353146e-02	1.544342e+01
2.252000e-05	5.152797e-02	1.534031e+01
2.253000e-05	5.255409e-02	1.528510e+01
2.254000e-05	5.173724e-02	1.522136e+01
2.255000e-05	5.323447e-02	1.511522e+01
2.256000e-05	6.073291e-02	1.503239e+01
2.257000e-05	6.043435e-02	1.492673e+01
2.258000e-05	6.146706e-02	1.480341e+01
2.259000e-05	6.155929e-02	1.475708e+01
2.260000e-05	6.871855e-02	1.459394e+01
2.261000e-05	6.632635e-02	1.446403e+01
2.262000e-05	6.088089e-02	1.433926e+01
2.263000e-05	5.490577e-02	1.420046e+01
2.264000e-05	5.647960e-02	1.411457e+01
2.265000e-05	5.422472e-02	1.393770e+01
2.266000e-05	5.009615e-02	1.379826e+01
2.267000e-05	4.439866e-02	1.360387e+01
2.268000e-05	4.414559e-02	1.345552e+01
2.269000e-05	4.296892e-02	1.330710e+01
2.270000e-05	3.749654e-02	1.311970e+01
2.271000e-05	3.240339e-02	1.299233e+01
2.272000e-05	3.216877e-02	1.279192e+01
2.273000e-05	3.209037e-02	1.263387e+01
2.274000e-05	2.746245e-02	1.249651e+01
2.275000e-05	2.242891e-02	1.226757e+01
2.276000e-05	2.236883e-02	1.208408e+01
2.277000e-05	2.367968e-02	1.186712e+01
2.278000e-05	1.939540e-02	1.165555e+01
2.279000e-05	1.549646e-02	1.147549e+01
2.280000e-05	1.513011e-02	1.122352e+01
2.281000e-05	1.755899e-02	1.100597e+01
2.282000e-05	1.345215e-02	1.081494e+01
2.283000e-05	9.710120e-03	1.063377e+01
2.284000e-05	9.640497e-03	1.035076e+01
2.285000e-05	1.151588e-02	1.014121e+01
2.286000e-05	1.096676e-02	9.938648e+00
2.287000e-05	5.804557e-03	9.675500e+00
2.288000e-05	4.927484e-03	9.425916e+00
2.289000e-05	6.924563e-03	9.214892e+00
2.290000e-05	8.120904e-03	8.992266e+00
2.291000e-05	3.276885e-03	8.740707e+00
2.292000e-05	3.410926e-03	8.469603e+00
2.293000e-05	4.587822e-03	8.269569e+00
2.294000e-05	5.894365e-03	7.972261e+00
2.295000e-05	1.772288e-03	7.709706e+00
2.296000e-05	-3.136035e-04	7.445944e+00
2.297000e-05	2.008815e-03	7.142358e+00
2.298000e-05	2.900935e-03	6.881159e+00
2.299000e-05	1.118145e-03	6.626972e+00
2.300000e-05	-1.109830e-03	6.352761e+00
2.301000e-05	5.559607e-04	6.152704e+00
2.302000e-05	1.437519e-03	5.827995e+00
2.303000e-05	6.046477e-04	5.521711e+00
2.304000e-05	-3.492840e-03	5.259003e+00
2.305000e-05	-1.440729e-03	4.909634e+00
2.306000e-05	4.727836e-04	4.616946e+00
2.307000e-05	-9.628991e-04	4.353760e+00
2.308000e-05	-3.801644e-03	4.038023e+00
2.309000e-05	-3.099915e-03	3.785365e+00
2.310000e-05	-9.762717e-04	3.513683e+00
2.311000e-05	-1.616367e-03	3.218017e+00
2.312000e-05	-4.965290e-03	2.913209e+00
2.313000e-05	-4.195112e-03	2.660100e+00
2.314000e-05	-1.427363e-03	2.314737e+00
2.315000e-05	-2.623947e-03	2.051053e+00
2.316000e-05	-5.082415e-03	1.826865e+00
2.317000e-05	-5.003189e-03	1.450104e+00
2.318000e-05	-3.302730e-03	1.135341e+00
2.319000e-05	-2.563558e-03	8.089253e-01
2.320000e-05	-5.391656e-03	5.252858e-01
2.321000e-05	-5.391353e-03	2.810216e-01
2.322000e-05	-1.289945e-03	-1.373540e-02
2.323000e-05	8.610852e-03	-2.968432e-01
2.324000e-05	-2.394516e-03	-5.775285e-01
2.325000e-05	-1.569938e-03	-8.927367e-01
2.326000e-05	-6.088853e-03	-1.136418e+00
2.327000e-05	1.012094e-03	-1.453235e+00
2.328000e-05	-2.345330e-03	-1.695843e+00
2.329000e-05	1.797038e-02	-1.926371e+00
2.330000e-05	8.995415e-02	-2.220534e+00
2.331000e-05	-2.898512e-03	-2.560047e+00
2.332000e-05	-7.079493e-02	-2.948031e+00
2.333000e-05	-4.144821e-02	-3.306344e+00
2.334000e-05	-2.682966e-02	-3.536392e+00
2.335000e-05	-5.430980e-02	-3.839547e+00
2.336000e-05	5.048791e-02	-3.999073e+00
2.337000e-05	5.561102e-02	-4.208550e+00
2.338000e-05	-1.338300e-01	-4.544265e+00
2.339000e-05	2.044885e-01	-4.786466e+00
2.340000e-05	-1.428789e-01	-5.063263e+00
2.341000e-05	4.495596e-02	-5.460129e+00
2.342000e-05	-3.433957e-02	-5.692763e+00
2.343000e-05	-9.591822e-02	-6.007021e+00
2.344000e-05	1.577145e-01	-6.218573e+00
2.345000e-05	-1.335080e-01	-6.502343e+00
2.346000e-05	1.006436e-01	-6.785446e+00
2.347000e-05	-4.260381e-02	-7.060211e+00
2.348000e-05	-1.884347e-02	-7.396046e+00
2.349000e-05	3.345623e-02	-7.607072e+00
2.350000e-05	-1.064550e-01	-7.944943e+00
2.351000e-05	9.938557e-02	-8.195417e+00
2.352000e-05	-7.771500e-02	-8.478629e+00
2.353000e-05	6.160825e-02	-8.711383e+00
2.354000e-05	-2.356507e-02	-8.963866e+00
2.355000e-05	-4.579486e-02	-9.176099e+00
2.356000e-05	4.278887e-02	-9.417018e+00
2.357000e-05	-7.233526e-02	-9.679703e+00
2.358000e-05	6.261545e-02	-9.880730e+00
2.359000e-05	-7.597804e-02	-1.015123e+01
2.360000e-05	6.265577e-02	-1.037499e+01
2.361000e-05	-4.746640e-02	-1.058487e+01
2.362000e-05	1.327552e-02	-1.078597e+01
2.363000e-05	-3.376048e-02	-1.098405e+01
2.364000e-05	-8.843601e-03	-1.122765e+01
2.365000e-05	7.304290e-03	-1.141802e+01
2.366000e-05	-2.682605e-02	-1.168972e+01
2.367000e-05	1.314920e-02	-1.186930e+01
2.368000e-05	-3.315549e-02	-1.211825e+01
2.369000e-05	2.280344e-02	-1.227921e+01
2.370000e-05	-4.565058e-02	-1.248915e+01
2.371000e-05	8.534463e-03	-1.266765e+01
2.372000e-05	-3.525903e-02	-1.278512e+01
2.373000e-05	1.647182e-02	-1.301592e+01
2.374000e-05	-2.668438e-02	-1.318136e+01
2.375000e-05	-3.489568e-03	-1.331236e+01
2.376000e-05	-1.736036e-02	-1.350715e+01
2.377000e-05	-7.834010e-03	-1.367765e+01
2.378000e-05	-1.183910e-02	-1.382194e+01
2.379000e-05	-2.489813e-02	-1.396231e+01
2.380000e-05	-7.030931e-03	-1.407777e+01
2.381000e-05	-1.780537e-02	-1.424462e+01
2.382000e-05	-3.504237e-03	-1.438141e+01
2.383000e-05	-2.569353e-02	-1.449930e+01
2.384000e-05	-1.024675e-02	-1.463199e+01
2.385000e-05	-2.053359e-02	-1.474881e+01
2.386000e-05	-8.333478e-03	-1.485452e+01
2.387000e-05	-2.379137e-02	-1.496035e+01
2.388000e-05	-1.469593e-02	-1.503602e+01
2.389000e-05	-1.819510e-02	-1.515830e+01
2.390000e-05	-1.307431e-02	-1.521311e+01
2.391000e-05	-2.236148e-02	-1.529670e+01
2.392000e-05	-2.047794e-02	-1.539041e+01
2.393000e-05	-1.940389e-02	-1.546455e+01
2.394000e-05	-1.727445e-02	-1.548913e+01
2.395000e-05	-2.143157e-02	-1.557833e+01
2.396000e-05	-2.451868e-02	-1.564394e+01
2.397000e-05	-1.803152e-02	-1.570612e+01
2.398000e-05	-2.171772e-02	-1.576775e+01
2.399000e-05	-2.168977e-02	-1.577933e+01
2.400000e-05	-3.073133e-02	-1.579135e+01
2.401000e-05	-2.269805e-02	-1.581149e+01
2.402000e-05	-2.412595e-02	-1.585446e+01
2.403000e-05	-2.465461e-02	-1.585499e+01
2.404000e-05	-3.053994e-02	-1.587357e+01
2.405000e-05	-2.839544e-02	-1.584452e+01
2.406000e-05	-2.749992e-02	-1.585499e+01
2.407000e-05	-3.128520e-02	-1.584297e+01
2.408000e-05	-3.548368e-02	-1.584254e+01
2.409000e-05	-3.614448e-02	-1.580154e+01
2.410000e-05	-3.527051e-02	-1.579981e+01
2.411000e-05	-3.623146e-02	-1.574870e+01
2.412000e-05	-4.272874e-02	-1.572517e+01
2.413000e-05	-4.223787e-02	-1.565199e+01
2.414000e-05	-4.236990e-02	-1.563244e+01
2.415000e-05	-4.340268e-02	-1.550978e+01
2.416000e-05	-4.935068e-02	-1.550563e+01
2.417000e-05	-5.338971e-02	-1.545199e+01
2.418000e-05	-5.247228e-02	-1.535028e+01
2.419000e-05	-5.560944e-02	-1.524555e+01
2.420000e-05	-6.057326e-02	-1.520091e+01
2.421000e-05	-6.611203e-02	-1.510818e+01
2.422000e-05	-6.411454e-02	-1.503394e+01
2.423000e-05	-6.651317e-02	-1.492677e+01
2.424000e-05	-6.942439e-02	-1.477196e+01
2.425000e-05	-7.314593e-02	-1.470715e+01
2.426000e-05	-7.053253e-02	-1.462283e+01
2.427000e-05	-6.800821e-02	-1.450562e+01
2.428000e-05	-6.761430e-02	-1.433878e+01
2.429000e-05	-6.830691e-02	-1.423396e+01
2.430000e-05	-6.399702e-02	-1.407359e+01
2.431000e-05	-5.857264e-02	-1.391922e+01
2.432000e-05	-5.694947e-02	-1.376083e+01
2.433000e-05	-5.634644e-02	-1.359349e+01
2.434000e-05	-5.281897e-02	-1.346705e+01
2.435000e-05	-4.596534e-02	-1.331565e+01
2.436000e-05	-4.347722e-02	-1.314026e+01
2.437000e-05	-4.354452e-02	-1.301286e+01
2.438000e-05	-4.190918e-02	-1.287137e+01
2.439000e-05	-3.625503e-02	-1.263554e+01
2.440000e-05	-3.358051e-02	-1.243407e+01
2.441000e-05	-3.478808e-02	-1.228815e+01
2.442000e-05	-3.261820e-02	-1.209760e+01
2.443000e-05	-2.764290e-02	-1.188402e+01
2.444000e-05	-2.576965e-02	-1.163350e+01
2.445000e-05	-2.691422e-02	-1.141501e+01
2.446000e-05	-2.651492e-02	-1.118394e+01
2.447000e-05	-2.204146e-02	-1.095238e+01
2.448000e-05	-1.907208e-02	-1.076286e+01
2.449000e-05	-2.101574e-02	-1.056934e+01
2.450000e-05	-2.218703e-02	-1.038171e+01
2.451000e-05	-1.799117e-02	-1.012023e+01
2.452000e-05	-1.547831e-02	-9.866626e+00
2.453000e-05	-1.564521e-02	-9.657042e+00
2.454000e-05	-1.906414e-02	-9.436969e+00
2.455000e-05	-1.519694e-02	-9.183412e+00
2.456000e-05	-1.182381e-02	-8.990858e+00
2.457000e-05	-1.254258e-02	-8.720177e+00
2.458000e-05	-1.500142e-02	-8.467048e+00
2.459000e-05	-1.400566e-02	-8.194512e+00
2.460000e-05	-1.050399e-02	-7.983332e+00
2.461000e-05	-1.108475e-02	-7.698626e+00
2.462000e-05	-1.146597e-02	-7.436419e+00
2.463000e-05	-1.232907e-02	-7.151784e+00
2.464000e-05	-8.680035e-03	-6.880051e+00
2.465000e-05	-9.433065e-03	-6.626994e+00
2.466000e-05	-1.017338e-02	-6.354805e+00
2.467000e-05	-1.236977e-02	-6.050575e+00
2.468000e-05	-7.483388e-03	-5.835416e+00
2.469000e-05	-7.817406e-03	-5.520657e+00
2.470000e-05	-8.363596e-03	-5.145944e+00
2.471000e-05	-1.107435e-02	-4.898079e+00
2.472000e-05	-6.425189e-03	-4.545188e+00
2.473000e-05	-6.274983e-03	-4.343286e+00
2.474000e-05	-7.190199e-03	-4.082049e+00
2.475000e-05	-1.025767e-02	-3.804858e+00
2.476000e-05	-7.652800e-03	-3.521185e+00
2.477000e-05	-6.131454e-03	-3.178050e+00
2.478000e-05	-5.832155e-03	-2.920157e+00
2.479000e-05	-7.532595e-03	-2.629077e+00
2.480000e-05	-5.688810e-03	-2.344816e+00
2.481000e-05	-4.109459e-03	-2.019524e+00
2.482000e-05	-5.616202e-03	-1.784866e+00
2.483000e-05	-6.426357e-03	-1.501653e+00
2.484000e-05	-7.005039e-03	-1.145711e+00
2.485000e-05	-4.545238e-03	-8.274755e-01
2.486000e-05	-4.542387e-03	-5.547135e-01
2.487000e-05	-3.006121e-03	-2.816281e-01
2.488000e-05	-1.476250e-03	4.163402e-02
2.489000e-05	1.094822e-02	3.573970e-01
2.490000e-05	-2.024724e-03	5.904750e-01
2.491000e-05	2.652960e-03	8.525801e-01
2.492000e-05	-5.524538e-03	1.180950e+00
2.493000e-05	3.006584e-03	1.461658e+00
2.494000e-05	1.530615e-04	1.810530e+00
2.495000e-05	1.357260e-02	2.018475e+00
2.496000e-05	4.776856e-02	2.222164e+00
2.497000e-05	6.918467e-02	2.590157e+00
2.498000e-05	-6.474275e-02	2.976873e+00
2.499000e-05	-4.471586e-02	3.220628e+00
2.500000e-05	-3.279419e-02	3.536421e+00
2.501000e-05	1.635514e-03	3.747424e+00
2.502000e-05	-5.563023e-02	3.968996e+00
2.503000e-05	3.064945e-02	4.200579e+00
2.504000e-05	5.980852e-02	4.546942e+00
2.505000e-05	-6.347586e-02	4.808977e+00
2.506000e-05	1.574537e-01	5.103364e+00
2.507000e-05	-1.097084e-01	5.441659e+00
2.508000e-05	1.953823e-02	5.691185e+00
2.509000e-05	7.910730e-04	6.026550e+00
2.510000e-05	-1.485507e-02	6.219626e+00
2.511000e-05	4.952644e-02	6.566288e+00
2.512000e-05	-6.140732e-02	6.809624e+00
2.513000e-05	6.305254e-02	7.101681e+00
2.514000e-05	-6.041252e-03	7.383817e+00
2.515000e-05	3.081703e-03	7.639180e+00
2.516000e-05	-3.353063e-02	7.983819e+00
2.517000e-05	7.150819e-03	8.236525e+00
2.518000e-05	5.277285e-02	8.448155e+00
2.519000e-05	-2.752640e-02	8.671682e+00
2.520000e-05	1.281947e-02	8.941338e+00
2.521000e-05	-1.089854e-03	9.163442e+00
2.522000e-05	8.602160e-03	9.395522e+00
2.523000e-05	9.037370e-03	9.667674e+00
2.524000e-05	-1.635341e-02	9.920703e+00
2.525000e-05	1.671453e-02	1.014129e+01
2.526000e-05	1.152822e-02	1.034191e+01
2.527000e-05	2.780677e-02	1.057484e+01
2.528000e-05	-1.817636e-02	1.078457e+01
2.529000e-05	4.335537e-04	1.101547e+01
2.530000e-05	1.026631e-02	1.126557e+01
2.531000e-05	1.049008e-02	1.146610e+01
2.532000e-05	1.044410e-03	1.160613e+01
2.533000e-05	2.859060e-04	1.187021e+01
2.534000e-05	2.101010e-02	1.208870e+01
2.535000e-05	1.297369e-02	1.224863e+01
2.536000e-05	4.399716e-03	1.244812e+01
2.537000e-05	-7.109272e-03	1.264700e+01
2.538000e-05	1.143854e-02	1.282257e+01
2.539000e-05	1.386845e-02	1.296384e+01
2.540000e-05	7.820461e-03	1.313926e+01
2.541000e-05	1.814902e-03	1.334028e+01
2.542000e-05	1.346984e-02	1.347716e+01
2.543000e-05	1.653849e-02	1.362607e+01
2.544000e-05	8.261394e-03	1.376041e+01
2.545000e-05	-9.515027e-04	1.391723e+01
2.546000e-05	9.589498e-03	1.412822e+01
2.547000e-05	1.553575e-02	1.427460e+01
2.548000e-05	1.224590e-02	1.441339e+01
2.549000e-05	5.213246e-03	1.451778e+01
2.550000e-05	1.230101e-02	1.466350e+01
2.551000e-05	1.611590e-02	1.476976e+01
2.552000e-05	1.228386e-02	1.484400e+01
2.553000e-05	7.653729e-03	1.494173e+01
2.554000e-05	9.182694e-03	1.504397e+01
2.555000e-05	1.870052e-02	1.508713e+01
2.556000e-05	1.443355e-02	1.522191e+01
2.557000e-05	1.178174e-02	1.531723e+01
2.558000e-05	8.863120e-03	1.537980e+01
2.559000e-05	1.885880e-02	1.544454e+01
2.560000e-05	1.635632e-02	1.549667e+01
2.561000e-05	1.346809e-02	1.556828e+01
2.562000e-05	1.228858e-02	1.564194e+01
2.563000e-05	1.933393e-02	1.565507e+01
2.564000e-05	2.084337e-02	1.571675e+01
2.565000e-05	1.486839e-02	1.573735e+01
2.566000e-05	1.694169e-02	1.578091e+01
2.567000e-05	1.924319e-02	1.580051e+01
2.568000e-05	2.380197e-02	1.582144e+01
2.569000e-05	1.894723e-02	1.584052e+01
2.570000e-05	1.985721e-02	1.582401e+01
2.571000e-05	2.275332e-02	1.584354e+01
2.572000e-05	2.666927e-02	1.584049e+01
2.573000e-05	2.610937e-02	1.585257e+01
2.574000e-05	2.420762e-02	1.580144e+01
2.575000e-05	3.006627e-02	1.578036e+01
2.576000e-05	3.275482e-02	1.578878e+01
2.577000e-05	3.286503e-02	1.575820e+01
2.578000e-05	3.092309e-02	1.569452e+01
2.579000e-05	3.521677e-02	1.563304e+01
2.580000e-05	3.935390e-02	1.560038e+01
2.581000e-05	4.028055e-02	1.552885e+01
2.582000e-05	4.003124e-02	1.542457e+01
2.583000e-05	4.346888e-02	1.544089e+01
2.584000e-05	4.942483e-02	1.534930e+01
2.585000e-05	5.171315e-02	1.525454e+01
2.586000e-05	5.312855e-02	1.517979e+01
2.587000e-05	5.582467e-02	1.507555e+01
2.588000e-05	6.101359e-02	1.496991e+01
2.589000e-05	6.255758e-02	1.489717e+01
2.590000e-05	6.315271e-02	1.478246e+01
2.591000e-05	6.225196e-02	1.466608e+01
2.592000e-05	6.362760e-02	1.459089e+01
2.593000e-05	6.284437e-02	1.443549e+01
2.594000e-05	6.030789e-02	1.433767e+01
2.595000e-05	5.726991e-02	1.416028e+01
2.596000e-05	5.668530e-02	1.405194e+01
2.597000e-05	5.396160e-02	1.387657e+01
2.598000e-05	5.037877e-02	1.372921e+01
2.599000e-05	4.387309e-02	1.361933e+01
2.600000e-05	4.306883e-02	1.342599e+01
2.601000e-05	3.913255e-02	1.329557e+01
2.602000e-05	3.761853e-02	1.312710e+01
2.603000e-05	3.378227e-02	1.298973e+01
2.604000e-05	3.230520e-02	1.274026e+01
2.605000e-05	2.929943e-02	1.257236e+01
2.606000e-05	2.768591e-02	1.240196e+01
2.607000e-05	2.359398e-02	1.222444e+01
2.608000e-05	2.057341e-02	1.204345e+01
2.609000e-05	2.058026e-02	1.184204e+01
2.610000e-05	2.022404e-02	1.165193e+01
2.611000e-05	1.845866e-02	1.140339e+01
2.612000e-05	1.393784e-02	1.117131e+01
2.613000e-05	1.474951e-02	1.098181e+01
2.614000e-05	1.321150e-02	1.076234e+01
2.615000e-05	1.316505e-02	1.053223e+01
2.616000e-05	9.355609e-03	1.029963e+01
2.617000e-05	9.476636e-03	1.013013e+01
2.618000e-05	8.734388e-03	9.896442e+00
2.619000e-05	9.035490e-03	9.553964e+00
2.620000e-05	6.483911e-03	9.363360e+00
2.621000e-05	3.972224e-03	9.202282e+00
2.622000e-05	7.217668e-03	8.909678e+00
2.623000e-05	3.216661e-03	8.629973e+00
2.624000e-05	5.130488e-03	8.406969e+00
2.625000e-05	1.132743e-03	8.203365e+00
2.626000e-05	5.259625e-03	7.949633e+00
2.627000e-05	3.592100e-03	7.658523e+00
2.628000e-05	4.824854e-03	7.404785e+00
2.629000e-05	3.308627e-04	7.111677e+00
2.630000e-05	1.325441e-03	6.837068e+00
2.631000e-05	-7.434016e-04	6.614289e+00
2.632000e-05	-3.735899e-04	6.300077e+00
2.633000e-05	-1.864036e-03	6.056525e+00
2.634000e-05	2.144158e-04	5.774347e+00
2.635000e-05	1.947691e-03	5.480660e+00
2.636000e-05	1.061453e-03	5.243465e+00
2.637000e-05	3.965872e-04	4.867998e+00
2.638000e-05	-3.819319e-03	4.555285e+00
2.639000e-05	-2.274027e-03	4.301526e+00
2.640000e-05	-2.593087e-03	3.996341e+00
2.641000e-05	-2.217034e-03	3.733108e+00
2.642000e-05	-3.481861e-03	3.468949e+00
2.643000e-05	-1.436142e-03	3.103761e+00
2.644000e-05	-1.660535e-03	2.859028e+00
2.645000e-05	-1.973157e-03	2.606762e+00
2.646000e-05	-4.356134e-03	2.282202e+00
2.647000e-05	-4.469439e-03	2.018525e+00
2.648000e-05	-3.889738e-03	1.753713e+00
2.649000e-05	-4.216213e-03	1.417449e+00
2.650000e-05	-5.709516e-03	1.093604e+00
2.651000e-05	-4.901308e-03	7.468147e-01
2.652000e-05	-1.896458e-03	4.821056e-01
2.653000e-05	-2.768076e-03	1.968687e-01
2.654000e-05	-1.042896e-03	-9.386936e-02
2.655000e-05	7.314106e-03	-3.499961e-01
2.656000e-05	-3.898660e-03	-6.055877e-01
2.657000e-05	1.466670e-03	-9.488931e-01
2.658000e-05	-8.353790e-03	-1.189577e+00
2.659000e-05	-5.989337e-04	-1.497791e+00
2.660000e-05	-1.190217e-03	-1.788396e+00
2.661000e-05	2.907361e-02	-1.959047e+00
2.662000e-05	9.822859e-02	-2.273161e+00
2.663000e-05	-4.590829e-02	-2.644186e+00
2.664000e-05	-5.474340e-02	-3.063310e+00
2.665000e-05	-4.415793e-02	-3.377921e+00
2.666000e-05	-2.018766e-02	-3.598976e+00
2.667000e-05	-6.669079e-02	-3.840657e+00
2.668000e-05	1.027089e-01	-4.050078e+00
2.669000e-05	-2.057049e-02	-4.264158e+00
2.670000e-05	-5.865884e-02	-4.587527e+00
2.671000e-05	1.715680e-01	-4.828977e+00
2.672000e-05	-1.753810e-01	-5.197396e+00
2.673000e-05	1.030223e-01	-5.510283e+00
2.674000e-05	-1.101971e-01	-5.736017e+00
2.675000e-05	-8.909369e-03	-6.070634e+00
2.676000e-05	1.053941e-01	-6.230080e+00
2.677000e-05	-1.220765e-01	-6.587576e+00
2.678000e-05	1.261175e-01	-6.838129e+00
2.679000e-05	-9.294878e-02	-7.171843e+00
2.680000e-05	3.055505e-02	-7.460628e+00
2.681000e-05	-1.859466e-02	-7.700285e+00
2.682000e-05	-6.348832e-02	-7.987101e+00
2.683000e-05	8.855614e-02	-8.237550e+00
2.684000e-05	-9.219302e-02	-8.512737e+00
2.685000e-05	9.356019e-02	-8.682833e+00
2.686000e-05	-7.369884e-02	-9.004996e+00
2.687000e-05	6.778137e-03	-9.269677e+00
2.688000e-05	-1.331927e-03	-9.447125e+00
2.689000e-05	-3.992550e-02	-9.742338e+00
2.690000e-05	4.218529e-02	-9.891807e+00
2.691000e-05	-6.460581e-02	-1.018432e+01
2.692000e-05	6.577047e-02	-1.040502e+01
2.693000e-05	-6.522548e-02	-1.063758e+01
2.694000e-05	3.373712e-02	-1.086760e+01
2.695000e-05	-5.556151e-02	-1.103512e+01
2.696000e-05	1.731102e-02	-1.125868e+01
2.697000e-05	-1.962468e-02	-1.148976e+01
2.698000e-05	-4.290139e-03	-1.174081e+01
2.699000e-05	-4.714257e-03	-1.194983e+01
2.700000e-05	-1.738876e-02	-1.214031e+01
2.701000e-05	7.505596e-03	-1.229976e+01
2.702000e-05	-3.818802e-02	-1.250881e+01
2.703000e-05	7.521140e-03	-1.269723e+01
2.704000e-05	-3.524969e-02	-1.289713e+01
2.705000e-05	1.576252e-02	-1.298610e+01
2.706000e-05	-3.310676e-02	-1.323352e+01
2.707000e-05	5.806593e-03	-1.337036e+01
2.708000e-05	-2.474141e-02	-1.348965e+01
2.709000e-05	-1.155605e-03	-1.368810e+01
2.710000e-05	-2.155123e-02	-1.383394e+01
2.711000e-05	-1.502477e-02	-1.400147e+01
2.712000e-05	-1.294581e-02	-1.409920e+01
2.713000e-05	-1.497502e-02	-1.428567e+01
2.714000e-05	-9.368540e-03	-1.443291e+01
2.715000e-05	-2.122383e-02	-1.450881e+01
2.716000e-05	-1.013036e-02	-1.462550e+01
2.717000e-05	-2.012053e-02	-1.473944e+01
2.718000e-05	-1.104830e-02	-1.486704e+01
2.719000e-05	-2.312842e-02	-1.492086e+01
2.720000e-05	-1.298239e-02	-1.506757e+01
2.721000e-05	-1.848679e-02	-1.515931e+01
2.722000e-05	-1.365906e-02	-1.523504e+01
2.723000e-05	-2.412574e-02	-1.532670e+01
2.724000e-05	-1.784571e-02	-1.538183e+01
2.725000e-05	-2.130549e-02	-1.546510e+01
2.726000e-05	-1.753257e-02	-1.551818e+01
2.727000e-05	-2.367945e-02	-1.560131e+01
2.728000e-05	-2.067213e-02	-1.565447e+01
2.729000e-05	-1.949043e-02	-1.567360e+01
2.730000e-05	-2.307265e-02	-1.571728e+01
2.731000e-05	-2.372118e-02	-1.577833e+01
2.732000e-05	-2.758251e-02	-1.581041e+01
2.733000e-05	-2.197883e-02	-1.580089e+01
2.734000e-05	-2.589925e-02	-1.583349e+01
2.735000e-05	-2.617729e-02	-1.586497e+01
2.736000e-05	-2.890345e-02	-1.587307e+01
2.737000e-05	-2.846642e-02	-1.587459e+01
2.738000e-05	-2.979640e-02	-1.584349e+01
2.739000e-05	-3.231744e-02	-1.584349e+01
2.740000e-05	-3.439964e-02	-1.578294e+01
2.741000e-05	-3.410676e-02	-1.579086e+01
2.742000e-05	-3.573628e-02	-1.580028e+01
2.743000e-05	-3.957848e-02	-1.574968e+01
2.744000e-05	-4.111869e-02	-1.572522e+01
2.745000e-05	-4.113928e-02	-1.563457e+01
2.746000e-05	-4.209684e-02	-1.561238e+01
2.747000e-05	-4.665608e-02	-1.553875e+01
2.748000e-05	-5.094770e-02	-1.548357e+01
2.749000e-05	-5.033463e-02	-1.543286e+01
2.750000e-05	-5.317436e-02	-1.532865e+01
2.751000e-05	-5.739728e-02	-1.528454e+01
2.752000e-05	-6.225758e-02	-1.516026e+01
2.753000e-05	-6.329217e-02	-1.505610e+01
2.754000e-05	-6.461321e-02	-1.500244e+01
2.755000e-05	-6.876729e-02	-1.489765e+01
2.756000e-05	-7.106546e-02	-1.481134e+01
2.757000e-05	-7.026028e-02	-1.469757e+01
2.758000e-05	-6.861888e-02	-1.457080e+01
2.759000e-05	-6.878647e-02	-1.444401e+01
2.760000e-05	-6.846005e-02	-1.433867e+01
2.761000e-05	-6.551650e-02	-1.419093e+01
2.762000e-05	-6.197240e-02	-1.403391e+01
2.763000e-05	-6.000001e-02	-1.385767e+01
2.764000e-05	-5.806200e-02	-1.374921e+01
2.765000e-05	-5.377989e-02	-1.355146e+01
2.766000e-05	-4.922918e-02	-1.344547e+01
2.767000e-05	-4.704238e-02	-1.326555e+01
2.768000e-05	-4.500192e-02	-1.314873e+01
2.769000e-05	-4.186676e-02	-1.294981e+01
2.770000e-05	-3.860227e-02	-1.279983e+01
2.771000e-05	-3.648488e-02	-1.261389e+01
2.772000e-05	-3.616942e-02	-1.241289e+01
2.773000e-05	-3.255388e-02	-1.223307e+01
2.774000e-05	-2.981691e-02	-1.204592e+01
2.775000e-05	-2.763539e-02	-1.186439e+01
2.776000e-05	-2.813291e-02	-1.159141e+01
2.777000e-05	-2.637439e-02	-1.139086e+01
2.778000e-05	-2.297502e-02	-1.117078e+01
2.779000e-05	-2.148460e-02	-1.093073e+01
2.780000e-05	-2.195748e-02	-1.073076e+01
2.781000e-05	-2.073827e-02	-1.052025e+01
2.782000e-05	-1.851669e-02	-1.026818e+01
2.783000e-05	-1.813230e-02	-1.006565e+01
2.784000e-05	-1.746711e-02	-9.837016e+00
2.785000e-05	-1.714225e-02	-9.614965e+00
2.786000e-05	-1.437884e-02	-9.393863e+00
2.787000e-05	-1.378131e-02	-9.120728e+00
2.788000e-05	-1.422579e-02	-8.879702e+00
2.789000e-05	-1.355675e-02	-8.688589e+00
2.790000e-05	-1.294731e-02	-8.363918e+00
2.791000e-05	-1.185382e-02	-8.163290e+00
2.792000e-05	-1.250132e-02	-7.928702e+00
2.793000e-05	-1.232986e-02	-7.564837e+00
2.794000e-05	-1.043242e-02	-7.352762e+00
2.795000e-05	-1.040382e-02	-7.071681e+00
2.796000e-05	-1.037560e-02	-6.816891e+00
2.797000e-05	-1.091572e-02	-6.552817e+00
2.798000e-05	-8.232645e-03	-6.279126e+00
2.799000e-05	-9.913586e-03	-6.016419e+00
2.800000e-05	-7.515763e-03	-5.742762e+00
2.801000e-05	-1.009605e-02	-5.488172e+00
2.802000e-05	-7.933424e-03	-5.112712e+00
2.803000e-05	-8.716437e-03	-4.833914e+00
2.804000e-05	-6.187536e-03	-4.532189e+00
2.805000e-05	-9.311299e-03	-4.291129e+00
2.806000e-05	-6.833142e-03	-4.027446e+00
2.807000e-05	-8.787643e-03	-3.721757e+00
2.808000e-05	-6.745715e-03	-3.450124e+00
2.809000e-05	-8.330304e-03	-3.176414e+00
2.810000e-05	-5.357747e-03	-2.809528e+00
2.811000e-05	-6.070239e-03	-2.587365e+00
2.812000e-05	-4.920715e-03	-2.323679e+00
2.813000e-05	-6.426335e-03	-1.987892e+00
2.814000e-05	-6.240825e-03	-1.704262e+00
2.815000e-05	-6.415053e-03	-1.387466e+00
2.816000e-05	-5.816648e-03	-1.061055e+00
2.817000e-05	-5.317879e-03	-7.593724e-01
2.818000e-05	-4.137267e-03	-5.021304e-01
2.819000e-05	-2.380608e-03	-1.979489e-01
2.820000e-05	2.101628e-03	7.568659e-02
2.821000e-05	8.674524e-03	3.995510e-01
2.822000e-05	-3.258436e-03	6.436565e-01
2.823000e-05	2.646117e-03	9.073129e-01
2.824000e-05	-2.545557e-03	1.242159e+00
2.825000e-05	3.977249e-03	1.525292e+00
2.826000e-05	-1.517088e-03	1.820080e+00
2.827000e-05	1.747658e-02	2.022161e+00
2.828000e-05	6.518125e-02	2.305340e+00
2.829000e-05	4.465469e-02	2.673790e+00
2.830000e-05	-7.208376e-02	3.017926e+00
2.831000e-05	-4.546348e-02	3.283185e+00
2.832000e-05	-1.905647e-02	3.619001e+00
2.833000e-05	-7.735312e-03	3.799472e+00
2.834000e-05	-5.463204e-02	4.039530e+00
2.835000e-05	6.140735e-02	4.254189e+00
2.836000e-05	1.460849e-02	4.630150e+00
2.837000e-05	-9.171033e-03	4.851602e+00
2.838000e-05	1.220171e-01	5.217025e+00
2.839000e-05	-1.234764e-01	5.493289e+00
2.840000e-05	4.920076e-02	5.775921e+00
2.841000e-05	-2.509723e-02	6.041156e+00
2.842000e-05	1.466985e-02	6.293734e+00
2.843000e-05	2.012866e-02	6.626550e+00
2.844000e-05	-4.349996e-02	6.891184e+00
2.845000e-05	7.302285e-02	7.103816e+00
2.846000e-05	-2.280431e-02	7.420604e+00
2.847000e-05	6.479737e-03	7.732713e+00
2.848000e-05	-4.477920e-02	8.017603e+00
2.849000e-05	3.614428e-02	8.270129e+00
2.850000e-05	3.651894e-02	8.522185e+00
2.851000e-05	-3.310983e-02	8.713213e+00
2.852000e-05	2.422476e-02	8.967392e+00
2.853000e-05	-9.754972e-03	9.238601e+00
2.854000e-05	2.376726e-02	9.458128e+00
2.855000e-05	-1.191983e-02	9.679733e+00
2.856000e-05	-2.807933e-03	9.942437e+00
2.857000e-05	1.147863e-02	1.018492e+01
2.858000e-05	1.967455e-02	1.035292e+01
2.859000e-05	1.733543e-02	1.061550e+01
2.860000e-05	-2.192261e-02	1.085802e+01
2.861000e-05	1.211530e-02	1.101760e+01
2.862000e-05	4.910069e-03	1.126858e+01
2.863000e-05	1.546943e-02	1.145825e+01
2.864000e-05	-9.608371e-03	1.173870e+01
2.865000e-05	1.259615e-02	1.192178e+01
2.866000e-05	1.442484e-02	1.210131e+01
2.867000e-05	1.540136e-02	1.230868e+01
2.868000e-05	-3.642119e-03	1.248710e+01
2.869000e-05	-4.354324e-04	1.265865e+01
2.870000e-05	1.544209e-02	1.282605e+01
2.871000e-05	1.019104e-02	1.300600e+01
2.872000e-05	7.266309e-03	1.317179e+01
2.873000e-05	-7.467452e-05	1.340186e+01
2.874000e-05	2.095740e-02	1.348821e+01
2.875000e-05	1.138481e-02	1.372764e+01
2.876000e-05	7.473354e-03	1.381397e+01
2.877000e-05	-1.969009e-03	1.399083e+01
2.878000e-05	1.564321e-02	1.410821e+01
2.879000e-05	1.432711e-02	1.430813e+01
2.880000e-05	9.838515e-03	1.439397e+01
2.881000e-05	4.983162e-03	1.452021e+01
2.882000e-05	1.450170e-02	1.469618e+01
2.883000e-05	1.781167e-02	1.479124e+01
2.884000e-05	7.573229e-03	1.487715e+01
2.885000e-05	7.313032e-03	1.493926e+01
2.886000e-05	1.088502e-02	1.503554e+01
2.887000e-05	2.037104e-02	1.514766e+01
2.888000e-05	1.144485e-02	1.524347e+01
2.889000e-05	1.029324e-02	1.531672e+01
2.890000e-05	1.214348e-02	1.540136e+01
2.891000e-05	1.956672e-02	1.546609e+01
2.892000e-05	1.538957e-02	1.551713e+01
2.893000e-05	9.810877e-03	1.557943e+01
2.894000e-05	1.558162e-02	1.560447e+01
2.895000e-05	2.015645e-02	1.566708e+01
2.896000e-05	2.064413e-02	1.571820e+01
2.897000e-05	1.215706e-02	1.574923e+01
2.898000e-05	1.878212e-02	1.579936e+01
2.899000e-05	2.201630e-02	1.579247e+01
2.900000e-05	2.356963e-02	1.583198e+01
2.901000e-05	1.794045e-02	1.583237e+01
2.902000e-05	1.980550e-02	1.586450e+01
2.903000e-05	2.577083e-02	1.587402e+01
2.904000e-05	2.610202e-02	1.580349e+01
2.905000e-05	2.442134e-02	1.581344e+01
2.906000e-05	2.397709e-02	1.582091e+01
2.907000e-05	3.260153e-02	1.578083e+01
2.908000e-05	3.368778e-02	1.579086e+01
2.909000e-05	3.203400e-02	1.573685e+01
2.910000e-05	3.101527e-02	1.567512e+01
2.911000e-05	3.712694e-02	1.565349e+01
2.912000e-05	4.101021e-02	1.560029e+01
2.913000e-05	3.881252e-02	1.552823e+01
2.914000e-05	4.044768e-02	1.546457e+01
2.915000e-05	4.459084e-02	1.539344e+01
2.916000e-05	5.118243e-02	1.532670e+01
2.917000e-05	5.139186e-02	1.524252e+01
2.918000e-05	5.241692e-02	1.517923e+01
2.919000e-05	5.793543e-02	1.508557e+01
2.920000e-05	6.220747e-02	1.497033e+01
2.921000e-05	6.260807e-02	1.485607e+01
2.922000e-05	6.145423e-02	1.481026e+01
2.923000e-05	6.375329e-02	1.464510e+01
2.924000e-05	6.365754e-02	1.460875e+01
2.925000e-05	6.236177e-02	1.446252e+01
2.926000e-05	5.767312e-02	1.429762e+01
2.927000e-05	5.720296e-02	1.420026e+01
2.928000e-05	5.793076e-02	1.403194e+01
2.929000e-05	5.413835e-02	1.384455e+01
2.930000e-05	4.867462e-02	1.371015e+01
2.931000e-05	4.319410e-02	1.352931e+01
2.932000e-05	4.432601e-02	1.339331e+01
2.933000e-05	3.843351e-02	1.323249e+01
2.934000e-05	3.465908e-02	1.308757e+01
2.935000e-05	3.360648e-02	1.288715e+01
2.936000e-05	3.461541e-02	1.274018e+01
2.937000e-05	3.002244e-02	1.255018e+01
2.938000e-05	2.470224e-02	1.239139e+01
2.939000e-05	2.290179e-02	1.222336e+01
2.940000e-05	2.332748e-02	1.199286e+01
2.941000e-05	2.214916e-02	1.177436e+01
2.942000e-05	1.613744e-02	1.158336e+01
2.943000e-05	1.546749e-02	1.136129e+01
2.944000e-05	1.549763e-02	1.115018e+01
2.945000e-05	1.704859e-02	1.091921e+01
2.946000e-05	1.166204e-02	1.076078e+01
2.947000e-05	9.983260e-03	1.051868e+01
2.948000e-05	1.099319e-02	1.027705e+01
2.949000e-05	1.297993e-02	1.006450e+01
2.950000e-05	8.679553e-03	9.816387e+00
2.951000e-05	4.564635e-03	9.521235e+00
2.952000e-05	6.012317e-03	9.340256e+00
2.953000e-05	7.626331e-03	9.169709e+00
2.954000e-05	5.890621e-03	8.846045e+00
2.955000e-05	3.359775e-03	8.624918e+00
2.956000e-05	4.959576e-03	8.393893e+00
2.957000e-05	4.449562e-03	8.102630e+00
2.958000e-05	1.732238e-03	7.897598e+00
2.959000e-05	1.593030e-03	7.626339e+00
2.960000e-05	3.267520e-03	7.261107e+00
2.961000e-05	3.462328e-03	7.036570e+00
2.962000e-05	-8.533950e-05	6.774914e+00
2.963000e-05	-9.027540e-05	6.521729e+00
2.964000e-05	-6.633798e-04	6.269049e+00
2.965000e-05	1.676043e-03	6.017891e+00
2.966000e-05	-1.124731e-03	5.722125e+00
2.967000e-05	3.353344e-04	5.447973e+00
2.968000e-05	-1.178600e-03	5.153232e+00
2.969000e-05	3.655417e-03	4.776391e+00
2.970000e-05	-2.404656e-03	4.543154e+00
2.971000e-05	-2.666252e-03	4.228523e+00
2.972000e-05	-3.849568e-03	3.914738e+00
2.973000e-05	-2.623777e-03	3.651102e+00
2.974000e-05	-3.571846e-03	3.395341e+00
2.975000e-05	-1.744696e-03	3.121528e+00
2.976000e-05	-2.140949e-03	2.828998e+00
2.977000e-05	-2.596444e-04	2.540156e+00
2.978000e-05	-2.128431e-03	2.229496e+00
2.979000e-05	-5.191443e-03	1.957237e+00
2.980000e-05	-4.361010e-03	1.661629e+00
2.981000e-05	-5.376737e-03	1.346265e+00
2.982000e-05	-2.366015e-03	1.060393e+00
2.983000e-05	-5.727486e-03	6.737596e-01
2.984000e-05	-5.018135e-04	4.300516e-01
2.985000e-05	-3.107153e-03	1.142896e-01
2.986000e-05	9.958855e-04	-1.588496e-01
2.987000e-05	4.332768e-03	-4.115500e-01
2.988000e-05	-4.751624e-03	-6.888656e-01
2.989000e-05	-1.108679e-03	-9.395234e-01
2.990000e-05	-4.124012e-03	-1.263686e+00
2.991000e-05	3.088291e-04	-1.560471e+00
2.992000e-05	1.767470e-03	-1.810501e+00
2.993000e-05	4.117840e-02	-2.011175e+00
2.994000e-05	9.412741e-02	-2.277471e+00
2.995000e-05	-7.475902e-02	-2.717369e+00
2.996000e-05	-4.313101e-02	-3.107471e+00
2.997000e-05	-4.657764e-02	-3.420103e+00
2.998000e-05	-1.819370e-02	-3.661053e+00
2.999000e-05	-6.154222e-02	-3.904290e+00
3.000000e-05	1.368673e-01	-4.061704e+00
3.001000e-05	-9.717928e-02	-4.304869e+00
3.002000e-05	3.779018e-02	-4.612074e+00
3.003000e-05	1.038995e-01	-4.902107e+00
3.004000e-05	-1.613082e-01	-5.300756e+00
3.005000e-05	1.211986e-01	-5.554466e+00
3.006000e-05	-1.641781e-01	-5.808579e+00
3.007000e-05	8.046885e-02	-6.070712e+00
3.008000e-05	2.774891e-02	-6.302391e+00
3.009000e-05	-7.739750e-02	-6.651154e+00
3.010000e-05	1.134498e-01	-6.842205e+00
3.011000e-05	-1.119098e-01	-7.249170e+00
3.012000e-05	7.033989e-02	-7.492231e+00
3.013000e-05	-7.172178e-02	-7.795894e+00
3.014000e-05	-9.753165e-03	-8.040656e+00
3.015000e-05	5.237575e-02	-8.271179e+00
3.016000e-05	-7.487198e-02	-8.573888e+00
3.017000e-05	9.721339e-02	-8.754046e+00
3.018000e-05	-1.057243e-01	-9.049651e+00
3.019000e-05	4.973183e-02	-9.288735e+00
3.020000e-05	-4.312673e-02	-9.531285e+00
3.021000e-05	4.238067e-03	-9.745938e+00
3.022000e-05	3.967839e-03	-9.970939e+00
3.023000e-05	-3.567864e-02	-1.024795e+01
3.024000e-05	4.854172e-02	-1.042720e+01
3.025000e-05	-6.120746e-02	-1.065970e+01
3.026000e-05	3.528510e-02	-1.090820e+01
3.027000e-05	-6.499680e-02	-1.109863e+01
3.028000e-05	3.651289e-02	-1.131878e+01
3.029000e-05	-3.823086e-02	-1.154981e+01
3.030000e-05	1.441659e-02	-1.178186e+01
3.031000e-05	-2.572803e-02	-1.194943e+01
3.032000e-05	2.835146e-03	-1.215184e+01
3.033000e-05	-1.100816e-02	-1.236176e+01
3.034000e-05	-2.355238e-02	-1.252133e+01
3.035000e-05	-2.464636e-03	-1.274186e+01
3.036000e-05	-2.554073e-02	-1.287725e+01
3.037000e-05	1.187991e-02	-1.306712e+01
3.038000e-05	-3.309263e-02	-1.324557e+01
3.039000e-05	7.380385e-03	-1.342296e+01
3.040000e-05	-2.988714e-02	-1.354036e+01
3.041000e-05	4.590266e-03	-1.372876e+01
3.042000e-05	-2.985106e-02	-1.386555e+01
3.043000e-05	-7.369023e-03	-1.404347e+01
3.044000e-05	-1.813744e-02	-1.415876e+01
3.045000e-05	-8.075927e-03	-1.429727e+01
3.046000e-05	-1.515540e-02	-1.444104e+01
3.047000e-05	-1.726710e-02	-1.454031e+01
3.048000e-05	-1.404321e-02	-1.466470e+01
3.049000e-05	-1.754317e-02	-1.477049e+01
3.050000e-05	-1.379176e-02	-1.488609e+01
3.051000e-05	-2.284138e-02	-1.497041e+01
3.052000e-05	-1.305757e-02	-1.506612e+01
3.053000e-05	-1.849023e-02	-1.518086e+01
3.054000e-05	-1.364431e-02	-1.522304e+01
3.055000e-05	-2.476991e-02	-1.532983e+01
3.056000e-05	-1.660153e-02	-1.539241e+01
3.057000e-05	-2.224742e-02	-1.548555e+01
3.058000e-05	-1.663817e-02	-1.553838e+01
3.059000e-05	-2.468442e-02	-1.560236e+01
3.060000e-05	-1.871922e-02	-1.564309e+01
3.061000e-05	-2.205750e-02	-1.567605e+01
3.062000e-05	-2.269361e-02	-1.572670e+01
3.063000e-05	-2.426653e-02	-1.577140e+01
3.064000e-05	-2.608372e-02	-1.579986e+01
3.065000e-05	-2.289276e-02	-1.581344e+01
3.066000e-05	-2.708972e-02	-1.583457e+01
3.067000e-05	-2.644129e-02	-1.581505e+01
3.068000e-05	-2.930450e-02	-1.583357e+01
3.069000e-05	-2.814927e-02	-1.588452e+01
3.070000e-05	-3.071974e-02	-1.584399e+01
3.071000e-05	-3.270993e-02	-1.582197e+01
3.072000e-05	-3.445835e-02	-1.584248e+01
3.073000e-05	-3.544373e-02	-1.580996e+01
3.074000e-05	-3.600266e-02	-1.576881e+01
3.075000e-05	-3.952513e-02	-1.573778e+01
3.076000e-05	-4.112620e-02	-1.565464e+01
3.077000e-05	-4.188164e-02	-1.564239e+01
3.078000e-05	-4.297172e-02	-1.557789e+01
3.079000e-05	-4.658914e-02	-1.551770e+01
3.080000e-05	-5.057383e-02	-1.545304e+01
3.081000e-05	-5.296928e-02	-1.542148e+01
3.082000e-05	-5.493149e-02	-1.528660e+01
3.083000e-05	-5.736467e-02	-1.522356e+01
3.084000e-05	-6.242560e-02	-1.514930e+01
3.085000e-05	-6.348714e-02	-1.507600e+01
3.086000e-05	-6.549489e-02	-1.501183e+01
3.087000e-05	-6.802345e-02	-1.489705e+01
3.088000e-05	-7.135992e-02	-1.476030e+01
3.089000e-05	-7.102462e-02	-1.465570e+01
3.090000e-05	-7.000815e-02	-1.454778e+01
3.091000e-05	-6.904825e-02	-1.440249e+01
3.092000e-05	-6.788409e-02	-1.431755e+01
3.093000e-05	-6.506572e-02	-1.419833e+01
3.094000e-05	-6.227368e-02	-1.401131e+01
3.095000e-05	-5.854613e-02	-1.385457e+01
3.096000e-05	-5.640911e-02	-1.375708e+01
3.097000e-05	-5.418402e-02	-1.352088e+01
3.098000e-05	-5.037225e-02	-1.340239e+01
3.099000e-05	-4.699930e-02	-1.322189e+01
3.100000e-05	-4.312267e-02	-1.305762e+01
3.101000e-05	-4.142948e-02	-1.293713e+01
3.102000e-05	-3.963318e-02	-1.273978e+01
3.103000e-05	-3.627556e-02	-1.259281e+01
3.104000e-05	-3.426635e-02	-1.235181e+01
3.105000e-05	-3.266647e-02	-1.218001e+01
3.106000e-05	-3.159278e-02	-1.199141e+01
3.107000e-05	-2.875467e-02	-1.180436e+01
3.108000e-05	-2.591322e-02	-1.158993e+01
3.109000e-05	-2.554405e-02	-1.129968e+01
3.110000e-05	-2.429127e-02	-1.112670e+01
3.111000e-05	-2.197858e-02	-1.088965e+01
3.112000e-05	-1.939777e-02	-1.070813e+01
3.113000e-05	-1.911171e-02	-1.047615e+01
3.114000e-05	-1.922230e-02	-1.021494e+01
3.115000e-05	-1.807856e-02	-1.000299e+01
3.116000e-05	-1.698122e-02	-9.773891e+00
3.117000e-05	-1.723116e-02	-9.562410e+00
3.118000e-05	-1.682942e-02	-9.341208e+00
3.119000e-05	-1.473492e-02	-9.099600e+00
3.120000e-05	-1.381105e-02	-8.877568e+00
3.121000e-05	-1.248013e-02	-8.635968e+00
3.122000e-05	-1.236583e-02	-8.352786e+00
3.123000e-05	-1.232314e-02	-8.141631e+00
3.124000e-05	-1.156128e-02	-7.808566e+00
3.125000e-05	-1.178000e-02	-7.543207e+00
3.126000e-05	-1.205711e-02	-7.302201e+00
3.127000e-05	-1.142955e-02	-7.047492e+00
3.128000e-05	-1.052887e-02	-6.753761e+00
3.129000e-05	-9.325589e-03	-6.490729e+00
3.130000e-05	-8.969890e-03	-6.257971e+00
3.131000e-05	-8.745523e-03	-5.993836e+00
3.132000e-05	-6.879255e-03	-5.678573e+00
3.133000e-05	-1.006040e-02	-5.374439e+00
3.134000e-05	-8.854398e-03	-5.079624e+00
3.135000e-05	-8.932063e-03	-4.743186e+00
3.136000e-05	-6.248891e-03	-4.462104e+00
3.137000e-05	-7.309681e-03	-4.257074e+00
3.138000e-05	-7.552499e-03	-3.966885e+00
3.139000e-05	-1.006654e-02	-3.649548e+00
3.140000e-05	-6.140689e-03	-3.376924e+00
3.141000e-05	-6.158233e-03	-3.114108e+00
3.142000e-05	-5.264556e-03	-2.808440e+00
3.143000e-05	-7.489426e-03	-2.515785e+00
3.144000e-05	-3.928027e-03	-2.219448e+00
3.145000e-05	-4.310562e-03	-1.905361e+00
3.146000e-05	-6.286468e-03	-1.640100e+00
3.147000e-05	-8.130793e-03	-1.344257e+00
3.148000e-05	-6.542550e-03	-9.989702e-01
3.149000e-05	-4.281194e-03	-7.348372e-01
3.150000e-05	-3.450969e-03	-3.989467e-01
3.151000e-05	-3.204086e-03	-1.372622e-01
3.152000e-05	4.296326e-03	1.368983e-01
3.153000e-05	7.192068e-03	4.431053e-01
3.154000e-05	-1.659074e-03	7.253393e-01
3.155000e-05	-5.818790e-04	9.576305e-01
3.156000e-05	-3.134545e-03	1.295713e+00
3.157000e-05	2.462517e-03	1.587553e+00
3.158000e-05	2.244955e-03	1.873333e+00
3.159000e-05	2.358035e-02	2.085160e+00
3.160000e-05	7.612262e-02	2.390027e+00
3.161000e-05	1.063923e-02	2.736046e+00
3.162000e-05	-6.683560e-02	3.073107e+00
3.163000e-05	-4.576358e-02	3.376414e+00
3.164000e-05	-8.382872e-03	3.631078e+00
3.165000e-05	-2.374321e-02	3.880133e+00
3.166000e-05	-4.242072e-02	4.042151e+00
3.167000e-05	8.886475e-02	4.356467e+00
3.168000e-05	-3.756878e-02	4.710663e+00
3.169000e-05	5.607810e-02	4.932658e+00
3.170000e-05	6.104134e-02	5.291159e+00
3.171000e-05	-1.043395e-01	5.536417e+00
3.172000e-05	5.864601e-02	5.828676e+00
3.173000e-05	-4.463134e-02	6.113812e+00
3.174000e-05	4.407158e-02	6.345868e+00
3.175000e-05	-1.332253e-02	6.671136e+00
3.176000e-05	-1.618654e-02	6.923839e+00
3.177000e-05	6.250291e-02	7.183922e+00
3.178000e-05	-2.586889e-02	7.492281e+00
3.179000e-05	5.960509e-03	7.746519e+00
3.180000e-05	-4.686055e-02	8.070205e+00
3.181000e-05	5.518409e-02	8.375262e+00
3.182000e-05	1.593244e-02	8.573838e+00
3.183000e-05	-2.718386e-02	8.793415e+00
3.184000e-05	2.683918e-02	9.039498e+00
3.185000e-05	-1.674819e-02	9.279078e+00
3.186000e-05	3.202818e-02	9.491178e+00
3.187000e-05	-2.390360e-02	9.763364e+00
3.188000e-05	9.863777e-03	9.994038e+00
3.189000e-05	4.815796e-03	1.022804e+01
3.190000e-05	2.627013e-02	1.041757e+01
3.191000e-05	9.228583e-03	1.066865e+01
3.192000e-05	-2.152643e-02	1.092010e+01
3.193000e-05	1.904625e-02	1.105963e+01
3.194000e-05	1.343381e-03	1.136231e+01
3.195000e-05	1.829792e-02	1.154085e+01
3.196000e-05	-1.646135e-02	1.178336e+01
3.197000e-05	2.206505e-02	1.199086e+01
3.198000e-05	9.907609e-03	1.215287e+01
3.199000e-05	1.704123e-02	1.235081e+01
3.200000e-05	-7.821720e-03	1.253076e+01
3.201000e-05	3.484500e-03	1.269918e+01
3.202000e-05	1.572012e-02	1.287857e+01
3.203000e-05	8.888102e-03	1.305652e+01
3.204000e-05	7.774547e-03	1.320406e+01
3.205000e-05	-4.476205e-04	1.340284e+01
3.206000e-05	2.326384e-02	1.355991e+01
3.207000e-05	7.771861e-03	1.369715e+01
3.208000e-05	8.416800e-03	1.387552e+01
3.209000e-05	-2.140954e-03	1.403344e+01
3.210000e-05	1.879234e-02	1.418926e+01
3.211000e-05	1.338154e-02	1.433775e+01
3.212000e-05	8.229369e-03	1.444657e+01
3.213000e-05	6.675917e-03	1.459038e+01
3.214000e-05	1.390333e-02	1.467570e+01
3.215000e-05	1.808717e-02	1.481189e+01
3.216000e-05	7.144566e-03	1.488675e+01
3.217000e-05	9.595050e-03	1.497231e+01
3.218000e-05	1.217777e-02	1.508547e+01
3.219000e-05	1.993014e-02	1.515925e+01
3.220000e-05	1.196156e-02	1.524554e+01
3.221000e-05	9.781684e-03	1.530723e+01
3.222000e-05	1.386279e-02	1.541034e+01
3.223000e-05	1.830811e-02	1.545454e+01
3.224000e-05	1.551053e-02	1.552720e+01
3.225000e-05	1.108025e-02	1.559191e+01
3.226000e-05	1.740749e-02	1.565251e+01
3.227000e-05	2.027727e-02	1.568512e+01
3.228000e-05	1.926268e-02	1.570670e+01
3.229000e-05	1.419926e-02	1.577028e+01
3.230000e-05	1.785297e-02	1.581136e+01
3.231000e-05	2.204621e-02	1.579033e+01
3.232000e-05	2.192603e-02	1.577946e+01
3.233000e-05	1.945805e-02	1.583299e+01
3.234000e-05	2.000511e-02	1.584305e+01
3.235000e-05	2.614749e-02	1.587296e+01
3.236000e-05	2.532808e-02	1.584099e+01
3.237000e-05	2.559647e-02	1.582439e+01
3.238000e-05	2.514358e-02	1.581286e+01
3.239000e-05	3.239979e-02	1.581783e+01
3.240000e-05	3.333161e-02	1.573931e+01
3.241000e-05	3.202974e-02	1.572660e+01
3.242000e-05	3.302412e-02	1.566409e+01
3.243000e-05	3.642400e-02	1.562251e+01
3.244000e-05	4.097101e-02	1.556086e+01
3.245000e-05	3.934040e-02	1.553713e+01
3.246000e-05	4.217663e-02	1.547347e+01
3.247000e-05	4.556044e-02	1.541138e+01
3.248000e-05	5.058270e-02	1.532867e+01
3.249000e-05	5.156277e-02	1.520139e+01
3.250000e-05	5.445376e-02	1.514823e+01
3.251000e-05	5.855253e-02	1.504409e+01
3.252000e-05	6.172075e-02	1.496831e+01
3.253000e-05	6.375450e-02	1.485594e+01
3.254000e-05	6.243146e-02	1.475770e+01
3.255000e-05	6.494071e-02	1.468250e+01
3.256000e-05	6.482505e-02	1.454822e+01
3.257000e-05	6.292553e-02	1.441246e+01
3.258000e-05	5.773838e-02	1.427457e+01
3.259000e-05	5.713566e-02	1.414620e+01
3.260000e-05	5.559959e-02	1.399048e+01
3.261000e-05	5.134684e-02	1.386352e+01
3.262000e-05	4.791294e-02	1.367552e+01
3.263000e-05	4.415275e-02	1.352772e+01
3.264000e-05	4.249144e-02	1.339931e+01
3.265000e-05	3.869236e-02	1.322341e+01
3.266000e-05	3.589312e-02	1.304547e+01
3.267000e-05	3.253693e-02	1.285605e+01
3.268000e-05	3.147374e-02	1.268715e+01
3.269000e-05	2.923052e-02	1.251870e+01
3.270000e-05	2.578295e-02	1.232828e+01
3.271000e-05	2.408665e-02	1.215123e+01
3.272000e-05	2.076601e-02	1.193124e+01
3.273000e-05	2.059399e-02	1.176875e+01
3.274000e-05	1.850610e-02	1.150920e+01
3.275000e-05	1.691955e-02	1.129513e+01
3.276000e-05	1.486257e-02	1.105973e+01
3.277000e-05	1.423982e-02	1.087865e+01
3.278000e-05	1.308343e-02	1.069817e+01
3.279000e-05	1.163732e-02	1.041452e+01
3.280000e-05	9.960863e-03	1.022452e+01
3.281000e-05	9.081307e-03	1.001491e+01
3.282000e-05	8.527662e-03	9.760757e+00
3.283000e-05	7.909895e-03	9.530652e+00
3.284000e-05	5.806564e-03	9.247659e+00
3.285000e-05	4.883941e-03	9.088016e+00
3.286000e-05	5.679704e-03	8.773343e+00
3.287000e-05	4.687500e-03	8.585889e+00
3.288000e-05	3.807777e-03	8.353711e+00
3.289000e-05	3.213079e-03	8.059623e+00
3.290000e-05	2.875117e-03	7.785017e+00
3.291000e-05	2.381477e-03	7.532233e+00
3.292000e-05	1.515275e-03	7.257048e+00
3.293000e-05	1.820086e-03	7.035842e+00
3.294000e-05	1.123493e-03	6.752336e+00
3.295000e-05	1.699238e-03	6.467099e+00
3.296000e-05	1.163554e-04	6.183894e+00
3.297000e-05	-7.745812e-05	5.943831e+00
3.298000e-05	3.620184e-04	5.678523e+00
3.299000e-05	-5.269579e-04	5.404366e+00
3.300000e-05	-1.215417e-03	5.068524e+00
3.301000e-05	-1.819857e-03	4.723282e+00
3.302000e-05	-1.145857e-03	4.439528e+00
3.303000e-05	-1.715726e-03	4.162841e+00
3.304000e-05	-1.010532e-03	3.870579e+00
3.305000e-05	-2.589529e-03	3.608970e+00
3.306000e-05	-2.958851e-03	3.311709e+00
3.307000e-05	-2.871717e-03	3.048518e+00
3.308000e-05	-3.053409e-03	2.785292e+00
3.309000e-05	-4.438184e-03	2.410072e+00
3.310000e-05	-3.271417e-03	2.175336e+00
3.311000e-05	-3.010869e-03	1.912612e+00
3.312000e-05	-3.493259e-03	1.598024e+00
3.313000e-05	-4.407491e-03	1.300104e+00
3.314000e-05	-4.586279e-03	9.547660e-01
3.315000e-05	-3.354059e-03	6.510243e-01
3.316000e-05	-3.480724e-03	3.784224e-01
3.317000e-05	-2.978176e-03	3.113063e-02
3.318000e-05	1.515931e-03	-1.815548e-01
3.319000e-05	4.637396e-03	-4.722365e-01
3.320000e-05	-3.383244e-03	-7.575009e-01
3.321000e-05	-2.507030e-03	-1.043153e+00
3.322000e-05	-4.797704e-03	-1.326365e+00
3.323000e-05	-1.953318e-03	-1.570031e+00
3.324000e-05	7.296271e-03	-1.853734e+00
3.325000e-05	5.636723e-02	-2.071728e+00
3.326000e-05	7.305863e-02	-2.427156e+00
3.327000e-05	-8.687525e-02	-2.851152e+00
3.328000e-05	-3.483417e-02	-3.187177e+00
3.329000e-05	-4.400831e-02	-3.452680e+00
3.330000e-05	-2.578231e-02	-3.673259e+00
3.331000e-05	-4.104385e-02	-3.904892e+00
3.332000e-05	1.424764e-01	-4.104739e+00
3.333000e-05	-1.513325e-01	-4.390071e+00
3.334000e-05	1.261249e-01	-4.681757e+00
3.335000e-05	1.148347e-02	-4.923768e+00
3.336000e-05	-1.058149e-01	-5.335417e+00
3.337000e-05	9.744560e-02	-5.564943e+00
3.338000e-05	-1.812515e-01	-5.871735e+00
3.339000e-05	1.446550e-01	-6.153793e+00
3.340000e-05	-4.940110e-02	-6.386026e+00
3.341000e-05	-1.164612e-02	-6.713192e+00
3.342000e-05	7.098357e-02	-6.964446e+00
3.343000e-05	-1.038097e-01	-7.301185e+00
3.344000e-05	8.113787e-02	-7.532887e+00
3.345000e-05	-1.057133e-01	-7.807075e+00
3.346000e-05	4.581443e-02	-8.082237e+00
3.347000e-05	3.471655e-03	-8.302760e+00
3.348000e-05	-3.516803e-02	-8.605554e+00
3.349000e-05	7.299999e-02	-8.866120e+00
3.350000e-05	-1.086831e-01	-9.131760e+00
3.351000e-05	6.998308e-02	-9.330838e+00
3.352000e-05	-7.502980e-02	-9.582865e+00
3.353000e-05	4.202336e-02	-9.807047e+00
3.354000e-05	-3.232094e-02	-1.001495e+01
3.355000e-05	2.292898e-03	-1.031978e+01
3.356000e-05	1.561673e-02	-1.051023e+01
3.357000e-05	-4.273749e-02	-1.073124e+01
3.358000e-05	2.183141e-02	-1.090983e+01
3.359000e-05	-5.764313e-02	-1.113391e+01
3.360000e-05	3.785643e-02	-1.137026e+01
3.361000e-05	-4.737364e-02	-1.157194e+01
3.362000e-05	2.742689e-02	-1.179397e+01
3.363000e-05	-3.795846e-02	-1.200601e+01
3.364000e-05	1.708140e-02	-1.220400e+01
3.365000e-05	-3.054922e-02	-1.241349e+01
3.366000e-05	-6.272803e-03	-1.260384e+01
3.367000e-05	-1.659514e-02	-1.275231e+01
3.368000e-05	-1.182085e-02	-1.296084e+01
3.369000e-05	-5.616535e-04	-1.309025e+01
3.370000e-05	-2.463903e-02	-1.326665e+01
3.371000e-05	3.742771e-03	-1.343500e+01
3.372000e-05	-2.753416e-02	-1.360194e+01
3.373000e-05	2.401905e-03	-1.376728e+01
3.374000e-05	-3.133889e-02	-1.393568e+01
3.375000e-05	-1.620484e-03	-1.407465e+01
3.376000e-05	-2.368054e-02	-1.419139e+01
3.377000e-05	-4.159872e-03	-1.433928e+01
3.378000e-05	-2.166347e-02	-1.446357e+01
3.379000e-05	-1.007157e-02	-1.457236e+01
3.380000e-05	-1.878540e-02	-1.466668e+01
3.381000e-05	-1.422717e-02	-1.483194e+01
3.382000e-05	-1.776496e-02	-1.488720e+01
3.383000e-05	-1.748868e-02	-1.501246e+01
3.384000e-05	-1.496289e-02	-1.509663e+01
3.385000e-05	-1.895755e-02	-1.518044e+01
3.386000e-05	-1.600999e-02	-1.523409e+01
3.387000e-05	-2.278413e-02	-1.534775e+01
3.388000e-05	-1.584626e-02	-1.543249e+01
3.389000e-05	-2.355548e-02	-1.545410e+01
3.390000e-05	-1.663275e-02	-1.559721e+01
3.391000e-05	-2.427291e-02	-1.559194e+01
3.392000e-05	-1.645717e-02	-1.565452e+01
3.393000e-05	-2.537474e-02	-1.569717e+01
3.394000e-05	-2.097874e-02	-1.571975e+01
3.395000e-05	-2.586822e-02	-1.574983e+01
3.396000e-05	-2.324367e-02	-1.581191e+01
3.397000e-05	-2.461877e-02	-1.580346e+01
3.398000e-05	-2.718291e-02	-1.585204e+01
3.399000e-05	-2.625385e-02	-1.583452e+01
3.400000e-05	-2.930024e-02	-1.584312e+01
3.401000e-05	-2.889274e-02	-1.583549e+01
3.402000e-05	-3.279658e-02	-1.586347e+01
3.403000e-05	-3.146283e-02	-1.586199e+01
3.404000e-05	-3.331951e-02	-1.581241e+01
3.405000e-05	-3.451458e-02	-1.577194e+01
3.406000e-05	-3.888479e-02	-1.576928e+01
3.407000e-05	-3.855058e-02	-1.571667e+01
3.408000e-05	-4.040836e-02	-1.568504e+01
3.409000e-05	-4.175680e-02	-1.559144e+01
3.410000e-05	-4.547086e-02	-1.556031e+01
3.411000e-05	-4.739741e-02	-1.549620e+01
3.412000e-05	-4.863881e-02	-1.549502e+01
3.413000e-05	-5.268794e-02	-1.539076e+01
3.414000e-05	-5.469588e-02	-1.530470e+01
3.415000e-05	-6.025468e-02	-1.522294e+01
3.416000e-05	-6.200908e-02	-1.513873e+01
3.417000e-05	-6.470844e-02	-1.506302e+01
3.418000e-05	-6.721225e-02	-1.495978e+01
3.419000e-05	-6.784921e-02	-1.481404e+01
3.420000e-05	-6.973450e-02	-1.473833e+01
3.421000e-05	-6.915012e-02	-1.463502e+01
3.422000e-05	-7.078095e-02	-1.451663e+01
3.423000e-05	-6.970561e-02	-1.442236e+01
3.424000e-05	-6.905816e-02	-1.427352e+01
3.425000e-05	-6.314430e-02	-1.412730e+01
3.426000e-05	-6.126699e-02	-1.397086e+01
3.427000e-05	-5.800501e-02	-1.382494e+01
3.428000e-05	-5.288096e-02	-1.368657e+01
3.429000e-05	-5.323383e-02	-1.352025e+01
3.430000e-05	-4.944076e-02	-1.340121e+01
3.431000e-05	-4.936360e-02	-1.318086e+01
3.432000e-05	-4.241927e-02	-1.303752e+01
3.433000e-05	-4.004167e-02	-1.291660e+01
3.434000e-05	-3.582064e-02	-1.269870e+01
3.435000e-05	-3.841533e-02	-1.254975e+01
3.436000e-05	-3.185642e-02	-1.233988e+01
3.437000e-05	-3.301928e-02	-1.218033e+01
3.438000e-05	-2.919260e-02	-1.196068e+01
3.439000e-05	-3.131004e-02	-1.175083e+01
3.440000e-05	-2.439963e-02	-1.151762e+01
3.441000e-05	-2.365133e-02	-1.128562e+01
3.442000e-05	-2.183804e-02	-1.107552e+01
3.443000e-05	-2.251035e-02	-1.084707e+01
3.444000e-05	-2.221429e-02	-1.067454e+01
3.445000e-05	-1.813368e-02	-1.043400e+01
3.446000e-05	-2.033617e-02	-1.021339e+01
3.447000e-05	-1.851464e-02	-9.922237e+00
3.448000e-05	-1.777375e-02	-9.750835e+00
3.449000e-05	-1.494367e-02	-9.550727e+00
3.450000e-05	-1.504294e-02	-9.297649e+00
3.451000e-05	-1.502071e-02	-9.025546e+00
3.452000e-05	-1.469913e-02	-8.835942e+00
3.453000e-05	-1.256136e-02	-8.571639e+00
3.454000e-05	-1.190331e-02	-8.280123e+00
3.455000e-05	-1.307129e-02	-8.088015e+00
3.456000e-05	-1.282777e-02	-7.835892e+00
3.457000e-05	-1.200315e-02	-7.489706e+00
3.458000e-05	-9.465125e-03	-7.256445e+00
3.459000e-05	-1.083621e-02	-7.015313e+00
3.460000e-05	-1.064890e-02	-6.680179e+00
3.461000e-05	-9.017779e-03	-6.458551e+00
3.462000e-05	-8.819903e-03	-6.194788e+00
3.463000e-05	-9.818913e-03	-5.902630e+00
3.464000e-05	-9.838814e-03	-5.616972e+00
3.465000e-05	-8.467636e-03	-5.322758e+00
3.466000e-05	-8.581102e-03	-5.016973e+00
3.467000e-05	-7.499243e-03	-4.669579e+00
3.468000e-05	-8.182968e-03	-4.430024e+00
3.469000e-05	-7.209956e-03	-4.164915e+00
3.470000e-05	-7.715596e-03	-3.900136e+00
3.471000e-05	-8.482344e-03	-3.587995e+00
3.472000e-05	-8.321690e-03	-3.314837e+00
3.473000e-05	-6.436428e-03	-3.050077e+00
3.474000e-05	-4.468863e-03	-2.724892e+00
3.475000e-05	-5.863402e-03	-2.460605e+00
3.476000e-05	-5.536751e-03	-2.155761e+00
3.477000e-05	-6.403662e-03	-1.842657e+00
3.478000e-05	-4.811148e-03	-1.599445e+00
3.479000e-05	-6.815671e-03	-1.259602e+00
3.480000e-05	-6.662081e-03	-9.338122e-01
3.481000e-05	-6.784436e-03	-7.030317e-01
3.482000e-05	-2.941966e-03	-3.573435e-01
3.483000e-05	-9.152440e-04	-8.310827e-02
3.484000e-05	7.426699e-03	2.294536e-01
3.485000e-05	1.925734e-03	4.442392e-01
3.486000e-05	6.737534e-04	7.469181e-01
3.487000e-05	-1.193872e-03	1.053665e+00
3.488000e-05	-9.624985e-04	1.316467e+00
3.489000e-05	-3.268216e-04	1.643611e+00
3.490000e-05	4.514782e-03	1.904866e+00
3.491000e-05	3.128455e-02	2.127369e+00
3.492000e-05	8.433271e-02	2.452155e+00
3.493000e-05	-2.364107e-02	2.862074e+00
3.494000e-05	-5.815616e-02	3.105318e+00
3.495000e-05	-4.216699e-02	3.416624e+00
3.496000e-05	1.415722e-03	3.683210e+00
3.497000e-05	-4.144814e-02	3.923734e+00
3.498000e-05	-2.583712e-02	4.126735e+00
3.499000e-05	1.009873e-01	4.411550e+00
3.500000e-05	-7.397582e-02	4.681711e+00
3.501000e-05	1.161588e-01	5.017441e+00
3.502000e-05	-1.126060e-02	5.312946e+00
3.503000e-05	-6.451012e-02	5.586398e+00
3.504000e-05	5.177948e-02	5.872715e+00
3.505000e-05	-5.143069e-02	6.145492e+00
3.506000e-05	6.036595e-02	6.396599e+00
3.507000e-05	-4.225000e-02	6.693359e+00
3.508000e-05	1.804664e-02	6.965943e+00
3.509000e-05	4.093135e-02	7.259729e+00
3.510000e-05	-2.149517e-02	7.523492e+00
3.511000e-05	-4.167566e-03	7.869547e+00
3.512000e-05	-3.550357e-02	8.130887e+00
3.513000e-05	6.363862e-02	8.334415e+00
3.514000e-05	-4.302064e-03	8.605539e+00
3.515000e-05	-1.573738e-02	8.827496e+00
3.516000e-05	2.550821e-02	9.109706e+00
3.517000e-05	-1.498517e-02	9.339737e+00
3.518000e-05	3.186205e-02	9.541811e+00
3.519000e-05	-3.004177e-02	9.835419e+00
3.520000e-05	1.904380e-02	1.003655e+01
3.521000e-05	2.958114e-03	1.026010e+01
3.522000e-05	2.815850e-02	1.051868e+01
3.523000e-05	-2.162072e-03	1.069878e+01
3.524000e-05	-1.557186e-02	1.097274e+01
3.525000e-05	2.079421e-02	1.116181e+01
3.526000e-05	-1.785337e-06	1.131231e+01
3.527000e-05	1.643077e-02	1.157299e+01
3.528000e-05	-1.608150e-02	1.178347e+01
3.529000e-05	2.696013e-02	1.200296e+01
3.530000e-05	6.704475e-03	1.218447e+01
3.531000e-05	1.336505e-02	1.236341e+01
3.532000e-05	-9.867117e-03	1.253984e+01
3.533000e-05	8.613120e-03	1.273181e+01
3.534000e-05	1.587189e-02	1.293926e+01
3.535000e-05	6.392671e-03	1.309860e+01
3.536000e-05	6.624440e-03	1.326355e+01
3.537000e-05	3.401690e-03	1.344555e+01
3.538000e-05	2.291229e-02	1.354091e+01
3.539000e-05	4.847379e-03	1.373028e+01
3.540000e-05	5.049899e-03	1.384608e+01
3.541000e-05	2.492496e-03	1.400496e+01
3.542000e-05	1.920261e-02	1.421149e+01
3.543000e-05	1.210263e-02	1.435978e+01
3.544000e-05	5.823308e-03	1.446562e+01
3.545000e-05	1.053143e-02	1.459237e+01
3.546000e-05	1.538628e-02	1.471822e+01
3.547000e-05	1.530005e-02	1.482446e+01
3.548000e-05	4.870808e-03	1.491763e+01
3.549000e-05	9.840797e-03	1.496394e+01
3.550000e-05	1.596916e-02	1.508717e+01
3.551000e-05	1.826016e-02	1.521033e+01
3.552000e-05	1.127951e-02	1.525605e+01
3.553000e-05	1.021969e-02	1.536923e+01
3.554000e-05	1.740320e-02	1.540289e+01
3.555000e-05	1.650412e-02	1.545615e+01
3.556000e-05	1.334939e-02	1.551925e+01
3.557000e-05	1.134147e-02	1.562196e+01
3.558000e-05	1.953427e-02	1.563357e+01
3.559000e-05	2.064941e-02	1.569667e+01
3.560000e-05	1.635743e-02	1.570723e+01
3.561000e-05	1.539009e-02	1.576978e+01
3.562000e-05	1.955595e-02	1.578146e+01
3.563000e-05	2.312919e-02	1.581192e+01
3.564000e-05	1.908606e-02	1.582296e+01
3.565000e-05	2.009589e-02	1.583349e+01
3.566000e-05	2.246750e-02	1.584410e+01
3.567000e-05	2.740244e-02	1.579402e+01
3.568000e-05	2.431365e-02	1.581256e+01
3.569000e-05	2.459688e-02	1.579297e+01
3.570000e-05	2.782811e-02	1.580136e+01
3.571000e-05	3.305117e-02	1.578983e+01
3.572000e-05	3.245203e-02	1.572778e+01
3.573000e-05	3.027631e-02	1.569562e+01
3.574000e-05	3.455593e-02	1.564507e+01
3.575000e-05	3.921300e-02	1.561044e+01
3.576000e-05	4.093650e-02	1.554985e+01
3.577000e-05	3.839685e-02	1.549712e+01
3.578000e-05	4.297134e-02	1.549311e+01
3.579000e-05	4.800761e-02	1.538070e+01
3.580000e-05	5.059952e-02	1.528770e+01
3.581000e-05	5.140153e-02	1.520191e+01
3.582000e-05	5.507556e-02	1.512772e+01
3.583000e-05	6.226100e-02	1.503452e+01
3.584000e-05	6.260340e-02	1.492970e+01
3.585000e-05	6.289448e-02	1.485149e+01
3.586000e-05	6.232095e-02	1.472668e+01
3.587000e-05	6.569619e-02	1.459279e+01
3.588000e-05	6.366122e-02	1.447722e+01
3.589000e-05	6.187912e-02	1.441133e+01
3.590000e-05	5.834089e-02	1.424349e+01
3.591000e-05	5.773795e-02	1.415853e+01
3.592000e-05	5.493339e-02	1.394983e+01
3.593000e-05	5.041026e-02	1.380241e+01
3.594000e-05	4.677546e-02	1.364297e+01
3.595000e-05	4.414949e-02	1.351610e+01
3.596000e-05	4.262783e-02	1.332975e+01
3.597000e-05	3.837287e-02	1.316033e+01
3.598000e-05	3.449080e-02	1.298447e+01
3.599000e-05	3.224597e-02	1.281399e+01
3.600000e-05	3.105333e-02	1.269655e+01
3.601000e-05	2.838831e-02	1.247710e+01
3.602000e-05	2.489814e-02	1.229965e+01
3.603000e-05	2.280993e-02	1.216915e+01
3.604000e-05	2.169480e-02	1.193817e+01
3.605000e-05	2.091211e-02	1.169868e+01
3.606000e-05	1.795388e-02	1.148710e+01
3.607000e-05	1.613931e-02	1.126597e+01
3.608000e-05	1.628092e-02	1.103804e+01
3.609000e-05	1.437490e-02	1.084607e+01
3.610000e-05	1.156530e-02	1.061652e+01
3.611000e-05	9.820748e-03	1.039286e+01
3.612000e-05	1.193869e-02	1.019486e+01
3.613000e-05	9.826280e-03	9.940831e+00
3.614000e-05	7.374286e-03	9.679700e+00
3.615000e-05	5.835549e-03	9.480073e+00
3.616000e-05	7.092384e-03	9.197567e+00
3.617000e-05	6.703460e-03	8.975940e+00
3.618000e-05	4.365349e-03	8.742335e+00
3.619000e-05	3.974706e-03	8.540231e+00
3.620000e-05	4.337566e-03	8.316676e+00
3.621000e-05	4.849007e-03	7.993367e+00
3.622000e-05	2.949777e-03	7.762735e+00
3.623000e-05	1.738152e-03	7.497550e+00
3.624000e-05	2.152783e-03	7.175446e+00
3.625000e-05	2.310209e-03	6.944185e+00
3.626000e-05	5.311280e-04	6.730104e+00
3.627000e-05	2.883172e-04	6.355891e+00
3.628000e-05	1.384463e-03	6.135338e+00
3.629000e-05	1.154314e-03	5.898676e+00
3.630000e-05	-2.257652e-04	5.584990e+00
3.631000e-05	-1.116359e-03	5.311758e+00
3.632000e-05	-8.020745e-04	4.954386e+00
3.633000e-05	-4.186295e-04	4.680600e+00
3.634000e-05	-1.546435e-03	4.427465e+00
3.635000e-05	-2.992515e-03	4.130703e+00
3.636000e-05	-2.016198e-03	3.828448e+00
3.637000e-05	-1.706946e-03	3.575215e+00
3.638000e-05	-2.729580e-03	3.260448e+00
3.639000e-05	-3.005842e-03	2.974912e+00
3.640000e-05	-3.393429e-03	2.714205e+00
3.641000e-05	-2.621067e-03	2.376946e+00
3.642000e-05	-3.782450e-03	2.083707e+00
3.643000e-05	-4.089005e-03	1.870027e+00
3.644000e-05	-4.101209e-03	1.565710e+00
3.645000e-05	-3.652908e-03	1.209996e+00
3.646000e-05	-3.407175e-03	8.710059e-01
3.647000e-05	-3.941626e-03	6.293725e-01
3.648000e-05	-3.452380e-03	3.161385e-01
3.649000e-05	-3.130012e-03	-1.105613e-02
3.650000e-05	4.176038e-03	-2.832328e-01
3.651000e-05	8.013860e-04	-5.149216e-01
3.652000e-05	-1.074624e-03	-8.496038e-01
3.653000e-05	-4.051931e-03	-1.074691e+00
3.654000e-05	-1.917529e-03	-1.409577e+00
3.655000e-05	-4.704800e-03	-1.683681e+00
3.656000e-05	1.284643e-02	-1.885739e+00
3.657000e-05	7.324909e-02	-2.184839e+00
3.658000e-05	3.981729e-02	-2.534364e+00
3.659000e-05	-8.499300e-02	-2.934712e+00
3.660000e-05	-3.327399e-02	-3.291809e+00
3.661000e-05	-3.745857e-02	-3.493764e+00
3.662000e-05	-3.862420e-02	-3.746819e+00
3.663000e-05	-2.250023e-03	-3.955949e+00
3.664000e-05	1.101393e-01	-4.126871e+00
3.665000e-05	-1.631052e-01	-4.441184e+00
3.666000e-05	1.901199e-01	-4.723291e+00
3.667000e-05	-7.729406e-02	-4.998575e+00
3.668000e-05	-2.696999e-02	-5.418422e+00
3.669000e-05	3.910986e-02	-5.580050e+00
3.670000e-05	-1.548319e-01	-5.935913e+00
3.671000e-05	1.706167e-01	-6.197496e+00
3.672000e-05	-1.100685e-01	-6.501181e+00
3.673000e-05	5.450321e-02	-6.744941e+00
3.674000e-05	1.301235e-02	-6.987527e+00
3.675000e-05	-6.547920e-02	-7.384896e+00
3.676000e-05	6.563240e-02	-7.595991e+00
3.677000e-05	-1.165372e-01	-7.881237e+00
3.678000e-05	8.373300e-02	-8.173789e+00
3.679000e-05	-4.447805e-02	-8.364868e+00
3.680000e-05	1.433589e-02	-8.669649e+00
3.681000e-05	2.790615e-02	-8.879731e+00
3.682000e-05	-8.393592e-02	-9.163364e+00
3.683000e-05	6.500391e-02	-9.362344e+00
3.684000e-05	-8.561105e-02	-9.597593e+00
3.685000e-05	6.365844e-02	-9.859598e+00
3.686000e-05	-6.089031e-02	-1.005865e+01
3.687000e-05	3.876115e-02	-1.035186e+01
3.688000e-05	-2.147972e-02	-1.055081e+01
3.689000e-05	-1.302023e-02	-1.077344e+01
3.690000e-05	-4.234091e-03	-1.097227e+01
3.691000e-05	-3.751055e-02	-1.120549e+01
3.692000e-05	2.507915e-02	-1.139342e+01
3.693000e-05	-4.158689e-02	-1.165500e+01
3.694000e-05	2.727079e-02	-1.186600e+01
3.695000e-05	-4.067457e-02	-1.205815e+01
3.696000e-05	2.390083e-02	-1.224855e+01
3.697000e-05	-4.211430e-02	-1.240510e+01
3.698000e-05	6.194322e-03	-1.264592e+01
3.699000e-05	-2.911223e-02	-1.282496e+01
3.700000e-05	2.276144e-03	-1.297299e+01
3.701000e-05	-1.652331e-02	-1.314033e+01
3.702000e-05	-1.179924e-02	-1.329923e+01
3.703000e-05	-6.259237e-03	-1.345560e+01
3.704000e-05	-1.901171e-02	-1.362506e+01
3.705000e-05	-4.950396e-03	-1.378933e+01
3.706000e-05	-2.913936e-02	-1.392973e+01
3.707000e-05	-1.457330e-03	-1.409672e+01
3.708000e-05	-2.347129e-02	-1.422249e+01
3.709000e-05	-3.936331e-03	-1.437986e+01
3.710000e-05	-2.441492e-02	-1.449618e+01
3.711000e-05	-7.569969e-03	-1.461296e+01
3.712000e-05	-2.185283e-02	-1.471878e+01
3.713000e-05	-1.160811e-02	-1.479457e+01
3.714000e-05	-2.156595e-02	-1.492970e+01
3.715000e-05	-1.395480e-02	-1.505394e+01
3.716000e-05	-1.759123e-02	-1.512715e+01
3.717000e-05	-1.642456e-02	-1.519291e+01
3.718000e-05	-2.010190e-02	-1.526520e+01
3.719000e-05	-1.991727e-02	-1.536936e+01
3.720000e-05	-1.824544e-02	-1.541296e+01
3.721000e-05	-2.202690e-02	-1.547715e+01
3.722000e-05	-1.983827e-02	-1.555881e+01
3.723000e-05	-2.310094e-02	-1.559294e+01
3.724000e-05	-1.684340e-02	-1.565360e+01
3.725000e-05	-2.544282e-02	-1.568617e+01
3.726000e-05	-2.219569e-02	-1.577928e+01
3.727000e-05	-2.660397e-02	-1.577143e+01
3.728000e-05	-2.196524e-02	-1.583086e+01
3.729000e-05	-2.580706e-02	-1.582147e+01
3.730000e-05	-2.667487e-02	-1.584202e+01
3.731000e-05	-2.739117e-02	-1.589259e+01
3.732000e-05	-2.818713e-02	-1.585352e+01
3.733000e-05	-2.932425e-02	-1.585505e+01
3.734000e-05	-3.357013e-02	-1.585450e+01
3.735000e-05	-3.264872e-02	-1.580249e+01
3.736000e-05	-3.375798e-02	-1.581041e+01
3.737000e-05	-3.542976e-02	-1.579231e+01
3.738000e-05	-3.944795e-02	-1.576875e+01
3.739000e-05	-4.008916e-02	-1.573670e+01
3.740000e-05	-4.023590e-02	-1.567302e+01
3.741000e-05	-4.225606e-02	-1.563099e+01
3.742000e-05	-4.677992e-02	-1.557923e+01
3.743000e-05	-4.832078e-02	-1.550622e+01
3.744000e-05	-4.929207e-02	-1.548290e+01
3.745000e-05	-5.154320e-02	-1.536878e+01
3.746000e-05	-5.741037e-02	-1.529562e+01
3.747000e-05	-6.055220e-02	-1.519243e+01
3.748000e-05	-6.181492e-02	-1.511818e+01
3.749000e-05	-6.366890e-02	-1.506399e+01
3.750000e-05	-6.823040e-02	-1.494870e+01
3.751000e-05	-7.091501e-02	-1.482547e+01
3.752000e-05	-6.895799e-02	-1.475875e+01
3.753000e-05	-6.881302e-02	-1.461194e+01
3.754000e-05	-6.967944e-02	-1.449557e+01
3.755000e-05	-6.988663e-02	-1.437833e+01
3.756000e-05	-6.576962e-02	-1.426144e+01
3.757000e-05	-6.274191e-02	-1.408662e+01
3.758000e-05	-6.175547e-02	-1.395930e+01
3.759000e-05	-6.019622e-02	-1.382133e+01
3.760000e-05	-5.455521e-02	-1.365504e+01
3.761000e-05	-4.983591e-02	-1.349763e+01
3.762000e-05	-4.849502e-02	-1.338073e+01
3.763000e-05	-4.581852e-02	-1.314034e+01
3.764000e-05	-4.210782e-02	-1.301389e+01
3.765000e-05	-3.861857e-02	-1.284502e+01
3.766000e-05	-3.770619e-02	-1.269665e+01
3.767000e-05	-3.744024e-02	-1.248960e+01
3.768000e-05	-3.413523e-02	-1.228818e+01
3.769000e-05	-3.004271e-02	-1.212870e+01
3.770000e-05	-2.953678e-02	-1.193825e+01
3.771000e-05	-2.980365e-02	-1.170763e+01
3.772000e-05	-2.720089e-02	-1.145549e+01
3.773000e-05	-2.325565e-02	-1.119399e+01
3.774000e-05	-2.163434e-02	-1.102334e+01
3.775000e-05	-2.261369e-02	-1.081442e+01
3.776000e-05	-2.187423e-02	-1.061597e+01
3.777000e-05	-1.853567e-02	-1.041181e+01
3.778000e-05	-1.738366e-02	-1.017131e+01
3.779000e-05	-1.877449e-02	-9.911158e+00
3.780000e-05	-1.957402e-02	-9.740153e+00
3.781000e-05	-1.625610e-02	-9.487071e+00
3.782000e-05	-1.225324e-02	-9.225917e+00
3.783000e-05	-1.295096e-02	-8.974967e+00
3.784000e-05	-1.577666e-02	-8.772314e+00
3.785000e-05	-1.308610e-02	-8.510657e+00
3.786000e-05	-1.078822e-02	-8.257068e+00
3.787000e-05	-1.159310e-02	-8.054418e+00
3.788000e-05	-1.449589e-02	-7.732207e+00
3.789000e-05	-1.195215e-02	-7.455571e+00
3.790000e-05	-9.547782e-03	-7.154940e+00
3.791000e-05	-8.508156e-03	-6.922153e+00
3.792000e-05	-1.154980e-02	-6.668498e+00
3.793000e-05	-1.034001e-02	-6.376440e+00
3.794000e-05	-8.654875e-03	-6.100778e+00
3.795000e-05	-7.562857e-03	-5.839468e+00
3.796000e-05	-1.018203e-02	-5.523864e+00
3.797000e-05	-1.058931e-02	-5.239499e+00
3.798000e-05	-8.588979e-03	-4.932852e+00
3.799000e-05	-5.279684e-03	-4.627870e+00
3.800000e-05	-8.502858e-03	-4.365894e+00
3.801000e-05	-8.946521e-03	-4.093740e+00
3.802000e-05	-7.230448e-03	-3.848569e+00
3.803000e-05	-6.445077e-03	-3.525842e+00
3.804000e-05	-7.631008e-03	-3.291607e+00
3.805000e-05	-8.388125e-03	-2.983437e+00
3.806000e-05	-5.296683e-03	-2.673104e+00
3.807000e-05	-3.837170e-03	-2.417897e+00
3.808000e-05	-5.414280e-03	-2.091581e+00
3.809000e-05	-7.005350e-03	-1.849469e+00
3.810000e-05	-6.180271e-03	-1.536286e+00
3.811000e-05	-5.553431e-03	-1.158419e+00
3.812000e-05	-4.910192e-03	-8.626571e-01
3.813000e-05	-6.557488e-03	-5.884664e-01
3.814000e-05	-2.602611e-03	-3.132133e-01
3.815000e-05	-1.539477e-04	-4.060032e-02
3.816000e-05	8.729040e-03	2.748151e-01
3.817000e-05	-2.710046e-03	5.288932e-01
3.818000e-05	1.511578e-03	8.190249e-01
3.819000e-05	-1.619385e-03	1.115864e+00
3.820000e-05	1.634384e-03	1.369621e+00
3.821000e-05	-1.173547e-03	1.738346e+00
3.822000e-05	8.981797e-03	1.947894e+00
3.823000e-05	4.128587e-02	2.200125e+00
3.824000e-05	8.187143e-02	2.556838e+00
3.825000e-05	-5.221534e-02	2.893289e+00
3.826000e-05	-5.146346e-02	3.177946e+00
3.827000e-05	-3.659316e-02	3.503711e+00
3.828000e-05	6.025762e-03	3.734791e+00
3.829000e-05	-5.262084e-02	3.944786e+00
3.830000e-05	-4.446652e-04	4.176968e+00
3.831000e-05	9.056975e-02	4.494756e+00
3.832000e-05	-8.124503e-02	4.774898e+00
3.833000e-05	1.516663e-01	5.049561e+00
3.834000e-05	-7.477715e-02	5.429650e+00
3.835000e-05	-1.922052e-02	5.649050e+00
3.836000e-05	3.094832e-02	5.944393e+00
3.837000e-05	-3.981108e-02	6.177122e+00
3.838000e-05	6.116483e-02	6.470609e+00
3.839000e-05	-5.890724e-02	6.776022e+00
3.840000e-05	4.777150e-02	7.068126e+00
3.841000e-05	1.536796e-02	7.321712e+00
3.842000e-05	-1.168665e-02	7.608027e+00
3.843000e-05	-2.035180e-02	7.861708e+00
3.844000e-05	-1.398314e-02	8.214518e+00
3.845000e-05	6.310849e-02	8.386072e+00
3.846000e-05	-2.014978e-02	8.618603e+00
3.847000e-05	-2.607618e-03	8.890700e+00
3.848000e-05	1.554317e-02	9.109833e+00
3.849000e-05	-4.452951e-03	9.384318e+00
3.850000e-05	2.073086e-02	9.574943e+00
3.851000e-05	-2.799121e-02	9.867126e+00
3.852000e-05	2.130124e-02	1.007911e+01
3.853000e-05	7.333792e-03	1.028921e+01
3.854000e-05	2.741144e-02	1.054228e+01
3.855000e-05	-1.265103e-02	1.074193e+01
3.856000e-05	-6.684334e-03	1.098336e+01
3.857000e-05	1.887374e-02	1.120146e+01
3.858000e-05	2.741574e-03	1.140339e+01
3.859000e-05	7.794187e-03	1.161557e+01
3.860000e-05	-7.521741e-03	1.181605e+01
3.861000e-05	2.707552e-02	1.205657e+01
3.862000e-05	6.908798e-03	1.222452e+01
3.863000e-05	7.844153e-03	1.243454e+01
3.864000e-05	-8.140988e-03	1.256244e+01
3.865000e-05	1.283426e-02	1.276289e+01
3.866000e-05	1.374962e-02	1.294136e+01
3.867000e-05	4.768538e-03	1.313918e+01
3.868000e-05	4.726825e-03	1.328725e+01
3.869000e-05	1.053289e-02	1.344907e+01
3.870000e-05	1.991053e-02	1.362344e+01
3.871000e-05	4.062997e-03	1.373274e+01
3.872000e-05	2.642681e-03	1.389571e+01
3.873000e-05	8.437165e-03	1.407562e+01
3.874000e-05	1.713382e-02	1.424296e+01
3.875000e-05	1.022317e-02	1.434088e+01
3.876000e-05	4.313950e-03	1.449573e+01
3.877000e-05	1.299055e-02	1.459544e+01
3.878000e-05	1.644668e-02	1.471916e+01
3.879000e-05	1.201024e-02	1.483199e+01
3.880000e-05	4.839759e-03	1.494976e+01
3.881000e-05	1.086336e-02	1.500247e+01
3.882000e-05	1.907274e-02	1.512815e+01
3.883000e-05	1.378041e-02	1.517194e+01
3.884000e-05	1.026813e-02	1.529765e+01
3.885000e-05	9.662064e-03	1.536923e+01
3.886000e-05	1.946798e-02	1.543499e+01
3.887000e-05	1.456650e-02	1.544617e+01
3.888000e-05	1.208856e-02	1.556926e+01
3.889000e-05	1.250344e-02	1.558191e+01
3.890000e-05	2.057047e-02	1.568257e+01
3.891000e-05	2.136487e-02	1.570617e+01
3.892000e-05	1.312294e-02	1.569978e+01
3.893000e-05	1.707761e-02	1.575031e+01
3.894000e-05	2.052397e-02	1.575189e+01
3.895000e-05	2.404711e-02	1.581146e+01
3.896000e-05	1.680421e-02	1.586352e+01
3.897000e-05	1.917662e-02	1.581247e+01
3.898000e-05	2.400942e-02	1.583402e+01
3.899000e-05	2.780727e-02	1.584299e+01
3.900000e-05	2.263232e-02	1.582242e+01
3.901000e-05	2.327968e-02	1.579046e+01
3.902000e-05	2.996012e-02	1.581994e+01
3.903000e-05	3.371772e-02	1.577078e+01
3.904000e-05	3.168499e-02	1.576775e+01
3.905000e-05	2.778745e-02	1.569615e+01
3.906000e-05	3.774361e-02	1.564204e+01
3.907000e-05	3.686462e-02	1.558189e+01
3.908000e-05	4.014796e-02	1.553775e+01
3.909000e-05	3.646242e-02	1.549605e+01
3.910000e-05	4.666405e-02	1.544196e+01
3.911000e-05	5.055068e-02	1.536073e+01
3.912000e-05	5.292160e-02	1.530502e+01
3.913000e-05	4.942385e-02	1.516983e+01
3.914000e-05	5.419881e-02	1.508720e+01
3.915000e-05	6.091269e-02	1.498339e+01
3.916000e-05	6.250661e-02	1.488817e+01
3.917000e-05	5.987829e-02	1.481192e+01
3.918000e-05	6.403503e-02	1.471760e+01
3.919000e-05	6.711255e-02	1.458194e+01
3.920000e-05	6.509897e-02	1.449752e+01
3.921000e-05	5.979000e-02	1.433080e+01
3.922000e-05	5.526023e-02	1.421094e+01
3.923000e-05	5.895670e-02	1.407457e+01
3.924000e-05	5.334029e-02	1.391867e+01
3.925000e-05	4.793577e-02	1.376026e+01
3.926000e-05	4.460180e-02	1.358191e+01
3.927000e-05	4.770689e-02	1.345552e+01
3.928000e-05	4.366249e-02	1.327560e+01
3.929000e-05	3.733515e-02	1.311973e+01
3.930000e-05	3.192729e-02	1.295128e+01
3.931000e-05	3.307958e-02	1.277226e+01
3.932000e-05	3.028986e-02	1.261602e+01
3.933000e-05	2.522666e-02	1.242404e+01
3.934000e-05	2.282891e-02	1.227749e+01
3.935000e-05	2.460933e-02	1.208665e+01
3.936000e-05	2.509669e-02	1.188765e+01
3.937000e-05	1.891211e-02	1.167557e+01
3.938000e-05	1.610863e-02	1.146552e+01
3.939000e-05	1.534198e-02	1.119349e+01
3.940000e-05	1.702157e-02	1.098549e+01
3.941000e-05	1.090718e-02	1.080454e+01
3.942000e-05	1.021915e-02	1.058278e+01
3.943000e-05	1.004151e-02	1.034226e+01
3.944000e-05	1.223579e-02	1.014076e+01
3.945000e-05	9.082084e-03	9.899177e+00
3.946000e-05	5.637321e-03	9.646574e+00
3.947000e-05	8.778831e-03	9.406990e+00
3.948000e-05	7.644318e-03	9.193440e+00
3.949000e-05	8.592830e-03	8.924256e+00
3.950000e-05	1.056818e-03	8.691149e+00
3.951000e-05	3.746003e-03	8.477601e+00
3.952000e-05	2.996602e-03	8.235940e+00
3.953000e-05	5.189450e-03	7.942860e+00
3.954000e-05	-1.400845e-04	7.700199e+00
3.955000e-05	3.520935e-03	7.407894e+00
3.956000e-05	4.318165e-03	7.113313e+00
3.957000e-05	4.241910e-03	6.873179e+00
3.958000e-05	1.156990e-04	6.586445e+00
3.959000e-05	-1.938483e-03	6.353813e+00
3.960000e-05	2.671737e-05	6.060605e+00
3.961000e-05	2.716393e-04	5.846970e+00
3.962000e-05	-8.220735e-04	5.492187e+00
3.963000e-05	-3.314488e-03	5.250047e+00
3.964000e-05	1.279824e-03	4.880153e+00
3.965000e-05	8.952528e-04	4.618019e+00
3.966000e-05	-3.362180e-04	4.344816e+00
3.967000e-05	-5.130314e-03	4.018479e+00
3.968000e-05	-2.970242e-03	3.734940e+00
3.969000e-05	-1.405948e-03	3.551683e+00
3.970000e-05	-3.260954e-03	3.175444e+00
3.971000e-05	-4.413397e-03	2.931733e+00
3.972000e-05	-4.377283e-03	2.660525e+00
3.973000e-05	-2.961733e-04	2.323211e+00
3.974000e-05	-1.933129e-03	2.060628e+00
3.975000e-05	-5.130061e-03	1.768374e+00
3.976000e-05	-6.416616e-03	1.431003e+00
3.977000e-05	-1.771224e-03	1.146861e+00
3.978000e-05	-2.993997e-03	7.899014e-01
3.979000e-05	-5.529942e-03	5.453372e-01
3.980000e-05	-5.021997e-03	2.311054e-01
3.981000e-05	4.203177e-06	-1.265409e-02
3.982000e-05	9.156401e-03	-3.368931e-01
3.983000e-05	-4.560874e-03	-5.705997e-01
3.984000e-05	-2.044119e-03	-8.931865e-01
3.985000e-05	-5.073493e-03	-1.156393e+00
3.986000e-05	1.690160e-03	-1.442716e+00
3.987000e-05	-4.026714e-03	-1.704812e+00
3.988000e-05	1.757617e-02	-1.966920e+00
3.989000e-05	9.242779e-02	-2.210977e+00
3.990000e-05	-4.986984e-03	-2.587975e+00
3.991000e-05	-7.136914e-02	-2.990100e+00
3.992000e-05	-4.377999e-02	-3.334368e+00
3.993000e-05	-2.667837e-02	-3.517318e+00
3.994000e-05	-5.322955e-02	-3.809072e+00
3.995000e-05	5.442948e-02	-3.978102e+00
3.996000e-05	4.760554e-02	-4.208622e+00
3.997000e-05	-1.259330e-01	-4.545863e+00
3.998000e-05	2.024585e-01	-4.754541e+00
3.999000e-05	-1.464285e-01	-5.112213e+00
4.000000e-05	4.605496e-02	-5.422656e+00
4.001000e-05	-4.146568e-02	-5.680262e+00
4.002000e-05	-8.632556e-02	-6.036972e+00
4.003000e-05	1.543327e-01	-6.199097e+00
4.004000e-05	-1.336538e-01	-6.524863e+00
4.005000e-05	1.035207e-01	-6.798023e+00
4.006000e-05	-4.504627e-02	-7.080683e+00
4.007000e-05	-1.428204e-02	-7.405049e+00
4.008000e-05	2.641609e-02	-7.659102e+00
4.009000e-05	-1.035676e-01	-7.993463e+00
4.010000e-05	9.854945e-02	-8.207468e+00
4.011000e-05	-7.776884e-02	-8.476600e+00
4.012000e-05	6.263395e-02	-8.740859e+00
4.013000e-05	-2.866593e-02	-8.961337e+00
4.014000e-05	-3.898988e-02	-9.226547e+00
4.015000e-05	3.910416e-02	-9.395025e+00
4.016000e-05	-7.013152e-02	-9.699680e+00
4.017000e-05	5.772171e-02	-9.859104e+00
4.018000e-05	-7.295430e-02	-1.014178e+01
4.019000e-05	6.339976e-02	-1.036249e+01
4.020000e-05	-4.951908e-02	-1.058544e+01
4.021000e-05	1.429671e-02	-1.080652e+01
4.022000e-05	-3.360604e-02	-1.101642e+01
4.023000e-05	-6.044144e-03	-1.126660e+01
4.024000e-05	4.153430e-03	-1.142604e+01
4.025000e-05	-2.643065e-02	-1.167976e+01
4.026000e-05	1.185194e-02	-1.192815e+01
4.027000e-05	-2.983251e-02	-1.213825e+01
4.028000e-05	2.092317e-02	-1.226863e+01
4.029000e-05	-4.553722e-02	-1.248818e+01
4.030000e-05	9.466693e-03	-1.266710e+01
4.031000e-05	-3.628808e-02	-1.284604e+01
4.032000e-05	1.438374e-02	-1.305452e+01
4.033000e-05	-2.808554e-02	-1.318244e+01
4.034000e-05	-3.115961e-03	-1.336181e+01
4.035000e-05	-1.699651e-02	-1.347655e+01
4.036000e-05	-7.002489e-03	-1.366662e+01
4.037000e-05	-1.334232e-02	-1.381351e+01
4.038000e-05	-2.439585e-02	-1.399138e+01
4.039000e-05	-6.817087e-03	-1.411560e+01
4.040000e-05	-1.787624e-02	-1.428612e+01
4.041000e-05	-4.457177e-03	-1.438041e+01
4.042000e-05	-2.651799e-02	-1.452718e+01
4.043000e-05	-8.413583e-03	-1.465399e+01
4.044000e-05	-2.065121e-02	-1.475981e+01
4.045000e-05	-8.774092e-03	-1.482554e+01
4.046000e-05	-2.574322e-02	-1.495876e+01
4.047000e-05	-1.334106e-02	-1.502349e+01
4.048000e-05	-1.769144e-02	-1.511980e+01
4.049000e-05	-1.264514e-02	-1.524251e+01
4.050000e-05	-2.383727e-02	-1.529818e+01
4.051000e-05	-1.951065e-02	-1.542132e+01
4.052000e-05	-1.968954e-02	-1.545355e+01
4.053000e-05	-1.785539e-02	-1.550610e+01
4.054000e-05	-2.233324e-02	-1.557088e+01
4.055000e-05	-2.467729e-02	-1.563346e+01
4.056000e-05	-1.770435e-02	-1.567554e+01
4.057000e-05	-2.244578e-02	-1.574680e+01
4.058000e-05	-2.174046e-02	-1.576930e+01
4.059000e-05	-3.027930e-02	-1.574128e+01
4.060000e-05	-2.089661e-02	-1.578097e+01
4.061000e-05	-2.467629e-02	-1.582299e+01
4.062000e-05	-2.558254e-02	-1.584602e+01
4.063000e-05	-3.111648e-02	-1.585504e+01
4.064000e-05	-2.768459e-02	-1.586552e+01
4.065000e-05	-2.818226e-02	-1.583362e+01
4.066000e-05	-3.166577e-02	-1.585449e+01
4.067000e-05	-3.499736e-02	-1.580241e+01
4.068000e-05	-3.383067e-02	-1.585046e+01
4.069000e-05	-3.466492e-02	-1.579983e+01
4.070000e-05	-3.835869e-02	-1.576825e+01
4.071000e-05	-4.207043e-02	-1.567620e+01
4.072000e-05	-4.164251e-02	-1.567299e+01
4.073000e-05	-4.060682e-02	-1.562083e+01
4.074000e-05	-4.558626e-02	-1.554986e+01
4.075000e-05	-4.913006e-02	-1.548618e+01
4.076000e-05	-5.231835e-02	-1.539294e+01
4.077000e-05	-5.150078e-02	-1.531878e+01
4.078000e-05	-5.600725e-02	-1.533455e+01
4.079000e-05	-6.181153e-02	-1.521031e+01
4.080000e-05	-6.424147e-02	-1.509660e+01
4.081000e-05	-6.365978e-02	-1.505189e+01
4.082000e-05	-6.659657e-02	-1.493772e+01
4.083000e-05	-7.026795e-02	-1.480241e+01
4.084000e-05	-7.211331e-02	-1.472810e+01
4.085000e-05	-6.913999e-02	-1.457079e+01
4.086000e-05	-6.773074e-02	-1.447509e+01
4.087000e-05	-6.884530e-02	-1.430915e+01
4.088000e-05	-6.709334e-02	-1.420136e+01
4.089000e-05	-6.207583e-02	-1.406595e+01
4.090000e-05	-5.824295e-02	-1.394823e+01
4.091000e-05	-5.793434e-02	-1.376981e+01
4.092000e-05	-5.652002e-02	-1.358207e+01
4.093000e-05	-5.128145e-02	-1.350670e+01
4.094000e-05	-4.568834e-02	-1.331670e+01
4.095000e-05	-4.423348e-02	-1.314026e+01
4.096000e-05	-4.409744e-02	-1.297094e+01
4.097000e-05	-3.956355e-02	-1.279344e+01
4.098000e-05	-3.505727e-02	-1.264449e+01
4.099000e-05	-3.534388e-02	-1.245397e+01
4.100000e-05	-3.452994e-02	-1.227765e+01
4.101000e-05	-3.208049e-02	-1.210712e+01
4.102000e-05	-2.693575e-02	-1.189757e+01
4.103000e-05	-2.651764e-02	-1.160442e+01
4.104000e-05	-2.662615e-02	-1.139494e+01
4.105000e-05	-2.517656e-02	-1.118339e+01
4.106000e-05	-2.143648e-02	-1.096226e+01
4.107000e-05	-2.035338e-02	-1.076281e+01
4.108000e-05	-2.194943e-02	-1.056229e+01
4.109000e-05	-2.101494e-02	-1.035028e+01
4.110000e-05	-1.679590e-02	-1.009823e+01
4.111000e-05	-1.606608e-02	-9.870173e+00
4.112000e-05	-1.721440e-02	-9.678049e+00
4.113000e-05	-1.793246e-02	-9.436969e+00
4.114000e-05	-1.415442e-02	-9.163286e+00
4.115000e-05	-1.295739e-02	-8.973813e+00
4.116000e-05	-1.342489e-02	-8.741778e+00
4.117000e-05	-1.435218e-02	-8.407998e+00
4.118000e-05	-1.188038e-02	-8.224471e+00
4.119000e-05	-1.035418e-02	-7.941361e+00
4.120000e-05	-1.179145e-02	-7.658046e+00
4.121000e-05	-1.305240e-02	-7.365444e+00
4.122000e-05	-1.165393e-02	-7.162305e+00
4.123000e-05	-8.650268e-03	-6.871049e+00
4.124000e-05	-9.987248e-03	-6.596444e+00
4.125000e-05	-1.122752e-02	-6.363336e+00
4.126000e-05	-1.043467e-02	-6.048029e+00
4.127000e-05	-7.275287e-03	-5.835892e+00
4.128000e-05	-9.050178e-03	-5.519229e+00
4.129000e-05	-9.277342e-03	-5.215420e+00
4.130000e-05	-1.066842e-02	-4.897600e+00
4.131000e-05	-5.485614e-03	-4.575415e+00
4.132000e-05	-6.430025e-03	-4.333738e+00
4.133000e-05	-7.949186e-03	-4.070529e+00
4.134000e-05	-1.036628e-02	-3.765342e+00
4.135000e-05	-6.942130e-03	-3.500182e+00
4.136000e-05	-5.668658e-03	-3.248926e+00
4.137000e-05	-6.368831e-03	-2.902132e+00
4.138000e-05	-7.515056e-03	-2.600048e+00
4.139000e-05	-4.230340e-03	-2.346816e+00
4.140000e-05	-4.238329e-03	-2.040503e+00
4.141000e-05	-6.355181e-03	-1.777365e+00
4.142000e-05	-8.627128e-03	-1.500252e+00
4.143000e-05	-6.525117e-03	-1.114235e+00
4.144000e-05	-3.932536e-03	-8.500254e-01
4.145000e-05	-4.916768e-03	-5.347848e-01
4.146000e-05	-4.034581e-03	-2.620569e-01
4.147000e-05	-2.808248e-04	1.055225e-02
4.148000e-05	1.132689e-02	3.379695e-01
4.149000e-05	-2.558663e-03	5.794759e-01
4.150000e-05	1.893900e-03	8.336525e-01
4.151000e-05	-5.134311e-03	1.198020e+00
4.152000e-05	4.204307e-03	1.442681e+00
4.153000e-05	5.801925e-04	1.778921e+00
4.154000e-05	1.298929e-02	1.988499e+00
4.155000e-05	4.976836e-02	2.260710e+00
4.156000e-05	6.748228e-02	2.580551e+00
4.157000e-05	-6.661040e-02	2.937444e+00
4.158000e-05	-4.693080e-02	3.250550e+00
4.159000e-05	-3.032390e-02	3.535844e+00
4.160000e-05	1.968993e-03	3.776897e+00
4.161000e-05	-5.584641e-02	3.965944e+00
4.162000e-05	3.168303e-02	4.221099e+00
4.163000e-05	5.576707e-02	4.565396e+00
4.164000e-05	-5.758628e-02	4.797498e+00
4.165000e-05	1.535391e-01	5.114312e+00
4.166000e-05	-1.133564e-01	5.481704e+00
4.167000e-05	2.046658e-02	5.723258e+00
4.168000e-05	2.024018e-05	6.027621e+00
4.169000e-05	-1.312825e-02	6.260100e+00
4.170000e-05	4.612343e-02	6.554338e+00
4.171000e-05	-5.950834e-02	6.838575e+00
4.172000e-05	6.597380e-02	7.093156e+00
4.173000e-05	-8.061826e-03	7.395963e+00
4.174000e-05	8.729650e-04	7.639627e+00
4.175000e-05	-3.640122e-02	7.975344e+00
4.176000e-05	1.063841e-02	8.226599e+00
4.177000e-05	5.194546e-02	8.439079e+00
4.178000e-05	-2.884998e-02	8.661678e+00
4.179000e-05	1.308571e-02	8.953333e+00
4.180000e-05	-2.019549e-04	9.204518e+00
4.181000e-05	1.043238e-02	9.407496e+00
4.182000e-05	5.573735e-03	9.667599e+00
4.183000e-05	-1.612809e-02	9.929754e+00
4.184000e-05	1.577191e-02	1.014168e+01
4.185000e-05	1.293833e-02	1.030281e+01
4.186000e-05	2.554436e-02	1.059337e+01
4.187000e-05	-1.943894e-02	1.081594e+01
4.188000e-05	1.713104e-03	1.101694e+01
4.189000e-05	1.217063e-02	1.124455e+01
4.190000e-05	1.060809e-02	1.144552e+01
4.191000e-05	-9.304164e-04	1.166715e+01
4.192000e-05	8.737702e-04	1.188865e+01
4.193000e-05	2.220367e-02	1.210573e+01
4.194000e-05	1.215280e-02	1.229762e+01
4.195000e-05	1.984331e-03	1.244760e+01
4.196000e-05	-6.293672e-03	1.263657e+01
4.197000e-05	1.354822e-02	1.282304e+01
4.198000e-05	1.429907e-02	1.297437e+01
4.199000e-05	6.237787e-03	1.316184e+01
4.200000e-05	2.040736e-04	1.327771e+01
4.201000e-05	1.552598e-02	1.347710e+01
4.202000e-05	1.642796e-02	1.363557e+01
4.203000e-05	6.820940e-03	1.377344e+01
4.204000e-05	-1.578784e-03	1.391028e+01
4.205000e-05	1.136930e-02	1.409768e+01
4.206000e-05	1.716363e-02	1.427515e+01
4.207000e-05	1.146949e-02	1.437334e+01
4.208000e-05	3.884348e-03	1.452918e+01
4.209000e-05	1.220828e-02	1.460449e+01
4.210000e-05	1.846731e-02	1.470983e+01
4.211000e-05	1.080792e-02	1.487604e+01
4.212000e-05	6.553373e-03	1.495283e+01
4.213000e-05	9.108158e-03	1.502402e+01
4.214000e-05	2.052200e-02	1.508773e+01
4.215000e-05	1.419515e-02	1.523454e+01
4.216000e-05	1.066428e-02	1.529812e+01
4.217000e-05	9.434157e-03	1.536228e+01
4.218000e-05	2.013029e-02	1.542402e+01
4.219000e-05	1.589930e-02	1.549870e+01
4.220000e-05	1.246928e-02	1.557983e+01
4.221000e-05	1.272668e-02	1.564094e+01
4.222000e-05	1.996537e-02	1.567605e+01
4.223000e-05	2.156570e-02	1.569717e+01
4.224000e-05	1.276740e-02	1.574938e+01
4.225000e-05	1.639706e-02	1.576033e+01
4.226000e-05	1.970199e-02	1.580039e+01
4.227000e-05	2.514806e-02	1.576184e+01
4.228000e-05	1.854406e-02	1.583256e+01
4.229000e-05	1.940081e-02	1.586502e+01
4.230000e-05	2.441750e-02	1.580247e+01
4.231000e-05	2.746957e-02	1.586399e+01
4.232000e-05	2.501924e-02	1.582189e+01
4.233000e-05	2.288128e-02	1.578239e+01
4.234000e-05	3.034480e-02	1.583088e+01
4.235000e-05	3.337704e-02	1.577931e+01
4.236000e-05	3.290715e-02	1.572768e+01
4.237000e-05	3.049971e-02	1.569510e+01
4.238000e-05	3.600969e-02	1.565451e+01
4.239000e-05	4.033708e-02	1.557943e+01
4.240000e-05	3.994996e-02	1.553878e+01
4.241000e-05	4.006530e-02	1.546560e+01
4.242000e-05	4.414516e-02	1.539451e+01
4.243000e-05	5.167404e-02	1.534080e+01
4.244000e-05	5.158786e-02	1.526507e+01
4.245000e-05	5.197390e-02	1.519028e+01
4.246000e-05	5.450567e-02	1.506659e+01
4.247000e-05	6.077324e-02	1.497338e+01
4.248000e-05	6.231207e-02	1.489567e+01
4.249000e-05	6.208805e-02	1.480081e+01
4.250000e-05	6.206134e-02	1.470807e+01
4.251000e-05	6.475075e-02	1.456975e+01
4.252000e-05	6.328301e-02	1.448342e+01
4.253000e-05	5.909720e-02	1.433718e+01
4.254000e-05	5.726418e-02	1.416991e+01
4.255000e-05	5.691890e-02	1.404399e+01
4.256000e-05	5.448978e-02	1.388720e+01
4.257000e-05	4.903807e-02	1.372970e+01
4.258000e-05	4.445197e-02	1.354279e+01
4.259000e-05	4.356684e-02	1.340441e+01
4.260000e-05	4.131346e-02	1.325510e+01
4.261000e-05	3.763225e-02	1.309818e+01
4.262000e-05	3.317087e-02	1.294968e+01
4.263000e-05	3.244824e-02	1.274031e+01
4.264000e-05	3.020935e-02	1.257136e+01
4.265000e-05	2.665078e-02	1.241296e+01
4.266000e-05	2.351612e-02	1.224644e+01
4.267000e-05	2.177282e-02	1.202301e+01
4.268000e-05	2.183314e-02	1.181697e+01
4.269000e-05	1.872380e-02	1.163644e+01
4.270000e-05	1.690157e-02	1.140284e+01
4.271000e-05	1.472672e-02	1.119234e+01
4.272000e-05	1.598196e-02	1.097439e+01
4.273000e-05	1.410062e-02	1.077181e+01
4.274000e-05	1.166535e-02	1.053120e+01
4.275000e-05	1.008303e-02	1.029018e+01
4.276000e-05	1.046684e-02	1.010963e+01
4.277000e-05	9.060486e-03	9.857044e+00
4.278000e-05	6.954269e-03	9.593914e+00
4.279000e-05	6.490516e-03	9.373361e+00
4.280000e-05	6.270106e-03	9.141832e+00
4.281000e-05	7.559773e-03	8.910104e+00
4.282000e-05	4.225949e-03	8.638997e+00
4.283000e-05	4.196135e-03	8.425469e+00
4.284000e-05	3.239305e-03	8.193361e+00
4.285000e-05	3.891900e-03	7.899678e+00
4.286000e-05	2.800528e-03	7.648548e+00
4.287000e-05	1.827374e-03	7.352257e+00
4.288000e-05	1.807822e-03	7.100654e+00
4.289000e-05	1.884888e-03	6.827472e+00
4.290000e-05	1.862248e-03	6.563790e+00
4.291000e-05	-5.320607e-04	6.290631e+00
4.292000e-05	-3.771939e-04	6.027975e+00
4.293000e-05	8.638608e-04	5.784307e+00
4.294000e-05	1.005522e-04	5.492179e+00
4.295000e-05	-1.517899e-03	5.155845e+00
4.296000e-05	-1.933974e-03	4.828953e+00
4.297000e-05	-7.418367e-04	4.544791e+00
4.298000e-05	-1.406963e-03	4.300155e+00
4.299000e-05	-2.284716e-03	3.996886e+00
4.300000e-05	-2.600465e-03	3.703233e+00
4.301000e-05	-2.505434e-03	3.438949e+00
4.302000e-05	-1.848433e-03	3.165738e+00
4.303000e-05	-3.856461e-03	2.839028e+00
4.304000e-05	-4.251293e-03	2.585765e+00
4.305000e-05	-3.283712e-03	2.241083e+00
4.306000e-05	-2.644083e-03	2.007445e+00
4.307000e-05	-3.886102e-03	1.713688e+00
4.308000e-05	-4.237941e-03	1.398944e+00
4.309000e-05	-4.906540e-03	1.060635e+00
4.310000e-05	-2.560372e-03	7.468448e-01
4.311000e-05	-4.176363e-03	4.826530e-01
4.312000e-05	-4.998851e-03	1.958913e-01
4.313000e-05	-2.187877e-03	-1.047942e-01
4.314000e-05	9.195672e-03	-3.904709e-01
4.315000e-05	-3.736090e-03	-6.317603e-01
4.316000e-05	-3.134373e-05	-9.167918e-01
4.317000e-05	-7.835453e-03	-1.160099e+00
4.318000e-05	1.266309e-03	-1.507388e+00
4.319000e-05	-8.842152e-04	-1.770023e+00
4.320000e-05	2.805773e-02	-1.959495e+00
4.321000e-05	9.762038e-02	-2.254761e+00
4.322000e-05	-4.752572e-02	-2.673735e+00
4.323000e-05	-5.312807e-02	-3.082713e+00
4.324000e-05	-4.531518e-02	-3.378447e+00
4.325000e-05	-2.041408e-02	-3.568422e+00
4.326000e-05	-6.631466e-02	-3.881654e+00
4.327000e-05	1.051568e-01	-4.060580e+00
4.328000e-05	-2.839711e-02	-4.272185e+00
4.329000e-05	-5.141329e-02	-4.616996e+00
4.330000e-05	1.649738e-01	-4.847049e+00
4.331000e-05	-1.732585e-01	-5.207023e+00
4.332000e-05	1.034091e-01	-5.522254e+00
4.333000e-05	-1.153457e-01	-5.754869e+00
4.334000e-05	-1.584762e-03	-6.061152e+00
4.335000e-05	9.739928e-02	-6.261208e+00
4.336000e-05	-1.176082e-01	-6.628075e+00
4.337000e-05	1.219294e-01	-6.860128e+00
4.338000e-05	-9.160318e-02	-7.172915e+00
4.339000e-05	3.376474e-02	-7.450125e+00
4.340000e-05	-2.209956e-02	-7.722259e+00
4.341000e-05	-5.996962e-02	-8.058597e+00
4.342000e-05	8.453702e-02	-8.229623e+00
4.343000e-05	-8.844368e-02	-8.541807e+00
4.344000e-05	9.201079e-02	-8.742462e+00
4.345000e-05	-7.600975e-02	-9.016018e+00
4.346000e-05	8.864612e-03	-9.289150e+00
4.347000e-05	-3.617327e-03	-9.459628e+00
4.348000e-05	-3.533405e-02	-9.723911e+00
4.349000e-05	3.834020e-02	-9.892735e+00
4.350000e-05	-6.231066e-02	-1.018387e+01
4.351000e-05	6.356203e-02	-1.041502e+01
4.352000e-05	-6.445992e-02	-1.060807e+01
4.353000e-05	3.272965e-02	-1.083657e+01
4.354000e-05	-5.691886e-02	-1.105707e+01
4.355000e-05	1.852983e-02	-1.125818e+01
4.356000e-05	-2.110152e-02	-1.150720e+01
4.357000e-05	-3.562590e-03	-1.175126e+01
4.358000e-05	-7.617906e-03	-1.196073e+01
4.359000e-05	-1.480423e-02	-1.215133e+01
4.360000e-05	6.277077e-03	-1.232081e+01
4.361000e-05	-3.578768e-02	-1.253023e+01
4.362000e-05	6.294949e-03	-1.267860e+01
4.363000e-05	-3.482063e-02	-1.286768e+01
4.364000e-05	1.660172e-02	-1.300657e+01
4.365000e-05	-3.407632e-02	-1.319196e+01
4.366000e-05	6.052422e-03	-1.338431e+01
4.367000e-05	-2.709167e-02	-1.352123e+01
4.368000e-05	4.143170e-04	-1.368770e+01
4.369000e-05	-2.245974e-02	-1.381410e+01
4.370000e-05	-1.477556e-02	-1.401591e+01
4.371000e-05	-1.548978e-02	-1.415981e+01
4.372000e-05	-1.254987e-02	-1.426608e+01
4.373000e-05	-9.700802e-03	-1.440094e+01
4.374000e-05	-2.180699e-02	-1.455028e+01
4.375000e-05	-1.152155e-02	-1.464462e+01
4.376000e-05	-2.062528e-02	-1.477131e+01
4.377000e-05	-1.043043e-02	-1.488407e+01
4.378000e-05	-2.421485e-02	-1.498236e+01
4.379000e-05	-1.286817e-02	-1.505604e+01
4.380000e-05	-2.021106e-02	-1.512026e+01
4.381000e-05	-1.281511e-02	-1.524402e+01
4.382000e-05	-2.422268e-02	-1.527775e+01
4.383000e-05	-1.737219e-02	-1.539136e+01
4.384000e-05	-2.245183e-02	-1.549505e+01
4.385000e-05	-1.634350e-02	-1.553775e+01
4.386000e-05	-2.370646e-02	-1.560086e+01
4.387000e-05	-2.155925e-02	-1.565444e+01
4.388000e-05	-2.078547e-02	-1.568522e+01
4.389000e-05	-2.235815e-02	-1.573926e+01
4.390000e-05	-2.269168e-02	-1.578086e+01
4.391000e-05	-2.782721e-02	-1.579096e+01
4.392000e-05	-2.282444e-02	-1.582399e+01
4.393000e-05	-2.602590e-02	-1.586199e+01
4.394000e-05	-2.482830e-02	-1.586297e+01
4.395000e-05	-2.994077e-02	-1.587352e+01
4.396000e-05	-2.868125e-02	-1.583494e+01
4.397000e-05	-3.046124e-02	-1.586554e+01
4.398000e-05	-3.168898e-02	-1.585349e+01
4.399000e-05	-3.427377e-02	-1.580339e+01
4.400000e-05	-3.509219e-02	-1.579088e+01
4.401000e-05	-3.590655e-02	-1.580080e+01
4.402000e-05	-3.759740e-02	-1.574718e+01
4.403000e-05	-4.086726e-02	-1.567565e+01
4.404000e-05	-4.243865e-02	-1.561299e+01
4.405000e-05	-4.351048e-02	-1.557091e+01
4.406000e-05	-4.543630e-02	-1.553723e+01
4.407000e-05	-4.879209e-02	-1.546455e+01
4.408000e-05	-5.196689e-02	-1.543239e+01
4.409000e-05	-5.308664e-02	-1.533670e+01
4.410000e-05	-5.737444e-02	-1.525307e+01
4.411000e-05	-6.128188e-02	-1.517028e+01
4.412000e-05	-6.419287e-02	-1.511667e+01
4.413000e-05	-6.467191e-02	-1.499386e+01
4.414000e-05	-6.782127e-02	-1.486613e+01
4.415000e-05	-7.003678e-02	-1.478136e+01
4.416000e-05	-7.094299e-02	-1.469607e+01
4.417000e-05	-6.950046e-02	-1.456991e+01
4.418000e-05	-6.840519e-02	-1.447452e+01
4.419000e-05	-6.785787e-02	-1.432675e+01
4.420000e-05	-6.610873e-02	-1.419083e+01
4.421000e-05	-6.207430e-02	-1.404247e+01
4.422000e-05	-5.878090e-02	-1.389715e+01
4.423000e-05	-5.704336e-02	-1.374766e+01
4.424000e-05	-5.391824e-02	-1.357089e+01
4.425000e-05	-5.044713e-02	-1.342604e+01
4.426000e-05	-4.655406e-02	-1.328555e+01
4.427000e-05	-4.428619e-02	-1.310770e+01
4.428000e-05	-4.182690e-02	-1.296021e+01
4.429000e-05	-3.914007e-02	-1.281138e+01
4.430000e-05	-3.649683e-02	-1.259396e+01
4.431000e-05	-3.377386e-02	-1.241352e+01
4.432000e-05	-3.228968e-02	-1.222307e+01
4.433000e-05	-3.033551e-02	-1.208609e+01
4.434000e-05	-2.817358e-02	-1.181447e+01
4.435000e-05	-2.726660e-02	-1.160234e+01
4.436000e-05	-2.508369e-02	-1.138243e+01
4.437000e-05	-2.377079e-02	-1.109980e+01
4.438000e-05	-2.302026e-02	-1.091070e+01
4.439000e-05	-2.135715e-02	-1.072026e+01
4.440000e-05	-1.959084e-02	-1.054123e+01
4.441000e-05	-1.853870e-02	-1.026808e+01
4.442000e-05	-1.788657e-02	-1.003702e+01
4.443000e-05	-1.747748e-02	-9.846071e+00
4.444000e-05	-1.627979e-02	-9.625945e+00
4.445000e-05	-1.478050e-02	-9.362835e+00
4.446000e-05	-1.417961e-02	-9.161833e+00
4.447000e-05	-1.481621e-02	-8.889204e+00
4.448000e-05	-1.421170e-02	-8.699080e+00
4.449000e-05	-1.261560e-02	-8.404865e+00
4.450000e-05	-1.190753e-02	-8.172888e+00
4.451000e-05	-1.245839e-02	-7.908250e+00
4.452000e-05	-1.132365e-02	-7.625000e+00
4.453000e-05	-1.020515e-02	-7.332381e+00
4.454000e-05	-1.057209e-02	-7.099627e+00
4.455000e-05	-1.072767e-02	-6.824491e+00
4.456000e-05	-1.088366e-02	-6.542881e+00
4.457000e-05	-9.450253e-03	-6.310129e+00
4.458000e-05	-9.588551e-03	-5.986493e+00
4.459000e-05	-8.699493e-03	-5.711785e+00
4.460000e-05	-9.508026e-03	-5.440073e+00
4.461000e-05	-7.853273e-03	-5.112161e+00
4.462000e-05	-7.539543e-03	-4.785417e+00
4.463000e-05	-7.310523e-03	-4.523186e+00
4.464000e-05	-8.298962e-03	-4.280731e+00
4.465000e-05	-7.155309e-03	-4.037495e+00
4.466000e-05	-8.266565e-03	-3.741758e+00
4.467000e-05	-7.020784e-03	-3.449099e+00
4.468000e-05	-8.848200e-03	-3.156370e+00
4.469000e-05	-4.803040e-03	-2.820498e+00
4.470000e-05	-5.391588e-03	-2.555940e+00
4.471000e-05	-4.924591e-03	-2.323253e+00
4.472000e-05	-6.200022e-03	-1.997420e+00
4.473000e-05	-5.817248e-03	-1.692713e+00
4.474000e-05	-5.144534e-03	-1.377466e+00
4.475000e-05	-5.730479e-03	-1.051608e+00
4.476000e-05	-5.672380e-03	-8.189489e-01
4.477000e-05	-4.667000e-03	-4.621045e-01
4.478000e-05	-1.620312e-03	-1.709475e-01
4.479000e-05	1.953119e-03	6.473296e-02
4.480000e-05	7.766912e-03	4.104486e-01
4.481000e-05	-3.263426e-03	6.426563e-01
4.482000e-05	3.537758e-03	9.263379e-01
4.483000e-05	-3.362882e-03	1.242126e+00
4.484000e-05	2.626087e-03	1.523791e+00
4.485000e-05	9.708098e-05	1.831077e+00
4.486000e-05	1.975091e-02	2.060655e+00
4.487000e-05	6.493823e-02	2.287288e+00
4.488000e-05	3.963637e-02	2.674664e+00
4.489000e-05	-7.238306e-02	3.020048e+00
4.490000e-05	-4.321548e-02	3.275202e+00
4.491000e-05	-1.803861e-02	3.598570e+00
4.492000e-05	-1.047923e-02	3.858604e+00
4.493000e-05	-5.489673e-02	3.979072e+00
4.494000e-05	6.600593e-02	4.233710e+00
4.495000e-05	1.037635e-02	4.628451e+00
4.496000e-05	-6.231429e-03	4.861579e+00
4.497000e-05	1.156310e-01	5.226021e+00
4.498000e-05	-1.208062e-01	5.503733e+00
4.499000e-05	5.050567e-02	5.746970e+00
4.500000e-05	-2.852096e-02	6.060659e+00
4.501000e-05	1.712669e-02	6.273185e+00
4.502000e-05	1.703844e-02	6.637076e+00
4.503000e-05	-4.115813e-02	6.911656e+00
4.504000e-05	6.946785e-02	7.134891e+00
4.505000e-05	-2.408671e-02	7.457975e+00
4.506000e-05	6.979227e-03	7.691736e+00
4.507000e-05	-4.446450e-02	8.007048e+00
4.508000e-05	3.627542e-02	8.270659e+00
4.509000e-05	3.274524e-02	8.481685e+00
4.510000e-05	-3.155331e-02	8.732162e+00
4.511000e-05	2.440108e-02	8.985313e+00
4.512000e-05	-1.048506e-02	9.216022e+00
4.513000e-05	2.300719e-02	9.489028e+00
4.514000e-05	-1.179069e-02	9.729178e+00
4.515000e-05	-1.375433e-03	9.963305e+00
4.516000e-05	1.068231e-02	1.017384e+01
4.517000e-05	1.931697e-02	1.039537e+01
4.518000e-05	1.645441e-02	1.060600e+01
4.519000e-05	-2.242597e-02	1.082502e+01
4.520000e-05	1.320907e-02	1.103812e+01
4.521000e-05	5.855275e-03	1.128910e+01
4.522000e-05	1.537643e-02	1.149660e+01
4.523000e-05	-1.018079e-02	1.171918e+01
4.524000e-05	1.345869e-02	1.193883e+01
4.525000e-05	1.429469e-02	1.214021e+01
4.526000e-05	1.341436e-02	1.232915e+01
4.527000e-05	-6.425798e-03	1.251820e+01
4.528000e-05	2.647744e-03	1.266808e+01
4.529000e-05	1.720467e-02	1.287607e+01
4.530000e-05	1.099521e-02	1.300547e+01
4.531000e-05	4.913927e-03	1.318394e+01
4.532000e-05	-3.472624e-04	1.336084e+01
4.533000e-05	2.008507e-02	1.352928e+01
4.534000e-05	9.966653e-03	1.364765e+01
4.535000e-05	5.500835e-03	1.380394e+01
4.536000e-05	2.127761e-04	1.395135e+01
4.537000e-05	1.834883e-02	1.413830e+01
4.538000e-05	1.343206e-02	1.428818e+01
4.539000e-05	8.001562e-03	1.445294e+01
4.540000e-05	5.110470e-03	1.455086e+01
4.541000e-05	1.453117e-02	1.470567e+01
4.542000e-05	1.537610e-02	1.476088e+01
4.543000e-05	6.728766e-03	1.490707e+01
4.544000e-05	1.054551e-02	1.497138e+01
4.545000e-05	1.519737e-02	1.505662e+01
4.546000e-05	1.976319e-02	1.513826e+01
4.547000e-05	1.034858e-02	1.522401e+01
4.548000e-05	9.693621e-03	1.535670e+01
4.549000e-05	1.266066e-02	1.537094e+01
4.550000e-05	1.715636e-02	1.545399e+01
4.551000e-05	1.275238e-02	1.552718e+01
4.552000e-05	1.190486e-02	1.558278e+01
4.553000e-05	1.767840e-02	1.560289e+01
4.554000e-05	2.126414e-02	1.566559e+01
4.555000e-05	1.824457e-02	1.571665e+01
4.556000e-05	1.294799e-02	1.577076e+01
4.557000e-05	1.937558e-02	1.579183e+01
4.558000e-05	2.153888e-02	1.579147e+01
4.559000e-05	1.948563e-02	1.581241e+01
4.560000e-05	1.833260e-02	1.583247e+01
4.561000e-05	2.105164e-02	1.583399e+01
4.562000e-05	2.765377e-02	1.580294e+01
4.563000e-05	2.576771e-02	1.578249e+01
4.564000e-05	2.464379e-02	1.582191e+01
4.565000e-05	2.557533e-02	1.578191e+01
4.566000e-05	3.248317e-02	1.581183e+01
4.567000e-05	3.175149e-02	1.576629e+01
4.568000e-05	3.042757e-02	1.571675e+01
4.569000e-05	3.272948e-02	1.561300e+01
4.570000e-05	3.661938e-02	1.563201e+01
4.571000e-05	4.001980e-02	1.559986e+01
4.572000e-05	3.799102e-02	1.550811e+01
4.573000e-05	4.214385e-02	1.545552e+01
4.574000e-05	4.598503e-02	1.537086e+01
4.575000e-05	5.083545e-02	1.529617e+01
4.576000e-05	4.982868e-02	1.527146e+01
4.577000e-05	5.400137e-02	1.519933e+01
4.578000e-05	5.860224e-02	1.507602e+01
4.579000e-05	6.040634e-02	1.497070e+01
4.580000e-05	6.193083e-02	1.487605e+01
4.581000e-05	6.310623e-02	1.477229e+01
4.582000e-05	6.624110e-02	1.470507e+01
4.583000e-05	6.477922e-02	1.454033e+01
4.584000e-05	6.173988e-02	1.442289e+01
4.585000e-05	5.831014e-02	1.430762e+01
4.586000e-05	5.850916e-02	1.419076e+01
4.587000e-05	5.646694e-02	1.396098e+01
4.588000e-05	5.125019e-02	1.386499e+01
4.589000e-05	4.894640e-02	1.371665e+01
4.590000e-05	4.567265e-02	1.352926e+01
4.591000e-05	4.333080e-02	1.338088e+01
4.592000e-05	3.840878e-02	1.325354e+01
4.593000e-05	3.615631e-02	1.303612e+01
4.594000e-05	3.398131e-02	1.289865e+01
4.595000e-05	3.268265e-02	1.272026e+01
4.596000e-05	2.839369e-02	1.255074e+01
4.597000e-05	2.522594e-02	1.235028e+01
4.598000e-05	2.406344e-02	1.224339e+01
4.599000e-05	2.264038e-02	1.200189e+01
4.600000e-05	2.083489e-02	1.176189e+01
4.601000e-05	1.809928e-02	1.156236e+01
4.602000e-05	1.730275e-02	1.135773e+01
4.603000e-05	1.622078e-02	1.110118e+01
4.604000e-05	1.436767e-02	1.092968e+01
4.605000e-05	1.231655e-02	1.074870e+01
4.606000e-05	1.278302e-02	1.055763e+01
4.607000e-05	1.152775e-02	1.023855e+01
4.608000e-05	9.837074e-03	1.005547e+01
4.609000e-05	8.028539e-03	9.814886e+00
4.610000e-05	7.512934e-03	9.542260e+00
4.611000e-05	7.183979e-03	9.320633e+00
4.612000e-05	5.292296e-03	9.099278e+00
4.613000e-05	5.693678e-03	8.835449e+00
4.614000e-05	5.209509e-03	8.615969e+00
4.615000e-05	4.955486e-03	8.363839e+00
4.616000e-05	3.941597e-03	8.101206e+00
4.617000e-05	2.874860e-03	7.858024e+00
4.618000e-05	3.385460e-03	7.603416e+00
4.619000e-05	1.419966e-03	7.279632e+00
4.620000e-05	1.172084e-03	7.028025e+00
4.621000e-05	1.290895e-03	6.774420e+00
4.622000e-05	1.912376e-03	6.521602e+00
4.623000e-05	1.185216e-03	6.228946e+00
4.624000e-05	1.112350e-03	6.024393e+00
4.625000e-05	-7.243636e-05	5.690176e+00
4.626000e-05	-1.267712e-03	5.467521e+00
4.627000e-05	-7.476706e-04	5.121107e+00
4.628000e-05	-1.563634e-03	4.784791e+00
4.629000e-05	-1.006068e-03	4.461107e+00
4.630000e-05	-1.815049e-03	4.278520e+00
4.631000e-05	-1.054977e-03	3.913184e+00
4.632000e-05	-2.835061e-03	3.640527e+00
4.633000e-05	-3.027796e-03	3.387339e+00
4.634000e-05	-3.563873e-03	3.061208e+00
4.635000e-05	-3.015326e-03	2.827895e+00
4.636000e-05	-2.512478e-03	2.512609e+00
4.637000e-05	-2.872305e-03	2.199993e+00
4.638000e-05	-3.734625e-03	1.956863e+00
4.639000e-05	-4.097343e-03	1.650999e+00
4.640000e-05	-4.028007e-03	1.345787e+00
4.641000e-05	-4.405068e-03	1.028345e+00
4.642000e-05	-3.940431e-03	6.931844e-01
4.643000e-05	-3.907667e-03	3.900278e-01
4.644000e-05	-2.105430e-03	1.337572e-01
4.645000e-05	1.226341e-03	-1.289497e-01
4.646000e-05	6.535382e-03	-4.311263e-01
4.647000e-05	-5.984482e-03	-7.462432e-01
4.648000e-05	1.878317e-04	-9.795698e-01
4.649000e-05	-4.957583e-03	-1.272185e+00
4.650000e-05	-9.621555e-04	-1.557448e+00
4.651000e-05	1.991009e-03	-1.810072e+00
4.652000e-05	4.254235e-02	-2.042626e+00
4.653000e-05	9.262539e-02	-2.328967e+00
4.654000e-05	-7.559785e-02	-2.718919e+00
4.655000e-05	-4.154750e-02	-3.147498e+00
4.656000e-05	-4.582308e-02	-3.449500e+00
4.657000e-05	-1.749443e-02	-3.610603e+00
4.658000e-05	-6.268316e-02	-3.923864e+00
4.659000e-05	1.371771e-01	-4.081707e+00
4.660000e-05	-1.019988e-01	-4.335946e+00
4.661000e-05	4.446294e-02	-4.640154e+00
4.662000e-05	9.624151e-02	-4.879655e+00
4.663000e-05	-1.562392e-01	-5.240132e+00
4.664000e-05	1.193938e-01	-5.514889e+00
4.665000e-05	-1.642747e-01	-5.798577e+00
4.666000e-05	8.456804e-02	-6.123759e+00
4.667000e-05	2.084077e-02	-6.303263e+00
4.668000e-05	-7.180364e-02	-6.662759e+00
4.669000e-05	1.101456e-01	-6.921756e+00
4.670000e-05	-1.104248e-01	-7.249550e+00
4.671000e-05	6.790223e-02	-7.512228e+00
4.672000e-05	-7.188390e-02	-7.755914e+00
4.673000e-05	-3.088373e-03	-8.060130e+00
4.674000e-05	4.768067e-02	-8.240157e+00
4.675000e-05	-7.298370e-02	-8.554793e+00
4.676000e-05	9.431906e-02	-8.795493e+00
4.677000e-05	-1.026933e-01	-9.028652e+00
4.678000e-05	4.970109e-02	-9.289758e+00
4.679000e-05	-4.690508e-02	-9.531831e+00
4.680000e-05	6.458520e-03	-9.784946e+00
4.681000e-05	3.308654e-03	-9.954864e+00
4.682000e-05	-3.302466e-02	-1.021700e+01
4.683000e-05	4.412840e-02	-1.046560e+01
4.684000e-05	-6.071650e-02	-1.065063e+01
4.685000e-05	3.527971e-02	-1.089920e+01
4.686000e-05	-6.397836e-02	-1.110075e+01
4.687000e-05	3.462699e-02	-1.133036e+01
4.688000e-05	-4.021054e-02	-1.156183e+01
4.689000e-05	1.720995e-02	-1.181379e+01
4.690000e-05	-2.533616e-02	-1.195291e+01
4.691000e-05	1.963705e-03	-1.217339e+01
4.692000e-05	-1.393490e-02	-1.236184e+01
4.693000e-05	-2.186703e-02	-1.253386e+01
4.694000e-05	-3.032623e-03	-1.274083e+01
4.695000e-05	-2.494774e-02	-1.287926e+01
4.696000e-05	9.228939e-03	-1.310765e+01
4.697000e-05	-3.095885e-02	-1.324415e+01
4.698000e-05	7.655906e-03	-1.343447e+01
4.699000e-05	-2.979090e-02	-1.354283e+01
4.700000e-05	2.521396e-03	-1.372720e+01
4.701000e-05	-2.918697e-02	-1.386510e+01
4.702000e-05	-5.738185e-03	-1.402497e+01
4.703000e-05	-2.008159e-02	-1.413133e+01
4.704000e-05	-8.594783e-03	-1.431873e+01
4.705000e-05	-1.643581e-02	-1.443306e+01
4.706000e-05	-1.469063e-02	-1.454978e+01
4.707000e-05	-1.530780e-02	-1.468665e+01
4.708000e-05	-1.834975e-02	-1.480299e+01
4.709000e-05	-1.455840e-02	-1.488567e+01
4.710000e-05	-2.045036e-02	-1.500093e+01
4.711000e-05	-1.187382e-02	-1.505655e+01
4.712000e-05	-2.145065e-02	-1.517136e+01
4.713000e-05	-1.485630e-02	-1.523409e+01
4.714000e-05	-2.369273e-02	-1.533978e+01
4.715000e-05	-1.533324e-02	-1.541192e+01
4.716000e-05	-2.493597e-02	-1.549460e+01
4.717000e-05	-1.741048e-02	-1.553720e+01
4.718000e-05	-2.305284e-02	-1.560046e+01
4.719000e-05	-1.781041e-02	-1.561504e+01
4.720000e-05	-2.494998e-02	-1.571815e+01
4.721000e-05	-2.356299e-02	-1.573765e+01
4.722000e-05	-2.355447e-02	-1.575891e+01
4.723000e-05	-2.423607e-02	-1.580089e+01
4.724000e-05	-2.379524e-02	-1.583099e+01
4.725000e-05	-2.876633e-02	-1.585354e+01
4.726000e-05	-2.511068e-02	-1.582362e+01
4.727000e-05	-2.852643e-02	-1.583502e+01
4.728000e-05	-2.846623e-02	-1.584404e+01
4.729000e-05	-3.310153e-02	-1.585502e+01
4.730000e-05	-3.221967e-02	-1.584400e+01
4.731000e-05	-3.284122e-02	-1.586299e+01
4.732000e-05	-3.549335e-02	-1.579243e+01
4.733000e-05	-3.784524e-02	-1.578983e+01
4.734000e-05	-3.975253e-02	-1.573925e+01
4.735000e-05	-3.854790e-02	-1.567464e+01
4.736000e-05	-4.154307e-02	-1.560399e+01
4.737000e-05	-4.484658e-02	-1.558927e+01
4.738000e-05	-4.716467e-02	-1.553713e+01
4.739000e-05	-4.921365e-02	-1.549714e+01
4.740000e-05	-5.072267e-02	-1.539234e+01
4.741000e-05	-5.489244e-02	-1.531720e+01
4.742000e-05	-5.902488e-02	-1.521301e+01
4.743000e-05	-6.052977e-02	-1.514771e+01
4.744000e-05	-6.325625e-02	-1.506712e+01
4.745000e-05	-6.686167e-02	-1.500936e+01
4.746000e-05	-7.001227e-02	-1.488755e+01
4.747000e-05	-6.944443e-02	-1.477036e+01
4.748000e-05	-6.893240e-02	-1.465502e+01
4.749000e-05	-7.019410e-02	-1.456036e+01
4.750000e-05	-6.970751e-02	-1.445298e+01
4.751000e-05	-6.761629e-02	-1.427600e+01
4.752000e-05	-6.381704e-02	-1.415923e+01
4.753000e-05	-6.218565e-02	-1.403294e+01
4.754000e-05	-6.002736e-02	-1.384552e+01
4.755000e-05	-5.570654e-02	-1.369720e+01
4.756000e-05	-5.151175e-02	-1.356931e+01
4.757000e-05	-4.955495e-02	-1.339289e+01
4.758000e-05	-4.807027e-02	-1.326551e+01
4.759000e-05	-4.462646e-02	-1.306810e+01
4.760000e-05	-4.021108e-02	-1.290818e+01
4.761000e-05	-3.775461e-02	-1.275826e+01
4.762000e-05	-3.687773e-02	-1.259231e+01
4.763000e-05	-3.510582e-02	-1.240189e+01
4.764000e-05	-3.108188e-02	-1.215289e+01
4.765000e-05	-2.912439e-02	-1.197291e+01
4.766000e-05	-2.803446e-02	-1.179241e+01
4.767000e-05	-2.785994e-02	-1.154868e+01
4.768000e-05	-2.499214e-02	-1.128918e+01
4.769000e-05	-2.302234e-02	-1.110768e+01
4.770000e-05	-2.252755e-02	-1.089013e+01
4.771000e-05	-2.252620e-02	-1.071915e+01
4.772000e-05	-1.964161e-02	-1.049660e+01
4.773000e-05	-1.762511e-02	-1.026744e+01
4.774000e-05	-1.828291e-02	-9.994441e+00
4.775000e-05	-1.861924e-02	-9.825916e+00
4.776000e-05	-1.673175e-02	-9.582407e+00
4.777000e-05	-1.450952e-02	-9.341780e+00
4.778000e-05	-1.508310e-02	-9.068650e+00
4.779000e-05	-1.545523e-02	-8.880001e+00
4.780000e-05	-1.306429e-02	-8.614444e+00
4.781000e-05	-1.148868e-02	-8.322310e+00
4.782000e-05	-1.198299e-02	-8.100232e+00
4.783000e-05	-1.348173e-02	-7.866571e+00
4.784000e-05	-1.126079e-02	-7.553286e+00
4.785000e-05	-9.799825e-03	-7.281182e+00
4.786000e-05	-1.010936e-02	-7.035969e+00
4.787000e-05	-1.196369e-02	-6.764738e+00
4.788000e-05	-1.036781e-02	-6.491654e+00
4.789000e-05	-8.005661e-03	-6.228446e+00
4.790000e-05	-9.462066e-03	-5.914364e+00
4.791000e-05	-9.369485e-03	-5.660677e+00
4.792000e-05	-9.744755e-03	-5.363290e+00
4.793000e-05	-7.047098e-03	-5.051051e+00
4.794000e-05	-7.049154e-03	-4.702736e+00
4.795000e-05	-7.471718e-03	-4.480628e+00
4.796000e-05	-8.899592e-03	-4.259949e+00
4.797000e-05	-6.519052e-03	-3.975365e+00
4.798000e-05	-7.876871e-03	-3.670099e+00
4.799000e-05	-6.890228e-03	-3.396345e+00
4.800000e-05	-9.085083e-03	-3.113210e+00
4.801000e-05	-4.050292e-03	-2.796894e+00
4.802000e-05	-5.412443e-03	-2.503760e+00
4.803000e-05	-4.606156e-03	-2.259525e+00
4.804000e-05	-6.412859e-03	-1.944313e+00
4.805000e-05	-4.787616e-03	-1.630574e+00
4.806000e-05	-6.141847e-03	-1.284629e+00
4.807000e-05	-5.756077e-03	-9.994952e-01
4.808000e-05	-5.871204e-03	-7.262898e-01
4.809000e-05	-4.065327e-03	-4.194251e-01
4.810000e-05	-1.126749e-03	-1.648872e-01
4.811000e-05	4.507643e-03	1.283219e-01
4.812000e-05	4.551692e-03	4.426815e-01
4.813000e-05	-9.428538e-04	6.842629e-01
4.814000e-05	1.277152e-03	9.690757e-01
4.815000e-05	-1.961001e-03	1.303167e+00
4.816000e-05	1.616005e-03	1.558849e+00
4.817000e-05	1.346666e-03	1.873710e+00
4.818000e-05	2.514756e-02	2.082733e+00
4.819000e-05	7.721541e-02	2.388897e+00
4.820000e-05	6.583468e-03	2.737366e+00
4.821000e-05	-6.705962e-02	3.073206e+00
4.822000e-05	-4.425949e-02	3.348371e+00
4.823000e-05	-6.600912e-03	3.640050e+00
4.824000e-05	-2.554382e-02	3.871660e+00
4.825000e-05	-4.253193e-02	4.051709e+00
4.826000e-05	9.048191e-02	4.365042e+00
4.827000e-05	-3.921238e-02	4.652708e+00
4.828000e-05	5.922027e-02	4.921312e+00
4.829000e-05	5.416811e-02	5.271755e+00
4.830000e-05	-1.004995e-01	5.555943e+00
4.831000e-05	5.885884e-02	5.798052e+00
4.832000e-05	-4.570561e-02	6.074260e+00
4.833000e-05	4.466806e-02	6.325944e+00
4.834000e-05	-1.491354e-02	6.642630e+00
4.835000e-05	-1.233411e-02	6.963362e+00
4.836000e-05	6.045095e-02	7.185495e+00
4.837000e-05	-2.685023e-02	7.483258e+00
4.838000e-05	4.868594e-03	7.804393e+00
4.839000e-05	-4.498980e-02	8.069702e+00
4.840000e-05	5.590897e-02	8.313212e+00
4.841000e-05	1.309027e-02	8.563891e+00
4.842000e-05	-2.743394e-02	8.804919e+00
4.843000e-05	2.777717e-02	9.037525e+00
4.844000e-05	-1.592191e-02	9.299629e+00
4.845000e-05	3.092170e-02	9.480655e+00
4.846000e-05	-2.496539e-02	9.753315e+00
4.847000e-05	1.145345e-02	9.984914e+00
4.848000e-05	6.724447e-03	1.022605e+01
4.849000e-05	2.479531e-02	1.041609e+01
4.850000e-05	6.472947e-03	1.067860e+01
4.851000e-05	-2.148968e-02	1.093020e+01
4.852000e-05	2.006867e-02	1.112020e+01
4.853000e-05	7.618747e-04	1.130073e+01
4.854000e-05	1.688726e-02	1.153026e+01
4.855000e-05	-1.585520e-02	1.174234e+01
4.856000e-05	2.321079e-02	1.198089e+01
4.857000e-05	9.733951e-03	1.219234e+01
4.858000e-05	1.524258e-02	1.236193e+01
4.859000e-05	-8.955948e-03	1.255918e+01
4.860000e-05	5.477803e-03	1.272966e+01
4.861000e-05	1.644410e-02	1.288720e+01
4.862000e-05	7.006158e-03	1.305555e+01
4.863000e-05	5.812849e-03	1.322546e+01
4.864000e-05	2.201498e-03	1.339294e+01
4.865000e-05	2.390379e-02	1.357086e+01
4.866000e-05	7.122404e-03	1.372865e+01
4.867000e-05	6.134813e-03	1.385499e+01
4.868000e-05	2.802626e-04	1.402154e+01
4.869000e-05	1.913805e-02	1.418081e+01
4.870000e-05	1.142510e-02	1.433767e+01
4.871000e-05	6.598474e-03	1.443307e+01
4.872000e-05	7.317861e-03	1.455143e+01
4.873000e-05	1.470250e-02	1.471617e+01
4.874000e-05	1.688586e-02	1.480186e+01
4.875000e-05	5.430184e-03	1.487765e+01
4.876000e-05	9.716510e-03	1.500974e+01
4.877000e-05	1.395498e-02	1.506552e+01
4.878000e-05	1.886200e-02	1.515871e+01
4.879000e-05	9.774879e-03	1.521502e+01
4.880000e-05	1.029692e-02	1.529821e+01
4.881000e-05	1.563125e-02	1.539336e+01
4.882000e-05	1.753229e-02	1.545507e+01
4.883000e-05	1.340286e-02	1.552925e+01
4.884000e-05	1.021811e-02	1.557136e+01
4.885000e-05	1.790252e-02	1.564352e+01
4.886000e-05	2.038623e-02	1.568559e+01
4.887000e-05	1.774963e-02	1.570775e+01
4.888000e-05	1.316005e-02	1.572986e+01
4.889000e-05	1.953364e-02	1.578039e+01
4.890000e-05	2.322816e-02	1.580144e+01
4.891000e-05	2.119218e-02	1.582102e+01
4.892000e-05	1.826189e-02	1.582051e+01
4.893000e-05	2.092458e-02	1.582399e+01
4.894000e-05	2.729361e-02	1.587394e+01
4.895000e-05	2.486818e-02	1.580339e+01
4.896000e-05	2.377228e-02	1.581289e+01
4.897000e-05	2.601776e-02	1.581136e+01
4.898000e-05	3.429377e-02	1.580186e+01
4.899000e-05	3.302257e-02	1.571831e+01
4.900000e-05	3.019868e-02	1.568710e+01
4.901000e-05	3.261401e-02	1.566354e+01
4.902000e-05	3.769853e-02	1.560144e+01
4.903000e-05	4.081928e-02	1.555980e+01
4.904000e-05	3.733142e-02	1.551670e+01
4.905000e-05	4.168085e-02	1.545452e+01
4.906000e-05	4.675761e-02	1.535181e+01
4.907000e-05	5.215064e-02	1.528813e+01
4.908000e-05	5.095242e-02	1.517244e+01
4.909000e-05	5.335191e-02	1.514775e+01
4.910000e-05	5.938957e-02	1.502404e+01
4.911000e-05	6.276123e-02	1.491976e+01
4.912000e-05	6.315463e-02	1.486452e+01
4.913000e-05	6.036129e-02	1.474028e+01
4.914000e-05	6.546270e-02	1.464601e+01
4.915000e-05	6.431384e-02	1.450925e+01
4.916000e-05	6.274781e-02	1.441189e+01
4.917000e-05	5.676840e-02	1.425664e+01
4.918000e-05	5.730459e-02	1.413731e+01
4.919000e-05	5.701130e-02	1.398086e+01
4.920000e-05	5.273873e-02	1.381504e+01
4.921000e-05	4.619932e-02	1.367455e+01
4.922000e-05	4.347070e-02	1.347910e+01
4.923000e-05	4.475231e-02	1.335033e+01
4.924000e-05	3.760995e-02	1.318286e+01
4.925000e-05	3.466430e-02	1.301547e+01
4.926000e-05	3.193453e-02	1.285607e+01
4.927000e-05	3.472187e-02	1.267810e+01
4.928000e-05	2.910561e-02	1.252875e+01
4.929000e-05	2.644184e-02	1.234973e+01
4.930000e-05	2.120649e-02	1.216226e+01
4.931000e-05	2.259606e-02	1.193128e+01
4.932000e-05	1.961719e-02	1.172975e+01
4.933000e-05	1.649459e-02	1.151823e+01
4.934000e-05	1.512540e-02	1.128960e+01
4.935000e-05	1.833712e-02	1.105962e+01
4.936000e-05	1.683760e-02	1.085870e+01
4.937000e-05	1.247455e-02	1.067710e+01
4.938000e-05	1.107920e-02	1.043607e+01
4.939000e-05	9.847202e-03	1.021495e+01
4.940000e-05	1.060035e-02	1.001189e+01
4.941000e-05	6.060535e-03	9.781808e+00
4.942000e-05	6.735806e-03	9.490083e+00
4.943000e-05	6.712042e-03	9.279623e+00
4.944000e-05	8.405110e-03	9.088573e+00
4.945000e-05	4.330041e-03	8.822916e+00
4.946000e-05	4.519790e-03	8.584837e+00
4.947000e-05	4.020578e-03	8.332759e+00
4.948000e-05	5.590824e-03	8.057601e+00
4.949000e-05	2.734690e-03	7.805417e+00
4.950000e-05	1.389918e-03	7.512807e+00
4.951000e-05	1.932397e-03	7.239026e+00
4.952000e-05	2.897608e-03	6.973417e+00
4.953000e-05	2.671800e-03	6.721360e+00
4.954000e-05	-1.387880e-03	6.467494e+00
4.955000e-05	1.636261e-04	6.174366e+00
4.956000e-05	1.126066e-04	5.962333e+00
4.957000e-05	1.677782e-03	5.658550e+00
4.958000e-05	-2.060626e-03	5.366891e+00
4.959000e-05	-1.131130e-03	5.057549e+00
4.960000e-05	-3.933396e-05	4.712707e+00
4.961000e-05	1.539719e-04	4.431053e+00
4.962000e-05	-2.484961e-03	4.156364e+00
4.963000e-05	-3.052005e-03	3.851078e+00
4.964000e-05	-1.697516e-03	3.598444e+00
4.965000e-05	-2.054445e-03	3.331654e+00
4.966000e-05	-3.178671e-03	3.018520e+00
4.967000e-05	-4.903562e-03	2.746814e+00
4.968000e-05	-2.799543e-03	2.439475e+00
4.969000e-05	-1.571757e-03	2.136267e+00
4.970000e-05	-3.283664e-03	1.882134e+00
4.971000e-05	-4.386801e-03	1.567394e+00
4.972000e-05	-3.940096e-03	1.263604e+00
4.973000e-05	-3.767373e-03	9.133347e-01
4.974000e-05	-5.618266e-03	6.214728e-01
4.975000e-05	-5.981657e-03	3.389224e-01
4.976000e-05	-1.722143e-03	2.102663e-02
4.977000e-05	4.782322e-03	-2.420538e-01
4.978000e-05	5.265472e-03	-5.036101e-01
4.979000e-05	-3.821010e-03	-7.989998e-01
4.980000e-05	-2.209630e-03	-1.030683e+00
4.981000e-05	-2.830715e-03	-1.355787e+00
4.982000e-05	-2.826296e-03	-1.621654e+00
4.983000e-05	4.970477e-03	-1.883737e+00
4.984000e-05	5.828692e-02	-2.113157e+00
4.985000e-05	7.138812e-02	-2.459025e+00
4.986000e-05	-8.535878e-02	-2.841154e+00
4.987000e-05	-3.531854e-02	-3.241100e+00
4.988000e-05	-4.405512e-02	-3.482654e+00
4.989000e-05	-2.614023e-02	-3.725312e+00
4.990000e-05	-3.608527e-02	-3.975341e+00
4.991000e-05	1.378816e-01	-4.144260e+00
4.992000e-05	-1.516145e-01	-4.398127e+00
4.993000e-05	1.301773e-01	-4.693781e+00
4.994000e-05	6.960000e-03	-4.955292e+00
4.995000e-05	-9.898612e-02	-5.395265e+00
4.996000e-05	9.177918e-02	-5.596467e+00
4.997000e-05	-1.777115e-01	-5.902259e+00
4.998000e-05	1.477495e-01	-6.184766e+00
4.999000e-05	-5.421029e-02	-6.378472e+00
