# 260929_12:00:14.669728
t	CH1	CH2
0.000000e+00	-3.111025e-03	8.542160e-02
1.000000e-08	2.894749e-03	-1.988924e-01
2.000000e-08	3.777436e-03	-4.215012e-01
3.000000e-08	-4.199565e-03	-7.566819e-01
4.000000e-08	-3.743923e-03	-1.018892e+00
5.000000e-08	-3.328128e-03	-1.293527e+00
6.000000e-08	-2.943653e-03	-1.568361e+00
7.000000e-08	3.641815e-03	-1.828440e+00
8.000000e-08	4.491218e-02	-2.009872e+00
9.000000e-08	8.261527e-02	-2.385079e+00
1.000000e-07	-7.905067e-02	-2.694030e+00
1.100000e-07	-4.002185e-02	-3.103476e+00
1.200000e-07	-4.720308e-02	-3.376296e+00
1.300000e-07	-1.439982e-02	-3.638894e+00
1.400000e-07	-6.824707e-02	-3.908402e+00
1.500000e-07	1.335090e-01	-4.071906e+00
1.600000e-07	-9.444982e-02	-4.311980e+00
1.700000e-07	4.072212e-02	-4.557793e+00
1.800000e-07	9.556282e-02	-4.827925e+00
1.900000e-07	-1.571910e-01	-5.146134e+00
2.000000e-07	1.070301e-01	-5.508025e+00
2.100000e-07	-1.471320e-01	-5.754638e+00
2.200000e-07	7.732549e-02	-6.068874e+00
2.300000e-07	1.337921e-02	-6.280271e+00
2.400000e-07	-7.026805e-02	-6.586638e+00
2.500000e-07	1.058242e-01	-6.818241e+00
2.600000e-07	-1.057734e-01	-7.140475e+00
2.700000e-07	5.498681e-02	-7.415743e+00
2.800000e-07	-6.974007e-02	-7.637296e+00
2.900000e-07	-4.175064e-04	-7.993630e+00
3.000000e-07	4.885463e-02	-8.196162e+00
3.100000e-07	-7.773679e-02	-8.468324e+00
3.200000e-07	8.480094e-02	-8.669349e+00
3.300000e-07	-9.927585e-02	-8.931476e+00
3.400000e-07	4.723850e-02	-9.184108e+00
3.500000e-07	-4.824655e-02	-9.403612e+00
3.600000e-07	2.946157e-04	-9.688870e+00
3.700000e-07	5.853180e-03	-9.846321e+00
3.800000e-07	-3.491254e-02	-1.010935e+01
3.900000e-07	4.228419e-02	-1.027936e+01
4.000000e-07	-6.697190e-02	-1.056153e+01
4.100000e-07	3.569755e-02	-1.075056e+01
4.200000e-07	-6.269528e-02	-1.092948e+01
4.300000e-07	2.944096e-02	-1.118256e+01
4.400000e-07	-4.199742e-02	-1.138256e+01
4.500000e-07	6.386207e-03	-1.160152e+01
4.600000e-07	-1.943766e-02	-1.179254e+01
4.700000e-07	-6.304750e-03	-1.199324e+01
4.800000e-07	-1.013770e-02	-1.221406e+01
4.900000e-07	-2.824564e-02	-1.237158e+01
5.000000e-07	2.066198e-03	-1.252953e+01
5.100000e-07	-3.033055e-02	-1.271830e+01
5.200000e-07	4.681330e-03	-1.290727e+01
5.300000e-07	-3.530185e-02	-1.305622e+01
5.400000e-07	4.265637e-03	-1.320316e+01
5.500000e-07	-3.033969e-02	-1.337156e+01
5.600000e-07	-1.302093e-03	-1.352837e+01
5.700000e-07	-2.870410e-02	-1.366629e+01
5.800000e-07	-9.460526e-03	-1.381414e+01
5.900000e-07	-1.852086e-02	-1.392991e+01
6.000000e-07	-1.434609e-02	-1.414782e+01
6.100000e-07	-1.758797e-02	-1.423204e+01
6.200000e-07	-2.160960e-02	-1.433998e+01
6.300000e-07	-1.428604e-02	-1.445517e+01
6.400000e-07	-2.283407e-02	-1.458096e+01
6.500000e-07	-1.436062e-02	-1.467632e+01
6.600000e-07	-2.474044e-02	-1.475000e+01
6.700000e-07	-1.436927e-02	-1.488580e+01
6.800000e-07	-2.270643e-02	-1.490948e+01
6.900000e-07	-1.797503e-02	-1.503514e+01
7.000000e-07	-2.640994e-02	-1.512685e+01
7.100000e-07	-2.017330e-02	-1.519004e+01
7.200000e-07	-2.372045e-02	-1.527422e+01
7.300000e-07	-2.077659e-02	-1.529783e+01
7.400000e-07	-2.640832e-02	-1.538140e+01
7.500000e-07	-2.310517e-02	-1.544254e+01
7.600000e-07	-2.371882e-02	-1.545425e+01
7.700000e-07	-2.584479e-02	-1.548787e+01
7.800000e-07	-2.666464e-02	-1.552788e+01
7.900000e-07	-2.910907e-02	-1.557945e+01
8.000000e-07	-2.387551e-02	-1.557153e+01
8.100000e-07	-2.968801e-02	-1.558359e+01
8.200000e-07	-2.870149e-02	-1.564258e+01
8.300000e-07	-3.432203e-02	-1.561314e+01
8.400000e-07	-3.064567e-02	-1.557302e+01
8.500000e-07	-3.344564e-02	-1.561311e+01
8.600000e-07	-3.517085e-02	-1.559959e+01
8.700000e-07	-3.619679e-02	-1.558006e+01
8.800000e-07	-3.694424e-02	-1.554042e+01
8.900000e-07	-3.756374e-02	-1.556790e+01
9.000000e-07	-4.229364e-02	-1.543685e+01
9.100000e-07	-4.357966e-02	-1.546477e+01
9.200000e-07	-4.361894e-02	-1.537312e+01
9.300000e-07	-4.426342e-02	-1.533798e+01
9.400000e-07	-4.789530e-02	-1.526580e+01
9.500000e-07	-5.158032e-02	-1.523319e+01
9.600000e-07	-5.226153e-02	-1.517953e+01
9.700000e-07	-5.432616e-02	-1.509680e+01
9.800000e-07	-5.913736e-02	-1.503207e+01
9.900000e-07	-6.402348e-02	-1.489948e+01
1.000000e-06	-6.484555e-02	-1.482624e+01
1.010000e-06	-6.598987e-02	-1.474759e+01
1.020000e-06	-6.976377e-02	-1.462480e+01
1.030000e-06	-7.379969e-02	-1.455046e+01
1.040000e-06	-7.399160e-02	-1.444369e+01
1.050000e-06	-7.296408e-02	-1.431738e+01
1.060000e-06	-7.245385e-02	-1.419109e+01
1.070000e-06	-7.425876e-02	-1.401625e+01
1.080000e-06	-7.115681e-02	-1.392850e+01
1.090000e-06	-6.720876e-02	-1.375066e+01
1.100000e-06	-6.411811e-02	-1.363412e+01
1.110000e-06	-6.332159e-02	-1.351738e+01
1.120000e-06	-6.047097e-02	-1.333006e+01
1.130000e-06	-5.533051e-02	-1.318417e+01
1.140000e-06	-5.102764e-02	-1.302687e+01
1.150000e-06	-4.875246e-02	-1.284590e+01
1.160000e-06	-4.674133e-02	-1.271896e+01
1.170000e-06	-4.401061e-02	-1.256011e+01
1.180000e-06	-3.932401e-02	-1.234211e+01
1.190000e-06	-3.763498e-02	-1.215329e+01
1.200000e-06	-3.742992e-02	-1.202172e+01
1.210000e-06	-3.388002e-02	-1.182411e+01
1.220000e-06	-3.006894e-02	-1.155269e+01
1.230000e-06	-2.899895e-02	-1.136054e+01
1.240000e-06	-2.847811e-02	-1.112154e+01
1.250000e-06	-2.598743e-02	-1.089154e+01
1.260000e-06	-2.358776e-02	-1.072208e+01
1.270000e-06	-2.252966e-02	-1.052159e+01
1.280000e-06	-2.237336e-02	-1.029951e+01
1.290000e-06	-2.160443e-02	-1.003948e+01
1.300000e-06	-1.902151e-02	-9.867504e+00
1.310000e-06	-1.802185e-02	-9.599950e+00
1.320000e-06	-1.790955e-02	-9.385819e+00
1.330000e-06	-1.731801e-02	-9.114240e+00
1.340000e-06	-1.484108e-02	-8.932664e+00
1.350000e-06	-1.413359e-02	-8.738638e+00
1.360000e-06	-1.538655e-02	-8.448977e+00
1.370000e-06	-1.423578e-02	-8.197400e+00
1.380000e-06	-1.232863e-02	-7.975819e+00
1.390000e-06	-1.234702e-02	-7.668509e+00
1.400000e-06	-1.168454e-02	-7.395951e+00
1.410000e-06	-1.162543e-02	-7.165298e+00
1.420000e-06	-9.558144e-03	-6.844133e+00
1.430000e-06	-9.813319e-03	-6.619006e+00
1.440000e-06	-9.960961e-03	-6.345920e+00
1.450000e-06	-1.177014e-02	-6.081588e+00
1.460000e-06	-9.184502e-03	-5.829030e+00
1.470000e-06	-8.336342e-03	-5.575788e+00
1.480000e-06	-8.432106e-03	-5.232112e+00
1.490000e-06	-1.025239e-02	-4.975319e+00
1.500000e-06	-6.803708e-03	-4.591506e+00
1.510000e-06	-6.463029e-03	-4.399497e+00
1.520000e-06	-5.748773e-03	-4.145846e+00
1.530000e-06	-8.907191e-03	-3.810635e+00
1.540000e-06	-8.983373e-03	-3.608446e+00
1.550000e-06	-6.394702e-03	-3.294768e+00
1.560000e-06	-5.083399e-03	-3.009002e+00
1.570000e-06	-5.921635e-03	-2.685767e+00
1.580000e-06	-5.904404e-03	-2.442135e+00
1.590000e-06	-3.044587e-03	-2.135848e+00
1.600000e-06	-3.938218e-03	-1.873238e+00
1.610000e-06	-5.029276e-03	-1.589530e+00
1.620000e-06	-7.056776e-03	-1.233679e+00
1.630000e-06	-4.346726e-03	-9.274961e-01
1.640000e-06	-3.610063e-03	-6.623202e-01
1.650000e-06	-1.841066e-03	-3.785472e-01
1.660000e-06	-2.585184e-03	-1.142919e-01
1.670000e-06	9.602495e-03	1.703924e-01
1.680000e-06	1.655920e-03	4.830316e-01
1.690000e-06	2.757188e-03	6.946869e-01
1.700000e-06	-2.830925e-03	1.009816e+00
1.710000e-06	2.101737e-03	1.314584e+00
1.720000e-06	2.623977e-03	1.618368e+00
1.730000e-06	7.219781e-03	1.874059e+00
1.740000e-06	2.620852e-02	2.113584e+00
1.750000e-06	8.141403e-02	2.426845e+00
1.760000e-06	-1.731089e-02	2.816717e+00
1.770000e-06	-5.746214e-02	3.051950e+00
1.780000e-06	-4.271059e-02	3.293086e+00
1.790000e-06	2.697828e-03	3.628891e+00
1.800000e-06	-2.841345e-02	3.870421e+00
1.810000e-06	-3.888084e-02	4.039446e+00
1.820000e-06	9.357215e-02	4.300555e+00
1.830000e-06	-3.478152e-02	4.648897e+00
1.840000e-06	6.919569e-02	4.900996e+00
1.850000e-06	2.872174e-02	5.247287e+00
1.860000e-06	-9.044741e-02	5.521555e+00
1.870000e-06	5.913761e-02	5.744091e+00
1.880000e-06	-3.213595e-02	6.080947e+00
1.890000e-06	4.161570e-02	6.271025e+00
1.900000e-06	-2.042996e-02	6.613139e+00
1.910000e-06	-4.283554e-03	6.878900e+00
1.920000e-06	6.408689e-02	7.141506e+00
1.930000e-06	-3.028559e-02	7.416146e+00
1.940000e-06	-4.524218e-03	7.699953e+00
1.950000e-06	-3.351198e-02	7.973110e+00
1.960000e-06	6.329197e-02	8.266771e+00
1.970000e-06	1.000900e-02	8.479324e+00
1.980000e-06	-2.939683e-02	8.678349e+00
1.990000e-06	3.194671e-02	8.952507e+00
2.000000e-06	-9.413161e-03	9.204534e+00
2.010000e-06	3.234433e-02	9.404189e+00
2.020000e-06	-2.755055e-02	9.615195e+00
2.030000e-06	1.480760e-02	9.858175e+00
2.040000e-06	1.153502e-02	1.010000e+01
2.050000e-06	2.509784e-02	1.033148e+01
2.060000e-06	2.284274e-03	1.052993e+01
2.070000e-06	-1.936602e-02	1.080353e+01
2.080000e-06	2.888128e-02	1.092106e+01
2.090000e-06	3.090151e-03	1.114246e+01
2.100000e-06	1.721247e-02	1.137098e+01
2.110000e-06	-1.383386e-02	1.159148e+01
2.120000e-06	2.723947e-02	1.184214e+01
2.130000e-06	1.210332e-02	1.197411e+01
2.140000e-06	1.161198e-02	1.221103e+01
2.150000e-06	-6.756487e-03	1.235106e+01
2.160000e-06	8.968146e-03	1.255138e+01
2.170000e-06	2.241111e-02	1.272985e+01
2.180000e-06	6.616351e-03	1.288679e+01
2.190000e-06	8.053664e-03	1.304517e+01
2.200000e-06	5.939557e-03	1.319361e+01
2.210000e-06	2.723188e-02	1.341243e+01
2.220000e-06	5.309738e-03	1.354532e+01
2.230000e-06	7.179687e-03	1.363567e+01
2.240000e-06	4.440227e-03	1.377361e+01
2.250000e-06	2.221037e-02	1.392783e+01
2.260000e-06	1.320508e-02	1.410577e+01
2.270000e-06	7.069229e-03	1.425312e+01
2.280000e-06	1.186043e-02	1.434900e+01
2.290000e-06	1.859807e-02	1.453570e+01
2.300000e-06	1.734325e-02	1.456155e+01
2.310000e-06	6.714807e-03	1.468574e+01
2.320000e-06	1.415466e-02	1.477256e+01
2.330000e-06	1.763817e-02	1.488632e+01
2.340000e-06	2.057169e-02	1.494893e+01
2.350000e-06	1.141286e-02	1.502214e+01
2.360000e-06	1.270086e-02	1.509732e+01
2.370000e-06	1.880756e-02	1.516953e+01
2.380000e-06	1.933106e-02	1.522321e+01
2.390000e-06	1.560435e-02	1.531672e+01
2.400000e-06	1.373185e-02	1.532838e+01
2.410000e-06	2.265056e-02	1.542153e+01
2.420000e-06	2.139690e-02	1.544362e+01
2.430000e-06	1.949974e-02	1.552470e+01
2.440000e-06	1.615662e-02	1.553697e+01
2.450000e-06	2.284554e-02	1.555890e+01
2.460000e-06	2.461654e-02	1.556001e+01
2.470000e-06	2.090237e-02	1.558946e+01
2.480000e-06	2.119079e-02	1.559111e+01
2.490000e-06	2.437617e-02	1.561009e+01
2.500000e-06	2.868397e-02	1.557006e+01
2.510000e-06	2.470098e-02	1.558161e+01
2.520000e-06	2.631843e-02	1.560093e+01
2.530000e-06	2.999251e-02	1.554951e+01
2.540000e-06	3.512648e-02	1.551693e+01
2.550000e-06	3.291578e-02	1.549683e+01
2.560000e-06	3.150305e-02	1.547414e+01
2.570000e-06	3.539095e-02	1.542261e+01
2.580000e-06	3.812194e-02	1.538943e+01
2.590000e-06	4.019113e-02	1.531693e+01
2.600000e-06	3.915326e-02	1.525572e+01
2.610000e-06	4.406178e-02	1.520063e+01
2.620000e-06	4.819630e-02	1.514746e+01
2.630000e-06	5.010373e-02	1.502477e+01
2.640000e-06	5.065133e-02	1.494253e+01
2.650000e-06	5.539186e-02	1.487788e+01
2.660000e-06	6.104165e-02	1.478266e+01
2.670000e-06	6.243406e-02	1.467740e+01
2.680000e-06	6.334980e-02	1.461211e+01
2.690000e-06	6.521130e-02	1.446690e+01
2.700000e-06	6.841875e-02	1.438059e+01
2.710000e-06	6.792419e-02	1.428685e+01
2.720000e-06	6.556818e-02	1.410753e+01
2.730000e-06	6.539138e-02	1.402109e+01
2.740000e-06	6.432625e-02	1.387583e+01
2.750000e-06	6.138251e-02	1.370850e+01
2.760000e-06	5.656017e-02	1.357311e+01
2.770000e-06	5.369756e-02	1.342569e+01
2.780000e-06	5.161170e-02	1.328840e+01
2.790000e-06	4.771456e-02	1.312893e+01
2.800000e-06	4.499348e-02	1.296256e+01
2.810000e-06	4.105626e-02	1.276369e+01
2.820000e-06	3.836410e-02	1.263540e+01
2.830000e-06	3.523931e-02	1.247630e+01
2.840000e-06	3.228154e-02	1.229836e+01
2.850000e-06	2.929436e-02	1.211158e+01
2.860000e-06	2.750848e-02	1.191005e+01
2.870000e-06	2.450571e-02	1.167996e+01
2.880000e-06	2.256800e-02	1.153800e+01
2.890000e-06	2.122261e-02	1.134093e+01
2.900000e-06	1.968641e-02	1.106850e+01
2.910000e-06	1.802105e-02	1.088097e+01
2.920000e-06	1.657742e-02	1.069753e+01
2.930000e-06	1.484751e-02	1.045793e+01
2.940000e-06	1.357874e-02	1.021785e+01
2.950000e-06	1.267756e-02	1.001729e+01
2.960000e-06	9.918536e-03	9.795665e+00
2.970000e-06	9.647927e-03	9.504212e+00
2.980000e-06	8.899394e-03	9.342687e+00
2.990000e-06	8.809036e-03	9.109981e+00
3.000000e-06	6.515094e-03	8.817901e+00
3.010000e-06	6.238955e-03	8.598450e+00
3.020000e-06	6.965088e-03	8.377393e+00
3.030000e-06	5.686191e-03	8.173586e+00
3.040000e-06	4.487857e-03	7.869056e+00
3.050000e-06	3.300799e-03	7.625972e+00
3.060000e-06	4.022750e-03	7.374163e+00
3.070000e-06	3.016813e-03	7.071081e+00
3.080000e-06	2.151521e-03	6.810472e+00
3.090000e-06	9.165598e-04	6.573243e+00
3.100000e-06	2.535728e-03	6.311133e+00
3.110000e-06	2.166129e-03	6.062580e+00
3.120000e-06	1.652294e-03	5.767971e+00
3.130000e-06	-2.692622e-04	5.493112e+00
3.140000e-06	6.004894e-05	5.167972e+00
3.150000e-06	4.566503e-04	4.829078e+00
3.160000e-06	-8.676457e-04	4.577347e+00
3.170000e-06	-2.799825e-03	4.332316e+00
3.180000e-06	-1.862613e-03	4.040051e+00
3.190000e-06	-4.156750e-04	3.754318e+00
3.200000e-06	-1.829921e-03	3.463212e+00
3.210000e-06	-2.871588e-03	3.157976e+00
3.220000e-06	-2.942832e-03	2.924390e+00
3.230000e-06	-1.821144e-03	2.640735e+00
3.240000e-06	-3.293686e-03	2.334765e+00
3.250000e-06	-4.795656e-03	2.052683e+00
3.260000e-06	-4.485930e-03	1.756078e+00
3.270000e-06	-2.809185e-03	1.493761e+00
3.280000e-06	-3.749768e-03	1.177475e+00
3.290000e-06	-4.481625e-03	8.315815e-01
3.300000e-06	-4.870015e-03	5.884234e-01
3.310000e-06	-2.554011e-03	2.748094e-01
3.320000e-06	-1.895871e-03	-3.097131e-02
3.330000e-06	5.479197e-03	-2.836027e-01
3.340000e-06	-3.586104e-03	-5.777357e-01
3.350000e-06	2.050499e-03	-8.304737e-01
3.360000e-06	-6.647058e-03	-1.083181e+00
3.370000e-06	-3.197744e-03	-1.419263e+00
3.380000e-06	-5.165116e-03	-1.663076e+00
3.390000e-06	1.531432e-02	-1.883609e+00
3.400000e-06	7.878813e-02	-2.144607e+00
3.410000e-06	1.809389e-02	-2.470951e+00
3.420000e-06	-7.824172e-02	-2.879973e+00
3.430000e-06	-3.737418e-02	-3.217870e+00
3.440000e-06	-2.878853e-02	-3.460976e+00
3.450000e-06	-4.268871e-02	-3.721628e+00
3.460000e-06	-9.330602e-03	-3.987182e+00
3.470000e-06	1.145535e-01	-4.103135e+00
3.480000e-06	-1.508216e-01	-4.457293e+00
3.490000e-06	1.754107e-01	-4.692399e+00
3.500000e-06	-6.653466e-02	-4.933109e+00
3.510000e-06	-4.434261e-02	-5.291026e+00
3.520000e-06	4.869684e-02	-5.553633e+00
3.530000e-06	-1.428030e-01	-5.867870e+00
3.540000e-06	1.493708e-01	-6.101484e+00
3.550000e-06	-9.912561e-02	-6.385709e+00
3.560000e-06	4.367810e-02	-6.689402e+00
3.570000e-06	2.196466e-02	-6.911526e+00
3.580000e-06	-7.626668e-02	-7.267867e+00
3.590000e-06	5.840659e-02	-7.430952e+00
3.600000e-06	-1.086241e-01	-7.753538e+00
3.610000e-06	8.242948e-02	-8.007441e+00
3.620000e-06	-4.279364e-02	-8.248900e+00
3.630000e-06	-1.302284e-04	-8.553604e+00
3.640000e-06	3.191735e-02	-8.773612e+00
3.650000e-06	-8.130220e-02	-9.018721e+00
3.660000e-06	5.992022e-02	-9.258848e+00
3.670000e-06	-8.706312e-02	-9.518896e+00
3.680000e-06	5.845967e-02	-9.740933e+00
3.690000e-06	-5.362532e-02	-9.930526e+00
3.700000e-06	2.674490e-02	-1.021354e+01
3.710000e-06	-1.975042e-02	-1.039399e+01
3.720000e-06	-2.201571e-02	-1.064674e+01
3.730000e-06	7.022035e-03	-1.082361e+01
3.740000e-06	-4.495678e-02	-1.106462e+01
3.750000e-06	2.700875e-02	-1.126476e+01
3.760000e-06	-4.791216e-02	-1.146572e+01
3.770000e-06	2.689566e-02	-1.167817e+01
3.780000e-06	-4.241976e-02	-1.188617e+01
3.790000e-06	1.382157e-02	-1.210737e+01
3.800000e-06	-3.979051e-02	-1.225827e+01
3.810000e-06	1.671288e-03	-1.244775e+01
3.820000e-06	-2.079101e-02	-1.263417e+01
3.830000e-06	-9.180348e-03	-1.282211e+01
3.840000e-06	-1.208227e-02	-1.299095e+01
3.850000e-06	-2.037172e-02	-1.309143e+01
3.860000e-06	-3.351204e-03	-1.328724e+01
3.870000e-06	-2.904929e-02	-1.344566e+01
3.880000e-06	-3.712486e-03	-1.360196e+01
3.890000e-06	-3.069979e-02	-1.370838e+01
3.900000e-06	-3.701102e-04	-1.389472e+01
3.910000e-06	-2.711396e-02	-1.400256e+01
3.920000e-06	-9.024589e-03	-1.415098e+01
3.930000e-06	-2.505203e-02	-1.428422e+01
3.940000e-06	-1.232610e-02	-1.440151e+01
3.950000e-06	-2.234757e-02	-1.451637e+01
3.960000e-06	-1.895427e-02	-1.463319e+01
3.970000e-06	-1.824118e-02	-1.471893e+01
3.980000e-06	-1.866803e-02	-1.481401e+01
3.990000e-06	-1.642063e-02	-1.488782e+01
4.000000e-06	-2.405236e-02	-1.497153e+01
4.010000e-06	-2.059811e-02	-1.509570e+01
4.020000e-06	-2.328429e-02	-1.519840e+01
4.030000e-06	-2.029492e-02	-1.524161e+01
4.040000e-06	-2.524045e-02	-1.527329e+01
4.050000e-06	-1.988520e-02	-1.534785e+01
4.060000e-06	-2.398459e-02	-1.537208e+01
4.070000e-06	-2.054124e-02	-1.539362e+01
4.080000e-06	-2.951100e-02	-1.549827e+01
4.090000e-06	-2.693283e-02	-1.553633e+01
4.100000e-06	-2.821858e-02	-1.556948e+01
4.110000e-06	-2.525293e-02	-1.555061e+01
4.120000e-06	-2.821040e-02	-1.560158e+01
4.130000e-06	-2.911849e-02	-1.557169e+01
4.140000e-06	-2.703178e-02	-1.562207e+01
4.150000e-06	-3.161452e-02	-1.560256e+01
4.160000e-06	-3.276456e-02	-1.560421e+01
4.170000e-06	-3.649253e-02	-1.557269e+01
4.180000e-06	-3.376181e-02	-1.559104e+01
4.190000e-06	-3.645418e-02	-1.557951e+01
4.200000e-06	-3.833933e-02	-1.555050e+01
4.210000e-06	-4.038394e-02	-1.548845e+01
4.220000e-06	-4.052842e-02	-1.547777e+01
4.230000e-06	-4.078410e-02	-1.539422e+01
4.240000e-06	-4.480977e-02	-1.536208e+01
4.250000e-06	-4.740141e-02	-1.530843e+01
4.260000e-06	-4.819039e-02	-1.523574e+01
4.270000e-06	-4.986177e-02	-1.521369e+01
4.280000e-06	-5.486009e-02	-1.510843e+01
4.290000e-06	-5.787126e-02	-1.505622e+01
4.300000e-06	-5.946158e-02	-1.496256e+01
4.310000e-06	-6.146549e-02	-1.485888e+01
4.320000e-06	-6.615007e-02	-1.481369e+01
4.330000e-06	-6.941652e-02	-1.471751e+01
4.340000e-06	-7.127790e-02	-1.462511e+01
4.350000e-06	-7.152043e-02	-1.449833e+01
4.360000e-06	-7.457318e-02	-1.441259e+01
4.370000e-06	-7.469072e-02	-1.426722e+01
4.380000e-06	-7.402813e-02	-1.409953e+01
4.390000e-06	-7.026919e-02	-1.399412e+01
4.400000e-06	-6.953303e-02	-1.387685e+01
4.410000e-06	-6.871617e-02	-1.369041e+01
4.420000e-06	-6.431158e-02	-1.356116e+01
4.430000e-06	-6.052996e-02	-1.346679e+01
4.440000e-06	-5.783991e-02	-1.328645e+01
4.450000e-06	-5.597644e-02	-1.315106e+01
4.460000e-06	-5.081169e-02	-1.299419e+01
4.470000e-06	-4.710923e-02	-1.282482e+01
4.480000e-06	-4.472411e-02	-1.262725e+01
4.490000e-06	-4.363460e-02	-1.247852e+01
4.500000e-06	-4.042644e-02	-1.228953e+01
4.510000e-06	-3.657362e-02	-1.209153e+01
4.520000e-06	-3.512069e-02	-1.191799e+01
4.530000e-06	-3.270264e-02	-1.167991e+01
4.540000e-06	-3.114939e-02	-1.143808e+01
4.550000e-06	-2.750604e-02	-1.128740e+01
4.560000e-06	-2.682388e-02	-1.102642e+01
4.570000e-06	-2.545915e-02	-1.084890e+01
4.580000e-06	-2.513514e-02	-1.061790e+01
4.590000e-06	-2.276470e-02	-1.040792e+01
4.600000e-06	-2.032030e-02	-1.023622e+01
4.610000e-06	-2.066998e-02	-9.975344e+00
4.620000e-06	-1.945929e-02	-9.784268e+00
4.630000e-06	-1.785188e-02	-9.523668e+00
4.640000e-06	-1.544645e-02	-9.301086e+00
4.650000e-06	-1.638218e-02	-9.061007e+00
4.660000e-06	-1.721421e-02	-8.858923e+00
4.670000e-06	-1.577247e-02	-8.626877e+00
4.680000e-06	-1.198330e-02	-8.373799e+00
4.690000e-06	-1.403341e-02	-8.093217e+00
4.700000e-06	-1.395585e-02	-7.897058e+00
4.710000e-06	-1.311552e-02	-7.546343e+00
4.720000e-06	-1.006105e-02	-7.301764e+00
4.730000e-06	-1.216334e-02	-7.048529e+00
4.740000e-06	-1.147470e-02	-6.786445e+00
4.750000e-06	-1.143990e-02	-6.543740e+00
4.760000e-06	-8.552859e-03	-6.261680e+00
4.770000e-06	-1.093490e-02	-5.977375e+00
4.780000e-06	-9.974673e-03	-5.753817e+00
4.790000e-06	-1.057182e-02	-5.459031e+00
4.800000e-06	-6.977866e-03	-5.144371e+00
4.810000e-06	-8.741954e-03	-4.807082e+00
4.820000e-06	-6.831087e-03	-4.554764e+00
4.830000e-06	-8.322435e-03	-4.294793e+00
4.840000e-06	-5.830502e-03	-4.052108e+00
4.850000e-06	-8.501437e-03	-3.746267e+00
4.860000e-06	-7.839218e-03	-3.493187e+00
4.870000e-06	-8.299544e-03	-3.208530e+00
4.880000e-06	-4.346370e-03	-2.863738e+00
4.890000e-06	-5.238305e-03	-2.611059e+00
4.900000e-06	-4.138705e-03	-2.286346e+00
4.910000e-06	-5.352725e-03	-2.031181e+00
4.920000e-06	-5.243989e-03	-1.755972e+00
4.930000e-06	-4.960511e-03	-1.512765e+00
4.940000e-06	-7.365532e-03	-1.126421e+00
4.950000e-06	-5.027105e-03	-8.411866e-01
4.960000e-06	-5.266066e-03	-5.374723e-01
4.970000e-06	1.318492e-03	-2.933105e-01
4.980000e-06	6.337008e-04	-5.562684e-04
4.990000e-06	1.148596e-02	3.556806e-01
5.000000e-06	-3.558992e-03	5.672684e-01
5.010000e-06	5.187910e-03	8.198673e-01
5.020000e-06	-3.838443e-03	1.155590e+00
5.030000e-06	3.162253e-03	1.408915e+00
5.040000e-06	-2.250355e-03	1.728078e+00
5.050000e-06	1.657290e-02	1.966789e+00
5.060000e-06	4.739107e-02	2.167321e+00
5.070000e-06	7.275995e-02	2.545209e+00
5.080000e-06	-6.013900e-02	2.882558e+00
5.090000e-06	-4.667991e-02	3.176741e+00
5.100000e-06	-3.034187e-02	3.450424e+00
5.110000e-06	7.189687e-03	3.702610e+00
5.120000e-06	-5.292627e-02	3.902585e+00
5.130000e-06	7.756666e-04	4.113133e+00
5.140000e-06	9.380342e-02	4.436767e+00
5.150000e-06	-6.462632e-02	4.722504e+00
5.160000e-06	1.375900e-01	4.983612e+00
5.170000e-06	-7.711189e-02	5.343033e+00
5.180000e-06	-1.201549e-02	5.616241e+00
5.190000e-06	3.533116e-02	5.861929e+00
5.200000e-06	-3.107226e-02	6.152137e+00
5.210000e-06	4.839946e-02	6.397715e+00
5.220000e-06	-5.594634e-02	6.710377e+00
5.230000e-06	5.588233e-02	6.985687e+00
5.240000e-06	1.638963e-02	7.205242e+00
5.250000e-06	-1.795481e-02	7.510375e+00
5.260000e-06	-1.895856e-02	7.794642e+00
5.270000e-06	1.662261e-03	8.068868e+00
5.280000e-06	6.237879e-02	8.320954e+00
5.290000e-06	-2.775261e-02	8.583058e+00
5.300000e-06	-3.149308e-03	8.773184e+00
5.310000e-06	2.031192e-02	9.025662e+00
5.320000e-06	1.977751e-03	9.276742e+00
5.330000e-06	1.557735e-02	9.487824e+00
5.340000e-06	-2.421019e-02	9.709403e+00
5.350000e-06	2.601154e-02	9.970981e+00
5.360000e-06	1.440162e-02	1.015114e+01
5.370000e-06	2.187588e-02	1.040271e+01
5.380000e-06	-1.565039e-02	1.064506e+01
5.390000e-06	-1.053791e-03	1.083504e+01
5.400000e-06	2.566729e-02	1.102572e+01
5.410000e-06	3.041584e-03	1.124422e+01
5.420000e-06	6.827914e-03	1.145619e+01
5.430000e-06	-1.838863e-03	1.168627e+01
5.440000e-06	3.089802e-02	1.190527e+01
5.450000e-06	8.655453e-03	1.208670e+01
5.460000e-06	2.806369e-03	1.223672e+01
5.470000e-06	-2.751621e-03	1.242471e+01
5.480000e-06	1.801307e-02	1.263217e+01
5.490000e-06	1.757149e-02	1.279203e+01
5.500000e-06	1.999136e-03	1.296940e+01
5.510000e-06	7.583652e-03	1.310877e+01
5.520000e-06	1.619143e-02	1.326726e+01
5.530000e-06	2.075161e-02	1.342259e+01
5.540000e-06	2.558960e-03	1.357093e+01
5.550000e-06	4.713591e-03	1.371733e+01
5.560000e-06	1.528203e-02	1.384571e+01
5.570000e-06	1.963043e-02	1.401101e+01
5.580000e-06	8.627939e-03	1.412774e+01
5.590000e-06	5.745442e-03	1.430389e+01
5.600000e-06	1.759180e-02	1.441351e+01
5.610000e-06	1.886613e-02	1.454525e+01
5.620000e-06	1.172287e-02	1.459214e+01
5.630000e-06	7.279980e-03	1.473785e+01
5.640000e-06	1.703654e-02	1.481314e+01
5.650000e-06	2.197325e-02	1.486887e+01
5.660000e-06	1.442886e-02	1.495000e+01
5.670000e-06	1.038325e-02	1.505322e+01
5.680000e-06	1.487177e-02	1.511785e+01
5.690000e-06	2.255418e-02	1.522056e+01
5.700000e-06	1.598055e-02	1.526472e+01
5.710000e-06	1.299608e-02	1.533632e+01
5.720000e-06	1.735785e-02	1.538948e+01
5.730000e-06	2.475819e-02	1.547249e+01
5.740000e-06	2.098650e-02	1.551362e+01
5.750000e-06	1.440324e-02	1.549585e+01
5.760000e-06	1.974020e-02	1.552830e+01
5.770000e-06	2.490000e-02	1.554838e+01
5.780000e-06	2.449451e-02	1.556944e+01
5.790000e-06	1.817176e-02	1.557900e+01
5.800000e-06	2.248921e-02	1.560056e+01
5.810000e-06	2.815082e-02	1.559001e+01
5.820000e-06	2.836665e-02	1.559106e+01
5.830000e-06	2.430944e-02	1.555950e+01
5.840000e-06	2.578883e-02	1.557951e+01
5.850000e-06	3.475249e-02	1.552798e+01
5.860000e-06	3.377502e-02	1.553735e+01
5.870000e-06	3.107310e-02	1.550567e+01
5.880000e-06	3.097733e-02	1.546306e+01
5.890000e-06	3.864973e-02	1.543196e+01
5.900000e-06	4.023676e-02	1.533893e+01
5.910000e-06	3.871180e-02	1.528622e+01
5.920000e-06	4.087093e-02	1.522369e+01
5.930000e-06	4.653828e-02	1.516006e+01
5.940000e-06	5.041869e-02	1.507685e+01
5.950000e-06	4.800351e-02	1.502356e+01
5.960000e-06	5.079923e-02	1.492240e+01
5.970000e-06	5.686617e-02	1.484524e+01
5.980000e-06	6.171611e-02	1.477146e+01
5.990000e-06	6.213386e-02	1.466587e+01
6.000000e-06	6.318370e-02	1.459001e+01
6.010000e-06	6.771134e-02	1.442575e+01
6.020000e-06	6.947964e-02	1.434049e+01
6.030000e-06	6.760620e-02	1.422214e+01
6.040000e-06	6.276621e-02	1.408682e+01
6.050000e-06	6.538086e-02	1.394903e+01
6.060000e-06	6.319897e-02	1.378317e+01
6.070000e-06	6.162982e-02	1.366432e+01
6.080000e-06	5.416651e-02	1.350843e+01
6.090000e-06	5.298954e-02	1.336354e+01
6.100000e-06	5.064497e-02	1.321484e+01
6.110000e-06	4.730101e-02	1.308580e+01
6.120000e-06	4.144975e-02	1.291948e+01
6.130000e-06	3.912182e-02	1.272951e+01
6.140000e-06	3.898581e-02	1.254321e+01
6.150000e-06	3.506831e-02	1.242232e+01
6.160000e-06	3.024138e-02	1.220419e+01
6.170000e-06	2.692262e-02	1.203582e+01
6.180000e-06	2.695917e-02	1.182588e+01
6.190000e-06	2.486371e-02	1.163432e+01
6.200000e-06	2.071372e-02	1.141480e+01
6.210000e-06	1.934925e-02	1.121429e+01
6.220000e-06	1.988140e-02	1.098484e+01
6.230000e-06	1.875468e-02	1.080427e+01
6.240000e-06	1.397091e-02	1.061482e+01
6.250000e-06	1.259902e-02	1.036372e+01
6.260000e-06	1.352747e-02	1.013324e+01
6.270000e-06	1.378993e-02	9.969634e+00
6.280000e-06	9.881609e-03	9.649576e+00
6.290000e-06	8.636569e-03	9.459481e+00
6.300000e-06	9.412930e-03	9.218503e+00
6.310000e-06	9.765102e-03	9.026818e+00
6.320000e-06	5.942759e-03	8.753312e+00
6.330000e-06	4.350480e-03	8.552641e+00
6.340000e-06	6.157534e-03	8.259084e+00
6.350000e-06	7.235133e-03	8.027450e+00
6.360000e-06	4.091671e-03	7.774825e+00
6.370000e-06	2.326792e-03	7.521661e+00
6.380000e-06	2.891487e-03	7.219001e+00
6.390000e-06	3.990084e-03	6.977847e+00
6.400000e-06	1.796367e-03	6.752739e+00
6.410000e-06	4.586203e-04	6.441131e+00
6.420000e-06	7.822878e-04	6.187827e+00
6.430000e-06	3.316264e-03	5.964864e+00
6.440000e-06	8.898106e-04	5.681656e+00
6.450000e-06	-1.393693e-03	5.407373e+00
6.460000e-06	-3.163478e-04	5.049555e+00
6.470000e-06	4.178236e-04	4.746866e+00
6.480000e-06	-7.237685e-05	4.483135e+00
6.490000e-06	-2.756688e-03	4.176478e+00
6.500000e-06	-2.151415e-03	3.902713e+00
6.510000e-06	-9.853308e-04	3.622557e+00
6.520000e-06	-1.416885e-03	3.357948e+00
6.530000e-06	-4.128941e-03	3.081662e+00
6.540000e-06	-3.766937e-03	2.821055e+00
6.550000e-06	-1.926761e-03	2.505292e+00
6.560000e-06	-1.945626e-03	2.210480e+00
6.570000e-06	-5.067275e-03	1.957948e+00
6.580000e-06	-4.801815e-03	1.682659e+00
6.590000e-06	-3.791478e-03	1.347500e+00
6.600000e-06	-2.395388e-03	1.042235e+00
6.610000e-06	-4.658711e-03	7.068707e-01
6.620000e-06	-6.042504e-03	4.726853e-01
6.630000e-06	-2.122288e-03	1.784261e-01
6.640000e-06	3.701903e-05	-6.618564e-02
6.650000e-06	6.036261e-03	-3.988446e-01
6.660000e-06	-6.560752e-03	-6.605241e-01
6.670000e-06	-7.242815e-04	-9.362093e-01
6.680000e-06	-4.980282e-03	-1.196795e+00
6.690000e-06	-1.230251e-03	-1.482624e+00
6.700000e-06	-2.369147e-03	-1.726311e+00
6.710000e-06	2.761831e-02	-1.977846e+00
6.720000e-06	9.635005e-02	-2.249425e+00
6.730000e-06	-5.148219e-02	-2.589316e+00
6.740000e-06	-5.299917e-02	-3.007816e+00
6.750000e-06	-4.760872e-02	-3.333486e+00
6.760000e-06	-1.181612e-02	-3.564262e+00
6.770000e-06	-7.034082e-02	-3.826742e+00
6.780000e-06	8.768106e-02	-4.047874e+00
6.790000e-06	-2.605358e-03	-4.189370e+00
6.800000e-06	-6.696392e-02	-4.534007e+00
6.810000e-06	1.727601e-01	-4.786286e+00
6.820000e-06	-1.667593e-01	-5.071898e+00
6.830000e-06	7.448904e-02	-5.424740e+00
6.840000e-06	-7.946811e-02	-5.678850e+00
6.850000e-06	-2.222661e-02	-5.984716e+00
6.860000e-06	9.736524e-02	-6.175292e+00
6.870000e-06	-1.197263e-01	-6.480497e+00
6.880000e-06	1.141256e-01	-6.745087e+00
6.890000e-06	-7.198639e-02	-7.036688e+00
6.900000e-06	6.898064e-03	-7.352684e+00
6.910000e-06	-1.135862e-02	-7.555709e+00
6.920000e-06	-6.545468e-02	-7.889947e+00
6.930000e-06	9.179692e-02	-8.133055e+00
6.940000e-06	-9.269501e-02	-8.365711e+00
6.950000e-06	7.163759e-02	-8.646745e+00
6.960000e-06	-5.665249e-02	-8.908847e+00
6.970000e-06	-3.425891e-03	-9.122577e+00
6.980000e-06	6.535254e-03	-9.319431e+00
6.990000e-06	-5.337296e-02	-9.591587e+00
7.000000e-06	4.810067e-02	-9.795667e+00
7.010000e-06	-6.386122e-02	-1.001527e+01
7.020000e-06	5.809420e-02	-1.021680e+01
7.030000e-06	-6.852395e-02	-1.050780e+01
7.040000e-06	2.475288e-02	-1.072050e+01
7.050000e-06	-4.205398e-02	-1.086887e+01
7.060000e-06	5.072610e-03	-1.110937e+01
7.070000e-06	-1.348987e-02	-1.129090e+01
7.080000e-06	-1.950340e-02	-1.155048e+01
7.090000e-06	8.014297e-03	-1.175045e+01
7.100000e-06	-2.900154e-02	-1.198098e+01
7.110000e-06	7.428326e-03	-1.215149e+01
7.120000e-06	-4.587776e-02	-1.235995e+01
7.130000e-06	1.251266e-02	-1.250180e+01
7.140000e-06	-3.429942e-02	-1.268827e+01
7.150000e-06	7.904514e-03	-1.288677e+01
7.160000e-06	-3.367419e-02	-1.305416e+01
7.170000e-06	1.229822e-03	-1.319151e+01
7.180000e-06	-2.117338e-02	-1.334893e+01
7.190000e-06	-1.233520e-02	-1.354832e+01
7.200000e-06	-2.012666e-02	-1.363321e+01
7.210000e-06	-1.985467e-02	-1.381003e+01
7.220000e-06	-7.508629e-03	-1.390734e+01
7.230000e-06	-2.283478e-02	-1.405569e+01
7.240000e-06	-1.143547e-02	-1.423099e+01
7.250000e-06	-2.547965e-02	-1.428725e+01
7.260000e-06	-8.756414e-03	-1.445567e+01
7.270000e-06	-2.565507e-02	-1.455048e+01
7.280000e-06	-1.673305e-02	-1.465562e+01
7.290000e-06	-2.450417e-02	-1.474948e+01
7.300000e-06	-1.309965e-02	-1.487520e+01
7.310000e-06	-2.038046e-02	-1.491943e+01
7.320000e-06	-2.217558e-02	-1.500311e+01
7.330000e-06	-2.475116e-02	-1.511675e+01
7.340000e-06	-1.921428e-02	-1.515011e+01
7.350000e-06	-2.136580e-02	-1.521466e+01
7.360000e-06	-2.399406e-02	-1.527672e+01
7.370000e-06	-2.438556e-02	-1.534698e+01
7.380000e-06	-2.204238e-02	-1.541149e+01
7.390000e-06	-2.097115e-02	-1.541415e+01
7.400000e-06	-2.898092e-02	-1.548780e+01
7.410000e-06	-2.638174e-02	-1.550835e+01
7.420000e-06	-2.771008e-02	-1.552903e+01
7.430000e-06	-2.284345e-02	-1.560048e+01
7.440000e-06	-2.966781e-02	-1.560164e+01
7.450000e-06	-2.979958e-02	-1.559356e+01
7.460000e-06	-3.104172e-02	-1.559469e+01
7.470000e-06	-3.014011e-02	-1.559264e+01
7.480000e-06	-3.305211e-02	-1.559119e+01
7.490000e-06	-3.591413e-02	-1.560156e+01
7.500000e-06	-3.475296e-02	-1.557946e+01
7.510000e-06	-3.626842e-02	-1.555856e+01
7.520000e-06	-3.659152e-02	-1.554898e+01
7.530000e-06	-4.357499e-02	-1.550782e+01
7.540000e-06	-4.281777e-02	-1.546577e+01
7.550000e-06	-4.115415e-02	-1.542414e+01
7.560000e-06	-4.518583e-02	-1.536949e+01
7.570000e-06	-4.865267e-02	-1.528737e+01
7.580000e-06	-5.100524e-02	-1.525474e+01
7.590000e-06	-4.698715e-02	-1.517953e+01
7.600000e-06	-5.382467e-02	-1.507748e+01
7.610000e-06	-5.801217e-02	-1.504464e+01
7.620000e-06	-6.377613e-02	-1.492951e+01
7.630000e-06	-6.368422e-02	-1.485790e+01
7.640000e-06	-6.696772e-02	-1.477011e+01
7.650000e-06	-7.085490e-02	-1.469692e+01
7.660000e-06	-7.324310e-02	-1.458451e+01
7.670000e-06	-7.095943e-02	-1.448637e+01
7.680000e-06	-7.029028e-02	-1.430953e+01
7.690000e-06	-7.473326e-02	-1.423407e+01
7.700000e-06	-7.389471e-02	-1.409740e+01
7.710000e-06	-7.295675e-02	-1.394156e+01
7.720000e-06	-6.784853e-02	-1.385280e+01
7.730000e-06	-6.833445e-02	-1.364733e+01
7.740000e-06	-6.401704e-02	-1.353010e+01
7.750000e-06	-6.041284e-02	-1.339209e+01
7.760000e-06	-5.354546e-02	-1.323637e+01
7.770000e-06	-5.364544e-02	-1.309695e+01
7.780000e-06	-5.021221e-02	-1.291900e+01
7.790000e-06	-4.672481e-02	-1.275256e+01
7.800000e-06	-4.254640e-02	-1.258367e+01
7.810000e-06	-4.209636e-02	-1.240427e+01
7.820000e-06	-4.157243e-02	-1.225640e+01
7.830000e-06	-3.632338e-02	-1.203640e+01
7.840000e-06	-3.324834e-02	-1.183472e+01
7.850000e-06	-3.088399e-02	-1.164779e+01
7.860000e-06	-3.151700e-02	-1.141477e+01
7.870000e-06	-2.750498e-02	-1.115416e+01
7.880000e-06	-2.549109e-02	-1.096426e+01
7.890000e-06	-2.430654e-02	-1.075431e+01
7.900000e-06	-2.587544e-02	-1.057427e+01
7.910000e-06	-2.373571e-02	-1.034274e+01
7.920000e-06	-2.046051e-02	-1.010264e+01
7.930000e-06	-1.928284e-02	-9.890032e+00
7.940000e-06	-1.987560e-02	-9.681033e+00
7.950000e-06	-1.824965e-02	-9.458429e+00
7.960000e-06	-1.585025e-02	-9.216448e+00
7.970000e-06	-1.507619e-02	-9.036326e+00
7.980000e-06	-1.658386e-02	-8.772768e+00
7.990000e-06	-1.610957e-02	-8.522614e+00
8.000000e-06	-1.279880e-02	-8.259035e+00
8.010000e-06	-1.282364e-02	-7.987526e+00
8.020000e-06	-1.454378e-02	-7.744768e+00
8.030000e-06	-1.345203e-02	-7.482533e+00
8.040000e-06	-1.128256e-02	-7.219453e+00
8.050000e-06	-1.037655e-02	-6.985246e+00
8.060000e-06	-1.232112e-02	-6.672162e+00
8.070000e-06	-1.053902e-02	-6.492055e+00
8.080000e-06	-9.398276e-03	-6.155870e+00
8.090000e-06	-7.693920e-03	-5.883263e+00
8.100000e-06	-8.939618e-03	-5.631054e+00
8.110000e-06	-1.019944e-02	-5.295868e+00
8.120000e-06	-8.348678e-03	-5.019582e+00
8.130000e-06	-7.046830e-03	-4.751235e+00
8.140000e-06	-7.088553e-03	-4.431058e+00
8.150000e-06	-8.677317e-03	-4.209501e+00
8.160000e-06	-5.670932e-03	-3.963322e+00
8.170000e-06	-7.503889e-03	-3.611529e+00
8.180000e-06	-5.509340e-03	-3.357452e+00
8.190000e-06	-8.944127e-03	-3.063268e+00
8.200000e-06	-4.982053e-03	-2.778530e+00
8.210000e-06	-4.955883e-03	-2.485344e+00
8.220000e-06	-4.343021e-03	-2.179159e+00
8.230000e-06	-6.142646e-03	-1.935395e+00
8.240000e-06	-5.606229e-03	-1.683137e+00
8.250000e-06	-4.887968e-03	-1.338877e+00
8.260000e-06	-3.193191e-03	-9.916565e-01
8.270000e-06	-5.333988e-03	-7.168724e-01
8.280000e-06	-2.614139e-03	-4.625851e-01
8.290000e-06	-2.022088e-03	-1.605561e-01
8.300000e-06	7.296963e-03	1.126330e-01
8.310000e-06	3.394582e-03	4.214198e-01
8.320000e-06	-1.247792e-03	6.510552e-01
8.330000e-06	1.421298e-03	9.237355e-01
8.340000e-06	8.081288e-04	1.240499e+00
8.350000e-06	3.610446e-03	1.543624e+00
8.360000e-06	1.635562e-03	1.851522e+00
8.370000e-06	2.232827e-02	2.048474e+00
8.380000e-06	7.176435e-02	2.303127e+00
8.390000e-06	2.317780e-02	2.661421e+00
8.400000e-06	-6.731716e-02	3.028289e+00
8.410000e-06	-4.476169e-02	3.260026e+00
8.420000e-06	-1.079597e-02	3.575734e+00
8.430000e-06	-8.519357e-03	3.787267e+00
8.440000e-06	-5.527665e-02	3.975692e+00
8.450000e-06	6.163864e-02	4.248270e+00
8.460000e-06	2.369303e-02	4.543687e+00
8.470000e-06	-2.560640e-03	4.795318e+00
8.480000e-06	1.026407e-01	5.131976e+00
8.490000e-06	-1.141660e-01	5.438897e+00
8.500000e-06	4.889687e-02	5.711029e+00
8.510000e-06	-1.146962e-02	5.976291e+00
8.520000e-06	8.711923e-03	6.257822e+00
8.530000e-06	1.120313e-02	6.531978e+00
8.540000e-06	-3.871717e-02	6.846767e+00
8.550000e-06	8.029102e-02	7.057847e+00
8.560000e-06	-2.141395e-02	7.360983e+00
8.570000e-06	-1.795598e-03	7.647264e+00
8.580000e-06	-3.483727e-02	7.929347e+00
8.590000e-06	4.484110e-02	8.174630e+00
8.600000e-06	3.230679e-02	8.434237e+00
8.610000e-06	-4.116501e-02	8.616748e+00
8.620000e-06	2.563995e-02	8.846770e+00
8.630000e-06	-1.050171e-04	9.130476e+00
8.640000e-06	2.490198e-02	9.332578e+00
8.650000e-06	-1.293664e-02	9.581984e+00
8.660000e-06	1.351078e-04	9.804663e+00
8.670000e-06	1.836135e-02	1.002617e+01
8.680000e-06	2.063769e-02	1.027882e+01
8.690000e-06	1.157869e-02	1.050832e+01
8.700000e-06	-2.285889e-02	1.071695e+01
8.710000e-06	1.982022e-02	1.092892e+01
8.720000e-06	1.077003e-02	1.107840e+01
8.730000e-06	1.211452e-02	1.132883e+01
8.740000e-06	-7.991341e-03	1.155000e+01
8.750000e-06	1.812720e-02	1.176993e+01
8.760000e-06	2.042435e-02	1.193051e+01
8.770000e-06	1.077115e-02	1.213943e+01
8.780000e-06	-4.420626e-03	1.230882e+01
8.790000e-06	3.445178e-03	1.253830e+01
8.800000e-06	2.108009e-02	1.267534e+01
8.810000e-06	9.694928e-03	1.283419e+01
8.820000e-06	5.372430e-03	1.300261e+01
8.830000e-06	5.761974e-03	1.316098e+01
8.840000e-06	2.619378e-02	1.334942e+01
8.850000e-06	1.088799e-02	1.347672e+01
8.860000e-06	5.520360e-03	1.361306e+01
8.870000e-06	3.505709e-03	1.377293e+01
8.880000e-06	2.044294e-02	1.388630e+01
8.890000e-06	1.518326e-02	1.405371e+01
8.900000e-06	6.519845e-03	1.421150e+01
8.910000e-06	9.767028e-03	1.435990e+01
8.920000e-06	1.899981e-02	1.445671e+01
8.930000e-06	2.042029e-02	1.457985e+01
8.940000e-06	7.034701e-03	1.464624e+01
8.950000e-06	1.166348e-02	1.478095e+01
8.960000e-06	1.644532e-02	1.482425e+01
8.970000e-06	2.207573e-02	1.489990e+01
8.980000e-06	1.045755e-02	1.496159e+01
8.990000e-06	1.257343e-02	1.507677e+01
9.000000e-06	1.819623e-02	1.514895e+01
9.010000e-06	2.118488e-02	1.522261e+01
9.020000e-06	1.533676e-02	1.525374e+01
9.030000e-06	1.282205e-02	1.529890e+01
9.040000e-06	2.168223e-02	1.538201e+01
9.050000e-06	2.215326e-02	1.545306e+01
9.060000e-06	1.967031e-02	1.550465e+01
9.070000e-06	1.420779e-02	1.548828e+01
9.080000e-06	2.325676e-02	1.555788e+01
9.090000e-06	2.465183e-02	1.552853e+01
9.100000e-06	2.279803e-02	1.562898e+01
9.110000e-06	1.927241e-02	1.557046e+01
9.120000e-06	2.419087e-02	1.567153e+01
9.130000e-06	2.923622e-02	1.557169e+01
9.140000e-06	2.605671e-02	1.556046e+01
9.150000e-06	2.550546e-02	1.559993e+01
9.160000e-06	2.752245e-02	1.552900e+01
9.170000e-06	3.592924e-02	1.551695e+01
9.180000e-06	3.362324e-02	1.548785e+01
9.190000e-06	3.133611e-02	1.548520e+01
9.200000e-06	3.272858e-02	1.543316e+01
9.210000e-06	4.006542e-02	1.538196e+01
9.220000e-06	4.183706e-02	1.532890e+01
9.230000e-06	3.762544e-02	1.527525e+01
9.240000e-06	4.165409e-02	1.522209e+01
9.250000e-06	4.719897e-02	1.514851e+01
9.260000e-06	5.172368e-02	1.506734e+01
9.270000e-06	4.960199e-02	1.501206e+01
9.280000e-06	5.246167e-02	1.487590e+01
9.290000e-06	5.994485e-02	1.484269e+01
9.300000e-06	6.391629e-02	1.470952e+01
9.310000e-06	6.335682e-02	1.458422e+01
9.320000e-06	6.341181e-02	1.451891e+01
9.330000e-06	6.892870e-02	1.444715e+01
9.340000e-06	6.868606e-02	1.430740e+01
9.350000e-06	6.640984e-02	1.416964e+01
9.360000e-06	6.250248e-02	1.404480e+01
9.370000e-06	6.526896e-02	1.389595e+01
9.380000e-06	6.229758e-02	1.374201e+01
9.390000e-06	5.842502e-02	1.358372e+01
9.400000e-06	5.263739e-02	1.348642e+01
9.410000e-06	5.240026e-02	1.329998e+01
9.420000e-06	5.038615e-02	1.317907e+01
9.430000e-06	4.464423e-02	1.301367e+01
9.440000e-06	4.059572e-02	1.285485e+01
9.450000e-06	3.799076e-02	1.267693e+01
9.460000e-06	3.778641e-02	1.251855e+01
9.470000e-06	3.300338e-02	1.231001e+01
9.480000e-06	2.985850e-02	1.213064e+01
9.490000e-06	2.627076e-02	1.194162e+01
9.500000e-06	2.668890e-02	1.174061e+01
9.510000e-06	2.434890e-02	1.160106e+01
9.520000e-06	2.105691e-02	1.136156e+01
9.530000e-06	1.823058e-02	1.110061e+01
9.540000e-06	1.922634e-02	1.094158e+01
9.550000e-06	1.728071e-02	1.074109e+01
9.560000e-06	1.477775e-02	1.055107e+01
9.570000e-06	1.231861e-02	1.026901e+01
9.580000e-06	1.360157e-02	1.008795e+01
9.590000e-06	1.193286e-02	9.787423e+00
9.600000e-06	1.041090e-02	9.607347e+00
9.610000e-06	7.572095e-03	9.354817e+00
9.620000e-06	9.724881e-03	9.132164e+00
9.630000e-06	7.141831e-03	8.912084e+00
9.640000e-06	6.973504e-03	8.670027e+00
9.650000e-06	4.943769e-03	8.439034e+00
9.660000e-06	6.102104e-03	8.176298e+00
9.670000e-06	5.535505e-03	7.974288e+00
9.680000e-06	3.825947e-03	7.710657e+00
9.690000e-06	1.376455e-03	7.416822e+00
9.700000e-06	2.518289e-03	7.154288e+00
9.710000e-06	3.274025e-03	6.911112e+00
9.720000e-06	2.313676e-03	6.576507e+00
9.730000e-06	6.180315e-04	6.324819e+00
9.740000e-06	8.292453e-04	6.114159e+00
9.750000e-06	7.883121e-04	5.811576e+00
9.760000e-06	4.525782e-04	5.588392e+00
9.770000e-06	-2.255780e-03	5.310154e+00
9.780000e-06	-9.910063e-04	4.895844e+00
9.790000e-06	5.153620e-04	4.650080e+00
9.800000e-06	2.856931e-06	4.358401e+00
9.810000e-06	-2.476045e-03	4.103237e+00
9.820000e-06	-2.131328e-03	3.779005e+00
9.830000e-06	-1.489845e-03	3.568845e+00
9.840000e-06	-1.665410e-03	3.210209e+00
9.850000e-06	-4.656802e-03	2.955922e+00
9.860000e-06	-3.804424e-03	2.734843e+00
9.870000e-06	-2.333791e-03	2.429527e+00
9.880000e-06	-2.516437e-03	2.094865e+00
9.890000e-06	-4.283217e-03	1.902213e+00
9.900000e-06	-5.036295e-03	1.528355e+00
9.910000e-06	-4.021337e-03	1.263184e+00
9.920000e-06	-3.300398e-03	9.053196e-01
9.930000e-06	-4.910121e-03	6.116789e-01
9.940000e-06	-5.144308e-03	3.904486e-01
9.950000e-06	-2.354403e-03	3.314166e-02
9.960000e-06	4.829425e-03	-2.504486e-01
9.970000e-06	3.312460e-04	-5.120503e-01
9.980000e-06	-3.613132e-03	-7.772434e-01
9.990000e-06	-5.041501e-03	-1.039970e+00
1.000000e-05	-1.856331e-03	-1.305581e+00
1.001000e-05	-3.723748e-03	-1.618922e+00
1.002000e-05	5.508972e-03	-1.840446e+00
1.003000e-05	5.384581e-02	-2.052026e+00
1.004000e-05	6.808040e-02	-2.365814e+00
1.005000e-05	-8.355667e-02	-2.775208e+00
1.006000e-05	-3.818512e-02	-3.123604e+00
1.007000e-05	-4.396623e-02	-3.428442e+00
1.008000e-05	-1.882113e-02	-3.640375e+00
1.009000e-05	-5.749481e-02	-3.912050e+00
1.010000e-05	1.384365e-01	-4.091507e+00
1.011000e-05	-1.248638e-01	-4.343007e+00
1.012000e-05	8.722353e-02	-4.629342e+00
1.013000e-05	4.706527e-02	-4.868878e+00
1.014000e-05	-1.329219e-01	-5.227267e+00
1.015000e-05	1.002427e-01	-5.521500e+00
1.016000e-05	-1.585794e-01	-5.796736e+00
1.017000e-05	1.111564e-01	-6.089902e+00
1.018000e-05	-2.682539e-02	-6.259876e+00
1.019000e-05	-3.755067e-02	-6.627243e+00
1.020000e-05	8.791821e-02	-6.887853e+00
1.021000e-05	-1.041503e-01	-7.142626e+00
1.022000e-05	6.367564e-02	-7.437319e+00
1.023000e-05	-8.906239e-02	-7.717922e+00
1.024000e-05	2.965787e-02	-7.963636e+00
1.025000e-05	2.269935e-02	-8.185218e+00
1.026000e-05	-5.955118e-02	-8.498350e+00
1.027000e-05	7.485790e-02	-8.729922e+00
1.028000e-05	-1.003572e-01	-8.962635e+00
1.029000e-05	5.900611e-02	-9.213692e+00
1.030000e-05	-6.565051e-02	-9.415090e+00
1.031000e-05	2.142018e-02	-9.707300e+00
1.032000e-05	-1.183493e-02	-9.877374e+00
1.033000e-05	-1.606668e-02	-1.011943e+01
1.034000e-05	2.447775e-02	-1.033143e+01
1.035000e-05	-5.982156e-02	-1.056203e+01
1.036000e-05	3.093711e-02	-1.075158e+01
1.037000e-05	-6.047645e-02	-1.094254e+01
1.038000e-05	3.419078e-02	-1.121416e+01
1.039000e-05	-4.673557e-02	-1.141306e+01
1.040000e-05	1.656933e-02	-1.162362e+01
1.041000e-05	-2.629793e-02	-1.182459e+01
1.042000e-05	1.112799e-03	-1.204324e+01
1.043000e-05	-2.396686e-02	-1.219359e+01
1.044000e-05	-2.215334e-02	-1.241306e+01
1.045000e-05	-2.801234e-03	-1.257198e+01
1.046000e-05	-2.339997e-02	-1.271895e+01
1.047000e-05	1.083788e-03	-1.290797e+01
1.048000e-05	-3.135801e-02	-1.310684e+01
1.049000e-05	6.438554e-03	-1.325564e+01
1.050000e-05	-3.112152e-02	-1.340106e+01
1.051000e-05	-3.437960e-03	-1.352948e+01
1.052000e-05	-3.262892e-02	-1.367527e+01
1.053000e-05	-4.903392e-03	-1.385472e+01
1.054000e-05	-2.008135e-02	-1.395093e+01
1.055000e-05	-1.278289e-02	-1.409880e+01
1.056000e-05	-1.989983e-02	-1.426262e+01
1.057000e-05	-1.765910e-02	-1.437788e+01
1.058000e-05	-1.514577e-02	-1.448674e+01
1.059000e-05	-2.444860e-02	-1.461194e+01
1.060000e-05	-1.630545e-02	-1.468832e+01
1.061000e-05	-2.315422e-02	-1.478060e+01
1.062000e-05	-1.239113e-02	-1.488637e+01
1.063000e-05	-2.416295e-02	-1.495001e+01
1.064000e-05	-2.059109e-02	-1.507422e+01
1.065000e-05	-2.558681e-02	-1.513648e+01
1.066000e-05	-1.748467e-02	-1.518151e+01
1.067000e-05	-2.511676e-02	-1.527574e+01
1.068000e-05	-2.227007e-02	-1.530790e+01
1.069000e-05	-2.535934e-02	-1.538043e+01
1.070000e-05	-2.027292e-02	-1.542261e+01
1.071000e-05	-2.655164e-02	-1.546632e+01
1.072000e-05	-2.708736e-02	-1.551840e+01
1.073000e-05	-2.645477e-02	-1.554888e+01
1.074000e-05	-2.710970e-02	-1.555945e+01
1.075000e-05	-2.427250e-02	-1.559206e+01
1.076000e-05	-3.099574e-02	-1.559211e+01
1.077000e-05	-2.826379e-02	-1.559264e+01
1.078000e-05	-3.199140e-02	-1.561309e+01
1.079000e-05	-3.071961e-02	-1.562409e+01
1.080000e-05	-3.533525e-02	-1.557204e+01
1.081000e-05	-3.509725e-02	-1.558161e+01
1.082000e-05	-3.502654e-02	-1.557201e+01
1.083000e-05	-3.725669e-02	-1.553796e+01
1.084000e-05	-3.906375e-02	-1.551697e+01
1.085000e-05	-4.298180e-02	-1.548632e+01
1.086000e-05	-4.124372e-02	-1.543462e+01
1.087000e-05	-4.316011e-02	-1.541316e+01
1.088000e-05	-4.545336e-02	-1.534040e+01
1.089000e-05	-4.895059e-02	-1.528632e+01
1.090000e-05	-5.002643e-02	-1.520267e+01
1.091000e-05	-5.135306e-02	-1.517848e+01
1.092000e-05	-5.535421e-02	-1.508477e+01
1.093000e-05	-5.974592e-02	-1.499359e+01
1.094000e-05	-6.199902e-02	-1.491993e+01
1.095000e-05	-6.468635e-02	-1.479577e+01
1.096000e-05	-6.807079e-02	-1.476996e+01
1.097000e-05	-7.145334e-02	-1.465519e+01
1.098000e-05	-7.268468e-02	-1.453903e+01
1.099000e-05	-7.325681e-02	-1.441362e+01
1.100000e-05	-7.393555e-02	-1.429780e+01
1.101000e-05	-7.393927e-02	-1.419101e+01
1.102000e-05	-7.273317e-02	-1.404572e+01
1.103000e-05	-7.010294e-02	-1.390585e+01
1.104000e-05	-6.791120e-02	-1.377354e+01
1.105000e-05	-6.558175e-02	-1.362372e+01
1.106000e-05	-6.280993e-02	-1.348487e+01
1.107000e-05	-5.891047e-02	-1.333001e+01
1.108000e-05	-5.506660e-02	-1.315161e+01
1.109000e-05	-5.215603e-02	-1.304475e+01
1.110000e-05	-4.928457e-02	-1.284787e+01
1.111000e-05	-4.605779e-02	-1.268797e+01
1.112000e-05	-4.330625e-02	-1.248906e+01
1.113000e-05	-4.108331e-02	-1.235156e+01
1.114000e-05	-3.875839e-02	-1.219272e+01
1.115000e-05	-3.642383e-02	-1.198462e+01
1.116000e-05	-3.277326e-02	-1.177161e+01
1.117000e-05	-3.189528e-02	-1.152961e+01
1.118000e-05	-2.958303e-02	-1.129898e+01
1.119000e-05	-2.772457e-02	-1.109898e+01
1.120000e-05	-2.513466e-02	-1.087103e+01
1.121000e-05	-2.515364e-02	-1.070056e+01
1.122000e-05	-2.292271e-02	-1.049016e+01
1.123000e-05	-2.303181e-02	-1.029737e+01
1.124000e-05	-2.002903e-02	-1.003587e+01
1.125000e-05	-1.951552e-02	-9.776398e+00
1.126000e-05	-1.845907e-02	-9.564817e+00
1.127000e-05	-1.847588e-02	-9.334164e+00
1.128000e-05	-1.640673e-02	-9.113742e+00
1.129000e-05	-1.595406e-02	-8.943663e+00
1.130000e-05	-1.568613e-02	-8.667432e+00
1.131000e-05	-1.482336e-02	-8.407372e+00
1.132000e-05	-1.290988e-02	-8.185374e+00
1.133000e-05	-1.248107e-02	-7.932665e+00
1.134000e-05	-1.361536e-02	-7.668530e+00
1.135000e-05	-1.137559e-02	-7.396299e+00
1.136000e-05	-1.151568e-02	-7.133643e+00
1.137000e-05	-1.059140e-02	-6.830134e+00
1.138000e-05	-1.134043e-02	-6.585374e+00
1.139000e-05	-9.109762e-03	-6.355919e+00
1.140000e-05	-1.023690e-02	-6.071131e+00
1.141000e-05	-8.345166e-03	-5.796977e+00
1.142000e-05	-9.341818e-03	-5.505314e+00
1.143000e-05	-7.792889e-03	-5.240053e+00
1.144000e-05	-1.013179e-02	-4.912764e+00
1.145000e-05	-5.909516e-03	-4.607925e+00
1.146000e-05	-7.162625e-03	-4.376846e+00
1.147000e-05	-6.655220e-03	-4.102293e+00
1.148000e-05	-8.292988e-03	-3.818532e+00
1.149000e-05	-7.897322e-03	-3.545247e+00
1.150000e-05	-7.279552e-03	-3.281710e+00
1.151000e-05	-5.878951e-03	-2.976497e+00
1.152000e-05	-5.990576e-03	-2.683260e+00
1.153000e-05	-4.951607e-03	-2.392553e+00
1.154000e-05	-3.837204e-03	-2.093789e+00
1.155000e-05	-5.181498e-03	-1.842183e+00
1.156000e-05	-5.290737e-03	-1.548000e+00
1.157000e-05	-6.141261e-03	-1.231583e+00
1.158000e-05	-3.136162e-03	-8.968722e-01
1.159000e-05	-4.614827e-03	-6.321353e-01
1.160000e-05	-2.643850e-03	-3.469211e-01
1.161000e-05	-1.043149e-03	-9.330935e-02
1.162000e-05	1.046237e-02	2.424475e-01
1.163000e-05	-1.042856e-03	5.051581e-01
1.164000e-05	3.296228e-03	7.257922e-01
1.165000e-05	-2.072243e-03	1.050974e+00
1.166000e-05	3.849894e-03	1.313211e+00
1.167000e-05	1.468623e-03	1.669851e+00
1.168000e-05	8.829783e-03	1.882561e+00
1.169000e-05	3.066650e-02	2.125139e+00
1.170000e-05	8.400476e-02	2.469928e+00
1.171000e-05	-3.458819e-02	2.829767e+00
1.172000e-05	-5.291695e-02	3.122150e+00
1.173000e-05	-4.071100e-02	3.325239e+00
1.174000e-05	8.420348e-03	3.670926e+00
1.175000e-05	-3.606554e-02	3.860975e+00
1.176000e-05	-3.178929e-02	4.031395e+00
1.177000e-05	9.936935e-02	4.315102e+00
1.178000e-05	-5.298465e-02	4.620450e+00
1.179000e-05	9.718215e-02	4.881405e+00
1.180000e-05	-7.477328e-03	5.289818e+00
1.181000e-05	-6.818077e-02	5.532659e+00
1.182000e-05	5.694267e-02	5.796668e+00
1.183000e-05	-3.511962e-02	6.111505e+00
1.184000e-05	4.548687e-02	6.332129e+00
1.185000e-05	-3.511083e-02	6.614266e+00
1.186000e-05	1.519906e-02	6.880950e+00
1.187000e-05	5.252274e-02	7.173563e+00
1.188000e-05	-2.948110e-02	7.437793e+00
1.189000e-05	-7.824793e-03	7.729879e+00
1.190000e-05	-2.435574e-02	7.985660e+00
1.191000e-05	6.893115e-02	8.267266e+00
1.192000e-05	-2.300270e-03	8.500428e+00
1.193000e-05	-2.394407e-02	8.710451e+00
1.194000e-05	3.090004e-02	8.923912e+00
1.195000e-05	-9.069497e-03	9.223660e+00
1.196000e-05	2.931813e-02	9.375664e+00
1.197000e-05	-3.122724e-02	9.646822e+00
1.198000e-05	2.144109e-02	9.859350e+00
1.199000e-05	1.238785e-02	1.012195e+01
1.200000e-05	2.656400e-02	1.035046e+01
1.201000e-05	-3.537624e-03	1.058098e+01
1.202000e-05	-1.569512e-02	1.076511e+01
1.203000e-05	2.832142e-02	1.098261e+01
1.204000e-05	1.753161e-03	1.121301e+01
1.205000e-05	1.545288e-02	1.139206e+01
1.206000e-05	-1.225891e-02	1.161214e+01
1.207000e-05	3.099851e-02	1.185417e+01
1.208000e-05	1.051741e-02	1.203361e+01
1.209000e-05	1.026394e-02	1.223316e+01
1.210000e-05	-7.649657e-03	1.238246e+01
1.211000e-05	1.143907e-02	1.257103e+01
1.212000e-05	2.212309e-02	1.272035e+01
1.213000e-05	4.894107e-03	1.291675e+01
1.214000e-05	8.370370e-03	1.307617e+01
1.215000e-05	8.573523e-03	1.324419e+01
1.216000e-05	2.712250e-02	1.334953e+01
1.217000e-05	4.509538e-03	1.348840e+01
1.218000e-05	5.587382e-03	1.365537e+01
1.219000e-05	6.915355e-03	1.383222e+01
1.220000e-05	2.192736e-02	1.399093e+01
1.221000e-05	1.320031e-02	1.411670e+01
1.222000e-05	6.519677e-03	1.425426e+01
1.223000e-05	1.471606e-02	1.441235e+01
1.224000e-05	1.872365e-02	1.447625e+01
1.225000e-05	1.750672e-02	1.460259e+01
1.226000e-05	4.730710e-03	1.470742e+01
1.227000e-05	1.471524e-02	1.478254e+01
1.228000e-05	1.832580e-02	1.487622e+01
1.229000e-05	1.950680e-02	1.499001e+01
1.230000e-05	1.056414e-02	1.502364e+01
1.231000e-05	1.303992e-02	1.510788e+01
1.232000e-05	2.040554e-02	1.513956e+01
1.233000e-05	1.940253e-02	1.524362e+01
1.234000e-05	1.507701e-02	1.528632e+01
1.235000e-05	1.415814e-02	1.533988e+01
1.236000e-05	2.261733e-02	1.541201e+01
1.237000e-05	2.177264e-02	1.546617e+01
1.238000e-05	1.659496e-02	1.547477e+01
1.239000e-05	1.673400e-02	1.552677e+01
1.240000e-05	2.332967e-02	1.554841e+01
1.241000e-05	2.572981e-02	1.556946e+01
1.242000e-05	2.110573e-02	1.557958e+01
1.243000e-05	2.111373e-02	1.558254e+01
1.244000e-05	2.480540e-02	1.561108e+01
1.245000e-05	2.940795e-02	1.560058e+01
1.246000e-05	2.434851e-02	1.556001e+01
1.247000e-05	2.540009e-02	1.558954e+01
1.248000e-05	3.101117e-02	1.553998e+01
1.249000e-05	3.563641e-02	1.552785e+01
1.250000e-05	3.300896e-02	1.548727e+01
1.251000e-05	3.093251e-02	1.547264e+01
1.252000e-05	3.611010e-02	1.543311e+01
1.253000e-05	4.022822e-02	1.535093e+01
1.254000e-05	4.037070e-02	1.527687e+01
1.255000e-05	3.921635e-02	1.521572e+01
1.256000e-05	4.398908e-02	1.519206e+01
1.257000e-05	4.865592e-02	1.509848e+01
1.258000e-05	4.996862e-02	1.505429e+01
1.259000e-05	5.059483e-02	1.496151e+01
1.260000e-05	5.440460e-02	1.487543e+01
1.261000e-05	6.180101e-02	1.476163e+01
1.262000e-05	6.237721e-02	1.469772e+01
1.263000e-05	6.380188e-02	1.465161e+01
1.264000e-05	6.499183e-02	1.448685e+01
1.265000e-05	6.765987e-02	1.436112e+01
1.266000e-05	6.735437e-02	1.421430e+01
1.267000e-05	6.535298e-02	1.411045e+01
1.268000e-05	6.542789e-02	1.398371e+01
1.269000e-05	6.353193e-02	1.386480e+01
1.270000e-05	6.052160e-02	1.365895e+01
1.271000e-05	5.627300e-02	1.357003e+01
1.272000e-05	5.351599e-02	1.342424e+01
1.273000e-05	5.117229e-02	1.325590e+01
1.274000e-05	4.626537e-02	1.308798e+01
1.275000e-05	4.376272e-02	1.296258e+01
1.276000e-05	4.038698e-02	1.276267e+01
1.277000e-05	3.837220e-02	1.260574e+01
1.278000e-05	3.420875e-02	1.245597e+01
1.279000e-05	3.203653e-02	1.228640e+01
1.280000e-05	2.841672e-02	1.208793e+01
1.281000e-05	2.671148e-02	1.190098e+01
1.282000e-05	2.398067e-02	1.171953e+01
1.283000e-05	2.335886e-02	1.148788e+01
1.284000e-05	2.076577e-02	1.124750e+01
1.285000e-05	2.020404e-02	1.105695e+01
1.286000e-05	1.755770e-02	1.083737e+01
1.287000e-05	1.593387e-02	1.064785e+01
1.288000e-05	1.419498e-02	1.040642e+01
1.289000e-05	1.166285e-02	1.018540e+01
1.290000e-05	1.205442e-02	1.000530e+01
1.291000e-05	1.055646e-02	9.764118e+00
1.292000e-05	1.054190e-02	9.499564e+00
1.293000e-05	9.665563e-03	9.272581e+00
1.294000e-05	8.505523e-03	9.077980e+00
1.295000e-05	8.375000e-03	8.817351e+00
1.296000e-05	5.325485e-03	8.586297e+00
1.297000e-05	6.928321e-03	8.362742e+00
1.298000e-05	3.166529e-03	8.122108e+00
1.299000e-05	3.715486e-03	7.859928e+00
1.300000e-05	1.155109e-03	7.594844e+00
1.301000e-05	5.156027e-03	7.323107e+00
1.302000e-05	3.119158e-03	7.030034e+00
1.303000e-05	4.689996e-03	6.787348e+00
1.304000e-05	1.742132e-03	6.512742e+00
1.305000e-05	1.885537e-03	6.251581e+00
1.306000e-05	-4.233272e-04	6.048901e+00
1.307000e-05	-3.058124e-03	5.694267e+00
1.308000e-05	-1.196987e-03	5.460582e+00
1.309000e-05	-4.253980e-04	5.163327e+00
1.310000e-05	1.799734e-03	4.809580e+00
1.311000e-05	-8.981741e-04	4.544871e+00
1.312000e-05	1.176069e-04	4.291210e+00
1.313000e-05	-2.277367e-03	3.976897e+00
1.314000e-05	-2.305238e-03	3.694161e+00
1.315000e-05	-4.916408e-03	3.450187e+00
1.316000e-05	-3.371778e-03	3.135320e+00
1.317000e-05	-3.314239e-03	2.883131e+00
1.318000e-05	-1.835677e-03	2.567532e+00
1.319000e-05	-2.339523e-03	2.273215e+00
1.320000e-05	-3.302894e-03	2.001607e+00
1.321000e-05	-3.172176e-03	1.687973e+00
1.322000e-05	-4.853091e-03	1.421584e+00
1.323000e-05	-5.824783e-03	1.156948e+00
1.324000e-05	-5.663211e-03	8.121050e-01
1.325000e-05	-3.279918e-03	5.264432e-01
1.326000e-05	-3.565806e-03	2.236640e-01
1.327000e-05	-1.275442e-03	-5.302675e-02
1.328000e-05	6.503718e-03	-3.246843e-01
1.329000e-05	-3.878786e-03	-5.976397e-01
1.330000e-05	2.971558e-04	-8.615029e-01
1.331000e-05	-7.923424e-03	-1.144085e+00
1.332000e-05	-3.117421e-03	-1.409473e+00
1.333000e-05	-3.809141e-03	-1.693103e+00
1.334000e-05	1.764844e-02	-1.944736e+00
1.335000e-05	8.571886e-02	-2.107238e+00
1.336000e-05	-3.077676e-03	-2.511905e+00
1.337000e-05	-7.003680e-02	-2.902953e+00
1.338000e-05	-4.098355e-02	-3.240026e+00
1.339000e-05	-2.510693e-02	-3.462533e+00
1.340000e-05	-5.272131e-02	-3.764185e+00
1.341000e-05	2.028684e-02	-4.006838e+00
1.342000e-05	8.631044e-02	-4.185666e+00
1.343000e-05	-1.401422e-01	-4.460422e+00
1.344000e-05	1.855813e-01	-4.691530e+00
1.345000e-05	-1.066055e-01	-5.005763e+00
1.346000e-05	-3.700156e-03	-5.372105e+00
1.347000e-05	9.949137e-03	-5.575834e+00
1.348000e-05	-1.153781e-01	-5.911950e+00
1.349000e-05	1.447277e-01	-6.103479e+00
1.350000e-05	-1.152629e-01	-6.415663e+00
1.351000e-05	7.223735e-02	-6.679979e+00
1.352000e-05	-8.331611e-03	-6.942055e+00
1.353000e-05	-5.304539e-02	-7.308839e+00
1.354000e-05	4.360860e-02	-7.501503e+00
1.355000e-05	-1.033025e-01	-7.785585e+00
1.356000e-05	9.346439e-02	-8.079902e+00
1.357000e-05	-6.508690e-02	-8.309954e+00
1.358000e-05	2.440487e-02	-8.583664e+00
1.359000e-05	5.265761e-03	-8.836135e+00
1.360000e-05	-6.126245e-02	-9.056368e+00
1.361000e-05	5.009577e-02	-9.326352e+00
1.362000e-05	-8.368709e-02	-9.521026e+00
1.363000e-05	6.273671e-02	-9.741106e+00
1.364000e-05	-6.206972e-02	-9.963031e+00
1.365000e-05	4.157242e-02	-1.018362e+01
1.366000e-05	-3.857743e-02	-1.044659e+01
1.367000e-05	-7.778098e-03	-1.065482e+01
1.368000e-05	-7.753678e-03	-1.085672e+01
1.369000e-05	-3.117807e-02	-1.103577e+01
1.370000e-05	1.681774e-02	-1.124425e+01
1.371000e-05	-4.182813e-02	-1.146730e+01
1.372000e-05	2.465897e-02	-1.168940e+01
1.373000e-05	-4.095608e-02	-1.190782e+01
1.374000e-05	1.375065e-02	-1.212838e+01
1.375000e-05	-4.362143e-02	-1.226782e+01
1.376000e-05	5.621490e-03	-1.251830e+01
1.377000e-05	-2.673238e-02	-1.262571e+01
1.378000e-05	-3.489783e-03	-1.280469e+01
1.379000e-05	-1.878748e-02	-1.299201e+01
1.380000e-05	-1.260561e-02	-1.314043e+01
1.381000e-05	-9.172251e-03	-1.329693e+01
1.382000e-05	-2.499470e-02	-1.344517e+01
1.383000e-05	-8.348616e-03	-1.364156e+01
1.384000e-05	-2.906898e-02	-1.373638e+01
1.385000e-05	-2.896273e-03	-1.391730e+01
1.386000e-05	-2.718779e-02	-1.401361e+01
1.387000e-05	-7.625468e-03	-1.416953e+01
1.388000e-05	-2.566927e-02	-1.428629e+01
1.389000e-05	-1.067066e-02	-1.443264e+01
1.390000e-05	-2.390043e-02	-1.450835e+01
1.391000e-05	-1.783324e-02	-1.464319e+01
1.392000e-05	-2.025118e-02	-1.472790e+01
1.393000e-05	-1.765837e-02	-1.484209e+01
1.394000e-05	-1.795538e-02	-1.491843e+01
1.395000e-05	-2.339496e-02	-1.500198e+01
1.396000e-05	-2.013651e-02	-1.507570e+01
1.397000e-05	-2.129681e-02	-1.514945e+01
1.398000e-05	-2.001202e-02	-1.521464e+01
1.399000e-05	-2.553495e-02	-1.530624e+01
1.400000e-05	-2.195845e-02	-1.531941e+01
1.401000e-05	-2.446249e-02	-1.537106e+01
1.402000e-05	-2.099381e-02	-1.545469e+01
1.403000e-05	-2.913077e-02	-1.549580e+01
1.404000e-05	-2.446038e-02	-1.553887e+01
1.405000e-05	-2.765578e-02	-1.555988e+01
1.406000e-05	-2.346038e-02	-1.555950e+01
1.407000e-05	-2.904242e-02	-1.557261e+01
1.408000e-05	-2.938737e-02	-1.562119e+01
1.409000e-05	-2.812199e-02	-1.558117e+01
1.410000e-05	-3.114527e-02	-1.560267e+01
1.411000e-05	-3.350099e-02	-1.564456e+01
1.412000e-05	-3.589433e-02	-1.559158e+01
1.413000e-05	-3.230364e-02	-1.560061e+01
1.414000e-05	-3.598613e-02	-1.557148e+01
1.415000e-05	-3.664204e-02	-1.553038e+01
1.416000e-05	-4.386755e-02	-1.549743e+01
1.417000e-05	-3.933194e-02	-1.551670e+01
1.418000e-05	-4.277247e-02	-1.543367e+01
1.419000e-05	-4.406004e-02	-1.539158e+01
1.420000e-05	-4.786064e-02	-1.530890e+01
1.421000e-05	-4.706696e-02	-1.526382e+01
1.422000e-05	-4.986177e-02	-1.522209e+01
1.423000e-05	-5.423193e-02	-1.510745e+01
1.424000e-05	-6.041064e-02	-1.502577e+01
1.425000e-05	-6.072209e-02	-1.497100e+01
1.426000e-05	-6.247323e-02	-1.486790e+01
1.427000e-05	-6.426537e-02	-1.478262e+01
1.428000e-05	-6.933387e-02	-1.468590e+01
1.429000e-05	-7.108845e-02	-1.459304e+01
1.430000e-05	-7.126731e-02	-1.449785e+01
1.431000e-05	-7.464430e-02	-1.438308e+01
1.432000e-05	-7.497072e-02	-1.429525e+01
1.433000e-05	-7.633774e-02	-1.418983e+01
1.434000e-05	-7.062844e-02	-1.394149e+01
1.435000e-05	-6.824742e-02	-1.389540e+01
1.436000e-05	-6.738827e-02	-1.369990e+01
1.437000e-05	-6.465277e-02	-1.355954e+01
1.438000e-05	-6.068559e-02	-1.344415e+01
1.439000e-05	-5.616557e-02	-1.327742e+01
1.440000e-05	-5.524108e-02	-1.313801e+01
1.441000e-05	-5.279672e-02	-1.293124e+01
1.442000e-05	-4.809294e-02	-1.280367e+01
1.443000e-05	-4.343881e-02	-1.262572e+01
1.444000e-05	-4.275150e-02	-1.245837e+01
1.445000e-05	-4.158883e-02	-1.228895e+01
1.446000e-05	-3.733813e-02	-1.208986e+01
1.447000e-05	-3.351328e-02	-1.188893e+01
1.448000e-05	-3.186758e-02	-1.166997e+01
1.449000e-05	-3.186926e-02	-1.143743e+01
1.450000e-05	-2.824653e-02	-1.122575e+01
1.451000e-05	-2.653256e-02	-1.098390e+01
1.452000e-05	-2.556452e-02	-1.082684e+01
1.453000e-05	-2.636651e-02	-1.063740e+01
1.454000e-05	-2.319066e-02	-1.041630e+01
1.455000e-05	-2.064531e-02	-1.019477e+01
1.456000e-05	-1.871180e-02	-9.933792e+00
1.457000e-05	-2.087056e-02	-9.743262e+00
1.458000e-05	-1.871423e-02	-9.530664e+00
1.459000e-05	-1.725563e-02	-9.289556e+00
1.460000e-05	-1.526594e-02	-9.038031e+00
1.461000e-05	-1.700320e-02	-8.796875e+00
1.462000e-05	-1.534423e-02	-8.555191e+00
1.463000e-05	-1.374139e-02	-8.312187e+00
1.464000e-05	-1.297904e-02	-8.083154e+00
1.465000e-05	-1.214102e-02	-7.848528e+00
1.466000e-05	-1.365205e-02	-7.563214e+00
1.467000e-05	-1.067349e-02	-7.292685e+00
1.468000e-05	-1.162950e-02	-6.998428e+00
1.469000e-05	-1.121495e-02	-6.775317e+00
1.470000e-05	-1.134533e-02	-6.513239e+00
1.471000e-05	-9.289045e-03	-6.261059e+00
1.472000e-05	-9.266961e-03	-5.964373e+00
1.473000e-05	-9.335961e-03	-5.712184e+00
1.474000e-05	-1.041984e-02	-5.398425e+00
1.475000e-05	-8.354841e-03	-5.093717e+00
1.476000e-05	-7.915460e-03	-4.785878e+00
1.477000e-05	-6.008204e-03	-4.484767e+00
1.478000e-05	-9.140863e-03	-4.261633e+00
1.479000e-05	-6.386133e-03	-4.020056e+00
1.480000e-05	-7.811145e-03	-3.705796e+00
1.481000e-05	-6.296135e-03	-3.442158e+00
1.482000e-05	-9.683658e-03	-3.157975e+00
1.483000e-05	-6.446884e-03	-2.843160e+00
1.484000e-05	-4.358539e-03	-2.528529e+00
1.485000e-05	-3.172614e-03	-2.294392e+00
1.486000e-05	-5.104139e-03	-2.010079e+00
1.487000e-05	-6.824135e-03	-1.706421e+00
1.488000e-05	-5.239547e-03	-1.441158e+00
1.489000e-05	-5.103267e-03	-1.075817e+00
1.490000e-05	-5.134987e-03	-8.201550e-01
1.491000e-05	-4.519418e-03	-5.173945e-01
1.492000e-05	-1.724054e-03	-2.436591e-01
1.493000e-05	4.077300e-03	3.092156e-02
1.494000e-05	9.199124e-03	3.561357e-01
1.495000e-05	-2.650007e-03	5.888911e-01
1.496000e-05	3.068173e-03	8.210475e-01
1.497000e-05	-1.247873e-03	1.187341e+00
1.498000e-05	3.856766e-03	1.419967e+00
1.499000e-05	-6.597844e-04	1.734263e+00
1.500000e-05	1.556873e-02	2.027767e+00
1.501000e-05	5.419027e-02	2.229422e+00
1.502000e-05	6.024660e-02	2.566613e+00
1.503000e-05	-6.601392e-02	2.944607e+00
1.504000e-05	-4.623098e-02	3.168316e+00
1.505000e-05	-2.368157e-02	3.480479e+00
1.506000e-05	5.842366e-03	3.743612e+00
1.507000e-05	-5.478719e-02	3.913684e+00
1.508000e-05	1.573767e-02	4.124158e+00
1.509000e-05	7.771105e-02	4.490423e+00
1.510000e-05	-5.542622e-02	4.734234e+00
1.511000e-05	1.364886e-01	4.986293e+00
1.512000e-05	-9.952024e-02	5.386714e+00
1.513000e-05	9.296882e-03	5.668770e+00
1.514000e-05	2.495005e-02	5.931558e+00
1.515000e-05	-1.841344e-02	6.165239e+00
1.516000e-05	4.052750e-02	6.428817e+00
1.517000e-05	-5.762089e-02	6.722477e+00
1.518000e-05	6.734090e-02	6.974639e+00
1.519000e-05	8.584439e-04	7.271871e+00
1.520000e-05	-1.524537e-02	7.542085e+00
1.521000e-05	-2.700174e-02	7.837739e+00
1.522000e-05	1.797632e-02	8.059951e+00
1.523000e-05	5.953405e-02	8.323128e+00
1.524000e-05	-3.247797e-02	8.586111e+00
1.525000e-05	4.278115e-03	8.785634e+00
1.526000e-05	1.310744e-02	9.037644e+00
1.527000e-05	6.923588e-03	9.298396e+00
1.528000e-05	6.638281e-03	9.489373e+00
1.529000e-05	-1.900586e-02	9.730933e+00
1.530000e-05	2.539872e-02	9.993535e+00
1.531000e-05	1.949008e-02	1.019461e+01
1.532000e-05	2.135175e-02	1.044461e+01
1.533000e-05	-1.998115e-02	1.063572e+01
1.534000e-05	3.373191e-03	1.088579e+01
1.535000e-05	2.129124e-02	1.106627e+01
1.536000e-05	5.029818e-03	1.131520e+01
1.537000e-05	1.301045e-03	1.147579e+01
1.538000e-05	3.254544e-03	1.170880e+01
1.539000e-05	3.219676e-02	1.190935e+01
1.540000e-05	1.170273e-02	1.209832e+01
1.541000e-05	-6.428092e-05	1.228827e+01
1.542000e-05	-2.934570e-03	1.244582e+01
1.543000e-05	2.007252e-02	1.264519e+01
1.544000e-05	1.661020e-02	1.281151e+01
1.545000e-05	2.584666e-04	1.295048e+01
1.546000e-05	6.907357e-03	1.310835e+01
1.547000e-05	2.220638e-02	1.325625e+01
1.548000e-05	2.263497e-02	1.345371e+01
1.549000e-05	2.777125e-03	1.358159e+01
1.550000e-05	6.702524e-04	1.372943e+01
1.551000e-05	1.794622e-02	1.386617e+01
1.552000e-05	1.742829e-02	1.402201e+01
1.553000e-05	8.652070e-03	1.416143e+01
1.554000e-05	3.747970e-03	1.430630e+01
1.555000e-05	2.089739e-02	1.443351e+01
1.556000e-05	2.385930e-02	1.455835e+01
1.557000e-05	1.157237e-02	1.463407e+01
1.558000e-05	5.483570e-03	1.475843e+01
1.559000e-05	1.661294e-02	1.482157e+01
1.560000e-05	2.097337e-02	1.487782e+01
1.561000e-05	1.096031e-02	1.501151e+01
1.562000e-05	9.707552e-03	1.503627e+01
1.563000e-05	1.733731e-02	1.513938e+01
1.564000e-05	2.624060e-02	1.519054e+01
1.565000e-05	1.752005e-02	1.526414e+01
1.566000e-05	1.083808e-02	1.527785e+01
1.567000e-05	1.615247e-02	1.541045e+01
1.568000e-05	2.496391e-02	1.544154e+01
1.569000e-05	1.940278e-02	1.549422e+01
1.570000e-05	1.212228e-02	1.554582e+01
1.571000e-05	1.999476e-02	1.554831e+01
1.572000e-05	2.837455e-02	1.554790e+01
1.573000e-05	2.741739e-02	1.556153e+01
1.574000e-05	1.821596e-02	1.559145e+01
1.575000e-05	2.207133e-02	1.560008e+01
1.576000e-05	2.901029e-02	1.558206e+01
1.577000e-05	2.739136e-02	1.558053e+01
1.578000e-05	2.256875e-02	1.555045e+01
1.579000e-05	2.506723e-02	1.552941e+01
1.580000e-05	3.624389e-02	1.553883e+01
1.581000e-05	3.740180e-02	1.550728e+01
1.582000e-05	3.136486e-02	1.548472e+01
1.583000e-05	3.066001e-02	1.544362e+01
1.584000e-05	3.899543e-02	1.541153e+01
1.585000e-05	4.091166e-02	1.533938e+01
1.586000e-05	3.775136e-02	1.529630e+01
1.587000e-05	3.754460e-02	1.518272e+01
1.588000e-05	4.666441e-02	1.515951e+01
1.589000e-05	5.304208e-02	1.507735e+01
1.590000e-05	5.111151e-02	1.503259e+01
1.591000e-05	5.112684e-02	1.490891e+01
1.592000e-05	5.709184e-02	1.482522e+01
1.593000e-05	6.343925e-02	1.476111e+01
1.594000e-05	6.280850e-02	1.466427e+01
1.595000e-05	6.118698e-02	1.458853e+01
1.596000e-05	6.718039e-02	1.445427e+01
1.597000e-05	6.988826e-02	1.433855e+01
1.598000e-05	6.915146e-02	1.420264e+01
1.599000e-05	6.241699e-02	1.405485e+01
1.600000e-05	6.521670e-02	1.396848e+01
1.601000e-05	6.358471e-02	1.381160e+01
1.602000e-05	6.105365e-02	1.362640e+01
1.603000e-05	5.189816e-02	1.350841e+01
1.604000e-05	5.125579e-02	1.335264e+01
1.605000e-05	5.074226e-02	1.320377e+01
1.606000e-05	4.889180e-02	1.305477e+01
1.607000e-05	4.199956e-02	1.288795e+01
1.608000e-05	3.886600e-02	1.271003e+01
1.609000e-05	3.905871e-02	1.253169e+01
1.610000e-05	3.509019e-02	1.236374e+01
1.611000e-05	3.061612e-02	1.221517e+01
1.612000e-05	2.539592e-02	1.200482e+01
1.613000e-05	2.639000e-02	1.182532e+01
1.614000e-05	2.527340e-02	1.164284e+01
1.615000e-05	2.241953e-02	1.139224e+01
1.616000e-05	1.909739e-02	1.119362e+01
1.617000e-05	1.947787e-02	1.096372e+01
1.618000e-05	1.914918e-02	1.081479e+01
1.619000e-05	1.599164e-02	1.053419e+01
1.620000e-05	1.218110e-02	1.032274e+01
1.621000e-05	1.186602e-02	1.014211e+01
1.622000e-05	1.295472e-02	9.929010e+00
1.623000e-05	1.123869e-02	9.627055e+00
1.624000e-05	7.716689e-03	9.427427e+00
1.625000e-05	8.115801e-03	9.207923e+00
1.626000e-05	8.841756e-03	9.004747e+00
1.627000e-05	7.995609e-03	8.712785e+00
1.628000e-05	4.570115e-03	8.462638e+00
1.629000e-05	3.899724e-03	8.279030e+00
1.630000e-05	5.998365e-03	8.016474e+00
1.631000e-05	4.942889e-03	7.742218e+00
1.632000e-05	2.807935e-03	7.482084e+00
1.633000e-05	2.097089e-03	7.194968e+00
1.634000e-05	2.822450e-03	6.974314e+00
1.635000e-05	2.706004e-03	6.700636e+00
1.636000e-05	1.174718e-03	6.416947e+00
1.637000e-05	-2.519050e-04	6.174372e+00
1.638000e-05	1.172620e-03	5.924690e+00
1.639000e-05	1.750357e-03	5.629481e+00
1.640000e-05	-6.597793e-04	5.333892e+00
1.641000e-05	-1.851316e-03	4.988477e+00
1.642000e-05	-1.011891e-03	4.683713e+00
1.643000e-05	2.338980e-04	4.461633e+00
1.644000e-05	-1.562665e-03	4.125828e+00
1.645000e-05	-2.869068e-03	3.831714e+00
1.646000e-05	-2.985570e-03	3.610054e+00
1.647000e-05	-1.091271e-03	3.316849e+00
1.648000e-05	-2.177780e-03	3.041059e+00
1.649000e-05	-3.897572e-03	2.788996e+00
1.650000e-05	-3.862402e-03	2.474761e+00
1.651000e-05	-2.960470e-03	2.170026e+00
1.652000e-05	-3.470227e-03	1.935895e+00
1.653000e-05	-5.228178e-03	1.581607e+00
1.654000e-05	-4.734215e-03	1.324267e+00
1.655000e-05	-4.907126e-03	1.010707e+00
1.656000e-05	-3.862007e-03	6.933144e-01
1.657000e-05	-4.815617e-03	4.006338e-01
1.658000e-05	-3.777364e-03	1.664946e-01
1.659000e-05	2.160873e-04	-2.071895e-01
1.660000e-05	6.004018e-03	-4.088199e-01
1.661000e-05	-4.943476e-03	-7.126554e-01
1.662000e-05	-3.726700e-03	-9.576883e-01
1.663000e-05	-6.657299e-03	-1.260370e+00
1.664000e-05	-9.286463e-04	-1.575737e+00
1.665000e-05	6.835567e-04	-1.797288e+00
1.666000e-05	3.365882e-02	-1.989347e+00
1.667000e-05	9.103942e-02	-2.290426e+00
1.668000e-05	-6.498125e-02	-2.650970e+00
1.669000e-05	-4.529855e-02	-3.079296e+00
1.670000e-05	-4.818880e-02	-3.355236e+00
1.671000e-05	-1.201171e-02	-3.615742e+00
1.672000e-05	-7.275785e-02	-3.817995e+00
1.673000e-05	1.125867e-01	-4.061000e+00
1.674000e-05	-4.320209e-02	-4.249925e+00
1.675000e-05	-2.057727e-02	-4.545112e+00
1.676000e-05	1.480331e-01	-4.825738e+00
1.677000e-05	-1.682287e-01	-5.124525e+00
1.678000e-05	9.571805e-02	-5.427317e+00
1.679000e-05	-1.126174e-01	-5.700398e+00
1.680000e-05	2.085237e-02	-6.036742e+00
1.681000e-05	6.350241e-02	-6.235796e+00
1.682000e-05	-1.012587e-01	-6.544054e+00
1.683000e-05	1.149819e-01	-6.835239e+00
1.684000e-05	-9.186700e-02	-7.067772e+00
1.685000e-05	2.961654e-02	-7.383659e+00
1.686000e-05	-3.505759e-02	-7.655116e+00
1.687000e-05	-3.899190e-02	-7.929922e+00
1.688000e-05	7.514720e-02	-8.144133e+00
1.689000e-05	-8.986666e-02	-8.455215e+00
1.690000e-05	8.108326e-02	-8.666246e+00
1.691000e-05	-7.645900e-02	-8.919898e+00
1.692000e-05	1.793397e-02	-9.174059e+00
1.693000e-05	-1.653711e-02	-9.353058e+00
1.694000e-05	-3.023904e-02	-9.613113e+00
1.695000e-05	3.206294e-02	-9.806242e+00
1.696000e-05	-5.514117e-02	-1.003632e+01
1.697000e-05	5.313078e-02	-1.028827e+01
1.698000e-05	-6.993990e-02	-1.050890e+01
1.699000e-05	3.208025e-02	-1.073143e+01
1.700000e-05	-5.296778e-02	-1.091140e+01
1.701000e-05	1.663252e-02	-1.114038e+01
1.702000e-05	-2.418518e-02	-1.134885e+01
1.703000e-05	-7.777316e-03	-1.156093e+01
1.704000e-05	-3.690845e-03	-1.174101e+01
1.705000e-05	-2.122178e-02	-1.200198e+01
1.706000e-05	-3.629351e-04	-1.215103e+01
1.707000e-05	-3.892073e-02	-1.234198e+01
1.708000e-05	8.903543e-03	-1.255045e+01
1.709000e-05	-3.282998e-02	-1.271885e+01
1.710000e-05	7.806350e-03	-1.287774e+01
1.711000e-05	-3.365142e-02	-1.302567e+01
1.712000e-05	4.158457e-03	-1.325259e+01
1.713000e-05	-2.706361e-02	-1.336940e+01
1.714000e-05	-8.594979e-03	-1.350735e+01
1.715000e-05	-2.394020e-02	-1.365274e+01
1.716000e-05	-1.509966e-02	-1.382308e+01
1.717000e-05	-1.261628e-02	-1.392792e+01
1.718000e-05	-1.977464e-02	-1.406769e+01
1.719000e-05	-1.068775e-02	-1.421204e+01
1.720000e-05	-2.390537e-02	-1.434680e+01
1.721000e-05	-1.085462e-02	-1.447417e+01
1.722000e-05	-2.661114e-02	-1.453906e+01
1.723000e-05	-1.363876e-02	-1.468630e+01
1.724000e-05	-2.440874e-02	-1.475993e+01
1.725000e-05	-1.432383e-02	-1.488467e+01
1.726000e-05	-2.289513e-02	-1.494045e+01
1.727000e-05	-1.865248e-02	-1.504314e+01
1.728000e-05	-2.390500e-02	-1.509732e+01
1.729000e-05	-1.991873e-02	-1.518098e+01
1.730000e-05	-2.379461e-02	-1.520266e+01
1.731000e-05	-2.164896e-02	-1.530577e+01
1.732000e-05	-2.336721e-02	-1.535891e+01
1.733000e-05	-2.259751e-02	-1.537409e+01
1.734000e-05	-2.400863e-02	-1.547620e+01
1.735000e-05	-2.732816e-02	-1.551690e+01
1.736000e-05	-2.445747e-02	-1.553090e+01
1.737000e-05	-2.817848e-02	-1.557098e+01
1.738000e-05	-2.373550e-02	-1.560053e+01
1.739000e-05	-3.004811e-02	-1.559109e+01
1.740000e-05	-2.728694e-02	-1.559257e+01
1.741000e-05	-3.074278e-02	-1.561422e+01
1.742000e-05	-3.110658e-02	-1.562359e+01
1.743000e-05	-3.391260e-02	-1.560164e+01
1.744000e-05	-3.450222e-02	-1.560209e+01
1.745000e-05	-3.478665e-02	-1.556106e+01
1.746000e-05	-3.730133e-02	-1.556051e+01
1.747000e-05	-3.935293e-02	-1.552936e+01
1.748000e-05	-4.066213e-02	-1.552784e+01
1.749000e-05	-4.108340e-02	-1.548514e+01
1.750000e-05	-4.323424e-02	-1.541309e+01
1.751000e-05	-4.486214e-02	-1.533903e+01
1.752000e-05	-4.733360e-02	-1.529832e+01
1.753000e-05	-4.816457e-02	-1.520467e+01
1.754000e-05	-5.214527e-02	-1.519156e+01
1.755000e-05	-5.529573e-02	-1.506675e+01
1.756000e-05	-5.889256e-02	-1.502406e+01
1.757000e-05	-6.134683e-02	-1.495996e+01
1.758000e-05	-6.428835e-02	-1.485630e+01
1.759000e-05	-6.656745e-02	-1.474246e+01
1.760000e-05	-6.998434e-02	-1.467683e+01
1.761000e-05	-7.204732e-02	-1.455301e+01
1.762000e-05	-7.313263e-02	-1.445725e+01
1.763000e-05	-7.440303e-02	-1.430748e+01
1.764000e-05	-7.395146e-02	-1.420410e+01
1.765000e-05	-7.373564e-02	-1.404580e+01
1.766000e-05	-7.120177e-02	-1.395096e+01
1.767000e-05	-6.902927e-02	-1.378367e+01
1.768000e-05	-6.613433e-02	-1.364582e+01
1.769000e-05	-6.272649e-02	-1.350851e+01
1.770000e-05	-5.944551e-02	-1.336059e+01
1.771000e-05	-5.590827e-02	-1.322524e+01
1.772000e-05	-5.309268e-02	-1.305637e+01
1.773000e-05	-5.004313e-02	-1.290846e+01
1.774000e-05	-4.645211e-02	-1.275148e+01
1.775000e-05	-4.405930e-02	-1.259219e+01
1.776000e-05	-4.049946e-02	-1.236284e+01
1.777000e-05	-3.942088e-02	-1.220474e+01
1.778000e-05	-3.590485e-02	-1.204582e+01
1.779000e-05	-3.434432e-02	-1.184567e+01
1.780000e-05	-3.170589e-02	-1.161327e+01
1.781000e-05	-2.961711e-02	-1.137374e+01
1.782000e-05	-2.850422e-02	-1.115264e+01
1.783000e-05	-2.629118e-02	-1.095468e+01
1.784000e-05	-2.519341e-02	-1.076267e+01
1.785000e-05	-2.281219e-02	-1.053421e+01
1.786000e-05	-2.229521e-02	-1.035014e+01
1.787000e-05	-2.159354e-02	-1.010103e+01
1.788000e-05	-2.023844e-02	-9.860533e+00
1.789000e-05	-1.906563e-02	-9.651030e+00
1.790000e-05	-1.789707e-02	-9.457402e+00
1.791000e-05	-1.636529e-02	-9.214772e+00
1.792000e-05	-1.630761e-02	-9.005266e+00
1.793000e-05	-1.489575e-02	-8.731768e+00
1.794000e-05	-1.509560e-02	-8.480512e+00
1.795000e-05	-1.444299e-02	-8.239976e+00
1.796000e-05	-1.340015e-02	-7.997397e+00
1.797000e-05	-1.368157e-02	-7.743612e+00
1.798000e-05	-1.179463e-02	-7.448977e+00
1.799000e-05	-1.158838e-02	-7.175874e+00
1.800000e-05	-1.026385e-02	-6.955240e+00
1.801000e-05	-1.117518e-02	-6.660582e+00
1.802000e-05	-9.109301e-03	-6.419477e+00
1.803000e-05	-1.007936e-02	-6.134847e+00
1.804000e-05	-9.859504e-03	-5.871164e+00
1.805000e-05	-9.734370e-03	-5.601027e+00
1.806000e-05	-7.759220e-03	-5.293190e+00
1.807000e-05	-8.617636e-03	-4.985875e+00
1.808000e-05	-7.393381e-03	-4.652154e+00
1.809000e-05	-7.163881e-03	-4.391477e+00
1.810000e-05	-6.993978e-03	-4.187346e+00
1.811000e-05	-6.773014e-03	-3.937238e+00
1.812000e-05	-7.915991e-03	-3.640602e+00
1.813000e-05	-6.898668e-03	-3.345446e+00
1.814000e-05	-6.530367e-03	-3.061235e+00
1.815000e-05	-5.369718e-03	-2.766945e+00
1.816000e-05	-4.852559e-03	-2.502693e+00
1.817000e-05	-4.586860e-03	-2.190978e+00
1.818000e-05	-5.156408e-03	-1.884843e+00
1.819000e-05	-4.832876e-03	-1.642628e+00
1.820000e-05	-6.838181e-03	-1.305767e+00
1.821000e-05	-5.023744e-03	-1.000076e+00
1.822000e-05	-4.452315e-03	-7.168208e-01
1.823000e-05	-1.876104e-03	-4.016265e-01
1.824000e-05	-1.784141e-03	-1.459423e-01
1.825000e-05	7.217756e-03	1.452371e-01
1.826000e-05	2.810706e-03	4.304476e-01
1.827000e-05	1.586310e-03	6.715354e-01
1.828000e-05	-1.156030e-03	9.466658e-01
1.829000e-05	3.228004e-04	1.262630e+00
1.830000e-05	2.026966e-03	1.564663e+00
1.831000e-05	4.296820e-03	1.840528e+00
1.832000e-05	2.334641e-02	2.062056e+00
1.833000e-05	7.691246e-02	2.366113e+00
1.834000e-05	4.947354e-03	2.752630e+00
1.835000e-05	-6.243699e-02	3.049870e+00
1.836000e-05	-4.466331e-02	3.334034e+00
1.837000e-05	-4.788987e-03	3.607716e+00
1.838000e-05	-1.849795e-02	3.827393e+00
1.839000e-05	-4.935822e-02	4.028421e+00
1.840000e-05	7.628891e-02	4.259322e+00
1.841000e-05	-2.758608e-03	4.595688e+00
1.842000e-05	2.813650e-02	4.817366e+00
1.843000e-05	7.305078e-02	5.124577e+00
1.844000e-05	-1.067441e-01	5.499977e+00
1.845000e-05	5.370461e-02	5.712085e+00
1.846000e-05	-2.080233e-02	6.038318e+00
1.847000e-05	2.275416e-02	6.268925e+00
1.848000e-05	-1.500925e-03	6.553531e+00
1.849000e-05	-2.622874e-02	6.838818e+00
1.850000e-05	7.542978e-02	7.069376e+00
1.851000e-05	-2.764837e-02	7.383162e+00
1.852000e-05	-2.029795e-03	7.657773e+00
1.853000e-05	-3.587765e-02	7.920425e+00
1.854000e-05	5.504627e-02	8.185184e+00
1.855000e-05	2.436536e-02	8.396795e+00
1.856000e-05	-3.718647e-02	8.638294e+00
1.857000e-05	2.847195e-02	8.898402e+00
1.858000e-05	-5.628260e-03	9.121022e+00
1.859000e-05	2.931513e-02	9.364009e+00
1.860000e-05	-2.130458e-02	9.565061e+00
1.861000e-05	7.539443e-03	9.825166e+00
1.862000e-05	1.640952e-02	1.007780e+01
1.863000e-05	2.384492e-02	1.029637e+01
1.864000e-05	6.916895e-03	1.050933e+01
1.865000e-05	-2.221245e-02	1.072095e+01
1.866000e-05	2.422902e-02	1.093043e+01
1.867000e-05	7.551551e-03	1.110795e+01
1.868000e-05	1.471057e-02	1.132843e+01
1.869000e-05	-1.220401e-02	1.156191e+01
1.870000e-05	2.272339e-02	1.177301e+01
1.871000e-05	1.740016e-02	1.196249e+01
1.872000e-05	1.097397e-02	1.213101e+01
1.873000e-05	-5.238853e-03	1.232948e+01
1.874000e-05	7.870462e-03	1.251743e+01
1.875000e-05	2.456493e-02	1.273787e+01
1.876000e-05	6.151330e-03	1.287622e+01
1.877000e-05	5.244721e-03	1.302314e+01
1.878000e-05	5.063657e-03	1.316156e+01
1.879000e-05	2.698785e-02	1.333850e+01
1.880000e-05	9.315235e-03	1.349630e+01
1.881000e-05	5.994418e-03	1.367576e+01
1.882000e-05	5.292943e-03	1.381006e+01
1.883000e-05	2.316056e-02	1.389878e+01
1.884000e-05	1.420855e-02	1.406362e+01
1.885000e-05	5.209374e-03	1.422246e+01
1.886000e-05	1.026568e-02	1.434590e+01
1.887000e-05	1.985432e-02	1.442517e+01
1.888000e-05	1.975551e-02	1.458040e+01
1.889000e-05	5.886477e-03	1.463527e+01
1.890000e-05	1.352248e-02	1.477101e+01
1.891000e-05	1.761940e-02	1.485482e+01
1.892000e-05	2.208829e-02	1.493995e+01
1.893000e-05	1.103421e-02	1.503259e+01
1.894000e-05	1.192106e-02	1.509637e+01
1.895000e-05	1.912733e-02	1.516040e+01
1.896000e-05	2.067895e-02	1.521264e+01
1.897000e-05	1.472713e-02	1.527527e+01
1.898000e-05	1.182055e-02	1.533890e+01
1.899000e-05	2.201680e-02	1.536056e+01
1.900000e-05	2.198257e-02	1.543159e+01
1.901000e-05	1.951741e-02	1.550562e+01
1.902000e-05	1.414913e-02	1.552775e+01
1.903000e-05	2.324732e-02	1.552743e+01
1.904000e-05	2.512836e-02	1.553038e+01
1.905000e-05	2.283868e-02	1.560948e+01
1.906000e-05	1.964433e-02	1.557003e+01
1.907000e-05	2.372944e-02	1.559208e+01
1.908000e-05	2.909251e-02	1.557161e+01
1.909000e-05	2.531718e-02	1.562158e+01
1.910000e-05	2.508333e-02	1.559051e+01
1.911000e-05	2.870743e-02	1.556000e+01
1.912000e-05	3.641571e-02	1.556790e+01
1.913000e-05	3.390094e-02	1.552485e+01
1.914000e-05	3.119377e-02	1.545522e+01
1.915000e-05	3.372520e-02	1.542254e+01
1.916000e-05	4.026174e-02	1.540046e+01
1.917000e-05	4.026719e-02	1.535838e+01
1.918000e-05	3.836922e-02	1.526565e+01
1.919000e-05	4.219309e-02	1.521111e+01
1.920000e-05	4.810675e-02	1.511846e+01
1.921000e-05	5.216072e-02	1.507582e+01
1.922000e-05	4.979996e-02	1.496156e+01
1.923000e-05	5.364832e-02	1.485530e+01
1.924000e-05	6.114164e-02	1.481266e+01
1.925000e-05	6.369385e-02	1.471736e+01
1.926000e-05	6.271638e-02	1.466326e+01
1.927000e-05	6.376297e-02	1.449795e+01
1.928000e-05	6.796186e-02	1.436324e+01
1.929000e-05	6.979386e-02	1.432587e+01
1.930000e-05	6.611946e-02	1.418161e+01
1.931000e-05	6.377670e-02	1.402267e+01
1.932000e-05	6.510138e-02	1.386680e+01
1.933000e-05	6.257243e-02	1.375190e+01
1.934000e-05	5.828936e-02	1.362159e+01
1.935000e-05	5.248879e-02	1.347582e+01
1.936000e-05	5.115628e-02	1.333041e+01
1.937000e-05	5.034382e-02	1.316058e+01
1.938000e-05	4.542160e-02	1.299306e+01
1.939000e-05	3.967756e-02	1.281429e+01
1.940000e-05	3.763641e-02	1.266692e+01
1.941000e-05	3.774409e-02	1.249895e+01
1.942000e-05	3.375326e-02	1.229953e+01
1.943000e-05	2.886367e-02	1.216106e+01
1.944000e-05	2.646440e-02	1.194261e+01
1.945000e-05	2.694900e-02	1.173054e+01
1.946000e-05	2.438580e-02	1.155059e+01
1.947000e-05	1.952064e-02	1.134258e+01
1.948000e-05	1.900814e-02	1.112061e+01
1.949000e-05	1.938372e-02	1.088164e+01
1.950000e-05	1.769651e-02	1.074941e+01
1.951000e-05	1.441915e-02	1.044748e+01
1.952000e-05	1.212865e-02	1.020901e+01
1.953000e-05	1.364719e-02	1.000847e+01
1.954000e-05	1.253683e-02	9.785924e+00
1.955000e-05	1.037785e-02	9.572844e+00
1.956000e-05	7.324503e-03	9.334211e+00
1.957000e-05	8.015351e-03	9.139706e+00
1.958000e-05	8.014777e-03	8.880557e+00
1.959000e-05	6.739453e-03	8.637504e+00
1.960000e-05	5.586358e-03	8.408951e+00
1.961000e-05	4.826007e-03	8.134868e+00
1.962000e-05	5.667225e-03	7.941111e+00
1.963000e-05	3.479621e-03	7.640027e+00
1.964000e-05	2.343546e-03	7.383826e+00
1.965000e-05	1.582271e-03	7.122737e+00
1.966000e-05	3.415002e-03	6.889529e+00
1.967000e-05	1.878234e-03	6.576397e+00
1.968000e-05	1.298930e-03	6.333290e+00
1.969000e-05	-1.719422e-04	6.083159e+00
1.970000e-05	1.568599e-03	5.805956e+00
1.971000e-05	2.730222e-04	5.513838e+00
1.972000e-05	-1.126255e-03	5.209632e+00
1.973000e-05	-1.030166e-03	4.932733e+00
1.974000e-05	-5.275602e-04	4.589002e+00
1.975000e-05	-7.460528e-04	4.354819e+00
1.976000e-05	-2.042609e-03	4.041580e+00
1.977000e-05	-2.383087e-03	3.777850e+00
1.978000e-05	-2.861302e-03	3.503317e+00
1.979000e-05	-2.142017e-03	3.201107e+00
1.980000e-05	-2.885963e-03	2.925895e+00
1.981000e-05	-3.655523e-03	2.712761e+00
1.982000e-05	-3.284627e-03	2.326473e+00
1.983000e-05	-2.615119e-03	2.043188e+00
1.984000e-05	-3.235688e-03	1.820605e+00
1.985000e-05	-4.518828e-03	1.522817e+00
1.986000e-05	-5.298040e-03	1.220603e+00
1.987000e-05	-3.321798e-03	8.949117e-01
1.988000e-05	-5.059216e-03	6.101064e-01
1.989000e-05	-5.072564e-03	3.164447e-01
1.990000e-05	-3.512729e-03	1.220783e-02
1.991000e-05	6.584942e-03	-2.810001e-01
1.992000e-05	-6.239673e-04	-4.841291e-01
1.993000e-05	-2.268782e-03	-8.383499e-01
1.994000e-05	-6.441513e-03	-1.051474e+00
1.995000e-05	-1.342218e-03	-1.336684e+00
1.996000e-05	-3.921889e-03	-1.650449e+00
1.997000e-05	8.363976e-03	-1.862003e+00
1.998000e-05	6.355554e-02	-2.092106e+00
1.999000e-05	4.822704e-02	-2.447816e+00
2.000000e-05	-8.204015e-02	-2.817212e+00
2.001000e-05	-3.674272e-02	-3.166191e+00
2.002000e-05	-3.891848e-02	-3.408421e+00
2.003000e-05	-2.777575e-02	-3.631526e+00
2.004000e-05	-3.700262e-02	-3.942655e+00
2.005000e-05	1.329291e-01	-4.102108e+00
2.006000e-05	-1.424419e-01	-4.355112e+00
2.007000e-05	1.287210e-01	-4.639298e+00
2.008000e-05	-3.026223e-03	-4.921929e+00
2.009000e-05	-9.714540e-02	-5.277876e+00
2.010000e-05	8.066684e-02	-5.531103e+00
2.011000e-05	-1.577936e-01	-5.836340e+00
2.012000e-05	1.330759e-01	-6.110977e+00
2.013000e-05	-5.869064e-02	-6.331504e+00
2.014000e-05	-2.603306e-03	-6.628295e+00
2.015000e-05	6.158049e-02	-6.878921e+00
2.016000e-05	-9.573315e-02	-7.197136e+00
2.017000e-05	6.420766e-02	-7.387845e+00
2.018000e-05	-1.018295e-01	-7.699450e+00
2.019000e-05	5.322236e-02	-8.005267e+00
2.020000e-05	-5.651515e-03	-8.227345e+00
2.021000e-05	-3.463821e-02	-8.511975e+00
2.022000e-05	5.945975e-02	-8.761981e+00
2.023000e-05	-9.639533e-02	-9.013639e+00
2.024000e-05	6.285994e-02	-9.247671e+00
2.025000e-05	-7.609236e-02	-9.465667e+00
2.026000e-05	3.950978e-02	-9.668922e+00
2.027000e-05	-3.182738e-02	-9.890924e+00
2.028000e-05	1.233298e-03	-1.015138e+01
2.029000e-05	6.742205e-03	-1.039246e+01
2.030000e-05	-4.496469e-02	-1.059354e+01
2.031000e-05	2.192943e-02	-1.079464e+01
2.032000e-05	-5.644846e-02	-1.100406e+01
2.033000e-05	3.323024e-02	-1.124359e+01
2.034000e-05	-4.843208e-02	-1.144609e+01
2.035000e-05	2.200140e-02	-1.167614e+01
2.036000e-05	-3.504277e-02	-1.183419e+01
2.037000e-05	7.388131e-03	-1.205769e+01
2.038000e-05	-2.943883e-02	-1.221362e+01
2.039000e-05	-1.213129e-02	-1.242659e+01
2.040000e-05	-1.237193e-02	-1.261408e+01
2.041000e-05	-1.861608e-02	-1.278201e+01
2.042000e-05	-2.592860e-03	-1.293040e+01
2.043000e-05	-2.757362e-02	-1.310635e+01
2.044000e-05	2.173350e-03	-1.325624e+01
2.045000e-05	-3.115284e-02	-1.342363e+01
2.046000e-05	-8.131249e-04	-1.358193e+01
2.047000e-05	-3.231146e-02	-1.369780e+01
2.048000e-05	-3.722054e-03	-1.386427e+01
2.049000e-05	-2.606032e-02	-1.396106e+01
2.050000e-05	-9.389824e-03	-1.414995e+01
2.051000e-05	-2.198013e-02	-1.428307e+01
2.052000e-05	-1.566324e-02	-1.437108e+01
2.053000e-05	-1.862546e-02	-1.447632e+01
2.054000e-05	-2.028571e-02	-1.460304e+01
2.055000e-05	-1.639806e-02	-1.471580e+01
2.056000e-05	-2.161669e-02	-1.480206e+01
2.057000e-05	-1.506050e-02	-1.487735e+01
2.058000e-05	-2.332660e-02	-1.497193e+01
2.059000e-05	-1.956361e-02	-1.502479e+01
2.060000e-05	-2.548388e-02	-1.512685e+01
2.061000e-05	-1.947096e-02	-1.522104e+01
2.062000e-05	-2.396319e-02	-1.525524e+01
2.063000e-05	-1.984779e-02	-1.531785e+01
2.064000e-05	-2.522640e-02	-1.537943e+01
2.065000e-05	-2.088791e-02	-1.540166e+01
2.066000e-05	-2.656540e-02	-1.544622e+01
2.067000e-05	-2.563075e-02	-1.551740e+01
2.068000e-05	-2.760098e-02	-1.556908e+01
2.069000e-05	-2.691695e-02	-1.555903e+01
2.070000e-05	-2.579487e-02	-1.556408e+01
2.071000e-05	-2.962636e-02	-1.560261e+01
2.072000e-05	-2.863172e-02	-1.562364e+01
2.073000e-05	-3.331192e-02	-1.562212e+01
2.074000e-05	-3.066681e-02	-1.560104e+01
2.075000e-05	-3.445074e-02	-1.558113e+01
2.076000e-05	-3.296092e-02	-1.558054e+01
2.077000e-05	-3.683110e-02	-1.556004e+01
2.078000e-05	-3.707164e-02	-1.555898e+01
2.079000e-05	-3.951314e-02	-1.551592e+01
2.080000e-05	-4.102081e-02	-1.547675e+01
2.081000e-05	-4.238062e-02	-1.550624e+01
2.082000e-05	-4.343403e-02	-1.537303e+01
2.083000e-05	-4.498112e-02	-1.530996e+01
2.084000e-05	-4.790335e-02	-1.526635e+01
2.085000e-05	-5.132030e-02	-1.522259e+01
2.086000e-05	-5.402215e-02	-1.518895e+01
2.087000e-05	-5.683956e-02	-1.505620e+01
2.088000e-05	-5.956273e-02	-1.497201e+01
2.089000e-05	-6.263831e-02	-1.491837e+01
2.090000e-05	-6.558192e-02	-1.480472e+01
2.091000e-05	-6.692024e-02	-1.475898e+01
2.092000e-05	-7.033030e-02	-1.465584e+01
2.093000e-05	-7.223377e-02	-1.453903e+01
2.094000e-05	-7.556550e-02	-1.440164e+01
2.095000e-05	-7.506370e-02	-1.424780e+01
2.096000e-05	-7.349110e-02	-1.423056e+01
2.097000e-05	-7.307633e-02	-1.402369e+01
2.098000e-05	-6.947777e-02	-1.385743e+01
2.099000e-05	-6.734355e-02	-1.373055e+01
2.100000e-05	-6.292285e-02	-1.361217e+01
2.101000e-05	-6.177415e-02	-1.345582e+01
2.102000e-05	-5.978515e-02	-1.332898e+01
2.103000e-05	-5.573795e-02	-1.318111e+01
2.104000e-05	-5.267957e-02	-1.300619e+01
2.105000e-05	-4.921937e-02	-1.283682e+01
2.106000e-05	-4.569765e-02	-1.270740e+01
2.107000e-05	-4.199481e-02	-1.247803e+01
2.108000e-05	-3.873190e-02	-1.226953e+01
2.109000e-05	-3.728863e-02	-1.216101e+01
2.110000e-05	-3.612397e-02	-1.195211e+01
2.111000e-05	-3.402492e-02	-1.173956e+01
2.112000e-05	-3.158224e-02	-1.149953e+01
2.113000e-05	-2.946891e-02	-1.128843e+01
2.114000e-05	-2.788197e-02	-1.105805e+01
2.115000e-05	-2.603616e-02	-1.088940e+01
2.116000e-05	-2.374494e-02	-1.067898e+01
2.117000e-05	-2.175836e-02	-1.047653e+01
2.118000e-05	-2.147226e-02	-1.026736e+01
2.119000e-05	-2.133998e-02	-9.996426e+00
2.120000e-05	-2.057384e-02	-9.793814e+00
2.121000e-05	-1.849354e-02	-9.566344e+00
2.122000e-05	-1.925234e-02	-9.353110e+00
2.123000e-05	-1.648636e-02	-9.133058e+00
2.124000e-05	-1.475939e-02	-8.902606e+00
2.125000e-05	-1.285936e-02	-8.668034e+00
2.126000e-05	-1.319103e-02	-8.375872e+00
2.127000e-05	-1.430281e-02	-8.164765e+00
2.128000e-05	-1.391769e-02	-7.930216e+00
2.129000e-05	-1.323505e-02	-7.648474e+00
2.130000e-05	-1.166920e-02	-7.384814e+00
2.131000e-05	-1.259528e-02	-7.091187e+00
2.132000e-05	-9.576438e-03	-6.819025e+00
2.133000e-05	-9.887932e-03	-6.585321e+00
2.134000e-05	-8.652832e-03	-6.320765e+00
2.135000e-05	-1.124729e-02	-6.061084e+00
2.136000e-05	-9.726952e-03	-5.726318e+00
2.137000e-05	-9.757106e-03	-5.482151e+00
2.138000e-05	-8.701348e-03	-5.176973e+00
2.139000e-05	-1.049549e-02	-4.861560e+00
2.140000e-05	-6.483230e-03	-4.565397e+00
2.141000e-05	-7.005987e-03	-4.334840e+00
2.142000e-05	-5.747029e-03	-4.092639e+00
2.143000e-05	-8.685426e-03	-3.787972e+00
2.144000e-05	-8.505232e-03	-3.495295e+00
2.145000e-05	-7.645096e-03	-3.181208e+00
2.146000e-05	-4.584493e-03	-2.904839e+00
2.147000e-05	-6.345214e-03	-2.663138e+00
2.148000e-05	-4.652479e-03	-2.399526e+00
2.149000e-05	-3.966628e-03	-2.064265e+00
2.150000e-05	-4.477148e-03	-1.792051e+00
2.151000e-05	-5.908873e-03	-1.547922e+00
2.152000e-05	-7.091586e-03	-1.179503e+00
2.153000e-05	-4.597854e-03	-8.448218e-01
2.154000e-05	-3.633791e-03	-5.696777e-01
2.155000e-05	-1.365113e-03	-3.058931e-01
2.156000e-05	-3.100975e-04	-5.263534e-02
2.157000e-05	1.000123e-02	2.624727e-01
2.158000e-05	-6.123338e-04	5.557106e-01
2.159000e-05	4.069562e-03	7.758174e-01
2.160000e-05	-4.012255e-03	1.042530e+00
2.161000e-05	2.564132e-03	1.375721e+00
2.162000e-05	5.742194e-04	1.684000e+00
2.163000e-05	1.202792e-02	1.904611e+00
2.164000e-05	3.689106e-02	2.184365e+00
2.165000e-05	7.935497e-02	2.489950e+00
2.166000e-05	-4.702897e-02	2.860922e+00
2.167000e-05	-4.886325e-02	3.123129e+00
2.168000e-05	-3.668548e-02	3.407239e+00
2.169000e-05	8.498674e-03	3.661525e+00
2.170000e-05	-4.477986e-02	3.861478e+00
2.171000e-05	-1.787244e-02	4.099900e+00
2.172000e-05	9.877239e-02	4.374738e+00
2.173000e-05	-6.221155e-02	4.690927e+00
2.174000e-05	1.174343e-01	4.930555e+00
2.175000e-05	-3.863374e-02	5.269421e+00
2.176000e-05	-4.518046e-02	5.574611e+00
2.177000e-05	4.779163e-02	5.827266e+00
2.178000e-05	-3.461676e-02	6.113530e+00
2.179000e-05	5.008165e-02	6.345108e+00
2.180000e-05	-4.622520e-02	6.649473e+00
2.181000e-05	3.307701e-02	6.912108e+00
2.182000e-05	3.742285e-02	7.176634e+00
2.183000e-05	-2.414929e-02	7.468768e+00
2.184000e-05	-1.242087e-02	7.733608e+00
2.185000e-05	-1.561930e-02	8.025236e+00
2.186000e-05	6.655013e-02	8.309876e+00
2.187000e-05	-1.291388e-02	8.501980e+00
2.188000e-05	-1.316843e-02	8.731505e+00
2.189000e-05	2.781229e-02	8.973463e+00
2.190000e-05	-4.425423e-03	9.246687e+00
2.191000e-05	2.489514e-02	9.416240e+00
2.192000e-05	-2.942949e-02	9.697849e+00
2.193000e-05	2.331903e-02	9.940523e+00
2.194000e-05	1.184889e-02	1.015253e+01
2.195000e-05	2.613502e-02	1.038156e+01
2.196000e-05	-7.853403e-03	1.061366e+01
2.197000e-05	-8.171603e-03	1.080304e+01
2.198000e-05	2.873807e-02	1.097362e+01
2.199000e-05	2.641319e-03	1.123314e+01
2.200000e-05	1.193100e-02	1.144454e+01
2.201000e-05	-9.363272e-03	1.162419e+01
2.202000e-05	3.085847e-02	1.186767e+01
2.203000e-05	9.988279e-03	1.206367e+01
2.204000e-05	7.567966e-03	1.221456e+01
2.205000e-05	-5.360394e-03	1.239266e+01
2.206000e-05	1.595839e-02	1.260351e+01
2.207000e-05	2.129890e-02	1.274101e+01
2.208000e-05	3.642632e-03	1.289880e+01
2.209000e-05	6.906614e-03	1.306670e+01
2.210000e-05	1.132197e-02	1.326576e+01
2.211000e-05	2.510142e-02	1.337156e+01
2.212000e-05	3.013157e-03	1.357890e+01
2.213000e-05	4.694728e-03	1.368628e+01
2.214000e-05	1.036582e-02	1.385409e+01
2.215000e-05	2.185888e-02	1.392995e+01
2.216000e-05	1.107649e-02	1.410930e+01
2.217000e-05	5.525529e-03	1.426317e+01
2.218000e-05	1.575183e-02	1.443003e+01
2.219000e-05	1.992560e-02	1.449678e+01
2.220000e-05	1.456150e-02	1.460201e+01
2.221000e-05	5.859826e-03	1.470834e+01
2.222000e-05	1.537489e-02	1.482209e+01
2.223000e-05	2.103957e-02	1.488775e+01
2.224000e-05	1.683026e-02	1.494101e+01
2.225000e-05	1.091915e-02	1.502372e+01
2.226000e-05	1.420315e-02	1.510682e+01
2.227000e-05	2.226343e-02	1.519101e+01
2.228000e-05	1.764929e-02	1.520466e+01
2.229000e-05	1.344993e-02	1.529623e+01
2.230000e-05	1.526119e-02	1.534038e+01
2.231000e-05	2.357863e-02	1.542291e+01
2.232000e-05	2.107171e-02	1.545417e+01
2.233000e-05	1.599039e-02	1.551572e+01
2.234000e-05	1.929442e-02	1.550788e+01
2.235000e-05	2.406175e-02	1.554850e+01
2.236000e-05	2.461416e-02	1.556850e+01
2.237000e-05	1.943071e-02	1.559005e+01
2.238000e-05	2.266004e-02	1.557993e+01
2.239000e-05	2.673172e-02	1.556946e+01
2.240000e-05	2.874397e-02	1.559201e+01
2.241000e-05	2.460341e-02	1.558959e+01
2.242000e-05	2.658610e-02	1.555943e+01
2.243000e-05	3.254873e-02	1.553995e+01
2.244000e-05	3.394672e-02	1.552790e+01
2.245000e-05	3.260855e-02	1.549425e+01
2.246000e-05	3.250530e-02	1.547322e+01
2.247000e-05	3.848012e-02	1.542109e+01
2.248000e-05	4.010847e-02	1.539998e+01
2.249000e-05	3.902236e-02	1.530737e+01
2.250000e-05	3.961406e-02	1.524466e+01
2.251000e-05	4.566289e-02	1.513211e+01
2.252000e-05	4.905753e-02	1.512795e+01
2.253000e-05	4.860337e-02	1.507414e+01
2.254000e-05	5.171193e-02	1.493098e+01
2.255000e-05	5.721907e-02	1.482582e+01
2.256000e-05	6.277288e-02	1.474164e+01
2.257000e-05	6.156684e-02	1.468635e+01
2.258000e-05	6.402990e-02	1.457156e+01
2.259000e-05	6.713145e-02	1.450687e+01
2.260000e-05	6.808575e-02	1.437956e+01
2.261000e-05	6.640198e-02	1.423377e+01
2.262000e-05	6.467818e-02	1.410705e+01
2.263000e-05	6.704508e-02	1.401253e+01
2.264000e-05	6.400479e-02	1.385369e+01
2.265000e-05	5.992782e-02	1.366742e+01
2.266000e-05	5.470964e-02	1.355098e+01
2.267000e-05	5.413438e-02	1.338474e+01
2.268000e-05	5.164951e-02	1.325690e+01
2.269000e-05	4.671090e-02	1.310630e+01
2.270000e-05	4.219738e-02	1.293998e+01
2.271000e-05	4.136403e-02	1.274261e+01
2.272000e-05	3.879887e-02	1.258419e+01
2.273000e-05	3.360121e-02	1.240625e+01
2.274000e-05	3.065023e-02	1.223477e+01
2.275000e-05	2.851932e-02	1.203738e+01
2.276000e-05	2.818418e-02	1.186840e+01
2.277000e-05	2.424483e-02	1.167747e+01
2.278000e-05	2.179211e-02	1.144683e+01
2.279000e-05	2.133817e-02	1.118582e+01
2.280000e-05	2.078732e-02	1.101590e+01
2.281000e-05	1.682454e-02	1.083645e+01
2.282000e-05	1.399038e-02	1.061782e+01
2.283000e-05	1.460358e-02	1.039587e+01
2.284000e-05	1.525536e-02	1.023530e+01
2.285000e-05	1.189301e-02	9.951238e+00
2.286000e-05	9.053914e-03	9.730588e+00
2.287000e-05	9.435183e-03	9.519984e+00
2.288000e-05	1.050338e-02	9.262479e+00
2.289000e-05	7.774148e-03	9.046975e+00
2.290000e-05	4.125182e-03	8.776371e+00
2.291000e-05	5.020476e-03	8.574345e+00
2.292000e-05	7.470911e-03	8.321660e+00
2.293000e-05	6.038730e-03	8.088583e+00
2.294000e-05	2.419562e-03	7.766401e+00
2.295000e-05	2.378661e-03	7.532792e+00
2.296000e-05	4.429399e-03	7.261027e+00
2.297000e-05	3.505203e-03	7.008951e+00
2.298000e-05	1.530134e-03	6.774346e+00
2.299000e-05	6.156581e-04	6.471114e+00
2.300000e-05	2.298876e-03	6.228505e+00
2.301000e-05	1.494690e-03	5.996452e+00
2.302000e-05	-7.375127e-04	5.693192e+00
2.303000e-05	-1.754471e-03	5.439052e+00
2.304000e-05	-3.759498e-04	5.141767e+00
2.305000e-05	9.624377e-04	4.787547e+00
2.306000e-05	-1.689496e-03	4.513263e+00
2.307000e-05	-3.130845e-03	4.279612e+00
2.308000e-05	-1.398579e-03	3.944869e+00
2.309000e-05	-1.373769e-03	3.682688e+00
2.310000e-05	-3.481738e-03	3.398525e+00
2.311000e-05	-4.387512e-03	3.104243e+00
2.312000e-05	-3.031222e-03	2.840185e+00
2.313000e-05	-3.066747e-03	2.517422e+00
2.314000e-05	-4.107088e-03	2.249235e+00
2.315000e-05	-5.210626e-03	1.989076e+00
2.316000e-05	-3.243032e-03	1.725265e+00
2.317000e-05	-2.998344e-03	1.429555e+00
2.318000e-05	-4.264725e-03	1.076343e+00
2.319000e-05	-5.412891e-03	7.899736e-01
2.320000e-05	-5.119879e-03	4.848383e-01
2.321000e-05	-2.997841e-03	2.007065e-01
2.322000e-05	-1.614933e-03	-7.355794e-02
2.323000e-05	6.094326e-03	-3.562395e-01
2.324000e-05	-5.796866e-03	-6.204636e-01
2.325000e-05	1.244543e-03	-8.725578e-01
2.326000e-05	-6.800082e-03	-1.176762e+00
2.327000e-05	-1.775042e-03	-1.463023e+00
2.328000e-05	-3.596194e-03	-1.713662e+00
2.329000e-05	2.274485e-02	-1.934216e+00
2.330000e-05	9.145966e-02	-2.155766e+00
2.331000e-05	-2.530383e-02	-2.554713e+00
2.332000e-05	-6.389769e-02	-2.933138e+00
2.333000e-05	-4.347363e-02	-3.293055e+00
2.334000e-05	-1.813686e-02	-3.493136e+00
2.335000e-05	-6.216747e-02	-3.765265e+00
2.336000e-05	4.953542e-02	-3.997791e+00
2.337000e-05	5.141179e-02	-4.186266e+00
2.338000e-05	-1.128829e-01	-4.491499e+00
2.339000e-05	1.839757e-01	-4.735185e+00
2.340000e-05	-1.404830e-01	-5.018767e+00
2.341000e-05	3.225955e-02	-5.334580e+00
2.342000e-05	-2.790124e-02	-5.617763e+00
2.343000e-05	-7.840008e-02	-5.952106e+00
2.344000e-05	1.291848e-01	-6.124188e+00
2.345000e-05	-1.221355e-01	-6.467367e+00
2.346000e-05	9.362799e-02	-6.722504e+00
2.347000e-05	-3.658332e-02	-7.024159e+00
2.348000e-05	-2.823495e-02	-7.310001e+00
2.349000e-05	2.297560e-02	-7.542581e+00
2.350000e-05	-9.096675e-02	-7.857262e+00
2.351000e-05	9.660691e-02	-8.138876e+00
2.352000e-05	-8.000547e-02	-8.351475e+00
2.353000e-05	4.607493e-02	-8.595142e+00
2.354000e-05	-2.071541e-02	-8.855242e+00
2.355000e-05	-3.925662e-02	-9.129422e+00
2.356000e-05	3.389816e-02	-9.298377e+00
2.357000e-05	-7.396122e-02	-9.562505e+00
2.358000e-05	6.008928e-02	-9.753536e+00
2.359000e-05	-6.576066e-02	-9.983112e+00
2.360000e-05	5.077056e-02	-1.022519e+01
2.361000e-05	-5.337592e-02	-1.044527e+01
2.362000e-05	7.565761e-03	-1.064782e+01
2.363000e-05	-2.394361e-02	-1.086780e+01
2.364000e-05	-1.578492e-02	-1.104725e+01
2.365000e-05	4.318299e-03	-1.128587e+01
2.366000e-05	-3.033413e-02	-1.149787e+01
2.367000e-05	1.791479e-02	-1.172938e+01
2.368000e-05	-3.480779e-02	-1.193082e+01
2.369000e-05	9.921391e-03	-1.212993e+01
2.370000e-05	-4.638405e-02	-1.228835e+01
2.371000e-05	7.401490e-03	-1.248780e+01
2.372000e-05	-2.891916e-02	-1.267574e+01
2.373000e-05	1.066387e-03	-1.285569e+01
2.374000e-05	-2.247727e-02	-1.297349e+01
2.375000e-05	-5.872412e-03	-1.314998e+01
2.376000e-05	-1.390024e-02	-1.329782e+01
2.377000e-05	-2.073234e-02	-1.349567e+01
2.378000e-05	-1.563202e-02	-1.362354e+01
2.379000e-05	-2.475235e-02	-1.381090e+01
2.380000e-05	-5.019475e-03	-1.390830e+01
2.381000e-05	-2.486437e-02	-1.402414e+01
2.382000e-05	-8.862660e-03	-1.417151e+01
2.383000e-05	-2.339192e-02	-1.428625e+01
2.384000e-05	-9.453976e-03	-1.444311e+01
2.385000e-05	-2.523805e-02	-1.449837e+01
2.386000e-05	-1.871239e-02	-1.465469e+01
2.387000e-05	-2.215029e-02	-1.472788e+01
2.388000e-05	-1.548471e-02	-1.486519e+01
2.389000e-05	-1.793882e-02	-1.489727e+01
2.390000e-05	-2.070690e-02	-1.500254e+01
2.391000e-05	-2.220180e-02	-1.507580e+01
2.392000e-05	-1.997938e-02	-1.516948e+01
2.393000e-05	-2.090647e-02	-1.521211e+01
2.394000e-05	-2.515750e-02	-1.528672e+01
2.395000e-05	-2.365729e-02	-1.531988e+01
2.396000e-05	-2.235545e-02	-1.540151e+01
2.397000e-05	-2.017029e-02	-1.544467e+01
2.398000e-05	-2.819859e-02	-1.550627e+01
2.399000e-05	-2.471992e-02	-1.550895e+01
2.400000e-05	-2.796902e-02	-1.553903e+01
2.401000e-05	-2.324485e-02	-1.557041e+01
2.402000e-05	-2.988275e-02	-1.559053e+01
2.403000e-05	-2.895516e-02	-1.564206e+01
2.404000e-05	-2.945878e-02	-1.562264e+01
2.405000e-05	-2.980500e-02	-1.559309e+01
2.406000e-05	-3.381889e-02	-1.561216e+01
2.407000e-05	-3.529803e-02	-1.559251e+01
2.408000e-05	-3.437984e-02	-1.559151e+01
2.409000e-05	-3.462112e-02	-1.558900e+01
2.410000e-05	-3.846611e-02	-1.553093e+01
2.411000e-05	-4.064867e-02	-1.549942e+01
2.412000e-05	-4.235695e-02	-1.545582e+01
2.413000e-05	-4.141857e-02	-1.543469e+01
2.414000e-05	-4.504769e-02	-1.535151e+01
2.415000e-05	-4.755147e-02	-1.530888e+01
2.416000e-05	-4.891874e-02	-1.524424e+01
2.417000e-05	-5.013245e-02	-1.520061e+01
2.418000e-05	-5.317993e-02	-1.510035e+01
2.419000e-05	-5.900624e-02	-1.506525e+01
2.420000e-05	-6.157588e-02	-1.496095e+01
2.421000e-05	-6.323822e-02	-1.487730e+01
2.422000e-05	-6.576435e-02	-1.475214e+01
2.423000e-05	-7.061341e-02	-1.468638e+01
2.424000e-05	-7.194690e-02	-1.460409e+01
2.425000e-05	-7.176148e-02	-1.446675e+01
2.426000e-05	-7.297013e-02	-1.439006e+01
2.427000e-05	-7.484864e-02	-1.422627e+01
2.428000e-05	-7.476027e-02	-1.414898e+01
2.429000e-05	-7.092714e-02	-1.396213e+01
2.430000e-05	-6.877360e-02	-1.383437e+01
2.431000e-05	-6.860855e-02	-1.366838e+01
2.432000e-05	-6.583705e-02	-1.350911e+01
2.433000e-05	-6.086706e-02	-1.343469e+01
2.434000e-05	-5.502036e-02	-1.324645e+01
2.435000e-05	-5.363907e-02	-1.311948e+01
2.436000e-05	-5.154889e-02	-1.294056e+01
2.437000e-05	-4.640478e-02	-1.279266e+01
2.438000e-05	-4.369941e-02	-1.266467e+01
2.439000e-05	-4.294302e-02	-1.243540e+01
2.440000e-05	-4.224373e-02	-1.226643e+01
2.441000e-05	-3.703826e-02	-1.209641e+01
2.442000e-05	-3.320425e-02	-1.189845e+01
2.443000e-05	-3.121863e-02	-1.168685e+01
2.444000e-05	-3.095808e-02	-1.141497e+01
2.445000e-05	-2.801092e-02	-1.124477e+01
2.446000e-05	-2.629451e-02	-1.098477e+01
2.447000e-05	-2.492323e-02	-1.078532e+01
2.448000e-05	-2.581455e-02	-1.060482e+01
2.449000e-05	-2.374651e-02	-1.037122e+01
2.450000e-05	-2.011347e-02	-1.012266e+01
2.451000e-05	-1.899014e-02	-9.942740e+00
2.452000e-05	-1.966481e-02	-9.702136e+00
2.453000e-05	-1.841302e-02	-9.520060e+00
2.454000e-05	-1.643842e-02	-9.238029e+00
2.455000e-05	-1.442798e-02	-9.037929e+00
2.456000e-05	-1.709989e-02	-8.765398e+00
2.457000e-05	-1.639108e-02	-8.594141e+00
2.458000e-05	-1.311715e-02	-8.292038e+00
2.459000e-05	-1.200399e-02	-8.069129e+00
2.460000e-05	-1.308166e-02	-7.806742e+00
2.461000e-05	-1.325539e-02	-7.483134e+00
2.462000e-05	-1.078364e-02	-7.238504e+00
2.463000e-05	-1.072522e-02	-6.995752e+00
2.464000e-05	-1.151268e-02	-6.714188e+00
2.465000e-05	-1.175965e-02	-6.472131e+00
2.466000e-05	-9.213288e-03	-6.197955e+00
2.467000e-05	-1.002151e-02	-5.914388e+00
2.468000e-05	-8.966917e-03	-5.661561e+00
2.469000e-05	-1.032654e-02	-5.416902e+00
2.470000e-05	-7.994793e-03	-5.082639e+00
2.471000e-05	-7.623272e-03	-4.745872e+00
2.472000e-05	-6.209682e-03	-4.493059e+00
2.473000e-05	-8.640495e-03	-4.261658e+00
2.474000e-05	-7.521166e-03	-4.007500e+00
2.475000e-05	-8.161937e-03	-3.683712e+00
2.476000e-05	-6.846439e-03	-3.389531e+00
2.477000e-05	-7.654355e-03	-3.154896e+00
2.478000e-05	-5.587356e-03	-2.831104e+00
2.479000e-05	-5.965708e-03	-2.575372e+00
2.480000e-05	-3.661044e-03	-2.303788e+00
2.481000e-05	-5.791852e-03	-1.978996e+00
2.482000e-05	-5.465193e-03	-1.694793e+00
2.483000e-05	-6.592370e-03	-1.409084e+00
2.484000e-05	-5.458008e-03	-1.063765e+00
2.485000e-05	-4.297155e-03	-7.811539e-01
2.486000e-05	-4.317868e-03	-4.737629e-01
2.487000e-05	-3.347275e-03	-2.426840e-01
2.488000e-05	3.856238e-03	1.126191e-01
2.489000e-05	7.968260e-03	3.683120e-01
2.490000e-05	-1.770097e-03	6.184449e-01
2.491000e-05	1.485464e-03	8.920740e-01
2.492000e-05	-1.434409e-03	1.208796e+00
2.493000e-05	4.099019e-03	1.493445e+00
2.494000e-05	9.997920e-05	1.836320e+00
2.495000e-05	1.805667e-02	2.039419e+00
2.496000e-05	6.051179e-02	2.261007e+00
2.497000e-05	4.541332e-02	2.587314e+00
2.498000e-05	-6.769858e-02	2.945713e+00
2.499000e-05	-4.544394e-02	3.279367e+00
2.500000e-05	-1.872019e-02	3.482052e+00
2.501000e-05	9.996219e-04	3.765760e+00
2.502000e-05	-5.603978e-02	3.954762e+00
2.503000e-05	3.582967e-02	4.165137e+00
2.504000e-05	5.459456e-02	4.522055e+00
2.505000e-05	-3.493041e-02	4.795110e+00
2.506000e-05	1.238642e-01	5.047792e+00
2.507000e-05	-1.101073e-01	5.427715e+00
2.508000e-05	2.882698e-02	5.668400e+00
2.509000e-05	1.004373e-02	5.964128e+00
2.510000e-05	-5.672978e-03	6.175791e+00
2.511000e-05	2.836184e-02	6.509324e+00
2.512000e-05	-5.204523e-02	6.775181e+00
2.513000e-05	7.134367e-02	7.027767e+00
2.514000e-05	-8.749209e-03	7.280451e+00
2.515000e-05	-1.071642e-02	7.594112e+00
2.516000e-05	-2.876539e-02	7.867293e+00
2.517000e-05	2.997870e-02	8.132501e+00
2.518000e-05	5.083780e-02	8.343112e+00
2.519000e-05	-3.775884e-02	8.584116e+00
2.520000e-05	1.281014e-02	8.836242e+00
2.521000e-05	7.193968e-03	9.026743e+00
2.522000e-05	1.482448e-02	9.309926e+00
2.523000e-05	-7.192478e-04	9.510001e+00
2.524000e-05	-1.238990e-02	9.811509e+00
2.525000e-05	2.531844e-02	1.002466e+01
2.526000e-05	1.921637e-02	1.025519e+01
2.527000e-05	1.818428e-02	1.046614e+01
2.528000e-05	-2.308343e-02	1.067684e+01
2.529000e-05	1.266877e-02	1.092632e+01
2.530000e-05	1.728340e-02	1.110634e+01
2.531000e-05	8.041576e-03	1.127735e+01
2.532000e-05	-5.123053e-03	1.150730e+01
2.533000e-05	9.515038e-03	1.174843e+01
2.534000e-05	2.671255e-02	1.190945e+01
2.535000e-05	1.139010e-02	1.209885e+01
2.536000e-05	-1.783172e-03	1.227632e+01
2.537000e-05	9.611835e-04	1.244879e+01
2.538000e-05	2.287617e-02	1.267724e+01
2.539000e-05	1.277348e-02	1.279367e+01
2.540000e-05	1.835816e-03	1.297106e+01
2.541000e-05	4.704746e-03	1.313945e+01
2.542000e-05	2.439527e-02	1.330683e+01
2.543000e-05	1.669219e-02	1.344469e+01
2.544000e-05	4.240155e-03	1.360111e+01
2.545000e-05	2.874258e-03	1.374895e+01
2.546000e-05	2.012090e-02	1.391625e+01
2.547000e-05	1.723026e-02	1.403159e+01
2.548000e-05	6.700859e-03	1.416148e+01
2.549000e-05	5.710923e-03	1.430627e+01
2.550000e-05	2.039770e-02	1.444261e+01
2.551000e-05	2.107993e-02	1.454743e+01
2.552000e-05	8.686812e-03	1.465521e+01
2.553000e-05	9.238005e-03	1.467953e+01
2.554000e-05	1.673773e-02	1.481512e+01
2.555000e-05	2.380361e-02	1.490732e+01
2.556000e-05	1.143590e-02	1.500199e+01
2.557000e-05	1.002816e-02	1.505525e+01
2.558000e-05	1.621424e-02	1.511885e+01
2.559000e-05	2.332473e-02	1.521358e+01
2.560000e-05	1.701280e-02	1.526677e+01
2.561000e-05	1.099146e-02	1.536790e+01
2.562000e-05	2.016674e-02	1.540893e+01
2.563000e-05	2.421647e-02	1.546361e+01
2.564000e-05	2.081561e-02	1.548364e+01
2.565000e-05	1.254763e-02	1.551532e+01
2.566000e-05	2.155911e-02	1.554693e+01
2.567000e-05	2.607581e-02	1.556893e+01
2.568000e-05	2.464213e-02	1.555950e+01
2.569000e-05	1.839733e-02	1.561001e+01
2.570000e-05	2.300843e-02	1.561061e+01
2.571000e-05	3.074731e-02	1.558153e+01
2.572000e-05	2.687802e-02	1.555003e+01
2.573000e-05	2.601055e-02	1.557951e+01
2.574000e-05	2.441402e-02	1.555848e+01
2.575000e-05	3.786338e-02	1.554840e+01
2.576000e-05	3.265054e-02	1.549730e+01
2.577000e-05	3.374471e-02	1.546516e+01
2.578000e-05	3.161762e-02	1.542159e+01
2.579000e-05	4.219880e-02	1.541898e+01
2.580000e-05	4.040819e-02	1.533840e+01
2.581000e-05	3.737077e-02	1.526632e+01
2.582000e-05	3.945662e-02	1.523369e+01
2.583000e-05	4.669553e-02	1.510054e+01
2.584000e-05	5.202342e-02	1.509530e+01
2.585000e-05	5.090693e-02	1.495409e+01
2.586000e-05	5.373208e-02	1.488845e+01
2.587000e-05	6.037965e-02	1.483277e+01
2.588000e-05	6.437520e-02	1.475258e+01
2.589000e-05	6.178335e-02	1.463319e+01
2.590000e-05	6.237858e-02	1.453853e+01
2.591000e-05	6.741061e-02	1.445562e+01
2.592000e-05	7.039753e-02	1.431846e+01
2.593000e-05	6.815333e-02	1.419364e+01
2.594000e-05	6.362408e-02	1.403530e+01
2.595000e-05	6.625243e-02	1.392740e+01
2.596000e-05	6.455799e-02	1.377209e+01
2.597000e-05	5.975928e-02	1.363474e+01
2.598000e-05	5.228143e-02	1.352843e+01
2.599000e-05	5.212288e-02	1.334253e+01
2.600000e-05	5.081437e-02	1.318272e+01
2.601000e-05	4.696847e-02	1.299634e+01
2.602000e-05	4.038529e-02	1.284635e+01
2.603000e-05	3.984870e-02	1.269895e+01
2.604000e-05	3.923532e-02	1.251111e+01
2.605000e-05	3.438762e-02	1.237103e+01
2.606000e-05	2.927064e-02	1.220372e+01
2.607000e-05	2.667527e-02	1.196422e+01
2.608000e-05	2.765413e-02	1.182519e+01
2.609000e-05	2.399259e-02	1.159366e+01
2.610000e-05	2.122830e-02	1.138221e+01
2.611000e-05	2.068085e-02	1.116174e+01
2.612000e-05	2.029631e-02	1.094374e+01
2.613000e-05	1.665678e-02	1.076416e+01
2.614000e-05	1.369274e-02	1.057319e+01
2.615000e-05	1.344154e-02	1.033314e+01
2.616000e-05	1.415339e-02	1.006008e+01
2.617000e-05	1.216476e-02	9.849005e+00
2.618000e-05	1.017773e-02	9.596921e+00
2.619000e-05	7.918640e-03	9.385422e+00
2.620000e-05	1.011889e-02	9.185221e+00
2.621000e-05	7.359325e-03	8.934240e+00
2.622000e-05	5.881811e-03	8.672108e+00
2.623000e-05	4.893497e-03	8.481179e+00
2.624000e-05	5.355436e-03	8.238550e+00
2.625000e-05	6.106278e-03	7.964898e+00
2.626000e-05	3.461858e-03	7.721663e+00
2.627000e-05	2.558733e-03	7.429152e+00
2.628000e-05	3.315091e-03	7.186822e+00
2.629000e-05	3.467851e-03	6.933364e+00
2.630000e-05	1.719115e-03	6.681579e+00
2.631000e-05	1.469948e-03	6.406896e+00
2.632000e-05	7.484650e-04	6.115791e+00
2.633000e-05	1.988798e-03	5.883209e+00
2.634000e-05	-7.464767e-04	5.647927e+00
2.635000e-05	-9.867963e-05	5.344316e+00
2.636000e-05	-1.333078e-03	4.927399e+00
2.637000e-05	-5.060960e-04	4.690685e+00
2.638000e-05	-1.337355e-03	4.410953e+00
2.639000e-05	-1.547515e-03	4.164868e+00
2.640000e-05	-2.259702e-03	3.801633e+00
2.641000e-05	-1.614811e-03	3.627050e+00
2.642000e-05	-2.657343e-03	3.303291e+00
2.643000e-05	-3.637677e-03	3.000553e+00
2.644000e-05	-3.046384e-03	2.757970e+00
2.645000e-05	-2.986122e-03	2.421710e+00
2.646000e-05	-3.327582e-03	2.156946e+00
2.647000e-05	-3.946060e-03	1.913888e+00
2.648000e-05	-4.286413e-03	1.619029e+00
2.649000e-05	-4.119264e-03	1.274818e+00
2.650000e-05	-4.511787e-03	9.205533e-01
2.651000e-05	-4.932998e-03	6.727618e-01
2.652000e-05	-4.346977e-03	3.905787e-01
2.653000e-05	-2.457605e-03	6.633698e-02
2.654000e-05	2.181363e-03	-1.882672e-01
2.655000e-05	3.396209e-03	-4.194525e-01
2.656000e-05	-4.374499e-03	-7.337080e-01
2.657000e-05	-3.182488e-03	-1.007840e+00
2.658000e-05	-4.241608e-03	-1.272850e+00
2.659000e-05	-2.725722e-03	-1.576745e+00
2.660000e-05	2.635122e-03	-1.819371e+00
2.661000e-05	4.337569e-02	-2.029951e+00
2.662000e-05	8.346776e-02	-2.334052e+00
2.663000e-05	-7.511085e-02	-2.692929e+00
2.664000e-05	-4.161898e-02	-3.077775e+00
2.665000e-05	-4.652994e-02	-3.355816e+00
2.666000e-05	-1.379437e-02	-3.625814e+00
2.667000e-05	-6.821198e-02	-3.860375e+00
2.668000e-05	1.267038e-01	-4.071005e+00
2.669000e-05	-8.024730e-02	-4.281952e+00
2.670000e-05	2.371453e-02	-4.627639e+00
2.671000e-05	1.064287e-01	-4.816946e+00
2.672000e-05	-1.587013e-01	-5.185535e+00
2.673000e-05	1.031892e-01	-5.478272e+00
2.674000e-05	-1.363744e-01	-5.752083e+00
2.675000e-05	6.245113e-02	-6.067818e+00
2.676000e-05	2.576323e-02	-6.258821e+00
2.677000e-05	-7.737893e-02	-6.553582e+00
2.678000e-05	1.053504e-01	-6.835192e+00
2.679000e-05	-1.011381e-01	-7.111301e+00
2.680000e-05	4.698379e-02	-7.405242e+00
2.681000e-05	-5.871588e-02	-7.627192e+00
2.682000e-05	-1.070735e-02	-7.992429e+00
2.683000e-05	5.521061e-02	-8.165163e+00
2.684000e-05	-8.121047e-02	-8.437271e+00
2.685000e-05	8.128529e-02	-8.608847e+00
2.686000e-05	-9.032466e-02	-8.952002e+00
2.687000e-05	3.686228e-02	-9.202631e+00
2.688000e-05	-3.729464e-02	-9.363538e+00
2.689000e-05	-9.212848e-03	-9.645714e+00
2.690000e-05	1.463544e-02	-9.847292e+00
2.691000e-05	-4.045576e-02	-1.006930e+01
2.692000e-05	4.283795e-02	-1.028835e+01
2.693000e-05	-6.871416e-02	-1.053038e+01
2.694000e-05	3.261237e-02	-1.072100e+01
2.695000e-05	-5.853801e-02	-1.093043e+01
2.696000e-05	2.634675e-02	-1.115056e+01
2.697000e-05	-3.399796e-02	-1.136998e+01
2.698000e-05	3.831871e-03	-1.156153e+01
2.699000e-05	-1.449203e-02	-1.175256e+01
2.700000e-05	-1.251057e-02	-1.199256e+01
2.701000e-05	-9.180400e-03	-1.219351e+01
2.702000e-05	-3.224435e-02	-1.235210e+01
2.703000e-05	3.738438e-03	-1.255146e+01
2.704000e-05	-2.888054e-02	-1.269890e+01
2.705000e-05	7.324054e-03	-1.287837e+01
2.706000e-05	-3.307470e-02	-1.305522e+01
2.707000e-05	3.789283e-03	-1.316504e+01
2.708000e-05	-2.886749e-02	-1.338103e+01
2.709000e-05	-5.459252e-03	-1.350742e+01
2.710000e-05	-2.786219e-02	-1.366474e+01
2.711000e-05	-1.115761e-02	-1.383059e+01
2.712000e-05	-1.574146e-02	-1.394945e+01
2.713000e-05	-1.663574e-02	-1.407727e+01
2.714000e-05	-1.581042e-02	-1.425356e+01
2.715000e-05	-2.132603e-02	-1.434092e+01
2.716000e-05	-1.174628e-02	-1.443519e+01
2.717000e-05	-2.382749e-02	-1.456998e+01
2.718000e-05	-1.596173e-02	-1.467735e+01
2.719000e-05	-2.364976e-02	-1.477198e+01
2.720000e-05	-1.290084e-02	-1.485517e+01
2.721000e-05	-2.183886e-02	-1.492151e+01
2.722000e-05	-1.975055e-02	-1.505567e+01
2.723000e-05	-2.581008e-02	-1.511587e+01
2.724000e-05	-1.873446e-02	-1.516098e+01
2.725000e-05	-2.411385e-02	-1.523421e+01
2.726000e-05	-2.172193e-02	-1.531683e+01
2.727000e-05	-2.490494e-02	-1.534940e+01
2.728000e-05	-2.032798e-02	-1.541157e+01
2.729000e-05	-2.388343e-02	-1.547619e+01
2.730000e-05	-2.661042e-02	-1.549827e+01
2.731000e-05	-2.638422e-02	-1.552940e+01
2.732000e-05	-2.741019e-02	-1.556003e+01
2.733000e-05	-2.497931e-02	-1.559253e+01
2.734000e-05	-2.995126e-02	-1.558158e+01
2.735000e-05	-2.836121e-02	-1.562351e+01
2.736000e-05	-3.167496e-02	-1.560214e+01
2.737000e-05	-3.016854e-02	-1.558214e+01
2.738000e-05	-3.332006e-02	-1.558119e+01
2.739000e-05	-3.521143e-02	-1.563254e+01
2.740000e-05	-3.492050e-02	-1.560001e+01
2.741000e-05	-3.671439e-02	-1.555800e+01
2.742000e-05	-3.840401e-02	-1.555790e+01
2.743000e-05	-4.171718e-02	-1.546767e+01
2.744000e-05	-4.124460e-02	-1.542374e+01
2.745000e-05	-4.262890e-02	-1.536359e+01
2.746000e-05	-4.551551e-02	-1.536046e+01
2.747000e-05	-4.739864e-02	-1.528580e+01
2.748000e-05	-4.983102e-02	-1.521364e+01
2.749000e-05	-5.140994e-02	-1.517041e+01
2.750000e-05	-5.590390e-02	-1.509780e+01
2.751000e-05	-5.894841e-02	-1.501266e+01
2.752000e-05	-6.117367e-02	-1.491901e+01
2.753000e-05	-6.464015e-02	-1.483628e+01
2.754000e-05	-6.723490e-02	-1.474861e+01
2.755000e-05	-7.069582e-02	-1.466484e+01
2.756000e-05	-7.132635e-02	-1.454146e+01
2.757000e-05	-7.309456e-02	-1.442425e+01
2.758000e-05	-7.368074e-02	-1.432741e+01
2.759000e-05	-7.399640e-02	-1.420206e+01
2.760000e-05	-7.238454e-02	-1.401677e+01
2.761000e-05	-7.054456e-02	-1.391993e+01
2.762000e-05	-6.882224e-02	-1.375169e+01
2.763000e-05	-6.615591e-02	-1.366532e+01
2.764000e-05	-6.163929e-02	-1.350790e+01
2.765000e-05	-5.910845e-02	-1.336103e+01
2.766000e-05	-5.498243e-02	-1.320274e+01
2.767000e-05	-5.312294e-02	-1.305577e+01
2.768000e-05	-4.868453e-02	-1.287745e+01
2.769000e-05	-4.613655e-02	-1.269001e+01
2.770000e-05	-4.369038e-02	-1.255811e+01
2.771000e-05	-4.087015e-02	-1.236274e+01
2.772000e-05	-3.864589e-02	-1.222419e+01
2.773000e-05	-3.546151e-02	-1.201277e+01
2.774000e-05	-3.404269e-02	-1.179317e+01
2.775000e-05	-3.116174e-02	-1.155409e+01
2.776000e-05	-2.914605e-02	-1.129159e+01
2.777000e-05	-2.691433e-02	-1.112106e+01
2.778000e-05	-2.565480e-02	-1.091966e+01
2.779000e-05	-2.485834e-02	-1.072216e+01
2.780000e-05	-2.325813e-02	-1.055261e+01
2.781000e-05	-2.189485e-02	-1.032006e+01
2.782000e-05	-2.066755e-02	-1.003605e+01
2.783000e-05	-2.002311e-02	-9.869980e+00
2.784000e-05	-1.848503e-02	-9.617927e+00
2.785000e-05	-1.759862e-02	-9.395726e+00
2.786000e-05	-1.595926e-02	-9.153293e+00
2.787000e-05	-1.605086e-02	-8.943670e+00
2.788000e-05	-1.455434e-02	-8.712713e+00
2.789000e-05	-1.429219e-02	-8.460630e+00
2.790000e-05	-1.368736e-02	-8.217973e+00
2.791000e-05	-1.313390e-02	-7.954370e+00
2.792000e-05	-1.297042e-02	-7.640635e+00
2.793000e-05	-1.247266e-02	-7.408874e+00
2.794000e-05	-1.138870e-02	-7.185247e+00
2.795000e-05	-1.087104e-02	-6.882660e+00
2.796000e-05	-1.082890e-02	-6.629532e+00
2.797000e-05	-9.688597e-03	-6.386896e+00
2.798000e-05	-9.342006e-03	-6.103662e+00
2.799000e-05	-9.949247e-03	-5.850003e+00
2.800000e-05	-8.967135e-03	-5.596371e+00
2.801000e-05	-8.718007e-03	-5.251584e+00
2.802000e-05	-9.062850e-03	-4.997895e+00
2.803000e-05	-6.964867e-03	-4.630576e+00
2.804000e-05	-7.488232e-03	-4.410027e+00
2.805000e-05	-7.758609e-03	-4.168821e+00
2.806000e-05	-7.167452e-03	-3.832188e+00
2.807000e-05	-8.894841e-03	-3.598400e+00
2.808000e-05	-7.396973e-03	-3.323794e+00
2.809000e-05	-7.024190e-03	-3.050084e+00
2.810000e-05	-4.461821e-03	-2.714867e+00
2.811000e-05	-5.347484e-03	-2.451638e+00
2.812000e-05	-4.952904e-03	-2.166502e+00
2.813000e-05	-5.676834e-03	-1.865814e+00
2.814000e-05	-5.743424e-03	-1.610054e+00
2.815000e-05	-6.600846e-03	-1.272633e+00
2.816000e-05	-4.564769e-03	-9.699763e-01
2.817000e-05	-4.114629e-03	-7.039421e-01
2.818000e-05	-1.787026e-03	-3.705763e-01
2.819000e-05	-1.956938e-03	-1.163710e-01
2.820000e-05	8.396773e-03	1.673159e-01
2.821000e-05	2.016793e-04	4.624777e-01
2.822000e-05	1.984447e-03	7.246121e-01
2.823000e-05	-2.118734e-03	9.973984e-01
2.824000e-05	1.321830e-03	1.293654e+00
2.825000e-05	8.645878e-04	1.596792e+00
2.826000e-05	6.573728e-03	1.871531e+00
2.827000e-05	2.651770e-02	2.101104e+00
2.828000e-05	8.067400e-02	2.359340e+00
2.829000e-05	-1.313189e-02	2.766307e+00
2.830000e-05	-5.850696e-02	3.060451e+00
2.831000e-05	-4.340090e-02	3.304134e+00
2.832000e-05	1.535315e-03	3.627994e+00
2.833000e-05	-2.674294e-02	3.858895e+00
2.834000e-05	-4.330772e-02	4.028866e+00
2.835000e-05	8.909809e-02	4.321529e+00
2.836000e-05	-2.605631e-02	4.616818e+00
2.837000e-05	5.882554e-02	4.859424e+00
2.838000e-05	3.825267e-02	5.195186e+00
2.839000e-05	-9.055477e-02	5.510005e+00
2.840000e-05	5.696469e-02	5.753090e+00
2.841000e-05	-2.877068e-02	6.077372e+00
2.842000e-05	3.248793e-02	6.291000e+00
2.843000e-05	-1.720386e-02	6.636210e+00
2.844000e-05	-7.549443e-03	6.867926e+00
2.845000e-05	6.894423e-02	7.119976e+00
2.846000e-05	-2.815394e-02	7.435164e+00
2.847000e-05	-3.739191e-03	7.697896e+00
2.848000e-05	-3.168633e-02	7.973533e+00
2.849000e-05	5.959131e-02	8.217292e+00
2.850000e-05	1.203311e-02	8.466872e+00
2.851000e-05	-3.446243e-02	8.668949e+00
2.852000e-05	3.329953e-02	8.940454e+00
2.853000e-05	-5.943727e-03	9.181005e+00
2.854000e-05	3.224211e-02	9.394662e+00
2.855000e-05	-2.702127e-02	9.637146e+00
2.856000e-05	1.345393e-02	9.857291e+00
2.857000e-05	1.329461e-02	1.012782e+01
2.858000e-05	2.336272e-02	1.026048e+01
2.859000e-05	1.029554e-04	1.054850e+01
2.860000e-05	-1.921818e-02	1.073191e+01
2.861000e-05	3.037994e-02	1.093097e+01
2.862000e-05	5.945137e-03	1.115145e+01
2.863000e-05	1.598694e-02	1.133946e+01
2.864000e-05	-1.460332e-02	1.162146e+01
2.865000e-05	2.819059e-02	1.179257e+01
2.866000e-05	1.325883e-02	1.204304e+01
2.867000e-05	9.933663e-03	1.220251e+01
2.868000e-05	-7.646857e-03	1.236906e+01
2.869000e-05	1.073172e-02	1.254048e+01
2.870000e-05	2.370508e-02	1.272847e+01
2.871000e-05	6.263267e-03	1.288727e+01
2.872000e-05	6.385557e-03	1.306464e+01
2.873000e-05	7.636957e-03	1.319256e+01
2.874000e-05	2.807061e-02	1.339993e+01
2.875000e-05	5.026841e-03	1.348830e+01
2.876000e-05	4.712530e-03	1.367614e+01
2.877000e-05	5.950781e-03	1.380361e+01
2.878000e-05	2.406154e-02	1.392746e+01
2.879000e-05	1.381944e-02	1.410317e+01
2.880000e-05	5.062282e-03	1.421311e+01
2.881000e-05	1.304231e-02	1.435993e+01
2.882000e-05	2.014409e-02	1.447477e+01
2.883000e-05	1.696780e-02	1.456896e+01
2.884000e-05	3.182390e-03	1.469634e+01
2.885000e-05	1.462825e-02	1.478098e+01
2.886000e-05	1.804490e-02	1.488527e+01
2.887000e-05	2.142914e-02	1.495038e+01
2.888000e-05	8.784131e-03	1.502407e+01
2.889000e-05	1.438922e-02	1.508735e+01
2.890000e-05	2.020502e-02	1.516051e+01
2.891000e-05	1.991507e-02	1.523319e+01
2.892000e-05	1.273748e-02	1.530630e+01
2.893000e-05	1.359990e-02	1.532943e+01
2.894000e-05	2.339163e-02	1.543201e+01
2.895000e-05	2.258015e-02	1.544116e+01
2.896000e-05	1.649130e-02	1.550462e+01
2.897000e-05	1.519278e-02	1.551677e+01
2.898000e-05	2.448567e-02	1.553798e+01
2.899000e-05	2.519026e-02	1.558001e+01
2.900000e-05	2.136360e-02	1.557996e+01
2.901000e-05	2.011476e-02	1.559106e+01
2.902000e-05	2.609873e-02	1.561054e+01
2.903000e-05	2.984354e-02	1.559261e+01
2.904000e-05	2.502389e-02	1.556008e+01
2.905000e-05	2.417938e-02	1.561905e+01
2.906000e-05	3.050215e-02	1.556836e+01
2.907000e-05	3.647984e-02	1.552985e+01
2.908000e-05	3.320708e-02	1.548733e+01
2.909000e-05	3.081830e-02	1.543467e+01
2.910000e-05	3.581434e-02	1.543159e+01
2.911000e-05	4.093072e-02	1.538853e+01
2.912000e-05	4.103025e-02	1.533943e+01
2.913000e-05	3.777750e-02	1.528672e+01
2.914000e-05	4.333173e-02	1.519169e+01
2.915000e-05	4.948735e-02	1.513848e+01
2.916000e-05	5.127954e-02	1.503419e+01
2.917000e-05	4.938322e-02	1.498251e+01
2.918000e-05	5.527139e-02	1.488787e+01
2.919000e-05	6.269327e-02	1.479064e+01
2.920000e-05	6.468093e-02	1.470883e+01
2.921000e-05	6.229388e-02	1.459306e+01
2.922000e-05	6.405406e-02	1.452702e+01
2.923000e-05	7.019972e-02	1.440959e+01
2.924000e-05	6.974848e-02	1.426682e+01
2.925000e-05	6.536231e-02	1.409888e+01
2.926000e-05	6.294465e-02	1.405212e+01
2.927000e-05	6.516660e-02	1.389578e+01
2.928000e-05	6.274981e-02	1.368793e+01
2.929000e-05	5.748287e-02	1.359061e+01
2.930000e-05	5.233323e-02	1.338522e+01
2.931000e-05	5.254831e-02	1.326743e+01
2.932000e-05	5.097233e-02	1.312851e+01
2.933000e-05	4.375335e-02	1.298306e+01
2.934000e-05	3.901023e-02	1.280279e+01
2.935000e-05	3.830687e-02	1.265634e+01
2.936000e-05	3.713342e-02	1.244790e+01
2.937000e-05	3.214427e-02	1.228693e+01
2.938000e-05	2.715360e-02	1.208998e+01
2.939000e-05	2.752042e-02	1.191018e+01
2.940000e-05	2.697844e-02	1.168946e+01
2.941000e-05	2.354586e-02	1.152001e+01
2.942000e-05	2.010184e-02	1.128000e+01
2.943000e-05	1.921060e-02	1.110903e+01
2.944000e-05	1.981475e-02	1.089260e+01
2.945000e-05	1.619686e-02	1.072643e+01
2.946000e-05	1.273900e-02	1.043696e+01
2.947000e-05	1.252832e-02	1.021790e+01
2.948000e-05	1.437467e-02	1.000488e+01
2.949000e-05	1.158623e-02	9.783194e+00
2.950000e-05	9.705246e-03	9.573712e+00
2.951000e-05	8.991451e-03	9.352186e+00
2.952000e-05	8.955922e-03	9.081586e+00
2.953000e-05	7.023653e-03	8.849505e+00
2.954000e-05	5.194049e-03	8.606876e+00
2.955000e-05	5.056987e-03	8.394870e+00
2.956000e-05	6.305656e-03	8.164717e+00
2.957000e-05	6.063091e-03	7.872031e+00
2.958000e-05	3.051032e-03	7.626377e+00
2.959000e-05	2.767842e-03	7.334662e+00
2.960000e-05	2.975521e-03	7.061508e+00
2.961000e-05	3.065809e-03	6.839553e+00
2.962000e-05	3.437243e-04	6.554418e+00
2.963000e-05	3.233430e-04	6.302160e+00
2.964000e-05	1.269540e-03	6.090582e+00
2.965000e-05	1.983737e-03	5.796374e+00
2.966000e-05	-9.412108e-04	5.442735e+00
2.967000e-05	-6.284721e-04	5.228980e+00
2.968000e-05	-2.001085e-04	4.852629e+00
2.969000e-05	3.653672e-04	4.558372e+00
2.970000e-05	-1.267655e-03	4.326394e+00
2.971000e-05	-1.893526e-03	3.991556e+00
2.972000e-05	-1.932695e-03	3.747945e+00
2.973000e-05	-1.478780e-03	3.522185e+00
2.974000e-05	-2.024952e-03	3.179474e+00
2.975000e-05	-4.321040e-03	2.914762e+00
2.976000e-05	-3.948300e-03	2.671609e+00
2.977000e-05	-2.621923e-03	2.357445e+00
2.978000e-05	-3.436795e-03	2.063209e+00
2.979000e-05	-4.082079e-03	1.780454e+00
2.980000e-05	-4.034405e-03	1.483739e+00
2.981000e-05	-2.582432e-03	1.177525e+00
2.982000e-05	-4.347375e-03	8.326615e-01
2.983000e-05	-5.701496e-03	5.580023e-01
2.984000e-05	-4.612318e-03	2.738444e-01
2.985000e-05	-1.761902e-03	-5.244880e-02
2.986000e-05	7.119566e-03	-2.836318e-01
2.987000e-05	-3.926155e-03	-5.466330e-01
2.988000e-05	-9.880995e-04	-8.414239e-01
2.989000e-05	-5.530261e-03	-1.094007e+00
2.990000e-05	-1.193043e-04	-1.406792e+00
2.991000e-05	-5.017920e-03	-1.661975e+00
2.992000e-05	1.170160e-02	-1.864083e+00
2.993000e-05	7.373353e-02	-2.083133e+00
2.994000e-05	2.755077e-02	-2.491946e+00
2.995000e-05	-7.956699e-02	-2.858870e+00
2.996000e-05	-3.955426e-02	-3.248815e+00
2.997000e-05	-3.261257e-02	-3.470976e+00
2.998000e-05	-3.691314e-02	-3.711531e+00
2.999000e-05	-1.380034e-02	-3.965165e+00
3.000000e-05	1.155008e-01	-4.092637e+00
3.001000e-05	-1.472049e-01	-4.408793e+00
3.002000e-05	1.639527e-01	-4.660926e+00
3.003000e-05	-4.957867e-02	-4.941030e+00
3.004000e-05	-5.894860e-02	-5.280927e+00
3.005000e-05	5.290441e-02	-5.535185e+00
3.006000e-05	-1.427581e-01	-5.839899e+00
3.007000e-05	1.432733e-01	-6.100533e+00
3.008000e-05	-8.717465e-02	-6.354659e+00
3.009000e-05	2.882031e-02	-6.650400e+00
3.010000e-05	3.355113e-02	-6.920426e+00
3.011000e-05	-7.848230e-02	-7.256841e+00
3.012000e-05	5.763902e-02	-7.488376e+00
3.013000e-05	-1.069887e-01	-7.752056e+00
3.014000e-05	7.333164e-02	-8.046790e+00
3.015000e-05	-3.013617e-02	-8.258297e+00
3.016000e-05	-1.027110e-02	-8.541007e+00
3.017000e-05	3.565963e-02	-8.753504e+00
3.018000e-05	-8.485153e-02	-9.046762e+00
3.019000e-05	6.204770e-02	-9.247371e+00
3.020000e-05	-8.176384e-02	-9.518420e+00
3.021000e-05	5.020538e-02	-9.712429e+00
3.022000e-05	-4.677622e-02	-9.900425e+00
3.023000e-05	2.069988e-02	-1.020453e+01
3.024000e-05	-1.287831e-02	-1.039363e+01
3.025000e-05	-3.168727e-02	-1.061464e+01
3.026000e-05	8.636925e-03	-1.081364e+01
3.027000e-05	-4.517809e-02	-1.102566e+01
3.028000e-05	2.925828e-02	-1.121472e+01
3.029000e-05	-4.728973e-02	-1.146577e+01
3.030000e-05	2.448698e-02	-1.166667e+01
3.031000e-05	-3.847078e-02	-1.188670e+01
3.032000e-05	1.095798e-02	-1.209779e+01
3.033000e-05	-3.778842e-02	-1.226525e+01
3.034000e-05	-4.363117e-03	-1.244465e+01
3.035000e-05	-1.730096e-02	-1.257414e+01
3.036000e-05	-1.139585e-02	-1.278311e+01
3.037000e-05	-1.011081e-02	-1.296190e+01
3.038000e-05	-2.309692e-02	-1.313835e+01
3.039000e-05	-8.081287e-04	-1.327780e+01
3.040000e-05	-2.747803e-02	-1.340311e+01
3.041000e-05	-4.337845e-03	-1.357996e+01
3.042000e-05	-3.207928e-02	-1.371887e+01
3.043000e-05	-2.409018e-03	-1.384570e+01
3.044000e-05	-2.620994e-02	-1.397256e+01
3.045000e-05	-1.000475e-02	-1.413933e+01
3.046000e-05	-2.434232e-02	-1.429472e+01
3.047000e-05	-1.200500e-02	-1.440154e+01
3.048000e-05	-1.943809e-02	-1.449785e+01
3.049000e-05	-1.840047e-02	-1.462461e+01
3.050000e-05	-1.904931e-02	-1.472777e+01
3.051000e-05	-2.130534e-02	-1.480259e+01
3.052000e-05	-1.598106e-02	-1.488585e+01
3.053000e-05	-2.278807e-02	-1.495201e+01
3.054000e-05	-1.979007e-02	-1.506574e+01
3.055000e-05	-2.487508e-02	-1.513795e+01
3.056000e-05	-1.810873e-02	-1.522056e+01
3.057000e-05	-2.338759e-02	-1.525627e+01
3.058000e-05	-2.120645e-02	-1.537640e+01
3.059000e-05	-2.602983e-02	-1.539105e+01
3.060000e-05	-2.025884e-02	-1.542507e+01
3.061000e-05	-2.679694e-02	-1.545722e+01
3.062000e-05	-2.543423e-02	-1.553688e+01
3.063000e-05	-2.818321e-02	-1.556845e+01
3.064000e-05	-2.489940e-02	-1.555108e+01
3.065000e-05	-2.586265e-02	-1.556149e+01
3.066000e-05	-3.004867e-02	-1.560214e+01
3.067000e-05	-2.926356e-02	-1.558209e+01
3.068000e-05	-3.210398e-02	-1.562259e+01
3.069000e-05	-2.993556e-02	-1.559366e+01
3.070000e-05	-3.526355e-02	-1.559266e+01
3.071000e-05	-3.450639e-02	-1.558064e+01
3.072000e-05	-3.575648e-02	-1.552996e+01
3.073000e-05	-3.694911e-02	-1.553951e+01
3.074000e-05	-4.011077e-02	-1.551687e+01
3.075000e-05	-4.227347e-02	-1.546830e+01
3.076000e-05	-4.239238e-02	-1.542372e+01
3.077000e-05	-4.366940e-02	-1.538251e+01
3.078000e-05	-4.554218e-02	-1.531888e+01
3.079000e-05	-4.810273e-02	-1.525530e+01
3.080000e-05	-5.106643e-02	-1.522311e+01
3.081000e-05	-5.258914e-02	-1.509793e+01
3.082000e-05	-5.662175e-02	-1.506479e+01
3.083000e-05	-6.027015e-02	-1.500159e+01
3.084000e-05	-6.401170e-02	-1.487685e+01
3.085000e-05	-6.555017e-02	-1.480459e+01
3.086000e-05	-6.851590e-02	-1.475891e+01
3.087000e-05	-7.102454e-02	-1.464369e+01
3.088000e-05	-7.273760e-02	-1.452736e+01
3.089000e-05	-7.375811e-02	-1.440064e+01
3.090000e-05	-7.344156e-02	-1.429675e+01
3.091000e-05	-7.360038e-02	-1.416843e+01
3.092000e-05	-7.245812e-02	-1.403417e+01
3.093000e-05	-7.075182e-02	-1.387790e+01
3.094000e-05	-6.745441e-02	-1.370803e+01
3.095000e-05	-6.435302e-02	-1.361416e+01
3.096000e-05	-6.157778e-02	-1.347520e+01
3.097000e-05	-5.802276e-02	-1.327748e+01
3.098000e-05	-5.324396e-02	-1.313056e+01
3.099000e-05	-5.055556e-02	-1.295467e+01
3.100000e-05	-4.802864e-02	-1.282482e+01
3.101000e-05	-4.547761e-02	-1.264427e+01
3.102000e-05	-4.223645e-02	-1.244805e+01
3.103000e-05	-4.009671e-02	-1.230693e+01
3.104000e-05	-3.772678e-02	-1.210001e+01
3.105000e-05	-3.513456e-02	-1.194048e+01
3.106000e-05	-3.237882e-02	-1.175051e+01
3.107000e-05	-3.021406e-02	-1.149955e+01
3.108000e-05	-2.852542e-02	-1.126897e+01
3.109000e-05	-2.738614e-02	-1.106738e+01
3.110000e-05	-2.574416e-02	-1.084997e+01
3.111000e-05	-2.322082e-02	-1.064948e+01
3.112000e-05	-2.344164e-02	-1.046692e+01
3.113000e-05	-2.176044e-02	-1.020580e+01
3.114000e-05	-2.078143e-02	-9.984846e+00
3.115000e-05	-1.847791e-02	-9.713769e+00
3.116000e-05	-1.891177e-02	-9.582766e+00
3.117000e-05	-1.795843e-02	-9.304189e+00
3.118000e-05	-1.689374e-02	-9.079482e+00
3.119000e-05	-1.453066e-02	-8.897054e+00
3.120000e-05	-1.401839e-02	-8.605851e+00
3.121000e-05	-1.455787e-02	-8.384770e+00
3.122000e-05	-1.372860e-02	-8.124159e+00
3.123000e-05	-1.177346e-02	-7.887507e+00
3.124000e-05	-1.193027e-02	-7.605823e+00
3.125000e-05	-1.148803e-02	-7.314288e+00
3.126000e-05	-1.261444e-02	-7.037630e+00
3.127000e-05	-1.026013e-02	-6.787447e+00
3.128000e-05	-1.058357e-02	-6.544343e+00
3.129000e-05	-9.095777e-03	-6.311683e+00
3.130000e-05	-1.164217e-02	-6.008476e+00
3.131000e-05	-8.875063e-03	-5.724339e+00
3.132000e-05	-9.332990e-03	-5.460183e+00
3.133000e-05	-7.391226e-03	-5.165396e+00
3.134000e-05	-1.042781e-02	-4.870205e+00
3.135000e-05	-6.270384e-03	-4.555366e+00
3.136000e-05	-7.607450e-03	-4.315316e+00
3.137000e-05	-6.523547e-03	-4.000711e+00
3.138000e-05	-8.790891e-03	-3.747400e+00
3.139000e-05	-7.693555e-03	-3.493737e+00
3.140000e-05	-6.940297e-03	-3.210603e+00
3.141000e-05	-5.518434e-03	-2.875818e+00
3.142000e-05	-6.510239e-03	-2.609608e+00
3.143000e-05	-4.759153e-03	-2.316950e+00
3.144000e-05	-4.001043e-03	-2.022175e+00
3.145000e-05	-6.734047e-03	-1.760026e+00
3.146000e-05	-5.017203e-03	-1.485718e+00
3.147000e-05	-8.931088e-03	-1.126420e+00
3.148000e-05	-2.802758e-03	-8.832868e-01
3.149000e-05	-5.826454e-03	-5.399774e-01
3.150000e-05	-8.869301e-04	-2.343357e-01
3.151000e-05	2.094931e-03	-3.217795e-02
3.152000e-05	1.148144e-02	3.225793e-01
3.153000e-05	-2.106939e-03	5.562359e-01
3.154000e-05	2.552083e-03	8.094221e-01
3.155000e-05	-3.866150e-03	1.136082e+00
3.156000e-05	1.427433e-03	1.375292e+00
3.157000e-05	-4.492528e-04	1.733085e+00
3.158000e-05	1.394532e-02	1.965238e+00
3.159000e-05	4.644887e-02	2.206292e+00
3.160000e-05	7.298561e-02	2.543052e+00
3.161000e-05	-5.414885e-02	2.863005e+00
3.162000e-05	-4.826040e-02	3.164689e+00
3.163000e-05	-3.226886e-02	3.428346e+00
3.164000e-05	5.305348e-03	3.670081e+00
3.165000e-05	-5.063929e-02	3.901157e+00
3.166000e-05	-3.760277e-03	4.110006e+00
3.167000e-05	9.315008e-02	4.428296e+00
3.168000e-05	-6.096459e-02	4.702505e+00
3.169000e-05	1.299485e-01	4.983611e+00
3.170000e-05	-6.548342e-02	5.352528e+00
3.171000e-05	-2.246748e-02	5.605709e+00
3.172000e-05	3.903532e-02	5.868420e+00
3.173000e-05	-3.134716e-02	6.143159e+00
3.174000e-05	4.794360e-02	6.385687e+00
3.175000e-05	-5.322732e-02	6.719949e+00
3.176000e-05	4.923676e-02	6.964111e+00
3.177000e-05	2.211562e-02	7.225713e+00
3.178000e-05	-1.869038e-02	7.502947e+00
3.179000e-05	-1.878944e-02	7.793607e+00
3.180000e-05	-2.110980e-03	8.068292e+00
3.181000e-05	6.319309e-02	8.320453e+00
3.182000e-05	-2.269289e-02	8.551003e+00
3.183000e-05	-6.068276e-03	8.752083e+00
3.184000e-05	2.178240e-02	9.004689e+00
3.185000e-05	5.705553e-04	9.246691e+00
3.186000e-05	1.893452e-02	9.438796e+00
3.187000e-05	-2.488644e-02	9.709426e+00
3.188000e-05	2.440352e-02	9.961025e+00
3.189000e-05	1.371059e-02	1.015196e+01
3.190000e-05	2.296251e-02	1.037359e+01
3.191000e-05	-1.386460e-02	1.062466e+01
3.192000e-05	-3.236953e-03	1.085576e+01
3.193000e-05	2.686875e-02	1.103571e+01
3.194000e-05	2.732351e-03	1.122369e+01
3.195000e-05	7.607731e-03	1.145462e+01
3.196000e-05	-3.738345e-03	1.169527e+01
3.197000e-05	3.062428e-02	1.188584e+01
3.198000e-05	9.072122e-03	1.210865e+01
3.199000e-05	4.076908e-03	1.228464e+01
3.200000e-05	-3.613434e-03	1.242319e+01
3.201000e-05	1.811313e-02	1.262426e+01
3.202000e-05	1.882878e-02	1.274303e+01
3.203000e-05	3.320230e-03	1.291838e+01
3.204000e-05	6.884998e-03	1.309672e+01
3.205000e-05	1.562382e-02	1.327474e+01
3.206000e-05	2.176854e-02	1.340362e+01
3.207000e-05	2.360149e-03	1.357095e+01
3.208000e-05	4.625909e-03	1.369738e+01
3.209000e-05	1.401854e-02	1.385419e+01
3.210000e-05	1.999027e-02	1.403103e+01
3.211000e-05	9.648196e-03	1.413683e+01
3.212000e-05	5.920056e-03	1.427622e+01
3.213000e-05	1.650786e-02	1.441061e+01
3.214000e-05	1.872106e-02	1.455533e+01
3.215000e-05	1.287666e-02	1.459156e+01
3.216000e-05	7.236780e-03	1.472777e+01
3.217000e-05	1.671071e-02	1.482256e+01
3.218000e-05	2.121265e-02	1.485730e+01
3.219000e-05	1.449279e-02	1.495098e+01
3.220000e-05	1.121227e-02	1.503617e+01
3.221000e-05	1.447745e-02	1.510880e+01
3.222000e-05	2.198305e-02	1.516256e+01
3.223000e-05	1.615370e-02	1.523316e+01
3.224000e-05	1.353091e-02	1.529537e+01
3.225000e-05	1.734098e-02	1.537983e+01
3.226000e-05	2.341970e-02	1.541101e+01
3.227000e-05	2.069362e-02	1.547469e+01
3.228000e-05	1.456185e-02	1.549575e+01
3.229000e-05	2.104256e-02	1.550683e+01
3.230000e-05	2.531328e-02	1.557896e+01
3.231000e-05	2.459760e-02	1.558048e+01
3.232000e-05	1.823102e-02	1.556153e+01
3.233000e-05	2.190435e-02	1.559006e+01
3.234000e-05	2.875521e-02	1.560051e+01
3.235000e-05	2.821584e-02	1.561203e+01
3.236000e-05	2.432856e-02	1.556953e+01
3.237000e-05	2.639242e-02	1.557951e+01
3.238000e-05	3.536036e-02	1.550790e+01
3.239000e-05	3.404687e-02	1.553690e+01
3.240000e-05	3.167022e-02	1.547532e+01
3.241000e-05	3.146364e-02	1.544317e+01
3.242000e-05	4.021541e-02	1.539148e+01
3.243000e-05	4.003417e-02	1.537993e+01
3.244000e-05	3.934389e-02	1.528780e+01
3.245000e-05	3.999550e-02	1.522271e+01
3.246000e-05	4.594839e-02	1.516155e+01
3.247000e-05	5.023499e-02	1.510592e+01
3.248000e-05	4.947582e-02	1.505377e+01
3.249000e-05	5.173983e-02	1.493103e+01
3.250000e-05	5.808118e-02	1.483432e+01
3.251000e-05	6.301560e-02	1.475898e+01
3.252000e-05	6.207088e-02	1.466533e+01
3.253000e-05	6.343468e-02	1.454966e+01
3.254000e-05	6.749390e-02	1.448527e+01
3.255000e-05	6.836873e-02	1.434008e+01
3.256000e-05	6.728739e-02	1.421561e+01
3.257000e-05	6.390668e-02	1.407833e+01
3.258000e-05	6.616942e-02	1.396908e+01
3.259000e-05	6.287115e-02	1.382379e+01
3.260000e-05	6.035832e-02	1.364690e+01
3.261000e-05	5.520100e-02	1.351955e+01
3.262000e-05	5.415716e-02	1.335266e+01
3.263000e-05	5.032247e-02	1.324432e+01
3.264000e-05	4.606235e-02	1.307694e+01
3.265000e-05	4.150245e-02	1.290748e+01
3.266000e-05	4.039894e-02	1.272104e+01
3.267000e-05	3.857511e-02	1.256419e+01
3.268000e-05	3.337039e-02	1.240424e+01
3.269000e-05	3.028848e-02	1.221572e+01
3.270000e-05	2.890688e-02	1.205737e+01
3.271000e-05	2.805541e-02	1.182592e+01
3.272000e-05	2.379548e-02	1.162685e+01
3.273000e-05	2.156446e-02	1.140380e+01
3.274000e-05	2.062312e-02	1.118582e+01
3.275000e-05	2.082253e-02	1.100679e+01
3.276000e-05	1.743737e-02	1.079535e+01
3.277000e-05	1.377677e-02	1.056528e+01
3.278000e-05	1.327338e-02	1.037321e+01
3.279000e-05	1.435685e-02	1.017369e+01
3.280000e-05	1.378344e-02	9.942212e+00
3.281000e-05	9.376584e-03	9.670580e+00
3.282000e-05	8.679254e-03	9.450004e+00
3.283000e-05	1.012344e-02	9.238551e+00
3.284000e-05	8.787874e-03	9.006871e+00
3.285000e-05	5.369336e-03	8.725843e+00
3.286000e-05	4.480778e-03	8.523216e+00
3.287000e-05	6.854974e-03	8.322167e+00
3.288000e-05	6.367796e-03	8.038531e+00
3.289000e-05	3.030320e-03	7.777396e+00
3.290000e-05	1.956061e-03	7.532236e+00
3.291000e-05	3.584184e-03	7.219003e+00
3.292000e-05	4.272797e-03	6.985847e+00
3.293000e-05	1.228844e-03	6.754744e+00
3.294000e-05	6.867249e-04	6.419034e+00
3.295000e-05	2.432424e-03	6.207923e+00
3.296000e-05	2.344620e-03	5.965868e+00
3.297000e-05	3.155992e-04	5.652631e+00
3.298000e-05	-2.824102e-03	5.386899e+00
3.299000e-05	8.388831e-04	5.072109e+00
3.300000e-05	-1.082148e-03	4.735941e+00
3.301000e-05	-4.382021e-04	4.464262e+00
3.302000e-05	-3.995388e-03	4.168006e+00
3.303000e-05	-8.603873e-04	3.944789e+00
3.304000e-05	5.870612e-04	3.631080e+00
3.305000e-05	-5.600050e-04	3.387528e+00
3.306000e-05	-4.754981e-03	3.102241e+00
3.307000e-05	-4.727977e-03	2.800580e+00
3.308000e-05	-3.748267e-03	2.514992e+00
3.309000e-05	-5.739294e-03	2.240033e+00
3.310000e-05	-5.209439e-03	1.968025e+00
3.311000e-05	-4.528405e-03	1.743289e+00
3.312000e-05	1.335802e-03	1.359451e+00
3.313000e-05	-2.390873e-03	1.062110e+00
3.314000e-05	-3.914050e-03	7.269422e-01
3.315000e-05	-7.478549e-03	4.732105e-01
3.316000e-05	-3.056207e-03	2.185800e-01
3.317000e-05	-2.258295e-03	-9.518309e-02
3.318000e-05	4.668745e-03	-3.773147e-01
3.319000e-05	-6.168057e-03	-6.609976e-01
3.320000e-05	2.886214e-03	-9.152105e-01
3.321000e-05	-3.995510e-03	-1.157812e+00
3.322000e-05	-1.387921e-03	-1.461579e+00
3.323000e-05	-2.961568e-03	-1.705262e+00
3.324000e-05	2.683712e-02	-1.967290e+00
3.325000e-05	9.323445e-02	-2.228846e+00
3.326000e-05	-4.628320e-02	-2.617791e+00
3.327000e-05	-5.635862e-02	-2.986189e+00
3.328000e-05	-4.603058e-02	-3.292580e+00
3.329000e-05	-1.165566e-02	-3.545186e+00
3.330000e-05	-6.800389e-02	-3.836819e+00
3.331000e-05	7.784531e-02	-4.028368e+00
3.332000e-05	1.075798e-02	-4.187794e+00
3.333000e-05	-7.654723e-02	-4.493033e+00
3.334000e-05	1.716167e-01	-4.744157e+00
3.335000e-05	-1.596114e-01	-5.060870e+00
3.336000e-05	6.333112e-02	-5.435617e+00
3.337000e-05	-6.453220e-02	-5.648372e+00
3.338000e-05	-3.553883e-02	-5.994632e+00
3.339000e-05	1.036611e-01	-6.164163e+00
3.340000e-05	-1.178550e-01	-6.500419e+00
3.341000e-05	1.068137e-01	-6.715158e+00
3.342000e-05	-6.302532e-02	-7.026243e+00
3.343000e-05	-4.097330e-03	-7.353006e+00
3.344000e-05	-2.872534e-03	-7.523605e+00
3.345000e-05	-6.951604e-02	-7.888794e+00
3.346000e-05	9.043275e-02	-8.101478e+00
3.347000e-05	-8.687424e-02	-8.363634e+00
3.348000e-05	6.241005e-02	-8.615242e+00
3.349000e-05	-4.509115e-02	-8.877296e+00
3.350000e-05	-1.459202e-02	-9.109952e+00
3.351000e-05	1.249387e-02	-9.310504e+00
3.352000e-05	-5.819163e-02	-9.574031e+00
3.353000e-05	5.056718e-02	-9.826089e+00
3.354000e-05	-6.243241e-02	-1.001419e+01
3.355000e-05	5.356403e-02	-1.021627e+01
3.356000e-05	-6.282928e-02	-1.046522e+01
3.357000e-05	1.946990e-02	-1.067937e+01
3.358000e-05	-3.602108e-02	-1.083832e+01
3.359000e-05	-1.831735e-03	-1.109935e+01
3.360000e-05	-7.664855e-03	-1.133688e+01
3.361000e-05	-2.257049e-02	-1.157045e+01
3.362000e-05	1.002105e-02	-1.175985e+01
3.363000e-05	-3.109922e-02	-1.193038e+01
3.364000e-05	7.796240e-03	-1.218151e+01
3.365000e-05	-4.333029e-02	-1.234045e+01
3.366000e-05	1.100900e-02	-1.247790e+01
3.367000e-05	-3.181485e-02	-1.268724e+01
3.368000e-05	4.560144e-03	-1.287479e+01
3.369000e-05	-3.001228e-02	-1.301559e+01
3.370000e-05	-1.680189e-03	-1.317256e+01
3.371000e-05	-1.952005e-02	-1.328893e+01
3.372000e-05	-1.422659e-02	-1.349577e+01
3.373000e-05	-1.732940e-02	-1.360559e+01
3.374000e-05	-2.073879e-02	-1.378141e+01
3.375000e-05	-6.763822e-03	-1.392933e+01
3.376000e-05	-2.504383e-02	-1.408422e+01
3.377000e-05	-1.065565e-02	-1.420151e+01
3.378000e-05	-2.584700e-02	-1.434727e+01
3.379000e-05	-8.438534e-03	-1.443366e+01
3.380000e-05	-2.481173e-02	-1.451933e+01
3.381000e-05	-1.581451e-02	-1.465422e+01
3.382000e-05	-2.350923e-02	-1.475993e+01
3.383000e-05	-1.351339e-02	-1.483372e+01
3.384000e-05	-1.967639e-02	-1.495843e+01
3.385000e-05	-2.082964e-02	-1.501356e+01
3.386000e-05	-2.347667e-02	-1.510722e+01
3.387000e-05	-2.042182e-02	-1.516046e+01
3.388000e-05	-2.213504e-02	-1.525306e+01
3.389000e-05	-2.389049e-02	-1.529673e+01
3.390000e-05	-2.323591e-02	-1.533038e+01
3.391000e-05	-2.303365e-02	-1.535301e+01
3.392000e-05	-2.107566e-02	-1.542669e+01
3.393000e-05	-2.840095e-02	-1.546925e+01
3.394000e-05	-2.530454e-02	-1.555890e+01
3.395000e-05	-2.853916e-02	-1.552045e+01
3.396000e-05	-2.314138e-02	-1.560140e+01
3.397000e-05	-3.022859e-02	-1.561309e+01
3.398000e-05	-2.904114e-02	-1.559356e+01
3.399000e-05	-3.049054e-02	-1.557216e+01
3.400000e-05	-3.033052e-02	-1.560067e+01
3.401000e-05	-3.298412e-02	-1.560219e+01
3.402000e-05	-3.661564e-02	-1.556144e+01
3.403000e-05	-3.376401e-02	-1.559216e+01
3.404000e-05	-3.590183e-02	-1.555051e+01
3.405000e-05	-3.775318e-02	-1.554790e+01
3.406000e-05	-4.272838e-02	-1.549742e+01
3.407000e-05	-4.168099e-02	-1.543622e+01
3.408000e-05	-4.242113e-02	-1.541356e+01
3.409000e-05	-4.418580e-02	-1.534256e+01
3.410000e-05	-4.844604e-02	-1.530883e+01
3.411000e-05	-4.842201e-02	-1.522379e+01
3.412000e-05	-5.011522e-02	-1.516016e+01
3.413000e-05	-5.417349e-02	-1.511788e+01
3.414000e-05	-5.965229e-02	-1.504562e+01
3.415000e-05	-6.140358e-02	-1.496093e+01
3.416000e-05	-6.311708e-02	-1.484730e+01
3.417000e-05	-6.548715e-02	-1.476321e+01
3.418000e-05	-6.951879e-02	-1.468627e+01
3.419000e-05	-7.278409e-02	-1.456303e+01
3.420000e-05	-7.334233e-02	-1.443475e+01
3.421000e-05	-7.369200e-02	-1.432951e+01
3.422000e-05	-7.414363e-02	-1.424464e+01
3.423000e-05	-7.338374e-02	-1.411788e+01
3.424000e-05	-7.039925e-02	-1.398154e+01
3.425000e-05	-6.826450e-02	-1.383429e+01
3.426000e-05	-6.679087e-02	-1.366845e+01
3.427000e-05	-6.476251e-02	-1.351848e+01
3.428000e-05	-6.020655e-02	-1.341109e+01
3.429000e-05	-5.610518e-02	-1.322579e+01
3.430000e-05	-5.271907e-02	-1.306803e+01
3.431000e-05	-4.991024e-02	-1.289011e+01
3.432000e-05	-4.639304e-02	-1.274114e+01
3.433000e-05	-4.304079e-02	-1.261214e+01
3.434000e-05	-4.155460e-02	-1.240532e+01
3.435000e-05	-3.983204e-02	-1.223637e+01
3.436000e-05	-3.712169e-02	-1.204640e+01
3.437000e-05	-3.381190e-02	-1.186735e+01
3.438000e-05	-3.121739e-02	-1.155630e+01
3.439000e-05	-2.965788e-02	-1.140564e+01
3.440000e-05	-2.817570e-02	-1.120417e+01
3.441000e-05	-2.598959e-02	-1.094529e+01
3.442000e-05	-2.512116e-02	-1.078372e+01
3.443000e-05	-2.351236e-02	-1.058432e+01
3.444000e-05	-2.266722e-02	-1.034324e+01
3.445000e-05	-2.066609e-02	-1.010259e+01
3.446000e-05	-1.869124e-02	-9.881533e+00
3.447000e-05	-1.908255e-02	-9.721157e+00
3.448000e-05	-1.818183e-02	-9.459532e+00
3.449000e-05	-1.775197e-02	-9.198450e+00
3.450000e-05	-1.538282e-02	-8.986821e+00
3.451000e-05	-1.566689e-02	-8.765293e+00
3.452000e-05	-1.538722e-02	-8.544659e+00
3.453000e-05	-1.382225e-02	-8.252556e+00
3.454000e-05	-1.226164e-02	-8.009376e+00
3.455000e-05	-1.230853e-02	-7.804216e+00
3.456000e-05	-1.245887e-02	-7.481155e+00
3.457000e-05	-1.218411e-02	-7.199530e+00
3.458000e-05	-1.092898e-02	-6.953768e+00
3.459000e-05	-1.171159e-02	-6.682164e+00
3.460000e-05	-1.065831e-02	-6.461556e+00
3.461000e-05	-9.820993e-03	-6.168325e+00
3.462000e-05	-9.198195e-03	-5.871236e+00
3.463000e-05	-8.300862e-03	-5.661005e+00
3.464000e-05	-1.009793e-02	-5.355420e+00
3.465000e-05	-9.041736e-03	-5.041165e+00
3.466000e-05	-8.156121e-03	-4.685689e+00
3.467000e-05	-5.990035e-03	-4.462136e+00
3.468000e-05	-8.200319e-03	-4.209054e+00
3.469000e-05	-7.517115e-03	-3.975295e+00
3.470000e-05	-9.204707e-03	-3.642105e+00
3.471000e-05	-5.948558e-03	-3.388027e+00
3.472000e-05	-8.360178e-03	-3.084344e+00
3.473000e-05	-5.494311e-03	-2.789950e+00
3.474000e-05	-5.363261e-03	-2.514842e+00
3.475000e-05	-3.494760e-03	-2.260714e+00
3.476000e-05	-5.065853e-03	-1.946446e+00
3.477000e-05	-5.999901e-03	-1.643739e+00
3.478000e-05	-6.790837e-03	-1.316851e+00
3.479000e-05	-5.070222e-03	-1.033654e+00
3.480000e-05	-4.716555e-03	-7.358511e-01
3.481000e-05	-3.504913e-03	-4.241879e-01
3.482000e-05	-2.874014e-03	-1.610551e-01
3.483000e-05	6.602435e-03	8.310539e-02
3.484000e-05	5.414824e-03	4.099423e-01
3.485000e-05	-1.014910e-03	6.720526e-01
3.486000e-05	4.788004e-04	9.256553e-01
3.487000e-05	-2.284177e-05	1.189499e+00
3.488000e-05	2.799355e-03	1.483605e+00
3.489000e-05	8.421034e-04	1.809468e+00
3.490000e-05	1.991884e-02	2.050975e+00
3.491000e-05	6.854865e-02	2.302004e+00
3.492000e-05	2.870964e-02	2.659400e+00
3.493000e-05	-6.687931e-02	2.997862e+00
3.494000e-05	-4.468718e-02	3.272000e+00
3.495000e-05	-1.231651e-02	3.534708e+00
3.496000e-05	-6.095513e-03	3.776237e+00
3.497000e-05	-5.478829e-02	3.995791e+00
3.498000e-05	5.417209e-02	4.189193e+00
3.499000e-05	3.067625e-02	4.563108e+00
3.500000e-05	-9.486087e-03	4.846766e+00
3.501000e-05	1.058580e-01	5.089895e+00
3.502000e-05	-1.115791e-01	5.458393e+00
3.503000e-05	4.038604e-02	5.689951e+00
3.504000e-05	-3.749683e-03	5.985162e+00
3.505000e-05	6.528397e-03	6.227771e+00
3.506000e-05	1.730605e-02	6.531428e+00
3.507000e-05	-4.277265e-02	6.795209e+00
3.508000e-05	7.703537e-02	7.037298e+00
3.509000e-05	-1.886644e-02	7.380405e+00
3.510000e-05	-6.191216e-03	7.606211e+00
3.511000e-05	-3.454773e-02	7.888300e+00
3.512000e-05	4.051288e-02	8.204657e+00
3.513000e-05	3.918746e-02	8.355135e+00
3.514000e-05	-3.817318e-02	8.606740e+00
3.515000e-05	2.186660e-02	8.856817e+00
3.516000e-05	1.557793e-03	9.088422e+00
3.517000e-05	2.142334e-02	9.310930e+00
3.518000e-05	-1.144295e-02	9.563009e+00
3.519000e-05	-4.366998e-03	9.823559e+00
3.520000e-05	2.040613e-02	1.004569e+01
3.521000e-05	2.138267e-02	1.025672e+01
3.522000e-05	1.202746e-02	1.046624e+01
3.523000e-05	-2.278024e-02	1.067682e+01
3.524000e-05	1.784099e-02	1.088843e+01
3.525000e-05	1.394992e-02	1.110737e+01
3.526000e-05	1.050229e-02	1.132933e+01
3.527000e-05	-8.324564e-03	1.154988e+01
3.528000e-05	1.494238e-02	1.174078e+01
3.529000e-05	2.254272e-02	1.197142e+01
3.530000e-05	1.062936e-02	1.213788e+01
3.531000e-05	-5.055478e-03	1.232892e+01
3.532000e-05	3.525346e-03	1.249782e+01
3.533000e-05	2.266654e-02	1.271569e+01
3.534000e-05	1.227502e-02	1.286412e+01
3.535000e-05	3.821733e-03	1.300164e+01
3.536000e-05	5.110083e-03	1.318045e+01
3.537000e-05	2.480401e-02	1.330835e+01
3.538000e-05	1.206177e-02	1.346577e+01
3.539000e-05	3.539759e-03	1.361251e+01
3.540000e-05	2.196129e-03	1.378248e+01
3.541000e-05	2.180779e-02	1.389577e+01
3.542000e-05	1.675819e-02	1.403371e+01
3.543000e-05	7.027383e-03	1.416901e+01
3.544000e-05	7.858560e-03	1.433827e+01
3.545000e-05	1.976403e-02	1.443413e+01
3.546000e-05	2.044664e-02	1.453043e+01
3.547000e-05	6.368335e-03	1.464324e+01
3.548000e-05	1.057566e-02	1.474846e+01
3.549000e-05	1.697090e-02	1.486324e+01
3.550000e-05	2.431482e-02	1.492983e+01
3.551000e-05	1.092366e-02	1.499261e+01
3.552000e-05	1.092943e-02	1.512485e+01
3.553000e-05	1.676887e-02	1.514988e+01
3.554000e-05	2.288676e-02	1.521157e+01
3.555000e-05	1.547281e-02	1.525574e+01
3.556000e-05	1.106230e-02	1.530683e+01
3.557000e-05	2.059282e-02	1.538994e+01
3.558000e-05	2.410174e-02	1.547201e+01
3.559000e-05	2.086601e-02	1.548617e+01
3.560000e-05	1.287080e-02	1.551735e+01
3.561000e-05	2.213789e-02	1.555788e+01
3.562000e-05	2.654475e-02	1.558888e+01
3.563000e-05	2.467319e-02	1.556053e+01
3.564000e-05	1.861457e-02	1.561050e+01
3.565000e-05	2.270886e-02	1.560053e+01
3.566000e-05	3.097901e-02	1.560103e+01
3.567000e-05	2.728889e-02	1.559158e+01
3.568000e-05	2.443600e-02	1.559001e+01
3.569000e-05	2.708707e-02	1.557995e+01
3.570000e-05	3.627634e-02	1.552643e+01
3.571000e-05	3.510659e-02	1.553528e+01
3.572000e-05	3.138615e-02	1.546472e+01
3.573000e-05	3.273725e-02	1.542209e+01
3.574000e-05	3.974654e-02	1.541101e+01
3.575000e-05	4.187473e-02	1.533838e+01
3.576000e-05	3.776865e-02	1.529475e+01
3.577000e-05	4.126980e-02	1.522362e+01
3.578000e-05	4.716948e-02	1.512946e+01
3.579000e-05	5.295359e-02	1.506479e+01
3.580000e-05	4.925062e-02	1.498214e+01
3.581000e-05	5.297456e-02	1.488843e+01
3.582000e-05	5.914017e-02	1.481426e+01
3.583000e-05	6.497200e-02	1.469903e+01
3.584000e-05	6.477044e-02	1.461512e+01
3.585000e-05	6.314345e-02	1.452900e+01
3.586000e-05	6.843111e-02	1.443427e+01
3.587000e-05	7.063255e-02	1.431735e+01
3.588000e-05	6.844373e-02	1.416104e+01
3.589000e-05	6.186302e-02	1.406380e+01
3.590000e-05	6.366796e-02	1.389683e+01
3.591000e-05	6.348040e-02	1.376854e+01
3.592000e-05	6.062132e-02	1.361384e+01
3.593000e-05	5.342339e-02	1.345690e+01
3.594000e-05	5.157363e-02	1.331003e+01
3.595000e-05	4.956415e-02	1.318973e+01
3.596000e-05	4.667074e-02	1.302519e+01
3.597000e-05	3.924330e-02	1.283690e+01
3.598000e-05	3.854971e-02	1.266758e+01
3.599000e-05	3.726408e-02	1.253998e+01
3.600000e-05	3.537522e-02	1.234054e+01
3.601000e-05	2.928605e-02	1.217367e+01
3.602000e-05	2.622751e-02	1.197367e+01
3.603000e-05	2.662891e-02	1.177262e+01
3.604000e-05	2.429210e-02	1.157111e+01
3.605000e-05	2.039117e-02	1.134261e+01
3.606000e-05	1.946629e-02	1.113059e+01
3.607000e-05	1.927625e-02	1.092211e+01
3.608000e-05	1.828223e-02	1.072109e+01
3.609000e-05	1.407156e-02	1.051009e+01
3.610000e-05	1.252854e-02	1.028111e+01
3.611000e-05	1.316986e-02	1.006053e+01
3.612000e-05	1.229641e-02	9.856880e+00
3.613000e-05	1.056562e-02	9.655346e+00
3.614000e-05	7.811075e-03	9.354871e+00
3.615000e-05	9.102160e-03	9.154218e+00
3.616000e-05	7.041102e-03	8.920560e+00
3.617000e-05	6.781472e-03	8.670008e+00
3.618000e-05	4.518156e-03	8.431028e+00
3.619000e-05	6.065514e-03	8.216371e+00
3.620000e-05	5.109840e-03	7.992843e+00
3.621000e-05	3.940363e-03	7.672035e+00
3.622000e-05	2.515492e-03	7.417475e+00
3.623000e-05	3.314126e-03	7.145292e+00
3.624000e-05	2.174328e-03	6.882686e+00
3.625000e-05	2.239824e-03	6.627981e+00
3.626000e-05	1.859201e-03	6.366393e+00
3.627000e-05	1.270035e-03	6.132713e+00
3.628000e-05	1.001016e-03	5.901482e+00
3.629000e-05	4.149941e-05	5.624892e+00
3.630000e-05	-9.056966e-04	5.313817e+00
3.631000e-05	-4.379196e-04	4.954268e+00
3.632000e-05	-1.157429e-03	4.670606e+00
3.633000e-05	-1.648438e-03	4.389522e+00
3.634000e-05	-1.019472e-03	4.083287e+00
3.635000e-05	-2.053845e-03	3.820056e+00
3.636000e-05	-2.176154e-03	3.575394e+00
3.637000e-05	-2.758370e-03	3.222809e+00
3.638000e-05	-3.411459e-03	2.957975e+00
3.639000e-05	-3.297954e-03	2.705742e+00
3.640000e-05	-3.224905e-03	2.439031e+00
3.641000e-05	-3.864604e-03	2.135921e+00
3.642000e-05	-4.086645e-03	1.841662e+00
3.643000e-05	-3.111922e-03	1.546457e+00
3.644000e-05	-4.553198e-03	1.273734e+00
3.645000e-05	-4.715369e-03	9.354245e-01
3.646000e-05	-4.435023e-03	6.526578e-01
3.647000e-05	-3.923451e-03	3.694749e-01
3.648000e-05	-3.910082e-03	6.378798e-02
3.649000e-05	2.543133e-03	-2.294473e-01
3.650000e-05	1.399962e-03	-4.725326e-01
3.651000e-05	-2.781113e-03	-7.967311e-01
3.652000e-05	-4.629270e-03	-1.018896e+00
3.653000e-05	-3.727644e-03	-1.294050e+00
3.654000e-05	-3.712046e-03	-1.617741e+00
3.655000e-05	5.949051e-03	-1.810472e+00
3.656000e-05	5.184450e-02	-2.061526e+00
3.657000e-05	6.885798e-02	-2.375685e+00
3.658000e-05	-8.126200e-02	-2.744608e+00
3.659000e-05	-3.856996e-02	-3.114978e+00
3.660000e-05	-4.400406e-02	-3.417842e+00
3.661000e-05	-1.998121e-02	-3.608922e+00
3.662000e-05	-5.844495e-02	-3.941454e+00
3.663000e-05	1.348810e-01	-4.071530e+00
3.664000e-05	-1.112107e-01	-4.323057e+00
3.665000e-05	6.945278e-02	-4.595842e+00
3.666000e-05	5.963651e-02	-4.841349e+00
3.667000e-05	-1.372711e-01	-5.225715e+00
3.668000e-05	9.839245e-02	-5.521501e+00
3.669000e-05	-1.504361e-01	-5.765059e+00
3.670000e-05	9.482869e-02	-6.047371e+00
3.671000e-05	-1.203736e-02	-6.248901e+00
3.672000e-05	-4.634107e-02	-6.574242e+00
3.673000e-05	8.996978e-02	-6.806317e+00
3.674000e-05	-1.020117e-01	-7.133558e+00
3.675000e-05	5.681350e-02	-7.405793e+00
3.676000e-05	-7.824749e-02	-7.649298e+00
3.677000e-05	1.783911e-02	-7.992660e+00
3.678000e-05	2.886568e-02	-8.205712e+00
3.679000e-05	-6.432442e-02	-8.467742e+00
3.680000e-05	7.421347e-02	-8.730945e+00
3.681000e-05	-9.564759e-02	-8.963106e+00
3.682000e-05	4.980296e-02	-9.203162e+00
3.683000e-05	-5.554492e-02	-9.393640e+00
3.684000e-05	1.276265e-02	-9.678343e+00
3.685000e-05	-3.643617e-03	-9.887268e+00
3.686000e-05	-2.468676e-02	-1.010788e+01
3.687000e-05	2.844374e-02	-1.027093e+01
3.688000e-05	-6.003144e-02	-1.054195e+01
3.689000e-05	3.092285e-02	-1.075108e+01
3.690000e-05	-5.914055e-02	-1.095199e+01
3.691000e-05	3.025369e-02	-1.118261e+01
3.692000e-05	-4.042001e-02	-1.140301e+01
3.693000e-05	1.396566e-02	-1.163356e+01
3.694000e-05	-2.394848e-02	-1.180256e+01
3.695000e-05	-4.786978e-03	-1.204269e+01
3.696000e-05	-1.753218e-02	-1.220416e+01
3.697000e-05	-2.296961e-02	-1.240466e+01
3.698000e-05	-1.395604e-03	-1.256201e+01
3.699000e-05	-2.696222e-02	-1.273945e+01
3.700000e-05	3.761515e-03	-1.288737e+01
3.701000e-05	-3.145344e-02	-1.306576e+01
3.702000e-05	4.991484e-03	-1.322462e+01
3.703000e-05	-3.201811e-02	-1.339203e+01
3.704000e-05	-2.850575e-03	-1.355988e+01
3.705000e-05	-2.920351e-02	-1.369579e+01
3.706000e-05	-6.844321e-03	-1.385306e+01
3.707000e-05	-2.086162e-02	-1.397093e+01
3.708000e-05	-1.411928e-02	-1.413835e+01
3.709000e-05	-1.734409e-02	-1.422508e+01
3.710000e-05	-1.873015e-02	-1.435933e+01
3.711000e-05	-1.529060e-02	-1.448577e+01
3.712000e-05	-2.441308e-02	-1.458209e+01
3.713000e-05	-1.482855e-02	-1.469832e+01
3.714000e-05	-2.334525e-02	-1.479306e+01
3.715000e-05	-1.391095e-02	-1.489579e+01
3.716000e-05	-2.388130e-02	-1.496151e+01
3.717000e-05	-1.803764e-02	-1.505315e+01
3.718000e-05	-2.470553e-02	-1.511830e+01
3.719000e-05	-1.913610e-02	-1.521051e+01
3.720000e-05	-2.539494e-02	-1.523574e+01
3.721000e-05	-2.117764e-02	-1.528582e+01
3.722000e-05	-2.423069e-02	-1.533843e+01
3.723000e-05	-2.066906e-02	-1.546307e+01
3.724000e-05	-2.566977e-02	-1.545824e+01
3.725000e-05	-2.586589e-02	-1.554832e+01
3.726000e-05	-2.596037e-02	-1.552936e+01
3.727000e-05	-2.725794e-02	-1.556250e+01
3.728000e-05	-2.541205e-02	-1.556101e+01
3.729000e-05	-3.070385e-02	-1.557304e+01
3.730000e-05	-2.788319e-02	-1.557211e+01
3.731000e-05	-3.205827e-02	-1.560316e+01
3.732000e-05	-3.066342e-02	-1.562219e+01
3.733000e-05	-3.455886e-02	-1.560356e+01
3.734000e-05	-3.384890e-02	-1.559201e+01
3.735000e-05	-3.457852e-02	-1.556053e+01
3.736000e-05	-3.764791e-02	-1.554143e+01
3.737000e-05	-3.951366e-02	-1.550743e+01
3.738000e-05	-4.146172e-02	-1.546575e+01
3.739000e-05	-4.209635e-02	-1.544472e+01
3.740000e-05	-4.385340e-02	-1.540418e+01
3.741000e-05	-4.574532e-02	-1.528893e+01
3.742000e-05	-4.727447e-02	-1.528722e+01
3.743000e-05	-4.944386e-02	-1.522174e+01
3.744000e-05	-5.288840e-02	-1.520003e+01
3.745000e-05	-5.623203e-02	-1.510685e+01
3.746000e-05	-5.975371e-02	-1.503257e+01
3.747000e-05	-6.114385e-02	-1.489843e+01
3.748000e-05	-6.528591e-02	-1.484522e+01
3.749000e-05	-6.744892e-02	-1.474801e+01
3.750000e-05	-7.053691e-02	-1.461424e+01
3.751000e-05	-7.114715e-02	-1.452101e+01
3.752000e-05	-7.337701e-02	-1.443416e+01
3.753000e-05	-7.465868e-02	-1.427645e+01
3.754000e-05	-7.389759e-02	-1.416108e+01
3.755000e-05	-7.212117e-02	-1.404469e+01
3.756000e-05	-6.973216e-02	-1.389848e+01
3.757000e-05	-6.904266e-02	-1.377106e+01
3.758000e-05	-6.496979e-02	-1.362517e+01
3.759000e-05	-6.200981e-02	-1.347635e+01
3.760000e-05	-5.789073e-02	-1.331048e+01
3.761000e-05	-5.501713e-02	-1.318262e+01
3.762000e-05	-5.164285e-02	-1.301532e+01
3.763000e-05	-4.833893e-02	-1.285590e+01
3.764000e-05	-4.557172e-02	-1.273893e+01
3.765000e-05	-4.404394e-02	-1.253103e+01
3.766000e-05	-4.101084e-02	-1.234116e+01
3.767000e-05	-3.883935e-02	-1.214479e+01
3.768000e-05	-3.503013e-02	-1.198110e+01
3.769000e-05	-3.253752e-02	-1.179254e+01
3.770000e-05	-2.955321e-02	-1.152111e+01
3.771000e-05	-2.773312e-02	-1.130998e+01
3.772000e-05	-2.853137e-02	-1.108108e+01
3.773000e-05	-2.654333e-02	-1.089158e+01
3.774000e-05	-2.424622e-02	-1.072056e+01
3.775000e-05	-2.235324e-02	-1.049066e+01
3.776000e-05	-2.126196e-02	-1.025798e+01
3.777000e-05	-2.000741e-02	-1.007895e+01
3.778000e-05	-1.938817e-02	-9.828376e+00
3.779000e-05	-1.748367e-02	-9.598446e+00
3.780000e-05	-1.790990e-02	-9.363718e+00
3.781000e-05	-1.780930e-02	-9.164739e+00
3.782000e-05	-1.500157e-02	-8.944217e+00
3.783000e-05	-1.516313e-02	-8.720534e+00
3.784000e-05	-1.325345e-02	-8.417972e+00
3.785000e-05	-1.381357e-02	-8.208854e+00
3.786000e-05	-1.197196e-02	-7.944791e+00
3.787000e-05	-1.358242e-02	-7.641507e+00
3.788000e-05	-1.189569e-02	-7.396446e+00
3.789000e-05	-1.244687e-02	-7.134266e+00
3.790000e-05	-9.747242e-03	-6.840607e+00
3.791000e-05	-1.157696e-02	-6.617901e+00
3.792000e-05	-9.482513e-03	-6.395367e+00
3.793000e-05	-1.092613e-02	-6.083060e+00
3.794000e-05	-9.214752e-03	-5.798976e+00
3.795000e-05	-9.670612e-03	-5.516864e+00
3.796000e-05	-8.895910e-03	-5.220059e+00
3.797000e-05	-9.375703e-03	-4.944766e+00
3.798000e-05	-6.952466e-03	-4.619550e+00
3.799000e-05	-7.616085e-03	-4.367997e+00
3.800000e-05	-7.327713e-03	-4.093238e+00
3.801000e-05	-7.722184e-03	-3.801155e+00
3.802000e-05	-9.285343e-03	-3.527942e+00
3.803000e-05	-7.647769e-03	-3.263661e+00
3.804000e-05	-6.011468e-03	-2.969373e+00
3.805000e-05	-4.304381e-03	-2.674787e+00
3.806000e-05	-4.684001e-03	-2.443606e+00
3.807000e-05	-5.006689e-03	-2.074868e+00
3.808000e-05	-5.633613e-03	-1.841638e+00
3.809000e-05	-5.466170e-03	-1.569499e+00
3.810000e-05	-6.713323e-03	-1.212104e+00
3.811000e-05	-5.225052e-03	-9.679434e-01
3.812000e-05	-3.976904e-03	-6.112627e-01
3.813000e-05	-1.310836e-03	-3.574209e-01
3.814000e-05	-8.428688e-04	-6.484068e-02
3.815000e-05	8.556357e-03	2.083912e-01
3.816000e-05	-7.620383e-04	4.926053e-01
3.817000e-05	2.496304e-03	7.456860e-01
3.818000e-05	-1.948823e-03	1.069923e+00
3.819000e-05	2.426102e-03	1.323688e+00
3.820000e-05	8.109518e-04	1.648399e+00
3.821000e-05	8.421825e-03	1.873033e+00
3.822000e-05	3.116703e-02	2.144658e+00
3.823000e-05	8.099329e-02	2.479441e+00
3.824000e-05	-2.917461e-02	2.827371e+00
3.825000e-05	-5.396529e-02	3.091556e+00
3.826000e-05	-3.948416e-02	3.325162e+00
3.827000e-05	5.897866e-03	3.651370e+00
3.828000e-05	-3.517590e-02	3.860974e+00
3.829000e-05	-3.356435e-02	4.108921e+00
3.830000e-05	9.574852e-02	4.353460e+00
3.831000e-05	-4.399530e-02	4.648847e+00
3.832000e-05	8.606630e-02	4.910454e+00
3.833000e-05	5.298164e-03	5.278264e+00
3.834000e-05	-7.253842e-02	5.523159e+00
3.835000e-05	5.641091e-02	5.774622e+00
3.836000e-05	-3.349791e-02	6.079872e+00
3.837000e-05	4.161522e-02	6.302504e+00
3.838000e-05	-3.105986e-02	6.635692e+00
3.839000e-05	9.451957e-03	6.919426e+00
3.840000e-05	5.596757e-02	7.151560e+00
3.841000e-05	-2.915834e-02	7.456142e+00
3.842000e-05	-7.541716e-03	7.712428e+00
3.843000e-05	-2.447224e-02	7.994539e+00
3.844000e-05	6.506067e-02	8.246316e+00
3.845000e-05	-1.393997e-04	8.458397e+00
3.846000e-05	-2.583432e-02	8.699928e+00
3.847000e-05	3.072238e-02	8.970033e+00
3.848000e-05	-6.941986e-03	9.163160e+00
3.849000e-05	2.847555e-02	9.395162e+00
3.850000e-05	-2.922927e-02	9.635723e+00
3.851000e-05	1.899200e-02	9.886849e+00
3.852000e-05	1.396365e-02	1.012992e+01
3.853000e-05	2.513373e-02	1.036045e+01
3.854000e-05	-3.543326e-03	1.056998e+01
3.855000e-05	-1.631342e-02	1.078251e+01
3.856000e-05	2.922063e-02	1.095358e+01
3.857000e-05	2.725362e-03	1.119103e+01
3.858000e-05	1.317828e-02	1.139101e+01
3.859000e-05	-1.201097e-02	1.159311e+01
3.860000e-05	3.004067e-02	1.184459e+01
3.861000e-05	1.111152e-02	1.201321e+01
3.862000e-05	8.766247e-03	1.219251e+01
3.863000e-05	-7.331447e-03	1.238151e+01
3.864000e-05	1.168265e-02	1.256193e+01
3.865000e-05	2.247955e-02	1.272945e+01
3.866000e-05	3.689437e-03	1.285727e+01
3.867000e-05	7.163787e-03	1.305517e+01
3.868000e-05	9.083112e-03	1.322261e+01
3.869000e-05	2.640918e-02	1.339261e+01
3.870000e-05	3.599282e-03	1.351738e+01
3.871000e-05	4.327574e-03	1.367572e+01
3.872000e-05	7.419932e-03	1.381208e+01
3.873000e-05	2.244920e-02	1.394828e+01
3.874000e-05	1.333343e-02	1.408477e+01
3.875000e-05	4.814578e-03	1.424159e+01
3.876000e-05	1.489203e-02	1.437993e+01
3.877000e-05	1.890032e-02	1.447484e+01
3.878000e-05	1.697516e-02	1.458956e+01
3.879000e-05	3.878688e-03	1.467779e+01
3.880000e-05	1.529705e-02	1.479204e+01
3.881000e-05	1.886609e-02	1.484582e+01
3.882000e-05	1.916073e-02	1.492998e+01
3.883000e-05	9.913908e-03	1.504412e+01
3.884000e-05	1.341040e-02	1.515585e+01
3.885000e-05	2.153474e-02	1.517998e+01
3.886000e-05	1.864205e-02	1.523262e+01
3.887000e-05	1.428077e-02	1.527635e+01
3.888000e-05	1.478219e-02	1.534740e+01
3.889000e-05	2.362761e-02	1.543204e+01
3.890000e-05	2.123747e-02	1.545412e+01
3.891000e-05	1.713197e-02	1.551575e+01
3.892000e-05	1.651506e-02	1.554832e+01
3.893000e-05	2.487793e-02	1.552848e+01
3.894000e-05	2.541305e-02	1.556845e+01
3.895000e-05	2.004900e-02	1.557141e+01
3.896000e-05	2.117171e-02	1.557101e+01
3.897000e-05	2.599984e-02	1.561213e+01
3.898000e-05	2.924934e-02	1.557049e+01
3.899000e-05	2.439002e-02	1.558003e+01
3.900000e-05	2.637191e-02	1.558006e+01
3.901000e-05	3.089585e-02	1.552941e+01
3.902000e-05	3.529901e-02	1.552733e+01
3.903000e-05	3.261516e-02	1.549465e+01
3.904000e-05	3.226461e-02	1.547267e+01
3.905000e-05	3.692097e-02	1.542256e+01
3.906000e-05	4.035190e-02	1.536898e+01
3.907000e-05	3.975359e-02	1.531737e+01
3.908000e-05	4.019556e-02	1.525472e+01
3.909000e-05	4.481961e-02	1.517161e+01
3.910000e-05	4.856185e-02	1.510698e+01
3.911000e-05	4.927072e-02	1.504477e+01
3.912000e-05	5.142975e-02	1.498146e+01
3.913000e-05	5.557323e-02	1.484540e+01
3.914000e-05	6.260144e-02	1.478309e+01
3.915000e-05	6.305690e-02	1.468697e+01
3.916000e-05	6.327884e-02	1.462156e+01
3.917000e-05	6.474530e-02	1.448635e+01
3.918000e-05	6.866173e-02	1.438008e+01
3.919000e-05	6.855515e-02	1.424480e+01
3.920000e-05	6.557386e-02	1.412803e+01
3.921000e-05	6.489579e-02	1.400214e+01
3.922000e-05	6.498014e-02	1.386525e+01
3.923000e-05	6.155192e-02	1.369938e+01
3.924000e-05	5.585466e-02	1.354006e+01
3.925000e-05	5.289708e-02	1.344374e+01
3.926000e-05	5.193988e-02	1.327785e+01
3.927000e-05	4.971191e-02	1.311798e+01
3.928000e-05	4.284514e-02	1.299258e+01
3.929000e-05	3.983337e-02	1.277276e+01
3.930000e-05	3.800773e-02	1.260475e+01
3.931000e-05	3.532824e-02	1.242588e+01
3.932000e-05	3.136497e-02	1.229685e+01
3.933000e-05	2.768767e-02	1.208948e+01
3.934000e-05	2.749853e-02	1.192858e+01
3.935000e-05	2.590455e-02	1.169848e+01
3.936000e-05	2.305548e-02	1.145728e+01
3.937000e-05	2.005382e-02	1.127843e+01
3.938000e-05	1.888582e-02	1.103845e+01
3.939000e-05	1.896419e-02	1.084740e+01
3.940000e-05	1.564144e-02	1.067843e+01
3.941000e-05	1.415904e-02	1.041640e+01
3.942000e-05	1.281273e-02	1.018487e+01
3.943000e-05	1.420723e-02	9.954294e+00
3.944000e-05	1.100093e-02	9.735189e+00
3.945000e-05	9.551252e-03	9.500584e+00
3.946000e-05	9.130644e-03	9.290559e+00
3.947000e-05	8.547375e-03	9.077926e+00
3.948000e-05	7.492598e-03	8.827930e+00
3.949000e-05	6.019546e-03	8.575844e+00
3.950000e-05	5.850548e-03	8.393773e+00
3.951000e-05	5.468739e-03	8.121585e+00
3.952000e-05	4.687011e-03	7.868978e+00
3.953000e-05	3.459160e-03	7.585897e+00
3.954000e-05	3.587425e-03	7.313110e+00
3.955000e-05	2.745060e-03	7.038530e+00
3.956000e-05	3.598021e-03	6.787427e+00
3.957000e-05	2.020894e-03	6.502689e+00
3.958000e-05	1.754804e-03	6.250205e+00
3.959000e-05	1.208875e-03	6.048976e+00
3.960000e-05	1.429347e-03	5.724269e+00
3.961000e-05	-5.599336e-05	5.481185e+00
3.962000e-05	-1.319978e-03	5.149293e+00
3.963000e-05	-5.839715e-05	4.830030e+00
3.964000e-05	-2.185732e-04	4.555347e+00
3.965000e-05	-3.854724e-04	4.312838e+00
3.966000e-05	-1.254010e-03	3.977524e+00
3.967000e-05	-1.082115e-03	3.734366e+00
3.968000e-05	-2.167853e-03	3.449633e+00
3.969000e-05	-2.424331e-03	3.155421e+00
3.970000e-05	-3.849545e-03	2.833813e+00
3.971000e-05	-3.045756e-03	2.599056e+00
3.972000e-05	-3.612646e-03	2.275841e+00
3.973000e-05	-3.708776e-03	2.022159e+00
3.974000e-05	-3.494764e-03	1.736946e+00
3.975000e-05	-3.692799e-03	1.402657e+00
3.976000e-05	-3.731825e-03	1.127947e+00
3.977000e-05	-5.075078e-03	7.715789e-01
3.978000e-05	-4.924547e-03	4.959233e-01
3.979000e-05	-3.817076e-03	2.241904e-01
3.980000e-05	-2.216458e-03	-4.258018e-02
3.981000e-05	5.349230e-03	-3.246053e-01
3.982000e-05	-4.540551e-03	-6.077907e-01
3.983000e-05	1.869022e-04	-8.619514e-01
3.984000e-05	-7.310978e-03	-1.076158e+00
3.985000e-05	-1.016878e-03	-1.432293e+00
3.986000e-05	-4.408190e-03	-1.682107e+00
3.987000e-05	1.754649e-02	-1.914112e+00
3.988000e-05	8.091616e-02	-2.145136e+00
3.989000e-05	3.729340e-03	-2.502031e+00
3.990000e-05	-7.404978e-02	-2.891951e+00
3.991000e-05	-4.038947e-02	-3.249921e+00
3.992000e-05	-2.757236e-02	-3.493026e+00
3.993000e-05	-4.874489e-02	-3.734080e+00
3.994000e-05	1.247819e-02	-4.004762e+00
3.995000e-05	9.201154e-02	-4.145210e+00
3.996000e-05	-1.389916e-01	-4.428895e+00
3.997000e-05	1.792627e-01	-4.702556e+00
3.998000e-05	-9.267885e-02	-4.944657e+00
3.999000e-05	-1.862980e-02	-5.313052e+00
4.000000e-05	2.020466e-02	-5.548664e+00
4.001000e-05	-1.194752e-01	-5.888471e+00
4.002000e-05	1.431541e-01	-6.132011e+00
4.003000e-05	-1.073069e-01	-6.416164e+00
4.004000e-05	5.967292e-02	-6.691931e+00
4.005000e-05	1.668768e-03	-6.952560e+00
4.006000e-05	-5.897100e-02	-7.268222e+00
4.007000e-05	4.451474e-02	-7.500902e+00
4.008000e-05	-1.017643e-01	-7.803559e+00
4.009000e-05	8.620105e-02	-8.068472e+00
4.010000e-05	-5.413201e-02	-8.318425e+00
4.011000e-05	1.434442e-02	-8.542983e+00
4.012000e-05	1.138454e-02	-8.803638e+00
4.013000e-05	-6.736991e-02	-9.056793e+00
4.014000e-05	5.029941e-02	-9.278352e+00
4.015000e-05	-8.067380e-02	-9.540847e+00
4.016000e-05	5.713181e-02	-9.762030e+00
4.017000e-05	-5.608012e-02	-9.952583e+00
4.018000e-05	3.476482e-02	-1.023516e+01
4.019000e-05	-3.110406e-02	-1.043406e+01
4.020000e-05	-1.508371e-02	-1.063727e+01
4.021000e-05	-3.992413e-03	-1.078422e+01
4.022000e-05	-3.436180e-02	-1.106782e+01
4.023000e-05	2.020563e-02	-1.123727e+01
4.024000e-05	-4.257505e-02	-1.148787e+01
4.025000e-05	2.378068e-02	-1.167680e+01
4.026000e-05	-3.797043e-02	-1.187765e+01
4.027000e-05	1.255649e-02	-1.211035e+01
4.028000e-05	-4.165910e-02	-1.230820e+01
4.029000e-05	2.158519e-03	-1.246624e+01
4.030000e-05	-2.305463e-02	-1.264464e+01
4.031000e-05	-5.800206e-03	-1.285356e+01
4.032000e-05	-1.643320e-02	-1.297201e+01
4.033000e-05	-1.644397e-02	-1.315040e+01
4.034000e-05	-5.632357e-03	-1.328885e+01
4.035000e-05	-2.570423e-02	-1.347617e+01
4.036000e-05	-7.337014e-03	-1.357105e+01
4.037000e-05	-2.941349e-02	-1.378988e+01
4.038000e-05	-1.669828e-03	-1.391529e+01
4.039000e-05	-2.679977e-02	-1.402261e+01
4.040000e-05	-8.227898e-03	-1.415898e+01
4.041000e-05	-2.575688e-02	-1.430522e+01
4.042000e-05	-1.153118e-02	-1.440004e+01
4.043000e-05	-2.306117e-02	-1.451837e+01
4.044000e-05	-1.783104e-02	-1.463662e+01
4.045000e-05	-2.038375e-02	-1.474043e+01
4.046000e-05	-1.812342e-02	-1.481251e+01
4.047000e-05	-1.777664e-02	-1.489635e+01
4.048000e-05	-2.254833e-02	-1.501201e+01
4.049000e-05	-2.052983e-02	-1.509674e+01
4.050000e-05	-2.411425e-02	-1.514893e+01
4.051000e-05	-2.025904e-02	-1.519311e+01
4.052000e-05	-2.505552e-02	-1.526577e+01
4.053000e-05	-2.155801e-02	-1.530940e+01
4.054000e-05	-2.528788e-02	-1.540193e+01
4.055000e-05	-2.072203e-02	-1.542519e+01
4.056000e-05	-2.734882e-02	-1.548570e+01
4.057000e-05	-2.473034e-02	-1.551737e+01
4.058000e-05	-2.782433e-02	-1.557843e+01
4.059000e-05	-2.487349e-02	-1.558003e+01
4.060000e-05	-2.777123e-02	-1.556201e+01
4.061000e-05	-2.994459e-02	-1.559109e+01
4.062000e-05	-2.983996e-02	-1.561258e+01
4.063000e-05	-3.226466e-02	-1.563316e+01
4.064000e-05	-3.115145e-02	-1.561164e+01
4.065000e-05	-3.530866e-02	-1.559364e+01
4.066000e-05	-3.314522e-02	-1.560008e+01
4.067000e-05	-3.614535e-02	-1.554998e+01
4.068000e-05	-3.751920e-02	-1.551793e+01
4.069000e-05	-4.108234e-02	-1.551935e+01
4.070000e-05	-4.125827e-02	-1.546482e+01
4.071000e-05	-4.192589e-02	-1.543367e+01
4.072000e-05	-4.495796e-02	-1.534099e+01
4.073000e-05	-4.664398e-02	-1.533898e+01
4.074000e-05	-4.763181e-02	-1.524575e+01
4.075000e-05	-5.021638e-02	-1.519109e+01
4.076000e-05	-5.371077e-02	-1.513840e+01
4.077000e-05	-5.791592e-02	-1.506472e+01
4.078000e-05	-6.024017e-02	-1.501149e+01
4.079000e-05	-6.221213e-02	-1.489890e+01
4.080000e-05	-6.578094e-02	-1.479309e+01
4.081000e-05	-6.905898e-02	-1.469795e+01
4.082000e-05	-7.166907e-02	-1.463419e+01
4.083000e-05	-7.180432e-02	-1.451892e+01
4.084000e-05	-7.539104e-02	-1.437254e+01
4.085000e-05	-7.306412e-02	-1.426635e+01
4.086000e-05	-7.575369e-02	-1.412895e+01
4.087000e-05	-6.954041e-02	-1.397207e+01
4.088000e-05	-6.954188e-02	-1.388675e+01
4.089000e-05	-6.680981e-02	-1.369951e+01
4.090000e-05	-6.305475e-02	-1.356114e+01
4.091000e-05	-5.916667e-02	-1.340514e+01
4.092000e-05	-5.754506e-02	-1.327790e+01
4.093000e-05	-5.473116e-02	-1.312746e+01
4.094000e-05	-5.409793e-02	-1.295319e+01
4.095000e-05	-4.859003e-02	-1.282629e+01
4.096000e-05	-4.485351e-02	-1.263730e+01
4.097000e-05	-3.935775e-02	-1.243843e+01
4.098000e-05	-3.831221e-02	-1.228840e+01
4.099000e-05	-3.541578e-02	-1.210941e+01
4.100000e-05	-3.388475e-02	-1.189693e+01
4.101000e-05	-3.416981e-02	-1.167143e+01
4.102000e-05	-3.199220e-02	-1.143837e+01
4.103000e-05	-3.105985e-02	-1.119635e+01
4.104000e-05	-2.653799e-02	-1.102587e+01
4.105000e-05	-2.478434e-02	-1.084947e+01
4.106000e-05	-2.245887e-02	-1.064690e+01
4.107000e-05	-2.111414e-02	-1.040587e+01
4.108000e-05	-1.976376e-02	-1.018422e+01
4.109000e-05	-1.959817e-02	-9.964314e+00
4.110000e-05	-2.074083e-02	-9.752716e+00
4.111000e-05	-1.965792e-02	-9.533115e+00
4.112000e-05	-1.824065e-02	-9.310533e+00
4.113000e-05	-1.597440e-02	-9.059026e+00
4.114000e-05	-1.598034e-02	-8.780503e+00
4.115000e-05	-1.328290e-02	-8.555796e+00
4.116000e-05	-1.230628e-02	-8.314718e+00
4.117000e-05	-1.205930e-02	-8.112135e+00
4.118000e-05	-1.347016e-02	-7.827953e+00
4.119000e-05	-1.357501e-02	-7.525344e+00
4.120000e-05	-1.177768e-02	-7.282159e+00
4.121000e-05	-1.182880e-02	-6.998477e+00
4.122000e-05	-1.152413e-02	-6.766368e+00
4.123000e-05	-1.043178e-02	-6.484239e+00
4.124000e-05	-7.849886e-03	-6.259133e+00
4.125000e-05	-9.553528e-03	-5.957922e+00
4.126000e-05	-8.781004e-03	-5.705264e+00
4.127000e-05	-1.020637e-02	-5.419977e+00
4.128000e-05	-8.018202e-03	-5.093241e+00
4.129000e-05	-8.265443e-03	-4.798051e+00
4.130000e-05	-6.118863e-03	-4.494840e+00
4.131000e-05	-8.344753e-03	-4.294286e+00
4.132000e-05	-6.443565e-03	-4.020082e+00
4.133000e-05	-8.092530e-03	-3.744849e+00
4.134000e-05	-7.701069e-03	-3.432735e+00
4.135000e-05	-8.466571e-03	-3.199081e+00
4.136000e-05	-5.841377e-03	-2.863632e+00
4.137000e-05	-5.037726e-03	-2.600029e+00
4.138000e-05	-4.154151e-03	-2.316443e+00
4.139000e-05	-5.202366e-03	-2.020579e+00
4.140000e-05	-5.027659e-03	-1.737973e+00
4.141000e-05	-5.699743e-03	-1.424240e+00
4.142000e-05	-5.710076e-03	-1.096267e+00
4.143000e-05	-4.918277e-03	-8.241629e-01
4.144000e-05	-4.294463e-03	-4.669946e-01
4.145000e-05	-1.546948e-03	-2.342118e-01
4.146000e-05	3.285221e-03	-9.601513e-03
4.147000e-05	9.060855e-03	3.261343e-01
4.148000e-05	-8.402390e-04	6.083921e-01
4.149000e-05	3.106947e-03	8.100025e-01
4.150000e-05	-2.028277e-03	1.164809e+00
4.151000e-05	2.677641e-03	1.438870e+00
4.152000e-05	-6.466697e-04	1.776282e+00
4.153000e-05	1.658628e-02	1.975814e+00
4.154000e-05	5.126319e-02	2.238397e+00
4.155000e-05	6.168476e-02	2.565689e+00
4.156000e-05	-6.204494e-02	2.913608e+00
4.157000e-05	-4.510436e-02	3.216813e+00
4.158000e-05	-2.590501e-02	3.452352e+00
4.159000e-05	6.177633e-03	3.722583e+00
4.160000e-05	-5.316404e-02	3.933637e+00
4.161000e-05	1.287119e-02	4.135108e+00
4.162000e-05	7.848277e-02	4.488420e+00
4.163000e-05	-5.416620e-02	4.753131e+00
4.164000e-05	1.320294e-01	5.034212e+00
4.165000e-05	-8.815650e-02	5.352658e+00
4.166000e-05	7.845715e-04	5.605845e+00
4.167000e-05	2.704138e-02	5.860351e+00
4.168000e-05	-2.277819e-02	6.145166e+00
4.169000e-05	4.266268e-02	6.447321e+00
4.170000e-05	-5.449542e-02	6.732049e+00
4.171000e-05	6.329800e-02	6.985688e+00
4.172000e-05	6.912764e-03	7.248797e+00
4.173000e-05	-1.321245e-02	7.542928e+00
4.174000e-05	-2.535279e-02	7.805692e+00
4.175000e-05	1.105802e-02	8.088874e+00
4.176000e-05	5.557014e-02	8.352510e+00
4.177000e-05	-2.991795e-02	8.554136e+00
4.178000e-05	2.673868e-03	8.784106e+00
4.179000e-05	1.770227e-02	9.033693e+00
4.180000e-05	8.267468e-03	9.287350e+00
4.181000e-05	1.024429e-02	9.518374e+00
4.182000e-05	-1.948569e-02	9.738527e+00
4.183000e-05	2.210671e-02	9.980555e+00
4.184000e-05	1.504642e-02	1.019259e+01
4.185000e-05	1.858240e-02	1.044308e+01
4.186000e-05	-1.704743e-02	1.064426e+01
4.187000e-05	2.165129e-03	1.085469e+01
4.188000e-05	2.529494e-02	1.105727e+01
4.189000e-05	4.897856e-03	1.123612e+01
4.190000e-05	4.241912e-03	1.144579e+01
4.191000e-05	-5.783899e-04	1.168827e+01
4.192000e-05	2.877182e-02	1.190582e+01
4.193000e-05	8.926723e-03	1.209932e+01
4.194000e-05	6.866849e-04	1.230674e+01
4.195000e-05	-3.109605e-03	1.245422e+01
4.196000e-05	1.952365e-02	1.262272e+01
4.197000e-05	1.845594e-02	1.278204e+01
4.198000e-05	2.833014e-03	1.291035e+01
4.199000e-05	6.650723e-03	1.313674e+01
4.200000e-05	1.812574e-02	1.326727e+01
4.201000e-05	2.060606e-02	1.346359e+01
4.202000e-05	2.866176e-03	1.355095e+01
4.203000e-05	2.735425e-03	1.371690e+01
4.204000e-05	1.478808e-02	1.387414e+01
4.205000e-05	2.052074e-02	1.399051e+01
4.206000e-05	9.204379e-03	1.418783e+01
4.207000e-05	5.659380e-03	1.426674e+01
4.208000e-05	1.805811e-02	1.444101e+01
4.209000e-05	2.076660e-02	1.453785e+01
4.210000e-05	1.128807e-02	1.461156e+01
4.211000e-05	7.017923e-03	1.476888e+01
4.212000e-05	1.638804e-02	1.479319e+01
4.213000e-05	2.202711e-02	1.489685e+01
4.214000e-05	1.397641e-02	1.500103e+01
4.215000e-05	1.011328e-02	1.506517e+01
4.216000e-05	1.509123e-02	1.512935e+01
4.217000e-05	2.331368e-02	1.522196e+01
4.218000e-05	1.743803e-02	1.529369e+01
4.219000e-05	1.218916e-02	1.529537e+01
4.220000e-05	1.799787e-02	1.540090e+01
4.221000e-05	2.404185e-02	1.542349e+01
4.222000e-05	2.080554e-02	1.548322e+01
4.223000e-05	1.291643e-02	1.549484e+01
4.224000e-05	2.005167e-02	1.550697e+01
4.225000e-05	2.557586e-02	1.555848e+01
4.226000e-05	2.510710e-02	1.556893e+01
4.227000e-05	1.893438e-02	1.559101e+01
4.228000e-05	2.215697e-02	1.564004e+01
4.229000e-05	2.940801e-02	1.560101e+01
4.230000e-05	2.903525e-02	1.556156e+01
4.231000e-05	2.355416e-02	1.556948e+01
4.232000e-05	2.554736e-02	1.556800e+01
4.233000e-05	3.443548e-02	1.548685e+01
4.234000e-05	3.444233e-02	1.549783e+01
4.235000e-05	3.195643e-02	1.547630e+01
4.236000e-05	3.172218e-02	1.542259e+01
4.237000e-05	3.979783e-02	1.544096e+01
4.238000e-05	4.158591e-02	1.535746e+01
4.239000e-05	3.817050e-02	1.527640e+01
4.240000e-05	3.979626e-02	1.520424e+01
4.241000e-05	4.594159e-02	1.515851e+01
4.242000e-05	5.062734e-02	1.507745e+01
4.243000e-05	4.906459e-02	1.504362e+01
4.244000e-05	5.065923e-02	1.490898e+01
4.245000e-05	5.666317e-02	1.485382e+01
4.246000e-05	6.331062e-02	1.472006e+01
4.247000e-05	6.324078e-02	1.466317e+01
4.248000e-05	6.326638e-02	1.454101e+01
4.249000e-05	6.769754e-02	1.447377e+01
4.250000e-05	6.858341e-02	1.432851e+01
4.251000e-05	6.758728e-02	1.417266e+01
4.252000e-05	6.198291e-02	1.405532e+01
4.253000e-05	6.557853e-02	1.393946e+01
4.254000e-05	6.307649e-02	1.382064e+01
4.255000e-05	6.025052e-02	1.362585e+01
4.256000e-05	5.291161e-02	1.349840e+01
4.257000e-05	5.276286e-02	1.335114e+01
4.258000e-05	5.142053e-02	1.320272e+01
4.259000e-05	4.676427e-02	1.305482e+01
4.260000e-05	4.137566e-02	1.291995e+01
4.261000e-05	3.940848e-02	1.272898e+01
4.262000e-05	3.848765e-02	1.256206e+01
4.263000e-05	3.377375e-02	1.238269e+01
4.264000e-05	2.968569e-02	1.220370e+01
4.265000e-05	2.652500e-02	1.199429e+01
4.266000e-05	2.743369e-02	1.183576e+01
4.267000e-05	2.497446e-02	1.158330e+01
4.268000e-05	2.163110e-02	1.139325e+01
4.269000e-05	1.993599e-02	1.119477e+01
4.270000e-05	2.010729e-02	1.094539e+01
4.271000e-05	1.794863e-02	1.080379e+01
4.272000e-05	1.378432e-02	1.057476e+01
4.273000e-05	1.292112e-02	1.039272e+01
4.274000e-05	1.350608e-02	1.013358e+01
4.275000e-05	1.250499e-02	9.929056e+00
4.276000e-05	9.966062e-03	9.658005e+00
4.277000e-05	9.268570e-03	9.426429e+00
4.278000e-05	9.872888e-03	9.228424e+00
4.279000e-05	9.513275e-03	8.975293e+00
4.280000e-05	7.107211e-03	8.733265e+00
4.281000e-05	5.664724e-03	8.502658e+00
4.282000e-05	5.997423e-03	8.279982e+00
4.283000e-05	5.402441e-03	7.987525e+00
4.284000e-05	3.707105e-03	7.755817e+00
4.285000e-05	3.187412e-03	7.519661e+00
4.286000e-05	2.768130e-03	7.206949e+00
4.287000e-05	3.298288e-03	6.974871e+00
4.288000e-05	2.210008e-03	6.670736e+00
4.289000e-05	1.641330e-03	6.449000e+00
4.290000e-05	1.270806e-03	6.175898e+00
4.291000e-05	2.203970e-03	5.904214e+00
4.292000e-05	1.220826e-03	5.651052e+00
4.293000e-05	-4.113559e-04	5.355470e+00
4.294000e-05	-3.815201e-05	5.007578e+00
4.295000e-05	1.615044e-04	4.754237e+00
4.296000e-05	-1.042062e-03	4.462083e+00
4.297000e-05	-1.992442e-03	4.196370e+00
4.298000e-05	-2.395033e-03	3.872664e+00
4.299000e-05	-1.785495e-03	3.631031e+00
4.300000e-05	-6.348195e-04	3.314872e+00
4.301000e-05	-1.805425e-03	3.061210e+00
4.302000e-05	-3.599436e-03	2.799051e+00
4.303000e-05	-3.344150e-03	2.462238e+00
4.304000e-05	-3.108306e-03	2.197477e+00
4.305000e-05	-4.582221e-03	1.946371e+00
4.306000e-05	-5.306892e-03	1.631130e+00
4.307000e-05	-4.383780e-03	1.314522e+00
4.308000e-05	-3.679799e-03	1.031580e+00
4.309000e-05	-3.465416e-03	7.068909e-01
4.310000e-05	-3.667063e-03	4.221842e-01
4.311000e-05	-2.967229e-03	8.645081e-02
4.312000e-05	3.273423e-04	-1.867119e-01
4.313000e-05	5.081511e-03	-3.883460e-01
4.314000e-05	-7.357135e-03	-6.830779e-01
4.315000e-05	-2.128172e-03	-9.762394e-01
4.316000e-05	-5.371820e-03	-1.218899e+00
4.317000e-05	2.413868e-04	-1.546160e+00
4.318000e-05	3.129685e-04	-1.767664e+00
4.319000e-05	3.464935e-02	-2.017865e+00
4.320000e-05	9.023634e-02	-2.291374e+00
4.321000e-05	-5.983231e-02	-2.639846e+00
4.322000e-05	-5.039691e-02	-3.007797e+00
4.323000e-05	-4.764136e-02	-3.355583e+00
4.324000e-05	-1.270859e-02	-3.555739e+00
4.325000e-05	-6.930943e-02	-3.849323e+00
4.326000e-05	1.024989e-01	-4.018924e+00
4.327000e-05	-2.983520e-02	-4.250421e+00
4.328000e-05	-3.404458e-02	-4.563560e+00
4.329000e-05	1.518044e-01	-4.757218e+00
4.330000e-05	-1.640050e-01	-5.101979e+00
4.331000e-05	8.349197e-02	-5.418767e+00
4.332000e-05	-9.929796e-02	-5.701979e+00
4.333000e-05	6.653910e-03	-5.976740e+00
4.334000e-05	7.320114e-02	-6.246265e+00
4.335000e-05	-1.041176e-01	-6.491476e+00
4.336000e-05	1.105397e-01	-6.776735e+00
4.337000e-05	-8.236496e-02	-6.990295e+00
4.338000e-05	1.991433e-02	-7.353580e+00
4.339000e-05	-2.757761e-02	-7.585764e+00
4.340000e-05	-4.582221e-02	-7.930423e+00
4.341000e-05	7.785850e-02	-8.163535e+00
4.342000e-05	-8.661615e-02	-8.414165e+00
4.343000e-05	7.397579e-02	-8.656717e+00
4.344000e-05	-6.699652e-02	-8.898821e+00
4.345000e-05	7.971672e-03	-9.153078e+00
4.346000e-05	-7.774260e-03	-9.352481e+00
4.347000e-05	-3.784465e-02	-9.623559e+00
4.348000e-05	3.657957e-02	-9.845217e+00
4.349000e-05	-5.527356e-02	-1.004572e+01
4.350000e-05	5.225569e-02	-1.027724e+01
4.351000e-05	-6.607165e-02	-1.047935e+01
4.352000e-05	2.625946e-02	-1.069892e+01
4.353000e-05	-4.688329e-02	-1.088838e+01
4.354000e-05	9.812390e-03	-1.116088e+01
4.355000e-05	-1.892642e-02	-1.132940e+01
4.356000e-05	-1.208918e-02	-1.159146e+01
4.357000e-05	-1.005724e-05	-1.174998e+01
4.358000e-05	-2.331040e-02	-1.196248e+01
4.359000e-05	1.933761e-03	-1.216143e+01
4.360000e-05	-3.929930e-02	-1.235093e+01
4.361000e-05	8.879167e-03	-1.250040e+01
4.362000e-05	-3.259946e-02	-1.268780e+01
4.363000e-05	5.654408e-03	-1.287735e+01
4.364000e-05	-3.255969e-02	-1.304666e+01
4.365000e-05	4.495209e-04	-1.317309e+01
4.366000e-05	-2.407241e-02	-1.333088e+01
4.367000e-05	-1.062325e-02	-1.350780e+01
4.368000e-05	-2.099720e-02	-1.362414e+01
4.369000e-05	-1.687958e-02	-1.380154e+01
4.370000e-05	-1.116502e-02	-1.392940e+01
4.371000e-05	-2.104077e-02	-1.405675e+01
4.372000e-05	-1.216270e-02	-1.420106e+01
4.373000e-05	-2.479008e-02	-1.434835e+01
4.374000e-05	-1.115526e-02	-1.446516e+01
4.375000e-05	-2.581770e-02	-1.456048e+01
4.376000e-05	-1.516643e-02	-1.465677e+01
4.377000e-05	-2.419161e-02	-1.477095e+01
4.378000e-05	-1.381190e-02	-1.487567e+01
4.379000e-05	-2.182387e-02	-1.492940e+01
4.380000e-05	-1.944739e-02	-1.503409e+01
4.381000e-05	-2.389451e-02	-1.511880e+01
4.382000e-05	-2.063393e-02	-1.519053e+01
4.383000e-05	-2.316717e-02	-1.523319e+01
4.384000e-05	-2.449241e-02	-1.532672e+01
4.385000e-05	-2.437905e-02	-1.534793e+01
4.386000e-05	-2.256209e-02	-1.540356e+01
4.387000e-05	-2.200885e-02	-1.546467e+01
4.388000e-05	-2.858646e-02	-1.548687e+01
4.389000e-05	-2.521292e-02	-1.554845e+01
4.390000e-05	-2.811853e-02	-1.553896e+01
4.391000e-05	-2.337749e-02	-1.558951e+01
4.392000e-05	-3.070162e-02	-1.561157e+01
4.393000e-05	-2.927209e-02	-1.564216e+01
4.394000e-05	-3.119846e-02	-1.558166e+01
4.395000e-05	-3.061407e-02	-1.560361e+01
4.396000e-05	-3.344098e-02	-1.556367e+01
4.397000e-05	-3.577209e-02	-1.560209e+01
4.398000e-05	-3.441348e-02	-1.558109e+01
4.399000e-05	-3.659069e-02	-1.555898e+01
4.400000e-05	-3.785868e-02	-1.549740e+01
4.401000e-05	-4.223975e-02	-1.549732e+01
4.402000e-05	-4.130283e-02	-1.546424e+01
4.403000e-05	-4.350651e-02	-1.539217e+01
4.404000e-05	-4.423591e-02	-1.533000e+01
4.405000e-05	-4.824325e-02	-1.531833e+01
4.406000e-05	-4.881368e-02	-1.520422e+01
4.407000e-05	-5.119218e-02	-1.517013e+01
4.408000e-05	-5.484130e-02	-1.511782e+01
4.409000e-05	-5.904792e-02	-1.503412e+01
4.410000e-05	-6.101345e-02	-1.492798e+01
4.411000e-05	-6.323195e-02	-1.482682e+01
4.412000e-05	-6.644102e-02	-1.478301e+01
4.413000e-05	-6.989790e-02	-1.464670e+01
4.414000e-05	-7.181909e-02	-1.456159e+01
4.415000e-05	-7.309060e-02	-1.445332e+01
4.416000e-05	-7.459829e-02	-1.431000e+01
4.417000e-05	-7.359433e-02	-1.424302e+01
4.418000e-05	-7.281933e-02	-1.405680e+01
4.419000e-05	-7.032550e-02	-1.395953e+01
4.420000e-05	-6.913930e-02	-1.377422e+01
4.421000e-05	-6.603241e-02	-1.364583e+01
4.422000e-05	-6.329180e-02	-1.348941e+01
4.423000e-05	-5.960034e-02	-1.338209e+01
4.424000e-05	-5.644406e-02	-1.321482e+01
4.425000e-05	-5.214080e-02	-1.306783e+01
4.426000e-05	-5.056561e-02	-1.287000e+01
4.427000e-05	-4.626821e-02	-1.274119e+01
4.428000e-05	-4.392082e-02	-1.258319e+01
4.429000e-05	-4.120105e-02	-1.238572e+01
4.430000e-05	-3.888027e-02	-1.224582e+01
4.431000e-05	-3.673003e-02	-1.204677e+01
4.432000e-05	-3.417465e-02	-1.181474e+01
4.433000e-05	-3.123207e-02	-1.160621e+01
4.434000e-05	-2.907270e-02	-1.138359e+01
4.435000e-05	-2.769020e-02	-1.116314e+01
4.436000e-05	-2.758286e-02	-1.090166e+01
4.437000e-05	-2.505220e-02	-1.077219e+01
4.438000e-05	-2.382705e-02	-1.057372e+01
4.439000e-05	-2.061898e-02	-1.035021e+01
4.440000e-05	-2.340586e-02	-1.006206e+01
4.441000e-05	-1.930982e-02	-9.849985e+00
4.442000e-05	-1.885983e-02	-9.670456e+00
4.443000e-05	-1.569047e-02	-9.447802e+00
4.444000e-05	-1.813456e-02	-9.197399e+00
4.445000e-05	-1.450886e-02	-8.956342e+00
4.446000e-05	-1.641365e-02	-8.762238e+00
4.447000e-05	-1.213929e-02	-8.480580e+00
4.448000e-05	-1.615133e-02	-8.249004e+00
4.449000e-05	-1.418494e-02	-7.998971e+00
4.450000e-05	-1.427487e-02	-7.722641e+00
4.451000e-05	-9.937754e-03	-7.450529e+00
4.452000e-05	-1.126747e-02	-7.239426e+00
4.453000e-05	-1.083088e-02	-6.943639e+00
4.454000e-05	-9.760628e-03	-6.691605e+00
4.455000e-05	-1.015653e-02	-6.431452e+00
4.456000e-05	-9.082582e-03	-6.145768e+00
4.457000e-05	-1.260378e-02	-5.872564e+00
4.458000e-05	-8.931375e-03	-5.610029e+00
4.459000e-05	-8.890547e-03	-5.332713e+00
4.460000e-05	-7.350012e-03	-5.020604e+00
4.461000e-05	-7.769136e-03	-4.681610e+00
4.462000e-05	-5.170283e-03	-4.420079e+00
4.463000e-05	-6.835802e-03	-4.199451e+00
4.464000e-05	-6.870105e-03	-3.924318e+00
4.465000e-05	-1.026936e-02	-3.619106e+00
4.466000e-05	-8.094755e-03	-3.376872e+00
4.467000e-05	-7.464736e-03	-3.052787e+00
4.468000e-05	-4.995152e-03	-2.787425e+00
4.469000e-05	-5.302242e-03	-2.515293e+00
4.470000e-05	-4.017016e-03	-2.159559e+00
4.471000e-05	-4.094624e-03	-1.945870e+00
4.472000e-05	-4.737182e-03	-1.623183e+00
4.473000e-05	-6.028285e-03	-1.304897e+00
4.474000e-05	-5.040632e-03	-9.900815e-01
4.475000e-05	-4.930334e-03	-7.474223e-01
4.476000e-05	-2.775718e-03	-4.326552e-01
4.477000e-05	-2.485689e-03	-1.579712e-01
4.478000e-05	7.455073e-03	1.162068e-01
4.479000e-05	3.635044e-03	4.388999e-01
4.480000e-05	1.870160e-03	6.620540e-01
4.481000e-05	1.691826e-04	9.441633e-01
4.482000e-05	2.939343e-04	1.281555e+00
4.483000e-05	1.959266e-03	1.555137e+00
4.484000e-05	2.735023e-03	1.841476e+00
4.485000e-05	2.366787e-02	2.051529e+00
4.486000e-05	7.332792e-02	2.336661e+00
4.487000e-05	1.068045e-02	2.710977e+00
4.488000e-05	-6.406383e-02	3.039968e+00
4.489000e-05	-4.269520e-02	3.311453e+00
4.490000e-05	-6.815698e-03	3.576710e+00
4.491000e-05	-1.482814e-02	3.806346e+00
4.492000e-05	-5.054912e-02	3.985818e+00
4.493000e-05	7.167640e-02	4.248773e+00
4.494000e-05	6.077063e-03	4.564710e+00
4.495000e-05	1.819299e-02	4.778322e+00
4.496000e-05	7.925638e-02	5.104026e+00
4.497000e-05	-1.056371e-01	5.468899e+00
4.498000e-05	5.042917e-02	5.691006e+00
4.499000e-05	-1.640121e-02	6.014812e+00
4.500000e-05	1.811542e-02	6.258322e+00
4.501000e-05	3.138439e-03	6.530508e+00
4.502000e-05	-2.856625e-02	6.836168e+00
4.503000e-05	7.315344e-02	7.068847e+00
4.504000e-05	-2.552484e-02	7.362485e+00
4.505000e-05	-3.646445e-03	7.664717e+00
4.506000e-05	-3.291804e-02	7.901477e+00
4.507000e-05	5.023819e-02	8.224662e+00
4.508000e-05	2.679437e-02	8.415747e+00
4.509000e-05	-3.684768e-02	8.636221e+00
4.510000e-05	2.779626e-02	8.877299e+00
4.511000e-05	-4.501242e-03	9.110927e+00
4.512000e-05	2.420304e-02	9.351562e+00
4.513000e-05	-1.767890e-02	9.572585e+00
4.514000e-05	5.292127e-03	9.815164e+00
4.515000e-05	1.844070e-02	1.005622e+01
4.516000e-05	2.239038e-02	1.027682e+01
4.517000e-05	7.879150e-03	1.050882e+01
4.518000e-05	-2.150244e-02	1.071885e+01
4.519000e-05	2.170497e-02	1.089045e+01
4.520000e-05	6.878310e-03	1.111145e+01
4.521000e-05	1.368290e-02	1.133990e+01
4.522000e-05	-8.794952e-03	1.158000e+01
4.523000e-05	2.254241e-02	1.174908e+01
4.524000e-05	1.919355e-02	1.194048e+01
4.525000e-05	1.111770e-02	1.213948e+01
4.526000e-05	-5.583379e-03	1.231893e+01
4.527000e-05	4.695367e-03	1.252980e+01
4.528000e-05	2.059504e-02	1.269677e+01
4.529000e-05	6.772468e-03	1.285629e+01
4.530000e-05	6.216779e-03	1.303306e+01
4.531000e-05	7.604983e-03	1.318248e+01
4.532000e-05	2.744313e-02	1.331938e+01
4.533000e-05	9.487899e-03	1.348732e+01
4.534000e-05	5.058906e-03	1.359464e+01
4.535000e-05	4.026208e-03	1.378949e+01
4.536000e-05	2.108728e-02	1.388783e+01
4.537000e-05	1.423510e-02	1.407219e+01
4.538000e-05	6.440532e-03	1.422196e+01
4.539000e-05	1.170468e-02	1.437837e+01
4.540000e-05	2.002440e-02	1.443359e+01
4.541000e-05	1.899900e-02	1.456100e+01
4.542000e-05	6.185201e-03	1.465509e+01
4.543000e-05	1.256698e-02	1.476101e+01
4.544000e-05	1.814577e-02	1.486366e+01
4.545000e-05	2.098325e-02	1.493983e+01
4.546000e-05	1.003099e-02	1.496309e+01
4.547000e-05	1.228777e-02	1.505582e+01
4.548000e-05	1.928551e-02	1.516088e+01
4.549000e-05	1.993207e-02	1.519261e+01
4.550000e-05	1.508768e-02	1.525632e+01
4.551000e-05	1.320727e-02	1.533938e+01
4.552000e-05	2.276847e-02	1.541091e+01
4.553000e-05	2.286609e-02	1.546214e+01
4.554000e-05	1.827220e-02	1.546365e+01
4.555000e-05	1.462994e-02	1.552583e+01
4.556000e-05	2.375275e-02	1.555798e+01
4.557000e-05	2.527948e-02	1.553846e+01
4.558000e-05	2.145450e-02	1.557143e+01
4.559000e-05	1.999278e-02	1.559006e+01
4.560000e-05	2.483450e-02	1.557201e+01
4.561000e-05	3.041450e-02	1.555003e+01
4.562000e-05	2.520403e-02	1.558108e+01
4.563000e-05	2.529329e-02	1.555906e+01
4.564000e-05	2.932828e-02	1.557996e+01
4.565000e-05	3.674879e-02	1.553741e+01
4.566000e-05	3.155659e-02	1.550625e+01
4.567000e-05	3.045553e-02	1.546470e+01
4.568000e-05	3.473958e-02	1.544249e+01
4.569000e-05	4.134033e-02	1.535099e+01
4.570000e-05	4.049816e-02	1.531938e+01
4.571000e-05	3.816618e-02	1.521522e+01
4.572000e-05	4.304125e-02	1.519216e+01
4.573000e-05	4.794168e-02	1.514803e+01
4.574000e-05	5.045854e-02	1.505632e+01
4.575000e-05	4.808718e-02	1.496164e+01
4.576000e-05	5.464574e-02	1.488880e+01
4.577000e-05	6.225062e-02	1.481372e+01
4.578000e-05	6.408100e-02	1.469748e+01
4.579000e-05	6.220618e-02	1.463249e+01
4.580000e-05	6.333711e-02	1.452892e+01
4.581000e-05	7.040104e-02	1.441212e+01
4.582000e-05	6.912511e-02	1.430683e+01
4.583000e-05	6.588178e-02	1.416198e+01
4.584000e-05	6.200657e-02	1.406267e+01
4.585000e-05	6.695388e-02	1.387840e+01
4.586000e-05	6.330223e-02	1.375006e+01
4.587000e-05	5.784826e-02	1.360211e+01
4.588000e-05	5.215084e-02	1.346685e+01
4.589000e-05	5.376584e-02	1.326898e+01
4.590000e-05	5.001303e-02	1.314006e+01
4.591000e-05	4.408290e-02	1.300464e+01
4.592000e-05	3.885886e-02	1.282384e+01
4.593000e-05	3.995038e-02	1.261790e+01
4.594000e-05	3.838670e-02	1.247046e+01
4.595000e-05	3.330718e-02	1.230856e+01
4.596000e-05	2.724036e-02	1.215153e+01
4.597000e-05	2.701464e-02	1.193104e+01
4.598000e-05	2.750466e-02	1.175120e+01
4.599000e-05	2.322544e-02	1.157067e+01
4.600000e-05	1.908133e-02	1.131253e+01
4.601000e-05	1.910607e-02	1.110006e+01
4.602000e-05	2.095467e-02	1.093056e+01
4.603000e-05	1.784656e-02	1.073911e+01
4.604000e-05	1.293605e-02	1.049051e+01
4.605000e-05	1.285692e-02	1.029950e+01
4.606000e-05	1.379576e-02	1.004795e+01
4.607000e-05	1.206187e-02	9.825698e+00
4.608000e-05	8.668804e-03	9.554247e+00
4.609000e-05	8.018340e-03	9.364241e+00
4.610000e-05	1.054791e-02	9.140691e+00
4.611000e-05	8.497082e-03	8.891580e+00
4.612000e-05	5.650599e-03	8.647454e+00
4.613000e-05	3.906404e-03	8.426425e+00
4.614000e-05	6.573716e-03	8.186868e+00
4.615000e-05	6.391558e-03	7.942609e+00
4.616000e-05	2.743460e-03	7.670581e+00
4.617000e-05	2.537231e-03	7.366896e+00
4.618000e-05	3.446191e-03	7.133235e+00
4.619000e-05	4.005017e-03	6.871654e+00
4.620000e-05	9.301813e-04	6.597376e+00
4.621000e-05	2.741136e-05	6.335292e+00
4.622000e-05	1.739629e-03	6.082129e+00
4.623000e-05	2.728213e-03	5.808449e+00
4.624000e-05	-4.668598e-04	5.523841e+00
4.625000e-05	-2.490772e-03	5.238506e+00
4.626000e-05	-6.532459e-04	4.893766e+00
4.627000e-05	1.048589e-03	4.640531e+00
4.628000e-05	-1.435118e-03	4.336971e+00
4.629000e-05	-2.976273e-03	4.082183e+00
4.630000e-05	-1.187253e-03	3.768947e+00
4.631000e-05	-3.202731e-04	3.535866e+00
4.632000e-05	-2.273246e-03	3.251554e+00
4.633000e-05	-4.617095e-03	2.928322e+00
4.634000e-05	-3.945586e-03	2.703767e+00
4.635000e-05	-1.320382e-03	2.368022e+00
4.636000e-05	-3.301069e-03	2.084341e+00
4.637000e-05	-4.903570e-03	1.822133e+00
4.638000e-05	-4.680324e-03	1.516424e+00
4.639000e-05	-2.849200e-03	1.222232e+00
4.640000e-05	-3.719006e-03	8.842858e-01
4.641000e-05	-5.658442e-03	6.006325e-01
4.642000e-05	-4.796387e-03	3.464486e-01
4.643000e-05	-1.619655e-03	2.103308e-02
4.644000e-05	5.590368e-03	-2.325237e-01
4.645000e-05	-1.906469e-03	-5.031252e-01
4.646000e-05	-2.732415e-03	-8.093187e-01
4.647000e-05	-4.430643e-03	-1.059946e+00
4.648000e-05	-1.326398e-03	-1.364613e+00
4.649000e-05	-4.379365e-03	-1.651971e+00
4.650000e-05	7.699567e-03	-1.881503e+00
4.651000e-05	6.276898e-02	-2.101004e+00
4.652000e-05	5.384719e-02	-2.437811e+00
4.653000e-05	-8.325442e-02	-2.814659e+00
4.654000e-05	-4.005385e-02	-3.226712e+00
4.655000e-05	-4.015528e-02	-3.409874e+00
4.656000e-05	-2.574236e-02	-3.681505e+00
4.657000e-05	-4.169694e-02	-3.903610e+00
4.658000e-05	1.297256e-01	-4.103532e+00
4.659000e-05	-1.320033e-01	-4.373684e+00
4.660000e-05	1.152312e-01	-4.639421e+00
4.661000e-05	1.145171e-02	-4.879900e+00
4.662000e-05	-1.076381e-01	-5.277292e+00
4.663000e-05	8.336335e-02	-5.542007e+00
4.664000e-05	-1.519216e-01	-5.776719e+00
4.665000e-05	1.209008e-01	-6.088975e+00
4.666000e-05	-4.690080e-02	-6.350949e+00
4.667000e-05	-1.524022e-02	-6.647322e+00
4.668000e-05	6.820387e-02	-6.909852e+00
4.669000e-05	-9.552822e-02	-7.223134e+00
4.670000e-05	5.994684e-02	-7.477318e+00
4.671000e-05	-9.358314e-02	-7.710471e+00
4.672000e-05	4.356656e-02	-8.033240e+00
4.673000e-05	4.433976e-03	-8.207193e+00
4.674000e-05	-4.324829e-02	-8.500904e+00
4.675000e-05	6.028956e-02	-8.749508e+00
4.676000e-05	-9.256696e-02	-9.013111e+00
4.677000e-05	5.830122e-02	-9.224719e+00
4.678000e-05	-6.974955e-02	-9.425762e+00
4.679000e-05	2.889346e-02	-9.688774e+00
4.680000e-05	-2.226158e-02	-9.898375e+00
4.681000e-05	-3.870700e-03	-1.018190e+01
4.682000e-05	1.155535e-02	-1.035043e+01
4.683000e-05	-5.030343e-02	-1.055353e+01
4.684000e-05	2.329654e-02	-1.079359e+01
4.685000e-05	-5.399781e-02	-1.100261e+01
4.686000e-05	3.083900e-02	-1.123519e+01
4.687000e-05	-4.681683e-02	-1.140511e+01
4.688000e-05	1.835501e-02	-1.166519e+01
4.689000e-05	-2.889175e-02	-1.187406e+01
4.690000e-05	2.386279e-03	-1.203474e+01
4.691000e-05	-2.840353e-02	-1.224372e+01
4.692000e-05	-1.582209e-02	-1.241417e+01
4.693000e-05	-5.995522e-03	-1.261306e+01
4.694000e-05	-1.926230e-02	-1.277348e+01
4.695000e-05	-3.949312e-03	-1.291090e+01
4.696000e-05	-2.944267e-02	-1.312737e+01
4.697000e-05	3.816648e-03	-1.322522e+01
4.698000e-05	-2.958650e-02	-1.340103e+01
4.699000e-05	-5.500546e-03	-1.356843e+01
4.700000e-05	-3.282824e-02	-1.366922e+01
4.701000e-05	-3.651627e-03	-1.384609e+01
4.702000e-05	-2.093688e-02	-1.397048e+01
4.703000e-05	-1.219487e-02	-1.412840e+01
4.704000e-05	-2.258867e-02	-1.422361e+01
4.705000e-05	-1.564184e-02	-1.439098e+01
4.706000e-05	-1.658077e-02	-1.449574e+01
4.707000e-05	-2.259065e-02	-1.459151e+01
4.708000e-05	-1.839472e-02	-1.469635e+01
4.709000e-05	-2.182791e-02	-1.481151e+01
4.710000e-05	-1.299806e-02	-1.487735e+01
4.711000e-05	-2.381723e-02	-1.500101e+01
4.712000e-05	-2.065228e-02	-1.505621e+01
4.713000e-05	-2.566765e-02	-1.516845e+01
4.714000e-05	-1.783857e-02	-1.522204e+01
4.715000e-05	-2.508020e-02	-1.524317e+01
4.716000e-05	-2.222342e-02	-1.530837e+01
4.717000e-05	-2.538762e-02	-1.536948e+01
4.718000e-05	-2.018155e-02	-1.542317e+01
4.719000e-05	-2.573719e-02	-1.550477e+01
4.720000e-05	-2.732139e-02	-1.549788e+01
4.721000e-05	-2.744625e-02	-1.555942e+01
4.722000e-05	-2.572428e-02	-1.557048e+01
4.723000e-05	-2.463128e-02	-1.558098e+01
4.724000e-05	-3.171197e-02	-1.561267e+01
4.725000e-05	-2.886312e-02	-1.562469e+01
4.726000e-05	-3.140922e-02	-1.565364e+01
4.727000e-05	-2.958589e-02	-1.563266e+01
4.728000e-05	-3.514487e-02	-1.559356e+01
4.729000e-05	-3.489180e-02	-1.561259e+01
4.730000e-05	-3.496505e-02	-1.560056e+01
4.731000e-05	-3.617489e-02	-1.550796e+01
4.732000e-05	-3.978377e-02	-1.552793e+01
4.733000e-05	-4.281309e-02	-1.548530e+01
4.734000e-05	-4.136394e-02	-1.543469e+01
4.735000e-05	-4.262002e-02	-1.539301e+01
4.736000e-05	-4.556674e-02	-1.532950e+01
4.737000e-05	-4.886739e-02	-1.528575e+01
4.738000e-05	-5.010428e-02	-1.521209e+01
4.739000e-05	-5.175584e-02	-1.517898e+01
4.740000e-05	-5.651094e-02	-1.507523e+01
4.741000e-05	-6.082613e-02	-1.500261e+01
4.742000e-05	-6.260840e-02	-1.491943e+01
4.743000e-05	-6.379628e-02	-1.483429e+01
4.744000e-05	-6.713582e-02	-1.473948e+01
4.745000e-05	-7.141949e-02	-1.461380e+01
4.746000e-05	-7.336937e-02	-1.452948e+01
4.747000e-05	-7.266483e-02	-1.441412e+01
4.748000e-05	-7.314540e-02	-1.429737e+01
4.749000e-05	-7.429566e-02	-1.415951e+01
4.750000e-05	-7.319921e-02	-1.398582e+01
4.751000e-05	-6.860465e-02	-1.391840e+01
4.752000e-05	-6.639903e-02	-1.373113e+01
4.753000e-05	-6.583687e-02	-1.361527e+01
4.754000e-05	-6.226213e-02	-1.345680e+01
4.755000e-05	-5.724053e-02	-1.329005e+01
4.756000e-05	-5.330562e-02	-1.312008e+01
4.757000e-05	-5.263018e-02	-1.302427e+01
4.758000e-05	-4.977078e-02	-1.282732e+01
4.759000e-05	-4.522191e-02	-1.267735e+01
4.760000e-05	-4.093518e-02	-1.254058e+01
4.761000e-05	-4.131830e-02	-1.228004e+01
4.762000e-05	-3.907991e-02	-1.217124e+01
4.763000e-05	-3.524843e-02	-1.197214e+01
4.764000e-05	-3.131662e-02	-1.178064e+01
4.765000e-05	-3.125437e-02	-1.152061e+01
4.766000e-05	-3.093022e-02	-1.133006e+01
4.767000e-05	-2.734083e-02	-1.111848e+01
4.768000e-05	-2.442729e-02	-1.086003e+01
4.769000e-05	-2.433335e-02	-1.069006e+01
4.770000e-05	-2.409145e-02	-1.045898e+01
4.771000e-05	-2.208849e-02	-1.025790e+01
4.772000e-05	-1.989640e-02	-1.002537e+01
4.773000e-05	-1.920669e-02	-9.816399e+00
4.774000e-05	-1.962801e-02	-9.586368e+00
4.775000e-05	-1.813064e-02	-9.353238e+00
4.776000e-05	-1.512798e-02	-9.142161e+00
4.777000e-05	-1.518045e-02	-8.882063e+00
4.778000e-05	-1.624479e-02	-8.668479e+00
4.779000e-05	-1.475389e-02	-8.397900e+00
4.780000e-05	-1.251023e-02	-8.164318e+00
4.781000e-05	-1.170180e-02	-7.925263e+00
4.782000e-05	-1.425148e-02	-7.608526e+00
4.783000e-05	-1.282729e-02	-7.357846e+00
4.784000e-05	-1.060018e-02	-7.123113e+00
4.785000e-05	-9.632567e-03	-6.839524e+00
4.786000e-05	-1.156205e-02	-6.574900e+00
4.787000e-05	-1.094819e-02	-6.365262e+00
4.788000e-05	-1.057736e-02	-6.061508e+00
4.789000e-05	-7.672371e-03	-5.797926e+00
4.790000e-05	-9.834060e-03	-5.503193e+00
4.791000e-05	-8.956827e-03	-5.186921e+00
4.792000e-05	-9.209528e-03	-4.863240e+00
4.793000e-05	-5.557203e-03	-4.587448e+00
4.794000e-05	-7.583866e-03	-4.377446e+00
4.795000e-05	-7.863111e-03	-4.065270e+00
4.796000e-05	-8.807986e-03	-3.790001e+00
4.797000e-05	-6.964537e-03	-3.554867e+00
4.798000e-05	-5.633508e-03	-3.232713e+00
4.799000e-05	-5.890317e-03	-2.957372e+00
4.800000e-05	-4.532420e-03	-2.693161e+00
4.801000e-05	-4.225828e-03	-2.402053e+00
4.802000e-05	-3.544716e-03	-2.064241e+00
4.803000e-05	-5.863126e-03	-1.812583e+00
4.804000e-05	-6.074016e-03	-1.516449e+00
4.805000e-05	-5.125156e-03	-1.179523e+00
4.806000e-05	-3.962578e-03	-9.173420e-01
4.807000e-05	-3.740019e-03	-6.117114e-01
4.808000e-05	-2.499564e-03	-3.068708e-01
4.809000e-05	-2.021799e-04	-5.473796e-02
4.810000e-05	1.073119e-02	2.494476e-01
4.811000e-05	-5.566584e-04	5.151617e-01
4.812000e-05	1.399894e-03	7.977670e-01
4.813000e-05	-2.160277e-03	1.110401e+00
4.814000e-05	3.674094e-03	1.355737e+00
4.815000e-05	8.085515e-04	1.719871e+00
4.816000e-05	9.679238e-03	1.894582e+00
4.817000e-05	3.588987e-02	2.144637e+00
4.818000e-05	7.949604e-02	2.481999e+00
4.819000e-05	-4.133936e-02	2.849896e+00
4.820000e-05	-5.080260e-02	3.113084e+00
4.821000e-05	-3.818991e-02	3.385264e+00
4.822000e-05	8.870788e-03	3.668953e+00
4.823000e-05	-4.136501e-02	3.861578e+00
4.824000e-05	-2.198543e-02	4.098877e+00
4.825000e-05	9.506547e-02	4.374607e+00
4.826000e-05	-5.418571e-02	4.688900e+00
4.827000e-05	1.085067e-01	4.943031e+00
4.828000e-05	-2.771644e-02	5.301375e+00
4.829000e-05	-5.246795e-02	5.563709e+00
4.830000e-05	5.080542e-02	5.785193e+00
4.831000e-05	-3.275972e-02	6.132001e+00
4.832000e-05	4.549701e-02	6.363130e+00
4.833000e-05	-4.291226e-02	6.626721e+00
4.834000e-05	2.693113e-02	6.913954e+00
4.835000e-05	4.305149e-02	7.175085e+00
4.836000e-05	-2.651930e-02	7.468344e+00
4.837000e-05	-1.290856e-02	7.773030e+00
4.838000e-05	-1.544558e-02	8.007089e+00
4.839000e-05	6.656526e-02	8.308875e+00
4.840000e-05	-9.824229e-03	8.520453e+00
4.841000e-05	-1.972600e-02	8.769476e+00
4.842000e-05	2.846369e-02	8.952512e+00
4.843000e-05	-3.806967e-03	9.224188e+00
4.844000e-05	2.576392e-02	9.427270e+00
4.845000e-05	-2.937755e-02	9.687248e+00
4.846000e-05	2.142042e-02	9.927971e+00
4.847000e-05	1.387568e-02	1.015045e+01
4.848000e-05	2.450886e-02	1.037398e+01
4.849000e-05	-8.677993e-03	1.059253e+01
4.850000e-05	-1.197297e-02	1.079211e+01
4.851000e-05	2.901896e-02	1.101209e+01
4.852000e-05	3.324675e-03	1.120356e+01
4.853000e-05	1.202139e-02	1.139356e+01
4.854000e-05	-1.058864e-02	1.165369e+01
4.855000e-05	3.097015e-02	1.185472e+01
4.856000e-05	1.053157e-02	1.204319e+01
4.857000e-05	6.977756e-03	1.224414e+01
4.858000e-05	-6.709841e-03	1.244364e+01
4.859000e-05	1.483969e-02	1.259201e+01
4.860000e-05	2.205480e-02	1.276936e+01
4.861000e-05	3.423786e-03	1.292737e+01
4.862000e-05	6.285015e-03	1.304774e+01
4.863000e-05	1.082837e-02	1.323414e+01
4.864000e-05	2.673476e-02	1.341146e+01
4.865000e-05	3.767814e-03	1.354787e+01
4.866000e-05	3.612433e-03	1.366677e+01
4.867000e-05	9.609885e-03	1.386311e+01
4.868000e-05	2.267831e-02	1.394941e+01
4.869000e-05	1.262114e-02	1.411575e+01
4.870000e-05	4.815803e-03	1.424262e+01
4.871000e-05	1.464170e-02	1.441105e+01
4.872000e-05	1.994862e-02	1.452477e+01
4.873000e-05	1.527985e-02	1.458211e+01
4.874000e-05	4.403106e-03	1.469718e+01
4.875000e-05	1.521192e-02	1.480054e+01
4.876000e-05	2.096064e-02	1.486580e+01
4.877000e-05	1.850810e-02	1.495945e+01
4.878000e-05	9.918512e-03	1.504362e+01
4.879000e-05	1.309037e-02	1.511627e+01
4.880000e-05	2.196855e-02	1.516245e+01
4.881000e-05	1.863398e-02	1.524364e+01
4.882000e-05	1.301123e-02	1.527627e+01
4.883000e-05	1.406934e-02	1.533888e+01
4.884000e-05	2.405104e-02	1.540156e+01
4.885000e-05	2.215592e-02	1.548359e+01
4.886000e-05	1.585004e-02	1.546569e+01
4.887000e-05	1.663786e-02	1.554738e+01
4.888000e-05	2.407084e-02	1.553888e+01
4.889000e-05	2.581936e-02	1.555851e+01
4.890000e-05	2.007031e-02	1.558941e+01
4.891000e-05	2.053250e-02	1.559241e+01
4.892000e-05	2.714994e-02	1.562151e+01
4.893000e-05	3.006239e-02	1.556258e+01
4.894000e-05	2.502104e-02	1.562016e+01
4.895000e-05	2.508003e-02	1.556053e+01
4.896000e-05	3.158786e-02	1.553988e+01
4.897000e-05	3.635733e-02	1.553740e+01
4.898000e-05	3.388613e-02	1.548470e+01
4.899000e-05	3.061345e-02	1.544462e+01
4.900000e-05	3.639200e-02	1.543211e+01
4.901000e-05	4.030683e-02	1.537891e+01
4.902000e-05	4.078802e-02	1.526635e+01
4.903000e-05	3.909627e-02	1.522322e+01
4.904000e-05	4.403135e-02	1.515213e+01
4.905000e-05	5.050758e-02	1.510683e+01
4.906000e-05	5.080810e-02	1.500461e+01
4.907000e-05	5.120274e-02	1.495151e+01
4.908000e-05	5.448199e-02	1.484427e+01
4.909000e-05	6.287658e-02	1.477419e+01
4.910000e-05	6.313473e-02	1.466580e+01
4.911000e-05	6.360492e-02	1.458202e+01
4.912000e-05	6.486688e-02	1.443740e+01
4.913000e-05	6.814295e-02	1.436999e+01
4.914000e-05	6.885959e-02	1.428317e+01
4.915000e-05	6.470556e-02	1.408835e+01
4.916000e-05	6.424858e-02	1.402154e+01
4.917000e-05	6.353006e-02	1.384532e+01
4.918000e-05	6.150591e-02	1.367643e+01
4.919000e-05	5.635311e-02	1.353059e+01
4.920000e-05	5.260859e-02	1.339361e+01
4.921000e-05	5.124623e-02	1.322625e+01
4.922000e-05	4.825085e-02	1.311693e+01
4.923000e-05	4.391177e-02	1.291101e+01
4.924000e-05	3.937610e-02	1.279159e+01
4.925000e-05	3.725338e-02	1.261427e+01
4.926000e-05	3.721730e-02	1.242430e+01
4.927000e-05	3.267333e-02	1.226740e+01
4.928000e-05	2.823320e-02	1.206795e+01
4.929000e-05	2.569528e-02	1.188748e+01
4.930000e-05	2.533747e-02	1.167745e+01
4.931000e-05	2.199726e-02	1.149677e+01
4.932000e-05	2.124786e-02	1.123592e+01
4.933000e-05	1.780202e-02	1.102643e+01
4.934000e-05	2.055909e-02	1.082787e+01
4.935000e-05	1.742876e-02	1.064736e+01
4.936000e-05	1.510081e-02	1.039587e+01
4.937000e-05	1.076992e-02	1.021577e+01
4.938000e-05	1.238560e-02	9.973240e+00
4.939000e-05	1.048593e-02	9.703112e+00
4.940000e-05	9.401686e-03	9.480639e+00
4.941000e-05	8.467079e-03	9.270533e+00
4.942000e-05	9.165104e-03	9.006428e+00
4.943000e-05	9.579540e-03	8.796497e+00
4.944000e-05	5.675282e-03	8.554846e+00
4.945000e-05	5.616182e-03	8.322318e+00
4.946000e-05	3.349419e-03	8.090484e+00
4.947000e-05	6.132713e-03	7.797500e+00
4.948000e-05	3.023442e-03	7.596843e+00
4.949000e-05	3.385174e-03	7.231155e+00
4.950000e-05	1.751092e-03	7.019027e+00
4.951000e-05	4.160295e-03	6.786395e+00
4.952000e-05	2.551944e-03	6.473213e+00
4.953000e-05	1.090711e-03	6.249003e+00
4.954000e-05	9.601718e-04	5.979973e+00
4.955000e-05	1.252494e-03	5.693817e+00
4.956000e-05	1.085810e-03	5.451056e+00
4.957000e-05	-2.141093e-03	5.134818e+00
4.958000e-05	-1.534675e-03	4.797949e+00
4.959000e-05	-6.684336e-04	4.524189e+00
4.960000e-05	2.565868e-04	4.230608e+00
4.961000e-05	-1.833436e-03	3.977872e+00
4.962000e-05	-1.602668e-03	3.694188e+00
4.963000e-05	-2.286348e-03	3.407635e+00
4.964000e-05	-1.714483e-03	3.124350e+00
4.965000e-05	-3.347426e-03	2.832136e+00
4.966000e-05	-4.627898e-03	2.538420e+00
4.967000e-05	-3.292566e-03	2.273238e+00
4.968000e-05	-2.948261e-03	1.989631e+00
4.969000e-05	-3.134875e-03	1.746897e+00
4.970000e-05	-5.421848e-03	1.430655e+00
4.971000e-05	-4.992161e-03	1.074372e+00
4.972000e-05	-3.841100e-03	7.575013e-01
4.973000e-05	-4.220834e-03	4.954170e-01
4.974000e-05	-4.718286e-03	2.112078e-01
4.975000e-05	-3.021608e-03	-6.268157e-02
4.976000e-05	7.628968e-03	-3.451383e-01
4.977000e-05	-4.066880e-03	-6.403170e-01
4.978000e-05	-2.148353e-04	-8.730079e-01
4.979000e-05	-7.627451e-03	-1.164236e+00
4.980000e-05	-9.492892e-04	-1.440399e+00
4.981000e-05	-2.456485e-03	-1.711635e+00
4.982000e-05	2.052037e-02	-1.936663e+00
4.983000e-05	8.593046e-02	-2.176714e+00
4.984000e-05	-1.615914e-02	-2.554687e+00
4.985000e-05	-6.458324e-02	-2.912029e+00
4.986000e-05	-4.246781e-02	-3.311528e+00
4.987000e-05	-2.246071e-02	-3.511059e+00
4.988000e-05	-5.825782e-02	-3.725685e+00
4.989000e-05	4.203804e-02	-4.036342e+00
4.990000e-05	5.949942e-02	-4.175217e+00
4.991000e-05	-1.178574e-01	-4.509950e+00
4.992000e-05	1.805945e-01	-4.763033e+00
4.993000e-05	-1.248779e-01	-5.036237e+00
4.994000e-05	1.908542e-02	-5.334159e+00
4.995000e-05	-1.751662e-02	-5.636165e+00
4.996000e-05	-8.802496e-02	-5.923528e+00
4.997000e-05	1.307755e-01	-6.154112e+00
4.998000e-05	-1.131955e-01	-6.446813e+00
4.999000e-05	8.261470e-02	-6.741525e+00
