# 260929_12:00:07.753655
t	CH1	CH2
0.000000e+00	-2.257196e-03	1.461408e-01
1.000000e-08	1.504391e-03	-1.344898e-01
2.000000e-08	3.714656e-03	-3.780699e-01
3.000000e-08	-3.625766e-03	-6.917606e-01
4.000000e-08	-2.601773e-03	-9.359921e-01
5.000000e-08	-5.145690e-03	-1.198153e+00
6.000000e-08	-3.253388e-03	-1.524916e+00
7.000000e-08	2.595430e-03	-1.787470e+00
8.000000e-08	3.930995e-02	-1.968520e+00
9.000000e-08	7.293962e-02	-2.271253e+00
1.000000e-07	-4.955651e-02	-2.638753e+00
1.100000e-07	-5.251816e-02	-3.028700e+00
1.200000e-07	-4.157457e-02	-3.284908e+00
1.300000e-07	-2.351827e-02	-3.526916e+00
1.400000e-07	-4.990951e-02	-3.820150e+00
1.500000e-07	8.736545e-02	-4.010100e+00
1.600000e-07	-3.490788e-02	-4.239751e+00
1.700000e-07	-3.664228e-03	-4.493441e+00
1.800000e-07	1.059768e-01	-4.745498e+00
1.900000e-07	-1.210469e-01	-5.071884e+00
2.000000e-07	5.349173e-02	-5.378120e+00
2.100000e-07	-8.743159e-02	-5.663380e+00
2.200000e-07	1.554905e-02	-5.956516e+00
2.300000e-07	4.851182e-02	-6.196092e+00
2.400000e-07	-6.914334e-02	-6.461887e+00
2.500000e-07	8.206109e-02	-6.726493e+00
2.600000e-07	-6.353286e-02	-6.997820e+00
2.700000e-07	1.255519e-02	-7.285417e+00
2.800000e-07	-3.075302e-02	-7.536095e+00
2.900000e-07	-2.781038e-02	-7.814434e+00
3.000000e-07	4.959539e-02	-8.123387e+00
3.100000e-07	-5.705079e-02	-8.317570e+00
3.200000e-07	5.514851e-02	-8.599578e+00
3.300000e-07	-5.489090e-02	-8.810753e+00
3.400000e-07	5.804559e-03	-9.082284e+00
3.500000e-07	-1.305073e-02	-9.251859e+00
3.600000e-07	-2.176700e-02	-9.524541e+00
3.700000e-07	2.029199e-02	-9.737066e+00
3.800000e-07	-3.660366e-02	-9.927674e+00
3.900000e-07	3.206336e-02	-1.017013e+01
4.000000e-07	-4.952683e-02	-1.039128e+01
4.100000e-07	1.571080e-02	-1.061275e+01
4.200000e-07	-3.850652e-02	-1.080120e+01
4.300000e-07	7.108042e-03	-1.103241e+01
4.400000e-07	-1.785468e-02	-1.122183e+01
4.500000e-07	-7.241694e-03	-1.145291e+01
4.600000e-07	-4.364304e-03	-1.164236e+01
4.700000e-07	-1.790519e-02	-1.186446e+01
4.800000e-07	-5.509640e-03	-1.206336e+01
4.900000e-07	-3.127232e-02	-1.227289e+01
5.000000e-07	2.136458e-03	-1.241083e+01
5.100000e-07	-2.624879e-02	-1.258970e+01
5.200000e-07	1.844142e-03	-1.274017e+01
5.300000e-07	-2.667670e-02	-1.288699e+01
5.400000e-07	-1.294280e-03	-1.308494e+01
5.500000e-07	-2.249311e-02	-1.323970e+01
5.600000e-07	-9.859321e-03	-1.337925e+01
5.700000e-07	-2.204080e-02	-1.353747e+01
5.800000e-07	-1.477017e-02	-1.364694e+01
5.900000e-07	-1.389539e-02	-1.383028e+01
6.000000e-07	-1.834817e-02	-1.393860e+01
6.100000e-07	-1.281687e-02	-1.406249e+01
6.200000e-07	-2.117245e-02	-1.420128e+01
6.300000e-07	-1.156904e-02	-1.431652e+01
6.400000e-07	-2.344396e-02	-1.440231e+01
6.500000e-07	-1.384624e-02	-1.453652e+01
6.600000e-07	-2.216221e-02	-1.461183e+01
6.700000e-07	-1.391259e-02	-1.468495e+01
6.800000e-07	-2.124012e-02	-1.479130e+01
6.900000e-07	-1.817137e-02	-1.488557e+01
7.000000e-07	-2.343611e-02	-1.494010e+01
7.100000e-07	-1.952269e-02	-1.501329e+01
7.200000e-07	-2.184748e-02	-1.507549e+01
7.300000e-07	-2.091993e-02	-1.516760e+01
7.400000e-07	-2.137311e-02	-1.524278e+01
7.500000e-07	-2.112035e-02	-1.525686e+01
7.600000e-07	-2.135563e-02	-1.531699e+01
7.700000e-07	-2.610844e-02	-1.534955e+01
7.800000e-07	-2.487920e-02	-1.539123e+01
7.900000e-07	-2.765039e-02	-1.541221e+01
8.000000e-07	-2.360110e-02	-1.544226e+01
8.100000e-07	-2.854824e-02	-1.548384e+01
8.200000e-07	-2.625674e-02	-1.545341e+01
8.300000e-07	-2.888713e-02	-1.545439e+01
8.400000e-07	-2.798809e-02	-1.548534e+01
8.500000e-07	-3.066468e-02	-1.546584e+01
8.600000e-07	-3.149741e-02	-1.543326e+01
8.700000e-07	-3.284190e-02	-1.542376e+01
8.800000e-07	-3.458604e-02	-1.537166e+01
8.900000e-07	-3.722164e-02	-1.538065e+01
9.000000e-07	-3.914517e-02	-1.529910e+01
9.100000e-07	-3.891325e-02	-1.532751e+01
9.200000e-07	-3.960317e-02	-1.526476e+01
9.300000e-07	-3.974106e-02	-1.522071e+01
9.400000e-07	-4.296054e-02	-1.515007e+01
9.500000e-07	-4.405522e-02	-1.508689e+01
9.600000e-07	-4.785241e-02	-1.504471e+01
9.700000e-07	-4.956565e-02	-1.497110e+01
9.800000e-07	-5.439054e-02	-1.489627e+01
9.900000e-07	-5.527196e-02	-1.478156e+01
1.000000e-06	-5.866435e-02	-1.472787e+01
1.010000e-06	-5.818673e-02	-1.459421e+01
1.020000e-06	-6.317344e-02	-1.451847e+01
1.030000e-06	-6.489053e-02	-1.444373e+01
1.040000e-06	-6.713779e-02	-1.429792e+01
1.050000e-06	-6.875932e-02	-1.420966e+01
1.060000e-06	-6.898696e-02	-1.402432e+01
1.070000e-06	-6.916123e-02	-1.392797e+01
1.080000e-06	-6.682043e-02	-1.378253e+01
1.090000e-06	-6.567133e-02	-1.365529e+01
1.100000e-06	-6.435815e-02	-1.351850e+01
1.110000e-06	-6.294497e-02	-1.335158e+01
1.120000e-06	-5.847924e-02	-1.321469e+01
1.130000e-06	-5.699750e-02	-1.308729e+01
1.140000e-06	-5.403333e-02	-1.291692e+01
1.150000e-06	-5.125829e-02	-1.277108e+01
1.160000e-06	-4.701937e-02	-1.260216e+01
1.170000e-06	-4.549059e-02	-1.240418e+01
1.180000e-06	-4.294429e-02	-1.227676e+01
1.190000e-06	-4.166952e-02	-1.210782e+01
1.200000e-06	-3.881186e-02	-1.192634e+01
1.210000e-06	-3.628973e-02	-1.168734e+01
1.220000e-06	-3.352629e-02	-1.148674e+01
1.230000e-06	-3.095502e-02	-1.120356e+01
1.240000e-06	-2.909976e-02	-1.103361e+01
1.250000e-06	-2.738309e-02	-1.082376e+01
1.260000e-06	-2.588716e-02	-1.066566e+01
1.270000e-06	-2.531245e-02	-1.044413e+01
1.280000e-06	-2.298215e-02	-1.022306e+01
1.290000e-06	-2.308595e-02	-1.000200e+01
1.300000e-06	-2.169029e-02	-9.760476e+00
1.310000e-06	-1.956410e-02	-9.559975e+00
1.320000e-06	-1.915945e-02	-9.318900e+00
1.330000e-06	-1.610911e-02	-9.127266e+00
1.340000e-06	-1.826374e-02	-8.826712e+00
1.350000e-06	-1.481092e-02	-8.644139e+00
1.360000e-06	-1.586440e-02	-8.391006e+00
1.370000e-06	-1.290740e-02	-8.150347e+00
1.380000e-06	-1.391025e-02	-7.927214e+00
1.390000e-06	-1.264734e-02	-7.584084e+00
1.400000e-06	-1.322603e-02	-7.389850e+00
1.410000e-06	-1.153161e-02	-7.138392e+00
1.420000e-06	-1.256945e-02	-6.825110e+00
1.430000e-06	-1.116664e-02	-6.590505e+00
1.440000e-06	-9.326020e-03	-6.338224e+00
1.450000e-06	-8.572558e-03	-6.063610e+00
1.460000e-06	-7.910700e-03	-5.822002e+00
1.470000e-06	-8.052829e-03	-5.507820e+00
1.480000e-06	-8.401695e-03	-5.222530e+00
1.490000e-06	-1.034472e-02	-4.939645e+00
1.500000e-06	-6.969602e-03	-4.602878e+00
1.510000e-06	-8.655132e-03	-4.360848e+00
1.520000e-06	-6.952024e-03	-4.106670e+00
1.530000e-06	-7.645759e-03	-3.854032e+00
1.540000e-06	-5.560668e-03	-3.520394e+00
1.550000e-06	-6.427525e-03	-3.306563e+00
1.560000e-06	-5.510546e-03	-2.981829e+00
1.570000e-06	-5.558945e-03	-2.705621e+00
1.580000e-06	-4.834807e-03	-2.443507e+00
1.590000e-06	-5.090353e-03	-2.139696e+00
1.600000e-06	-5.522522e-03	-1.865064e+00
1.610000e-06	-5.700050e-03	-1.631453e+00
1.620000e-06	-5.389689e-03	-1.295507e+00
1.630000e-06	-3.656366e-03	-9.903486e-01
1.640000e-06	-4.703447e-03	-6.770618e-01
1.650000e-06	-1.644257e-03	-3.813764e-01
1.660000e-06	-2.530053e-05	-1.067170e-01
1.670000e-06	7.664270e-03	1.265159e-01
1.680000e-06	2.682282e-03	4.622327e-01
1.690000e-06	-5.074183e-04	7.143670e-01
1.700000e-06	-7.768994e-04	9.875974e-01
1.710000e-06	6.373931e-04	1.291835e+00
1.720000e-06	1.804669e-03	1.558570e+00
1.730000e-06	6.242168e-03	1.820705e+00
1.740000e-06	2.633686e-02	2.072757e+00
1.750000e-06	7.091889e-02	2.346091e+00
1.760000e-06	4.784974e-03	2.705991e+00
1.770000e-06	-6.154476e-02	3.019754e+00
1.780000e-06	-4.129981e-02	3.269885e+00
1.790000e-06	-7.543657e-03	3.558023e+00
1.800000e-06	-2.107323e-02	3.778124e+00
1.810000e-06	-3.973105e-02	3.977997e+00
1.820000e-06	6.526197e-02	4.252303e+00
1.830000e-06	1.135864e-03	4.568572e+00
1.840000e-06	3.226828e-02	4.810774e+00
1.850000e-06	5.519267e-02	5.166716e+00
1.860000e-06	-8.160772e-02	5.443857e+00
1.870000e-06	3.645832e-02	5.724436e+00
1.880000e-06	-1.413446e-02	6.018125e+00
1.890000e-06	1.678287e-02	6.230201e+00
1.900000e-06	-2.973982e-03	6.493491e+00
1.910000e-06	-1.581731e-02	6.740570e+00
1.920000e-06	5.818711e-02	7.063359e+00
1.930000e-06	-1.768233e-02	7.316963e+00
1.940000e-06	-1.104267e-02	7.578173e+00
1.950000e-06	-2.404647e-02	7.933441e+00
1.960000e-06	4.427532e-02	8.126618e+00
1.970000e-06	1.895399e-02	8.389098e+00
1.980000e-06	-2.628129e-02	8.630225e+00
1.990000e-06	2.177631e-02	8.822806e+00
2.000000e-06	5.478699e-04	9.092962e+00
2.010000e-06	1.866260e-02	9.315958e+00
2.020000e-06	-1.274458e-02	9.504017e+00
2.030000e-06	3.420776e-03	9.759174e+00
2.040000e-06	1.818014e-02	1.000075e+01
2.050000e-06	1.946465e-02	1.021973e+01
2.060000e-06	4.919037e-03	1.044178e+01
2.070000e-06	-1.615252e-02	1.062231e+01
2.080000e-06	1.954141e-02	1.083486e+01
2.090000e-06	1.060804e-02	1.104293e+01
2.100000e-06	9.146897e-03	1.119234e+01
2.110000e-06	-5.388749e-03	1.148349e+01
2.120000e-06	1.779183e-02	1.169391e+01
2.130000e-06	1.840882e-02	1.188589e+01
2.140000e-06	8.377737e-03	1.202541e+01
2.150000e-06	-3.088581e-03	1.225341e+01
2.160000e-06	6.853339e-03	1.242168e+01
2.170000e-06	2.151349e-02	1.261023e+01
2.180000e-06	8.146918e-03	1.273807e+01
2.190000e-06	5.094001e-03	1.290809e+01
2.200000e-06	7.196975e-03	1.304544e+01
2.210000e-06	2.351118e-02	1.324133e+01
2.220000e-06	8.804444e-03	1.336960e+01
2.230000e-06	4.174343e-03	1.355802e+01
2.240000e-06	5.293704e-03	1.366397e+01
2.250000e-06	1.984530e-02	1.379125e+01
2.260000e-06	1.478967e-02	1.395712e+01
2.270000e-06	7.638596e-03	1.408497e+01
2.280000e-06	1.057512e-02	1.419386e+01
2.290000e-06	1.871054e-02	1.435865e+01
2.300000e-06	1.621449e-02	1.445429e+01
2.310000e-06	6.365059e-03	1.454865e+01
2.320000e-06	1.114513e-02	1.462531e+01
2.330000e-06	1.776209e-02	1.476000e+01
2.340000e-06	2.075582e-02	1.480281e+01
2.350000e-06	1.098418e-02	1.487537e+01
2.360000e-06	1.198191e-02	1.495171e+01
2.370000e-06	1.773301e-02	1.500379e+01
2.380000e-06	1.943512e-02	1.507597e+01
2.390000e-06	1.369186e-02	1.514957e+01
2.400000e-06	1.263626e-02	1.521380e+01
2.410000e-06	2.052529e-02	1.523544e+01
2.420000e-06	2.044886e-02	1.528710e+01
2.430000e-06	1.750738e-02	1.533010e+01
2.440000e-06	1.400381e-02	1.537118e+01
2.450000e-06	2.168647e-02	1.539273e+01
2.460000e-06	2.344918e-02	1.539279e+01
2.470000e-06	2.088078e-02	1.543383e+01
2.480000e-06	1.851442e-02	1.546537e+01
2.490000e-06	2.330073e-02	1.550494e+01
2.500000e-06	2.670122e-02	1.544483e+01
2.510000e-06	2.390386e-02	1.544486e+01
2.520000e-06	2.268208e-02	1.543381e+01
2.530000e-06	2.805988e-02	1.543326e+01
2.540000e-06	3.358918e-02	1.538223e+01
2.550000e-06	3.046945e-02	1.536063e+01
2.560000e-06	2.876050e-02	1.534003e+01
2.570000e-06	3.245134e-02	1.527802e+01
2.580000e-06	3.695730e-02	1.524676e+01
2.590000e-06	3.656830e-02	1.518218e+01
2.600000e-06	3.475930e-02	1.510895e+01
2.610000e-06	3.933726e-02	1.506736e+01
2.620000e-06	4.388019e-02	1.502326e+01
2.630000e-06	4.504087e-02	1.492900e+01
2.640000e-06	4.439485e-02	1.486581e+01
2.650000e-06	4.856028e-02	1.480160e+01
2.660000e-06	5.391806e-02	1.465736e+01
2.670000e-06	5.766871e-02	1.460963e+01
2.680000e-06	5.651308e-02	1.448645e+01
2.690000e-06	5.888206e-02	1.437216e+01
2.700000e-06	6.197909e-02	1.427734e+01
2.710000e-06	6.276349e-02	1.419252e+01
2.720000e-06	6.133000e-02	1.405371e+01
2.730000e-06	6.075898e-02	1.390797e+01
2.740000e-06	6.207417e-02	1.377965e+01
2.750000e-06	6.153582e-02	1.358426e+01
2.760000e-06	5.763575e-02	1.352537e+01
2.770000e-06	5.380232e-02	1.333952e+01
2.780000e-06	5.203586e-02	1.319208e+01
2.790000e-06	5.035383e-02	1.300374e+01
2.800000e-06	4.643313e-02	1.283684e+01
2.810000e-06	4.200128e-02	1.270839e+01
2.820000e-06	3.995337e-02	1.252153e+01
2.830000e-06	3.927312e-02	1.239250e+01
2.840000e-06	3.537521e-02	1.218463e+01
2.850000e-06	3.123286e-02	1.200611e+01
2.860000e-06	2.914576e-02	1.188419e+01
2.870000e-06	2.862267e-02	1.165421e+01
2.880000e-06	2.571517e-02	1.143574e+01
2.890000e-06	2.313734e-02	1.118361e+01
2.900000e-06	2.119778e-02	1.099468e+01
2.910000e-06	2.062753e-02	1.079361e+01
2.920000e-06	1.804000e-02	1.058408e+01
2.930000e-06	1.560838e-02	1.041348e+01
2.940000e-06	1.472569e-02	1.016150e+01
2.950000e-06	1.492966e-02	9.981351e+00
2.960000e-06	1.375211e-02	9.670401e+00
2.970000e-06	1.147965e-02	9.507812e+00
2.980000e-06	1.047449e-02	9.276687e+00
2.990000e-06	1.020649e-02	9.066089e+00
3.000000e-06	8.848855e-03	8.773503e+00
3.010000e-06	6.186004e-03	8.570479e+00
3.020000e-06	6.690869e-03	8.369372e+00
3.030000e-06	6.299019e-03	8.076691e+00
3.040000e-06	5.304097e-03	7.844612e+00
3.050000e-06	4.322846e-03	7.583030e+00
3.060000e-06	3.780708e-03	7.309845e+00
3.070000e-06	3.681892e-03	7.037160e+00
3.080000e-06	3.000515e-03	6.801478e+00
3.090000e-06	1.731687e-03	6.549272e+00
3.100000e-06	1.422722e-03	6.276663e+00
3.110000e-06	8.672611e-04	5.992582e+00
3.120000e-06	1.153933e-03	5.740925e+00
3.130000e-06	-1.408613e-04	5.456739e+00
3.140000e-06	3.667216e-04	5.193475e+00
3.150000e-06	5.859065e-05	4.856110e+00
3.160000e-06	-1.113867e-03	4.579399e+00
3.170000e-06	-1.079506e-03	4.298738e+00
3.180000e-06	-1.467876e-03	4.002981e+00
3.190000e-06	-1.309425e-03	3.749300e+00
3.200000e-06	-1.970698e-03	3.518243e+00
3.210000e-06	-2.551176e-03	3.191352e+00
3.220000e-06	-4.159407e-03	2.888193e+00
3.230000e-06	-2.915308e-03	2.614039e+00
3.240000e-06	-3.337650e-03	2.318346e+00
3.250000e-06	-3.613616e-03	2.054062e+00
3.260000e-06	-3.650003e-03	1.843430e+00
3.270000e-06	-3.109491e-03	1.487316e+00
3.280000e-06	-3.422364e-03	1.192927e+00
3.290000e-06	-4.094394e-03	8.979855e-01
3.300000e-06	-4.589657e-03	5.918999e-01
3.310000e-06	-4.024280e-03	2.886922e-01
3.320000e-06	-3.037683e-03	-6.070922e-03
3.330000e-06	4.690930e-03	-2.393015e-01
3.340000e-06	-3.281259e-04	-5.009093e-01
3.350000e-06	-2.342115e-03	-8.090201e-01
3.360000e-06	-3.764833e-03	-1.030155e+00
3.370000e-06	-2.043050e-03	-1.333038e+00
3.380000e-06	-2.467441e-03	-1.598150e+00
3.390000e-06	1.114534e-02	-1.880705e+00
3.400000e-06	6.538491e-02	-2.072255e+00
3.410000e-06	3.574973e-02	-2.418663e+00
3.420000e-06	-7.059583e-02	-2.776126e+00
3.430000e-06	-4.113647e-02	-3.155040e+00
3.440000e-06	-3.264841e-02	-3.438676e+00
3.450000e-06	-3.351447e-02	-3.670126e+00
3.460000e-06	-1.140768e-02	-3.883339e+00
3.470000e-06	9.257790e-02	-4.050759e+00
3.480000e-06	-9.667758e-02	-4.326493e+00
3.490000e-06	9.107261e-02	-4.559122e+00
3.500000e-06	-2.194316e-03	-4.869831e+00
3.510000e-06	-7.389422e-02	-5.190675e+00
3.520000e-06	4.447555e-02	-5.471359e+00
3.530000e-06	-1.114255e-01	-5.778073e+00
3.540000e-06	9.250589e-02	-5.990200e+00
3.550000e-06	-3.919560e-02	-6.293339e+00
3.560000e-06	-3.428214e-03	-6.569127e+00
3.570000e-06	4.596683e-02	-6.839177e+00
3.580000e-06	-6.756280e-02	-7.104570e+00
3.590000e-06	3.845461e-02	-7.399126e+00
3.600000e-06	-7.310231e-02	-7.651356e+00
3.610000e-06	3.285189e-02	-7.906571e+00
3.620000e-06	-4.713133e-03	-8.199600e+00
3.630000e-06	-2.218771e-02	-8.450329e+00
3.640000e-06	3.683510e-02	-8.661782e+00
3.650000e-06	-6.873093e-02	-8.926520e+00
3.660000e-06	3.760431e-02	-9.126441e+00
3.670000e-06	-5.233183e-02	-9.397595e+00
3.680000e-06	2.088273e-02	-9.630203e+00
3.690000e-06	-2.264857e-02	-9.831228e+00
3.700000e-06	8.914268e-04	-1.006238e+01
3.710000e-06	2.395922e-03	-1.025244e+01
3.720000e-06	-3.498710e-02	-1.046252e+01
3.730000e-06	8.755872e-03	-1.069396e+01
3.740000e-06	-4.029719e-02	-1.088549e+01
3.750000e-06	1.810413e-02	-1.107597e+01
3.760000e-06	-3.623021e-02	-1.131514e+01
3.770000e-06	1.283104e-02	-1.154601e+01
3.780000e-06	-2.496723e-02	-1.173654e+01
3.790000e-06	2.044180e-03	-1.198762e+01
3.800000e-06	-2.705524e-02	-1.216557e+01
3.810000e-06	-1.144196e-02	-1.233554e+01
3.820000e-06	-1.228990e-02	-1.245487e+01
3.830000e-06	-1.509132e-02	-1.263341e+01
3.840000e-06	-8.364277e-03	-1.284128e+01
3.850000e-06	-2.119498e-02	-1.296167e+01
3.860000e-06	-1.240800e-03	-1.310649e+01
3.870000e-06	-2.506347e-02	-1.328694e+01
3.880000e-06	-6.519798e-03	-1.342131e+01
3.890000e-06	-2.901583e-02	-1.355970e+01
3.900000e-06	-5.904832e-03	-1.372744e+01
3.910000e-06	-2.190153e-02	-1.386384e+01
3.920000e-06	-1.084967e-02	-1.400178e+01
3.930000e-06	-2.177779e-02	-1.412660e+01
3.940000e-06	-1.369113e-02	-1.430281e+01
3.950000e-06	-1.731668e-02	-1.437912e+01
3.960000e-06	-1.913084e-02	-1.446487e+01
3.970000e-06	-1.912753e-02	-1.458060e+01
3.980000e-06	-1.975250e-02	-1.464489e+01
3.990000e-06	-1.335589e-02	-1.475702e+01
4.000000e-06	-2.098182e-02	-1.481379e+01
4.010000e-06	-1.918689e-02	-1.491705e+01
4.020000e-06	-2.411034e-02	-1.500171e+01
4.030000e-06	-1.767772e-02	-1.504484e+01
4.040000e-06	-2.312821e-02	-1.514757e+01
4.050000e-06	-2.165479e-02	-1.514013e+01
4.060000e-06	-2.288866e-02	-1.524383e+01
4.070000e-06	-1.825404e-02	-1.527384e+01
4.080000e-06	-2.405289e-02	-1.531905e+01
4.090000e-06	-2.519088e-02	-1.534060e+01
4.100000e-06	-2.568163e-02	-1.541171e+01
4.110000e-06	-2.352509e-02	-1.543381e+01
4.120000e-06	-2.481795e-02	-1.542276e+01
4.130000e-06	-2.871687e-02	-1.545436e+01
4.140000e-06	-2.692165e-02	-1.541486e+01
4.150000e-06	-2.856038e-02	-1.546539e+01
4.160000e-06	-2.913483e-02	-1.546579e+01
4.170000e-06	-3.253123e-02	-1.544587e+01
4.180000e-06	-3.107301e-02	-1.544372e+01
4.190000e-06	-3.248329e-02	-1.538521e+01
4.200000e-06	-3.440583e-02	-1.535170e+01
4.210000e-06	-3.768347e-02	-1.535062e+01
4.220000e-06	-3.931416e-02	-1.533929e+01
4.230000e-06	-3.922266e-02	-1.526642e+01
4.240000e-06	-4.058335e-02	-1.524329e+01
4.250000e-06	-4.271882e-02	-1.520113e+01
4.260000e-06	-4.403325e-02	-1.511850e+01
4.270000e-06	-4.499590e-02	-1.506477e+01
4.280000e-06	-4.669794e-02	-1.500418e+01
4.290000e-06	-5.093146e-02	-1.488905e+01
4.300000e-06	-5.460879e-02	-1.482734e+01
4.310000e-06	-5.571081e-02	-1.475998e+01
4.320000e-06	-5.953020e-02	-1.471684e+01
4.330000e-06	-6.275202e-02	-1.457208e+01
4.340000e-06	-6.644932e-02	-1.449686e+01
4.350000e-06	-6.683787e-02	-1.438311e+01
4.360000e-06	-6.711585e-02	-1.423577e+01
4.370000e-06	-6.672349e-02	-1.416902e+01
4.380000e-06	-6.835485e-02	-1.400376e+01
4.390000e-06	-6.741230e-02	-1.390689e+01
4.400000e-06	-6.667876e-02	-1.374153e+01
4.410000e-06	-6.656095e-02	-1.360368e+01
4.420000e-06	-6.641696e-02	-1.348629e+01
4.430000e-06	-6.187950e-02	-1.331952e+01
4.440000e-06	-5.858930e-02	-1.315145e+01
4.450000e-06	-5.497906e-02	-1.305311e+01
4.460000e-06	-5.213364e-02	-1.286582e+01
4.470000e-06	-4.876375e-02	-1.268837e+01
4.480000e-06	-4.536886e-02	-1.252935e+01
4.490000e-06	-4.361215e-02	-1.236155e+01
4.500000e-06	-4.351530e-02	-1.215211e+01
4.510000e-06	-4.105183e-02	-1.203463e+01
4.520000e-06	-3.758046e-02	-1.183316e+01
4.530000e-06	-3.518741e-02	-1.159407e+01
4.540000e-06	-3.298238e-02	-1.140048e+01
4.550000e-06	-3.052188e-02	-1.117843e+01
4.560000e-06	-2.737294e-02	-1.096045e+01
4.570000e-06	-2.528462e-02	-1.079145e+01
4.580000e-06	-2.697456e-02	-1.057095e+01
4.590000e-06	-2.499738e-02	-1.037095e+01
4.600000e-06	-2.322892e-02	-1.010982e+01
4.610000e-06	-2.160108e-02	-9.916864e+00
4.620000e-06	-2.141437e-02	-9.688793e+00
4.630000e-06	-2.024420e-02	-9.517241e+00
4.640000e-06	-1.776734e-02	-9.174638e+00
4.650000e-06	-1.479000e-02	-9.014979e+00
4.660000e-06	-1.602384e-02	-8.770873e+00
4.670000e-06	-1.585258e-02	-8.529428e+00
4.680000e-06	-1.396796e-02	-8.306689e+00
4.690000e-06	-1.535251e-02	-8.085236e+00
4.700000e-06	-1.217912e-02	-7.833060e+00
4.710000e-06	-1.500198e-02	-7.540296e+00
4.720000e-06	-1.054205e-02	-7.266586e+00
4.730000e-06	-1.185644e-02	-6.992559e+00
4.740000e-06	-9.934548e-03	-6.740849e+00
4.750000e-06	-1.028022e-02	-6.507716e+00
4.760000e-06	-8.505211e-03	-6.214663e+00
4.770000e-06	-9.376816e-03	-5.939374e+00
4.780000e-06	-9.145650e-03	-5.736243e+00
4.790000e-06	-1.060348e-02	-5.403007e+00
4.800000e-06	-9.521843e-03	-5.087269e+00
4.810000e-06	-7.833533e-03	-4.792883e+00
4.820000e-06	-6.213607e-03	-4.476888e+00
4.830000e-06	-6.528104e-03	-4.315189e+00
4.840000e-06	-5.659063e-03	-4.043432e+00
4.850000e-06	-7.062957e-03	-3.729717e+00
4.860000e-06	-7.456347e-03	-3.475536e+00
4.870000e-06	-8.213803e-03	-3.183404e+00
4.880000e-06	-6.454621e-03	-2.895613e+00
4.890000e-06	-5.128007e-03	-2.612954e+00
4.900000e-06	-3.105137e-03	-2.308322e+00
4.910000e-06	-4.695656e-03	-2.032928e+00
4.920000e-06	-3.978341e-03	-1.760877e+00
4.930000e-06	-5.429813e-03	-1.526663e+00
4.940000e-06	-5.213158e-03	-1.109268e+00
4.950000e-06	-6.179653e-03	-8.749640e-01
4.960000e-06	-4.405183e-03	-5.898006e-01
4.970000e-06	-2.110122e-03	-2.666619e-01
4.980000e-06	2.085838e-03	-3.298144e-02
4.990000e-06	7.573125e-03	2.933892e-01
5.000000e-06	5.058229e-04	5.464197e-01
5.010000e-06	1.659109e-03	7.980212e-01
5.020000e-06	-1.549543e-03	1.094962e+00
5.030000e-06	1.670007e-03	1.396592e+00
5.040000e-06	-3.249674e-04	1.675342e+00
5.050000e-06	1.111953e-02	1.947914e+00
5.060000e-06	4.084896e-02	2.166591e+00
5.070000e-06	6.639951e-02	2.482307e+00
5.080000e-06	-3.651483e-02	2.850860e+00
5.090000e-06	-5.468224e-02	3.116418e+00
5.100000e-06	-3.276981e-02	3.418154e+00
5.110000e-06	1.480777e-03	3.631809e+00
5.120000e-06	-3.948009e-02	3.912859e+00
5.130000e-06	-6.089883e-03	4.031908e+00
5.140000e-06	7.145006e-02	4.347117e+00
5.150000e-06	-2.981995e-02	4.662333e+00
5.160000e-06	8.747472e-02	4.903915e+00
5.170000e-06	-2.408724e-02	5.243889e+00
5.180000e-06	-4.105752e-02	5.524946e+00
5.190000e-06	3.626788e-02	5.829800e+00
5.200000e-06	-2.008693e-02	6.093436e+00
5.210000e-06	3.242665e-02	6.326016e+00
5.220000e-06	-3.318503e-02	6.642228e+00
5.230000e-06	2.778572e-02	6.874989e+00
5.240000e-06	3.500620e-02	7.136068e+00
5.250000e-06	-2.174327e-02	7.431230e+00
5.260000e-06	-1.555791e-02	7.673887e+00
5.270000e-06	-4.167145e-03	7.998599e+00
5.280000e-06	5.418482e-02	8.222228e+00
5.290000e-06	-1.237873e-02	8.452385e+00
5.300000e-06	-1.055208e-02	8.665860e+00
5.310000e-06	2.208757e-02	8.894467e+00
5.320000e-06	2.343395e-03	9.148595e+00
5.330000e-06	1.636375e-02	9.399151e+00
5.340000e-06	-2.046533e-02	9.601250e+00
5.350000e-06	1.609364e-02	9.863384e+00
5.360000e-06	1.536004e-02	1.004236e+01
5.370000e-06	2.048795e-02	1.027546e+01
5.380000e-06	-9.230751e-03	1.053646e+01
5.390000e-06	-5.699488e-03	1.070599e+01
5.400000e-06	2.428491e-02	1.092802e+01
5.410000e-06	6.838188e-03	1.109657e+01
5.420000e-06	6.682023e-03	1.134707e+01
5.430000e-06	-3.511296e-03	1.157972e+01
5.440000e-06	2.638850e-02	1.178765e+01
5.450000e-06	1.212273e-02	1.194917e+01
5.460000e-06	5.821978e-03	1.211760e+01
5.470000e-06	-3.682378e-03	1.233657e+01
5.480000e-06	1.505427e-02	1.248699e+01
5.490000e-06	1.717335e-02	1.266391e+01
5.500000e-06	4.591582e-03	1.279938e+01
5.510000e-06	6.981105e-03	1.295021e+01
5.520000e-06	1.432203e-02	1.314707e+01
5.530000e-06	2.221571e-02	1.332599e+01
5.540000e-06	4.731563e-03	1.339333e+01
5.550000e-06	4.158228e-03	1.356215e+01
5.560000e-06	1.064453e-02	1.370667e+01
5.570000e-06	1.995953e-02	1.383389e+01
5.580000e-06	9.490146e-03	1.403231e+01
5.590000e-06	6.563722e-03	1.414960e+01
5.600000e-06	1.427127e-02	1.424502e+01
5.610000e-06	2.042383e-02	1.436118e+01
5.620000e-06	1.279124e-02	1.447649e+01
5.630000e-06	5.612142e-03	1.460880e+01
5.640000e-06	1.316705e-02	1.465584e+01
5.650000e-06	1.981680e-02	1.477063e+01
5.660000e-06	1.592840e-02	1.482284e+01
5.670000e-06	8.888590e-03	1.490852e+01
5.680000e-06	1.369801e-02	1.501271e+01
5.690000e-06	2.030237e-02	1.504388e+01
5.700000e-06	1.748212e-02	1.513802e+01
5.710000e-06	1.116977e-02	1.515025e+01
5.720000e-06	1.429086e-02	1.526533e+01
5.730000e-06	2.168079e-02	1.530700e+01
5.740000e-06	2.004331e-02	1.530763e+01
5.750000e-06	1.372343e-02	1.533015e+01
5.760000e-06	1.603490e-02	1.541218e+01
5.770000e-06	2.360667e-02	1.544321e+01
5.780000e-06	2.441871e-02	1.541326e+01
5.790000e-06	1.855830e-02	1.544386e+01
5.800000e-06	1.963426e-02	1.547481e+01
5.810000e-06	2.520296e-02	1.548436e+01
5.820000e-06	2.681981e-02	1.544436e+01
5.830000e-06	2.263685e-02	1.545329e+01
5.840000e-06	2.289879e-02	1.543331e+01
5.850000e-06	3.064801e-02	1.539271e+01
5.860000e-06	3.441843e-02	1.541273e+01
5.870000e-06	2.982616e-02	1.532057e+01
5.880000e-06	2.866702e-02	1.530902e+01
5.890000e-06	3.393358e-02	1.527649e+01
5.900000e-06	3.831978e-02	1.522427e+01
5.910000e-06	3.648509e-02	1.518067e+01
5.920000e-06	3.565026e-02	1.506952e+01
5.930000e-06	4.023053e-02	1.505577e+01
5.940000e-06	4.611726e-02	1.497120e+01
5.950000e-06	4.472558e-02	1.491842e+01
5.960000e-06	4.510928e-02	1.483523e+01
5.970000e-06	5.006039e-02	1.469857e+01
5.980000e-06	5.655507e-02	1.464674e+01
5.990000e-06	5.819072e-02	1.459163e+01
6.000000e-06	5.701631e-02	1.448534e+01
6.010000e-06	6.008929e-02	1.435955e+01
6.020000e-06	6.430617e-02	1.422426e+01
6.030000e-06	6.446776e-02	1.412784e+01
6.040000e-06	5.917333e-02	1.393115e+01
6.050000e-06	6.081348e-02	1.385526e+01
6.060000e-06	6.094071e-02	1.371944e+01
6.070000e-06	6.078412e-02	1.357143e+01
6.080000e-06	5.434384e-02	1.343414e+01
6.090000e-06	5.350292e-02	1.324679e+01
6.100000e-06	5.215119e-02	1.313687e+01
6.110000e-06	5.009993e-02	1.295255e+01
6.120000e-06	4.359912e-02	1.277358e+01
6.130000e-06	4.084429e-02	1.267673e+01
6.140000e-06	4.080897e-02	1.248724e+01
6.150000e-06	3.819248e-02	1.233992e+01
6.160000e-06	3.322651e-02	1.214155e+01
6.170000e-06	2.979633e-02	1.195150e+01
6.180000e-06	2.930205e-02	1.177158e+01
6.190000e-06	2.868630e-02	1.159198e+01
6.200000e-06	2.504968e-02	1.133145e+01
6.210000e-06	2.171486e-02	1.113045e+01
6.220000e-06	2.081394e-02	1.091842e+01
6.230000e-06	2.042649e-02	1.079143e+01
6.240000e-06	1.742602e-02	1.049997e+01
6.250000e-06	1.469110e-02	1.031789e+01
6.260000e-06	1.421361e-02	1.008794e+01
6.270000e-06	1.428332e-02	9.924764e+00
6.280000e-06	1.197910e-02	9.585589e+00
6.290000e-06	1.035938e-02	9.432056e+00
6.300000e-06	8.806988e-03	9.172480e+00
6.310000e-06	1.035930e-02	8.972005e+00
6.320000e-06	8.347343e-03	8.738320e+00
6.330000e-06	5.943340e-03	8.477241e+00
6.340000e-06	5.727720e-03	8.255161e+00
6.350000e-06	5.315667e-03	7.971456e+00
6.360000e-06	5.495541e-03	7.748971e+00
6.370000e-06	3.840783e-03	7.456721e+00
6.380000e-06	2.815247e-03	7.203023e+00
6.390000e-06	3.749888e-03	6.949350e+00
6.400000e-06	2.783019e-03	6.718842e+00
6.410000e-06	2.482411e-03	6.404559e+00
6.420000e-06	1.063985e-03	6.191849e+00
6.430000e-06	8.085109e-04	5.939300e+00
6.440000e-06	5.999522e-04	5.657532e+00
6.450000e-06	3.092604e-04	5.341904e+00
6.460000e-06	-1.274552e-03	5.055510e+00
6.470000e-06	-6.876508e-04	4.728823e+00
6.480000e-06	6.694836e-05	4.476667e+00
6.490000e-06	-4.689936e-04	4.203555e+00
6.500000e-06	-1.008261e-03	3.908241e+00
6.510000e-06	-2.440494e-03	3.653583e+00
6.520000e-06	-2.176599e-03	3.381374e+00
6.530000e-06	-1.308342e-03	3.096162e+00
6.540000e-06	-3.400103e-03	2.804483e+00
6.550000e-06	-4.381119e-03	2.578663e+00
6.560000e-06	-2.842981e-03	2.222985e+00
6.570000e-06	-2.171975e-03	1.960398e+00
6.580000e-06	-3.964035e-03	1.695162e+00
6.590000e-06	-4.989178e-03	1.362400e+00
6.600000e-06	-3.810826e-03	1.065963e+00
6.610000e-06	-2.471953e-03	7.707498e-01
6.620000e-06	-4.049080e-03	5.051630e-01
6.630000e-06	-4.859433e-03	1.918527e-01
6.640000e-06	-4.052992e-04	-1.233080e-01
6.650000e-06	5.905062e-03	-3.449397e-01
6.660000e-06	-3.152079e-03	-6.170736e-01
6.670000e-06	-2.377254e-03	-9.033081e-01
6.680000e-06	-5.651116e-03	-1.094945e+00
6.690000e-06	2.052345e-04	-1.439281e+00
6.700000e-06	-9.328058e-04	-1.673363e+00
6.710000e-06	2.462022e-02	-1.935891e+00
6.720000e-06	7.984362e-02	-2.185621e+00
6.730000e-06	-1.541427e-02	-2.544467e+00
6.740000e-06	-6.368130e-02	-2.922437e+00
6.750000e-06	-4.280353e-02	-3.240183e+00
6.760000e-06	-2.562188e-02	-3.483308e+00
6.770000e-06	-5.008780e-02	-3.734523e+00
6.780000e-06	5.017791e-02	-3.928018e+00
6.790000e-06	3.034815e-02	-4.166994e+00
6.800000e-06	-6.848183e-02	-4.421182e+00
6.810000e-06	1.442825e-01	-4.682889e+00
6.820000e-06	-9.669607e-02	-4.997119e+00
6.830000e-06	1.105285e-02	-5.323516e+00
6.840000e-06	-3.223844e-02	-5.568097e+00
6.850000e-06	-5.166888e-02	-5.882418e+00
6.860000e-06	9.680053e-02	-6.103937e+00
6.870000e-06	-8.371115e-02	-6.357775e+00
6.880000e-06	6.591837e-02	-6.653809e+00
6.890000e-06	-2.461808e-02	-6.912991e+00
6.900000e-06	-2.390408e-02	-7.201832e+00
6.910000e-06	8.142519e-03	-7.482810e+00
6.920000e-06	-6.511610e-02	-7.768123e+00
6.930000e-06	6.377598e-02	-8.040708e+00
6.940000e-06	-5.126875e-02	-8.263358e+00
6.950000e-06	3.243461e-02	-8.495021e+00
6.960000e-06	-2.003611e-02	-8.734571e+00
6.970000e-06	-3.194179e-02	-8.998780e+00
6.980000e-06	2.071613e-02	-9.200327e+00
6.990000e-06	-4.827045e-02	-9.453412e+00
7.000000e-06	3.453439e-02	-9.682912e+00
7.010000e-06	-4.718292e-02	-9.904968e+00
7.020000e-06	3.248038e-02	-1.007852e+01
7.030000e-06	-3.641837e-02	-1.031567e+01
7.040000e-06	-1.973204e-03	-1.057922e+01
7.050000e-06	-2.123600e-02	-1.076717e+01
7.060000e-06	-1.331387e-02	-1.100115e+01
7.070000e-06	2.635255e-03	-1.117860e+01
7.080000e-06	-2.564626e-02	-1.140180e+01
7.090000e-06	7.263306e-03	-1.158815e+01
7.100000e-06	-2.817285e-02	-1.181973e+01
7.110000e-06	6.382121e-03	-1.201076e+01
7.120000e-06	-3.576458e-02	-1.221963e+01
7.130000e-06	1.770493e-03	-1.236970e+01
7.140000e-06	-2.550884e-02	-1.253858e+01
7.150000e-06	-2.931645e-04	-1.274602e+01
7.160000e-06	-2.234255e-02	-1.287427e+01
7.170000e-06	-9.638686e-03	-1.307386e+01
7.180000e-06	-1.392064e-02	-1.317915e+01
7.190000e-06	-1.533345e-02	-1.332800e+01
7.200000e-06	-1.262509e-02	-1.347539e+01
7.210000e-06	-2.290383e-02	-1.361831e+01
7.220000e-06	-7.493832e-03	-1.380068e+01
7.230000e-06	-2.165229e-02	-1.388647e+01
7.240000e-06	-8.864752e-03	-1.401331e+01
7.250000e-06	-2.458905e-02	-1.418918e+01
7.260000e-06	-9.910569e-03	-1.424497e+01
7.270000e-06	-2.155243e-02	-1.440980e+01
7.280000e-06	-1.474371e-02	-1.451747e+01
7.290000e-06	-2.173975e-02	-1.462118e+01
7.300000e-06	-1.529824e-02	-1.470597e+01
7.310000e-06	-1.704120e-02	-1.476960e+01
7.320000e-06	-1.897625e-02	-1.490584e+01
7.330000e-06	-2.089083e-02	-1.494962e+01
7.340000e-06	-2.133923e-02	-1.502226e+01
7.350000e-06	-1.955812e-02	-1.509397e+01
7.360000e-06	-2.254356e-02	-1.515857e+01
7.370000e-06	-2.124553e-02	-1.520123e+01
7.380000e-06	-2.271100e-02	-1.525436e+01
7.390000e-06	-2.028938e-02	-1.527602e+01
7.400000e-06	-2.503194e-02	-1.532000e+01
7.410000e-06	-2.248828e-02	-1.538168e+01
7.420000e-06	-2.845550e-02	-1.539028e+01
7.430000e-06	-2.331330e-02	-1.546226e+01
7.440000e-06	-2.739798e-02	-1.545331e+01
7.450000e-06	-2.595028e-02	-1.546386e+01
7.460000e-06	-2.851530e-02	-1.547486e+01
7.470000e-06	-2.984379e-02	-1.546589e+01
7.480000e-06	-3.010010e-02	-1.544381e+01
7.490000e-06	-3.235253e-02	-1.547431e+01
7.500000e-06	-3.270991e-02	-1.544428e+01
7.510000e-06	-3.446912e-02	-1.539474e+01
7.520000e-06	-3.495375e-02	-1.532121e+01
7.530000e-06	-3.722586e-02	-1.535015e+01
7.540000e-06	-3.928059e-02	-1.532737e+01
7.550000e-06	-4.077876e-02	-1.525524e+01
7.560000e-06	-4.126047e-02	-1.524323e+01
7.570000e-06	-4.334225e-02	-1.516058e+01
7.580000e-06	-4.468800e-02	-1.510794e+01
7.590000e-06	-4.651003e-02	-1.504223e+01
7.600000e-06	-4.859719e-02	-1.496110e+01
7.610000e-06	-5.183072e-02	-1.489745e+01
7.620000e-06	-5.515195e-02	-1.482213e+01
7.630000e-06	-5.819024e-02	-1.471897e+01
7.640000e-06	-6.007971e-02	-1.461531e+01
7.650000e-06	-6.255742e-02	-1.457063e+01
7.660000e-06	-6.538226e-02	-1.447373e+01
7.670000e-06	-6.709163e-02	-1.433900e+01
7.680000e-06	-6.889136e-02	-1.421270e+01
7.690000e-06	-6.859506e-02	-1.403690e+01
7.700000e-06	-6.838705e-02	-1.395195e+01
7.710000e-06	-6.807994e-02	-1.383224e+01
7.720000e-06	-6.739805e-02	-1.370634e+01
7.730000e-06	-6.525172e-02	-1.359148e+01
7.740000e-06	-6.331797e-02	-1.341316e+01
7.750000e-06	-6.086405e-02	-1.329582e+01
7.760000e-06	-5.834646e-02	-1.312837e+01
7.770000e-06	-5.430977e-02	-1.296043e+01
7.780000e-06	-5.095789e-02	-1.284266e+01
7.790000e-06	-4.812368e-02	-1.263629e+01
7.800000e-06	-4.529585e-02	-1.246632e+01
7.810000e-06	-4.335632e-02	-1.232684e+01
7.820000e-06	-4.093208e-02	-1.214737e+01
7.830000e-06	-3.970587e-02	-1.190095e+01
7.840000e-06	-3.671319e-02	-1.172048e+01
7.850000e-06	-3.499641e-02	-1.153935e+01
7.860000e-06	-3.137946e-02	-1.128782e+01
7.870000e-06	-3.016403e-02	-1.109475e+01
7.880000e-06	-2.842254e-02	-1.088629e+01
7.890000e-06	-2.663040e-02	-1.070719e+01
7.900000e-06	-2.413185e-02	-1.049574e+01
7.910000e-06	-2.287282e-02	-1.026681e+01
7.920000e-06	-2.234466e-02	-1.001609e+01
7.930000e-06	-2.078626e-02	-9.844115e+00
7.940000e-06	-1.965982e-02	-9.594530e+00
7.950000e-06	-1.976779e-02	-9.421504e+00
7.960000e-06	-1.871035e-02	-9.150475e+00
7.970000e-06	-1.712764e-02	-8.958376e+00
7.980000e-06	-1.496539e-02	-8.718345e+00
7.990000e-06	-1.368290e-02	-8.434113e+00
8.000000e-06	-1.378582e-02	-8.234057e+00
8.010000e-06	-1.338053e-02	-7.961450e+00
8.020000e-06	-1.275973e-02	-7.739844e+00
8.030000e-06	-1.262219e-02	-7.462061e+00
8.040000e-06	-1.286097e-02	-7.201405e+00
8.050000e-06	-1.194617e-02	-6.928167e+00
8.060000e-06	-1.023689e-02	-6.676110e+00
8.070000e-06	-8.573762e-03	-6.422403e+00
8.080000e-06	-8.623387e-03	-6.090292e+00
8.090000e-06	-8.981751e-03	-5.884162e+00
8.100000e-06	-8.138721e-03	-5.560927e+00
8.110000e-06	-8.853545e-03	-5.356672e+00
8.120000e-06	-9.373321e-03	-5.003953e+00
8.130000e-06	-8.673817e-03	-4.715188e+00
8.140000e-06	-6.176861e-03	-4.443056e+00
8.150000e-06	-6.190273e-03	-4.159854e+00
8.160000e-06	-6.118504e-03	-3.928242e+00
8.170000e-06	-8.045939e-03	-3.651034e+00
8.180000e-06	-7.758913e-03	-3.361375e+00
8.190000e-06	-6.782894e-03	-3.066611e+00
8.200000e-06	-5.488573e-03	-2.831875e+00
8.210000e-06	-6.063831e-03	-2.545717e+00
8.220000e-06	-3.988905e-03	-2.243935e+00
8.230000e-06	-3.887736e-03	-1.918241e+00
8.240000e-06	-4.350845e-03	-1.655605e+00
8.250000e-06	-6.647907e-03	-1.358142e+00
8.260000e-06	-5.372117e-03	-1.051508e+00
8.270000e-06	-4.905333e-03	-7.688226e-01
8.280000e-06	-3.451080e-03	-4.749841e-01
8.290000e-06	-2.448559e-03	-1.713776e-01
8.300000e-06	4.439669e-03	8.930795e-02
8.310000e-06	6.923950e-03	3.885476e-01
8.320000e-06	4.842633e-04	6.207465e-01
8.330000e-06	1.226380e-03	8.418332e-01
8.340000e-06	-2.667555e-03	1.210175e+00
8.350000e-06	2.399685e-03	1.482855e+00
8.360000e-06	1.544705e-03	1.789121e+00
8.370000e-06	1.704760e-02	1.990176e+00
8.380000e-06	6.010533e-02	2.252806e+00
8.390000e-06	3.686625e-02	2.640303e+00
8.400000e-06	-5.544725e-02	2.967070e+00
8.410000e-06	-4.464774e-02	3.190255e+00
8.420000e-06	-1.800684e-02	3.475508e+00
8.430000e-06	-8.787027e-03	3.746967e+00
8.440000e-06	-4.747766e-02	3.906914e+00
8.450000e-06	3.878653e-02	4.167150e+00
8.460000e-06	3.587974e-02	4.454908e+00
8.470000e-06	-8.255140e-03	4.726486e+00
8.480000e-06	9.203829e-02	5.040779e+00
8.490000e-06	-7.784027e-02	5.399697e+00
8.500000e-06	1.258597e-02	5.631725e+00
8.510000e-06	6.280431e-03	5.936991e+00
8.520000e-06	-1.130386e-03	6.179075e+00
8.530000e-06	1.975462e-02	6.430351e+00
8.540000e-06	-3.575257e-02	6.707071e+00
8.550000e-06	5.798240e-02	6.970096e+00
8.560000e-06	1.058187e-03	7.240978e+00
8.570000e-06	-1.354460e-02	7.548516e+00
8.580000e-06	-2.494094e-02	7.819800e+00
8.590000e-06	2.521766e-02	8.064361e+00
8.600000e-06	3.999010e-02	8.304515e+00
8.610000e-06	-2.772303e-02	8.547545e+00
8.620000e-06	1.262160e-02	8.788697e+00
8.630000e-06	7.443447e-03	8.990203e+00
8.640000e-06	1.324760e-02	9.220827e+00
8.650000e-06	1.870658e-04	9.453307e+00
8.660000e-06	-9.228249e-03	9.714967e+00
8.670000e-06	1.901148e-02	9.948097e+00
8.680000e-06	1.890524e-02	1.017815e+01
8.690000e-06	1.501623e-02	1.033772e+01
8.700000e-06	-1.701087e-02	1.062070e+01
8.710000e-06	9.494641e-03	1.078875e+01
8.720000e-06	1.741765e-02	1.103075e+01
8.730000e-06	9.151344e-03	1.117020e+01
8.740000e-06	-1.435923e-03	1.142275e+01
8.750000e-06	7.726508e-03	1.160983e+01
8.760000e-06	2.371107e-02	1.187286e+01
8.770000e-06	9.644490e-03	1.199075e+01
8.780000e-06	-4.814319e-04	1.219181e+01
8.790000e-06	6.939519e-04	1.236918e+01
8.800000e-06	2.024596e-02	1.251912e+01
8.810000e-06	1.295104e-02	1.272547e+01
8.820000e-06	5.711204e-03	1.287502e+01
8.830000e-06	5.786210e-03	1.299279e+01
8.840000e-06	1.890495e-02	1.322125e+01
8.850000e-06	1.372575e-02	1.333809e+01
8.860000e-06	3.160957e-03	1.345489e+01
8.870000e-06	3.204823e-03	1.362538e+01
8.880000e-06	1.659071e-02	1.371875e+01
8.890000e-06	1.787895e-02	1.389554e+01
8.900000e-06	8.102152e-03	1.401441e+01
8.910000e-06	8.733016e-03	1.420113e+01
8.920000e-06	1.653226e-02	1.432662e+01
8.930000e-06	1.714964e-02	1.441183e+01
8.940000e-06	8.562811e-03	1.454810e+01
8.950000e-06	9.342373e-03	1.462176e+01
8.960000e-06	1.579267e-02	1.475696e+01
8.970000e-06	1.977794e-02	1.477033e+01
8.980000e-06	1.189458e-02	1.488539e+01
8.990000e-06	1.136540e-02	1.491857e+01
9.000000e-06	1.586156e-02	1.499329e+01
9.010000e-06	1.918882e-02	1.505447e+01
9.020000e-06	1.527427e-02	1.517812e+01
9.030000e-06	1.240414e-02	1.519176e+01
9.040000e-06	1.828337e-02	1.530386e+01
9.050000e-06	2.037346e-02	1.529664e+01
9.060000e-06	1.840258e-02	1.531915e+01
9.070000e-06	1.402075e-02	1.536273e+01
9.080000e-06	1.998546e-02	1.538328e+01
9.090000e-06	2.285545e-02	1.543284e+01
9.100000e-06	2.167854e-02	1.544421e+01
9.110000e-06	1.871247e-02	1.545484e+01
9.120000e-06	2.246186e-02	1.545631e+01
9.130000e-06	2.590753e-02	1.545587e+01
9.140000e-06	2.526115e-02	1.543486e+01
9.150000e-06	2.314237e-02	1.543431e+01
9.160000e-06	2.653177e-02	1.545380e+01
9.170000e-06	3.232531e-02	1.542268e+01
9.180000e-06	3.150180e-02	1.537265e+01
9.190000e-06	2.952619e-02	1.532960e+01
9.200000e-06	3.109036e-02	1.529755e+01
9.210000e-06	3.641860e-02	1.527644e+01
9.220000e-06	3.764511e-02	1.520221e+01
9.230000e-06	3.578213e-02	1.511955e+01
9.240000e-06	3.857143e-02	1.507892e+01
9.250000e-06	4.339228e-02	1.499426e+01
9.260000e-06	4.552862e-02	1.496010e+01
9.270000e-06	4.360228e-02	1.486731e+01
9.280000e-06	4.747196e-02	1.480368e+01
9.290000e-06	5.392381e-02	1.472944e+01
9.300000e-06	5.734880e-02	1.461321e+01
9.310000e-06	5.656660e-02	1.451950e+01
9.320000e-06	5.805855e-02	1.441428e+01
9.330000e-06	6.240559e-02	1.426687e+01
9.340000e-06	6.321290e-02	1.419361e+01
9.350000e-06	6.149245e-02	1.407581e+01
9.360000e-06	6.068257e-02	1.392055e+01
9.370000e-06	6.363983e-02	1.378368e+01
9.380000e-06	6.029355e-02	1.362721e+01
9.390000e-06	5.848510e-02	1.351889e+01
9.400000e-06	5.369556e-02	1.338108e+01
9.410000e-06	5.378586e-02	1.322423e+01
9.420000e-06	4.958260e-02	1.308737e+01
9.430000e-06	4.707616e-02	1.291854e+01
9.440000e-06	4.233228e-02	1.276098e+01
9.450000e-06	4.256853e-02	1.259266e+01
9.460000e-06	3.846434e-02	1.241374e+01
9.470000e-06	3.469128e-02	1.223521e+01
9.480000e-06	3.160729e-02	1.207680e+01
9.490000e-06	3.085987e-02	1.190829e+01
9.500000e-06	2.805056e-02	1.168739e+01
9.510000e-06	2.579580e-02	1.145734e+01
9.520000e-06	2.261488e-02	1.124595e+01
9.530000e-06	2.277704e-02	1.109674e+01
9.540000e-06	2.102727e-02	1.086671e+01
9.550000e-06	1.764744e-02	1.066729e+01
9.560000e-06	1.555947e-02	1.046411e+01
9.570000e-06	1.583946e-02	1.024461e+01
9.580000e-06	1.548056e-02	1.001356e+01
9.590000e-06	1.213426e-02	9.771480e+00
9.600000e-06	1.061883e-02	9.540445e+00
9.610000e-06	1.030164e-02	9.309396e+00
9.620000e-06	1.087947e-02	9.118243e+00
9.630000e-06	7.704483e-03	8.865139e+00
9.640000e-06	7.017791e-03	8.656635e+00
9.650000e-06	6.230303e-03	8.362059e+00
9.660000e-06	7.079150e-03	8.162074e+00
9.670000e-06	4.495090e-03	7.899268e+00
9.680000e-06	3.245918e-03	7.636135e+00
9.690000e-06	4.216171e-03	7.330902e+00
9.700000e-06	4.021806e-03	7.119292e+00
9.710000e-06	3.256026e-03	6.835762e+00
9.720000e-06	1.312014e-03	6.673527e+00
9.730000e-06	1.630738e-03	6.359867e+00
9.740000e-06	1.616397e-03	6.076788e+00
9.750000e-06	9.558250e-04	5.824060e+00
9.760000e-06	-4.740207e-04	5.530873e+00
9.770000e-06	2.213731e-04	5.277666e+00
9.780000e-06	-4.168547e-04	4.938295e+00
9.790000e-06	2.949282e-04	4.665013e+00
9.800000e-06	-2.024617e-03	4.392925e+00
9.810000e-06	-9.591086e-04	4.126737e+00
9.820000e-06	-1.065850e-03	3.812953e+00
9.830000e-06	-1.830873e-03	3.510269e+00
9.840000e-06	-3.470593e-03	3.256059e+00
9.850000e-06	-3.411292e-03	2.981901e+00
9.860000e-06	-2.929017e-03	2.710792e+00
9.870000e-06	-2.840779e-03	2.432900e+00
9.880000e-06	-3.946943e-03	2.161268e+00
9.890000e-06	-3.375606e-03	1.876241e+00
9.900000e-06	-2.617909e-03	1.552400e+00
9.910000e-06	-3.188332e-03	1.296083e+00
9.920000e-06	-4.628284e-03	9.897686e-01
9.930000e-06	-4.412974e-03	6.651154e-01
9.940000e-06	-3.286723e-03	3.819276e-01
9.950000e-06	-1.890734e-03	7.558685e-02
9.960000e-06	1.765668e-03	-1.575973e-01
9.970000e-06	2.182697e-03	-4.000501e-01
9.980000e-06	-2.081525e-03	-7.033649e-01
9.990000e-06	-2.080294e-03	-9.560236e-01
1.000000e-05	-4.555302e-03	-1.261654e+00
1.001000e-05	-2.481159e-03	-1.535946e+00
1.002000e-05	5.692121e-03	-1.768566e+00
1.003000e-05	4.771413e-02	-2.018574e+00
1.004000e-05	6.407196e-02	-2.292382e+00
1.005000e-05	-5.905385e-02	-2.672380e+00
1.006000e-05	-4.723118e-02	-3.061384e+00
1.007000e-05	-3.900411e-02	-3.385469e+00
1.008000e-05	-2.514861e-02	-3.568046e+00
1.009000e-05	-4.350188e-02	-3.820204e+00
1.010000e-05	9.683029e-02	-4.021180e+00
1.011000e-05	-5.991213e-02	-4.260331e+00
1.012000e-05	2.612248e-02	-4.536497e+00
1.013000e-05	7.542234e-02	-4.755595e+00
1.014000e-05	-1.145938e-01	-5.103987e+00
1.015000e-05	6.058006e-02	-5.420125e+00
1.016000e-05	-1.048977e-01	-5.682884e+00
1.017000e-05	4.143909e-02	-5.957574e+00
1.018000e-05	2.104501e-02	-6.230146e+00
1.019000e-05	-5.345407e-02	-6.494991e+00
1.020000e-05	7.606119e-02	-6.737546e+00
1.021000e-05	-7.212206e-02	-7.063902e+00
1.022000e-05	2.506563e-02	-7.315946e+00
1.023000e-05	-4.563083e-02	-7.528095e+00
1.024000e-05	-1.010176e-02	-7.833984e+00
1.025000e-05	3.634919e-02	-8.095442e+00
1.026000e-05	-5.210152e-02	-8.337641e+00
1.027000e-05	5.542956e-02	-8.640753e+00
1.028000e-05	-6.480262e-02	-8.870708e+00
1.029000e-05	1.782730e-02	-9.083814e+00
1.030000e-05	-2.820500e-02	-9.293016e+00
1.031000e-05	-8.761603e-03	-9.508072e+00
1.032000e-05	8.034093e-03	-9.747447e+00
1.033000e-05	-2.813657e-02	-9.987175e+00
1.034000e-05	2.613881e-02	-1.017875e+01
1.035000e-05	-4.911354e-02	-1.042081e+01
1.036000e-05	1.696740e-02	-1.064291e+01
1.037000e-05	-4.179397e-02	-1.086428e+01
1.038000e-05	1.231159e-02	-1.107341e+01
1.039000e-05	-2.606790e-02	-1.125236e+01
1.040000e-05	-4.361093e-04	-1.148486e+01
1.041000e-05	-1.221127e-02	-1.172444e+01
1.042000e-05	-1.184333e-02	-1.187559e+01
1.043000e-05	-1.086976e-02	-1.207534e+01
1.044000e-05	-2.523146e-02	-1.224439e+01
1.045000e-05	-2.057412e-04	-1.248278e+01
1.046000e-05	-2.517872e-02	-1.261181e+01
1.047000e-05	1.097826e-04	-1.277073e+01
1.048000e-05	-2.743007e-02	-1.297660e+01
1.049000e-05	8.236520e-04	-1.307591e+01
1.050000e-05	-2.394098e-02	-1.326231e+01
1.051000e-05	-8.044440e-03	-1.338123e+01
1.052000e-05	-2.363275e-02	-1.355707e+01
1.053000e-05	-9.601517e-03	-1.369599e+01
1.054000e-05	-1.573302e-02	-1.379181e+01
1.055000e-05	-1.663944e-02	-1.394065e+01
1.056000e-05	-1.459093e-02	-1.406494e+01
1.057000e-05	-1.873163e-02	-1.421223e+01
1.058000e-05	-1.239439e-02	-1.435802e+01
1.059000e-05	-2.293394e-02	-1.444279e+01
1.060000e-05	-1.444910e-02	-1.456857e+01
1.061000e-05	-2.179021e-02	-1.462333e+01
1.062000e-05	-1.153756e-02	-1.474749e+01
1.063000e-05	-2.218641e-02	-1.480121e+01
1.064000e-05	-1.774028e-02	-1.489599e+01
1.065000e-05	-2.244856e-02	-1.498123e+01
1.066000e-05	-1.818768e-02	-1.503334e+01
1.067000e-05	-2.304194e-02	-1.511652e+01
1.068000e-05	-2.118099e-02	-1.515965e+01
1.069000e-05	-2.208994e-02	-1.523131e+01
1.070000e-05	-1.949722e-02	-1.528434e+01
1.071000e-05	-2.302394e-02	-1.532754e+01
1.072000e-05	-2.549596e-02	-1.533002e+01
1.073000e-05	-2.346282e-02	-1.537016e+01
1.074000e-05	-2.493855e-02	-1.540380e+01
1.075000e-05	-2.364308e-02	-1.545331e+01
1.076000e-05	-2.966093e-02	-1.544381e+01
1.077000e-05	-2.677907e-02	-1.543539e+01
1.078000e-05	-2.884499e-02	-1.544631e+01
1.079000e-05	-2.929829e-02	-1.548539e+01
1.080000e-05	-3.245576e-02	-1.545634e+01
1.081000e-05	-3.114851e-02	-1.540531e+01
1.082000e-05	-3.183654e-02	-1.543278e+01
1.083000e-05	-3.482079e-02	-1.544315e+01
1.084000e-05	-3.823057e-02	-1.535143e+01
1.085000e-05	-3.909061e-02	-1.533042e+01
1.086000e-05	-3.813887e-02	-1.529747e+01
1.087000e-05	-4.059309e-02	-1.526526e+01
1.088000e-05	-4.301125e-02	-1.516216e+01
1.089000e-05	-4.474497e-02	-1.512705e+01
1.090000e-05	-4.473046e-02	-1.505737e+01
1.091000e-05	-4.754252e-02	-1.503369e+01
1.092000e-05	-5.154830e-02	-1.494055e+01
1.093000e-05	-5.444057e-02	-1.488639e+01
1.094000e-05	-5.523394e-02	-1.479116e+01
1.095000e-05	-5.875268e-02	-1.470700e+01
1.096000e-05	-6.151367e-02	-1.458318e+01
1.097000e-05	-6.535969e-02	-1.452939e+01
1.098000e-05	-6.469398e-02	-1.443163e+01
1.099000e-05	-6.741523e-02	-1.431589e+01
1.100000e-05	-6.842172e-02	-1.418218e+01
1.101000e-05	-6.958639e-02	-1.405432e+01
1.102000e-05	-6.781813e-02	-1.391882e+01
1.103000e-05	-6.674285e-02	-1.379158e+01
1.104000e-05	-6.737595e-02	-1.363408e+01
1.105000e-05	-6.581467e-02	-1.347634e+01
1.106000e-05	-6.212315e-02	-1.337148e+01
1.107000e-05	-5.867534e-02	-1.319421e+01
1.108000e-05	-5.572608e-02	-1.310726e+01
1.109000e-05	-5.449597e-02	-1.290947e+01
1.110000e-05	-5.071729e-02	-1.277095e+01
1.111000e-05	-4.713004e-02	-1.262106e+01
1.112000e-05	-4.326681e-02	-1.244319e+01
1.113000e-05	-4.261135e-02	-1.227424e+01
1.114000e-05	-4.103383e-02	-1.207574e+01
1.115000e-05	-3.760230e-02	-1.186534e+01
1.116000e-05	-3.484756e-02	-1.164674e+01
1.117000e-05	-3.339900e-02	-1.142611e+01
1.118000e-05	-3.122726e-02	-1.120314e+01
1.119000e-05	-2.900100e-02	-1.101113e+01
1.120000e-05	-2.629251e-02	-1.081361e+01
1.121000e-05	-2.551536e-02	-1.062114e+01
1.122000e-05	-2.464998e-02	-1.042556e+01
1.123000e-05	-2.278375e-02	-1.018151e+01
1.124000e-05	-2.082427e-02	-9.942424e+00
1.125000e-05	-2.019620e-02	-9.759425e+00
1.126000e-05	-2.037390e-02	-9.528894e+00
1.127000e-05	-1.826838e-02	-9.288242e+00
1.128000e-05	-1.654991e-02	-9.075737e+00
1.129000e-05	-1.611530e-02	-8.807185e+00
1.130000e-05	-1.695461e-02	-8.633158e+00
1.131000e-05	-1.474396e-02	-8.380973e+00
1.132000e-05	-1.193415e-02	-8.127771e+00
1.133000e-05	-1.186192e-02	-7.926067e+00
1.134000e-05	-1.367807e-02	-7.571929e+00
1.135000e-05	-1.262389e-02	-7.309372e+00
1.136000e-05	-1.161465e-02	-7.117141e+00
1.137000e-05	-1.007028e-02	-6.794005e+00
1.138000e-05	-1.164850e-02	-6.559921e+00
1.139000e-05	-1.039279e-02	-6.306743e+00
1.140000e-05	-9.620013e-03	-6.054556e+00
1.141000e-05	-7.766341e-03	-5.739376e+00
1.142000e-05	-8.380936e-03	-5.499163e+00
1.143000e-05	-1.052342e-02	-5.212029e+00
1.144000e-05	-8.846832e-03	-4.838093e+00
1.145000e-05	-6.412239e-03	-4.580952e+00
1.146000e-05	-7.515425e-03	-4.318872e+00
1.147000e-05	-9.157089e-03	-4.106166e+00
1.148000e-05	-7.542497e-03	-3.819481e+00
1.149000e-05	-6.374126e-03	-3.497795e+00
1.150000e-05	-5.899450e-03	-3.275562e+00
1.151000e-05	-7.559892e-03	-2.941301e+00
1.152000e-05	-5.787033e-03	-2.645591e+00
1.153000e-05	-4.105277e-03	-2.412378e+00
1.154000e-05	-4.127978e-03	-2.127691e+00
1.155000e-05	-7.719759e-03	-1.844959e+00
1.156000e-05	-7.040962e-03	-1.579922e+00
1.157000e-05	-4.973178e-03	-1.272430e+00
1.158000e-05	-4.228671e-03	-9.187184e-01
1.159000e-05	-5.271490e-03	-6.465154e-01
1.160000e-05	-3.001772e-03	-3.672221e-01
1.161000e-05	1.483764e-03	-5.458810e-02
1.162000e-05	8.804903e-03	2.286949e-01
1.163000e-05	2.178270e-04	5.027317e-01
1.164000e-05	-6.983340e-04	7.259946e-01
1.165000e-05	-5.123572e-04	9.786726e-01
1.166000e-05	2.057767e-03	1.303412e+00
1.167000e-05	4.663825e-04	1.600621e+00
1.168000e-05	6.411024e-03	1.901858e+00
1.169000e-05	2.996895e-02	2.102882e+00
1.170000e-05	7.320031e-02	2.387622e+00
1.171000e-05	-9.857535e-03	2.727096e+00
1.172000e-05	-6.205841e-02	3.062358e+00
1.173000e-05	-3.852244e-02	3.303536e+00
1.174000e-05	-1.405197e-03	3.568749e+00
1.175000e-05	-2.727660e-02	3.802180e+00
1.176000e-05	-3.424544e-02	4.010097e+00
1.177000e-05	7.191940e-02	4.274463e+00
1.178000e-05	-9.661227e-03	4.648723e+00
1.179000e-05	5.102101e-02	4.830679e+00
1.180000e-05	3.047975e-02	5.166646e+00
1.181000e-05	-7.429576e-02	5.444387e+00
1.182000e-05	4.224059e-02	5.775519e+00
1.183000e-05	-1.783806e-02	6.019275e+00
1.184000e-05	2.326420e-02	6.270361e+00
1.185000e-05	-1.265169e-02	6.517117e+00
1.186000e-05	-1.708156e-03	6.830178e+00
1.187000e-05	5.453163e-02	7.094431e+00
1.188000e-05	-2.203194e-02	7.357565e+00
1.189000e-05	-1.213273e-02	7.621728e+00
1.190000e-05	-1.916476e-02	7.895539e+00
1.191000e-05	5.178549e-02	8.177179e+00
1.192000e-05	8.257093e-03	8.371176e+00
1.193000e-05	-2.359024e-02	8.580780e+00
1.194000e-05	2.589248e-02	8.912408e+00
1.195000e-05	2.943702e-04	9.094463e+00
1.196000e-05	1.986753e-02	9.314992e+00
1.197000e-05	-2.149182e-02	9.557601e+00
1.198000e-05	8.915565e-03	9.799253e+00
1.199000e-05	1.673998e-02	1.000233e+01
1.200000e-05	2.345790e-02	1.020276e+01
1.201000e-05	7.912542e-04	1.043294e+01
1.202000e-05	-1.129554e-02	1.069539e+01
1.203000e-05	2.254655e-02	1.086491e+01
1.204000e-05	8.289477e-03	1.103381e+01
1.205000e-05	4.745362e-03	1.128552e+01
1.206000e-05	-8.904094e-03	1.150552e+01
1.207000e-05	2.215957e-02	1.168562e+01
1.208000e-05	1.747002e-02	1.186444e+01
1.209000e-05	9.497284e-03	1.209847e+01
1.210000e-05	-2.371166e-03	1.224389e+01
1.211000e-05	1.167825e-02	1.244284e+01
1.212000e-05	1.787070e-02	1.259128e+01
1.213000e-05	4.391149e-03	1.277868e+01
1.214000e-05	2.960767e-03	1.293854e+01
1.215000e-05	1.012648e-02	1.310552e+01
1.216000e-05	2.289492e-02	1.322283e+01
1.217000e-05	8.353997e-03	1.342075e+01
1.218000e-05	5.192149e-03	1.350910e+01
1.219000e-05	9.668092e-03	1.369651e+01
1.220000e-05	1.942295e-02	1.374233e+01
1.221000e-05	9.687457e-03	1.396015e+01
1.222000e-05	3.876563e-03	1.410649e+01
1.223000e-05	1.072129e-02	1.420289e+01
1.224000e-05	1.865878e-02	1.434860e+01
1.225000e-05	1.556259e-02	1.448484e+01
1.226000e-05	7.883681e-03	1.456923e+01
1.227000e-05	1.397577e-02	1.463531e+01
1.228000e-05	1.875599e-02	1.472902e+01
1.229000e-05	1.670853e-02	1.480334e+01
1.230000e-05	7.623365e-03	1.488747e+01
1.231000e-05	1.145039e-02	1.497366e+01
1.232000e-05	1.745548e-02	1.505386e+01
1.233000e-05	1.939250e-02	1.507752e+01
1.234000e-05	1.385653e-02	1.514870e+01
1.235000e-05	1.459164e-02	1.522179e+01
1.236000e-05	2.202375e-02	1.524646e+01
1.237000e-05	2.111084e-02	1.535860e+01
1.238000e-05	1.455381e-02	1.534165e+01
1.239000e-05	1.421782e-02	1.534078e+01
1.240000e-05	2.134773e-02	1.537278e+01
1.241000e-05	2.467913e-02	1.543376e+01
1.242000e-05	2.018524e-02	1.542294e+01
1.243000e-05	1.927922e-02	1.543443e+01
1.244000e-05	2.528228e-02	1.545589e+01
1.245000e-05	2.780709e-02	1.544536e+01
1.246000e-05	2.387667e-02	1.544484e+01
1.247000e-05	2.259796e-02	1.543431e+01
1.248000e-05	2.868579e-02	1.542323e+01
1.249000e-05	3.304318e-02	1.542265e+01
1.250000e-05	3.089577e-02	1.534168e+01
1.251000e-05	2.913554e-02	1.535855e+01
1.252000e-05	3.343114e-02	1.528554e+01
1.253000e-05	3.837889e-02	1.524442e+01
1.254000e-05	3.727679e-02	1.516321e+01
1.255000e-05	3.523086e-02	1.510950e+01
1.256000e-05	3.887101e-02	1.504429e+01
1.257000e-05	4.550308e-02	1.499216e+01
1.258000e-05	4.588227e-02	1.494899e+01
1.259000e-05	4.466826e-02	1.485478e+01
1.260000e-05	4.871336e-02	1.477353e+01
1.261000e-05	5.513917e-02	1.466541e+01
1.262000e-05	5.791780e-02	1.459310e+01
1.263000e-05	5.689479e-02	1.447689e+01
1.264000e-05	5.874061e-02	1.438106e+01
1.265000e-05	6.334682e-02	1.425592e+01
1.266000e-05	6.360863e-02	1.413949e+01
1.267000e-05	5.990985e-02	1.401371e+01
1.268000e-05	5.934335e-02	1.385937e+01
1.269000e-05	6.233865e-02	1.372212e+01
1.270000e-05	6.202651e-02	1.359366e+01
1.271000e-05	5.559215e-02	1.344674e+01
1.272000e-05	5.142819e-02	1.328940e+01
1.273000e-05	5.242184e-02	1.320150e+01
1.274000e-05	5.037841e-02	1.298476e+01
1.275000e-05	4.513848e-02	1.285532e+01
1.276000e-05	4.058680e-02	1.267834e+01
1.277000e-05	4.075797e-02	1.253890e+01
1.278000e-05	3.955017e-02	1.234045e+01
1.279000e-05	3.410280e-02	1.220251e+01
1.280000e-05	2.940198e-02	1.198351e+01
1.281000e-05	2.821958e-02	1.184418e+01
1.282000e-05	2.869457e-02	1.163416e+01
1.283000e-05	2.526129e-02	1.139308e+01
1.284000e-05	2.207375e-02	1.117248e+01
1.285000e-05	2.038460e-02	1.097315e+01
1.286000e-05	2.054547e-02	1.077305e+01
1.287000e-05	1.876800e-02	1.058213e+01
1.288000e-05	1.465757e-02	1.035092e+01
1.289000e-05	1.255495e-02	1.011145e+01
1.290000e-05	1.409422e-02	9.959396e+00
1.291000e-05	1.355247e-02	9.658771e+00
1.292000e-05	1.114084e-02	9.467238e+00
1.293000e-05	8.352168e-03	9.235607e+00
1.294000e-05	1.022916e-02	9.044657e+00
1.295000e-05	9.334979e-03	8.792953e+00
1.296000e-05	6.783636e-03	8.539898e+00
1.297000e-05	4.823816e-03	8.338870e+00
1.298000e-05	5.473166e-03	8.048189e+00
1.299000e-05	6.320425e-03	7.784658e+00
1.300000e-05	3.187748e-03	7.550448e+00
1.301000e-05	1.469623e-03	7.256066e+00
1.302000e-05	3.484468e-03	7.036530e+00
1.303000e-05	4.553692e-03	6.793349e+00
1.304000e-05	3.142934e-03	6.479740e+00
1.305000e-05	6.546551e-04	6.275159e+00
1.306000e-05	1.415728e-03	6.003949e+00
1.307000e-05	1.811813e-03	5.691767e+00
1.308000e-05	8.105051e-04	5.416083e+00
1.309000e-05	-2.508304e-03	5.161350e+00
1.310000e-05	-7.586724e-04	4.794453e+00
1.311000e-05	1.314604e-03	4.579827e+00
1.312000e-05	7.217557e-04	4.266142e+00
1.313000e-05	-2.008856e-03	3.961852e+00
1.314000e-05	-1.970629e-03	3.687716e+00
1.315000e-05	-7.606981e-04	3.454112e+00
1.316000e-05	-4.677072e-04	3.129845e+00
1.317000e-05	-3.141685e-03	2.895616e+00
1.318000e-05	-4.822300e-03	2.604005e+00
1.319000e-05	-2.109527e-03	2.266721e+00
1.320000e-05	-2.069277e-03	2.034029e+00
1.321000e-05	-3.703317e-03	1.740324e+00
1.322000e-05	-4.814963e-03	1.466535e+00
1.323000e-05	-3.085144e-03	1.180797e+00
1.324000e-05	-2.696808e-03	8.344338e-01
1.325000e-05	-2.820348e-03	5.697459e-01
1.326000e-05	-4.422777e-03	3.361631e-01
1.327000e-05	-1.497469e-03	1.374687e-03
1.328000e-05	6.111823e-03	-2.827856e-01
1.329000e-05	-5.934962e-04	-5.544868e-01
1.330000e-05	-3.139048e-03	-8.396515e-01
1.331000e-05	-5.488843e-03	-1.062729e+00
1.332000e-05	-9.649954e-04	-1.376570e+00
1.333000e-05	-1.981304e-03	-1.651177e+00
1.334000e-05	1.349427e-02	-1.841732e+00
1.335000e-05	7.201685e-02	-2.092333e+00
1.336000e-05	2.189489e-02	-2.420350e+00
1.337000e-05	-6.942398e-02	-2.789249e+00
1.338000e-05	-4.222240e-02	-3.188648e+00
1.339000e-05	-3.192466e-02	-3.430729e+00
1.340000e-05	-3.905198e-02	-3.642282e+00
1.341000e-05	5.239896e-03	-3.915821e+00
1.342000e-05	8.053135e-02	-4.103889e+00
1.343000e-05	-9.907425e-02	-4.338121e+00
1.344000e-05	1.143062e-01	-4.679700e+00
1.345000e-05	-3.170510e-02	-4.882911e+00
1.346000e-05	-4.988157e-02	-5.241358e+00
1.347000e-05	2.700615e-02	-5.485490e+00
1.348000e-05	-1.023365e-01	-5.829200e+00
1.349000e-05	1.036115e-01	-6.050258e+00
1.350000e-05	-6.014317e-02	-6.314017e+00
1.351000e-05	2.038380e-02	-6.641299e+00
1.352000e-05	2.494001e-02	-6.831808e+00
1.353000e-05	-5.971890e-02	-7.138646e+00
1.354000e-05	3.556778e-02	-7.439251e+00
1.355000e-05	-7.777678e-02	-7.693542e+00
1.356000e-05	4.796424e-02	-7.967051e+00
1.357000e-05	-2.259791e-02	-8.238225e+00
1.358000e-05	-5.742698e-03	-8.491883e+00
1.359000e-05	2.220013e-02	-8.672463e+00
1.360000e-05	-6.281473e-02	-8.946648e+00
1.361000e-05	3.783769e-02	-9.158075e+00
1.362000e-05	-5.657616e-02	-9.418154e+00
1.363000e-05	2.994309e-02	-9.652282e+00
1.364000e-05	-3.431021e-02	-9.854302e+00
1.365000e-05	1.312587e-02	-1.005294e+01
1.366000e-05	-1.051382e-02	-1.028294e+01
1.367000e-05	-2.608108e-02	-1.054700e+01
1.368000e-05	-4.275228e-05	-1.066484e+01
1.369000e-05	-3.300313e-02	-1.090557e+01
1.370000e-05	1.749813e-02	-1.111607e+01
1.371000e-05	-3.598593e-02	-1.133757e+01
1.372000e-05	1.153695e-02	-1.154765e+01
1.373000e-05	-2.752234e-02	-1.179867e+01
1.374000e-05	5.606979e-03	-1.198922e+01
1.375000e-05	-2.993808e-02	-1.216909e+01
1.376000e-05	-8.432246e-03	-1.233660e+01
1.377000e-05	-1.539386e-02	-1.248649e+01
1.378000e-05	-1.006844e-02	-1.264584e+01
1.379000e-05	-1.155343e-02	-1.282283e+01
1.380000e-05	-2.065942e-02	-1.299080e+01
1.381000e-05	-4.249752e-03	-1.314809e+01
1.382000e-05	-2.205111e-02	-1.330699e+01
1.383000e-05	-6.360220e-03	-1.347139e+01
1.384000e-05	-2.753812e-02	-1.357076e+01
1.385000e-05	-5.612327e-03	-1.372769e+01
1.386000e-05	-2.212643e-02	-1.389499e+01
1.387000e-05	-9.518205e-03	-1.402226e+01
1.388000e-05	-2.164416e-02	-1.409705e+01
1.389000e-05	-1.282195e-02	-1.425341e+01
1.390000e-05	-1.786747e-02	-1.438870e+01
1.391000e-05	-1.862907e-02	-1.448699e+01
1.392000e-05	-1.859447e-02	-1.455915e+01
1.393000e-05	-1.889950e-02	-1.465539e+01
1.394000e-05	-1.496196e-02	-1.474857e+01
1.395000e-05	-2.111515e-02	-1.484231e+01
1.396000e-05	-1.874208e-02	-1.494905e+01
1.397000e-05	-2.219674e-02	-1.499168e+01
1.398000e-05	-1.945188e-02	-1.502599e+01
1.399000e-05	-2.325357e-02	-1.511757e+01
1.400000e-05	-2.129095e-02	-1.521123e+01
1.401000e-05	-2.358297e-02	-1.523333e+01
1.402000e-05	-2.007402e-02	-1.528737e+01
1.403000e-05	-2.436663e-02	-1.531954e+01
1.404000e-05	-2.339517e-02	-1.531918e+01
1.405000e-05	-2.564333e-02	-1.534118e+01
1.406000e-05	-2.379298e-02	-1.541278e+01
1.407000e-05	-2.538401e-02	-1.542629e+01
1.408000e-05	-2.845778e-02	-1.544281e+01
1.409000e-05	-2.856385e-02	-1.545694e+01
1.410000e-05	-2.981399e-02	-1.546691e+01
1.411000e-05	-2.952932e-02	-1.544484e+01
1.412000e-05	-3.288713e-02	-1.546486e+01
1.413000e-05	-3.271443e-02	-1.543428e+01
1.414000e-05	-3.383568e-02	-1.541329e+01
1.415000e-05	-3.483815e-02	-1.543271e+01
1.416000e-05	-3.826190e-02	-1.539212e+01
1.417000e-05	-3.928060e-02	-1.532792e+01
1.418000e-05	-4.015893e-02	-1.527586e+01
1.419000e-05	-4.111226e-02	-1.523376e+01
1.420000e-05	-4.394164e-02	-1.518115e+01
1.421000e-05	-4.443696e-02	-1.512847e+01
1.422000e-05	-4.661595e-02	-1.506639e+01
1.423000e-05	-4.868424e-02	-1.499213e+01
1.424000e-05	-5.128447e-02	-1.492895e+01
1.425000e-05	-5.492748e-02	-1.481231e+01
1.426000e-05	-5.673700e-02	-1.474108e+01
1.427000e-05	-5.851815e-02	-1.467581e+01
1.428000e-05	-6.187087e-02	-1.457105e+01
1.429000e-05	-6.597147e-02	-1.448436e+01
1.430000e-05	-6.691606e-02	-1.439053e+01
1.431000e-05	-6.858193e-02	-1.426384e+01
1.432000e-05	-6.964155e-02	-1.415937e+01
1.433000e-05	-6.976696e-02	-1.397151e+01
1.434000e-05	-6.833500e-02	-1.386624e+01
1.435000e-05	-6.682579e-02	-1.371090e+01
1.436000e-05	-6.549918e-02	-1.356211e+01
1.437000e-05	-6.373671e-02	-1.345566e+01
1.438000e-05	-6.096694e-02	-1.329890e+01
1.439000e-05	-5.811860e-02	-1.315945e+01
1.440000e-05	-5.566794e-02	-1.303271e+01
1.441000e-05	-5.324243e-02	-1.288521e+01
1.442000e-05	-4.876472e-02	-1.270681e+01
1.443000e-05	-4.568901e-02	-1.248848e+01
1.444000e-05	-4.389499e-02	-1.235090e+01
1.445000e-05	-4.181729e-02	-1.219110e+01
1.446000e-05	-3.827554e-02	-1.199161e+01
1.447000e-05	-3.673683e-02	-1.182216e+01
1.448000e-05	-3.484013e-02	-1.155253e+01
1.449000e-05	-3.256725e-02	-1.136193e+01
1.450000e-05	-3.081316e-02	-1.114042e+01
1.451000e-05	-2.818066e-02	-1.090985e+01
1.452000e-05	-2.724239e-02	-1.073040e+01
1.453000e-05	-2.519378e-02	-1.054992e+01
1.454000e-05	-2.338296e-02	-1.033938e+01
1.455000e-05	-2.221599e-02	-1.005830e+01
1.456000e-05	-2.130238e-02	-9.918289e+00
1.457000e-05	-1.995537e-02	-9.686664e+00
1.458000e-05	-1.857196e-02	-9.476213e+00
1.459000e-05	-1.820339e-02	-9.214554e+00
1.460000e-05	-1.593707e-02	-8.973030e+00
1.461000e-05	-1.627082e-02	-8.778851e+00
1.462000e-05	-1.608552e-02	-8.528372e+00
1.463000e-05	-1.381056e-02	-8.266766e+00
1.464000e-05	-1.366870e-02	-8.065609e+00
1.465000e-05	-1.227783e-02	-7.741506e+00
1.466000e-05	-1.282647e-02	-7.486666e+00
1.467000e-05	-1.129296e-02	-7.254511e+00
1.468000e-05	-1.077481e-02	-7.012504e+00
1.469000e-05	-9.967576e-03	-6.729343e+00
1.470000e-05	-1.027889e-02	-6.475138e+00
1.471000e-05	-9.498347e-03	-6.213558e+00
1.472000e-05	-1.008656e-02	-5.979395e+00
1.473000e-05	-9.950253e-03	-5.656112e+00
1.474000e-05	-9.298252e-03	-5.322829e+00
1.475000e-05	-9.314229e-03	-5.098190e+00
1.476000e-05	-8.732504e-03	-4.761325e+00
1.477000e-05	-6.739285e-03	-4.487191e+00
1.478000e-05	-6.933745e-03	-4.274637e+00
1.479000e-05	-7.359767e-03	-3.981031e+00
1.480000e-05	-8.168264e-03	-3.697641e+00
1.481000e-05	-7.384838e-03	-3.455506e+00
1.482000e-05	-7.492587e-03	-3.171345e+00
1.483000e-05	-5.917270e-03	-2.866078e+00
1.484000e-05	-6.940221e-03	-2.591351e+00
1.485000e-05	-5.695582e-03	-2.297664e+00
1.486000e-05	-4.800472e-03	-2.001928e+00
1.487000e-05	-4.486075e-03	-1.739761e+00
1.488000e-05	-5.373524e-03	-1.453060e+00
1.489000e-05	-4.997541e-03	-1.127188e+00
1.490000e-05	-3.645979e-03	-8.224090e-01
1.491000e-05	-4.719551e-03	-5.196945e-01
1.492000e-05	-3.399062e-03	-2.430628e-01
1.493000e-05	1.433592e-04	-9.398566e-03
1.494000e-05	6.967926e-03	2.829106e-01
1.495000e-05	-3.781685e-05	5.574948e-01
1.496000e-05	3.267970e-03	8.201290e-01
1.497000e-05	-1.143816e-03	1.085488e+00
1.498000e-05	3.465335e-03	1.377623e+00
1.499000e-05	7.233863e-04	1.735944e+00
1.500000e-05	1.118283e-02	1.956491e+00
1.501000e-05	4.499888e-02	2.168649e+00
1.502000e-05	5.954693e-02	2.505015e+00
1.503000e-05	-4.371280e-02	2.843337e+00
1.504000e-05	-5.094649e-02	3.156070e+00
1.505000e-05	-2.726308e-02	3.412250e+00
1.506000e-05	6.209039e-04	3.683361e+00
1.507000e-05	-4.157035e-02	3.913808e+00
1.508000e-05	6.718648e-03	4.083906e+00
1.509000e-05	6.528258e-02	4.368750e+00
1.510000e-05	-2.958723e-02	4.654363e+00
1.511000e-05	9.644795e-02	4.932715e+00
1.512000e-05	-4.441235e-02	5.295491e+00
1.513000e-05	-2.391532e-02	5.557545e+00
1.514000e-05	3.031600e-02	5.832753e+00
1.515000e-05	-1.640398e-02	6.114966e+00
1.516000e-05	3.252038e-02	6.317046e+00
1.517000e-05	-3.744239e-02	6.650737e+00
1.518000e-05	3.983997e-02	6.955442e+00
1.519000e-05	2.536979e-02	7.119094e+00
1.520000e-05	-1.887478e-02	7.453363e+00
1.521000e-05	-1.723826e-02	7.735086e+00
1.522000e-05	4.149677e-03	7.998330e+00
1.523000e-05	5.331748e-02	8.253760e+00
1.524000e-05	-1.920362e-02	8.484937e+00
1.525000e-05	-3.130080e-03	8.705494e+00
1.526000e-05	1.801719e-02	8.938646e+00
1.527000e-05	4.639774e-03	9.177696e+00
1.528000e-05	1.335500e-02	9.410753e+00
1.529000e-05	-1.683143e-02	9.650882e+00
1.530000e-05	1.912690e-02	9.854865e+00
1.531000e-05	1.594066e-02	1.006594e+01
1.532000e-05	2.122206e-02	1.028656e+01
1.533000e-05	-1.230983e-02	1.053609e+01
1.534000e-05	-8.314491e-04	1.075854e+01
1.535000e-05	2.070205e-02	1.094862e+01
1.536000e-05	7.825263e-03	1.113762e+01
1.537000e-05	3.602150e-03	1.134870e+01
1.538000e-05	7.550242e-04	1.157923e+01
1.539000e-05	2.601579e-02	1.181165e+01
1.540000e-05	1.116475e-02	1.193007e+01
1.541000e-05	2.170206e-03	1.214865e+01
1.542000e-05	-3.948041e-03	1.230862e+01
1.543000e-05	1.587762e-02	1.253502e+01
1.544000e-05	1.624780e-02	1.266601e+01
1.545000e-05	3.932376e-03	1.281328e+01
1.546000e-05	6.507566e-03	1.301030e+01
1.547000e-05	1.518749e-02	1.318615e+01
1.548000e-05	1.980280e-02	1.327549e+01
1.549000e-05	3.287058e-03	1.346493e+01
1.550000e-05	3.332715e-03	1.360120e+01
1.551000e-05	1.170696e-02	1.369817e+01
1.552000e-05	1.845942e-02	1.385391e+01
1.553000e-05	1.023583e-02	1.398376e+01
1.554000e-05	4.162384e-03	1.413920e+01
1.555000e-05	1.588104e-02	1.428557e+01
1.556000e-05	1.722450e-02	1.439025e+01
1.557000e-05	1.300192e-02	1.448612e+01
1.558000e-05	8.252461e-03	1.460176e+01
1.559000e-05	1.657749e-02	1.467499e+01
1.560000e-05	1.849786e-02	1.477115e+01
1.561000e-05	1.418166e-02	1.482346e+01
1.562000e-05	7.613331e-03	1.489964e+01
1.563000e-05	1.177657e-02	1.499973e+01
1.564000e-05	1.916410e-02	1.503387e+01
1.565000e-05	1.825822e-02	1.510799e+01
1.566000e-05	1.504461e-02	1.518083e+01
1.567000e-05	1.815244e-02	1.522242e+01
1.568000e-05	2.271242e-02	1.527599e+01
1.569000e-05	1.764703e-02	1.532860e+01
1.570000e-05	1.209126e-02	1.535013e+01
1.571000e-05	1.544971e-02	1.542423e+01
1.572000e-05	2.293009e-02	1.539323e+01
1.573000e-05	2.455969e-02	1.543389e+01
1.574000e-05	2.012013e-02	1.542536e+01
1.575000e-05	2.402480e-02	1.543586e+01
1.576000e-05	2.698903e-02	1.547489e+01
1.577000e-05	2.581609e-02	1.545437e+01
1.578000e-05	2.175264e-02	1.544534e+01
1.579000e-05	2.365305e-02	1.541281e+01
1.580000e-05	3.032051e-02	1.537173e+01
1.581000e-05	3.291218e-02	1.535268e+01
1.582000e-05	3.099291e-02	1.533018e+01
1.583000e-05	3.191699e-02	1.530902e+01
1.584000e-05	3.590909e-02	1.523684e+01
1.585000e-05	3.733276e-02	1.524178e+01
1.586000e-05	3.480649e-02	1.514110e+01
1.587000e-05	3.668521e-02	1.507652e+01
1.588000e-05	4.120655e-02	1.503431e+01
1.589000e-05	4.536345e-02	1.496073e+01
1.590000e-05	4.559837e-02	1.488839e+01
1.591000e-05	4.693613e-02	1.479431e+01
1.592000e-05	5.276246e-02	1.473852e+01
1.593000e-05	5.540932e-02	1.464629e+01
1.594000e-05	5.687456e-02	1.454153e+01
1.595000e-05	5.689273e-02	1.444379e+01
1.596000e-05	6.074018e-02	1.433098e+01
1.597000e-05	6.294675e-02	1.420373e+01
1.598000e-05	6.367924e-02	1.408742e+01
1.599000e-05	6.069104e-02	1.397253e+01
1.600000e-05	6.286226e-02	1.383426e+01
1.601000e-05	6.114693e-02	1.368800e+01
1.602000e-05	5.916162e-02	1.354093e+01
1.603000e-05	5.391249e-02	1.340316e+01
1.604000e-05	5.213664e-02	1.326524e+01
1.605000e-05	4.982608e-02	1.310897e+01
1.606000e-05	4.842008e-02	1.297045e+01
1.607000e-05	4.435392e-02	1.278203e+01
1.608000e-05	4.174483e-02	1.261366e+01
1.609000e-05	3.971562e-02	1.247679e+01
1.610000e-05	3.646160e-02	1.226832e+01
1.611000e-05	3.249407e-02	1.208987e+01
1.612000e-05	2.755986e-02	1.192747e+01
1.613000e-05	2.744861e-02	1.174145e+01
1.614000e-05	2.576405e-02	1.154945e+01
1.615000e-05	2.337220e-02	1.131845e+01
1.616000e-05	2.194101e-02	1.113834e+01
1.617000e-05	2.124991e-02	1.093940e+01
1.618000e-05	1.989207e-02	1.071687e+01
1.619000e-05	1.694791e-02	1.046787e+01
1.620000e-05	1.458223e-02	1.029727e+01
1.621000e-05	1.357717e-02	1.005681e+01
1.622000e-05	1.268432e-02	9.825164e+00
1.623000e-05	1.139673e-02	9.593583e+00
1.624000e-05	1.045061e-02	9.353004e+00
1.625000e-05	1.041916e-02	9.160975e+00
1.626000e-05	8.542071e-03	8.868822e+00
1.627000e-05	8.021181e-03	8.717269e+00
1.628000e-05	5.019325e-03	8.444190e+00
1.629000e-05	6.527829e-03	8.223683e+00
1.630000e-05	4.220526e-03	7.962002e+00
1.631000e-05	4.594137e-03	7.739393e+00
1.632000e-05	5.479390e-03	7.465760e+00
1.633000e-05	3.934030e-03	7.180447e+00
1.634000e-05	4.649435e-03	6.939896e+00
1.635000e-05	1.277918e-03	6.687214e+00
1.636000e-05	8.039127e-04	6.401953e+00
1.637000e-05	6.752068e-04	6.150801e+00
1.638000e-05	2.209434e-03	5.938242e+00
1.639000e-05	4.604274e-04	5.615152e+00
1.640000e-05	1.758212e-03	5.350445e+00
1.641000e-05	1.541367e-03	5.035634e+00
1.642000e-05	1.292514e-03	4.708792e+00
1.643000e-05	-1.386856e-03	4.415010e+00
1.644000e-05	-3.345517e-03	4.200901e+00
1.645000e-05	-1.393551e-03	3.866216e+00
1.646000e-05	-3.467763e-03	3.654430e+00
1.647000e-05	-1.562771e-04	3.339270e+00
1.648000e-05	-3.433456e-03	3.066059e+00
1.649000e-05	2.242830e-03	2.822428e+00
1.650000e-05	-3.062496e-03	2.535083e+00
1.651000e-05	8.533140e-04	2.214430e+00
1.652000e-05	-7.776008e-03	1.939371e+00
1.653000e-05	-4.579349e-03	1.678588e+00
1.654000e-05	-6.898526e-03	1.368897e+00
1.655000e-05	-3.505365e-03	1.054510e+00
1.656000e-05	-5.516803e-03	6.996411e-01
1.657000e-05	-8.255163e-04	4.645591e-01
1.658000e-05	-7.113736e-05	2.008509e-01
1.659000e-05	2.413106e-03	-7.680953e-02
1.660000e-05	5.090210e-03	-3.680186e-01
1.661000e-05	-6.492267e-03	-6.627540e-01
1.662000e-05	-2.072385e-03	-8.959119e-01
1.663000e-05	-7.073434e-03	-1.166021e+00
1.664000e-05	-1.039103e-03	-1.511863e+00
1.665000e-05	-1.977823e-03	-1.746519e+00
1.666000e-05	3.290717e-02	-1.947994e+00
1.667000e-05	8.070057e-02	-2.218199e+00
1.668000e-05	-3.017410e-02	-2.577625e+00
1.669000e-05	-6.204325e-02	-2.934167e+00
1.670000e-05	-4.280711e-02	-3.283358e+00
1.671000e-05	-2.512139e-02	-3.493941e+00
1.672000e-05	-5.531089e-02	-3.787045e+00
1.673000e-05	6.586588e-02	-3.980071e+00
1.674000e-05	3.270841e-03	-4.197072e+00
1.675000e-05	-4.235144e-02	-4.452429e+00
1.676000e-05	1.357788e-01	-4.735337e+00
1.677000e-05	-1.139609e-01	-4.978749e+00
1.678000e-05	3.183781e-02	-5.355969e+00
1.679000e-05	-5.622298e-02	-5.638250e+00
1.680000e-05	-2.588874e-02	-5.875861e+00
1.681000e-05	7.854461e-02	-6.155036e+00
1.682000e-05	-8.258203e-02	-6.430755e+00
1.683000e-05	7.787972e-02	-6.674386e+00
1.684000e-05	-4.434239e-02	-6.937168e+00
1.685000e-05	-1.069007e-02	-7.282859e+00
1.686000e-05	-7.916982e-03	-7.493939e+00
1.687000e-05	-5.081105e-02	-7.791275e+00
1.688000e-05	6.315680e-02	-8.062335e+00
1.689000e-05	-5.891070e-02	-8.294888e+00
1.690000e-05	4.489647e-02	-8.527521e+00
1.691000e-05	-3.640729e-02	-8.778250e+00
1.692000e-05	-1.448644e-02	-9.073754e+00
1.693000e-05	5.071001e-03	-9.201833e+00
1.694000e-05	-4.091619e-02	-9.504466e+00
1.695000e-05	3.228617e-02	-9.695917e+00
1.696000e-05	-4.223480e-02	-9.936493e+00
1.697000e-05	3.547675e-02	-1.018610e+01
1.698000e-05	-4.626172e-02	-1.039917e+01
1.699000e-05	7.004842e-03	-1.059220e+01
1.700000e-05	-2.829765e-02	-1.080720e+01
1.701000e-05	-2.856583e-03	-1.100965e+01
1.702000e-05	-7.736997e-03	-1.117121e+01
1.703000e-05	-1.842734e-02	-1.144230e+01
1.704000e-05	4.420041e-03	-1.160118e+01
1.705000e-05	-2.371411e-02	-1.189183e+01
1.706000e-05	1.202096e-03	-1.203221e+01
1.707000e-05	-3.570142e-02	-1.223171e+01
1.708000e-05	4.584037e-03	-1.240071e+01
1.709000e-05	-2.527594e-02	-1.257968e+01
1.710000e-05	1.510145e-03	-1.273602e+01
1.711000e-05	-2.385119e-02	-1.287541e+01
1.712000e-05	-4.174810e-03	-1.304288e+01
1.713000e-05	-1.777986e-02	-1.322113e+01
1.714000e-05	-1.394521e-02	-1.334010e+01
1.715000e-05	-1.575249e-02	-1.352496e+01
1.716000e-05	-1.925017e-02	-1.365278e+01
1.717000e-05	-8.699121e-03	-1.377065e+01
1.718000e-05	-2.061704e-02	-1.393502e+01
1.719000e-05	-9.311834e-03	-1.406449e+01
1.720000e-05	-2.211579e-02	-1.414870e+01
1.721000e-05	-1.042491e-02	-1.433504e+01
1.722000e-05	-2.279845e-02	-1.441233e+01
1.723000e-05	-1.498214e-02	-1.451647e+01
1.724000e-05	-2.196255e-02	-1.462371e+01
1.725000e-05	-1.511526e-02	-1.468640e+01
1.726000e-05	-1.914874e-02	-1.478165e+01
1.727000e-05	-1.970362e-02	-1.485595e+01
1.728000e-05	-2.075844e-02	-1.493860e+01
1.729000e-05	-1.975652e-02	-1.501331e+01
1.730000e-05	-1.994875e-02	-1.507599e+01
1.731000e-05	-2.279592e-02	-1.515705e+01
1.732000e-05	-2.192209e-02	-1.515276e+01
1.733000e-05	-2.252101e-02	-1.527434e+01
1.734000e-05	-2.146736e-02	-1.528641e+01
1.735000e-05	-2.713454e-02	-1.534112e+01
1.736000e-05	-2.363505e-02	-1.538213e+01
1.737000e-05	-2.592307e-02	-1.540226e+01
1.738000e-05	-2.238139e-02	-1.542331e+01
1.739000e-05	-2.780559e-02	-1.546531e+01
1.740000e-05	-2.737136e-02	-1.545689e+01
1.741000e-05	-2.936929e-02	-1.543594e+01
1.742000e-05	-2.921113e-02	-1.544484e+01
1.743000e-05	-3.183514e-02	-1.549591e+01
1.744000e-05	-3.356542e-02	-1.542434e+01
1.745000e-05	-3.203036e-02	-1.545371e+01
1.746000e-05	-3.476278e-02	-1.537326e+01
1.747000e-05	-3.658028e-02	-1.538221e+01
1.748000e-05	-3.902790e-02	-1.533855e+01
1.749000e-05	-3.876220e-02	-1.533852e+01
1.750000e-05	-4.018100e-02	-1.524489e+01
1.751000e-05	-4.153507e-02	-1.521613e+01
1.752000e-05	-4.392502e-02	-1.515963e+01
1.753000e-05	-4.504775e-02	-1.509877e+01
1.754000e-05	-4.713231e-02	-1.501378e+01
1.755000e-05	-5.000098e-02	-1.497060e+01
1.756000e-05	-5.308784e-02	-1.485895e+01
1.757000e-05	-5.512866e-02	-1.480361e+01
1.758000e-05	-5.745005e-02	-1.470890e+01
1.759000e-05	-5.999258e-02	-1.463476e+01
1.760000e-05	-6.326424e-02	-1.454145e+01
1.761000e-05	-6.589979e-02	-1.445426e+01
1.762000e-05	-6.734268e-02	-1.431727e+01
1.763000e-05	-6.838208e-02	-1.419268e+01
1.764000e-05	-6.812294e-02	-1.408737e+01
1.765000e-05	-6.906125e-02	-1.392992e+01
1.766000e-05	-6.705332e-02	-1.379369e+01
1.767000e-05	-6.671714e-02	-1.367737e+01
1.768000e-05	-6.432157e-02	-1.355945e+01
1.769000e-05	-6.313590e-02	-1.344165e+01
1.770000e-05	-5.982332e-02	-1.323376e+01
1.771000e-05	-5.664959e-02	-1.310682e+01
1.772000e-05	-5.431371e-02	-1.289038e+01
1.773000e-05	-5.126635e-02	-1.279258e+01
1.774000e-05	-4.680353e-02	-1.263416e+01
1.775000e-05	-4.536169e-02	-1.247579e+01
1.776000e-05	-4.292044e-02	-1.233832e+01
1.777000e-05	-4.084582e-02	-1.212944e+01
1.778000e-05	-3.771091e-02	-1.194882e+01
1.779000e-05	-3.566385e-02	-1.169930e+01
1.780000e-05	-3.409807e-02	-1.151677e+01
1.781000e-05	-3.231344e-02	-1.127579e+01
1.782000e-05	-2.831821e-02	-1.106722e+01
1.783000e-05	-2.842770e-02	-1.084728e+01
1.784000e-05	-2.602112e-02	-1.068721e+01
1.785000e-05	-2.494436e-02	-1.047577e+01
1.786000e-05	-2.286337e-02	-1.025371e+01
1.787000e-05	-2.128643e-02	-1.000318e+01
1.788000e-05	-2.083415e-02	-9.813482e+00
1.789000e-05	-1.990170e-02	-9.553554e+00
1.790000e-05	-1.849195e-02	-9.369381e+00
1.791000e-05	-1.706662e-02	-9.139867e+00
1.792000e-05	-1.797506e-02	-8.899318e+00
1.793000e-05	-1.590785e-02	-8.707164e+00
1.794000e-05	-1.439808e-02	-8.393509e+00
1.795000e-05	-1.370233e-02	-8.171900e+00
1.796000e-05	-1.406350e-02	-7.939952e+00
1.797000e-05	-1.385749e-02	-7.644640e+00
1.798000e-05	-1.174109e-02	-7.383504e+00
1.799000e-05	-1.120557e-02	-7.121324e+00
1.800000e-05	-1.207352e-02	-6.907539e+00
1.801000e-05	-1.214853e-02	-6.642556e+00
1.802000e-05	-9.916840e-03	-6.379372e+00
1.803000e-05	-9.344979e-03	-6.139189e+00
1.804000e-05	-1.028552e-02	-5.816078e+00
1.805000e-05	-9.911159e-03	-5.573227e+00
1.806000e-05	-9.334234e-03	-5.284668e+00
1.807000e-05	-8.241624e-03	-4.993374e+00
1.808000e-05	-8.271495e-03	-4.624583e+00
1.809000e-05	-7.288272e-03	-4.411955e+00
1.810000e-05	-8.449412e-03	-4.160928e+00
1.811000e-05	-6.204502e-03	-3.919162e+00
1.812000e-05	-8.135504e-03	-3.628928e+00
1.813000e-05	-7.997332e-03	-3.329245e+00
1.814000e-05	-7.797249e-03	-3.034085e+00
1.815000e-05	-4.280175e-03	-2.749320e+00
1.816000e-05	-5.767857e-03	-2.495160e+00
1.817000e-05	-4.765880e-03	-2.171327e+00
1.818000e-05	-5.978529e-03	-1.926671e+00
1.819000e-05	-4.804529e-03	-1.651533e+00
1.820000e-05	-6.090401e-03	-1.368618e+00
1.821000e-05	-5.742686e-03	-1.033451e+00
1.822000e-05	-4.905205e-03	-7.300948e-01
1.823000e-05	-2.573795e-03	-4.124038e-01
1.824000e-05	-1.896902e-03	-1.297998e-01
1.825000e-05	5.005314e-03	9.381316e-02
1.826000e-05	4.186188e-03	4.391501e-01
1.827000e-05	7.249375e-04	7.002791e-01
1.828000e-05	1.217329e-03	9.550094e-01
1.829000e-05	-5.572466e-04	1.240180e+00
1.830000e-05	2.220308e-03	1.524488e+00
1.831000e-05	3.859738e-03	1.800630e+00
1.832000e-05	2.119811e-02	2.039654e+00
1.833000e-05	6.571719e-02	2.283941e+00
1.834000e-05	2.258117e-02	2.673905e+00
1.835000e-05	-5.840481e-02	3.018099e+00
1.836000e-05	-4.261902e-02	3.230278e+00
1.837000e-05	-1.237106e-02	3.525570e+00
1.838000e-05	-1.356594e-02	3.747071e+00
1.839000e-05	-4.641307e-02	3.995992e+00
1.840000e-05	5.234846e-02	4.219730e+00
1.841000e-05	2.199309e-02	4.503990e+00
1.842000e-05	6.951486e-03	4.797571e+00
1.843000e-05	8.023195e-02	5.132961e+00
1.844000e-05	-8.208910e-02	5.411726e+00
1.845000e-05	2.433838e-02	5.721305e+00
1.846000e-05	-2.495520e-03	5.947020e+00
1.847000e-05	6.847324e-03	6.199125e+00
1.848000e-05	1.265481e-02	6.490461e+00
1.849000e-05	-2.827229e-02	6.756519e+00
1.850000e-05	5.972100e-02	6.978700e+00
1.851000e-05	-7.045030e-03	7.273385e+00
1.852000e-05	-1.204146e-02	7.537197e+00
1.853000e-05	-2.522572e-02	7.852831e+00
1.854000e-05	3.345175e-02	8.095067e+00
1.855000e-05	3.191922e-02	8.338095e+00
1.856000e-05	-2.786721e-02	8.567673e+00
1.857000e-05	1.686683e-02	8.780251e+00
1.858000e-05	4.065642e-03	9.020806e+00
1.859000e-05	1.599314e-02	9.252915e+00
1.860000e-05	-5.158773e-03	9.465369e+00
1.861000e-05	-3.042929e-03	9.775972e+00
1.862000e-05	1.900537e-02	9.947648e+00
1.863000e-05	1.786630e-02	1.017262e+01
1.864000e-05	1.049342e-02	1.040120e+01
1.865000e-05	-1.750039e-02	1.059131e+01
1.866000e-05	1.448284e-02	1.080033e+01
1.867000e-05	1.367190e-02	1.101176e+01
1.868000e-05	8.998625e-03	1.120178e+01
1.869000e-05	-3.539600e-03	1.141141e+01
1.870000e-05	1.248146e-02	1.166339e+01
1.871000e-05	2.079876e-02	1.184391e+01
1.872000e-05	6.590771e-03	1.204286e+01
1.873000e-05	-1.275137e-03	1.218236e+01
1.874000e-05	3.208526e-03	1.237123e+01
1.875000e-05	2.011528e-02	1.255068e+01
1.876000e-05	9.329609e-03	1.270609e+01
1.877000e-05	4.236825e-03	1.291651e+01
1.878000e-05	6.849159e-03	1.307536e+01
1.879000e-05	2.154780e-02	1.320078e+01
1.880000e-05	1.146367e-02	1.335855e+01
1.881000e-05	2.983866e-03	1.351657e+01
1.882000e-05	3.863386e-03	1.364538e+01
1.883000e-05	1.712709e-02	1.378176e+01
1.884000e-05	1.548978e-02	1.391807e+01
1.885000e-05	7.836579e-03	1.408242e+01
1.886000e-05	8.240023e-03	1.423223e+01
1.887000e-05	1.653972e-02	1.430852e+01
1.888000e-05	1.698520e-02	1.445486e+01
1.889000e-05	7.293416e-03	1.451060e+01
1.890000e-05	1.088778e-02	1.463286e+01
1.891000e-05	1.687381e-02	1.472760e+01
1.892000e-05	2.041718e-02	1.481170e+01
1.893000e-05	1.183156e-02	1.486737e+01
1.894000e-05	1.145123e-02	1.494967e+01
1.895000e-05	1.606498e-02	1.500231e+01
1.896000e-05	1.950533e-02	1.511489e+01
1.897000e-05	1.500543e-02	1.514015e+01
1.898000e-05	1.278221e-02	1.520228e+01
1.899000e-05	2.035897e-02	1.522454e+01
1.900000e-05	2.169152e-02	1.525752e+01
1.901000e-05	1.760048e-02	1.533064e+01
1.902000e-05	1.450825e-02	1.541173e+01
1.903000e-05	2.203090e-02	1.538276e+01
1.904000e-05	2.405400e-02	1.544281e+01
1.905000e-05	2.087817e-02	1.543378e+01
1.906000e-05	1.798505e-02	1.544484e+01
1.907000e-05	2.349178e-02	1.542582e+01
1.908000e-05	2.706019e-02	1.546339e+01
1.909000e-05	2.457382e-02	1.546486e+01
1.910000e-05	2.325494e-02	1.545484e+01
1.911000e-05	2.745572e-02	1.540376e+01
1.912000e-05	3.407891e-02	1.542021e+01
1.913000e-05	3.137732e-02	1.536221e+01
1.914000e-05	2.959441e-02	1.535107e+01
1.915000e-05	3.150454e-02	1.529900e+01
1.916000e-05	3.702746e-02	1.522492e+01
1.917000e-05	3.615898e-02	1.519163e+01
1.918000e-05	3.524738e-02	1.514157e+01
1.919000e-05	3.898830e-02	1.509536e+01
1.920000e-05	4.402767e-02	1.499421e+01
1.921000e-05	4.641168e-02	1.493997e+01
1.922000e-05	4.431099e-02	1.486484e+01
1.923000e-05	4.768404e-02	1.475111e+01
1.924000e-05	5.354124e-02	1.467634e+01
1.925000e-05	5.663843e-02	1.457316e+01
1.926000e-05	5.674280e-02	1.450855e+01
1.927000e-05	5.782073e-02	1.441260e+01
1.928000e-05	6.230612e-02	1.425939e+01
1.929000e-05	6.283148e-02	1.418021e+01
1.930000e-05	6.195270e-02	1.401573e+01
1.931000e-05	5.999565e-02	1.392900e+01
1.932000e-05	6.293419e-02	1.379215e+01
1.933000e-05	6.028597e-02	1.364524e+01
1.934000e-05	5.710136e-02	1.351647e+01
1.935000e-05	5.211168e-02	1.335155e+01
1.936000e-05	5.252808e-02	1.321418e+01
1.937000e-05	5.010962e-02	1.305671e+01
1.938000e-05	4.597010e-02	1.288884e+01
1.939000e-05	4.183258e-02	1.275939e+01
1.940000e-05	4.123914e-02	1.253160e+01
1.941000e-05	3.903015e-02	1.243263e+01
1.942000e-05	3.467846e-02	1.223526e+01
1.943000e-05	3.056555e-02	1.203629e+01
1.944000e-05	2.915588e-02	1.186631e+01
1.945000e-05	2.823969e-02	1.168622e+01
1.946000e-05	2.463445e-02	1.146774e+01
1.947000e-05	2.258165e-02	1.126674e+01
1.948000e-05	2.134708e-02	1.102511e+01
1.949000e-05	2.082947e-02	1.085418e+01
1.950000e-05	1.823005e-02	1.066571e+01
1.951000e-05	1.521571e-02	1.043411e+01
1.952000e-05	1.484368e-02	1.017358e+01
1.953000e-05	1.454471e-02	1.001248e+01
1.954000e-05	1.219883e-02	9.730980e+00
1.955000e-05	1.119432e-02	9.527896e+00
1.956000e-05	9.758654e-03	9.319344e+00
1.957000e-05	1.048291e-02	9.057265e+00
1.958000e-05	8.296590e-03	8.814633e+00
1.959000e-05	6.676930e-03	8.604033e+00
1.960000e-05	5.407983e-03	8.362920e+00
1.961000e-05	6.508421e-03	8.129451e+00
1.962000e-05	5.638009e-03	7.925739e+00
1.963000e-05	3.965607e-03	7.624508e+00
1.964000e-05	3.734221e-03	7.360224e+00
1.965000e-05	3.827027e-03	7.076215e+00
1.966000e-05	4.082608e-03	6.824984e+00
1.967000e-05	2.356769e-03	6.542453e+00
1.968000e-05	1.505099e-03	6.330367e+00
1.969000e-05	2.481804e-03	6.076160e+00
1.970000e-05	1.576582e-03	5.774529e+00
1.971000e-05	8.617328e-04	5.538345e+00
1.972000e-05	2.439545e-05	5.244034e+00
1.973000e-05	6.248175e-04	4.927292e+00
1.974000e-05	6.781852e-04	4.634979e+00
1.975000e-05	2.892505e-04	4.368849e+00
1.976000e-05	-9.728267e-04	4.096155e+00
1.977000e-05	-5.698020e-04	3.801405e+00
1.978000e-05	-1.806822e-03	3.539768e+00
1.979000e-05	-1.908332e-03	3.243953e+00
1.980000e-05	-2.361251e-03	2.949769e+00
1.981000e-05	-2.914357e-03	2.717139e+00
1.982000e-05	-1.958942e-03	2.410876e+00
1.983000e-05	-3.418505e-03	2.098742e+00
1.984000e-05	-3.581231e-03	1.875662e+00
1.985000e-05	-4.376958e-03	1.519748e+00
1.986000e-05	-3.921367e-03	1.234608e+00
1.987000e-05	-4.649851e-03	9.077168e-01
1.988000e-05	-3.667897e-03	6.339564e-01
1.989000e-05	-3.791503e-03	3.313236e-01
1.990000e-05	-2.312881e-03	-6.492221e-03
1.991000e-05	3.789249e-03	-2.091513e-01
1.992000e-05	1.969242e-03	-4.693091e-01
1.993000e-05	-4.036188e-03	-7.570432e-01
1.994000e-05	-3.102660e-03	-1.008125e+00
1.995000e-05	-3.722480e-03	-1.281932e+00
1.996000e-05	-2.442040e-03	-1.568621e+00
1.997000e-05	5.438990e-03	-1.829676e+00
1.998000e-05	5.452464e-02	-2.009600e+00
1.999000e-05	5.478806e-02	-2.365970e+00
2.000000e-05	-6.500193e-02	-2.703537e+00
2.001000e-05	-4.541164e-02	-3.074884e+00
2.002000e-05	-3.714465e-02	-3.387542e+00
2.003000e-05	-2.814385e-02	-3.578622e+00
2.004000e-05	-3.345442e-02	-3.861308e+00
2.005000e-05	9.813252e-02	-4.031233e+00
2.006000e-05	-8.082581e-02	-4.282912e+00
2.007000e-05	5.561362e-02	-4.567672e+00
2.008000e-05	4.304594e-02	-4.840203e+00
2.009000e-05	-1.026429e-01	-5.117199e+00
2.010000e-05	5.815368e-02	-5.390285e+00
2.011000e-05	-1.145614e-01	-5.723493e+00
2.012000e-05	6.793124e-02	-5.976574e+00
2.013000e-05	-6.581438e-03	-6.220754e+00
2.014000e-05	-3.496158e-02	-6.557072e+00
2.015000e-05	6.587329e-02	-6.777645e+00
2.016000e-05	-7.469314e-02	-7.111016e+00
2.017000e-05	3.460919e-02	-7.337620e+00
2.018000e-05	-6.056318e-02	-7.628326e+00
2.019000e-05	9.993744e-03	-7.915434e+00
2.020000e-05	1.884754e-02	-8.127494e+00
2.021000e-05	-4.229630e-02	-8.358250e+00
2.022000e-05	5.003851e-02	-8.630733e+00
2.023000e-05	-6.989446e-02	-8.862989e+00
2.024000e-05	2.856564e-02	-9.094446e+00
2.025000e-05	-3.834303e-02	-9.334093e+00
2.026000e-05	4.749158e-03	-9.577125e+00
2.027000e-05	-3.550299e-03	-9.798601e+00
2.028000e-05	-1.751365e-02	-1.001081e+01
2.029000e-05	1.661828e-02	-1.025178e+01
2.030000e-05	-4.488352e-02	-1.045194e+01
2.031000e-05	1.530539e-02	-1.068334e+01
2.032000e-05	-4.272727e-02	-1.086289e+01
2.033000e-05	1.802347e-02	-1.109389e+01
2.034000e-05	-2.849608e-02	-1.128341e+01
2.035000e-05	6.709711e-03	-1.148456e+01
2.036000e-05	-1.769451e-02	-1.171449e+01
2.037000e-05	-7.374637e-03	-1.192452e+01
2.038000e-05	-1.622883e-02	-1.206504e+01
2.039000e-05	-2.039974e-02	-1.228494e+01
2.040000e-05	-4.377319e-03	-1.246439e+01
2.041000e-05	-2.150396e-02	-1.264229e+01
2.042000e-05	-7.388154e-04	-1.277125e+01
2.043000e-05	-2.410162e-02	-1.295760e+01
2.044000e-05	9.356990e-04	-1.306539e+01
2.045000e-05	-2.532924e-02	-1.327423e+01
2.046000e-05	-6.217376e-03	-1.339026e+01
2.047000e-05	-2.590414e-02	-1.352752e+01
2.048000e-05	-9.178188e-03	-1.372544e+01
2.049000e-05	-1.859798e-02	-1.384389e+01
2.050000e-05	-1.334893e-02	-1.395973e+01
2.051000e-05	-1.638117e-02	-1.408554e+01
2.052000e-05	-1.678787e-02	-1.422179e+01
2.053000e-05	-1.414557e-02	-1.431770e+01
2.054000e-05	-2.147962e-02	-1.446281e+01
2.055000e-05	-1.599123e-02	-1.455060e+01
2.056000e-05	-2.159513e-02	-1.465279e+01
2.057000e-05	-1.372831e-02	-1.471847e+01
2.058000e-05	-2.211507e-02	-1.481231e+01
2.059000e-05	-1.854435e-02	-1.490712e+01
2.060000e-05	-2.338332e-02	-1.496068e+01
2.061000e-05	-1.807043e-02	-1.501634e+01
2.062000e-05	-2.317395e-02	-1.510644e+01
2.063000e-05	-2.126975e-02	-1.520070e+01
2.064000e-05	-2.377431e-02	-1.524126e+01
2.065000e-05	-2.049824e-02	-1.527542e+01
2.066000e-05	-2.471941e-02	-1.530750e+01
2.067000e-05	-2.560743e-02	-1.537997e+01
2.068000e-05	-2.604987e-02	-1.538020e+01
2.069000e-05	-2.541578e-02	-1.543365e+01
2.070000e-05	-2.492311e-02	-1.542284e+01
2.071000e-05	-2.850159e-02	-1.542626e+01
2.072000e-05	-2.684132e-02	-1.542587e+01
2.073000e-05	-2.985712e-02	-1.544486e+01
2.074000e-05	-2.955758e-02	-1.545544e+01
2.075000e-05	-3.308807e-02	-1.546636e+01
2.076000e-05	-3.371256e-02	-1.542381e+01
2.077000e-05	-3.428765e-02	-1.542426e+01
2.078000e-05	-3.591831e-02	-1.537315e+01
2.079000e-05	-3.818217e-02	-1.538215e+01
2.080000e-05	-3.874443e-02	-1.534007e+01
2.081000e-05	-3.767655e-02	-1.527784e+01
2.082000e-05	-3.901780e-02	-1.527633e+01
2.083000e-05	-4.249247e-02	-1.520063e+01
2.084000e-05	-4.579011e-02	-1.515912e+01
2.085000e-05	-4.510650e-02	-1.505539e+01
2.086000e-05	-5.016864e-02	-1.501318e+01
2.087000e-05	-5.220425e-02	-1.491010e+01
2.088000e-05	-5.589982e-02	-1.485632e+01
2.089000e-05	-5.428456e-02	-1.477955e+01
2.090000e-05	-5.481412e-02	-1.471684e+01
2.091000e-05	-5.931167e-02	-1.458323e+01
2.092000e-05	-6.356297e-02	-1.448829e+01
2.093000e-05	-6.529504e-02	-1.439418e+01
2.094000e-05	-6.967799e-02	-1.427584e+01
2.095000e-05	-7.120926e-02	-1.417158e+01
2.096000e-05	-7.114210e-02	-1.405428e+01
2.097000e-05	-6.740786e-02	-1.387787e+01
2.098000e-05	-6.554189e-02	-1.373205e+01
2.099000e-05	-6.215977e-02	-1.363568e+01
2.100000e-05	-6.155109e-02	-1.346779e+01
2.101000e-05	-6.109586e-02	-1.334908e+01
2.102000e-05	-6.061335e-02	-1.319260e+01
2.103000e-05	-5.878173e-02	-1.305624e+01
2.104000e-05	-5.497197e-02	-1.290684e+01
2.105000e-05	-4.985575e-02	-1.274985e+01
2.106000e-05	-4.531948e-02	-1.256055e+01
2.107000e-05	-4.159705e-02	-1.240296e+01
2.108000e-05	-4.086680e-02	-1.222474e+01
2.109000e-05	-3.822036e-02	-1.206519e+01
2.110000e-05	-3.782377e-02	-1.183522e+01
2.111000e-05	-3.651119e-02	-1.164667e+01
2.112000e-05	-3.484577e-02	-1.138363e+01
2.113000e-05	-3.111653e-02	-1.123261e+01
2.114000e-05	-2.787542e-02	-1.097046e+01
2.115000e-05	-2.530588e-02	-1.077255e+01
2.116000e-05	-2.458594e-02	-1.060211e+01
2.117000e-05	-2.312304e-02	-1.043298e+01
2.118000e-05	-2.234197e-02	-1.019150e+01
2.119000e-05	-2.240928e-02	-9.929897e+00
2.120000e-05	-2.169280e-02	-9.727896e+00
2.121000e-05	-2.066938e-02	-9.487826e+00
2.122000e-05	-1.808435e-02	-9.276265e+00
2.123000e-05	-1.635547e-02	-9.056237e+00
2.124000e-05	-1.520033e-02	-8.815133e+00
2.125000e-05	-1.563470e-02	-8.582133e+00
2.126000e-05	-1.482471e-02	-8.350371e+00
2.127000e-05	-1.458394e-02	-8.107365e+00
2.128000e-05	-1.439215e-02	-7.825189e+00
2.129000e-05	-1.410869e-02	-7.549925e+00
2.130000e-05	-1.293280e-02	-7.288817e+00
2.131000e-05	-1.080223e-02	-7.075608e+00
2.132000e-05	-9.931346e-03	-6.781954e+00
2.133000e-05	-1.054889e-02	-6.480247e+00
2.134000e-05	-1.061196e-02	-6.306688e+00
2.135000e-05	-1.107170e-02	-6.020504e+00
2.136000e-05	-1.040486e-02	-5.758895e+00
2.137000e-05	-1.106209e-02	-5.465589e+00
2.138000e-05	-9.720109e-03	-5.139874e+00
2.139000e-05	-8.049057e-03	-4.873639e+00
2.140000e-05	-6.298955e-03	-4.559819e+00
2.141000e-05	-7.314624e-03	-4.308743e+00
2.142000e-05	-7.946210e-03	-4.054685e+00
2.143000e-05	-7.775835e-03	-3.820301e+00
2.144000e-05	-7.686053e-03	-3.507738e+00
2.145000e-05	-7.845307e-03	-3.255562e+00
2.146000e-05	-7.118343e-03	-2.930218e+00
2.147000e-05	-5.539884e-03	-2.665963e+00
2.148000e-05	-4.234930e-03	-2.421430e+00
2.149000e-05	-4.670969e-03	-2.116062e+00
2.150000e-05	-5.624387e-03	-1.842906e+00
2.151000e-05	-5.613439e-03	-1.510190e+00
2.152000e-05	-5.365359e-03	-1.180926e+00
2.153000e-05	-4.851138e-03	-8.871156e-01
2.154000e-05	-4.708881e-03	-5.939552e-01
2.155000e-05	-3.385474e-03	-3.077682e-01
2.156000e-05	8.164240e-04	-5.351028e-02
2.157000e-05	8.769718e-03	2.506452e-01
2.158000e-05	8.591755e-04	5.023345e-01
2.159000e-05	2.154664e-03	7.475186e-01
2.160000e-05	-6.766047e-04	1.042228e+00
2.161000e-05	1.998301e-03	1.354466e+00
2.162000e-05	7.776200e-04	1.651357e+00
2.163000e-05	8.209706e-03	1.913839e+00
2.164000e-05	3.386548e-02	2.124392e+00
2.165000e-05	7.241784e-02	2.429700e+00
2.166000e-05	-2.088908e-02	2.769200e+00
2.167000e-05	-5.818476e-02	3.093886e+00
2.168000e-05	-3.668916e-02	3.386463e+00
2.169000e-05	1.008424e-03	3.608679e+00
2.170000e-05	-3.171441e-02	3.810301e+00
2.171000e-05	-2.407373e-02	4.000351e+00
2.172000e-05	7.456781e-02	4.344014e+00
2.173000e-05	-1.934224e-02	4.590206e+00
2.174000e-05	6.842993e-02	4.860404e+00
2.175000e-05	8.931236e-03	5.208249e+00
2.176000e-05	-6.273080e-02	5.453862e+00
2.177000e-05	4.297211e-02	5.747726e+00
2.178000e-05	-2.119178e-02	6.011807e+00
2.179000e-05	2.835950e-02	6.333932e+00
2.180000e-05	-2.216427e-02	6.597724e+00
2.181000e-05	1.113036e-02	6.861283e+00
2.182000e-05	4.788741e-02	7.115040e+00
2.183000e-05	-2.218081e-02	7.348200e+00
2.184000e-05	-1.219270e-02	7.630887e+00
2.185000e-05	-1.449966e-02	7.937518e+00
2.186000e-05	5.334375e-02	8.209178e+00
2.187000e-05	-4.349494e-04	8.391275e+00
2.188000e-05	-1.823033e-02	8.640306e+00
2.189000e-05	2.407327e-02	8.874409e+00
2.190000e-05	-5.451691e-04	9.106017e+00
2.191000e-05	1.857378e-02	9.328093e+00
2.192000e-05	-1.921126e-02	9.598650e+00
2.193000e-05	1.190994e-02	9.812254e+00
2.194000e-05	1.526762e-02	1.008234e+01
2.195000e-05	2.026690e-02	1.025336e+01
2.196000e-05	-3.485448e-03	1.046396e+01
2.197000e-05	-1.194900e-02	1.067554e+01
2.198000e-05	2.254698e-02	1.089442e+01
2.199000e-05	6.965063e-03	1.106389e+01
2.200000e-05	7.737955e-03	1.131648e+01
2.201000e-05	-5.714027e-03	1.151607e+01
2.202000e-05	2.338425e-02	1.177962e+01
2.203000e-05	1.436552e-02	1.190660e+01
2.204000e-05	5.206833e-03	1.208504e+01
2.205000e-05	-4.630537e-03	1.228547e+01
2.206000e-05	1.114211e-02	1.244287e+01
2.207000e-05	1.930712e-02	1.263333e+01
2.208000e-05	5.569921e-03	1.276870e+01
2.209000e-05	5.180630e-03	1.293868e+01
2.210000e-05	1.055270e-02	1.312802e+01
2.211000e-05	2.261592e-02	1.325439e+01
2.212000e-05	4.808163e-03	1.341176e+01
2.213000e-05	3.443880e-03	1.352967e+01
2.214000e-05	8.388525e-03	1.370599e+01
2.215000e-05	2.081320e-02	1.380326e+01
2.216000e-05	1.112103e-02	1.395020e+01
2.217000e-05	6.079045e-03	1.410809e+01
2.218000e-05	1.247625e-02	1.426343e+01
2.219000e-05	1.910134e-02	1.434110e+01
2.220000e-05	1.457863e-02	1.449506e+01
2.221000e-05	5.108539e-03	1.457062e+01
2.222000e-05	1.348532e-02	1.463441e+01
2.223000e-05	1.920474e-02	1.475863e+01
2.224000e-05	1.797320e-02	1.483531e+01
2.225000e-05	8.975560e-03	1.493745e+01
2.226000e-05	1.308550e-02	1.499315e+01
2.227000e-05	1.953355e-02	1.505336e+01
2.228000e-05	1.883071e-02	1.511655e+01
2.229000e-05	1.161590e-02	1.518028e+01
2.230000e-05	1.437326e-02	1.521328e+01
2.231000e-05	2.255081e-02	1.527447e+01
2.232000e-05	2.165074e-02	1.530707e+01
2.233000e-05	1.504317e-02	1.535176e+01
2.234000e-05	1.624986e-02	1.541276e+01
2.235000e-05	2.415136e-02	1.539331e+01
2.236000e-05	2.454290e-02	1.543379e+01
2.237000e-05	1.919672e-02	1.545379e+01
2.238000e-05	2.004141e-02	1.544591e+01
2.239000e-05	2.498046e-02	1.547436e+01
2.240000e-05	2.732136e-02	1.545444e+01
2.241000e-05	2.348808e-02	1.546541e+01
2.242000e-05	2.415578e-02	1.544439e+01
2.243000e-05	3.082260e-02	1.541424e+01
2.244000e-05	3.391542e-02	1.540165e+01
2.245000e-05	3.026376e-02	1.534968e+01
2.246000e-05	2.871248e-02	1.532057e+01
2.247000e-05	3.373983e-02	1.528855e+01
2.248000e-05	3.753225e-02	1.523334e+01
2.249000e-05	3.718399e-02	1.517063e+01
2.250000e-05	3.554851e-02	1.512899e+01
2.251000e-05	4.048914e-02	1.504429e+01
2.252000e-05	4.520975e-02	1.497163e+01
2.253000e-05	4.508703e-02	1.489842e+01
2.254000e-05	4.500894e-02	1.483431e+01
2.255000e-05	4.881236e-02	1.473063e+01
2.256000e-05	5.509295e-02	1.465424e+01
2.257000e-05	5.723290e-02	1.456113e+01
2.258000e-05	5.618889e-02	1.442735e+01
2.259000e-05	5.938128e-02	1.436105e+01
2.260000e-05	6.222133e-02	1.427575e+01
2.261000e-05	6.396246e-02	1.412782e+01
2.262000e-05	5.932487e-02	1.399318e+01
2.263000e-05	6.071603e-02	1.388584e+01
2.264000e-05	6.135150e-02	1.373092e+01
2.265000e-05	6.002218e-02	1.360411e+01
2.266000e-05	5.419316e-02	1.343731e+01
2.267000e-05	5.256605e-02	1.331837e+01
2.268000e-05	5.137199e-02	1.314950e+01
2.269000e-05	5.029257e-02	1.299411e+01
2.270000e-05	4.321653e-02	1.286419e+01
2.271000e-05	4.106111e-02	1.268729e+01
2.272000e-05	3.990873e-02	1.248934e+01
2.273000e-05	3.814087e-02	1.236135e+01
2.274000e-05	3.311999e-02	1.220055e+01
2.275000e-05	3.018907e-02	1.195253e+01
2.276000e-05	2.943449e-02	1.178305e+01
2.277000e-05	2.768729e-02	1.160211e+01
2.278000e-05	2.442508e-02	1.141216e+01
2.279000e-05	2.078915e-02	1.117293e+01
2.280000e-05	2.030358e-02	1.095253e+01
2.281000e-05	2.119274e-02	1.075355e+01
2.282000e-05	1.842512e-02	1.059208e+01
2.283000e-05	1.467497e-02	1.034938e+01
2.284000e-05	1.427118e-02	1.014835e+01
2.285000e-05	1.501551e-02	9.948267e+00
2.286000e-05	1.288991e-02	9.637190e+00
2.287000e-05	9.881351e-03	9.444684e+00
2.288000e-05	8.928781e-03	9.194058e+00
2.289000e-05	1.019169e-02	9.012082e+00
2.290000e-05	9.046963e-03	8.759872e+00
2.291000e-05	5.853012e-03	8.538844e+00
2.292000e-05	6.389361e-03	8.296690e+00
2.293000e-05	6.811012e-03	8.042667e+00
2.294000e-05	6.009341e-03	7.772980e+00
2.295000e-05	3.450216e-03	7.549372e+00
2.296000e-05	3.228793e-03	7.235583e+00
2.297000e-05	3.723694e-03	7.011481e+00
2.298000e-05	3.281728e-03	6.739847e+00
2.299000e-05	1.218844e-03	6.445162e+00
2.300000e-05	1.966543e-03	6.234507e+00
2.301000e-05	1.952322e-03	5.970423e+00
2.302000e-05	2.167841e-03	5.697588e+00
2.303000e-05	-1.452094e-05	5.424058e+00
2.304000e-05	-4.505439e-04	5.079294e+00
2.305000e-05	1.678261e-04	4.811925e+00
2.306000e-05	1.285673e-03	4.547717e+00
2.307000e-05	-9.351685e-04	4.224058e+00
2.308000e-05	-1.274841e-03	3.949446e+00
2.309000e-05	-5.339449e-04	3.674640e+00
2.310000e-05	-1.418789e-03	3.404009e+00
2.311000e-05	-2.872765e-03	3.116792e+00
2.312000e-05	-3.258176e-03	2.875083e+00
2.313000e-05	-3.011606e-03	2.592281e+00
2.314000e-05	-2.659115e-03	2.285588e+00
2.315000e-05	-3.109244e-03	2.033003e+00
2.316000e-05	-4.302215e-03	1.778268e+00
2.317000e-05	-3.123425e-03	1.442533e+00
2.318000e-05	-4.221778e-03	1.118695e+00
2.319000e-05	-4.731041e-03	8.324512e-01
2.320000e-05	-4.958045e-03	5.486695e-01
2.321000e-05	-3.727738e-03	2.350319e-01
2.322000e-05	-1.250171e-03	-2.965270e-02
2.323000e-05	5.666071e-03	-3.144057e-01
2.324000e-05	-2.425352e-03	-5.669397e-01
2.325000e-05	-1.933817e-03	-8.212064e-01
2.326000e-05	-4.950838e-03	-1.123313e+00
2.327000e-05	-1.823284e-03	-1.448775e+00
2.328000e-05	-3.336410e-03	-1.630283e+00
2.329000e-05	1.701506e-02	-1.913889e+00
2.330000e-05	7.771750e-02	-2.122982e+00
2.331000e-05	4.955763e-03	-2.489360e+00
2.332000e-05	-6.959772e-02	-2.860326e+00
2.333000e-05	-4.253097e-02	-3.209596e+00
2.334000e-05	-2.752443e-02	-3.411257e+00
2.335000e-05	-4.617790e-02	-3.702433e+00
2.336000e-05	2.234946e-02	-3.935867e+00
2.337000e-05	6.270359e-02	-4.124886e+00
2.338000e-05	-9.176543e-02	-4.339576e+00
2.339000e-05	1.314805e-01	-4.651357e+00
2.340000e-05	-6.243176e-02	-4.923491e+00
2.341000e-05	-2.464713e-02	-5.252458e+00
2.342000e-05	5.137745e-03	-5.545967e+00
2.343000e-05	-8.625481e-02	-5.811779e+00
2.344000e-05	1.043690e-01	-6.063308e+00
2.345000e-05	-7.312262e-02	-6.347018e+00
2.346000e-05	4.294450e-02	-6.621754e+00
2.347000e-05	4.602465e-03	-6.852880e+00
2.348000e-05	-4.764561e-02	-7.189205e+00
2.349000e-05	2.691591e-02	-7.431182e+00
2.350000e-05	-7.530926e-02	-7.717067e+00
2.351000e-05	5.806648e-02	-7.980700e+00
2.352000e-05	-3.768712e-02	-8.211726e+00
2.353000e-05	1.185888e-02	-8.492940e+00
2.354000e-05	6.762202e-03	-8.713995e+00
2.355000e-05	-5.049559e-02	-8.979172e+00
2.356000e-05	3.242511e-02	-9.209126e+00
2.357000e-05	-5.630866e-02	-9.409803e+00
2.358000e-05	3.536902e-02	-9.642782e+00
2.359000e-05	-4.080101e-02	-9.851886e+00
2.360000e-05	2.174044e-02	-1.008451e+01
2.361000e-05	-2.114322e-02	-1.029652e+01
2.362000e-05	-1.325338e-02	-1.056505e+01
2.363000e-05	-7.314787e-03	-1.068657e+01
2.364000e-05	-2.701729e-02	-1.096615e+01
2.365000e-05	1.259601e-02	-1.114857e+01
2.366000e-05	-3.188490e-02	-1.135713e+01
2.367000e-05	1.207330e-02	-1.158910e+01
2.368000e-05	-2.891453e-02	-1.175978e+01
2.369000e-05	7.146514e-03	-1.197122e+01
2.370000e-05	-3.113200e-02	-1.216962e+01
2.371000e-05	-2.331395e-03	-1.234762e+01
2.372000e-05	-2.050575e-02	-1.249599e+01
2.373000e-05	-5.852448e-03	-1.268552e+01
2.374000e-05	-1.429267e-02	-1.287289e+01
2.375000e-05	-1.445268e-02	-1.301133e+01
2.376000e-05	-8.595597e-03	-1.316765e+01
2.377000e-05	-2.096626e-02	-1.328804e+01
2.378000e-05	-7.433705e-03	-1.347386e+01
2.379000e-05	-2.586345e-02	-1.359030e+01
2.380000e-05	-6.302546e-03	-1.375857e+01
2.381000e-05	-2.278802e-02	-1.386597e+01
2.382000e-05	-8.150220e-03	-1.401226e+01
2.383000e-05	-2.311735e-02	-1.410860e+01
2.384000e-05	-1.204164e-02	-1.426489e+01
2.385000e-05	-2.016529e-02	-1.436771e+01
2.386000e-05	-1.601346e-02	-1.449797e+01
2.387000e-05	-1.937952e-02	-1.458023e+01
2.388000e-05	-1.922816e-02	-1.468547e+01
2.389000e-05	-1.609002e-02	-1.475820e+01
2.390000e-05	-2.069333e-02	-1.482526e+01
2.391000e-05	-1.966859e-02	-1.493913e+01
2.392000e-05	-2.312884e-02	-1.495178e+01
2.393000e-05	-1.943581e-02	-1.507492e+01
2.394000e-05	-2.286055e-02	-1.512805e+01
2.395000e-05	-2.081224e-02	-1.519016e+01
2.396000e-05	-2.461029e-02	-1.525279e+01
2.397000e-05	-2.096315e-02	-1.528642e+01
2.398000e-05	-2.591204e-02	-1.531857e+01
2.399000e-05	-2.346868e-02	-1.537065e+01
2.400000e-05	-2.802502e-02	-1.541121e+01
2.401000e-05	-2.480463e-02	-1.543378e+01
2.402000e-05	-2.622569e-02	-1.543334e+01
2.403000e-05	-2.769396e-02	-1.545379e+01
2.404000e-05	-2.903816e-02	-1.548332e+01
2.405000e-05	-2.979115e-02	-1.543584e+01
2.406000e-05	-2.991416e-02	-1.547739e+01
2.407000e-05	-3.231846e-02	-1.544331e+01
2.408000e-05	-3.189496e-02	-1.544379e+01
2.409000e-05	-3.449812e-02	-1.541421e+01
2.410000e-05	-3.583185e-02	-1.539420e+01
2.411000e-05	-3.821083e-02	-1.537160e+01
2.412000e-05	-3.848900e-02	-1.532655e+01
2.413000e-05	-3.993991e-02	-1.527789e+01
2.414000e-05	-4.087969e-02	-1.522421e+01
2.415000e-05	-4.266826e-02	-1.518115e+01
2.416000e-05	-4.470767e-02	-1.507897e+01
2.417000e-05	-4.683598e-02	-1.505319e+01
2.418000e-05	-4.960711e-02	-1.498168e+01
2.419000e-05	-5.173694e-02	-1.492850e+01
2.420000e-05	-5.428282e-02	-1.483378e+01
2.421000e-05	-5.705404e-02	-1.477002e+01
2.422000e-05	-5.931319e-02	-1.467531e+01
2.423000e-05	-6.131139e-02	-1.455261e+01
2.424000e-05	-6.458903e-02	-1.447521e+01
2.425000e-05	-6.676863e-02	-1.434055e+01
2.426000e-05	-6.819797e-02	-1.425271e+01
2.427000e-05	-6.833630e-02	-1.411000e+01
2.428000e-05	-6.788908e-02	-1.395211e+01
2.429000e-05	-6.823306e-02	-1.385779e+01
2.430000e-05	-6.805133e-02	-1.368842e+01
2.431000e-05	-6.480689e-02	-1.357200e+01
2.432000e-05	-6.350252e-02	-1.345521e+01
2.433000e-05	-6.070498e-02	-1.328637e+01
2.434000e-05	-5.819766e-02	-1.312092e+01
2.435000e-05	-5.408948e-02	-1.297060e+01
2.436000e-05	-4.829309e-02	-1.283466e+01
2.437000e-05	-4.759434e-02	-1.265622e+01
2.438000e-05	-4.585777e-02	-1.248840e+01
2.439000e-05	-4.478467e-02	-1.235989e+01
2.440000e-05	-4.211405e-02	-1.213050e+01
2.441000e-05	-4.160033e-02	-1.198251e+01
2.442000e-05	-3.767182e-02	-1.178153e+01
2.443000e-05	-3.377337e-02	-1.154985e+01
2.444000e-05	-2.769915e-02	-1.136845e+01
2.445000e-05	-2.760421e-02	-1.110887e+01
2.446000e-05	-2.817981e-02	-1.090934e+01
2.447000e-05	-2.683115e-02	-1.073890e+01
2.448000e-05	-2.731164e-02	-1.053929e+01
2.449000e-05	-2.552850e-02	-1.030572e+01
2.450000e-05	-2.461081e-02	-1.006724e+01
2.451000e-05	-2.020570e-02	-9.885187e+00
2.452000e-05	-1.735913e-02	-9.676235e+00
2.453000e-05	-1.617459e-02	-9.414037e+00
2.454000e-05	-1.919619e-02	-9.191980e+00
2.455000e-05	-1.714318e-02	-8.961873e+00
2.456000e-05	-1.913028e-02	-8.778324e+00
2.457000e-05	-1.629671e-02	-8.476293e+00
2.458000e-05	-1.722161e-02	-8.254158e+00
2.459000e-05	-1.440330e-02	-7.954960e+00
2.460000e-05	-1.168680e-02	-7.719274e+00
2.461000e-05	-1.037061e-02	-7.447136e+00
2.462000e-05	-1.016217e-02	-7.223526e+00
2.463000e-05	-1.413379e-02	-6.899474e+00
2.464000e-05	-1.156358e-02	-6.716663e+00
2.465000e-05	-1.206161e-02	-6.473535e+00
2.466000e-05	-9.982175e-03	-6.171904e+00
2.467000e-05	-1.263532e-02	-5.928743e+00
2.468000e-05	-8.190796e-03	-5.625087e+00
2.469000e-05	-7.096417e-03	-5.359823e+00
2.470000e-05	-6.712020e-03	-5.035635e+00
2.471000e-05	-8.666948e-03	-4.698747e+00
2.472000e-05	-7.829972e-03	-4.436034e+00
2.473000e-05	-8.024304e-03	-4.233983e+00
2.474000e-05	-8.213365e-03	-4.009924e+00
2.475000e-05	-7.837838e-03	-3.647010e+00
2.476000e-05	-8.739043e-03	-3.410979e+00
2.477000e-05	-5.201808e-03	-3.129147e+00
2.478000e-05	-5.322722e-03	-2.802453e+00
2.479000e-05	-4.415811e-03	-2.580272e+00
2.480000e-05	-4.833022e-03	-2.267042e+00
2.481000e-05	-5.476792e-03	-1.960326e+00
2.482000e-05	-5.519097e-03	-1.722614e+00
2.483000e-05	-6.281901e-03	-1.391778e+00
2.484000e-05	-5.657457e-03	-1.075087e+00
2.485000e-05	-5.029345e-03	-7.934023e-01
2.486000e-05	-2.780066e-03	-5.260879e-01
2.487000e-05	-1.269384e-03	-2.640565e-01
2.488000e-05	4.427680e-03	6.227771e-02
2.489000e-05	7.808111e-03	3.274897e-01
2.490000e-05	4.641048e-04	5.775725e-01
2.491000e-05	1.111404e-03	8.507303e-01
2.492000e-05	-2.063351e-03	1.127570e+00
2.493000e-05	2.910485e-03	1.440224e+00
2.494000e-05	1.438112e-03	1.746494e+00
2.495000e-05	1.593056e-02	1.978025e+00
2.496000e-05	5.284649e-02	2.230203e+00
2.497000e-05	5.335148e-02	2.557175e+00
2.498000e-05	-4.948812e-02	2.926514e+00
2.499000e-05	-4.758311e-02	3.189597e+00
2.500000e-05	-2.475932e-02	3.450881e+00
2.501000e-05	-2.832477e-03	3.684359e+00
2.502000e-05	-4.578764e-02	3.913866e+00
2.503000e-05	2.057786e-02	4.155511e+00
2.504000e-05	5.573192e-02	4.438379e+00
2.505000e-05	-2.343969e-02	4.674940e+00
2.506000e-05	9.803365e-02	4.968723e+00
2.507000e-05	-6.047486e-02	5.336049e+00
2.508000e-05	-7.875152e-03	5.599097e+00
2.509000e-05	2.091485e-02	5.862837e+00
2.510000e-05	-1.173107e-02	6.096066e+00
2.511000e-05	2.925770e-02	6.378677e+00
2.512000e-05	-3.727250e-02	6.686964e+00
2.513000e-05	4.892465e-02	6.945618e+00
2.514000e-05	1.447515e-02	7.178177e+00
2.515000e-05	-1.731190e-02	7.454416e+00
2.516000e-05	-2.247916e-02	7.737071e+00
2.517000e-05	1.258922e-02	8.021430e+00
2.518000e-05	4.916097e-02	8.313917e+00
2.519000e-05	-2.261516e-02	8.514991e+00
2.520000e-05	3.479231e-03	8.704970e+00
2.521000e-05	1.425963e-02	8.968652e+00
2.522000e-05	7.317174e-03	9.181176e+00
2.523000e-05	6.456326e-03	9.450834e+00
2.524000e-05	-1.576421e-02	9.671387e+00
2.525000e-05	1.857589e-02	9.904516e+00
2.526000e-05	1.624940e-02	1.010709e+01
2.527000e-05	1.875422e-02	1.028659e+01
2.528000e-05	-1.376854e-02	1.051710e+01
2.529000e-05	4.023569e-03	1.078915e+01
2.530000e-05	1.989717e-02	1.095865e+01
2.531000e-05	6.467569e-03	1.115667e+01
2.532000e-05	3.631785e-04	1.138925e+01
2.533000e-05	-6.049450e-05	1.158030e+01
2.534000e-05	2.623210e-02	1.180178e+01
2.535000e-05	8.063038e-03	1.201980e+01
2.536000e-05	3.062470e-03	1.215963e+01
2.537000e-05	-2.254317e-03	1.237720e+01
2.538000e-05	1.923934e-02	1.251802e+01
2.539000e-05	1.591960e-02	1.265442e+01
2.540000e-05	4.472335e-03	1.287338e+01
2.541000e-05	4.958255e-03	1.304278e+01
2.542000e-05	1.632311e-02	1.316020e+01
2.543000e-05	1.717798e-02	1.327797e+01
2.544000e-05	2.534149e-03	1.349341e+01
2.545000e-05	3.767361e-03	1.360220e+01
2.546000e-05	1.550019e-02	1.368868e+01
2.547000e-05	2.027336e-02	1.390557e+01
2.548000e-05	9.307746e-03	1.399183e+01
2.549000e-05	7.678913e-03	1.416970e+01
2.550000e-05	1.494842e-02	1.431812e+01
2.551000e-05	1.822116e-02	1.440228e+01
2.552000e-05	8.824120e-03	1.452450e+01
2.553000e-05	8.848861e-03	1.458378e+01
2.554000e-05	1.526154e-02	1.470594e+01
2.555000e-05	2.084860e-02	1.481128e+01
2.556000e-05	1.467902e-02	1.487491e+01
2.557000e-05	1.106633e-02	1.489804e+01
2.558000e-05	1.496740e-02	1.500381e+01
2.559000e-05	1.968771e-02	1.504449e+01
2.560000e-05	1.650258e-02	1.513002e+01
2.561000e-05	1.211441e-02	1.519118e+01
2.562000e-05	1.729095e-02	1.523534e+01
2.563000e-05	2.141835e-02	1.527597e+01
2.564000e-05	2.102792e-02	1.530805e+01
2.565000e-05	1.458147e-02	1.533920e+01
2.566000e-05	1.893736e-02	1.540231e+01
2.567000e-05	2.403762e-02	1.542379e+01
2.568000e-05	2.374994e-02	1.543429e+01
2.569000e-05	1.901549e-02	1.548536e+01
2.570000e-05	2.066428e-02	1.545594e+01
2.571000e-05	2.667558e-02	1.544534e+01
2.572000e-05	2.646712e-02	1.544489e+01
2.573000e-05	2.312868e-02	1.545539e+01
2.574000e-05	2.384329e-02	1.540433e+01
2.575000e-05	3.288333e-02	1.538323e+01
2.576000e-05	3.323840e-02	1.538170e+01
2.577000e-05	3.061730e-02	1.532115e+01
2.578000e-05	3.005495e-02	1.531902e+01
2.579000e-05	3.550102e-02	1.521492e+01
2.580000e-05	3.736261e-02	1.516326e+01
2.581000e-05	3.549999e-02	1.513015e+01
2.582000e-05	3.599116e-02	1.507644e+01
2.583000e-05	4.115552e-02	1.501468e+01
2.584000e-05	4.629849e-02	1.491055e+01
2.585000e-05	4.430972e-02	1.487739e+01
2.586000e-05	4.685223e-02	1.483361e+01
2.587000e-05	5.170387e-02	1.472792e+01
2.588000e-05	5.724169e-02	1.467568e+01
2.589000e-05	5.691275e-02	1.452953e+01
2.590000e-05	5.705213e-02	1.439484e+01
2.591000e-05	6.015598e-02	1.434949e+01
2.592000e-05	6.204574e-02	1.421423e+01
2.593000e-05	6.188837e-02	1.407676e+01
2.594000e-05	5.887345e-02	1.393110e+01
2.595000e-05	6.143689e-02	1.382423e+01
2.596000e-05	6.085850e-02	1.366784e+01
2.597000e-05	6.001940e-02	1.352992e+01
2.598000e-05	5.394195e-02	1.337315e+01
2.599000e-05	5.291307e-02	1.324473e+01
2.600000e-05	5.002905e-02	1.310739e+01
2.601000e-05	4.771648e-02	1.293050e+01
2.602000e-05	4.150640e-02	1.274205e+01
2.603000e-05	4.029876e-02	1.261523e+01
2.604000e-05	3.882768e-02	1.244534e+01
2.605000e-05	3.702944e-02	1.229523e+01
2.606000e-05	3.222040e-02	1.208785e+01
2.607000e-05	2.907826e-02	1.190829e+01
2.608000e-05	2.828038e-02	1.172954e+01
2.609000e-05	2.683644e-02	1.151892e+01
2.610000e-05	2.407663e-02	1.130874e+01
2.611000e-05	2.143996e-02	1.108779e+01
2.612000e-05	2.072815e-02	1.087781e+01
2.613000e-05	1.926514e-02	1.071737e+01
2.614000e-05	1.681632e-02	1.048787e+01
2.615000e-05	1.466114e-02	1.023772e+01
2.616000e-05	1.447099e-02	1.007569e+01
2.617000e-05	1.410125e-02	9.844162e+00
2.618000e-05	1.258339e-02	9.601456e+00
2.619000e-05	1.070144e-02	9.349552e+00
2.620000e-05	1.056059e-02	9.129298e+00
2.621000e-05	9.439175e-03	8.927791e+00
2.622000e-05	7.577672e-03	8.654666e+00
2.623000e-05	6.469677e-03	8.436157e+00
2.624000e-05	6.463328e-03	8.223980e+00
2.625000e-05	5.796872e-03	7.949297e+00
2.626000e-05	5.413631e-03	7.697243e+00
2.627000e-05	4.185175e-03	7.424589e+00
2.628000e-05	4.085400e-03	7.150871e+00
2.629000e-05	3.369023e-03	6.930271e+00
2.630000e-05	2.542113e-03	6.673533e+00
2.631000e-05	1.782847e-03	6.372897e+00
2.632000e-05	1.502548e-03	6.147823e+00
2.633000e-05	1.978222e-03	5.907618e+00
2.634000e-05	1.504137e-03	5.614475e+00
2.635000e-05	1.053942e-03	5.308346e+00
2.636000e-05	-7.358144e-04	4.982305e+00
2.637000e-05	3.465767e-04	4.707685e+00
2.638000e-05	-5.140649e-04	4.403509e+00
2.639000e-05	-8.824172e-04	4.149776e+00
2.640000e-05	-1.346851e-03	3.875510e+00
2.641000e-05	-1.965464e-03	3.570504e+00
2.642000e-05	-1.647540e-03	3.356718e+00
2.643000e-05	-2.710969e-03	3.023433e+00
2.644000e-05	-3.384868e-03	2.780397e+00
2.645000e-05	-2.640207e-03	2.494583e+00
2.646000e-05	-3.764448e-03	2.190851e+00
2.647000e-05	-3.075723e-03	1.899242e+00
2.648000e-05	-3.736445e-03	1.623101e+00
2.649000e-05	-3.556472e-03	1.296718e+00
2.650000e-05	-4.408487e-03	9.822550e-01
2.651000e-05	-4.446674e-03	6.767906e-01
2.652000e-05	-3.919200e-03	4.329339e-01
2.653000e-05	-3.088564e-03	1.592446e-01
2.654000e-05	2.483641e-04	-1.364682e-01
2.655000e-05	3.210038e-03	-4.079961e-01
2.656000e-05	-3.341879e-03	-6.933116e-01
2.657000e-05	-2.302323e-03	-9.449133e-01
2.658000e-05	-5.711808e-03	-1.208124e+00
2.659000e-05	-1.967231e-03	-1.503841e+00
2.660000e-05	1.448942e-03	-1.726442e+00
2.661000e-05	3.550000e-02	-1.977997e+00
2.662000e-05	7.564385e-02	-2.250200e+00
2.663000e-05	-4.357607e-02	-2.628230e+00
2.664000e-05	-5.440071e-02	-2.986200e+00
2.665000e-05	-4.215636e-02	-3.304388e+00
2.666000e-05	-2.486296e-02	-3.535918e+00
2.667000e-05	-5.193051e-02	-3.799098e+00
2.668000e-05	8.179376e-02	-3.980049e+00
2.669000e-05	-2.343104e-02	-4.209750e+00
2.670000e-05	-1.575082e-02	-4.503440e+00
2.671000e-05	1.167152e-01	-4.766420e+00
2.672000e-05	-1.200769e-01	-5.080432e+00
2.673000e-05	4.801231e-02	-5.346049e+00
2.674000e-05	-8.006875e-02	-5.628754e+00
2.675000e-05	3.260992e-03	-5.946467e+00
2.676000e-05	5.808091e-02	-6.145496e+00
2.677000e-05	-7.371611e-02	-6.461906e+00
2.678000e-05	8.049586e-02	-6.704966e+00
2.679000e-05	-5.855577e-02	-6.997654e+00
2.680000e-05	5.245595e-03	-7.295017e+00
2.681000e-05	-2.347546e-02	-7.535574e+00
2.682000e-05	-3.550958e-02	-7.823280e+00
2.683000e-05	5.465110e-02	-8.053414e+00
2.684000e-05	-5.814128e-02	-8.335969e+00
2.685000e-05	5.259657e-02	-8.566624e+00
2.686000e-05	-5.022749e-02	-8.811275e+00
2.687000e-05	-1.167585e-03	-9.053782e+00
2.688000e-05	-7.399789e-03	-9.261257e+00
2.689000e-05	-2.671329e-02	-9.514494e+00
2.690000e-05	2.458286e-02	-9.717468e+00
2.691000e-05	-3.952568e-02	-9.946195e+00
2.692000e-05	3.393436e-02	-1.015023e+01
2.693000e-05	-4.737753e-02	-1.043025e+01
2.694000e-05	1.326036e-02	-1.063178e+01
2.695000e-05	-3.615815e-02	-1.082928e+01
2.696000e-05	4.324664e-03	-1.103083e+01
2.697000e-05	-1.486640e-02	-1.118081e+01
2.698000e-05	-9.523448e-03	-1.145336e+01
2.699000e-05	-1.796543e-03	-1.165183e+01
2.700000e-05	-1.940559e-02	-1.188241e+01
2.701000e-05	-2.749396e-03	-1.207383e+01
2.702000e-05	-3.131970e-02	-1.222333e+01
2.703000e-05	2.917387e-03	-1.239265e+01
2.704000e-05	-2.680928e-02	-1.259073e+01
2.705000e-05	4.077428e-04	-1.279912e+01
2.706000e-05	-2.570229e-02	-1.287502e+01
2.707000e-05	-1.134447e-03	-1.303434e+01
2.708000e-05	-2.070203e-02	-1.321178e+01
2.709000e-05	-1.109967e-02	-1.335965e+01
2.710000e-05	-1.919348e-02	-1.351699e+01
2.711000e-05	-1.608043e-02	-1.368389e+01
2.712000e-05	-1.157884e-02	-1.382075e+01
2.713000e-05	-1.992713e-02	-1.394757e+01
2.714000e-05	-1.165486e-02	-1.406542e+01
2.715000e-05	-2.253337e-02	-1.418175e+01
2.716000e-05	-1.086671e-02	-1.429549e+01
2.717000e-05	-2.444541e-02	-1.441383e+01
2.718000e-05	-1.492776e-02	-1.452750e+01
2.719000e-05	-2.237017e-02	-1.460271e+01
2.720000e-05	-1.334889e-02	-1.467747e+01
2.721000e-05	-2.106764e-02	-1.479176e+01
2.722000e-05	-1.899665e-02	-1.488444e+01
2.723000e-05	-2.198043e-02	-1.494015e+01
2.724000e-05	-1.971430e-02	-1.501331e+01
2.725000e-05	-2.302969e-02	-1.508699e+01
2.726000e-05	-2.228410e-02	-1.516808e+01
2.727000e-05	-2.225079e-02	-1.521126e+01
2.728000e-05	-2.165036e-02	-1.525636e+01
2.729000e-05	-2.228075e-02	-1.532794e+01
2.730000e-05	-2.674686e-02	-1.533860e+01
2.731000e-05	-2.405553e-02	-1.537168e+01
2.732000e-05	-2.595889e-02	-1.538225e+01
2.733000e-05	-2.409259e-02	-1.540434e+01
2.734000e-05	-2.837863e-02	-1.546438e+01
2.735000e-05	-2.681115e-02	-1.549586e+01
2.736000e-05	-2.934597e-02	-1.548681e+01
2.737000e-05	-2.964239e-02	-1.545494e+01
2.738000e-05	-3.234711e-02	-1.544533e+01
2.739000e-05	-3.213517e-02	-1.546476e+01
2.740000e-05	-3.247452e-02	-1.541279e+01
2.741000e-05	-3.397556e-02	-1.541323e+01
2.742000e-05	-3.706723e-02	-1.539160e+01
2.743000e-05	-3.794871e-02	-1.535155e+01
2.744000e-05	-3.860562e-02	-1.529949e+01
2.745000e-05	-3.986531e-02	-1.527529e+01
2.746000e-05	-4.245817e-02	-1.521216e+01
2.747000e-05	-4.341631e-02	-1.513847e+01
2.748000e-05	-4.444710e-02	-1.509387e+01
2.749000e-05	-4.636735e-02	-1.502326e+01
2.750000e-05	-5.043343e-02	-1.495163e+01
2.751000e-05	-5.305935e-02	-1.486732e+01
2.752000e-05	-5.435154e-02	-1.477321e+01
2.753000e-05	-5.742040e-02	-1.472694e+01
2.754000e-05	-6.047093e-02	-1.459416e+01
2.755000e-05	-6.321204e-02	-1.453747e+01
2.756000e-05	-6.432287e-02	-1.445318e+01
2.757000e-05	-6.659311e-02	-1.427839e+01
2.758000e-05	-6.888699e-02	-1.421213e+01
2.759000e-05	-6.869943e-02	-1.404645e+01
2.760000e-05	-6.818357e-02	-1.396895e+01
2.761000e-05	-6.674083e-02	-1.380168e+01
2.762000e-05	-6.651026e-02	-1.366574e+01
2.763000e-05	-6.482743e-02	-1.353795e+01
2.764000e-05	-6.170962e-02	-1.338118e+01
2.765000e-05	-5.906668e-02	-1.321518e+01
2.766000e-05	-5.682178e-02	-1.307732e+01
2.767000e-05	-5.410551e-02	-1.290999e+01
2.768000e-05	-4.982962e-02	-1.277260e+01
2.769000e-05	-4.668055e-02	-1.262368e+01
2.770000e-05	-4.463519e-02	-1.244523e+01
2.771000e-05	-4.344309e-02	-1.225624e+01
2.772000e-05	-3.981593e-02	-1.209729e+01
2.773000e-05	-3.776308e-02	-1.189729e+01
2.774000e-05	-3.587779e-02	-1.169879e+01
2.775000e-05	-3.473832e-02	-1.147824e+01
2.776000e-05	-3.095685e-02	-1.122517e+01
2.777000e-05	-2.806695e-02	-1.103563e+01
2.778000e-05	-2.816779e-02	-1.083514e+01
2.779000e-05	-2.657703e-02	-1.064516e+01
2.780000e-05	-2.514678e-02	-1.045461e+01
2.781000e-05	-2.278621e-02	-1.018308e+01
2.782000e-05	-2.225719e-02	-9.982004e+00
2.783000e-05	-2.234882e-02	-9.780874e+00
2.784000e-05	-1.824071e-02	-9.581021e+00
2.785000e-05	-1.880616e-02	-9.300327e+00
2.786000e-05	-1.787854e-02	-9.106841e+00
2.787000e-05	-1.880475e-02	-8.887193e+00
2.788000e-05	-1.829143e-02	-8.705712e+00
2.789000e-05	-1.578353e-02	-8.372550e+00
2.790000e-05	-1.387205e-02	-8.181427e+00
2.791000e-05	-1.325501e-02	-7.908269e+00
2.792000e-05	-1.085869e-02	-7.624606e+00
2.793000e-05	-1.131018e-02	-7.382451e+00
2.794000e-05	-1.208269e-02	-7.088869e+00
2.795000e-05	-1.324323e-02	-6.874585e+00
2.796000e-05	-1.344109e-02	-6.603479e+00
2.797000e-05	-1.186752e-02	-6.359470e+00
2.798000e-05	-1.011027e-02	-6.076663e+00
2.799000e-05	-9.039279e-03	-5.792559e+00
2.800000e-05	-8.628610e-03	-5.567822e+00
2.801000e-05	-7.073700e-03	-5.264507e+00
2.802000e-05	-8.040205e-03	-4.948697e+00
2.803000e-05	-8.471193e-03	-4.633454e+00
2.804000e-05	-8.930992e-03	-4.400952e+00
2.805000e-05	-7.327892e-03	-4.128745e+00
2.806000e-05	-7.884064e-03	-3.855586e+00
2.807000e-05	-7.595162e-03	-3.570399e+00
2.808000e-05	-7.108846e-03	-3.317617e+00
2.809000e-05	-5.690760e-03	-2.992506e+00
2.810000e-05	-4.555912e-03	-2.718266e+00
2.811000e-05	-5.616947e-03	-2.433485e+00
2.812000e-05	-4.801090e-03	-2.130800e+00
2.813000e-05	-5.509318e-03	-1.887640e+00
2.814000e-05	-4.507656e-03	-1.652975e+00
2.815000e-05	-6.084262e-03	-1.267558e+00
2.816000e-05	-4.347633e-03	-9.909236e-01
2.817000e-05	-4.547611e-03	-6.871406e-01
2.818000e-05	-1.480084e-03	-4.008761e-01
2.819000e-05	-1.066941e-03	-1.171430e-01
2.820000e-05	6.902494e-03	1.869647e-01
2.821000e-05	3.745352e-03	4.191540e-01
2.822000e-05	1.378038e-03	6.818817e-01
2.823000e-05	8.623880e-04	9.656184e-01
2.824000e-05	-2.155398e-04	1.271732e+00
2.825000e-05	2.331033e-03	1.535594e+00
2.826000e-05	5.207281e-03	1.820154e+00
2.827000e-05	2.517514e-02	2.072233e+00
2.828000e-05	6.953412e-02	2.313940e+00
2.829000e-05	1.066143e-02	2.695445e+00
2.830000e-05	-5.955374e-02	3.059249e+00
2.831000e-05	-4.022723e-02	3.251933e+00
2.832000e-05	-8.837794e-03	3.567049e+00
2.833000e-05	-1.890745e-02	3.759123e+00
2.834000e-05	-4.225206e-02	3.958545e+00
2.835000e-05	6.243292e-02	4.230284e+00
2.836000e-05	7.248682e-03	4.567121e+00
2.837000e-05	2.493516e-02	4.777676e+00
2.838000e-05	6.232084e-02	5.155043e+00
2.839000e-05	-8.131001e-02	5.440779e+00
2.840000e-05	3.187341e-02	5.701436e+00
2.841000e-05	-1.061861e-02	5.948724e+00
2.842000e-05	1.450249e-02	6.210227e+00
2.843000e-05	2.511894e-03	6.504009e+00
2.844000e-05	-1.928547e-02	6.768700e+00
2.845000e-05	5.871787e-02	7.012279e+00
2.846000e-05	-1.419292e-02	7.305012e+00
2.847000e-05	-1.123917e-02	7.550620e+00
2.848000e-05	-2.551256e-02	7.842937e+00
2.849000e-05	3.968831e-02	8.136070e+00
2.850000e-05	2.284617e-02	8.367594e+00
2.851000e-05	-2.650315e-02	8.640125e+00
2.852000e-05	2.051871e-02	8.842205e+00
2.853000e-05	5.947868e-04	9.044386e+00
2.854000e-05	1.786337e-02	9.245516e+00
2.855000e-05	-1.035634e-02	9.495044e+00
2.856000e-05	1.017266e-03	9.768623e+00
2.857000e-05	1.713033e-02	9.978276e+00
2.858000e-05	1.899610e-02	1.019163e+01
2.859000e-05	7.692429e-03	1.040131e+01
2.860000e-05	-1.655399e-02	1.062193e+01
2.861000e-05	1.703949e-02	1.082379e+01
2.862000e-05	1.091541e-02	1.100236e+01
2.863000e-05	9.645285e-03	1.122238e+01
2.864000e-05	-5.091196e-03	1.148329e+01
2.865000e-05	1.504102e-02	1.168394e+01
2.866000e-05	1.802274e-02	1.183344e+01
2.867000e-05	8.217595e-03	1.205291e+01
2.868000e-05	-1.938783e-03	1.224186e+01
2.869000e-05	5.035999e-03	1.242088e+01
2.870000e-05	2.108057e-02	1.259023e+01
2.871000e-05	8.862858e-03	1.270659e+01
2.872000e-05	6.334212e-03	1.290859e+01
2.873000e-05	6.633852e-03	1.310454e+01
2.874000e-05	2.208405e-02	1.321231e+01
2.875000e-05	9.402088e-03	1.337023e+01
2.876000e-05	3.740016e-03	1.351652e+01
2.877000e-05	4.506653e-03	1.368597e+01
2.878000e-05	1.905334e-02	1.378081e+01
2.879000e-05	1.562196e-02	1.390965e+01
2.880000e-05	7.669301e-03	1.404549e+01
2.881000e-05	1.058834e-02	1.424228e+01
2.882000e-05	1.773438e-02	1.433810e+01
2.883000e-05	1.774114e-02	1.444478e+01
2.884000e-05	7.152508e-03	1.450765e+01
2.885000e-05	1.178702e-02	1.464386e+01
2.886000e-05	1.758351e-02	1.473764e+01
2.887000e-05	2.013141e-02	1.479431e+01
2.888000e-05	1.182333e-02	1.486642e+01
2.889000e-05	1.169113e-02	1.495118e+01
2.890000e-05	1.808765e-02	1.503376e+01
2.891000e-05	2.057114e-02	1.509455e+01
2.892000e-05	1.439706e-02	1.515907e+01
2.893000e-05	1.312193e-02	1.519386e+01
2.894000e-05	2.104864e-02	1.524534e+01
2.895000e-05	2.213774e-02	1.529702e+01
2.896000e-05	1.709807e-02	1.536973e+01
2.897000e-05	1.420245e-02	1.538220e+01
2.898000e-05	2.250285e-02	1.541276e+01
2.899000e-05	2.492408e-02	1.539326e+01
2.900000e-05	2.136745e-02	1.543389e+01
2.901000e-05	1.918541e-02	1.545484e+01
2.902000e-05	2.372741e-02	1.546534e+01
2.903000e-05	2.732859e-02	1.548489e+01
2.904000e-05	2.497545e-02	1.543441e+01
2.905000e-05	2.283638e-02	1.544336e+01
2.906000e-05	2.720784e-02	1.543328e+01
2.907000e-05	3.252985e-02	1.542173e+01
2.908000e-05	3.103761e-02	1.536068e+01
2.909000e-05	2.933562e-02	1.532955e+01
2.910000e-05	3.196072e-02	1.528599e+01
2.911000e-05	3.666655e-02	1.526592e+01
2.912000e-05	3.750161e-02	1.521131e+01
2.913000e-05	3.580729e-02	1.511897e+01
2.914000e-05	3.915095e-02	1.507484e+01
2.915000e-05	4.356523e-02	1.498319e+01
2.916000e-05	4.494646e-02	1.491945e+01
2.917000e-05	4.403786e-02	1.486584e+01
2.918000e-05	4.623808e-02	1.480358e+01
2.919000e-05	5.279228e-02	1.469634e+01
2.920000e-05	5.645010e-02	1.459213e+01
2.921000e-05	5.704529e-02	1.445852e+01
2.922000e-05	5.822822e-02	1.440261e+01
2.923000e-05	6.192957e-02	1.430679e+01
2.924000e-05	6.208334e-02	1.414102e+01
2.925000e-05	6.079825e-02	1.403373e+01
2.926000e-05	6.076938e-02	1.385700e+01
2.927000e-05	6.218159e-02	1.378211e+01
2.928000e-05	5.976222e-02	1.362629e+01
2.929000e-05	5.635637e-02	1.347727e+01
2.930000e-05	5.267359e-02	1.336157e+01
2.931000e-05	5.258317e-02	1.319313e+01
2.932000e-05	5.027784e-02	1.301466e+01
2.933000e-05	4.589268e-02	1.288684e+01
2.934000e-05	4.285298e-02	1.274034e+01
2.935000e-05	4.076976e-02	1.254910e+01
2.936000e-05	3.823890e-02	1.238308e+01
2.937000e-05	3.412881e-02	1.223566e+01
2.938000e-05	3.062489e-02	1.201522e+01
2.939000e-05	2.972638e-02	1.185719e+01
2.940000e-05	2.777142e-02	1.163564e+01
2.941000e-05	2.527472e-02	1.143569e+01
2.942000e-05	2.277428e-02	1.120354e+01
2.943000e-05	2.208822e-02	1.102318e+01
2.944000e-05	2.072315e-02	1.085419e+01
2.945000e-05	1.847156e-02	1.065429e+01
2.946000e-05	1.554383e-02	1.041263e+01
2.947000e-05	1.523018e-02	1.019158e+01
2.948000e-05	1.531894e-02	9.983003e+00
2.949000e-05	1.324911e-02	9.719470e+00
2.950000e-05	1.115850e-02	9.499718e+00
2.951000e-05	1.103367e-02	9.276266e+00
2.952000e-05	1.069677e-02	9.086663e+00
2.953000e-05	9.885406e-03	8.801976e+00
2.954000e-05	6.415231e-03	8.564004e+00
2.955000e-05	6.982150e-03	8.360501e+00
2.956000e-05	6.659645e-03	8.167817e+00
2.957000e-05	5.853638e-03	7.866135e+00
2.958000e-05	3.541166e-03	7.592527e+00
2.959000e-05	4.036845e-03	7.330748e+00
2.960000e-05	4.193348e-03	7.124736e+00
2.961000e-05	4.032111e-03	6.794057e+00
2.962000e-05	2.277552e-03	6.551452e+00
2.963000e-05	1.675156e-03	6.277742e+00
2.964000e-05	2.428518e-03	6.014580e+00
2.965000e-05	1.930865e-03	5.772851e+00
2.966000e-05	6.994937e-04	5.497690e+00
2.967000e-05	-1.200023e-03	5.212556e+00
2.968000e-05	4.867023e-04	4.894112e+00
2.969000e-05	9.530918e-04	4.600454e+00
2.970000e-05	-1.378355e-03	4.308845e+00
2.971000e-05	-1.949515e-03	4.035037e+00
2.972000e-05	-8.689948e-04	3.750350e+00
2.973000e-05	-1.265455e-03	3.486144e+00
2.974000e-05	-2.420830e-03	3.260924e+00
2.975000e-05	-4.024032e-03	2.948792e+00
2.976000e-05	-3.357799e-03	2.636216e+00
2.977000e-05	-3.021053e-03	2.319846e+00
2.978000e-05	-3.761706e-03	2.085614e+00
2.979000e-05	-4.568076e-03	1.802951e+00
2.980000e-05	-4.197963e-03	1.546719e+00
2.981000e-05	-3.776819e-03	1.171957e+00
2.982000e-05	-4.410611e-03	8.751154e-01
2.983000e-05	-5.161324e-03	5.923763e-01
2.984000e-05	-4.182387e-03	3.567183e-01
2.985000e-05	-2.212733e-03	2.354153e-03
2.986000e-05	4.291965e-03	-2.221801e-01
2.987000e-05	-1.777369e-03	-4.919320e-01
2.988000e-05	-3.063318e-03	-7.580162e-01
2.989000e-05	-4.051945e-03	-1.010229e+00
2.990000e-05	-3.322025e-03	-1.343482e+00
2.991000e-05	-3.411187e-03	-1.617651e+00
2.992000e-05	9.570457e-03	-1.861254e+00
2.993000e-05	6.256573e-02	-2.060753e+00
2.994000e-05	4.113041e-02	-2.416671e+00
2.995000e-05	-6.917134e-02	-2.766021e+00
2.996000e-05	-4.316429e-02	-3.116038e+00
2.997000e-05	-3.417885e-02	-3.407103e+00
2.998000e-05	-3.240392e-02	-3.610201e+00
2.999000e-05	-2.004537e-02	-3.883864e+00
3.000000e-05	9.568949e-02	-4.052805e+00
3.001000e-05	-9.261555e-02	-4.313337e+00
3.002000e-05	8.081423e-02	-4.587653e+00
3.003000e-05	1.118598e-02	-4.859755e+00
3.004000e-05	-8.297221e-02	-5.187203e+00
3.005000e-05	5.014496e-02	-5.452809e+00
3.006000e-05	-1.137067e-01	-5.756570e+00
3.007000e-05	8.418571e-02	-6.000651e+00
3.008000e-05	-2.937818e-02	-6.280332e+00
3.009000e-05	-1.189057e-02	-6.577099e+00
3.010000e-05	5.347237e-02	-6.808296e+00
3.011000e-05	-7.036594e-02	-7.105563e+00
3.012000e-05	3.701906e-02	-7.408676e+00
3.013000e-05	-6.862970e-02	-7.628755e+00
3.014000e-05	2.682393e-02	-7.907120e+00
3.015000e-05	3.509420e-03	-8.176999e+00
3.016000e-05	-2.777376e-02	-8.380828e+00
3.017000e-05	4.239093e-02	-8.643786e+00
3.018000e-05	-6.813957e-02	-8.924916e+00
3.019000e-05	3.449929e-02	-9.127043e+00
3.020000e-05	-5.013777e-02	-9.338671e+00
3.021000e-05	1.636380e-02	-9.597777e+00
3.022000e-05	-1.583060e-02	-9.820229e+00
3.023000e-05	-3.357570e-03	-1.004278e+01
3.024000e-05	7.543413e-03	-1.025186e+01
3.025000e-05	-3.749483e-02	-1.050342e+01
3.026000e-05	1.102952e-02	-1.066439e+01
3.027000e-05	-4.156858e-02	-1.084551e+01
3.028000e-05	1.864199e-02	-1.108396e+01
3.029000e-05	-3.437492e-02	-1.129499e+01
3.030000e-05	1.071880e-02	-1.148652e+01
3.031000e-05	-2.253155e-02	-1.170610e+01
3.032000e-05	-9.357202e-05	-1.191760e+01
3.033000e-05	-2.303603e-02	-1.211701e+01
3.034000e-05	-1.419198e-02	-1.225591e+01
3.035000e-05	-9.795565e-03	-1.241439e+01
3.036000e-05	-1.682446e-02	-1.264391e+01
3.037000e-05	-5.348741e-03	-1.278128e+01
3.038000e-05	-2.358620e-02	-1.297963e+01
3.039000e-05	-1.264470e-03	-1.309712e+01
3.040000e-05	-2.582708e-02	-1.326597e+01
3.041000e-05	-5.744836e-03	-1.343228e+01
3.042000e-05	-2.808080e-02	-1.355865e+01
3.043000e-05	-6.136580e-03	-1.368600e+01
3.044000e-05	-2.085135e-02	-1.384231e+01
3.045000e-05	-1.115526e-02	-1.396970e+01
3.046000e-05	-2.032401e-02	-1.408559e+01
3.047000e-05	-1.531176e-02	-1.422286e+01
3.048000e-05	-1.751584e-02	-1.436819e+01
3.049000e-05	-2.139708e-02	-1.449389e+01
3.050000e-05	-1.762225e-02	-1.456013e+01
3.051000e-05	-2.071024e-02	-1.464438e+01
3.052000e-05	-1.371210e-02	-1.473855e+01
3.053000e-05	-2.219510e-02	-1.484436e+01
3.054000e-05	-1.810816e-02	-1.492747e+01
3.055000e-05	-2.378078e-02	-1.498073e+01
3.056000e-05	-1.876244e-02	-1.505429e+01
3.057000e-05	-2.398444e-02	-1.509547e+01
3.058000e-05	-2.100071e-02	-1.515073e+01
3.059000e-05	-2.466025e-02	-1.523323e+01
3.060000e-05	-1.962014e-02	-1.527487e+01
3.061000e-05	-2.478118e-02	-1.533652e+01
3.062000e-05	-2.473100e-02	-1.538967e+01
3.063000e-05	-2.500499e-02	-1.540173e+01
3.064000e-05	-2.476422e-02	-1.543273e+01
3.065000e-05	-2.484446e-02	-1.540236e+01
3.066000e-05	-2.797166e-02	-1.547533e+01
3.067000e-05	-2.819271e-02	-1.545584e+01
3.068000e-05	-3.009128e-02	-1.543544e+01
3.069000e-05	-2.944859e-02	-1.543434e+01
3.070000e-05	-3.263885e-02	-1.543589e+01
3.071000e-05	-3.134836e-02	-1.542379e+01
3.072000e-05	-3.363942e-02	-1.545278e+01
3.073000e-05	-3.330207e-02	-1.539273e+01
3.074000e-05	-3.675740e-02	-1.536170e+01
3.075000e-05	-3.868649e-02	-1.533805e+01
3.076000e-05	-4.005840e-02	-1.530587e+01
3.077000e-05	-3.992830e-02	-1.527526e+01
3.078000e-05	-4.291353e-02	-1.521158e+01
3.079000e-05	-4.406062e-02	-1.512747e+01
3.080000e-05	-4.606544e-02	-1.505392e+01
3.081000e-05	-4.674620e-02	-1.501373e+01
3.082000e-05	-5.075461e-02	-1.494960e+01
3.083000e-05	-5.379436e-02	-1.484484e+01
3.084000e-05	-5.586090e-02	-1.476947e+01
3.085000e-05	-5.807244e-02	-1.466742e+01
3.086000e-05	-6.143359e-02	-1.459011e+01
3.087000e-05	-6.394759e-02	-1.447582e+01
3.088000e-05	-6.568496e-02	-1.438016e+01
3.089000e-05	-6.797064e-02	-1.428631e+01
3.090000e-05	-6.859752e-02	-1.416105e+01
3.091000e-05	-6.878332e-02	-1.398206e+01
3.092000e-05	-6.822456e-02	-1.386634e+01
3.093000e-05	-6.670921e-02	-1.374150e+01
3.094000e-05	-6.557797e-02	-1.362318e+01
3.095000e-05	-6.250981e-02	-1.345577e+01
3.096000e-05	-6.132079e-02	-1.332905e+01
3.097000e-05	-5.802905e-02	-1.321156e+01
3.098000e-05	-5.536768e-02	-1.305461e+01
3.099000e-05	-5.308888e-02	-1.288779e+01
3.100000e-05	-5.027731e-02	-1.275692e+01
3.101000e-05	-4.661752e-02	-1.255145e+01
3.102000e-05	-4.398021e-02	-1.238065e+01
3.103000e-05	-4.163049e-02	-1.220311e+01
3.104000e-05	-4.031684e-02	-1.204161e+01
3.105000e-05	-3.738040e-02	-1.183371e+01
3.106000e-05	-3.493692e-02	-1.161364e+01
3.107000e-05	-3.237235e-02	-1.139341e+01
3.108000e-05	-3.140598e-02	-1.118190e+01
3.109000e-05	-2.898012e-02	-1.096988e+01
3.110000e-05	-2.742729e-02	-1.078095e+01
3.111000e-05	-2.566026e-02	-1.058153e+01
3.112000e-05	-2.465563e-02	-1.036303e+01
3.113000e-05	-2.266089e-02	-1.009882e+01
3.114000e-05	-2.131279e-02	-9.929319e+00
3.115000e-05	-2.001056e-02	-9.718368e+00
3.116000e-05	-1.958300e-02	-9.516743e+00
3.117000e-05	-1.913937e-02	-9.227105e+00
3.118000e-05	-1.804918e-02	-9.023460e+00
3.119000e-05	-1.663888e-02	-8.783995e+00
3.120000e-05	-1.633200e-02	-8.520976e+00
3.121000e-05	-1.548265e-02	-8.307715e+00
3.122000e-05	-1.347934e-02	-8.046763e+00
3.123000e-05	-1.241580e-02	-7.824085e+00
3.124000e-05	-1.292668e-02	-7.529317e+00
3.125000e-05	-1.288936e-02	-7.307263e+00
3.126000e-05	-1.294958e-02	-7.043610e+00
3.127000e-05	-1.132162e-02	-6.769420e+00
3.128000e-05	-1.167405e-02	-6.507815e+00
3.129000e-05	-9.825812e-03	-6.285109e+00
3.130000e-05	-9.929179e-03	-5.971376e+00
3.131000e-05	-8.110255e-03	-5.727267e+00
3.132000e-05	-9.304380e-03	-5.474085e+00
3.133000e-05	-9.450420e-03	-5.129268e+00
3.134000e-05	-1.034839e-02	-4.844457e+00
3.135000e-05	-4.489050e-03	-4.537792e+00
3.136000e-05	-9.741250e-03	-4.306217e+00
3.137000e-05	-7.172545e-03	-4.033959e+00
3.138000e-05	-9.556584e-03	-3.810720e+00
3.139000e-05	-5.241968e-03	-3.476638e+00
3.140000e-05	-5.138898e-03	-3.221379e+00
3.141000e-05	-5.328134e-03	-2.896116e+00
3.142000e-05	-4.320441e-03	-2.631379e+00
3.143000e-05	-4.106026e-03	-2.340373e+00
3.144000e-05	-4.968266e-03	-2.054983e+00
3.145000e-05	-7.126693e-03	-1.780800e+00
3.146000e-05	-6.790188e-03	-1.475166e+00
3.147000e-05	-4.871752e-03	-1.139898e+00
3.148000e-05	-1.702867e-03	-8.745630e-01
3.149000e-05	-1.719512e-03	-5.508224e-01
3.150000e-05	-9.597929e-04	-3.050907e-01
3.151000e-05	9.541930e-04	-5.357658e-02
3.152000e-05	7.967656e-03	2.738095e-01
3.153000e-05	-2.446912e-03	5.144670e-01
3.154000e-05	7.592669e-04	7.790997e-01
3.155000e-05	-1.267345e-03	1.062881e+00
3.156000e-05	3.456176e-03	1.335516e+00
3.157000e-05	2.521011e-03	1.634459e+00
3.158000e-05	1.120517e-02	1.924411e+00
3.159000e-05	3.918732e-02	2.176468e+00
3.160000e-05	6.773865e-02	2.509434e+00
3.161000e-05	-3.151509e-02	2.799280e+00
3.162000e-05	-5.781349e-02	3.093937e+00
3.163000e-05	-3.422812e-02	3.358247e+00
3.164000e-05	1.219005e-03	3.601733e+00
3.165000e-05	-3.432756e-02	3.841284e+00
3.166000e-05	-1.156530e-02	4.042256e+00
3.167000e-05	7.500428e-02	4.346146e+00
3.168000e-05	-2.704159e-02	4.662785e+00
3.169000e-05	8.278128e-02	4.852435e+00
3.170000e-05	-1.417396e-02	5.241409e+00
3.171000e-05	-4.975163e-02	5.526596e+00
3.172000e-05	3.794382e-02	5.821149e+00
3.173000e-05	-2.067402e-02	6.072834e+00
3.174000e-05	3.254491e-02	6.305490e+00
3.175000e-05	-3.049717e-02	6.587703e+00
3.176000e-05	2.268933e-02	6.853016e+00
3.177000e-05	3.915336e-02	7.146020e+00
3.178000e-05	-2.073211e-02	7.389731e+00
3.179000e-05	-1.609789e-02	7.726412e+00
3.180000e-05	-8.675811e-03	7.966644e+00
3.181000e-05	5.345479e-02	8.242152e+00
3.182000e-05	-7.880655e-03	8.451856e+00
3.183000e-05	-1.293076e-02	8.673310e+00
3.184000e-05	2.245292e-02	8.914966e+00
3.185000e-05	1.718283e-03	9.137621e+00
3.186000e-05	1.768741e-02	9.377621e+00
3.187000e-05	-1.967828e-02	9.601706e+00
3.188000e-05	1.344670e-02	9.832339e+00
3.189000e-05	1.501080e-02	1.007391e+01
3.190000e-05	2.150994e-02	1.025299e+01
3.191000e-05	-8.304439e-03	1.048447e+01
3.192000e-05	-8.014720e-03	1.067547e+01
3.193000e-05	2.314813e-02	1.090652e+01
3.194000e-05	7.831829e-03	1.112549e+01
3.195000e-05	6.316105e-03	1.135809e+01
3.196000e-05	-4.957733e-03	1.149812e+01
3.197000e-05	2.628135e-02	1.174815e+01
3.198000e-05	1.266213e-02	1.194612e+01
3.199000e-05	4.219467e-03	1.209805e+01
3.200000e-05	-5.529225e-03	1.229459e+01
3.201000e-05	1.418246e-02	1.246399e+01
3.202000e-05	1.828544e-02	1.263376e+01
3.203000e-05	4.434908e-03	1.281033e+01
3.204000e-05	6.418554e-03	1.298015e+01
3.205000e-05	1.429303e-02	1.313709e+01
3.206000e-05	2.227630e-02	1.331439e+01
3.207000e-05	4.527329e-03	1.338233e+01
3.208000e-05	3.517232e-03	1.360018e+01
3.209000e-05	1.108784e-02	1.369552e+01
3.210000e-05	2.023306e-02	1.382239e+01
3.211000e-05	1.043939e-02	1.397278e+01
3.212000e-05	5.861180e-03	1.408960e+01
3.213000e-05	1.524010e-02	1.425687e+01
3.214000e-05	1.979084e-02	1.438973e+01
3.215000e-05	1.337597e-02	1.448449e+01
3.216000e-05	6.216842e-03	1.458168e+01
3.217000e-05	1.551862e-02	1.466491e+01
3.218000e-05	1.932123e-02	1.479023e+01
3.219000e-05	1.766691e-02	1.483336e+01
3.220000e-05	8.738614e-03	1.491660e+01
3.221000e-05	1.335663e-02	1.498178e+01
3.222000e-05	1.964979e-02	1.503389e+01
3.223000e-05	1.791530e-02	1.508645e+01
3.224000e-05	1.269900e-02	1.515977e+01
3.225000e-05	1.515872e-02	1.521496e+01
3.226000e-05	2.224001e-02	1.527392e+01
3.227000e-05	2.169142e-02	1.530905e+01
3.228000e-05	1.547236e-02	1.533113e+01
3.229000e-05	1.548948e-02	1.540221e+01
3.230000e-05	2.226637e-02	1.540378e+01
3.231000e-05	2.442542e-02	1.541228e+01
3.232000e-05	1.936652e-02	1.540284e+01
3.233000e-05	1.896135e-02	1.546586e+01
3.234000e-05	2.497125e-02	1.543484e+01
3.235000e-05	2.750102e-02	1.547439e+01
3.236000e-05	2.453311e-02	1.542436e+01
3.237000e-05	2.347633e-02	1.541428e+01
3.238000e-05	2.981600e-02	1.538171e+01
3.239000e-05	3.346413e-02	1.535120e+01
3.240000e-05	2.994376e-02	1.535060e+01
3.241000e-05	2.820742e-02	1.528805e+01
3.242000e-05	3.354123e-02	1.524594e+01
3.243000e-05	3.773754e-02	1.521519e+01
3.244000e-05	3.675987e-02	1.518958e+01
3.245000e-05	3.635940e-02	1.512697e+01
3.246000e-05	3.999425e-02	1.505431e+01
3.247000e-05	4.521966e-02	1.497217e+01
3.248000e-05	4.480238e-02	1.488936e+01
3.249000e-05	4.485635e-02	1.484374e+01
3.250000e-05	4.902697e-02	1.473902e+01
3.251000e-05	5.527087e-02	1.465437e+01
3.252000e-05	5.652084e-02	1.458053e+01
3.253000e-05	5.682292e-02	1.443589e+01
3.254000e-05	5.980089e-02	1.434055e+01
3.255000e-05	6.357851e-02	1.421569e+01
3.256000e-05	6.400731e-02	1.408692e+01
3.257000e-05	6.036837e-02	1.396220e+01
3.258000e-05	6.019062e-02	1.387529e+01
3.259000e-05	6.055964e-02	1.371944e+01
3.260000e-05	6.012522e-02	1.355147e+01
3.261000e-05	5.452802e-02	1.341421e+01
3.262000e-05	5.285785e-02	1.329681e+01
3.263000e-05	5.089064e-02	1.310897e+01
3.264000e-05	5.021644e-02	1.298353e+01
3.265000e-05	4.453740e-02	1.281219e+01
3.266000e-05	4.169774e-02	1.267474e+01
3.267000e-05	3.953024e-02	1.248677e+01
3.268000e-05	3.876051e-02	1.230890e+01
3.269000e-05	3.369575e-02	1.214050e+01
3.270000e-05	2.969244e-02	1.197087e+01
3.271000e-05	2.864666e-02	1.177307e+01
3.272000e-05	2.784671e-02	1.157248e+01
3.273000e-05	2.523884e-02	1.136052e+01
3.274000e-05	2.212145e-02	1.119092e+01
3.275000e-05	2.166719e-02	1.094797e+01
3.276000e-05	2.061432e-02	1.072995e+01
3.277000e-05	1.898668e-02	1.053990e+01
3.278000e-05	1.534195e-02	1.035879e+01
3.279000e-05	1.468598e-02	1.013832e+01
3.280000e-05	1.421437e-02	9.906788e+00
3.281000e-05	1.340952e-02	9.625585e+00
3.282000e-05	1.073998e-02	9.402983e+00
3.283000e-05	1.040949e-02	9.183078e+00
3.284000e-05	9.287764e-03	8.961476e+00
3.285000e-05	9.104378e-03	8.751797e+00
3.286000e-05	6.891881e-03	8.468370e+00
3.287000e-05	6.503865e-03	8.286763e+00
3.288000e-05	5.393776e-03	8.043533e+00
3.289000e-05	5.960898e-03	7.770474e+00
3.290000e-05	4.572136e-03	7.495268e+00
3.291000e-05	3.093925e-03	7.234033e+00
3.292000e-05	3.124475e-03	6.970925e+00
3.293000e-05	2.636048e-03	6.719819e+00
3.294000e-05	2.694502e-03	6.464562e+00
3.295000e-05	2.226225e-03	6.160403e+00
3.296000e-05	1.324291e-03	5.929774e+00
3.297000e-05	2.026693e-03	5.666634e+00
3.298000e-05	6.089730e-04	5.372526e+00
3.299000e-05	4.491199e-05	5.065615e+00
3.300000e-05	-1.200457e-03	4.729896e+00
3.301000e-05	-4.634397e-04	4.485737e+00
3.302000e-05	-1.470320e-03	4.292981e+00
3.303000e-05	-1.673859e-03	3.908296e+00
3.304000e-05	-2.408849e-03	3.663538e+00
3.305000e-05	-2.038913e-03	3.411326e+00
3.306000e-05	-2.436778e-03	3.108242e+00
3.307000e-05	-3.109081e-03	2.844059e+00
3.308000e-05	-4.115518e-03	2.559741e+00
3.309000e-05	-4.381431e-03	2.262532e+00
3.310000e-05	-3.321750e-03	1.960875e+00
3.311000e-05	-3.576191e-03	1.716691e+00
3.312000e-05	-3.978120e-03	1.411875e+00
3.313000e-05	-4.885617e-03	1.078164e+00
3.314000e-05	-4.837224e-03	7.604259e-01
3.315000e-05	-3.996271e-03	4.961893e-01
3.316000e-05	-3.768141e-03	1.938813e-01
3.317000e-05	-1.626870e-03	-1.007828e-01
3.318000e-05	5.044291e-03	-3.364157e-01
3.319000e-05	-2.022515e-03	-6.296485e-01
3.320000e-05	-2.682266e-03	-9.013331e-01
3.321000e-05	-6.472842e-03	-1.114387e+00
3.322000e-05	-2.444109e-03	-1.461777e+00
3.323000e-05	-1.905130e-03	-1.702336e+00
3.324000e-05	2.208624e-02	-1.904967e+00
3.325000e-05	8.028815e-02	-2.174488e+00
3.326000e-05	-9.857290e-03	-2.515015e+00
3.327000e-05	-6.463778e-02	-2.882408e+00
3.328000e-05	-4.334658e-02	-3.239704e+00
3.329000e-05	-2.663590e-02	-3.471282e+00
3.330000e-05	-5.100309e-02	-3.715537e+00
3.331000e-05	4.267289e-02	-3.947472e+00
3.332000e-05	4.130772e-02	-4.145521e+00
3.333000e-05	-7.742092e-02	-4.410278e+00
3.334000e-05	1.391667e-01	-4.638813e+00
3.335000e-05	-8.637999e-02	-4.945691e+00
3.336000e-05	5.673965e-04	-5.274019e+00
3.337000e-05	-1.979924e-02	-5.566573e+00
3.338000e-05	-6.210070e-02	-5.853337e+00
3.339000e-05	9.915905e-02	-6.052363e+00
3.340000e-05	-7.848699e-02	-6.368126e+00
3.341000e-05	5.848360e-02	-6.653263e+00
3.342000e-05	-1.640045e-02	-6.904063e+00
3.343000e-05	-3.228787e-02	-7.220283e+00
3.344000e-05	1.473455e-02	-7.453334e+00
3.345000e-05	-6.735160e-02	-7.725170e+00
3.346000e-05	6.422395e-02	-8.019705e+00
3.347000e-05	-4.670423e-02	-8.232759e+00
3.348000e-05	2.683358e-02	-8.506992e+00
3.349000e-05	-1.135924e-02	-8.764471e+00
3.350000e-05	-3.795750e-02	-8.991754e+00
3.351000e-05	2.382815e-02	-9.228675e+00
3.352000e-05	-5.185869e-02	-9.462834e+00
3.353000e-05	3.616242e-02	-9.674411e+00
3.354000e-05	-4.371118e-02	-9.865416e+00
3.355000e-05	2.996568e-02	-1.013652e+01
3.356000e-05	-3.137313e-02	-1.030755e+01
3.357000e-05	-4.966298e-03	-1.055765e+01
3.358000e-05	-1.631408e-02	-1.072852e+01
3.359000e-05	-1.806842e-02	-1.096023e+01
3.360000e-05	4.481722e-03	-1.118970e+01
3.361000e-05	-2.845464e-02	-1.137913e+01
3.362000e-05	9.637380e-03	-1.156920e+01
3.363000e-05	-2.804640e-02	-1.182131e+01
3.364000e-05	5.072749e-03	-1.200276e+01
3.365000e-05	-3.439536e-02	-1.220070e+01
3.366000e-05	2.266483e-04	-1.237870e+01
3.367000e-05	-2.331387e-02	-1.252810e+01
3.368000e-05	-2.906634e-03	-1.271859e+01
3.369000e-05	-1.939565e-02	-1.287441e+01
3.370000e-05	-1.075871e-02	-1.305333e+01
3.371000e-05	-1.261074e-02	-1.316908e+01
3.372000e-05	-1.827759e-02	-1.327757e+01
3.373000e-05	-1.288597e-02	-1.345446e+01
3.374000e-05	-2.402935e-02	-1.361076e+01
3.375000e-05	-7.078944e-03	-1.372963e+01
3.376000e-05	-2.227160e-02	-1.389502e+01
3.377000e-05	-8.858252e-03	-1.402179e+01
3.378000e-05	-2.331731e-02	-1.413865e+01
3.379000e-05	-1.115179e-02	-1.427404e+01
3.380000e-05	-2.257347e-02	-1.438018e+01
3.381000e-05	-1.588911e-02	-1.449602e+01
3.382000e-05	-2.116280e-02	-1.462268e+01
3.383000e-05	-1.693814e-02	-1.468547e+01
3.384000e-05	-1.873468e-02	-1.477060e+01
3.385000e-05	-1.996621e-02	-1.481396e+01
3.386000e-05	-2.020435e-02	-1.494865e+01
3.387000e-05	-2.181373e-02	-1.500176e+01
3.388000e-05	-1.957288e-02	-1.507586e+01
3.389000e-05	-2.337934e-02	-1.513810e+01
3.390000e-05	-2.043047e-02	-1.519126e+01
3.391000e-05	-2.341722e-02	-1.523536e+01
3.392000e-05	-2.134001e-02	-1.527851e+01
3.393000e-05	-2.632626e-02	-1.534952e+01
3.394000e-05	-2.304814e-02	-1.540120e+01
3.395000e-05	-2.587368e-02	-1.537323e+01
3.396000e-05	-2.394090e-02	-1.542329e+01
3.397000e-05	-2.686761e-02	-1.542436e+01
3.398000e-05	-2.634976e-02	-1.547441e+01
3.399000e-05	-2.793731e-02	-1.548483e+01
3.400000e-05	-2.920192e-02	-1.545634e+01
3.401000e-05	-3.171044e-02	-1.546487e+01
3.402000e-05	-3.204716e-02	-1.545539e+01
3.403000e-05	-3.138944e-02	-1.543431e+01
3.404000e-05	-3.460130e-02	-1.542121e+01
3.405000e-05	-3.524556e-02	-1.542168e+01
3.406000e-05	-3.720053e-02	-1.533867e+01
3.407000e-05	-3.779115e-02	-1.532899e+01
3.408000e-05	-3.957926e-02	-1.528734e+01
3.409000e-05	-4.071766e-02	-1.522418e+01
3.410000e-05	-4.291293e-02	-1.519018e+01
3.411000e-05	-4.418578e-02	-1.511994e+01
3.412000e-05	-4.642761e-02	-1.502479e+01
3.413000e-05	-4.938957e-02	-1.497108e+01
3.414000e-05	-5.205774e-02	-1.490945e+01
3.415000e-05	-5.371599e-02	-1.481124e+01
3.416000e-05	-5.689358e-02	-1.473942e+01
3.417000e-05	-5.941361e-02	-1.466634e+01
3.418000e-05	-6.185272e-02	-1.453902e+01
3.419000e-05	-6.405640e-02	-1.439619e+01
3.420000e-05	-6.658727e-02	-1.432955e+01
3.421000e-05	-6.851684e-02	-1.423274e+01
3.422000e-05	-6.907533e-02	-1.408892e+01
3.423000e-05	-6.856686e-02	-1.398111e+01
3.424000e-05	-6.742364e-02	-1.383476e+01
3.425000e-05	-6.758448e-02	-1.367684e+01
3.426000e-05	-6.488817e-02	-1.355199e+01
3.427000e-05	-6.263353e-02	-1.341373e+01
3.428000e-05	-6.018211e-02	-1.326539e+01
3.429000e-05	-5.792860e-02	-1.312842e+01
3.430000e-05	-5.563157e-02	-1.299206e+01
3.431000e-05	-5.154443e-02	-1.283366e+01
3.432000e-05	-4.831758e-02	-1.264577e+01
3.433000e-05	-4.675239e-02	-1.246784e+01
3.434000e-05	-4.370927e-02	-1.233737e+01
3.435000e-05	-4.146364e-02	-1.216050e+01
3.436000e-05	-3.840913e-02	-1.196250e+01
3.437000e-05	-3.667381e-02	-1.174150e+01
3.438000e-05	-3.446901e-02	-1.154892e+01
3.439000e-05	-3.263501e-02	-1.133077e+01
3.440000e-05	-3.049150e-02	-1.107885e+01
3.441000e-05	-2.867029e-02	-1.086686e+01
3.442000e-05	-2.796716e-02	-1.070729e+01
3.443000e-05	-2.601420e-02	-1.045737e+01
3.444000e-05	-2.332202e-02	-1.029579e+01
3.445000e-05	-2.205805e-02	-1.003522e+01
3.446000e-05	-2.112643e-02	-9.825688e+00
3.447000e-05	-2.072629e-02	-9.623609e+00
3.448000e-05	-1.877209e-02	-9.424134e+00
3.449000e-05	-1.788665e-02	-9.170921e+00
3.450000e-05	-1.804298e-02	-8.950422e+00
3.451000e-05	-1.658245e-02	-8.757297e+00
3.452000e-05	-1.517446e-02	-8.435163e+00
3.453000e-05	-1.441286e-02	-8.244032e+00
3.454000e-05	-1.436398e-02	-7.963527e+00
3.455000e-05	-1.387413e-02	-7.740171e+00
3.456000e-05	-1.234591e-02	-7.474609e+00
3.457000e-05	-1.166225e-02	-7.172999e+00
3.458000e-05	-1.145834e-02	-6.908267e+00
3.459000e-05	-1.157899e-02	-6.635636e+00
3.460000e-05	-1.075589e-02	-6.432534e+00
3.461000e-05	-9.427228e-03	-6.151348e+00
3.462000e-05	-9.370662e-03	-5.917162e+00
3.463000e-05	-8.983650e-03	-5.620885e+00
3.464000e-05	-9.608823e-03	-5.307771e+00
3.465000e-05	-8.074009e-03	-5.033006e+00
3.466000e-05	-7.039164e-03	-4.677216e+00
3.467000e-05	-8.021362e-03	-4.473109e+00
3.468000e-05	-5.649649e-03	-4.192925e+00
3.469000e-05	-8.450814e-03	-3.928292e+00
3.470000e-05	-6.077338e-03	-3.664529e+00
3.471000e-05	-8.556620e-03	-3.370875e+00
3.472000e-05	-5.109273e-03	-3.108245e+00
3.473000e-05	-5.049574e-03	-2.811376e+00
3.474000e-05	-2.738076e-03	-2.487317e+00
3.475000e-05	-6.270796e-03	-2.205560e+00
3.476000e-05	-5.379333e-03	-1.969297e+00
3.477000e-05	-6.671318e-03	-1.685063e+00
3.478000e-05	-6.790203e-03	-1.360852e+00
3.479000e-05	-5.767882e-03	-1.014531e+00
3.480000e-05	-2.558013e-03	-8.102735e-01
3.481000e-05	8.893473e-04	-4.740366e-01
3.482000e-05	-9.515795e-04	-2.109514e-01
3.483000e-05	4.953296e-03	9.225407e-02
3.484000e-05	2.677881e-04	3.455198e-01
3.485000e-05	4.401288e-04	5.986028e-01
3.486000e-05	-8.352708e-04	8.622817e-01
3.487000e-05	2.148004e-03	1.168125e+00
3.488000e-05	2.596726e-03	1.489827e+00
3.489000e-05	7.979092e-03	1.766474e+00
3.490000e-05	1.658679e-02	1.997072e+00
3.491000e-05	5.859108e-02	2.281388e+00
3.492000e-05	3.666803e-02	2.589646e+00
3.493000e-05	-5.563119e-02	2.936493e+00
3.494000e-05	-4.787062e-02	3.198722e+00
3.495000e-05	-1.981778e-02	3.503358e+00
3.496000e-05	-3.693476e-03	3.745919e+00
3.497000e-05	-4.565737e-02	3.918365e+00
3.498000e-05	3.748932e-02	4.156545e+00
3.499000e-05	4.004434e-02	4.452384e+00
3.500000e-05	-1.424323e-02	4.724945e+00
3.501000e-05	8.957793e-02	5.037804e+00
3.502000e-05	-7.271198e-02	5.378123e+00
3.503000e-05	5.527114e-03	5.600275e+00
3.504000e-05	1.127460e-02	5.913991e+00
3.505000e-05	-3.896795e-03	6.137045e+00
3.506000e-05	2.400888e-02	6.419751e+00
3.507000e-05	-3.576427e-02	6.705039e+00
3.508000e-05	5.312590e-02	6.967069e+00
3.509000e-05	4.405778e-03	7.241326e+00
3.510000e-05	-1.629105e-02	7.524468e+00
3.511000e-05	-2.368965e-02	7.777750e+00
3.512000e-05	1.997207e-02	8.065365e+00
3.513000e-05	4.334655e-02	8.304963e+00
3.514000e-05	-2.700427e-02	8.516517e+00
3.515000e-05	9.764183e-03	8.767222e+00
3.516000e-05	9.275185e-03	9.010251e+00
3.517000e-05	1.134716e-02	9.201727e+00
3.518000e-05	2.669119e-03	9.453882e+00
3.519000e-05	-9.947857e-03	9.723965e+00
3.520000e-05	1.952901e-02	9.967515e+00
3.521000e-05	1.639200e-02	1.016704e+01
3.522000e-05	1.541268e-02	1.031615e+01
3.523000e-05	-1.653023e-02	1.057865e+01
3.524000e-05	7.884487e-03	1.077973e+01
3.525000e-05	1.735928e-02	1.098960e+01
3.526000e-05	9.450087e-03	1.118977e+01
3.527000e-05	3.606382e-05	1.137183e+01
3.528000e-05	7.207951e-03	1.163133e+01
3.529000e-05	2.393112e-02	1.179226e+01
3.530000e-05	9.120321e-03	1.201925e+01
3.531000e-05	7.520013e-04	1.216965e+01
3.532000e-05	-5.358698e-04	1.238820e+01
3.533000e-05	1.935691e-02	1.251865e+01
3.534000e-05	1.370638e-02	1.268594e+01
3.535000e-05	5.313660e-03	1.287444e+01
3.536000e-05	7.203220e-03	1.302335e+01
3.537000e-05	1.962771e-02	1.320166e+01
3.538000e-05	1.596507e-02	1.336753e+01
3.539000e-05	3.314099e-03	1.348494e+01
3.540000e-05	4.419485e-03	1.361275e+01
3.541000e-05	1.593234e-02	1.371978e+01
3.542000e-05	1.801584e-02	1.388534e+01
3.543000e-05	8.264567e-03	1.408193e+01
3.544000e-05	9.016923e-03	1.419028e+01
3.545000e-05	1.649748e-02	1.429712e+01
3.546000e-05	1.885656e-02	1.438233e+01
3.547000e-05	9.200064e-03	1.454857e+01
3.548000e-05	9.802525e-03	1.463278e+01
3.549000e-05	1.589703e-02	1.468592e+01
3.550000e-05	2.068665e-02	1.483170e+01
3.551000e-05	1.270442e-02	1.486436e+01
3.552000e-05	1.154638e-02	1.496005e+01
3.553000e-05	1.612561e-02	1.497178e+01
3.554000e-05	2.108604e-02	1.509547e+01
3.555000e-05	1.514022e-02	1.513852e+01
3.556000e-05	1.146703e-02	1.520221e+01
3.557000e-05	1.874615e-02	1.523286e+01
3.558000e-05	2.198752e-02	1.529654e+01
3.559000e-05	1.928171e-02	1.536062e+01
3.560000e-05	1.413714e-02	1.535963e+01
3.561000e-05	2.009553e-02	1.539330e+01
3.562000e-05	2.388468e-02	1.542224e+01
3.563000e-05	2.180397e-02	1.542486e+01
3.564000e-05	1.756211e-02	1.546382e+01
3.565000e-05	2.154667e-02	1.544489e+01
3.566000e-05	2.593758e-02	1.542389e+01
3.567000e-05	2.553006e-02	1.544486e+01
3.568000e-05	2.288900e-02	1.541431e+01
3.569000e-05	2.610252e-02	1.538431e+01
3.570000e-05	3.262682e-02	1.543321e+01
3.571000e-05	3.182913e-02	1.539116e+01
3.572000e-05	2.791123e-02	1.534050e+01
3.573000e-05	3.031725e-02	1.529595e+01
3.574000e-05	3.552628e-02	1.523637e+01
3.575000e-05	3.723796e-02	1.520316e+01
3.576000e-05	3.410346e-02	1.511855e+01
3.577000e-05	3.793996e-02	1.508542e+01
3.578000e-05	4.331600e-02	1.501376e+01
3.579000e-05	4.592740e-02	1.498008e+01
3.580000e-05	4.342203e-02	1.489784e+01
3.581000e-05	4.649074e-02	1.476458e+01
3.582000e-05	5.248768e-02	1.470900e+01
3.583000e-05	5.749078e-02	1.464370e+01
3.584000e-05	5.574317e-02	1.452849e+01
3.585000e-05	5.756912e-02	1.440381e+01
3.586000e-05	6.151968e-02	1.432840e+01
3.587000e-05	6.340454e-02	1.421254e+01
3.588000e-05	6.124120e-02	1.409634e+01
3.589000e-05	6.013580e-02	1.395198e+01
3.590000e-05	6.245524e-02	1.380268e+01
3.591000e-05	6.247219e-02	1.363532e+01
3.592000e-05	5.697436e-02	1.353785e+01
3.593000e-05	5.314989e-02	1.334100e+01
3.594000e-05	5.356038e-02	1.324378e+01
3.595000e-05	5.229044e-02	1.309534e+01
3.596000e-05	4.681152e-02	1.288840e+01
3.597000e-05	4.216259e-02	1.274998e+01
3.598000e-05	4.159568e-02	1.260366e+01
3.599000e-05	4.073753e-02	1.245473e+01
3.600000e-05	3.588263e-02	1.226524e+01
3.601000e-05	3.076984e-02	1.206737e+01
3.602000e-05	3.020310e-02	1.192687e+01
3.603000e-05	3.019506e-02	1.170734e+01
3.604000e-05	2.644486e-02	1.147935e+01
3.605000e-05	2.292756e-02	1.125679e+01
3.606000e-05	2.120351e-02	1.109579e+01
3.607000e-05	2.231919e-02	1.084627e+01
3.608000e-05	1.974574e-02	1.068576e+01
3.609000e-05	1.614133e-02	1.044471e+01
3.610000e-05	1.434063e-02	1.026574e+01
3.611000e-05	1.659613e-02	1.002321e+01
3.612000e-05	1.408945e-02	9.822133e+00
3.613000e-05	1.079598e-02	9.539348e+00
3.614000e-05	9.614264e-03	9.348871e+00
3.615000e-05	1.029130e-02	9.127843e+00
3.616000e-05	9.540125e-03	8.876736e+00
3.617000e-05	7.099393e-03	8.615108e+00
3.618000e-05	5.822946e-03	8.393555e+00
3.619000e-05	6.085629e-03	8.171525e+00
3.620000e-05	6.586434e-03	7.928819e+00
3.621000e-05	4.554681e-03	7.656738e+00
3.622000e-05	2.995785e-03	7.421535e+00
3.623000e-05	3.838567e-03	7.128741e+00
3.624000e-05	3.497709e-03	6.896641e+00
3.625000e-05	2.553663e-03	6.612034e+00
3.626000e-05	7.967371e-04	6.350322e+00
3.627000e-05	1.265533e-03	6.086742e+00
3.628000e-05	2.583213e-03	5.875434e+00
3.629000e-05	8.699177e-04	5.570446e+00
3.630000e-05	-4.075867e-04	5.256265e+00
3.631000e-05	-6.777860e-04	4.950319e+00
3.632000e-05	-4.965609e-04	4.654113e+00
3.633000e-05	-9.903473e-04	4.422477e+00
3.634000e-05	-2.768619e-03	4.110165e+00
3.635000e-05	-3.016324e-03	3.833955e+00
3.636000e-05	-1.013475e-03	3.571397e+00
3.637000e-05	-1.294672e-03	3.295713e+00
3.638000e-05	-3.259054e-03	2.992928e+00
3.639000e-05	-4.504617e-03	2.780395e+00
3.640000e-05	-2.742365e-03	2.423480e+00
3.641000e-05	-2.534966e-03	2.200270e+00
3.642000e-05	-3.965421e-03	1.886717e+00
3.643000e-05	-5.104124e-03	1.600924e+00
3.644000e-05	-4.772292e-03	1.309114e+00
3.645000e-05	-4.495796e-03	1.018851e+00
3.646000e-05	-4.119865e-03	6.761106e-01
3.647000e-05	-5.342290e-03	4.223525e-01
3.648000e-05	-3.011093e-03	1.276142e-01
3.649000e-05	2.812471e-03	-1.765486e-01
3.650000e-05	3.313821e-03	-3.696740e-01
3.651000e-05	-3.522319e-03	-6.853898e-01
3.652000e-05	-3.449798e-03	-9.379936e-01
3.653000e-05	-4.730683e-03	-1.228177e+00
3.654000e-05	-1.367813e-03	-1.554022e+00
3.655000e-05	1.138425e-03	-1.777121e+00
3.656000e-05	4.219611e-02	-1.998097e+00
3.657000e-05	6.839288e-02	-2.269337e+00
3.658000e-05	-5.153380e-02	-2.671751e+00
3.659000e-05	-4.831601e-02	-3.039701e+00
3.660000e-05	-4.039724e-02	-3.324966e+00
3.661000e-05	-2.463900e-02	-3.568000e+00
3.662000e-05	-4.587345e-02	-3.829229e+00
3.663000e-05	8.953494e-02	-4.019626e+00
3.664000e-05	-5.226368e-02	-4.249805e+00
3.665000e-05	1.503533e-02	-4.555520e+00
3.666000e-05	9.134964e-02	-4.766597e+00
3.667000e-05	-1.143693e-01	-5.053587e+00
3.668000e-05	5.706268e-02	-5.389094e+00
3.669000e-05	-9.517670e-02	-5.651907e+00
3.670000e-05	2.910826e-02	-5.917546e+00
3.671000e-05	3.323060e-02	-6.147650e+00
3.672000e-05	-6.271825e-02	-6.453491e+00
3.673000e-05	7.809282e-02	-6.697468e+00
3.674000e-05	-6.557108e-02	-7.009804e+00
3.675000e-05	1.983925e-02	-7.326491e+00
3.676000e-05	-3.944779e-02	-7.539144e+00
3.677000e-05	-1.748484e-02	-7.863434e+00
3.678000e-05	4.356069e-02	-8.085466e+00
3.679000e-05	-5.368252e-02	-8.336519e+00
3.680000e-05	5.427240e-02	-8.548752e+00
3.681000e-05	-6.167432e-02	-8.843333e+00
3.682000e-05	1.373700e-02	-9.073385e+00
3.683000e-05	-2.204828e-02	-9.274439e+00
3.684000e-05	-1.425909e-02	-9.526122e+00
3.685000e-05	1.263019e-02	-9.726570e+00
3.686000e-05	-2.961065e-02	-9.977798e+00
3.687000e-05	2.861290e-02	-1.016818e+01
3.688000e-05	-4.844261e-02	-1.047136e+01
3.689000e-05	1.469700e-02	-1.062281e+01
3.690000e-05	-3.992789e-02	-1.080078e+01
3.691000e-05	1.088720e-02	-1.101286e+01
3.692000e-05	-2.216041e-02	-1.126231e+01
3.693000e-05	-3.541770e-03	-1.145346e+01
3.694000e-05	-8.419557e-03	-1.168301e+01
3.695000e-05	-1.357401e-02	-1.190491e+01
3.696000e-05	-9.017944e-03	-1.205391e+01
3.697000e-05	-2.855889e-02	-1.221339e+01
3.698000e-05	2.947180e-07	-1.245378e+01
3.699000e-05	-2.469180e-02	-1.261128e+01
3.700000e-05	7.626537e-04	-1.274967e+01
3.701000e-05	-2.650974e-02	-1.292557e+01
3.702000e-05	-1.389611e-03	-1.308541e+01
3.703000e-05	-2.309077e-02	-1.325138e+01
3.704000e-05	-7.843207e-03	-1.341068e+01
3.705000e-05	-2.365538e-02	-1.351615e+01
3.706000e-05	-1.430885e-02	-1.365594e+01
3.707000e-05	-1.602857e-02	-1.384228e+01
3.708000e-05	-1.660264e-02	-1.392818e+01
3.709000e-05	-1.484686e-02	-1.404402e+01
3.710000e-05	-2.038813e-02	-1.418233e+01
3.711000e-05	-1.226260e-02	-1.429852e+01
3.712000e-05	-2.289074e-02	-1.442276e+01
3.713000e-05	-1.501235e-02	-1.453904e+01
3.714000e-05	-2.325660e-02	-1.461278e+01
3.715000e-05	-1.375994e-02	-1.470755e+01
3.716000e-05	-2.125068e-02	-1.480028e+01
3.717000e-05	-1.783408e-02	-1.488552e+01
3.718000e-05	-2.330005e-02	-1.496975e+01
3.719000e-05	-1.919764e-02	-1.504331e+01
3.720000e-05	-2.173626e-02	-1.512549e+01
3.721000e-05	-2.075422e-02	-1.516000e+01
3.722000e-05	-2.342124e-02	-1.524331e+01
3.723000e-05	-2.084173e-02	-1.526439e+01
3.724000e-05	-2.202647e-02	-1.530649e+01
3.725000e-05	-2.527669e-02	-1.534005e+01
3.726000e-05	-2.529346e-02	-1.541220e+01
3.727000e-05	-2.617664e-02	-1.541021e+01
3.728000e-05	-2.272381e-02	-1.541478e+01
3.729000e-05	-2.738178e-02	-1.546734e+01
3.730000e-05	-2.646606e-02	-1.545486e+01
3.731000e-05	-2.980967e-02	-1.547689e+01
3.732000e-05	-2.778563e-02	-1.546486e+01
3.733000e-05	-3.154119e-02	-1.542433e+01
3.734000e-05	-3.298577e-02	-1.541384e+01
3.735000e-05	-3.352016e-02	-1.540386e+01
3.736000e-05	-3.381710e-02	-1.541164e+01
3.737000e-05	-3.554648e-02	-1.538168e+01
3.738000e-05	-3.738270e-02	-1.536097e+01
3.739000e-05	-3.899197e-02	-1.524692e+01
3.740000e-05	-4.009101e-02	-1.527581e+01
3.741000e-05	-4.049640e-02	-1.521363e+01
3.742000e-05	-4.364464e-02	-1.515950e+01
3.743000e-05	-4.577946e-02	-1.508746e+01
3.744000e-05	-4.919349e-02	-1.500333e+01
3.745000e-05	-4.939647e-02	-1.492955e+01
3.746000e-05	-5.228852e-02	-1.486631e+01
3.747000e-05	-5.508958e-02	-1.478260e+01
3.748000e-05	-5.925662e-02	-1.471887e+01
3.749000e-05	-5.936855e-02	-1.460179e+01
3.750000e-05	-6.215263e-02	-1.451887e+01
3.751000e-05	-6.562440e-02	-1.440274e+01
3.752000e-05	-6.787903e-02	-1.430750e+01
3.753000e-05	-6.843857e-02	-1.417318e+01
3.754000e-05	-6.833303e-02	-1.408739e+01
3.755000e-05	-6.854635e-02	-1.391787e+01
3.756000e-05	-6.897380e-02	-1.379218e+01
3.757000e-05	-6.618879e-02	-1.365577e+01
3.758000e-05	-6.389680e-02	-1.349682e+01
3.759000e-05	-6.123993e-02	-1.337110e+01
3.760000e-05	-6.050288e-02	-1.324416e+01
3.761000e-05	-5.635073e-02	-1.310629e+01
3.762000e-05	-5.248129e-02	-1.290940e+01
3.763000e-05	-5.024273e-02	-1.278105e+01
3.764000e-05	-4.799198e-02	-1.258158e+01
3.765000e-05	-4.562333e-02	-1.240473e+01
3.766000e-05	-4.240067e-02	-1.224718e+01
3.767000e-05	-4.057145e-02	-1.209632e+01
3.768000e-05	-3.942997e-02	-1.185734e+01
3.769000e-05	-3.628547e-02	-1.163531e+01
3.770000e-05	-3.311307e-02	-1.145611e+01
3.771000e-05	-2.961311e-02	-1.122559e+01
3.772000e-05	-2.965822e-02	-1.100319e+01
3.773000e-05	-2.843595e-02	-1.082516e+01
3.774000e-05	-2.582344e-02	-1.062366e+01
3.775000e-05	-2.469788e-02	-1.043211e+01
3.776000e-05	-2.434967e-02	-1.013253e+01
3.777000e-05	-2.285296e-02	-9.951450e+00
3.778000e-05	-2.187120e-02	-9.761372e+00
3.779000e-05	-1.852374e-02	-9.560924e+00
3.780000e-05	-1.963336e-02	-9.309820e+00
3.781000e-05	-1.784280e-02	-9.076815e+00
3.782000e-05	-1.611477e-02	-8.836235e+00
3.783000e-05	-1.537508e-02	-8.654062e+00
3.784000e-05	-1.421900e-02	-8.380973e+00
3.785000e-05	-1.587528e-02	-8.159897e+00
3.786000e-05	-1.326580e-02	-7.897772e+00
3.787000e-05	-1.213764e-02	-7.583552e+00
3.788000e-05	-1.173406e-02	-7.307850e+00
3.789000e-05	-1.296620e-02	-7.096816e+00
3.790000e-05	-1.149317e-02	-6.812553e+00
3.791000e-05	-1.036871e-02	-6.581901e+00
3.792000e-05	-9.284053e-03	-6.339217e+00
3.793000e-05	-1.104152e-02	-6.044533e+00
3.794000e-05	-9.210958e-03	-5.810955e+00
3.795000e-05	-9.102943e-03	-5.488267e+00
3.796000e-05	-7.734891e-03	-5.182955e+00
3.797000e-05	-9.287080e-03	-4.920196e+00
3.798000e-05	-7.590834e-03	-4.561879e+00
3.799000e-05	-7.458875e-03	-4.369374e+00
3.800000e-05	-6.451037e-03	-4.129217e+00
3.801000e-05	-6.934535e-03	-3.864526e+00
3.802000e-05	-7.733257e-03	-3.508345e+00
3.803000e-05	-6.478025e-03	-3.286117e+00
3.804000e-05	-5.335707e-03	-3.021830e+00
3.805000e-05	-4.609412e-03	-2.706086e+00
3.806000e-05	-5.115827e-03	-2.433456e+00
3.807000e-05	-4.509972e-03	-2.138670e+00
3.808000e-05	-4.477433e-03	-1.874034e+00
3.809000e-05	-4.940177e-03	-1.579899e+00
3.810000e-05	-6.105911e-03	-1.243955e+00
3.811000e-05	-4.626063e-03	-9.582711e-01
3.812000e-05	-4.216558e-03	-6.660641e-01
3.813000e-05	-2.077347e-03	-3.702723e-01
3.814000e-05	-5.081926e-04	-9.656310e-02
3.815000e-05	7.932754e-03	1.880673e-01
3.816000e-05	1.941405e-03	4.822793e-01
3.817000e-05	1.172209e-03	7.243658e-01
3.818000e-05	-8.185784e-04	9.976462e-01
3.819000e-05	6.184252e-04	1.312887e+00
3.820000e-05	1.457032e-03	1.547174e+00
3.821000e-05	6.386692e-03	1.851807e+00
3.822000e-05	2.722653e-02	2.051886e+00
3.823000e-05	7.078036e-02	2.337166e+00
3.824000e-05	-2.661303e-03	2.736996e+00
3.825000e-05	-6.020390e-02	3.040330e+00
3.826000e-05	-3.998573e-02	3.291462e+00
3.827000e-05	-5.208697e-03	3.578124e+00
3.828000e-05	-2.351978e-02	3.788649e+00
3.829000e-05	-3.606748e-02	3.988574e+00
3.830000e-05	6.868629e-02	4.263859e+00
3.831000e-05	-6.641839e-03	4.589722e+00
3.832000e-05	4.285794e-02	4.788679e+00
3.833000e-05	4.210585e-02	5.166050e+00
3.834000e-05	-7.647907e-02	5.452833e+00
3.835000e-05	3.610720e-02	5.705438e+00
3.836000e-05	-1.674540e-02	5.998250e+00
3.837000e-05	2.235691e-02	6.240254e+00
3.838000e-05	-8.156545e-03	6.535516e+00
3.839000e-05	-9.662177e-03	6.791703e+00
3.840000e-05	5.510471e-02	7.052307e+00
3.841000e-05	-1.630157e-02	7.366121e+00
3.842000e-05	-1.115624e-02	7.590151e+00
3.843000e-05	-2.434356e-02	7.906541e+00
3.844000e-05	4.566932e-02	8.148700e+00
3.845000e-05	1.498442e-02	8.390049e+00
3.846000e-05	-2.341568e-02	8.600655e+00
3.847000e-05	2.144798e-02	8.801302e+00
3.848000e-05	-1.233002e-03	9.052915e+00
3.849000e-05	2.052481e-02	9.305019e+00
3.850000e-05	-1.386694e-02	9.547119e+00
3.851000e-05	3.439442e-03	9.769804e+00
3.852000e-05	1.638156e-02	1.001973e+01
3.853000e-05	2.174566e-02	1.022178e+01
3.854000e-05	4.554391e-03	1.043339e+01
3.855000e-05	-1.535280e-02	1.065439e+01
3.856000e-05	1.866581e-02	1.087286e+01
3.857000e-05	9.454456e-03	1.105191e+01
3.858000e-05	9.991372e-03	1.128499e+01
3.859000e-05	-5.262047e-03	1.151606e+01
3.860000e-05	1.914134e-02	1.174500e+01
3.861000e-05	1.817975e-02	1.189492e+01
3.862000e-05	9.405994e-03	1.209391e+01
3.863000e-05	-3.405492e-03	1.224286e+01
3.864000e-05	6.780758e-03	1.241183e+01
3.865000e-05	2.044215e-02	1.259176e+01
3.866000e-05	8.330477e-03	1.271715e+01
3.867000e-05	6.240669e-03	1.292757e+01
3.868000e-05	7.597989e-03	1.309504e+01
3.869000e-05	2.293575e-02	1.328381e+01
3.870000e-05	8.919125e-03	1.337021e+01
3.871000e-05	4.295493e-03	1.353662e+01
3.872000e-05	6.207696e-03	1.366404e+01
3.873000e-05	1.889502e-02	1.380283e+01
3.874000e-05	1.495669e-02	1.392870e+01
3.875000e-05	6.458501e-03	1.411399e+01
3.876000e-05	1.138415e-02	1.423239e+01
3.877000e-05	1.697879e-02	1.433920e+01
3.878000e-05	1.663252e-02	1.450439e+01
3.879000e-05	6.541004e-03	1.454115e+01
3.880000e-05	1.250887e-02	1.463586e+01
3.881000e-05	1.685990e-02	1.472812e+01
3.882000e-05	1.987260e-02	1.483231e+01
3.883000e-05	1.040532e-02	1.490654e+01
3.884000e-05	1.295257e-02	1.498168e+01
3.885000e-05	1.690823e-02	1.500389e+01
3.886000e-05	1.929580e-02	1.507852e+01
3.887000e-05	1.444372e-02	1.515064e+01
3.888000e-05	1.277021e-02	1.520423e+01
3.889000e-05	1.966114e-02	1.523649e+01
3.890000e-05	2.046492e-02	1.532607e+01
3.891000e-05	1.701549e-02	1.536165e+01
3.892000e-05	1.482179e-02	1.539068e+01
3.893000e-05	2.098564e-02	1.539221e+01
3.894000e-05	2.247652e-02	1.543433e+01
3.895000e-05	2.075357e-02	1.540381e+01
3.896000e-05	1.892057e-02	1.547531e+01
3.897000e-05	2.233595e-02	1.542436e+01
3.898000e-05	2.622508e-02	1.542481e+01
3.899000e-05	2.419797e-02	1.543444e+01
3.900000e-05	2.453124e-02	1.543234e+01
3.901000e-05	2.767955e-02	1.541326e+01
3.902000e-05	3.201234e-02	1.536228e+01
3.903000e-05	3.012387e-02	1.537173e+01
3.904000e-05	2.917279e-02	1.531860e+01
3.905000e-05	3.185588e-02	1.527744e+01
3.906000e-05	3.674973e-02	1.524436e+01
3.907000e-05	3.616431e-02	1.515268e+01
3.908000e-05	3.619174e-02	1.514804e+01
3.909000e-05	3.944831e-02	1.504577e+01
3.910000e-05	4.376302e-02	1.496273e+01
3.911000e-05	4.479961e-02	1.489799e+01
3.912000e-05	4.483633e-02	1.484574e+01
3.913000e-05	4.868609e-02	1.475158e+01
3.914000e-05	5.413695e-02	1.468581e+01
3.915000e-05	5.577994e-02	1.462216e+01
3.916000e-05	5.686140e-02	1.441535e+01
3.917000e-05	5.875520e-02	1.438258e+01
3.918000e-05	6.240494e-02	1.423684e+01
3.919000e-05	6.274230e-02	1.409905e+01
3.920000e-05	6.281762e-02	1.403418e+01
3.921000e-05	6.131432e-02	1.391697e+01
3.922000e-05	6.113399e-02	1.375142e+01
3.923000e-05	5.930220e-02	1.359313e+01
3.924000e-05	5.687619e-02	1.347584e+01
3.925000e-05	5.404667e-02	1.331935e+01
3.926000e-05	5.219611e-02	1.320163e+01
3.927000e-05	4.958555e-02	1.301418e+01
3.928000e-05	4.609496e-02	1.283674e+01
3.929000e-05	4.273303e-02	1.271687e+01
3.930000e-05	4.089320e-02	1.252890e+01
3.931000e-05	3.753084e-02	1.236003e+01
3.932000e-05	3.514400e-02	1.219208e+01
3.933000e-05	3.168909e-02	1.199323e+01
3.934000e-05	3.049571e-02	1.184468e+01
3.935000e-05	2.727257e-02	1.164571e+01
3.936000e-05	2.497460e-02	1.141166e+01
3.937000e-05	2.315979e-02	1.118256e+01
3.938000e-05	2.216760e-02	1.102108e+01
3.939000e-05	2.121692e-02	1.079204e+01
3.940000e-05	1.832152e-02	1.058318e+01
3.941000e-05	1.626498e-02	1.038100e+01
3.942000e-05	1.520220e-02	1.017942e+01
3.943000e-05	1.430295e-02	9.941570e+00
3.944000e-05	1.219207e-02	9.697297e+00
3.945000e-05	1.052855e-02	9.487612e+00
3.946000e-05	9.841571e-03	9.256760e+00
3.947000e-05	9.838596e-03	9.024187e+00
3.948000e-05	7.567984e-03	8.791953e+00
3.949000e-05	6.716359e-03	8.540380e+00
3.950000e-05	5.396625e-03	8.349299e+00
3.951000e-05	6.910665e-03	8.065712e+00
3.952000e-05	4.801470e-03	7.853628e+00
3.953000e-05	4.326592e-03	7.561980e+00
3.954000e-05	3.121741e-03	7.310143e+00
3.955000e-05	3.574063e-03	7.055557e+00
3.956000e-05	2.197156e-03	6.761525e+00
3.957000e-05	1.371764e-03	6.509717e+00
3.958000e-05	9.761781e-04	6.275633e+00
3.959000e-05	2.119572e-03	6.023075e+00
3.960000e-05	6.512557e-04	5.741375e+00
3.961000e-05	5.718483e-04	5.455642e+00
3.962000e-05	-8.253795e-04	5.210876e+00
3.963000e-05	5.467863e-04	4.814458e+00
3.964000e-05	2.459576e-05	4.539872e+00
3.965000e-05	-2.495948e-03	4.268716e+00
3.966000e-05	-2.114774e-03	4.002026e+00
3.967000e-05	-1.256726e-03	3.708791e+00
3.968000e-05	-2.335270e-03	3.495563e+00
3.969000e-05	-2.887906e-03	3.161397e+00
3.970000e-05	-4.179485e-03	2.905692e+00
3.971000e-05	-2.597162e-03	2.654060e+00
3.972000e-05	-3.032090e-03	2.318722e+00
3.973000e-05	-4.290715e-03	2.054535e+00
3.974000e-05	-4.064616e-03	1.801903e+00
3.975000e-05	-3.214259e-03	1.495011e+00
3.976000e-05	-3.917178e-03	1.172278e+00
3.977000e-05	-4.944544e-03	8.535027e-01
3.978000e-05	-5.028626e-03	5.803961e-01
3.979000e-05	-3.433986e-03	3.172420e-01
3.980000e-05	-1.912686e-03	2.137613e-02
3.981000e-05	4.264424e-03	-2.613078e-01
3.982000e-05	-1.856833e-03	-5.444170e-01
3.983000e-05	-1.925342e-03	-7.880714e-01
3.984000e-05	-3.538557e-03	-1.080827e+00
3.985000e-05	-2.452949e-03	-1.336642e+00
3.986000e-05	-3.905910e-03	-1.631202e+00
3.987000e-05	1.288830e-02	-1.880859e+00
3.988000e-05	7.051689e-02	-2.050754e+00
3.989000e-05	2.797594e-02	-2.400229e+00
3.990000e-05	-7.034393e-02	-2.789171e+00
3.991000e-05	-4.223446e-02	-3.138071e+00
3.992000e-05	-3.034903e-02	-3.420726e+00
3.993000e-05	-3.769181e-02	-3.652380e+00
3.994000e-05	-3.768284e-03	-3.884413e+00
3.995000e-05	8.667776e-02	-4.084279e+00
3.996000e-05	-9.614493e-02	-4.357068e+00
3.997000e-05	1.027712e-01	-4.612677e+00
3.998000e-05	-1.909733e-02	-4.890859e+00
3.999000e-05	-5.935228e-02	-5.209330e+00
4.000000e-05	3.582946e-02	-5.503409e+00
4.001000e-05	-1.060789e-01	-5.797675e+00
4.002000e-05	9.618272e-02	-6.032278e+00
4.003000e-05	-4.945285e-02	-6.325012e+00
4.004000e-05	1.107591e-02	-6.618672e+00
4.005000e-05	3.486317e-02	-6.841250e+00
4.006000e-05	-6.210436e-02	-7.147042e+00
4.007000e-05	3.502305e-02	-7.399200e+00
4.008000e-05	-7.304353e-02	-7.681887e+00
4.009000e-05	4.115114e-02	-7.928520e+00
4.010000e-05	-1.468097e-02	-8.208725e+00
4.011000e-05	-1.422043e-02	-8.442881e+00
4.012000e-05	2.879928e-02	-8.653412e+00
4.013000e-05	-6.249078e-02	-8.915445e+00
4.014000e-05	3.603396e-02	-9.148122e+00
4.015000e-05	-5.534168e-02	-9.388149e+00
4.016000e-05	2.536225e-02	-9.609802e+00
4.017000e-05	-2.689920e-02	-9.822332e+00
4.018000e-05	6.370336e-03	-1.006196e+01
4.019000e-05	-5.576502e-03	-1.027339e+01
4.020000e-05	-2.909653e-02	-1.050539e+01
4.021000e-05	5.128190e-03	-1.068589e+01
4.022000e-05	-3.551584e-02	-1.091609e+01
4.023000e-05	1.473227e-02	-1.110594e+01
4.024000e-05	-3.502874e-02	-1.132554e+01
4.025000e-05	1.242392e-02	-1.155715e+01
4.026000e-05	-2.699686e-02	-1.173820e+01
4.027000e-05	1.564592e-03	-1.193825e+01
4.028000e-05	-2.884563e-02	-1.213852e+01
4.029000e-05	-7.869291e-03	-1.230552e+01
4.030000e-05	-1.380923e-02	-1.249547e+01
4.031000e-05	-1.312394e-02	-1.268446e+01
4.032000e-05	-1.022700e-02	-1.285428e+01
4.033000e-05	-1.922497e-02	-1.299080e+01
4.034000e-05	-3.000471e-03	-1.313802e+01
4.035000e-05	-2.522499e-02	-1.331507e+01
4.036000e-05	-7.714621e-03	-1.343281e+01
4.037000e-05	-2.810654e-02	-1.356022e+01
4.038000e-05	-4.611161e-03	-1.372952e+01
4.039000e-05	-2.225505e-02	-1.386497e+01
4.040000e-05	-1.075891e-02	-1.402178e+01
4.041000e-05	-2.161412e-02	-1.411902e+01
4.042000e-05	-1.201823e-02	-1.427281e+01
4.043000e-05	-1.827518e-02	-1.437770e+01
4.044000e-05	-1.977578e-02	-1.452544e+01
4.045000e-05	-1.871615e-02	-1.456165e+01
4.046000e-05	-1.884668e-02	-1.465441e+01
4.047000e-05	-1.535654e-02	-1.474815e+01
4.048000e-05	-2.227260e-02	-1.484191e+01
4.049000e-05	-1.982357e-02	-1.490810e+01
4.050000e-05	-2.263480e-02	-1.499070e+01
4.051000e-05	-1.787881e-02	-1.505591e+01
4.052000e-05	-2.371722e-02	-1.510755e+01
4.053000e-05	-2.044288e-02	-1.522070e+01
4.054000e-05	-2.347156e-02	-1.525228e+01
4.055000e-05	-1.862973e-02	-1.528632e+01
4.056000e-05	-2.570736e-02	-1.531750e+01
4.057000e-05	-2.464654e-02	-1.538067e+01
4.058000e-05	-2.572733e-02	-1.538121e+01
4.059000e-05	-2.372176e-02	-1.540228e+01
4.060000e-05	-2.563532e-02	-1.543329e+01
4.061000e-05	-2.820712e-02	-1.547634e+01
4.062000e-05	-2.685917e-02	-1.546736e+01
4.063000e-05	-2.903482e-02	-1.545484e+01
4.064000e-05	-2.882268e-02	-1.549594e+01
4.065000e-05	-3.332831e-02	-1.546429e+01
4.066000e-05	-3.117970e-02	-1.539479e+01
4.067000e-05	-3.289187e-02	-1.541326e+01
4.068000e-05	-3.454647e-02	-1.539316e+01
4.069000e-05	-3.865481e-02	-1.536062e+01
4.070000e-05	-3.800185e-02	-1.531894e+01
4.071000e-05	-3.849338e-02	-1.528684e+01
4.072000e-05	-4.070759e-02	-1.523628e+01
4.073000e-05	-4.279736e-02	-1.520118e+01
4.074000e-05	-4.458742e-02	-1.512945e+01
4.075000e-05	-4.442514e-02	-1.505527e+01
4.076000e-05	-4.873658e-02	-1.500223e+01
4.077000e-05	-5.210050e-02	-1.491955e+01
4.078000e-05	-5.534488e-02	-1.486532e+01
4.079000e-05	-5.588689e-02	-1.477003e+01
4.080000e-05	-5.644882e-02	-1.468684e+01
4.081000e-05	-6.174892e-02	-1.454221e+01
4.082000e-05	-6.450614e-02	-1.446581e+01
4.083000e-05	-6.659141e-02	-1.440158e+01
4.084000e-05	-6.812047e-02	-1.424469e+01
4.085000e-05	-7.175760e-02	-1.414003e+01
4.086000e-05	-7.035232e-02	-1.400413e+01
4.087000e-05	-6.922023e-02	-1.386632e+01
4.088000e-05	-6.487256e-02	-1.371892e+01
4.089000e-05	-6.470863e-02	-1.360161e+01
4.090000e-05	-6.406598e-02	-1.345432e+01
4.091000e-05	-5.925267e-02	-1.332787e+01
4.092000e-05	-5.916524e-02	-1.318053e+01
4.093000e-05	-5.700215e-02	-1.304461e+01
4.094000e-05	-5.551887e-02	-1.287674e+01
4.095000e-05	-5.184795e-02	-1.270839e+01
4.096000e-05	-4.575336e-02	-1.252045e+01
4.097000e-05	-4.252406e-02	-1.239995e+01
4.098000e-05	-4.059653e-02	-1.221253e+01
4.099000e-05	-3.726299e-02	-1.202260e+01
4.100000e-05	-3.597763e-02	-1.181216e+01
4.101000e-05	-3.451390e-02	-1.158203e+01
4.102000e-05	-3.613340e-02	-1.137995e+01
4.103000e-05	-3.248931e-02	-1.119105e+01
4.104000e-05	-3.082633e-02	-1.096100e+01
4.105000e-05	-2.666297e-02	-1.076040e+01
4.106000e-05	-2.487767e-02	-1.056003e+01
4.107000e-05	-2.292131e-02	-1.039080e+01
4.108000e-05	-1.940743e-02	-1.007893e+01
4.109000e-05	-2.058867e-02	-9.897816e+00
4.110000e-05	-2.065012e-02	-9.696316e+00
4.111000e-05	-2.251671e-02	-9.486687e+00
4.112000e-05	-1.947234e-02	-9.243638e+00
4.113000e-05	-1.861231e-02	-9.012531e+00
4.114000e-05	-1.602422e-02	-8.781376e+00
4.115000e-05	-1.480792e-02	-8.509776e+00
4.116000e-05	-1.176780e-02	-8.316837e+00
4.117000e-05	-1.228162e-02	-8.035162e+00
4.118000e-05	-1.256028e-02	-7.802057e+00
4.119000e-05	-1.480624e-02	-7.509768e+00
4.120000e-05	-1.249546e-02	-7.277110e+00
4.121000e-05	-1.095032e-02	-6.981454e+00
4.122000e-05	-1.010038e-02	-6.759794e+00
4.123000e-05	-9.981459e-03	-6.506687e+00
4.124000e-05	-9.826008e-03	-6.264479e+00
4.125000e-05	-8.314158e-03	-5.969869e+00
4.126000e-05	-8.400308e-03	-5.707138e+00
4.127000e-05	-9.802546e-03	-5.441455e+00
4.128000e-05	-9.597574e-03	-5.098813e+00
4.129000e-05	-7.218809e-03	-4.792350e+00
4.130000e-05	-5.250205e-03	-4.487739e+00
4.131000e-05	-7.221660e-03	-4.275586e+00
4.132000e-05	-7.160351e-03	-4.031453e+00
4.133000e-05	-7.121787e-03	-3.729166e+00
4.134000e-05	-6.664428e-03	-3.436031e+00
4.135000e-05	-7.193670e-03	-3.180348e+00
4.136000e-05	-6.242000e-03	-2.874532e+00
4.137000e-05	-4.715996e-03	-2.601975e+00
4.138000e-05	-3.834723e-03	-2.328296e+00
4.139000e-05	-5.021834e-03	-2.023479e+00
4.140000e-05	-6.366647e-03	-1.760345e+00
4.141000e-05	-6.508517e-03	-1.446764e+00
4.142000e-05	-3.875691e-03	-1.179240e+00
4.143000e-05	-4.267534e-03	-8.534565e-01
4.144000e-05	-3.698993e-03	-5.892409e-01
4.145000e-05	-2.139343e-03	-2.750106e-01
4.146000e-05	2.982856e-03	-3.200132e-02
4.147000e-05	7.588930e-03	2.734146e-01
4.148000e-05	-7.413213e-04	5.260423e-01
4.149000e-05	6.472695e-04	7.986251e-01
4.150000e-05	-8.045695e-04	1.135863e+00
4.151000e-05	2.754868e-03	1.337571e+00
4.152000e-05	-3.251976e-05	1.663438e+00
4.153000e-05	1.144247e-02	1.935466e+00
4.154000e-05	4.527289e-02	2.186596e+00
4.155000e-05	6.287257e-02	2.480011e+00
4.156000e-05	-3.997343e-02	2.831358e+00
4.157000e-05	-5.489426e-02	3.105467e+00
4.158000e-05	-3.084178e-02	3.398250e+00
4.159000e-05	-5.489566e-06	3.650808e+00
4.160000e-05	-4.045561e-02	3.872286e+00
4.161000e-05	-3.371477e-04	4.081387e+00
4.162000e-05	6.811868e-02	4.398201e+00
4.163000e-05	-2.840086e-02	4.673312e+00
4.164000e-05	9.088681e-02	4.893518e+00
4.165000e-05	-3.573420e-02	5.272987e+00
4.166000e-05	-3.349799e-02	5.526494e+00
4.167000e-05	3.230099e-02	5.809779e+00
4.168000e-05	-1.742921e-02	6.082916e+00
4.169000e-05	3.131552e-02	6.345493e+00
4.170000e-05	-3.391180e-02	6.631308e+00
4.171000e-05	3.461216e-02	6.914940e+00
4.172000e-05	2.924184e-02	7.166047e+00
4.173000e-05	-2.011644e-02	7.451803e+00
4.174000e-05	-1.935854e-02	7.674041e+00
4.175000e-05	1.132025e-03	7.998203e+00
4.176000e-05	5.489728e-02	8.223304e+00
4.177000e-05	-1.471200e-02	8.463362e+00
4.178000e-05	-6.983042e-03	8.724365e+00
4.179000e-05	2.012036e-02	8.945571e+00
4.180000e-05	4.028746e-03	9.157646e+00
4.181000e-05	1.337653e-02	9.397700e+00
4.182000e-05	-1.969365e-02	9.619852e+00
4.183000e-05	1.758334e-02	9.842463e+00
4.184000e-05	1.743208e-02	1.008499e+01
4.185000e-05	2.144632e-02	1.030392e+01
4.186000e-05	-1.048619e-02	1.053612e+01
4.187000e-05	-2.194749e-03	1.076800e+01
4.188000e-05	2.343271e-02	1.094655e+01
4.189000e-05	7.657493e-03	1.107547e+01
4.190000e-05	3.512763e-03	1.130818e+01
4.191000e-05	-1.895376e-03	1.156914e+01
4.192000e-05	2.671658e-02	1.175923e+01
4.193000e-05	1.192901e-02	1.194812e+01
4.194000e-05	2.836361e-03	1.211903e+01
4.195000e-05	-3.127658e-03	1.233665e+01
4.196000e-05	1.735497e-02	1.251344e+01
4.197000e-05	1.866382e-02	1.264444e+01
4.198000e-05	4.358743e-03	1.282136e+01
4.199000e-05	5.183537e-03	1.298033e+01
4.200000e-05	1.455959e-02	1.315812e+01
4.201000e-05	2.089113e-02	1.328695e+01
4.202000e-05	3.205735e-03	1.340286e+01
4.203000e-05	2.571084e-03	1.360073e+01
4.204000e-05	1.312261e-02	1.371855e+01
4.205000e-05	2.220771e-02	1.384439e+01
4.206000e-05	1.063086e-02	1.393328e+01
4.207000e-05	5.851019e-03	1.411870e+01
4.208000e-05	1.462171e-02	1.427499e+01
4.209000e-05	1.881610e-02	1.437163e+01
4.210000e-05	9.855309e-03	1.448602e+01
4.211000e-05	4.988620e-03	1.461121e+01
4.212000e-05	1.513632e-02	1.469597e+01
4.213000e-05	2.244233e-02	1.479012e+01
4.214000e-05	1.690933e-02	1.486584e+01
4.215000e-05	9.008220e-03	1.490802e+01
4.216000e-05	1.310780e-02	1.498918e+01
4.217000e-05	1.903723e-02	1.503451e+01
4.218000e-05	1.603487e-02	1.513755e+01
4.219000e-05	8.376033e-03	1.517018e+01
4.220000e-05	1.552810e-02	1.525481e+01
4.221000e-05	2.352498e-02	1.527757e+01
4.222000e-05	2.201213e-02	1.527860e+01
4.223000e-05	1.404326e-02	1.537065e+01
4.224000e-05	1.706903e-02	1.539073e+01
4.225000e-05	2.282482e-02	1.540276e+01
4.226000e-05	2.261789e-02	1.540333e+01
4.227000e-05	1.615328e-02	1.547531e+01
4.228000e-05	1.916373e-02	1.544489e+01
4.229000e-05	2.601862e-02	1.549329e+01
4.230000e-05	2.847949e-02	1.544387e+01
4.231000e-05	2.324765e-02	1.543436e+01
4.232000e-05	2.404646e-02	1.543429e+01
4.233000e-05	3.112188e-02	1.538321e+01
4.234000e-05	3.252713e-02	1.537063e+01
4.235000e-05	2.892404e-02	1.535113e+01
4.236000e-05	2.825281e-02	1.526940e+01
4.237000e-05	3.386957e-02	1.526747e+01
4.238000e-05	3.938102e-02	1.523369e+01
4.239000e-05	3.683450e-02	1.514208e+01
4.240000e-05	3.622398e-02	1.507744e+01
4.241000e-05	4.057512e-02	1.506532e+01
4.242000e-05	4.566942e-02	1.497068e+01
4.243000e-05	4.440288e-02	1.493597e+01
4.244000e-05	4.431264e-02	1.485476e+01
4.245000e-05	5.015920e-02	1.471602e+01
4.246000e-05	5.818617e-02	1.462579e+01
4.247000e-05	5.889608e-02	1.457055e+01
4.248000e-05	5.659658e-02	1.445584e+01
4.249000e-05	5.934065e-02	1.434060e+01
4.250000e-05	6.316525e-02	1.421371e+01
4.251000e-05	6.383395e-02	1.410634e+01
4.252000e-05	5.926892e-02	1.398208e+01
4.253000e-05	6.073844e-02	1.384474e+01
4.254000e-05	6.255436e-02	1.371887e+01
4.255000e-05	6.178787e-02	1.354046e+01
4.256000e-05	5.450322e-02	1.344361e+01
4.257000e-05	5.209878e-02	1.329676e+01
4.258000e-05	5.151154e-02	1.309942e+01
4.259000e-05	5.005963e-02	1.296055e+01
4.260000e-05	4.350366e-02	1.278311e+01
4.261000e-05	4.031431e-02	1.263576e+01
4.262000e-05	3.992371e-02	1.247684e+01
4.263000e-05	3.824817e-02	1.233887e+01
4.264000e-05	3.322208e-02	1.210997e+01
4.265000e-05	2.972367e-02	1.193035e+01
4.266000e-05	2.964550e-02	1.175988e+01
4.267000e-05	2.834522e-02	1.155893e+01
4.268000e-05	2.404751e-02	1.132940e+01
4.269000e-05	2.065776e-02	1.111892e+01
4.270000e-05	2.028623e-02	1.091895e+01
4.271000e-05	2.040711e-02	1.073942e+01
4.272000e-05	1.795322e-02	1.051898e+01
4.273000e-05	1.374768e-02	1.028735e+01
4.274000e-05	1.468990e-02	1.005874e+01
4.275000e-05	1.474893e-02	9.865688e+00
4.276000e-05	1.224198e-02	9.603012e+00
4.277000e-05	1.033006e-02	9.431978e+00
4.278000e-05	9.059824e-03	9.171475e+00
4.279000e-05	9.548809e-03	8.929877e+00
4.280000e-05	8.943841e-03	8.719265e+00
4.281000e-05	5.940567e-03	8.447215e+00
4.282000e-05	5.615134e-03	8.274189e+00
4.283000e-05	5.707919e-03	7.971929e+00
4.284000e-05	5.611166e-03	7.709346e+00
4.285000e-05	3.152205e-03	7.447169e+00
4.286000e-05	1.842423e-03	7.182954e+00
4.287000e-05	3.062005e-03	6.919400e+00
4.288000e-05	3.562873e-03	6.687716e+00
4.289000e-05	1.943666e-03	6.392980e+00
4.290000e-05	7.361205e-04	6.149400e+00
4.291000e-05	1.434845e-03	5.927288e+00
4.292000e-05	1.061199e-03	5.642609e+00
4.293000e-05	-1.154953e-03	5.370347e+00
4.294000e-05	-2.416879e-03	5.035034e+00
4.295000e-05	-8.397661e-04	4.748795e+00
4.296000e-05	-4.135724e-04	4.453612e+00
4.297000e-05	-9.575225e-04	4.140954e+00
4.298000e-05	-2.384763e-03	3.867089e+00
4.299000e-05	-2.170298e-03	3.642560e+00
4.300000e-05	-1.291131e-03	3.320402e+00
4.301000e-05	-2.294896e-03	3.074613e+00
4.302000e-05	-3.671911e-03	2.831531e+00
4.303000e-05	-3.964392e-03	2.507614e+00
4.304000e-05	-3.022310e-03	2.253531e+00
4.305000e-05	-3.822259e-03	1.970821e+00
4.306000e-05	-4.148753e-03	1.653540e+00
4.307000e-05	-5.061839e-03	1.350874e+00
4.308000e-05	-3.789578e-03	1.065460e+00
4.309000e-05	-2.736652e-03	7.202946e-01
4.310000e-05	-4.650609e-03	4.755605e-01
4.311000e-05	-3.647934e-03	1.913024e-01
4.312000e-05	5.899460e-04	-1.033856e-01
4.313000e-05	5.069456e-03	-3.574934e-01
4.314000e-05	-3.313747e-03	-6.386789e-01
4.315000e-05	-3.061863e-03	-9.134056e-01
4.316000e-05	-4.870596e-03	-1.153997e+00
4.317000e-05	-1.428953e-03	-1.462884e+00
4.318000e-05	-6.564246e-04	-1.715366e+00
4.319000e-05	2.584652e-02	-1.946892e+00
4.320000e-05	8.119236e-02	-2.206146e+00
4.321000e-05	-2.305961e-02	-2.576668e+00
4.322000e-05	-6.091255e-02	-2.924016e+00
4.323000e-05	-4.374988e-02	-3.243309e+00
4.324000e-05	-2.414352e-02	-3.493465e+00
4.325000e-05	-5.193151e-02	-3.756120e+00
4.326000e-05	5.932069e-02	-3.988996e+00
4.327000e-05	1.386861e-02	-4.156599e+00
4.328000e-05	-5.450707e-02	-4.431284e+00
4.329000e-05	1.370293e-01	-4.704961e+00
4.330000e-05	-1.037691e-01	-4.988700e+00
4.331000e-05	2.067777e-02	-5.365038e+00
4.332000e-05	-4.492885e-02	-5.597150e+00
4.333000e-05	-3.619879e-02	-5.874936e+00
4.334000e-05	8.612051e-02	-6.093945e+00
4.335000e-05	-8.122513e-02	-6.401776e+00
4.336000e-05	7.025698e-02	-6.673257e+00
4.337000e-05	-3.469087e-02	-6.986140e+00
4.338000e-05	-1.671168e-02	-7.264355e+00
4.339000e-05	-2.962098e-03	-7.464383e+00
4.340000e-05	-5.724479e-02	-7.798229e+00
4.341000e-05	6.267415e-02	-8.051803e+00
4.342000e-05	-5.391700e-02	-8.263388e+00
4.343000e-05	3.803484e-02	-8.534995e+00
4.344000e-05	-2.858094e-02	-8.797121e+00
4.345000e-05	-2.273973e-02	-9.053255e+00
4.346000e-05	1.223113e-02	-9.210281e+00
4.347000e-05	-4.377256e-02	-9.474442e+00
4.348000e-05	3.131115e-02	-9.665018e+00
4.349000e-05	-4.429891e-02	-9.906013e+00
4.350000e-05	3.364938e-02	-1.012810e+01
4.351000e-05	-4.126947e-02	-1.031715e+01
4.352000e-05	2.772744e-03	-1.056970e+01
4.353000e-05	-2.568464e-02	-1.075867e+01
4.354000e-05	-8.479663e-03	-1.098030e+01
4.355000e-05	-3.677941e-03	-1.119925e+01
4.356000e-05	-2.139968e-02	-1.139128e+01
4.357000e-05	4.632047e-03	-1.164126e+01
4.358000e-05	-2.543724e-02	-1.185226e+01
4.359000e-05	3.459020e-03	-1.200185e+01
4.360000e-05	-3.481744e-02	-1.219133e+01
4.361000e-05	1.513884e-03	-1.239168e+01
4.362000e-05	-2.541706e-02	-1.255870e+01
4.363000e-05	-7.409322e-04	-1.273755e+01
4.364000e-05	-2.261488e-02	-1.288541e+01
4.365000e-05	-7.885270e-03	-1.302389e+01
4.366000e-05	-1.502178e-02	-1.316170e+01
4.367000e-05	-1.419434e-02	-1.334862e+01
4.368000e-05	-1.486527e-02	-1.349344e+01
4.369000e-05	-2.178577e-02	-1.366281e+01
4.370000e-05	-8.493731e-03	-1.376065e+01
4.371000e-05	-2.134352e-02	-1.393664e+01
4.372000e-05	-9.611927e-03	-1.407388e+01
4.373000e-05	-2.313761e-02	-1.416021e+01
4.374000e-05	-1.120497e-02	-1.428542e+01
4.375000e-05	-2.193136e-02	-1.437028e+01
4.376000e-05	-1.476873e-02	-1.449695e+01
4.377000e-05	-2.202411e-02	-1.460223e+01
4.378000e-05	-1.526432e-02	-1.470749e+01
4.379000e-05	-1.824387e-02	-1.477867e+01
4.380000e-05	-1.875497e-02	-1.486787e+01
4.381000e-05	-2.044614e-02	-1.494963e+01
4.382000e-05	-2.139813e-02	-1.501431e+01
4.383000e-05	-2.030363e-02	-1.504449e+01
4.384000e-05	-2.122507e-02	-1.512863e+01
4.385000e-05	-2.138902e-02	-1.522226e+01
4.386000e-05	-2.283902e-02	-1.522581e+01
4.387000e-05	-2.015557e-02	-1.532604e+01
4.388000e-05	-2.562639e-02	-1.531912e+01
4.389000e-05	-2.359269e-02	-1.534068e+01
4.390000e-05	-2.659998e-02	-1.538428e+01
4.391000e-05	-2.276802e-02	-1.538424e+01
4.392000e-05	-2.666114e-02	-1.541436e+01
4.393000e-05	-2.703658e-02	-1.545489e+01
4.394000e-05	-2.921666e-02	-1.544479e+01
4.395000e-05	-2.884539e-02	-1.549641e+01
4.396000e-05	-3.024011e-02	-1.548536e+01
4.397000e-05	-3.248245e-02	-1.549379e+01
4.398000e-05	-3.225882e-02	-1.545428e+01
4.399000e-05	-3.474452e-02	-1.539378e+01
4.400000e-05	-3.463414e-02	-1.538266e+01
4.401000e-05	-3.849822e-02	-1.531955e+01
4.402000e-05	-3.839115e-02	-1.530797e+01
4.403000e-05	-4.045847e-02	-1.525631e+01
4.404000e-05	-4.067552e-02	-1.522365e+01
4.405000e-05	-4.345412e-02	-1.516958e+01
4.406000e-05	-4.504913e-02	-1.512694e+01
4.407000e-05	-4.824157e-02	-1.503528e+01
4.408000e-05	-4.903033e-02	-1.498065e+01
4.409000e-05	-5.284899e-02	-1.488792e+01
4.410000e-05	-5.530857e-02	-1.482121e+01
4.411000e-05	-5.796108e-02	-1.475695e+01
4.412000e-05	-5.970880e-02	-1.463177e+01
4.413000e-05	-6.248889e-02	-1.456005e+01
4.414000e-05	-6.527010e-02	-1.445519e+01
4.415000e-05	-6.715307e-02	-1.434847e+01
4.416000e-05	-6.902525e-02	-1.423366e+01
4.417000e-05	-6.954721e-02	-1.409735e+01
4.418000e-05	-6.840268e-02	-1.394010e+01
4.419000e-05	-6.810822e-02	-1.386566e+01
4.420000e-05	-6.740561e-02	-1.368584e+01
4.421000e-05	-6.569686e-02	-1.355045e+01
4.422000e-05	-6.200534e-02	-1.340161e+01
4.423000e-05	-6.012858e-02	-1.326531e+01
4.424000e-05	-5.731431e-02	-1.309787e+01
4.425000e-05	-5.510223e-02	-1.292047e+01
4.426000e-05	-5.091215e-02	-1.279458e+01
4.427000e-05	-4.872465e-02	-1.267466e+01
4.428000e-05	-4.600190e-02	-1.245822e+01
4.429000e-05	-4.378276e-02	-1.231834e+01
4.430000e-05	-4.080374e-02	-1.210797e+01
4.431000e-05	-3.838545e-02	-1.194995e+01
4.432000e-05	-3.675320e-02	-1.171942e+01
4.433000e-05	-3.490752e-02	-1.152889e+01
4.434000e-05	-3.202397e-02	-1.127939e+01
4.435000e-05	-2.876853e-02	-1.106782e+01
4.436000e-05	-2.763767e-02	-1.087774e+01
4.437000e-05	-2.660560e-02	-1.071729e+01
4.438000e-05	-2.407850e-02	-1.048674e+01
4.439000e-05	-2.486859e-02	-1.029624e+01
4.440000e-05	-2.280476e-02	-1.001204e+01
4.441000e-05	-2.212111e-02	-9.853633e+00
4.442000e-05	-1.855542e-02	-9.622553e+00
4.443000e-05	-1.853622e-02	-9.371432e+00
4.444000e-05	-1.695413e-02	-9.150326e+00
4.445000e-05	-1.770612e-02	-8.938847e+00
4.446000e-05	-1.665354e-02	-8.716841e+00
4.447000e-05	-1.392302e-02	-8.425083e+00
4.448000e-05	-1.366018e-02	-8.203081e+00
4.449000e-05	-1.446773e-02	-7.991478e+00
4.450000e-05	-1.279789e-02	-7.648641e+00
4.451000e-05	-1.137063e-02	-7.362458e+00
4.452000e-05	-1.083962e-02	-7.150400e+00
4.453000e-05	-1.182270e-02	-6.888717e+00
4.454000e-05	-1.103865e-02	-6.635581e+00
4.455000e-05	-9.986094e-03	-6.400930e+00
4.456000e-05	-8.341563e-03	-6.119745e+00
4.457000e-05	-8.868212e-03	-5.885108e+00
4.458000e-05	-9.355912e-03	-5.570952e+00
4.459000e-05	-9.573897e-03	-5.297142e+00
4.460000e-05	-8.173353e-03	-4.990451e+00
4.461000e-05	-6.846112e-03	-4.685587e+00
4.462000e-05	-7.497050e-03	-4.421480e+00
4.463000e-05	-8.200371e-03	-4.171450e+00
4.464000e-05	-6.321509e-03	-3.908793e+00
4.465000e-05	-8.020846e-03	-3.612428e+00
4.466000e-05	-7.805857e-03	-3.338850e+00
4.467000e-05	-6.931321e-03	-3.095061e+00
4.468000e-05	-4.877611e-03	-2.749796e+00
4.469000e-05	-4.256384e-03	-2.517689e+00
4.470000e-05	-5.785522e-03	-2.203436e+00
4.471000e-05	-5.364189e-03	-1.907218e+00
4.472000e-05	-5.439148e-03	-1.644509e+00
4.473000e-05	-5.671700e-03	-1.339317e+00
4.474000e-05	-6.136561e-03	-1.022956e+00
4.475000e-05	-4.950304e-03	-7.497972e-01
4.476000e-05	-2.300276e-03	-4.535028e-01
4.477000e-05	-1.127921e-03	-2.103222e-01
4.478000e-05	3.583482e-03	1.013856e-01
4.479000e-05	3.798150e-03	4.092001e-01
4.480000e-05	7.908300e-04	6.207803e-01
4.481000e-05	1.055962e-03	9.334592e-01
4.482000e-05	-1.466682e-03	1.199749e+00
4.483000e-05	1.672484e-03	1.492462e+00
4.484000e-05	3.036846e-03	1.818699e+00
4.485000e-05	1.925841e-02	2.009129e+00
4.486000e-05	6.279555e-02	2.282859e+00
4.487000e-05	2.837656e-02	2.620881e+00
4.488000e-05	-5.673854e-02	2.966597e+00
4.489000e-05	-4.475135e-02	3.200682e+00
4.490000e-05	-1.539242e-02	3.516957e+00
4.491000e-05	-1.217272e-02	3.766545e+00
4.492000e-05	-4.664551e-02	3.895941e+00
4.493000e-05	4.674844e-02	4.218649e+00
4.494000e-05	2.785809e-02	4.485011e+00
4.495000e-05	2.510795e-04	4.735495e+00
4.496000e-05	8.293460e-02	5.031885e+00
4.497000e-05	-7.843823e-02	5.398577e+00
4.498000e-05	1.801841e-02	5.630280e+00
4.499000e-05	1.548713e-03	5.936497e+00
4.500000e-05	2.523710e-03	6.189125e+00
4.501000e-05	1.631641e-02	6.441383e+00
4.502000e-05	-3.018511e-02	6.725992e+00
4.503000e-05	5.768643e-02	7.008676e+00
4.504000e-05	-3.745736e-03	7.240838e+00
4.505000e-05	-1.239664e-02	7.546570e+00
4.506000e-05	-2.464255e-02	7.828729e+00
4.507000e-05	2.860436e-02	8.124489e+00
4.508000e-05	3.575918e-02	8.305569e+00
4.509000e-05	-2.686334e-02	8.546124e+00
4.510000e-05	1.549186e-02	8.748248e+00
4.511000e-05	4.793714e-03	9.021829e+00
4.512000e-05	1.406716e-02	9.241859e+00
4.513000e-05	-2.226713e-03	9.474413e+00
4.514000e-05	-5.124158e-03	9.715567e+00
4.515000e-05	1.909880e-02	9.956595e+00
4.516000e-05	1.666469e-02	1.016917e+01
4.517000e-05	1.567740e-02	1.037925e+01
4.518000e-05	-1.573000e-02	1.061023e+01
4.519000e-05	1.357690e-02	1.084073e+01
4.520000e-05	1.166388e-02	1.099131e+01
4.521000e-05	9.484068e-03	1.118123e+01
4.522000e-05	-3.290455e-03	1.140024e+01
4.523000e-05	1.116864e-02	1.165339e+01
4.524000e-05	2.009538e-02	1.181286e+01
4.525000e-05	1.182676e-02	1.204240e+01
4.526000e-05	2.827770e-03	1.218126e+01
4.527000e-05	3.776723e-03	1.239076e+01
4.528000e-05	1.820334e-02	1.256968e+01
4.529000e-05	9.059413e-03	1.272607e+01
4.530000e-05	4.369400e-03	1.289641e+01
4.531000e-05	5.791224e-03	1.303241e+01
4.532000e-05	2.024764e-02	1.321131e+01
4.533000e-05	1.312764e-02	1.334862e+01
4.534000e-05	7.734750e-03	1.349594e+01
4.535000e-05	5.500628e-03	1.366286e+01
4.536000e-05	1.711039e-02	1.376025e+01
4.537000e-05	1.422884e-02	1.391612e+01
4.538000e-05	6.781734e-03	1.401394e+01
4.539000e-05	8.500224e-03	1.417173e+01
4.540000e-05	1.529431e-02	1.431012e+01
4.541000e-05	1.659890e-02	1.443428e+01
4.542000e-05	9.742835e-03	1.455607e+01
4.543000e-05	1.215783e-02	1.462386e+01
4.544000e-05	1.552632e-02	1.468647e+01
4.545000e-05	1.919247e-02	1.482171e+01
4.546000e-05	1.320034e-02	1.486544e+01
4.547000e-05	1.252580e-02	1.497905e+01
4.548000e-05	1.457664e-02	1.498336e+01
4.549000e-05	1.729133e-02	1.511489e+01
4.550000e-05	1.447506e-02	1.511867e+01
4.551000e-05	1.294094e-02	1.520223e+01
4.552000e-05	1.918452e-02	1.523436e+01
4.553000e-05	2.083443e-02	1.529699e+01
4.554000e-05	1.933826e-02	1.530810e+01
4.555000e-05	1.669484e-02	1.539021e+01
4.556000e-05	1.992075e-02	1.540323e+01
4.557000e-05	2.108561e-02	1.540288e+01
4.558000e-05	2.025578e-02	1.542381e+01
4.559000e-05	1.915222e-02	1.545284e+01
4.560000e-05	2.267741e-02	1.542634e+01
4.561000e-05	2.666288e-02	1.544436e+01
4.562000e-05	2.562361e-02	1.541479e+01
4.563000e-05	2.485035e-02	1.544278e+01
4.564000e-05	2.701475e-02	1.541581e+01
4.565000e-05	3.144505e-02	1.542313e+01
4.566000e-05	3.004535e-02	1.537218e+01
4.567000e-05	2.925464e-02	1.537805e+01
4.568000e-05	3.219133e-02	1.527745e+01
4.569000e-05	3.632978e-02	1.522591e+01
4.570000e-05	3.733640e-02	1.517970e+01
4.571000e-05	3.642174e-02	1.510848e+01
4.572000e-05	3.969613e-02	1.506642e+01
4.573000e-05	4.237178e-02	1.498426e+01
4.574000e-05	4.465537e-02	1.491908e+01
4.575000e-05	4.437983e-02	1.488629e+01
4.576000e-05	4.865310e-02	1.479123e+01
4.577000e-05	5.321114e-02	1.468639e+01
4.578000e-05	5.600626e-02	1.459373e+01
4.579000e-05	5.722572e-02	1.451697e+01
4.580000e-05	5.952260e-02	1.438326e+01
4.581000e-05	6.244229e-02	1.432637e+01
4.582000e-05	6.251507e-02	1.418160e+01
4.583000e-05	6.178928e-02	1.408424e+01
4.584000e-05	6.159867e-02	1.387790e+01
4.585000e-05	6.367641e-02	1.379160e+01
4.586000e-05	6.014266e-02	1.362429e+01
4.587000e-05	5.768200e-02	1.350842e+01
4.588000e-05	5.438943e-02	1.334000e+01
4.589000e-05	5.387729e-02	1.324458e+01
4.590000e-05	4.915679e-02	1.306479e+01
4.591000e-05	4.598836e-02	1.284692e+01
4.592000e-05	4.338269e-02	1.276045e+01
4.593000e-05	4.255242e-02	1.256358e+01
4.594000e-05	3.861337e-02	1.241468e+01
4.595000e-05	3.470980e-02	1.224521e+01
4.596000e-05	3.195939e-02	1.202622e+01
4.597000e-05	3.056499e-02	1.189532e+01
4.598000e-05	2.826148e-02	1.168674e+01
4.599000e-05	2.404809e-02	1.148832e+01
4.600000e-05	2.332769e-02	1.124566e+01
4.601000e-05	2.224370e-02	1.104621e+01
4.602000e-05	2.079521e-02	1.082519e+01
4.603000e-05	1.780342e-02	1.064576e+01
4.604000e-05	1.661188e-02	1.040351e+01
4.605000e-05	1.648903e-02	1.023511e+01
4.606000e-05	1.445018e-02	9.963056e+00
4.607000e-05	1.167400e-02	9.741505e+00
4.608000e-05	1.007216e-02	9.548870e+00
4.609000e-05	1.042070e-02	9.327347e+00
4.610000e-05	1.036023e-02	9.116841e+00
4.611000e-05	7.883241e-03	8.825660e+00
4.612000e-05	5.402614e-03	8.633687e+00
4.613000e-05	6.462130e-03	8.382429e+00
4.614000e-05	6.440157e-03	8.140947e+00
4.615000e-05	4.211178e-03	7.897243e+00
4.616000e-05	3.533337e-03	7.613511e+00
4.617000e-05	4.731842e-03	7.342450e+00
4.618000e-05	4.653183e-03	7.098788e+00
4.619000e-05	2.675045e-03	6.835584e+00
4.620000e-05	5.928837e-05	6.573454e+00
4.621000e-05	9.906654e-04	6.308738e+00
4.622000e-05	1.595397e-03	6.075665e+00
4.623000e-05	3.118416e-04	5.803031e+00
4.624000e-05	-6.401893e-04	5.519293e+00
4.625000e-05	-8.698939e-04	5.245109e+00
4.626000e-05	1.566255e-03	4.877717e+00
4.627000e-05	1.066437e-04	4.613608e+00
4.628000e-05	-1.310879e-03	4.362369e+00
4.629000e-05	-2.072643e-03	4.045613e+00
4.630000e-05	-2.153744e-03	3.791953e+00
4.631000e-05	-3.085770e-03	3.530341e+00
4.632000e-05	-3.248067e-03	3.254004e+00
4.633000e-05	-2.761508e-03	2.990849e+00
4.634000e-05	-2.079955e-03	2.729241e+00
4.635000e-05	-1.631734e-03	2.402375e+00
4.636000e-05	-2.752448e-03	2.118821e+00
4.637000e-05	-3.681097e-03	1.847086e+00
4.638000e-05	-4.413482e-03	1.560323e+00
4.639000e-05	-4.390164e-03	1.245084e+00
4.640000e-05	-5.187883e-03	9.382443e-01
4.641000e-05	-4.388503e-03	6.634840e-01
4.642000e-05	-2.723551e-03	3.608762e-01
4.643000e-05	-1.643697e-03	8.453278e-02
4.644000e-05	3.411261e-03	-1.985989e-01
4.645000e-05	1.742045e-03	-4.111804e-01
4.646000e-05	-3.044746e-03	-6.959435e-01
4.647000e-05	-4.133734e-03	-1.008095e+00
4.648000e-05	-4.620827e-03	-1.292904e+00
4.649000e-05	-2.998287e-03	-1.557070e+00
4.650000e-05	7.128150e-03	-1.808099e+00
4.651000e-05	5.177668e-02	-1.979203e+00
4.652000e-05	5.920357e-02	-2.345441e+00
4.653000e-05	-6.161487e-02	-2.683437e+00
4.654000e-05	-4.686230e-02	-3.073908e+00
4.655000e-05	-3.812780e-02	-3.357520e+00
4.656000e-05	-2.735923e-02	-3.598023e+00
4.657000e-05	-3.739738e-02	-3.880785e+00
4.658000e-05	9.734051e-02	-4.012106e+00
4.659000e-05	-6.939189e-02	-4.251884e+00
4.660000e-05	4.181947e-02	-4.538500e+00
4.661000e-05	5.753684e-02	-4.806672e+00
4.662000e-05	-1.068506e-01	-5.124167e+00
4.663000e-05	5.603516e-02	-5.421808e+00
4.664000e-05	-1.076327e-01	-5.683989e+00
4.665000e-05	5.400421e-02	-5.927072e+00
4.666000e-05	8.383148e-03	-6.239700e+00
4.667000e-05	-4.153203e-02	-6.535517e+00
4.668000e-05	6.930975e-02	-6.756619e+00
4.669000e-05	-7.135044e-02	-7.072941e+00
4.670000e-05	2.731402e-02	-7.337046e+00
4.671000e-05	-5.388462e-02	-7.567200e+00
4.672000e-05	-3.662306e-04	-7.903289e+00
4.673000e-05	2.643616e-02	-8.095492e+00
4.674000e-05	-4.460429e-02	-8.398173e+00
4.675000e-05	5.168559e-02	-8.611332e+00
4.676000e-05	-6.551056e-02	-8.833887e+00
4.677000e-05	2.219464e-02	-9.063893e+00
4.678000e-05	-3.577852e-02	-9.334517e+00
4.679000e-05	-2.153540e-03	-9.566150e+00
4.680000e-05	4.687741e-04	-9.778100e+00
4.681000e-05	-2.107117e-02	-9.989776e+00
4.682000e-05	2.028206e-02	-1.022091e+01
4.683000e-05	-4.569544e-02	-1.044241e+01
4.684000e-05	1.491783e-02	-1.066329e+01
4.685000e-05	-4.283035e-02	-1.085336e+01
4.686000e-05	1.468383e-02	-1.104344e+01
4.687000e-05	-2.777658e-02	-1.127239e+01
4.688000e-05	3.007043e-03	-1.147699e+01
4.689000e-05	-1.507561e-02	-1.169554e+01
4.690000e-05	-8.981974e-03	-1.189552e+01
4.691000e-05	-1.486842e-02	-1.210496e+01
4.692000e-05	-2.276911e-02	-1.224339e+01
4.693000e-05	-2.824991e-03	-1.244388e+01
4.694000e-05	-2.194588e-02	-1.259075e+01
4.695000e-05	-6.832770e-04	-1.277160e+01
4.696000e-05	-2.557323e-02	-1.292802e+01
4.697000e-05	-4.097268e-04	-1.310449e+01
4.698000e-05	-2.553689e-02	-1.327194e+01
4.699000e-05	-7.299255e-03	-1.338033e+01
4.700000e-05	-2.524438e-02	-1.351809e+01
4.701000e-05	-9.486552e-03	-1.369597e+01
4.702000e-05	-1.637883e-02	-1.381336e+01
4.703000e-05	-1.452207e-02	-1.394975e+01
4.704000e-05	-1.630678e-02	-1.411446e+01
4.705000e-05	-1.827439e-02	-1.423183e+01
4.706000e-05	-1.261222e-02	-1.437397e+01
4.707000e-05	-2.227959e-02	-1.444133e+01
4.708000e-05	-1.538498e-02	-1.451815e+01
4.709000e-05	-2.142781e-02	-1.464286e+01
4.710000e-05	-1.223990e-02	-1.473705e+01
4.711000e-05	-2.239090e-02	-1.480420e+01
4.712000e-05	-1.717387e-02	-1.490545e+01
4.713000e-05	-2.344225e-02	-1.497020e+01
4.714000e-05	-1.707470e-02	-1.502184e+01
4.715000e-05	-2.232654e-02	-1.510694e+01
4.716000e-05	-2.043157e-02	-1.515915e+01
4.717000e-05	-2.193943e-02	-1.521133e+01
4.718000e-05	-1.964257e-02	-1.524639e+01
4.719000e-05	-2.291873e-02	-1.532797e+01
4.720000e-05	-2.597766e-02	-1.535915e+01
4.721000e-05	-2.480876e-02	-1.537123e+01
4.722000e-05	-2.533098e-02	-1.538376e+01
4.723000e-05	-2.323746e-02	-1.542478e+01
4.724000e-05	-2.893509e-02	-1.544281e+01
4.725000e-05	-2.622080e-02	-1.546434e+01
4.726000e-05	-2.905355e-02	-1.543436e+01
4.727000e-05	-2.871674e-02	-1.547587e+01
4.728000e-05	-3.290835e-02	-1.544484e+01
4.729000e-05	-3.204356e-02	-1.542381e+01
4.730000e-05	-3.279910e-02	-1.542471e+01
4.731000e-05	-3.409268e-02	-1.537166e+01
4.732000e-05	-3.711873e-02	-1.538225e+01
4.733000e-05	-3.939582e-02	-1.531857e+01
4.734000e-05	-3.908065e-02	-1.529737e+01
4.735000e-05	-4.060199e-02	-1.527528e+01
4.736000e-05	-4.254913e-02	-1.520268e+01
4.737000e-05	-4.470500e-02	-1.512952e+01
4.738000e-05	-4.514876e-02	-1.505431e+01
4.739000e-05	-4.767842e-02	-1.499176e+01
4.740000e-05	-5.101079e-02	-1.493157e+01
4.741000e-05	-5.509014e-02	-1.483537e+01
4.742000e-05	-5.559894e-02	-1.475063e+01
4.743000e-05	-5.827993e-02	-1.471729e+01
4.744000e-05	-6.097184e-02	-1.460268e+01
4.745000e-05	-6.487743e-02	-1.449682e+01
4.746000e-05	-6.552822e-02	-1.438316e+01
4.747000e-05	-6.688550e-02	-1.429642e+01
4.748000e-05	-6.849585e-02	-1.413960e+01
4.749000e-05	-6.967365e-02	-1.404431e+01
4.750000e-05	-6.924950e-02	-1.390792e+01
4.751000e-05	-6.716230e-02	-1.377203e+01
4.752000e-05	-6.658542e-02	-1.367379e+01
4.753000e-05	-6.520956e-02	-1.347634e+01
4.754000e-05	-6.183217e-02	-1.335948e+01
4.755000e-05	-5.896605e-02	-1.322216e+01
4.756000e-05	-5.566409e-02	-1.307724e+01
4.757000e-05	-5.366202e-02	-1.288684e+01
4.758000e-05	-5.004014e-02	-1.273997e+01
4.759000e-05	-4.688530e-02	-1.256203e+01
4.760000e-05	-4.498744e-02	-1.239163e+01
4.761000e-05	-4.381088e-02	-1.221326e+01
4.762000e-05	-4.025403e-02	-1.203566e+01
4.763000e-05	-3.682044e-02	-1.186524e+01
4.764000e-05	-3.524379e-02	-1.161371e+01
4.765000e-05	-3.434058e-02	-1.144266e+01
4.766000e-05	-3.047928e-02	-1.120158e+01
4.767000e-05	-2.728297e-02	-1.098953e+01
4.768000e-05	-2.683670e-02	-1.080158e+01
4.769000e-05	-2.598554e-02	-1.062456e+01
4.770000e-05	-2.462041e-02	-1.041363e+01
4.771000e-05	-2.259829e-02	-1.014245e+01
4.772000e-05	-2.136823e-02	-9.950422e+00
4.773000e-05	-2.111932e-02	-9.748900e+00
4.774000e-05	-2.008591e-02	-9.540847e+00
4.775000e-05	-1.764165e-02	-9.278166e+00
4.776000e-05	-1.651594e-02	-9.065663e+00
4.777000e-05	-1.633759e-02	-8.824632e+00
4.778000e-05	-1.638103e-02	-8.601981e+00
4.779000e-05	-1.417792e-02	-8.329871e+00
4.780000e-05	-1.307618e-02	-8.108389e+00
4.781000e-05	-1.290783e-02	-7.885594e+00
4.782000e-05	-1.283544e-02	-7.583477e+00
4.783000e-05	-1.121819e-02	-7.320368e+00
4.784000e-05	-1.213746e-02	-7.046139e+00
4.785000e-05	-1.051251e-02	-6.802949e+00
4.786000e-05	-1.125966e-02	-6.548347e+00
4.787000e-05	-9.232555e-03	-6.279267e+00
4.788000e-05	-1.002369e-02	-6.044006e+00
4.789000e-05	-8.625222e-03	-5.761422e+00
4.790000e-05	-9.536452e-03	-5.484664e+00
4.791000e-05	-8.137316e-03	-5.192400e+00
4.792000e-05	-7.998486e-03	-4.826614e+00
4.793000e-05	-7.638083e-03	-4.569400e+00
4.794000e-05	-7.850173e-03	-4.390867e+00
4.795000e-05	-6.862910e-03	-4.066636e+00
4.796000e-05	-7.582468e-03	-3.812882e+00
4.797000e-05	-7.122650e-03	-3.528217e+00
4.798000e-05	-7.775280e-03	-3.243530e+00
4.799000e-05	-6.037824e-03	-2.938225e+00
4.800000e-05	-5.461675e-03	-2.675065e+00
4.801000e-05	-4.954675e-03	-2.422949e+00
4.802000e-05	-5.107099e-03	-2.106087e+00
4.803000e-05	-5.459259e-03	-1.853480e+00
4.804000e-05	-5.717082e-03	-1.549821e+00
4.805000e-05	-6.109019e-03	-1.183924e+00
4.806000e-05	-4.591642e-03	-9.181969e-01
4.807000e-05	-4.111198e-03	-6.644803e-01
4.808000e-05	-2.183363e-03	-3.493172e-01
4.809000e-05	-4.190722e-04	-9.305917e-02
4.810000e-05	8.056135e-03	1.877189e-01
4.811000e-05	1.850980e-03	5.034369e-01
4.812000e-05	5.150583e-04	7.059636e-01
4.813000e-05	-1.076224e-03	9.987551e-01
4.814000e-05	1.900916e-03	1.313886e+00
4.815000e-05	2.589001e-04	1.601780e+00
4.816000e-05	7.031073e-03	1.891838e+00
4.817000e-05	3.125298e-02	2.074989e+00
4.818000e-05	7.236385e-02	2.408652e+00
4.819000e-05	-1.482328e-02	2.788695e+00
4.820000e-05	-5.971755e-02	3.041855e+00
4.821000e-05	-3.833321e-02	3.325541e+00
4.822000e-05	-1.600380e-03	3.608179e+00
4.823000e-05	-2.937857e-02	3.801759e+00
4.824000e-05	-2.906628e-02	4.038274e+00
4.825000e-05	7.394514e-02	4.325088e+00
4.826000e-05	-1.630817e-02	4.611703e+00
4.827000e-05	6.112695e-02	4.861850e+00
4.828000e-05	1.910654e-02	5.168775e+00
4.829000e-05	-6.581750e-02	5.483791e+00
4.830000e-05	3.987189e-02	5.767067e+00
4.831000e-05	-1.920774e-02	6.020705e+00
4.832000e-05	2.680719e-02	6.255358e+00
4.833000e-05	-1.690234e-02	6.528121e+00
4.834000e-05	4.681278e-03	6.830380e+00
4.835000e-05	4.921992e-02	7.084916e+00
4.836000e-05	-1.967093e-02	7.388151e+00
4.837000e-05	-1.198235e-02	7.630753e+00
4.838000e-05	-1.617302e-02	7.887092e+00
4.839000e-05	5.179762e-02	8.179728e+00
4.840000e-05	5.407551e-03	8.412650e+00
4.841000e-05	-1.958040e-02	8.622282e+00
4.842000e-05	2.382705e-02	8.874385e+00
4.843000e-05	-6.255398e-04	9.093567e+00
4.844000e-05	1.888218e-02	9.318066e+00
4.845000e-05	-1.784699e-02	9.545644e+00
4.846000e-05	1.000027e-02	9.800251e+00
4.847000e-05	1.646077e-02	1.003228e+01
4.848000e-05	2.169761e-02	1.024328e+01
4.849000e-05	-1.355401e-03	1.048289e+01
4.850000e-05	-1.266019e-02	1.067392e+01
4.851000e-05	2.246282e-02	1.090439e+01
4.852000e-05	7.917597e-03	1.106494e+01
4.853000e-05	9.022713e-03	1.128609e+01
4.854000e-05	-5.340076e-03	1.153667e+01
4.855000e-05	2.353056e-02	1.169609e+01
4.856000e-05	1.593893e-02	1.196699e+01
4.857000e-05	6.606986e-03	1.210504e+01
4.858000e-05	-4.769564e-03	1.226446e+01
4.859000e-05	1.071066e-02	1.247344e+01
4.860000e-05	1.986950e-02	1.260384e+01
4.861000e-05	5.486101e-03	1.274765e+01
4.862000e-05	4.733572e-03	1.291763e+01
4.863000e-05	1.058020e-02	1.309459e+01
4.864000e-05	2.262366e-02	1.322391e+01
4.865000e-05	6.442484e-03	1.341227e+01
4.866000e-05	2.713204e-03	1.354862e+01
4.867000e-05	7.928059e-03	1.369552e+01
4.868000e-05	2.013842e-02	1.381336e+01
4.869000e-05	1.215623e-02	1.395025e+01
4.870000e-05	5.714508e-03	1.406455e+01
4.871000e-05	1.174968e-02	1.423346e+01
4.872000e-05	1.870017e-02	1.431018e+01
4.873000e-05	1.409474e-02	1.447554e+01
4.874000e-05	5.077159e-03	1.456965e+01
4.875000e-05	1.248005e-02	1.466441e+01
4.876000e-05	1.805097e-02	1.472902e+01
4.877000e-05	1.854048e-02	1.482484e+01
4.878000e-05	8.718097e-03	1.491844e+01
4.879000e-05	1.260674e-02	1.496225e+01
4.880000e-05	1.902495e-02	1.501381e+01
4.881000e-05	1.880094e-02	1.510704e+01
4.882000e-05	1.263739e-02	1.513910e+01
4.883000e-05	1.277328e-02	1.522184e+01
4.884000e-05	2.121463e-02	1.523742e+01
4.885000e-05	2.055318e-02	1.528805e+01
4.886000e-05	1.467527e-02	1.538063e+01
4.887000e-05	1.527807e-02	1.538268e+01
4.888000e-05	2.389352e-02	1.539233e+01
4.889000e-05	2.445648e-02	1.541386e+01
4.890000e-05	1.953605e-02	1.543428e+01
4.891000e-05	1.812299e-02	1.545444e+01
4.892000e-05	2.473716e-02	1.542541e+01
4.893000e-05	2.783237e-02	1.541381e+01
4.894000e-05	2.367271e-02	1.544474e+01
4.895000e-05	2.359702e-02	1.544333e+01
4.896000e-05	2.996549e-02	1.540316e+01
4.897000e-05	3.496788e-02	1.535270e+01
4.898000e-05	3.024190e-02	1.535016e+01
4.899000e-05	2.863824e-02	1.531860e+01
4.900000e-05	3.346553e-02	1.526594e+01
4.901000e-05	3.776379e-02	1.524544e+01
4.902000e-05	3.671538e-02	1.519073e+01
4.903000e-05	3.501337e-02	1.511710e+01
4.904000e-05	4.025482e-02	1.506439e+01
4.905000e-05	4.624671e-02	1.498170e+01
4.906000e-05	4.595964e-02	1.491999e+01
4.907000e-05	4.486933e-02	1.484486e+01
4.908000e-05	4.983914e-02	1.478158e+01
4.909000e-05	5.532959e-02	1.462591e+01
4.910000e-05	5.748320e-02	1.455006e+01
4.911000e-05	5.672672e-02	1.444791e+01
4.912000e-05	6.037413e-02	1.436161e+01
4.913000e-05	6.269511e-02	1.426786e+01
4.914000e-05	6.404421e-02	1.412009e+01
4.915000e-05	6.075220e-02	1.403371e+01
4.916000e-05	6.125120e-02	1.384679e+01
4.917000e-05	6.182687e-02	1.373097e+01
4.918000e-05	6.082001e-02	1.357408e+01
4.919000e-05	5.641626e-02	1.344484e+01
4.920000e-05	5.282053e-02	1.331937e+01
4.921000e-05	5.204434e-02	1.314095e+01
4.922000e-05	4.942708e-02	1.301468e+01
4.923000e-05	4.462664e-02	1.285574e+01
4.924000e-05	4.129878e-02	1.269834e+01
4.925000e-05	4.056832e-02	1.254992e+01
4.926000e-05	3.789427e-02	1.235050e+01
4.927000e-05	3.486134e-02	1.216263e+01
4.928000e-05	2.998291e-02	1.197356e+01
4.929000e-05	2.936512e-02	1.180468e+01
4.930000e-05	2.808698e-02	1.161208e+01
4.931000e-05	2.492819e-02	1.137308e+01
4.932000e-05	2.169629e-02	1.118103e+01
4.933000e-05	2.081836e-02	1.100150e+01
4.934000e-05	2.044059e-02	1.079248e+01
4.935000e-05	1.794322e-02	1.057110e+01
4.936000e-05	1.471127e-02	1.035093e+01
4.937000e-05	1.432325e-02	1.012937e+01
4.938000e-05	1.517441e-02	9.919800e+00
4.939000e-05	1.230832e-02	9.666717e+00
4.940000e-05	1.012533e-02	9.445714e+00
4.941000e-05	9.360101e-03	9.226179e+00
4.942000e-05	1.020438e-02	8.995109e+00
4.943000e-05	8.501741e-03	8.808972e+00
4.944000e-05	5.959801e-03	8.529446e+00
4.945000e-05	5.614796e-03	8.328866e+00
4.946000e-05	6.429622e-03	8.025240e+00
4.947000e-05	5.602190e-03	7.804550e+00
4.948000e-05	3.696649e-03	7.539873e+00
4.949000e-05	3.441585e-03	7.257034e+00
4.950000e-05	3.993223e-03	7.035008e+00
4.951000e-05	3.569868e-03	6.779946e+00
4.952000e-05	1.922213e-03	6.486690e+00
4.953000e-05	5.220123e-04	6.243982e+00
4.954000e-05	2.641055e-03	5.962025e+00
4.955000e-05	1.592561e-03	5.677718e+00
4.956000e-05	8.634757e-04	5.445608e+00
4.957000e-05	-1.098581e-03	5.149845e+00
4.958000e-05	-4.296134e-04	4.781979e+00
4.959000e-05	1.884877e-04	4.548796e+00
4.960000e-05	-1.996867e-04	4.276658e+00
4.961000e-05	-1.674761e-03	3.960922e+00
4.962000e-05	-1.592360e-03	3.696691e+00
4.963000e-05	-1.227283e-03	3.455560e+00
4.964000e-05	-1.558946e-03	3.128818e+00
4.965000e-05	-3.770773e-03	2.916065e+00
4.966000e-05	-3.877835e-03	2.580430e+00
4.967000e-05	-2.059326e-03	2.275641e+00
4.968000e-05	-2.327500e-03	2.062979e+00
4.969000e-05	-3.673736e-03	1.780746e+00
4.970000e-05	-4.197711e-03	1.466608e+00
4.971000e-05	-2.428724e-03	1.160320e+00
4.972000e-05	-3.577158e-03	8.229250e-01
4.973000e-05	-4.242795e-03	5.587158e-01
4.974000e-05	-4.033240e-03	2.661329e-01
4.975000e-05	-1.274563e-03	-4.970276e-02
4.976000e-05	5.386610e-03	-2.728855e-01
4.977000e-05	-1.383852e-03	-5.355159e-01
4.978000e-05	-1.891827e-03	-7.901753e-01
4.979000e-05	-4.398370e-03	-1.091883e+00
4.980000e-05	-1.225061e-03	-1.380077e+00
4.981000e-05	-2.220284e-03	-1.631733e+00
4.982000e-05	1.522422e-02	-1.863836e+00
4.983000e-05	7.546950e-02	-2.083814e+00
4.984000e-05	1.286002e-02	-2.438858e+00
4.985000e-05	-6.879322e-02	-2.838256e+00
4.986000e-05	-4.263392e-02	-3.168150e+00
4.987000e-05	-2.932534e-02	-3.450180e+00
4.988000e-05	-4.388323e-02	-3.641333e+00
4.989000e-05	1.641476e-02	-3.906017e+00
4.990000e-05	7.017867e-02	-4.124365e+00
4.991000e-05	-9.258974e-02	-4.367599e+00
4.992000e-05	1.224004e-01	-4.612707e+00
4.993000e-05	-4.743756e-02	-4.913941e+00
4.994000e-05	-3.612464e-02	-5.250804e+00
4.995000e-05	1.422695e-02	-5.504512e+00
4.996000e-05	-9.124575e-02	-5.799230e+00
4.997000e-05	1.017365e-01	-6.063283e+00
4.998000e-05	-6.454253e-02	-6.305018e+00
4.999000e-05	3.131662e-02	-6.629708e+00
