# 260929_11:50:30.091374
t	CH1	CH2
0.000000e+00	5.240624e-03	-2.946895e-01
1.000000e-08	-4.835300e-03	-4.887020e-01
2.000000e-08	-1.859301e-03	-7.792960e-01
3.000000e-08	-6.521302e-03	-9.472684e-01
4.000000e-08	-1.127502e-03	-1.149316e+00
5.000000e-08	-3.362824e-03	-1.401522e+00
6.000000e-08	1.806347e-02	-1.632051e+00
7.000000e-08	9.388414e-02	-1.802548e+00
8.000000e-08	-3.770536e-02	-2.087735e+00
9.000000e-08	-5.087110e-02	-2.463653e+00
1.000000e-07	-5.465620e-02	-2.705236e+00
1.100000e-07	-6.793097e-02	-2.896629e+00
1.200000e-07	3.644383e-02	-3.085659e+00
1.300000e-07	1.134515e-01	-3.221000e+00
1.400000e-07	-1.950884e-01	-3.474581e+00
1.500000e-07	1.575419e-01	-3.631952e+00
1.600000e-07	1.221365e-02	-3.833495e+00
1.700000e-07	-8.605648e-02	-4.127212e+00
1.800000e-07	1.081541e-01	-4.286764e+00
1.900000e-07	-1.946151e-01	-4.506807e+00
2.000000e-07	7.159297e-02	-4.798915e+00
2.100000e-07	7.170463e-02	-4.938818e+00
2.200000e-07	-1.009869e-01	-5.262973e+00
2.300000e-07	9.749066e-02	-5.505077e+00
2.400000e-07	-1.115775e-01	-5.655678e+00
2.500000e-07	4.773662e-02	-5.898232e+00
2.600000e-07	2.554672e-02	-6.073626e+00
2.700000e-07	-1.351925e-01	-6.337737e+00
2.800000e-07	1.086383e-01	-6.487185e+00
2.900000e-07	-8.547168e-02	-6.708236e+00
3.000000e-07	1.076038e-01	-6.907760e+00
3.100000e-07	-8.721594e-02	-7.079761e+00
3.200000e-07	-4.895092e-02	-7.319241e+00
3.300000e-07	8.457838e-02	-7.498684e+00
3.400000e-07	-9.533497e-02	-7.781760e+00
3.500000e-07	7.465600e-02	-7.920311e+00
3.600000e-07	-1.026879e-01	-8.116637e+00
3.700000e-07	6.533684e-02	-8.276208e+00
3.800000e-07	-9.894703e-03	-8.424528e+00
3.900000e-07	-4.353086e-02	-8.615030e+00
4.000000e-07	5.039523e-03	-8.762471e+00
4.100000e-07	-5.701315e-02	-9.000843e+00
4.200000e-07	6.833262e-02	-9.111263e+00
4.300000e-07	-6.812480e-02	-9.286755e+00
4.400000e-07	1.486695e-02	-9.475527e+00
4.500000e-07	-3.223868e-02	-9.584348e+00
4.600000e-07	1.373567e-02	-9.761343e+00
4.700000e-07	-1.566229e-02	-9.887157e+00
4.800000e-07	-4.245952e-02	-1.006460e+01
4.900000e-07	8.025846e-03	-1.018934e+01
5.000000e-07	-1.698487e-02	-1.036124e+01
5.100000e-07	1.294604e-02	-1.047713e+01
5.200000e-07	-4.867803e-02	-1.058190e+01
5.300000e-07	2.005342e-03	-1.070768e+01
5.400000e-07	-1.616770e-02	-1.079392e+01
5.500000e-07	-7.498781e-04	-1.094979e+01
5.600000e-07	-3.538911e-02	-1.105452e+01
5.700000e-07	-1.489238e-02	-1.115929e+01
5.800000e-07	-1.416077e-03	-1.129656e+01
5.900000e-07	-1.260051e-02	-1.138439e+01
6.000000e-07	-1.810765e-02	-1.148555e+01
6.100000e-07	-3.174283e-02	-1.156236e+01
6.200000e-07	2.107704e-03	-1.167765e+01
6.300000e-07	-2.047974e-02	-1.180239e+01
6.400000e-07	-1.609140e-02	-1.185766e+01
6.500000e-07	-2.965788e-02	-1.196079e+01
6.600000e-07	-4.326860e-03	-1.200360e+01
6.700000e-07	-1.295573e-02	-1.207871e+01
6.800000e-07	-2.178089e-02	-1.215984e+01
6.900000e-07	-2.539133e-02	-1.224250e+01
7.000000e-07	-1.671165e-02	-1.226658e+01
7.100000e-07	-9.045845e-03	-1.230821e+01
7.200000e-07	-2.511060e-02	-1.233026e+01
7.300000e-07	-2.298656e-02	-1.239294e+01
7.400000e-07	-1.968861e-02	-1.242297e+01
7.500000e-07	-1.181242e-02	-1.243505e+01
7.600000e-07	-2.418974e-02	-1.249766e+01
7.700000e-07	-2.741445e-02	-1.250768e+01
7.800000e-07	-2.006414e-02	-1.256024e+01
7.900000e-07	-1.493156e-02	-1.252079e+01
8.000000e-07	-2.234573e-02	-1.257244e+01
8.100000e-07	-2.861443e-02	-1.256344e+01
8.200000e-07	-2.514358e-02	-1.256032e+01
8.300000e-07	-1.920677e-02	-1.256082e+01
8.400000e-07	-2.432864e-02	-1.254184e+01
8.500000e-07	-3.086322e-02	-1.255926e+01
8.600000e-07	-2.738512e-02	-1.249929e+01
8.700000e-07	-2.340271e-02	-1.248923e+01
8.800000e-07	-2.513622e-02	-1.247761e+01
8.900000e-07	-3.451661e-02	-1.243603e+01
9.000000e-07	-3.120265e-02	-1.238190e+01
9.100000e-07	-2.731173e-02	-1.237132e+01
9.200000e-07	-2.806461e-02	-1.230781e+01
9.300000e-07	-3.575112e-02	-1.224568e+01
9.400000e-07	-3.651655e-02	-1.222348e+01
9.500000e-07	-3.059053e-02	-1.216129e+01
9.600000e-07	-3.258765e-02	-1.211865e+01
9.700000e-07	-3.825709e-02	-1.204448e+01
9.800000e-07	-4.039308e-02	-1.195192e+01
9.900000e-07	-3.598015e-02	-1.193563e+01
1.000000e-06	-3.709941e-02	-1.182247e+01
1.010000e-06	-4.270909e-02	-1.171826e+01
1.020000e-06	-4.616041e-02	-1.160399e+01
1.030000e-06	-4.346640e-02	-1.153871e+01
1.040000e-06	-4.149782e-02	-1.141050e+01
1.050000e-06	-4.661898e-02	-1.130723e+01
1.060000e-06	-4.982043e-02	-1.116087e+01
1.070000e-06	-4.756843e-02	-1.103553e+01
1.080000e-06	-4.541551e-02	-1.096779e+01
1.090000e-06	-4.856430e-02	-1.084453e+01
1.100000e-06	-5.189109e-02	-1.075836e+01
1.110000e-06	-4.923412e-02	-1.064240e+01
1.120000e-06	-4.591803e-02	-1.048971e+01
1.130000e-06	-4.589958e-02	-1.038039e+01
1.140000e-06	-4.851380e-02	-1.027350e+01
1.150000e-06	-4.697529e-02	-1.006863e+01
1.160000e-06	-4.182015e-02	-9.948761e+00
1.170000e-06	-4.043217e-02	-9.811422e+00
1.180000e-06	-4.278701e-02	-9.645632e+00
1.190000e-06	-4.143362e-02	-9.548267e+00
1.200000e-06	-3.677536e-02	-9.349865e+00
1.210000e-06	-3.505381e-02	-9.193522e+00
1.220000e-06	-3.588542e-02	-9.021103e+00
1.230000e-06	-3.572880e-02	-8.895606e+00
1.240000e-06	-3.184632e-02	-8.746710e+00
1.250000e-06	-2.899835e-02	-8.527788e+00
1.260000e-06	-2.944395e-02	-8.359391e+00
1.270000e-06	-2.954297e-02	-8.212477e+00
1.280000e-06	-2.579744e-02	-8.042052e+00
1.290000e-06	-2.336653e-02	-7.853573e+00
1.300000e-06	-2.422809e-02	-7.643528e+00
1.310000e-06	-2.481597e-02	-7.422528e+00
1.320000e-06	-2.218214e-02	-7.173976e+00
1.330000e-06	-2.017068e-02	-7.044455e+00
1.340000e-06	-2.046529e-02	-6.812529e+00
1.350000e-06	-1.999926e-02	-6.632579e+00
1.360000e-06	-1.806999e-02	-6.484208e+00
1.370000e-06	-1.570467e-02	-6.263657e+00
1.380000e-06	-1.729132e-02	-6.044082e+00
1.390000e-06	-1.573174e-02	-5.831625e+00
1.400000e-06	-1.436184e-02	-5.632153e+00
1.410000e-06	-1.293986e-02	-5.431498e+00
1.420000e-06	-1.448933e-02	-5.179844e+00
1.430000e-06	-1.370819e-02	-4.926840e+00
1.440000e-06	-1.356895e-02	-4.694608e+00
1.450000e-06	-1.054270e-02	-4.495109e+00
1.460000e-06	-1.069926e-02	-4.295712e+00
1.470000e-06	-8.833862e-03	-4.124661e+00
1.480000e-06	-1.100633e-02	-3.882654e+00
1.490000e-06	-8.094648e-03	-3.622033e+00
1.500000e-06	-9.684819e-03	-3.420479e+00
1.510000e-06	-8.348154e-03	-3.200928e+00
1.520000e-06	-1.056255e-02	-2.947319e+00
1.530000e-06	-7.105047e-03	-2.734313e+00
1.540000e-06	-7.004607e-03	-2.503812e+00
1.550000e-06	-5.404595e-03	-2.292733e+00
1.560000e-06	-6.905859e-03	-2.002633e+00
1.570000e-06	-7.419656e-03	-1.809553e+00
1.580000e-06	-6.654141e-03	-1.601523e+00
1.590000e-06	-6.228192e-03	-1.314816e+00
1.600000e-06	-5.568712e-03	-1.073736e+00
1.610000e-06	-6.673134e-03	-8.520838e-01
1.620000e-06	-3.812674e-03	-6.390253e-01
1.630000e-06	-2.762605e-03	-3.768924e-01
1.640000e-06	-2.481609e-03	-1.574462e-01
1.650000e-06	1.242235e-03	3.210764e-02
1.660000e-06	4.232027e-03	3.162880e-01
1.670000e-06	-2.334580e-03	5.063634e-01
1.680000e-06	1.164935e-03	7.257394e-01
1.690000e-06	-2.788881e-03	8.872156e-01
1.700000e-06	2.384116e-03	1.200004e+00
1.710000e-06	1.664911e-03	1.370927e+00
1.720000e-06	1.025196e-02	1.684685e+00
1.730000e-06	5.177385e-02	1.865187e+00
1.740000e-06	5.481291e-02	2.167340e+00
1.750000e-06	-6.239890e-02	2.412472e+00
1.760000e-06	-4.442716e-02	2.695107e+00
1.770000e-06	-3.138067e-02	2.874204e+00
1.780000e-06	-4.076430e-02	2.992001e+00
1.790000e-06	1.325980e-02	3.170392e+00
1.800000e-06	9.757833e-02	3.442550e+00
1.810000e-06	-1.302041e-01	3.621109e+00
1.820000e-06	1.213323e-01	3.810446e+00
1.830000e-06	2.634702e-02	4.035151e+00
1.840000e-06	-5.971718e-02	4.277737e+00
1.850000e-06	5.755722e-02	4.506734e+00
1.860000e-06	-9.427382e-02	4.718263e+00
1.870000e-06	5.219421e-02	4.977922e+00
1.880000e-06	3.111643e-02	5.254532e+00
1.890000e-06	-2.427816e-02	5.496236e+00
1.900000e-06	2.199548e-02	5.674207e+00
1.910000e-06	-1.028933e-02	5.905237e+00
1.920000e-06	9.442549e-03	6.116236e+00
1.930000e-06	2.053697e-03	6.318210e+00
1.940000e-06	-1.530865e-02	6.477211e+00
1.950000e-06	2.654554e-02	6.739842e+00
1.960000e-06	-1.016714e-02	6.917936e+00
1.970000e-06	5.354287e-02	7.117712e+00
1.980000e-06	-3.668862e-02	7.286208e+00
1.990000e-06	-4.940538e-03	7.488310e+00
2.000000e-06	3.200699e-02	7.728687e+00
2.010000e-06	-1.115098e-02	7.908244e+00
2.020000e-06	2.550417e-02	8.129865e+00
2.030000e-06	-2.022788e-02	8.318189e+00
2.040000e-06	3.304639e-02	8.464656e+00
2.050000e-06	-4.535444e-03	8.592451e+00
2.060000e-06	9.290443e-03	8.730874e+00
2.070000e-06	-5.888166e-03	8.941386e+00
2.080000e-06	3.579466e-03	9.110186e+00
2.090000e-06	2.619844e-02	9.276185e+00
2.100000e-06	4.317201e-04	9.413078e+00
2.110000e-06	1.156730e-02	9.590868e+00
2.120000e-06	5.845475e-04	9.729285e+00
2.130000e-06	1.749368e-02	9.918161e+00
2.140000e-06	1.669534e-03	1.004310e+01
2.150000e-06	3.776271e-03	1.019145e+01
2.160000e-06	7.163452e-03	1.030664e+01
2.170000e-06	1.406171e-02	1.039303e+01
2.180000e-06	1.481699e-02	1.054224e+01
2.190000e-06	4.513520e-03	1.068876e+01
2.200000e-06	9.509403e-03	1.080297e+01
2.210000e-06	7.816317e-03	1.094029e+01
2.220000e-06	1.303580e-02	1.101405e+01
2.230000e-06	4.048515e-03	1.111884e+01
2.240000e-06	1.022391e-02	1.120565e+01
2.250000e-06	1.258069e-02	1.134224e+01
2.260000e-06	1.404209e-02	1.143710e+01
2.270000e-06	9.731324e-03	1.158382e+01
2.280000e-06	6.665544e-03	1.166709e+01
2.290000e-06	1.391532e-02	1.175144e+01
2.300000e-06	1.148340e-02	1.183413e+01
2.310000e-06	1.219142e-02	1.188869e+01
2.320000e-06	8.703072e-03	1.196184e+01
2.330000e-06	1.518546e-02	1.206408e+01
2.340000e-06	1.438307e-02	1.207980e+01
2.350000e-06	1.253662e-02	1.219145e+01
2.360000e-06	1.024050e-02	1.223650e+01
2.370000e-06	1.254902e-02	1.227863e+01
2.380000e-06	1.434294e-02	1.230829e+01
2.390000e-06	1.187023e-02	1.236187e+01
2.400000e-06	1.440464e-02	1.239192e+01
2.410000e-06	1.353440e-02	1.242603e+01
2.420000e-06	1.975606e-02	1.249658e+01
2.430000e-06	1.539000e-02	1.250766e+01
2.440000e-06	1.565343e-02	1.247716e+01
2.450000e-06	1.384774e-02	1.252977e+01
2.460000e-06	1.771696e-02	1.251931e+01
2.470000e-06	1.666413e-02	1.252834e+01
2.480000e-06	1.615207e-02	1.250886e+01
2.490000e-06	1.828156e-02	1.250974e+01
2.500000e-06	2.055932e-02	1.250939e+01
2.510000e-06	2.340325e-02	1.252829e+01
2.520000e-06	2.020493e-02	1.248673e+01
2.530000e-06	2.221516e-02	1.247716e+01
2.540000e-06	2.077721e-02	1.241613e+01
2.550000e-06	2.423781e-02	1.240555e+01
2.560000e-06	2.048066e-02	1.237997e+01
2.570000e-06	2.438346e-02	1.234129e+01
2.580000e-06	2.539294e-02	1.229816e+01
2.590000e-06	2.889571e-02	1.225553e+01
2.600000e-06	2.664368e-02	1.221297e+01
2.610000e-06	2.757155e-02	1.213979e+01
2.620000e-06	2.922548e-02	1.204556e+01
2.630000e-06	2.941205e-02	1.198285e+01
2.640000e-06	3.047547e-02	1.189824e+01
2.650000e-06	2.998633e-02	1.184358e+01
2.660000e-06	3.464318e-02	1.177185e+01
2.670000e-06	3.635611e-02	1.168669e+01
2.680000e-06	3.725773e-02	1.160250e+01
2.690000e-06	3.699528e-02	1.145719e+01
2.700000e-06	3.876883e-02	1.138142e+01
2.710000e-06	4.131913e-02	1.126610e+01
2.720000e-06	3.951560e-02	1.115142e+01
2.730000e-06	4.057130e-02	1.104563e+01
2.740000e-06	4.013824e-02	1.099029e+01
2.750000e-06	4.408703e-02	1.082611e+01
2.760000e-06	4.141280e-02	1.073832e+01
2.770000e-06	4.221321e-02	1.063245e+01
2.780000e-06	3.977942e-02	1.045613e+01
2.790000e-06	4.224042e-02	1.035932e+01
2.800000e-06	3.837182e-02	1.019148e+01
2.810000e-06	3.784342e-02	1.005464e+01
2.820000e-06	3.586694e-02	9.958792e+00
2.830000e-06	3.620340e-02	9.749867e+00
2.840000e-06	3.469026e-02	9.600947e+00
2.850000e-06	3.244847e-02	9.455081e+00
2.860000e-06	3.101513e-02	9.336315e+00
2.870000e-06	2.916935e-02	9.169448e+00
2.880000e-06	2.856860e-02	9.001559e+00
2.890000e-06	2.551662e-02	8.823032e+00
2.900000e-06	2.449585e-02	8.665557e+00
2.910000e-06	2.284504e-02	8.506240e+00
2.920000e-06	2.223290e-02	8.337895e+00
2.930000e-06	2.039659e-02	8.179345e+00
2.940000e-06	1.912643e-02	7.959425e+00
2.950000e-06	1.796585e-02	7.821528e+00
2.960000e-06	1.690843e-02	7.612478e+00
2.970000e-06	1.515522e-02	7.421400e+00
2.980000e-06	1.392659e-02	7.190982e+00
2.990000e-06	1.214553e-02	7.002003e+00
3.000000e-06	1.245653e-02	6.861458e+00
3.010000e-06	1.060617e-02	6.634049e+00
3.020000e-06	1.000036e-02	6.400929e+00
3.030000e-06	8.034808e-03	6.182582e+00
3.040000e-06	8.169781e-03	6.012057e+00
3.050000e-06	7.205773e-03	5.860628e+00
3.060000e-06	6.652790e-03	5.579454e+00
3.070000e-06	4.863160e-03	5.360428e+00
3.080000e-06	4.624777e-03	5.149374e+00
3.090000e-06	4.969916e-03	4.885716e+00
3.100000e-06	3.926048e-03	4.653662e+00
3.110000e-06	2.936361e-03	4.473134e+00
3.120000e-06	1.404818e-03	4.272082e+00
3.130000e-06	2.833690e-03	4.032050e+00
3.140000e-06	1.167200e-03	3.790499e+00
3.150000e-06	5.553342e-04	3.620029e+00
3.160000e-06	-1.017809e-03	3.346295e+00
3.170000e-06	-9.397420e-05	3.125816e+00
3.180000e-06	5.928072e-04	2.925216e+00
3.190000e-06	-7.691008e-04	2.705815e+00
3.200000e-06	-1.409925e-03	2.441659e+00
3.210000e-06	-8.572704e-04	2.241553e+00
3.220000e-06	-1.949674e-03	2.011056e+00
3.230000e-06	-2.614071e-03	1.767499e+00
3.240000e-06	-3.794404e-03	1.568293e+00
3.250000e-06	-3.348666e-03	1.315190e+00
3.260000e-06	-2.667024e-03	1.062209e+00
3.270000e-06	-2.979157e-03	7.769549e-01
3.280000e-06	-4.423249e-03	5.779725e-01
3.290000e-06	-2.935569e-03	3.353711e-01
3.300000e-06	-1.815063e-03	3.329291e-02
3.310000e-06	6.986553e-04	-1.268620e-01
3.320000e-06	2.889289e-03	-3.673634e-01
3.330000e-06	-4.581458e-03	-5.392605e-01
3.340000e-06	-1.533301e-03	-8.004959e-01
3.350000e-06	-5.540855e-03	-9.904461e-01
3.360000e-06	-2.746632e-03	-1.188840e+00
3.370000e-06	-3.910204e-03	-1.462101e+00
3.380000e-06	2.647014e-02	-1.634077e+00
3.390000e-06	9.439745e-02	-1.833053e+00
3.400000e-06	-5.393768e-02	-2.146740e+00
3.410000e-06	-4.656400e-02	-2.455134e+00
3.420000e-06	-5.561344e-02	-2.757735e+00
3.430000e-06	-6.801948e-02	-2.926731e+00
3.440000e-06	6.654610e-02	-3.085308e+00
3.450000e-06	7.852933e-02	-3.242074e+00
3.460000e-06	-1.913048e-01	-3.507233e+00
3.470000e-06	1.845346e-01	-3.613503e+00
3.480000e-06	-3.344567e-02	-3.916580e+00
3.490000e-06	-5.122577e-02	-4.170412e+00
3.500000e-06	8.610579e-02	-4.337788e+00
3.510000e-06	-2.006980e-01	-4.569837e+00
3.520000e-06	1.103846e-01	-4.811896e+00
3.530000e-06	3.297370e-02	-4.950441e+00
3.540000e-06	-7.943308e-02	-5.304575e+00
3.550000e-06	9.078914e-02	-5.476627e+00
3.560000e-06	-1.227834e-01	-5.727812e+00
3.570000e-06	7.820717e-02	-5.888186e+00
3.580000e-06	-1.341689e-02	-6.086581e+00
3.590000e-06	-1.076938e-01	-6.323317e+00
3.600000e-06	1.017023e-01	-6.517236e+00
3.610000e-06	-8.800769e-02	-6.718286e+00
3.620000e-06	1.192149e-01	-6.949308e+00
3.630000e-06	-1.201370e-01	-7.140814e+00
3.640000e-06	-8.247645e-03	-7.370867e+00
3.650000e-06	5.649489e-02	-7.520232e+00
3.660000e-06	-8.102430e-02	-7.801411e+00
3.670000e-06	6.744639e-02	-7.951416e+00
3.680000e-06	-1.081103e-01	-8.130312e+00
3.690000e-06	8.197689e-02	-8.307207e+00
3.700000e-06	-3.428242e-02	-8.465526e+00
3.710000e-06	-2.423560e-02	-8.696635e+00
3.720000e-06	-6.971431e-03	-8.823078e+00
3.730000e-06	-4.180600e-02	-8.992446e+00
3.740000e-06	6.113241e-02	-9.138786e+00
3.750000e-06	-7.390091e-02	-9.297710e+00
3.760000e-06	2.337754e-02	-9.496105e+00
3.770000e-06	-4.037598e-02	-9.634502e+00
3.780000e-06	2.209988e-02	-9.790869e+00
3.790000e-06	-2.821731e-02	-9.907658e+00
3.800000e-06	-3.130040e-02	-1.003558e+01
3.810000e-06	6.302765e-03	-1.023247e+01
3.820000e-06	-1.517935e-02	-1.036034e+01
3.830000e-06	7.649951e-03	-1.049713e+01
3.840000e-06	-5.012637e-02	-1.059290e+01
3.850000e-06	7.280430e-03	-1.072774e+01
3.860000e-06	-2.104999e-02	-1.082395e+01
3.870000e-06	2.839531e-04	-1.097189e+01
3.880000e-06	-3.797116e-02	-1.103297e+01
3.890000e-06	-6.177200e-03	-1.120227e+01
3.900000e-06	-5.326459e-03	-1.125713e+01
3.910000e-06	-1.205597e-02	-1.137234e+01
3.920000e-06	-2.240483e-02	-1.149861e+01
3.930000e-06	-2.693711e-02	-1.161137e+01
3.940000e-06	8.534706e-04	-1.167811e+01
3.950000e-06	-2.312801e-02	-1.182484e+01
3.960000e-06	-1.465203e-02	-1.191911e+01
3.970000e-06	-2.791328e-02	-1.196082e+01
3.980000e-06	-1.606546e-03	-1.207600e+01
3.990000e-06	-1.793984e-02	-1.209768e+01
4.000000e-06	-2.230853e-02	-1.219086e+01
4.010000e-06	-2.439053e-02	-1.224295e+01
4.020000e-06	-1.410017e-02	-1.227666e+01
4.030000e-06	-1.157313e-02	-1.229814e+01
4.040000e-06	-2.658282e-02	-1.234032e+01
4.050000e-06	-2.061585e-02	-1.238487e+01
4.060000e-06	-1.836022e-02	-1.241505e+01
4.070000e-06	-1.310305e-02	-1.246853e+01
4.080000e-06	-2.668348e-02	-1.245763e+01
4.090000e-06	-2.432725e-02	-1.251776e+01
4.100000e-06	-2.025996e-02	-1.253021e+01
4.110000e-06	-1.526566e-02	-1.258124e+01
4.120000e-06	-2.564895e-02	-1.258024e+01
4.130000e-06	-2.712127e-02	-1.256132e+01
4.140000e-06	-2.266826e-02	-1.252129e+01
4.150000e-06	-1.853209e-02	-1.259137e+01
4.160000e-06	-2.814315e-02	-1.259131e+01
4.170000e-06	-3.009494e-02	-1.253071e+01
4.180000e-06	-2.760778e-02	-1.251928e+01
4.190000e-06	-2.371206e-02	-1.246866e+01
4.200000e-06	-2.966738e-02	-1.246613e+01
4.210000e-06	-3.191070e-02	-1.243302e+01
4.220000e-06	-2.839287e-02	-1.237382e+01
4.230000e-06	-2.635588e-02	-1.234189e+01
4.240000e-06	-2.966087e-02	-1.232816e+01
4.250000e-06	-3.802056e-02	-1.224660e+01
4.260000e-06	-3.477772e-02	-1.222350e+01
4.270000e-06	-3.234958e-02	-1.219084e+01
4.280000e-06	-3.453582e-02	-1.211721e+01
4.290000e-06	-3.888905e-02	-1.204505e+01
4.300000e-06	-3.796989e-02	-1.195926e+01
4.310000e-06	-3.339523e-02	-1.191758e+01
4.320000e-06	-3.757491e-02	-1.181390e+01
4.330000e-06	-4.510060e-02	-1.169676e+01
4.340000e-06	-4.536786e-02	-1.159342e+01
4.350000e-06	-4.289639e-02	-1.151771e+01
4.360000e-06	-4.394097e-02	-1.139080e+01
4.370000e-06	-4.843054e-02	-1.126661e+01
4.380000e-06	-4.824461e-02	-1.117126e+01
4.390000e-06	-4.389274e-02	-1.100360e+01
4.400000e-06	-4.639467e-02	-1.096774e+01
4.410000e-06	-4.954090e-02	-1.082063e+01
4.420000e-06	-5.149577e-02	-1.073774e+01
4.430000e-06	-4.712971e-02	-1.061392e+01
4.440000e-06	-4.643528e-02	-1.052721e+01
4.450000e-06	-4.768462e-02	-1.035879e+01
4.460000e-06	-4.751295e-02	-1.022450e+01
4.470000e-06	-4.465010e-02	-1.005506e+01
4.480000e-06	-4.065300e-02	-9.927789e+00
4.490000e-06	-4.365909e-02	-9.781399e+00
4.500000e-06	-4.336212e-02	-9.695156e+00
4.510000e-06	-3.994657e-02	-9.497710e+00
4.520000e-06	-3.542438e-02	-9.388318e+00
4.530000e-06	-3.730239e-02	-9.171398e+00
4.540000e-06	-3.678260e-02	-9.022428e+00
4.550000e-06	-3.313835e-02	-8.865032e+00
4.560000e-06	-2.928091e-02	-8.716315e+00
4.570000e-06	-3.020780e-02	-8.526189e+00
4.580000e-06	-3.148983e-02	-8.379318e+00
4.590000e-06	-2.795951e-02	-8.211870e+00
4.600000e-06	-2.589212e-02	-8.031905e+00
4.610000e-06	-2.481789e-02	-7.821969e+00
4.620000e-06	-2.620596e-02	-7.571479e+00
4.630000e-06	-2.296049e-02	-7.419498e+00
4.640000e-06	-1.990062e-02	-7.212453e+00
4.650000e-06	-1.935793e-02	-7.043031e+00
4.660000e-06	-2.171918e-02	-6.791052e+00
4.670000e-06	-1.915458e-02	-6.601502e+00
4.680000e-06	-1.712579e-02	-6.451979e+00
4.690000e-06	-1.723230e-02	-6.242502e+00
4.700000e-06	-1.825619e-02	-6.012003e+00
4.710000e-06	-1.651481e-02	-5.841476e+00
4.720000e-06	-1.272832e-02	-5.641950e+00
4.730000e-06	-1.227294e-02	-5.381449e+00
4.740000e-06	-1.478006e-02	-5.197888e+00
4.750000e-06	-1.243454e-02	-4.875131e+00
4.760000e-06	-1.182783e-02	-4.632059e+00
4.770000e-06	-1.067073e-02	-4.461581e+00
4.780000e-06	-1.217013e-02	-4.253606e+00
4.790000e-06	-1.047966e-02	-4.074183e+00
4.800000e-06	-8.919418e-03	-3.851057e+00
4.810000e-06	-7.440352e-03	-3.589479e+00
4.820000e-06	-1.094414e-02	-3.390550e+00
4.830000e-06	-9.649867e-03	-3.189451e+00
4.840000e-06	-9.341790e-03	-2.966346e+00
4.850000e-06	-5.688435e-03	-2.693838e+00
4.860000e-06	-8.233938e-03	-2.494236e+00
4.870000e-06	-6.818332e-03	-2.303136e+00
4.880000e-06	-6.885057e-03	-2.010003e+00
4.890000e-06	-3.925961e-03	-1.809471e+00
4.900000e-06	-7.128417e-03	-1.539425e+00
4.910000e-06	-7.350860e-03	-1.305238e+00
4.920000e-06	-5.910966e-03	-1.062731e+00
4.930000e-06	-3.723703e-03	-8.115814e-01
4.940000e-06	-3.992208e-03	-5.760238e-01
4.950000e-06	-4.204937e-03	-3.378886e-01
4.960000e-06	-3.020492e-03	-1.668649e-01
4.970000e-06	3.766231e-03	2.563402e-02
4.980000e-06	3.017787e-03	3.388434e-01
4.990000e-06	-2.681863e-03	5.492899e-01
5.000000e-06	-5.575231e-04	7.392935e-01
5.010000e-06	-5.747141e-06	9.604148e-01
5.020000e-06	2.721909e-03	1.182000e+00
5.030000e-06	8.518864e-04	1.411201e+00
5.040000e-06	1.230323e-02	1.726683e+00
5.050000e-06	5.903369e-02	1.896265e+00
5.060000e-06	4.391419e-02	2.159971e+00
5.070000e-06	-6.586663e-02	2.403001e+00
5.080000e-06	-4.470573e-02	2.696761e+00
5.090000e-06	-2.602780e-02	2.884736e+00
5.100000e-06	-4.288120e-02	2.992580e+00
5.110000e-06	3.248189e-02	3.160524e+00
5.120000e-06	7.636635e-02	3.464552e+00
5.130000e-06	-1.276303e-01	3.643677e+00
5.140000e-06	1.468409e-01	3.780999e+00
5.150000e-06	-5.190236e-03	4.056185e+00
5.160000e-06	-4.569846e-02	4.328365e+00
5.170000e-06	5.005941e-02	4.515838e+00
5.180000e-06	-9.367347e-02	4.739920e+00
5.190000e-06	6.831163e-02	4.961999e+00
5.200000e-06	1.517092e-02	5.275132e+00
5.210000e-06	-1.959517e-02	5.496741e+00
5.220000e-06	2.220376e-02	5.676634e+00
5.230000e-06	-1.394839e-02	5.949817e+00
5.240000e-06	1.561769e-02	6.097342e+00
5.250000e-06	-7.485928e-03	6.319737e+00
5.260000e-06	-6.600950e-03	6.569237e+00
5.270000e-06	2.309005e-02	6.730341e+00
5.280000e-06	-5.539770e-03	6.948889e+00
5.290000e-06	5.101482e-02	7.128318e+00
5.300000e-06	-4.514961e-02	7.336265e+00
5.310000e-06	9.220164e-03	7.530390e+00
5.320000e-06	2.371944e-02	7.759767e+00
5.330000e-06	-6.702268e-03	7.940390e+00
5.340000e-06	2.383968e-02	8.141846e+00
5.350000e-06	-1.566379e-02	8.358861e+00
5.360000e-06	3.328683e-02	8.484180e+00
5.370000e-06	-8.915196e-03	8.603027e+00
5.380000e-06	1.163460e-02	8.759896e+00
5.390000e-06	-7.196328e-03	8.953840e+00
5.400000e-06	6.932351e-03	9.139342e+00
5.410000e-06	2.389478e-02	9.277710e+00
5.420000e-06	-6.118860e-04	9.446052e+00
5.430000e-06	1.360806e-02	9.551819e+00
5.440000e-06	3.060462e-04	9.781360e+00
5.450000e-06	1.820340e-02	9.950210e+00
5.460000e-06	-4.735915e-04	1.004558e+01
5.470000e-06	4.608629e-03	1.020189e+01
5.480000e-06	7.138281e-03	1.028771e+01
5.490000e-06	1.399071e-02	1.043605e+01
5.500000e-06	1.371606e-02	1.054087e+01
5.510000e-06	4.300840e-03	1.068979e+01
5.520000e-06	1.068011e-02	1.084510e+01
5.530000e-06	7.565024e-03	1.094039e+01
5.540000e-06	1.234708e-02	1.105508e+01
5.550000e-06	3.799960e-03	1.112082e+01
5.560000e-06	1.068592e-02	1.122500e+01
5.570000e-06	1.271059e-02	1.138192e+01
5.580000e-06	1.328674e-02	1.145606e+01
5.590000e-06	9.180186e-03	1.158442e+01
5.600000e-06	7.933057e-03	1.168921e+01
5.610000e-06	1.216164e-02	1.176039e+01
5.620000e-06	1.127656e-02	1.181508e+01
5.630000e-06	1.141291e-02	1.189876e+01
5.640000e-06	1.084968e-02	1.198132e+01
5.650000e-06	1.597582e-02	1.207458e+01
5.660000e-06	1.240518e-02	1.210921e+01
5.670000e-06	1.103973e-02	1.213340e+01
5.680000e-06	1.077025e-02	1.224555e+01
5.690000e-06	1.332022e-02	1.224818e+01
5.700000e-06	1.488168e-02	1.235977e+01
5.710000e-06	1.270292e-02	1.238237e+01
5.720000e-06	1.508710e-02	1.241450e+01
5.730000e-06	1.499120e-02	1.242498e+01
5.740000e-06	1.702499e-02	1.244716e+01
5.750000e-06	1.359562e-02	1.247768e+01
5.760000e-06	1.492459e-02	1.252824e+01
5.770000e-06	1.776175e-02	1.248974e+01
5.780000e-06	1.810252e-02	1.248874e+01
5.790000e-06	1.637682e-02	1.253982e+01
5.800000e-06	1.603893e-02	1.251929e+01
5.810000e-06	1.989112e-02	1.250886e+01
5.820000e-06	1.991876e-02	1.250979e+01
5.830000e-06	2.030415e-02	1.248826e+01
5.840000e-06	2.027042e-02	1.245716e+01
5.850000e-06	2.280588e-02	1.245658e+01
5.860000e-06	2.417841e-02	1.245358e+01
5.870000e-06	2.238737e-02	1.241395e+01
5.880000e-06	2.191130e-02	1.237087e+01
5.890000e-06	2.475734e-02	1.234980e+01
5.900000e-06	2.658295e-02	1.227716e+01
5.910000e-06	2.681693e-02	1.227453e+01
5.920000e-06	2.637505e-02	1.221337e+01
5.930000e-06	2.861646e-02	1.208789e+01
5.940000e-06	3.042833e-02	1.204313e+01
5.950000e-06	2.757978e-02	1.198142e+01
5.960000e-06	2.858460e-02	1.192876e+01
5.970000e-06	3.154881e-02	1.180343e+01
5.980000e-06	3.600428e-02	1.175139e+01
5.990000e-06	3.515115e-02	1.166614e+01
6.000000e-06	3.670677e-02	1.156282e+01
6.010000e-06	3.863871e-02	1.151763e+01
6.020000e-06	4.019695e-02	1.140240e+01
6.030000e-06	3.863511e-02	1.125368e+01
6.040000e-06	3.694638e-02	1.112032e+01
6.050000e-06	4.218459e-02	1.105510e+01
6.060000e-06	4.194268e-02	1.094929e+01
6.070000e-06	4.451285e-02	1.085353e+01
6.080000e-06	3.979781e-02	1.073577e+01
6.090000e-06	4.225102e-02	1.064195e+01
6.100000e-06	4.160743e-02	1.042654e+01
6.110000e-06	4.075730e-02	1.031781e+01
6.120000e-06	3.619781e-02	1.018935e+01
6.130000e-06	3.892124e-02	1.004413e+01
6.140000e-06	3.766448e-02	9.907316e+00
6.150000e-06	3.734368e-02	9.720847e+00
6.160000e-06	3.158484e-02	9.560948e+00
6.170000e-06	3.123085e-02	9.465053e+00
6.180000e-06	3.065947e-02	9.337740e+00
6.190000e-06	3.009747e-02	9.149471e+00
6.200000e-06	2.613800e-02	9.042500e+00
6.210000e-06	2.460204e-02	8.783001e+00
6.220000e-06	2.624081e-02	8.683611e+00
6.230000e-06	2.417743e-02	8.506160e+00
6.240000e-06	2.225959e-02	8.338820e+00
6.250000e-06	1.780698e-02	8.127850e+00
6.260000e-06	2.003961e-02	7.961370e+00
6.270000e-06	1.751350e-02	7.788949e+00
6.280000e-06	1.632001e-02	7.590448e+00
6.290000e-06	1.215627e-02	7.359422e+00
6.300000e-06	1.431844e-02	7.168370e+00
6.310000e-06	1.399637e-02	6.990427e+00
6.320000e-06	1.291139e-02	6.781424e+00
6.330000e-06	8.666265e-03	6.589975e+00
6.340000e-06	9.835390e-03	6.380418e+00
6.350000e-06	1.129524e-02	6.161448e+00
6.360000e-06	7.390139e-03	6.020504e+00
6.370000e-06	5.630634e-03	5.821474e+00
6.380000e-06	4.375016e-03	5.588900e+00
6.390000e-06	7.755202e-03	5.379450e+00
6.400000e-06	5.908201e-03	5.167791e+00
6.410000e-06	3.580617e-03	4.854110e+00
6.420000e-06	2.515844e-03	4.663108e+00
6.430000e-06	5.284247e-03	4.411633e+00
6.440000e-06	4.402137e-03	4.282032e+00
6.450000e-06	1.463100e-03	3.990969e+00
6.460000e-06	-2.719329e-04	3.768445e+00
6.470000e-06	2.388456e-03	3.578976e+00
6.480000e-06	2.371186e-03	3.317267e+00
6.490000e-06	-9.929069e-04	3.104233e+00
6.500000e-06	-2.007344e-03	2.852762e+00
6.510000e-06	-6.185192e-04	2.735713e+00
6.520000e-06	1.353210e-03	2.421056e+00
6.530000e-06	-2.099720e-03	2.169375e+00
6.540000e-06	-3.254980e-03	1.988029e+00
6.550000e-06	-2.734732e-03	1.728970e+00
6.560000e-06	-1.317322e-03	1.504689e+00
6.570000e-06	-2.865349e-03	1.283638e+00
6.580000e-06	-4.754927e-03	1.038979e+00
6.590000e-06	-3.062305e-03	7.573211e-01
6.600000e-06	-2.007427e-03	5.342670e-01
6.610000e-06	-3.152228e-03	3.453645e-01
6.620000e-06	-4.591506e-03	4.223540e-02
6.630000e-06	4.946721e-04	-1.774145e-01
6.640000e-06	3.673452e-03	-3.794172e-01
6.650000e-06	-2.659811e-03	-5.594699e-01
6.660000e-06	-3.480548e-03	-8.223226e-01
6.670000e-06	-5.701217e-03	-1.009996e+00
6.680000e-06	-1.024318e-03	-1.211523e+00
6.690000e-06	-1.356583e-03	-1.503707e+00
6.700000e-06	3.263278e-02	-1.703680e+00
6.710000e-06	8.627903e-02	-1.893657e+00
6.720000e-06	-6.475077e-02	-2.140395e+00
6.730000e-06	-4.208788e-02	-2.508785e+00
6.740000e-06	-5.696081e-02	-2.748818e+00
6.750000e-06	-7.171712e-02	-2.918336e+00
6.760000e-06	9.603839e-02	-3.116755e+00
6.770000e-06	4.332349e-02	-3.245104e+00
6.780000e-06	-1.762535e-01	-3.537240e+00
6.790000e-06	1.987735e-01	-3.614028e+00
6.800000e-06	-7.452121e-02	-3.906182e+00
6.810000e-06	-1.011528e-02	-4.189941e+00
6.820000e-06	5.568511e-02	-4.369844e+00
6.830000e-06	-1.966070e-01	-4.570391e+00
6.840000e-06	1.393146e-01	-4.792019e+00
6.850000e-06	-3.439750e-03	-4.982895e+00
6.860000e-06	-5.151098e-02	-5.296703e+00
6.870000e-06	7.455466e-02	-5.469833e+00
6.880000e-06	-1.278437e-01	-5.738263e+00
6.890000e-06	1.066113e-01	-5.919314e+00
6.900000e-06	-5.101674e-02	-6.137232e+00
6.910000e-06	-7.559113e-02	-6.420371e+00
6.920000e-06	8.347316e-02	-6.520713e+00
6.930000e-06	-7.849322e-02	-6.771369e+00
6.940000e-06	1.217804e-01	-6.931309e+00
6.950000e-06	-1.462024e-01	-7.130345e+00
6.960000e-06	2.664182e-02	-7.380920e+00
6.970000e-06	2.859754e-02	-7.548686e+00
6.980000e-06	-5.909854e-02	-7.822443e+00
6.990000e-06	5.643355e-02	-8.000392e+00
7.000000e-06	-1.082736e-01	-8.180867e+00
7.010000e-06	9.577463e-02	-8.328239e+00
7.020000e-06	-5.370231e-02	-8.488130e+00
7.030000e-06	-5.365647e-03	-8.709684e+00
7.040000e-06	-2.693503e-02	-8.853129e+00
7.050000e-06	-2.426124e-02	-9.004474e+00
7.060000e-06	5.109668e-02	-9.160387e+00
7.070000e-06	-7.110371e-02	-9.349760e+00
7.080000e-06	2.475906e-02	-9.504184e+00
7.090000e-06	-4.332667e-02	-9.665077e+00
7.100000e-06	3.203152e-02	-9.801394e+00
7.110000e-06	-3.848910e-02	-9.928285e+00
7.120000e-06	-2.393818e-02	-1.010560e+01
7.130000e-06	-2.603709e-03	-1.019484e+01
7.140000e-06	-7.075201e-03	-1.038432e+01
7.150000e-06	1.481454e-03	-1.049718e+01
7.160000e-06	-4.647542e-02	-1.061294e+01
7.170000e-06	6.847580e-03	-1.071973e+01
7.180000e-06	-1.927981e-02	-1.081648e+01
7.190000e-06	2.580563e-03	-1.100032e+01
7.200000e-06	-4.172524e-02	-1.106553e+01
7.210000e-06	-4.464758e-03	-1.118275e+01
7.220000e-06	-9.272382e-03	-1.130671e+01
7.230000e-06	-8.761283e-03	-1.140392e+01
7.240000e-06	-2.561520e-02	-1.145020e+01
7.250000e-06	-2.433186e-02	-1.158247e+01
7.260000e-06	-2.830817e-04	-1.170868e+01
7.270000e-06	-2.033241e-02	-1.181297e+01
7.280000e-06	-1.609208e-02	-1.189926e+01
7.290000e-06	-2.908575e-02	-1.196087e+01
7.300000e-06	-2.775463e-03	-1.207460e+01
7.310000e-06	-1.764202e-02	-1.210976e+01
7.320000e-06	-2.086096e-02	-1.217034e+01
7.330000e-06	-2.683933e-02	-1.223397e+01
7.340000e-06	-1.358782e-02	-1.226658e+01
7.350000e-06	-1.054893e-02	-1.231776e+01
7.360000e-06	-2.413345e-02	-1.234079e+01
7.370000e-06	-2.245219e-02	-1.239339e+01
7.380000e-06	-2.019138e-02	-1.243400e+01
7.390000e-06	-1.338761e-02	-1.246658e+01
7.400000e-06	-2.536390e-02	-1.249913e+01
7.410000e-06	-2.604719e-02	-1.250919e+01
7.420000e-06	-2.014934e-02	-1.257029e+01
7.430000e-06	-1.583422e-02	-1.250036e+01
7.440000e-06	-2.251525e-02	-1.256185e+01
7.450000e-06	-2.896521e-02	-1.259189e+01
7.460000e-06	-2.572129e-02	-1.258229e+01
7.470000e-06	-2.018680e-02	-1.256127e+01
7.480000e-06	-2.533650e-02	-1.255181e+01
7.490000e-06	-2.897475e-02	-1.254979e+01
7.500000e-06	-2.810649e-02	-1.254776e+01
7.510000e-06	-2.357245e-02	-1.245921e+01
7.520000e-06	-2.703660e-02	-1.246656e+01
7.530000e-06	-3.440428e-02	-1.241450e+01
7.540000e-06	-3.219002e-02	-1.237244e+01
7.550000e-06	-2.726022e-02	-1.234939e+01
7.560000e-06	-2.817877e-02	-1.230824e+01
7.570000e-06	-3.459903e-02	-1.225666e+01
7.580000e-06	-3.560660e-02	-1.220300e+01
7.590000e-06	-3.280473e-02	-1.214034e+01
7.600000e-06	-3.389553e-02	-1.206673e+01
7.610000e-06	-3.878119e-02	-1.201410e+01
7.620000e-06	-4.116526e-02	-1.197884e+01
7.630000e-06	-3.682026e-02	-1.187610e+01
7.640000e-06	-3.778244e-02	-1.183244e+01
7.650000e-06	-4.147054e-02	-1.169764e+01
7.660000e-06	-4.545010e-02	-1.159287e+01
7.670000e-06	-4.460408e-02	-1.148818e+01
7.680000e-06	-4.224696e-02	-1.141079e+01
7.690000e-06	-4.644216e-02	-1.125508e+01
7.700000e-06	-4.852708e-02	-1.113084e+01
7.710000e-06	-4.838303e-02	-1.106400e+01
7.720000e-06	-4.599294e-02	-1.092779e+01
7.730000e-06	-4.823758e-02	-1.082202e+01
7.740000e-06	-5.042508e-02	-1.072771e+01
7.750000e-06	-4.924367e-02	-1.060202e+01
7.760000e-06	-4.695841e-02	-1.050566e+01
7.770000e-06	-4.581587e-02	-1.033876e+01
7.780000e-06	-4.615248e-02	-1.019392e+01
7.790000e-06	-4.595335e-02	-1.006506e+01
7.800000e-06	-4.288970e-02	-9.925736e+00
7.810000e-06	-4.137946e-02	-9.779370e+00
7.820000e-06	-4.133062e-02	-9.632579e+00
7.830000e-06	-4.037014e-02	-9.475735e+00
7.840000e-06	-3.777236e-02	-9.288835e+00
7.850000e-06	-3.522856e-02	-9.149817e+00
7.860000e-06	-3.439051e-02	-9.041922e+00
7.870000e-06	-3.481484e-02	-8.852153e+00
7.880000e-06	-3.266181e-02	-8.715634e+00
7.890000e-06	-2.935590e-02	-8.488761e+00
7.900000e-06	-2.876014e-02	-8.347840e+00
7.910000e-06	-2.855663e-02	-8.170395e+00
7.920000e-06	-2.675053e-02	-7.961928e+00
7.930000e-06	-2.373051e-02	-7.751476e+00
7.940000e-06	-2.277307e-02	-7.580421e+00
7.950000e-06	-2.376426e-02	-7.419947e+00
7.960000e-06	-2.309771e-02	-7.200398e+00
7.970000e-06	-2.055145e-02	-7.002022e+00
7.980000e-06	-1.910591e-02	-6.778475e+00
7.990000e-06	-1.935432e-02	-6.600450e+00
8.000000e-06	-1.887022e-02	-6.412077e+00
8.010000e-06	-1.671194e-02	-6.221952e+00
8.020000e-06	-1.474155e-02	-6.000896e+00
8.030000e-06	-1.562465e-02	-5.819948e+00
8.040000e-06	-1.481175e-02	-5.578499e+00
8.050000e-06	-1.433802e-02	-5.397364e+00
8.060000e-06	-1.147478e-02	-5.115339e+00
8.070000e-06	-1.250138e-02	-4.894578e+00
8.080000e-06	-1.308127e-02	-4.610575e+00
8.090000e-06	-1.267263e-02	-4.442629e+00
8.100000e-06	-9.621860e-03	-4.242177e+00
8.110000e-06	-9.809707e-03	-4.053579e+00
8.120000e-06	-1.036086e-02	-3.841075e+00
8.130000e-06	-9.767060e-03	-3.589449e+00
8.140000e-06	-8.840340e-03	-3.328904e+00
8.150000e-06	-7.238266e-03	-3.185942e+00
8.160000e-06	-9.515178e-03	-2.865313e+00
8.170000e-06	-8.220577e-03	-2.722712e+00
8.180000e-06	-6.937837e-03	-2.463111e+00
8.190000e-06	-5.120135e-03	-2.251679e+00
8.200000e-06	-6.895774e-03	-1.978426e+00
8.210000e-06	-7.899484e-03	-1.787924e+00
8.220000e-06	-7.829981e-03	-1.547347e+00
8.230000e-06	-4.960667e-03	-1.261612e+00
8.240000e-06	-5.769318e-03	-1.021057e+00
8.250000e-06	-5.448063e-03	-8.290287e-01
8.260000e-06	-4.551545e-03	-5.774436e-01
8.270000e-06	-1.167167e-03	-3.458373e-01
8.280000e-06	-1.643768e-03	-1.452671e-01
8.290000e-06	2.557068e-03	6.573665e-02
8.300000e-06	-4.876344e-04	3.378948e-01
8.310000e-06	3.627266e-04	5.689186e-01
8.320000e-06	1.187576e-04	7.484486e-01
8.330000e-06	-8.567285e-04	9.914959e-01
8.340000e-06	-9.157734e-05	1.231049e+00
8.350000e-06	3.693700e-03	1.444232e+00
8.360000e-06	1.839417e-02	1.707918e+00
8.370000e-06	6.463112e-02	1.917365e+00
8.380000e-06	2.591387e-02	2.192996e+00
8.390000e-06	-6.356948e-02	2.453226e+00
8.400000e-06	-4.228877e-02	2.718309e+00
8.410000e-06	-2.411803e-02	2.895737e+00
8.420000e-06	-5.034423e-02	3.022604e+00
8.430000e-06	5.224478e-02	3.180447e+00
8.440000e-06	5.552267e-02	3.475636e+00
8.450000e-06	-1.138139e-01	3.652678e+00
8.460000e-06	1.592451e-01	3.832578e+00
8.470000e-06	-3.170178e-02	4.117739e+00
8.480000e-06	-2.452347e-02	4.358394e+00
8.490000e-06	3.633138e-02	4.559820e+00
8.500000e-06	-9.249641e-02	4.771971e+00
8.510000e-06	7.688090e-02	4.972000e+00
8.520000e-06	5.796166e-03	5.318212e+00
8.530000e-06	-1.315209e-02	5.537338e+00
8.540000e-06	2.023774e-02	5.698785e+00
8.550000e-06	-1.789019e-02	5.980394e+00
8.560000e-06	2.449264e-02	6.149842e+00
8.570000e-06	-1.393054e-02	6.350292e+00
8.580000e-06	5.230210e-05	6.570816e+00
8.590000e-06	1.300156e-02	6.790897e+00
8.600000e-06	3.491628e-03	6.930791e+00
8.610000e-06	4.845622e-02	7.138319e+00
8.620000e-06	-5.082524e-02	7.348785e+00
8.630000e-06	1.708768e-02	7.560822e+00
8.640000e-06	1.660095e-02	7.750868e+00
8.650000e-06	1.712850e-03	7.952423e+00
8.660000e-06	1.642200e-02	8.161421e+00
8.670000e-06	-1.509398e-02	8.349819e+00
8.680000e-06	3.211843e-02	8.476685e+00
8.690000e-06	-7.970435e-03	8.633556e+00
8.700000e-06	1.226304e-02	8.812376e+00
8.710000e-06	-1.048597e-02	8.951369e+00
8.720000e-06	1.161143e-02	9.160865e+00
8.730000e-06	2.392590e-02	9.306636e+00
8.740000e-06	-7.886090e-04	9.465078e+00
8.750000e-06	1.003673e-02	9.583398e+00
8.760000e-06	-5.849641e-04	9.742413e+00
8.770000e-06	2.034870e-02	9.919286e+00
8.780000e-06	-4.320496e-04	1.001603e+01
8.790000e-06	4.319015e-03	1.015250e+01
8.800000e-06	7.478963e-03	1.030874e+01
8.810000e-06	1.704454e-02	1.047550e+01
8.820000e-06	1.421969e-02	1.059085e+01
8.830000e-06	2.322402e-03	1.075926e+01
8.840000e-06	9.464638e-03	1.086446e+01
8.850000e-06	9.130426e-03	1.094037e+01
8.860000e-06	1.286931e-02	1.105658e+01
8.870000e-06	2.451618e-03	1.114022e+01
8.880000e-06	9.263842e-03	1.125658e+01
8.890000e-06	1.341669e-02	1.139147e+01
8.900000e-06	1.545664e-02	1.145865e+01
8.910000e-06	7.943770e-03	1.160192e+01
8.920000e-06	5.498185e-03	1.169026e+01
8.930000e-06	1.363529e-02	1.179190e+01
8.940000e-06	1.380328e-02	1.187553e+01
8.950000e-06	1.222263e-02	1.190929e+01
8.960000e-06	8.024287e-03	1.197387e+01
8.970000e-06	1.430064e-02	1.205503e+01
8.980000e-06	1.502505e-02	1.216026e+01
8.990000e-06	1.179909e-02	1.220389e+01
9.000000e-06	8.878414e-03	1.227753e+01
9.010000e-06	1.265594e-02	1.231969e+01
9.020000e-06	1.758187e-02	1.235076e+01
9.030000e-06	1.390133e-02	1.237134e+01
9.040000e-06	1.394405e-02	1.244297e+01
9.050000e-06	1.206883e-02	1.246460e+01
9.060000e-06	1.862902e-02	1.246713e+01
9.070000e-06	1.588651e-02	1.251871e+01
9.080000e-06	1.379036e-02	1.250723e+01
9.090000e-06	1.516338e-02	1.254181e+01
9.100000e-06	1.909632e-02	1.251079e+01
9.110000e-06	1.931874e-02	1.255924e+01
9.120000e-06	1.588047e-02	1.251981e+01
9.130000e-06	1.658904e-02	1.251981e+01
9.140000e-06	1.986781e-02	1.251874e+01
9.150000e-06	2.267318e-02	1.249924e+01
9.160000e-06	2.075240e-02	1.247776e+01
9.170000e-06	1.967311e-02	1.248511e+01
9.180000e-06	2.382861e-02	1.243460e+01
9.190000e-06	2.560344e-02	1.241253e+01
9.200000e-06	2.281224e-02	1.235140e+01
9.210000e-06	2.197798e-02	1.233976e+01
9.220000e-06	2.553033e-02	1.228866e+01
9.230000e-06	2.804030e-02	1.226398e+01
9.240000e-06	2.788303e-02	1.218292e+01
9.250000e-06	2.638069e-02	1.213771e+01
9.260000e-06	2.897841e-02	1.201458e+01
9.270000e-06	3.181934e-02	1.197090e+01
9.280000e-06	3.318465e-02	1.189724e+01
9.290000e-06	3.176033e-02	1.185505e+01
9.300000e-06	3.273608e-02	1.175130e+01
9.310000e-06	3.653678e-02	1.166668e+01
9.320000e-06	3.821699e-02	1.159238e+01
9.330000e-06	3.614680e-02	1.145565e+01
9.340000e-06	3.685547e-02	1.135042e+01
9.350000e-06	4.077226e-02	1.123510e+01
9.360000e-06	4.205542e-02	1.114034e+01
9.370000e-06	4.201724e-02	1.102353e+01
9.380000e-06	4.090949e-02	1.092872e+01
9.390000e-06	4.286388e-02	1.079360e+01
9.400000e-06	4.253896e-02	1.070674e+01
9.410000e-06	4.074544e-02	1.061089e+01
9.420000e-06	3.798913e-02	1.042454e+01
9.430000e-06	4.032815e-02	1.029971e+01
9.440000e-06	4.065049e-02	1.017042e+01
9.450000e-06	3.950347e-02	1.001358e+01
9.460000e-06	3.538855e-02	9.898188e+00
9.470000e-06	3.508179e-02	9.698691e+00
9.480000e-06	3.432677e-02	9.551922e+00
9.490000e-06	3.249193e-02	9.412080e+00
9.500000e-06	2.912314e-02	9.296686e+00
9.510000e-06	2.750346e-02	9.140920e+00
9.520000e-06	2.803908e-02	8.992898e+00
9.530000e-06	2.673036e-02	8.791553e+00
9.540000e-06	2.415225e-02	8.634112e+00
9.550000e-06	2.119930e-02	8.493610e+00
9.560000e-06	2.224563e-02	8.307315e+00
9.570000e-06	2.094827e-02	8.138771e+00
9.580000e-06	1.863038e-02	7.959365e+00
9.590000e-06	1.529702e-02	7.728375e+00
9.600000e-06	1.676136e-02	7.580945e+00
9.610000e-06	1.604769e-02	7.358374e+00
9.620000e-06	1.364696e-02	7.137919e+00
9.630000e-06	1.133184e-02	6.989395e+00
9.640000e-06	1.182420e-02	6.800500e+00
9.650000e-06	1.304886e-02	6.540470e+00
9.660000e-06	9.861678e-03	6.379394e+00
9.670000e-06	7.591324e-03	6.149852e+00
9.680000e-06	7.173244e-03	5.970449e+00
9.690000e-06	8.575299e-03	5.790469e+00
9.700000e-06	6.535440e-03	5.539467e+00
9.710000e-06	4.534466e-03	5.329845e+00
9.720000e-06	3.999694e-03	5.096864e+00
9.730000e-06	5.121689e-03	4.783656e+00
9.740000e-06	4.902077e-03	4.601080e+00
9.750000e-06	1.252700e-03	4.390558e+00
9.760000e-06	1.144054e-03	4.210994e+00
9.770000e-06	2.945843e-03	3.947875e+00
9.780000e-06	2.593299e-03	3.737445e+00
9.790000e-06	2.348571e-06	3.538393e+00
9.800000e-06	-1.210845e-03	3.315163e+00
9.810000e-06	-5.240577e-04	3.102759e+00
9.820000e-06	1.455375e-03	2.864187e+00
9.830000e-06	-9.946088e-04	2.654161e+00
9.840000e-06	-2.776194e-03	2.378979e+00
9.850000e-06	-6.638841e-04	2.166028e+00
9.860000e-06	-5.896141e-04	1.999449e+00
9.870000e-06	-1.895330e-03	1.716444e+00
9.880000e-06	-4.917853e-03	1.504339e+00
9.890000e-06	-3.692787e-03	1.264134e+00
9.900000e-06	-2.042285e-03	9.569240e-01
9.910000e-06	-2.814202e-03	7.253658e-01
9.920000e-06	-4.850305e-03	5.058132e-01
9.930000e-06	-3.642006e-03	3.162895e-01
9.940000e-06	-1.091415e-03	4.263664e-02
9.950000e-06	4.089272e-03	-1.789198e-01
9.960000e-06	-3.781123e-04	-3.593950e-01
9.970000e-06	-4.859264e-03	-6.015223e-01
9.980000e-06	-2.761854e-03	-8.335501e-01
9.990000e-06	-3.235082e-03	-1.024028e+00
1.000000e-05	-4.297937e-03	-1.223079e+00
1.001000e-05	-2.757952e-03	-1.507688e+00
1.002000e-05	4.345463e-02	-1.683282e+00
1.003000e-05	7.963115e-02	-1.876632e+00
1.004000e-05	-7.329721e-02	-2.212496e+00
1.005000e-05	-4.309852e-02	-2.527364e+00
1.006000e-05	-5.768265e-02	-2.758840e+00
1.007000e-05	-6.766768e-02	-2.980390e+00
1.008000e-05	1.215286e-01	-3.127161e+00
1.009000e-05	-2.073140e-03	-3.287229e+00
1.010000e-05	-1.463480e-01	-3.537815e+00
1.011000e-05	2.016629e-01	-3.674081e+00
1.012000e-05	-1.079504e-01	-3.950838e+00
1.013000e-05	2.562922e-02	-4.221549e+00
1.014000e-05	1.762683e-02	-4.379892e+00
1.015000e-05	-1.802361e-01	-4.650995e+00
1.016000e-05	1.621078e-01	-4.821973e+00
1.017000e-05	-4.084795e-02	-5.023549e+00
1.018000e-05	-2.118810e-02	-5.368186e+00
1.019000e-05	5.396179e-02	-5.566818e+00
1.020000e-05	-1.213464e-01	-5.749291e+00
1.021000e-05	1.205602e-01	-5.950814e+00
1.022000e-05	-8.794606e-02	-6.128314e+00
1.023000e-05	-3.813418e-02	-6.401944e+00
1.024000e-05	6.335154e-02	-6.550360e+00
1.025000e-05	-6.281638e-02	-6.781947e+00
1.026000e-05	1.123378e-01	-6.950441e+00
1.027000e-05	-1.615145e-01	-7.181945e+00
1.028000e-05	6.321674e-02	-7.401899e+00
1.029000e-05	-3.454022e-03	-7.561269e+00
1.030000e-05	-3.706216e-02	-7.846022e+00
1.031000e-05	3.817195e-02	-8.001899e+00
1.032000e-05	-9.453197e-02	-8.213948e+00
1.033000e-05	9.861181e-02	-8.349340e+00
1.034000e-05	-7.438639e-02	-8.497639e+00
1.035000e-05	9.870044e-03	-8.739736e+00
1.036000e-05	-3.935132e-02	-8.855656e+00
1.037000e-05	-2.519812e-03	-9.034624e+00
1.038000e-05	3.186406e-02	-9.161345e+00
1.039000e-05	-6.600530e-02	-9.331887e+00
1.040000e-05	2.695324e-02	-9.518105e+00
1.041000e-05	-4.290720e-02	-9.645480e+00
1.042000e-05	3.297600e-02	-9.823521e+00
1.043000e-05	-5.041635e-02	-9.939291e+00
1.044000e-05	-1.188407e-02	-1.007668e+01
1.045000e-05	-6.674889e-03	-1.024512e+01
1.046000e-05	-2.424127e-03	-1.038242e+01
1.047000e-05	-7.915000e-03	-1.049821e+01
1.048000e-05	-4.021902e-02	-1.063397e+01
1.049000e-05	8.862070e-03	-1.071831e+01
1.050000e-05	-2.064566e-02	-1.081598e+01
1.051000e-05	-3.372225e-03	-1.097239e+01
1.052000e-05	-4.207991e-02	-1.109610e+01
1.053000e-05	2.804432e-03	-1.118345e+01
1.054000e-05	-1.254616e-02	-1.127768e+01
1.055000e-05	-9.878367e-03	-1.143500e+01
1.056000e-05	-2.855338e-02	-1.147878e+01
1.057000e-05	-1.657458e-02	-1.158400e+01
1.058000e-05	-2.684212e-03	-1.171671e+01
1.059000e-05	-2.264443e-02	-1.179345e+01
1.060000e-05	-1.789331e-02	-1.190821e+01
1.061000e-05	-2.514110e-02	-1.199295e+01
1.062000e-05	-1.564426e-04	-1.202656e+01
1.063000e-05	-2.171944e-02	-1.208776e+01
1.064000e-05	-2.140672e-02	-1.217137e+01
1.065000e-05	-2.518945e-02	-1.224253e+01
1.066000e-05	-1.072430e-02	-1.228763e+01
1.067000e-05	-1.568897e-02	-1.231826e+01
1.068000e-05	-2.618015e-02	-1.238131e+01
1.069000e-05	-2.082278e-02	-1.244347e+01
1.070000e-05	-1.625487e-02	-1.244460e+01
1.071000e-05	-1.595321e-02	-1.245660e+01
1.072000e-05	-2.766727e-02	-1.250721e+01
1.073000e-05	-2.538695e-02	-1.251971e+01
1.074000e-05	-1.480733e-02	-1.255979e+01
1.075000e-05	-1.845498e-02	-1.256931e+01
1.076000e-05	-2.504699e-02	-1.256379e+01
1.077000e-05	-3.013970e-02	-1.255089e+01
1.078000e-05	-2.247473e-02	-1.257182e+01
1.079000e-05	-2.265578e-02	-1.259134e+01
1.080000e-05	-2.993021e-02	-1.252129e+01
1.081000e-05	-2.929353e-02	-1.254934e+01
1.082000e-05	-2.301216e-02	-1.248716e+01
1.083000e-05	-2.136817e-02	-1.248826e+01
1.084000e-05	-3.153092e-02	-1.243620e+01
1.085000e-05	-3.412805e-02	-1.241452e+01
1.086000e-05	-3.047272e-02	-1.236134e+01
1.087000e-05	-2.754175e-02	-1.231979e+01
1.088000e-05	-3.252932e-02	-1.233823e+01
1.089000e-05	-3.619532e-02	-1.226656e+01
1.090000e-05	-3.156665e-02	-1.218335e+01
1.091000e-05	-2.924695e-02	-1.212084e+01
1.092000e-05	-3.728299e-02	-1.206713e+01
1.093000e-05	-4.032402e-02	-1.201198e+01
1.094000e-05	-3.884686e-02	-1.192781e+01
1.095000e-05	-3.500232e-02	-1.189503e+01
1.096000e-05	-4.032209e-02	-1.180144e+01
1.097000e-05	-4.487649e-02	-1.166756e+01
1.098000e-05	-4.309823e-02	-1.154186e+01
1.099000e-05	-3.976214e-02	-1.146461e+01
1.100000e-05	-4.432793e-02	-1.137040e+01
1.101000e-05	-5.083328e-02	-1.123455e+01
1.102000e-05	-4.830268e-02	-1.114874e+01
1.103000e-05	-4.550758e-02	-1.101442e+01
1.104000e-05	-4.689247e-02	-1.088726e+01
1.105000e-05	-5.152981e-02	-1.079343e+01
1.106000e-05	-4.950389e-02	-1.071726e+01
1.107000e-05	-4.436285e-02	-1.059092e+01
1.108000e-05	-4.585447e-02	-1.044461e+01
1.109000e-05	-4.914702e-02	-1.034681e+01
1.110000e-05	-4.835780e-02	-1.019187e+01
1.111000e-05	-4.243750e-02	-1.000248e+01
1.112000e-05	-4.175173e-02	-9.916235e+00
1.113000e-05	-4.471142e-02	-9.790370e+00
1.114000e-05	-4.322595e-02	-9.593052e+00
1.115000e-05	-3.750283e-02	-9.515132e+00
1.116000e-05	-3.483534e-02	-9.295739e+00
1.117000e-05	-3.723410e-02	-9.157266e+00
1.118000e-05	-3.684287e-02	-9.011874e+00
1.119000e-05	-3.171526e-02	-8.833553e+00
1.120000e-05	-2.946581e-02	-8.715630e+00
1.121000e-05	-3.147801e-02	-8.476711e+00
1.122000e-05	-3.163833e-02	-8.337789e+00
1.123000e-05	-2.634303e-02	-8.169890e+00
1.124000e-05	-2.367698e-02	-7.999373e+00
1.125000e-05	-2.496442e-02	-7.769819e+00
1.126000e-05	-2.524513e-02	-7.569842e+00
1.127000e-05	-2.196799e-02	-7.349895e+00
1.128000e-05	-1.931912e-02	-7.129369e+00
1.129000e-05	-2.056645e-02	-6.990444e+00
1.130000e-05	-2.221423e-02	-6.779944e+00
1.131000e-05	-1.976222e-02	-6.569446e+00
1.132000e-05	-1.498804e-02	-6.400899e+00
1.133000e-05	-1.614808e-02	-6.180870e+00
1.134000e-05	-1.832460e-02	-5.969421e+00
1.135000e-05	-1.656516e-02	-5.798370e+00
1.136000e-05	-1.210217e-02	-5.579896e+00
1.137000e-05	-1.345855e-02	-5.329742e+00
1.138000e-05	-1.437554e-02	-5.044712e+00
1.139000e-05	-1.364063e-02	-4.852082e+00
1.140000e-05	-9.690206e-03	-4.600499e+00
1.141000e-05	-1.089180e-02	-4.421504e+00
1.142000e-05	-1.201361e-02	-4.212479e+00
1.143000e-05	-1.060465e-02	-4.022974e+00
1.144000e-05	-8.556940e-03	-3.820852e+00
1.145000e-05	-7.913469e-03	-3.557897e+00
1.146000e-05	-1.072787e-02	-3.360394e+00
1.147000e-05	-1.021158e-02	-3.096315e+00
1.148000e-05	-7.857426e-03	-2.872687e+00
1.149000e-05	-5.781794e-03	-2.684159e+00
1.150000e-05	-7.282734e-03	-2.423656e+00
1.151000e-05	-7.758376e-03	-2.250404e+00
1.152000e-05	-5.789024e-03	-1.978867e+00
1.153000e-05	-4.884834e-03	-1.776420e+00
1.154000e-05	-7.516275e-03	-1.565370e+00
1.155000e-05	-8.098115e-03	-1.222608e+00
1.156000e-05	-5.430628e-03	-9.989228e-01
1.157000e-05	-3.118037e-03	-7.904015e-01
1.158000e-05	-3.924342e-03	-4.768422e-01
1.159000e-05	-3.926827e-03	-3.237384e-01
1.160000e-05	-1.726906e-03	-7.173571e-02
1.161000e-05	6.281314e-03	1.078133e-01
1.162000e-05	-9.010130e-05	4.299723e-01
1.163000e-05	-1.018771e-03	5.674225e-01
1.164000e-05	-1.936210e-03	7.688751e-01
1.165000e-05	4.313492e-04	9.684986e-01
1.166000e-05	2.836115e-03	1.263157e+00
1.167000e-05	5.956510e-04	1.476337e+00
1.168000e-05	1.955428e-02	1.759315e+00
1.169000e-05	7.118417e-02	1.949843e+00
1.170000e-05	1.333860e-02	2.221528e+00
1.171000e-05	-6.095750e-02	2.455711e+00
1.172000e-05	-4.446487e-02	2.748367e+00
1.173000e-05	-2.119467e-02	2.899338e+00
1.174000e-05	-4.663437e-02	3.083634e+00
1.175000e-05	7.220150e-02	3.213051e+00
1.176000e-05	2.212476e-02	3.508260e+00
1.177000e-05	-9.314352e-02	3.684636e+00
1.178000e-05	1.662507e-01	3.835133e+00
1.179000e-05	-5.331224e-02	4.150391e+00
1.180000e-05	-9.389470e-03	4.359367e+00
1.181000e-05	1.726442e-02	4.582470e+00
1.182000e-05	-7.699900e-02	4.781476e+00
1.183000e-05	8.470105e-02	5.034628e+00
1.184000e-05	-7.019403e-03	5.341263e+00
1.185000e-05	-7.651325e-03	5.549867e+00
1.186000e-05	1.883349e-02	5.748762e+00
1.187000e-05	-1.666750e-02	5.960896e+00
1.188000e-05	2.582543e-02	6.170315e+00
1.189000e-05	-2.319467e-02	6.359320e+00
1.190000e-05	1.061076e-02	6.522420e+00
1.191000e-05	1.116654e-02	6.762446e+00
1.192000e-05	1.016051e-02	6.962970e+00
1.193000e-05	3.738292e-02	7.149945e+00
1.194000e-05	-5.264449e-02	7.352391e+00
1.195000e-05	2.852755e-02	7.592892e+00
1.196000e-05	7.653086e-03	7.751823e+00
1.197000e-05	5.148709e-03	8.013969e+00
1.198000e-05	1.072080e-02	8.222502e+00
1.199000e-05	-5.815860e-03	8.380345e+00
1.200000e-05	2.919996e-02	8.498286e+00
1.201000e-05	-1.102546e-02	8.647656e+00
1.202000e-05	1.114111e-02	8.794025e+00
1.203000e-05	-8.651149e-03	8.992472e+00
1.204000e-05	1.634690e-02	9.142922e+00
1.205000e-05	1.732050e-02	9.320339e+00
1.206000e-05	1.499482e-04	9.478157e+00
1.207000e-05	1.168764e-02	9.593496e+00
1.208000e-05	2.861084e-03	9.782873e+00
1.209000e-05	1.638429e-02	9.938840e+00
1.210000e-05	-2.960719e-03	1.005718e+01
1.211000e-05	7.294628e-03	1.023297e+01
1.212000e-05	8.892424e-03	1.033831e+01
1.213000e-05	1.408586e-02	1.042605e+01
1.214000e-05	1.020083e-02	1.058342e+01
1.215000e-05	4.223939e-03	1.076026e+01
1.216000e-05	1.104142e-02	1.084553e+01
1.217000e-05	7.693705e-03	1.095039e+01
1.218000e-05	1.018856e-02	1.105553e+01
1.219000e-05	4.482262e-03	1.115184e+01
1.220000e-05	1.279074e-02	1.128811e+01
1.221000e-05	1.310646e-02	1.134302e+01
1.222000e-05	1.114468e-02	1.150871e+01
1.223000e-05	7.842837e-03	1.157255e+01
1.224000e-05	8.988958e-03	1.172876e+01
1.225000e-05	1.374248e-02	1.177135e+01
1.226000e-05	1.041103e-02	1.185650e+01
1.227000e-05	1.110813e-02	1.190931e+01
1.228000e-05	1.194853e-02	1.198390e+01
1.229000e-05	1.600863e-02	1.208663e+01
1.230000e-05	1.124034e-02	1.211131e+01
1.231000e-05	1.098425e-02	1.221340e+01
1.232000e-05	1.209496e-02	1.223713e+01
1.233000e-05	1.422367e-02	1.231879e+01
1.234000e-05	1.449929e-02	1.234927e+01
1.235000e-05	1.212876e-02	1.236142e+01
1.236000e-05	1.548680e-02	1.240305e+01
1.237000e-05	1.461615e-02	1.243510e+01
1.238000e-05	1.635786e-02	1.246618e+01
1.239000e-05	1.399041e-02	1.249776e+01
1.240000e-05	1.579758e-02	1.249871e+01
1.241000e-05	1.875507e-02	1.253781e+01
1.242000e-05	1.693281e-02	1.252084e+01
1.243000e-05	1.666546e-02	1.254986e+01
1.244000e-05	1.647572e-02	1.253026e+01
1.245000e-05	2.001526e-02	1.255929e+01
1.246000e-05	2.002440e-02	1.249931e+01
1.247000e-05	1.984219e-02	1.251776e+01
1.248000e-05	2.089826e-02	1.246923e+01
1.249000e-05	2.313026e-02	1.246763e+01
1.250000e-05	2.341109e-02	1.240300e+01
1.251000e-05	2.196771e-02	1.240350e+01
1.252000e-05	2.300146e-02	1.238137e+01
1.253000e-05	2.478594e-02	1.234926e+01
1.254000e-05	2.691043e-02	1.228766e+01
1.255000e-05	2.536295e-02	1.226458e+01
1.256000e-05	2.664760e-02	1.216934e+01
1.257000e-05	2.823378e-02	1.207873e+01
1.258000e-05	2.988631e-02	1.202413e+01
1.259000e-05	2.897745e-02	1.195242e+01
1.260000e-05	3.006763e-02	1.189623e+01
1.261000e-05	3.454201e-02	1.183302e+01
1.262000e-05	3.502199e-02	1.174137e+01
1.263000e-05	3.586114e-02	1.165563e+01
1.264000e-05	3.540688e-02	1.158337e+01
1.265000e-05	3.815322e-02	1.148755e+01
1.266000e-05	3.894269e-02	1.134992e+01
1.267000e-05	3.913753e-02	1.123403e+01
1.268000e-05	3.878301e-02	1.111986e+01
1.269000e-05	4.242627e-02	1.103305e+01
1.270000e-05	4.248824e-02	1.089874e+01
1.271000e-05	4.291614e-02	1.081397e+01
1.272000e-05	3.937200e-02	1.070674e+01
1.273000e-05	4.172912e-02	1.055147e+01
1.274000e-05	4.136734e-02	1.038450e+01
1.275000e-05	4.028478e-02	1.027721e+01
1.276000e-05	3.746736e-02	1.014984e+01
1.277000e-05	3.741178e-02	1.001313e+01
1.278000e-05	3.642355e-02	9.875084e+00
1.279000e-05	3.451379e-02	9.698315e+00
1.280000e-05	3.156703e-02	9.530440e+00
1.281000e-05	3.093852e-02	9.402056e+00
1.282000e-05	3.050445e-02	9.267207e+00
1.283000e-05	2.954608e-02	9.158892e+00
1.284000e-05	2.570684e-02	8.928467e+00
1.285000e-05	2.524570e-02	8.770972e+00
1.286000e-05	2.507651e-02	8.592631e+00
1.287000e-05	2.357077e-02	8.454157e+00
1.288000e-05	2.100668e-02	8.305282e+00
1.289000e-05	1.943935e-02	8.086239e+00
1.290000e-05	1.954171e-02	7.947790e+00
1.291000e-05	1.786282e-02	7.718365e+00
1.292000e-05	1.519079e-02	7.548945e+00
1.293000e-05	1.352610e-02	7.326341e+00
1.294000e-05	1.504169e-02	7.126892e+00
1.295000e-05	1.357850e-02	6.959316e+00
1.296000e-05	1.179259e-02	6.767398e+00
1.297000e-05	9.323467e-03	6.549344e+00
1.298000e-05	1.030860e-02	6.328319e+00
1.299000e-05	1.035298e-02	6.159424e+00
1.300000e-05	7.687056e-03	5.959924e+00
1.301000e-05	5.627332e-03	5.740423e+00
1.302000e-05	6.043142e-03	5.516389e+00
1.303000e-05	7.167676e-03	5.298269e+00
1.304000e-05	4.708952e-03	5.075681e+00
1.305000e-05	3.099994e-03	4.790580e+00
1.306000e-05	3.880104e-03	4.601049e+00
1.307000e-05	4.432741e-03	4.410903e+00
1.308000e-05	3.522908e-03	4.178419e+00
1.309000e-05	3.634460e-04	3.925821e+00
1.310000e-05	1.336039e-03	3.735816e+00
1.311000e-05	1.636703e-03	3.557342e+00
1.312000e-05	1.159139e-03	3.244187e+00
1.313000e-05	-1.191122e-03	3.062633e+00
1.314000e-05	-1.118071e-03	2.852631e+00
1.315000e-05	1.607666e-04	2.641580e+00
1.316000e-05	1.277460e-04	2.397497e+00
1.317000e-05	-2.179598e-03	2.136920e+00
1.318000e-05	-3.206872e-03	1.956897e+00
1.319000e-05	-9.707682e-04	1.693817e+00
1.320000e-05	-1.129999e-03	1.432658e+00
1.321000e-05	-2.618508e-03	1.229507e+00
1.322000e-05	-5.036448e-03	9.669160e-01
1.323000e-05	-2.798413e-03	7.343356e-01
1.324000e-05	-2.280524e-03	4.932632e-01
1.325000e-05	-3.552507e-03	2.727067e-01
1.326000e-05	-4.125918e-03	3.057613e-02
1.327000e-05	4.071049e-03	-2.219951e-01
1.328000e-05	1.624504e-03	-3.999461e-01
1.329000e-05	-2.796451e-03	-6.105763e-01
1.330000e-05	-6.013135e-03	-8.336040e-01
1.331000e-05	-2.967726e-03	-1.025053e+00
1.332000e-05	-2.084464e-03	-1.242054e+00
1.333000e-05	6.041368e-04	-1.538263e+00
1.334000e-05	5.080319e-02	-1.703737e+00
1.335000e-05	6.362794e-02	-1.927237e+00
1.336000e-05	-7.391153e-02	-2.265549e+00
1.337000e-05	-4.090712e-02	-2.559895e+00
1.338000e-05	-6.084390e-02	-2.789921e+00
1.339000e-05	-6.602358e-02	-2.968897e+00
1.340000e-05	1.430661e-01	-3.138260e+00
1.341000e-05	-4.139091e-02	-3.316762e+00
1.342000e-05	-1.079458e-01	-3.540341e+00
1.343000e-05	1.943431e-01	-3.655529e+00
1.344000e-05	-1.311409e-01	-3.990320e+00
1.345000e-05	6.108453e-02	-4.221922e+00
1.346000e-05	-2.464363e-02	-4.388395e+00
1.347000e-05	-1.575632e-01	-4.672052e+00
1.348000e-05	1.731790e-01	-4.823074e+00
1.349000e-05	-6.723669e-02	-5.025573e+00
1.350000e-05	9.923439e-03	-5.358734e+00
1.351000e-05	2.503908e-02	-5.530364e+00
1.352000e-05	-1.090355e-01	-5.822390e+00
1.353000e-05	1.311165e-01	-5.979846e+00
1.354000e-05	-1.174424e-01	-6.169815e+00
1.355000e-05	-4.076346e-03	-6.431924e+00
1.356000e-05	3.531587e-02	-6.570394e+00
1.357000e-05	-3.541588e-02	-6.831920e+00
1.358000e-05	9.661402e-02	-6.990891e+00
1.359000e-05	-1.707711e-01	-7.173476e+00
1.360000e-05	8.714154e-02	-7.422025e+00
1.361000e-05	-3.189425e-02	-7.581398e+00
1.362000e-05	-8.717918e-03	-7.874429e+00
1.363000e-05	1.294876e-02	-8.002499e+00
1.364000e-05	-7.805218e-02	-8.212445e+00
1.365000e-05	9.712172e-02	-8.348869e+00
1.366000e-05	-8.095512e-02	-8.548710e+00
1.367000e-05	2.050133e-02	-8.719216e+00
1.368000e-05	-5.579961e-02	-8.876680e+00
1.369000e-05	1.670637e-02	-9.055600e+00
1.370000e-05	1.601335e-02	-9.180372e+00
1.371000e-05	-5.569629e-02	-9.372839e+00
1.372000e-05	1.908259e-02	-9.547234e+00
1.373000e-05	-3.889643e-02	-9.666057e+00
1.374000e-05	3.697698e-02	-9.801947e+00
1.375000e-05	-5.600945e-02	-9.932264e+00
1.376000e-05	-6.720116e-03	-1.013071e+01
1.377000e-05	-1.362275e-02	-1.023703e+01
1.378000e-05	6.735856e-03	-1.041447e+01
1.379000e-05	-1.659989e-02	-1.051826e+01
1.380000e-05	-3.577511e-02	-1.063458e+01
1.381000e-05	6.470360e-03	-1.073931e+01
1.382000e-05	-1.574410e-02	-1.087705e+01
1.383000e-05	-4.298146e-03	-1.098237e+01
1.384000e-05	-4.410943e-02	-1.102958e+01
1.385000e-05	2.615114e-03	-1.123292e+01
1.386000e-05	-1.392552e-02	-1.127728e+01
1.387000e-05	-6.390846e-03	-1.145337e+01
1.388000e-05	-3.298780e-02	-1.151826e+01
1.389000e-05	-1.316302e-02	-1.162397e+01
1.390000e-05	-4.103749e-03	-1.174776e+01
1.391000e-05	-1.911130e-02	-1.178500e+01
1.392000e-05	-2.259515e-02	-1.190863e+01
1.393000e-05	-2.487112e-02	-1.199337e+01
1.394000e-05	-1.509050e-03	-1.204558e+01
1.395000e-05	-2.058115e-02	-1.213979e+01
1.396000e-05	-2.204230e-02	-1.215140e+01
1.397000e-05	-2.568971e-02	-1.224455e+01
1.398000e-05	-8.462173e-03	-1.228863e+01
1.399000e-05	-1.496600e-02	-1.230821e+01
1.400000e-05	-2.525473e-02	-1.232181e+01
1.401000e-05	-2.359966e-02	-1.242389e+01
1.402000e-05	-1.628445e-02	-1.248460e+01
1.403000e-05	-1.473148e-02	-1.246760e+01
1.404000e-05	-2.833996e-02	-1.248768e+01
1.405000e-05	-2.519211e-02	-1.250019e+01
1.406000e-05	-1.737952e-02	-1.253929e+01
1.407000e-05	-1.587623e-02	-1.254182e+01
1.408000e-05	-2.680339e-02	-1.258181e+01
1.409000e-05	-2.988821e-02	-1.256234e+01
1.410000e-05	-2.329960e-02	-1.256124e+01
1.411000e-05	-1.938554e-02	-1.257079e+01
1.412000e-05	-2.814419e-02	-1.254234e+01
1.413000e-05	-3.026085e-02	-1.253881e+01
1.414000e-05	-2.608759e-02	-1.249969e+01
1.415000e-05	-2.106967e-02	-1.245668e+01
1.416000e-05	-2.964971e-02	-1.247661e+01
1.417000e-05	-3.592083e-02	-1.242500e+01
1.418000e-05	-3.089476e-02	-1.236337e+01
1.419000e-05	-2.765795e-02	-1.228031e+01
1.420000e-05	-3.023980e-02	-1.230673e+01
1.421000e-05	-3.731700e-02	-1.224451e+01
1.422000e-05	-3.283277e-02	-1.222245e+01
1.423000e-05	-3.092905e-02	-1.211034e+01
1.424000e-05	-3.366754e-02	-1.207523e+01
1.425000e-05	-4.071165e-02	-1.200340e+01
1.426000e-05	-4.019024e-02	-1.192872e+01
1.427000e-05	-3.624075e-02	-1.187698e+01
1.428000e-05	-3.874306e-02	-1.175182e+01
1.429000e-05	-4.456244e-02	-1.163653e+01
1.430000e-05	-4.516459e-02	-1.154287e+01
1.431000e-05	-4.165901e-02	-1.144458e+01
1.432000e-05	-4.239969e-02	-1.135924e+01
1.433000e-05	-4.803866e-02	-1.118357e+01
1.434000e-05	-5.037390e-02	-1.113769e+01
1.435000e-05	-4.673201e-02	-1.099195e+01
1.436000e-05	-4.598674e-02	-1.091681e+01
1.437000e-05	-4.929415e-02	-1.079242e+01
1.438000e-05	-5.082841e-02	-1.069516e+01
1.439000e-05	-4.758637e-02	-1.060032e+01
1.440000e-05	-4.437997e-02	-1.044510e+01
1.441000e-05	-4.647228e-02	-1.028668e+01
1.442000e-05	-4.802830e-02	-1.018242e+01
1.443000e-05	-4.527448e-02	-1.001250e+01
1.444000e-05	-4.114197e-02	-9.896681e+00
1.445000e-05	-4.137180e-02	-9.768267e+00
1.446000e-05	-4.245415e-02	-9.561451e+00
1.447000e-05	-4.061835e-02	-9.464080e+00
1.448000e-05	-3.511628e-02	-9.285182e+00
1.449000e-05	-3.442203e-02	-9.146337e+00
1.450000e-05	-3.593414e-02	-9.000398e+00
1.451000e-05	-3.520434e-02	-8.802599e+00
1.452000e-05	-3.054210e-02	-8.612475e+00
1.453000e-05	-2.831938e-02	-8.434104e+00
1.454000e-05	-3.007162e-02	-8.276161e+00
1.455000e-05	-2.830217e-02	-8.158862e+00
1.456000e-05	-2.516847e-02	-7.928265e+00
1.457000e-05	-2.324607e-02	-7.770744e+00
1.458000e-05	-2.442373e-02	-7.506716e+00
1.459000e-05	-2.440282e-02	-7.368322e+00
1.460000e-05	-2.165165e-02	-7.178419e+00
1.461000e-05	-1.915782e-02	-6.949273e+00
1.462000e-05	-1.889532e-02	-6.747393e+00
1.463000e-05	-2.069305e-02	-6.569895e+00
1.464000e-05	-1.736148e-02	-6.399975e+00
1.465000e-05	-1.612351e-02	-6.170344e+00
1.466000e-05	-1.440230e-02	-5.958365e+00
1.467000e-05	-1.743033e-02	-5.739339e+00
1.468000e-05	-1.511325e-02	-5.576417e+00
1.469000e-05	-1.422170e-02	-5.294789e+00
1.470000e-05	-1.091138e-02	-5.083035e+00
1.471000e-05	-1.419160e-02	-4.810570e+00
1.472000e-05	-1.290728e-02	-4.569423e+00
1.473000e-05	-1.202209e-02	-4.409974e+00
1.474000e-05	-9.155549e-03	-4.198978e+00
1.475000e-05	-1.127087e-02	-4.011921e+00
1.476000e-05	-1.111724e-02	-3.797921e+00
1.477000e-05	-8.968588e-03	-3.554344e+00
1.478000e-05	-7.734515e-03	-3.327315e+00
1.479000e-05	-9.072634e-03	-3.125240e+00
1.480000e-05	-9.225492e-03	-2.802109e+00
1.481000e-05	-6.977580e-03	-2.631177e+00
1.482000e-05	-5.472057e-03	-2.441503e+00
1.483000e-05	-6.114385e-03	-2.197297e+00
1.484000e-05	-7.318717e-03	-1.946845e+00
1.485000e-05	-7.031928e-03	-1.745340e+00
1.486000e-05	-5.964666e-03	-1.494690e+00
1.487000e-05	-5.208201e-03	-1.190524e+00
1.488000e-05	-6.331678e-03	-9.874000e-01
1.489000e-05	-4.069859e-03	-7.667960e-01
1.490000e-05	-3.551289e-03	-5.047420e-01
1.491000e-05	-1.191572e-03	-2.937607e-01
1.492000e-05	-2.486408e-03	-5.358678e-02
1.493000e-05	4.836819e-03	1.488423e-01
1.494000e-05	-1.148593e-03	4.110475e-01
1.495000e-05	2.633789e-03	6.004576e-01
1.496000e-05	-2.551584e-03	7.894699e-01
1.497000e-05	6.595557e-04	1.033501e+00
1.498000e-05	1.315616e-03	1.295712e+00
1.499000e-05	4.244147e-03	1.507787e+00
1.500000e-05	2.534830e-02	1.759394e+00
1.501000e-05	7.297679e-02	2.002421e+00
1.502000e-05	-3.830279e-03	2.233608e+00
1.503000e-05	-5.639194e-02	2.496835e+00
1.504000e-05	-4.190632e-02	2.751395e+00
1.505000e-05	-2.190119e-02	2.928291e+00
1.506000e-05	-4.645149e-02	3.105732e+00
1.507000e-05	9.052710e-02	3.235053e+00
1.508000e-05	-7.611248e-03	3.539341e+00
1.509000e-05	-6.551947e-02	3.696683e+00
1.510000e-05	1.588800e-01	3.878708e+00
1.511000e-05	-6.833279e-02	4.202440e+00
1.512000e-05	1.161258e-02	4.371426e+00
1.513000e-05	-4.070241e-03	4.582050e+00
1.514000e-05	-6.208375e-02	4.833628e+00
1.515000e-05	8.479745e-02	5.086686e+00
1.516000e-05	-1.359752e-02	5.359370e+00
1.517000e-05	-7.787887e-04	5.540423e+00
1.518000e-05	1.354503e-02	5.770867e+00
1.519000e-05	-1.716230e-02	5.972478e+00
1.520000e-05	3.004219e-02	6.161921e+00
1.521000e-05	-2.745036e-02	6.350445e+00
1.522000e-05	1.578900e-02	6.581944e+00
1.523000e-05	2.781364e-03	6.793051e+00
1.524000e-05	2.241496e-02	7.014545e+00
1.525000e-05	2.781562e-02	7.184419e+00
1.526000e-05	-5.355540e-02	7.400340e+00
1.527000e-05	3.327729e-02	7.633003e+00
1.528000e-05	1.146043e-03	7.804548e+00
1.529000e-05	1.346259e-02	8.034999e+00
1.530000e-05	2.972592e-03	8.214075e+00
1.531000e-05	3.452199e-04	8.369873e+00
1.532000e-05	2.629217e-02	8.508266e+00
1.533000e-05	-7.309327e-03	8.654156e+00
1.534000e-05	9.202430e-03	8.844628e+00
1.535000e-05	-1.150290e-02	9.016024e+00
1.536000e-05	2.060568e-02	9.181898e+00
1.537000e-05	1.609375e-02	9.309863e+00
1.538000e-05	1.337723e-03	9.497161e+00
1.539000e-05	7.967230e-03	9.633526e+00
1.540000e-05	4.138510e-03	9.804551e+00
1.541000e-05	1.701876e-02	9.950391e+00
1.542000e-05	-1.947699e-03	1.007661e+01
1.543000e-05	5.730982e-03	1.024450e+01
1.544000e-05	8.648529e-03	1.033929e+01
1.545000e-05	1.658347e-02	1.048658e+01
1.546000e-05	1.052600e-02	1.062498e+01
1.547000e-05	3.069915e-03	1.075074e+01
1.548000e-05	1.024562e-02	1.085758e+01
1.549000e-05	1.089001e-02	1.097037e+01
1.550000e-05	1.131611e-02	1.109811e+01
1.551000e-05	2.507622e-03	1.115397e+01
1.552000e-05	1.147992e-02	1.130706e+01
1.553000e-05	1.438446e-02	1.140250e+01
1.554000e-05	1.242774e-02	1.151123e+01
1.555000e-05	6.577728e-03	1.163750e+01
1.556000e-05	7.699668e-03	1.170884e+01
1.557000e-05	1.546369e-02	1.179290e+01
1.558000e-05	1.239711e-02	1.185711e+01
1.559000e-05	1.041809e-02	1.191129e+01
1.560000e-05	1.039971e-02	1.199345e+01
1.561000e-05	1.593881e-02	1.206658e+01
1.562000e-05	1.353257e-02	1.212079e+01
1.563000e-05	9.110848e-03	1.218397e+01
1.564000e-05	1.046069e-02	1.225608e+01
1.565000e-05	1.547333e-02	1.234666e+01
1.566000e-05	1.713348e-02	1.234034e+01
1.567000e-05	1.286192e-02	1.238192e+01
1.568000e-05	1.323446e-02	1.239510e+01
1.569000e-05	1.484565e-02	1.242461e+01
1.570000e-05	1.756702e-02	1.246661e+01
1.571000e-05	1.460230e-02	1.246831e+01
1.572000e-05	1.338615e-02	1.249876e+01
1.573000e-05	1.796579e-02	1.250926e+01
1.574000e-05	1.867817e-02	1.251829e+01
1.575000e-05	1.783967e-02	1.253982e+01
1.576000e-05	1.473585e-02	1.250972e+01
1.577000e-05	1.928030e-02	1.253034e+01
1.578000e-05	2.166378e-02	1.251981e+01
1.579000e-05	2.187702e-02	1.248827e+01
1.580000e-05	1.955614e-02	1.247766e+01
1.581000e-05	2.156328e-02	1.247513e+01
1.582000e-05	2.470295e-02	1.242403e+01
1.583000e-05	2.454697e-02	1.242210e+01
1.584000e-05	2.221309e-02	1.236082e+01
1.585000e-05	2.310882e-02	1.233874e+01
1.586000e-05	2.713797e-02	1.228861e+01
1.587000e-05	2.798612e-02	1.225460e+01
1.588000e-05	2.566013e-02	1.217287e+01
1.589000e-05	2.598372e-02	1.208823e+01
1.590000e-05	3.000951e-02	1.201398e+01
1.591000e-05	3.208582e-02	1.196042e+01
1.592000e-05	3.126711e-02	1.188563e+01
1.593000e-05	3.093449e-02	1.181295e+01
1.594000e-05	3.435550e-02	1.171039e+01
1.595000e-05	3.712996e-02	1.165553e+01
1.596000e-05	3.702207e-02	1.156082e+01
1.597000e-05	3.595341e-02	1.145408e+01
1.598000e-05	3.860108e-02	1.129729e+01
1.599000e-05	4.164388e-02	1.120450e+01
1.600000e-05	4.102646e-02	1.109676e+01
1.601000e-05	3.920627e-02	1.102200e+01
1.602000e-05	4.103314e-02	1.093879e+01
1.603000e-05	4.403544e-02	1.077343e+01
1.604000e-05	4.174857e-02	1.070668e+01
1.605000e-05	3.936850e-02	1.053782e+01
1.606000e-05	3.856099e-02	1.041595e+01
1.607000e-05	4.087398e-02	1.030413e+01
1.608000e-05	3.895644e-02	1.014884e+01
1.609000e-05	3.589921e-02	1.000203e+01
1.610000e-05	3.524400e-02	9.885656e+00
1.611000e-05	3.651809e-02	9.669265e+00
1.612000e-05	3.382912e-02	9.538320e+00
1.613000e-05	3.047578e-02	9.390977e+00
1.614000e-05	2.856524e-02	9.253632e+00
1.615000e-05	2.914028e-02	9.147786e+00
1.616000e-05	2.811153e-02	8.919319e+00
1.617000e-05	2.411822e-02	8.770422e+00
1.618000e-05	2.346680e-02	8.590502e+00
1.619000e-05	2.301568e-02	8.413656e+00
1.620000e-05	2.346402e-02	8.246060e+00
1.621000e-05	1.922068e-02	8.076161e+00
1.622000e-05	1.704361e-02	7.895310e+00
1.623000e-05	1.651982e-02	7.707841e+00
1.624000e-05	1.773193e-02	7.535344e+00
1.625000e-05	1.535697e-02	7.345745e+00
1.626000e-05	1.169033e-02	7.137312e+00
1.627000e-05	1.150955e-02	6.897270e+00
1.628000e-05	1.329305e-02	6.777373e+00
1.629000e-05	1.176784e-02	6.478318e+00
1.630000e-05	8.318551e-03	6.315265e+00
1.631000e-05	8.130780e-03	6.156819e+00
1.632000e-05	8.597906e-03	5.958299e+00
1.633000e-05	8.605882e-03	5.696194e+00
1.634000e-05	5.425596e-03	5.526211e+00
1.635000e-05	4.754308e-03	5.286736e+00
1.636000e-05	5.105462e-03	5.002126e+00
1.637000e-05	5.215543e-03	4.770451e+00
1.638000e-05	4.344756e-03	4.569499e+00
1.639000e-05	2.232055e-03	4.379975e+00
1.640000e-05	2.723237e-03	4.098449e+00
1.641000e-05	2.372745e-03	3.897763e+00
1.642000e-05	1.407939e-03	3.694290e+00
1.643000e-05	1.232184e-04	3.543762e+00
1.644000e-05	8.900944e-04	3.241233e+00
1.645000e-05	1.184072e-03	3.029580e+00
1.646000e-05	-1.061950e-04	2.822557e+00
1.647000e-05	-1.725290e-03	2.588946e+00
1.648000e-05	-1.903416e-03	2.357418e+00
1.649000e-05	-4.112557e-04	2.105791e+00
1.650000e-05	-1.790272e-03	1.905766e+00
1.651000e-05	-3.086407e-03	1.672763e+00
1.652000e-05	-3.368577e-03	1.433005e+00
1.653000e-05	-1.893840e-03	1.189030e+00
1.654000e-05	-2.437769e-03	9.147682e-01
1.655000e-05	-4.164757e-03	6.847604e-01
1.656000e-05	-4.388078e-03	4.131605e-01
1.657000e-05	-2.617250e-03	2.507079e-01
1.658000e-05	-2.346407e-03	-4.207363e-02
1.659000e-05	4.244492e-03	-2.325250e-01
1.660000e-05	-2.605001e-03	-4.119703e-01
1.661000e-05	-4.207561e-04	-6.330013e-01
1.662000e-05	-5.290295e-03	-8.841592e-01
1.663000e-05	-2.982228e-03	-1.064680e+00
1.664000e-05	-4.757588e-03	-1.307784e+00
1.665000e-05	2.346959e-03	-1.528841e+00
1.666000e-05	6.442754e-02	-1.734763e+00
1.667000e-05	4.645196e-02	-1.938366e+00
1.668000e-05	-7.488477e-02	-2.326609e+00
1.669000e-05	-4.296284e-02	-2.581999e+00
1.670000e-05	-5.818212e-02	-2.790500e+00
1.671000e-05	-5.609646e-02	-2.991966e+00
1.672000e-05	1.527787e-01	-3.120362e+00
1.673000e-05	-8.609756e-02	-3.329240e+00
1.674000e-05	-5.581230e-02	-3.549369e+00
1.675000e-05	1.766426e-01	-3.738785e+00
1.676000e-05	-1.463134e-01	-4.011895e+00
1.677000e-05	8.802658e-02	-4.253629e+00
1.678000e-05	-6.407303e-02	-4.400948e+00
1.679000e-05	-1.194515e-01	-4.685576e+00
1.680000e-05	1.698834e-01	-4.853102e+00
1.681000e-05	-9.211438e-02	-5.066260e+00
1.682000e-05	3.973001e-02	-5.380290e+00
1.683000e-05	-1.662558e-03	-5.560889e+00
1.684000e-05	-8.863706e-02	-5.812944e+00
1.685000e-05	1.265862e-01	-5.989894e+00
1.686000e-05	-1.387672e-01	-6.231447e+00
1.687000e-05	3.299643e-02	-6.403078e+00
1.688000e-05	3.867936e-03	-6.572921e+00
1.689000e-05	-8.009430e-03	-6.833549e+00
1.690000e-05	7.069803e-02	-6.993423e+00
1.691000e-05	-1.629288e-01	-7.263503e+00
1.692000e-05	1.058577e-01	-7.413077e+00
1.693000e-05	-6.013750e-02	-7.623045e+00
1.694000e-05	1.752054e-02	-7.847652e+00
1.695000e-05	-1.040733e-02	-8.022552e+00
1.696000e-05	-5.380972e-02	-8.254952e+00
1.697000e-05	8.275601e-02	-8.359870e+00
1.698000e-05	-8.751745e-02	-8.520841e+00
1.699000e-05	3.034993e-02	-8.739790e+00
1.700000e-05	-6.426892e-02	-8.917132e+00
1.701000e-05	3.516706e-02	-9.084681e+00
1.702000e-05	-3.909585e-03	-9.182448e+00
1.703000e-05	-4.072387e-02	-9.393437e+00
1.704000e-05	1.245376e-02	-9.539745e+00
1.705000e-05	-3.442749e-02	-9.698207e+00
1.706000e-05	2.982641e-02	-9.843028e+00
1.707000e-05	-5.966492e-02	-9.960314e+00
1.708000e-05	2.844560e-03	-1.011928e+01
1.709000e-05	-1.741949e-02	-1.028464e+01
1.710000e-05	9.998730e-03	-1.039300e+01
1.711000e-05	-2.474291e-02	-1.046879e+01
1.712000e-05	-2.577021e-02	-1.067360e+01
1.713000e-05	1.243290e-03	-1.075834e+01
1.714000e-05	-1.480966e-02	-1.086811e+01
1.715000e-05	-1.060707e-02	-1.098299e+01
1.716000e-05	-3.805260e-02	-1.109663e+01
1.717000e-05	5.503958e-03	-1.125550e+01
1.718000e-05	-1.624822e-02	-1.132921e+01
1.719000e-05	-8.329349e-03	-1.145605e+01
1.720000e-05	-3.346308e-02	-1.149871e+01
1.721000e-05	-8.154184e-03	-1.167603e+01
1.722000e-05	-9.463591e-03	-1.173969e+01
1.723000e-05	-1.954334e-02	-1.181663e+01
1.724000e-05	-2.117444e-02	-1.190771e+01
1.725000e-05	-1.902970e-02	-1.200340e+01
1.726000e-05	-4.154536e-03	-1.205666e+01
1.727000e-05	-2.316754e-02	-1.212029e+01
1.728000e-05	-2.146883e-02	-1.217194e+01
1.729000e-05	-2.402291e-02	-1.223350e+01
1.730000e-05	-9.109192e-03	-1.228716e+01
1.731000e-05	-2.018472e-02	-1.235976e+01
1.732000e-05	-2.462587e-02	-1.236187e+01
1.733000e-05	-2.113921e-02	-1.241400e+01
1.734000e-05	-1.556864e-02	-1.242453e+01
1.735000e-05	-1.884940e-02	-1.246658e+01
1.736000e-05	-2.777868e-02	-1.247720e+01
1.737000e-05	-2.353583e-02	-1.252974e+01
1.738000e-05	-1.701507e-02	-1.254024e+01
1.739000e-05	-2.010183e-02	-1.251982e+01
1.740000e-05	-2.737358e-02	-1.253039e+01
1.741000e-05	-2.748507e-02	-1.257237e+01
1.742000e-05	-2.155494e-02	-1.257234e+01
1.743000e-05	-2.279530e-02	-1.257230e+01
1.744000e-05	-2.890657e-02	-1.256084e+01
1.745000e-05	-2.798267e-02	-1.251874e+01
1.746000e-05	-2.587688e-02	-1.247820e+01
1.747000e-05	-2.416713e-02	-1.247819e+01
1.748000e-05	-3.223264e-02	-1.244708e+01
1.749000e-05	-3.249330e-02	-1.242447e+01
1.750000e-05	-2.821039e-02	-1.237187e+01
1.751000e-05	-2.805189e-02	-1.231979e+01
1.752000e-05	-3.277018e-02	-1.226721e+01
1.753000e-05	-3.510737e-02	-1.223458e+01
1.754000e-05	-3.177107e-02	-1.223242e+01
1.755000e-05	-3.196283e-02	-1.214826e+01
1.756000e-05	-3.664362e-02	-1.208666e+01
1.757000e-05	-3.997448e-02	-1.198300e+01
1.758000e-05	-3.658827e-02	-1.191834e+01
1.759000e-05	-3.590239e-02	-1.185702e+01
1.760000e-05	-4.046112e-02	-1.179034e+01
1.761000e-05	-4.454677e-02	-1.166553e+01
1.762000e-05	-4.316945e-02	-1.154036e+01
1.763000e-05	-4.225344e-02	-1.144458e+01
1.764000e-05	-4.566487e-02	-1.136114e+01
1.765000e-05	-4.874707e-02	-1.118100e+01
1.766000e-05	-4.773967e-02	-1.109629e+01
1.767000e-05	-4.646416e-02	-1.098390e+01
1.768000e-05	-4.807097e-02	-1.088668e+01
1.769000e-05	-5.087624e-02	-1.080090e+01
1.770000e-05	-4.880392e-02	-1.067666e+01
1.771000e-05	-4.552281e-02	-1.058184e+01
1.772000e-05	-4.653862e-02	-1.040405e+01
1.773000e-05	-4.764009e-02	-1.031621e+01
1.774000e-05	-4.567857e-02	-1.008989e+01
1.775000e-05	-4.254217e-02	-9.971472e+00
1.776000e-05	-4.325889e-02	-9.895132e+00
1.777000e-05	-4.445883e-02	-9.767310e+00
1.778000e-05	-4.133718e-02	-9.591427e+00
1.779000e-05	-3.706523e-02	-9.453000e+00
1.780000e-05	-3.554769e-02	-9.285107e+00
1.781000e-05	-3.641648e-02	-9.144737e+00
1.782000e-05	-3.532097e-02	-8.978915e+00
1.783000e-05	-3.109764e-02	-8.810976e+00
1.784000e-05	-3.147961e-02	-8.620548e+00
1.785000e-05	-3.113102e-02	-8.414431e+00
1.786000e-05	-3.103749e-02	-8.295760e+00
1.787000e-05	-2.555262e-02	-8.148236e+00
1.788000e-05	-2.520123e-02	-7.918341e+00
1.789000e-05	-2.573012e-02	-7.706240e+00
1.790000e-05	-2.547894e-02	-7.505737e+00
1.791000e-05	-2.083739e-02	-7.357190e+00
1.792000e-05	-2.028501e-02	-7.127220e+00
1.793000e-05	-2.127511e-02	-6.907739e+00
1.794000e-05	-2.051258e-02	-6.736792e+00
1.795000e-05	-1.867436e-02	-6.548767e+00
1.796000e-05	-1.632600e-02	-6.358894e+00
1.797000e-05	-1.810486e-02	-6.107889e+00
1.798000e-05	-1.729768e-02	-5.916336e+00
1.799000e-05	-1.522411e-02	-5.637844e+00
1.800000e-05	-1.285710e-02	-5.497815e+00
1.801000e-05	-1.484790e-02	-5.304683e+00
1.802000e-05	-1.342959e-02	-5.022077e+00
1.803000e-05	-1.276991e-02	-4.818870e+00
1.804000e-05	-1.035116e-02	-4.547367e+00
1.805000e-05	-1.326141e-02	-4.397900e+00
1.806000e-05	-1.101207e-02	-4.199893e+00
1.807000e-05	-9.537900e-03	-3.958950e+00
1.808000e-05	-8.945925e-03	-3.746371e+00
1.809000e-05	-1.021583e-02	-3.565287e+00
1.810000e-05	-9.963329e-03	-3.303765e+00
1.811000e-05	-8.789720e-03	-3.112235e+00
1.812000e-05	-6.751583e-03	-2.822055e+00
1.813000e-05	-7.763998e-03	-2.639553e+00
1.814000e-05	-5.727619e-03	-2.410925e+00
1.815000e-05	-5.757806e-03	-2.147771e+00
1.816000e-05	-5.680256e-03	-1.937316e+00
1.817000e-05	-6.994211e-03	-1.683817e+00
1.818000e-05	-7.412721e-03	-1.501658e+00
1.819000e-05	-6.186892e-03	-1.147475e+00
1.820000e-05	-5.388007e-03	-9.768686e-01
1.821000e-05	-4.392337e-03	-7.353424e-01
1.822000e-05	-3.945239e-03	-4.720858e-01
1.823000e-05	-2.733909e-03	-2.922354e-01
1.824000e-05	-3.171457e-04	-1.210414e-02
1.825000e-05	7.197999e-03	1.883997e-01
1.826000e-05	-3.197015e-03	4.330551e-01
1.827000e-05	2.439763e-03	6.325987e-01
1.828000e-05	-3.055011e-03	8.005760e-01
1.829000e-05	3.312735e-03	1.074632e+00
1.830000e-05	-2.144677e-05	1.285759e+00
1.831000e-05	3.131394e-03	1.478863e+00
1.832000e-05	2.871704e-02	1.781097e+00
1.833000e-05	7.731192e-02	2.022027e+00
1.834000e-05	-1.885569e-02	2.306159e+00
1.835000e-05	-5.284990e-02	2.537815e+00
1.836000e-05	-4.121622e-02	2.809500e+00
1.837000e-05	-2.041711e-02	2.969867e+00
1.838000e-05	-4.155911e-02	3.075232e+00
1.839000e-05	1.003151e-01	3.235704e+00
1.840000e-05	-4.243730e-02	3.559392e+00
1.841000e-05	-3.001581e-02	3.706238e+00
1.842000e-05	1.463939e-01	3.907741e+00
1.843000e-05	-7.716076e-02	4.222048e+00
1.844000e-05	2.688347e-02	4.431977e+00
1.845000e-05	-2.420073e-02	4.605024e+00
1.846000e-05	-4.047070e-02	4.854953e+00
1.847000e-05	7.823835e-02	5.118164e+00
1.848000e-05	-2.216159e-02	5.340448e+00
1.849000e-05	5.078533e-03	5.578971e+00
1.850000e-05	1.151459e-02	5.803493e+00
1.851000e-05	-1.495591e-02	6.032548e+00
1.852000e-05	2.891267e-02	6.202951e+00
1.853000e-05	-2.976659e-02	6.412498e+00
1.854000e-05	2.285998e-02	6.602500e+00
1.855000e-05	-4.958342e-03	6.802578e+00
1.856000e-05	2.957623e-02	6.994550e+00
1.857000e-05	1.498747e-02	7.231925e+00
1.858000e-05	-4.627284e-02	7.442995e+00
1.859000e-05	3.881841e-02	7.605100e+00
1.860000e-05	-5.975882e-03	7.812579e+00
1.861000e-05	1.896248e-02	8.064179e+00
1.862000e-05	-2.172148e-03	8.242552e+00
1.863000e-05	8.133755e-03	8.392420e+00
1.864000e-05	1.745494e-02	8.539916e+00
1.865000e-05	-5.755726e-03	8.685735e+00
1.866000e-05	7.976053e-03	8.854028e+00
1.867000e-05	-8.362743e-03	9.035598e+00
1.868000e-05	2.185251e-02	9.193949e+00
1.869000e-05	1.160411e-02	9.310918e+00
1.870000e-05	4.445777e-03	9.498260e+00
1.871000e-05	7.363948e-03	9.624475e+00
1.872000e-05	5.529541e-03	9.824552e+00
1.873000e-05	1.275527e-02	9.920870e+00
1.874000e-05	-5.557425e-04	1.009771e+01
1.875000e-05	7.545668e-03	1.024655e+01
1.876000e-05	8.949231e-03	1.033082e+01
1.877000e-05	1.521439e-02	1.047716e+01
1.878000e-05	9.866894e-03	1.062502e+01
1.879000e-05	4.773202e-03	1.076087e+01
1.880000e-05	8.870909e-03	1.087869e+01
1.881000e-05	9.157811e-03	1.096092e+01
1.882000e-05	1.017666e-02	1.108721e+01
1.883000e-05	6.618129e-03	1.120245e+01
1.884000e-05	1.223937e-02	1.128918e+01
1.885000e-05	1.396609e-02	1.141452e+01
1.886000e-05	1.226928e-02	1.150776e+01
1.887000e-05	7.532852e-03	1.163545e+01
1.888000e-05	8.404682e-03	1.171024e+01
1.889000e-05	1.350380e-02	1.183195e+01
1.890000e-05	1.095205e-02	1.188768e+01
1.891000e-05	1.149266e-02	1.194027e+01
1.892000e-05	1.265988e-02	1.199347e+01
1.893000e-05	1.534624e-02	1.206810e+01
1.894000e-05	1.246749e-02	1.215136e+01
1.895000e-05	9.784680e-03	1.220450e+01
1.896000e-05	1.209507e-02	1.223506e+01
1.897000e-05	1.419389e-02	1.230921e+01
1.898000e-05	1.518156e-02	1.234887e+01
1.899000e-05	1.240458e-02	1.241190e+01
1.900000e-05	1.496473e-02	1.241555e+01
1.901000e-05	1.499406e-02	1.246560e+01
1.902000e-05	1.684696e-02	1.248776e+01
1.903000e-05	1.466886e-02	1.249776e+01
1.904000e-05	1.616609e-02	1.252874e+01
1.905000e-05	1.844822e-02	1.252934e+01
1.906000e-05	1.802399e-02	1.253981e+01
1.907000e-05	1.632422e-02	1.253934e+01
1.908000e-05	1.650408e-02	1.255982e+01
1.909000e-05	1.923390e-02	1.252129e+01
1.910000e-05	2.010129e-02	1.251829e+01
1.911000e-05	1.969989e-02	1.249821e+01
1.912000e-05	2.209460e-02	1.248768e+01
1.913000e-05	2.236056e-02	1.243611e+01
1.914000e-05	2.412383e-02	1.242308e+01
1.915000e-05	2.180999e-02	1.237248e+01
1.916000e-05	2.291939e-02	1.238237e+01
1.917000e-05	2.443598e-02	1.230829e+01
1.918000e-05	2.638236e-02	1.229658e+01
1.919000e-05	2.589099e-02	1.223552e+01
1.920000e-05	2.638864e-02	1.218030e+01
1.921000e-05	2.830664e-02	1.205731e+01
1.922000e-05	3.042200e-02	1.198451e+01
1.923000e-05	2.997066e-02	1.195337e+01
1.924000e-05	3.077726e-02	1.189568e+01
1.925000e-05	3.331740e-02	1.182303e+01
1.926000e-05	3.373896e-02	1.171776e+01
1.927000e-05	3.455185e-02	1.166605e+01
1.928000e-05	3.570311e-02	1.153977e+01
1.929000e-05	3.797964e-02	1.143448e+01
1.930000e-05	3.880908e-02	1.130734e+01
1.931000e-05	3.899009e-02	1.119295e+01
1.932000e-05	4.014404e-02	1.107728e+01
1.933000e-05	4.013092e-02	1.102350e+01
1.934000e-05	4.277116e-02	1.090674e+01
1.935000e-05	4.152002e-02	1.080348e+01
1.936000e-05	4.109024e-02	1.064566e+01
1.937000e-05	4.090348e-02	1.054887e+01
1.938000e-05	4.007290e-02	1.038102e+01
1.939000e-05	3.932098e-02	1.027461e+01
1.940000e-05	3.810812e-02	1.015874e+01
1.941000e-05	3.713777e-02	9.961048e+00
1.942000e-05	3.542497e-02	9.883709e+00
1.943000e-05	3.510978e-02	9.656162e+00
1.944000e-05	3.214018e-02	9.529288e+00
1.945000e-05	3.171290e-02	9.361427e+00
1.946000e-05	2.956512e-02	9.253553e+00
1.947000e-05	2.846131e-02	9.127712e+00
1.948000e-05	2.630529e-02	8.968215e+00
1.949000e-05	2.620258e-02	8.740893e+00
1.950000e-05	2.276588e-02	8.580449e+00
1.951000e-05	2.217774e-02	8.422082e+00
1.952000e-05	2.180008e-02	8.262679e+00
1.953000e-05	2.092236e-02	8.033609e+00
1.954000e-05	1.869774e-02	7.864662e+00
1.955000e-05	1.667856e-02	7.707736e+00
1.956000e-05	1.621810e-02	7.526261e+00
1.957000e-05	1.447876e-02	7.253686e+00
1.958000e-05	1.233645e-02	7.084762e+00
1.959000e-05	1.193642e-02	6.906333e+00
1.960000e-05	1.138901e-02	6.708839e+00
1.961000e-05	1.011459e-02	6.477266e+00
1.962000e-05	1.067816e-02	6.334262e+00
1.963000e-05	7.953432e-03	6.117288e+00
1.964000e-05	9.150503e-03	5.896265e+00
1.965000e-05	6.828402e-03	5.675190e+00
1.966000e-05	5.652469e-03	5.506238e+00
1.967000e-05	6.597505e-03	5.243185e+00
1.968000e-05	5.368297e-03	5.041553e+00
1.969000e-05	3.879290e-03	4.718971e+00
1.970000e-05	2.593643e-03	4.568421e+00
1.971000e-05	1.543193e-03	4.357396e+00
1.972000e-05	1.849416e-03	4.135890e+00
1.973000e-05	2.740323e-03	3.874162e+00
1.974000e-05	2.487618e-03	3.694238e+00
1.975000e-05	2.920903e-03	3.504282e+00
1.976000e-05	2.056482e-03	3.209981e+00
1.977000e-05	1.945501e-04	3.019479e+00
1.978000e-05	-3.592592e-03	2.800075e+00
1.979000e-05	-2.802471e-03	2.556451e+00
1.980000e-05	-3.238557e-03	2.325741e+00
1.981000e-05	-8.568691e-04	2.115363e+00
1.982000e-05	-1.638379e-03	1.895316e+00
1.983000e-05	-1.601928e-04	1.652188e+00
1.984000e-05	-3.250453e-04	1.420505e+00
1.985000e-05	-2.724246e-03	1.178026e+00
1.986000e-05	-3.287035e-03	8.948655e-01
1.987000e-05	-5.545974e-03	6.826602e-01
1.988000e-05	-5.264809e-03	4.726567e-01
1.989000e-05	-4.572568e-03	1.891341e-01
1.990000e-05	-1.912853e-03	-5.207777e-02
1.991000e-05	6.667702e-03	-2.541027e-01
1.992000e-05	-2.355166e-03	-4.240501e-01
1.993000e-05	-2.999800e-04	-7.161293e-01
1.994000e-05	-6.306713e-03	-9.057320e-01
1.995000e-05	-3.361922e-03	-1.115236e+00
1.996000e-05	-5.280945e-03	-1.318839e+00
1.997000e-05	3.415658e-03	-1.598939e+00
1.998000e-05	7.193997e-02	-1.728338e+00
1.999000e-05	2.784622e-02	-1.981392e+00
2.000000e-05	-6.987420e-02	-2.347283e+00
2.001000e-05	-4.490002e-02	-2.622522e+00
2.002000e-05	-6.097660e-02	-2.791501e+00
2.003000e-05	-4.116555e-02	-2.992028e+00
2.004000e-05	1.575214e-01	-3.149321e+00
2.005000e-05	-1.222118e-01	-3.340940e+00
2.006000e-05	-3.566002e-03	-3.580473e+00
2.007000e-05	1.486685e-01	-3.736310e+00
2.008000e-05	-1.470054e-01	-4.054004e+00
2.009000e-05	1.068000e-01	-4.235154e+00
2.010000e-05	-1.048092e-01	-4.434000e+00
2.011000e-05	-7.787449e-02	-4.717736e+00
2.012000e-05	1.601374e-01	-4.865102e+00
2.013000e-05	-1.064915e-01	-5.117262e+00
2.014000e-05	6.289953e-02	-5.412469e+00
2.015000e-05	-3.141379e-02	-5.592491e+00
2.016000e-05	-6.101007e-02	-5.823923e+00
2.017000e-05	1.148269e-01	-6.001469e+00
2.018000e-05	-1.539409e-01	-6.274948e+00
2.019000e-05	6.207410e-02	-6.443103e+00
2.020000e-05	-2.397641e-02	-6.602049e+00
2.021000e-05	2.393330e-02	-6.854057e+00
2.022000e-05	3.587090e-02	-7.044552e+00
2.023000e-05	-1.487833e-01	-7.277107e+00
2.024000e-05	1.132946e-01	-7.425052e+00
2.025000e-05	-7.802675e-02	-7.636024e+00
2.026000e-05	3.922932e-02	-7.898662e+00
2.027000e-05	-3.697078e-02	-8.013953e+00
2.028000e-05	-2.549549e-02	-8.225498e+00
2.029000e-05	6.678653e-02	-8.350447e+00
2.030000e-05	-8.464592e-02	-8.591964e+00
2.031000e-05	3.058780e-02	-8.739790e+00
2.032000e-05	-7.082356e-02	-8.908235e+00
2.033000e-05	5.117144e-02	-9.127186e+00
2.034000e-05	-2.289496e-02	-9.223473e+00
2.035000e-05	-2.508520e-02	-9.422918e+00
2.036000e-05	-1.372183e-03	-9.560887e+00
2.037000e-05	-2.315597e-02	-9.709187e+00
2.038000e-05	2.155690e-02	-9.854975e+00
2.039000e-05	-5.782705e-02	-9.941388e+00
2.040000e-05	7.630584e-03	-1.014031e+01
2.041000e-05	-1.860876e-02	-1.027759e+01
2.042000e-05	1.353611e-02	-1.044605e+01
2.043000e-05	-3.256775e-02	-1.052036e+01
2.044000e-05	-2.221092e-02	-1.066808e+01
2.045000e-05	-3.714705e-03	-1.075132e+01
2.046000e-05	-1.386583e-02	-1.093773e+01
2.047000e-05	-1.419977e-02	-1.102200e+01
2.048000e-05	-3.356062e-02	-1.113024e+01
2.049000e-05	8.191557e-03	-1.122537e+01
2.050000e-05	-1.570222e-02	-1.131128e+01
2.051000e-05	-8.329227e-03	-1.144558e+01
2.052000e-05	-3.866214e-02	-1.150076e+01
2.053000e-05	-7.994629e-03	-1.160605e+01
2.054000e-05	-1.396653e-02	-1.175034e+01
2.055000e-05	-1.739849e-02	-1.183603e+01
2.056000e-05	-2.382073e-02	-1.190924e+01
2.057000e-05	-1.346500e-02	-1.200340e+01
2.058000e-05	-3.520700e-03	-1.206765e+01
2.059000e-05	-2.266575e-02	-1.215136e+01
2.060000e-05	-2.369171e-02	-1.218244e+01
2.061000e-05	-2.659533e-02	-1.225595e+01
2.062000e-05	-9.721989e-03	-1.233666e+01
2.063000e-05	-2.148949e-02	-1.232029e+01
2.064000e-05	-2.302079e-02	-1.239139e+01
2.065000e-05	-1.925018e-02	-1.242237e+01
2.066000e-05	-1.217564e-02	-1.243558e+01
2.067000e-05	-1.913279e-02	-1.248660e+01
2.068000e-05	-2.817079e-02	-1.252818e+01
2.069000e-05	-2.551866e-02	-1.251874e+01
2.070000e-05	-1.721803e-02	-1.254026e+01
2.071000e-05	-2.147310e-02	-1.261229e+01
2.072000e-05	-2.709759e-02	-1.254274e+01
2.073000e-05	-2.722725e-02	-1.257379e+01
2.074000e-05	-1.957836e-02	-1.255091e+01
2.075000e-05	-2.090117e-02	-1.258182e+01
2.076000e-05	-2.936158e-02	-1.256097e+01
2.077000e-05	-2.902109e-02	-1.249926e+01
2.078000e-05	-2.654593e-02	-1.248674e+01
2.079000e-05	-2.466900e-02	-1.245716e+01
2.080000e-05	-3.337944e-02	-1.245703e+01
2.081000e-05	-3.232981e-02	-1.241447e+01
2.082000e-05	-2.826834e-02	-1.235237e+01
2.083000e-05	-2.674644e-02	-1.229879e+01
2.084000e-05	-3.273959e-02	-1.229713e+01
2.085000e-05	-3.668991e-02	-1.226402e+01
2.086000e-05	-3.276120e-02	-1.217242e+01
2.087000e-05	-3.265290e-02	-1.209921e+01
2.088000e-05	-3.645053e-02	-1.208621e+01
2.089000e-05	-4.070592e-02	-1.195189e+01
2.090000e-05	-3.715382e-02	-1.191771e+01
2.091000e-05	-3.652766e-02	-1.184448e+01
2.092000e-05	-4.077936e-02	-1.177026e+01
2.093000e-05	-4.490978e-02	-1.163550e+01
2.094000e-05	-4.388996e-02	-1.154929e+01
2.095000e-05	-4.262988e-02	-1.143410e+01
2.096000e-05	-4.479004e-02	-1.132769e+01
2.097000e-05	-4.881080e-02	-1.126392e+01
2.098000e-05	-4.747523e-02	-1.104468e+01
2.099000e-05	-4.534689e-02	-1.097087e+01
2.100000e-05	-4.732850e-02	-1.088521e+01
2.101000e-05	-5.068972e-02	-1.077089e+01
2.102000e-05	-4.973306e-02	-1.069558e+01
2.103000e-05	-4.649528e-02	-1.055029e+01
2.104000e-05	-4.743247e-02	-1.044455e+01
2.105000e-05	-4.700695e-02	-1.027466e+01
2.106000e-05	-4.651361e-02	-1.008976e+01
2.107000e-05	-4.253055e-02	-9.990921e+00
2.108000e-05	-4.155534e-02	-9.855181e+00
2.109000e-05	-4.238264e-02	-9.727763e+00
2.110000e-05	-4.223421e-02	-9.579524e+00
2.111000e-05	-3.817812e-02	-9.423950e+00
2.112000e-05	-3.711996e-02	-9.255134e+00
2.113000e-05	-3.663374e-02	-9.096236e+00
2.114000e-05	-3.495205e-02	-8.968340e+00
2.115000e-05	-3.228854e-02	-8.770397e+00
2.116000e-05	-2.959805e-02	-8.583423e+00
2.117000e-05	-2.949434e-02	-8.400976e+00
2.118000e-05	-2.919666e-02	-8.263632e+00
2.119000e-05	-2.741325e-02	-8.126735e+00
2.120000e-05	-2.595593e-02	-7.886237e+00
2.121000e-05	-2.563132e-02	-7.646710e+00
2.122000e-05	-2.419978e-02	-7.494660e+00
2.123000e-05	-2.280526e-02	-7.276261e+00
2.124000e-05	-2.030718e-02	-7.137361e+00
2.125000e-05	-2.033882e-02	-6.907261e+00
2.126000e-05	-1.957806e-02	-6.715740e+00
2.127000e-05	-1.869834e-02	-6.527312e+00
2.128000e-05	-1.666495e-02	-6.337318e+00
2.129000e-05	-1.684930e-02	-6.117191e+00
2.130000e-05	-1.728258e-02	-5.906283e+00
2.131000e-05	-1.651291e-02	-5.695740e+00
2.132000e-05	-1.358462e-02	-5.476185e+00
2.133000e-05	-1.402002e-02	-5.252582e+00
2.134000e-05	-1.183953e-02	-5.042482e+00
2.135000e-05	-1.308249e-02	-4.759839e+00
2.136000e-05	-1.045103e-02	-4.536771e+00
2.137000e-05	-1.191368e-02	-4.368869e+00
2.138000e-05	-9.713526e-03	-4.156923e+00
2.139000e-05	-1.080089e-02	-3.958416e+00
2.140000e-05	-8.870457e-03	-3.686237e+00
2.141000e-05	-9.821025e-03	-3.485212e+00
2.142000e-05	-9.180392e-03	-3.274108e+00
2.143000e-05	-1.006877e-02	-3.062632e+00
2.144000e-05	-7.253467e-03	-2.810575e+00
2.145000e-05	-6.268940e-03	-2.597898e+00
2.146000e-05	-5.902398e-03	-2.379948e+00
2.147000e-05	-6.589865e-03	-2.095291e+00
2.148000e-05	-6.047093e-03	-1.903311e+00
2.149000e-05	-6.169882e-03	-1.682810e+00
2.150000e-05	-7.576469e-03	-1.470657e+00
2.151000e-05	-5.514018e-03	-1.166845e+00
2.152000e-05	-5.133484e-03	-9.263434e-01
2.153000e-05	-3.325308e-03	-7.362432e-01
2.154000e-05	-3.449100e-03	-4.416366e-01
2.155000e-05	-2.842065e-03	-2.406029e-01
2.156000e-05	-1.959996e-05	-9.531444e-03
2.157000e-05	6.204998e-03	1.915013e-01
2.158000e-05	-4.176305e-03	4.236528e-01
2.159000e-05	2.061032e-03	6.340287e-01
2.160000e-05	-2.646981e-03	8.636005e-01
2.161000e-05	5.618076e-03	1.105186e+00
2.162000e-05	7.022613e-04	1.327816e+00
2.163000e-05	6.196208e-03	1.559540e+00
2.164000e-05	3.310542e-02	1.842554e+00
2.165000e-05	7.534843e-02	2.032602e+00
2.166000e-05	-3.582568e-02	2.306738e+00
2.167000e-05	-5.018159e-02	2.549495e+00
2.168000e-05	-4.003344e-02	2.811474e+00
2.169000e-05	-2.186689e-02	2.950423e+00
2.170000e-05	-3.189483e-02	3.116766e+00
2.171000e-05	1.091911e-01	3.257736e+00
2.172000e-05	-7.085580e-02	3.591973e+00
2.173000e-05	5.085696e-03	3.706891e+00
2.174000e-05	1.224370e-01	3.928770e+00
2.175000e-05	-8.319987e-02	4.232628e+00
2.176000e-05	4.279712e-02	4.423050e+00
2.177000e-05	-4.659355e-02	4.654179e+00
2.178000e-05	-1.683790e-02	4.875179e+00
2.179000e-05	7.124894e-02	5.110789e+00
2.180000e-05	-2.230015e-02	5.432470e+00
2.181000e-05	9.663059e-03	5.592973e+00
2.182000e-05	5.814366e-03	5.824525e+00
2.183000e-05	-1.275873e-02	6.034078e+00
2.184000e-05	2.495415e-02	6.213554e+00
2.185000e-05	-2.974894e-02	6.392450e+00
2.186000e-05	2.638215e-02	6.676053e+00
2.187000e-05	-7.934052e-03	6.856078e+00
2.188000e-05	3.962030e-02	7.013605e+00
2.189000e-05	2.703430e-03	7.223005e+00
2.190000e-05	-4.109879e-02	7.393578e+00
2.191000e-05	3.961759e-02	7.645626e+00
2.192000e-05	-1.286618e-02	7.849027e+00
2.193000e-05	2.218269e-02	8.057661e+00
2.194000e-05	-8.619079e-03	8.274572e+00
2.195000e-05	1.684791e-02	8.402927e+00
2.196000e-05	1.349515e-02	8.509918e+00
2.197000e-05	-1.643106e-03	8.696739e+00
2.198000e-05	5.075373e-03	8.866628e+00
2.199000e-05	-8.556108e-03	9.046582e+00
2.200000e-05	2.423013e-02	9.213954e+00
2.201000e-05	7.397341e-03	9.371469e+00
2.202000e-05	6.857588e-03	9.508263e+00
2.203000e-05	4.320152e-03	9.645127e+00
2.204000e-05	9.869234e-03	9.834596e+00
2.205000e-05	1.189982e-02	9.982420e+00
2.206000e-05	9.459219e-04	1.008074e+01
2.207000e-05	5.889914e-03	1.023608e+01
2.208000e-05	1.164273e-02	1.035194e+01
2.209000e-05	1.576951e-02	1.051773e+01
2.210000e-05	7.425995e-03	1.061558e+01
2.211000e-05	4.593906e-03	1.079192e+01
2.212000e-05	9.135196e-03	1.087826e+01
2.213000e-05	1.122614e-02	1.099295e+01
2.214000e-05	8.447924e-03	1.109676e+01
2.215000e-05	6.501904e-03	1.120237e+01
2.216000e-05	1.242153e-02	1.130873e+01
2.217000e-05	1.371635e-02	1.145508e+01
2.218000e-05	1.103033e-02	1.157231e+01
2.219000e-05	7.780560e-03	1.164558e+01
2.220000e-05	9.941764e-03	1.169984e+01
2.221000e-05	1.279575e-02	1.182242e+01
2.222000e-05	1.104496e-02	1.187614e+01
2.223000e-05	1.163872e-02	1.195044e+01
2.224000e-05	1.327304e-02	1.202555e+01
2.225000e-05	1.411785e-02	1.207718e+01
2.226000e-05	1.164378e-02	1.214187e+01
2.227000e-05	1.046286e-02	1.222300e+01
2.228000e-05	1.290515e-02	1.226653e+01
2.229000e-05	1.435566e-02	1.229919e+01
2.230000e-05	1.491988e-02	1.235929e+01
2.231000e-05	1.436650e-02	1.239295e+01
2.232000e-05	1.420192e-02	1.245552e+01
2.233000e-05	1.530992e-02	1.240418e+01
2.234000e-05	1.483898e-02	1.246816e+01
2.235000e-05	1.476049e-02	1.248818e+01
2.236000e-05	1.552507e-02	1.250933e+01
2.237000e-05	1.871329e-02	1.252029e+01
2.238000e-05	1.729747e-02	1.252929e+01
2.239000e-05	1.775738e-02	1.253886e+01
2.240000e-05	1.725882e-02	1.252986e+01
2.241000e-05	1.947158e-02	1.248921e+01
2.242000e-05	2.032740e-02	1.249882e+01
2.243000e-05	2.030147e-02	1.245878e+01
2.244000e-05	2.147064e-02	1.247726e+01
2.245000e-05	2.220526e-02	1.243503e+01
2.246000e-05	2.381052e-02	1.241405e+01
2.247000e-05	2.233817e-02	1.241147e+01
2.248000e-05	2.289076e-02	1.233079e+01
2.249000e-05	2.489461e-02	1.229774e+01
2.250000e-05	2.618016e-02	1.228611e+01
2.251000e-05	2.548497e-02	1.220450e+01
2.252000e-05	2.644955e-02	1.213084e+01
2.253000e-05	2.812490e-02	1.208716e+01
2.254000e-05	2.885005e-02	1.199400e+01
2.255000e-05	3.036716e-02	1.191182e+01
2.256000e-05	3.047468e-02	1.188621e+01
2.257000e-05	3.383851e-02	1.181195e+01
2.258000e-05	3.367512e-02	1.168729e+01
2.259000e-05	3.449823e-02	1.160563e+01
2.260000e-05	3.658073e-02	1.153977e+01
2.261000e-05	3.761716e-02	1.142303e+01
2.262000e-05	4.125042e-02	1.131776e+01
2.263000e-05	3.925394e-02	1.116350e+01
2.264000e-05	4.038939e-02	1.108774e+01
2.265000e-05	3.955574e-02	1.098245e+01
2.266000e-05	4.195798e-02	1.089728e+01
2.267000e-05	4.103489e-02	1.077055e+01
2.268000e-05	4.192277e-02	1.066558e+01
2.269000e-05	4.104304e-02	1.049932e+01
2.270000e-05	4.125812e-02	1.039050e+01
2.271000e-05	3.862422e-02	1.027316e+01
2.272000e-05	3.752400e-02	1.012781e+01
2.273000e-05	3.652084e-02	9.979974e+00
2.274000e-05	3.598427e-02	9.863553e+00
2.275000e-05	3.434488e-02	9.614660e+00
2.276000e-05	3.355872e-02	9.507261e+00
2.277000e-05	3.210080e-02	9.380447e+00
2.278000e-05	3.006162e-02	9.233580e+00
2.279000e-05	2.840562e-02	9.106687e+00
2.280000e-05	2.647654e-02	8.856711e+00
2.281000e-05	2.515236e-02	8.740290e+00
2.282000e-05	2.256598e-02	8.569369e+00
2.283000e-05	2.171642e-02	8.390006e+00
2.284000e-05	2.064342e-02	8.264080e+00
2.285000e-05	1.977965e-02	8.032632e+00
2.286000e-05	1.877780e-02	7.875657e+00
2.287000e-05	1.724092e-02	7.665638e+00
2.288000e-05	1.631151e-02	7.506707e+00
2.289000e-05	1.448979e-02	7.267638e+00
2.290000e-05	1.393375e-02	7.064208e+00
2.291000e-05	1.196671e-02	6.874186e+00
2.292000e-05	1.095927e-02	6.685784e+00
2.293000e-05	9.581039e-03	6.485736e+00
2.294000e-05	9.918948e-03	6.293636e+00
2.295000e-05	9.344889e-03	6.106235e+00
2.296000e-05	8.001258e-03	5.884262e+00
2.297000e-05	7.307868e-03	5.684637e+00
2.298000e-05	6.776689e-03	5.464182e+00
2.299000e-05	5.768012e-03	5.244083e+00
2.300000e-05	4.262239e-03	4.969948e+00
2.301000e-05	2.301848e-03	4.727869e+00
2.302000e-05	3.602920e-03	4.517296e+00
2.303000e-05	2.923967e-03	4.366442e+00
2.304000e-05	1.906823e-03	4.084687e+00
2.305000e-05	8.908727e-04	3.823730e+00
2.306000e-05	1.935332e-03	3.654161e+00
2.307000e-05	1.339119e-03	3.452104e+00
2.308000e-05	-4.947109e-05	3.219050e+00
2.309000e-05	-8.566124e-04	2.988925e+00
2.310000e-05	-6.969171e-04	2.807529e+00
2.311000e-05	-5.811060e-04	2.536821e+00
2.312000e-05	-1.648585e-03	2.295284e+00
2.313000e-05	-1.707325e-03	2.041687e+00
2.314000e-05	-2.134076e-03	1.892687e+00
2.315000e-05	-2.979839e-03	1.599508e+00
2.316000e-05	-3.942643e-03	1.399926e+00
2.317000e-05	-2.151057e-03	1.166347e+00
2.318000e-05	-3.456918e-03	8.222128e-01
2.319000e-05	-3.341708e-03	6.505328e-01
2.320000e-05	-4.959709e-03	4.000064e-01
2.321000e-05	-3.388322e-03	2.189988e-01
2.322000e-05	-2.578176e-03	-6.108407e-02
2.323000e-05	5.875557e-03	-2.646567e-01
2.324000e-05	-4.683094e-03	-4.530525e-01
2.325000e-05	-2.846189e-04	-6.972057e-01
2.326000e-05	-5.586985e-03	-9.166893e-01
2.327000e-05	-1.497123e-03	-1.117236e+00
2.328000e-05	-4.894548e-03	-1.308367e+00
2.329000e-05	7.187174e-03	-1.589522e+00
2.330000e-05	8.200358e-02	-1.758393e+00
2.331000e-05	6.644290e-03	-2.002950e+00
2.332000e-05	-6.531790e-02	-2.369365e+00
2.333000e-05	-4.798391e-02	-2.653104e+00
2.334000e-05	-6.133640e-02	-2.811523e+00
2.335000e-05	-2.144033e-02	-3.044071e+00
2.336000e-05	1.509935e-01	-3.139419e+00
2.337000e-05	-1.543978e-01	-3.381921e+00
2.338000e-05	5.097529e-02	-3.599974e+00
2.339000e-05	1.099298e-01	-3.757788e+00
2.340000e-05	-1.379824e-01	-4.055159e+00
2.341000e-05	1.169069e-01	-4.275183e+00
2.342000e-05	-1.380964e-01	-4.434155e+00
2.343000e-05	-3.235711e-02	-4.709263e+00
2.344000e-05	1.389778e-01	-4.906156e+00
2.345000e-05	-1.137843e-01	-5.140814e+00
2.346000e-05	8.165384e-02	-5.401920e+00
2.347000e-05	-5.884388e-02	-5.602948e+00
2.348000e-05	-3.097984e-02	-5.895104e+00
2.349000e-05	9.423371e-02	-5.982502e+00
2.350000e-05	-1.575460e-01	-6.256154e+00
2.351000e-05	8.664850e-02	-6.473627e+00
2.352000e-05	-4.896366e-02	-6.663600e+00
2.353000e-05	5.646782e-02	-6.894155e+00
2.354000e-05	-1.396172e-03	-7.058132e+00
2.355000e-05	-1.239366e-01	-7.336581e+00
2.356000e-05	1.106135e-01	-7.465679e+00
2.357000e-05	-9.318804e-02	-7.666108e+00
2.358000e-05	5.616179e-02	-7.907286e+00
2.359000e-05	-5.960558e-02	-8.057132e+00
2.360000e-05	7.336015e-03	-8.265076e+00
2.361000e-05	4.575152e-02	-8.360899e+00
2.362000e-05	-7.465846e-02	-8.602918e+00
2.363000e-05	2.459011e-02	-8.791365e+00
2.364000e-05	-7.205435e-02	-8.920361e+00
2.365000e-05	5.856651e-02	-9.067232e+00
2.366000e-05	-3.962321e-02	-9.223525e+00
2.367000e-05	-1.110056e-02	-9.433547e+00
2.368000e-05	-7.342796e-03	-9.560344e+00
2.369000e-05	-1.182580e-02	-9.730284e+00
2.370000e-05	1.333166e-02	-9.855082e+00
2.371000e-05	-5.864873e-02	-1.000192e+01
2.372000e-05	8.425616e-03	-1.015936e+01
2.373000e-05	-2.230363e-02	-1.027913e+01
2.374000e-05	1.440030e-02	-1.044502e+01
2.375000e-05	-4.036530e-02	-1.053082e+01
2.376000e-05	-1.014685e-02	-1.067666e+01
2.377000e-05	-5.585777e-03	-1.075186e+01
2.378000e-05	-7.321469e-03	-1.093874e+01
2.379000e-05	-2.341674e-02	-1.099384e+01
2.380000e-05	-2.929077e-02	-1.114924e+01
2.381000e-05	3.293691e-03	-1.125503e+01
2.382000e-05	-1.728737e-02	-1.139231e+01
2.383000e-05	-1.216411e-02	-1.145665e+01
2.384000e-05	-3.476964e-02	-1.154134e+01
2.385000e-05	-4.397421e-05	-1.166755e+01
2.386000e-05	-1.561199e-02	-1.176124e+01
2.387000e-05	-1.761884e-02	-1.186553e+01
2.388000e-05	-2.706008e-02	-1.193026e+01
2.389000e-05	-1.255147e-02	-1.202449e+01
2.390000e-05	-7.973898e-03	-1.205718e+01
2.391000e-05	-2.473600e-02	-1.215039e+01
2.392000e-05	-2.435573e-02	-1.220302e+01
2.393000e-05	-2.039168e-02	-1.224605e+01
2.394000e-05	-6.568005e-03	-1.229726e+01
2.395000e-05	-2.318178e-02	-1.236931e+01
2.396000e-05	-2.481127e-02	-1.238289e+01
2.397000e-05	-2.192573e-02	-1.241303e+01
2.398000e-05	-1.227972e-02	-1.247655e+01
2.399000e-05	-2.114421e-02	-1.245615e+01
2.400000e-05	-2.855589e-02	-1.249666e+01
2.401000e-05	-2.163750e-02	-1.251831e+01
2.402000e-05	-1.419265e-02	-1.254079e+01
2.403000e-05	-2.135171e-02	-1.258334e+01
2.404000e-05	-2.920539e-02	-1.255289e+01
2.405000e-05	-2.689965e-02	-1.260239e+01
2.406000e-05	-1.967322e-02	-1.255087e+01
2.407000e-05	-2.331632e-02	-1.256189e+01
2.408000e-05	-3.050650e-02	-1.252229e+01
2.409000e-05	-2.707349e-02	-1.255026e+01
2.410000e-05	-2.377716e-02	-1.249771e+01
2.411000e-05	-2.439225e-02	-1.250611e+01
2.412000e-05	-3.368233e-02	-1.241553e+01
2.413000e-05	-3.268847e-02	-1.242495e+01
2.414000e-05	-2.752471e-02	-1.232179e+01
2.415000e-05	-2.774495e-02	-1.233821e+01
2.416000e-05	-3.453927e-02	-1.227618e+01
2.417000e-05	-3.636827e-02	-1.225498e+01
2.418000e-05	-3.084922e-02	-1.216339e+01
2.419000e-05	-3.242694e-02	-1.209971e+01
2.420000e-05	-3.679752e-02	-1.204818e+01
2.421000e-05	-3.978983e-02	-1.199042e+01
2.422000e-05	-3.645615e-02	-1.186911e+01
2.423000e-05	-3.680273e-02	-1.186345e+01
2.424000e-05	-4.193985e-02	-1.173772e+01
2.425000e-05	-4.511522e-02	-1.166502e+01
2.426000e-05	-4.345756e-02	-1.153981e+01
2.427000e-05	-4.154545e-02	-1.142243e+01
2.428000e-05	-4.582977e-02	-1.132816e+01
2.429000e-05	-4.913149e-02	-1.117245e+01
2.430000e-05	-4.704295e-02	-1.107555e+01
2.431000e-05	-4.515970e-02	-1.092194e+01
2.432000e-05	-4.891976e-02	-1.086568e+01
2.433000e-05	-5.168090e-02	-1.074937e+01
2.434000e-05	-4.891157e-02	-1.063418e+01
2.435000e-05	-4.545148e-02	-1.053879e+01
2.436000e-05	-4.655664e-02	-1.040500e+01
2.437000e-05	-4.868023e-02	-1.024510e+01
2.438000e-05	-4.677904e-02	-1.009779e+01
2.439000e-05	-4.241870e-02	-9.969391e+00
2.440000e-05	-4.277561e-02	-9.854578e+00
2.441000e-05	-4.325283e-02	-9.697764e+00
2.442000e-05	-4.107935e-02	-9.568264e+00
2.443000e-05	-3.706571e-02	-9.382472e+00
2.444000e-05	-3.565637e-02	-9.213606e+00
2.445000e-05	-3.776608e-02	-9.066636e+00
2.446000e-05	-3.603303e-02	-8.918787e+00
2.447000e-05	-3.133987e-02	-8.778448e+00
2.448000e-05	-3.030677e-02	-8.569923e+00
2.449000e-05	-3.209440e-02	-8.390900e+00
2.450000e-05	-2.998022e-02	-8.242127e+00
2.451000e-05	-2.584628e-02	-8.064652e+00
2.452000e-05	-2.403765e-02	-7.904658e+00
2.453000e-05	-2.597774e-02	-7.666178e+00
2.454000e-05	-2.491612e-02	-7.454132e+00
2.455000e-05	-2.258485e-02	-7.315660e+00
2.456000e-05	-1.957245e-02	-7.086687e+00
2.457000e-05	-2.095480e-02	-6.845711e+00
2.458000e-05	-2.045005e-02	-6.655233e+00
2.459000e-05	-1.878134e-02	-6.516787e+00
2.460000e-05	-1.543043e-02	-6.323736e+00
2.461000e-05	-1.659845e-02	-6.096163e+00
2.462000e-05	-1.699533e-02	-5.885237e+00
2.463000e-05	-1.595803e-02	-5.665711e+00
2.464000e-05	-1.288399e-02	-5.444682e+00
2.465000e-05	-1.451270e-02	-5.220005e+00
2.466000e-05	-1.365104e-02	-4.949454e+00
2.467000e-05	-1.406847e-02	-4.676719e+00
2.468000e-05	-1.005240e-02	-4.476260e+00
2.469000e-05	-1.118942e-02	-4.327339e+00
2.470000e-05	-1.031797e-02	-4.138341e+00
2.471000e-05	-1.191762e-02	-3.895367e+00
2.472000e-05	-8.707381e-03	-3.697662e+00
2.473000e-05	-9.743745e-03	-3.463682e+00
2.474000e-05	-8.568081e-03	-3.263107e+00
2.475000e-05	-1.118969e-02	-3.021049e+00
2.476000e-05	-5.896943e-03	-2.818370e+00
2.477000e-05	-6.359641e-03	-2.578419e+00
2.478000e-05	-5.407909e-03	-2.358370e+00
2.479000e-05	-7.623327e-03	-2.064611e+00
2.480000e-05	-5.315338e-03	-1.893634e+00
2.481000e-05	-5.928409e-03	-1.662057e+00
2.482000e-05	-6.577501e-03	-1.378023e+00
2.483000e-05	-7.441968e-03	-1.174916e+00
2.484000e-05	-5.432298e-03	-9.262383e-01
2.485000e-05	-2.369827e-03	-7.137085e-01
2.486000e-05	-3.159348e-03	-4.110516e-01
2.487000e-05	-3.138177e-03	-2.226077e-01
2.488000e-05	8.112778e-04	1.362639e-02
2.489000e-05	7.917979e-03	2.321613e-01
2.490000e-05	-3.369716e-03	4.937090e-01
2.491000e-05	1.167496e-03	6.637105e-01
2.492000e-05	-2.661371e-03	8.446602e-01
2.493000e-05	4.959451e-03	1.117840e+00
2.494000e-05	1.506552e-03	1.379845e+00
2.495000e-05	5.647199e-03	1.575072e+00
2.496000e-05	3.902170e-02	1.824057e+00
2.497000e-05	7.241364e-02	2.044057e+00
2.498000e-05	-4.508405e-02	2.348840e+00
2.499000e-05	-4.757797e-02	2.571998e+00
2.500000e-05	-3.763014e-02	2.812053e+00
2.501000e-05	-2.696672e-02	2.970472e+00
2.502000e-05	-2.112260e-02	3.107339e+00
2.503000e-05	1.109806e-01	3.317343e+00
2.504000e-05	-9.675770e-02	3.610995e+00
2.505000e-05	4.543044e-02	3.728367e+00
2.506000e-05	9.595863e-02	3.980523e+00
2.507000e-05	-7.939864e-02	4.243679e+00
2.508000e-05	4.948917e-02	4.414000e+00
2.509000e-05	-6.367407e-02	4.686733e+00
2.510000e-05	5.683672e-03	4.876758e+00
2.511000e-05	6.158114e-02	5.179872e+00
2.512000e-05	-2.687325e-02	5.433075e+00
2.513000e-05	1.597149e-02	5.611608e+00
2.514000e-05	7.564161e-04	5.884154e+00
2.515000e-05	-5.323457e-03	6.054554e+00
2.516000e-05	1.804277e-02	6.234583e+00
2.517000e-05	-2.751259e-02	6.414527e+00
2.518000e-05	2.882124e-02	6.657131e+00
2.519000e-05	-1.052570e-02	6.905685e+00
2.520000e-05	4.482578e-02	7.074705e+00
2.521000e-05	-1.163886e-02	7.283551e+00
2.522000e-05	-2.874561e-02	7.476581e+00
2.523000e-05	4.099578e-02	7.667053e+00
2.524000e-05	-1.374805e-02	7.877079e+00
2.525000e-05	2.468873e-02	8.087690e+00
2.526000e-05	-1.353708e-02	8.275208e+00
2.527000e-05	2.395536e-02	8.432601e+00
2.528000e-05	6.331815e-03	8.559869e+00
2.529000e-05	5.934074e-04	8.738790e+00
2.530000e-05	2.155515e-03	8.897683e+00
2.531000e-05	-3.219889e-03	9.075608e+00
2.532000e-05	2.603862e-02	9.257076e+00
2.533000e-05	4.058052e-03	9.471823e+00
2.534000e-05	9.392741e-03	9.539265e+00
2.535000e-05	4.760048e-03	9.677180e+00
2.536000e-05	1.249796e-02	9.854652e+00
2.537000e-05	6.977476e-03	1.002337e+01
2.538000e-05	1.131426e-04	1.014982e+01
2.539000e-05	8.781653e-03	1.025716e+01
2.540000e-05	1.207186e-02	1.039192e+01
2.541000e-05	1.486416e-02	1.050841e+01
2.542000e-05	5.103746e-03	1.065715e+01
2.543000e-05	8.483920e-03	1.078300e+01
2.544000e-05	9.919572e-03	1.089776e+01
2.545000e-05	1.094556e-02	1.102245e+01
2.546000e-05	5.264138e-03	1.109971e+01
2.547000e-05	8.789582e-03	1.123247e+01
2.548000e-05	1.261949e-02	1.130084e+01
2.549000e-05	1.370167e-02	1.142500e+01
2.550000e-05	8.818989e-03	1.152279e+01
2.551000e-05	8.635198e-03	1.163663e+01
2.552000e-05	1.253795e-02	1.177034e+01
2.553000e-05	1.323005e-02	1.182343e+01
2.554000e-05	9.985015e-03	1.186826e+01
2.555000e-05	1.093294e-02	1.194084e+01
2.556000e-05	1.480227e-02	1.200448e+01
2.557000e-05	1.373976e-02	1.207723e+01
2.558000e-05	1.074241e-02	1.216094e+01
2.559000e-05	1.038295e-02	1.221345e+01
2.560000e-05	1.496322e-02	1.227768e+01
2.561000e-05	1.549686e-02	1.231024e+01
2.562000e-05	1.330964e-02	1.236234e+01
2.563000e-05	1.261658e-02	1.239247e+01
2.564000e-05	1.540304e-02	1.244560e+01
2.565000e-05	1.637833e-02	1.244621e+01
2.566000e-05	1.464516e-02	1.246771e+01
2.567000e-05	1.392711e-02	1.248824e+01
2.568000e-05	1.698634e-02	1.247976e+01
2.569000e-05	1.968048e-02	1.251934e+01
2.570000e-05	1.596751e-02	1.250981e+01
2.571000e-05	1.546791e-02	1.253932e+01
2.572000e-05	1.803917e-02	1.252934e+01
2.573000e-05	2.091846e-02	1.249929e+01
2.574000e-05	2.008594e-02	1.249821e+01
2.575000e-05	1.828501e-02	1.246684e+01
2.576000e-05	2.205968e-02	1.246671e+01
2.577000e-05	2.280599e-02	1.241570e+01
2.578000e-05	2.346585e-02	1.241563e+01
2.579000e-05	1.994039e-02	1.239197e+01
2.580000e-05	2.332996e-02	1.234087e+01
2.581000e-05	2.658252e-02	1.228724e+01
2.582000e-05	2.608392e-02	1.224615e+01
2.583000e-05	2.450487e-02	1.221295e+01
2.584000e-05	2.619551e-02	1.214239e+01
2.585000e-05	2.907563e-02	1.205766e+01
2.586000e-05	2.910179e-02	1.202353e+01
2.587000e-05	2.818560e-02	1.192029e+01
2.588000e-05	3.078971e-02	1.184619e+01
2.589000e-05	3.496666e-02	1.179202e+01
2.590000e-05	3.550259e-02	1.169874e+01
2.591000e-05	3.456061e-02	1.161352e+01
2.592000e-05	3.681053e-02	1.151771e+01
2.593000e-05	3.833741e-02	1.143248e+01
2.594000e-05	4.060356e-02	1.127819e+01
2.595000e-05	3.687173e-02	1.117142e+01
2.596000e-05	4.039431e-02	1.108719e+01
2.597000e-05	4.088552e-02	1.097237e+01
2.598000e-05	4.419347e-02	1.087516e+01
2.599000e-05	3.991485e-02	1.075042e+01
2.600000e-05	4.160492e-02	1.065505e+01
2.601000e-05	4.138344e-02	1.048779e+01
2.602000e-05	4.178851e-02	1.036135e+01
2.603000e-05	3.795630e-02	1.023448e+01
2.604000e-05	3.781762e-02	1.013619e+01
2.605000e-05	3.700146e-02	9.940023e+00
2.606000e-05	3.679611e-02	9.834499e+00
2.607000e-05	3.371497e-02	9.656686e+00
2.608000e-05	3.160742e-02	9.525285e+00
2.609000e-05	3.158451e-02	9.369395e+00
2.610000e-05	3.009801e-02	9.223080e+00
2.611000e-05	2.927608e-02	9.083582e+00
2.612000e-05	2.497337e-02	8.867235e+00
2.613000e-05	2.525068e-02	8.695689e+00
2.614000e-05	2.426107e-02	8.557818e+00
2.615000e-05	2.275899e-02	8.401497e+00
2.616000e-05	1.907784e-02	8.233575e+00
2.617000e-05	1.871401e-02	8.011560e+00
2.618000e-05	1.931715e-02	7.844657e+00
2.619000e-05	1.793439e-02	7.664584e+00
2.620000e-05	1.491422e-02	7.462631e+00
2.621000e-05	1.342934e-02	7.221083e+00
2.622000e-05	1.491461e-02	7.044755e+00
2.623000e-05	1.271562e-02	6.813761e+00
2.624000e-05	9.671185e-03	6.673206e+00
2.625000e-05	8.992951e-03	6.432208e+00
2.626000e-05	9.212642e-03	6.273685e+00
2.627000e-05	9.497990e-03	6.065211e+00
2.628000e-05	7.683126e-03	5.906308e+00
2.629000e-05	6.411701e-03	5.642659e+00
2.630000e-05	7.347622e-03	5.492108e+00
2.631000e-05	6.851884e-03	5.221102e+00
2.632000e-05	3.794680e-03	4.909323e+00
2.633000e-05	1.565902e-03	4.706789e+00
2.634000e-05	3.279981e-03	4.497337e+00
2.635000e-05	3.441026e-03	4.316687e+00
2.636000e-05	2.560417e-03	4.053636e+00
2.637000e-05	7.622860e-04	3.832133e+00
2.638000e-05	2.681130e-03	3.632612e+00
2.639000e-05	2.040737e-03	3.399604e+00
2.640000e-05	-1.106986e-04	3.180547e+00
2.641000e-05	-2.927834e-03	2.946474e+00
2.642000e-05	-1.446014e-03	2.767421e+00
2.643000e-05	-3.679619e-04	2.525366e+00
2.644000e-05	-8.271564e-04	2.293237e+00
2.645000e-05	-2.644444e-03	2.023133e+00
2.646000e-05	-1.713201e-03	1.862207e+00
2.647000e-05	-5.237962e-04	1.608079e+00
2.648000e-05	-2.248069e-03	1.378921e+00
2.649000e-05	-5.200177e-03	1.134365e+00
2.650000e-05	-5.942584e-03	8.391116e-01
2.651000e-05	-2.942071e-03	6.290790e-01
2.652000e-05	-3.887325e-03	3.790028e-01
2.653000e-05	-2.995654e-03	1.459249e-01
2.654000e-05	-2.504934e-03	-1.041580e-01
2.655000e-05	7.518082e-03	-3.256544e-01
2.656000e-05	-3.134313e-03	-4.641827e-01
2.657000e-05	-5.178997e-04	-7.472858e-01
2.658000e-05	-8.512748e-03	-9.087895e-01
2.659000e-05	-2.239912e-03	-1.128288e+00
2.660000e-05	-3.163839e-03	-1.349422e+00
2.661000e-05	1.185570e-02	-1.582922e+00
2.662000e-05	8.733853e-02	-1.779971e+00
2.663000e-05	-1.402772e-02	-2.053530e+00
2.664000e-05	-5.576756e-02	-2.411927e+00
2.665000e-05	-5.034237e-02	-2.707157e+00
2.666000e-05	-6.535128e-02	-2.884082e+00
2.667000e-05	1.900432e-03	-3.103625e+00
2.668000e-05	1.379198e-01	-3.180923e+00
2.669000e-05	-1.753945e-01	-3.444050e+00
2.670000e-05	9.840722e-02	-3.621501e+00
2.671000e-05	6.690571e-02	-3.771496e+00
2.672000e-05	-1.166498e-01	-4.066710e+00
2.673000e-05	1.172438e-01	-4.316710e+00
2.674000e-05	-1.690381e-01	-4.466083e+00
2.675000e-05	1.443462e-02	-4.739415e+00
2.676000e-05	1.109488e-01	-4.929262e+00
2.677000e-05	-1.092907e-01	-5.159892e+00
2.678000e-05	9.007396e-02	-5.453468e+00
2.679000e-05	-8.478181e-02	-5.624028e+00
2.680000e-05	5.805174e-03	-5.866630e+00
2.681000e-05	6.716273e-02	-6.022050e+00
2.682000e-05	-1.515552e-01	-6.289083e+00
2.683000e-05	9.749242e-02	-6.465682e+00
2.684000e-05	-6.780110e-02	-6.676656e+00
2.685000e-05	8.128291e-02	-6.907730e+00
2.686000e-05	-3.917549e-02	-7.098581e+00
2.687000e-05	-9.335826e-02	-7.329216e+00
2.688000e-05	1.034318e-01	-7.496705e+00
2.689000e-05	-9.545385e-02	-7.669231e+00
2.690000e-05	6.723306e-02	-7.908213e+00
2.691000e-05	-8.341471e-02	-8.067160e+00
2.692000e-05	3.189367e-02	-8.266157e+00
2.693000e-05	2.188661e-02	-8.402473e+00
2.694000e-05	-6.206896e-02	-8.625000e+00
2.695000e-05	1.835591e-02	-8.811397e+00
2.696000e-05	-6.743511e-02	-8.959289e+00
2.697000e-05	6.785418e-02	-9.109260e+00
2.698000e-05	-5.299106e-02	-9.245053e+00
2.699000e-05	5.535868e-04	-9.425473e+00
2.700000e-05	-2.160504e-02	-9.591847e+00
2.701000e-05	-3.144196e-04	-9.750840e+00
2.702000e-05	1.998455e-03	-9.855605e+00
2.703000e-05	-5.109318e-02	-9.993503e+00
2.704000e-05	8.352224e-03	-1.016031e+01
2.705000e-05	-1.948377e-02	-1.030924e+01
2.706000e-05	1.557604e-02	-1.044615e+01
2.707000e-05	-4.633599e-02	-1.056094e+01
2.708000e-05	-5.867822e-03	-1.067814e+01
2.709000e-05	-1.212749e-02	-1.082147e+01
2.710000e-05	-2.401227e-03	-1.091078e+01
2.711000e-05	-2.911323e-02	-1.100299e+01
2.712000e-05	-2.355867e-02	-1.113326e+01
2.713000e-05	1.681876e-03	-1.119612e+01
2.714000e-05	-1.405765e-02	-1.139239e+01
2.715000e-05	-1.488963e-02	-1.148658e+01
2.716000e-05	-3.553680e-02	-1.159196e+01
2.717000e-05	8.159645e-04	-1.168805e+01
2.718000e-05	-1.653022e-02	-1.175179e+01
2.719000e-05	-1.578485e-02	-1.183753e+01
2.720000e-05	-2.955854e-02	-1.194229e+01
2.721000e-05	-8.775642e-03	-1.203307e+01
2.722000e-05	-9.987242e-03	-1.206714e+01
2.723000e-05	-2.211128e-02	-1.216034e+01
2.724000e-05	-2.593155e-02	-1.220392e+01
2.725000e-05	-1.925244e-02	-1.227755e+01
2.726000e-05	-7.954285e-03	-1.227769e+01
2.727000e-05	-2.222713e-02	-1.229922e+01
2.728000e-05	-2.343931e-02	-1.239192e+01
2.729000e-05	-2.129577e-02	-1.241349e+01
2.730000e-05	-1.257060e-02	-1.244555e+01
2.731000e-05	-2.162078e-02	-1.250976e+01
2.732000e-05	-2.830118e-02	-1.250869e+01
2.733000e-05	-2.234124e-02	-1.254978e+01
2.734000e-05	-1.545707e-02	-1.255084e+01
2.735000e-05	-2.063440e-02	-1.260231e+01
2.736000e-05	-2.785039e-02	-1.254139e+01
2.737000e-05	-2.746035e-02	-1.256084e+01
2.738000e-05	-2.040433e-02	-1.254237e+01
2.739000e-05	-2.282782e-02	-1.253281e+01
2.740000e-05	-3.001212e-02	-1.254134e+01
2.741000e-05	-2.931343e-02	-1.253881e+01
2.742000e-05	-2.422697e-02	-1.250768e+01
2.743000e-05	-2.460842e-02	-1.246658e+01
2.744000e-05	-3.303711e-02	-1.242595e+01
2.745000e-05	-3.304271e-02	-1.240249e+01
2.746000e-05	-2.863630e-02	-1.235984e+01
2.747000e-05	-2.701397e-02	-1.229727e+01
2.748000e-05	-3.253339e-02	-1.227663e+01
2.749000e-05	-3.583660e-02	-1.225390e+01
2.750000e-05	-3.235094e-02	-1.219191e+01
2.751000e-05	-3.187351e-02	-1.207874e+01
2.752000e-05	-3.717067e-02	-1.200613e+01
2.753000e-05	-4.078421e-02	-1.197142e+01
2.754000e-05	-3.839804e-02	-1.189826e+01
2.755000e-05	-3.656307e-02	-1.180245e+01
2.756000e-05	-3.958757e-02	-1.173979e+01
2.757000e-05	-4.500955e-02	-1.160390e+01
2.758000e-05	-4.406433e-02	-1.151731e+01
2.759000e-05	-4.179626e-02	-1.141193e+01
2.760000e-05	-4.477061e-02	-1.133863e+01
2.761000e-05	-4.823589e-02	-1.116342e+01
2.762000e-05	-4.993038e-02	-1.100303e+01
2.763000e-05	-4.712691e-02	-1.095377e+01
2.764000e-05	-4.730646e-02	-1.084413e+01
2.765000e-05	-5.034344e-02	-1.076879e+01
2.766000e-05	-4.859810e-02	-1.065410e+01
2.767000e-05	-4.677531e-02	-1.053761e+01
2.768000e-05	-4.505545e-02	-1.036345e+01
2.769000e-05	-4.734324e-02	-1.027368e+01
2.770000e-05	-4.775099e-02	-1.004719e+01
2.771000e-05	-4.504925e-02	-9.939865e+00
2.772000e-05	-4.225026e-02	-9.832626e+00
2.773000e-05	-4.260908e-02	-9.636680e+00
2.774000e-05	-4.124876e-02	-9.537942e+00
2.775000e-05	-3.868652e-02	-9.420447e+00
2.776000e-05	-3.452437e-02	-9.233054e+00
2.777000e-05	-3.501140e-02	-9.064231e+00
2.778000e-05	-3.488169e-02	-8.936762e+00
2.779000e-05	-3.363494e-02	-8.748793e+00
2.780000e-05	-3.066188e-02	-8.589342e+00
2.781000e-05	-3.005003e-02	-8.380970e+00
2.782000e-05	-2.914627e-02	-8.212628e+00
2.783000e-05	-2.697019e-02	-8.025106e+00
2.784000e-05	-2.514581e-02	-7.924681e+00
2.785000e-05	-2.323849e-02	-7.635079e+00
2.786000e-05	-2.357028e-02	-7.444133e+00
2.787000e-05	-2.356143e-02	-7.244758e+00
2.788000e-05	-2.243569e-02	-7.104709e+00
2.789000e-05	-1.875644e-02	-6.865132e+00
2.790000e-05	-1.750885e-02	-6.613205e+00
2.791000e-05	-1.885591e-02	-6.474681e+00
2.792000e-05	-1.852958e-02	-6.314236e+00
2.793000e-05	-1.653682e-02	-6.023611e+00
2.794000e-05	-1.425562e-02	-5.883580e+00
2.795000e-05	-1.593831e-02	-5.633187e+00
2.796000e-05	-1.498926e-02	-5.523607e+00
2.797000e-05	-1.397009e-02	-5.201472e+00
2.798000e-05	-1.091793e-02	-4.977395e+00
2.799000e-05	-1.333664e-02	-4.666209e+00
2.800000e-05	-1.196879e-02	-4.515216e+00
2.801000e-05	-1.159203e-02	-4.346290e+00
2.802000e-05	-8.721130e-03	-4.084261e+00
2.803000e-05	-9.571614e-03	-3.945738e+00
2.804000e-05	-8.498954e-03	-3.662136e+00
2.805000e-05	-1.077089e-02	-3.442583e+00
2.806000e-05	-7.349933e-03	-3.200078e+00
2.807000e-05	-9.177650e-03	-3.009971e+00
2.808000e-05	-7.689154e-03	-2.767920e+00
2.809000e-05	-8.178135e-03	-2.525843e+00
2.810000e-05	-4.679197e-03	-2.332836e+00
2.811000e-05	-5.778610e-03	-2.052632e+00
2.812000e-05	-4.775619e-03	-1.822083e+00
2.813000e-05	-7.963341e-03	-1.651558e+00
2.814000e-05	-4.253843e-03	-1.358350e+00
2.815000e-05	-4.704046e-03	-1.124787e+00
2.816000e-05	-5.573321e-03	-8.852117e-01
2.817000e-05	-6.646667e-03	-6.626305e-01
2.818000e-05	-3.418739e-03	-3.990776e-01
2.819000e-05	-1.501877e-03	-1.889751e-01
2.820000e-05	2.412016e-03	2.076191e-03
2.821000e-05	4.736072e-03	2.547081e-01
2.822000e-05	-1.814588e-03	4.846118e-01
2.823000e-05	4.137851e-03	7.077605e-01
2.824000e-05	-3.099008e-03	8.847068e-01
2.825000e-05	2.430140e-04	1.157825e+00
2.826000e-05	2.938607e-04	1.369918e+00
2.827000e-05	9.024130e-03	1.601630e+00
2.828000e-05	4.622247e-02	1.854257e+00
2.829000e-05	6.525468e-02	2.095688e+00
2.830000e-05	-5.406605e-02	2.359345e+00
2.831000e-05	-4.324646e-02	2.622655e+00
2.832000e-05	-3.379182e-02	2.853104e+00
2.833000e-05	-3.573476e-02	3.011472e+00
2.834000e-05	-9.079386e-03	3.138267e+00
2.835000e-05	1.086876e-01	3.339324e+00
2.836000e-05	-1.118167e-01	3.612027e+00
2.837000e-05	7.981033e-02	3.719847e+00
2.838000e-05	6.445798e-02	3.993948e+00
2.839000e-05	-6.999107e-02	4.276084e+00
2.840000e-05	5.813105e-02	4.463629e+00
2.841000e-05	-8.124926e-02	4.686291e+00
2.842000e-05	2.412327e-02	4.909285e+00
2.843000e-05	4.654445e-02	5.212024e+00
2.844000e-05	-2.312286e-02	5.433134e+00
2.845000e-05	1.930387e-02	5.645481e+00
2.846000e-05	-4.611732e-03	5.866186e+00
2.847000e-05	1.047970e-03	6.074708e+00
2.848000e-05	1.472291e-02	6.287182e+00
2.849000e-05	-2.299539e-02	6.485656e+00
2.850000e-05	2.611196e-02	6.697808e+00
2.851000e-05	-1.408626e-02	6.897761e+00
2.852000e-05	5.182897e-02	7.086211e+00
2.853000e-05	-2.198957e-02	7.243576e+00
2.854000e-05	-1.991998e-02	7.446208e+00
2.855000e-05	3.656208e-02	7.725711e+00
2.856000e-05	-1.093863e-02	7.917236e+00
2.857000e-05	2.790198e-02	8.118270e+00
2.858000e-05	-1.859371e-02	8.256213e+00
2.859000e-05	2.600754e-02	8.433129e+00
2.860000e-05	2.920266e-03	8.610901e+00
2.861000e-05	6.676977e-03	8.750318e+00
2.862000e-05	-1.229762e-03	8.878735e+00
2.863000e-05	-3.489352e-03	9.108681e+00
2.864000e-05	2.832075e-02	9.246106e+00
2.865000e-05	3.869056e-03	9.413052e+00
2.866000e-05	8.968116e-03	9.549792e+00
2.867000e-05	-7.465171e-04	9.688765e+00
2.868000e-05	1.532973e-02	9.876610e+00
2.869000e-05	6.852143e-03	9.983527e+00
2.870000e-05	2.128101e-03	1.012032e+01
2.871000e-05	6.043759e-03	1.025519e+01
2.872000e-05	1.397035e-02	1.042440e+01
2.873000e-05	1.665878e-02	1.050929e+01
2.874000e-05	4.790543e-03	1.066761e+01
2.875000e-05	5.227699e-03	1.083342e+01
2.876000e-05	8.652132e-03	1.091871e+01
2.877000e-05	1.427198e-02	1.101350e+01
2.878000e-05	6.575127e-03	1.110824e+01
2.879000e-05	7.085807e-03	1.121455e+01
2.880000e-05	1.245067e-02	1.136069e+01
2.881000e-05	1.587374e-02	1.144555e+01
2.882000e-05	9.971217e-03	1.152127e+01
2.883000e-05	5.317912e-03	1.163465e+01
2.884000e-05	1.133831e-02	1.175137e+01
2.885000e-05	1.409032e-02	1.183398e+01
2.886000e-05	1.171975e-02	1.187873e+01
2.887000e-05	8.334799e-03	1.194084e+01
2.888000e-05	1.460616e-02	1.203355e+01
2.889000e-05	1.439804e-02	1.210713e+01
2.890000e-05	1.399065e-02	1.216242e+01
2.891000e-05	8.265418e-03	1.220445e+01
2.892000e-05	1.220111e-02	1.228721e+01
2.893000e-05	1.631666e-02	1.230874e+01
2.894000e-05	1.517429e-02	1.235182e+01
2.895000e-05	1.225154e-02	1.241245e+01
2.896000e-05	1.231201e-02	1.242458e+01
2.897000e-05	1.767130e-02	1.245718e+01
2.898000e-05	1.671931e-02	1.247719e+01
2.899000e-05	1.404917e-02	1.248871e+01
2.900000e-05	1.442384e-02	1.251829e+01
2.901000e-05	1.796997e-02	1.251929e+01
2.902000e-05	1.911369e-02	1.252932e+01
2.903000e-05	1.627474e-02	1.253939e+01
2.904000e-05	1.610620e-02	1.254984e+01
2.905000e-05	1.911467e-02	1.249876e+01
2.906000e-05	2.164062e-02	1.248829e+01
2.907000e-05	2.014611e-02	1.246829e+01
2.908000e-05	2.015831e-02	1.249623e+01
2.909000e-05	2.205403e-02	1.244510e+01
2.910000e-05	2.504739e-02	1.240255e+01
2.911000e-05	2.310715e-02	1.237390e+01
2.912000e-05	2.219117e-02	1.234077e+01
2.913000e-05	2.422757e-02	1.231774e+01
2.914000e-05	2.824009e-02	1.224615e+01
2.915000e-05	2.715675e-02	1.219300e+01
2.916000e-05	2.621225e-02	1.212979e+01
2.917000e-05	2.740534e-02	1.206666e+01
2.918000e-05	2.935685e-02	1.198295e+01
2.919000e-05	3.161553e-02	1.192827e+01
2.920000e-05	2.984934e-02	1.188611e+01
2.921000e-05	3.261683e-02	1.179244e+01
2.922000e-05	3.521029e-02	1.169881e+01
2.923000e-05	3.728967e-02	1.162357e+01
2.924000e-05	3.813275e-02	1.154824e+01
2.925000e-05	3.541869e-02	1.138302e+01
2.926000e-05	4.050337e-02	1.124623e+01
2.927000e-05	4.050397e-02	1.119039e+01
2.928000e-05	4.149174e-02	1.107518e+01
2.929000e-05	3.946391e-02	1.094987e+01
2.930000e-05	4.219446e-02	1.085616e+01
2.931000e-05	4.241133e-02	1.075999e+01
2.932000e-05	4.337461e-02	1.063453e+01
2.933000e-05	3.882567e-02	1.046671e+01
2.934000e-05	3.996013e-02	1.035937e+01
2.935000e-05	3.954177e-02	1.022196e+01
2.936000e-05	3.961154e-02	1.009764e+01
2.937000e-05	3.521977e-02	9.941444e+00
2.938000e-05	3.474496e-02	9.831579e+00
2.939000e-05	3.482957e-02	9.595081e+00
2.940000e-05	3.338947e-02	9.496261e+00
2.941000e-05	3.003160e-02	9.348318e+00
2.942000e-05	2.804832e-02	9.221052e+00
2.943000e-05	2.831361e-02	9.044631e+00
2.944000e-05	2.702470e-02	8.895211e+00
2.945000e-05	2.526798e-02	8.666737e+00
2.946000e-05	2.242756e-02	8.547870e+00
2.947000e-05	2.191072e-02	8.409951e+00
2.948000e-05	2.126672e-02	8.233074e+00
2.949000e-05	2.010471e-02	8.021975e+00
2.950000e-05	1.646874e-02	7.832102e+00
2.951000e-05	1.618071e-02	7.630213e+00
2.952000e-05	1.631658e-02	7.443629e+00
2.953000e-05	1.558114e-02	7.221579e+00
2.954000e-05	1.113647e-02	7.062606e+00
2.955000e-05	1.093231e-02	6.832582e+00
2.956000e-05	1.233853e-02	6.664105e+00
2.957000e-05	1.092828e-02	6.421682e+00
2.958000e-05	8.407437e-03	6.261562e+00
2.959000e-05	7.124851e-03	6.085234e+00
2.960000e-05	8.682744e-03	5.843709e+00
2.961000e-05	8.080085e-03	5.602529e+00
2.962000e-05	4.793904e-03	5.430528e+00
2.963000e-05	3.394641e-03	5.200525e+00
2.964000e-05	5.136689e-03	4.955890e+00
2.965000e-05	4.923738e-03	4.696263e+00
2.966000e-05	2.593764e-03	4.455238e+00
2.967000e-05	1.442019e-03	4.264862e+00
2.968000e-05	2.506576e-03	4.041610e+00
2.969000e-05	3.483510e-03	3.801077e+00
2.970000e-05	6.034332e-04	3.641005e+00
2.971000e-05	-1.098406e-03	3.409549e+00
2.972000e-05	-4.733551e-04	3.167442e+00
2.973000e-05	8.683878e-04	2.936866e+00
2.974000e-05	-6.913089e-04	2.744917e+00
2.975000e-05	-2.626318e-03	2.452134e+00
2.976000e-05	-2.265396e-03	2.261682e+00
2.977000e-05	1.864980e-04	2.020654e+00
2.978000e-05	-1.781522e-03	1.881184e+00
2.979000e-05	-4.327241e-03	1.577448e+00
2.980000e-05	-2.959659e-03	1.336392e+00
2.981000e-05	-2.268481e-03	1.063317e+00
2.982000e-05	-1.998483e-03	8.185301e-01
2.983000e-05	-4.742201e-03	6.074753e-01
2.984000e-05	-4.397745e-03	3.985249e-01
2.985000e-05	-2.896705e-03	1.153683e-01
2.986000e-05	1.479244e-03	-7.776066e-02
2.987000e-05	3.668628e-03	-3.267607e-01
2.988000e-05	-6.404892e-03	-4.846855e-01
2.989000e-05	-5.211626e-04	-7.598205e-01
2.990000e-05	-3.510277e-03	-9.469159e-01
2.991000e-05	-1.901265e-03	-1.175869e+00
2.992000e-05	-5.235435e-03	-1.372499e+00
2.993000e-05	1.785408e-02	-1.630555e+00
2.994000e-05	9.354278e-02	-1.811024e+00
2.995000e-05	-3.250024e-02	-2.065132e+00
2.996000e-05	-5.396596e-02	-2.392528e+00
2.997000e-05	-5.362260e-02	-2.696785e+00
2.998000e-05	-6.420390e-02	-2.856183e+00
2.999000e-05	3.169549e-02	-3.085184e+00
3.000000e-05	1.124134e-01	-3.202551e+00
3.001000e-05	-1.888662e-01	-3.455154e+00
3.002000e-05	1.419622e-01	-3.652025e+00
3.003000e-05	2.297580e-02	-3.823527e+00
3.004000e-05	-9.045799e-02	-4.126282e+00
3.005000e-05	1.059568e-01	-4.298283e+00
3.006000e-05	-1.843998e-01	-4.515763e+00
3.007000e-05	6.063340e-02	-4.768893e+00
3.008000e-05	7.587568e-02	-4.909266e+00
3.009000e-05	-1.004545e-01	-5.192423e+00
3.010000e-05	9.429005e-02	-5.485631e+00
3.011000e-05	-1.017228e-01	-5.675178e+00
3.012000e-05	3.958427e-02	-5.917660e+00
3.013000e-05	3.111513e-02	-6.013077e+00
3.014000e-05	-1.335396e-01	-6.320134e+00
3.015000e-05	1.046142e-01	-6.496182e+00
3.016000e-05	-8.017725e-02	-6.697286e+00
3.017000e-05	9.765425e-02	-6.887177e+00
3.018000e-05	-7.722888e-02	-7.058215e+00
3.019000e-05	-5.494447e-02	-7.328788e+00
3.020000e-05	8.688829e-02	-7.495732e+00
3.021000e-05	-9.320481e-02	-7.737684e+00
3.022000e-05	7.086203e-02	-7.939240e+00
3.023000e-05	-9.445172e-02	-8.098287e+00
3.024000e-05	5.729427e-02	-8.287256e+00
3.025000e-05	-5.895742e-03	-8.403551e+00
3.026000e-05	-4.829717e-02	-8.607600e+00
3.027000e-05	7.478817e-03	-8.791424e+00
3.028000e-05	-5.582389e-02	-8.982819e+00
3.029000e-05	6.625270e-02	-9.118261e+00
3.030000e-05	-6.345361e-02	-9.247080e+00
3.031000e-05	1.328378e-02	-9.455553e+00
3.032000e-05	-2.887172e-02	-9.592973e+00
3.033000e-05	8.392058e-03	-9.741265e+00
3.034000e-05	-1.507830e-02	-9.895682e+00
3.035000e-05	-4.441248e-02	-1.003352e+01
3.036000e-05	9.239393e-03	-1.020086e+01
3.037000e-05	-1.806262e-02	-1.035922e+01
3.038000e-05	1.328811e-02	-1.045616e+01
3.039000e-05	-4.783786e-02	-1.058187e+01
3.040000e-05	2.004136e-03	-1.068831e+01
3.041000e-05	-1.622226e-02	-1.079340e+01
3.042000e-05	-3.588148e-03	-1.091074e+01
3.043000e-05	-3.559577e-02	-1.100258e+01
3.044000e-05	-1.642703e-02	-1.115175e+01
3.045000e-05	-6.447894e-04	-1.125513e+01
3.046000e-05	-1.311237e-02	-1.138187e+01
3.047000e-05	-1.700190e-02	-1.146661e+01
3.048000e-05	-3.060051e-02	-1.156192e+01
3.049000e-05	2.317551e-03	-1.168523e+01
3.050000e-05	-2.060192e-02	-1.176532e+01
3.051000e-05	-1.705699e-02	-1.186756e+01
3.052000e-05	-2.936533e-02	-1.191124e+01
3.053000e-05	-4.349372e-03	-1.203555e+01
3.054000e-05	-1.286607e-02	-1.210574e+01
3.055000e-05	-2.253815e-02	-1.214979e+01
3.056000e-05	-2.491446e-02	-1.217245e+01
3.057000e-05	-1.646071e-02	-1.226765e+01
3.058000e-05	-9.744693e-03	-1.229871e+01
3.059000e-05	-2.654880e-02	-1.233987e+01
3.060000e-05	-2.315862e-02	-1.235292e+01
3.061000e-05	-1.825384e-02	-1.239505e+01
3.062000e-05	-1.234232e-02	-1.244558e+01
3.063000e-05	-2.560130e-02	-1.249666e+01
3.064000e-05	-2.633298e-02	-1.248976e+01
3.065000e-05	-1.868372e-02	-1.253021e+01
3.066000e-05	-1.591964e-02	-1.254086e+01
3.067000e-05	-2.497833e-02	-1.256092e+01
3.068000e-05	-2.976706e-02	-1.256384e+01
3.069000e-05	-2.317360e-02	-1.258337e+01
3.070000e-05	-1.895683e-02	-1.258281e+01
3.071000e-05	-2.557672e-02	-1.251236e+01
3.072000e-05	-3.049418e-02	-1.251229e+01
3.073000e-05	-2.584178e-02	-1.253076e+01
3.074000e-05	-2.313031e-02	-1.250669e+01
3.075000e-05	-2.770414e-02	-1.249816e+01
3.076000e-05	-3.582944e-02	-1.246450e+01
3.077000e-05	-2.976133e-02	-1.238142e+01
3.078000e-05	-2.670264e-02	-1.235984e+01
3.079000e-05	-2.918612e-02	-1.230979e+01
3.080000e-05	-3.636060e-02	-1.228511e+01
3.081000e-05	-3.448586e-02	-1.225300e+01
3.082000e-05	-2.979776e-02	-1.217187e+01
3.083000e-05	-3.388696e-02	-1.209921e+01
3.084000e-05	-3.996768e-02	-1.203310e+01
3.085000e-05	-3.953062e-02	-1.195047e+01
3.086000e-05	-3.538026e-02	-1.190771e+01
3.087000e-05	-3.783413e-02	-1.183502e+01
3.088000e-05	-4.378794e-02	-1.169621e+01
3.089000e-05	-4.410408e-02	-1.161240e+01
3.090000e-05	-4.157433e-02	-1.150871e+01
3.091000e-05	-4.166564e-02	-1.141244e+01
3.092000e-05	-4.866993e-02	-1.130616e+01
3.093000e-05	-4.926166e-02	-1.115184e+01
3.094000e-05	-4.590851e-02	-1.107518e+01
3.095000e-05	-4.557011e-02	-1.094834e+01
3.096000e-05	-4.985930e-02	-1.080411e+01
3.097000e-05	-5.197808e-02	-1.074979e+01
3.098000e-05	-4.783328e-02	-1.064343e+01
3.099000e-05	-4.565965e-02	-1.053821e+01
3.100000e-05	-4.748245e-02	-1.039032e+01
3.101000e-05	-4.881725e-02	-1.023310e+01
3.102000e-05	-4.483498e-02	-1.006471e+01
3.103000e-05	-4.125807e-02	-9.958817e+00
3.104000e-05	-4.330385e-02	-9.823524e+00
3.105000e-05	-4.496040e-02	-9.656659e+00
3.106000e-05	-3.983786e-02	-9.537815e+00
3.107000e-05	-3.589058e-02	-9.357917e+00
3.108000e-05	-3.664154e-02	-9.181951e+00
3.109000e-05	-3.794310e-02	-9.043081e+00
3.110000e-05	-3.350167e-02	-8.897736e+00
3.111000e-05	-3.000548e-02	-8.746369e+00
3.112000e-05	-3.022371e-02	-8.566740e+00
3.113000e-05	-3.219589e-02	-8.378370e+00
3.114000e-05	-2.925223e-02	-8.223475e+00
3.115000e-05	-2.467905e-02	-8.042603e+00
3.116000e-05	-2.330278e-02	-7.843581e+00
3.117000e-05	-2.597348e-02	-7.613002e+00
3.118000e-05	-2.445296e-02	-7.421603e+00
3.119000e-05	-2.101002e-02	-7.244680e+00
3.120000e-05	-1.959646e-02	-7.053504e+00
3.121000e-05	-2.138005e-02	-6.843006e+00
3.122000e-05	-2.086227e-02	-6.663102e+00
3.123000e-05	-1.735477e-02	-6.474658e+00
3.124000e-05	-1.491386e-02	-6.253160e+00
3.125000e-05	-1.724005e-02	-6.052602e+00
3.126000e-05	-1.796930e-02	-5.833549e+00
3.127000e-05	-1.437524e-02	-5.652079e+00
3.128000e-05	-1.174979e-02	-5.403026e+00
3.129000e-05	-1.500373e-02	-5.149972e+00
3.130000e-05	-1.351677e-02	-4.958287e+00
3.131000e-05	-1.264137e-02	-4.704611e+00
3.132000e-05	-9.233350e-03	-4.504711e+00
3.133000e-05	-1.157919e-02	-4.305212e+00
3.134000e-05	-1.087662e-02	-4.084236e+00
3.135000e-05	-1.073213e-02	-3.900708e+00
3.136000e-05	-7.087764e-03	-3.632105e+00
3.137000e-05	-1.074542e-02	-3.441528e+00
3.138000e-05	-9.544963e-03	-3.210600e+00
3.139000e-05	-1.058293e-02	-2.967946e+00
3.140000e-05	-4.379894e-03	-2.726846e+00
3.141000e-05	-6.794554e-03	-2.536369e+00
3.142000e-05	-6.655947e-03	-2.313338e+00
3.143000e-05	-7.342807e-03	-2.041634e+00
3.144000e-05	-4.464941e-03	-1.822054e+00
3.145000e-05	-6.244489e-03	-1.641025e+00
3.146000e-05	-7.118947e-03	-1.334867e+00
3.147000e-05	-6.504794e-03	-1.133212e+00
3.148000e-05	-4.046952e-03	-8.635856e-01
3.149000e-05	-2.506156e-03	-6.705738e-01
3.150000e-05	-4.099527e-03	-3.894974e-01
3.151000e-05	-3.556308e-03	-1.664236e-01
3.152000e-05	3.764515e-03	2.357901e-02
3.153000e-05	6.560674e-03	2.852619e-01
3.154000e-05	-3.252525e-03	4.857394e-01
3.155000e-05	-5.632602e-04	6.963382e-01
3.156000e-05	-1.863694e-03	8.678132e-01
3.157000e-05	4.016563e-03	1.171372e+00
3.158000e-05	9.898802e-04	1.400999e+00
3.159000e-05	8.878353e-03	1.632707e+00
3.160000e-05	5.273584e-02	1.866737e+00
3.161000e-05	5.776621e-02	2.127892e+00
3.162000e-05	-5.979283e-02	2.425446e+00
3.163000e-05	-4.680121e-02	2.675202e+00
3.164000e-05	-3.137435e-02	2.864632e+00
3.165000e-05	-3.750842e-02	3.002100e+00
3.166000e-05	1.048205e-02	3.170419e+00
3.167000e-05	9.604377e-02	3.382998e+00
3.168000e-05	-1.223028e-01	3.642053e+00
3.169000e-05	1.124983e-01	3.740920e+00
3.170000e-05	3.274606e-02	4.034550e+00
3.171000e-05	-6.211288e-02	4.295238e+00
3.172000e-05	5.469426e-02	4.476187e+00
3.173000e-05	-8.612343e-02	4.709291e+00
3.174000e-05	4.705537e-02	4.951765e+00
3.175000e-05	3.321075e-02	5.195079e+00
3.176000e-05	-2.471503e-02	5.466161e+00
3.177000e-05	2.074055e-02	5.646079e+00
3.178000e-05	-8.612283e-03	5.897235e+00
3.179000e-05	6.959345e-03	6.067759e+00
3.180000e-05	2.195184e-03	6.318712e+00
3.181000e-05	-1.479952e-02	6.515706e+00
3.182000e-05	2.712258e-02	6.750263e+00
3.183000e-05	-9.769574e-03	6.929789e+00
3.184000e-05	5.042783e-02	7.097738e+00
3.185000e-05	-3.321140e-02	7.295656e+00
3.186000e-05	-5.019303e-03	7.518763e+00
3.187000e-05	3.203688e-02	7.697790e+00
3.188000e-05	-1.186448e-02	7.979362e+00
3.189000e-05	2.589343e-02	8.149792e+00
3.190000e-05	-1.679431e-02	8.307736e+00
3.191000e-05	3.262758e-02	8.455632e+00
3.192000e-05	-4.547417e-03	8.593025e+00
3.193000e-05	8.960710e-03	8.730894e+00
3.194000e-05	-4.739777e-03	8.960264e+00
3.195000e-05	2.890332e-03	9.109785e+00
3.196000e-05	2.362055e-02	9.256734e+00
3.197000e-05	1.142115e-03	9.444004e+00
3.198000e-05	1.292877e-02	9.570919e+00
3.199000e-05	3.483455e-03	9.709260e+00
3.200000e-05	1.490758e-02	9.857207e+00
3.201000e-05	1.970947e-03	1.002408e+01
3.202000e-05	2.434750e-03	1.015142e+01
3.203000e-05	8.961690e-03	1.030618e+01
3.204000e-05	1.219168e-02	1.046542e+01
3.205000e-05	1.466960e-02	1.052949e+01
3.206000e-05	5.893536e-03	1.069773e+01
3.207000e-05	1.178644e-02	1.081350e+01
3.208000e-05	7.919410e-03	1.091884e+01
3.209000e-05	9.714662e-03	1.101607e+01
3.210000e-05	4.059997e-03	1.108924e+01
3.211000e-05	1.055713e-02	1.124555e+01
3.212000e-05	1.213424e-02	1.137084e+01
3.213000e-05	1.304750e-02	1.143713e+01
3.214000e-05	1.102979e-02	1.154139e+01
3.215000e-05	9.283278e-03	1.165618e+01
3.216000e-05	1.365613e-02	1.177189e+01
3.217000e-05	9.296042e-03	1.182403e+01
3.218000e-05	1.098937e-02	1.190929e+01
3.219000e-05	1.007981e-02	1.195092e+01
3.220000e-05	1.536515e-02	1.203617e+01
3.221000e-05	1.296325e-02	1.211836e+01
3.222000e-05	1.225518e-02	1.216082e+01
3.223000e-05	1.225458e-02	1.222505e+01
3.224000e-05	1.435765e-02	1.230723e+01
3.225000e-05	1.454226e-02	1.232977e+01
3.226000e-05	1.137490e-02	1.236044e+01
3.227000e-05	1.503956e-02	1.235297e+01
3.228000e-05	1.372090e-02	1.242355e+01
3.229000e-05	1.622154e-02	1.247918e+01
3.230000e-05	1.370793e-02	1.247763e+01
3.231000e-05	1.629614e-02	1.248673e+01
3.232000e-05	1.775909e-02	1.248889e+01
3.233000e-05	1.773135e-02	1.253884e+01
3.234000e-05	1.584774e-02	1.251886e+01
3.235000e-05	1.633650e-02	1.251881e+01
3.236000e-05	1.876915e-02	1.253982e+01
3.237000e-05	1.829097e-02	1.250127e+01
3.238000e-05	1.932721e-02	1.251924e+01
3.239000e-05	1.904543e-02	1.247819e+01
3.240000e-05	2.278420e-02	1.246773e+01
3.241000e-05	2.318540e-02	1.245515e+01
3.242000e-05	2.330748e-02	1.238213e+01
3.243000e-05	2.122467e-02	1.237240e+01
3.244000e-05	2.514610e-02	1.234932e+01
3.245000e-05	2.572315e-02	1.232679e+01
3.246000e-05	2.501682e-02	1.226450e+01
3.247000e-05	2.508650e-02	1.219197e+01
3.248000e-05	2.690255e-02	1.210879e+01
3.249000e-05	3.016574e-02	1.205763e+01
3.250000e-05	2.923397e-02	1.200304e+01
3.251000e-05	3.082581e-02	1.191931e+01
3.252000e-05	3.197158e-02	1.184413e+01
3.253000e-05	3.525039e-02	1.178992e+01
3.254000e-05	3.555447e-02	1.166629e+01
3.255000e-05	3.434259e-02	1.156242e+01
3.256000e-05	3.687901e-02	1.148828e+01
3.257000e-05	3.875534e-02	1.137192e+01
3.258000e-05	4.109124e-02	1.128411e+01
3.259000e-05	3.879422e-02	1.115337e+01
3.260000e-05	4.204093e-02	1.105518e+01
3.261000e-05	4.133143e-02	1.096897e+01
3.262000e-05	4.265290e-02	1.084465e+01
3.263000e-05	3.997586e-02	1.075939e+01
3.264000e-05	4.194398e-02	1.061352e+01
3.265000e-05	4.134641e-02	1.044763e+01
3.266000e-05	4.147044e-02	1.030839e+01
3.267000e-05	3.648168e-02	1.021055e+01
3.268000e-05	3.808282e-02	1.008618e+01
3.269000e-05	3.756414e-02	9.945942e+00
3.270000e-05	3.653227e-02	9.788848e+00
3.271000e-05	3.239367e-02	9.592578e+00
3.272000e-05	3.239865e-02	9.484657e+00
3.273000e-05	3.144133e-02	9.337365e+00
3.274000e-05	2.969362e-02	9.170923e+00
3.275000e-05	2.634144e-02	9.041552e+00
3.276000e-05	2.518955e-02	8.834106e+00
3.277000e-05	2.536535e-02	8.685685e+00
3.278000e-05	2.456605e-02	8.517340e+00
3.279000e-05	2.131915e-02	8.339944e+00
3.280000e-05	1.909443e-02	8.200973e+00
3.281000e-05	1.934146e-02	7.990949e+00
3.282000e-05	1.842844e-02	7.801598e+00
3.283000e-05	1.630049e-02	7.620579e+00
3.284000e-05	1.370674e-02	7.411078e+00
3.285000e-05	1.492361e-02	7.210402e+00
3.286000e-05	1.505076e-02	7.021528e+00
3.287000e-05	1.135584e-02	6.821580e+00
3.288000e-05	8.126198e-03	6.603159e+00
3.289000e-05	9.249264e-03	6.430024e+00
3.290000e-05	1.024595e-02	6.221128e+00
3.291000e-05	8.685324e-03	6.043104e+00
3.292000e-05	5.959555e-03	5.832158e+00
3.293000e-05	5.988829e-03	5.610076e+00
3.294000e-05	6.978694e-03	5.400500e+00
3.295000e-05	4.961960e-03	5.158394e+00
3.296000e-05	2.110601e-03	4.916264e+00
3.297000e-05	2.344725e-03	4.632162e+00
3.298000e-05	4.365630e-03	4.454684e+00
3.299000e-05	3.816709e-03	4.283659e+00
3.300000e-05	1.798060e-03	3.979129e+00
3.301000e-05	1.050497e-03	3.760054e+00
3.302000e-05	1.068281e-03	3.610050e+00
3.303000e-05	-3.109618e-05	3.328951e+00
3.304000e-05	-7.993550e-04	3.127442e+00
3.305000e-05	-4.312006e-04	2.925342e+00
3.306000e-05	-3.360685e-04	2.746313e+00
3.307000e-05	-7.849152e-04	2.492638e+00
3.308000e-05	-1.732465e-03	2.229107e+00
3.309000e-05	-2.001394e-03	2.041107e+00
3.310000e-05	-2.701996e-03	1.797999e+00
3.311000e-05	-2.138380e-03	1.575895e+00
3.312000e-05	-4.643805e-03	1.324766e+00
3.313000e-05	-2.328518e-03	1.121634e+00
3.314000e-05	-4.409549e-03	7.590250e-01
3.315000e-05	-2.608372e-03	5.864514e-01
3.316000e-05	-2.508254e-03	3.589195e-01
3.317000e-05	-3.347077e-03	8.329054e-02
3.318000e-05	-3.741415e-04	-1.467645e-01
3.319000e-05	2.873163e-03	-3.372620e-01
3.320000e-05	-4.809639e-03	-4.953378e-01
3.321000e-05	-1.898428e-03	-8.003948e-01
3.322000e-05	-5.515583e-03	-9.793411e-01
3.323000e-05	-4.022691e-04	-1.189892e+00
3.324000e-05	-4.105666e-04	-1.425528e+00
3.325000e-05	2.428365e-02	-1.643003e+00
3.326000e-05	9.136927e-02	-1.831528e+00
3.327000e-05	-5.034267e-02	-2.108787e+00
3.328000e-05	-4.732677e-02	-2.466182e+00
3.329000e-05	-5.681133e-02	-2.707765e+00
3.330000e-05	-6.939296e-02	-2.894211e+00
3.331000e-05	6.110682e-02	-3.047082e+00
3.332000e-05	8.560439e-02	-3.213077e+00
3.333000e-05	-1.851297e-01	-3.506208e+00
3.334000e-05	1.702780e-01	-3.613527e+00
3.335000e-05	-2.297320e-02	-3.847050e+00
3.336000e-05	-5.598290e-02	-4.129886e+00
3.337000e-05	8.552253e-02	-4.338212e+00
3.338000e-05	-1.946540e-01	-4.529755e+00
3.339000e-05	9.787984e-02	-4.799948e+00
3.340000e-05	4.175264e-02	-4.971292e+00
3.341000e-05	-7.883448e-02	-5.245551e+00
3.342000e-05	8.760933e-02	-5.457232e+00
3.343000e-05	-1.162057e-01	-5.697212e+00
3.344000e-05	7.088506e-02	-5.917162e+00
3.345000e-05	-5.721583e-03	-6.066656e+00
3.346000e-05	-1.107889e-01	-6.360342e+00
3.347000e-05	9.667924e-02	-6.506258e+00
3.348000e-05	-8.167519e-02	-6.728737e+00
3.349000e-05	1.130692e-01	-6.918786e+00
3.350000e-05	-1.098053e-01	-7.109266e+00
3.351000e-05	-1.862648e-02	-7.360190e+00
3.352000e-05	6.247788e-02	-7.509236e+00
3.353000e-05	-8.090857e-02	-7.760862e+00
3.354000e-05	6.695081e-02	-7.960244e+00
3.355000e-05	-1.048801e-01	-8.129766e+00
3.356000e-05	7.661725e-02	-8.327235e+00
3.357000e-05	-2.720083e-02	-8.475577e+00
3.358000e-05	-2.938032e-02	-8.656632e+00
3.359000e-05	-8.592611e-03	-8.813021e+00
3.360000e-05	-4.357119e-02	-9.012419e+00
3.361000e-05	6.147748e-02	-9.140290e+00
3.362000e-05	-6.806460e-02	-9.288104e+00
3.363000e-05	1.929809e-02	-9.467130e+00
3.364000e-05	-3.697233e-02	-9.592926e+00
3.365000e-05	2.059186e-02	-9.801292e+00
3.366000e-05	-2.594197e-02	-9.908260e+00
3.367000e-05	-3.490235e-02	-1.006505e+01
3.368000e-05	2.585041e-03	-1.018247e+01
3.369000e-05	-1.363769e-02	-1.039042e+01
3.370000e-05	9.013181e-03	-1.050718e+01
3.371000e-05	-4.743387e-02	-1.060242e+01
3.372000e-05	5.057984e-03	-1.069876e+01
3.373000e-05	-1.894284e-02	-1.081347e+01
3.374000e-05	2.226312e-05	-1.095836e+01
3.375000e-05	-3.815490e-02	-1.106453e+01
3.376000e-05	-1.088652e-02	-1.116137e+01
3.377000e-05	-5.567020e-03	-1.127613e+01
3.378000e-05	-1.117318e-02	-1.140339e+01
3.379000e-05	-2.133267e-02	-1.146610e+01
3.380000e-05	-2.856383e-02	-1.158240e+01
3.381000e-05	1.388425e-03	-1.166763e+01
3.382000e-05	-1.955158e-02	-1.180297e+01
3.383000e-05	-1.649102e-02	-1.187758e+01
3.384000e-05	-2.967760e-02	-1.196227e+01
3.385000e-05	-4.030984e-03	-1.205453e+01
3.386000e-05	-1.520867e-02	-1.208923e+01
3.387000e-05	-2.256864e-02	-1.218089e+01
3.388000e-05	-2.608598e-02	-1.220302e+01
3.389000e-05	-1.494566e-02	-1.223608e+01
3.390000e-05	-1.011215e-02	-1.228876e+01
3.391000e-05	-2.523930e-02	-1.233131e+01
3.392000e-05	-2.259552e-02	-1.239292e+01
3.393000e-05	-1.910525e-02	-1.239560e+01
3.394000e-05	-1.232261e-02	-1.242713e+01
3.395000e-05	-2.441882e-02	-1.246818e+01
3.396000e-05	-2.717293e-02	-1.254031e+01
3.397000e-05	-2.086033e-02	-1.249971e+01
3.398000e-05	-1.539539e-02	-1.254329e+01
3.399000e-05	-2.315598e-02	-1.255041e+01
3.400000e-05	-2.919010e-02	-1.258194e+01
3.401000e-05	-2.487257e-02	-1.257242e+01
3.402000e-05	-1.897873e-02	-1.257192e+01
3.403000e-05	-2.463733e-02	-1.254136e+01
3.404000e-05	-3.023430e-02	-1.251886e+01
3.405000e-05	-2.750508e-02	-1.248978e+01
3.406000e-05	-2.355126e-02	-1.246671e+01
3.407000e-05	-2.681392e-02	-1.245566e+01
3.408000e-05	-3.426742e-02	-1.245447e+01
3.409000e-05	-3.175771e-02	-1.237345e+01
3.410000e-05	-2.700534e-02	-1.237929e+01
3.411000e-05	-2.835905e-02	-1.233674e+01
3.412000e-05	-3.534051e-02	-1.224613e+01
3.413000e-05	-3.607224e-02	-1.224450e+01
3.414000e-05	-3.127931e-02	-1.214037e+01
3.415000e-05	-3.314346e-02	-1.205573e+01
3.416000e-05	-3.867193e-02	-1.205513e+01
3.417000e-05	-4.079014e-02	-1.196942e+01
3.418000e-05	-3.553587e-02	-1.191511e+01
3.419000e-05	-3.760823e-02	-1.180347e+01
3.420000e-05	-4.231172e-02	-1.168721e+01
3.421000e-05	-4.614109e-02	-1.160345e+01
3.422000e-05	-4.360160e-02	-1.150674e+01
3.423000e-05	-4.139068e-02	-1.136089e+01
3.424000e-05	-4.660340e-02	-1.129658e+01
3.425000e-05	-5.074558e-02	-1.115085e+01
3.426000e-05	-4.819636e-02	-1.103210e+01
3.427000e-05	-4.562363e-02	-1.095771e+01
3.428000e-05	-4.845967e-02	-1.083305e+01
3.429000e-05	-5.164372e-02	-1.072776e+01
3.430000e-05	-4.875828e-02	-1.062395e+01
3.431000e-05	-4.537002e-02	-1.051573e+01
3.432000e-05	-4.579393e-02	-1.036931e+01
3.433000e-05	-4.816350e-02	-1.020247e+01
3.434000e-05	-4.643310e-02	-1.004561e+01
3.435000e-05	-4.220409e-02	-9.928287e+00
3.436000e-05	-4.261659e-02	-9.789552e+00
3.437000e-05	-4.327992e-02	-9.674682e+00
3.438000e-05	-4.128860e-02	-9.526709e+00
3.439000e-05	-3.666065e-02	-9.338843e+00
3.440000e-05	-3.640003e-02	-9.220947e+00
3.441000e-05	-3.680573e-02	-9.024080e+00
3.442000e-05	-3.479414e-02	-8.875108e+00
3.443000e-05	-3.135724e-02	-8.697165e+00
3.444000e-05	-2.929725e-02	-8.528237e+00
3.445000e-05	-2.996873e-02	-8.349765e+00
3.446000e-05	-3.051285e-02	-8.230978e+00
3.447000e-05	-2.589118e-02	-8.021053e+00
3.448000e-05	-2.509603e-02	-7.872024e+00
3.449000e-05	-2.291775e-02	-7.590951e+00
3.450000e-05	-2.507731e-02	-7.391073e+00
3.451000e-05	-1.854005e-02	-7.213102e+00
3.452000e-05	-2.123332e-02	-6.982969e+00
3.453000e-05	-1.983814e-02	-6.791504e+00
3.454000e-05	-2.250260e-02	-6.611003e+00
3.455000e-05	-1.815219e-02	-6.452205e+00
3.456000e-05	-1.678826e-02	-6.253131e+00
3.457000e-05	-1.512261e-02	-6.011579e+00
3.458000e-05	-1.657842e-02	-5.830548e+00
3.459000e-05	-1.394375e-02	-5.602575e+00
3.460000e-05	-1.275634e-02	-5.419873e+00
3.461000e-05	-1.539593e-02	-5.169869e+00
3.462000e-05	-1.318290e-02	-4.925211e+00
3.463000e-05	-1.425201e-02	-4.673609e+00
3.464000e-05	-9.140297e-03	-4.453157e+00
3.465000e-05	-1.164850e-02	-4.284632e+00
3.466000e-05	-7.598205e-03	-4.064136e+00
3.467000e-05	-1.079009e-02	-3.832078e+00
3.468000e-05	-7.362473e-03	-3.592953e+00
3.469000e-05	-1.288589e-02	-3.400003e+00
3.470000e-05	-8.962002e-03	-3.220546e+00
3.471000e-05	-1.026042e-02	-2.878371e+00
3.472000e-05	-5.624211e-03	-2.766315e+00
3.473000e-05	-7.569708e-03	-2.503213e+00
3.474000e-05	-4.627356e-03	-2.281712e+00
3.475000e-05	-5.890606e-03	-2.001474e+00
3.476000e-05	-6.258144e-03	-1.838949e+00
3.477000e-05	-8.031730e-03	-1.598399e+00
3.478000e-05	-7.132632e-03	-1.265211e+00
3.479000e-05	-6.580302e-03	-1.053004e+00
3.480000e-05	-5.130754e-03	-7.916302e-01
3.481000e-05	-2.510851e-03	-5.999977e-01
3.482000e-05	-7.092585e-04	-3.573698e-01
3.483000e-05	-1.793385e-03	-1.358933e-01
3.484000e-05	1.805760e-03	3.368639e-02
3.485000e-05	2.278199e-03	3.467895e-01
3.486000e-05	-2.455598e-03	5.367884e-01
3.487000e-05	-1.163636e-04	7.488145e-01
3.488000e-05	-1.324585e-03	9.567671e-01
3.489000e-05	2.222045e-03	1.191526e+00
3.490000e-05	3.797672e-03	1.391563e+00
3.491000e-05	1.319596e-02	1.696187e+00
3.492000e-05	5.697596e-02	1.906813e+00
3.493000e-05	4.335259e-02	2.148893e+00
3.494000e-05	-6.255187e-02	2.421950e+00
3.495000e-05	-4.448030e-02	2.656632e+00
3.496000e-05	-2.791864e-02	2.865682e+00
3.497000e-05	-4.347086e-02	3.014028e+00
3.498000e-05	3.041561e-02	3.179971e+00
3.499000e-05	8.018643e-02	3.464000e+00
3.500000e-05	-1.223444e-01	3.662629e+00
3.501000e-05	1.347663e-01	3.782950e+00
3.502000e-05	3.694967e-03	4.037608e+00
3.503000e-05	-4.642468e-02	4.317290e+00
3.504000e-05	4.746389e-02	4.498737e+00
3.505000e-05	-9.035006e-02	4.769322e+00
3.506000e-05	6.277789e-02	4.980921e+00
3.507000e-05	2.229710e-02	5.265629e+00
3.508000e-05	-2.091996e-02	5.497264e+00
3.509000e-05	1.949786e-02	5.655757e+00
3.510000e-05	-1.375459e-02	5.929797e+00
3.511000e-05	1.526776e-02	6.107765e+00
3.512000e-05	-6.160608e-03	6.328285e+00
3.513000e-05	-7.293179e-03	6.559185e+00
3.514000e-05	2.422156e-02	6.739815e+00
3.515000e-05	-5.666260e-03	6.908365e+00
3.516000e-05	4.965710e-02	7.119290e+00
3.517000e-05	-4.352951e-02	7.325762e+00
3.518000e-05	5.880984e-03	7.510763e+00
3.519000e-05	2.490293e-02	7.748262e+00
3.520000e-05	-4.542961e-03	7.951816e+00
3.521000e-05	2.058074e-02	8.120769e+00
3.522000e-05	-1.489333e-02	8.348290e+00
3.523000e-05	3.148966e-02	8.455185e+00
3.524000e-05	-6.254184e-03	8.633527e+00
3.525000e-05	8.412870e-03	8.770899e+00
3.526000e-05	-5.340039e-03	8.929839e+00
3.527000e-05	7.343071e-03	9.129290e+00
3.528000e-05	2.513762e-02	9.296161e+00
3.529000e-05	-1.814153e-04	9.434100e+00
3.530000e-05	1.175563e-02	9.601844e+00
3.531000e-05	3.815467e-04	9.760817e+00
3.532000e-05	1.732332e-02	9.918190e+00
3.533000e-05	1.579288e-04	1.003313e+01
3.534000e-05	4.597700e-03	1.020247e+01
3.535000e-05	9.135916e-03	1.030874e+01
3.536000e-05	1.430029e-02	1.044398e+01
3.537000e-05	1.455839e-02	1.057287e+01
3.538000e-05	2.921803e-03	1.069878e+01
3.539000e-05	1.052572e-02	1.079353e+01
3.540000e-05	8.103411e-03	1.094129e+01
3.541000e-05	1.207978e-02	1.104445e+01
3.542000e-05	3.413540e-03	1.112182e+01
3.543000e-05	1.015955e-02	1.120458e+01
3.544000e-05	1.320907e-02	1.133092e+01
3.545000e-05	1.400594e-02	1.147911e+01
3.546000e-05	9.382425e-03	1.155292e+01
3.547000e-05	6.712513e-03	1.165818e+01
3.548000e-05	1.396498e-02	1.179144e+01
3.549000e-05	1.190174e-02	1.181307e+01
3.550000e-05	1.077850e-02	1.189774e+01
3.551000e-05	9.216527e-03	1.198297e+01
3.552000e-05	1.572672e-02	1.203653e+01
3.553000e-05	1.233184e-02	1.210823e+01
3.554000e-05	1.094040e-02	1.220344e+01
3.555000e-05	1.014582e-02	1.223358e+01
3.556000e-05	1.410221e-02	1.227921e+01
3.557000e-05	1.638405e-02	1.231979e+01
3.558000e-05	1.136852e-02	1.235194e+01
3.559000e-05	1.385069e-02	1.241352e+01
3.560000e-05	1.339551e-02	1.242463e+01
3.561000e-05	1.684012e-02	1.245661e+01
3.562000e-05	1.418872e-02	1.245726e+01
3.563000e-05	1.412194e-02	1.249929e+01
3.564000e-05	1.756867e-02	1.253879e+01
3.565000e-05	1.910861e-02	1.252026e+01
3.566000e-05	1.720982e-02	1.254929e+01
3.567000e-05	1.513689e-02	1.252931e+01
3.568000e-05	1.856900e-02	1.252974e+01
3.569000e-05	1.959926e-02	1.249934e+01
3.570000e-05	2.054317e-02	1.252819e+01
3.571000e-05	1.899664e-02	1.247874e+01
3.572000e-05	2.210152e-02	1.248671e+01
3.573000e-05	2.364650e-02	1.243455e+01
3.574000e-05	2.366332e-02	1.242457e+01
3.575000e-05	2.194293e-02	1.234937e+01
3.576000e-05	2.404296e-02	1.236929e+01
3.577000e-05	2.619511e-02	1.230716e+01
3.578000e-05	2.621052e-02	1.225663e+01
3.579000e-05	2.555732e-02	1.218294e+01
3.580000e-05	2.648581e-02	1.210876e+01
3.581000e-05	2.955266e-02	1.205510e+01
3.582000e-05	2.977091e-02	1.199289e+01
3.583000e-05	3.092612e-02	1.189829e+01
3.584000e-05	3.064380e-02	1.179510e+01
3.585000e-05	3.554840e-02	1.177139e+01
3.586000e-05	3.618703e-02	1.166763e+01
3.587000e-05	3.516580e-02	1.158247e+01
3.588000e-05	3.619318e-02	1.149606e+01
3.589000e-05	3.778579e-02	1.135287e+01
3.590000e-05	4.119403e-02	1.122413e+01
3.591000e-05	3.971966e-02	1.115139e+01
3.592000e-05	4.075483e-02	1.100305e+01
3.593000e-05	4.170769e-02	1.093882e+01
3.594000e-05	4.382432e-02	1.083406e+01
3.595000e-05	4.086702e-02	1.071831e+01
3.596000e-05	4.107638e-02	1.058150e+01
3.597000e-05	3.935017e-02	1.043658e+01
3.598000e-05	4.154219e-02	1.030979e+01
3.599000e-05	3.811550e-02	1.020187e+01
3.600000e-05	3.750914e-02	1.006464e+01
3.601000e-05	3.562762e-02	9.937307e+00
3.602000e-05	3.640444e-02	9.740339e+00
3.603000e-05	3.417420e-02	9.570950e+00
3.604000e-05	3.211442e-02	9.433180e+00
3.605000e-05	3.012493e-02	9.276736e+00
3.606000e-05	2.813058e-02	9.179946e+00
3.607000e-05	2.823528e-02	9.011949e+00
3.608000e-05	2.548986e-02	8.793105e+00
3.609000e-05	2.365833e-02	8.664683e+00
3.610000e-05	2.266902e-02	8.516815e+00
3.611000e-05	2.215630e-02	8.356343e+00
3.612000e-05	2.057636e-02	8.117371e+00
3.613000e-05	1.956760e-02	7.960445e+00
3.614000e-05	1.718591e-02	7.790000e+00
3.615000e-05	1.660104e-02	7.610496e+00
3.616000e-05	1.392729e-02	7.412002e+00
3.617000e-05	1.358213e-02	7.167897e+00
3.618000e-05	1.184074e-02	6.990524e+00
3.619000e-05	1.158683e-02	6.792024e+00
3.620000e-05	1.131236e-02	6.621553e+00
3.621000e-05	9.679625e-03	6.400475e+00
3.622000e-05	8.931533e-03	6.190579e+00
3.623000e-05	7.789556e-03	6.032527e+00
3.624000e-05	6.640173e-03	5.800449e+00
3.625000e-05	4.977424e-03	5.619899e+00
3.626000e-05	5.324080e-03	5.389470e+00
3.627000e-05	4.961935e-03	5.165419e+00
3.628000e-05	3.918290e-03	4.883087e+00
3.629000e-05	3.943897e-03	4.621133e+00
3.630000e-05	3.279225e-03	4.461634e+00
3.631000e-05	2.716306e-03	4.271579e+00
3.632000e-05	2.759191e-03	3.999450e+00
3.633000e-05	1.560873e-03	3.769873e+00
3.634000e-05	1.073723e-03	3.567475e+00
3.635000e-05	1.686120e-04	3.285895e+00
3.636000e-05	7.854430e-05	3.115363e+00
3.637000e-05	-1.021598e-03	2.885762e+00
3.638000e-05	-1.336869e-03	2.694760e+00
3.639000e-05	-1.264332e-03	2.390580e+00
3.640000e-05	-1.681118e-03	2.150028e+00
3.641000e-05	-2.437905e-03	1.990480e+00
3.642000e-05	-2.800640e-03	1.737448e+00
3.643000e-05	-2.104365e-03	1.525313e+00
3.644000e-05	-2.154792e-03	1.313713e+00
3.645000e-05	-3.606580e-03	9.990051e-01
3.646000e-05	-4.717772e-03	7.684472e-01
3.647000e-05	-3.435451e-03	5.053936e-01
3.648000e-05	-3.078607e-03	3.443661e-01
3.649000e-05	-3.682448e-03	6.168796e-02
3.650000e-05	1.204575e-03	-1.273647e-01
3.651000e-05	2.564992e-03	-3.568424e-01
3.652000e-05	-3.083795e-03	-5.387986e-01
3.653000e-05	-1.852887e-03	-8.104764e-01
3.654000e-05	-5.551188e-03	-1.011046e+00
3.655000e-05	-2.184095e-03	-1.201393e+00
3.656000e-05	-1.921947e-03	-1.453552e+00
3.657000e-05	3.247681e-02	-1.654182e+00
3.658000e-05	8.753350e-02	-1.855157e+00
3.659000e-05	-6.077338e-02	-2.119344e+00
3.660000e-05	-4.450104e-02	-2.517210e+00
3.661000e-05	-5.644763e-02	-2.748865e+00
3.662000e-05	-6.899293e-02	-2.885727e+00
3.663000e-05	8.975039e-02	-3.135732e+00
3.664000e-05	4.832924e-02	-3.244051e+00
3.665000e-05	-1.708765e-01	-3.507286e+00
3.666000e-05	1.902596e-01	-3.613577e+00
3.667000e-05	-6.253155e-02	-3.887262e+00
3.668000e-05	-1.979342e-02	-4.172441e+00
3.669000e-05	5.746632e-02	-4.319864e+00
3.670000e-05	-1.924915e-01	-4.559417e+00
3.671000e-05	1.300289e-01	-4.802422e+00
3.672000e-05	4.674617e-03	-5.001468e+00
3.673000e-05	-5.549807e-02	-5.245657e+00
3.674000e-05	7.633560e-02	-5.506238e+00
3.675000e-05	-1.212437e-01	-5.707283e+00
3.676000e-05	9.593854e-02	-5.940315e+00
3.677000e-05	-4.288433e-02	-6.086261e+00
3.678000e-05	-7.967599e-02	-6.341346e+00
3.679000e-05	8.520804e-02	-6.508791e+00
3.680000e-05	-7.621400e-02	-6.767365e+00
3.681000e-05	1.155833e-01	-6.927911e+00
3.682000e-05	-1.362424e-01	-7.171795e+00
3.683000e-05	2.047021e-02	-7.390889e+00
3.684000e-05	3.351740e-02	-7.529812e+00
3.685000e-05	-6.298378e-02	-7.813969e+00
3.686000e-05	5.558260e-02	-7.959295e+00
3.687000e-05	-1.035644e-01	-8.149790e+00
3.688000e-05	8.904671e-02	-8.337288e+00
3.689000e-05	-4.985487e-02	-8.496602e+00
3.690000e-05	-1.250414e-02	-8.718659e+00
3.691000e-05	-2.145424e-02	-8.813578e+00
3.692000e-05	-2.655255e-02	-9.014482e+00
3.693000e-05	5.098510e-02	-9.169816e+00
3.694000e-05	-6.880388e-02	-9.307756e+00
3.695000e-05	2.364587e-02	-9.487133e+00
3.696000e-05	-4.110772e-02	-9.674528e+00
3.697000e-05	2.774513e-02	-9.783398e+00
3.698000e-05	-3.694345e-02	-9.917735e+00
3.699000e-05	-2.646307e-02	-1.006653e+01
3.700000e-05	-1.188185e-03	-1.020292e+01
3.701000e-05	-7.660337e-03	-1.039139e+01
3.702000e-05	2.401234e-03	-1.048725e+01
3.703000e-05	-4.573075e-02	-1.061397e+01
3.704000e-05	7.208262e-03	-1.071726e+01
3.705000e-05	-1.927654e-02	-1.085457e+01
3.706000e-05	-1.907615e-04	-1.094184e+01
3.707000e-05	-4.174209e-02	-1.106657e+01
3.708000e-05	-4.860319e-03	-1.121092e+01
3.709000e-05	-7.326175e-03	-1.129716e+01
3.710000e-05	-9.488152e-03	-1.142337e+01
3.711000e-05	-2.464423e-02	-1.146818e+01
3.712000e-05	-2.425727e-02	-1.157442e+01
3.713000e-05	3.136717e-04	-1.167826e+01
3.714000e-05	-2.108286e-02	-1.180347e+01
3.715000e-05	-1.678961e-02	-1.187721e+01
3.716000e-05	-2.760896e-02	-1.194035e+01
3.717000e-05	-1.726895e-03	-1.207262e+01
3.718000e-05	-1.886556e-02	-1.208818e+01
3.719000e-05	-2.176380e-02	-1.215082e+01
3.720000e-05	-2.566568e-02	-1.222300e+01
3.721000e-05	-1.342723e-02	-1.228666e+01
3.722000e-05	-1.270435e-02	-1.230821e+01
3.723000e-05	-2.548392e-02	-1.233024e+01
3.724000e-05	-2.115925e-02	-1.238242e+01
3.725000e-05	-1.796486e-02	-1.241345e+01
3.726000e-05	-1.396919e-02	-1.245613e+01
3.727000e-05	-2.574237e-02	-1.251776e+01
3.728000e-05	-2.651459e-02	-1.249871e+01
3.729000e-05	-1.881335e-02	-1.250934e+01
3.730000e-05	-1.752161e-02	-1.253084e+01
3.731000e-05	-2.415521e-02	-1.260144e+01
3.732000e-05	-2.906127e-02	-1.258092e+01
3.733000e-05	-2.314358e-02	-1.255092e+01
3.734000e-05	-1.954645e-02	-1.258136e+01
3.735000e-05	-2.598587e-02	-1.253041e+01
3.736000e-05	-3.084559e-02	-1.253021e+01
3.737000e-05	-2.724991e-02	-1.252921e+01
3.738000e-05	-2.333163e-02	-1.246618e+01
3.739000e-05	-2.856363e-02	-1.244768e+01
3.740000e-05	-3.410361e-02	-1.243458e+01
3.741000e-05	-3.115006e-02	-1.238242e+01
3.742000e-05	-2.703789e-02	-1.233984e+01
3.743000e-05	-2.960452e-02	-1.231624e+01
3.744000e-05	-3.554889e-02	-1.228503e+01
3.745000e-05	-3.514396e-02	-1.218298e+01
3.746000e-05	-3.135108e-02	-1.218029e+01
3.747000e-05	-3.467936e-02	-1.204871e+01
3.748000e-05	-4.030110e-02	-1.202350e+01
3.749000e-05	-4.017012e-02	-1.196085e+01
3.750000e-05	-3.598502e-02	-1.187611e+01
3.751000e-05	-3.890629e-02	-1.181197e+01
3.752000e-05	-4.347147e-02	-1.166668e+01
3.753000e-05	-4.568454e-02	-1.162199e+01
3.754000e-05	-4.267033e-02	-1.144518e+01
3.755000e-05	-4.318171e-02	-1.138947e+01
3.756000e-05	-4.721208e-02	-1.122658e+01
3.757000e-05	-4.948832e-02	-1.116936e+01
3.758000e-05	-4.741063e-02	-1.100305e+01
3.759000e-05	-4.669538e-02	-1.090578e+01
3.760000e-05	-4.987910e-02	-1.082503e+01
3.761000e-05	-5.135437e-02	-1.069671e+01
3.762000e-05	-4.748712e-02	-1.062095e+01
3.763000e-05	-4.669828e-02	-1.048711e+01
3.764000e-05	-4.595508e-02	-1.034877e+01
3.765000e-05	-4.705709e-02	-1.019290e+01
3.766000e-05	-4.528009e-02	-1.003558e+01
3.767000e-05	-4.361642e-02	-9.907164e+00
3.768000e-05	-4.340714e-02	-9.800871e+00
3.769000e-05	-4.222750e-02	-9.603604e+00
3.770000e-05	-4.006314e-02	-9.505635e+00
3.771000e-05	-3.779727e-02	-9.288338e+00
3.772000e-05	-3.617538e-02	-9.178894e+00
3.773000e-05	-3.642131e-02	-8.982527e+00
3.774000e-05	-3.339668e-02	-8.864707e+00
3.775000e-05	-3.217328e-02	-8.733761e+00
3.776000e-05	-2.937537e-02	-8.476659e+00
3.777000e-05	-2.973080e-02	-8.377765e+00
3.778000e-05	-2.851088e-02	-8.179399e+00
3.779000e-05	-2.684007e-02	-8.011500e+00
3.780000e-05	-2.528285e-02	-7.850469e+00
3.781000e-05	-2.473736e-02	-7.579370e+00
3.782000e-05	-2.287834e-02	-7.400423e+00
3.783000e-05	-2.155869e-02	-7.211448e+00
3.784000e-05	-2.060249e-02	-7.011519e+00
3.785000e-05	-1.966673e-02	-6.768978e+00
3.786000e-05	-1.962044e-02	-6.621506e+00
3.787000e-05	-1.735551e-02	-6.419581e+00
3.788000e-05	-1.804397e-02	-6.240476e+00
3.789000e-05	-1.669358e-02	-5.989448e+00
3.790000e-05	-1.556127e-02	-5.788422e+00
3.791000e-05	-1.284450e-02	-5.590523e+00
3.792000e-05	-1.388954e-02	-5.407993e+00
3.793000e-05	-1.373679e-02	-5.106266e+00
3.794000e-05	-1.185723e-02	-4.862680e+00
3.795000e-05	-1.131863e-02	-4.621558e+00
3.796000e-05	-1.194449e-02	-4.424054e+00
3.797000e-05	-1.049649e-02	-4.243607e+00
3.798000e-05	-9.631254e-03	-4.062606e+00
3.799000e-05	-9.224903e-03	-3.861628e+00
3.800000e-05	-9.028092e-03	-3.599999e+00
3.801000e-05	-1.097084e-02	-3.390073e+00
3.802000e-05	-8.664546e-03	-3.177844e+00
3.803000e-05	-7.460998e-03	-2.905665e+00
3.804000e-05	-6.138046e-03	-2.673163e+00
3.805000e-05	-7.607331e-03	-2.463206e+00
3.806000e-05	-5.810724e-03	-2.230080e+00
3.807000e-05	-6.535343e-03	-1.988550e+00
3.808000e-05	-6.630360e-03	-1.780350e+00
3.809000e-05	-7.849461e-03	-1.584916e+00
3.810000e-05	-6.611701e-03	-1.242638e+00
3.811000e-05	-4.974201e-03	-1.011558e+00
3.812000e-05	-4.849703e-03	-8.200528e-01
3.813000e-05	-4.068891e-03	-5.878699e-01
3.814000e-05	-3.391905e-03	-3.772660e-01
3.815000e-05	-1.819764e-03	-1.152907e-01
3.816000e-05	3.523400e-03	7.518939e-02
3.817000e-05	1.054749e-03	3.599196e-01
3.818000e-05	-1.181318e-03	5.502908e-01
3.819000e-05	-7.548183e-04	7.383461e-01
3.820000e-05	-6.263671e-04	1.000466e+00
3.821000e-05	1.845516e-03	1.212152e+00
3.822000e-05	1.506300e-03	1.421630e+00
3.823000e-05	1.606640e-02	1.707271e+00
3.824000e-05	6.406990e-02	1.958837e+00
3.825000e-05	3.137703e-02	2.231474e+00
3.826000e-05	-6.219123e-02	2.443632e+00
3.827000e-05	-4.437336e-02	2.698288e+00
3.828000e-05	-2.449493e-02	2.917713e+00
3.829000e-05	-4.512541e-02	3.023603e+00
3.830000e-05	4.795328e-02	3.209971e+00
3.831000e-05	5.478092e-02	3.506631e+00
3.832000e-05	-1.112682e-01	3.676653e+00
3.833000e-05	1.534606e-01	3.814553e+00
3.834000e-05	-2.360230e-02	4.108785e+00
3.835000e-05	-3.086812e-02	4.329890e+00
3.836000e-05	3.644974e-02	4.538319e+00
3.837000e-05	-8.612026e-02	4.780870e+00
3.838000e-05	7.311498e-02	4.962473e+00
3.839000e-05	7.669077e-03	5.275186e+00
3.840000e-05	-1.453100e-02	5.517283e+00
3.841000e-05	2.056539e-02	5.716760e+00
3.842000e-05	-1.567293e-02	5.928420e+00
3.843000e-05	2.091929e-02	6.107890e+00
3.844000e-05	-1.317546e-02	6.308341e+00
3.845000e-05	8.611705e-04	6.540812e+00
3.846000e-05	1.713898e-02	6.792919e+00
3.847000e-05	1.454454e-03	6.941373e+00
3.848000e-05	4.590040e-02	7.121294e+00
3.849000e-05	-4.799291e-02	7.318786e+00
3.850000e-05	1.505057e-02	7.531266e+00
3.851000e-05	1.698200e-02	7.740892e+00
3.852000e-05	-3.337469e-04	7.980398e+00
3.853000e-05	1.881902e-02	8.180949e+00
3.854000e-05	-1.183745e-02	8.319342e+00
3.855000e-05	3.201345e-02	8.516213e+00
3.856000e-05	-8.555874e-03	8.675055e+00
3.857000e-05	1.184532e-02	8.741920e+00
3.858000e-05	-7.905064e-03	8.941419e+00
3.859000e-05	9.637169e-03	9.149791e+00
3.860000e-05	2.147954e-02	9.289263e+00
3.861000e-05	2.838439e-04	9.444032e+00
3.862000e-05	1.284031e-02	9.582444e+00
3.863000e-05	7.402051e-04	9.731421e+00
3.864000e-05	1.849009e-02	9.879734e+00
3.865000e-05	-5.996304e-04	1.004510e+01
3.866000e-05	6.155220e-03	1.019300e+01
3.867000e-05	7.377795e-03	1.032821e+01
3.868000e-05	1.459939e-02	1.046401e+01
3.869000e-05	1.296511e-02	1.053244e+01
3.870000e-05	3.700026e-03	1.071028e+01
3.871000e-05	1.055415e-02	1.084505e+01
3.872000e-05	8.522812e-03	1.094032e+01
3.873000e-05	1.309038e-02	1.102353e+01
3.874000e-05	4.511546e-03	1.113939e+01
3.875000e-05	1.125541e-02	1.121658e+01
3.876000e-05	1.320067e-02	1.135482e+01
3.877000e-05	1.369930e-02	1.144656e+01
3.878000e-05	8.437757e-03	1.162250e+01
3.879000e-05	7.123013e-03	1.170723e+01
3.880000e-05	1.332179e-02	1.177140e+01
3.881000e-05	1.153264e-02	1.187453e+01
3.882000e-05	1.199549e-02	1.192976e+01
3.883000e-05	1.043350e-02	1.202297e+01
3.884000e-05	1.478239e-02	1.201653e+01
3.885000e-05	1.262282e-02	1.212831e+01
3.886000e-05	1.167236e-02	1.218139e+01
3.887000e-05	1.071202e-02	1.225515e+01
3.888000e-05	1.294599e-02	1.230619e+01
3.889000e-05	1.482772e-02	1.232872e+01
3.890000e-05	1.328315e-02	1.240144e+01
3.891000e-05	1.530866e-02	1.244252e+01
3.892000e-05	1.362704e-02	1.240408e+01
3.893000e-05	1.692230e-02	1.247618e+01
3.894000e-05	1.522562e-02	1.247621e+01
3.895000e-05	1.450736e-02	1.252829e+01
3.896000e-05	1.704169e-02	1.249779e+01
3.897000e-05	1.772152e-02	1.250884e+01
3.898000e-05	1.739830e-02	1.253179e+01
3.899000e-05	1.649066e-02	1.251839e+01
3.900000e-05	1.814417e-02	1.250977e+01
3.901000e-05	2.017588e-02	1.253881e+01
3.902000e-05	2.100725e-02	1.248821e+01
3.903000e-05	2.062854e-02	1.248674e+01
3.904000e-05	2.170497e-02	1.245618e+01
3.905000e-05	2.304091e-02	1.244313e+01
3.906000e-05	2.358780e-02	1.238303e+01
3.907000e-05	2.199344e-02	1.236042e+01
3.908000e-05	2.359392e-02	1.232924e+01
3.909000e-05	2.472387e-02	1.228709e+01
3.910000e-05	2.692068e-02	1.225556e+01
3.911000e-05	2.671497e-02	1.218142e+01
3.912000e-05	2.685041e-02	1.213681e+01
3.913000e-05	2.841614e-02	1.204416e+01
3.914000e-05	2.924307e-02	1.196142e+01
3.915000e-05	3.086127e-02	1.190826e+01
3.916000e-05	3.289720e-02	1.185355e+01
3.917000e-05	3.525480e-02	1.175035e+01
3.918000e-05	3.631711e-02	1.168566e+01
3.919000e-05	3.604967e-02	1.154234e+01
3.920000e-05	3.693159e-02	1.149563e+01
3.921000e-05	3.812451e-02	1.136877e+01
3.922000e-05	4.047812e-02	1.122503e+01
3.923000e-05	3.980339e-02	1.113787e+01
3.924000e-05	4.166092e-02	1.101403e+01
3.925000e-05	4.173670e-02	1.097031e+01
3.926000e-05	4.338252e-02	1.082170e+01
3.927000e-05	4.131685e-02	1.071777e+01
3.928000e-05	4.055841e-02	1.057207e+01
3.929000e-05	4.024795e-02	1.042263e+01
3.930000e-05	4.099482e-02	1.029621e+01
3.931000e-05	3.743938e-02	1.019147e+01
3.932000e-05	3.699739e-02	1.008413e+01
3.933000e-05	3.523976e-02	9.916214e+00
3.934000e-05	3.720103e-02	9.758844e+00
3.935000e-05	3.224026e-02	9.540947e+00
3.936000e-05	3.292003e-02	9.444527e+00
3.937000e-05	2.849058e-02	9.305739e+00
3.938000e-05	2.947048e-02	9.137970e+00
3.939000e-05	2.856096e-02	8.970920e+00
3.940000e-05	2.533838e-02	8.780973e+00
3.941000e-05	2.311627e-02	8.663630e+00
3.942000e-05	2.256345e-02	8.496234e+00
3.943000e-05	2.084495e-02	8.338818e+00
3.944000e-05	1.905645e-02	8.176895e+00
3.945000e-05	1.842900e-02	7.938839e+00
3.946000e-05	1.723825e-02	7.781021e+00
3.947000e-05	1.842052e-02	7.589546e+00
3.948000e-05	1.454702e-02	7.338947e+00
3.949000e-05	1.278632e-02	7.167422e+00
3.950000e-05	1.062691e-02	6.958951e+00
3.951000e-05	1.212492e-02	6.779478e+00
3.952000e-05	7.906635e-03	6.568946e+00
3.953000e-05	1.008685e-02	6.357921e+00
3.954000e-05	9.941706e-03	6.168548e+00
3.955000e-05	9.298999e-03	6.000523e+00
3.956000e-05	7.683522e-03	5.768944e+00
3.957000e-05	4.749892e-03	5.567797e+00
3.958000e-05	4.979927e-03	5.377916e+00
3.959000e-05	3.770968e-03	5.124741e+00
3.960000e-05	4.130858e-03	4.832159e+00
3.961000e-05	2.495044e-03	4.601529e+00
3.962000e-05	4.093910e-03	4.413607e+00
3.963000e-05	2.605928e-03	4.199579e+00
3.964000e-05	3.205730e-03	3.987919e+00
3.965000e-05	9.850158e-04	3.727944e+00
3.966000e-05	1.813166e-03	3.567870e+00
3.967000e-05	2.546957e-04	3.324794e+00
3.968000e-05	-1.089335e-03	3.085733e+00
3.969000e-05	-1.144676e-03	2.874283e+00
3.970000e-05	-6.215617e-04	2.682762e+00
3.971000e-05	-3.945267e-04	2.430527e+00
3.972000e-05	-1.865554e-03	2.168976e+00
3.973000e-05	-1.984351e-03	1.957975e+00
3.974000e-05	-2.521623e-03	1.737420e+00
3.975000e-05	-1.377938e-03	1.473737e+00
3.976000e-05	-3.896076e-03	1.240685e+00
3.977000e-05	-3.674527e-03	9.680273e-01
3.978000e-05	-3.594061e-03	7.348933e-01
3.979000e-05	-3.090418e-03	5.138395e-01
3.980000e-05	-4.085554e-03	3.253146e-01
3.981000e-05	-3.910294e-03	2.961133e-02
3.982000e-05	2.206136e-03	-1.998985e-01
3.983000e-05	1.880830e-03	-3.783936e-01
3.984000e-05	-2.619940e-03	-5.823738e-01
3.985000e-05	-3.384284e-03	-8.325528e-01
3.986000e-05	-3.855118e-03	-9.819974e-01
3.987000e-05	-2.582308e-03	-1.241529e+00
3.988000e-05	-9.445191e-04	-1.494157e+00
3.989000e-05	4.063690e-02	-1.655108e+00
3.990000e-05	7.867021e-02	-1.866707e+00
3.991000e-05	-6.816710e-02	-2.171372e+00
3.992000e-05	-4.262015e-02	-2.518862e+00
3.993000e-05	-5.813361e-02	-2.729320e+00
3.994000e-05	-6.887391e-02	-2.927862e+00
3.995000e-05	1.143472e-01	-3.098791e+00
3.996000e-05	9.194404e-03	-3.284581e+00
3.997000e-05	-1.453012e-01	-3.527286e+00
3.998000e-05	1.953334e-01	-3.684630e+00
3.999000e-05	-9.575136e-02	-3.949310e+00
4.000000e-05	1.690994e-02	-4.219972e+00
4.001000e-05	2.354854e-02	-4.360370e+00
4.002000e-05	-1.787201e-01	-4.600949e+00
4.003000e-05	1.523283e-01	-4.831428e+00
4.004000e-05	-2.953169e-02	-4.983019e+00
4.005000e-05	-2.558619e-02	-5.336261e+00
4.006000e-05	5.664556e-02	-5.479738e+00
4.007000e-05	-1.192893e-01	-5.760315e+00
4.008000e-05	1.153896e-01	-5.968797e+00
4.009000e-05	-7.752545e-02	-6.139785e+00
4.010000e-05	-4.737491e-02	-6.371398e+00
4.011000e-05	6.226341e-02	-6.529342e+00
4.012000e-05	-6.003726e-02	-6.762870e+00
4.013000e-05	1.128280e-01	-6.981859e+00
4.014000e-05	-1.543800e-01	-7.192947e+00
4.015000e-05	5.295163e-02	-7.410893e+00
4.016000e-05	2.826517e-03	-7.571311e+00
4.017000e-05	-3.986174e-02	-7.813421e+00
4.018000e-05	3.667241e-02	-7.951848e+00
4.019000e-05	-9.409663e-02	-8.211870e+00
4.020000e-05	9.357002e-02	-8.339314e+00
4.021000e-05	-6.360167e-02	-8.506233e+00
4.022000e-05	4.111167e-03	-8.729261e+00
4.023000e-05	-3.541205e-02	-8.865528e+00
4.024000e-05	-8.092462e-03	-9.034003e+00
4.025000e-05	3.568876e-02	-9.169866e+00
4.026000e-05	-6.602915e-02	-9.318708e+00
4.027000e-05	2.340496e-02	-9.508659e+00
4.028000e-05	-4.092578e-02	-9.635050e+00
4.029000e-05	3.193880e-02	-9.801872e+00
4.030000e-05	-4.522931e-02	-9.908769e+00
4.031000e-05	-1.578535e-02	-1.005715e+01
4.032000e-05	-6.341584e-03	-1.023350e+01
4.033000e-05	-2.627025e-03	-1.041182e+01
4.034000e-05	-5.555648e-03	-1.052779e+01
4.035000e-05	-4.191622e-02	-1.065302e+01
4.036000e-05	6.720067e-03	-1.072929e+01
4.037000e-05	-1.926429e-02	-1.084550e+01
4.038000e-05	-1.389107e-03	-1.096989e+01
4.039000e-05	-4.269879e-02	-1.104396e+01
4.040000e-05	-1.210074e-03	-1.118252e+01
4.041000e-05	-1.063664e-02	-1.128971e+01
4.042000e-05	-8.106993e-03	-1.139600e+01
4.043000e-05	-2.844806e-02	-1.149816e+01
4.044000e-05	-2.029424e-02	-1.158347e+01
4.045000e-05	-2.404984e-03	-1.170029e+01
4.046000e-05	-2.046072e-02	-1.183234e+01
4.047000e-05	-1.777474e-02	-1.190626e+01
4.048000e-05	-2.567789e-02	-1.199237e+01
4.049000e-05	-1.202593e-03	-1.207506e+01
4.050000e-05	-1.997121e-02	-1.210926e+01
4.051000e-05	-2.123271e-02	-1.216092e+01
4.052000e-05	-2.673568e-02	-1.221255e+01
4.053000e-05	-1.221367e-02	-1.227561e+01
4.054000e-05	-1.421515e-02	-1.231821e+01
4.055000e-05	-2.440979e-02	-1.233987e+01
4.056000e-05	-2.056320e-02	-1.239392e+01
4.057000e-05	-1.786564e-02	-1.241450e+01
4.058000e-05	-1.358930e-02	-1.244706e+01
4.059000e-05	-2.703700e-02	-1.247718e+01
4.060000e-05	-2.590441e-02	-1.248916e+01
4.061000e-05	-1.886981e-02	-1.258026e+01
4.062000e-05	-1.764198e-02	-1.254189e+01
4.063000e-05	-2.449454e-02	-1.257034e+01
4.064000e-05	-2.805606e-02	-1.256289e+01
4.065000e-05	-2.331853e-02	-1.257086e+01
4.066000e-05	-2.055754e-02	-1.254182e+01
4.067000e-05	-2.654788e-02	-1.254132e+01
4.068000e-05	-2.906003e-02	-1.250131e+01
4.069000e-05	-2.692532e-02	-1.250818e+01
4.070000e-05	-2.315654e-02	-1.248713e+01
4.071000e-05	-2.955364e-02	-1.246661e+01
4.072000e-05	-3.352609e-02	-1.238407e+01
4.073000e-05	-3.077742e-02	-1.237192e+01
4.074000e-05	-2.798553e-02	-1.235032e+01
4.075000e-05	-2.979008e-02	-1.231818e+01
4.076000e-05	-3.541034e-02	-1.226510e+01
4.077000e-05	-3.424754e-02	-1.219190e+01
4.078000e-05	-3.169994e-02	-1.213929e+01
4.079000e-05	-3.446504e-02	-1.209668e+01
4.080000e-05	-3.931030e-02	-1.201258e+01
4.081000e-05	-3.952312e-02	-1.194832e+01
4.082000e-05	-3.735190e-02	-1.190663e+01
4.083000e-05	-3.907554e-02	-1.180039e+01
4.084000e-05	-4.279982e-02	-1.167765e+01
4.085000e-05	-4.449555e-02	-1.154235e+01
4.086000e-05	-4.270335e-02	-1.148668e+01
4.087000e-05	-4.393054e-02	-1.134889e+01
4.088000e-05	-4.766560e-02	-1.126700e+01
4.089000e-05	-4.882703e-02	-1.110829e+01
4.090000e-05	-4.693797e-02	-1.101295e+01
4.091000e-05	-4.758421e-02	-1.090721e+01
4.092000e-05	-4.941978e-02	-1.078148e+01
4.093000e-05	-5.068213e-02	-1.072721e+01
4.094000e-05	-4.813528e-02	-1.063145e+01
4.095000e-05	-4.618662e-02	-1.045566e+01
4.096000e-05	-4.634700e-02	-1.033779e+01
4.097000e-05	-4.632384e-02	-1.018134e+01
4.098000e-05	-4.466123e-02	-1.002413e+01
4.099000e-05	-4.332819e-02	-9.915764e+00
4.100000e-05	-4.256370e-02	-9.778346e+00
4.101000e-05	-4.198245e-02	-9.622053e+00
4.102000e-05	-3.976706e-02	-9.464629e+00
4.103000e-05	-3.701945e-02	-9.306789e+00
4.104000e-05	-3.601058e-02	-9.177818e+00
4.105000e-05	-3.518921e-02	-8.990945e+00
4.106000e-05	-3.333972e-02	-8.831106e+00
4.107000e-05	-3.106146e-02	-8.694081e+00
4.108000e-05	-3.010023e-02	-8.485187e+00
4.109000e-05	-3.038343e-02	-8.327264e+00
4.110000e-05	-2.738103e-02	-8.179870e+00
4.111000e-05	-2.629576e-02	-8.000946e+00
4.112000e-05	-2.487076e-02	-7.750896e+00
4.113000e-05	-2.473403e-02	-7.559375e+00
4.114000e-05	-2.231522e-02	-7.390347e+00
4.115000e-05	-2.191717e-02	-7.192047e+00
4.116000e-05	-2.064483e-02	-6.981944e+00
4.117000e-05	-2.031820e-02	-6.779424e+00
4.118000e-05	-1.864526e-02	-6.590425e+00
4.119000e-05	-1.764720e-02	-6.429925e+00
4.120000e-05	-1.769489e-02	-6.210448e+00
4.121000e-05	-1.715021e-02	-5.998870e+00
4.122000e-05	-1.634468e-02	-5.779896e+00
4.123000e-05	-1.385810e-02	-5.608921e+00
4.124000e-05	-1.377307e-02	-5.348211e+00
4.125000e-05	-1.257577e-02	-5.095235e+00
4.126000e-05	-1.180535e-02	-4.861628e+00
4.127000e-05	-1.232809e-02	-4.609974e+00
4.128000e-05	-1.244286e-02	-4.429552e+00
4.129000e-05	-1.092251e-02	-4.241134e+00
4.130000e-05	-1.018693e-02	-4.011153e+00
4.131000e-05	-9.213764e-03	-3.839977e+00
4.132000e-05	-1.000329e-02	-3.588472e+00
4.133000e-05	-9.805419e-03	-3.346916e+00
4.134000e-05	-9.414257e-03	-3.166895e+00
4.135000e-05	-8.231352e-03	-2.865133e+00
4.136000e-05	-6.834972e-03	-2.684082e+00
4.137000e-05	-6.336472e-03	-2.431557e+00
4.138000e-05	-6.145758e-03	-2.220552e+00
4.139000e-05	-5.946343e-03	-1.966922e+00
4.140000e-05	-7.549877e-03	-1.769419e+00
4.141000e-05	-7.673158e-03	-1.536369e+00
4.142000e-05	-6.605407e-03	-1.223083e+00
4.143000e-05	-5.529898e-03	-1.021953e+00
4.144000e-05	-4.409939e-03	-8.109749e-01
4.145000e-05	-3.786685e-03	-5.453659e-01
4.146000e-05	-2.794205e-03	-3.157658e-01
4.147000e-05	-1.717120e-03	-1.043108e-01
4.148000e-05	4.790466e-03	8.836092e-02
4.149000e-05	1.458013e-04	3.994449e-01
4.150000e-05	1.484787e-05	5.694710e-01
4.151000e-05	-1.240722e-03	7.899224e-01
4.152000e-05	2.224585e-04	1.002469e+00
4.153000e-05	1.463116e-03	1.244132e+00
4.154000e-05	2.698281e-03	1.445188e+00
4.155000e-05	2.091469e-02	1.758866e+00
4.156000e-05	6.891462e-02	1.939847e+00
4.157000e-05	1.529016e-02	2.231548e+00
4.158000e-05	-6.068820e-02	2.442162e+00
4.159000e-05	-4.190950e-02	2.738891e+00
4.160000e-05	-2.230887e-02	2.876263e+00
4.161000e-05	-4.660998e-02	3.053609e+00
4.162000e-05	6.615575e-02	3.200978e+00
4.163000e-05	2.817015e-02	3.477237e+00
4.164000e-05	-9.368287e-02	3.695158e+00
4.165000e-05	1.578192e-01	3.834583e+00
4.166000e-05	-4.522686e-02	4.149317e+00
4.167000e-05	-1.130856e-02	4.338396e+00
4.168000e-05	1.953724e-02	4.571494e+00
4.169000e-05	-7.696213e-02	4.811422e+00
4.170000e-05	7.992094e-02	5.033579e+00
4.171000e-05	-2.132279e-03	5.277639e+00
4.172000e-05	-9.148858e-03	5.517366e+00
4.173000e-05	1.828809e-02	5.738862e+00
4.174000e-05	-1.641398e-02	5.961895e+00
4.175000e-05	2.576339e-02	6.149391e+00
4.176000e-05	-2.046940e-02	6.339819e+00
4.177000e-05	7.826147e-03	6.520270e+00
4.178000e-05	1.070389e-02	6.791847e+00
4.179000e-05	1.150041e-02	6.981471e+00
4.180000e-05	3.824698e-02	7.159368e+00
4.181000e-05	-5.163591e-02	7.349339e+00
4.182000e-05	2.494143e-02	7.560941e+00
4.183000e-05	1.062183e-02	7.772899e+00
4.184000e-05	5.664707e-03	7.991973e+00
4.185000e-05	1.070791e-02	8.151476e+00
4.186000e-05	-6.211521e-03	8.349294e+00
4.187000e-05	3.094745e-02	8.488209e+00
4.188000e-05	-8.399859e-03	8.645101e+00
4.189000e-05	1.016059e-02	8.802422e+00
4.190000e-05	-9.486448e-03	8.993497e+00
4.191000e-05	1.481474e-02	9.129895e+00
4.192000e-05	1.886454e-02	9.339813e+00
4.193000e-05	-1.865626e-04	9.477206e+00
4.194000e-05	1.112980e-02	9.622972e+00
4.195000e-05	2.150370e-03	9.793494e+00
4.196000e-05	1.830544e-02	9.949416e+00
4.197000e-05	-1.765475e-03	1.004826e+01
4.198000e-05	6.269192e-03	1.020152e+01
4.199000e-05	9.164070e-03	1.031884e+01
4.200000e-05	1.557208e-02	1.044515e+01
4.201000e-05	1.087713e-02	1.058297e+01
4.202000e-05	3.213045e-03	1.076077e+01
4.203000e-05	1.086670e-02	1.086512e+01
4.204000e-05	9.433667e-03	1.094985e+01
4.205000e-05	1.114260e-02	1.106611e+01
4.206000e-05	3.960440e-03	1.118135e+01
4.207000e-05	1.254825e-02	1.125660e+01
4.208000e-05	1.399767e-02	1.140244e+01
4.209000e-05	1.257710e-02	1.149918e+01
4.210000e-05	7.457587e-03	1.159307e+01
4.211000e-05	8.140919e-03	1.170621e+01
4.212000e-05	1.470800e-02	1.179097e+01
4.213000e-05	1.097766e-02	1.186502e+01
4.214000e-05	1.008891e-02	1.189878e+01
4.215000e-05	1.145725e-02	1.198192e+01
4.216000e-05	1.627742e-02	1.208563e+01
4.217000e-05	1.313409e-02	1.216986e+01
4.218000e-05	9.516185e-03	1.219395e+01
4.219000e-05	1.128227e-02	1.223560e+01
4.220000e-05	1.472818e-02	1.229766e+01
4.221000e-05	1.637772e-02	1.232876e+01
4.222000e-05	1.171445e-02	1.234042e+01
4.223000e-05	1.347490e-02	1.240410e+01
4.224000e-05	1.469438e-02	1.240400e+01
4.225000e-05	1.853370e-02	1.248611e+01
4.226000e-05	1.355719e-02	1.245729e+01
4.227000e-05	1.444217e-02	1.247831e+01
4.228000e-05	1.863821e-02	1.252984e+01
4.229000e-05	1.885693e-02	1.251869e+01
4.230000e-05	1.728724e-02	1.247979e+01
4.231000e-05	1.447551e-02	1.250789e+01
4.232000e-05	1.934598e-02	1.250976e+01
4.233000e-05	2.026111e-02	1.248924e+01
4.234000e-05	2.045546e-02	1.249933e+01
4.235000e-05	1.975442e-02	1.245668e+01
4.236000e-05	2.239885e-02	1.245618e+01
4.237000e-05	2.445787e-02	1.242406e+01
4.238000e-05	2.285254e-02	1.240257e+01
4.239000e-05	2.260007e-02	1.234187e+01
4.240000e-05	2.422070e-02	1.234821e+01
4.241000e-05	2.758539e-02	1.228816e+01
4.242000e-05	2.581872e-02	1.223405e+01
4.243000e-05	2.569584e-02	1.218137e+01
4.244000e-05	2.771178e-02	1.208724e+01
4.245000e-05	2.991969e-02	1.199315e+01
4.246000e-05	3.072822e-02	1.198042e+01
4.247000e-05	3.060166e-02	1.189819e+01
4.248000e-05	3.263352e-02	1.184510e+01
4.249000e-05	3.543475e-02	1.174887e+01
4.250000e-05	3.606110e-02	1.162713e+01
4.251000e-05	3.609332e-02	1.157087e+01
4.252000e-05	3.619656e-02	1.145505e+01
4.253000e-05	3.845331e-02	1.133979e+01
4.254000e-05	4.078814e-02	1.123395e+01
4.255000e-05	3.864327e-02	1.109832e+01
4.256000e-05	4.136248e-02	1.103310e+01
4.257000e-05	4.230214e-02	1.091727e+01
4.258000e-05	4.327188e-02	1.081408e+01
4.259000e-05	4.089633e-02	1.071724e+01
4.260000e-05	4.126950e-02	1.055997e+01
4.261000e-05	4.051912e-02	1.040408e+01
4.262000e-05	4.077039e-02	1.027616e+01
4.263000e-05	3.732800e-02	1.016044e+01
4.264000e-05	3.720968e-02	1.003308e+01
4.265000e-05	3.661411e-02	9.907137e+00
4.266000e-05	3.581457e-02	9.728238e+00
4.267000e-05	3.339205e-02	9.558423e+00
4.268000e-05	3.140043e-02	9.411549e+00
4.269000e-05	2.988663e-02	9.285161e+00
4.270000e-05	2.856176e-02	9.136840e+00
4.271000e-05	2.666216e-02	8.958946e+00
4.272000e-05	2.470308e-02	8.769924e+00
4.273000e-05	2.411312e-02	8.621630e+00
4.274000e-05	2.310644e-02	8.444610e+00
4.275000e-05	2.091727e-02	8.305836e+00
4.276000e-05	1.932480e-02	8.137866e+00
4.277000e-05	1.871377e-02	7.916744e+00
4.278000e-05	1.799260e-02	7.737366e+00
4.279000e-05	1.719166e-02	7.548798e+00
4.280000e-05	1.344217e-02	7.357864e+00
4.281000e-05	1.335109e-02	7.147467e+00
4.282000e-05	1.206422e-02	6.939345e+00
4.283000e-05	1.185904e-02	6.757901e+00
4.284000e-05	1.048919e-02	6.558866e+00
4.285000e-05	9.106793e-03	6.336841e+00
4.286000e-05	9.427523e-03	6.158898e+00
4.287000e-05	7.875568e-03	5.988948e+00
4.288000e-05	7.072123e-03	5.758895e+00
4.289000e-05	5.258006e-03	5.538390e+00
4.290000e-05	5.834789e-03	5.337291e+00
4.291000e-05	4.826112e-03	5.094790e+00
4.292000e-05	3.920272e-03	4.801579e+00
4.293000e-05	2.894270e-03	4.600004e+00
4.294000e-05	3.044870e-03	4.412055e+00
4.295000e-05	2.610925e-03	4.108976e+00
4.296000e-05	2.722906e-03	3.916916e+00
4.297000e-05	9.600141e-04	3.735320e+00
4.298000e-05	1.165388e-03	3.555342e+00
4.299000e-05	1.270060e-03	3.273135e+00
4.300000e-05	4.632739e-04	3.104186e+00
4.301000e-05	-1.137688e-03	2.842282e+00
4.302000e-05	-1.427670e-03	2.589054e+00
4.303000e-05	-8.787617e-04	2.367975e+00
4.304000e-05	-2.170597e-03	2.166442e+00
4.305000e-05	-2.359319e-03	1.947445e+00
4.306000e-05	-2.102614e-03	1.684815e+00
4.307000e-05	-1.641687e-03	1.462138e+00
4.308000e-05	-3.303379e-03	1.241733e+00
4.309000e-05	-3.964179e-03	8.959247e-01
4.310000e-05	-3.601324e-03	6.932895e-01
4.311000e-05	-2.384719e-03	4.927380e-01
4.312000e-05	-2.959042e-03	2.738055e-01
4.313000e-05	-3.529116e-03	-4.437470e-04
4.314000e-05	3.134937e-03	-2.104435e-01
4.315000e-05	1.476865e-06	-4.004449e-01
4.316000e-05	-2.329875e-03	-6.350238e-01
4.317000e-05	-4.226237e-03	-8.535728e-01
4.318000e-05	-3.411076e-03	-1.032580e+00
4.319000e-05	-2.804668e-03	-1.242580e+00
4.320000e-05	6.122144e-04	-1.486743e+00
4.321000e-05	5.090725e-02	-1.695760e+00
4.322000e-05	6.449780e-02	-1.897285e+00
4.323000e-05	-7.267414e-02	-2.247129e+00
4.324000e-05	-4.254450e-02	-2.579819e+00
4.325000e-05	-5.763152e-02	-2.779894e+00
4.326000e-05	-6.462310e-02	-2.948395e+00
4.327000e-05	1.339231e-01	-3.159214e+00
4.328000e-05	-3.341521e-02	-3.316213e+00
4.329000e-05	-1.103765e-01	-3.549291e+00
4.330000e-05	1.899316e-01	-3.686133e+00
4.331000e-05	-1.206855e-01	-3.960319e+00
4.332000e-05	4.989182e-02	-4.201950e+00
4.333000e-05	-1.597313e-02	-4.370870e+00
4.334000e-05	-1.566222e-01	-4.635475e+00
4.335000e-05	1.640133e-01	-4.831048e+00
4.336000e-05	-5.835588e-02	-5.015602e+00
4.337000e-05	3.037771e-03	-5.320210e+00
4.338000e-05	3.016484e-02	-5.550341e+00
4.339000e-05	-1.077433e-01	-5.780896e+00
4.340000e-05	1.240226e-01	-5.940396e+00
4.341000e-05	-1.062341e-01	-6.191893e+00
4.342000e-05	-1.100215e-02	-6.411949e+00
4.343000e-05	3.864805e-02	-6.590369e+00
4.344000e-05	-3.852026e-02	-6.821971e+00
4.345000e-05	9.481406e-02	-6.992447e+00
4.346000e-05	-1.636550e-01	-7.192503e+00
4.347000e-05	7.790283e-02	-7.411995e+00
4.348000e-05	-2.412685e-02	-7.573893e+00
4.349000e-05	-1.369452e-02	-7.835581e+00
4.350000e-05	1.767593e-02	-7.983475e+00
4.351000e-05	-7.821916e-02	-8.221872e+00
4.352000e-05	9.267305e-02	-8.349792e+00
4.353000e-05	-7.738186e-02	-8.537758e+00
4.354000e-05	1.665104e-02	-8.708711e+00
4.355000e-05	-5.004127e-02	-8.877656e+00
4.356000e-05	1.251761e-02	-9.065078e+00
4.357000e-05	1.998780e-02	-9.181820e+00
4.358000e-05	-5.490248e-02	-9.400915e+00
4.359000e-05	1.906933e-02	-9.540259e+00
4.360000e-05	-3.938408e-02	-9.697131e+00
4.361000e-05	3.236853e-02	-9.813073e+00
4.362000e-05	-5.358782e-02	-9.929839e+00
4.363000e-05	-7.859117e-03	-1.010775e+01
4.364000e-05	-1.172032e-02	-1.022605e+01
4.365000e-05	3.857520e-03	-1.037442e+01
4.366000e-05	-1.404973e-02	-1.050771e+01
4.367000e-05	-3.515538e-02	-1.063555e+01
4.368000e-05	4.966060e-03	-1.073981e+01
4.369000e-05	-1.707731e-02	-1.085513e+01
4.370000e-05	-4.261368e-03	-1.096295e+01
4.371000e-05	-4.249028e-02	-1.109605e+01
4.372000e-05	1.842783e-03	-1.124444e+01
4.373000e-05	-1.245348e-02	-1.129916e+01
4.374000e-05	-7.439441e-03	-1.145347e+01
4.375000e-05	-3.133011e-02	-1.149914e+01
4.376000e-05	-1.405338e-02	-1.166447e+01
4.377000e-05	-3.999235e-03	-1.175073e+01
4.378000e-05	-2.021102e-02	-1.184350e+01
4.379000e-05	-2.070560e-02	-1.190916e+01
4.380000e-05	-2.366002e-02	-1.196337e+01
4.381000e-05	-2.383439e-03	-1.204463e+01
4.382000e-05	-2.076868e-02	-1.211874e+01
4.383000e-05	-2.149501e-02	-1.219290e+01
4.384000e-05	-2.452963e-02	-1.223400e+01
4.385000e-05	-9.732109e-03	-1.229766e+01
4.386000e-05	-1.514244e-02	-1.230829e+01
4.387000e-05	-2.655641e-02	-1.237139e+01
4.388000e-05	-2.291100e-02	-1.243337e+01
4.389000e-05	-1.682364e-02	-1.245455e+01
4.390000e-05	-1.420948e-02	-1.247653e+01
4.391000e-05	-2.642199e-02	-1.246718e+01
4.392000e-05	-2.542155e-02	-1.252924e+01
4.393000e-05	-1.714301e-02	-1.251236e+01
4.394000e-05	-1.672098e-02	-1.255031e+01
4.395000e-05	-2.677711e-02	-1.253284e+01
4.396000e-05	-3.071579e-02	-1.255129e+01
4.397000e-05	-2.354695e-02	-1.257182e+01
4.398000e-05	-1.975164e-02	-1.258982e+01
4.399000e-05	-2.653934e-02	-1.257886e+01
4.400000e-05	-3.007856e-02	-1.251976e+01
4.401000e-05	-2.543797e-02	-1.250824e+01
4.402000e-05	-2.321511e-02	-1.246968e+01
4.403000e-05	-3.074229e-02	-1.248615e+01
4.404000e-05	-3.538687e-02	-1.242450e+01
4.405000e-05	-3.043500e-02	-1.240139e+01
4.406000e-05	-2.823189e-02	-1.234981e+01
4.407000e-05	-3.004254e-02	-1.230469e+01
4.408000e-05	-3.517852e-02	-1.225615e+01
4.409000e-05	-3.281835e-02	-1.220187e+01
4.410000e-05	-3.223390e-02	-1.215931e+01
4.411000e-05	-3.522391e-02	-1.208566e+01
4.412000e-05	-3.975781e-02	-1.201303e+01
4.413000e-05	-4.078102e-02	-1.194984e+01
4.414000e-05	-3.703507e-02	-1.189508e+01
4.415000e-05	-3.990743e-02	-1.176889e+01
4.416000e-05	-4.200388e-02	-1.167760e+01
4.417000e-05	-4.400364e-02	-1.156034e+01
4.418000e-05	-4.144905e-02	-1.143568e+01
4.419000e-05	-4.545040e-02	-1.133877e+01
4.420000e-05	-4.890877e-02	-1.123500e+01
4.421000e-05	-5.094898e-02	-1.111766e+01
4.422000e-05	-4.807468e-02	-1.099248e+01
4.423000e-05	-4.643974e-02	-1.091571e+01
4.424000e-05	-4.767013e-02	-1.080197e+01
4.425000e-05	-4.919146e-02	-1.070471e+01
4.426000e-05	-4.667285e-02	-1.057937e+01
4.427000e-05	-4.669324e-02	-1.044516e+01
4.428000e-05	-4.897024e-02	-1.031667e+01
4.429000e-05	-4.791776e-02	-1.016039e+01
4.430000e-05	-4.574967e-02	-9.993978e+00
4.431000e-05	-4.051556e-02	-9.885735e+00
4.432000e-05	-4.199059e-02	-9.768268e+00
4.433000e-05	-4.071669e-02	-9.602525e+00
4.434000e-05	-3.972905e-02	-9.461130e+00
4.435000e-05	-3.733852e-02	-9.248687e+00
4.436000e-05	-3.804845e-02	-9.148342e+00
4.437000e-05	-3.722708e-02	-8.990372e+00
4.438000e-05	-3.483127e-02	-8.822477e+00
4.439000e-05	-3.010839e-02	-8.634031e+00
4.440000e-05	-2.784874e-02	-8.444082e+00
4.441000e-05	-2.818037e-02	-8.315287e+00
4.442000e-05	-2.601425e-02	-8.128790e+00
4.443000e-05	-2.692304e-02	-7.970344e+00
4.444000e-05	-2.479182e-02	-7.757844e+00
4.445000e-05	-2.648400e-02	-7.539290e+00
4.446000e-05	-2.438275e-02	-7.358924e+00
4.447000e-05	-2.228553e-02	-7.189865e+00
4.448000e-05	-1.901281e-02	-6.967917e+00
4.449000e-05	-1.810496e-02	-6.757891e+00
4.450000e-05	-1.791175e-02	-6.569420e+00
4.451000e-05	-1.699500e-02	-6.399420e+00
4.452000e-05	-1.637204e-02	-6.119394e+00
4.453000e-05	-1.752406e-02	-5.989319e+00
4.454000e-05	-1.819641e-02	-5.737340e+00
4.455000e-05	-1.440658e-02	-5.568916e+00
4.456000e-05	-1.404730e-02	-5.326292e+00
4.457000e-05	-1.068797e-02	-5.072682e+00
4.458000e-05	-1.190002e-02	-4.830598e+00
4.459000e-05	-1.123600e-02	-4.590992e+00
4.460000e-05	-1.223620e-02	-4.411028e+00
4.461000e-05	-1.026682e-02	-4.200522e+00
4.462000e-05	-1.210010e-02	-4.030500e+00
4.463000e-05	-1.036999e-02	-3.768948e+00
4.464000e-05	-9.213502e-03	-3.559394e+00
4.465000e-05	-7.874532e-03	-3.345345e+00
4.466000e-05	-9.851316e-03	-3.155287e+00
4.467000e-05	-8.756038e-03	-2.842136e+00
4.468000e-05	-7.097409e-03	-2.652082e+00
4.469000e-05	-6.545340e-03	-2.432604e+00
4.470000e-05	-7.399941e-03	-2.168973e+00
4.471000e-05	-7.520786e-03	-1.956966e+00
4.472000e-05	-6.447094e-03	-1.716321e+00
4.473000e-05	-6.467104e-03	-1.494338e+00
4.474000e-05	-5.735972e-03	-1.239556e+00
4.475000e-05	-5.794775e-03	-9.769739e-01
4.476000e-05	-4.520714e-03	-7.684237e-01
4.477000e-05	-3.563339e-03	-4.932408e-01
4.478000e-05	-2.654762e-03	-3.047106e-01
4.479000e-05	-2.583618e-03	-9.418427e-02
4.480000e-05	5.012162e-03	1.077645e-01
4.481000e-05	-1.100509e-03	4.000262e-01
4.482000e-05	2.603059e-03	6.009750e-01
4.483000e-05	-1.568685e-03	7.799461e-01
4.484000e-05	1.315383e-03	1.001979e+00
4.485000e-05	1.095348e-03	1.254659e+00
4.486000e-05	3.062847e-03	1.435214e+00
4.487000e-05	2.317451e-02	1.767920e+00
4.488000e-05	7.121481e-02	1.960896e+00
4.489000e-05	1.050319e-03	2.223578e+00
4.490000e-05	-5.659465e-02	2.475163e+00
4.491000e-05	-4.284476e-02	2.749925e+00
4.492000e-05	-2.224148e-02	2.948793e+00
4.493000e-05	-4.461088e-02	3.046706e+00
4.494000e-05	8.378093e-02	3.232030e+00
4.495000e-05	-2.308461e-03	3.478239e+00
4.496000e-05	-6.820468e-02	3.685214e+00
4.497000e-05	1.540909e-01	3.875683e+00
4.498000e-05	-6.064971e-02	4.129844e+00
4.499000e-05	5.821768e-03	4.330919e+00
4.500000e-05	-3.155657e-04	4.622522e+00
4.501000e-05	-6.121420e-02	4.831999e+00
4.502000e-05	8.267914e-02	5.066711e+00
4.503000e-05	-9.906246e-03	5.350770e+00
4.504000e-05	-3.425323e-03	5.540821e+00
4.505000e-05	1.442669e-02	5.739895e+00
4.506000e-05	-1.624612e-02	5.960472e+00
4.507000e-05	2.696555e-02	6.190894e+00
4.508000e-05	-2.608620e-02	6.360421e+00
4.509000e-05	1.485956e-02	6.561498e+00
4.510000e-05	5.350966e-03	6.792426e+00
4.511000e-05	2.096739e-02	6.992497e+00
4.512000e-05	2.897100e-02	7.149949e+00
4.513000e-05	-5.058741e-02	7.350290e+00
4.514000e-05	3.096814e-02	7.562400e+00
4.515000e-05	2.273196e-03	7.793024e+00
4.516000e-05	1.081641e-02	8.034056e+00
4.517000e-05	4.995517e-03	8.193027e+00
4.518000e-05	3.788623e-05	8.351373e+00
4.519000e-05	2.621330e-02	8.527789e+00
4.520000e-05	-6.662475e-03	8.663635e+00
4.521000e-05	1.043606e-02	8.814077e+00
4.522000e-05	-9.858238e-03	9.022545e+00
4.523000e-05	1.827419e-02	9.181920e+00
4.524000e-05	1.596913e-02	9.359868e+00
4.525000e-05	1.730502e-03	9.486182e+00
4.526000e-05	8.826387e-03	9.604528e+00
4.527000e-05	4.946149e-03	9.813522e+00
4.528000e-05	1.716364e-02	9.932324e+00
4.529000e-05	-9.850052e-04	1.005723e+01
4.530000e-05	6.446089e-03	1.024402e+01
4.531000e-05	9.441343e-03	1.032932e+01
4.532000e-05	1.525897e-02	1.044663e+01
4.533000e-05	1.043470e-02	1.058455e+01
4.534000e-05	3.746323e-03	1.074142e+01
4.535000e-05	1.051035e-02	1.082665e+01
4.536000e-05	9.923679e-03	1.095042e+01
4.537000e-05	1.064166e-02	1.105563e+01
4.538000e-05	4.277152e-03	1.114134e+01
4.539000e-05	1.139928e-02	1.126815e+01
4.540000e-05	1.466834e-02	1.134247e+01
4.541000e-05	1.251794e-02	1.146974e+01
4.542000e-05	7.070510e-03	1.162399e+01
4.543000e-05	8.812590e-03	1.170926e+01
4.544000e-05	1.412383e-02	1.180297e+01
4.545000e-05	1.071863e-02	1.187463e+01
4.546000e-05	9.490842e-03	1.189977e+01
4.547000e-05	1.045406e-02	1.198342e+01
4.548000e-05	1.596713e-02	1.206565e+01
4.549000e-05	1.345683e-02	1.208929e+01
4.550000e-05	1.019769e-02	1.220250e+01
4.551000e-05	1.189914e-02	1.223658e+01
4.552000e-05	1.544525e-02	1.230767e+01
4.553000e-05	1.609590e-02	1.238982e+01
4.554000e-05	1.146142e-02	1.240192e+01
4.555000e-05	1.369020e-02	1.245358e+01
4.556000e-05	1.401325e-02	1.245605e+01
4.557000e-05	1.780302e-02	1.247516e+01
4.558000e-05	1.429049e-02	1.248578e+01
4.559000e-05	1.418057e-02	1.248819e+01
4.560000e-05	1.983488e-02	1.252789e+01
4.561000e-05	1.924903e-02	1.252926e+01
4.562000e-05	1.882727e-02	1.253974e+01
4.563000e-05	1.443188e-02	1.251884e+01
4.564000e-05	2.031454e-02	1.256874e+01
4.565000e-05	1.887902e-02	1.248929e+01
4.566000e-05	2.123519e-02	1.253771e+01
4.567000e-05	1.925851e-02	1.249626e+01
4.568000e-05	2.251912e-02	1.245768e+01
4.569000e-05	2.329290e-02	1.242413e+01
4.570000e-05	2.463228e-02	1.244347e+01
4.571000e-05	2.373687e-02	1.236040e+01
4.572000e-05	2.492462e-02	1.227879e+01
4.573000e-05	2.600017e-02	1.229718e+01
4.574000e-05	2.551588e-02	1.222450e+01
4.575000e-05	2.633056e-02	1.214134e+01
4.576000e-05	2.753842e-02	1.204823e+01
4.577000e-05	2.880606e-02	1.200355e+01
4.578000e-05	3.002857e-02	1.192942e+01
4.579000e-05	3.292041e-02	1.187924e+01
4.580000e-05	3.324957e-02	1.181152e+01
4.581000e-05	3.511779e-02	1.172926e+01
4.582000e-05	3.440290e-02	1.163658e+01
4.583000e-05	3.708543e-02	1.154977e+01
4.584000e-05	3.707338e-02	1.143553e+01
4.585000e-05	3.802706e-02	1.132837e+01
4.586000e-05	3.973625e-02	1.118358e+01
4.587000e-05	4.152586e-02	1.112779e+01
4.588000e-05	4.234454e-02	1.100255e+01
4.589000e-05	4.161325e-02	1.090824e+01
4.590000e-05	4.178484e-02	1.080055e+01
4.591000e-05	4.276797e-02	1.071671e+01
4.592000e-05	4.221946e-02	1.053032e+01
4.593000e-05	3.988746e-02	1.041358e+01
4.594000e-05	3.926689e-02	1.030574e+01
4.595000e-05	3.816476e-02	1.015984e+01
4.596000e-05	3.745346e-02	9.993030e+00
4.597000e-05	3.517916e-02	9.886212e+00
4.598000e-05	3.425319e-02	9.687693e+00
4.599000e-05	3.291754e-02	9.507869e+00
4.600000e-05	3.206524e-02	9.383023e+00
4.601000e-05	2.888069e-02	9.224611e+00
4.602000e-05	2.728241e-02	9.137316e+00
4.603000e-05	2.649211e-02	8.929841e+00
4.604000e-05	2.560745e-02	8.779870e+00
4.605000e-05	2.345513e-02	8.581998e+00
4.606000e-05	2.206801e-02	8.442633e+00
4.607000e-05	2.155723e-02	8.316285e+00
4.608000e-05	2.027129e-02	8.086211e+00
4.609000e-05	1.832970e-02	7.876787e+00
4.610000e-05	1.666925e-02	7.748320e+00
4.611000e-05	1.608150e-02	7.537315e+00
4.612000e-05	1.434665e-02	7.298241e+00
4.613000e-05	1.406502e-02	7.116785e+00
4.614000e-05	1.224096e-02	6.947292e+00
4.615000e-05	1.179439e-02	6.758868e+00
4.616000e-05	1.101216e-02	6.517793e+00
4.617000e-05	9.574438e-03	6.315842e+00
4.618000e-05	8.678182e-03	6.126893e+00
4.619000e-05	6.826402e-03	5.957398e+00
4.620000e-05	6.501631e-03	5.727740e+00
4.621000e-05	5.930714e-03	5.526312e+00
4.622000e-05	5.290614e-03	5.295289e+00
4.623000e-05	4.910884e-03	5.053231e+00
4.624000e-05	4.189530e-03	4.800450e+00
4.625000e-05	4.379863e-03	4.617949e+00
4.626000e-05	3.087566e-03	4.390027e+00
4.627000e-05	1.834843e-03	4.146996e+00
4.628000e-05	1.587575e-03	3.905315e+00
4.629000e-05	1.243635e-03	3.714844e+00
4.630000e-05	1.143677e-03	3.495811e+00
4.631000e-05	2.161243e-04	3.231158e+00
4.632000e-05	3.637781e-04	3.032529e+00
4.633000e-05	-4.701498e-04	2.820083e+00
4.634000e-05	-7.251594e-04	2.599076e+00
4.635000e-05	-1.335800e-03	2.346790e+00
4.636000e-05	-1.966696e-03	2.134345e+00
4.637000e-05	-2.404449e-03	1.927895e+00
4.638000e-05	-2.791752e-03	1.713211e+00
4.639000e-05	-2.732988e-03	1.471636e+00
4.640000e-05	-2.485190e-03	1.179603e+00
4.641000e-05	-2.923533e-03	9.262934e-01
4.642000e-05	-3.307978e-03	7.042143e-01
4.643000e-05	-3.574769e-03	4.637105e-01
4.644000e-05	-3.296136e-03	2.911292e-01
4.645000e-05	-3.657640e-03	8.021309e-03
4.646000e-05	4.691502e-03	-1.915001e-01
4.647000e-05	-1.271146e-03	-4.025224e-01
4.648000e-05	-1.732624e-03	-6.651066e-01
4.649000e-05	-5.668605e-03	-8.646556e-01
4.650000e-05	-2.947285e-03	-1.084105e+00
4.651000e-05	-3.203152e-03	-1.316133e+00
4.652000e-05	2.605981e-03	-1.538839e+00
4.653000e-05	5.968668e-02	-1.707290e+00
4.654000e-05	4.917487e-02	-1.979315e+00
4.655000e-05	-7.166956e-02	-2.287632e+00
4.656000e-05	-4.297949e-02	-2.602850e+00
4.657000e-05	-5.969644e-02	-2.800950e+00
4.658000e-05	-5.595617e-02	-2.991391e+00
4.659000e-05	1.470141e-01	-3.127768e+00
4.660000e-05	-7.583718e-02	-3.328788e+00
4.661000e-05	-6.527131e-02	-3.598891e+00
4.662000e-05	1.731030e-01	-3.705236e+00
4.663000e-05	-1.352941e-01	-3.982871e+00
4.664000e-05	7.874265e-02	-4.243099e+00
4.665000e-05	-5.524277e-02	-4.372495e+00
4.666000e-05	-1.242174e-01	-4.695651e+00
4.667000e-05	1.644254e-01	-4.841602e+00
4.668000e-05	-8.240628e-02	-5.075183e+00
4.669000e-05	3.025992e-02	-5.340263e+00
4.670000e-05	3.378679e-03	-5.581847e+00
4.671000e-05	-8.852754e-02	-5.821424e+00
4.672000e-05	1.234314e-01	-5.980389e+00
4.673000e-05	-1.296234e-01	-6.173919e+00
4.674000e-05	2.289293e-02	-6.433022e+00
4.675000e-05	1.104740e-02	-6.540922e+00
4.676000e-05	-1.139748e-02	-6.883549e+00
4.677000e-05	7.133075e-02	-7.040467e+00
4.678000e-05	-1.602375e-01	-7.244529e+00
4.679000e-05	9.631249e-02	-7.404001e+00
4.680000e-05	-4.953037e-02	-7.604419e+00
4.681000e-05	1.071335e-02	-7.886626e+00
4.682000e-05	-6.005297e-03	-8.012478e+00
4.683000e-05	-5.629477e-02	-8.214502e+00
4.684000e-05	8.346123e-02	-8.359844e+00
4.685000e-05	-8.216256e-02	-8.538762e+00
4.686000e-05	2.507603e-02	-8.760742e+00
4.687000e-05	-6.097464e-02	-8.867661e+00
4.688000e-05	3.081866e-02	-9.066553e+00
4.689000e-05	7.537011e-04	-9.201449e+00
4.690000e-05	-4.276284e-02	-9.412389e+00
4.691000e-05	1.133910e-02	-9.538694e+00
4.692000e-05	-3.388845e-02	-9.697184e+00
4.693000e-05	2.982884e-02	-9.843501e+00
4.694000e-05	-5.681717e-02	-9.941315e+00
4.695000e-05	1.890685e-04	-1.011866e+01
4.696000e-05	-1.651065e-02	-1.023653e+01
4.697000e-05	9.053515e-03	-1.041398e+01
4.698000e-05	-2.296173e-02	-1.052926e+01
4.699000e-05	-2.831295e-02	-1.063708e+01
4.700000e-05	8.223542e-04	-1.073029e+01
4.701000e-05	-1.364606e-02	-1.088958e+01
4.702000e-05	-9.707943e-03	-1.099137e+01
4.703000e-05	-3.852599e-02	-1.108621e+01
4.704000e-05	4.468592e-03	-1.122452e+01
4.705000e-05	-1.447942e-02	-1.133027e+01
4.706000e-05	-7.234391e-03	-1.145292e+01
4.707000e-05	-3.430916e-02	-1.153824e+01
4.708000e-05	-1.028048e-02	-1.160547e+01
4.709000e-05	-8.296086e-03	-1.170929e+01
4.710000e-05	-1.801920e-02	-1.186697e+01
4.711000e-05	-2.325462e-02	-1.192066e+01
4.712000e-05	-2.042030e-02	-1.200339e+01
4.713000e-05	-2.828545e-03	-1.208511e+01
4.714000e-05	-2.183781e-02	-1.215929e+01
4.715000e-05	-2.242414e-02	-1.219340e+01
4.716000e-05	-2.518599e-02	-1.225360e+01
4.717000e-05	-8.747420e-03	-1.227666e+01
4.718000e-05	-1.789779e-02	-1.233924e+01
4.719000e-05	-2.498284e-02	-1.234037e+01
4.720000e-05	-2.275670e-02	-1.239395e+01
4.721000e-05	-1.574060e-02	-1.243613e+01
4.722000e-05	-1.584683e-02	-1.246708e+01
4.723000e-05	-2.757270e-02	-1.249868e+01
4.724000e-05	-2.509648e-02	-1.252816e+01
4.725000e-05	-1.646782e-02	-1.253187e+01
4.726000e-05	-1.840630e-02	-1.255031e+01
4.727000e-05	-2.713424e-02	-1.259087e+01
4.728000e-05	-2.897845e-02	-1.254992e+01
4.729000e-05	-2.270634e-02	-1.257187e+01
4.730000e-05	-2.170112e-02	-1.257184e+01
4.731000e-05	-2.860587e-02	-1.255079e+01
4.732000e-05	-2.917210e-02	-1.252182e+01
4.733000e-05	-2.519803e-02	-1.247871e+01
4.734000e-05	-2.260172e-02	-1.247768e+01
4.735000e-05	-3.219725e-02	-1.244461e+01
4.736000e-05	-3.397299e-02	-1.240400e+01
4.737000e-05	-2.938602e-02	-1.236139e+01
4.738000e-05	-2.689719e-02	-1.233936e+01
4.739000e-05	-3.228932e-02	-1.227716e+01
4.740000e-05	-3.712103e-02	-1.224408e+01
4.741000e-05	-3.310873e-02	-1.221143e+01
4.742000e-05	-3.222115e-02	-1.211129e+01
4.743000e-05	-3.525580e-02	-1.207668e+01
4.744000e-05	-4.074528e-02	-1.200207e+01
4.745000e-05	-3.668106e-02	-1.192827e+01
4.746000e-05	-3.541591e-02	-1.185453e+01
4.747000e-05	-3.953567e-02	-1.174031e+01
4.748000e-05	-4.603583e-02	-1.166500e+01
4.749000e-05	-4.588347e-02	-1.155829e+01
4.750000e-05	-4.253175e-02	-1.142416e+01
4.751000e-05	-4.393462e-02	-1.133027e+01
4.752000e-05	-4.649659e-02	-1.126197e+01
4.753000e-05	-4.700242e-02	-1.106769e+01
4.754000e-05	-4.555273e-02	-1.098043e+01
4.755000e-05	-4.737095e-02	-1.088524e+01
4.756000e-05	-5.089279e-02	-1.080037e+01
4.757000e-05	-5.156953e-02	-1.070613e+01
4.758000e-05	-4.772084e-02	-1.057040e+01
4.759000e-05	-4.650894e-02	-1.043458e+01
4.760000e-05	-4.646955e-02	-1.028776e+01
4.761000e-05	-4.542807e-02	-1.013884e+01
4.762000e-05	-4.301896e-02	-9.982002e+00
4.763000e-05	-4.242910e-02	-9.874782e+00
4.764000e-05	-4.347280e-02	-9.746792e+00
4.765000e-05	-4.255949e-02	-9.530449e+00
4.766000e-05	-3.910144e-02	-9.443555e+00
4.767000e-05	-3.622051e-02	-9.274679e+00
4.768000e-05	-3.612191e-02	-9.137265e+00
4.769000e-05	-3.481105e-02	-8.990894e+00
4.770000e-05	-3.249247e-02	-8.800422e+00
4.771000e-05	-3.046418e-02	-8.650971e+00
4.772000e-05	-3.129899e-02	-8.422532e+00
4.773000e-05	-3.030482e-02	-8.295210e+00
4.774000e-05	-2.710816e-02	-8.127715e+00
4.775000e-05	-2.556710e-02	-7.959264e+00
4.776000e-05	-2.418879e-02	-7.705814e+00
4.777000e-05	-2.368689e-02	-7.516814e+00
4.778000e-05	-2.271480e-02	-7.325841e+00
4.779000e-05	-2.079649e-02	-7.156840e+00
4.780000e-05	-2.172684e-02	-6.948864e+00
4.781000e-05	-2.087083e-02	-6.706367e+00
4.782000e-05	-1.970295e-02	-6.536919e+00
4.783000e-05	-1.577126e-02	-6.377995e+00
4.784000e-05	-1.745578e-02	-6.160294e+00
4.785000e-05	-1.653201e-02	-5.916816e+00
4.786000e-05	-1.629097e-02	-5.726291e+00
4.787000e-05	-1.228355e-02	-5.528319e+00
4.788000e-05	-1.630940e-02	-5.296186e+00
4.789000e-05	-1.289233e-02	-5.062553e+00
4.790000e-05	-1.372753e-02	-4.788899e+00
4.791000e-05	-1.073193e-02	-4.549919e+00
4.792000e-05	-1.250701e-02	-4.389924e+00
4.793000e-05	-1.032567e-02	-4.200448e+00
4.794000e-05	-9.899633e-03	-3.988451e+00
4.795000e-05	-8.952857e-03	-3.736868e+00
4.796000e-05	-9.923889e-03	-3.545866e+00
4.797000e-05	-1.055079e-02	-3.305313e+00
4.798000e-05	-9.564330e-03	-3.094834e+00
4.799000e-05	-7.858284e-03	-2.841555e+00
4.800000e-05	-7.461495e-03	-2.601978e+00
4.801000e-05	-6.526590e-03	-2.409979e+00
4.802000e-05	-6.120678e-03	-2.166342e+00
4.803000e-05	-5.263813e-03	-1.934790e+00
4.804000e-05	-6.244871e-03	-1.724816e+00
4.805000e-05	-7.427628e-03	-1.484233e+00
4.806000e-05	-6.096342e-03	-1.188504e+00
4.807000e-05	-6.043152e-03	-9.369674e-01
4.808000e-05	-3.915843e-03	-7.758711e-01
4.809000e-05	-4.592945e-03	-5.131630e-01
4.810000e-05	-2.253682e-03	-2.526291e-01
4.811000e-05	-5.031410e-04	-4.210802e-02
4.812000e-05	6.407830e-03	1.793223e-01
4.813000e-05	-2.346158e-03	4.115486e-01
4.814000e-05	1.800979e-03	6.130275e-01
4.815000e-05	-2.410747e-03	8.200725e-01
4.816000e-05	2.417066e-03	1.043605e+00
4.817000e-05	9.400031e-04	1.285287e+00
4.818000e-05	3.634220e-03	1.497868e+00
4.819000e-05	2.867869e-02	1.840421e+00
4.820000e-05	7.470148e-02	2.022496e+00
4.821000e-05	-1.539234e-02	2.295154e+00
4.822000e-05	-5.427141e-02	2.506762e+00
4.823000e-05	-4.168609e-02	2.770470e+00
4.824000e-05	-2.195074e-02	2.948391e+00
4.825000e-05	-4.126440e-02	3.067711e+00
4.826000e-05	9.684977e-02	3.265158e+00
4.827000e-05	-3.279385e-02	3.560293e+00
4.828000e-05	-3.457327e-02	3.695282e+00
4.829000e-05	1.434528e-01	3.888740e+00
4.830000e-05	-7.163779e-02	4.220544e+00
4.831000e-05	2.226733e-02	4.391445e+00
4.832000e-05	-2.039966e-02	4.613100e+00
4.833000e-05	-4.383097e-02	4.804025e+00
4.834000e-05	7.875593e-02	5.119262e+00
4.835000e-05	-1.662770e-02	5.390295e+00
4.836000e-05	3.895133e-03	5.580872e+00
4.837000e-05	1.075881e-02	5.793996e+00
4.838000e-05	-1.429799e-02	6.012424e+00
4.839000e-05	2.629426e-02	6.212420e+00
4.840000e-05	-2.746475e-02	6.421898e+00
4.841000e-05	2.031061e-02	6.613574e+00
4.842000e-05	-1.724886e-03	6.834052e+00
4.843000e-05	2.868538e-02	7.013501e+00
4.844000e-05	1.830232e-02	7.171022e+00
4.845000e-05	-4.603210e-02	7.453473e+00
4.846000e-05	3.613752e-02	7.554550e+00
4.847000e-05	-3.551418e-03	7.844103e+00
4.848000e-05	1.676174e-02	8.037128e+00
4.849000e-05	-7.813264e-04	8.224630e+00
4.850000e-05	6.992146e-03	8.381923e+00
4.851000e-05	2.024765e-02	8.508840e+00
4.852000e-05	-5.689887e-03	8.677262e+00
4.853000e-05	7.763515e-03	8.834076e+00
4.854000e-05	-8.597203e-03	8.992575e+00
4.855000e-05	2.135697e-02	9.213403e+00
4.856000e-05	1.242824e-02	9.339893e+00
4.857000e-05	3.837457e-03	9.486233e+00
4.858000e-05	7.911363e-03	9.645127e+00
4.859000e-05	6.071930e-03	9.794132e+00
4.860000e-05	1.349224e-02	9.969790e+00
4.861000e-05	-9.173666e-04	1.009768e+01
4.862000e-05	6.531468e-03	1.025358e+01
4.863000e-05	9.973988e-03	1.034132e+01
4.864000e-05	1.589762e-02	1.045561e+01
4.865000e-05	8.777462e-03	1.064350e+01
4.866000e-05	5.473595e-03	1.076237e+01
4.867000e-05	9.566852e-03	1.085573e+01
4.868000e-05	1.048043e-02	1.096242e+01
4.869000e-05	9.547698e-03	1.108518e+01
4.870000e-05	5.706754e-03	1.119189e+01
4.871000e-05	1.162347e-02	1.127878e+01
4.872000e-05	1.356379e-02	1.136302e+01
4.873000e-05	1.164809e-02	1.152024e+01
4.874000e-05	7.632506e-03	1.162308e+01
4.875000e-05	9.449166e-03	1.169181e+01
4.876000e-05	1.402336e-02	1.178245e+01
4.877000e-05	1.197894e-02	1.189571e+01
4.878000e-05	1.085294e-02	1.192029e+01
4.879000e-05	1.175945e-02	1.202243e+01
4.880000e-05	1.439208e-02	1.207456e+01
4.881000e-05	1.315116e-02	1.211987e+01
4.882000e-05	1.082550e-02	1.220400e+01
4.883000e-05	1.178365e-02	1.222558e+01
4.884000e-05	1.520668e-02	1.228779e+01
4.885000e-05	1.557248e-02	1.236127e+01
4.886000e-05	1.451671e-02	1.238292e+01
4.887000e-05	1.231611e-02	1.242455e+01
4.888000e-05	1.595359e-02	1.242608e+01
4.889000e-05	1.561494e-02	1.247666e+01
4.890000e-05	1.612621e-02	1.246776e+01
4.891000e-05	1.525770e-02	1.249926e+01
4.892000e-05	2.011992e-02	1.250929e+01
4.893000e-05	1.709969e-02	1.251934e+01
4.894000e-05	1.818749e-02	1.252839e+01
4.895000e-05	1.450568e-02	1.250884e+01
4.896000e-05	1.861805e-02	1.254831e+01
4.897000e-05	1.969876e-02	1.250021e+01
4.898000e-05	2.223214e-02	1.248771e+01
4.899000e-05	2.195967e-02	1.248724e+01
4.900000e-05	2.290090e-02	1.244408e+01
4.901000e-05	2.432876e-02	1.241353e+01
4.902000e-05	2.157975e-02	1.237242e+01
4.903000e-05	2.236183e-02	1.234084e+01
4.904000e-05	2.309902e-02	1.230826e+01
4.905000e-05	2.709080e-02	1.229516e+01
4.906000e-05	2.693817e-02	1.223303e+01
4.907000e-05	2.804395e-02	1.209034e+01
4.908000e-05	2.831738e-02	1.207824e+01
4.909000e-05	2.924172e-02	1.201303e+01
4.910000e-05	2.970365e-02	1.195932e+01
4.911000e-05	2.958497e-02	1.189661e+01
4.912000e-05	3.255692e-02	1.182298e+01
4.913000e-05	3.403249e-02	1.173932e+01
4.914000e-05	3.628628e-02	1.164505e+01
4.915000e-05	3.696516e-02	1.151987e+01
4.916000e-05	3.767049e-02	1.146458e+01
4.917000e-05	3.947305e-02	1.132724e+01
4.918000e-05	4.023717e-02	1.121248e+01
4.919000e-05	4.008543e-02	1.108829e+01
4.920000e-05	4.039227e-02	1.098345e+01
4.921000e-05	4.172037e-02	1.087581e+01
4.922000e-05	4.108970e-02	1.078099e+01
4.923000e-05	4.121477e-02	1.067426e+01
4.924000e-05	4.072687e-02	1.052989e+01
4.925000e-05	4.141926e-02	1.035048e+01
4.926000e-05	3.972397e-02	1.025358e+01
4.927000e-05	3.740395e-02	1.014879e+01
4.928000e-05	3.695703e-02	1.000255e+01
4.929000e-05	3.600591e-02	9.873682e+00
4.930000e-05	3.574767e-02	9.624861e+00
4.931000e-05	3.155853e-02	9.548268e+00
4.932000e-05	3.187416e-02	9.389998e+00
4.933000e-05	2.894986e-02	9.254181e+00
4.934000e-05	2.906729e-02	9.136387e+00
4.935000e-05	2.598223e-02	8.939819e+00
4.936000e-05	2.557774e-02	8.758917e+00
4.937000e-05	2.398518e-02	8.610546e+00
4.938000e-05	2.261239e-02	8.423155e+00
4.939000e-05	2.073728e-02	8.264210e+00
4.940000e-05	1.897784e-02	8.065159e+00
4.941000e-05	1.801643e-02	7.866162e+00
4.942000e-05	1.640574e-02	7.686737e+00
4.943000e-05	1.636180e-02	7.514838e+00
4.944000e-05	1.511987e-02	7.255311e+00
4.945000e-05	1.346398e-02	7.116237e+00
4.946000e-05	1.186758e-02	6.907314e+00
4.947000e-05	1.083486e-02	6.766363e+00
4.948000e-05	1.027596e-02	6.505338e+00
4.949000e-05	9.407855e-03	6.254234e+00
4.950000e-05	8.675649e-03	6.107316e+00
4.951000e-05	6.925440e-03	5.937789e+00
4.952000e-05	6.365752e-03	5.666766e+00
4.953000e-05	5.762020e-03	5.504262e+00
4.954000e-05	5.043857e-03	5.283737e+00
4.955000e-05	4.347436e-03	5.032078e+00
4.956000e-05	4.604223e-03	4.768900e+00
4.957000e-05	4.258438e-03	4.547898e+00
4.958000e-05	3.172744e-03	4.387445e+00
4.959000e-05	1.597343e-03	4.117294e+00
4.960000e-05	1.982583e-03	3.855812e+00
4.961000e-05	1.601788e-03	3.683286e+00
4.962000e-05	1.133242e-03	3.493186e+00
4.963000e-05	-7.194342e-04	3.252033e+00
4.964000e-05	6.428439e-05	3.020032e+00
4.965000e-05	7.320978e-05	2.811555e+00
4.966000e-05	-9.868408e-04	2.547524e+00
4.967000e-05	-1.699109e-03	2.327317e+00
4.968000e-05	-2.105208e-03	2.084238e+00
4.969000e-05	-1.851430e-03	1.876240e+00
4.970000e-05	-2.590524e-03	1.643684e+00
4.971000e-05	-3.552903e-03	1.399530e+00
4.972000e-05	-3.363490e-03	1.190451e+00
4.973000e-05	-3.354551e-03	8.638182e-01
4.974000e-05	-3.174171e-03	6.631603e-01
4.975000e-05	-4.219731e-03	4.517115e-01
4.976000e-05	-4.092462e-03	2.395853e-01
4.977000e-05	-2.933158e-03	-4.055382e-02
4.978000e-05	5.174767e-03	-2.220278e-01
4.979000e-05	-3.484031e-03	-4.125263e-01
4.980000e-05	-7.791613e-04	-6.961755e-01
4.981000e-05	-6.048376e-03	-8.646343e-01
4.982000e-05	-1.896643e-03	-1.085686e+00
4.983000e-05	-4.308041e-03	-1.365163e+00
4.984000e-05	3.418613e-03	-1.519865e+00
4.985000e-05	6.950768e-02	-1.737790e+00
4.986000e-05	3.097216e-02	-1.960890e+00
4.987000e-05	-6.909255e-02	-2.327737e+00
4.988000e-05	-4.598434e-02	-2.653574e+00
4.989000e-05	-6.088505e-02	-2.811975e+00
4.990000e-05	-4.230046e-02	-3.020991e+00
4.991000e-05	1.509248e-01	-3.148870e+00
4.992000e-05	-1.110639e-01	-3.370816e+00
4.993000e-05	-1.416084e-02	-3.559948e+00
4.994000e-05	1.483783e-01	-3.727737e+00
4.995000e-05	-1.396911e-01	-4.022403e+00
4.996000e-05	9.749170e-02	-4.273006e+00
4.997000e-05	-9.440537e-02	-4.411976e+00
4.998000e-05	-8.418442e-02	-4.706755e+00
4.999000e-05	1.568271e-01	-4.873158e+00
