# 260929_11:50:36.061275
t	CH1	CH2
0.000000e+00	3.062591e-03	-3.363184e-01
1.000000e-08	-3.949001e-03	-5.271709e-01
2.000000e-08	-1.850342e-03	-7.809974e-01
3.000000e-08	-4.934419e-03	-9.598214e-01
4.000000e-08	-2.746402e-03	-1.200425e+00
5.000000e-08	-3.707156e-03	-1.452032e+00
6.000000e-08	2.648249e-02	-1.632530e+00
7.000000e-08	8.850617e-02	-1.851529e+00
8.000000e-08	-4.785622e-02	-2.147193e+00
9.000000e-08	-4.876801e-02	-2.465562e+00
1.000000e-07	-5.489803e-02	-2.757289e+00
1.100000e-07	-7.067487e-02	-2.874137e+00
1.200000e-07	6.585672e-02	-3.093138e+00
1.300000e-07	7.474938e-02	-3.221951e+00
1.400000e-07	-1.779908e-01	-3.485584e+00
1.500000e-07	1.603233e-01	-3.622004e+00
1.600000e-07	-2.852348e-02	-3.853481e+00
1.700000e-07	-4.554916e-02	-4.148740e+00
1.800000e-07	7.316511e-02	-4.296116e+00
1.900000e-07	-1.858116e-01	-4.557721e+00
2.000000e-07	9.817066e-02	-4.770395e+00
2.100000e-07	3.273070e-02	-4.977740e+00
2.200000e-07	-6.822160e-02	-5.252925e+00
2.300000e-07	7.764887e-02	-5.493006e+00
2.400000e-07	-1.109206e-01	-5.714563e+00
2.500000e-07	7.013892e-02	-5.927209e+00
2.600000e-07	-1.396343e-02	-6.115555e+00
2.700000e-07	-9.619027e-02	-6.329714e+00
2.800000e-07	8.639826e-02	-6.495109e+00
2.900000e-07	-7.165450e-02	-6.746662e+00
3.000000e-07	1.046346e-01	-6.917108e+00
3.100000e-07	-1.126371e-01	-7.126710e+00
3.200000e-07	-8.500693e-03	-7.377817e+00
3.300000e-07	4.677051e-02	-7.526633e+00
3.400000e-07	-6.733414e-02	-7.818613e+00
3.500000e-07	5.443022e-02	-7.959217e+00
3.600000e-07	-9.444935e-02	-8.176164e+00
3.700000e-07	7.262238e-02	-8.286634e+00
3.800000e-07	-3.317003e-02	-8.492428e+00
3.900000e-07	-2.088689e-02	-8.744456e+00
4.000000e-07	-1.579748e-02	-8.842265e+00
4.100000e-07	-3.192755e-02	-9.048748e+00
4.200000e-07	4.653296e-02	-9.137663e+00
4.300000e-07	-6.081613e-02	-9.314508e+00
4.400000e-07	1.494911e-02	-9.491428e+00
4.500000e-07	-3.298374e-02	-9.660820e+00
4.600000e-07	1.906142e-02	-9.818667e+00
4.700000e-07	-2.830249e-02	-9.914580e+00
4.800000e-07	-2.977891e-02	-1.005245e+01
4.900000e-07	-2.369340e-03	-1.019722e+01
5.000000e-07	-1.075339e-02	-1.039766e+01
5.100000e-07	5.779419e-04	-1.049303e+01
5.200000e-07	-4.145749e-02	-1.062917e+01
5.300000e-07	2.365791e-03	-1.072505e+01
5.400000e-07	-1.719149e-02	-1.084029e+01
5.500000e-07	-3.292888e-03	-1.099858e+01
5.600000e-07	-3.709224e-02	-1.109192e+01
5.700000e-07	-9.465506e-03	-1.120706e+01
5.800000e-07	-8.347833e-03	-1.130290e+01
5.900000e-07	-1.145544e-02	-1.137919e+01
6.000000e-07	-2.385177e-02	-1.152385e+01
6.100000e-07	-2.500573e-02	-1.165016e+01
6.200000e-07	-2.340727e-03	-1.175445e+01
6.300000e-07	-2.127251e-02	-1.182819e+01
6.400000e-07	-1.845517e-02	-1.189398e+01
6.500000e-07	-2.748901e-02	-1.198655e+01
6.600000e-07	-4.719089e-03	-1.206376e+01
6.700000e-07	-1.772418e-02	-1.214401e+01
6.800000e-07	-2.169990e-02	-1.220766e+01
6.900000e-07	-2.669775e-02	-1.226129e+01
7.000000e-07	-1.357502e-02	-1.231243e+01
7.100000e-07	-1.483133e-02	-1.235646e+01
7.200000e-07	-2.570099e-02	-1.236714e+01
7.300000e-07	-2.337293e-02	-1.239972e+01
7.400000e-07	-1.890568e-02	-1.243074e+01
7.500000e-07	-1.466820e-02	-1.248297e+01
7.600000e-07	-2.551930e-02	-1.251345e+01
7.700000e-07	-2.649423e-02	-1.255453e+01
7.800000e-07	-2.039098e-02	-1.253410e+01
7.900000e-07	-1.721228e-02	-1.263616e+01
8.000000e-07	-2.569695e-02	-1.257613e+01
8.100000e-07	-2.842712e-02	-1.257716e+01
8.200000e-07	-2.549802e-02	-1.260618e+01
8.300000e-07	-2.000286e-02	-1.260611e+01
8.400000e-07	-2.828718e-02	-1.259508e+01
8.500000e-07	-3.130810e-02	-1.256508e+01
8.600000e-07	-2.756803e-02	-1.255406e+01
8.700000e-07	-2.429794e-02	-1.255403e+01
8.800000e-07	-2.960831e-02	-1.250344e+01
8.900000e-07	-3.608939e-02	-1.248094e+01
9.000000e-07	-3.104718e-02	-1.242814e+01
9.100000e-07	-2.919412e-02	-1.238756e+01
9.200000e-07	-3.168957e-02	-1.236501e+01
9.300000e-07	-3.788007e-02	-1.229395e+01
9.400000e-07	-3.563820e-02	-1.224931e+01
9.500000e-07	-3.306319e-02	-1.220624e+01
9.600000e-07	-3.668156e-02	-1.212512e+01
9.700000e-07	-4.196695e-02	-1.204984e+01
9.800000e-07	-4.067062e-02	-1.197866e+01
9.900000e-07	-3.795716e-02	-1.189340e+01
1.000000e-06	-4.154657e-02	-1.183726e+01
1.010000e-06	-4.621471e-02	-1.174297e+01
1.020000e-06	-4.717731e-02	-1.162919e+01
1.030000e-06	-4.484151e-02	-1.153500e+01
1.040000e-06	-4.660299e-02	-1.143571e+01
1.050000e-06	-5.100826e-02	-1.131290e+01
1.060000e-06	-5.115622e-02	-1.119566e+01
1.070000e-06	-4.906689e-02	-1.107992e+01
1.080000e-06	-4.947583e-02	-1.094311e+01
1.090000e-06	-5.282856e-02	-1.086145e+01
1.100000e-06	-5.233143e-02	-1.076463e+01
1.110000e-06	-4.898943e-02	-1.062992e+01
1.120000e-06	-4.824009e-02	-1.050258e+01
1.130000e-06	-5.050597e-02	-1.037771e+01
1.140000e-06	-4.946768e-02	-1.022984e+01
1.150000e-06	-4.497893e-02	-1.010300e+01
1.160000e-06	-4.326565e-02	-9.954684e+00
1.170000e-06	-4.471974e-02	-9.827242e+00
1.180000e-06	-4.209957e-02	-9.682023e+00
1.190000e-06	-3.913379e-02	-9.584529e+00
1.200000e-06	-3.674013e-02	-9.377309e+00
1.210000e-06	-3.728144e-02	-9.198369e+00
1.220000e-06	-3.665504e-02	-9.040867e+00
1.230000e-06	-3.333028e-02	-8.903551e+00
1.240000e-06	-3.138521e-02	-8.774180e+00
1.250000e-06	-3.055134e-02	-8.554206e+00
1.260000e-06	-3.014102e-02	-8.367256e+00
1.270000e-06	-2.684346e-02	-8.190366e+00
1.280000e-06	-2.507623e-02	-8.069424e+00
1.290000e-06	-2.512744e-02	-7.830842e+00
1.300000e-06	-2.570986e-02	-7.658368e+00
1.310000e-06	-2.313443e-02	-7.390417e+00
1.320000e-06	-2.055767e-02	-7.261545e+00
1.330000e-06	-2.058635e-02	-7.070941e+00
1.340000e-06	-2.075049e-02	-6.809871e+00
1.350000e-06	-1.951960e-02	-6.650471e+00
1.360000e-06	-1.639540e-02	-6.451026e+00
1.370000e-06	-1.737437e-02	-6.292472e+00
1.380000e-06	-1.740711e-02	-6.029896e+00
1.390000e-06	-1.697177e-02	-5.787947e+00
1.400000e-06	-1.271501e-02	-5.650575e+00
1.410000e-06	-1.349185e-02	-5.459463e+00
1.420000e-06	-1.446751e-02	-5.165789e+00
1.430000e-06	-1.288407e-02	-4.914202e+00
1.440000e-06	-1.088000e-02	-4.622625e+00
1.450000e-06	-9.593887e-03	-4.483154e+00
1.460000e-06	-1.193737e-02	-4.264129e+00
1.470000e-06	-1.139187e-02	-4.072705e+00
1.480000e-06	-8.426691e-03	-3.871075e+00
1.490000e-06	-7.077822e-03	-3.620122e+00
1.500000e-06	-1.115795e-02	-3.420042e+00
1.510000e-06	-1.064408e-02	-3.228446e+00
1.520000e-06	-8.605789e-03	-2.926283e+00
1.530000e-06	-4.622779e-03	-2.705286e+00
1.540000e-06	-7.404199e-03	-2.484728e+00
1.550000e-06	-7.422624e-03	-2.283706e+00
1.560000e-06	-6.609210e-03	-2.020046e+00
1.570000e-06	-3.315502e-03	-1.790475e+00
1.580000e-06	-7.507523e-03	-1.588494e+00
1.590000e-06	-8.228233e-03	-1.274862e+00
1.600000e-06	-7.077689e-03	-1.041730e+00
1.610000e-06	-3.375390e-03	-8.605764e-01
1.620000e-06	-3.379078e-03	-6.190459e-01
1.630000e-06	-3.642089e-03	-3.574934e-01
1.640000e-06	-2.504028e-03	-1.269646e-01
1.650000e-06	4.993494e-03	6.261041e-02
1.660000e-06	3.078650e-03	3.182446e-01
1.670000e-06	-2.353914e-03	5.371961e-01
1.680000e-06	-9.047005e-04	7.367706e-01
1.690000e-06	-3.140929e-04	9.276721e-01
1.700000e-06	3.227837e-03	1.179976e+00
1.710000e-06	1.151191e-03	1.402975e+00
1.720000e-06	1.343955e-02	1.705634e+00
1.730000e-06	6.005749e-02	1.925667e+00
1.740000e-06	4.121351e-02	2.158796e+00
1.750000e-06	-5.904858e-02	2.421051e+00
1.760000e-06	-4.655298e-02	2.705558e+00
1.770000e-06	-2.516649e-02	2.894610e+00
1.780000e-06	-4.186749e-02	3.010451e+00
1.790000e-06	3.205979e-02	3.148323e+00
1.800000e-06	7.228594e-02	3.452905e+00
1.810000e-06	-1.129773e-01	3.661955e+00
1.820000e-06	1.341103e-01	3.800897e+00
1.830000e-06	-2.183604e-04	4.096085e+00
1.840000e-06	-4.265226e-02	4.324134e+00
1.850000e-06	4.096044e-02	4.545637e+00
1.860000e-06	-8.301837e-02	4.777318e+00
1.870000e-06	6.115299e-02	4.999618e+00
1.880000e-06	1.861591e-02	5.264455e+00
1.890000e-06	-1.751224e-02	5.515584e+00
1.900000e-06	2.051467e-02	5.684558e+00
1.910000e-06	-1.322456e-02	5.927110e+00
1.920000e-06	1.254455e-02	6.114107e+00
1.930000e-06	-4.542117e-03	6.315635e+00
1.940000e-06	-5.503312e-03	6.544610e+00
1.950000e-06	2.152709e-02	6.767737e+00
1.960000e-06	-2.379009e-03	6.987686e+00
1.970000e-06	4.763450e-02	7.104209e+00
1.980000e-06	-4.197700e-02	7.325533e+00
1.990000e-06	7.424345e-03	7.536055e+00
2.000000e-06	1.951371e-02	7.776133e+00
2.010000e-06	-2.451393e-03	7.965688e+00
2.020000e-06	2.094089e-02	8.169213e+00
2.030000e-06	-1.122847e-02	8.336208e+00
2.040000e-06	3.113446e-02	8.501932e+00
2.050000e-06	-6.132668e-03	8.620322e+00
2.060000e-06	1.204080e-02	8.788765e+00
2.070000e-06	-6.391627e-03	8.987585e+00
2.080000e-06	9.117188e-03	9.176529e+00
2.090000e-06	2.015871e-02	9.304005e+00
2.100000e-06	3.396002e-03	9.460871e+00
2.110000e-06	1.260722e-02	9.587737e+00
2.120000e-06	3.517462e-03	9.796057e+00
2.130000e-06	1.638286e-02	9.915528e+00
2.140000e-06	2.756522e-03	1.007138e+01
2.150000e-06	4.954268e-03	1.021821e+01
2.160000e-06	7.612996e-03	1.033648e+01
2.170000e-06	1.394791e-02	1.042240e+01
2.180000e-06	1.301594e-02	1.059517e+01
2.190000e-06	6.823579e-03	1.070641e+01
2.200000e-06	1.067094e-02	1.086080e+01
2.210000e-06	9.277251e-03	1.095616e+01
2.220000e-06	1.128721e-02	1.108042e+01
2.230000e-06	6.317252e-03	1.112613e+01
2.240000e-06	1.036563e-02	1.130132e+01
2.250000e-06	1.335352e-02	1.137504e+01
2.260000e-06	1.272959e-02	1.146085e+01
2.270000e-06	1.108003e-02	1.163658e+01
2.280000e-06	9.985415e-03	1.170307e+01
2.290000e-06	1.350976e-02	1.179711e+01
2.300000e-06	1.167058e-02	1.186140e+01
2.310000e-06	1.173899e-02	1.196500e+01
2.320000e-06	1.125294e-02	1.198926e+01
2.330000e-06	1.536169e-02	1.208184e+01
2.340000e-06	1.333274e-02	1.215313e+01
2.350000e-06	1.257253e-02	1.218519e+01
2.360000e-06	1.219951e-02	1.222887e+01
2.370000e-06	1.439525e-02	1.230137e+01
2.380000e-06	1.569168e-02	1.237608e+01
2.390000e-06	1.409144e-02	1.236764e+01
2.400000e-06	1.594018e-02	1.243931e+01
2.410000e-06	1.558924e-02	1.249084e+01
2.420000e-06	1.708261e-02	1.251245e+01
2.430000e-06	1.554300e-02	1.254255e+01
2.440000e-06	1.602113e-02	1.253358e+01
2.450000e-06	1.772563e-02	1.252403e+01
2.460000e-06	1.799461e-02	1.258556e+01
2.470000e-06	1.825616e-02	1.258316e+01
2.480000e-06	1.816196e-02	1.257416e+01
2.490000e-06	1.963452e-02	1.255366e+01
2.500000e-06	2.043654e-02	1.257455e+01
2.510000e-06	2.217359e-02	1.254460e+01
2.520000e-06	2.123625e-02	1.251450e+01
2.530000e-06	2.328528e-02	1.251402e+01
2.540000e-06	2.405867e-02	1.248192e+01
2.550000e-06	2.397934e-02	1.246087e+01
2.560000e-06	2.372542e-02	1.238868e+01
2.570000e-06	2.574466e-02	1.238596e+01
2.580000e-06	2.719300e-02	1.233490e+01
2.590000e-06	2.716720e-02	1.227932e+01
2.600000e-06	2.811423e-02	1.222621e+01
2.610000e-06	2.984536e-02	1.218418e+01
2.620000e-06	3.141825e-02	1.205139e+01
2.630000e-06	3.063409e-02	1.199869e+01
2.640000e-06	3.259632e-02	1.193356e+01
2.650000e-06	3.402046e-02	1.185987e+01
2.660000e-06	3.617358e-02	1.180718e+01
2.670000e-06	3.830165e-02	1.172245e+01
2.680000e-06	3.880935e-02	1.157659e+01
2.690000e-06	4.068045e-02	1.147134e+01
2.700000e-06	4.031558e-02	1.142466e+01
2.710000e-06	4.221545e-02	1.125050e+01
2.720000e-06	4.210346e-02	1.117673e+01
2.730000e-06	4.434421e-02	1.109097e+01
2.740000e-06	4.290252e-02	1.097618e+01
2.750000e-06	4.541942e-02	1.084090e+01
2.760000e-06	4.267144e-02	1.077553e+01
2.770000e-06	4.403809e-02	1.061671e+01
2.780000e-06	4.211628e-02	1.047195e+01
2.790000e-06	4.262086e-02	1.037511e+01
2.800000e-06	3.884538e-02	1.021776e+01
2.810000e-06	3.931859e-02	1.010305e+01
2.820000e-06	3.725255e-02	9.943022e+00
2.830000e-06	3.681053e-02	9.774761e+00
2.840000e-06	3.295728e-02	9.598242e+00
2.850000e-06	3.208738e-02	9.500521e+00
2.860000e-06	3.105270e-02	9.344180e+00
2.870000e-06	2.919737e-02	9.228238e+00
2.880000e-06	2.653368e-02	9.016837e+00
2.890000e-06	2.513097e-02	8.850392e+00
2.900000e-06	2.510201e-02	8.670523e+00
2.910000e-06	2.308739e-02	8.533629e+00
2.920000e-06	2.143948e-02	8.384360e+00
2.930000e-06	1.840453e-02	8.195759e+00
2.940000e-06	1.926182e-02	7.986789e+00
2.950000e-06	1.707661e-02	7.787892e+00
2.960000e-06	1.582588e-02	7.646966e+00
2.970000e-06	1.294361e-02	7.386283e+00
2.980000e-06	1.386704e-02	7.238862e+00
2.990000e-06	1.309506e-02	6.998365e+00
3.000000e-06	1.191603e-02	6.798544e+00
3.010000e-06	9.278652e-03	6.637861e+00
3.020000e-06	9.574251e-03	6.407414e+00
3.030000e-06	1.048954e-02	6.187943e+00
3.040000e-06	7.314226e-03	6.048519e+00
3.050000e-06	5.903206e-03	5.790362e+00
3.060000e-06	4.599524e-03	5.586892e+00
3.070000e-06	6.250897e-03	5.367890e+00
3.080000e-06	4.879145e-03	5.175786e+00
3.090000e-06	3.168664e-03	4.861574e+00
3.100000e-06	3.026770e-03	4.651474e+00
3.110000e-06	4.694824e-03	4.462626e+00
3.120000e-06	3.235772e-03	4.241625e+00
3.130000e-06	1.028215e-03	3.978445e+00
3.140000e-06	-2.617938e-04	3.785893e+00
3.150000e-06	1.216568e-03	3.597896e+00
3.160000e-06	-4.297074e-04	3.343908e+00
3.170000e-06	-1.195790e-03	3.124783e+00
3.180000e-06	-1.812004e-03	2.874232e+00
3.190000e-06	-3.910956e-04	2.694704e+00
3.200000e-06	8.915833e-04	2.438546e+00
3.210000e-06	-7.984453e-04	2.179046e+00
3.220000e-06	-3.460399e-03	2.018521e+00
3.230000e-06	-2.477579e-03	1.785515e+00
3.240000e-06	-2.754719e-03	1.473758e+00
3.250000e-06	-4.687680e-03	1.272783e+00
3.260000e-06	-4.991160e-03	1.000149e+00
3.270000e-06	-4.175500e-03	7.559447e-01
3.280000e-06	-1.497522e-03	5.358894e-01
3.290000e-06	-2.105626e-03	3.563897e-01
3.300000e-06	-2.490396e-03	6.170401e-02
3.310000e-06	1.688798e-03	-1.497710e-01
3.320000e-06	2.715296e-03	-3.682685e-01
3.330000e-06	-4.623942e-03	-5.572747e-01
3.340000e-06	-4.896136e-03	-8.114487e-01
3.350000e-06	-5.297568e-03	-1.010026e+00
3.360000e-06	-1.174818e-03	-1.190379e+00
3.370000e-06	-1.149765e-03	-1.435159e+00
3.380000e-06	3.588784e-02	-1.672032e+00
3.390000e-06	7.999004e-02	-1.864479e+00
3.400000e-06	-5.534420e-02	-2.168647e+00
3.410000e-06	-4.747752e-02	-2.495667e+00
3.420000e-06	-5.486583e-02	-2.757791e+00
3.430000e-06	-7.372317e-02	-2.888185e+00
3.440000e-06	9.410600e-02	-3.084709e+00
3.450000e-06	3.946217e-02	-3.245029e+00
3.460000e-06	-1.608988e-01	-3.515191e+00
3.470000e-06	1.772017e-01	-3.662528e+00
3.480000e-06	-6.369737e-02	-3.885040e+00
3.490000e-06	-1.236670e-02	-4.197299e+00
3.500000e-06	4.610436e-02	-4.357766e+00
3.510000e-06	-1.821623e-01	-4.599772e+00
3.520000e-06	1.265307e-01	-4.829345e+00
3.530000e-06	2.428413e-03	-4.989319e+00
3.540000e-06	-4.616138e-02	-5.314454e+00
3.550000e-06	6.172269e-02	-5.503061e+00
3.560000e-06	-1.163388e-01	-5.736112e+00
3.570000e-06	9.361962e-02	-5.907213e+00
3.580000e-06	-4.549579e-02	-6.136983e+00
3.590000e-06	-6.857918e-02	-6.379291e+00
3.600000e-06	7.339447e-02	-6.517209e+00
3.610000e-06	-6.222566e-02	-6.747666e+00
3.620000e-06	1.044043e-01	-7.005716e+00
3.630000e-06	-1.362830e-01	-7.159185e+00
3.640000e-06	2.150365e-02	-7.389821e+00
3.650000e-06	2.311261e-02	-7.544642e+00
3.660000e-06	-4.776893e-02	-7.819642e+00
3.670000e-06	4.155132e-02	-8.001159e+00
3.680000e-06	-9.068658e-02	-8.188663e+00
3.690000e-06	8.157265e-02	-8.366112e+00
3.700000e-06	-4.858443e-02	-8.544853e+00
3.710000e-06	-8.608087e-03	-8.714055e+00
3.720000e-06	-3.083551e-02	-8.862327e+00
3.730000e-06	-1.563746e-02	-9.019769e+00
3.740000e-06	3.795030e-02	-9.209185e+00
3.750000e-06	-5.988459e-02	-9.346081e+00
3.760000e-06	1.448453e-02	-9.523951e+00
3.770000e-06	-3.534909e-02	-9.672395e+00
3.780000e-06	2.632467e-02	-9.787788e+00
3.790000e-06	-3.785683e-02	-9.915607e+00
3.800000e-06	-2.460594e-02	-1.012385e+01
3.810000e-06	-4.983879e-03	-1.022922e+01
3.820000e-06	-3.805354e-03	-1.039069e+01
3.830000e-06	-4.396852e-03	-1.050505e+01
3.840000e-06	-4.149121e-02	-1.065977e+01
3.850000e-06	2.362096e-03	-1.074558e+01
3.860000e-06	-1.517619e-02	-1.089185e+01
3.870000e-06	-4.390316e-03	-1.099509e+01
3.880000e-06	-4.154476e-02	-1.110225e+01
3.890000e-06	-5.941431e-03	-1.124821e+01
3.900000e-06	-8.437645e-03	-1.130352e+01
3.910000e-06	-8.634588e-03	-1.143827e+01
3.920000e-06	-2.726335e-02	-1.153380e+01
3.930000e-06	-2.184049e-02	-1.162874e+01
3.940000e-06	-3.127697e-03	-1.172353e+01
3.950000e-06	-1.934998e-02	-1.185614e+01
3.960000e-06	-2.139753e-02	-1.189438e+01
3.970000e-06	-2.783858e-02	-1.200868e+01
3.980000e-06	-2.630248e-03	-1.208979e+01
3.990000e-06	-1.857745e-02	-1.217605e+01
4.000000e-06	-2.218049e-02	-1.218724e+01
4.010000e-06	-2.750936e-02	-1.225977e+01
4.020000e-06	-1.220819e-02	-1.231250e+01
4.030000e-06	-1.463478e-02	-1.236455e+01
4.040000e-06	-2.533460e-02	-1.238764e+01
4.050000e-06	-2.526119e-02	-1.242171e+01
4.060000e-06	-1.754071e-02	-1.249187e+01
4.070000e-06	-1.434493e-02	-1.247347e+01
4.080000e-06	-2.554909e-02	-1.250345e+01
4.090000e-06	-2.793402e-02	-1.254411e+01
4.100000e-06	-1.923510e-02	-1.256509e+01
4.110000e-06	-1.668469e-02	-1.262661e+01
4.120000e-06	-2.568562e-02	-1.259661e+01
4.130000e-06	-2.979895e-02	-1.254518e+01
4.140000e-06	-2.590114e-02	-1.259671e+01
4.150000e-06	-1.974881e-02	-1.258666e+01
4.160000e-06	-2.826517e-02	-1.262563e+01
4.170000e-06	-3.140644e-02	-1.257515e+01
4.180000e-06	-2.906806e-02	-1.257303e+01
4.190000e-06	-2.359193e-02	-1.253353e+01
4.200000e-06	-2.939967e-02	-1.249239e+01
4.210000e-06	-3.659018e-02	-1.246137e+01
4.220000e-06	-3.238716e-02	-1.240026e+01
4.230000e-06	-2.852730e-02	-1.238611e+01
4.240000e-06	-3.034334e-02	-1.236556e+01
4.250000e-06	-3.755820e-02	-1.231337e+01
4.260000e-06	-3.737473e-02	-1.221929e+01
4.270000e-06	-3.298794e-02	-1.219566e+01
4.280000e-06	-3.574127e-02	-1.212557e+01
4.290000e-06	-4.060494e-02	-1.207237e+01
4.300000e-06	-4.273999e-02	-1.197808e+01
4.310000e-06	-3.831976e-02	-1.191395e+01
4.320000e-06	-3.940317e-02	-1.181671e+01
4.330000e-06	-4.532727e-02	-1.172197e+01
4.340000e-06	-4.845062e-02	-1.159971e+01
4.350000e-06	-4.586180e-02	-1.152248e+01
4.360000e-06	-4.497858e-02	-1.138769e+01
4.370000e-06	-5.066380e-02	-1.131986e+01
4.380000e-06	-5.295029e-02	-1.120523e+01
4.390000e-06	-4.981849e-02	-1.106087e+01
4.400000e-06	-4.726731e-02	-1.094413e+01
4.410000e-06	-5.125030e-02	-1.087139e+01
4.420000e-06	-5.311716e-02	-1.074663e+01
4.430000e-06	-5.095394e-02	-1.061934e+01
4.440000e-06	-4.646628e-02	-1.048247e+01
4.450000e-06	-4.816674e-02	-1.038671e+01
4.460000e-06	-4.903745e-02	-1.022774e+01
4.470000e-06	-4.693963e-02	-1.008102e+01
4.480000e-06	-4.213875e-02	-9.965132e+00
4.490000e-06	-4.238175e-02	-9.797789e+00
4.500000e-06	-4.273861e-02	-9.680547e+00
4.510000e-06	-4.158358e-02	-9.541904e+00
4.520000e-06	-3.700653e-02	-9.354658e+00
4.530000e-06	-3.538766e-02	-9.215265e+00
4.540000e-06	-3.651588e-02	-9.059866e+00
4.550000e-06	-3.560452e-02	-8.892495e+00
4.560000e-06	-3.124390e-02	-8.692575e+00
4.570000e-06	-2.914702e-02	-8.553628e+00
4.580000e-06	-3.018058e-02	-8.355686e+00
4.590000e-06	-2.868212e-02	-8.177364e+00
4.600000e-06	-2.607912e-02	-8.019442e+00
4.610000e-06	-2.332081e-02	-7.807792e+00
4.620000e-06	-2.401323e-02	-7.595864e+00
4.630000e-06	-2.417280e-02	-7.406865e+00
4.640000e-06	-2.119597e-02	-7.189470e+00
4.650000e-06	-1.951276e-02	-7.057864e+00
4.660000e-06	-1.988124e-02	-6.799345e+00
4.670000e-06	-2.037464e-02	-6.650398e+00
4.680000e-06	-1.823422e-02	-6.449575e+00
4.690000e-06	-1.541336e-02	-6.220490e+00
4.700000e-06	-1.519893e-02	-6.016948e+00
4.710000e-06	-1.523452e-02	-5.817343e+00
4.720000e-06	-1.448077e-02	-5.599468e+00
4.730000e-06	-1.376983e-02	-5.336360e+00
4.740000e-06	-1.303169e-02	-5.125286e+00
4.750000e-06	-1.237697e-02	-4.883080e+00
4.760000e-06	-1.389780e-02	-4.609421e+00
4.770000e-06	-1.217491e-02	-4.442103e+00
4.780000e-06	-1.020894e-02	-4.231602e+00
4.790000e-06	-9.504299e-03	-4.070550e+00
4.800000e-06	-1.085208e-02	-3.860645e+00
4.810000e-06	-9.240685e-03	-3.579444e+00
4.820000e-06	-9.565033e-03	-3.398417e+00
4.830000e-06	-8.430102e-03	-3.178321e+00
4.840000e-06	-9.967377e-03	-2.893279e+00
4.850000e-06	-7.638302e-03	-2.704258e+00
4.860000e-06	-6.554827e-03	-2.504182e+00
4.870000e-06	-5.289533e-03	-2.211149e+00
4.880000e-06	-7.311284e-03	-1.987995e+00
4.890000e-06	-6.399046e-03	-1.807946e+00
4.900000e-06	-6.993919e-03	-1.567495e+00
4.910000e-06	-5.609560e-03	-1.263756e+00
4.920000e-06	-6.204959e-03	-1.039725e+00
4.930000e-06	-5.716596e-03	-7.990988e-01
4.940000e-06	-3.398604e-03	-5.874637e-01
4.950000e-06	-2.131137e-03	-3.358623e-01
4.960000e-06	-2.299216e-03	-1.358108e-01
4.970000e-06	2.669864e-03	1.140855e-01
4.980000e-06	1.186036e-03	3.583459e-01
4.990000e-06	5.906413e-04	5.577959e-01
5.000000e-06	-6.122774e-04	7.783273e-01
5.010000e-06	-1.547295e-03	9.588935e-01
5.020000e-06	1.663693e-03	1.210928e+00
5.030000e-06	3.708859e-03	1.380508e+00
5.040000e-06	1.750428e-02	1.665767e+00
5.050000e-06	6.319332e-02	1.937292e+00
5.060000e-06	2.645637e-02	2.179847e+00
5.070000e-06	-5.835089e-02	2.392029e+00
5.080000e-06	-4.478174e-02	2.715690e+00
5.090000e-06	-2.429741e-02	2.905214e+00
5.100000e-06	-4.530384e-02	3.042005e+00
5.110000e-06	5.049418e-02	3.189822e+00
5.120000e-06	5.095964e-02	3.484110e+00
5.130000e-06	-1.039533e-01	3.642503e+00
5.140000e-06	1.459761e-01	3.820927e+00
5.150000e-06	-2.347357e-02	4.105009e+00
5.160000e-06	-2.461891e-02	4.306192e+00
5.170000e-06	2.778158e-02	4.566246e+00
5.180000e-06	-8.074824e-02	4.788267e+00
5.190000e-06	7.021082e-02	5.049374e+00
5.200000e-06	9.413670e-03	5.274111e+00
5.210000e-06	-1.166766e-02	5.555188e+00
5.220000e-06	1.948559e-02	5.693584e+00
5.230000e-06	-1.558078e-02	5.966292e+00
5.240000e-06	1.944207e-02	6.135664e+00
5.250000e-06	-1.074061e-02	6.337716e+00
5.260000e-06	-4.195281e-04	6.556141e+00
5.270000e-06	1.547429e-02	6.777717e+00
5.280000e-06	5.549190e-03	6.978162e+00
5.290000e-06	4.371059e-02	7.175237e+00
5.300000e-06	-4.869400e-02	7.345166e+00
5.310000e-06	1.664444e-02	7.587007e+00
5.320000e-06	1.428748e-02	7.767163e+00
5.330000e-06	3.251970e-03	7.977137e+00
5.340000e-06	1.595484e-02	8.199122e+00
5.350000e-06	-9.735870e-03	8.356137e+00
5.360000e-06	3.003593e-02	8.514083e+00
5.370000e-06	-5.956177e-03	8.682000e+00
5.380000e-06	1.057766e-02	8.770797e+00
5.390000e-06	-8.626865e-03	8.986166e+00
5.400000e-06	1.297695e-02	9.176689e+00
5.410000e-06	2.051374e-02	9.335032e+00
5.420000e-06	2.964608e-03	9.471476e+00
5.430000e-06	9.421398e-03	9.618691e+00
5.440000e-06	3.952182e-03	9.796085e+00
5.450000e-06	1.774097e-02	9.924580e+00
5.460000e-06	8.807008e-04	1.010132e+01
5.470000e-06	3.172360e-03	1.022829e+01
5.480000e-06	8.153257e-03	1.035308e+01
5.490000e-06	1.577068e-02	1.044285e+01
5.500000e-06	1.374460e-02	1.059664e+01
5.510000e-06	4.629936e-03	1.075405e+01
5.520000e-06	1.006804e-02	1.087192e+01
5.530000e-06	1.060569e-02	1.100611e+01
5.540000e-06	1.241909e-02	1.107087e+01
5.550000e-06	4.406987e-03	1.114568e+01
5.560000e-06	1.038283e-02	1.129298e+01
5.570000e-06	1.389379e-02	1.141561e+01
5.580000e-06	1.501969e-02	1.148992e+01
5.590000e-06	8.535617e-03	1.156816e+01
5.600000e-06	7.623275e-03	1.173501e+01
5.610000e-06	1.492066e-02	1.178727e+01
5.620000e-06	1.332000e-02	1.185137e+01
5.630000e-06	1.118326e-02	1.194303e+01
5.640000e-06	1.023803e-02	1.199921e+01
5.650000e-06	1.579234e-02	1.210340e+01
5.660000e-06	1.528763e-02	1.216353e+01
5.670000e-06	1.085228e-02	1.222669e+01
5.680000e-06	1.007363e-02	1.227982e+01
5.690000e-06	1.415201e-02	1.235195e+01
5.700000e-06	1.792503e-02	1.236556e+01
5.710000e-06	1.378757e-02	1.237763e+01
5.720000e-06	1.416279e-02	1.245074e+01
5.730000e-06	1.484989e-02	1.246142e+01
5.740000e-06	1.961507e-02	1.251242e+01
5.750000e-06	1.514814e-02	1.252395e+01
5.760000e-06	1.447056e-02	1.253405e+01
5.770000e-06	1.714151e-02	1.257508e+01
5.780000e-06	2.027854e-02	1.254468e+01
5.790000e-06	1.921923e-02	1.256553e+01
5.800000e-06	1.665253e-02	1.257511e+01
5.810000e-06	1.991906e-02	1.256508e+01
5.820000e-06	2.185642e-02	1.252460e+01
5.830000e-06	2.289210e-02	1.255401e+01
5.840000e-06	2.015153e-02	1.253400e+01
5.850000e-06	2.208874e-02	1.245300e+01
5.860000e-06	2.485019e-02	1.246237e+01
5.870000e-06	2.563788e-02	1.243914e+01
5.880000e-06	2.314312e-02	1.240711e+01
5.890000e-06	2.459406e-02	1.236451e+01
5.900000e-06	2.812572e-02	1.232190e+01
5.910000e-06	2.859358e-02	1.228032e+01
5.920000e-06	2.773451e-02	1.223524e+01
5.930000e-06	2.882803e-02	1.217365e+01
5.940000e-06	3.226356e-02	1.208082e+01
5.950000e-06	3.327751e-02	1.199821e+01
5.960000e-06	3.279386e-02	1.194211e+01
5.970000e-06	3.296654e-02	1.186889e+01
5.980000e-06	3.581661e-02	1.177611e+01
5.990000e-06	3.860345e-02	1.173200e+01
6.000000e-06	3.945918e-02	1.159456e+01
6.010000e-06	3.944800e-02	1.148195e+01
6.020000e-06	4.142188e-02	1.142616e+01
6.030000e-06	4.340895e-02	1.130097e+01
6.040000e-06	4.330866e-02	1.115516e+01
6.050000e-06	4.290477e-02	1.102887e+01
6.060000e-06	4.308151e-02	1.096413e+01
6.070000e-06	4.494779e-02	1.085094e+01
6.080000e-06	4.412036e-02	1.072408e+01
6.090000e-06	4.242882e-02	1.063526e+01
6.100000e-06	4.129145e-02	1.043084e+01
6.110000e-06	4.196724e-02	1.035311e+01
6.120000e-06	4.041546e-02	1.020679e+01
6.130000e-06	3.881283e-02	1.007192e+01
6.140000e-06	3.575585e-02	9.913425e+00
6.150000e-06	3.619065e-02	9.794132e+00
6.160000e-06	3.453686e-02	9.596287e+00
6.170000e-06	3.241534e-02	9.450896e+00
6.180000e-06	2.850620e-02	9.314078e+00
6.190000e-06	2.874439e-02	9.216235e+00
6.200000e-06	2.814434e-02	9.016739e+00
6.210000e-06	2.556592e-02	8.838367e+00
6.220000e-06	2.292317e-02	8.680972e+00
6.230000e-06	2.253202e-02	8.541079e+00
6.240000e-06	2.254901e-02	8.382730e+00
6.250000e-06	2.064712e-02	8.154353e+00
6.260000e-06	1.732447e-02	7.944261e+00
6.270000e-06	1.554507e-02	7.786762e+00
6.280000e-06	1.691039e-02	7.567860e+00
6.290000e-06	1.455868e-02	7.427285e+00
6.300000e-06	1.264366e-02	7.164763e+00
6.310000e-06	1.100869e-02	7.015861e+00
6.320000e-06	1.228117e-02	6.818422e+00
6.330000e-06	1.202786e-02	6.619859e+00
6.340000e-06	8.849048e-03	6.376386e+00
6.350000e-06	7.776902e-03	6.188968e+00
6.360000e-06	7.353934e-03	6.017948e+00
6.370000e-06	7.751630e-03	5.778412e+00
6.380000e-06	5.253763e-03	5.586337e+00
6.390000e-06	3.593717e-03	5.376812e+00
6.400000e-06	4.778935e-03	5.135153e+00
6.410000e-06	5.650656e-03	4.821574e+00
6.420000e-06	3.672360e-03	4.650497e+00
6.430000e-06	1.880701e-03	4.439024e+00
6.440000e-06	2.117794e-03	4.227967e+00
6.450000e-06	2.704479e-03	4.015866e+00
6.460000e-06	1.022423e-03	3.755864e+00
6.470000e-06	-6.704875e-04	3.566889e+00
6.480000e-06	3.850225e-05	3.313304e+00
6.490000e-06	1.342205e-03	3.073732e+00
6.500000e-06	-2.925447e-05	2.872686e+00
6.510000e-06	-2.063325e-03	2.691803e+00
6.520000e-06	-2.453988e-03	2.418044e+00
6.530000e-06	-4.431426e-04	2.178466e+00
6.540000e-06	-1.561806e-03	1.996442e+00
6.550000e-06	-3.925392e-03	1.733910e+00
6.560000e-06	-4.363361e-03	1.484330e+00
6.570000e-06	-1.951962e-03	1.261256e+00
6.580000e-06	-2.943313e-03	9.771182e-01
6.590000e-06	-3.789186e-03	7.453370e-01
6.600000e-06	-5.108774e-03	5.038356e-01
6.610000e-06	-2.556755e-03	3.142880e-01
6.620000e-06	-1.797833e-03	1.112750e-02
6.630000e-06	2.817160e-03	-1.804251e-01
6.640000e-06	5.408609e-04	-3.598973e-01
6.650000e-06	-2.255643e-03	-5.498038e-01
6.660000e-06	-3.017618e-03	-8.319539e-01
6.670000e-06	-3.968333e-03	-1.030954e+00
6.680000e-06	-4.125946e-03	-1.221474e+00
6.690000e-06	-2.334092e-03	-1.516713e+00
6.700000e-06	4.455602e-02	-1.695538e+00
6.710000e-06	7.315893e-02	-1.885638e+00
6.720000e-06	-6.491808e-02	-2.190801e+00
6.730000e-06	-4.454036e-02	-2.547217e+00
6.740000e-06	-5.472681e-02	-2.758844e+00
6.750000e-06	-6.866881e-02	-2.998243e+00
6.760000e-06	1.119679e-01	-3.146656e+00
6.770000e-06	1.526408e-03	-3.255587e+00
6.780000e-06	-1.310116e-01	-3.537716e+00
6.790000e-06	1.880685e-01	-3.655078e+00
6.800000e-06	-9.579815e-02	-3.957166e+00
6.810000e-06	1.907307e-02	-4.219872e+00
6.820000e-06	1.346985e-02	-4.379293e+00
6.830000e-06	-1.657718e-01	-4.611769e+00
6.840000e-06	1.438385e-01	-4.771395e+00
6.850000e-06	-3.127266e-02	-5.011302e+00
6.860000e-06	-1.904786e-02	-5.325108e+00
6.870000e-06	4.751665e-02	-5.534635e+00
6.880000e-06	-1.111433e-01	-5.759141e+00
6.890000e-06	1.052103e-01	-5.957290e+00
6.900000e-06	-7.829663e-02	-6.158088e+00
6.910000e-06	-3.662206e-02	-6.389791e+00
6.920000e-06	5.383738e-02	-6.568639e+00
6.930000e-06	-4.992881e-02	-6.788795e+00
6.940000e-06	9.754361e-02	-6.929739e+00
6.950000e-06	-1.465696e-01	-7.228717e+00
6.960000e-06	5.183421e-02	-7.441872e+00
6.970000e-06	-6.725958e-03	-7.558187e+00
6.980000e-06	-2.877179e-02	-7.841742e+00
6.990000e-06	2.497654e-02	-8.009791e+00
7.000000e-06	-7.796604e-02	-8.200264e+00
7.010000e-06	8.134776e-02	-8.346212e+00
7.020000e-06	-6.236508e-02	-8.525484e+00
7.030000e-06	3.912973e-03	-8.694557e+00
7.040000e-06	-3.893544e-02	-8.851825e+00
7.050000e-06	-1.784966e-03	-9.060902e+00
7.060000e-06	2.290907e-02	-9.148214e+00
7.070000e-06	-5.435311e-02	-9.386039e+00
7.080000e-06	1.586718e-02	-9.503506e+00
7.090000e-06	-3.510906e-02	-9.703926e+00
7.100000e-06	2.350928e-02	-9.839767e+00
7.110000e-06	-4.426721e-02	-9.914608e+00
7.120000e-06	-1.400338e-02	-1.013388e+01
7.130000e-06	-9.478579e-03	-1.021982e+01
7.140000e-06	-1.994141e-03	-1.038086e+01
7.150000e-06	-1.093051e-02	-1.049555e+01
7.160000e-06	-3.418227e-02	-1.063082e+01
7.170000e-06	2.291277e-03	-1.073511e+01
7.180000e-06	-1.788763e-02	-1.089384e+01
7.190000e-06	-7.415786e-03	-1.096614e+01
7.200000e-06	-3.865742e-02	-1.111240e+01
7.210000e-06	-1.492254e-03	-1.124867e+01
7.220000e-06	-1.310324e-02	-1.128392e+01
7.230000e-06	-8.449407e-03	-1.141977e+01
7.240000e-06	-2.899426e-02	-1.155505e+01
7.250000e-06	-1.623682e-02	-1.164174e+01
7.260000e-06	-8.302996e-03	-1.175558e+01
7.270000e-06	-2.027593e-02	-1.185867e+01
7.280000e-06	-2.112053e-02	-1.192298e+01
7.290000e-06	-2.279133e-02	-1.198668e+01
7.300000e-06	-4.722526e-03	-1.205335e+01
7.310000e-06	-2.086160e-02	-1.213553e+01
7.320000e-06	-2.184347e-02	-1.219771e+01
7.330000e-06	-2.515844e-02	-1.223037e+01
7.340000e-06	-1.202630e-02	-1.230343e+01
7.350000e-06	-1.895703e-02	-1.237500e+01
7.360000e-06	-2.422288e-02	-1.240906e+01
7.370000e-06	-2.216375e-02	-1.240181e+01
7.380000e-06	-1.559957e-02	-1.249277e+01
7.390000e-06	-1.982943e-02	-1.247242e+01
7.400000e-06	-2.741200e-02	-1.251445e+01
7.410000e-06	-2.635939e-02	-1.257355e+01
7.420000e-06	-1.877156e-02	-1.257318e+01
7.430000e-06	-2.011760e-02	-1.257513e+01
7.440000e-06	-2.662296e-02	-1.260416e+01
7.450000e-06	-2.609406e-02	-1.257673e+01
7.460000e-06	-2.401623e-02	-1.258661e+01
7.470000e-06	-2.309108e-02	-1.258621e+01
7.480000e-06	-3.106013e-02	-1.259556e+01
7.490000e-06	-2.967558e-02	-1.255513e+01
7.500000e-06	-2.714220e-02	-1.254453e+01
7.510000e-06	-2.549339e-02	-1.250395e+01
7.520000e-06	-3.147574e-02	-1.248289e+01
7.530000e-06	-3.360176e-02	-1.247079e+01
7.540000e-06	-2.931058e-02	-1.241976e+01
7.550000e-06	-3.006032e-02	-1.236513e+01
7.560000e-06	-3.373359e-02	-1.230450e+01
7.570000e-06	-3.743866e-02	-1.225142e+01
7.580000e-06	-3.390146e-02	-1.221674e+01
7.590000e-06	-3.449758e-02	-1.219716e+01
7.600000e-06	-3.883884e-02	-1.207300e+01
7.610000e-06	-4.195031e-02	-1.205139e+01
7.620000e-06	-3.854530e-02	-1.197650e+01
7.630000e-06	-3.835737e-02	-1.192237e+01
7.640000e-06	-4.216115e-02	-1.182579e+01
7.650000e-06	-4.686785e-02	-1.172247e+01
7.660000e-06	-4.596242e-02	-1.158818e+01
7.670000e-06	-4.511950e-02	-1.147192e+01
7.680000e-06	-4.784501e-02	-1.139813e+01
7.690000e-06	-5.203587e-02	-1.131094e+01
7.700000e-06	-5.015106e-02	-1.114363e+01
7.710000e-06	-4.863703e-02	-1.103987e+01
7.720000e-06	-5.053100e-02	-1.093561e+01
7.730000e-06	-5.285845e-02	-1.082039e+01
7.740000e-06	-5.066174e-02	-1.072410e+01
7.750000e-06	-4.746193e-02	-1.062836e+01
7.760000e-06	-4.843399e-02	-1.049302e+01
7.770000e-06	-4.985586e-02	-1.035653e+01
7.780000e-06	-4.857786e-02	-1.021869e+01
7.790000e-06	-4.457560e-02	-1.007190e+01
7.800000e-06	-4.419860e-02	-9.944155e+00
7.810000e-06	-4.455493e-02	-9.788363e+00
7.820000e-06	-4.263827e-02	-9.670468e+00
7.830000e-06	-3.800840e-02	-9.523505e+00
7.840000e-06	-3.584950e-02	-9.363129e+00
7.850000e-06	-3.700870e-02	-9.177734e+00
7.860000e-06	-3.553958e-02	-9.017917e+00
7.870000e-06	-3.287601e-02	-8.880544e+00
7.880000e-06	-3.061374e-02	-8.700946e+00
7.890000e-06	-3.170041e-02	-8.492103e+00
7.900000e-06	-3.064492e-02	-8.335108e+00
7.910000e-06	-2.637733e-02	-8.177264e+00
7.920000e-06	-2.451111e-02	-7.997764e+00
7.930000e-06	-2.479436e-02	-7.787787e+00
7.940000e-06	-2.544963e-02	-7.585833e+00
7.950000e-06	-2.081558e-02	-7.407339e+00
7.960000e-06	-1.982530e-02	-7.209366e+00
7.970000e-06	-2.117866e-02	-6.976861e+00
7.980000e-06	-2.175437e-02	-6.776842e+00
7.990000e-06	-1.872220e-02	-6.609394e+00
8.000000e-06	-1.592696e-02	-6.430022e+00
8.010000e-06	-1.767916e-02	-6.170440e+00
8.020000e-06	-1.784301e-02	-6.017414e+00
8.030000e-06	-1.525913e-02	-5.798817e+00
8.040000e-06	-1.176862e-02	-5.626917e+00
8.050000e-06	-1.403230e-02	-5.345759e+00
8.060000e-06	-1.486089e-02	-5.082758e+00
8.070000e-06	-1.278124e-02	-4.860023e+00
8.080000e-06	-1.021906e-02	-4.590495e+00
8.090000e-06	-1.138375e-02	-4.440524e+00
8.100000e-06	-1.243767e-02	-4.222069e+00
8.110000e-06	-1.015521e-02	-4.031050e+00
8.120000e-06	-8.470993e-03	-3.820569e+00
8.130000e-06	-8.136379e-03	-3.556466e+00
8.140000e-06	-1.236001e-02	-3.337841e+00
8.150000e-06	-8.859060e-03	-3.146391e+00
8.160000e-06	-7.717279e-03	-2.875780e+00
8.170000e-06	-5.032181e-03	-2.723180e+00
8.180000e-06	-8.751068e-03	-2.479629e+00
8.190000e-06	-7.029141e-03	-2.201018e+00
8.200000e-06	-5.539798e-03	-1.976896e+00
8.210000e-06	-5.392640e-03	-1.768442e+00
8.220000e-06	-9.297178e-03	-1.588393e+00
8.230000e-06	-6.700693e-03	-1.241080e+00
8.240000e-06	-4.317450e-03	-1.020629e+00
8.250000e-06	-2.397707e-03	-8.010237e-01
8.260000e-06	-5.776455e-03	-5.458397e-01
8.270000e-06	-4.058412e-03	-3.147882e-01
8.280000e-06	-1.837262e-03	-1.047606e-01
8.290000e-06	6.567383e-03	1.457382e-01
8.300000e-06	-1.361422e-03	4.089248e-01
8.310000e-06	-1.236920e-03	5.688486e-01
8.320000e-06	-9.036020e-04	7.988236e-01
8.330000e-06	2.524894e-03	9.793038e-01
8.340000e-06	1.793877e-03	1.224026e+00
8.350000e-06	6.012857e-04	1.484083e+00
8.360000e-06	2.047284e-02	1.767825e+00
8.370000e-06	7.105457e-02	1.948820e+00
8.380000e-06	1.214333e-02	2.251950e+00
8.390000e-06	-5.922264e-02	2.445488e+00
8.400000e-06	-4.443457e-02	2.778218e+00
8.410000e-06	-2.091079e-02	2.926236e+00
8.420000e-06	-4.484182e-02	3.073005e+00
8.430000e-06	6.543020e-02	3.190425e+00
8.440000e-06	2.320424e-02	3.476113e+00
8.450000e-06	-8.316386e-02	3.703635e+00
8.460000e-06	1.520223e-01	3.871931e+00
8.470000e-06	-4.369160e-02	4.146594e+00
8.480000e-06	-9.273623e-03	4.366745e+00
8.490000e-06	1.246235e-02	4.578297e+00
8.500000e-06	-6.801220e-02	4.788875e+00
8.510000e-06	7.448162e-02	5.061827e+00
8.520000e-06	-1.708757e-03	5.356563e+00
8.530000e-06	-5.369328e-03	5.605238e+00
8.540000e-06	1.950363e-02	5.738717e+00
8.550000e-06	-1.626480e-02	5.969245e+00
8.560000e-06	1.985710e-02	6.166688e+00
8.570000e-06	-1.582220e-02	6.366267e+00
8.580000e-06	7.719228e-03	6.609171e+00
8.590000e-06	9.720913e-03	6.838746e+00
8.600000e-06	1.186186e-02	6.989768e+00
8.610000e-06	3.530619e-02	7.158243e+00
8.620000e-06	-4.735434e-02	7.376689e+00
8.630000e-06	2.553676e-02	7.587664e+00
8.640000e-06	5.757189e-03	7.789719e+00
8.650000e-06	8.237416e-03	8.048740e+00
8.660000e-06	1.136374e-02	8.189318e+00
8.670000e-06	-1.762347e-03	8.387612e+00
8.680000e-06	2.547309e-02	8.483583e+00
8.690000e-06	-7.539910e-03	8.683003e+00
8.700000e-06	1.093119e-02	8.859823e+00
8.710000e-06	-9.450154e-03	9.036744e+00
8.720000e-06	1.571571e-02	9.199136e+00
8.730000e-06	1.510963e-02	9.365186e+00
8.740000e-06	4.416608e-03	9.481453e+00
8.750000e-06	1.126467e-02	9.650324e+00
8.760000e-06	4.818790e-03	9.807639e+00
8.770000e-06	1.547233e-02	9.934609e+00
8.780000e-06	6.107891e-04	1.009145e+01
8.790000e-06	5.834462e-03	1.020975e+01
8.800000e-06	8.419880e-03	1.036458e+01
8.810000e-06	1.417398e-02	1.047337e+01
8.820000e-06	1.254186e-02	1.060774e+01
8.830000e-06	6.287663e-03	1.076711e+01
8.840000e-06	1.118174e-02	1.090087e+01
8.850000e-06	9.028077e-03	1.099619e+01
8.860000e-06	1.085392e-02	1.106087e+01
8.870000e-06	6.577846e-03	1.121821e+01
8.880000e-06	1.120687e-02	1.131295e+01
8.890000e-06	1.289673e-02	1.144716e+01
8.900000e-06	1.235721e-02	1.150235e+01
8.910000e-06	9.615268e-03	1.164719e+01
8.920000e-06	9.172017e-03	1.175348e+01
8.930000e-06	1.376436e-02	1.181724e+01
8.940000e-06	1.179729e-02	1.187187e+01
8.950000e-06	1.414252e-02	1.194516e+01
8.960000e-06	1.269829e-02	1.200871e+01
8.970000e-06	1.492309e-02	1.212442e+01
8.980000e-06	1.219629e-02	1.217308e+01
8.990000e-06	1.125641e-02	1.223669e+01
9.000000e-06	1.239390e-02	1.226779e+01
9.010000e-06	1.235859e-02	1.231245e+01
9.020000e-06	1.635305e-02	1.236508e+01
9.030000e-06	1.326050e-02	1.240771e+01
9.040000e-06	1.875758e-02	1.245924e+01
9.050000e-06	1.560000e-02	1.248244e+01
9.060000e-06	1.932721e-02	1.249240e+01
9.070000e-06	1.412158e-02	1.254350e+01
9.080000e-06	1.592152e-02	1.252461e+01
9.090000e-06	1.612743e-02	1.253505e+01
9.100000e-06	1.755509e-02	1.255421e+01
9.110000e-06	1.684388e-02	1.256661e+01
9.120000e-06	1.931285e-02	1.254466e+01
9.130000e-06	2.213567e-02	1.255513e+01
9.140000e-06	2.230403e-02	1.257416e+01
9.150000e-06	2.238498e-02	1.252260e+01
9.160000e-06	2.083773e-02	1.252253e+01
9.170000e-06	2.305365e-02	1.251200e+01
9.180000e-06	2.272042e-02	1.246035e+01
9.190000e-06	2.389040e-02	1.241976e+01
9.200000e-06	2.369847e-02	1.237906e+01
9.210000e-06	2.813750e-02	1.231403e+01
9.220000e-06	2.712355e-02	1.231145e+01
9.230000e-06	2.824791e-02	1.227737e+01
9.240000e-06	2.859825e-02	1.220571e+01
9.250000e-06	3.039090e-02	1.214300e+01
9.260000e-06	3.109523e-02	1.208182e+01
9.270000e-06	3.063697e-02	1.197668e+01
9.280000e-06	3.212068e-02	1.194255e+01
9.290000e-06	3.507165e-02	1.183982e+01
9.300000e-06	3.616358e-02	1.178616e+01
9.310000e-06	3.719683e-02	1.169050e+01
9.320000e-06	3.928447e-02	1.163518e+01
9.330000e-06	4.124051e-02	1.148732e+01
9.340000e-06	4.254133e-02	1.138569e+01
9.350000e-06	4.054112e-02	1.124142e+01
9.360000e-06	4.114924e-02	1.117363e+01
9.370000e-06	4.332918e-02	1.101987e+01
9.380000e-06	4.494977e-02	1.095368e+01
9.390000e-06	4.372780e-02	1.086044e+01
9.400000e-06	4.287281e-02	1.070398e+01
9.410000e-06	4.422452e-02	1.059529e+01
9.420000e-06	4.320886e-02	1.044087e+01
9.430000e-06	4.040005e-02	1.033160e+01
9.440000e-06	3.835026e-02	1.021626e+01
9.450000e-06	3.859689e-02	1.004044e+01
9.460000e-06	3.774595e-02	9.931528e+00
9.470000e-06	3.492418e-02	9.724129e+00
9.480000e-06	3.282929e-02	9.596284e+00
9.490000e-06	3.258697e-02	9.440371e+00
9.500000e-06	3.110683e-02	9.301629e+00
9.510000e-06	2.759603e-02	9.173783e+00
9.520000e-06	2.494307e-02	9.006213e+00
9.530000e-06	2.463397e-02	8.797341e+00
9.540000e-06	2.553481e-02	8.649970e+00
9.550000e-06	2.297557e-02	8.470600e+00
9.560000e-06	2.023896e-02	8.333129e+00
9.570000e-06	1.893701e-02	8.124228e+00
9.580000e-06	2.002097e-02	7.904234e+00
9.590000e-06	1.731033e-02	7.734235e+00
9.600000e-06	1.463437e-02	7.585259e+00
9.610000e-06	1.238326e-02	7.325289e+00
9.620000e-06	1.365843e-02	7.155212e+00
9.630000e-06	1.208883e-02	6.976737e+00
9.640000e-06	1.017264e-02	6.786890e+00
9.650000e-06	9.400157e-03	6.534263e+00
9.660000e-06	1.015189e-02	6.365289e+00
9.670000e-06	1.024398e-02	6.176834e+00
9.680000e-06	7.007291e-03	5.996444e+00
9.690000e-06	4.957633e-03	5.807888e+00
9.700000e-06	5.656607e-03	5.565239e+00
9.710000e-06	6.580774e-03	5.373307e+00
9.720000e-06	3.660970e-03	5.083051e+00
9.730000e-06	2.952229e-03	4.798970e+00
9.740000e-06	3.666267e-03	4.628943e+00
9.750000e-06	4.387291e-03	4.408548e+00
9.760000e-06	2.863957e-03	4.197015e+00
9.770000e-06	7.408710e-04	3.904861e+00
9.780000e-06	4.509011e-04	3.765384e+00
9.790000e-06	1.740902e-03	3.554762e+00
9.800000e-06	3.449605e-05	3.292203e+00
9.810000e-06	-2.094476e-03	3.071623e+00
9.820000e-06	-8.534111e-04	2.871655e+00
9.830000e-06	-3.515794e-04	2.662032e+00
9.840000e-06	-3.324872e-04	2.356891e+00
9.850000e-06	-2.557101e-03	2.166342e+00
9.860000e-06	-2.497660e-03	1.946440e+00
9.870000e-06	-1.543976e-03	1.703835e+00
9.880000e-06	-1.365198e-03	1.461252e+00
9.890000e-06	-4.830999e-03	1.259098e+00
9.900000e-06	-4.904006e-03	9.458881e-01
9.910000e-06	-3.408144e-03	7.148868e-01
9.920000e-06	-2.600274e-03	4.757554e-01
9.930000e-06	-3.771870e-03	3.138365e-01
9.940000e-06	-3.331619e-03	3.009987e-02
9.950000e-06	4.794746e-03	-1.908451e-01
9.960000e-06	9.175026e-04	-3.813987e-01
9.970000e-06	-2.002268e-03	-6.315079e-01
9.980000e-06	-6.310310e-03	-8.331590e-01
9.990000e-06	-3.763730e-03	-1.051556e+00
1.000000e-05	-2.457935e-03	-1.264533e+00
1.001000e-05	-7.622781e-05	-1.529614e+00
1.002000e-05	5.211655e-02	-1.747188e+00
1.003000e-05	5.906341e-02	-1.927089e+00
1.004000e-05	-6.534314e-02	-2.284384e+00
1.005000e-05	-4.410445e-02	-2.588748e+00
1.006000e-05	-5.818943e-02	-2.750821e+00
1.007000e-05	-6.384186e-02	-2.978847e+00
1.008000e-05	1.318626e-01	-3.167241e+00
1.009000e-05	-3.626005e-02	-3.286584e+00
1.010000e-05	-9.677826e-02	-3.568320e+00
1.011000e-05	1.821933e-01	-3.635032e+00
1.012000e-05	-1.161760e-01	-3.957242e+00
1.013000e-05	5.023050e-02	-4.218872e+00
1.014000e-05	-2.438079e-02	-4.389345e+00
1.015000e-05	-1.421028e-01	-4.644530e+00
1.016000e-05	1.557862e-01	-4.821974e+00
1.017000e-05	-5.438208e-02	-5.104877e+00
1.018000e-05	5.113893e-03	-5.355685e+00
1.019000e-05	2.154484e-02	-5.554742e+00
1.020000e-05	-9.956247e-02	-5.789293e+00
1.021000e-05	1.135414e-01	-5.959293e+00
1.022000e-05	-1.049875e-01	-6.208119e+00
1.023000e-05	-6.937598e-03	-6.391323e+00
1.024000e-05	3.132810e-02	-6.569217e+00
1.025000e-05	-2.533086e-02	-6.840345e+00
1.026000e-05	8.111295e-02	-7.007138e+00
1.027000e-05	-1.540846e-01	-7.240824e+00
1.028000e-05	7.300484e-02	-7.451393e+00
1.029000e-05	-2.798835e-02	-7.609714e+00
1.030000e-05	-6.799753e-03	-7.850822e+00
1.031000e-05	4.779855e-03	-8.030742e+00
1.032000e-05	-6.261996e-02	-8.209222e+00
1.033000e-05	7.998938e-02	-8.387239e+00
1.034000e-05	-7.008603e-02	-8.546458e+00
1.035000e-05	9.988907e-03	-8.737435e+00
1.036000e-05	-5.093925e-02	-8.893483e+00
1.037000e-05	1.822449e-02	-9.095451e+00
1.038000e-05	9.589705e-03	-9.229238e+00
1.039000e-05	-4.624393e-02	-9.417560e+00
1.040000e-05	9.131714e-03	-9.555077e+00
1.041000e-05	-2.974173e-02	-9.715375e+00
1.042000e-05	2.348906e-02	-9.829791e+00
1.043000e-05	-5.129930e-02	-9.936660e+00
1.044000e-05	-9.387682e-03	-1.012500e+01
1.045000e-05	-1.170619e-02	-1.027979e+01
1.046000e-05	6.124379e-03	-1.041884e+01
1.047000e-05	-1.884391e-02	-1.053613e+01
1.048000e-05	-2.949835e-02	-1.065074e+01
1.049000e-05	-4.043941e-04	-1.077716e+01
1.050000e-05	-1.367399e-02	-1.090283e+01
1.051000e-05	-1.165757e-02	-1.100724e+01
1.052000e-05	-3.897221e-02	-1.112385e+01
1.053000e-05	-2.120323e-04	-1.119921e+01
1.054000e-05	-1.067761e-02	-1.136498e+01
1.055000e-05	-8.899423e-03	-1.147131e+01
1.056000e-05	-3.267392e-02	-1.151653e+01
1.057000e-05	-1.308001e-02	-1.163332e+01
1.058000e-05	-6.661404e-03	-1.177500e+01
1.059000e-05	-1.824018e-02	-1.184864e+01
1.060000e-05	-2.438032e-02	-1.194347e+01
1.061000e-05	-2.161331e-02	-1.203064e+01
1.062000e-05	-4.152075e-03	-1.211297e+01
1.063000e-05	-2.074081e-02	-1.216520e+01
1.064000e-05	-2.485315e-02	-1.221726e+01
1.065000e-05	-2.570565e-02	-1.225132e+01
1.066000e-05	-9.071971e-03	-1.232348e+01
1.067000e-05	-1.691484e-02	-1.230503e+01
1.068000e-05	-2.499856e-02	-1.239713e+01
1.069000e-05	-2.493819e-02	-1.242971e+01
1.070000e-05	-1.598357e-02	-1.245284e+01
1.071000e-05	-1.739857e-02	-1.252395e+01
1.072000e-05	-2.821737e-02	-1.252353e+01
1.073000e-05	-2.793422e-02	-1.257458e+01
1.074000e-05	-1.798596e-02	-1.260508e+01
1.075000e-05	-1.767245e-02	-1.261661e+01
1.076000e-05	-2.732014e-02	-1.255566e+01
1.077000e-05	-2.961244e-02	-1.264558e+01
1.078000e-05	-2.299588e-02	-1.260615e+01
1.079000e-05	-1.973410e-02	-1.261621e+01
1.080000e-05	-3.009333e-02	-1.259516e+01
1.081000e-05	-3.208447e-02	-1.259463e+01
1.082000e-05	-2.802996e-02	-1.257503e+01
1.083000e-05	-2.321220e-02	-1.252395e+01
1.084000e-05	-3.182383e-02	-1.247200e+01
1.085000e-05	-3.572137e-02	-1.246034e+01
1.086000e-05	-3.126614e-02	-1.241019e+01
1.087000e-05	-2.705902e-02	-1.240651e+01
1.088000e-05	-3.175265e-02	-1.234456e+01
1.089000e-05	-3.898434e-02	-1.230237e+01
1.090000e-05	-3.599698e-02	-1.219934e+01
1.091000e-05	-3.323966e-02	-1.216613e+01
1.092000e-05	-3.705857e-02	-1.216359e+01
1.093000e-05	-4.378453e-02	-1.202024e+01
1.094000e-05	-4.126220e-02	-1.194608e+01
1.095000e-05	-3.778012e-02	-1.191182e+01
1.096000e-05	-4.075247e-02	-1.178618e+01
1.097000e-05	-4.699258e-02	-1.168090e+01
1.098000e-05	-4.669126e-02	-1.160666e+01
1.099000e-05	-4.387549e-02	-1.145984e+01
1.100000e-05	-4.678993e-02	-1.140568e+01
1.101000e-05	-5.152688e-02	-1.130034e+01
1.102000e-05	-5.374423e-02	-1.114523e+01
1.103000e-05	-4.939581e-02	-1.105919e+01
1.104000e-05	-4.861751e-02	-1.091516e+01
1.105000e-05	-5.235378e-02	-1.084892e+01
1.106000e-05	-5.329314e-02	-1.072358e+01
1.107000e-05	-4.883730e-02	-1.061779e+01
1.108000e-05	-4.646712e-02	-1.048147e+01
1.109000e-05	-4.871200e-02	-1.028395e+01
1.110000e-05	-5.009477e-02	-1.019768e+01
1.111000e-05	-4.624702e-02	-1.004029e+01
1.112000e-05	-4.223088e-02	-9.922572e+00
1.113000e-05	-4.325905e-02	-9.787163e+00
1.114000e-05	-4.252991e-02	-9.619941e+00
1.115000e-05	-4.062346e-02	-9.459396e+00
1.116000e-05	-3.591132e-02	-9.305151e+00
1.117000e-05	-3.488657e-02	-9.185688e+00
1.118000e-05	-3.568090e-02	-8.988764e+00
1.119000e-05	-3.443612e-02	-8.860470e+00
1.120000e-05	-3.115660e-02	-8.672446e+00
1.121000e-05	-2.928668e-02	-8.472077e+00
1.122000e-05	-2.981642e-02	-8.345130e+00
1.123000e-05	-2.878538e-02	-8.185687e+00
1.124000e-05	-2.509368e-02	-7.986786e+00
1.125000e-05	-2.307018e-02	-7.765257e+00
1.126000e-05	-2.352908e-02	-7.567239e+00
1.127000e-05	-2.383992e-02	-7.365189e+00
1.128000e-05	-2.078617e-02	-7.185867e+00
1.129000e-05	-2.025313e-02	-6.936836e+00
1.130000e-05	-1.890127e-02	-6.778189e+00
1.131000e-05	-2.047522e-02	-6.598312e+00
1.132000e-05	-1.750577e-02	-6.407443e+00
1.133000e-05	-1.653703e-02	-6.207289e+00
1.134000e-05	-1.521763e-02	-5.946264e+00
1.135000e-05	-1.693207e-02	-5.736359e+00
1.136000e-05	-1.350537e-02	-5.587843e+00
1.137000e-05	-1.434074e-02	-5.306206e+00
1.138000e-05	-1.189760e-02	-5.082676e+00
1.139000e-05	-1.372949e-02	-4.831440e+00
1.140000e-05	-1.187562e-02	-4.618445e+00
1.141000e-05	-1.266402e-02	-4.419944e+00
1.142000e-05	-9.136116e-03	-4.219994e+00
1.143000e-05	-1.056400e-02	-4.008473e+00
1.144000e-05	-1.042701e-02	-3.799866e+00
1.145000e-05	-9.547564e-03	-3.555866e+00
1.146000e-05	-9.498894e-03	-3.356838e+00
1.147000e-05	-9.388528e-03	-3.136333e+00
1.148000e-05	-8.742825e-03	-2.821676e+00
1.149000e-05	-7.289386e-03	-2.651651e+00
1.150000e-05	-5.735013e-03	-2.418603e+00
1.151000e-05	-5.654925e-03	-2.178521e+00
1.152000e-05	-7.266085e-03	-1.957368e+00
1.153000e-05	-7.739274e-03	-1.745838e+00
1.154000e-05	-7.914462e-03	-1.534254e+00
1.155000e-05	-6.070388e-03	-1.220472e+00
1.156000e-05	-6.644765e-03	-1.027972e+00
1.157000e-05	-4.243055e-03	-7.774186e-01
1.158000e-05	-3.455003e-03	-4.937833e-01
1.159000e-05	-1.135061e-03	-3.057842e-01
1.160000e-05	-1.869093e-03	-8.275915e-02
1.161000e-05	4.549487e-03	1.473196e-01
1.162000e-05	-2.478240e-03	4.094499e-01
1.163000e-05	1.436670e-03	6.013998e-01
1.164000e-05	-2.293739e-03	7.808748e-01
1.165000e-05	1.739952e-03	1.011404e+00
1.166000e-05	1.869952e-03	1.285109e+00
1.167000e-05	4.502183e-03	1.534139e+00
1.168000e-05	2.497567e-02	1.778389e+00
1.169000e-05	7.071911e-02	1.998322e+00
1.170000e-05	-3.352031e-03	2.243080e+00
1.171000e-05	-5.562590e-02	2.495087e+00
1.172000e-05	-4.308701e-02	2.788317e+00
1.173000e-05	-2.264081e-02	2.958766e+00
1.174000e-05	-4.455995e-02	3.093010e+00
1.175000e-05	8.270355e-02	3.240475e+00
1.176000e-05	-4.159771e-03	3.516242e+00
1.177000e-05	-6.034537e-02	3.683157e+00
1.178000e-05	1.457861e-01	3.913012e+00
1.179000e-05	-5.697358e-02	4.208791e+00
1.180000e-05	9.570355e-03	4.376793e+00
1.181000e-05	-6.063342e-03	4.630326e+00
1.182000e-05	-5.492455e-02	4.809327e+00
1.183000e-05	7.647137e-02	5.104879e+00
1.184000e-05	-7.522123e-03	5.388218e+00
1.185000e-05	-9.389134e-04	5.577792e+00
1.186000e-05	1.446897e-02	5.807268e+00
1.187000e-05	-1.622128e-02	5.990843e+00
1.188000e-05	2.410956e-02	6.178243e+00
1.189000e-05	-1.862958e-02	6.387892e+00
1.190000e-05	1.208860e-02	6.629218e+00
1.191000e-05	2.961731e-03	6.799799e+00
1.192000e-05	2.245523e-02	7.039372e+00
1.193000e-05	2.645247e-02	7.179242e+00
1.194000e-05	-4.944290e-02	7.398671e+00
1.195000e-05	3.112077e-02	7.610262e+00
1.196000e-05	8.040641e-04	7.860298e+00
1.197000e-05	1.495274e-02	8.029721e+00
1.198000e-05	3.568084e-03	8.198872e+00
1.199000e-05	3.462534e-03	8.357716e+00
1.200000e-05	2.452898e-02	8.554159e+00
1.201000e-05	-3.767298e-03	8.722058e+00
1.202000e-05	7.665123e-03	8.830350e+00
1.203000e-05	-1.057257e-02	9.019222e+00
1.204000e-05	1.933676e-02	9.240733e+00
1.205000e-05	1.421595e-02	9.376636e+00
1.206000e-05	5.568578e-03	9.493555e+00
1.207000e-05	7.788723e-03	9.640797e+00
1.208000e-05	7.416705e-03	9.817266e+00
1.209000e-05	1.633809e-02	9.978609e+00
1.210000e-05	4.366339e-04	1.011287e+01
1.211000e-05	4.432798e-03	1.025982e+01
1.212000e-05	9.738732e-03	1.032761e+01
1.213000e-05	1.609434e-02	1.051343e+01
1.214000e-05	9.951781e-03	1.063814e+01
1.215000e-05	4.799355e-03	1.075614e+01
1.216000e-05	1.115860e-02	1.084295e+01
1.217000e-05	1.190619e-02	1.099724e+01
1.218000e-05	1.126513e-02	1.106188e+01
1.219000e-05	5.383929e-03	1.120574e+01
1.220000e-05	1.050951e-02	1.133345e+01
1.221000e-05	1.470333e-02	1.140622e+01
1.222000e-05	1.219304e-02	1.154082e+01
1.223000e-05	8.855944e-03	1.163029e+01
1.224000e-05	8.856207e-03	1.172548e+01
1.225000e-05	1.512313e-02	1.180824e+01
1.226000e-05	1.266305e-02	1.191045e+01
1.227000e-05	1.125312e-02	1.197613e+01
1.228000e-05	1.123017e-02	1.202074e+01
1.229000e-05	1.684432e-02	1.209238e+01
1.230000e-05	1.456212e-02	1.218401e+01
1.231000e-05	1.130905e-02	1.220666e+01
1.232000e-05	1.050246e-02	1.225935e+01
1.233000e-05	1.464115e-02	1.233198e+01
1.234000e-05	1.692286e-02	1.235555e+01
1.235000e-05	1.375288e-02	1.243021e+01
1.236000e-05	1.407797e-02	1.246929e+01
1.237000e-05	1.611223e-02	1.245297e+01
1.238000e-05	1.972588e-02	1.252243e+01
1.239000e-05	1.562667e-02	1.252458e+01
1.240000e-05	1.436039e-02	1.255353e+01
1.241000e-05	1.791201e-02	1.254511e+01
1.242000e-05	1.896092e-02	1.256358e+01
1.243000e-05	1.769853e-02	1.255566e+01
1.244000e-05	1.784350e-02	1.257511e+01
1.245000e-05	2.070649e-02	1.256461e+01
1.246000e-05	2.176560e-02	1.255461e+01
1.247000e-05	2.154220e-02	1.253408e+01
1.248000e-05	2.162312e-02	1.253308e+01
1.249000e-05	2.338792e-02	1.250342e+01
1.250000e-05	2.610342e-02	1.245139e+01
1.251000e-05	2.542882e-02	1.243984e+01
1.252000e-05	2.404980e-02	1.239816e+01
1.253000e-05	2.545812e-02	1.235355e+01
1.254000e-05	2.834532e-02	1.233042e+01
1.255000e-05	2.807530e-02	1.226782e+01
1.256000e-05	2.798004e-02	1.220521e+01
1.257000e-05	2.847303e-02	1.211360e+01
1.258000e-05	3.139218e-02	1.207974e+01
1.259000e-05	3.376432e-02	1.197663e+01
1.260000e-05	3.335838e-02	1.194405e+01
1.261000e-05	3.415968e-02	1.184939e+01
1.262000e-05	3.544019e-02	1.179413e+01
1.263000e-05	3.892427e-02	1.172002e+01
1.264000e-05	3.905370e-02	1.158601e+01
1.265000e-05	3.911999e-02	1.147729e+01
1.266000e-05	4.114483e-02	1.136363e+01
1.267000e-05	4.325724e-02	1.125937e+01
1.268000e-05	4.342531e-02	1.113603e+01
1.269000e-05	4.158593e-02	1.103887e+01
1.270000e-05	4.355485e-02	1.096516e+01
1.271000e-05	4.555479e-02	1.078936e+01
1.272000e-05	4.475742e-02	1.075395e+01
1.273000e-05	4.208158e-02	1.056563e+01
1.274000e-05	4.099029e-02	1.044987e+01
1.275000e-05	4.249267e-02	1.031403e+01
1.276000e-05	3.946372e-02	1.019471e+01
1.277000e-05	3.754774e-02	1.006044e+01
1.278000e-05	3.549474e-02	9.881872e+00
1.279000e-05	3.691352e-02	9.744604e+00
1.280000e-05	3.411429e-02	9.536208e+00
1.281000e-05	3.165843e-02	9.398442e+00
1.282000e-05	2.917053e-02	9.290995e+00
1.283000e-05	2.824929e-02	9.166704e+00
1.284000e-05	2.632783e-02	9.015708e+00
1.285000e-05	2.416136e-02	8.806837e+00
1.286000e-05	2.269241e-02	8.649417e+00
1.287000e-05	2.274865e-02	8.481023e+00
1.288000e-05	2.152909e-02	8.332600e+00
1.289000e-05	1.987270e-02	8.083200e+00
1.290000e-05	1.786590e-02	7.923656e+00
1.291000e-05	1.627353e-02	7.744204e+00
1.292000e-05	1.678560e-02	7.574203e+00
1.293000e-05	1.368002e-02	7.354783e+00
1.294000e-05	1.223781e-02	7.174583e+00
1.295000e-05	1.056509e-02	6.945736e+00
1.296000e-05	1.116714e-02	6.764315e+00
1.297000e-05	1.069830e-02	6.523256e+00
1.298000e-05	8.783994e-03	6.334759e+00
1.299000e-05	7.929112e-03	6.144234e+00
1.300000e-05	7.790041e-03	5.986364e+00
1.301000e-05	8.363912e-03	5.763760e+00
1.302000e-05	6.505169e-03	5.543754e+00
1.303000e-05	3.794329e-03	5.322205e+00
1.304000e-05	3.645967e-03	5.080519e+00
1.305000e-05	4.319135e-03	4.798364e+00
1.306000e-05	2.871700e-03	4.605894e+00
1.307000e-05	1.383347e-03	4.417970e+00
1.308000e-05	1.682817e-03	4.176365e+00
1.309000e-05	3.534396e-03	3.904234e+00
1.310000e-05	2.047976e-03	3.693784e+00
1.311000e-05	3.826575e-04	3.524277e+00
1.312000e-05	1.228792e-04	3.240625e+00
1.313000e-05	1.185072e-03	3.009551e+00
1.314000e-05	-1.332457e-03	2.840079e+00
1.315000e-05	-2.615730e-03	2.618468e+00
1.316000e-05	-3.126470e-03	2.325339e+00
1.317000e-05	-2.017903e-04	2.106784e+00
1.318000e-05	-1.541267e-03	1.947391e+00
1.319000e-05	-2.193341e-03	1.682209e+00
1.320000e-05	-2.618422e-03	1.411554e+00
1.321000e-05	-1.461589e-03	1.218598e+00
1.322000e-05	-3.982552e-03	9.559580e-01
1.323000e-05	-4.820345e-03	6.832082e-01
1.324000e-05	-5.880766e-03	4.522104e-01
1.325000e-05	-2.872670e-03	2.616554e-01
1.326000e-05	-3.017909e-03	-3.995127e-02
1.327000e-05	4.781239e-03	-2.110289e-01
1.328000e-05	-2.286284e-03	-4.099263e-01
1.329000e-05	-1.056250e-03	-6.934829e-01
1.330000e-05	-5.062702e-03	-8.835604e-01
1.331000e-05	-3.690573e-03	-1.033635e+00
1.332000e-05	-4.370419e-03	-1.273160e+00
1.333000e-05	1.334544e-03	-1.539768e+00
1.334000e-05	6.316820e-02	-1.697217e+00
1.335000e-05	4.183455e-02	-1.978717e+00
1.336000e-05	-6.775775e-02	-2.245612e+00
1.337000e-05	-4.570707e-02	-2.548903e+00
1.338000e-05	-5.731340e-02	-2.780426e+00
1.339000e-05	-5.350898e-02	-3.000896e+00
1.340000e-05	1.423903e-01	-3.117762e+00
1.341000e-05	-7.758509e-02	-3.327666e+00
1.342000e-05	-5.481361e-02	-3.579269e+00
1.343000e-05	1.642900e-01	-3.727642e+00
1.344000e-05	-1.298282e-01	-3.980873e+00
1.345000e-05	7.408366e-02	-4.242529e+00
1.346000e-05	-6.084692e-02	-4.391347e+00
1.347000e-05	-1.101779e-01	-4.652535e+00
1.348000e-05	1.542926e-01	-4.852950e+00
1.349000e-05	-7.723960e-02	-5.125910e+00
1.350000e-05	2.973845e-02	-5.339218e+00
1.351000e-05	-1.622082e-03	-5.589238e+00
1.352000e-05	-8.209169e-02	-5.840846e+00
1.353000e-05	1.107475e-01	-5.999845e+00
1.354000e-05	-1.251811e-01	-6.211225e+00
1.355000e-05	2.307752e-02	-6.442424e+00
1.356000e-05	5.696163e-03	-6.610296e+00
1.357000e-05	-3.461762e-03	-6.821397e+00
1.358000e-05	5.804365e-02	-7.078770e+00
1.359000e-05	-1.467761e-01	-7.272849e+00
1.360000e-05	8.948754e-02	-7.450449e+00
1.361000e-05	-5.027911e-02	-7.623247e+00
1.362000e-05	1.305316e-02	-7.863477e+00
1.363000e-05	-1.600207e-02	-8.021368e+00
1.364000e-05	-4.208650e-02	-8.241851e+00
1.365000e-05	6.893785e-02	-8.357737e+00
1.366000e-05	-7.395745e-02	-8.566643e+00
1.367000e-05	1.645718e-02	-8.769158e+00
1.368000e-05	-5.704930e-02	-8.904582e+00
1.369000e-05	3.217956e-02	-9.103005e+00
1.370000e-05	-6.119751e-03	-9.239773e+00
1.371000e-05	-3.494155e-02	-9.409293e+00
1.372000e-05	3.601172e-03	-9.547585e+00
1.373000e-05	-2.451904e-02	-9.722958e+00
1.374000e-05	1.880919e-02	-9.810897e+00
1.375000e-05	-5.253528e-02	-9.979162e+00
1.376000e-05	-3.899508e-03	-1.017501e+01
1.377000e-05	-1.470434e-02	-1.032280e+01
1.378000e-05	7.893563e-03	-1.047082e+01
1.379000e-05	-2.626573e-02	-1.054608e+01
1.380000e-05	-2.264189e-02	-1.064135e+01
1.381000e-05	-2.330535e-03	-1.076659e+01
1.382000e-05	-1.152749e-02	-1.093398e+01
1.383000e-05	-1.608871e-02	-1.098664e+01
1.384000e-05	-3.523990e-02	-1.115495e+01
1.385000e-05	1.277597e-03	-1.127074e+01
1.386000e-05	-1.389080e-02	-1.135748e+01
1.387000e-05	-1.104034e-02	-1.146074e+01
1.388000e-05	-3.236569e-02	-1.153608e+01
1.389000e-05	-8.961071e-03	-1.170034e+01
1.390000e-05	-1.018107e-02	-1.178449e+01
1.391000e-05	-1.890809e-02	-1.188025e+01
1.392000e-05	-2.554877e-02	-1.192447e+01
1.393000e-05	-1.774830e-02	-1.201026e+01
1.394000e-05	-6.399349e-03	-1.207387e+01
1.395000e-05	-2.260642e-02	-1.215458e+01
1.396000e-05	-2.458380e-02	-1.222821e+01
1.397000e-05	-2.332820e-02	-1.226082e+01
1.398000e-05	-8.967495e-03	-1.233203e+01
1.399000e-05	-2.079718e-02	-1.234506e+01
1.400000e-05	-2.435610e-02	-1.239968e+01
1.401000e-05	-2.277974e-02	-1.244069e+01
1.402000e-05	-1.415427e-02	-1.247135e+01
1.403000e-05	-2.008090e-02	-1.255188e+01
1.404000e-05	-2.918586e-02	-1.256345e+01
1.405000e-05	-2.555336e-02	-1.258410e+01
1.406000e-05	-1.749744e-02	-1.256513e+01
1.407000e-05	-2.037915e-02	-1.263566e+01
1.408000e-05	-2.835599e-02	-1.261566e+01
1.409000e-05	-2.726140e-02	-1.259568e+01
1.410000e-05	-2.097633e-02	-1.261567e+01
1.411000e-05	-2.226299e-02	-1.262516e+01
1.412000e-05	-3.181102e-02	-1.260710e+01
1.413000e-05	-3.048736e-02	-1.261513e+01
1.414000e-05	-2.717219e-02	-1.255455e+01
1.415000e-05	-2.454272e-02	-1.251243e+01
1.416000e-05	-3.395917e-02	-1.247234e+01
1.417000e-05	-3.408822e-02	-1.246134e+01
1.418000e-05	-3.078473e-02	-1.243922e+01
1.419000e-05	-2.831028e-02	-1.236766e+01
1.420000e-05	-3.324913e-02	-1.231455e+01
1.421000e-05	-3.733374e-02	-1.227985e+01
1.422000e-05	-3.392171e-02	-1.220779e+01
1.423000e-05	-3.347581e-02	-1.217468e+01
1.424000e-05	-3.826835e-02	-1.212150e+01
1.425000e-05	-4.277843e-02	-1.201979e+01
1.426000e-05	-4.045965e-02	-1.198608e+01
1.427000e-05	-3.882856e-02	-1.189979e+01
1.428000e-05	-4.281641e-02	-1.184563e+01
1.429000e-05	-4.640803e-02	-1.170147e+01
1.430000e-05	-4.462167e-02	-1.156658e+01
1.431000e-05	-4.335233e-02	-1.147969e+01
1.432000e-05	-4.856747e-02	-1.134608e+01
1.433000e-05	-5.212523e-02	-1.127134e+01
1.434000e-05	-5.173269e-02	-1.111407e+01
1.435000e-05	-4.950293e-02	-1.098824e+01
1.436000e-05	-5.046422e-02	-1.089303e+01
1.437000e-05	-5.401009e-02	-1.077822e+01
1.438000e-05	-5.009991e-02	-1.068265e+01
1.439000e-05	-4.635439e-02	-1.057718e+01
1.440000e-05	-4.720056e-02	-1.044190e+01
1.441000e-05	-4.976000e-02	-1.033498e+01
1.442000e-05	-4.868762e-02	-1.018721e+01
1.443000e-05	-4.418723e-02	-1.005779e+01
1.444000e-05	-4.341652e-02	-9.863551e+00
1.445000e-05	-4.562229e-02	-9.766187e+00
1.446000e-05	-4.289428e-02	-9.589391e+00
1.447000e-05	-3.686091e-02	-9.468972e+00
1.448000e-05	-3.531424e-02	-9.342550e+00
1.449000e-05	-3.694423e-02	-9.174205e+00
1.450000e-05	-3.595383e-02	-8.979282e+00
1.451000e-05	-3.107729e-02	-8.838945e+00
1.452000e-05	-3.023220e-02	-8.669444e+00
1.453000e-05	-3.257110e-02	-8.441072e+00
1.454000e-05	-3.107470e-02	-8.283553e+00
1.455000e-05	-2.558022e-02	-8.135684e+00
1.456000e-05	-2.348034e-02	-7.977187e+00
1.457000e-05	-2.564605e-02	-7.758208e+00
1.458000e-05	-2.483256e-02	-7.506179e+00
1.459000e-05	-2.147147e-02	-7.375785e+00
1.460000e-05	-1.832661e-02	-7.165737e+00
1.461000e-05	-2.173172e-02	-6.955232e+00
1.462000e-05	-2.169528e-02	-6.765735e+00
1.463000e-05	-1.845964e-02	-6.556262e+00
1.464000e-05	-1.531261e-02	-6.408389e+00
1.465000e-05	-1.790864e-02	-6.185734e+00
1.466000e-05	-1.874475e-02	-5.954756e+00
1.467000e-05	-1.587305e-02	-5.735810e+00
1.468000e-05	-1.174333e-02	-5.565808e+00
1.469000e-05	-1.384983e-02	-5.302230e+00
1.470000e-05	-1.286581e-02	-5.021024e+00
1.471000e-05	-1.301137e-02	-4.806414e+00
1.472000e-05	-9.620054e-03	-4.557764e+00
1.473000e-05	-1.219872e-02	-4.388896e+00
1.474000e-05	-1.221728e-02	-4.199944e+00
1.475000e-05	-1.176249e-02	-3.978898e+00
1.476000e-05	-7.882755e-03	-3.734836e+00
1.477000e-05	-9.130440e-03	-3.535787e+00
1.478000e-05	-1.036498e-02	-3.342708e+00
1.479000e-05	-9.609671e-03	-3.134281e+00
1.480000e-05	-6.420666e-03	-2.861078e+00
1.481000e-05	-7.093795e-03	-2.639544e+00
1.482000e-05	-6.518520e-03	-2.379000e+00
1.483000e-05	-7.664868e-03	-2.145887e+00
1.484000e-05	-4.953586e-03	-1.896889e+00
1.485000e-05	-6.660717e-03	-1.695759e+00
1.486000e-05	-7.942109e-03	-1.463312e+00
1.487000e-05	-7.086025e-03	-1.188469e+00
1.488000e-05	-5.038508e-03	-9.584409e-01
1.489000e-05	-2.521923e-03	-7.783410e-01
1.490000e-05	-3.395116e-03	-4.627328e-01
1.491000e-05	-3.575042e-03	-2.642067e-01
1.492000e-05	-3.553514e-04	-4.175782e-02
1.493000e-05	6.839812e-03	1.408513e-01
1.494000e-05	-2.040342e-03	4.205301e-01
1.495000e-05	-1.842934e-04	6.405252e-01
1.496000e-05	-3.849390e-03	8.101024e-01
1.497000e-05	2.228777e-03	1.061014e+00
1.498000e-05	2.593242e-03	1.315689e+00
1.499000e-05	3.105270e-03	1.544794e+00
1.500000e-05	2.852476e-02	1.768373e+00
1.501000e-05	7.428573e-02	1.979924e+00
1.502000e-05	-1.611360e-02	2.325058e+00
1.503000e-05	-5.466159e-02	2.516618e+00
1.504000e-05	-4.230069e-02	2.769347e+00
1.505000e-05	-2.406583e-02	2.926263e+00
1.506000e-05	-3.813088e-02	3.123210e+00
1.507000e-05	9.320004e-02	3.240929e+00
1.508000e-05	-3.463406e-02	3.547793e+00
1.509000e-05	-2.916267e-02	3.715087e+00
1.510000e-05	1.366637e-01	3.946612e+00
1.511000e-05	-6.799107e-02	4.231277e+00
1.512000e-05	2.455675e-02	4.398345e+00
1.513000e-05	-2.434990e-02	4.630875e+00
1.514000e-05	-3.579399e-02	4.859952e+00
1.515000e-05	7.263485e-02	5.125485e+00
1.516000e-05	-1.721787e-02	5.417667e+00
1.517000e-05	3.709784e-03	5.568393e+00
1.518000e-05	1.344867e-02	5.818746e+00
1.519000e-05	-1.339125e-02	5.979927e+00
1.520000e-05	2.131437e-02	6.210321e+00
1.521000e-05	-2.262235e-02	6.390797e+00
1.522000e-05	2.013272e-02	6.649246e+00
1.523000e-05	-2.130342e-03	6.849397e+00
1.524000e-05	2.876058e-02	7.013430e+00
1.525000e-05	1.443091e-02	7.208824e+00
1.526000e-05	-4.245364e-02	7.439348e+00
1.527000e-05	3.640474e-02	7.649743e+00
1.528000e-05	-5.700578e-03	7.861298e+00
1.529000e-05	1.688440e-02	8.049268e+00
1.530000e-05	-9.764039e-04	8.220324e+00
1.531000e-05	1.114812e-02	8.399216e+00
1.532000e-05	1.757373e-02	8.565689e+00
1.533000e-05	-3.270246e-03	8.736534e+00
1.534000e-05	7.364625e-03	8.873396e+00
1.535000e-05	-6.615904e-03	9.037823e+00
1.536000e-05	2.028444e-02	9.199843e+00
1.537000e-05	9.956122e-03	9.386686e+00
1.538000e-05	6.208846e-03	9.525507e+00
1.539000e-05	8.513652e-03	9.671300e+00
1.540000e-05	8.448925e-03	9.837292e+00
1.541000e-05	1.159266e-02	9.978163e+00
1.542000e-05	1.436385e-03	1.010246e+01
1.543000e-05	7.329990e-03	1.025132e+01
1.544000e-05	1.121884e-02	1.038876e+01
1.545000e-05	1.326152e-02	1.049250e+01
1.546000e-05	9.174397e-03	1.063832e+01
1.547000e-05	6.179687e-03	1.080716e+01
1.548000e-05	1.152132e-02	1.090152e+01
1.549000e-05	9.808622e-03	1.099671e+01
1.550000e-05	9.039799e-03	1.107295e+01
1.551000e-05	7.762547e-03	1.117921e+01
1.552000e-05	1.256565e-02	1.135398e+01
1.553000e-05	1.350498e-02	1.146774e+01
1.554000e-05	1.030798e-02	1.152440e+01
1.555000e-05	1.002299e-02	1.166062e+01
1.556000e-05	1.080507e-02	1.174503e+01
1.557000e-05	1.308615e-02	1.182777e+01
1.558000e-05	1.035693e-02	1.190092e+01
1.559000e-05	1.250803e-02	1.192716e+01
1.560000e-05	1.414644e-02	1.206932e+01
1.561000e-05	1.531329e-02	1.210345e+01
1.562000e-05	1.259644e-02	1.220408e+01
1.563000e-05	1.162251e-02	1.223624e+01
1.564000e-05	1.323537e-02	1.227182e+01
1.565000e-05	1.511018e-02	1.235200e+01
1.566000e-05	1.400606e-02	1.235611e+01
1.567000e-05	1.451947e-02	1.240876e+01
1.568000e-05	1.653736e-02	1.244184e+01
1.569000e-05	1.592553e-02	1.246234e+01
1.570000e-05	1.714851e-02	1.251302e+01
1.571000e-05	1.611158e-02	1.253351e+01
1.572000e-05	1.702179e-02	1.253458e+01
1.573000e-05	1.877979e-02	1.255515e+01
1.574000e-05	1.712397e-02	1.255458e+01
1.575000e-05	1.788277e-02	1.258513e+01
1.576000e-05	1.831569e-02	1.255511e+01
1.577000e-05	1.972257e-02	1.255463e+01
1.578000e-05	2.071329e-02	1.252555e+01
1.579000e-05	2.081379e-02	1.253305e+01
1.580000e-05	2.353427e-02	1.253403e+01
1.581000e-05	2.377312e-02	1.248197e+01
1.582000e-05	2.405400e-02	1.245131e+01
1.583000e-05	2.319318e-02	1.243981e+01
1.584000e-05	2.448054e-02	1.239658e+01
1.585000e-05	2.676908e-02	1.235443e+01
1.586000e-05	2.721808e-02	1.230097e+01
1.587000e-05	2.675131e-02	1.221829e+01
1.588000e-05	2.734446e-02	1.218511e+01
1.589000e-05	3.070470e-02	1.212250e+01
1.590000e-05	3.100767e-02	1.203939e+01
1.591000e-05	3.234936e-02	1.198566e+01
1.592000e-05	3.302148e-02	1.193250e+01
1.593000e-05	3.697470e-02	1.181882e+01
1.594000e-05	3.668228e-02	1.179358e+01
1.595000e-05	3.660433e-02	1.167992e+01
1.596000e-05	3.795067e-02	1.160355e+01
1.597000e-05	4.070444e-02	1.143879e+01
1.598000e-05	4.314615e-02	1.137258e+01
1.599000e-05	4.177506e-02	1.124827e+01
1.600000e-05	4.316313e-02	1.111405e+01
1.601000e-05	4.326759e-02	1.103886e+01
1.602000e-05	4.670526e-02	1.094511e+01
1.603000e-05	4.276178e-02	1.082922e+01
1.604000e-05	4.358461e-02	1.064990e+01
1.605000e-05	4.232173e-02	1.055426e+01
1.606000e-05	4.253823e-02	1.042931e+01
1.607000e-05	3.920519e-02	1.028292e+01
1.608000e-05	3.780626e-02	1.015418e+01
1.609000e-05	3.811346e-02	1.006739e+01
1.610000e-05	3.839649e-02	9.859423e+00
1.611000e-05	3.539859e-02	9.663003e+00
1.612000e-05	3.294504e-02	9.556183e+00
1.613000e-05	3.182734e-02	9.398843e+00
1.614000e-05	3.078065e-02	9.272572e+00
1.615000e-05	2.774962e-02	9.143480e+00
1.616000e-05	2.492079e-02	8.914703e+00
1.617000e-05	2.404937e-02	8.786256e+00
1.618000e-05	2.450477e-02	8.598338e+00
1.619000e-05	2.277893e-02	8.429520e+00
1.620000e-05	1.976789e-02	8.279998e+00
1.621000e-05	1.931680e-02	8.102547e+00
1.622000e-05	1.889070e-02	7.913629e+00
1.623000e-05	1.759207e-02	7.724155e+00
1.624000e-05	1.411431e-02	7.523624e+00
1.625000e-05	1.303453e-02	7.292653e+00
1.626000e-05	1.304444e-02	7.133180e+00
1.627000e-05	1.263826e-02	6.891634e+00
1.628000e-05	1.084127e-02	6.733758e+00
1.629000e-05	8.449082e-03	6.533230e+00
1.630000e-05	9.986224e-03	6.283207e+00
1.631000e-05	9.033308e-03	6.124686e+00
1.632000e-05	7.472039e-03	5.985735e+00
1.633000e-05	6.487632e-03	5.704704e+00
1.634000e-05	6.110920e-03	5.503605e+00
1.635000e-05	6.105621e-03	5.301153e+00
1.636000e-05	4.599190e-03	5.018994e+00
1.637000e-05	2.625302e-03	4.807891e+00
1.638000e-05	3.305350e-03	4.556815e+00
1.639000e-05	3.796080e-03	4.383916e+00
1.640000e-05	2.552661e-03	4.102757e+00
1.641000e-05	1.187432e-03	3.914230e+00
1.642000e-05	1.736582e-03	3.682732e+00
1.643000e-05	1.610349e-03	3.523154e+00
1.644000e-05	7.537353e-04	3.239001e+00
1.645000e-05	-1.394840e-03	3.008451e+00
1.646000e-05	-1.993864e-03	2.799545e+00
1.647000e-05	-4.695807e-04	2.609545e+00
1.648000e-05	-8.230384e-04	2.334308e+00
1.649000e-05	-2.017850e-03	2.113259e+00
1.650000e-05	-3.176022e-03	1.922312e+00
1.651000e-05	-1.188639e-03	1.641151e+00
1.652000e-05	-2.092148e-03	1.439551e+00
1.653000e-05	-3.255757e-03	1.217970e+00
1.654000e-05	-4.950158e-03	9.116830e-01
1.655000e-05	-3.726007e-03	6.622030e-01
1.656000e-05	-2.784713e-03	4.506303e-01
1.657000e-05	-3.767002e-03	2.386715e-01
1.658000e-05	-4.127528e-03	-4.357921e-02
1.659000e-05	4.757923e-03	-2.215578e-01
1.660000e-05	-1.174248e-03	-4.430028e-01
1.661000e-05	-1.527977e-03	-6.760369e-01
1.662000e-05	-6.592180e-03	-8.956829e-01
1.663000e-05	-3.171065e-03	-1.104610e+00
1.664000e-05	-2.108756e-03	-1.297117e+00
1.665000e-05	4.286083e-03	-1.518322e+00
1.666000e-05	7.008783e-02	-1.759241e+00
1.667000e-05	2.402577e-02	-1.989821e+00
1.668000e-05	-6.409805e-02	-2.346617e+00
1.669000e-05	-4.646390e-02	-2.633476e+00
1.670000e-05	-6.111010e-02	-2.820399e+00
1.671000e-05	-3.869278e-02	-3.020874e+00
1.672000e-05	1.467794e-01	-3.149190e+00
1.673000e-05	-1.114657e-01	-3.388792e+00
1.674000e-05	-7.700607e-03	-3.588341e+00
1.675000e-05	1.372675e-01	-3.716595e+00
1.676000e-05	-1.305864e-01	-4.010875e+00
1.677000e-05	9.162916e-02	-4.273031e+00
1.678000e-05	-9.653852e-02	-4.430375e+00
1.679000e-05	-7.683944e-02	-4.726636e+00
1.680000e-05	1.469645e-01	-4.882906e+00
1.681000e-05	-9.167834e-02	-5.136087e+00
1.682000e-05	5.069434e-02	-5.420718e+00
1.683000e-05	-2.696714e-02	-5.599794e+00
1.684000e-05	-5.611017e-02	-5.800350e+00
1.685000e-05	1.016295e-01	-6.031320e+00
1.686000e-05	-1.373861e-01	-6.241425e+00
1.687000e-05	4.651595e-02	-6.432504e+00
1.688000e-05	-1.864176e-02	-6.630374e+00
1.689000e-05	2.088780e-02	-6.882456e+00
1.690000e-05	3.166096e-02	-7.019300e+00
1.691000e-05	-1.340721e-01	-7.294981e+00
1.692000e-05	1.006309e-01	-7.423001e+00
1.693000e-05	-6.702946e-02	-7.662867e+00
1.694000e-05	3.269386e-02	-7.882531e+00
1.695000e-05	-4.079628e-02	-8.082876e+00
1.696000e-05	-2.125951e-02	-8.252928e+00
1.697000e-05	5.390565e-02	-8.368842e+00
1.698000e-05	-6.990351e-02	-8.588641e+00
1.699000e-05	1.701060e-02	-8.777636e+00
1.700000e-05	-5.904156e-02	-8.945535e+00
1.701000e-05	4.582384e-02	-9.094502e+00
1.702000e-05	-2.036046e-02	-9.228793e+00
1.703000e-05	-2.609782e-02	-9.439267e+00
1.704000e-05	-6.624157e-03	-9.586636e+00
1.705000e-05	-1.831564e-02	-9.735034e+00
1.706000e-05	1.393311e-02	-9.881876e+00
1.707000e-05	-5.228319e-02	-1.000866e+01
1.708000e-05	-3.739287e-04	-1.017458e+01
1.709000e-05	-1.428152e-02	-1.032295e+01
1.710000e-05	1.103387e-02	-1.043225e+01
1.711000e-05	-3.238837e-02	-1.058811e+01
1.712000e-05	-1.980415e-02	-1.068240e+01
1.713000e-05	-5.224746e-03	-1.077829e+01
1.714000e-05	-7.972168e-03	-1.093453e+01
1.715000e-05	-2.062468e-02	-1.099824e+01
1.716000e-05	-3.295760e-02	-1.116496e+01
1.717000e-05	2.859262e-04	-1.125124e+01
1.718000e-05	-1.308860e-02	-1.132551e+01
1.719000e-05	-1.275208e-02	-1.151182e+01
1.720000e-05	-3.502626e-02	-1.155713e+01
1.721000e-05	-5.719685e-03	-1.168139e+01
1.722000e-05	-1.160365e-02	-1.180601e+01
1.723000e-05	-1.768813e-02	-1.187975e+01
1.724000e-05	-2.820863e-02	-1.195308e+01
1.725000e-05	-1.559073e-02	-1.203924e+01
1.726000e-05	-7.122918e-03	-1.210293e+01
1.727000e-05	-2.228857e-02	-1.214616e+01
1.728000e-05	-2.592941e-02	-1.221887e+01
1.729000e-05	-2.380583e-02	-1.228085e+01
1.730000e-05	-7.886800e-03	-1.232201e+01
1.731000e-05	-2.079248e-02	-1.235501e+01
1.732000e-05	-2.431246e-02	-1.240721e+01
1.733000e-05	-2.329466e-02	-1.248077e+01
1.734000e-05	-1.368952e-02	-1.252179e+01
1.735000e-05	-2.028571e-02	-1.255395e+01
1.736000e-05	-2.849355e-02	-1.251410e+01
1.737000e-05	-2.659068e-02	-1.258606e+01
1.738000e-05	-1.580150e-02	-1.261413e+01
1.739000e-05	-2.073034e-02	-1.256566e+01
1.740000e-05	-2.785212e-02	-1.259668e+01
1.741000e-05	-2.944475e-02	-1.261621e+01
1.742000e-05	-2.067962e-02	-1.260569e+01
1.743000e-05	-2.166793e-02	-1.258616e+01
1.744000e-05	-3.205937e-02	-1.260521e+01
1.745000e-05	-3.139649e-02	-1.260458e+01
1.746000e-05	-2.658268e-02	-1.255340e+01
1.747000e-05	-2.448367e-02	-1.251247e+01
1.748000e-05	-3.443382e-02	-1.249187e+01
1.749000e-05	-3.451922e-02	-1.243079e+01
1.750000e-05	-3.035235e-02	-1.242016e+01
1.751000e-05	-2.858541e-02	-1.235658e+01
1.752000e-05	-3.551778e-02	-1.233303e+01
1.753000e-05	-3.885176e-02	-1.226137e+01
1.754000e-05	-3.342450e-02	-1.221771e+01
1.755000e-05	-3.250018e-02	-1.216556e+01
1.756000e-05	-3.719295e-02	-1.209402e+01
1.757000e-05	-4.355968e-02	-1.203074e+01
1.758000e-05	-4.191051e-02	-1.193501e+01
1.759000e-05	-3.936749e-02	-1.185880e+01
1.760000e-05	-4.352016e-02	-1.178411e+01
1.761000e-05	-4.634376e-02	-1.171082e+01
1.762000e-05	-4.580092e-02	-1.158573e+01
1.763000e-05	-4.323648e-02	-1.149141e+01
1.764000e-05	-4.677070e-02	-1.132506e+01
1.765000e-05	-5.147316e-02	-1.126681e+01
1.766000e-05	-5.221676e-02	-1.116255e+01
1.767000e-05	-5.053803e-02	-1.098724e+01
1.768000e-05	-4.946947e-02	-1.091302e+01
1.769000e-05	-5.331390e-02	-1.079829e+01
1.770000e-05	-5.152455e-02	-1.070255e+01
1.771000e-05	-4.727810e-02	-1.057723e+01
1.772000e-05	-4.645573e-02	-1.046944e+01
1.773000e-05	-4.803641e-02	-1.032150e+01
1.774000e-05	-4.910060e-02	-1.012618e+01
1.775000e-05	-4.447169e-02	-9.977342e+00
1.776000e-05	-4.313433e-02	-9.851446e+00
1.777000e-05	-4.389017e-02	-9.754633e+00
1.778000e-05	-4.325784e-02	-9.588814e+00
1.779000e-05	-3.920569e-02	-9.449864e+00
1.780000e-05	-3.522259e-02	-9.283479e+00
1.781000e-05	-3.480832e-02	-9.133654e+00
1.782000e-05	-3.590322e-02	-8.967685e+00
1.783000e-05	-3.251840e-02	-8.816910e+00
1.784000e-05	-2.999480e-02	-8.649345e+00
1.785000e-05	-2.917306e-02	-8.439495e+00
1.786000e-05	-2.990508e-02	-8.273152e+00
1.787000e-05	-2.766856e-02	-8.104658e+00
1.788000e-05	-2.500235e-02	-7.943631e+00
1.789000e-05	-2.329031e-02	-7.684128e+00
1.790000e-05	-2.443905e-02	-7.532631e+00
1.791000e-05	-2.354678e-02	-7.345682e+00
1.792000e-05	-2.084745e-02	-7.124208e+00
1.793000e-05	-1.859812e-02	-6.905132e+00
1.794000e-05	-1.956370e-02	-6.724608e+00
1.795000e-05	-1.955327e-02	-6.515263e+00
1.796000e-05	-1.658725e-02	-6.325787e+00
1.797000e-05	-1.639734e-02	-6.144676e+00
1.798000e-05	-1.609214e-02	-5.924610e+00
1.799000e-05	-1.756258e-02	-5.685306e+00
1.800000e-05	-1.404923e-02	-5.545285e+00
1.801000e-05	-1.429681e-02	-5.252055e+00
1.802000e-05	-1.129665e-02	-5.029470e+00
1.803000e-05	-1.328275e-02	-4.757359e+00
1.804000e-05	-1.082080e-02	-4.557260e+00
1.805000e-05	-1.091662e-02	-4.388391e+00
1.806000e-05	-9.774077e-03	-4.136791e+00
1.807000e-05	-1.107790e-02	-3.977897e+00
1.808000e-05	-1.057054e-02	-3.655232e+00
1.809000e-05	-1.023085e-02	-3.533737e+00
1.810000e-05	-8.232380e-03	-3.301732e+00
1.811000e-05	-9.700115e-03	-3.053679e+00
1.812000e-05	-6.789852e-03	-2.818046e+00
1.813000e-05	-6.892535e-03	-2.599574e+00
1.814000e-05	-4.882188e-03	-2.388970e+00
1.815000e-05	-7.044697e-03	-2.115836e+00
1.816000e-05	-7.031038e-03	-1.893259e+00
1.817000e-05	-6.968277e-03	-1.672759e+00
1.818000e-05	-6.986478e-03	-1.462629e+00
1.819000e-05	-6.527428e-03	-1.147516e+00
1.820000e-05	-5.896271e-03	-9.383670e-01
1.821000e-05	-3.371448e-03	-7.367917e-01
1.822000e-05	-2.762833e-03	-4.416565e-01
1.823000e-05	-2.325684e-03	-2.322040e-01
1.824000e-05	-1.574158e-04	-5.117895e-02
1.825000e-05	6.715673e-03	2.294039e-01
1.826000e-05	-1.863567e-03	4.620564e-01
1.827000e-05	1.298078e-03	6.510304e-01
1.828000e-05	-3.557883e-03	8.114290e-01
1.829000e-05	1.668668e-03	1.115562e+00
1.830000e-05	2.294869e-03	1.326091e+00
1.831000e-05	5.478183e-03	1.548846e+00
1.832000e-05	3.406661e-02	1.810375e+00
1.833000e-05	7.196936e-02	2.060460e+00
1.834000e-05	-2.911310e-02	2.316117e+00
1.835000e-05	-5.064012e-02	2.577192e+00
1.836000e-05	-3.939843e-02	2.788899e+00
1.837000e-05	-2.776298e-02	2.967293e+00
1.838000e-05	-3.134007e-02	3.135114e+00
1.839000e-05	1.024316e-01	3.313558e+00
1.840000e-05	-6.029343e-02	3.547847e+00
1.841000e-05	2.468745e-03	3.695712e+00
1.842000e-05	1.166786e-01	3.977692e+00
1.843000e-05	-7.249416e-02	4.261851e+00
1.844000e-05	3.700217e-02	4.390374e+00
1.845000e-05	-4.223361e-02	4.654004e+00
1.846000e-05	-1.784910e-02	4.881528e+00
1.847000e-05	6.707190e-02	5.146993e+00
1.848000e-05	-1.985431e-02	5.389224e+00
1.849000e-05	7.950479e-03	5.590295e+00
1.850000e-05	5.528431e-03	5.848700e+00
1.851000e-05	-1.012080e-02	6.051454e+00
1.852000e-05	2.071517e-02	6.211875e+00
1.853000e-05	-2.283920e-02	6.430872e+00
1.854000e-05	2.292560e-02	6.670832e+00
1.855000e-05	-4.442609e-03	6.853454e+00
1.856000e-05	3.772044e-02	7.060447e+00
1.857000e-05	3.196654e-03	7.201428e+00
1.858000e-05	-3.905735e-02	7.469872e+00
1.859000e-05	3.614847e-02	7.680899e+00
1.860000e-05	-7.195910e-03	7.882329e+00
1.861000e-05	2.144333e-02	8.041475e+00
1.862000e-05	-7.086265e-03	8.301904e+00
1.863000e-05	1.749678e-02	8.450321e+00
1.864000e-05	1.456563e-02	8.588263e+00
1.865000e-05	6.214906e-04	8.754507e+00
1.866000e-05	2.595050e-03	8.911954e+00
1.867000e-05	-7.693939e-03	9.080299e+00
1.868000e-05	2.359504e-02	9.229318e+00
1.869000e-05	8.416634e-03	9.417693e+00
1.870000e-05	7.313725e-03	9.534630e+00
1.871000e-05	5.996142e-03	9.691374e+00
1.872000e-05	1.246190e-02	9.849867e+00
1.873000e-05	1.108383e-02	9.988660e+00
1.874000e-05	7.638522e-04	1.016556e+01
1.875000e-05	4.895673e-03	1.025085e+01
1.876000e-05	1.242598e-02	1.041823e+01
1.877000e-05	1.607153e-02	1.050396e+01
1.878000e-05	8.446834e-03	1.067040e+01
1.879000e-05	6.216819e-03	1.078919e+01
1.880000e-05	1.077444e-02	1.091247e+01
1.881000e-05	1.141796e-02	1.100929e+01
1.882000e-05	7.997117e-03	1.112350e+01
1.883000e-05	7.029068e-03	1.124027e+01
1.884000e-05	1.305131e-02	1.135388e+01
1.885000e-05	1.668293e-02	1.147721e+01
1.886000e-05	1.077778e-02	1.159445e+01
1.887000e-05	7.651525e-03	1.166182e+01
1.888000e-05	9.873199e-03	1.177456e+01
1.889000e-05	1.554535e-02	1.182937e+01
1.890000e-05	1.156512e-02	1.185290e+01
1.891000e-05	1.068889e-02	1.199756e+01
1.892000e-05	1.255625e-02	1.203990e+01
1.893000e-05	1.729357e-02	1.211292e+01
1.894000e-05	1.380007e-02	1.221559e+01
1.895000e-05	1.241063e-02	1.225721e+01
1.896000e-05	1.156864e-02	1.231087e+01
1.897000e-05	1.612142e-02	1.233345e+01
1.898000e-05	1.641037e-02	1.238671e+01
1.899000e-05	1.403947e-02	1.239861e+01
1.900000e-05	1.390672e-02	1.245179e+01
1.901000e-05	1.555772e-02	1.250143e+01
1.902000e-05	1.892230e-02	1.255298e+01
1.903000e-05	1.592303e-02	1.251345e+01
1.904000e-05	1.608497e-02	1.256460e+01
1.905000e-05	1.947105e-02	1.255455e+01
1.906000e-05	2.004687e-02	1.257563e+01
1.907000e-05	1.783552e-02	1.256511e+01
1.908000e-05	1.696236e-02	1.254563e+01
1.909000e-05	1.933599e-02	1.257558e+01
1.910000e-05	2.229999e-02	1.255363e+01
1.911000e-05	2.163118e-02	1.252355e+01
1.912000e-05	2.168965e-02	1.251345e+01
1.913000e-05	2.306231e-02	1.254197e+01
1.914000e-05	2.600611e-02	1.244242e+01
1.915000e-05	2.498634e-02	1.241877e+01
1.916000e-05	2.395876e-02	1.240763e+01
1.917000e-05	2.519198e-02	1.235245e+01
1.918000e-05	2.800042e-02	1.231137e+01
1.919000e-05	2.816702e-02	1.228876e+01
1.920000e-05	2.752325e-02	1.217461e+01
1.921000e-05	2.937103e-02	1.213100e+01
1.922000e-05	3.136877e-02	1.202986e+01
1.923000e-05	3.415465e-02	1.201559e+01
1.924000e-05	3.306470e-02	1.191295e+01
1.925000e-05	3.535671e-02	1.179826e+01
1.926000e-05	3.719787e-02	1.173456e+01
1.927000e-05	3.922190e-02	1.165979e+01
1.928000e-05	3.821117e-02	1.154400e+01
1.929000e-05	3.815579e-02	1.143877e+01
1.930000e-05	4.196633e-02	1.134355e+01
1.931000e-05	4.330614e-02	1.121829e+01
1.932000e-05	4.470516e-02	1.113303e+01
1.933000e-05	4.186853e-02	1.101829e+01
1.934000e-05	4.407906e-02	1.092363e+01
1.935000e-05	4.385866e-02	1.081773e+01
1.936000e-05	4.484883e-02	1.069884e+01
1.937000e-05	4.165038e-02	1.057363e+01
1.938000e-05	4.079155e-02	1.043534e+01
1.939000e-05	4.035985e-02	1.025090e+01
1.940000e-05	4.086803e-02	1.015421e+01
1.941000e-05	3.733190e-02	1.001884e+01
1.942000e-05	3.627111e-02	9.838868e+00
1.943000e-05	3.401787e-02	9.673599e+00
1.944000e-05	3.412962e-02	9.524634e+00
1.945000e-05	3.088634e-02	9.388266e+00
1.946000e-05	2.906985e-02	9.261096e+00
1.947000e-05	2.787006e-02	9.122602e+00
1.948000e-05	2.604656e-02	8.893678e+00
1.949000e-05	2.410429e-02	8.735657e+00
1.950000e-05	2.343942e-02	8.586236e+00
1.951000e-05	2.253028e-02	8.439519e+00
1.952000e-05	2.204401e-02	8.289422e+00
1.953000e-05	1.797111e-02	8.070150e+00
1.954000e-05	1.736293e-02	7.890574e+00
1.955000e-05	1.495696e-02	7.724075e+00
1.956000e-05	1.727096e-02	7.502005e+00
1.957000e-05	1.298130e-02	7.251624e+00
1.958000e-05	1.216907e-02	7.081551e+00
1.959000e-05	1.095438e-02	6.902154e+00
1.960000e-05	1.290736e-02	6.753536e+00
1.961000e-05	1.046919e-02	6.471626e+00
1.962000e-05	8.269867e-03	6.262153e+00
1.963000e-05	8.662282e-03	6.084130e+00
1.964000e-05	7.518042e-03	5.944283e+00
1.965000e-05	7.229077e-03	5.711052e+00
1.966000e-05	3.520444e-03	5.483654e+00
1.967000e-05	4.782298e-03	5.302075e+00
1.968000e-05	4.758871e-03	5.017387e+00
1.969000e-05	5.834256e-03	4.775863e+00
1.970000e-05	3.471161e-03	4.516261e+00
1.971000e-05	2.500519e-03	4.375389e+00
1.972000e-05	2.834239e-03	4.103130e+00
1.973000e-05	1.553596e-03	3.861129e+00
1.974000e-05	9.986807e-05	3.672180e+00
1.975000e-05	-8.129344e-04	3.472621e+00
1.976000e-05	4.942003e-04	3.208969e+00
1.977000e-05	8.574553e-04	3.009066e+00
1.978000e-05	6.991446e-04	2.797475e+00
1.979000e-05	-2.472091e-03	2.548309e+00
1.980000e-05	-3.455706e-04	2.274732e+00
1.981000e-05	-2.586048e-03	2.074732e+00
1.982000e-05	-2.442552e-03	1.893282e+00
1.983000e-05	-4.318720e-03	1.570573e+00
1.984000e-05	-2.666364e-03	1.418466e+00
1.985000e-05	-2.875909e-03	1.154942e+00
1.986000e-05	-1.939702e-03	8.722303e-01
1.987000e-05	-4.533834e-03	6.612317e-01
1.988000e-05	-4.581547e-03	4.295527e-01
1.989000e-05	-2.000764e-03	1.880413e-01
1.990000e-05	-1.671071e-03	-4.305784e-02
1.991000e-05	4.084510e-03	-2.340843e-01
1.992000e-05	-5.273576e-03	-4.440052e-01
1.993000e-05	-6.439718e-04	-7.172394e-01
1.994000e-05	-5.279569e-03	-9.166881e-01
1.995000e-05	-2.268539e-03	-1.125290e+00
1.996000e-05	-5.441435e-03	-1.297167e+00
1.997000e-05	8.299909e-03	-1.599396e+00
1.998000e-05	7.987459e-02	-1.729391e+00
1.999000e-05	6.899841e-03	-2.000820e+00
2.000000e-05	-6.409498e-02	-2.338671e+00
2.001000e-05	-4.874981e-02	-2.653554e+00
2.002000e-05	-6.048701e-02	-2.834007e+00
2.003000e-05	-1.906789e-02	-3.041954e+00
2.004000e-05	1.405273e-01	-3.209321e+00
2.005000e-05	-1.382746e-01	-3.399774e+00
2.006000e-05	4.197591e-02	-3.610925e+00
2.007000e-05	1.071272e-01	-3.747267e+00
2.008000e-05	-1.244486e-01	-4.062534e+00
2.009000e-05	1.010841e-01	-4.265058e+00
2.010000e-05	-1.257360e-01	-4.432951e+00
2.011000e-05	-3.423043e-02	-4.717134e+00
2.012000e-05	1.276891e-01	-4.896583e+00
2.013000e-05	-9.913678e-02	-5.168741e+00
2.014000e-05	6.635785e-02	-5.430320e+00
2.015000e-05	-5.081804e-02	-5.611949e+00
2.016000e-05	-2.855733e-02	-5.862851e+00
2.017000e-05	8.372239e-02	-6.040869e+00
2.018000e-05	-1.388621e-01	-6.221453e+00
2.019000e-05	6.858636e-02	-6.461455e+00
2.020000e-05	-3.874886e-02	-6.652448e+00
2.021000e-05	4.511443e-02	-6.892951e+00
2.022000e-05	-3.176785e-03	-7.123902e+00
2.023000e-05	-1.120084e-01	-7.275029e+00
2.024000e-05	9.755879e-02	-7.462975e+00
2.025000e-05	-7.697039e-02	-7.673977e+00
2.026000e-05	4.552297e-02	-7.904054e+00
2.027000e-05	-5.657619e-02	-8.093976e+00
2.028000e-05	5.344295e-03	-8.233356e+00
2.029000e-05	3.699202e-02	-8.409918e+00
2.030000e-05	-6.406794e-02	-8.648243e+00
2.031000e-05	1.432698e-02	-8.769697e+00
2.032000e-05	-5.948514e-02	-8.957687e+00
2.033000e-05	4.974381e-02	-9.103507e+00
2.034000e-05	-3.531381e-02	-9.252395e+00
2.035000e-05	-1.158857e-02	-9.420742e+00
2.036000e-05	-1.124228e-02	-9.606613e+00
2.037000e-05	-8.711905e-03	-9.756585e+00
2.038000e-05	4.894309e-03	-9.871397e+00
2.039000e-05	-4.994216e-02	-1.002074e+01
2.040000e-05	2.844091e-03	-1.017548e+01
2.041000e-05	-1.650456e-02	-1.035549e+01
2.042000e-05	1.017655e-02	-1.045190e+01
2.043000e-05	-3.753315e-02	-1.053721e+01
2.044000e-05	-1.171361e-02	-1.069396e+01
2.045000e-05	-9.162247e-03	-1.080019e+01
2.046000e-05	-7.360643e-03	-1.095496e+01
2.047000e-05	-2.397615e-02	-1.101922e+01
2.048000e-05	-2.576275e-02	-1.113698e+01
2.049000e-05	-2.230620e-04	-1.124992e+01
2.050000e-05	-1.424786e-02	-1.135656e+01
2.051000e-05	-1.551064e-02	-1.149334e+01
2.052000e-05	-3.263448e-02	-1.155706e+01
2.053000e-05	-4.221273e-03	-1.171334e+01
2.054000e-05	-1.534520e-02	-1.179756e+01
2.055000e-05	-1.779104e-02	-1.187079e+01
2.056000e-05	-2.679738e-02	-1.196656e+01
2.057000e-05	-1.156248e-02	-1.206229e+01
2.058000e-05	-1.088756e-02	-1.212347e+01
2.059000e-05	-2.272291e-02	-1.214671e+01
2.060000e-05	-2.548210e-02	-1.220879e+01
2.061000e-05	-2.056542e-02	-1.229037e+01
2.062000e-05	-1.068285e-02	-1.231505e+01
2.063000e-05	-2.345635e-02	-1.239613e+01
2.064000e-05	-2.395481e-02	-1.238911e+01
2.065000e-05	-2.180072e-02	-1.243229e+01
2.066000e-05	-1.405167e-02	-1.249185e+01
2.067000e-05	-2.288882e-02	-1.250398e+01
2.068000e-05	-2.750045e-02	-1.255350e+01
2.069000e-05	-2.411224e-02	-1.257508e+01
2.070000e-05	-1.655707e-02	-1.259501e+01
2.071000e-05	-2.316802e-02	-1.257616e+01
2.072000e-05	-2.921859e-02	-1.256661e+01
2.073000e-05	-2.802401e-02	-1.263619e+01
2.074000e-05	-2.066332e-02	-1.257661e+01
2.075000e-05	-2.247984e-02	-1.261509e+01
2.076000e-05	-3.124493e-02	-1.257465e+01
2.077000e-05	-2.879643e-02	-1.256410e+01
2.078000e-05	-2.652531e-02	-1.253258e+01
2.079000e-05	-2.618813e-02	-1.247347e+01
2.080000e-05	-3.621370e-02	-1.248192e+01
2.081000e-05	-3.484997e-02	-1.241969e+01
2.082000e-05	-2.947423e-02	-1.242971e+01
2.083000e-05	-2.837951e-02	-1.234456e+01
2.084000e-05	-3.609776e-02	-1.233200e+01
2.085000e-05	-3.764988e-02	-1.224985e+01
2.086000e-05	-3.402696e-02	-1.220724e+01
2.087000e-05	-3.342454e-02	-1.218513e+01
2.088000e-05	-3.935035e-02	-1.210100e+01
2.089000e-05	-4.256089e-02	-1.200876e+01
2.090000e-05	-3.947879e-02	-1.194695e+01
2.091000e-05	-3.921396e-02	-1.188081e+01
2.092000e-05	-4.380386e-02	-1.180265e+01
2.093000e-05	-4.721340e-02	-1.167284e+01
2.094000e-05	-4.595716e-02	-1.154513e+01
2.095000e-05	-4.449734e-02	-1.144885e+01
2.096000e-05	-4.806608e-02	-1.134548e+01
2.097000e-05	-5.146073e-02	-1.121869e+01
2.098000e-05	-5.038355e-02	-1.107302e+01
2.099000e-05	-4.885562e-02	-1.100769e+01
2.100000e-05	-5.063132e-02	-1.086454e+01
2.101000e-05	-5.385474e-02	-1.076821e+01
2.102000e-05	-5.036937e-02	-1.069045e+01
2.103000e-05	-4.812966e-02	-1.054423e+01
2.104000e-05	-4.809564e-02	-1.045944e+01
2.105000e-05	-4.887418e-02	-1.030189e+01
2.106000e-05	-4.787485e-02	-1.014510e+01
2.107000e-05	-4.304039e-02	-1.000781e+01
2.108000e-05	-4.327941e-02	-9.840520e+00
2.109000e-05	-4.179027e-02	-9.744554e+00
2.110000e-05	-4.183211e-02	-9.598283e+00
2.111000e-05	-3.604004e-02	-9.410288e+00
2.112000e-05	-3.839060e-02	-9.243024e+00
2.113000e-05	-3.662429e-02	-9.102132e+00
2.114000e-05	-3.762111e-02	-8.985114e+00
2.115000e-05	-3.172983e-02	-8.758386e+00
2.116000e-05	-3.104661e-02	-8.608361e+00
2.117000e-05	-2.825678e-02	-8.428922e+00
2.118000e-05	-2.727671e-02	-8.262546e+00
2.119000e-05	-2.472360e-02	-8.134175e+00
2.120000e-05	-2.570287e-02	-7.923602e+00
2.121000e-05	-2.753684e-02	-7.683598e+00
2.122000e-05	-2.526318e-02	-7.471999e+00
2.123000e-05	-2.355309e-02	-7.314651e+00
2.124000e-05	-1.971293e-02	-7.124128e+00
2.125000e-05	-2.043511e-02	-6.913049e+00
2.126000e-05	-1.679557e-02	-6.704150e+00
2.127000e-05	-1.789175e-02	-6.574210e+00
2.128000e-05	-1.638555e-02	-6.365309e+00
2.129000e-05	-1.857011e-02	-6.104153e+00
2.130000e-05	-1.759313e-02	-5.921627e+00
2.131000e-05	-1.714621e-02	-5.693158e+00
2.132000e-05	-1.350799e-02	-5.504180e+00
2.133000e-05	-1.492066e-02	-5.273021e+00
2.134000e-05	-1.182155e-02	-5.008391e+00
2.135000e-05	-1.244163e-02	-4.655283e+00
2.136000e-05	-1.042764e-02	-4.555234e+00
2.137000e-05	-1.172851e-02	-4.356266e+00
2.138000e-05	-1.102909e-02	-4.125808e+00
2.139000e-05	-1.159360e-02	-3.966289e+00
2.140000e-05	-9.490144e-03	-3.722706e+00
2.141000e-05	-1.017518e-02	-3.482682e+00
2.142000e-05	-9.577557e-03	-3.242608e+00
2.143000e-05	-9.655543e-03	-3.021045e+00
2.144000e-05	-5.521679e-03	-2.809392e+00
2.145000e-05	-6.818827e-03	-2.617395e+00
2.146000e-05	-6.424603e-03	-2.347359e+00
2.147000e-05	-7.551713e-03	-2.084758e+00
2.148000e-05	-5.748788e-03	-1.883259e+00
2.149000e-05	-6.843742e-03	-1.652178e+00
2.150000e-05	-6.195497e-03	-1.421450e+00
2.151000e-05	-6.316632e-03	-1.135812e+00
2.152000e-05	-5.287959e-03	-9.053395e-01
2.153000e-05	-4.829892e-03	-7.158417e-01
2.154000e-05	-3.008937e-03	-4.105553e-01
2.155000e-05	-1.990170e-03	-2.501553e-01
2.156000e-05	1.259318e-03	-1.052637e-02
2.157000e-05	6.543189e-03	2.731579e-01
2.158000e-05	-2.604385e-03	4.431053e-01
2.159000e-05	1.310651e-03	6.726579e-01
2.160000e-05	-3.235592e-03	8.545840e-01
2.161000e-05	2.088283e-03	1.137766e+00
2.162000e-05	1.094088e-03	1.366321e+00
2.163000e-05	6.850097e-03	1.631347e+00
2.164000e-05	3.976186e-02	1.840455e+00
2.165000e-05	6.967799e-02	2.073505e+00
2.166000e-05	-3.913075e-02	2.366766e+00
2.167000e-05	-4.936406e-02	2.570820e+00
2.168000e-05	-3.667340e-02	2.821024e+00
2.169000e-05	-3.030201e-02	2.998397e+00
2.170000e-05	-2.131163e-02	3.126192e+00
2.171000e-05	1.031465e-01	3.305088e+00
2.172000e-05	-8.263753e-02	3.579925e+00
2.173000e-05	3.728621e-02	3.734738e+00
2.174000e-05	9.338497e-02	4.008293e+00
2.175000e-05	-7.235330e-02	4.262429e+00
2.176000e-05	4.551563e-02	4.432005e+00
2.177000e-05	-5.793665e-02	4.683535e+00
2.178000e-05	3.453743e-03	4.894079e+00
2.179000e-05	5.709119e-02	5.207788e+00
2.180000e-05	-2.286890e-02	5.410922e+00
2.181000e-05	1.177996e-02	5.629893e+00
2.182000e-05	2.749441e-03	5.891999e+00
2.183000e-05	-6.216940e-03	6.042554e+00
2.184000e-05	1.604341e-02	6.261351e+00
2.185000e-05	-2.108652e-02	6.430827e+00
2.186000e-05	2.583600e-02	6.702881e+00
2.187000e-05	-7.405535e-03	6.912555e+00
2.188000e-05	4.304535e-02	7.021505e+00
2.189000e-05	-8.398167e-03	7.260899e+00
2.190000e-05	-2.835624e-02	7.459877e+00
2.191000e-05	3.674983e-02	7.703527e+00
2.192000e-05	-1.039251e-02	7.901906e+00
2.193000e-05	2.444371e-02	8.113477e+00
2.194000e-05	-1.085883e-02	8.272431e+00
2.195000e-05	2.130954e-02	8.421399e+00
2.196000e-05	7.262019e-03	8.578665e+00
2.197000e-05	3.037506e-03	8.744483e+00
2.198000e-05	1.919505e-03	8.894533e+00
2.199000e-05	-3.575298e-03	9.071425e+00
2.200000e-05	2.291328e-02	9.281345e+00
2.201000e-05	5.886719e-03	9.428746e+00
2.202000e-05	8.993033e-03	9.558107e+00
2.203000e-05	4.186255e-03	9.714928e+00
2.204000e-05	1.262742e-02	9.889373e+00
2.205000e-05	8.702567e-03	1.002931e+01
2.206000e-05	3.686049e-03	1.016556e+01
2.207000e-05	7.789977e-03	1.029138e+01
2.208000e-05	1.202796e-02	1.043931e+01
2.209000e-05	1.445569e-02	1.056453e+01
2.210000e-05	7.995150e-03	1.064950e+01
2.211000e-05	7.793935e-03	1.077877e+01
2.212000e-05	9.716703e-03	1.092398e+01
2.213000e-05	1.196956e-02	1.103827e+01
2.214000e-05	8.473038e-03	1.112300e+01
2.215000e-05	8.503979e-03	1.124129e+01
2.216000e-05	1.266321e-02	1.130498e+01
2.217000e-05	1.345473e-02	1.147929e+01
2.218000e-05	1.151472e-02	1.160501e+01
2.219000e-05	8.632473e-03	1.166224e+01
2.220000e-05	1.206703e-02	1.173511e+01
2.221000e-05	1.367986e-02	1.183979e+01
2.222000e-05	1.233456e-02	1.192348e+01
2.223000e-05	1.106705e-02	1.196566e+01
2.224000e-05	1.379978e-02	1.209027e+01
2.225000e-05	1.449080e-02	1.213302e+01
2.226000e-05	1.330022e-02	1.216460e+01
2.227000e-05	1.147442e-02	1.224782e+01
2.228000e-05	1.364813e-02	1.229937e+01
2.229000e-05	1.535259e-02	1.234393e+01
2.230000e-05	1.488824e-02	1.236811e+01
2.231000e-05	1.500531e-02	1.244022e+01
2.232000e-05	1.569281e-02	1.249229e+01
2.233000e-05	1.653797e-02	1.251183e+01
2.234000e-05	1.609547e-02	1.252248e+01
2.235000e-05	1.596217e-02	1.253451e+01
2.236000e-05	1.685713e-02	1.253511e+01
2.237000e-05	1.845142e-02	1.253458e+01
2.238000e-05	1.815720e-02	1.256461e+01
2.239000e-05	1.856166e-02	1.257563e+01
2.240000e-05	1.972264e-02	1.259406e+01
2.241000e-05	2.130144e-02	1.255556e+01
2.242000e-05	2.083176e-02	1.256458e+01
2.243000e-05	2.023285e-02	1.251303e+01
2.244000e-05	2.235715e-02	1.253458e+01
2.245000e-05	2.307727e-02	1.246299e+01
2.246000e-05	2.437460e-02	1.248084e+01
2.247000e-05	2.470805e-02	1.243071e+01
2.248000e-05	2.642351e-02	1.237413e+01
2.249000e-05	2.694989e-02	1.234143e+01
2.250000e-05	2.733845e-02	1.231179e+01
2.251000e-05	2.683078e-02	1.224683e+01
2.252000e-05	2.792936e-02	1.218408e+01
2.253000e-05	2.948860e-02	1.210297e+01
2.254000e-05	3.029924e-02	1.202929e+01
2.255000e-05	3.282509e-02	1.200514e+01
2.256000e-05	3.448945e-02	1.190145e+01
2.257000e-05	3.695780e-02	1.181779e+01
2.258000e-05	3.834336e-02	1.175455e+01
2.259000e-05	3.723371e-02	1.165934e+01
2.260000e-05	3.907760e-02	1.152505e+01
2.261000e-05	3.865051e-02	1.147777e+01
2.262000e-05	4.206367e-02	1.129407e+01
2.263000e-05	4.082414e-02	1.118921e+01
2.264000e-05	4.401012e-02	1.112407e+01
2.265000e-05	4.343959e-02	1.098774e+01
2.266000e-05	4.564290e-02	1.091255e+01
2.267000e-05	4.366410e-02	1.077671e+01
2.268000e-05	4.406823e-02	1.064887e+01
2.269000e-05	4.236839e-02	1.053255e+01
2.270000e-05	4.278092e-02	1.037776e+01
2.271000e-05	3.951424e-02	1.024952e+01
2.272000e-05	3.912194e-02	1.013758e+01
2.273000e-05	3.724076e-02	1.001729e+01
2.274000e-05	3.706651e-02	9.837738e+00
2.275000e-05	3.419986e-02	9.632447e+00
2.276000e-05	3.279250e-02	9.553104e+00
2.277000e-05	3.168603e-02	9.336167e+00
2.278000e-05	2.971977e-02	9.231972e+00
2.279000e-05	2.804279e-02	9.113098e+00
2.280000e-05	2.514315e-02	8.933651e+00
2.281000e-05	2.439464e-02	8.752629e+00
2.282000e-05	2.271794e-02	8.566235e+00
2.283000e-05	2.194773e-02	8.460364e+00
2.284000e-05	1.946275e-02	8.280468e+00
2.285000e-05	1.986793e-02	8.089448e+00
2.286000e-05	1.823202e-02	7.851599e+00
2.287000e-05	1.716779e-02	7.700524e+00
2.288000e-05	1.497382e-02	7.521446e+00
2.289000e-05	1.436971e-02	7.251100e+00
2.290000e-05	1.231102e-02	7.061551e+00
2.291000e-05	1.142121e-02	6.882604e+00
2.292000e-05	1.032399e-02	6.741674e+00
2.293000e-05	9.469555e-03	6.491525e+00
2.294000e-05	8.870950e-03	6.291103e+00
2.295000e-05	8.438926e-03	6.092156e+00
2.296000e-05	7.703783e-03	5.932179e+00
2.297000e-05	6.350695e-03	5.670051e+00
2.298000e-05	6.455772e-03	5.461624e+00
2.299000e-05	4.810802e-03	5.259626e+00
2.300000e-05	3.871725e-03	4.946311e+00
2.301000e-05	2.545643e-03	4.733784e+00
2.302000e-05	2.681916e-03	4.534259e+00
2.303000e-05	2.870182e-03	4.362833e+00
2.304000e-05	1.790551e-03	4.120078e+00
2.305000e-05	1.149077e-03	3.851629e+00
2.306000e-05	1.336175e-03	3.651628e+00
2.307000e-05	2.172437e-03	3.451071e+00
2.308000e-05	2.735016e-04	3.177443e+00
2.309000e-05	-1.365365e-03	2.996915e+00
2.310000e-05	-1.733770e-03	2.785468e+00
2.311000e-05	-9.847866e-04	2.526304e+00
2.312000e-05	-1.653034e-03	2.281705e+00
2.313000e-05	-2.820776e-03	2.072631e+00
2.314000e-05	-2.961001e-03	1.902758e+00
2.315000e-05	-1.176717e-03	1.590049e+00
2.316000e-05	-2.837208e-03	1.344943e+00
2.317000e-05	-4.036527e-03	1.115362e+00
2.318000e-05	-4.745119e-03	8.406278e-01
2.319000e-05	-3.109961e-03	6.511500e-01
2.320000e-05	-3.151519e-03	4.300763e-01
2.321000e-05	-3.687497e-03	1.868949e-01
2.322000e-05	-1.692542e-03	-4.366054e-02
2.323000e-05	4.011843e-03	-2.941580e-01
2.324000e-05	-5.557343e-03	-4.656565e-01
2.325000e-05	-1.570298e-03	-7.168171e-01
2.326000e-05	-5.766201e-03	-9.376909e-01
2.327000e-05	-7.752615e-04	-1.156764e+00
2.328000e-05	-2.754369e-03	-1.339242e+00
2.329000e-05	1.276848e-02	-1.600426e+00
2.330000e-05	8.374219e-02	-1.769925e+00
2.331000e-05	-1.147682e-02	-2.070901e+00
2.332000e-05	-5.998284e-02	-2.349924e+00
2.333000e-05	-5.154821e-02	-2.684587e+00
2.334000e-05	-6.475695e-02	-2.854504e+00
2.335000e-05	4.365941e-03	-3.011529e+00
2.336000e-05	1.307004e-01	-3.180346e+00
2.337000e-05	-1.576432e-01	-3.421906e+00
2.338000e-05	8.258275e-02	-3.621000e+00
2.339000e-05	6.973156e-02	-3.823167e+00
2.340000e-05	-1.082177e-01	-4.085112e+00
2.341000e-05	1.011340e-01	-4.295082e+00
2.342000e-05	-1.516931e-01	-4.513479e+00
2.343000e-05	5.332650e-03	-4.736741e+00
2.344000e-05	1.046809e-01	-4.917058e+00
2.345000e-05	-9.447810e-02	-5.208243e+00
2.346000e-05	7.564904e-02	-5.450873e+00
2.347000e-05	-7.281735e-02	-5.642998e+00
2.348000e-05	6.053306e-04	-5.892955e+00
2.349000e-05	6.051713e-02	-6.001429e+00
2.350000e-05	-1.355047e-01	-6.284957e+00
2.351000e-05	7.889389e-02	-6.473428e+00
2.352000e-05	-5.466269e-02	-6.663028e+00
2.353000e-05	6.927874e-02	-6.884051e+00
2.354000e-05	-3.507341e-02	-7.071945e+00
2.355000e-05	-8.628524e-02	-7.366562e+00
2.356000e-05	8.945061e-02	-7.472451e+00
2.357000e-05	-7.880951e-02	-7.685909e+00
2.358000e-05	5.256052e-02	-7.937007e+00
2.359000e-05	-7.417995e-02	-8.123008e+00
2.360000e-05	2.669749e-02	-8.284532e+00
2.361000e-05	1.760971e-02	-8.420823e+00
2.362000e-05	-5.273551e-02	-8.619795e+00
2.363000e-05	6.734524e-03	-8.799768e+00
2.364000e-05	-5.403449e-02	-8.969162e+00
2.365000e-05	5.407563e-02	-9.104081e+00
2.366000e-05	-4.450418e-02	-9.292445e+00
2.367000e-05	-3.971927e-03	-9.440373e+00
2.368000e-05	-1.977428e-02	-9.589689e+00
2.369000e-05	1.140997e-03	-9.798685e+00
2.370000e-05	-4.138630e-03	-9.851976e+00
2.371000e-05	-4.592786e-02	-1.002124e+01
2.372000e-05	9.551414e-04	-1.016664e+01
2.373000e-05	-1.404776e-02	-1.034645e+01
2.374000e-05	9.503632e-03	-1.050242e+01
2.375000e-05	-4.037820e-02	-1.059766e+01
2.376000e-05	-8.205584e-03	-1.070445e+01
2.377000e-05	-1.121464e-02	-1.078871e+01
2.378000e-05	-4.245039e-03	-1.098551e+01
2.379000e-05	-2.925458e-02	-1.105927e+01
2.380000e-05	-2.191874e-02	-1.119611e+01
2.381000e-05	-1.776326e-03	-1.128085e+01
2.382000e-05	-1.219951e-02	-1.140601e+01
2.383000e-05	-1.783730e-02	-1.149192e+01
2.384000e-05	-3.201764e-02	-1.157703e+01
2.385000e-05	-3.169510e-03	-1.170285e+01
2.386000e-05	-1.552522e-02	-1.175611e+01
2.387000e-05	-1.686663e-02	-1.190072e+01
2.388000e-05	-2.880801e-02	-1.194698e+01
2.389000e-05	-9.935477e-03	-1.204035e+01
2.390000e-05	-1.128662e-02	-1.211350e+01
2.391000e-05	-2.226527e-02	-1.217561e+01
2.392000e-05	-2.746377e-02	-1.223024e+01
2.393000e-05	-1.988402e-02	-1.230287e+01
2.394000e-05	-9.480040e-03	-1.234505e+01
2.395000e-05	-2.326066e-02	-1.235701e+01
2.396000e-05	-2.464071e-02	-1.240774e+01
2.397000e-05	-2.207687e-02	-1.247069e+01
2.398000e-05	-1.310398e-02	-1.248282e+01
2.399000e-05	-2.321673e-02	-1.248350e+01
2.400000e-05	-2.815764e-02	-1.255453e+01
2.401000e-05	-2.483251e-02	-1.258353e+01
2.402000e-05	-1.517880e-02	-1.260558e+01
2.403000e-05	-2.360844e-02	-1.259561e+01
2.404000e-05	-2.884870e-02	-1.258619e+01
2.405000e-05	-2.716758e-02	-1.256614e+01
2.406000e-05	-2.079734e-02	-1.260563e+01
2.407000e-05	-2.489809e-02	-1.258569e+01
2.408000e-05	-3.107497e-02	-1.258363e+01
2.409000e-05	-2.845529e-02	-1.255406e+01
2.410000e-05	-2.597475e-02	-1.252405e+01
2.411000e-05	-2.669267e-02	-1.251244e+01
2.412000e-05	-3.633990e-02	-1.247339e+01
2.413000e-05	-3.308188e-02	-1.243923e+01
2.414000e-05	-2.991296e-02	-1.238864e+01
2.415000e-05	-2.872708e-02	-1.235318e+01
2.416000e-05	-3.594883e-02	-1.228400e+01
2.417000e-05	-3.649419e-02	-1.224142e+01
2.418000e-05	-3.338741e-02	-1.222776e+01
2.419000e-05	-3.462389e-02	-1.216358e+01
2.420000e-05	-3.964074e-02	-1.210189e+01
2.421000e-05	-4.220745e-02	-1.202871e+01
2.422000e-05	-3.886128e-02	-1.195495e+01
2.423000e-05	-3.930462e-02	-1.185931e+01
2.424000e-05	-4.415057e-02	-1.180462e+01
2.425000e-05	-4.693639e-02	-1.163930e+01
2.426000e-05	-4.599174e-02	-1.157713e+01
2.427000e-05	-4.399895e-02	-1.145986e+01
2.428000e-05	-4.890839e-02	-1.131197e+01
2.429000e-05	-5.168513e-02	-1.121718e+01
2.430000e-05	-5.103866e-02	-1.110255e+01
2.431000e-05	-4.891099e-02	-1.098761e+01
2.432000e-05	-5.068837e-02	-1.088155e+01
2.433000e-05	-5.331728e-02	-1.075726e+01
2.434000e-05	-5.092783e-02	-1.071087e+01
2.435000e-05	-4.766310e-02	-1.055511e+01
2.436000e-05	-4.794464e-02	-1.045781e+01
2.437000e-05	-4.912083e-02	-1.028984e+01
2.438000e-05	-4.751770e-02	-1.010363e+01
2.439000e-05	-4.268599e-02	-9.997160e+00
2.440000e-05	-4.282789e-02	-9.839921e+00
2.441000e-05	-4.445164e-02	-9.712554e+00
2.442000e-05	-4.205244e-02	-9.546287e+00
2.443000e-05	-3.756939e-02	-9.427733e+00
2.444000e-05	-3.536250e-02	-9.250970e+00
2.445000e-05	-3.727090e-02	-9.111549e+00
2.446000e-05	-3.560368e-02	-8.903684e+00
2.447000e-05	-3.201542e-02	-8.786758e+00
2.448000e-05	-2.942140e-02	-8.567783e+00
2.449000e-05	-2.996429e-02	-8.428442e+00
2.450000e-05	-2.942021e-02	-8.259947e+00
2.451000e-05	-2.704588e-02	-8.072050e+00
2.452000e-05	-2.471388e-02	-7.912597e+00
2.453000e-05	-2.531775e-02	-7.690071e+00
2.454000e-05	-2.514517e-02	-7.481572e+00
2.455000e-05	-2.260396e-02	-7.270651e+00
2.456000e-05	-1.823292e-02	-7.101501e+00
2.457000e-05	-2.065705e-02	-6.843073e+00
2.458000e-05	-1.938166e-02	-6.693604e+00
2.459000e-05	-1.905008e-02	-6.494159e+00
2.460000e-05	-1.491194e-02	-6.342678e+00
2.461000e-05	-1.700323e-02	-6.083580e+00
2.462000e-05	-1.738003e-02	-5.862054e+00
2.463000e-05	-1.628131e-02	-5.663597e+00
2.464000e-05	-1.303264e-02	-5.494147e+00
2.465000e-05	-1.394447e-02	-5.229447e+00
2.466000e-05	-1.319861e-02	-4.978841e+00
2.467000e-05	-1.369705e-02	-4.694283e+00
2.468000e-05	-1.005710e-02	-4.503687e+00
2.469000e-05	-1.126473e-02	-4.344787e+00
2.470000e-05	-9.764840e-03	-4.145311e+00
2.471000e-05	-1.096615e-02	-3.924789e+00
2.472000e-05	-8.739882e-03	-3.692752e+00
2.473000e-05	-1.100256e-02	-3.503151e+00
2.474000e-05	-9.037731e-03	-3.231151e+00
2.475000e-05	-9.574878e-03	-3.010645e+00
2.476000e-05	-6.330214e-03	-2.798893e+00
2.477000e-05	-6.898264e-03	-2.525866e+00
2.478000e-05	-5.147147e-03	-2.386766e+00
2.479000e-05	-6.432029e-03	-2.101203e+00
2.480000e-05	-5.838884e-03	-1.881683e+00
2.481000e-05	-7.443615e-03	-1.650080e+00
2.482000e-05	-6.128038e-03	-1.390171e+00
2.483000e-05	-6.550217e-03	-1.136808e+00
2.484000e-05	-5.355187e-03	-9.112105e-01
2.485000e-05	-4.060785e-03	-6.743065e-01
2.486000e-05	-2.866177e-03	-4.001501e-01
2.487000e-05	-1.896346e-03	-2.526263e-01
2.488000e-05	1.795099e-03	5.152770e-02
2.489000e-05	5.233906e-03	2.640592e-01
2.490000e-05	-2.245893e-03	4.741369e-01
2.491000e-05	1.544891e-03	7.041368e-01
2.492000e-05	-1.910346e-03	8.871091e-01
2.493000e-05	1.000485e-03	1.166840e+00
2.494000e-05	1.186019e-03	1.359796e+00
2.495000e-05	8.712748e-03	1.612502e+00
2.496000e-05	4.522095e-02	1.874058e+00
2.497000e-05	6.270489e-02	2.084663e+00
2.498000e-05	-4.797045e-02	2.377869e+00
2.499000e-05	-4.721312e-02	2.600980e+00
2.500000e-05	-3.286670e-02	2.830505e+00
2.501000e-05	-3.412804e-02	3.028423e+00
2.502000e-05	-7.426851e-03	3.148741e+00
2.503000e-05	1.004186e-01	3.359168e+00
2.504000e-05	-9.756818e-02	3.610974e+00
2.505000e-05	6.983239e-02	3.726766e+00
2.506000e-05	6.682963e-02	4.029396e+00
2.507000e-05	-6.787349e-02	4.273432e+00
2.508000e-05	4.927515e-02	4.453483e+00
2.509000e-05	-7.000372e-02	4.715184e+00
2.510000e-05	2.109509e-02	4.903113e+00
2.511000e-05	4.691286e-02	5.209369e+00
2.512000e-05	-2.134617e-02	5.491428e+00
2.513000e-05	1.468166e-02	5.679976e+00
2.514000e-05	-3.295141e-03	5.872486e+00
2.515000e-05	-1.251866e-03	6.053535e+00
2.516000e-05	1.141651e-02	6.260406e+00
2.517000e-05	-1.711423e-02	6.432953e+00
2.518000e-05	2.443361e-02	6.673429e+00
2.519000e-05	-7.329887e-03	6.893034e+00
2.520000e-05	4.545481e-02	7.083085e+00
2.521000e-05	-1.914667e-02	7.322526e+00
2.522000e-05	-2.065413e-02	7.510350e+00
2.523000e-05	3.433490e-02	7.663474e+00
2.524000e-05	-9.282278e-03	7.973431e+00
2.525000e-05	2.663389e-02	8.114052e+00
2.526000e-05	-1.399567e-02	8.335105e+00
2.527000e-05	2.533751e-02	8.439901e+00
2.528000e-05	1.930947e-03	8.589745e+00
2.529000e-05	5.123228e-03	8.766212e+00
2.530000e-05	-2.713772e-03	8.974006e+00
2.531000e-05	-2.194646e-04	9.122902e+00
2.532000e-05	2.527625e-02	9.273000e+00
2.533000e-05	6.713811e-03	9.460245e+00
2.534000e-05	1.116027e-02	9.555162e+00
2.535000e-05	1.752720e-03	9.734554e+00
2.536000e-05	1.475767e-02	9.860325e+00
2.537000e-05	6.064900e-03	1.003782e+01
2.538000e-05	1.638900e-03	1.015666e+01
2.539000e-05	6.238389e-03	1.030195e+01
2.540000e-05	1.388170e-02	1.043119e+01
2.541000e-05	1.715769e-02	1.056449e+01
2.542000e-05	8.207552e-03	1.070087e+01
2.543000e-05	8.256697e-03	1.084921e+01
2.544000e-05	9.670005e-03	1.090403e+01
2.545000e-05	1.247852e-02	1.106025e+01
2.546000e-05	6.866576e-03	1.113363e+01
2.547000e-05	7.203513e-03	1.126084e+01
2.548000e-05	1.222618e-02	1.136555e+01
2.549000e-05	1.571601e-02	1.148029e+01
2.550000e-05	1.222614e-02	1.162603e+01
2.551000e-05	8.428577e-03	1.166090e+01
2.552000e-05	1.241901e-02	1.176823e+01
2.553000e-05	1.413396e-02	1.185974e+01
2.554000e-05	1.313090e-02	1.189295e+01
2.555000e-05	9.352920e-03	1.198861e+01
2.556000e-05	1.276884e-02	1.209127e+01
2.557000e-05	1.483530e-02	1.215500e+01
2.558000e-05	1.502164e-02	1.217463e+01
2.559000e-05	1.142120e-02	1.227721e+01
2.560000e-05	1.326161e-02	1.231245e+01
2.561000e-05	1.651195e-02	1.235595e+01
2.562000e-05	1.595312e-02	1.237764e+01
2.563000e-05	1.409653e-02	1.242017e+01
2.564000e-05	1.350479e-02	1.245944e+01
2.565000e-05	1.646806e-02	1.253335e+01
2.566000e-05	1.792683e-02	1.251398e+01
2.567000e-05	1.615772e-02	1.255306e+01
2.568000e-05	1.620585e-02	1.252458e+01
2.569000e-05	1.932648e-02	1.257563e+01
2.570000e-05	2.003604e-02	1.255571e+01
2.571000e-05	1.814029e-02	1.255563e+01
2.572000e-05	1.736410e-02	1.256508e+01
2.573000e-05	1.982851e-02	1.253363e+01
2.574000e-05	2.272662e-02	1.252411e+01
2.575000e-05	2.137534e-02	1.253305e+01
2.576000e-05	2.198626e-02	1.252305e+01
2.577000e-05	2.276719e-02	1.246090e+01
2.578000e-05	2.676452e-02	1.244036e+01
2.579000e-05	2.505790e-02	1.243723e+01
2.580000e-05	2.468978e-02	1.237701e+01
2.581000e-05	2.560801e-02	1.235045e+01
2.582000e-05	2.852235e-02	1.228138e+01
2.583000e-05	2.891876e-02	1.223518e+01
2.584000e-05	2.768481e-02	1.218448e+01
2.585000e-05	2.937946e-02	1.209190e+01
2.586000e-05	3.133364e-02	1.201929e+01
2.587000e-05	3.345992e-02	1.200508e+01
2.588000e-05	3.334580e-02	1.192144e+01
2.589000e-05	3.546165e-02	1.180731e+01
2.590000e-05	3.828947e-02	1.175408e+01
2.591000e-05	3.943734e-02	1.165879e+01
2.592000e-05	3.925278e-02	1.157295e+01
2.593000e-05	3.894713e-02	1.142729e+01
2.594000e-05	4.192456e-02	1.133352e+01
2.595000e-05	4.255123e-02	1.120874e+01
2.596000e-05	4.401183e-02	1.110147e+01
2.597000e-05	4.258451e-02	1.100674e+01
2.598000e-05	4.580563e-02	1.090152e+01
2.599000e-05	4.307188e-02	1.079721e+01
2.600000e-05	4.479274e-02	1.064879e+01
2.601000e-05	4.103475e-02	1.049310e+01
2.602000e-05	4.227922e-02	1.039721e+01
2.603000e-05	3.952348e-02	1.021887e+01
2.604000e-05	3.968929e-02	1.011410e+01
2.605000e-05	3.651448e-02	9.947210e+00
2.606000e-05	3.598703e-02	9.808288e+00
2.607000e-05	3.464610e-02	9.631469e+00
2.608000e-05	3.446817e-02	9.513125e+00
2.609000e-05	3.051773e-02	9.336711e+00
2.610000e-05	2.832376e-02	9.258369e+00
2.611000e-05	2.729274e-02	9.049825e+00
2.612000e-05	2.722618e-02	8.883051e+00
2.613000e-05	2.480305e-02	8.743554e+00
2.614000e-05	2.189428e-02	8.535132e+00
2.615000e-05	2.178353e-02	8.437265e+00
2.616000e-05	2.150489e-02	8.228392e+00
2.617000e-05	1.977382e-02	8.039444e+00
2.618000e-05	1.700641e-02	7.828946e+00
2.619000e-05	1.617076e-02	7.652575e+00
2.620000e-05	1.536648e-02	7.469866e+00
2.621000e-05	1.437103e-02	7.230069e+00
2.622000e-05	1.229438e-02	7.049448e+00
2.623000e-05	1.092917e-02	6.840574e+00
2.624000e-05	1.170015e-02	6.701427e+00
2.625000e-05	1.046616e-02	6.470948e+00
2.626000e-05	8.823376e-03	6.271649e+00
2.627000e-05	6.854420e-03	6.050603e+00
2.628000e-05	7.555422e-03	5.891076e+00
2.629000e-05	6.332110e-03	5.660000e+00
2.630000e-05	5.549939e-03	5.431922e+00
2.631000e-05	3.973147e-03	5.206471e+00
2.632000e-05	4.740497e-03	4.944709e+00
2.633000e-05	3.949861e-03	4.713704e+00
2.634000e-05	2.570402e-03	4.493760e+00
2.635000e-05	1.976552e-03	4.374104e+00
2.636000e-05	2.501573e-03	4.051101e+00
2.637000e-05	2.526587e-03	3.850045e+00
2.638000e-05	1.580087e-03	3.629631e+00
2.639000e-05	-2.175855e-04	3.408071e+00
2.640000e-05	-2.219242e-05	3.156887e+00
2.641000e-05	3.161361e-04	2.945441e+00
2.642000e-05	-1.314401e-03	2.755317e+00
2.643000e-05	-2.520384e-03	2.493749e+00
2.644000e-05	-2.106803e-03	2.270700e+00
2.645000e-05	-9.565850e-04	2.029605e+00
2.646000e-05	-2.364891e-03	1.831074e+00
2.647000e-05	-3.159397e-03	1.538496e+00
2.648000e-05	-3.754311e-03	1.335890e+00
2.649000e-05	-2.467904e-03	1.092832e+00
2.650000e-05	-3.151838e-03	8.085225e-01
2.651000e-05	-4.113327e-03	6.305274e-01
2.652000e-05	-4.016167e-03	3.784686e-01
2.653000e-05	-3.624516e-03	1.458860e-01
2.654000e-05	3.272668e-06	-9.611061e-02
2.655000e-05	3.945655e-03	-3.252409e-01
2.656000e-05	-4.570888e-03	-5.456119e-01
2.657000e-05	-2.024115e-03	-7.483460e-01
2.658000e-05	-4.625807e-03	-9.562409e-01
2.659000e-05	-1.767856e-03	-1.138745e+00
2.660000e-05	-3.734879e-03	-1.439800e+00
2.661000e-05	1.753817e-02	-1.631056e+00
2.662000e-05	8.750931e-02	-1.830931e+00
2.663000e-05	-2.728795e-02	-2.093508e+00
2.664000e-05	-5.591462e-02	-2.441460e+00
2.665000e-05	-5.317987e-02	-2.707087e+00
2.666000e-05	-6.686680e-02	-2.864059e+00
2.667000e-05	2.990270e-02	-3.094487e+00
2.668000e-05	1.094948e-01	-3.211874e+00
2.669000e-05	-1.702611e-01	-3.453933e+00
2.670000e-05	1.142213e-01	-3.630450e+00
2.671000e-05	2.939225e-02	-3.829229e+00
2.672000e-05	-8.565894e-02	-4.155187e+00
2.673000e-05	9.161749e-02	-4.314557e+00
2.674000e-05	-1.678655e-01	-4.516590e+00
2.675000e-05	4.702282e-02	-4.748417e+00
2.676000e-05	7.779459e-02	-4.955715e+00
2.677000e-05	-8.765342e-02	-5.210897e+00
2.678000e-05	7.866204e-02	-5.481447e+00
2.679000e-05	-8.924967e-02	-5.683505e+00
2.680000e-05	2.850357e-02	-5.904159e+00
2.681000e-05	3.059151e-02	-6.081425e+00
2.682000e-05	-1.224445e-01	-6.315629e+00
2.683000e-05	8.819619e-02	-6.512556e+00
2.684000e-05	-6.227426e-02	-6.715031e+00
2.685000e-05	8.366003e-02	-6.947057e+00
2.686000e-05	-6.813498e-02	-7.125504e+00
2.687000e-05	-5.521434e-02	-7.368739e+00
2.688000e-05	7.486181e-02	-7.495603e+00
2.689000e-05	-7.785985e-02	-7.736038e+00
2.690000e-05	5.483012e-02	-7.947633e+00
2.691000e-05	-8.315178e-02	-8.124056e+00
2.692000e-05	4.861489e-02	-8.315028e+00
2.693000e-05	-3.975796e-03	-8.448849e+00
2.694000e-05	-4.157816e-02	-8.650401e+00
2.695000e-05	-2.372142e-03	-8.850869e+00
2.696000e-05	-4.517150e-02	-9.019242e+00
2.697000e-05	5.097858e-02	-9.126108e+00
2.698000e-05	-5.341954e-02	-9.292380e+00
2.699000e-05	3.717356e-03	-9.482375e+00
2.700000e-05	-2.285695e-02	-9.639270e+00
2.701000e-05	8.914902e-03	-9.767141e+00
2.702000e-05	-1.599615e-02	-9.883026e+00
2.703000e-05	-4.069645e-02	-1.003238e+01
2.704000e-05	1.135499e-03	-1.021619e+01
2.705000e-05	-1.218113e-02	-1.036661e+01
2.706000e-05	4.971820e-03	-1.050300e+01
2.707000e-05	-4.108436e-02	-1.058877e+01
2.708000e-05	-2.234258e-03	-1.070503e+01
2.709000e-05	-1.223765e-02	-1.079926e+01
2.710000e-05	-5.143887e-03	-1.095603e+01
2.711000e-05	-3.459926e-02	-1.107982e+01
2.712000e-05	-1.634581e-02	-1.115666e+01
2.713000e-05	-3.386440e-03	-1.128295e+01
2.714000e-05	-1.270571e-02	-1.140772e+01
2.715000e-05	-2.175924e-02	-1.150490e+01
2.716000e-05	-2.767882e-02	-1.159871e+01
2.717000e-05	-1.502905e-03	-1.175388e+01
2.718000e-05	-1.882893e-02	-1.181866e+01
2.719000e-05	-1.853530e-02	-1.193285e+01
2.720000e-05	-2.892257e-02	-1.196758e+01
2.721000e-05	-5.884747e-03	-1.205279e+01
2.722000e-05	-1.446026e-02	-1.211408e+01
2.723000e-05	-2.312080e-02	-1.219714e+01
2.724000e-05	-2.756902e-02	-1.226032e+01
2.725000e-05	-1.545789e-02	-1.230437e+01
2.726000e-05	-1.119131e-02	-1.234355e+01
2.727000e-05	-2.486847e-02	-1.235661e+01
2.728000e-05	-2.454223e-02	-1.239966e+01
2.729000e-05	-1.878267e-02	-1.244179e+01
2.730000e-05	-1.324490e-02	-1.251242e+01
2.731000e-05	-2.589668e-02	-1.250497e+01
2.732000e-05	-2.858871e-02	-1.256355e+01
2.733000e-05	-2.210638e-02	-1.255598e+01
2.734000e-05	-1.520579e-02	-1.259568e+01
2.735000e-05	-2.534144e-02	-1.260661e+01
2.736000e-05	-2.972842e-02	-1.259563e+01
2.737000e-05	-2.580431e-02	-1.258666e+01
2.738000e-05	-1.926226e-02	-1.258571e+01
2.739000e-05	-2.738304e-02	-1.259519e+01
2.740000e-05	-3.263468e-02	-1.259408e+01
2.741000e-05	-2.821374e-02	-1.257408e+01
2.742000e-05	-2.308571e-02	-1.253498e+01
2.743000e-05	-2.740583e-02	-1.251238e+01
2.744000e-05	-3.605866e-02	-1.245134e+01
2.745000e-05	-3.215353e-02	-1.245121e+01
2.746000e-05	-2.783393e-02	-1.236911e+01
2.747000e-05	-3.070291e-02	-1.234656e+01
2.748000e-05	-3.817872e-02	-1.229192e+01
2.749000e-05	-3.679476e-02	-1.223082e+01
2.750000e-05	-3.065640e-02	-1.219669e+01
2.751000e-05	-3.447772e-02	-1.212555e+01
2.752000e-05	-4.128116e-02	-1.207242e+01
2.753000e-05	-4.300171e-02	-1.198926e+01
2.754000e-05	-3.773460e-02	-1.193498e+01
2.755000e-05	-3.898735e-02	-1.182826e+01
2.756000e-05	-4.585098e-02	-1.172395e+01
2.757000e-05	-4.691237e-02	-1.164984e+01
2.758000e-05	-4.490747e-02	-1.158355e+01
2.759000e-05	-4.441232e-02	-1.141038e+01
2.760000e-05	-5.155717e-02	-1.134289e+01
2.761000e-05	-5.309426e-02	-1.124784e+01
2.762000e-05	-4.838943e-02	-1.108194e+01
2.763000e-05	-4.718269e-02	-1.099469e+01
2.764000e-05	-5.133905e-02	-1.087302e+01
2.765000e-05	-5.397189e-02	-1.074716e+01
2.766000e-05	-4.891858e-02	-1.065039e+01
2.767000e-05	-4.741624e-02	-1.055513e+01
2.768000e-05	-4.984086e-02	-1.038879e+01
2.769000e-05	-5.067729e-02	-1.027185e+01
2.770000e-05	-4.707877e-02	-1.008305e+01
2.771000e-05	-4.200776e-02	-9.957213e+00
2.772000e-05	-4.221154e-02	-9.849343e+00
2.773000e-05	-4.408924e-02	-9.684523e+00
2.774000e-05	-3.994893e-02	-9.585629e+00
2.775000e-05	-3.669855e-02	-9.376736e+00
2.776000e-05	-3.596435e-02	-9.219917e+00
2.777000e-05	-3.826075e-02	-9.091000e+00
2.778000e-05	-3.531998e-02	-8.926051e+00
2.779000e-05	-3.035890e-02	-8.754659e+00
2.780000e-05	-2.922398e-02	-8.566657e+00
2.781000e-05	-2.999919e-02	-8.388291e+00
2.782000e-05	-2.920370e-02	-8.238544e+00
2.783000e-05	-2.504755e-02	-8.061527e+00
2.784000e-05	-2.432534e-02	-7.862841e+00
2.785000e-05	-2.528012e-02	-7.652547e+00
2.786000e-05	-2.484026e-02	-7.452045e+00
2.787000e-05	-2.039990e-02	-7.292022e+00
2.788000e-05	-1.957311e-02	-7.102051e+00
2.789000e-05	-2.053365e-02	-6.871047e+00
2.790000e-05	-2.008920e-02	-6.680601e+00
2.791000e-05	-1.752787e-02	-6.472157e+00
2.792000e-05	-1.568073e-02	-6.322600e+00
2.793000e-05	-1.819002e-02	-6.061624e+00
2.794000e-05	-1.685057e-02	-5.841519e+00
2.795000e-05	-1.488675e-02	-5.663100e+00
2.796000e-05	-1.217222e-02	-5.451602e+00
2.797000e-05	-1.512792e-02	-5.196367e+00
2.798000e-05	-1.297335e-02	-4.955805e+00
2.799000e-05	-1.350400e-02	-4.712230e+00
2.800000e-05	-9.466394e-03	-4.514228e+00
2.801000e-05	-1.214638e-02	-4.334284e+00
2.802000e-05	-1.014646e-02	-4.074103e+00
2.803000e-05	-1.155206e-02	-3.923251e+00
2.804000e-05	-7.117254e-03	-3.651104e+00
2.805000e-05	-9.953696e-03	-3.440053e+00
2.806000e-05	-8.859937e-03	-3.209000e+00
2.807000e-05	-1.020011e-02	-2.978412e+00
2.808000e-05	-5.829517e-03	-2.746339e+00
2.809000e-05	-6.638260e-03	-2.506336e+00
2.810000e-05	-6.572733e-03	-2.336285e+00
2.811000e-05	-6.964552e-03	-2.021103e+00
2.812000e-05	-5.146389e-03	-1.830651e+00
2.813000e-05	-6.191736e-03	-1.628620e+00
2.814000e-05	-7.159251e-03	-1.356063e+00
2.815000e-05	-6.493871e-03	-1.084237e+00
2.816000e-05	-4.565644e-03	-8.643330e-01
2.817000e-05	-2.648465e-03	-6.621577e-01
2.818000e-05	-3.621102e-03	-3.895212e-01
2.819000e-05	-3.556292e-03	-1.885460e-01
2.820000e-05	1.930735e-03	1.430141e-03
2.821000e-05	5.355031e-03	2.961406e-01
2.822000e-05	-2.142500e-03	4.951632e-01
2.823000e-05	-8.865597e-04	7.062107e-01
2.824000e-05	-2.086944e-03	8.837116e-01
2.825000e-05	3.341295e-03	1.177795e+00
2.826000e-05	1.505896e-03	1.430399e+00
2.827000e-05	9.339711e-03	1.643534e+00
2.828000e-05	5.017364e-02	1.893583e+00
2.829000e-05	5.569673e-02	2.136115e+00
2.830000e-05	-5.247433e-02	2.369424e+00
2.831000e-05	-4.682599e-02	2.652009e+00
2.832000e-05	-3.095408e-02	2.862579e+00
2.833000e-05	-3.612867e-02	3.028947e+00
2.834000e-05	9.365481e-03	3.177795e+00
2.835000e-05	8.895062e-02	3.368372e+00
2.836000e-05	-1.078701e-01	3.621503e+00
2.837000e-05	9.865347e-02	3.788267e+00
2.838000e-05	4.117261e-02	4.059999e+00
2.839000e-05	-5.883195e-02	4.315584e+00
2.840000e-05	4.537359e-02	4.483113e+00
2.841000e-05	-7.750851e-02	4.747667e+00
2.842000e-05	3.991282e-02	4.967590e+00
2.843000e-05	3.470634e-02	5.231873e+00
2.844000e-05	-2.191801e-02	5.473432e+00
2.845000e-05	1.739854e-02	5.700953e+00
2.846000e-05	-4.956389e-03	5.934433e+00
2.847000e-05	4.393932e-03	6.104510e+00
2.848000e-05	3.810595e-03	6.303983e+00
2.849000e-05	-1.399471e-02	6.495030e+00
2.850000e-05	2.616193e-02	6.705536e+00
2.851000e-05	-5.235658e-03	6.915084e+00
2.852000e-05	4.651047e-02	7.106533e+00
2.853000e-05	-3.074423e-02	7.332458e+00
2.854000e-05	-7.208041e-03	7.502979e+00
2.855000e-05	2.926446e-02	7.724581e+00
2.856000e-05	-8.572902e-03	7.945559e+00
2.857000e-05	2.285557e-02	8.126632e+00
2.858000e-05	-1.248040e-02	8.313112e+00
2.859000e-05	2.990623e-02	8.451926e+00
2.860000e-05	-3.081730e-03	8.608170e+00
2.861000e-05	7.621903e-03	8.788688e+00
2.862000e-05	-4.645176e-03	8.995057e+00
2.863000e-05	5.169671e-03	9.104131e+00
2.864000e-05	2.130577e-02	9.273954e+00
2.865000e-05	2.854399e-03	9.450271e+00
2.866000e-05	1.070685e-02	9.597736e+00
2.867000e-05	4.348128e-03	9.745489e+00
2.868000e-05	1.627699e-02	9.890900e+00
2.869000e-05	3.072732e-03	1.005022e+01
2.870000e-05	3.890320e-03	1.019722e+01
2.871000e-05	7.482636e-03	1.031293e+01
2.872000e-05	1.461034e-02	1.045077e+01
2.873000e-05	1.259634e-02	1.055503e+01
2.874000e-05	6.071110e-03	1.072188e+01
2.875000e-05	1.018805e-02	1.084077e+01
2.876000e-05	1.120726e-02	1.093453e+01
2.877000e-05	1.091817e-02	1.105032e+01
2.878000e-05	5.470240e-03	1.112511e+01
2.879000e-05	1.089352e-02	1.127182e+01
2.880000e-05	1.414087e-02	1.136508e+01
2.881000e-05	1.367357e-02	1.144782e+01
2.882000e-05	8.968741e-03	1.158596e+01
2.883000e-05	9.673816e-03	1.168237e+01
2.884000e-05	1.408596e-02	1.179716e+01
2.885000e-05	1.223612e-02	1.182895e+01
2.886000e-05	1.026965e-02	1.191303e+01
2.887000e-05	1.166294e-02	1.200664e+01
2.888000e-05	1.676763e-02	1.207189e+01
2.889000e-05	1.427910e-02	1.216448e+01
2.890000e-05	1.118602e-02	1.221564e+01
2.891000e-05	1.179371e-02	1.225779e+01
2.892000e-05	1.590724e-02	1.229085e+01
2.893000e-05	1.620338e-02	1.235303e+01
2.894000e-05	1.264766e-02	1.239719e+01
2.895000e-05	1.452018e-02	1.241021e+01
2.896000e-05	1.638361e-02	1.243024e+01
2.897000e-05	1.855705e-02	1.250242e+01
2.898000e-05	1.378688e-02	1.251195e+01
2.899000e-05	1.484854e-02	1.255305e+01
2.900000e-05	1.897555e-02	1.255403e+01
2.901000e-05	1.973059e-02	1.256361e+01
2.902000e-05	1.701644e-02	1.255506e+01
2.903000e-05	1.625415e-02	1.259416e+01
2.904000e-05	2.060288e-02	1.253453e+01
2.905000e-05	2.100789e-02	1.254468e+01
2.906000e-05	2.037587e-02	1.253408e+01
2.907000e-05	1.928946e-02	1.251405e+01
2.908000e-05	2.458381e-02	1.250252e+01
2.909000e-05	2.529138e-02	1.245050e+01
2.910000e-05	2.371274e-02	1.242931e+01
2.911000e-05	2.328016e-02	1.242824e+01
2.912000e-05	2.515565e-02	1.239363e+01
2.913000e-05	2.851088e-02	1.234350e+01
2.914000e-05	2.615244e-02	1.228829e+01
2.915000e-05	2.706810e-02	1.224569e+01
2.916000e-05	2.942596e-02	1.217418e+01
2.917000e-05	3.293692e-02	1.213189e+01
2.918000e-05	3.106979e-02	1.201724e+01
2.919000e-05	3.151557e-02	1.195416e+01
2.920000e-05	3.169107e-02	1.190195e+01
2.921000e-05	3.786850e-02	1.179669e+01
2.922000e-05	3.807494e-02	1.173303e+01
2.923000e-05	3.849683e-02	1.163929e+01
2.924000e-05	4.033192e-02	1.153340e+01
2.925000e-05	4.272228e-02	1.141669e+01
2.926000e-05	4.413170e-02	1.135242e+01
2.927000e-05	3.921840e-02	1.119569e+01
2.928000e-05	4.248425e-02	1.109242e+01
2.929000e-05	4.258790e-02	1.097674e+01
2.930000e-05	4.623085e-02	1.090097e+01
2.931000e-05	4.162041e-02	1.074403e+01
2.932000e-05	4.413923e-02	1.063784e+01
2.933000e-05	4.409899e-02	1.050095e+01
2.934000e-05	4.423656e-02	1.037363e+01
2.935000e-05	3.855109e-02	1.021934e+01
2.936000e-05	3.712620e-02	1.012257e+01
2.937000e-05	3.715009e-02	1.000521e+01
2.938000e-05	3.725207e-02	9.776788e+00
2.939000e-05	3.376506e-02	9.599395e+00
2.940000e-05	3.200544e-02	9.501575e+00
2.941000e-05	3.195448e-02	9.335158e+00
2.942000e-05	3.098469e-02	9.238868e+00
2.943000e-05	2.765723e-02	9.050392e+00
2.944000e-05	2.373984e-02	8.871044e+00
2.945000e-05	2.364366e-02	8.692076e+00
2.946000e-05	2.369416e-02	8.534732e+00
2.947000e-05	2.178338e-02	8.395840e+00
2.948000e-05	1.885675e-02	8.217814e+00
2.949000e-05	1.827181e-02	7.957314e+00
2.950000e-05	1.896965e-02	7.836467e+00
2.951000e-05	1.700408e-02	7.658972e+00
2.952000e-05	1.358244e-02	7.419442e+00
2.953000e-05	1.346143e-02	7.228518e+00
2.954000e-05	1.318436e-02	7.039392e+00
2.955000e-05	1.180272e-02	6.852050e+00
2.956000e-05	8.383866e-03	6.659496e+00
2.957000e-05	9.194481e-03	6.409997e+00
2.958000e-05	9.970084e-03	6.199521e+00
2.959000e-05	9.798615e-03	6.081075e+00
2.960000e-05	5.700133e-03	5.859475e+00
2.961000e-05	6.007887e-03	5.579447e+00
2.962000e-05	5.700175e-03	5.458992e+00
2.963000e-05	5.963985e-03	5.215816e+00
2.964000e-05	2.282602e-03	4.904284e+00
2.965000e-05	1.552627e-03	4.650679e+00
2.966000e-05	3.086424e-03	4.472632e+00
2.967000e-05	3.528185e-03	4.293178e+00
2.968000e-05	2.082072e-03	4.028095e+00
2.969000e-05	8.450629e-04	3.818974e+00
2.970000e-05	6.655974e-04	3.609004e+00
2.971000e-05	1.641860e-03	3.396362e+00
2.972000e-05	-7.694922e-04	3.105258e+00
2.973000e-05	-2.839685e-03	2.944784e+00
2.974000e-05	-2.155424e-03	2.714764e+00
2.975000e-05	-3.350031e-05	2.470679e+00
2.976000e-05	-7.751165e-04	2.219630e+00
2.977000e-05	-3.221793e-03	2.039097e+00
2.978000e-05	-3.207094e-03	1.829619e+00
2.979000e-05	-2.507831e-03	1.526889e+00
2.980000e-05	-2.732897e-03	1.285339e+00
2.981000e-05	-3.766371e-03	1.052630e+00
2.982000e-05	-4.710540e-03	7.479697e-01
2.983000e-05	-3.770932e-03	5.868947e-01
2.984000e-05	-2.262785e-03	3.770222e-01
2.985000e-05	-4.246678e-03	1.142656e-01
2.986000e-05	-1.861906e-03	-9.824211e-02
2.987000e-05	3.388741e-03	-3.172669e-01
2.988000e-05	-3.198757e-03	-5.572671e-01
2.989000e-05	-1.717084e-03	-7.499250e-01
2.990000e-05	-7.770063e-03	-1.008795e+00
2.991000e-05	-2.532804e-03	-1.188822e+00
2.992000e-05	-1.667129e-03	-1.381946e+00
2.993000e-05	2.495034e-02	-1.664505e+00
2.994000e-05	8.457286e-02	-1.833506e+00
2.995000e-05	-4.054286e-02	-2.136083e+00
2.996000e-05	-5.034109e-02	-2.454958e+00
2.997000e-05	-5.332658e-02	-2.727238e+00
2.998000e-05	-7.097653e-02	-2.914609e+00
2.999000e-05	5.457559e-02	-3.095631e+00
3.000000e-05	8.469685e-02	-3.210451e+00
3.001000e-05	-1.710093e-01	-3.494108e+00
3.002000e-05	1.422977e-01	-3.652503e+00
3.003000e-05	-1.050844e-02	-3.874980e+00
3.004000e-05	-5.483557e-02	-4.138267e+00
3.005000e-05	7.718985e-02	-4.335688e+00
3.006000e-05	-1.784502e-01	-4.526190e+00
3.007000e-05	7.928250e-02	-4.801320e+00
3.008000e-05	4.719216e-02	-4.968695e+00
3.009000e-05	-7.091940e-02	-5.275425e+00
3.010000e-05	7.421526e-02	-5.514507e+00
3.011000e-05	-1.020660e-01	-5.734606e+00
3.012000e-05	5.711611e-02	-5.916085e+00
3.013000e-05	2.221610e-03	-6.104460e+00
3.014000e-05	-1.034081e-01	-6.327164e+00
3.015000e-05	8.261314e-02	-6.515110e+00
3.016000e-05	-6.574340e-02	-6.747138e+00
3.017000e-05	9.629872e-02	-6.956135e+00
3.018000e-05	-9.668406e-02	-7.165608e+00
3.019000e-05	-2.375539e-02	-7.337190e+00
3.020000e-05	5.493499e-02	-7.504985e+00
3.021000e-05	-6.543083e-02	-7.777137e+00
3.022000e-05	5.245711e-02	-7.978687e+00
3.023000e-05	-8.952310e-02	-8.136213e+00
3.024000e-05	6.224309e-02	-8.316132e+00
3.025000e-05	-2.202042e-02	-8.481925e+00
3.026000e-05	-2.787961e-02	-8.673379e+00
3.027000e-05	-1.313787e-02	-8.851793e+00
3.028000e-05	-3.492369e-02	-8.989293e+00
3.029000e-05	4.835111e-02	-9.146086e+00
3.030000e-05	-5.620171e-02	-9.314529e+00
3.031000e-05	7.735646e-03	-9.481551e+00
3.032000e-05	-2.993774e-02	-9.618793e+00
3.033000e-05	1.535074e-02	-9.776268e+00
3.034000e-05	-2.285542e-02	-9.895008e+00
3.035000e-05	-3.469437e-02	-1.006087e+01
3.036000e-05	-2.463464e-03	-1.024772e+01
3.037000e-05	-8.510781e-03	-1.036654e+01
3.038000e-05	2.269219e-03	-1.051405e+01
3.039000e-05	-4.208529e-02	-1.061824e+01
3.040000e-05	-1.873355e-03	-1.071566e+01
3.041000e-05	-1.442439e-02	-1.084122e+01
3.042000e-05	-2.494388e-03	-1.094617e+01
3.043000e-05	-3.702964e-02	-1.108082e+01
3.044000e-05	-1.303668e-02	-1.118871e+01
3.045000e-05	-6.244188e-03	-1.129242e+01
3.046000e-05	-1.053060e-02	-1.140727e+01
3.047000e-05	-2.430896e-02	-1.150332e+01
3.048000e-05	-2.653435e-02	-1.163916e+01
3.049000e-05	-2.474892e-03	-1.174395e+01
3.050000e-05	-1.739973e-02	-1.184779e+01
3.051000e-05	-1.906438e-02	-1.191140e+01
3.052000e-05	-2.842520e-02	-1.198866e+01
3.053000e-05	-5.916218e-03	-1.208377e+01
3.054000e-05	-1.565194e-02	-1.212298e+01
3.055000e-05	-2.112927e-02	-1.217726e+01
3.056000e-05	-2.846923e-02	-1.225875e+01
3.057000e-05	-1.519947e-02	-1.230202e+01
3.058000e-05	-1.279877e-02	-1.233505e+01
3.059000e-05	-2.401877e-02	-1.234716e+01
3.060000e-05	-2.527288e-02	-1.242819e+01
3.061000e-05	-2.017262e-02	-1.244987e+01
3.062000e-05	-1.277723e-02	-1.249390e+01
3.063000e-05	-2.459542e-02	-1.254398e+01
3.064000e-05	-2.796911e-02	-1.254508e+01
3.065000e-05	-2.180607e-02	-1.256461e+01
3.066000e-05	-1.644806e-02	-1.258613e+01
3.067000e-05	-2.518909e-02	-1.257576e+01
3.068000e-05	-2.925311e-02	-1.264561e+01
3.069000e-05	-2.673250e-02	-1.258464e+01
3.070000e-05	-2.015321e-02	-1.259511e+01
3.071000e-05	-2.601778e-02	-1.256703e+01
3.072000e-05	-3.067231e-02	-1.260366e+01
3.073000e-05	-2.879802e-02	-1.258500e+01
3.074000e-05	-2.457925e-02	-1.251352e+01
3.075000e-05	-2.801771e-02	-1.251240e+01
3.076000e-05	-3.560726e-02	-1.244132e+01
3.077000e-05	-3.290939e-02	-1.243876e+01
3.078000e-05	-3.005402e-02	-1.237818e+01
3.079000e-05	-2.962451e-02	-1.235461e+01
3.080000e-05	-3.694780e-02	-1.229349e+01
3.081000e-05	-3.723673e-02	-1.224079e+01
3.082000e-05	-3.392136e-02	-1.217776e+01
3.083000e-05	-3.520281e-02	-1.212508e+01
3.084000e-05	-4.003993e-02	-1.209289e+01
3.085000e-05	-4.297629e-02	-1.196763e+01
3.086000e-05	-3.885236e-02	-1.193545e+01
3.087000e-05	-3.947636e-02	-1.182781e+01
3.088000e-05	-4.428355e-02	-1.175350e+01
3.089000e-05	-4.757381e-02	-1.162064e+01
3.090000e-05	-4.572631e-02	-1.158413e+01
3.091000e-05	-4.582483e-02	-1.141771e+01
3.092000e-05	-4.850780e-02	-1.128245e+01
3.093000e-05	-5.272774e-02	-1.118773e+01
3.094000e-05	-5.000678e-02	-1.106997e+01
3.095000e-05	-4.933846e-02	-1.096508e+01
3.096000e-05	-5.096126e-02	-1.085137e+01
3.097000e-05	-5.354324e-02	-1.075509e+01
3.098000e-05	-5.106339e-02	-1.064987e+01
3.099000e-05	-4.818335e-02	-1.051405e+01
3.100000e-05	-4.803296e-02	-1.039729e+01
3.101000e-05	-4.850407e-02	-1.024941e+01
3.102000e-05	-4.677374e-02	-1.006452e+01
3.103000e-05	-4.362789e-02	-9.956132e+00
3.104000e-05	-4.255632e-02	-9.828362e+00
3.105000e-05	-4.264161e-02	-9.701049e+00
3.106000e-05	-4.071036e-02	-9.534553e+00
3.107000e-05	-3.772613e-02	-9.356185e+00
3.108000e-05	-3.638008e-02	-9.209839e+00
3.109000e-05	-3.547003e-02	-9.091493e+00
3.110000e-05	-3.552882e-02	-8.934552e+00
3.111000e-05	-3.203295e-02	-8.746031e+00
3.112000e-05	-2.938001e-02	-8.556160e+00
3.113000e-05	-2.998432e-02	-8.397737e+00
3.114000e-05	-2.877670e-02	-8.230268e+00
3.115000e-05	-2.618562e-02	-8.070972e+00
3.116000e-05	-2.409859e-02	-7.869893e+00
3.117000e-05	-2.364676e-02	-7.649391e+00
3.118000e-05	-2.345494e-02	-7.439970e+00
3.119000e-05	-2.266300e-02	-7.250544e+00
3.120000e-05	-2.041434e-02	-7.079495e+00
3.121000e-05	-2.013726e-02	-6.838971e+00
3.122000e-05	-1.928350e-02	-6.671595e+00
3.123000e-05	-1.893355e-02	-6.473103e+00
3.124000e-05	-1.654237e-02	-6.291550e+00
3.125000e-05	-1.556772e-02	-6.038974e+00
3.126000e-05	-1.580444e-02	-5.810994e+00
3.127000e-05	-1.513397e-02	-5.650050e+00
3.128000e-05	-1.405375e-02	-5.438897e+00
3.129000e-05	-1.366493e-02	-5.166335e+00
3.130000e-05	-1.246460e-02	-4.955258e+00
3.131000e-05	-1.300459e-02	-4.662101e+00
3.132000e-05	-1.197891e-02	-4.443179e+00
3.133000e-05	-1.065906e-02	-4.293755e+00
3.134000e-05	-8.869541e-03	-4.094105e+00
3.135000e-05	-1.082986e-02	-3.873676e+00
3.136000e-05	-8.940440e-03	-3.649973e+00
3.137000e-05	-1.019748e-02	-3.419569e+00
3.138000e-05	-8.212291e-03	-3.198546e+00
3.139000e-05	-9.946237e-03	-2.967362e+00
3.140000e-05	-7.362201e-03	-2.775764e+00
3.141000e-05	-7.770077e-03	-2.505308e+00
3.142000e-05	-4.558701e-03	-2.325154e+00
3.143000e-05	-6.749511e-03	-2.030126e+00
3.144000e-05	-6.343638e-03	-1.810499e+00
3.145000e-05	-7.600152e-03	-1.619053e+00
3.146000e-05	-5.948432e-03	-1.343412e+00
3.147000e-05	-6.468159e-03	-1.083782e+00
3.148000e-05	-6.437107e-03	-8.316591e-01
3.149000e-05	-4.802548e-03	-6.296501e-01
3.150000e-05	-1.719807e-03	-3.973987e-01
3.151000e-05	-2.384018e-03	-1.769885e-01
3.152000e-05	2.022248e-03	7.150916e-02
3.153000e-05	3.146795e-03	3.272433e-01
3.154000e-05	-1.938663e-04	5.137669e-01
3.155000e-05	6.858213e-05	7.561684e-01
3.156000e-05	-2.949699e-03	8.856157e-01
3.157000e-05	1.349666e-03	1.160349e+00
3.158000e-05	1.947308e-03	1.411452e+00
3.159000e-05	1.362354e-02	1.672508e+00
3.160000e-05	5.607370e-02	1.895689e+00
3.161000e-05	4.259768e-02	2.177697e+00
3.162000e-05	-5.548061e-02	2.419901e+00
3.163000e-05	-4.517628e-02	2.713055e+00
3.164000e-05	-2.713966e-02	2.883108e+00
3.165000e-05	-4.051675e-02	3.000504e+00
3.166000e-05	2.672094e-02	3.187317e+00
3.167000e-05	7.631249e-02	3.430726e+00
3.168000e-05	-1.079304e-01	3.642479e+00
3.169000e-05	1.186715e-01	3.799825e+00
3.170000e-05	1.330457e-02	4.063030e+00
3.171000e-05	-4.610225e-02	4.322109e+00
3.172000e-05	4.055582e-02	4.506137e+00
3.173000e-05	-8.085993e-02	4.766741e+00
3.174000e-05	5.344767e-02	4.976716e+00
3.175000e-05	2.492190e-02	5.242900e+00
3.176000e-05	-1.809418e-02	5.503084e+00
3.177000e-05	1.813729e-02	5.694456e+00
3.178000e-05	-1.071270e-02	5.904759e+00
3.179000e-05	1.126339e-02	6.133109e+00
3.180000e-05	1.979154e-04	6.295137e+00
3.181000e-05	-8.947317e-03	6.524562e+00
3.182000e-05	2.109936e-02	6.735134e+00
3.183000e-05	-2.096402e-03	6.936591e+00
3.184000e-05	4.686762e-02	7.115205e+00
3.185000e-05	-3.775694e-02	7.333059e+00
3.186000e-05	1.796673e-03	7.534079e+00
3.187000e-05	2.374703e-02	7.737133e+00
3.188000e-05	-3.801789e-03	7.983584e+00
3.189000e-05	2.032134e-02	8.157663e+00
3.190000e-05	-1.356528e-02	8.334636e+00
3.191000e-05	3.013291e-02	8.491054e+00
3.192000e-05	-2.738137e-03	8.669827e+00
3.193000e-05	9.787475e-03	8.798239e+00
3.194000e-05	-6.369256e-03	8.993640e+00
3.195000e-05	8.224657e-03	9.136555e+00
3.196000e-05	2.209869e-02	9.293979e+00
3.197000e-05	3.599994e-03	9.470949e+00
3.198000e-05	9.194296e-03	9.588187e+00
3.199000e-05	3.274253e-03	9.745108e+00
3.200000e-05	1.758636e-02	9.904002e+00
3.201000e-05	3.572488e-03	1.003092e+01
3.202000e-05	3.550343e-03	1.016777e+01
3.203000e-05	7.439771e-03	1.033351e+01
3.204000e-05	1.587265e-02	1.046972e+01
3.205000e-05	1.409560e-02	1.056524e+01
3.206000e-05	5.791641e-03	1.071390e+01
3.207000e-05	9.071194e-03	1.082869e+01
3.208000e-05	1.100356e-02	1.095514e+01
3.209000e-05	1.279148e-02	1.108977e+01
3.210000e-05	5.105721e-03	1.116516e+01
3.211000e-05	9.233215e-03	1.131230e+01
3.212000e-05	1.416384e-02	1.134424e+01
3.213000e-05	1.503809e-02	1.152137e+01
3.214000e-05	1.102918e-02	1.158506e+01
3.215000e-05	8.180772e-03	1.172290e+01
3.216000e-05	1.437712e-02	1.180669e+01
3.217000e-05	1.398170e-02	1.185977e+01
3.218000e-05	1.199108e-02	1.195195e+01
3.219000e-05	9.621579e-03	1.199811e+01
3.220000e-05	1.477629e-02	1.208079e+01
3.221000e-05	1.602512e-02	1.214405e+01
3.222000e-05	1.282855e-02	1.221669e+01
3.223000e-05	1.143151e-02	1.227877e+01
3.224000e-05	1.411198e-02	1.231232e+01
3.225000e-05	1.792299e-02	1.236353e+01
3.226000e-05	1.462422e-02	1.239813e+01
3.227000e-05	1.392126e-02	1.242921e+01
3.228000e-05	1.434317e-02	1.246274e+01
3.229000e-05	1.872411e-02	1.251143e+01
3.230000e-05	1.702579e-02	1.251348e+01
3.231000e-05	1.552909e-02	1.254413e+01
3.232000e-05	1.664182e-02	1.255450e+01
3.233000e-05	1.946144e-02	1.257566e+01
3.234000e-05	1.923515e-02	1.256508e+01
3.235000e-05	1.730690e-02	1.258460e+01
3.236000e-05	1.885223e-02	1.256463e+01
3.237000e-05	2.102894e-02	1.255505e+01
3.238000e-05	2.272383e-02	1.255460e+01
3.239000e-05	2.022128e-02	1.251350e+01
3.240000e-05	2.161664e-02	1.251245e+01
3.241000e-05	2.429905e-02	1.246137e+01
3.242000e-05	2.584285e-02	1.247186e+01
3.243000e-05	2.397761e-02	1.239868e+01
3.244000e-05	2.501640e-02	1.235703e+01
3.245000e-05	2.726886e-02	1.234287e+01
3.246000e-05	2.890634e-02	1.232789e+01
3.247000e-05	2.799943e-02	1.222673e+01
3.248000e-05	2.798374e-02	1.213350e+01
3.249000e-05	3.021079e-02	1.203142e+01
3.250000e-05	3.229665e-02	1.200981e+01
3.251000e-05	3.335272e-02	1.198463e+01
3.252000e-05	3.324538e-02	1.188984e+01
3.253000e-05	3.661905e-02	1.179619e+01
3.254000e-05	3.893077e-02	1.171248e+01
3.255000e-05	3.927624e-02	1.162624e+01
3.256000e-05	3.922165e-02	1.151192e+01
3.257000e-05	4.033772e-02	1.141668e+01
3.258000e-05	4.261087e-02	1.128087e+01
3.259000e-05	4.297442e-02	1.121666e+01
3.260000e-05	4.312395e-02	1.109092e+01
3.261000e-05	4.279853e-02	1.096574e+01
3.262000e-05	4.535485e-02	1.085299e+01
3.263000e-05	4.383713e-02	1.077463e+01
3.264000e-05	4.361990e-02	1.061681e+01
3.265000e-05	4.151672e-02	1.048245e+01
3.266000e-05	4.221401e-02	1.033315e+01
3.267000e-05	4.100909e-02	1.019734e+01
3.268000e-05	3.884576e-02	1.010300e+01
3.269000e-05	3.552657e-02	9.975059e+00
3.270000e-05	3.531861e-02	9.774757e+00
3.271000e-05	3.506611e-02	9.599318e+00
3.272000e-05	3.342352e-02	9.480449e+00
3.273000e-05	3.008354e-02	9.333634e+00
3.274000e-05	2.860313e-02	9.208337e+00
3.275000e-05	2.759912e-02	9.007269e+00
3.276000e-05	2.708930e-02	8.829344e+00
3.277000e-05	2.318120e-02	8.671126e+00
3.278000e-05	2.178973e-02	8.514605e+00
3.279000e-05	2.248730e-02	8.395211e+00
3.280000e-05	2.031805e-02	8.144835e+00
3.281000e-05	1.788638e-02	7.987309e+00
3.282000e-05	1.579955e-02	7.788318e+00
3.283000e-05	1.717431e-02	7.617517e+00
3.284000e-05	1.597516e-02	7.387438e+00
3.285000e-05	1.424878e-02	7.197445e+00
3.286000e-05	1.155235e-02	7.008962e+00
3.287000e-05	1.106924e-02	6.840543e+00
3.288000e-05	1.097829e-02	6.598488e+00
3.289000e-05	8.656945e-03	6.396871e+00
3.290000e-05	7.061470e-03	6.208472e+00
3.291000e-05	6.809869e-03	6.039023e+00
3.292000e-05	7.861097e-03	5.860512e+00
3.293000e-05	6.958062e-03	5.616920e+00
3.294000e-05	5.526113e-03	5.408393e+00
3.295000e-05	4.836224e-03	5.114667e+00
3.296000e-05	4.641841e-03	4.872053e+00
3.297000e-05	2.990944e-03	4.672156e+00
3.298000e-05	1.653299e-03	4.440626e+00
3.299000e-05	3.796060e-04	4.242099e+00
3.300000e-05	1.542702e-03	4.008925e+00
3.301000e-05	1.590136e-03	3.767490e+00
3.302000e-05	1.043545e-03	3.616995e+00
3.303000e-05	1.629428e-04	3.354182e+00
3.304000e-05	1.022402e-03	3.125782e+00
3.305000e-05	1.141085e-04	2.924280e+00
3.306000e-05	-1.653970e-03	2.704284e+00
3.307000e-05	-2.663259e-03	2.439975e+00
3.308000e-05	-3.317246e-03	2.208995e+00
3.309000e-05	-1.779329e-03	2.018550e+00
3.310000e-05	-2.926284e-03	1.797491e+00
3.311000e-05	-2.933809e-03	1.494816e+00
3.312000e-05	-2.252431e-03	1.283807e+00
3.313000e-05	-2.307512e-03	1.021128e+00
3.314000e-05	-3.057486e-03	7.670182e-01
3.315000e-05	-5.148272e-03	5.748396e-01
3.316000e-05	-4.264586e-03	3.654434e-01
3.317000e-05	-3.317450e-03	6.268302e-02
3.318000e-05	9.369584e-04	-1.597934e-01
3.319000e-05	1.292425e-03	-3.587947e-01
3.320000e-05	-4.042313e-03	-5.587185e-01
3.321000e-05	-2.094637e-03	-7.709736e-01
3.322000e-05	-4.454381e-03	-9.809262e-01
3.323000e-05	-3.668628e-03	-1.209449e+00
3.324000e-05	-3.079259e-03	-1.455034e+00
3.325000e-05	3.293837e-02	-1.644054e+00
3.326000e-05	8.260730e-02	-1.874507e+00
3.327000e-05	-5.153982e-02	-2.168638e+00
3.328000e-05	-4.952094e-02	-2.485112e+00
3.329000e-05	-5.503832e-02	-2.757718e+00
3.330000e-05	-6.918875e-02	-2.945637e+00
3.331000e-05	7.929320e-02	-3.105609e+00
3.332000e-05	5.039829e-02	-3.253050e+00
3.333000e-05	-1.593804e-01	-3.505638e+00
3.334000e-05	1.657279e-01	-3.651501e+00
3.335000e-05	-4.500094e-02	-3.855938e+00
3.336000e-05	-2.637843e-02	-4.178792e+00
3.337000e-05	5.190223e-02	-4.338291e+00
3.338000e-05	-1.762177e-01	-4.590321e+00
3.339000e-05	1.095457e-01	-4.779871e+00
3.340000e-05	1.435169e-02	-4.968692e+00
3.341000e-05	-5.299368e-02	-5.302978e+00
3.342000e-05	6.568659e-02	-5.536033e+00
3.343000e-05	-1.067492e-01	-5.727109e+00
3.344000e-05	7.792485e-02	-5.976688e+00
3.345000e-05	-3.122546e-02	-6.095007e+00
3.346000e-05	-7.781584e-02	-6.377738e+00
3.347000e-05	7.519387e-02	-6.535710e+00
3.348000e-05	-6.110580e-02	-6.747717e+00
3.349000e-05	9.711154e-02	-6.965135e+00
3.350000e-05	-1.198503e-01	-7.169158e+00
3.351000e-05	7.782676e-03	-7.417266e+00
3.352000e-05	3.184618e-02	-7.524658e+00
3.353000e-05	-5.418221e-02	-7.809217e+00
3.354000e-05	4.345415e-02	-7.978764e+00
3.355000e-05	-8.563609e-02	-8.188663e+00
3.356000e-05	7.286223e-02	-8.314636e+00
3.357000e-05	-4.016655e-02	-8.531954e+00
3.358000e-05	-1.649616e-02	-8.724407e+00
3.359000e-05	-2.322357e-02	-8.842423e+00
3.360000e-05	-2.065483e-02	-9.040771e+00
3.361000e-05	3.726970e-02	-9.187212e+00
3.362000e-05	-5.766793e-02	-9.324081e+00
3.363000e-05	1.225857e-02	-9.523904e+00
3.364000e-05	-3.090411e-02	-9.632365e+00
3.365000e-05	1.983309e-02	-9.769218e+00
3.366000e-05	-3.325722e-02	-9.904558e+00
3.367000e-05	-2.657798e-02	-1.011387e+01
3.368000e-05	-3.421928e-03	-1.020822e+01
3.369000e-05	-6.043149e-03	-1.039804e+01
3.370000e-05	-4.215513e-03	-1.047446e+01
3.371000e-05	-3.910268e-02	-1.064979e+01
3.372000e-05	1.461266e-03	-1.072561e+01
3.373000e-05	-1.434688e-02	-1.090129e+01
3.374000e-05	-6.130630e-03	-1.098559e+01
3.375000e-05	-3.860149e-02	-1.106484e+01
3.376000e-05	-7.361820e-03	-1.124609e+01
3.377000e-05	-8.263257e-03	-1.129357e+01
3.378000e-05	-1.099260e-02	-1.143126e+01
3.379000e-05	-2.750548e-02	-1.152496e+01
3.380000e-05	-2.170891e-02	-1.162969e+01
3.381000e-05	-3.558231e-03	-1.175251e+01
3.382000e-05	-1.937028e-02	-1.182762e+01
3.383000e-05	-2.149480e-02	-1.190435e+01
3.384000e-05	-2.569645e-02	-1.204656e+01
3.385000e-05	-3.643738e-03	-1.209242e+01
3.386000e-05	-1.831429e-02	-1.214458e+01
3.387000e-05	-2.287246e-02	-1.216619e+01
3.388000e-05	-2.704223e-02	-1.221929e+01
3.389000e-05	-1.199928e-02	-1.230300e+01
3.390000e-05	-1.562351e-02	-1.233456e+01
3.391000e-05	-2.611076e-02	-1.237713e+01
3.392000e-05	-2.461799e-02	-1.242021e+01
3.393000e-05	-1.668006e-02	-1.245982e+01
3.394000e-05	-1.497790e-02	-1.248295e+01
3.395000e-05	-2.686550e-02	-1.253400e+01
3.396000e-05	-2.724347e-02	-1.254448e+01
3.397000e-05	-1.887733e-02	-1.256460e+01
3.398000e-05	-1.607712e-02	-1.255606e+01
3.399000e-05	-2.714228e-02	-1.260519e+01
3.400000e-05	-2.927078e-02	-1.261566e+01
3.401000e-05	-2.476009e-02	-1.259771e+01
3.402000e-05	-1.975591e-02	-1.259513e+01
3.403000e-05	-2.954537e-02	-1.259621e+01
3.404000e-05	-3.061962e-02	-1.256606e+01
3.405000e-05	-2.779040e-02	-1.255408e+01
3.406000e-05	-2.289558e-02	-1.253353e+01
3.407000e-05	-3.002774e-02	-1.251340e+01
3.408000e-05	-3.602363e-02	-1.243034e+01
3.409000e-05	-3.113630e-02	-1.238029e+01
3.410000e-05	-2.843013e-02	-1.236763e+01
3.411000e-05	-3.220195e-02	-1.232503e+01
3.412000e-05	-3.802834e-02	-1.230295e+01
3.413000e-05	-3.574236e-02	-1.223832e+01
3.414000e-05	-3.225236e-02	-1.219571e+01
3.415000e-05	-3.603299e-02	-1.213505e+01
3.416000e-05	-4.196810e-02	-1.206034e+01
3.417000e-05	-4.093782e-02	-1.199763e+01
3.418000e-05	-3.745044e-02	-1.191247e+01
3.419000e-05	-4.107257e-02	-1.178682e+01
3.420000e-05	-4.708912e-02	-1.174407e+01
3.421000e-05	-4.761247e-02	-1.162021e+01
3.422000e-05	-4.371779e-02	-1.152605e+01
3.423000e-05	-4.549466e-02	-1.140526e+01
3.424000e-05	-5.194336e-02	-1.133552e+01
3.425000e-05	-5.136424e-02	-1.120660e+01
3.426000e-05	-4.799922e-02	-1.101995e+01
3.427000e-05	-4.822295e-02	-1.094463e+01
3.428000e-05	-5.291026e-02	-1.087094e+01
3.429000e-05	-5.359078e-02	-1.076556e+01
3.430000e-05	-4.927616e-02	-1.063992e+01
3.431000e-05	-4.765868e-02	-1.052211e+01
3.432000e-05	-4.925307e-02	-1.037620e+01
3.433000e-05	-5.046544e-02	-1.021679e+01
3.434000e-05	-4.554914e-02	-1.007097e+01
3.435000e-05	-4.242826e-02	-9.954180e+00
3.436000e-05	-4.431147e-02	-9.799242e+00
3.437000e-05	-4.322590e-02	-9.700526e+00
3.438000e-05	-3.925566e-02	-9.543504e+00
3.439000e-05	-3.616018e-02	-9.356282e+00
3.440000e-05	-3.705714e-02	-9.207815e+00
3.441000e-05	-3.773376e-02	-9.020342e+00
3.442000e-05	-3.476729e-02	-8.903501e+00
3.443000e-05	-3.050476e-02	-8.692506e+00
3.444000e-05	-3.014332e-02	-8.546656e+00
3.445000e-05	-3.058982e-02	-8.356288e+00
3.446000e-05	-2.774396e-02	-8.207338e+00
3.447000e-05	-2.411637e-02	-7.998516e+00
3.448000e-05	-2.420324e-02	-7.849439e+00
3.449000e-05	-2.620177e-02	-7.629843e+00
3.450000e-05	-2.435178e-02	-7.419369e+00
3.451000e-05	-2.071832e-02	-7.229997e+00
3.452000e-05	-2.056916e-02	-6.999492e+00
3.453000e-05	-2.104119e-02	-6.817994e+00
3.454000e-05	-1.958498e-02	-6.619546e+00
3.455000e-05	-1.537815e-02	-6.452074e+00
3.456000e-05	-1.546723e-02	-6.221071e+00
3.457000e-05	-1.729661e-02	-6.020397e+00
3.458000e-05	-1.701510e-02	-5.808969e+00
3.459000e-05	-1.315241e-02	-5.588549e+00
3.460000e-05	-1.320158e-02	-5.438387e+00
3.461000e-05	-1.507474e-02	-5.125264e+00
3.462000e-05	-1.370878e-02	-4.923080e+00
3.463000e-05	-1.215247e-02	-4.631551e+00
3.464000e-05	-1.003314e-02	-4.472629e+00
3.465000e-05	-1.183007e-02	-4.272150e+00
3.466000e-05	-1.001844e-02	-4.062104e+00
3.467000e-05	-9.539673e-03	-3.921172e+00
3.468000e-05	-6.926547e-03	-3.618924e+00
3.469000e-05	-1.113129e-02	-3.419521e+00
3.470000e-05	-9.743380e-03	-3.177941e+00
3.471000e-05	-1.029708e-02	-2.895735e+00
3.472000e-05	-5.459011e-03	-2.713758e+00
3.473000e-05	-7.656123e-03	-2.474256e+00
3.474000e-05	-6.808758e-03	-2.273155e+00
3.475000e-05	-6.705397e-03	-2.039499e+00
3.476000e-05	-4.472228e-03	-1.799995e+00
3.477000e-05	-7.434813e-03	-1.549446e+00
3.478000e-05	-6.836106e-03	-1.262334e+00
3.479000e-05	-6.167466e-03	-1.053678e+00
3.480000e-05	-4.497315e-03	-7.806489e-01
3.481000e-05	-3.927444e-03	-5.688923e-01
3.482000e-05	-4.292934e-03	-3.364207e-01
3.483000e-05	-2.977274e-03	-1.178882e-01
3.484000e-05	4.315591e-03	7.453304e-02
3.485000e-05	2.265950e-03	3.387972e-01
3.486000e-05	-1.178377e-03	5.483158e-01
3.487000e-05	-1.093360e-03	7.782409e-01
3.488000e-05	7.122002e-04	9.482747e-01
3.489000e-05	2.637365e-03	1.232454e+00
3.490000e-05	1.020968e-03	1.423028e+00
3.491000e-05	1.497722e-02	1.695713e+00
3.492000e-05	6.159164e-02	1.926218e+00
3.493000e-05	3.112841e-02	2.179800e+00
3.494000e-05	-5.805104e-02	2.440931e+00
3.495000e-05	-4.516432e-02	2.716138e+00
3.496000e-05	-2.459649e-02	2.914612e+00
3.497000e-05	-4.153619e-02	3.042551e+00
3.498000e-05	4.291287e-02	3.189395e+00
3.499000e-05	5.398858e-02	3.462458e+00
3.500000e-05	-1.013618e-01	3.652981e+00
3.501000e-05	1.348200e-01	3.829826e+00
3.502000e-05	-1.058442e-02	4.084613e+00
3.503000e-05	-3.294855e-02	4.346108e+00
3.504000e-05	2.987483e-02	4.555194e+00
3.505000e-05	-7.675725e-02	4.808414e+00
3.506000e-05	6.516438e-02	5.011346e+00
3.507000e-05	1.343121e-02	5.312532e+00
3.508000e-05	-1.430648e-02	5.516057e+00
3.509000e-05	1.962716e-02	5.744559e+00
3.510000e-05	-1.307759e-02	5.946216e+00
3.511000e-05	1.420149e-02	6.126589e+00
3.512000e-05	-8.030143e-03	6.345616e+00
3.513000e-05	-2.300151e-03	6.516638e+00
3.514000e-05	1.820555e-02	6.767138e+00
3.515000e-05	4.339697e-03	6.986692e+00
3.516000e-05	4.234158e-02	7.147736e+00
3.517000e-05	-4.347396e-02	7.317090e+00
3.518000e-05	1.337862e-02	7.587086e+00
3.519000e-05	1.637709e-02	7.789162e+00
3.520000e-05	2.102596e-04	7.966190e+00
3.521000e-05	1.654190e-02	8.198561e+00
3.522000e-05	-8.169099e-03	8.337240e+00
3.523000e-05	2.987403e-02	8.513983e+00
3.524000e-05	-5.524147e-03	8.641324e+00
3.525000e-05	9.695859e-03	8.809795e+00
3.526000e-05	-6.841474e-03	9.006560e+00
3.527000e-05	1.150722e-02	9.146110e+00
3.528000e-05	1.947668e-02	9.334463e+00
3.529000e-05	3.203179e-03	9.490855e+00
3.530000e-05	1.084420e-02	9.618191e+00
3.531000e-05	3.918792e-03	9.786617e+00
3.532000e-05	1.566706e-02	9.944034e+00
3.533000e-05	7.178545e-04	1.008237e+01
3.534000e-05	4.770275e-03	1.021924e+01
3.535000e-05	8.816473e-03	1.030358e+01
3.536000e-05	1.518408e-02	1.048232e+01
3.537000e-05	1.315750e-02	1.060511e+01
3.538000e-05	6.271132e-03	1.073503e+01
3.539000e-05	1.107315e-02	1.085235e+01
3.540000e-05	9.829008e-03	1.098673e+01
3.541000e-05	1.036593e-02	1.108037e+01
3.542000e-05	4.772738e-03	1.118616e+01
3.543000e-05	1.009570e-02	1.129092e+01
3.544000e-05	1.342800e-02	1.141566e+01
3.545000e-05	1.384318e-02	1.152180e+01
3.546000e-05	9.588173e-03	1.159906e+01
3.547000e-05	9.758971e-03	1.170143e+01
3.548000e-05	1.413983e-02	1.180666e+01
3.549000e-05	1.115297e-02	1.189887e+01
3.550000e-05	1.170021e-02	1.194455e+01
3.551000e-05	1.148920e-02	1.202872e+01
3.552000e-05	1.595287e-02	1.210292e+01
3.553000e-05	1.251960e-02	1.216553e+01
3.554000e-05	1.174320e-02	1.223616e+01
3.555000e-05	1.211164e-02	1.226977e+01
3.556000e-05	1.471589e-02	1.231093e+01
3.557000e-05	1.617557e-02	1.239556e+01
3.558000e-05	1.369644e-02	1.237771e+01
3.559000e-05	1.594987e-02	1.242879e+01
3.560000e-05	1.511268e-02	1.249037e+01
3.561000e-05	1.683863e-02	1.251190e+01
3.562000e-05	1.535157e-02	1.250298e+01
3.563000e-05	1.479261e-02	1.253405e+01
3.564000e-05	1.854527e-02	1.255508e+01
3.565000e-05	1.878013e-02	1.254508e+01
3.566000e-05	1.863150e-02	1.256511e+01
3.567000e-05	1.818906e-02	1.252513e+01
3.568000e-05	2.100820e-02	1.257361e+01
3.569000e-05	2.059507e-02	1.256511e+01
3.570000e-05	2.103858e-02	1.254411e+01
3.571000e-05	2.011553e-02	1.253450e+01
3.572000e-05	2.353106e-02	1.248145e+01
3.573000e-05	2.450804e-02	1.250182e+01
3.574000e-05	2.428818e-02	1.245982e+01
3.575000e-05	2.399441e-02	1.243713e+01
3.576000e-05	2.621467e-02	1.236550e+01
3.577000e-05	2.747086e-02	1.230195e+01
3.578000e-05	2.818434e-02	1.227632e+01
3.579000e-05	2.758055e-02	1.225526e+01
3.580000e-05	2.930551e-02	1.214310e+01
3.581000e-05	3.075327e-02	1.209037e+01
3.582000e-05	3.166596e-02	1.199669e+01
3.583000e-05	3.174761e-02	1.196355e+01
3.584000e-05	3.368393e-02	1.185887e+01
3.585000e-05	3.713573e-02	1.179431e+01
3.586000e-05	3.848736e-02	1.170250e+01
3.587000e-05	3.880266e-02	1.163666e+01
3.588000e-05	4.033180e-02	1.152092e+01
3.589000e-05	4.210827e-02	1.139465e+01
3.590000e-05	4.265269e-02	1.123992e+01
3.591000e-05	4.179383e-02	1.117511e+01
3.592000e-05	4.438249e-02	1.104035e+01
3.593000e-05	4.407918e-02	1.094526e+01
3.594000e-05	4.432455e-02	1.084189e+01
3.595000e-05	4.202074e-02	1.076460e+01
3.596000e-05	4.416917e-02	1.061724e+01
3.597000e-05	4.352196e-02	1.049092e+01
3.598000e-05	4.257223e-02	1.035411e+01
3.599000e-05	3.905720e-02	1.020781e+01
3.600000e-05	3.892322e-02	1.008902e+01
3.601000e-05	3.627456e-02	9.954552e+00
3.602000e-05	3.534900e-02	9.765185e+00
3.603000e-05	3.224816e-02	9.627816e+00
3.604000e-05	3.230360e-02	9.500471e+00
3.605000e-05	3.103171e-02	9.333629e+00
3.606000e-05	2.974436e-02	9.187287e+00
3.607000e-05	2.719376e-02	8.966811e+00
3.608000e-05	2.484712e-02	8.861393e+00
3.609000e-05	2.443434e-02	8.660896e+00
3.610000e-05	2.361488e-02	8.512606e+00
3.611000e-05	2.101709e-02	8.314708e+00
3.612000e-05	1.914847e-02	8.175258e+00
3.613000e-05	1.858637e-02	7.965712e+00
3.614000e-05	1.784950e-02	7.767316e+00
3.615000e-05	1.535865e-02	7.597939e+00
3.616000e-05	1.315562e-02	7.377284e+00
3.617000e-05	1.377798e-02	7.205817e+00
3.618000e-05	1.340271e-02	6.978365e+00
3.619000e-05	1.198805e-02	6.827947e+00
3.620000e-05	9.840777e-03	6.616841e+00
3.621000e-05	8.901459e-03	6.397241e+00
3.622000e-05	9.267872e-03	6.206918e+00
3.623000e-05	7.438540e-03	6.018020e+00
3.624000e-05	5.490422e-03	5.776842e+00
3.625000e-05	4.805887e-03	5.607817e+00
3.626000e-05	6.089466e-03	5.386741e+00
3.627000e-05	5.285496e-03	5.155832e+00
3.628000e-05	4.722630e-03	4.832124e+00
3.629000e-05	4.175423e-03	4.630571e+00
3.630000e-05	3.440971e-03	4.441054e+00
3.631000e-05	1.573520e-03	4.269470e+00
3.632000e-05	1.133215e-03	3.966491e+00
3.633000e-05	5.426576e-04	3.766335e+00
3.634000e-05	1.320056e-03	3.588466e+00
3.635000e-05	8.000706e-04	3.324311e+00
3.636000e-05	-2.175018e-04	3.084258e+00
3.637000e-05	-5.667419e-04	2.862681e+00
3.638000e-05	-7.503649e-04	2.672680e+00
3.639000e-05	-6.656054e-04	2.449449e+00
3.640000e-05	-1.525697e-03	2.217518e+00
3.641000e-05	-2.909270e-03	1.987467e+00
3.642000e-05	-2.839528e-03	1.735365e+00
3.643000e-05	-3.104412e-03	1.484336e+00
3.644000e-05	-3.590128e-03	1.273204e+00
3.645000e-05	-3.846974e-03	9.795525e-01
3.646000e-05	-3.802212e-03	7.648909e-01
3.647000e-05	-3.250962e-03	5.048632e-01
3.648000e-05	-3.041555e-03	3.053844e-01
3.649000e-05	-3.448967e-03	5.170770e-02
3.650000e-05	2.404129e-03	-1.593186e-01
3.651000e-05	5.382266e-04	-3.684709e-01
3.652000e-05	-3.208578e-03	-5.607964e-01
3.653000e-05	-4.108959e-03	-8.114538e-01
3.654000e-05	-4.903928e-03	-1.040953e+00
3.655000e-05	-3.086346e-03	-1.212929e+00
3.656000e-05	-1.176636e-04	-1.465061e+00
3.657000e-05	4.141542e-02	-1.634136e+00
3.658000e-05	7.332931e-02	-1.846134e+00
3.659000e-05	-5.913949e-02	-2.170374e+00
3.660000e-05	-4.575290e-02	-2.547188e+00
3.661000e-05	-5.580724e-02	-2.748744e+00
3.662000e-05	-6.803542e-02	-2.935666e+00
3.663000e-05	1.008049e-01	-3.156214e+00
3.664000e-05	1.595339e-02	-3.295505e+00
3.665000e-05	-1.374960e-01	-3.527192e+00
3.666000e-05	1.783002e-01	-3.673554e+00
3.667000e-05	-7.657226e-02	-3.897637e+00
3.668000e-05	5.601496e-03	-4.200321e+00
3.669000e-05	2.321293e-02	-4.358216e+00
3.670000e-05	-1.661398e-01	-4.611318e+00
3.671000e-05	1.303726e-01	-4.779875e+00
3.672000e-05	-1.539849e-02	-5.020369e+00
3.673000e-05	-2.974353e-02	-5.334556e+00
3.674000e-05	4.977571e-02	-5.537209e+00
3.675000e-05	-1.051278e-01	-5.767241e+00
3.676000e-05	9.484589e-02	-5.947238e+00
3.677000e-05	-6.192813e-02	-6.156109e+00
3.678000e-05	-5.078510e-02	-6.398793e+00
3.679000e-05	5.864836e-02	-6.555638e+00
3.680000e-05	-4.929431e-02	-6.767742e+00
3.681000e-05	9.382756e-02	-6.977192e+00
3.682000e-05	-1.355855e-01	-7.209691e+00
3.683000e-05	3.529620e-02	-7.410743e+00
3.684000e-05	7.002308e-03	-7.557137e+00
3.685000e-05	-3.548078e-02	-7.831267e+00
3.686000e-05	2.910129e-02	-8.000712e+00
3.687000e-05	-7.883763e-02	-8.178641e+00
3.688000e-05	7.781381e-02	-8.354688e+00
3.689000e-05	-5.217034e-02	-8.535477e+00
3.690000e-05	-4.304653e-03	-8.714505e+00
3.691000e-05	-3.456370e-02	-8.901922e+00
3.692000e-05	-6.309583e-03	-9.061321e+00
3.693000e-05	2.764973e-02	-9.178265e+00
3.694000e-05	-5.375132e-02	-9.365134e+00
3.695000e-05	1.110042e-02	-9.514950e+00
3.696000e-05	-3.180683e-02	-9.683354e+00
3.697000e-05	2.247293e-02	-9.819791e+00
3.698000e-05	-3.890374e-02	-9.924506e+00
3.699000e-05	-1.964046e-02	-1.012445e+01
3.700000e-05	-7.003615e-03	-1.024782e+01
3.701000e-05	-2.580182e-03	-1.042864e+01
3.702000e-05	-9.759986e-03	-1.055301e+01
3.703000e-05	-3.748250e-02	-1.062125e+01
3.704000e-05	7.560362e-04	-1.075556e+01
3.705000e-05	-1.525028e-02	-1.088335e+01
3.706000e-05	-6.603522e-03	-1.099719e+01
3.707000e-05	-3.787156e-02	-1.108480e+01
3.708000e-05	-4.675220e-03	-1.122724e+01
3.709000e-05	-1.002972e-02	-1.128545e+01
3.710000e-05	-9.561108e-03	-1.143877e+01
3.711000e-05	-2.881234e-02	-1.153455e+01
3.712000e-05	-1.980708e-02	-1.162129e+01
3.713000e-05	-5.506209e-03	-1.174293e+01
3.714000e-05	-1.925076e-02	-1.182764e+01
3.715000e-05	-2.213493e-02	-1.189543e+01
3.716000e-05	-2.482713e-02	-1.201661e+01
3.717000e-05	-4.350093e-03	-1.207337e+01
3.718000e-05	-1.821633e-02	-1.211608e+01
3.719000e-05	-2.298826e-02	-1.221821e+01
3.720000e-05	-2.621528e-02	-1.225082e+01
3.721000e-05	-1.244112e-02	-1.230343e+01
3.722000e-05	-1.664609e-02	-1.237306e+01
3.723000e-05	-2.544309e-02	-1.239861e+01
3.724000e-05	-2.501365e-02	-1.243124e+01
3.725000e-05	-1.697751e-02	-1.250082e+01
3.726000e-05	-1.693687e-02	-1.249345e+01
3.727000e-05	-2.596729e-02	-1.253350e+01
3.728000e-05	-2.727156e-02	-1.257453e+01
3.729000e-05	-1.827114e-02	-1.257510e+01
3.730000e-05	-1.825698e-02	-1.259556e+01
3.731000e-05	-2.642757e-02	-1.262668e+01
3.732000e-05	-3.033029e-02	-1.260569e+01
3.733000e-05	-2.460720e-02	-1.262621e+01
3.734000e-05	-2.162533e-02	-1.258618e+01
3.735000e-05	-2.838427e-02	-1.257461e+01
3.736000e-05	-3.109772e-02	-1.258508e+01
3.737000e-05	-2.790130e-02	-1.257508e+01
3.738000e-05	-2.384472e-02	-1.245198e+01
3.739000e-05	-3.014152e-02	-1.248137e+01
3.740000e-05	-3.558781e-02	-1.246129e+01
3.741000e-05	-3.048087e-02	-1.238976e+01
3.742000e-05	-2.878863e-02	-1.233664e+01
3.743000e-05	-3.271244e-02	-1.236406e+01
3.744000e-05	-3.785621e-02	-1.228340e+01
3.745000e-05	-3.594058e-02	-1.223779e+01
3.746000e-05	-3.250988e-02	-1.218671e+01
3.747000e-05	-3.666488e-02	-1.216408e+01
3.748000e-05	-4.153020e-02	-1.203186e+01
3.749000e-05	-4.022019e-02	-1.200516e+01
3.750000e-05	-3.801917e-02	-1.192385e+01
3.751000e-05	-4.073484e-02	-1.180566e+01
3.752000e-05	-4.675513e-02	-1.171100e+01
3.753000e-05	-4.686881e-02	-1.161821e+01
3.754000e-05	-4.525256e-02	-1.153445e+01
3.755000e-05	-4.697739e-02	-1.142811e+01
3.756000e-05	-5.159607e-02	-1.128087e+01
3.757000e-05	-5.143308e-02	-1.117415e+01
3.758000e-05	-4.860953e-02	-1.102834e+01
3.759000e-05	-4.847135e-02	-1.098406e+01
3.760000e-05	-5.269562e-02	-1.086939e+01
3.761000e-05	-5.277354e-02	-1.074460e+01
3.762000e-05	-4.912969e-02	-1.059882e+01
3.763000e-05	-4.795476e-02	-1.053298e+01
3.764000e-05	-5.001941e-02	-1.035618e+01
3.765000e-05	-4.922413e-02	-1.018679e+01
3.766000e-05	-4.531711e-02	-1.008202e+01
3.767000e-05	-4.302806e-02	-9.956131e+00
3.768000e-05	-4.301257e-02	-9.798341e+00
3.769000e-05	-4.104929e-02	-9.699948e+00
3.770000e-05	-3.967322e-02	-9.533575e+00
3.771000e-05	-3.634314e-02	-9.343654e+00
3.772000e-05	-3.702271e-02	-9.157814e+00
3.773000e-05	-3.646514e-02	-9.029716e+00
3.774000e-05	-3.383720e-02	-8.879997e+00
3.775000e-05	-3.097331e-02	-8.691999e+00
3.776000e-05	-3.054193e-02	-8.482628e+00
3.777000e-05	-2.881298e-02	-8.336212e+00
3.778000e-05	-2.758889e-02	-8.176714e+00
3.779000e-05	-2.507922e-02	-8.028413e+00
3.780000e-05	-2.410411e-02	-7.798838e+00
3.781000e-05	-2.379737e-02	-7.547839e+00
3.782000e-05	-2.333317e-02	-7.359366e+00
3.783000e-05	-2.071829e-02	-7.259465e+00
3.784000e-05	-2.087767e-02	-7.028285e+00
3.785000e-05	-2.003702e-02	-6.818416e+00
3.786000e-05	-2.029566e-02	-6.600392e+00
3.787000e-05	-1.685353e-02	-6.429972e+00
3.788000e-05	-1.482696e-02	-6.190393e+00
3.789000e-05	-1.603730e-02	-5.997816e+00
3.790000e-05	-1.613240e-02	-5.817987e+00
3.791000e-05	-1.296090e-02	-5.597920e+00
3.792000e-05	-1.308868e-02	-5.347758e+00
3.793000e-05	-1.349395e-02	-5.134254e+00
3.794000e-05	-1.327676e-02	-4.890596e+00
3.795000e-05	-1.209101e-02	-4.638496e+00
3.796000e-05	-1.081865e-02	-4.420129e+00
3.797000e-05	-1.013372e-02	-4.231546e+00
3.798000e-05	-9.836827e-03	-4.061129e+00
3.799000e-05	-9.293710e-03	-3.809620e+00
3.800000e-05	-7.929261e-03	-3.589395e+00
3.801000e-05	-1.031100e-02	-3.376865e+00
3.802000e-05	-8.993961e-03	-3.176393e+00
3.803000e-05	-9.293090e-03	-2.854706e+00
3.804000e-05	-6.299818e-03	-2.652630e+00
3.805000e-05	-7.234233e-03	-2.471653e+00
3.806000e-05	-6.973266e-03	-2.230576e+00
3.807000e-05	-6.996476e-03	-1.979395e+00
3.808000e-05	-6.047526e-03	-1.818395e+00
3.809000e-05	-6.255820e-03	-1.577894e+00
3.810000e-05	-6.402578e-03	-1.282204e+00
3.811000e-05	-6.365983e-03	-1.030627e+00
3.812000e-05	-3.614228e-03	-8.490424e-01
3.813000e-05	-3.786200e-03	-5.278860e-01
3.814000e-05	-3.813819e-03	-3.368370e-01
3.815000e-05	-2.909483e-03	-1.043881e-01
3.816000e-05	3.917144e-03	8.513692e-02
3.817000e-05	6.522621e-04	3.593974e-01
3.818000e-05	-4.829876e-04	5.687975e-01
3.819000e-05	-1.960779e-04	7.578473e-01
3.820000e-05	1.530408e-04	1.019417e+00
3.821000e-05	2.995683e-03	1.262057e+00
3.822000e-05	2.173282e-03	1.453060e+00
3.823000e-05	1.999507e-02	1.757738e+00
3.824000e-05	6.506382e-02	1.956791e+00
3.825000e-05	1.662169e-02	2.220450e+00
3.826000e-05	-5.809950e-02	2.432081e+00
3.827000e-05	-4.287328e-02	2.716796e+00
3.828000e-05	-2.363046e-02	2.915691e+00
3.829000e-05	-4.257456e-02	3.052581e+00
3.830000e-05	5.897176e-02	3.199872e+00
3.831000e-05	3.165400e-02	3.504037e+00
3.832000e-05	-8.624865e-02	3.632134e+00
3.833000e-05	1.425934e-01	3.860979e+00
3.834000e-05	-3.123694e-02	4.106567e+00
3.835000e-05	-1.514379e-02	4.357221e+00
3.836000e-05	1.620845e-02	4.578291e+00
3.837000e-05	-6.984355e-02	4.829369e+00
3.838000e-05	7.043107e-02	5.059779e+00
3.839000e-05	4.080294e-03	5.345615e+00
3.840000e-05	-8.953909e-03	5.537688e+00
3.841000e-05	1.948026e-02	5.717135e+00
3.842000e-05	-1.428506e-02	5.968742e+00
3.843000e-05	1.762881e-02	6.166213e+00
3.844000e-05	-1.297052e-02	6.386666e+00
3.845000e-05	2.896038e-03	6.566089e+00
3.846000e-05	1.243808e-02	6.789766e+00
3.847000e-05	9.880127e-03	6.967767e+00
3.848000e-05	3.718611e-02	7.177740e+00
3.849000e-05	-4.606825e-02	7.366112e+00
3.850000e-05	2.210201e-02	7.578082e+00
3.851000e-05	1.156885e-02	7.768691e+00
3.852000e-05	6.382233e-03	8.018792e+00
3.853000e-05	1.183032e-02	8.168167e+00
3.854000e-05	-4.812931e-03	8.377187e+00
3.855000e-05	2.648409e-02	8.514109e+00
3.856000e-05	-6.837570e-03	8.682030e+00
3.857000e-05	9.029234e-03	8.828722e+00
3.858000e-05	-8.021426e-03	9.028665e+00
3.859000e-05	1.783574e-02	9.185187e+00
3.860000e-05	1.957282e-02	9.334558e+00
3.861000e-05	5.003237e-03	9.511854e+00
3.862000e-05	8.371931e-03	9.658742e+00
3.863000e-05	4.711871e-03	9.826638e+00
3.864000e-05	1.514942e-02	9.945556e+00
3.865000e-05	-4.939120e-04	1.010290e+01
3.866000e-05	4.246716e-03	1.025827e+01
3.867000e-05	1.020725e-02	1.032498e+01
3.868000e-05	1.747151e-02	1.045187e+01
3.869000e-05	1.270550e-02	1.058571e+01
3.870000e-05	5.032483e-03	1.072501e+01
3.871000e-05	1.013576e-02	1.088079e+01
3.872000e-05	1.171086e-02	1.096614e+01
3.873000e-05	9.734878e-03	1.110078e+01
3.874000e-05	4.952529e-03	1.117766e+01
3.875000e-05	1.002712e-02	1.130185e+01
3.876000e-05	1.480503e-02	1.141426e+01
3.877000e-05	1.227395e-02	1.152045e+01
3.878000e-05	9.428139e-03	1.161869e+01
3.879000e-05	1.017245e-02	1.169338e+01
3.880000e-05	1.513418e-02	1.180781e+01
3.881000e-05	1.204813e-02	1.185087e+01
3.882000e-05	1.168598e-02	1.196506e+01
3.883000e-05	9.828901e-03	1.199916e+01
3.884000e-05	1.598494e-02	1.206145e+01
3.885000e-05	1.225400e-02	1.217403e+01
3.886000e-05	1.181412e-02	1.221674e+01
3.887000e-05	1.239805e-02	1.228937e+01
3.888000e-05	1.686396e-02	1.233145e+01
3.889000e-05	1.655603e-02	1.234649e+01
3.890000e-05	1.407911e-02	1.240723e+01
3.891000e-05	1.405516e-02	1.247032e+01
3.892000e-05	1.465711e-02	1.252084e+01
3.893000e-05	1.695415e-02	1.251297e+01
3.894000e-05	1.589894e-02	1.251200e+01
3.895000e-05	1.653367e-02	1.255401e+01
3.896000e-05	1.900344e-02	1.256516e+01
3.897000e-05	1.977910e-02	1.256458e+01
3.898000e-05	1.738046e-02	1.256464e+01
3.899000e-05	1.684780e-02	1.257664e+01
3.900000e-05	1.802609e-02	1.256508e+01
3.901000e-05	2.034470e-02	1.252356e+01
3.902000e-05	2.142448e-02	1.253353e+01
3.903000e-05	2.227750e-02	1.251305e+01
3.904000e-05	2.414790e-02	1.253300e+01
3.905000e-05	2.574218e-02	1.248087e+01
3.906000e-05	2.398252e-02	1.245984e+01
3.907000e-05	2.319269e-02	1.240921e+01
3.908000e-05	2.534465e-02	1.237458e+01
3.909000e-05	2.701116e-02	1.228140e+01
3.910000e-05	2.799930e-02	1.226829e+01
3.911000e-05	2.799409e-02	1.221619e+01
3.912000e-05	3.055829e-02	1.214313e+01
3.913000e-05	3.229913e-02	1.206132e+01
3.914000e-05	3.369399e-02	1.200719e+01
3.915000e-05	3.166378e-02	1.195460e+01
3.916000e-05	3.451925e-02	1.183034e+01
3.917000e-05	3.597456e-02	1.177621e+01
3.918000e-05	3.815196e-02	1.173080e+01
3.919000e-05	3.869697e-02	1.158658e+01
3.920000e-05	4.063262e-02	1.147987e+01
3.921000e-05	4.281831e-02	1.137465e+01
3.922000e-05	4.296089e-02	1.124037e+01
3.923000e-05	4.316392e-02	1.117716e+01
3.924000e-05	4.247789e-02	1.107882e+01
3.925000e-05	4.472259e-02	1.096516e+01
3.926000e-05	4.314891e-02	1.082992e+01
3.927000e-05	4.347488e-02	1.074400e+01
3.928000e-05	4.236656e-02	1.061526e+01
3.929000e-05	4.344599e-02	1.042137e+01
3.930000e-05	4.140276e-02	1.036198e+01
3.931000e-05	4.002561e-02	1.017731e+01
3.932000e-05	3.827106e-02	1.009004e+01
3.933000e-05	3.696412e-02	9.961925e+00
3.934000e-05	3.531905e-02	9.733683e+00
3.935000e-05	3.324072e-02	9.546687e+00
3.936000e-05	3.111433e-02	9.439299e+00
3.937000e-05	2.972877e-02	9.302100e+00
3.938000e-05	2.869919e-02	9.167686e+00
3.939000e-05	2.635041e-02	9.037310e+00
3.940000e-05	2.572316e-02	8.819315e+00
3.941000e-05	2.399987e-02	8.620472e+00
3.942000e-05	2.324140e-02	8.462528e+00
3.943000e-05	2.066665e-02	8.352608e+00
3.944000e-05	1.960125e-02	8.143729e+00
3.945000e-05	1.759997e-02	7.942110e+00
3.946000e-05	1.708622e-02	7.727763e+00
3.947000e-05	1.545102e-02	7.596808e+00
3.948000e-05	1.349874e-02	7.315258e+00
3.949000e-05	1.318821e-02	7.175238e+00
3.950000e-05	1.232770e-02	6.995786e+00
3.951000e-05	1.150399e-02	6.798868e+00
3.952000e-05	1.064460e-02	6.543187e+00
3.953000e-05	9.701315e-03	6.385263e+00
3.954000e-05	8.449091e-03	6.194865e+00
3.955000e-05	6.453213e-03	6.017870e+00
3.956000e-05	6.095921e-03	5.756841e+00
3.957000e-05	4.831060e-03	5.555814e+00
3.958000e-05	4.698945e-03	5.375362e+00
3.959000e-05	5.048756e-03	5.093130e+00
3.960000e-05	4.785668e-03	4.820575e+00
3.961000e-05	4.329376e-03	4.600016e+00
3.962000e-05	3.230527e-03	4.418049e+00
3.963000e-05	2.343654e-03	4.178416e+00
3.964000e-05	1.417505e-03	3.945842e+00
3.965000e-05	3.528215e-04	3.784864e+00
3.966000e-05	4.552979e-04	3.575892e+00
3.967000e-05	-2.426946e-04	3.282133e+00
3.968000e-05	-5.904882e-04	3.072128e+00
3.969000e-05	-2.868753e-04	2.882654e+00
3.970000e-05	-1.216228e-03	2.631077e+00
3.971000e-05	-1.264746e-03	2.386397e+00
3.972000e-05	-1.476044e-03	2.167015e+00
3.973000e-05	-2.447750e-03	1.976367e+00
3.974000e-05	-3.174709e-03	1.744838e+00
3.975000e-05	-3.234659e-03	1.472155e+00
3.976000e-05	-3.644802e-03	1.250130e+00
3.977000e-05	-4.390287e-03	9.484658e-01
3.978000e-05	-3.777755e-03	7.358630e-01
3.979000e-05	-3.861274e-03	4.842329e-01
3.980000e-05	-2.562443e-03	2.923092e-01
3.981000e-05	-3.234217e-03	9.601166e-03
3.982000e-05	3.765554e-03	-2.104474e-01
3.983000e-05	3.519316e-04	-3.899963e-01
3.984000e-05	-2.374212e-03	-6.118500e-01
3.985000e-05	-4.009891e-03	-8.425340e-01
3.986000e-05	-4.401067e-03	-1.012578e+00
3.987000e-05	-2.999749e-03	-1.241956e+00
3.988000e-05	-3.113495e-04	-1.537713e+00
3.989000e-05	4.960237e-02	-1.707086e+00
3.990000e-05	6.172413e-02	-1.946667e+00
3.991000e-05	-6.361763e-02	-2.225407e+00
3.992000e-05	-4.502045e-02	-2.548795e+00
3.993000e-05	-5.689171e-02	-2.768847e+00
3.994000e-05	-6.266960e-02	-3.008246e+00
3.995000e-05	1.178504e-01	-3.147136e+00
3.996000e-05	-2.125321e-02	-3.307660e+00
3.997000e-05	-1.050650e-01	-3.556792e+00
3.998000e-05	1.794799e-01	-3.703008e+00
3.999000e-05	-1.015354e-01	-3.957693e+00
4.000000e-05	3.384683e-02	-4.210449e+00
4.001000e-05	-9.609705e-03	-4.378767e+00
4.002000e-05	-1.461412e-01	-4.649854e+00
4.003000e-05	1.432910e-01	-4.821950e+00
4.004000e-05	-4.189939e-02	-5.052874e+00
4.005000e-05	-5.849598e-03	-5.334563e+00
4.006000e-05	3.043142e-02	-5.568113e+00
4.007000e-05	-9.804175e-02	-5.768220e+00
4.008000e-05	1.022114e-01	-5.978767e+00
4.009000e-05	-8.821742e-02	-6.198294e+00
4.010000e-05	-2.093589e-02	-6.390896e+00
4.011000e-05	3.999556e-02	-6.569764e+00
4.012000e-05	-3.260998e-02	-6.819823e+00
4.013000e-05	8.261859e-02	-7.029716e+00
4.014000e-05	-1.432718e-01	-7.222793e+00
4.015000e-05	5.804464e-02	-7.429770e+00
4.016000e-05	-1.636219e-02	-7.597691e+00
4.017000e-05	-1.678690e-02	-7.862426e+00
4.018000e-05	1.271623e-02	-8.022294e+00
4.019000e-05	-6.521875e-02	-8.250193e+00
4.020000e-05	7.695937e-02	-8.387738e+00
4.021000e-05	-6.263097e-02	-8.546534e+00
4.022000e-05	4.284206e-03	-8.737079e+00
4.023000e-05	-4.358880e-02	-8.893523e+00
4.024000e-05	9.853839e-03	-9.080972e+00
4.025000e-05	1.487829e-02	-9.209690e+00
4.026000e-05	-4.803953e-02	-9.406636e+00
4.027000e-05	1.001385e-02	-9.556005e+00
4.028000e-05	-3.129699e-02	-9.672924e+00
4.029000e-05	2.203709e-02	-9.840341e+00
4.030000e-05	-4.611817e-02	-9.955635e+00
4.031000e-05	-1.098481e-02	-1.010601e+01
4.032000e-05	-9.085111e-03	-1.024182e+01
4.033000e-05	4.410478e-03	-1.042924e+01
4.034000e-05	-1.773873e-02	-1.051601e+01
4.035000e-05	-3.200522e-02	-1.068132e+01
4.036000e-05	-3.021850e-03	-1.072716e+01
4.037000e-05	-1.383142e-02	-1.094237e+01
4.038000e-05	-1.288384e-02	-1.098669e+01
4.039000e-05	-3.550488e-02	-1.111342e+01
4.040000e-05	-9.411416e-05	-1.123071e+01
4.041000e-05	-9.059368e-03	-1.133606e+01
4.042000e-05	-8.834649e-03	-1.143072e+01
4.043000e-05	-3.245944e-02	-1.153445e+01
4.044000e-05	-1.468952e-02	-1.167181e+01
4.045000e-05	-9.735970e-03	-1.173408e+01
4.046000e-05	-1.864606e-02	-1.185122e+01
4.047000e-05	-2.528233e-02	-1.192543e+01
4.048000e-05	-1.911661e-02	-1.200863e+01
4.049000e-05	-4.735102e-03	-1.209295e+01
4.050000e-05	-1.805965e-02	-1.215510e+01
4.051000e-05	-2.415042e-02	-1.220614e+01
4.052000e-05	-2.399425e-02	-1.227137e+01
4.053000e-05	-1.127004e-02	-1.229496e+01
4.054000e-05	-1.961140e-02	-1.234558e+01
4.055000e-05	-2.523049e-02	-1.239714e+01
4.056000e-05	-2.348571e-02	-1.245119e+01
4.057000e-05	-1.509345e-02	-1.248336e+01
4.058000e-05	-1.828128e-02	-1.247345e+01
4.059000e-05	-2.598359e-02	-1.256402e+01
4.060000e-05	-2.606447e-02	-1.256405e+01
4.061000e-05	-1.716739e-02	-1.258461e+01
4.062000e-05	-2.029112e-02	-1.258569e+01
4.063000e-05	-2.691309e-02	-1.262621e+01
4.064000e-05	-2.903162e-02	-1.259666e+01
4.065000e-05	-2.338200e-02	-1.259468e+01
4.066000e-05	-2.105706e-02	-1.257515e+01
4.067000e-05	-3.029410e-02	-1.259568e+01
4.068000e-05	-3.050502e-02	-1.256655e+01
4.069000e-05	-2.770514e-02	-1.252456e+01
4.070000e-05	-2.430658e-02	-1.251353e+01
4.071000e-05	-3.204641e-02	-1.249290e+01
4.072000e-05	-3.601932e-02	-1.244039e+01
4.073000e-05	-2.984586e-02	-1.239981e+01
4.074000e-05	-2.792394e-02	-1.236718e+01
4.075000e-05	-3.277894e-02	-1.233555e+01
4.076000e-05	-3.745436e-02	-1.230047e+01
4.077000e-05	-3.506426e-02	-1.222931e+01
4.078000e-05	-3.372967e-02	-1.217669e+01
4.079000e-05	-3.802702e-02	-1.214300e+01
4.080000e-05	-4.311087e-02	-1.203029e+01
4.081000e-05	-4.075962e-02	-1.197556e+01
4.082000e-05	-3.854741e-02	-1.193287e+01
4.083000e-05	-4.138585e-02	-1.184576e+01
4.084000e-05	-4.602492e-02	-1.173235e+01
4.085000e-05	-4.589289e-02	-1.161971e+01
4.086000e-05	-4.366979e-02	-1.153149e+01
4.087000e-05	-4.787389e-02	-1.139808e+01
4.088000e-05	-5.274124e-02	-1.128042e+01
4.089000e-05	-5.309847e-02	-1.115618e+01
4.090000e-05	-5.007573e-02	-1.100829e+01
4.091000e-05	-4.940906e-02	-1.095560e+01
4.092000e-05	-5.124935e-02	-1.081989e+01
4.093000e-05	-5.163193e-02	-1.075261e+01
4.094000e-05	-4.807328e-02	-1.061929e+01
4.095000e-05	-4.737110e-02	-1.048205e+01
4.096000e-05	-4.891039e-02	-1.033413e+01
4.097000e-05	-4.940791e-02	-1.019671e+01
4.098000e-05	-4.561625e-02	-1.006084e+01
4.099000e-05	-4.343327e-02	-9.922554e+00
4.100000e-05	-4.410425e-02	-9.777739e+00
4.101000e-05	-4.299777e-02	-9.659469e+00
4.102000e-05	-3.933501e-02	-9.490944e+00
4.103000e-05	-3.519562e-02	-9.303078e+00
4.104000e-05	-3.541851e-02	-9.207708e+00
4.105000e-05	-3.570130e-02	-8.997886e+00
4.106000e-05	-3.322362e-02	-8.859495e+00
4.107000e-05	-3.061218e-02	-8.681922e+00
4.108000e-05	-3.071668e-02	-8.444073e+00
4.109000e-05	-3.058457e-02	-8.303656e+00
4.110000e-05	-2.756132e-02	-8.148262e+00
4.111000e-05	-2.391601e-02	-7.988315e+00
4.112000e-05	-2.322328e-02	-7.746210e+00
4.113000e-05	-2.416072e-02	-7.565712e+00
4.114000e-05	-2.282387e-02	-7.358310e+00
4.115000e-05	-2.041921e-02	-7.227842e+00
4.116000e-05	-2.042986e-02	-6.978336e+00
4.117000e-05	-2.104864e-02	-6.777335e+00
4.118000e-05	-1.995633e-02	-6.578866e+00
4.119000e-05	-1.647036e-02	-6.409921e+00
4.120000e-05	-1.612637e-02	-6.178835e+00
4.121000e-05	-1.667262e-02	-5.948267e+00
4.122000e-05	-1.564474e-02	-5.775342e+00
4.123000e-05	-1.274411e-02	-5.587942e+00
4.124000e-05	-1.288940e-02	-5.324254e+00
4.125000e-05	-1.406506e-02	-5.093182e+00
4.126000e-05	-1.344397e-02	-4.841995e+00
4.127000e-05	-1.253263e-02	-4.629496e+00
4.128000e-05	-1.194220e-02	-4.420421e+00
4.129000e-05	-1.123771e-02	-4.251570e+00
4.130000e-05	-1.036550e-02	-4.010026e+00
4.131000e-05	-9.448883e-03	-3.777895e+00
4.132000e-05	-7.873680e-03	-3.576866e+00
4.133000e-05	-9.948164e-03	-3.315743e+00
4.134000e-05	-8.770192e-03	-3.137337e+00
4.135000e-05	-8.918013e-03	-2.863250e+00
4.136000e-05	-6.621949e-03	-2.640679e+00
4.137000e-05	-7.455277e-03	-2.432174e+00
4.138000e-05	-7.308242e-03	-2.209041e+00
4.139000e-05	-6.420274e-03	-1.956842e+00
4.140000e-05	-7.271304e-03	-1.728388e+00
4.141000e-05	-7.169459e-03	-1.547367e+00
4.142000e-05	-5.412198e-03	-1.261200e+00
4.143000e-05	-5.290869e-03	-9.899700e-01
4.144000e-05	-3.609578e-03	-8.095699e-01
4.145000e-05	-3.726746e-03	-5.559345e-01
4.146000e-05	-3.564601e-03	-2.953380e-01
4.147000e-05	-2.369440e-03	-1.157095e-01
4.148000e-05	3.822633e-03	1.166448e-01
4.149000e-05	-1.244485e-03	3.903763e-01
4.150000e-05	-6.230077e-05	5.898524e-01
4.151000e-05	-1.310629e-03	7.778975e-01
4.152000e-05	1.296163e-03	1.009950e+00
4.153000e-05	3.430091e-03	1.273609e+00
4.154000e-05	4.199867e-03	1.534613e+00
4.155000e-05	2.291031e-02	1.757269e+00
4.156000e-05	6.788446e-02	1.998346e+00
4.157000e-05	2.201782e-03	2.232005e+00
4.158000e-05	-5.719367e-02	2.513559e+00
4.159000e-05	-4.244722e-02	2.746767e+00
4.160000e-05	-2.329850e-02	2.936260e+00
4.161000e-05	-4.018885e-02	3.073505e+00
4.162000e-05	7.512614e-02	3.240402e+00
4.163000e-05	5.508415e-03	3.525116e+00
4.164000e-05	-6.611611e-02	3.703583e+00
4.165000e-05	1.410603e-01	3.871983e+00
4.166000e-05	-4.890910e-02	4.187739e+00
4.167000e-05	6.425974e-04	4.368247e+00
4.168000e-05	-7.335558e-04	4.630298e+00
4.169000e-05	-5.694679e-02	4.820397e+00
4.170000e-05	7.393875e-02	5.094880e+00
4.171000e-05	-3.828742e-03	5.355135e+00
4.172000e-05	-2.897089e-03	5.565692e+00
4.173000e-05	1.624499e-02	5.777614e+00
4.174000e-05	-1.466741e-02	5.998821e+00
4.175000e-05	2.011283e-02	6.179242e+00
4.176000e-05	-1.637686e-02	6.337192e+00
4.177000e-05	8.691532e-03	6.599164e+00
4.178000e-05	6.528518e-03	6.810343e+00
4.179000e-05	1.823062e-02	7.020296e+00
4.180000e-05	2.887938e-02	7.197291e+00
4.181000e-05	-4.572020e-02	7.416666e+00
4.182000e-05	2.785006e-02	7.598244e+00
4.183000e-05	3.869669e-03	7.819717e+00
4.184000e-05	1.088233e-02	8.010819e+00
4.185000e-05	6.122127e-03	8.238843e+00
4.186000e-05	7.962656e-04	8.348766e+00
4.187000e-05	2.438020e-02	8.544558e+00
4.188000e-05	-4.443360e-03	8.662453e+00
4.189000e-05	9.017581e-03	8.842872e+00
4.190000e-05	-8.655492e-03	9.027719e+00
4.191000e-05	1.912139e-02	9.198659e+00
4.192000e-05	1.435376e-02	9.374687e+00
4.193000e-05	4.628740e-03	9.522502e+00
4.194000e-05	8.241539e-03	9.650316e+00
4.195000e-05	7.237299e-03	9.837792e+00
4.196000e-05	1.513556e-02	9.945981e+00
4.197000e-05	1.011462e-03	1.008393e+01
4.198000e-05	3.841680e-03	1.020887e+01
4.199000e-05	1.029899e-02	1.037513e+01
4.200000e-05	1.532914e-02	1.050292e+01
4.201000e-05	1.117663e-02	1.064017e+01
4.202000e-05	5.195933e-03	1.074511e+01
4.203000e-05	1.143931e-02	1.087242e+01
4.204000e-05	1.144310e-02	1.096719e+01
4.205000e-05	9.897642e-03	1.109245e+01
4.206000e-05	5.338457e-03	1.119024e+01
4.207000e-05	1.178810e-02	1.130338e+01
4.208000e-05	1.437958e-02	1.142769e+01
4.209000e-05	1.284735e-02	1.152138e+01
4.210000e-05	8.046049e-03	1.164914e+01
4.211000e-05	9.098851e-03	1.175556e+01
4.212000e-05	1.525649e-02	1.181774e+01
4.213000e-05	1.189803e-02	1.186185e+01
4.214000e-05	1.165089e-02	1.191411e+01
4.215000e-05	1.150871e-02	1.204924e+01
4.216000e-05	1.636417e-02	1.212332e+01
4.217000e-05	1.332874e-02	1.219511e+01
4.218000e-05	1.058008e-02	1.221612e+01
4.219000e-05	1.122013e-02	1.229832e+01
4.220000e-05	1.553793e-02	1.234347e+01
4.221000e-05	1.624743e-02	1.237358e+01
4.222000e-05	1.350766e-02	1.238818e+01
4.223000e-05	1.522472e-02	1.243984e+01
4.224000e-05	1.689439e-02	1.249194e+01
4.225000e-05	1.859953e-02	1.250292e+01
4.226000e-05	1.460068e-02	1.250353e+01
4.227000e-05	1.433755e-02	1.256400e+01
4.228000e-05	1.875525e-02	1.254563e+01
4.229000e-05	1.925632e-02	1.254508e+01
4.230000e-05	1.814132e-02	1.256561e+01
4.231000e-05	1.642747e-02	1.259511e+01
4.232000e-05	2.062905e-02	1.254463e+01
4.233000e-05	2.258250e-02	1.258402e+01
4.234000e-05	2.089925e-02	1.256398e+01
4.235000e-05	2.094680e-02	1.252450e+01
4.236000e-05	2.336510e-02	1.249900e+01
4.237000e-05	2.585131e-02	1.245034e+01
4.238000e-05	2.432163e-02	1.244872e+01
4.239000e-05	2.332721e-02	1.241661e+01
4.240000e-05	2.574439e-02	1.233336e+01
4.241000e-05	2.838154e-02	1.233138e+01
4.242000e-05	2.837873e-02	1.227734e+01
4.243000e-05	2.704536e-02	1.221414e+01
4.244000e-05	2.908113e-02	1.215258e+01
4.245000e-05	3.288755e-02	1.204084e+01
4.246000e-05	3.364593e-02	1.199626e+01
4.247000e-05	3.247663e-02	1.192250e+01
4.248000e-05	3.382564e-02	1.185982e+01
4.249000e-05	3.730873e-02	1.176508e+01
4.250000e-05	3.845520e-02	1.172202e+01
4.251000e-05	3.816180e-02	1.159506e+01
4.252000e-05	3.968107e-02	1.151034e+01
4.253000e-05	4.219060e-02	1.139461e+01
4.254000e-05	4.296079e-02	1.124994e+01
4.255000e-05	4.318772e-02	1.115556e+01
4.256000e-05	4.214414e-02	1.101934e+01
4.257000e-05	4.480949e-02	1.094266e+01
4.258000e-05	4.511947e-02	1.084892e+01
4.259000e-05	4.387490e-02	1.072051e+01
4.260000e-05	4.248751e-02	1.061523e+01
4.261000e-05	4.139527e-02	1.043994e+01
4.262000e-05	4.190818e-02	1.032198e+01
4.263000e-05	3.933927e-02	1.018718e+01
4.264000e-05	3.821855e-02	1.006847e+01
4.265000e-05	3.696161e-02	9.910901e+00
4.266000e-05	3.612092e-02	9.732528e+00
4.267000e-05	3.365073e-02	9.555763e+00
4.268000e-05	3.060861e-02	9.437865e+00
4.269000e-05	2.924704e-02	9.312550e+00
4.270000e-05	2.865410e-02	9.142131e+00
4.271000e-05	2.680532e-02	8.924231e+00
4.272000e-05	2.512375e-02	8.795342e+00
4.273000e-05	2.373982e-02	8.630419e+00
4.274000e-05	2.228472e-02	8.441597e+00
4.275000e-05	2.132771e-02	8.302083e+00
4.276000e-05	1.926446e-02	8.135600e+00
4.277000e-05	1.836420e-02	7.944182e+00
4.278000e-05	1.632851e-02	7.763684e+00
4.279000e-05	1.559312e-02	7.585730e+00
4.280000e-05	1.335120e-02	7.353731e+00
4.281000e-05	1.250205e-02	7.133785e+00
4.282000e-05	1.198661e-02	6.935287e+00
4.283000e-05	1.216908e-02	6.755314e+00
4.284000e-05	1.052293e-02	6.554729e+00
4.285000e-05	8.898960e-03	6.343786e+00
4.286000e-05	8.846164e-03	6.125284e+00
4.287000e-05	7.898136e-03	5.977918e+00
4.288000e-05	5.859633e-03	5.725756e+00
4.289000e-05	4.421647e-03	5.564133e+00
4.290000e-05	4.657546e-03	5.334211e+00
4.291000e-05	5.130881e-03	5.089970e+00
4.292000e-05	3.603961e-03	4.835817e+00
4.293000e-05	3.202773e-03	4.588942e+00
4.294000e-05	2.730193e-03	4.398470e+00
4.295000e-05	3.114342e-03	4.166212e+00
4.296000e-05	1.971324e-03	3.914813e+00
4.297000e-05	2.571792e-04	3.714287e+00
4.298000e-05	1.383895e-04	3.516182e+00
4.299000e-05	3.122627e-04	3.241204e+00
4.300000e-05	-4.179652e-04	3.042075e+00
4.301000e-05	-1.521795e-03	2.850701e+00
4.302000e-05	-1.224967e-03	2.608524e+00
4.303000e-05	-8.517298e-04	2.347367e+00
4.304000e-05	-7.313985e-04	2.144862e+00
4.305000e-05	-2.515140e-03	1.965417e+00
4.306000e-05	-2.938652e-03	1.682659e+00
4.307000e-05	-2.572156e-03	1.460705e+00
4.308000e-05	-2.943238e-03	1.239075e+00
4.309000e-05	-4.268934e-03	9.448882e-01
4.310000e-05	-4.171900e-03	7.028128e-01
4.311000e-05	-4.100533e-03	4.827840e-01
4.312000e-05	-3.143865e-03	2.623552e-01
4.313000e-05	-2.948850e-03	7.999853e-03
4.314000e-05	4.141199e-03	-1.904038e-01
4.315000e-05	-1.606257e-03	-3.804513e-01
4.316000e-05	-1.707971e-03	-6.450091e-01
4.317000e-05	-3.849172e-03	-8.639792e-01
4.318000e-05	-3.345021e-03	-1.022554e+00
4.319000e-05	-4.174972e-03	-1.244610e+00
4.320000e-05	1.702391e-03	-1.528292e+00
4.321000e-05	5.909083e-02	-1.706192e+00
4.322000e-05	4.721849e-02	-1.929238e+00
4.323000e-05	-6.630729e-02	-2.262934e+00
4.324000e-05	-4.557972e-02	-2.610373e+00
4.325000e-05	-5.852526e-02	-2.820922e+00
4.326000e-05	-5.310921e-02	-2.990368e+00
4.327000e-05	1.305931e-01	-3.135687e+00
4.328000e-05	-6.034472e-02	-3.367668e+00
4.329000e-05	-6.569230e-02	-3.566872e+00
4.330000e-05	1.678392e-01	-3.715029e+00
4.331000e-05	-1.176157e-01	-3.981320e+00
4.332000e-05	5.866117e-02	-4.262955e+00
4.333000e-05	-4.596890e-02	-4.409371e+00
4.334000e-05	-1.178044e-01	-4.705028e+00
4.335000e-05	1.472500e-01	-4.811025e+00
4.336000e-05	-6.260695e-02	-5.074458e+00
4.337000e-05	1.747996e-02	-5.418689e+00
4.338000e-05	7.943492e-03	-5.569613e+00
4.339000e-05	-8.553165e-02	-5.817798e+00
4.340000e-05	1.034069e-01	-5.958268e+00
4.341000e-05	-1.087237e-01	-6.229197e+00
4.342000e-05	7.442557e-03	-6.420875e+00
4.343000e-05	1.705320e-02	-6.618746e+00
4.344000e-05	-1.274328e-02	-6.841919e+00
4.345000e-05	6.326792e-02	-7.010214e+00
4.346000e-05	-1.407182e-01	-7.252775e+00
4.347000e-05	7.487555e-02	-7.432374e+00
4.348000e-05	-3.834956e-02	-7.630671e+00
4.349000e-05	2.393386e-03	-7.853853e+00
4.350000e-05	-6.233577e-03	-8.040770e+00
4.351000e-05	-4.783442e-02	-8.231295e+00
4.352000e-05	6.817368e-02	-8.357663e+00
4.353000e-05	-6.712256e-02	-8.556037e+00
4.354000e-05	1.070439e-02	-8.757629e+00
4.355000e-05	-5.042972e-02	-8.894001e+00
4.356000e-05	2.289514e-02	-9.072351e+00
4.357000e-05	2.129894e-05	-9.200265e+00
4.358000e-05	-3.790798e-02	-9.437567e+00
4.359000e-05	4.356792e-03	-9.515085e+00
4.360000e-05	-2.471148e-02	-9.695479e+00
4.361000e-05	1.797246e-02	-9.831269e+00
4.362000e-05	-4.876255e-02	-9.986191e+00
4.363000e-05	-7.493167e-03	-1.013566e+01
4.364000e-05	-1.242024e-02	-1.028083e+01
4.365000e-05	5.511096e-03	-1.041967e+01
4.366000e-05	-2.225427e-02	-1.053563e+01
4.367000e-05	-2.603557e-02	-1.065092e+01
4.368000e-05	-1.828548e-03	-1.076519e+01
4.369000e-05	-1.163417e-02	-1.094398e+01
4.370000e-05	-1.475527e-02	-1.100629e+01
4.371000e-05	-3.520997e-02	-1.109542e+01
4.372000e-05	-1.976071e-03	-1.123877e+01
4.373000e-05	-1.233247e-02	-1.133453e+01
4.374000e-05	-1.025046e-02	-1.144135e+01
4.375000e-05	-3.101788e-02	-1.155748e+01
4.376000e-05	-1.024384e-02	-1.164182e+01
4.377000e-05	-9.687476e-03	-1.178448e+01
4.378000e-05	-1.733368e-02	-1.183887e+01
4.379000e-05	-2.548511e-02	-1.192600e+01
4.380000e-05	-2.005351e-02	-1.203864e+01
4.381000e-05	-6.480819e-03	-1.208402e+01
4.382000e-05	-2.060657e-02	-1.212616e+01
4.383000e-05	-2.337644e-02	-1.220669e+01
4.384000e-05	-2.332275e-02	-1.224082e+01
4.385000e-05	-9.462210e-03	-1.232443e+01
4.386000e-05	-1.907044e-02	-1.234400e+01
4.387000e-05	-2.391628e-02	-1.238916e+01
4.388000e-05	-2.417753e-02	-1.241027e+01
4.389000e-05	-1.550864e-02	-1.248187e+01
4.390000e-05	-1.927271e-02	-1.251440e+01
4.391000e-05	-2.699148e-02	-1.256398e+01
4.392000e-05	-2.611730e-02	-1.258408e+01
4.393000e-05	-1.745374e-02	-1.258508e+01
4.394000e-05	-1.977980e-02	-1.263618e+01
4.395000e-05	-2.775746e-02	-1.255569e+01
4.396000e-05	-2.775810e-02	-1.258661e+01
4.397000e-05	-2.276803e-02	-1.261569e+01
4.398000e-05	-2.062643e-02	-1.261516e+01
4.399000e-05	-3.044121e-02	-1.261561e+01
4.400000e-05	-3.046906e-02	-1.257410e+01
4.401000e-05	-2.776913e-02	-1.251458e+01
4.402000e-05	-2.454004e-02	-1.249305e+01
4.403000e-05	-3.197384e-02	-1.247292e+01
4.404000e-05	-3.440481e-02	-1.247932e+01
4.405000e-05	-2.970648e-02	-1.238876e+01
4.406000e-05	-2.857048e-02	-1.236711e+01
4.407000e-05	-3.391826e-02	-1.234503e+01
4.408000e-05	-3.947639e-02	-1.226897e+01
4.409000e-05	-3.503365e-02	-1.224879e+01
4.410000e-05	-3.335578e-02	-1.215511e+01
4.411000e-05	-3.675194e-02	-1.209355e+01
4.412000e-05	-4.170181e-02	-1.203036e+01
4.413000e-05	-3.923119e-02	-1.196746e+01
4.414000e-05	-3.854592e-02	-1.191087e+01
4.415000e-05	-4.267834e-02	-1.175671e+01
4.416000e-05	-4.880697e-02	-1.166295e+01
4.417000e-05	-4.736772e-02	-1.159716e+01
4.418000e-05	-4.388807e-02	-1.149094e+01
4.419000e-05	-4.664024e-02	-1.139364e+01
4.420000e-05	-5.065925e-02	-1.129932e+01
4.421000e-05	-5.140024e-02	-1.113458e+01
4.422000e-05	-4.836065e-02	-1.102979e+01
4.423000e-05	-5.012123e-02	-1.092255e+01
4.424000e-05	-5.190306e-02	-1.081734e+01
4.425000e-05	-5.274722e-02	-1.073305e+01
4.426000e-05	-4.830352e-02	-1.058878e+01
4.427000e-05	-4.764729e-02	-1.049195e+01
4.428000e-05	-4.825272e-02	-1.034450e+01
4.429000e-05	-4.799411e-02	-1.017566e+01
4.430000e-05	-4.472864e-02	-1.002031e+01
4.431000e-05	-4.338173e-02	-9.872548e+00
4.432000e-05	-4.357060e-02	-9.755237e+00
4.433000e-05	-4.182467e-02	-9.629865e+00
4.434000e-05	-3.856548e-02	-9.510472e+00
4.435000e-05	-3.662797e-02	-9.283576e+00
4.436000e-05	-3.630580e-02	-9.145156e+00
4.437000e-05	-3.502395e-02	-8.987760e+00
4.438000e-05	-3.237963e-02	-8.849920e+00
4.439000e-05	-3.059095e-02	-8.633396e+00
4.440000e-05	-2.987782e-02	-8.471021e+00
4.441000e-05	-2.878062e-02	-8.324160e+00
4.442000e-05	-2.743761e-02	-8.146782e+00
4.443000e-05	-2.443896e-02	-7.937835e+00
4.444000e-05	-2.479907e-02	-7.735232e+00
4.445000e-05	-2.365924e-02	-7.524733e+00
4.446000e-05	-2.188106e-02	-7.387259e+00
4.447000e-05	-2.093592e-02	-7.176419e+00
4.448000e-05	-2.038934e-02	-6.966312e+00
4.449000e-05	-2.012716e-02	-6.755210e+00
4.450000e-05	-1.863847e-02	-6.589340e+00
4.451000e-05	-1.712541e-02	-6.398367e+00
4.452000e-05	-1.738871e-02	-6.166308e+00
4.453000e-05	-1.608782e-02	-5.986239e+00
4.454000e-05	-1.603033e-02	-5.746335e+00
4.455000e-05	-1.298867e-02	-5.585364e+00
4.456000e-05	-1.357371e-02	-5.334703e+00
4.457000e-05	-1.259926e-02	-5.071601e+00
4.458000e-05	-1.307859e-02	-4.788870e+00
4.459000e-05	-1.189030e-02	-4.606917e+00
4.460000e-05	-1.215340e-02	-4.408969e+00
4.461000e-05	-1.038566e-02	-4.189521e+00
4.462000e-05	-9.961745e-03	-4.008520e+00
4.463000e-05	-9.264320e-03	-3.787869e+00
4.464000e-05	-9.070357e-03	-3.546288e+00
4.465000e-05	-9.670910e-03	-3.316364e+00
4.466000e-05	-9.099099e-03	-3.154760e+00
4.467000e-05	-8.015621e-03	-2.851574e+00
4.468000e-05	-6.639513e-03	-2.601678e+00
4.469000e-05	-6.977123e-03	-2.400074e+00
4.470000e-05	-6.009810e-03	-2.167943e+00
4.471000e-05	-6.551017e-03	-1.957339e+00
4.472000e-05	-6.707921e-03	-1.735812e+00
4.473000e-05	-7.913274e-03	-1.492302e+00
4.474000e-05	-6.220920e-03	-1.190024e+00
4.475000e-05	-5.923137e-03	-9.889909e-01
4.476000e-05	-3.813166e-03	-7.674224e-01
4.477000e-05	-4.425951e-03	-5.033105e-01
4.478000e-05	-3.042523e-03	-2.532353e-01
4.479000e-05	-1.292445e-03	-5.325895e-02
4.480000e-05	6.331701e-03	1.677961e-01
4.481000e-05	-1.820049e-03	4.205274e-01
4.482000e-05	1.410821e-03	6.099225e-01
4.483000e-05	-2.463918e-03	8.109487e-01
4.484000e-05	2.063569e-03	1.062962e+00
4.485000e-05	2.124992e-03	1.285664e+00
4.486000e-05	2.855601e-03	1.574611e+00
4.487000e-05	2.728401e-02	1.767870e+00
4.488000e-05	7.102113e-02	1.988925e+00
4.489000e-05	-9.839308e-03	2.261509e+00
4.490000e-05	-5.569765e-02	2.525062e+00
4.491000e-05	-4.107243e-02	2.779370e+00
4.492000e-05	-2.455209e-02	2.955790e+00
4.493000e-05	-3.778077e-02	3.094660e+00
4.494000e-05	8.430471e-02	3.262505e+00
4.495000e-05	-2.089675e-02	3.546792e+00
4.496000e-05	-3.917223e-02	3.695584e+00
4.497000e-05	1.340298e-01	3.914611e+00
4.498000e-05	-5.947601e-02	4.186768e+00
4.499000e-05	1.621244e-02	4.440341e+00
4.500000e-05	-1.612917e-02	4.630949e+00
4.501000e-05	-4.160763e-02	4.839927e+00
4.502000e-05	7.167243e-02	5.104033e+00
4.503000e-05	-1.204134e-02	5.367691e+00
4.504000e-05	1.198435e-03	5.577267e+00
4.505000e-05	1.334791e-02	5.816719e+00
4.506000e-05	-1.396738e-02	5.989867e+00
4.507000e-05	2.062686e-02	6.260320e+00
4.508000e-05	-1.884672e-02	6.378737e+00
4.509000e-05	1.586655e-02	6.610745e+00
4.510000e-05	2.563425e-03	6.830322e+00
4.511000e-05	2.539095e-02	7.029850e+00
4.512000e-05	1.780266e-02	7.229296e+00
4.513000e-05	-4.290221e-02	7.425670e+00
4.514000e-05	3.262999e-02	7.629841e+00
4.515000e-05	-9.992157e-04	7.811847e+00
4.516000e-05	1.434174e-02	8.059893e+00
4.517000e-05	1.159085e-03	8.240850e+00
4.518000e-05	7.500983e-03	8.396741e+00
4.519000e-05	2.093764e-02	8.545188e+00
4.520000e-05	-3.792182e-03	8.721978e+00
4.521000e-05	7.255973e-03	8.891325e+00
4.522000e-05	-7.893493e-03	9.037721e+00
4.523000e-05	1.938257e-02	9.230742e+00
4.524000e-05	1.063227e-02	9.386688e+00
4.525000e-05	6.244956e-03	9.533532e+00
4.526000e-05	8.589909e-03	9.670849e+00
4.527000e-05	9.235612e-03	9.807245e+00
4.528000e-05	1.332332e-02	9.968036e+00
4.529000e-05	7.745399e-04	1.012411e+01
4.530000e-05	6.969724e-03	1.023975e+01
4.531000e-05	8.160245e-03	1.034814e+01
4.532000e-05	1.457635e-02	1.053398e+01
4.533000e-05	9.474279e-03	1.063820e+01
4.534000e-05	9.211117e-03	1.080514e+01
4.535000e-05	1.194615e-02	1.091294e+01
4.536000e-05	1.219769e-02	1.100671e+01
4.537000e-05	8.609919e-03	1.109185e+01
4.538000e-05	6.402124e-03	1.123821e+01
4.539000e-05	1.017719e-02	1.132497e+01
4.540000e-05	1.260062e-02	1.144567e+01
4.541000e-05	1.052605e-02	1.154293e+01
4.542000e-05	1.113437e-02	1.169882e+01
4.543000e-05	1.209936e-02	1.172553e+01
4.544000e-05	1.463730e-02	1.182829e+01
4.545000e-05	1.189629e-02	1.187190e+01
4.546000e-05	1.032837e-02	1.196659e+01
4.547000e-05	1.239816e-02	1.200026e+01
4.548000e-05	1.331490e-02	1.213290e+01
4.549000e-05	1.272242e-02	1.222518e+01
4.550000e-05	1.135623e-02	1.221576e+01
4.551000e-05	1.407733e-02	1.228927e+01
4.552000e-05	1.607136e-02	1.233342e+01
4.553000e-05	1.612041e-02	1.237603e+01
4.554000e-05	1.312578e-02	1.240966e+01
4.555000e-05	1.483519e-02	1.245135e+01
4.556000e-05	1.607920e-02	1.247242e+01
4.557000e-05	1.666455e-02	1.248447e+01
4.558000e-05	1.485062e-02	1.255206e+01
4.559000e-05	1.627506e-02	1.253413e+01
4.560000e-05	2.073728e-02	1.255501e+01
4.561000e-05	1.889013e-02	1.258563e+01
4.562000e-05	1.820222e-02	1.258661e+01
4.563000e-05	1.771249e-02	1.257468e+01
4.564000e-05	2.046533e-02	1.255568e+01
4.565000e-05	2.045958e-02	1.256453e+01
4.566000e-05	2.019039e-02	1.253405e+01
4.567000e-05	2.242711e-02	1.252445e+01
4.568000e-05	2.368142e-02	1.248085e+01
4.569000e-05	2.544604e-02	1.244076e+01
4.570000e-05	2.411804e-02	1.245874e+01
4.571000e-05	2.514699e-02	1.240706e+01
4.572000e-05	2.676225e-02	1.231395e+01
4.573000e-05	2.771903e-02	1.233139e+01
4.574000e-05	2.655280e-02	1.225821e+01
4.575000e-05	2.805098e-02	1.220471e+01
4.576000e-05	3.085479e-02	1.211298e+01
4.577000e-05	3.147083e-02	1.202989e+01
4.578000e-05	3.306963e-02	1.199765e+01
4.579000e-05	3.370324e-02	1.192408e+01
4.580000e-05	3.483911e-02	1.182981e+01
4.581000e-05	3.615014e-02	1.178608e+01
4.582000e-05	3.686750e-02	1.167092e+01
4.583000e-05	3.984350e-02	1.157406e+01
4.584000e-05	4.060892e-02	1.146980e+01
4.585000e-05	4.193549e-02	1.136356e+01
4.586000e-05	4.231781e-02	1.122034e+01
4.587000e-05	4.422605e-02	1.116361e+01
4.588000e-05	4.335676e-02	1.106032e+01
4.589000e-05	4.472006e-02	1.092460e+01
4.590000e-05	4.357107e-02	1.081931e+01
4.591000e-05	4.432000e-02	1.071245e+01
4.592000e-05	4.213698e-02	1.055515e+01
4.593000e-05	4.291066e-02	1.043987e+01
4.594000e-05	3.989528e-02	1.028150e+01
4.595000e-05	4.027584e-02	1.017666e+01
4.596000e-05	3.772386e-02	1.006992e+01
4.597000e-05	3.732046e-02	9.900968e+00
4.598000e-05	3.478393e-02	9.683128e+00
4.599000e-05	3.275277e-02	9.544207e+00
4.600000e-05	3.134684e-02	9.408417e+00
4.601000e-05	3.014766e-02	9.250049e+00
4.602000e-05	2.888277e-02	9.172649e+00
4.603000e-05	2.715492e-02	8.974206e+00
4.604000e-05	2.443444e-02	8.793262e+00
4.605000e-05	2.374459e-02	8.588819e+00
4.606000e-05	2.171114e-02	8.450469e+00
4.607000e-05	2.104924e-02	8.311078e+00
4.608000e-05	1.928070e-02	8.081052e+00
4.609000e-05	1.853263e-02	7.902631e+00
4.610000e-05	1.755260e-02	7.722129e+00
4.611000e-05	1.581926e-02	7.533678e+00
4.612000e-05	1.440645e-02	7.323653e+00
4.613000e-05	1.243842e-02	7.123129e+00
4.614000e-05	1.099109e-02	6.934738e+00
4.615000e-05	1.117913e-02	6.744233e+00
4.616000e-05	1.064669e-02	6.502183e+00
4.617000e-05	9.769447e-03	6.334757e+00
4.618000e-05	9.042272e-03	6.143759e+00
4.619000e-05	7.564562e-03	5.955864e+00
4.620000e-05	6.033401e-03	5.722235e+00
4.621000e-05	5.088037e-03	5.513106e+00
4.622000e-05	5.763020e-03	5.301158e+00
4.623000e-05	4.749454e-03	5.059994e+00
4.624000e-05	3.334768e-03	4.767892e+00
4.625000e-05	3.494024e-03	4.595389e+00
4.626000e-05	3.025755e-03	4.406393e+00
4.627000e-05	2.403994e-03	4.143788e+00
4.628000e-05	2.063049e-03	3.934807e+00
4.629000e-05	6.411935e-04	3.665735e+00
4.630000e-05	1.154956e-03	3.512734e+00
4.631000e-05	1.015953e-03	3.219071e+00
4.632000e-05	-1.189493e-03	2.999050e+00
4.633000e-05	-7.225416e-04	2.829575e+00
4.634000e-05	-1.245536e-03	2.618968e+00
4.635000e-05	-1.490154e-03	2.326763e+00
4.636000e-05	-2.485349e-03	2.113833e+00
4.637000e-05	-2.512213e-03	1.924813e+00
4.638000e-05	-1.246480e-04	1.702176e+00
4.639000e-05	-2.274590e-03	1.419170e+00
4.640000e-05	-1.825324e-03	1.198522e+00
4.641000e-05	-5.138440e-03	9.427845e-01
4.642000e-05	-3.273368e-03	6.721818e-01
4.643000e-05	-4.982737e-03	4.506566e-01
4.644000e-05	-3.978312e-03	2.022524e-01
4.645000e-05	-4.661543e-03	-1.195277e-02
4.646000e-05	6.026837e-03	-2.420077e-01
4.647000e-05	2.706788e-04	-4.219776e-01
4.648000e-05	-1.639947e-04	-6.975620e-01
4.649000e-05	-6.590851e-03	-8.646067e-01
4.650000e-05	-4.003222e-03	-1.054583e+00
4.651000e-05	-4.081185e-03	-1.326136e+00
4.652000e-05	3.228583e-03	-1.569397e+00
4.653000e-05	6.552392e-02	-1.737189e+00
4.654000e-05	3.107572e-02	-1.978296e+00
4.655000e-05	-6.311965e-02	-2.316566e+00
4.656000e-05	-4.463128e-02	-2.621925e+00
4.657000e-05	-5.976848e-02	-2.809425e+00
4.658000e-05	-4.122419e-02	-3.011298e+00
4.659000e-05	1.376214e-01	-3.159788e+00
4.660000e-05	-9.323012e-02	-3.378692e+00
4.661000e-05	-2.565122e-02	-3.579420e+00
4.662000e-05	1.431400e-01	-3.745634e+00
4.663000e-05	-1.217666e-01	-3.991353e+00
4.664000e-05	7.949226e-02	-4.251474e+00
4.665000e-05	-8.001309e-02	-4.431320e+00
4.666000e-05	-8.575697e-02	-4.715487e+00
4.667000e-05	1.431388e-01	-4.873930e+00
4.668000e-05	-7.997227e-02	-5.124557e+00
4.669000e-05	3.531334e-02	-5.439217e+00
4.670000e-05	-1.632658e-02	-5.588818e+00
4.671000e-05	-6.316609e-02	-5.840895e+00
4.672000e-05	9.888442e-02	-5.979770e+00
4.673000e-05	-1.245954e-01	-6.252374e+00
4.674000e-05	3.171665e-02	-6.422451e+00
4.675000e-05	-4.870940e-03	-6.641844e+00
4.676000e-05	1.124268e-02	-6.810925e+00
4.677000e-05	3.717214e-02	-7.041826e+00
4.678000e-05	-1.330422e-01	-7.254429e+00
4.679000e-05	8.686815e-02	-7.441947e+00
4.680000e-05	-5.403598e-02	-7.661246e+00
4.681000e-05	1.882060e-02	-7.933552e+00
4.682000e-05	-2.771531e-02	-8.062375e+00
4.683000e-05	-2.812773e-02	-8.251824e+00
4.684000e-05	5.905206e-02	-8.388741e+00
4.685000e-05	-6.695011e-02	-8.618192e+00
4.686000e-05	1.193109e-02	-8.797059e+00
4.687000e-05	-5.430977e-02	-8.934635e+00
4.688000e-05	3.422264e-02	-9.085429e+00
4.689000e-05	-1.237611e-02	-9.221768e+00
4.690000e-05	-3.078863e-02	-9.436714e+00
4.691000e-05	-1.258160e-03	-9.578156e+00
4.692000e-05	-1.894602e-02	-9.704478e+00
4.693000e-05	1.448338e-02	-9.859846e+00
4.694000e-05	-5.029298e-02	-9.969688e+00
4.695000e-05	-4.459095e-03	-1.016513e+01
4.696000e-05	-1.277230e-02	-1.029435e+01
4.697000e-05	7.688733e-03	-1.040137e+01
4.698000e-05	-2.878157e-02	-1.055716e+01
4.699000e-05	-2.243947e-02	-1.069183e+01
4.700000e-05	-3.550489e-03	-1.077816e+01
4.701000e-05	-9.166190e-03	-1.093398e+01
4.702000e-05	-1.866897e-02	-1.104719e+01
4.703000e-05	-3.289442e-02	-1.113295e+01
4.704000e-05	2.255112e-04	-1.129084e+01
4.705000e-05	-1.167431e-02	-1.135668e+01
4.706000e-05	-1.323795e-02	-1.150984e+01
4.707000e-05	-3.415921e-02	-1.156818e+01
4.708000e-05	-8.467050e-03	-1.171027e+01
4.709000e-05	-1.083136e-02	-1.174503e+01
4.710000e-05	-1.961547e-02	-1.187026e+01
4.711000e-05	-2.691102e-02	-1.195698e+01
4.712000e-05	-1.573630e-02	-1.203979e+01
4.713000e-05	-5.919070e-03	-1.212292e+01
4.714000e-05	-2.136573e-02	-1.217668e+01
4.715000e-05	-2.633035e-02	-1.219871e+01
4.716000e-05	-2.288409e-02	-1.228092e+01
4.717000e-05	-9.042761e-03	-1.230343e+01
4.718000e-05	-2.094889e-02	-1.237703e+01
4.719000e-05	-2.541073e-02	-1.238771e+01
4.720000e-05	-2.325099e-02	-1.247079e+01
4.721000e-05	-1.372219e-02	-1.245182e+01
4.722000e-05	-2.062545e-02	-1.251337e+01
4.723000e-05	-2.832342e-02	-1.252350e+01
4.724000e-05	-2.570125e-02	-1.254415e+01
4.725000e-05	-1.682564e-02	-1.258416e+01
4.726000e-05	-2.082487e-02	-1.259566e+01
4.727000e-05	-2.804453e-02	-1.256514e+01
4.728000e-05	-2.952344e-02	-1.259568e+01
4.729000e-05	-2.253093e-02	-1.259611e+01
4.730000e-05	-2.188350e-02	-1.260609e+01
4.731000e-05	-3.022421e-02	-1.257358e+01
4.732000e-05	-3.046572e-02	-1.255406e+01
4.733000e-05	-2.666291e-02	-1.254355e+01
4.734000e-05	-2.501589e-02	-1.249348e+01
4.735000e-05	-3.367846e-02	-1.246184e+01
4.736000e-05	-3.491774e-02	-1.244939e+01
4.737000e-05	-3.005952e-02	-1.241769e+01
4.738000e-05	-2.880034e-02	-1.238603e+01
4.739000e-05	-3.448922e-02	-1.232255e+01
4.740000e-05	-3.777994e-02	-1.226029e+01
4.741000e-05	-3.392121e-02	-1.223881e+01
4.742000e-05	-3.342912e-02	-1.215615e+01
4.743000e-05	-3.844021e-02	-1.214145e+01
4.744000e-05	-4.258728e-02	-1.202779e+01
4.745000e-05	-3.941334e-02	-1.195748e+01
4.746000e-05	-3.909475e-02	-1.191040e+01
4.747000e-05	-4.272737e-02	-1.177461e+01
4.748000e-05	-4.698778e-02	-1.169252e+01
4.749000e-05	-4.664216e-02	-1.158708e+01
4.750000e-05	-4.487074e-02	-1.145941e+01
4.751000e-05	-4.774906e-02	-1.138348e+01
4.752000e-05	-5.188736e-02	-1.129977e+01
4.753000e-05	-5.106042e-02	-1.113400e+01
4.754000e-05	-4.916212e-02	-1.103979e+01
4.755000e-05	-5.028518e-02	-1.090257e+01
4.756000e-05	-5.195806e-02	-1.079874e+01
4.757000e-05	-5.200853e-02	-1.069300e+01
4.758000e-05	-4.824338e-02	-1.058728e+01
4.759000e-05	-4.798101e-02	-1.043989e+01
4.760000e-05	-4.846628e-02	-1.032407e+01
4.761000e-05	-4.788519e-02	-1.018516e+01
4.762000e-05	-4.461249e-02	-1.000087e+01
4.763000e-05	-4.385712e-02	-9.900996e+00
4.764000e-05	-4.287879e-02	-9.757234e+00
4.765000e-05	-4.144627e-02	-9.597388e+00
4.766000e-05	-3.810527e-02	-9.469365e+00
4.767000e-05	-3.668608e-02	-9.273499e+00
4.768000e-05	-3.521871e-02	-9.134078e+00
4.769000e-05	-3.549132e-02	-8.976835e+00
4.770000e-05	-3.315103e-02	-8.819367e+00
4.771000e-05	-3.029641e-02	-8.628820e+00
4.772000e-05	-2.920824e-02	-8.451448e+00
4.773000e-05	-2.901832e-02	-8.283128e+00
4.774000e-05	-2.712535e-02	-8.155155e+00
4.775000e-05	-2.470424e-02	-7.986608e+00
4.776000e-05	-2.500274e-02	-7.663179e+00
4.777000e-05	-2.356010e-02	-7.534625e+00
4.778000e-05	-2.223052e-02	-7.325630e+00
4.779000e-05	-2.063098e-02	-7.186186e+00
4.780000e-05	-2.068542e-02	-6.926658e+00
4.781000e-05	-1.892055e-02	-6.744635e+00
4.782000e-05	-1.864296e-02	-6.516787e+00
4.783000e-05	-1.614158e-02	-6.418815e+00
4.784000e-05	-1.708737e-02	-6.146205e+00
4.785000e-05	-1.641440e-02	-5.954658e+00
4.786000e-05	-1.469860e-02	-5.734303e+00
4.787000e-05	-1.360436e-02	-5.555791e+00
4.788000e-05	-1.460647e-02	-5.301624e+00
4.789000e-05	-1.268535e-02	-5.079625e+00
4.790000e-05	-1.184344e-02	-4.778308e+00
4.791000e-05	-1.187512e-02	-4.565863e+00
4.792000e-05	-1.140523e-02	-4.409970e+00
4.793000e-05	-1.050026e-02	-4.166390e+00
4.794000e-05	-9.496869e-03	-3.988518e+00
4.795000e-05	-9.155914e-03	-3.705285e+00
4.796000e-05	-9.681629e-03	-3.536313e+00
4.797000e-05	-1.005270e-02	-3.344757e+00
4.798000e-05	-8.867150e-03	-3.092676e+00
4.799000e-05	-7.174067e-03	-2.789501e+00
4.800000e-05	-7.468847e-03	-2.630025e+00
4.801000e-05	-6.394550e-03	-2.419474e+00
4.802000e-05	-6.077144e-03	-2.145359e+00
4.803000e-05	-5.816650e-03	-1.924812e+00
4.804000e-05	-6.815685e-03	-1.693314e+00
4.805000e-05	-7.366199e-03	-1.484255e+00
4.806000e-05	-5.768902e-03	-1.197015e+00
4.807000e-05	-5.497681e-03	-9.568947e-01
4.808000e-05	-3.594615e-03	-7.174170e-01
4.809000e-05	-5.626535e-03	-4.437305e-01
4.810000e-05	-1.699593e-03	-2.522316e-01
4.811000e-05	-3.283058e-04	-5.020401e-02
4.812000e-05	7.812802e-03	1.693287e-01
4.813000e-05	-3.251892e-03	4.131038e-01
4.814000e-05	3.543613e-03	6.014778e-01
4.815000e-05	-4.144135e-03	8.010011e-01
4.816000e-05	2.738423e-03	1.066031e+00
4.817000e-05	-1.273831e-03	1.316690e+00
4.818000e-05	6.964785e-03	1.537747e+00
4.819000e-05	3.239005e-02	1.839949e+00
4.820000e-05	7.310583e-02	2.041476e+00
4.821000e-05	-2.347767e-02	2.303111e+00
4.822000e-05	-5.268701e-02	2.536725e+00
4.823000e-05	-4.057186e-02	2.809824e+00
4.824000e-05	-2.797851e-02	2.957919e+00
4.825000e-05	-3.348148e-02	3.104663e+00
4.826000e-05	9.474586e-02	3.283108e+00
4.827000e-05	-4.324274e-02	3.547323e+00
4.828000e-05	-7.945010e-03	3.715634e+00
4.829000e-05	1.202658e-01	3.927067e+00
4.830000e-05	-6.790082e-02	4.231322e+00
4.831000e-05	2.898006e-02	4.419324e+00
4.832000e-05	-3.474622e-02	4.661505e+00
4.833000e-05	-2.543192e-02	4.893976e+00
4.834000e-05	6.764745e-02	5.135962e+00
4.835000e-05	-1.452469e-02	5.419294e+00
4.836000e-05	7.856478e-03	5.639320e+00
4.837000e-05	8.432852e-03	5.830248e+00
4.838000e-05	-1.231429e-02	6.048922e+00
4.839000e-05	1.931121e-02	6.209819e+00
4.840000e-05	-2.012963e-02	6.441322e+00
4.841000e-05	1.933684e-02	6.640872e+00
4.842000e-05	-2.746357e-03	6.862874e+00
4.843000e-05	3.273936e-02	7.080347e+00
4.844000e-05	9.260563e-03	7.227896e+00
4.845000e-05	-3.798365e-02	7.471296e+00
4.846000e-05	3.484662e-02	7.652826e+00
4.847000e-05	-5.500081e-03	7.859822e+00
4.848000e-05	1.939967e-02	8.071395e+00
4.849000e-05	-3.781533e-03	8.280776e+00
4.850000e-05	1.226859e-02	8.420796e+00
4.851000e-05	1.421709e-02	8.576211e+00
4.852000e-05	-8.379557e-04	8.733132e+00
4.853000e-05	4.993627e-03	8.922476e+00
4.854000e-05	-5.921334e-03	9.070268e+00
4.855000e-05	2.205337e-02	9.240271e+00
4.856000e-05	1.033866e-02	9.417692e+00
4.857000e-05	7.512820e-03	9.503583e+00
4.858000e-05	5.579926e-03	9.682875e+00
4.859000e-05	8.371555e-03	9.869297e+00
4.860000e-05	1.202704e-02	9.987638e+00
4.861000e-05	3.074955e-03	1.009448e+01
4.862000e-05	5.728476e-03	1.026040e+01
4.863000e-05	1.063738e-02	1.037821e+01
4.864000e-05	1.472173e-02	1.055348e+01
4.865000e-05	9.778695e-03	1.065035e+01
4.866000e-05	5.454771e-03	1.077866e+01
4.867000e-05	1.005011e-02	1.091305e+01
4.868000e-05	1.118044e-02	1.104772e+01
4.869000e-05	9.941535e-03	1.111360e+01
4.870000e-05	6.552798e-03	1.124124e+01
4.871000e-05	1.193702e-02	1.134298e+01
4.872000e-05	1.379942e-02	1.146929e+01
4.873000e-05	1.215720e-02	1.159345e+01
4.874000e-05	9.709402e-03	1.164985e+01
4.875000e-05	1.040001e-02	1.176448e+01
4.876000e-05	1.431593e-02	1.180921e+01
4.877000e-05	1.135820e-02	1.191247e+01
4.878000e-05	1.068421e-02	1.197508e+01
4.879000e-05	1.307063e-02	1.206029e+01
4.880000e-05	1.542772e-02	1.211247e+01
4.881000e-05	1.335352e-02	1.219513e+01
4.882000e-05	1.120508e-02	1.225574e+01
4.883000e-05	1.255126e-02	1.230932e+01
4.884000e-05	1.535422e-02	1.232345e+01
4.885000e-05	1.555263e-02	1.238508e+01
4.886000e-05	1.368066e-02	1.240874e+01
4.887000e-05	1.548609e-02	1.248127e+01
4.888000e-05	1.672793e-02	1.250187e+01
4.889000e-05	1.713063e-02	1.252190e+01
4.890000e-05	1.488008e-02	1.254357e+01
4.891000e-05	1.628036e-02	1.258455e+01
4.892000e-05	1.904900e-02	1.255561e+01
4.893000e-05	1.881253e-02	1.255465e+01
4.894000e-05	1.840852e-02	1.256558e+01
4.895000e-05	1.838335e-02	1.256413e+01
4.896000e-05	2.085956e-02	1.253468e+01
4.897000e-05	2.156529e-02	1.252413e+01
4.898000e-05	2.083486e-02	1.252505e+01
4.899000e-05	2.180554e-02	1.252302e+01
4.900000e-05	2.337125e-02	1.250099e+01
4.901000e-05	2.556060e-02	1.246132e+01
4.902000e-05	2.375227e-02	1.242778e+01
4.903000e-05	2.460064e-02	1.236805e+01
4.904000e-05	2.623639e-02	1.233300e+01
4.905000e-05	2.771519e-02	1.233985e+01
4.906000e-05	2.845222e-02	1.224679e+01
4.907000e-05	2.787782e-02	1.220413e+01
4.908000e-05	2.978541e-02	1.213205e+01
4.909000e-05	3.192810e-02	1.207994e+01
4.910000e-05	3.256845e-02	1.198666e+01
4.911000e-05	3.232550e-02	1.192300e+01
4.912000e-05	3.387372e-02	1.181829e+01
4.913000e-05	3.663746e-02	1.173311e+01
4.914000e-05	3.778920e-02	1.169029e+01
4.915000e-05	3.891257e-02	1.158493e+01
4.916000e-05	3.999051e-02	1.147832e+01
4.917000e-05	4.269231e-02	1.137455e+01
4.918000e-05	4.309471e-02	1.122774e+01
4.919000e-05	4.251037e-02	1.114308e+01
4.920000e-05	4.175731e-02	1.101834e+01
4.921000e-05	4.444492e-02	1.093255e+01
4.922000e-05	4.362587e-02	1.079884e+01
4.923000e-05	4.316433e-02	1.069092e+01
4.924000e-05	4.172374e-02	1.055518e+01
4.925000e-05	4.361387e-02	1.041684e+01
4.926000e-05	4.100558e-02	1.027000e+01
4.927000e-05	4.011891e-02	1.015418e+01
4.928000e-05	3.669723e-02	1.000731e+01
4.929000e-05	3.625253e-02	9.859316e+00
4.930000e-05	3.495816e-02	9.722475e+00
4.931000e-05	3.222761e-02	9.543208e+00
4.932000e-05	3.041642e-02	9.368291e+00
4.933000e-05	3.052382e-02	9.280542e+00
4.934000e-05	2.751486e-02	9.153047e+00
4.935000e-05	2.747175e-02	8.955097e+00
4.936000e-05	2.305869e-02	8.776205e+00
4.937000e-05	2.493166e-02	8.567913e+00
4.938000e-05	2.161260e-02	8.430494e+00
4.939000e-05	2.222415e-02	8.289521e+00
4.940000e-05	1.759123e-02	8.090205e+00
4.941000e-05	1.804703e-02	7.912079e+00
4.942000e-05	1.402630e-02	7.723180e+00
4.943000e-05	1.495146e-02	7.535046e+00
4.944000e-05	1.228979e-02	7.302101e+00
4.945000e-05	1.408881e-02	7.092574e+00
4.946000e-05	1.362200e-02	6.903129e+00
4.947000e-05	1.211639e-02	6.713760e+00
4.948000e-05	1.111685e-02	6.493605e+00
4.949000e-05	6.765228e-03	6.313154e+00
4.950000e-05	7.803053e-03	6.103757e+00
4.951000e-05	5.613193e-03	5.963687e+00
4.952000e-05	6.612632e-03	5.672781e+00
4.953000e-05	5.027191e-03	5.491679e+00
4.954000e-05	6.969610e-03	5.300651e+00
4.955000e-05	5.813859e-03	5.038870e+00
4.956000e-05	5.762918e-03	4.754887e+00
4.957000e-05	2.791716e-03	4.575266e+00
4.958000e-05	2.653802e-03	4.374868e+00
4.959000e-05	1.367225e-03	4.113303e+00
4.960000e-05	9.402192e-04	3.882633e+00
4.961000e-05	1.154435e-04	3.682155e+00
4.962000e-05	6.131028e-04	3.472753e+00
4.963000e-05	1.357910e-03	3.227973e+00
4.964000e-05	7.556574e-04	3.018045e+00
4.965000e-05	1.976626e-04	2.816974e+00
4.966000e-05	-1.642601e-03	2.555916e+00
4.967000e-05	-1.810882e-03	2.304833e+00
4.968000e-05	-1.642897e-03	2.082708e+00
4.969000e-05	-3.317039e-03	1.895282e+00
4.970000e-05	-3.602913e-03	1.650653e+00
4.971000e-05	-3.494101e-03	1.398020e+00
4.972000e-05	-2.200862e-03	1.166946e+00
4.973000e-05	-3.276060e-03	8.821567e-01
4.974000e-05	-3.013628e-03	6.711278e-01
4.975000e-05	-2.968523e-03	4.510789e-01
4.976000e-05	-2.429543e-03	2.485798e-01
4.977000e-05	-2.927344e-03	-5.310902e-02
4.978000e-05	3.661254e-03	-2.926841e-01
4.979000e-05	-3.980005e-03	-4.129765e-01
4.980000e-05	-1.301313e-03	-7.256931e-01
4.981000e-05	-5.818070e-03	-9.056370e-01
4.982000e-05	-2.582204e-03	-1.054687e+00
4.983000e-05	-3.157419e-03	-1.336189e+00
4.984000e-05	9.463672e-03	-1.580350e+00
4.985000e-05	7.425197e-02	-1.777245e+00
4.986000e-05	1.366849e-02	-2.019293e+00
4.987000e-05	-6.509968e-02	-2.378166e+00
4.988000e-05	-4.752028e-02	-2.653000e+00
4.989000e-05	-6.085442e-02	-2.832505e+00
4.990000e-05	-2.315469e-02	-3.042975e+00
4.991000e-05	1.362009e-01	-3.178793e+00
4.992000e-05	-1.183600e-01	-3.360321e+00
4.993000e-05	2.102383e-02	-3.569922e+00
4.994000e-05	1.147062e-01	-3.758738e+00
4.995000e-05	-1.203600e-01	-4.063403e+00
4.996000e-05	9.050964e-02	-4.304105e+00
4.997000e-05	-1.077671e-01	-4.431501e+00
4.998000e-05	-4.962848e-02	-4.707132e+00
4.999000e-05	1.296511e-01	-4.874529e+00
