# 260929_11:50:46.874432
t	CH1	CH2
0.000000e+00	3.372449e-03	-2.951820e-01
1.000000e-08	-2.301947e-03	-5.255933e-01
2.000000e-08	-1.874175e-03	-7.356737e-01
3.000000e-08	-5.352282e-03	-9.461510e-01
4.000000e-08	-2.244228e-03	-1.138218e+00
5.000000e-08	-9.570326e-04	-1.390724e+00
6.000000e-08	2.614165e-02	-1.622204e+00
7.000000e-08	7.692069e-02	-1.799183e+00
8.000000e-08	-2.981047e-02	-2.104361e+00
9.000000e-08	-4.997439e-02	-2.472734e+00
1.000000e-07	-4.834118e-02	-2.684814e+00
1.100000e-07	-6.521990e-02	-2.864630e+00
1.200000e-07	6.196463e-02	-3.120535e+00
1.300000e-07	5.432143e-02	-3.230979e+00
1.400000e-07	-1.371015e-01	-3.462061e+00
1.500000e-07	1.323150e-01	-3.620830e+00
1.600000e-07	-1.121631e-02	-3.848934e+00
1.700000e-07	-3.093495e-02	-4.137018e+00
1.800000e-07	5.308582e-02	-4.323492e+00
1.900000e-07	-1.502058e-01	-4.545020e+00
2.000000e-07	6.947659e-02	-4.787601e+00
2.100000e-07	3.409917e-02	-4.947494e+00
2.200000e-07	-4.057159e-02	-5.241628e+00
2.300000e-07	5.593147e-02	-5.479208e+00
2.400000e-07	-8.890736e-02	-5.682784e+00
2.500000e-07	6.077892e-02	-5.923688e+00
2.600000e-07	-9.706753e-03	-6.031612e+00
2.700000e-07	-7.528050e-02	-6.336191e+00
2.800000e-07	5.859734e-02	-6.504138e+00
2.900000e-07	-3.908991e-02	-6.704640e+00
3.000000e-07	8.716048e-02	-6.925090e+00
3.100000e-07	-8.732748e-02	-7.184200e+00
3.200000e-07	-1.427776e-02	-7.385598e+00
3.300000e-07	3.655231e-02	-7.552513e+00
3.400000e-07	-3.920796e-02	-7.806015e+00
3.500000e-07	4.027581e-02	-7.985996e+00
3.600000e-07	-6.882669e-02	-8.165362e+00
3.700000e-07	5.762304e-02	-8.293340e+00
3.800000e-07	-1.661008e-02	-8.482182e+00
3.900000e-07	-1.222014e-02	-8.659154e+00
4.000000e-07	-2.026704e-02	-8.850629e+00
4.100000e-07	-2.119557e-02	-9.037951e+00
4.200000e-07	4.213586e-02	-9.185816e+00
4.300000e-07	-4.003663e-02	-9.313662e+00
4.400000e-07	1.013792e-02	-9.511582e+00
4.500000e-07	-2.496075e-02	-9.659879e+00
4.600000e-07	2.476422e-02	-9.806247e+00
4.700000e-07	-1.661844e-02	-9.944589e+00
4.800000e-07	-2.183771e-02	-1.009143e+01
4.900000e-07	-3.999210e-03	-1.023775e+01
5.000000e-07	-1.109351e-03	-1.041452e+01
5.100000e-07	8.123744e-03	-1.052201e+01
5.200000e-07	-3.069348e-02	-1.063673e+01
5.300000e-07	2.600068e-03	-1.077296e+01
5.400000e-07	-5.856850e-03	-1.089285e+01
5.500000e-07	7.752729e-03	-1.097455e+01
5.600000e-07	-2.527348e-02	-1.113128e+01
5.700000e-07	-7.255443e-03	-1.122665e+01
5.800000e-07	-1.713490e-03	-1.132336e+01
5.900000e-07	4.173296e-04	-1.144820e+01
6.000000e-07	-1.248617e-02	-1.154286e+01
6.100000e-07	-1.713235e-02	-1.166662e+01
6.200000e-07	3.472376e-03	-1.176432e+01
6.300000e-07	-5.362193e-03	-1.181807e+01
6.400000e-07	-7.257907e-03	-1.194221e+01
6.500000e-07	-1.875858e-02	-1.203647e+01
6.600000e-07	7.919284e-05	-1.209063e+01
6.700000e-07	-4.088163e-03	-1.217379e+01
6.800000e-07	-7.313849e-03	-1.222695e+01
6.900000e-07	-1.535183e-02	-1.224862e+01
7.000000e-07	-5.131365e-03	-1.234363e+01
7.100000e-07	-7.308350e-04	-1.236422e+01
7.200000e-07	-9.087328e-03	-1.239547e+01
7.300000e-07	-1.212591e-02	-1.245853e+01
7.400000e-07	-9.379614e-03	-1.249951e+01
7.500000e-07	-1.515430e-03	-1.253271e+01
7.600000e-07	-8.207393e-03	-1.253631e+01
7.700000e-07	-1.039016e-02	-1.258387e+01
7.800000e-07	-8.217955e-03	-1.263787e+01
7.900000e-07	-2.104168e-03	-1.267590e+01
8.000000e-07	-6.574293e-03	-1.265685e+01
8.100000e-07	-1.181023e-02	-1.263735e+01
8.200000e-07	-1.115462e-02	-1.265740e+01
8.300000e-07	-5.319160e-03	-1.263842e+01
8.400000e-07	-5.550378e-03	-1.260630e+01
8.500000e-07	-9.119184e-03	-1.263527e+01
8.600000e-07	-9.192659e-03	-1.259632e+01
8.700000e-07	-4.164744e-03	-1.260424e+01
8.800000e-07	-4.784704e-03	-1.254223e+01
8.900000e-07	-1.032974e-02	-1.254214e+01
9.000000e-07	-1.062880e-02	-1.247913e+01
9.100000e-07	-6.923012e-03	-1.239792e+01
9.200000e-07	-5.151906e-03	-1.242482e+01
9.300000e-07	-8.798159e-03	-1.236181e+01
9.400000e-07	-9.915289e-03	-1.227708e+01
9.500000e-07	-6.653695e-03	-1.226737e+01
9.600000e-07	-4.845109e-03	-1.216482e+01
9.700000e-07	-7.529207e-03	-1.213123e+01
9.800000e-07	-1.052174e-02	-1.204807e+01
9.900000e-07	-7.127780e-03	-1.199439e+01
1.000000e-06	-5.810810e-03	-1.191922e+01
1.010000e-06	-7.586242e-03	-1.181486e+01
1.020000e-06	-1.042270e-02	-1.170126e+01
1.030000e-06	-8.424474e-03	-1.157556e+01
1.040000e-06	-5.272008e-03	-1.150073e+01
1.050000e-06	-6.338611e-03	-1.136191e+01
1.060000e-06	-8.911262e-03	-1.125820e+01
1.070000e-06	-8.661216e-03	-1.114195e+01
1.080000e-06	-5.819164e-03	-1.101519e+01
1.090000e-06	-6.163062e-03	-1.093035e+01
1.100000e-06	-9.048300e-03	-1.084814e+01
1.110000e-06	-8.274743e-03	-1.068890e+01
1.120000e-06	-6.125949e-03	-1.061558e+01
1.130000e-06	-5.752088e-03	-1.044732e+01
1.140000e-06	-7.374250e-03	-1.030093e+01
1.150000e-06	-8.441251e-03	-1.010211e+01
1.160000e-06	-6.621339e-03	-1.004484e+01
1.170000e-06	-6.115669e-03	-9.869031e+00
1.180000e-06	-7.084175e-03	-9.791783e+00
1.190000e-06	-8.292532e-03	-9.605391e+00
1.200000e-06	-6.527845e-03	-9.457496e+00
1.210000e-06	-5.662062e-03	-9.249124e+00
1.220000e-06	-6.342405e-03	-9.103228e+00
1.230000e-06	-7.559469e-03	-8.985834e+00
1.240000e-06	-6.164852e-03	-8.784435e+00
1.250000e-06	-5.560252e-03	-8.625968e+00
1.260000e-06	-5.961054e-03	-8.398147e+00
1.270000e-06	-7.562481e-03	-8.278650e+00
1.280000e-06	-6.479697e-03	-8.091772e+00
1.290000e-06	-5.352588e-03	-7.924352e+00
1.300000e-06	-5.755989e-03	-7.710379e+00
1.310000e-06	-6.693675e-03	-7.472944e+00
1.320000e-06	-6.269379e-03	-7.260454e+00
1.330000e-06	-6.128245e-03	-7.122050e+00
1.340000e-06	-5.277095e-03	-6.920626e+00
1.350000e-06	-6.714927e-03	-6.722154e+00
1.360000e-06	-5.556854e-03	-6.522206e+00
1.370000e-06	-5.516005e-03	-6.324778e+00
1.380000e-06	-5.251652e-03	-6.079206e+00
1.390000e-06	-6.387189e-03	-5.921653e+00
1.400000e-06	-5.523233e-03	-5.702305e+00
1.410000e-06	-5.356550e-03	-5.471221e+00
1.420000e-06	-5.017230e-03	-5.237666e+00
1.430000e-06	-5.534350e-03	-4.956160e+00
1.440000e-06	-6.549259e-03	-4.743029e+00
1.450000e-06	-4.285242e-03	-4.514080e+00
1.460000e-06	-5.409674e-03	-4.354684e+00
1.470000e-06	-3.824665e-03	-4.144185e+00
1.480000e-06	-6.804738e-03	-3.925060e+00
1.490000e-06	-3.736969e-03	-3.681648e+00
1.500000e-06	-4.335218e-03	-3.462170e+00
1.510000e-06	-4.009067e-03	-3.250599e+00
1.520000e-06	-6.036376e-03	-2.988516e+00
1.530000e-06	-3.593739e-03	-2.777017e+00
1.540000e-06	-4.849808e-03	-2.525516e+00
1.550000e-06	-4.688170e-03	-2.344380e+00
1.560000e-06	-4.911883e-03	-2.071850e+00
1.570000e-06	-3.920456e-03	-1.881450e+00
1.580000e-06	-2.867239e-03	-1.659371e+00
1.590000e-06	-3.990149e-03	-1.377237e+00
1.600000e-06	-4.844269e-03	-1.125633e+00
1.610000e-06	-5.353732e-03	-8.945726e-01
1.620000e-06	-3.406617e-03	-6.510235e-01
1.630000e-06	-3.290710e-03	-3.884709e-01
1.640000e-06	-3.190481e-03	-1.980394e-01
1.650000e-06	2.412152e-03	2.035566e-03
1.660000e-06	3.731093e-03	2.430407e-01
1.670000e-06	4.506801e-04	4.756420e-01
1.680000e-06	-4.222702e-05	6.946209e-01
1.690000e-06	-1.544869e-03	8.745972e-01
1.700000e-06	1.098291e-04	1.158650e+00
1.710000e-06	9.701217e-04	1.378703e+00
1.720000e-06	1.157111e-02	1.672763e+00
1.730000e-06	5.638289e-02	1.894266e+00
1.740000e-06	3.247843e-02	2.136420e+00
1.750000e-06	-4.939497e-02	2.399476e+00
1.760000e-06	-4.388882e-02	2.650160e+00
1.770000e-06	-3.078645e-02	2.871063e+00
1.780000e-06	-4.338962e-02	2.980500e+00
1.790000e-06	4.384748e-02	3.158326e+00
1.800000e-06	3.752108e-02	3.439480e+00
1.810000e-06	-9.062059e-02	3.640330e+00
1.820000e-06	1.098993e-01	3.798225e+00
1.830000e-06	4.237117e-03	4.090964e+00
1.840000e-06	-2.320913e-02	4.312391e+00
1.850000e-06	1.903386e-02	4.503841e+00
1.860000e-06	-7.504264e-02	4.746951e+00
1.870000e-06	5.066721e-02	4.956529e+00
1.880000e-06	1.519094e-02	5.249662e+00
1.890000e-06	-1.345342e-02	5.494238e+00
1.900000e-06	8.905415e-03	5.702716e+00
1.910000e-06	-1.426293e-02	5.924715e+00
1.920000e-06	1.843451e-02	6.103692e+00
1.930000e-06	-8.484354e-03	6.343591e+00
1.940000e-06	-1.108137e-02	6.513141e+00
1.950000e-06	5.698094e-03	6.746622e+00
1.960000e-06	6.815637e-03	6.955597e+00
1.970000e-06	3.446841e-02	7.145037e+00
1.980000e-06	-4.015524e-02	7.313067e+00
1.990000e-06	5.234720e-05	7.534967e+00
2.000000e-06	1.550650e-02	7.764944e+00
2.010000e-06	1.189794e-03	8.005473e+00
2.020000e-06	8.482743e-03	8.155975e+00
2.030000e-06	-1.219940e-02	8.343319e+00
2.040000e-06	2.241706e-02	8.502213e+00
2.050000e-06	-3.982352e-03	8.638557e+00
2.060000e-06	1.138288e-03	8.786849e+00
2.070000e-06	-1.443900e-02	8.976420e+00
2.080000e-06	3.745276e-03	9.134299e+00
2.090000e-06	1.842490e-02	9.323066e+00
2.100000e-06	-1.978460e-03	9.481509e+00
2.110000e-06	2.223491e-03	9.586300e+00
2.120000e-06	-2.580664e-03	9.755218e+00
2.130000e-06	1.186942e-02	9.922167e+00
2.140000e-06	-4.086111e-03	1.006139e+01
2.150000e-06	-4.476790e-03	1.020675e+01
2.160000e-06	-7.300210e-04	1.035344e+01
2.170000e-06	8.821521e-03	1.045896e+01
2.180000e-06	7.423627e-03	1.061562e+01
2.190000e-06	-3.039865e-03	1.075054e+01
2.200000e-06	1.822115e-03	1.083919e+01
2.210000e-06	2.643960e-03	1.096355e+01
2.220000e-06	5.198221e-03	1.102928e+01
2.230000e-06	-3.543143e-03	1.115495e+01
2.240000e-06	6.767874e-04	1.130081e+01
2.250000e-06	4.742190e-03	1.144657e+01
2.260000e-06	5.684903e-03	1.148973e+01
2.270000e-06	-3.862304e-04	1.161608e+01
2.280000e-06	-2.321926e-03	1.173126e+01
2.290000e-06	4.409468e-03	1.183442e+01
2.300000e-06	4.239042e-03	1.189173e+01
2.310000e-06	1.403810e-03	1.194282e+01
2.320000e-06	-4.254839e-04	1.202855e+01
2.330000e-06	3.467557e-03	1.209074e+01
2.340000e-06	3.813553e-03	1.218332e+01
2.350000e-06	1.072826e-03	1.221590e+01
2.360000e-06	-2.154630e-03	1.230896e+01
2.370000e-06	1.558864e-03	1.234261e+01
2.380000e-06	4.197145e-03	1.239280e+01
2.390000e-06	2.401445e-03	1.244593e+01
2.400000e-06	-2.207366e-05	1.246006e+01
2.410000e-06	2.085209e-03	1.253011e+01
2.420000e-06	2.858501e-03	1.255219e+01
2.430000e-06	7.449487e-04	1.253364e+01
2.440000e-06	-5.001058e-04	1.256426e+01
2.450000e-06	1.714717e-03	1.258422e+01
2.460000e-06	3.165280e-03	1.258427e+01
2.470000e-06	2.911242e-03	1.260627e+01
2.480000e-06	5.022302e-05	1.258430e+01
2.490000e-06	2.562412e-04	1.260477e+01
2.500000e-06	2.268970e-03	1.259367e+01
2.510000e-06	1.752646e-03	1.257424e+01
2.520000e-06	-2.183579e-04	1.255179e+01
2.530000e-06	1.127679e-03	1.254124e+01
2.540000e-06	2.996235e-03	1.253166e+01
2.550000e-06	1.585808e-03	1.249901e+01
2.560000e-06	1.440007e-03	1.246753e+01
2.570000e-06	7.040642e-04	1.246539e+01
2.580000e-06	1.894436e-03	1.235372e+01
2.590000e-06	2.008753e-03	1.228913e+01
2.600000e-06	1.108741e-03	1.224893e+01
2.610000e-06	7.765685e-04	1.218492e+01
2.620000e-06	1.379350e-03	1.216276e+01
2.630000e-06	1.887106e-03	1.205811e+01
2.640000e-06	2.336036e-04	1.200337e+01
2.650000e-06	-5.333441e-06	1.192028e+01
2.660000e-06	1.620093e-03	1.180907e+01
2.670000e-06	1.359430e-03	1.180334e+01
2.680000e-06	1.231528e-03	1.164765e+01
2.690000e-06	8.134026e-04	1.156392e+01
2.700000e-06	1.121305e-03	1.144810e+01
2.710000e-06	1.462657e-03	1.132134e+01
2.720000e-06	1.501371e-04	1.120659e+01
2.730000e-06	-4.518224e-04	1.110036e+01
2.740000e-06	6.637661e-05	1.102760e+01
2.750000e-06	1.861082e-03	1.089091e+01
2.760000e-06	-4.426731e-04	1.078472e+01
2.770000e-06	-1.215215e-04	1.069888e+01
2.780000e-06	-1.551879e-03	1.053246e+01
2.790000e-06	1.404346e-03	1.039479e+01
2.800000e-06	7.374752e-04	1.027840e+01
2.810000e-06	8.681016e-04	1.012364e+01
2.820000e-06	-3.047181e-05	1.001584e+01
2.830000e-06	-1.066158e-04	9.808922e+00
2.840000e-06	-2.343082e-03	9.680106e+00
2.850000e-06	-1.810180e-03	9.541681e+00
2.860000e-06	-9.493019e-04	9.395889e+00
2.870000e-06	6.389500e-04	9.219550e+00
2.880000e-06	1.289664e-03	9.120651e+00
2.890000e-06	3.351286e-04	8.900281e+00
2.900000e-06	-1.198643e-03	8.742809e+00
2.910000e-06	-1.482892e-03	8.554441e+00
2.920000e-06	-1.678070e-03	8.418171e+00
2.930000e-06	-2.860045e-03	8.248700e+00
2.940000e-06	-1.175702e-03	8.071200e+00
2.950000e-06	-1.430002e-05	7.849300e+00
2.960000e-06	-5.470489e-04	7.699472e+00
2.970000e-06	-1.214994e-03	7.470427e+00
2.980000e-06	-3.013243e-03	7.208275e+00
2.990000e-06	-2.559656e-03	7.079455e+00
3.000000e-06	-2.445772e-03	6.871528e+00
3.010000e-06	-1.682349e-03	6.731054e+00
3.020000e-06	-2.826732e-03	6.441574e+00
3.030000e-06	-8.120726e-04	6.240651e+00
3.040000e-06	-2.229495e-03	6.080679e+00
3.050000e-06	-2.206814e-03	5.890234e+00
3.060000e-06	-3.666774e-03	5.660177e+00
3.070000e-06	-3.548528e-03	5.459150e+00
3.080000e-06	-1.905418e-03	5.227617e+00
3.090000e-06	-2.808802e-03	4.894032e+00
3.100000e-06	-3.277584e-03	4.681951e+00
3.110000e-06	-4.079088e-03	4.523505e+00
3.120000e-06	-2.623257e-03	4.271955e+00
3.130000e-06	-2.715293e-03	4.000870e+00
3.140000e-06	-3.363205e-03	3.818947e+00
3.150000e-06	-3.342979e-03	3.619474e+00
3.160000e-06	-3.671727e-03	3.425918e+00
3.170000e-06	-2.851289e-03	3.126416e+00
3.180000e-06	-4.376635e-03	2.934362e+00
3.190000e-06	-4.639948e-03	2.746363e+00
3.200000e-06	-4.383159e-03	2.491829e+00
3.210000e-06	-3.521499e-03	2.239274e+00
3.220000e-06	-3.796827e-03	2.061251e+00
3.230000e-06	-3.354302e-03	1.820750e+00
3.240000e-06	-4.541288e-03	1.567093e+00
3.250000e-06	-3.408717e-03	1.323108e+00
3.260000e-06	-3.884302e-03	1.043125e+00
3.270000e-06	-5.466204e-03	7.698223e-01
3.280000e-06	-5.202958e-03	5.688683e-01
3.290000e-06	-3.953690e-03	3.654434e-01
3.300000e-06	-2.672699e-03	7.425686e-02
3.310000e-06	-4.472558e-05	-8.721848e-02
3.320000e-06	3.044641e-03	-2.962695e-01
3.330000e-06	-2.368328e-03	-5.151884e-01
3.340000e-06	-1.856324e-03	-7.996501e-01
3.350000e-06	-4.816392e-03	-9.787462e-01
3.360000e-06	-1.905651e-03	-1.198180e+00
3.370000e-06	-1.695126e-03	-1.430279e+00
3.380000e-06	3.433047e-02	-1.650233e+00
3.390000e-06	7.164386e-02	-1.863332e+00
3.400000e-06	-4.039652e-02	-2.155496e+00
3.410000e-06	-4.804445e-02	-2.503714e+00
3.420000e-06	-5.025637e-02	-2.687322e+00
3.430000e-06	-6.160466e-02	-2.893741e+00
3.440000e-06	8.505331e-02	-3.101112e+00
3.450000e-06	1.884342e-02	-3.251507e+00
3.460000e-06	-1.179184e-01	-3.494161e+00
3.470000e-06	1.516697e-01	-3.641982e+00
3.480000e-06	-4.297329e-02	-3.863012e+00
3.490000e-06	-3.493867e-03	-4.186146e+00
3.500000e-06	2.744816e-02	-4.326620e+00
3.510000e-06	-1.469592e-01	-4.596194e+00
3.520000e-06	9.600263e-02	-4.809072e+00
3.530000e-06	4.551142e-03	-4.998054e+00
3.540000e-06	-2.296913e-02	-5.321834e+00
3.550000e-06	4.439063e-02	-5.522739e+00
3.560000e-06	-8.800009e-02	-5.756318e+00
3.570000e-06	7.889549e-02	-5.935793e+00
3.580000e-06	-4.145336e-02	-6.104215e+00
3.590000e-06	-5.356698e-02	-6.375321e+00
3.600000e-06	4.827698e-02	-6.544668e+00
3.610000e-06	-3.206269e-02	-6.775221e+00
3.620000e-06	8.633826e-02	-6.965640e+00
3.630000e-06	-1.051367e-01	-7.166197e+00
3.640000e-06	1.542752e-02	-7.388701e+00
3.650000e-06	1.695172e-02	-7.573465e+00
3.660000e-06	-2.710935e-02	-7.805653e+00
3.670000e-06	2.803824e-02	-8.005022e+00
3.680000e-06	-6.508731e-02	-8.205467e+00
3.690000e-06	6.681346e-02	-8.355367e+00
3.700000e-06	-3.154648e-02	-8.502316e+00
3.710000e-06	-3.135462e-03	-8.709786e+00
3.720000e-06	-2.952773e-02	-8.890128e+00
3.730000e-06	-5.457046e-03	-9.010055e+00
3.740000e-06	3.469512e-02	-9.185795e+00
3.750000e-06	-3.978971e-02	-9.343763e+00
3.760000e-06	1.056535e-02	-9.510581e+00
3.770000e-06	-2.513554e-02	-9.669504e+00
3.780000e-06	2.633132e-02	-9.825771e+00
3.790000e-06	-2.699973e-02	-9.984164e+00
3.800000e-06	-1.599458e-02	-1.011256e+01
3.810000e-06	-4.265281e-03	-1.028785e+01
3.820000e-06	6.089753e-03	-1.041725e+01
3.830000e-06	2.226408e-03	-1.054346e+01
3.840000e-06	-2.923151e-02	-1.065777e+01
3.850000e-06	3.613474e-03	-1.077307e+01
3.860000e-06	-6.234752e-03	-1.086038e+01
3.870000e-06	3.975945e-03	-1.103614e+01
3.880000e-06	-2.815339e-02	-1.107983e+01
3.890000e-06	-2.180940e-03	-1.123762e+01
3.900000e-06	-5.274009e-04	-1.132236e+01
3.910000e-06	8.703219e-04	-1.145920e+01
3.920000e-06	-1.732381e-02	-1.154339e+01
3.930000e-06	-1.294750e-02	-1.166715e+01
3.940000e-06	3.514087e-03	-1.180492e+01
3.950000e-06	-5.538620e-03	-1.188663e+01
3.960000e-06	-1.075169e-02	-1.196078e+01
3.970000e-06	-1.591145e-02	-1.204705e+01
3.980000e-06	2.969208e-03	-1.213123e+01
3.990000e-06	-4.875517e-03	-1.218379e+01
4.000000e-06	-1.022031e-02	-1.222642e+01
4.010000e-06	-1.581671e-02	-1.229805e+01
4.020000e-06	-2.042517e-03	-1.235221e+01
4.030000e-06	-1.831016e-03	-1.238279e+01
4.040000e-06	-1.081597e-02	-1.241635e+01
4.050000e-06	-1.147805e-02	-1.246855e+01
4.060000e-06	-6.984685e-03	-1.249263e+01
4.070000e-06	-4.113968e-04	-1.257363e+01
4.080000e-06	-1.086357e-02	-1.258371e+01
4.090000e-06	-1.271011e-02	-1.258477e+01
4.100000e-06	-7.559838e-03	-1.258584e+01
4.110000e-06	-1.441576e-03	-1.262689e+01
4.120000e-06	-7.346762e-03	-1.262640e+01
4.130000e-06	-1.225702e-02	-1.263687e+01
4.140000e-06	-8.622992e-03	-1.264702e+01
4.150000e-06	-3.291064e-03	-1.264742e+01
4.160000e-06	-6.971512e-03	-1.259637e+01
4.170000e-06	-1.177765e-02	-1.264635e+01
4.180000e-06	-9.017100e-03	-1.255477e+01
4.190000e-06	-3.362377e-03	-1.259429e+01
4.200000e-06	-5.927252e-03	-1.251014e+01
4.210000e-06	-1.083476e-02	-1.251105e+01
4.220000e-06	-9.312262e-03	-1.244900e+01
4.230000e-06	-6.184393e-03	-1.245387e+01
4.240000e-06	-4.629149e-03	-1.240381e+01
4.250000e-06	-9.894736e-03	-1.235976e+01
4.260000e-06	-1.080304e-02	-1.229015e+01
4.270000e-06	-4.794928e-03	-1.223531e+01
4.280000e-06	-5.641739e-03	-1.216381e+01
4.290000e-06	-9.471722e-03	-1.210160e+01
4.300000e-06	-1.170782e-02	-1.204604e+01
4.310000e-06	-6.307795e-03	-1.196333e+01
4.320000e-06	-5.590120e-03	-1.190915e+01
4.330000e-06	-7.985345e-03	-1.179496e+01
4.340000e-06	-1.064759e-02	-1.170765e+01
4.350000e-06	-6.570984e-03	-1.158446e+01
4.360000e-06	-4.384014e-03	-1.147870e+01
4.370000e-06	-8.646912e-03	-1.135238e+01
4.380000e-06	-9.594607e-03	-1.128562e+01
4.390000e-06	-7.879996e-03	-1.110281e+01
4.400000e-06	-4.878909e-03	-1.103511e+01
4.410000e-06	-7.443331e-03	-1.092090e+01
4.420000e-06	-1.004514e-02	-1.077556e+01
4.430000e-06	-7.613958e-03	-1.068988e+01
4.440000e-06	-4.944744e-03	-1.055316e+01
4.450000e-06	-6.478907e-03	-1.043832e+01
4.460000e-06	-9.546611e-03	-1.030882e+01
4.470000e-06	-8.631273e-03	-1.016218e+01
4.480000e-06	-4.782164e-03	-9.966286e+00
4.490000e-06	-5.746152e-03	-9.867495e+00
4.500000e-06	-9.495727e-03	-9.773155e+00
4.510000e-06	-8.471920e-03	-9.554762e+00
4.520000e-06	-5.521837e-03	-9.405918e+00
4.530000e-06	-4.998891e-03	-9.248697e+00
4.540000e-06	-7.891122e-03	-9.080779e+00
4.550000e-06	-7.632744e-03	-8.902331e+00
4.560000e-06	-5.632734e-03	-8.775383e+00
4.570000e-06	-4.628368e-03	-8.575616e+00
4.580000e-06	-6.401468e-03	-8.416095e+00
4.590000e-06	-7.585759e-03	-8.280275e+00
4.600000e-06	-6.009097e-03	-8.080300e+00
4.610000e-06	-4.948850e-03	-7.899923e+00
4.620000e-06	-6.447106e-03	-7.647875e+00
4.630000e-06	-6.499102e-03	-7.469896e+00
4.640000e-06	-5.793653e-03	-7.280501e+00
4.650000e-06	-4.405671e-03	-7.090476e+00
4.660000e-06	-6.179802e-03	-6.840529e+00
4.670000e-06	-7.471150e-03	-6.680076e+00
4.680000e-06	-6.092678e-03	-6.491127e+00
4.690000e-06	-5.119745e-03	-6.324204e+00
4.700000e-06	-5.098881e-03	-6.059171e+00
4.710000e-06	-6.844774e-03	-5.879619e+00
4.720000e-06	-5.680245e-03	-5.682247e+00
4.730000e-06	-5.026306e-03	-5.469225e+00
4.740000e-06	-5.035152e-03	-5.196561e+00
4.750000e-06	-5.804128e-03	-4.954009e+00
4.760000e-06	-6.050629e-03	-4.715529e+00
4.770000e-06	-4.325635e-03	-4.513008e+00
4.780000e-06	-3.615997e-03	-4.314005e+00
4.790000e-06	-5.265510e-03	-4.082053e+00
4.800000e-06	-6.109253e-03	-3.902026e+00
4.810000e-06	-5.684546e-03	-3.629046e+00
4.820000e-06	-4.476386e-03	-3.450917e+00
4.830000e-06	-5.284424e-03	-3.189023e+00
4.840000e-06	-4.847881e-03	-2.996438e+00
4.850000e-06	-2.991683e-03	-2.745333e+00
4.860000e-06	-3.893585e-03	-2.524904e+00
4.870000e-06	-4.687763e-03	-2.343355e+00
4.880000e-06	-5.442748e-03	-2.010750e+00
4.890000e-06	-4.819900e-03	-1.889817e+00
4.900000e-06	-5.044211e-03	-1.577698e+00
4.910000e-06	-4.241561e-03	-1.335708e+00
4.920000e-06	-4.945721e-03	-1.083004e+00
4.930000e-06	-3.175739e-03	-8.540475e-01
4.940000e-06	-2.692726e-03	-6.403983e-01
4.950000e-06	-1.896580e-03	-3.774419e-01
4.960000e-06	-2.176368e-03	-1.684367e-01
4.970000e-06	1.902169e-03	1.401187e-02
4.980000e-06	1.957831e-03	2.946434e-01
4.990000e-06	-1.196714e-03	5.156947e-01
5.000000e-06	-3.569811e-04	7.266197e-01
5.010000e-06	-1.023897e-03	9.865460e-01
5.020000e-06	2.349150e-03	1.207279e+00
5.030000e-06	2.499432e-03	1.359683e+00
5.040000e-06	1.557644e-02	1.652367e+00
5.050000e-06	6.082490e-02	1.915394e+00
5.060000e-06	2.133102e-02	2.147524e+00
5.070000e-06	-5.318297e-02	2.390978e+00
5.080000e-06	-4.338925e-02	2.681692e+00
5.090000e-06	-3.163913e-02	2.882657e+00
5.100000e-06	-4.170445e-02	3.019559e+00
5.110000e-06	5.976759e-02	3.159452e+00
5.120000e-06	1.441067e-02	3.411059e+00
5.130000e-06	-7.784041e-02	3.631386e+00
5.140000e-06	1.207703e-01	3.818805e+00
5.150000e-06	-1.892895e-02	4.074490e+00
5.160000e-06	-7.340425e-03	4.314118e+00
5.170000e-06	3.661096e-03	4.535070e+00
5.180000e-06	-6.662135e-02	4.778101e+00
5.190000e-06	5.968188e-02	4.998081e+00
5.200000e-06	5.913473e-03	5.252264e+00
5.210000e-06	-8.932887e-03	5.492263e+00
5.220000e-06	8.581848e-03	5.734290e+00
5.230000e-06	-1.561414e-02	5.935267e+00
5.240000e-06	2.006226e-02	6.153691e+00
5.250000e-06	-1.645219e-02	6.326138e+00
5.260000e-06	-5.084252e-03	6.544170e+00
5.270000e-06	5.024027e-03	6.758300e+00
5.280000e-06	1.462185e-02	6.965672e+00
5.290000e-06	2.921061e-02	7.156120e+00
5.300000e-06	-4.403329e-02	7.334395e+00
5.310000e-06	1.033982e-02	7.605121e+00
5.320000e-06	7.958944e-03	7.774996e+00
5.330000e-06	1.667501e-03	7.934525e+00
5.340000e-06	3.370664e-03	8.216550e+00
5.350000e-06	-6.756251e-03	8.365845e+00
5.360000e-06	2.208186e-02	8.501387e+00
5.370000e-06	-4.929072e-03	8.700157e+00
5.380000e-06	1.419353e-03	8.787530e+00
5.390000e-06	-1.558055e-02	8.995445e+00
5.400000e-06	7.707301e-03	9.166841e+00
5.410000e-06	1.498564e-02	9.373241e+00
5.420000e-06	-2.083309e-03	9.470564e+00
5.430000e-06	1.808083e-03	9.616881e+00
5.440000e-06	-3.129661e-04	9.815695e+00
5.450000e-06	1.123822e-02	9.943669e+00
5.460000e-06	-5.756883e-03	1.009051e+01
5.470000e-06	-2.639304e-03	1.022533e+01
5.480000e-06	2.098431e-03	1.039202e+01
5.490000e-06	1.002872e-02	1.050136e+01
5.500000e-06	5.449310e-03	1.058582e+01
5.510000e-06	-2.410125e-03	1.075449e+01
5.520000e-06	2.008140e-03	1.090029e+01
5.530000e-06	3.055272e-03	1.098504e+01
5.540000e-06	2.265209e-03	1.107176e+01
5.550000e-06	-4.176683e-03	1.118560e+01
5.560000e-06	1.884428e-03	1.133241e+01
5.570000e-06	5.869512e-03	1.139757e+01
5.580000e-06	5.276224e-03	1.154124e+01
5.590000e-06	-2.464327e-04	1.161658e+01
5.600000e-06	-7.141379e-04	1.173284e+01
5.610000e-06	4.484771e-03	1.179705e+01
5.620000e-06	1.967122e-03	1.188016e+01
5.630000e-06	-5.148393e-04	1.194287e+01
5.640000e-06	-7.798130e-04	1.201813e+01
5.650000e-06	4.645363e-03	1.210513e+01
5.660000e-06	3.594577e-03	1.216585e+01
5.670000e-06	6.667765e-04	1.222788e+01
5.680000e-06	-4.763519e-04	1.231055e+01
5.690000e-06	3.502953e-03	1.235216e+01
5.700000e-06	4.214679e-03	1.243524e+01
5.710000e-06	-9.580974e-04	1.244700e+01
5.720000e-06	-4.772342e-04	1.247008e+01
5.730000e-06	2.001972e-03	1.252059e+01
5.740000e-06	3.907074e-03	1.251116e+01
5.750000e-06	1.890256e-03	1.253372e+01
5.760000e-06	7.099696e-04	1.257269e+01
5.770000e-06	2.780801e-03	1.259327e+01
5.780000e-06	3.502514e-03	1.262424e+01
5.790000e-06	1.512285e-04	1.256477e+01
5.800000e-06	-2.981306e-03	1.258432e+01
5.810000e-06	1.186166e-05	1.263425e+01
5.820000e-06	2.736520e-03	1.257269e+01
5.830000e-06	2.855518e-03	1.255524e+01
5.840000e-06	7.523328e-04	1.253374e+01
5.850000e-06	2.644171e-03	1.253064e+01
5.860000e-06	4.753268e-03	1.253313e+01
5.870000e-06	1.280617e-03	1.252003e+01
5.880000e-06	-2.348650e-03	1.243695e+01
5.890000e-06	-1.697448e-03	1.242394e+01
5.900000e-06	2.819097e-03	1.238217e+01
5.910000e-06	2.261225e-03	1.228960e+01
5.920000e-06	6.456843e-04	1.228905e+01
5.930000e-06	2.032372e-03	1.220634e+01
5.940000e-06	4.209796e-03	1.214134e+01
5.950000e-06	2.670953e-03	1.204757e+01
5.960000e-06	-2.015055e-03	1.194442e+01
5.970000e-06	-2.252773e-03	1.191076e+01
5.980000e-06	7.894642e-04	1.180802e+01
5.990000e-06	8.524501e-04	1.174381e+01
6.000000e-06	5.547581e-04	1.166762e+01
6.010000e-06	6.837528e-04	1.154081e+01
6.020000e-06	1.871982e-03	1.146717e+01
6.030000e-06	1.397392e-03	1.130094e+01
6.040000e-06	-4.327137e-04	1.124400e+01
6.050000e-06	-1.775143e-03	1.108093e+01
6.060000e-06	3.046130e-04	1.099752e+01
6.070000e-06	8.826186e-04	1.089093e+01
6.080000e-06	1.144819e-03	1.080517e+01
6.090000e-06	-5.497092e-04	1.066033e+01
6.100000e-06	6.749013e-04	1.053151e+01
6.110000e-06	8.148493e-04	1.039667e+01
6.120000e-06	-4.622925e-04	1.025992e+01
6.130000e-06	-2.234281e-03	1.012301e+01
6.140000e-06	-7.226671e-04	9.984790e+00
6.150000e-06	9.276286e-04	9.818418e+00
6.160000e-06	1.310912e-04	9.609103e+00
6.170000e-06	-1.276312e-03	9.491633e+00
6.180000e-06	-4.297198e-04	9.374765e+00
6.190000e-06	5.057420e-04	9.208473e+00
6.200000e-06	-7.310568e-04	9.080102e+00
6.210000e-06	-2.902704e-03	8.910305e+00
6.220000e-06	-2.429587e-03	8.722232e+00
6.230000e-06	-8.457789e-04	8.534886e+00
6.240000e-06	-1.090545e-03	8.375046e+00
6.250000e-06	-1.944052e-03	8.205146e+00
6.260000e-06	-2.438860e-03	7.998606e+00
6.270000e-06	-4.104619e-04	7.870196e+00
6.280000e-06	-7.917159e-04	7.639475e+00
6.290000e-06	-2.997323e-03	7.469823e+00
6.300000e-06	-3.374267e-03	7.188319e+00
6.310000e-06	-1.629907e-03	7.048875e+00
6.320000e-06	-2.015880e-03	6.838978e+00
6.330000e-06	-2.274686e-03	6.639926e+00
6.340000e-06	-2.950683e-03	6.399445e+00
6.350000e-06	-1.588148e-03	6.228975e+00
6.360000e-06	-4.352909e-04	6.079654e+00
6.370000e-06	-2.613598e-03	5.891127e+00
6.380000e-06	-2.854439e-03	5.589546e+00
6.390000e-06	-3.946862e-03	5.388647e+00
6.400000e-06	-2.138243e-03	5.215038e+00
6.410000e-06	-2.132359e-03	4.952580e+00
6.420000e-06	-4.230696e-03	4.692384e+00
6.430000e-06	-4.219713e-03	4.440403e+00
6.440000e-06	-1.363619e-03	4.311875e+00
6.450000e-06	-2.310744e-03	3.967821e+00
6.460000e-06	-4.747747e-03	3.819345e+00
6.470000e-06	-3.942222e-03	3.588848e+00
6.480000e-06	-3.122217e-03	3.336814e+00
6.490000e-06	-2.295498e-03	3.114313e+00
6.500000e-06	-4.921409e-03	2.903858e+00
6.510000e-06	-3.973398e-03	2.723208e+00
6.520000e-06	-3.633565e-03	2.460775e+00
6.530000e-06	-2.685399e-03	2.178699e+00
6.540000e-06	-5.062993e-03	1.999196e+00
6.550000e-06	-4.326022e-03	1.807668e+00
6.560000e-06	-3.820951e-03	1.545463e+00
6.570000e-06	-2.562874e-03	1.294033e+00
6.580000e-06	-4.461736e-03	1.048902e+00
6.590000e-06	-5.218063e-03	7.677371e-01
6.600000e-06	-4.416691e-03	5.473644e-01
6.610000e-06	-3.148042e-03	3.048418e-01
6.620000e-06	-3.964055e-03	1.011054e-01
6.630000e-06	1.968468e-04	-1.672960e-01
6.640000e-06	2.103150e-03	-3.592449e-01
6.650000e-06	-8.949145e-04	-5.671951e-01
6.660000e-06	-1.812382e-03	-8.398564e-01
6.670000e-06	-4.264967e-03	-9.702514e-01
6.680000e-06	-2.138378e-03	-1.209758e+00
6.690000e-06	4.241672e-04	-1.480364e+00
6.700000e-06	4.441561e-02	-1.683358e+00
6.710000e-06	6.093037e-02	-1.883867e+00
6.720000e-06	-4.999656e-02	-2.209045e+00
6.730000e-06	-4.436326e-02	-2.522865e+00
6.740000e-06	-5.231920e-02	-2.756895e+00
6.750000e-06	-5.462172e-02	-2.965242e+00
6.760000e-06	1.026682e-01	-3.092167e+00
6.770000e-06	-1.670307e-02	-3.292608e+00
6.780000e-06	-9.034954e-02	-3.484741e+00
6.790000e-06	1.559575e-01	-3.652531e+00
6.800000e-06	-7.108168e-02	-3.922564e+00
6.810000e-06	2.343835e-02	-4.179776e+00
6.820000e-06	-2.886008e-03	-4.377170e+00
6.830000e-06	-1.325028e-01	-4.628724e+00
6.840000e-06	1.126582e-01	-4.818726e+00
6.850000e-06	-1.961617e-02	-5.047273e+00
6.860000e-06	-1.080763e-03	-5.332810e+00
6.870000e-06	2.613491e-02	-5.543867e+00
6.880000e-06	-8.273256e-02	-5.768341e+00
6.890000e-06	8.869607e-02	-5.937296e+00
6.900000e-06	-6.893586e-02	-6.135291e+00
6.910000e-06	-2.800826e-02	-6.419376e+00
6.920000e-06	3.279330e-02	-6.635818e+00
6.930000e-06	-1.654275e-02	-6.817847e+00
6.940000e-06	7.841694e-02	-7.016344e+00
6.950000e-06	-1.163474e-01	-7.197822e+00
6.960000e-06	3.786413e-02	-7.418224e+00
6.970000e-06	-3.215939e-03	-7.595618e+00
6.980000e-06	-1.139559e-02	-7.829751e+00
6.990000e-06	1.283943e-02	-8.016648e+00
7.000000e-06	-5.513060e-02	-8.215997e+00
7.010000e-06	6.882496e-02	-8.345995e+00
7.020000e-06	-4.036938e-02	-8.563415e+00
7.030000e-06	3.535870e-03	-8.731263e+00
7.040000e-06	-4.076316e-02	-8.881656e+00
7.050000e-06	9.657405e-03	-9.077481e+00
7.060000e-06	2.386316e-02	-9.206869e+00
7.070000e-06	-3.380654e-02	-9.395366e+00
7.080000e-06	8.566970e-03	-9.533691e+00
7.090000e-06	-2.246295e-02	-9.702083e+00
7.100000e-06	2.752110e-02	-9.837854e+00
7.110000e-06	-3.404519e-02	-9.974717e+00
7.120000e-06	-9.552374e-03	-1.011109e+01
7.130000e-06	-6.548132e-03	-1.027580e+01
7.140000e-06	1.133695e-02	-1.043828e+01
7.150000e-06	-4.385699e-03	-1.056404e+01
7.160000e-06	-2.585728e-02	-1.068788e+01
7.170000e-06	3.553772e-03	-1.076556e+01
7.180000e-06	-4.090855e-03	-1.086141e+01
7.190000e-06	2.765984e-03	-1.104512e+01
7.200000e-06	-2.817038e-02	-1.117033e+01
7.210000e-06	2.740392e-04	-1.126018e+01
7.220000e-06	-1.573774e-03	-1.135284e+01
7.230000e-06	1.076266e-03	-1.146923e+01
7.240000e-06	-1.997218e-02	-1.157394e+01
7.250000e-06	-1.015723e-02	-1.171078e+01
7.260000e-06	2.748408e-03	-1.177489e+01
7.270000e-06	-5.016927e-03	-1.193868e+01
7.280000e-06	-1.180255e-02	-1.198183e+01
7.290000e-06	-1.498815e-02	-1.202910e+01
7.300000e-06	2.771406e-03	-1.212073e+01
7.310000e-06	-5.789531e-03	-1.218377e+01
7.320000e-06	-9.510408e-03	-1.221650e+01
7.330000e-06	-1.593219e-02	-1.227910e+01
7.340000e-06	-1.396639e-03	-1.237326e+01
7.350000e-06	-3.307437e-03	-1.238486e+01
7.360000e-06	-9.988903e-03	-1.244438e+01
7.370000e-06	-1.205930e-02	-1.247658e+01
7.380000e-06	-5.342386e-03	-1.254216e+01
7.390000e-06	-1.634132e-03	-1.253469e+01
7.400000e-06	-1.023761e-02	-1.260321e+01
7.410000e-06	-1.212395e-02	-1.258382e+01
7.420000e-06	-6.746474e-03	-1.261634e+01
7.430000e-06	-2.335018e-03	-1.264737e+01
7.440000e-06	-8.016299e-03	-1.264692e+01
7.450000e-06	-1.232653e-02	-1.265742e+01
7.460000e-06	-8.096604e-03	-1.268842e+01
7.470000e-06	-3.886512e-03	-1.265692e+01
7.480000e-06	-7.252054e-03	-1.261740e+01
7.490000e-06	-1.019538e-02	-1.261582e+01
7.500000e-06	-8.659379e-03	-1.258634e+01
7.510000e-06	-3.874713e-03	-1.263327e+01
7.520000e-06	-7.429516e-03	-1.254119e+01
7.530000e-06	-1.096737e-02	-1.249966e+01
7.540000e-06	-9.067147e-03	-1.240698e+01
7.550000e-06	-5.498964e-03	-1.242547e+01
7.560000e-06	-6.123530e-03	-1.237279e+01
7.570000e-06	-1.014899e-02	-1.233113e+01
7.580000e-06	-8.858004e-03	-1.225905e+01
7.590000e-06	-6.724548e-03	-1.221894e+01
7.600000e-06	-6.302939e-03	-1.218384e+01
7.610000e-06	-9.967208e-03	-1.212968e+01
7.620000e-06	-9.138862e-03	-1.199704e+01
7.630000e-06	-6.268719e-03	-1.194131e+01
7.640000e-06	-5.093428e-03	-1.186970e+01
7.650000e-06	-7.959647e-03	-1.177379e+01
7.660000e-06	-9.787870e-03	-1.165723e+01
7.670000e-06	-6.911136e-03	-1.158401e+01
7.680000e-06	-5.488136e-03	-1.146680e+01
7.690000e-06	-7.406484e-03	-1.135190e+01
7.700000e-06	-8.920418e-03	-1.117517e+01
7.710000e-06	-6.845311e-03	-1.109085e+01
7.720000e-06	-5.699546e-03	-1.097411e+01
7.730000e-06	-7.559922e-03	-1.086178e+01
7.740000e-06	-9.720833e-03	-1.078511e+01
7.750000e-06	-6.866291e-03	-1.066885e+01
7.760000e-06	-5.614634e-03	-1.051208e+01
7.770000e-06	-7.076641e-03	-1.042524e+01
7.780000e-06	-8.664128e-03	-1.026942e+01
7.790000e-06	-7.074242e-03	-1.009048e+01
7.800000e-06	-4.898283e-03	-9.995684e+00
7.810000e-06	-7.015886e-03	-9.858871e+00
7.820000e-06	-8.642512e-03	-9.702156e+00
7.830000e-06	-7.105429e-03	-9.563810e+00
7.840000e-06	-5.866938e-03	-9.395243e+00
7.850000e-06	-5.806617e-03	-9.267493e+00
7.860000e-06	-7.178518e-03	-9.080193e+00
7.870000e-06	-6.585164e-03	-8.913305e+00
7.880000e-06	-5.830230e-03	-8.792933e+00
7.890000e-06	-5.310061e-03	-8.585941e+00
7.900000e-06	-7.166627e-03	-8.365539e+00
7.910000e-06	-5.982683e-03	-8.228219e+00
7.920000e-06	-6.204513e-03	-8.048693e+00
7.930000e-06	-6.068829e-03	-7.857845e+00
7.940000e-06	-6.949039e-03	-7.627221e+00
7.950000e-06	-5.861120e-03	-7.448346e+00
7.960000e-06	-5.537752e-03	-7.240423e+00
7.970000e-06	-5.647601e-03	-7.061423e+00
7.980000e-06	-5.725173e-03	-6.818826e+00
7.990000e-06	-5.879290e-03	-6.639548e+00
8.000000e-06	-5.486624e-03	-6.451002e+00
8.010000e-06	-5.748909e-03	-6.300624e+00
8.020000e-06	-5.319800e-03	-6.050071e+00
8.030000e-06	-6.173449e-03	-5.828620e+00
8.040000e-06	-5.310458e-03	-5.651195e+00
8.050000e-06	-6.609241e-03	-5.428147e+00
8.060000e-06	-4.799529e-03	-5.204037e+00
8.070000e-06	-5.216682e-03	-4.934855e+00
8.080000e-06	-4.887512e-03	-4.701800e+00
8.090000e-06	-5.338981e-03	-4.471450e+00
8.100000e-06	-4.146029e-03	-4.313029e+00
8.110000e-06	-5.086891e-03	-4.060526e+00
8.120000e-06	-4.828922e-03	-3.882521e+00
8.130000e-06	-5.799704e-03	-3.628421e+00
8.140000e-06	-6.056236e-03	-3.427994e+00
8.150000e-06	-6.361476e-03	-3.208418e+00
8.160000e-06	-4.745140e-03	-2.954384e+00
8.170000e-06	-4.653931e-03	-2.725358e+00
8.180000e-06	-3.307462e-03	-2.523801e+00
8.190000e-06	-3.613025e-03	-2.302302e+00
8.200000e-06	-4.140805e-03	-2.009216e+00
8.210000e-06	-4.995288e-03	-1.807221e+00
8.220000e-06	-5.715447e-03	-1.568691e+00
8.230000e-06	-5.016706e-03	-1.332629e+00
8.240000e-06	-4.887439e-03	-1.061976e+00
8.250000e-06	-3.922041e-03	-8.495001e-01
8.260000e-06	-3.286556e-03	-5.894182e-01
8.270000e-06	-2.524331e-03	-3.772617e-01
8.280000e-06	-1.604117e-03	-1.454070e-01
8.290000e-06	4.093939e-03	6.460952e-02
8.300000e-06	1.173414e-03	3.063249e-01
8.310000e-06	-4.165657e-04	5.072224e-01
8.320000e-06	-3.764820e-04	7.576747e-01
8.330000e-06	-4.120339e-04	9.756716e-01
8.340000e-06	5.467451e-04	1.231383e+00
8.350000e-06	1.179462e-03	1.432338e+00
8.360000e-06	2.022839e-02	1.674922e+00
8.370000e-06	6.393460e-02	1.905995e+00
8.380000e-06	7.836595e-03	2.209130e+00
8.390000e-06	-5.539117e-02	2.444839e+00
8.400000e-06	-4.113453e-02	2.695321e+00
8.410000e-06	-3.113028e-02	2.893292e+00
8.420000e-06	-3.894103e-02	3.060582e+00
8.430000e-06	7.265046e-02	3.219978e+00
8.440000e-06	-1.253719e-02	3.484537e+00
8.450000e-06	-5.372281e-02	3.652463e+00
8.460000e-06	1.220710e-01	3.840512e+00
8.470000e-06	-3.667955e-02	4.114448e+00
8.480000e-06	6.103232e-03	4.336625e+00
8.490000e-06	-1.108213e-02	4.557149e+00
8.500000e-06	-5.311173e-02	4.779190e+00
8.510000e-06	6.366568e-02	4.978633e+00
8.520000e-06	-5.329054e-03	5.344770e+00
8.530000e-06	-4.124564e-03	5.524342e+00
8.540000e-06	6.356341e-03	5.755292e+00
8.550000e-06	-1.319218e-02	5.935852e+00
8.560000e-06	2.007245e-02	6.135248e+00
8.570000e-06	-2.132612e-02	6.356217e+00
8.580000e-06	2.247630e-03	6.574774e+00
8.590000e-06	4.203905e-04	6.787274e+00
8.600000e-06	2.155823e-02	6.997175e+00
8.610000e-06	2.017770e-02	7.157671e+00
8.620000e-06	-4.333600e-02	7.385546e+00
8.630000e-06	1.664742e-02	7.604073e+00
8.640000e-06	3.689852e-03	7.797100e+00
8.650000e-06	6.982650e-03	8.056527e+00
8.660000e-06	-4.561714e-04	8.187124e+00
8.670000e-06	-4.428144e-03	8.385899e+00
8.680000e-06	1.851735e-02	8.513743e+00
8.690000e-06	-4.037373e-03	8.672637e+00
8.700000e-06	1.813076e-03	8.828576e+00
8.710000e-06	-1.603206e-02	8.997950e+00
8.720000e-06	1.055467e-02	9.196900e+00
8.730000e-06	1.141571e-02	9.344243e+00
8.740000e-06	-9.636921e-04	9.510062e+00
8.750000e-06	9.478022e-04	9.640433e+00
8.760000e-06	1.423201e-03	9.815950e+00
8.770000e-06	1.039192e-02	9.964171e+00
8.780000e-06	-5.597896e-03	1.007251e+01
8.790000e-06	-1.257439e-03	1.026780e+01
8.800000e-06	1.625958e-03	1.036456e+01
8.810000e-06	1.035511e-02	1.048181e+01
8.820000e-06	3.877412e-03	1.059572e+01
8.830000e-06	-3.203921e-03	1.078554e+01
8.840000e-06	1.501598e-03	1.083028e+01
8.850000e-06	3.598705e-03	1.098617e+01
8.860000e-06	2.422433e-03	1.108028e+01
8.870000e-06	-2.692932e-03	1.123557e+01
8.880000e-06	1.907009e-03	1.126289e+01
8.890000e-06	5.260739e-03	1.143612e+01
8.900000e-06	5.602195e-03	1.152974e+01
8.910000e-06	-1.049769e-03	1.165519e+01
8.920000e-06	-2.248321e-04	1.176387e+01
8.930000e-06	3.383211e-03	1.184752e+01
8.940000e-06	2.925853e-03	1.190009e+01
8.950000e-06	-2.039391e-05	1.198392e+01
8.960000e-06	2.593166e-04	1.203856e+01
8.970000e-06	4.004270e-03	1.213274e+01
8.980000e-06	4.071014e-03	1.219487e+01
8.990000e-06	3.932152e-04	1.223695e+01
9.000000e-06	-5.598183e-04	1.228956e+01
9.010000e-06	2.290951e-03	1.237169e+01
9.020000e-06	3.797753e-03	1.240634e+01
9.030000e-06	2.629870e-04	1.245688e+01
9.040000e-06	8.757150e-04	1.249005e+01
9.050000e-06	1.916462e-03	1.251216e+01
9.060000e-06	3.309181e-03	1.254114e+01
9.070000e-06	2.059379e-03	1.254264e+01
9.080000e-06	3.360271e-04	1.258419e+01
9.090000e-06	1.668587e-03	1.256475e+01
9.100000e-06	3.211520e-03	1.260529e+01
9.110000e-06	2.593095e-03	1.258417e+01
9.120000e-06	4.644542e-04	1.256531e+01
9.130000e-06	1.395094e-03	1.258529e+01
9.140000e-06	2.167418e-03	1.255372e+01
9.150000e-06	1.536071e-03	1.257324e+01
9.160000e-06	2.390820e-04	1.252324e+01
9.170000e-06	1.410909e-03	1.254319e+01
9.180000e-06	2.301637e-03	1.250108e+01
9.190000e-06	2.387828e-03	1.248103e+01
9.200000e-06	5.010437e-04	1.243845e+01
9.210000e-06	8.410409e-04	1.242537e+01
9.220000e-06	1.956737e-03	1.234271e+01
9.230000e-06	1.143347e-03	1.230958e+01
9.240000e-06	5.427021e-04	1.222797e+01
9.250000e-06	6.331418e-04	1.218547e+01
9.260000e-06	1.080286e-03	1.210272e+01
9.270000e-06	1.532294e-03	1.203602e+01
9.280000e-06	9.215466e-04	1.197584e+01
9.290000e-06	8.521500e-04	1.191918e+01
9.300000e-06	1.124404e-03	1.178702e+01
9.310000e-06	1.644644e-03	1.174193e+01
9.320000e-06	7.334588e-04	1.164657e+01
9.330000e-06	1.050682e-03	1.155131e+01
9.340000e-06	6.724872e-04	1.137767e+01
9.350000e-06	4.203098e-04	1.130091e+01
9.360000e-06	-7.782380e-04	1.114464e+01
9.370000e-06	-3.199873e-04	1.108073e+01
9.380000e-06	5.220482e-04	1.096604e+01
9.390000e-06	-4.759560e-05	1.088038e+01
9.400000e-06	1.678106e-03	1.072456e+01
9.410000e-06	2.045061e-04	1.064927e+01
9.420000e-06	1.766812e-03	1.049001e+01
9.430000e-06	-1.150778e-03	1.036461e+01
9.440000e-06	-3.913822e-04	1.021727e+01
9.450000e-06	-1.629062e-03	1.011206e+01
9.460000e-06	4.935715e-05	9.965259e+00
9.470000e-06	-1.124304e-03	9.835292e+00
9.480000e-06	-5.351900e-04	9.618475e+00
9.490000e-06	-3.982093e-04	9.490152e+00
9.500000e-06	1.970272e-04	9.336259e+00
9.510000e-06	-9.114846e-04	9.217444e+00
9.520000e-06	-1.447240e-03	9.079078e+00
9.530000e-06	-1.249782e-03	8.888751e+00
9.540000e-06	-1.273477e-03	8.680255e+00
9.550000e-06	-1.291404e-03	8.491383e+00
9.560000e-06	-1.914063e-03	8.383913e+00
9.570000e-06	-8.407992e-04	8.187068e+00
9.580000e-06	-1.708883e-03	7.977092e+00
9.590000e-06	-1.751970e-03	7.837696e+00
9.600000e-06	-2.270792e-03	7.558645e+00
9.610000e-06	-1.515214e-03	7.406743e+00
9.620000e-06	-1.287133e-03	7.187221e+00
9.630000e-06	-1.277835e-03	6.978347e+00
9.640000e-06	-3.047822e-03	6.799942e+00
9.650000e-06	-1.608356e-03	6.659950e+00
9.660000e-06	-2.653516e-03	6.417892e+00
9.670000e-06	-2.161024e-03	6.218995e+00
9.680000e-06	-2.845863e-03	6.018526e+00
9.690000e-06	-2.590985e-03	5.858021e+00
9.700000e-06	-1.729641e-03	5.596518e+00
9.710000e-06	-3.137216e-03	5.408468e+00
9.720000e-06	-3.378733e-03	5.152893e+00
9.730000e-06	-3.183923e-03	4.861328e+00
9.740000e-06	-2.416203e-03	4.638901e+00
9.750000e-06	-2.428471e-03	4.439275e+00
9.760000e-06	-3.564841e-03	4.189882e+00
9.770000e-06	-3.506229e-03	3.966745e+00
9.780000e-06	-2.517320e-03	3.767768e+00
9.790000e-06	-3.409483e-03	3.559395e+00
9.800000e-06	-4.254099e-03	3.315309e+00
9.810000e-06	-3.227242e-03	3.094204e+00
9.820000e-06	-3.196001e-03	2.894234e+00
9.830000e-06	-2.964679e-03	2.621734e+00
9.840000e-06	-4.507319e-03	2.447574e+00
9.850000e-06	-4.108660e-03	2.158522e+00
9.860000e-06	-3.088093e-03	1.986091e+00
9.870000e-06	-2.798842e-03	1.757514e+00
9.880000e-06	-4.891773e-03	1.484408e+00
9.890000e-06	-5.423224e-03	1.243855e+00
9.900000e-06	-5.222661e-03	9.793471e-01
9.910000e-06	-2.837456e-03	7.572394e-01
9.920000e-06	-4.904866e-03	5.052403e-01
9.930000e-06	-3.182916e-03	3.137142e-01
9.940000e-06	-2.689704e-03	4.168140e-02
9.950000e-06	3.177664e-03	-1.774500e-01
9.960000e-06	-4.295414e-05	-3.578986e-01
9.970000e-06	-3.311283e-03	-5.979013e-01
9.980000e-06	-4.124715e-03	-8.323265e-01
9.990000e-06	-3.086685e-03	-1.051255e+00
1.000000e-05	-2.516427e-03	-1.251854e+00
1.001000e-05	1.678425e-03	-1.474468e+00
1.002000e-05	5.406037e-02	-1.692964e+00
1.003000e-05	5.169912e-02	-1.896943e+00
1.004000e-05	-5.510001e-02	-2.241253e+00
1.005000e-05	-4.516954e-02	-2.545447e+00
1.006000e-05	-5.625154e-02	-2.807952e+00
1.007000e-05	-4.374126e-02	-2.917896e+00
1.008000e-05	1.161537e-01	-3.143741e+00
1.009000e-05	-5.503572e-02	-3.294211e+00
1.010000e-05	-5.777049e-02	-3.558243e+00
1.011000e-05	1.478591e-01	-3.702513e+00
1.012000e-05	-8.561080e-02	-3.947193e+00
1.013000e-05	4.680673e-02	-4.218782e+00
1.014000e-05	-3.692656e-02	-4.429299e+00
1.015000e-05	-1.096945e-01	-4.659746e+00
1.016000e-05	1.213441e-01	-4.850331e+00
1.017000e-05	-4.319022e-02	-5.061734e+00
1.018000e-05	1.748616e-02	-5.345491e+00
1.019000e-05	4.595363e-03	-5.564447e+00
1.020000e-05	-6.570943e-02	-5.787470e+00
1.021000e-05	9.277455e-02	-5.967896e+00
1.022000e-05	-8.959196e-02	-6.195448e+00
1.023000e-05	-6.857248e-04	-6.438376e+00
1.024000e-05	1.494441e-02	-6.618300e+00
1.025000e-05	1.171873e-03	-6.818846e+00
1.026000e-05	5.746679e-02	-7.046699e+00
1.027000e-05	-1.174302e-01	-7.280403e+00
1.028000e-05	5.863965e-02	-7.430779e+00
1.029000e-05	-2.193492e-02	-7.617195e+00
1.030000e-05	4.425895e-03	-7.868309e+00
1.031000e-05	-5.607784e-03	-8.050179e+00
1.032000e-05	-3.822003e-02	-8.237127e+00
1.033000e-05	6.551478e-02	-8.386469e+00
1.034000e-05	-4.705730e-02	-8.583291e+00
1.035000e-05	9.535248e-03	-8.743369e+00
1.036000e-05	-4.755813e-02	-8.902210e+00
1.037000e-05	2.482658e-02	-9.081081e+00
1.038000e-05	7.072091e-03	-9.228473e+00
1.039000e-05	-2.695027e-02	-9.406816e+00
1.040000e-05	5.145256e-03	-9.564665e+00
1.041000e-05	-1.538310e-02	-9.740981e+00
1.042000e-05	2.603446e-02	-9.848453e+00
1.043000e-05	-3.915343e-02	-9.975217e+00
1.044000e-05	-3.315066e-03	-1.015452e+01
1.045000e-05	-8.218809e-03	-1.027930e+01
1.046000e-05	1.503433e-02	-1.044990e+01
1.047000e-05	-1.291560e-02	-1.057552e+01
1.048000e-05	-2.030687e-02	-1.064988e+01
1.049000e-05	3.255250e-03	-1.078407e+01
1.050000e-05	-2.387111e-03	-1.091296e+01
1.051000e-05	-3.847908e-03	-1.103812e+01
1.052000e-05	-2.747425e-02	-1.115233e+01
1.053000e-05	5.367380e-03	-1.127181e+01
1.054000e-05	-1.530792e-03	-1.139436e+01
1.055000e-05	-3.771316e-04	-1.145971e+01
1.056000e-05	-2.384094e-02	-1.162289e+01
1.057000e-05	-5.898539e-03	-1.172073e+01
1.058000e-05	1.326013e-03	-1.179539e+01
1.059000e-05	-5.918723e-03	-1.189920e+01
1.060000e-05	-1.455380e-02	-1.195181e+01
1.061000e-05	-1.075139e-02	-1.209610e+01
1.062000e-05	4.969791e-03	-1.216274e+01
1.063000e-05	-7.894437e-03	-1.217284e+01
1.064000e-05	-1.268751e-02	-1.223745e+01
1.065000e-05	-1.428514e-02	-1.230113e+01
1.066000e-05	1.580403e-03	-1.233181e+01
1.067000e-05	-4.574303e-03	-1.238537e+01
1.068000e-05	-1.204577e-02	-1.243685e+01
1.069000e-05	-1.069211e-02	-1.248903e+01
1.070000e-05	-3.585933e-03	-1.253011e+01
1.071000e-05	-2.723674e-03	-1.253274e+01
1.072000e-05	-1.296965e-02	-1.259426e+01
1.073000e-05	-1.060975e-02	-1.259627e+01
1.074000e-05	-3.113723e-03	-1.260687e+01
1.075000e-05	-1.774559e-03	-1.262690e+01
1.076000e-05	-1.161710e-02	-1.262690e+01
1.077000e-05	-1.316775e-02	-1.264587e+01
1.078000e-05	-6.033037e-03	-1.266737e+01
1.079000e-05	-2.863625e-03	-1.267737e+01
1.080000e-05	-9.097366e-03	-1.260584e+01
1.081000e-05	-1.157047e-02	-1.259581e+01
1.082000e-05	-7.175804e-03	-1.261577e+01
1.083000e-05	-3.185675e-03	-1.259427e+01
1.084000e-05	-8.931602e-03	-1.255219e+01
1.085000e-05	-1.184445e-02	-1.250111e+01
1.086000e-05	-7.399620e-03	-1.245740e+01
1.087000e-05	-4.170831e-03	-1.242487e+01
1.088000e-05	-7.198550e-03	-1.235328e+01
1.089000e-05	-1.089173e-02	-1.234063e+01
1.090000e-05	-8.636043e-03	-1.226858e+01
1.091000e-05	-4.981234e-03	-1.223542e+01
1.092000e-05	-6.936747e-03	-1.215334e+01
1.093000e-05	-9.796663e-03	-1.207975e+01
1.094000e-05	-9.383566e-03	-1.204547e+01
1.095000e-05	-4.476805e-03	-1.196180e+01
1.096000e-05	-6.276539e-03	-1.186704e+01
1.097000e-05	-9.940827e-03	-1.172339e+01
1.098000e-05	-9.902206e-03	-1.165769e+01
1.099000e-05	-5.816660e-03	-1.157186e+01
1.100000e-05	-5.990223e-03	-1.146659e+01
1.101000e-05	-8.795639e-03	-1.136135e+01
1.102000e-05	-8.898232e-03	-1.122605e+01
1.103000e-05	-5.737491e-03	-1.113035e+01
1.104000e-05	-5.182061e-03	-1.096306e+01
1.105000e-05	-7.441582e-03	-1.085828e+01
1.106000e-05	-8.870116e-03	-1.076456e+01
1.107000e-05	-6.956632e-03	-1.067777e+01
1.108000e-05	-6.207053e-03	-1.056153e+01
1.109000e-05	-7.581185e-03	-1.033473e+01
1.110000e-05	-8.178401e-03	-1.025790e+01
1.111000e-05	-6.273268e-03	-1.010105e+01
1.112000e-05	-4.998403e-03	-9.933758e+00
1.113000e-05	-6.760661e-03	-9.816346e+00
1.114000e-05	-8.064850e-03	-9.689600e+00
1.115000e-05	-6.364458e-03	-9.512705e+00
1.116000e-05	-5.190066e-03	-9.364842e+00
1.117000e-05	-6.510435e-03	-9.207992e+00
1.118000e-05	-8.725646e-03	-9.060071e+00
1.119000e-05	-6.949469e-03	-8.900808e+00
1.120000e-05	-5.010237e-03	-8.712375e+00
1.121000e-05	-6.095744e-03	-8.533910e+00
1.122000e-05	-7.210285e-03	-8.385536e+00
1.123000e-05	-5.653844e-03	-8.207568e+00
1.124000e-05	-4.887964e-03	-8.049171e+00
1.125000e-05	-6.265469e-03	-7.878120e+00
1.126000e-05	-7.961894e-03	-7.585666e+00
1.127000e-05	-6.024456e-03	-7.426395e+00
1.128000e-05	-5.138904e-03	-7.248269e+00
1.129000e-05	-5.773214e-03	-7.077347e+00
1.130000e-05	-6.465431e-03	-6.787419e+00
1.131000e-05	-5.819543e-03	-6.648443e+00
1.132000e-05	-4.566322e-03	-6.468493e+00
1.133000e-05	-5.581302e-03	-6.271047e+00
1.134000e-05	-6.029626e-03	-6.017992e+00
1.135000e-05	-6.219092e-03	-5.826892e+00
1.136000e-05	-4.562484e-03	-5.617471e+00
1.137000e-05	-6.069897e-03	-5.457041e+00
1.138000e-05	-5.360089e-03	-5.145955e+00
1.139000e-05	-7.325906e-03	-4.909823e+00
1.140000e-05	-4.358858e-03	-4.579872e+00
1.141000e-05	-5.356081e-03	-4.439897e+00
1.142000e-05	-4.748816e-03	-4.298924e+00
1.143000e-05	-6.321618e-03	-4.031445e+00
1.144000e-05	-4.114353e-03	-3.850470e+00
1.145000e-05	-4.768583e-03	-3.626891e+00
1.146000e-05	-5.765508e-03	-3.397365e+00
1.147000e-05	-7.050949e-03	-3.176339e+00
1.148000e-05	-4.806789e-03	-2.883778e+00
1.149000e-05	-3.165230e-03	-2.703310e+00
1.150000e-05	-3.961048e-03	-2.433274e+00
1.151000e-05	-4.244391e-03	-2.241691e+00
1.152000e-05	-4.502300e-03	-1.998089e+00
1.153000e-05	-3.730097e-03	-1.825613e+00
1.154000e-05	-5.159608e-03	-1.566613e+00
1.155000e-05	-5.408594e-03	-1.301574e+00
1.156000e-05	-5.331436e-03	-1.040800e+00
1.157000e-05	-2.818372e-03	-8.388920e-01
1.158000e-05	-3.233716e-03	-5.367844e-01
1.159000e-05	-3.027518e-03	-3.252829e-01
1.160000e-05	-1.552879e-03	-1.452829e-01
1.161000e-05	4.836043e-03	9.526984e-02
1.162000e-05	4.729241e-04	3.497751e-01
1.163000e-05	-6.707621e-04	5.382777e-01
1.164000e-05	-1.985494e-03	7.472276e-01
1.165000e-05	1.231571e-03	9.592851e-01
1.166000e-05	2.200362e-03	1.241387e+00
1.167000e-05	2.574478e-03	1.403886e+00
1.168000e-05	2.403306e-02	1.726524e+00
1.169000e-05	6.620602e-02	1.948547e+00
1.170000e-05	-5.264739e-03	2.261183e+00
1.171000e-05	-5.557800e-02	2.465284e+00
1.172000e-05	-4.023002e-02	2.725875e+00
1.173000e-05	-3.210452e-02	2.944766e+00
1.174000e-05	-3.139398e-02	3.053164e+00
1.175000e-05	8.268986e-02	3.200436e+00
1.176000e-05	-3.939941e-02	3.453196e+00
1.177000e-05	-2.585150e-02	3.723014e+00
1.178000e-05	1.140081e-01	3.865037e+00
1.179000e-05	-4.873209e-02	4.148719e+00
1.180000e-05	1.760171e-02	4.346702e+00
1.181000e-05	-2.735057e-02	4.638751e+00
1.182000e-05	-3.781466e-02	4.819659e+00
1.183000e-05	6.376233e-02	5.042338e+00
1.184000e-05	-1.300207e-02	5.345449e+00
1.185000e-05	-8.069916e-04	5.557450e+00
1.186000e-05	2.718098e-03	5.756925e+00
1.187000e-05	-1.049831e-02	5.996903e+00
1.188000e-05	1.847008e-02	6.167298e+00
1.189000e-05	-2.483837e-02	6.399345e+00
1.190000e-05	7.624169e-03	6.598404e+00
1.191000e-05	-1.089606e-03	6.830380e+00
1.192000e-05	2.744958e-02	6.988201e+00
1.193000e-05	8.439191e-03	7.208225e+00
1.194000e-05	-4.106756e-02	7.396649e+00
1.195000e-05	2.313666e-02	7.587103e+00
1.196000e-05	-9.406067e-04	7.830650e+00
1.197000e-05	8.818316e-03	8.038581e+00
1.198000e-05	-6.248502e-03	8.228602e+00
1.199000e-05	2.258848e-03	8.388025e+00
1.200000e-05	1.475398e-02	8.555392e+00
1.201000e-05	-5.237038e-03	8.712737e+00
1.202000e-05	-9.317571e-05	8.829205e+00
1.203000e-05	-1.311313e-02	9.067101e+00
1.204000e-05	1.440084e-02	9.168925e+00
1.205000e-05	7.196388e-03	9.345269e+00
1.206000e-05	-8.612190e-04	9.512586e+00
1.207000e-05	-3.716822e-04	9.681509e+00
1.208000e-05	3.403926e-03	9.826797e+00
1.209000e-05	7.782356e-03	9.985723e+00
1.210000e-05	-6.569536e-03	1.011306e+01
1.211000e-05	-1.264467e-03	1.025936e+01
1.212000e-05	2.840306e-03	1.037717e+01
1.213000e-05	9.441054e-03	1.054249e+01
1.214000e-05	2.791091e-03	1.063675e+01
1.215000e-05	-1.902060e-03	1.079360e+01
1.216000e-05	2.301005e-03	1.091091e+01
1.217000e-05	3.593428e-03	1.100660e+01
1.218000e-05	1.252722e-03	1.110084e+01
1.219000e-05	-2.501420e-03	1.118667e+01
1.220000e-05	3.127241e-03	1.132292e+01
1.221000e-05	5.156405e-03	1.143667e+01
1.222000e-05	3.636112e-03	1.154236e+01
1.223000e-05	-1.006729e-03	1.166910e+01
1.224000e-05	1.638164e-03	1.177444e+01
1.225000e-05	4.273179e-03	1.185758e+01
1.226000e-05	2.906398e-03	1.189168e+01
1.227000e-05	-1.067822e-03	1.196292e+01
1.228000e-05	1.252053e-03	1.210005e+01
1.229000e-05	3.672110e-03	1.213279e+01
1.230000e-05	2.938920e-03	1.219487e+01
1.231000e-05	-7.485718e-04	1.222900e+01
1.232000e-05	1.274904e-04	1.232971e+01
1.233000e-05	3.793860e-03	1.233372e+01
1.234000e-05	4.000314e-03	1.241387e+01
1.235000e-05	1.012417e-03	1.244593e+01
1.236000e-05	1.094443e-03	1.249008e+01
1.237000e-05	2.476253e-03	1.252261e+01
1.238000e-05	2.810598e-03	1.250111e+01
1.239000e-05	1.107104e-03	1.251321e+01
1.240000e-05	6.449574e-04	1.254329e+01
1.241000e-05	1.580380e-03	1.256472e+01
1.242000e-05	3.083033e-03	1.252477e+01
1.243000e-05	1.895996e-03	1.258432e+01
1.244000e-05	1.072846e-04	1.259525e+01
1.245000e-05	2.124944e-03	1.258527e+01
1.246000e-05	2.366071e-03	1.257477e+01
1.247000e-05	2.171893e-03	1.253464e+01
1.248000e-05	2.323572e-04	1.255422e+01
1.249000e-05	2.070095e-03	1.255171e+01
1.250000e-05	3.313543e-03	1.247906e+01
1.251000e-05	1.287455e-03	1.245858e+01
1.252000e-05	-1.921217e-04	1.247637e+01
1.253000e-05	1.298142e-03	1.239527e+01
1.254000e-05	3.090015e-03	1.235219e+01
1.255000e-05	1.341174e-03	1.231807e+01
1.256000e-05	-1.292376e-03	1.224702e+01
1.257000e-05	9.054628e-04	1.217387e+01
1.258000e-05	3.055542e-03	1.212268e+01
1.259000e-05	2.066210e-03	1.202692e+01
1.260000e-05	-5.842353e-04	1.198191e+01
1.261000e-05	4.064564e-04	1.189960e+01
1.262000e-05	2.374823e-03	1.180604e+01
1.263000e-05	2.825624e-03	1.171133e+01
1.264000e-05	-3.877099e-04	1.158709e+01
1.265000e-05	-2.365466e-04	1.152976e+01
1.266000e-05	1.712732e-03	1.141604e+01
1.267000e-05	8.462995e-04	1.129036e+01
1.268000e-05	-2.043896e-04	1.117396e+01
1.269000e-05	-6.864587e-04	1.109923e+01
1.270000e-05	1.260450e-03	1.099457e+01
1.271000e-05	6.574056e-04	1.083838e+01
1.272000e-05	3.833829e-04	1.077354e+01
1.273000e-05	-1.124764e-03	1.061812e+01
1.274000e-05	3.316929e-04	1.045843e+01
1.275000e-05	-4.862564e-04	1.035167e+01
1.276000e-05	-5.329435e-04	1.022630e+01
1.277000e-05	-1.263403e-03	1.008050e+01
1.278000e-05	3.004992e-04	9.973106e+00
1.279000e-05	3.370372e-04	9.763792e+00
1.280000e-05	-3.939069e-04	9.585324e+00
1.281000e-05	-1.836546e-03	9.479603e+00
1.282000e-05	-5.580385e-04	9.331709e+00
1.283000e-05	9.453178e-04	9.164914e+00
1.284000e-05	-1.570008e-03	9.036996e+00
1.285000e-05	-3.003583e-03	8.828622e+00
1.286000e-05	-1.910600e-03	8.669204e+00
1.287000e-05	3.095048e-04	8.512808e+00
1.288000e-05	-7.508505e-04	8.352912e+00
1.289000e-05	-2.782523e-03	8.247539e+00
1.290000e-05	-1.314802e-03	7.946538e+00
1.291000e-05	-5.755813e-04	7.767565e+00
1.292000e-05	-1.735331e-03	7.567748e+00
1.293000e-05	-2.851741e-03	7.384737e+00
1.294000e-05	-3.681109e-03	7.186716e+00
1.295000e-05	-3.200075e-04	7.005289e+00
1.296000e-05	-1.453082e-03	6.805818e+00
1.297000e-05	-3.230939e-03	6.595918e+00
1.298000e-05	-2.694308e-03	6.346888e+00
1.299000e-05	-1.667017e-03	6.185896e+00
1.300000e-05	-2.129158e-03	5.987420e+00
1.301000e-05	-3.445316e-03	5.827471e+00
1.302000e-05	-4.347145e-03	5.585468e+00
1.303000e-05	-2.087022e-03	5.334463e+00
1.304000e-05	-2.039180e-03	5.121808e+00
1.305000e-05	-2.472149e-03	4.809847e+00
1.306000e-05	-4.057632e-03	4.666774e+00
1.307000e-05	-2.624327e-03	4.428346e+00
1.308000e-05	-2.495571e-03	4.186793e+00
1.309000e-05	-3.369908e-03	3.946141e+00
1.310000e-05	-4.586487e-03	3.725714e+00
1.311000e-05	-3.359071e-03	3.534838e+00
1.312000e-05	-2.251219e-03	3.284211e+00
1.313000e-05	-3.021639e-03	3.092182e+00
1.314000e-05	-4.531244e-03	2.862675e+00
1.315000e-05	-4.369532e-03	2.640180e+00
1.316000e-05	-3.452375e-03	2.387021e+00
1.317000e-05	-4.477346e-03	2.136070e+00
1.318000e-05	-5.282593e-03	1.975993e+00
1.319000e-05	-5.093507e-03	1.704989e+00
1.320000e-05	-3.441286e-03	1.462903e+00
1.321000e-05	-4.195197e-03	1.232800e+00
1.322000e-05	-4.053363e-03	9.152919e-01
1.323000e-05	-4.325454e-03	7.141382e-01
1.324000e-05	-3.404642e-03	4.841329e-01
1.325000e-05	-3.795929e-03	2.740803e-01
1.326000e-05	-3.981180e-03	3.007270e-02
1.327000e-05	1.102371e-03	-2.004787e-01
1.328000e-05	-3.323921e-04	-4.003539e-01
1.329000e-05	-1.889810e-03	-6.203579e-01
1.330000e-05	-2.678220e-03	-8.734869e-01
1.331000e-05	-2.907215e-03	-1.062882e+00
1.332000e-05	-1.269555e-03	-1.272887e+00
1.333000e-05	3.419356e-03	-1.525517e+00
1.334000e-05	6.214181e-02	-1.714565e+00
1.335000e-05	3.435293e-02	-1.926945e+00
1.336000e-05	-5.918956e-02	-2.263804e+00
1.337000e-05	-4.398745e-02	-2.608946e+00
1.338000e-05	-5.844047e-02	-2.780454e+00
1.339000e-05	-2.783056e-02	-2.977949e+00
1.340000e-05	1.227742e-01	-3.166248e+00
1.341000e-05	-8.915800e-02	-3.356292e+00
1.342000e-05	-1.865057e-02	-3.566820e+00
1.343000e-05	1.293819e-01	-3.695160e+00
1.344000e-05	-9.482614e-02	-4.008325e+00
1.345000e-05	6.536949e-02	-4.240382e+00
1.346000e-05	-7.041716e-02	-4.419776e+00
1.347000e-05	-7.827674e-02	-4.700432e+00
1.348000e-05	1.228573e-01	-4.861204e+00
1.349000e-05	-5.677585e-02	-5.112409e+00
1.350000e-05	3.471336e-02	-5.317492e+00
1.351000e-05	-2.048015e-02	-5.586947e+00
1.352000e-05	-4.688853e-02	-5.838049e+00
1.353000e-05	8.615727e-02	-6.008422e+00
1.354000e-05	-1.049932e-01	-6.207949e+00
1.355000e-05	2.352212e-02	-6.430956e+00
1.356000e-05	-2.686586e-03	-6.629901e+00
1.357000e-05	2.284802e-02	-6.850403e+00
1.358000e-05	3.497056e-02	-7.049852e+00
1.359000e-05	-1.114571e-01	-7.309879e+00
1.360000e-05	6.884146e-02	-7.440281e+00
1.361000e-05	-3.838606e-02	-7.640251e+00
1.362000e-05	2.116792e-02	-7.881885e+00
1.363000e-05	-2.519753e-02	-8.081229e+00
1.364000e-05	-1.924977e-02	-8.218181e+00
1.365000e-05	5.695017e-02	-8.407517e+00
1.366000e-05	-4.722936e-02	-8.544944e+00
1.367000e-05	1.111048e-02	-8.745874e+00
1.368000e-05	-5.090551e-02	-8.933761e+00
1.369000e-05	3.531550e-02	-9.102185e+00
1.370000e-05	-5.874513e-03	-9.249477e+00
1.371000e-05	-1.858147e-02	-9.407921e+00
1.372000e-05	3.746915e-06	-9.605242e+00
1.373000e-05	-1.025217e-02	-9.732563e+00
1.374000e-05	2.387246e-02	-9.860006e+00
1.375000e-05	-4.216653e-02	-1.000679e+01
1.376000e-05	-1.733375e-04	-1.015317e+01
1.377000e-05	-1.276984e-02	-1.036255e+01
1.378000e-05	1.827343e-02	-1.047978e+01
1.379000e-05	-1.991496e-02	-1.058509e+01
1.380000e-05	-1.290017e-02	-1.072139e+01
1.381000e-05	5.799753e-04	-1.079409e+01
1.382000e-05	1.405873e-03	-1.095298e+01
1.383000e-05	-7.092837e-03	-1.103820e+01
1.384000e-05	-2.582950e-02	-1.117449e+01
1.385000e-05	4.620881e-03	-1.129976e+01
1.386000e-05	-3.557967e-03	-1.138346e+01
1.387000e-05	-9.194349e-04	-1.149916e+01
1.388000e-05	-2.306969e-02	-1.158649e+01
1.389000e-05	-1.381655e-03	-1.171076e+01
1.390000e-05	-6.084741e-04	-1.179589e+01
1.391000e-05	-3.786015e-03	-1.193108e+01
1.392000e-05	-1.676732e-02	-1.201284e+01
1.393000e-05	-8.884967e-03	-1.205858e+01
1.394000e-05	2.440354e-03	-1.215171e+01
1.395000e-05	-7.453351e-03	-1.220479e+01
1.396000e-05	-1.239522e-02	-1.225798e+01
1.397000e-05	-1.479162e-02	-1.232108e+01
1.398000e-05	1.842666e-03	-1.235166e+01
1.399000e-05	-5.520785e-03	-1.243379e+01
1.400000e-05	-9.790120e-03	-1.242335e+01
1.401000e-05	-1.192990e-02	-1.245805e+01
1.402000e-05	-2.889559e-03	-1.255168e+01
1.403000e-05	-4.198013e-03	-1.255221e+01
1.404000e-05	-1.319909e-02	-1.257424e+01
1.405000e-05	-1.175603e-02	-1.260532e+01
1.406000e-05	-5.009084e-03	-1.262640e+01
1.407000e-05	-1.760192e-03	-1.260584e+01
1.408000e-05	-1.080601e-02	-1.261642e+01
1.409000e-05	-1.126938e-02	-1.263642e+01
1.410000e-05	-7.401191e-03	-1.263784e+01
1.411000e-05	-3.184463e-03	-1.264637e+01
1.412000e-05	-1.106823e-02	-1.260679e+01
1.413000e-05	-1.124011e-02	-1.260527e+01
1.414000e-05	-6.876783e-03	-1.258477e+01
1.415000e-05	-3.427827e-03	-1.254231e+01
1.416000e-05	-8.125392e-03	-1.251259e+01
1.417000e-05	-1.082049e-02	-1.251908e+01
1.418000e-05	-7.627660e-03	-1.244855e+01
1.419000e-05	-4.332526e-03	-1.240489e+01
1.420000e-05	-7.042178e-03	-1.235433e+01
1.421000e-05	-1.200434e-02	-1.233070e+01
1.422000e-05	-8.256300e-03	-1.224798e+01
1.423000e-05	-5.771464e-03	-1.224642e+01
1.424000e-05	-6.049457e-03	-1.217376e+01
1.425000e-05	-1.095711e-02	-1.214910e+01
1.426000e-05	-8.058232e-03	-1.201594e+01
1.427000e-05	-4.874883e-03	-1.194181e+01
1.428000e-05	-3.701368e-03	-1.181747e+01
1.429000e-05	-9.829433e-03	-1.178386e+01
1.430000e-05	-1.081303e-02	-1.165815e+01
1.431000e-05	-6.546445e-03	-1.154240e+01
1.432000e-05	-4.928117e-03	-1.144602e+01
1.433000e-05	-8.570223e-03	-1.136928e+01
1.434000e-05	-9.192972e-03	-1.120707e+01
1.435000e-05	-6.046645e-03	-1.105922e+01
1.436000e-05	-3.681280e-03	-1.097356e+01
1.437000e-05	-6.822270e-03	-1.084880e+01
1.438000e-05	-9.481388e-03	-1.075506e+01
1.439000e-05	-6.958437e-03	-1.066819e+01
1.440000e-05	-5.115324e-03	-1.054101e+01
1.441000e-05	-6.885152e-03	-1.040516e+01
1.442000e-05	-8.977342e-03	-1.021677e+01
1.443000e-05	-7.160112e-03	-1.008838e+01
1.444000e-05	-5.369858e-03	-9.963207e+00
1.445000e-05	-6.458342e-03	-9.817321e+00
1.446000e-05	-7.539807e-03	-9.658525e+00
1.447000e-05	-6.669578e-03	-9.531155e+00
1.448000e-05	-6.299379e-03	-9.334789e+00
1.449000e-05	-7.367660e-03	-9.186914e+00
1.450000e-05	-7.251849e-03	-9.036521e+00
1.451000e-05	-6.808656e-03	-8.896676e+00
1.452000e-05	-5.070305e-03	-8.690201e+00
1.453000e-05	-6.455413e-03	-8.509762e+00
1.454000e-05	-6.522205e-03	-8.364437e+00
1.455000e-05	-6.547367e-03	-8.185539e+00
1.456000e-05	-5.685797e-03	-8.027060e+00
1.457000e-05	-6.183829e-03	-7.886141e+00
1.458000e-05	-6.597360e-03	-7.564663e+00
1.459000e-05	-6.069989e-03	-7.414343e+00
1.460000e-05	-5.812861e-03	-7.236715e+00
1.461000e-05	-5.639570e-03	-7.015720e+00
1.462000e-05	-6.504458e-03	-6.795842e+00
1.463000e-05	-6.244750e-03	-6.606393e+00
1.464000e-05	-6.389350e-03	-6.437395e+00
1.465000e-05	-5.680330e-03	-6.176468e+00
1.466000e-05	-5.586011e-03	-5.987466e+00
1.467000e-05	-6.252884e-03	-5.797988e+00
1.468000e-05	-5.385738e-03	-5.587864e+00
1.469000e-05	-5.487409e-03	-5.375461e+00
1.470000e-05	-4.349839e-03	-5.113928e+00
1.471000e-05	-6.309752e-03	-4.840275e+00
1.472000e-05	-5.728612e-03	-4.668271e+00
1.473000e-05	-5.954399e-03	-4.439297e+00
1.474000e-05	-4.497042e-03	-4.259925e+00
1.475000e-05	-5.475021e-03	-4.048322e+00
1.476000e-05	-5.161108e-03	-3.798895e+00
1.477000e-05	-6.003866e-03	-3.585836e+00
1.478000e-05	-4.740685e-03	-3.375758e+00
1.479000e-05	-4.529656e-03	-3.135809e+00
1.480000e-05	-4.246359e-03	-2.883280e+00
1.481000e-05	-5.128828e-03	-2.660676e+00
1.482000e-05	-4.154590e-03	-2.433198e+00
1.483000e-05	-3.816903e-03	-2.208691e+00
1.484000e-05	-4.344686e-03	-1.987118e+00
1.485000e-05	-5.339849e-03	-1.755012e+00
1.486000e-05	-4.823271e-03	-1.524008e+00
1.487000e-05	-4.218959e-03	-1.221349e+00
1.488000e-05	-4.141757e-03	-9.883183e-01
1.489000e-05	-3.400779e-03	-7.682182e-01
1.490000e-05	-3.344200e-03	-5.451603e-01
1.491000e-05	-1.893994e-03	-2.852054e-01
1.492000e-05	-1.251651e-03	-8.370283e-02
1.493000e-05	5.104239e-03	1.577512e-01
1.494000e-05	5.672516e-05	3.594003e-01
1.495000e-05	1.229529e-03	5.684276e-01
1.496000e-05	-2.977884e-03	7.493026e-01
1.497000e-05	1.186703e-03	1.052007e+00
1.498000e-05	7.281840e-04	1.285017e+00
1.499000e-05	4.680055e-03	1.506023e+00
1.500000e-05	3.045591e-02	1.758601e+00
1.501000e-05	6.425362e-02	1.980204e+00
1.502000e-05	-1.778956e-02	2.232314e+00
1.503000e-05	-5.369418e-02	2.534421e+00
1.504000e-05	-3.819100e-02	2.758426e+00
1.505000e-05	-3.399549e-02	2.915272e+00
1.506000e-05	-2.180026e-02	3.073763e+00
1.507000e-05	8.918414e-02	3.302112e+00
1.508000e-05	-6.149515e-02	3.525771e+00
1.509000e-05	5.036384e-03	3.712116e+00
1.510000e-05	9.909051e-02	3.905144e+00
1.511000e-05	-5.501479e-02	4.197676e+00
1.512000e-05	2.724617e-02	4.388703e+00
1.513000e-05	-4.341210e-02	4.639833e+00
1.514000e-05	-1.956035e-02	4.850288e+00
1.515000e-05	5.976376e-02	5.112841e+00
1.516000e-05	-1.665007e-02	5.357048e+00
1.517000e-05	2.821301e-03	5.577948e+00
1.518000e-05	-2.781984e-03	5.806525e+00
1.519000e-05	-5.085888e-03	5.997983e+00
1.520000e-05	1.663672e-02	6.197951e+00
1.521000e-05	-2.573918e-02	6.378400e+00
1.522000e-05	1.114829e-02	6.667929e+00
1.523000e-05	-3.654964e-03	6.840456e+00
1.524000e-05	3.427564e-02	7.047833e+00
1.525000e-05	-3.361163e-03	7.220303e+00
1.526000e-05	-3.637228e-02	7.428300e+00
1.527000e-05	2.551971e-02	7.639259e+00
1.528000e-05	-3.356245e-03	7.857780e+00
1.529000e-05	1.254801e-02	8.039808e+00
1.530000e-05	-1.118299e-02	8.260680e+00
1.531000e-05	7.945406e-03	8.376496e+00
1.532000e-05	1.022154e-02	8.553996e+00
1.533000e-05	-2.077576e-03	8.713790e+00
1.534000e-05	-3.873755e-03	8.881135e+00
1.535000e-05	-1.296890e-02	9.048659e+00
1.536000e-05	1.563752e-02	9.239052e+00
1.537000e-05	5.320063e-03	9.385875e+00
1.538000e-05	-5.900450e-04	9.514217e+00
1.539000e-05	-1.615806e-03	9.690437e+00
1.540000e-05	6.409897e-03	9.827908e+00
1.541000e-05	6.827315e-03	9.994350e+00
1.542000e-05	-6.900026e-03	1.011401e+01
1.543000e-05	-2.071597e-03	1.026986e+01
1.544000e-05	3.437361e-03	1.044577e+01
1.545000e-05	1.055423e-02	1.054254e+01
1.546000e-05	8.467399e-04	1.065880e+01
1.547000e-05	-1.504928e-03	1.079562e+01
1.548000e-05	2.655941e-03	1.090294e+01
1.549000e-05	5.472841e-03	1.101805e+01
1.550000e-05	3.148157e-04	1.110181e+01
1.551000e-05	-2.812012e-03	1.123667e+01
1.552000e-05	2.367438e-03	1.138299e+01
1.553000e-05	7.080626e-03	1.142872e+01
1.554000e-05	3.512487e-03	1.155197e+01
1.555000e-05	-2.438484e-03	1.166918e+01
1.556000e-05	1.004126e-04	1.177497e+01
1.557000e-05	5.133219e-03	1.185858e+01
1.558000e-05	3.475977e-03	1.188026e+01
1.559000e-05	6.921208e-05	1.198532e+01
1.560000e-05	1.933541e-03	1.207816e+01
1.561000e-05	4.735762e-03	1.215274e+01
1.562000e-05	3.499268e-03	1.217642e+01
1.563000e-05	-1.241475e-03	1.227752e+01
1.564000e-05	-4.538190e-04	1.231161e+01
1.565000e-05	3.148103e-03	1.237221e+01
1.566000e-05	3.722147e-03	1.238387e+01
1.567000e-05	4.403247e-04	1.243950e+01
1.568000e-05	1.197861e-03	1.246101e+01
1.569000e-05	4.139608e-03	1.251114e+01
1.570000e-05	3.381284e-03	1.253369e+01
1.571000e-05	1.020733e-03	1.255374e+01
1.572000e-05	-2.384946e-04	1.257577e+01
1.573000e-05	3.700540e-03	1.257427e+01
1.574000e-05	2.609228e-03	1.260384e+01
1.575000e-05	2.806215e-04	1.258420e+01
1.576000e-05	-1.003240e-03	1.259532e+01
1.577000e-05	3.277486e-03	1.260477e+01
1.578000e-05	3.776616e-03	1.256481e+01
1.579000e-05	1.347360e-03	1.253372e+01
1.580000e-05	9.296426e-05	1.254221e+01
1.581000e-05	1.911976e-03	1.255416e+01
1.582000e-05	2.779193e-03	1.248106e+01
1.583000e-05	6.298419e-04	1.248706e+01
1.584000e-05	2.397627e-04	1.245550e+01
1.585000e-05	1.977864e-03	1.237536e+01
1.586000e-05	3.019598e-03	1.233363e+01
1.587000e-05	9.280603e-04	1.227900e+01
1.588000e-05	-8.578298e-04	1.222655e+01
1.589000e-05	1.689755e-03	1.213382e+01
1.590000e-05	1.816945e-03	1.210073e+01
1.591000e-05	9.707484e-04	1.200707e+01
1.592000e-05	3.718043e-04	1.195286e+01
1.593000e-05	1.361933e-03	1.188973e+01
1.594000e-05	1.959010e-03	1.181537e+01
1.595000e-05	1.462884e-03	1.173078e+01
1.596000e-05	1.271247e-04	1.164605e+01
1.597000e-05	6.707778e-04	1.152128e+01
1.598000e-05	1.709286e-04	1.137512e+01
1.599000e-05	1.595940e-03	1.124821e+01
1.600000e-05	-9.861492e-04	1.113352e+01
1.601000e-05	-6.961163e-04	1.106983e+01
1.602000e-05	-3.462506e-04	1.095351e+01
1.603000e-05	9.585302e-04	1.083875e+01
1.604000e-05	7.589870e-05	1.074264e+01
1.605000e-05	5.879269e-04	1.065762e+01
1.606000e-05	2.597982e-04	1.046938e+01
1.607000e-05	3.863286e-04	1.031198e+01
1.608000e-05	-1.734807e-04	1.023672e+01
1.609000e-05	-1.240141e-03	1.008095e+01
1.610000e-05	-5.983430e-04	9.953580e+00
1.611000e-05	-5.238117e-05	9.812191e+00
1.612000e-05	-4.217500e-04	9.586345e+00
1.613000e-05	-1.546035e-03	9.409078e+00
1.614000e-05	-6.912626e-04	9.301186e+00
1.615000e-05	-8.188689e-04	9.185289e+00
1.616000e-05	-2.996243e-04	9.017348e+00
1.617000e-05	-2.459550e-03	8.777520e+00
1.618000e-05	-8.541681e-04	8.629101e+00
1.619000e-05	-1.308900e-03	8.491807e+00
1.620000e-05	-8.280462e-04	8.331834e+00
1.621000e-05	-9.716989e-04	8.141911e+00
1.622000e-05	-2.015486e-03	7.934911e+00
1.623000e-05	-1.001252e-04	7.796115e+00
1.624000e-05	-1.624588e-03	7.617166e+00
1.625000e-05	-1.750396e-03	7.366117e+00
1.626000e-05	-3.402976e-03	7.135134e+00
1.627000e-05	-1.859488e-03	6.974190e+00
1.628000e-05	-2.595912e-03	6.786269e+00
1.629000e-05	-1.342037e-03	6.576839e+00
1.630000e-05	-1.450679e-03	6.365314e+00
1.631000e-05	-1.111114e-03	6.167315e+00
1.632000e-05	-1.850455e-03	5.967545e+00
1.633000e-05	-2.788210e-03	5.827417e+00
1.634000e-05	-3.895228e-03	5.566387e+00
1.635000e-05	-3.700223e-03	5.344889e+00
1.636000e-05	-3.304390e-03	5.092231e+00
1.637000e-05	-3.365595e-03	4.807748e+00
1.638000e-05	-1.650534e-03	4.608221e+00
1.639000e-05	-2.029184e-03	4.396343e+00
1.640000e-05	-1.233041e-03	4.187614e+00
1.641000e-05	-3.336916e-03	3.934088e+00
1.642000e-05	-4.034759e-03	3.734588e+00
1.643000e-05	-4.973241e-03	3.492737e+00
1.644000e-05	-3.920584e-03	3.290030e+00
1.645000e-05	-4.561506e-03	3.052626e+00
1.646000e-05	-2.797278e-03	2.830624e+00
1.647000e-05	-3.125953e-03	2.599551e+00
1.648000e-05	-2.615788e-03	2.356964e+00
1.649000e-05	-3.278399e-03	2.136012e+00
1.650000e-05	-4.484756e-03	1.954592e+00
1.651000e-05	-4.824915e-03	1.642482e+00
1.652000e-05	-5.311821e-03	1.431352e+00
1.653000e-05	-5.283328e-03	1.198772e+00
1.654000e-05	-5.414730e-03	9.571631e-01
1.655000e-05	-3.736366e-03	6.930854e-01
1.656000e-05	-3.696626e-03	4.646304e-01
1.657000e-05	-3.070839e-03	2.315063e-01
1.658000e-05	-3.516788e-03	-2.050130e-02
1.659000e-05	3.403362e-03	-2.521514e-01
1.660000e-05	-1.006643e-03	-4.109051e-01
1.661000e-05	-2.929410e-03	-6.745830e-01
1.662000e-05	-5.148066e-03	-8.730593e-01
1.663000e-05	-1.884399e-03	-1.083039e+00
1.664000e-05	-1.437698e-03	-1.295064e+00
1.665000e-05	5.552237e-03	-1.537045e+00
1.666000e-05	6.901260e-02	-1.726541e+00
1.667000e-05	2.027404e-02	-1.980023e+00
1.668000e-05	-5.836149e-02	-2.325961e+00
1.669000e-05	-4.487831e-02	-2.593050e+00
1.670000e-05	-6.328247e-02	-2.820102e+00
1.671000e-05	-8.398371e-03	-3.030530e+00
1.672000e-05	1.220260e-01	-3.166197e+00
1.673000e-05	-1.167945e-01	-3.348291e+00
1.674000e-05	2.076298e-02	-3.568821e+00
1.675000e-05	1.067441e-01	-3.745210e+00
1.676000e-05	-9.033015e-02	-4.040404e+00
1.677000e-05	7.824434e-02	-4.260905e+00
1.678000e-05	-1.015769e-01	-4.440353e+00
1.679000e-05	-4.407955e-02	-4.713963e+00
1.680000e-05	1.114812e-01	-4.892830e+00
1.681000e-05	-6.490351e-02	-5.116938e+00
1.682000e-05	4.959298e-02	-5.438571e+00
1.683000e-05	-4.097268e-02	-5.639477e+00
1.684000e-05	-1.925112e-02	-5.850133e+00
1.685000e-05	7.493929e-02	-6.049522e+00
1.686000e-05	-1.130020e-01	-6.248073e+00
1.687000e-05	4.136320e-02	-6.451531e+00
1.688000e-05	-1.923059e-02	-6.651004e+00
1.689000e-05	4.370730e-02	-6.859008e+00
1.690000e-05	4.542322e-03	-7.100908e+00
1.691000e-05	-9.623501e-02	-7.312508e+00
1.692000e-05	7.561583e-02	-7.471408e+00
1.693000e-05	-4.656995e-02	-7.662379e+00
1.694000e-05	3.439305e-02	-7.934889e+00
1.695000e-05	-4.455181e-02	-8.071705e+00
1.696000e-05	1.322405e-03	-8.309154e+00
1.697000e-05	4.239241e-02	-8.428596e+00
1.698000e-05	-4.331533e-02	-8.618145e+00
1.699000e-05	8.353932e-03	-8.815027e+00
1.700000e-05	-4.996186e-02	-8.954818e+00
1.701000e-05	4.621343e-02	-9.121760e+00
1.702000e-05	-1.843190e-02	-9.228551e+00
1.703000e-05	-1.049162e-02	-9.448044e+00
1.704000e-05	-7.972375e-03	-9.574267e+00
1.705000e-05	1.710997e-06	-9.774264e+00
1.706000e-05	1.409765e-02	-9.840055e+00
1.707000e-05	-4.055241e-02	-1.005732e+01
1.708000e-05	1.506791e-03	-1.017664e+01
1.709000e-05	-9.119509e-03	-1.036156e+01
1.710000e-05	1.979175e-02	-1.044991e+01
1.711000e-05	-2.498742e-02	-1.059617e+01
1.712000e-05	-9.968197e-03	-1.069243e+01
1.713000e-05	-1.586266e-03	-1.082667e+01
1.714000e-05	4.177848e-03	-1.096394e+01
1.715000e-05	-1.309867e-02	-1.105780e+01
1.716000e-05	-2.181479e-02	-1.123709e+01
1.717000e-05	5.016856e-03	-1.127978e+01
1.718000e-05	-5.239836e-04	-1.139654e+01
1.719000e-05	-3.408569e-03	-1.150135e+01
1.720000e-05	-2.447276e-02	-1.162604e+01
1.721000e-05	7.259656e-04	-1.170179e+01
1.722000e-05	-1.491305e-03	-1.184652e+01
1.723000e-05	-4.683260e-03	-1.191070e+01
1.724000e-05	-1.881620e-02	-1.198439e+01
1.725000e-05	-5.520450e-03	-1.205913e+01
1.726000e-05	2.634401e-03	-1.214176e+01
1.727000e-05	-7.593097e-03	-1.216589e+01
1.728000e-05	-1.481224e-02	-1.223802e+01
1.729000e-05	-1.255453e-02	-1.232221e+01
1.730000e-05	2.419804e-03	-1.233119e+01
1.731000e-05	-6.774867e-03	-1.242384e+01
1.732000e-05	-1.174992e-02	-1.242543e+01
1.733000e-05	-1.246135e-02	-1.253910e+01
1.734000e-05	-1.248242e-03	-1.255218e+01
1.735000e-05	-5.175534e-03	-1.257364e+01
1.736000e-05	-1.348683e-02	-1.255427e+01
1.737000e-05	-1.167713e-02	-1.258684e+01
1.738000e-05	-3.052183e-03	-1.261682e+01
1.739000e-05	-2.504495e-03	-1.262687e+01
1.740000e-05	-1.209634e-02	-1.265744e+01
1.741000e-05	-1.245149e-02	-1.261582e+01
1.742000e-05	-5.173833e-03	-1.263737e+01
1.743000e-05	-2.635630e-03	-1.263672e+01
1.744000e-05	-1.037719e-02	-1.264687e+01
1.745000e-05	-1.160855e-02	-1.263474e+01
1.746000e-05	-6.664302e-03	-1.259381e+01
1.747000e-05	-2.612656e-03	-1.256316e+01
1.748000e-05	-1.050940e-02	-1.254116e+01
1.749000e-05	-1.169604e-02	-1.246900e+01
1.750000e-05	-7.097353e-03	-1.245805e+01
1.751000e-05	-2.865377e-03	-1.245337e+01
1.752000e-05	-8.551560e-03	-1.236328e+01
1.753000e-05	-1.238511e-02	-1.229058e+01
1.754000e-05	-7.713912e-03	-1.225953e+01
1.755000e-05	-3.598970e-03	-1.219584e+01
1.756000e-05	-7.702641e-03	-1.216126e+01
1.757000e-05	-1.295154e-02	-1.205918e+01
1.758000e-05	-7.384637e-03	-1.199439e+01
1.759000e-05	-2.569171e-03	-1.193912e+01
1.760000e-05	-6.494613e-03	-1.184702e+01
1.761000e-05	-1.064414e-02	-1.170288e+01
1.762000e-05	-8.809865e-03	-1.161406e+01
1.763000e-05	-4.232338e-03	-1.152130e+01
1.764000e-05	-5.772676e-03	-1.138266e+01
1.765000e-05	-1.069552e-02	-1.130118e+01
1.766000e-05	-7.906532e-03	-1.115354e+01
1.767000e-05	-5.281214e-03	-1.106882e+01
1.768000e-05	-5.681623e-03	-1.096249e+01
1.769000e-05	-9.295053e-03	-1.084775e+01
1.770000e-05	-8.925336e-03	-1.072156e+01
1.771000e-05	-6.202146e-03	-1.064675e+01
1.772000e-05	-5.244293e-03	-1.051100e+01
1.773000e-05	-7.365449e-03	-1.037219e+01
1.774000e-05	-8.031167e-03	-1.020584e+01
1.775000e-05	-6.578698e-03	-1.002940e+01
1.776000e-05	-5.309150e-03	-9.913607e+00
1.777000e-05	-7.444795e-03	-9.805338e+00
1.778000e-05	-8.544917e-03	-9.627973e+00
1.779000e-05	-6.703404e-03	-9.470628e+00
1.780000e-05	-5.193042e-03	-9.322258e+00
1.781000e-05	-5.605422e-03	-9.175889e+00
1.782000e-05	-7.522277e-03	-9.016972e+00
1.783000e-05	-6.825469e-03	-8.826076e+00
1.784000e-05	-5.759266e-03	-8.680226e+00
1.785000e-05	-5.753272e-03	-8.469833e+00
1.786000e-05	-6.892530e-03	-8.321858e+00
1.787000e-05	-6.500022e-03	-8.175012e+00
1.788000e-05	-5.663849e-03	-7.995964e+00
1.789000e-05	-5.960893e-03	-7.785084e+00
1.790000e-05	-7.101328e-03	-7.543163e+00
1.791000e-05	-7.233479e-03	-7.346613e+00
1.792000e-05	-5.366565e-03	-7.208166e+00
1.793000e-05	-5.679452e-03	-7.015792e+00
1.794000e-05	-6.372891e-03	-6.766291e+00
1.795000e-05	-6.605411e-03	-6.606317e+00
1.796000e-05	-5.355513e-03	-6.396841e+00
1.797000e-05	-5.301912e-03	-6.205442e+00
1.798000e-05	-6.080030e-03	-5.966283e+00
1.799000e-05	-7.222578e-03	-5.764913e+00
1.800000e-05	-5.923889e-03	-5.583888e+00
1.801000e-05	-5.696782e-03	-5.352831e+00
1.802000e-05	-5.319218e-03	-5.091276e+00
1.803000e-05	-6.122838e-03	-4.839195e+00
1.804000e-05	-5.132066e-03	-4.576191e+00
1.805000e-05	-5.257216e-03	-4.397245e+00
1.806000e-05	-4.256538e-03	-4.256320e+00
1.807000e-05	-6.004575e-03	-3.989316e+00
1.808000e-05	-4.983896e-03	-3.776814e+00
1.809000e-05	-6.275433e-03	-3.546689e+00
1.810000e-05	-3.760720e-03	-3.325757e+00
1.811000e-05	-6.065343e-03	-3.103705e+00
1.812000e-05	-4.187682e-03	-2.860072e+00
1.813000e-05	-5.431715e-03	-2.611525e+00
1.814000e-05	-3.494586e-03	-2.420145e+00
1.815000e-05	-4.556309e-03	-2.208036e+00
1.816000e-05	-4.807211e-03	-1.955987e+00
1.817000e-05	-5.454417e-03	-1.724911e+00
1.818000e-05	-4.840913e-03	-1.503480e+00
1.819000e-05	-3.837918e-03	-1.178344e+00
1.820000e-05	-4.300251e-03	-9.682370e-01
1.821000e-05	-3.950857e-03	-7.653382e-01
1.822000e-05	-2.432830e-03	-4.947564e-01
1.823000e-05	-1.039776e-03	-2.946052e-01
1.824000e-05	-1.079262e-03	-5.260401e-02
1.825000e-05	4.626266e-03	1.588527e-01
1.826000e-05	-1.401354e-03	4.209802e-01
1.827000e-05	1.597873e-03	6.619269e-01
1.828000e-05	-1.920079e-03	8.298339e-01
1.829000e-05	4.077553e-04	1.053037e+00
1.830000e-05	9.857393e-04	1.317019e+00
1.831000e-05	6.506444e-03	1.543550e+00
1.832000e-05	3.584700e-02	1.791100e+00
1.833000e-05	6.186618e-02	2.041759e+00
1.834000e-05	-2.873762e-02	2.286889e+00
1.835000e-05	-5.112159e-02	2.577492e+00
1.836000e-05	-3.607656e-02	2.777526e+00
1.837000e-05	-3.665212e-02	2.917425e+00
1.838000e-05	-9.954808e-03	3.082267e+00
1.839000e-05	8.772873e-02	3.294663e+00
1.840000e-05	-7.994406e-02	3.547325e+00
1.841000e-05	3.664915e-02	3.674716e+00
1.842000e-05	7.990203e-02	3.937295e+00
1.843000e-05	-5.645559e-02	4.199334e+00
1.844000e-05	3.279326e-02	4.419255e+00
1.845000e-05	-5.779400e-02	4.631834e+00
1.846000e-05	-3.759108e-04	4.891438e+00
1.847000e-05	5.178505e-02	5.143896e+00
1.848000e-05	-2.040121e-02	5.379099e+00
1.849000e-05	6.595334e-03	5.579977e+00
1.850000e-05	-5.412567e-03	5.829133e+00
1.851000e-05	-1.047877e-04	6.031006e+00
1.852000e-05	1.188366e-02	6.219630e+00
1.853000e-05	-2.487615e-02	6.419457e+00
1.854000e-05	1.328097e-02	6.651480e+00
1.855000e-05	-4.063367e-03	6.842409e+00
1.856000e-05	3.777416e-02	7.091934e+00
1.857000e-05	-1.478324e-02	7.271283e+00
1.858000e-05	-2.996971e-02	7.439360e+00
1.859000e-05	2.590614e-02	7.691860e+00
1.860000e-05	-5.487137e-03	7.860283e+00
1.861000e-05	1.387529e-02	8.091736e+00
1.862000e-05	-1.445174e-02	8.290184e+00
1.863000e-05	1.291097e-02	8.429630e+00
1.864000e-05	5.257484e-03	8.555574e+00
1.865000e-05	-1.379158e-03	8.752841e+00
1.866000e-05	-5.970671e-03	8.903783e+00
1.867000e-05	-9.106896e-03	9.089660e+00
1.868000e-05	1.821564e-02	9.279460e+00
1.869000e-05	2.192236e-03	9.377420e+00
1.870000e-05	2.055541e-04	9.552745e+00
1.871000e-05	-2.905297e-03	9.703636e+00
1.872000e-05	8.729034e-03	9.859504e+00
1.873000e-05	4.108872e-03	1.001880e+01
1.874000e-05	-5.272767e-03	1.015412e+01
1.875000e-05	-1.056343e-03	1.030196e+01
1.876000e-05	5.243562e-03	1.046525e+01
1.877000e-05	9.386497e-03	1.057464e+01
1.878000e-05	-1.763234e-03	1.069936e+01
1.879000e-05	-8.477105e-04	1.082866e+01
1.880000e-05	2.792809e-03	1.091346e+01
1.881000e-05	5.158215e-03	1.101865e+01
1.882000e-05	-9.600323e-04	1.112336e+01
1.883000e-05	-1.063346e-03	1.124973e+01
1.884000e-05	4.346444e-03	1.135399e+01
1.885000e-05	6.690574e-03	1.144823e+01
1.886000e-05	1.392171e-03	1.157341e+01
1.887000e-05	-1.734127e-03	1.170973e+01
1.888000e-05	2.351292e-03	1.179545e+01
1.889000e-05	4.812090e-03	1.183765e+01
1.890000e-05	1.890762e-03	1.195124e+01
1.891000e-05	-1.138017e-05	1.200392e+01
1.892000e-05	4.006175e-03	1.208918e+01
1.893000e-05	4.520243e-03	1.214379e+01
1.894000e-05	2.977764e-03	1.222537e+01
1.895000e-05	-1.343868e-03	1.224853e+01
1.896000e-05	1.117391e-03	1.229171e+01
1.897000e-05	4.299059e-03	1.235334e+01
1.898000e-05	3.160097e-03	1.242687e+01
1.899000e-05	2.398775e-04	1.246853e+01
1.900000e-05	1.005744e-03	1.252008e+01
1.901000e-05	3.582498e-03	1.252321e+01
1.902000e-05	3.110274e-03	1.254219e+01
1.903000e-05	-2.998181e-04	1.253319e+01
1.904000e-05	1.896263e-04	1.258474e+01
1.905000e-05	3.396559e-03	1.258384e+01
1.906000e-05	3.483898e-03	1.258432e+01
1.907000e-05	1.121111e-03	1.261479e+01
1.908000e-05	-1.506753e-04	1.258480e+01
1.909000e-05	2.546242e-03	1.262377e+01
1.910000e-05	3.347242e-03	1.255274e+01
1.911000e-05	1.250968e-03	1.259269e+01
1.912000e-05	3.989427e-04	1.253272e+01
1.913000e-05	1.664929e-03	1.256221e+01
1.914000e-05	3.743391e-03	1.247166e+01
1.915000e-05	3.151884e-04	1.244955e+01
1.916000e-05	6.826768e-04	1.245542e+01
1.917000e-05	1.463794e-03	1.243439e+01
1.918000e-05	2.822765e-03	1.235914e+01
1.919000e-05	1.548621e-03	1.227002e+01
1.920000e-05	-4.398691e-05	1.223585e+01
1.921000e-05	3.440777e-04	1.221489e+01
1.922000e-05	1.670968e-03	1.208971e+01
1.923000e-05	9.272177e-04	1.201540e+01
1.924000e-05	-5.881778e-04	1.194239e+01
1.925000e-05	1.162209e-03	1.189807e+01
1.926000e-05	2.029591e-03	1.179394e+01
1.927000e-05	1.559804e-03	1.174976e+01
1.928000e-05	3.883047e-05	1.161444e+01
1.929000e-05	-8.056477e-04	1.152025e+01
1.930000e-05	7.665956e-04	1.137449e+01
1.931000e-05	1.378700e-03	1.126976e+01
1.932000e-05	5.833438e-04	1.115254e+01
1.933000e-05	-6.272152e-04	1.105828e+01
1.934000e-05	1.216523e-04	1.094392e+01
1.935000e-05	1.080500e-03	1.083720e+01
1.936000e-05	-2.184712e-04	1.071338e+01
1.937000e-05	-3.676558e-04	1.061522e+01
1.938000e-05	5.984349e-04	1.040788e+01
1.939000e-05	1.317487e-03	1.032156e+01
1.940000e-05	-1.821831e-04	1.021514e+01
1.941000e-05	-2.098126e-03	1.002895e+01
1.942000e-05	-1.442294e-04	9.932009e+00
1.943000e-05	1.489383e-03	9.744187e+00
1.944000e-05	-1.990021e-04	9.583767e+00
1.945000e-05	-1.187265e-03	9.436526e+00
1.946000e-05	-1.044317e-03	9.290609e+00
1.947000e-05	3.292890e-04	9.164265e+00
1.948000e-05	-1.536291e-03	8.984937e+00
1.949000e-05	-2.403962e-03	8.825476e+00
1.950000e-05	-1.528850e-03	8.618096e+00
1.951000e-05	6.766538e-04	8.479654e+00
1.952000e-05	-2.773906e-04	8.292786e+00
1.953000e-05	-2.173145e-03	8.100935e+00
1.954000e-05	-1.586606e-03	7.943511e+00
1.955000e-05	-7.019070e-04	7.754514e+00
1.956000e-05	-1.294150e-03	7.573038e+00
1.957000e-05	-2.902153e-03	7.316582e+00
1.958000e-05	-2.063975e-03	7.164062e+00
1.959000e-05	-1.374250e-03	6.974712e+00
1.960000e-05	-1.032104e-03	6.766163e+00
1.961000e-05	-2.626612e-03	6.506266e+00
1.962000e-05	-1.991109e-03	6.342736e+00
1.963000e-05	-2.341634e-03	6.155764e+00
1.964000e-05	-2.069064e-03	5.983265e+00
1.965000e-05	-2.847275e-03	5.784814e+00
1.966000e-05	-3.101120e-03	5.513408e+00
1.967000e-05	-1.839529e-03	5.302258e+00
1.968000e-05	-1.999737e-03	5.039175e+00
1.969000e-05	-3.769428e-03	4.826045e+00
1.970000e-05	-3.731903e-03	4.606122e+00
1.971000e-05	-2.416591e-03	4.364646e+00
1.972000e-05	-2.674945e-03	4.135089e+00
1.973000e-05	-3.530828e-03	3.923635e+00
1.974000e-05	-3.566096e-03	3.704087e+00
1.975000e-05	-3.409344e-03	3.490535e+00
1.976000e-05	-3.362334e-03	3.230048e+00
1.977000e-05	-4.013064e-03	3.009002e+00
1.978000e-05	-5.198846e-03	2.760047e+00
1.979000e-05	-3.951819e-03	2.578400e+00
1.980000e-05	-3.450922e-03	2.325863e+00
1.981000e-05	-3.520010e-03	2.124409e+00
1.982000e-05	-4.443061e-03	1.904412e+00
1.983000e-05	-4.489003e-03	1.629854e+00
1.984000e-05	-4.307316e-03	1.409799e+00
1.985000e-05	-4.724604e-03	1.165672e+00
1.986000e-05	-5.441463e-03	8.730830e-01
1.987000e-05	-4.698996e-03	6.525577e-01
1.988000e-05	-3.438185e-03	4.615267e-01
1.989000e-05	-3.203949e-03	2.089264e-01
1.990000e-05	-2.421861e-03	-5.308163e-02
1.991000e-05	2.764279e-03	-2.636041e-01
1.992000e-05	-2.074240e-03	-4.229790e-01
1.993000e-05	-1.637944e-03	-7.241358e-01
1.994000e-05	-4.383240e-03	-8.955418e-01
1.995000e-05	-3.505460e-03	-1.093613e+00
1.996000e-05	-2.885224e-03	-1.326194e+00
1.997000e-05	1.127698e-02	-1.570224e+00
1.998000e-05	7.489990e-02	-1.747620e+00
1.999000e-05	2.617864e-03	-1.991651e+00
2.000000e-05	-5.866404e-02	-2.353917e+00
2.001000e-05	-4.486212e-02	-2.681729e+00
2.002000e-05	-6.517926e-02	-2.811152e+00
2.003000e-05	1.098582e-02	-3.031130e+00
2.004000e-05	1.096182e-01	-3.167875e+00
2.005000e-05	-1.354008e-01	-3.408000e+00
2.006000e-05	5.856607e-02	-3.580326e+00
2.007000e-05	6.870169e-02	-3.789321e+00
2.008000e-05	-8.171040e-02	-4.052558e+00
2.009000e-05	8.136450e-02	-4.271486e+00
2.010000e-05	-1.259317e-01	-4.461455e+00
2.011000e-05	-7.486849e-03	-4.728018e+00
2.012000e-05	9.313758e-02	-4.913509e+00
2.013000e-05	-6.444817e-02	-5.157073e+00
2.014000e-05	5.877344e-02	-5.440024e+00
2.015000e-05	-6.216406e-02	-5.661604e+00
2.016000e-05	5.060881e-03	-5.880154e+00
2.017000e-05	5.523279e-02	-5.958531e+00
2.018000e-05	-1.094260e-01	-6.242154e+00
2.019000e-05	5.545070e-02	-6.462558e+00
2.020000e-05	-3.264567e-02	-6.671055e+00
2.021000e-05	6.294510e-02	-6.872560e+00
2.022000e-05	-2.462276e-02	-7.151087e+00
2.023000e-05	-7.543832e-02	-7.334516e+00
2.024000e-05	7.144524e-02	-7.481433e+00
2.025000e-05	-5.142722e-02	-7.742437e+00
2.026000e-05	4.245563e-02	-7.934936e+00
2.027000e-05	-5.787247e-02	-8.093335e+00
2.028000e-05	2.077244e-02	-8.270782e+00
2.029000e-05	2.402161e-02	-8.440725e+00
2.030000e-05	-3.601304e-02	-8.639105e+00
2.031000e-05	3.993272e-03	-8.798373e+00
2.032000e-05	-4.471490e-02	-8.975417e+00
2.033000e-05	4.998840e-02	-9.152762e+00
2.034000e-05	-3.011295e-02	-9.302707e+00
2.035000e-05	-1.191556e-03	-9.509101e+00
2.036000e-05	-1.463402e-02	-9.577371e+00
2.037000e-05	8.177816e-03	-9.744267e+00
2.038000e-05	5.102339e-03	-9.861505e+00
2.039000e-05	-3.540567e-02	-1.004793e+01
2.040000e-05	1.791336e-03	-1.016625e+01
2.041000e-05	-8.089253e-03	-1.035204e+01
2.042000e-05	1.737389e-02	-1.048988e+01
2.043000e-05	-2.938151e-02	-1.060615e+01
2.044000e-05	-4.433094e-03	-1.072293e+01
2.045000e-05	-4.127220e-03	-1.082774e+01
2.046000e-05	4.997200e-03	-1.098301e+01
2.047000e-05	-1.739883e-02	-1.104828e+01
2.048000e-05	-1.639734e-02	-1.122459e+01
2.049000e-05	3.236922e-03	-1.134981e+01
2.050000e-05	-8.505789e-04	-1.142564e+01
2.051000e-05	-6.128252e-03	-1.150179e+01
2.052000e-05	-2.298522e-02	-1.165807e+01
2.053000e-05	2.395201e-03	-1.172183e+01
2.054000e-05	-4.060136e-03	-1.183602e+01
2.055000e-05	-4.798592e-03	-1.191223e+01
2.056000e-05	-1.896272e-02	-1.200489e+01
2.057000e-05	-2.502084e-03	-1.205072e+01
2.058000e-05	-1.206787e-03	-1.213273e+01
2.059000e-05	-7.617968e-03	-1.220439e+01
2.060000e-05	-1.511359e-02	-1.227845e+01
2.061000e-05	-1.037643e-02	-1.231013e+01
2.062000e-05	1.585031e-03	-1.237161e+01
2.063000e-05	-8.944349e-03	-1.240592e+01
2.064000e-05	-1.071889e-02	-1.248700e+01
2.065000e-05	-1.070673e-02	-1.248860e+01
2.066000e-05	-4.756653e-04	-1.253311e+01
2.067000e-05	-7.000813e-03	-1.255266e+01
2.068000e-05	-1.265983e-02	-1.256524e+01
2.069000e-05	-9.961466e-03	-1.259622e+01
2.070000e-05	-2.031872e-03	-1.263632e+01
2.071000e-05	-4.419827e-03	-1.264589e+01
2.072000e-05	-1.166195e-02	-1.261645e+01
2.073000e-05	-1.112473e-02	-1.267787e+01
2.074000e-05	-4.182512e-03	-1.262692e+01
2.075000e-05	-4.619860e-03	-1.263684e+01
2.076000e-05	-1.017736e-02	-1.262837e+01
2.077000e-05	-9.412165e-03	-1.261424e+01
2.078000e-05	-5.448290e-03	-1.258579e+01
2.079000e-05	-4.271876e-03	-1.255076e+01
2.080000e-05	-9.834115e-03	-1.252318e+01
2.081000e-05	-1.066014e-02	-1.247856e+01
2.082000e-05	-5.840602e-03	-1.242694e+01
2.083000e-05	-4.558216e-03	-1.242586e+01
2.084000e-05	-8.321021e-03	-1.236276e+01
2.085000e-05	-9.791099e-03	-1.232063e+01
2.086000e-05	-6.583278e-03	-1.224800e+01
2.087000e-05	-4.753126e-03	-1.220329e+01
2.088000e-05	-8.083936e-03	-1.214229e+01
2.089000e-05	-1.067746e-02	-1.206855e+01
2.090000e-05	-7.149165e-03	-1.200584e+01
2.091000e-05	-5.050956e-03	-1.191170e+01
2.092000e-05	-6.789858e-03	-1.182652e+01
2.093000e-05	-9.637858e-03	-1.174284e+01
2.094000e-05	-8.400326e-03	-1.165459e+01
2.095000e-05	-4.734502e-03	-1.151020e+01
2.096000e-05	-6.523149e-03	-1.140504e+01
2.097000e-05	-8.546526e-03	-1.129080e+01
2.098000e-05	-8.283760e-03	-1.117496e+01
2.099000e-05	-5.853344e-03	-1.099717e+01
2.100000e-05	-6.346330e-03	-1.093238e+01
2.101000e-05	-8.631782e-03	-1.083865e+01
2.102000e-05	-7.972449e-03	-1.075196e+01
2.103000e-05	-6.535124e-03	-1.061614e+01
2.104000e-05	-5.573471e-03	-1.050985e+01
2.105000e-05	-7.869478e-03	-1.036353e+01
2.106000e-05	-7.760189e-03	-1.017566e+01
2.107000e-05	-6.364110e-03	-1.002735e+01
2.108000e-05	-6.373959e-03	-9.951555e+00
2.109000e-05	-7.066886e-03	-9.794189e+00
2.110000e-05	-7.810751e-03	-9.617966e+00
2.111000e-05	-6.591343e-03	-9.479026e+00
2.112000e-05	-5.708971e-03	-9.331681e+00
2.113000e-05	-6.432640e-03	-9.133810e+00
2.114000e-05	-7.024184e-03	-8.965367e+00
2.115000e-05	-6.908989e-03	-8.855571e+00
2.116000e-05	-5.136639e-03	-8.699625e+00
2.117000e-05	-6.608223e-03	-8.460280e+00
2.118000e-05	-6.706997e-03	-8.312303e+00
2.119000e-05	-5.744633e-03	-8.143909e+00
2.120000e-05	-6.242589e-03	-7.955039e+00
2.121000e-05	-6.832141e-03	-7.756509e+00
2.122000e-05	-6.980992e-03	-7.543509e+00
2.123000e-05	-6.255716e-03	-7.314061e+00
2.124000e-05	-6.363291e-03	-7.164711e+00
2.125000e-05	-5.863792e-03	-6.944633e+00
2.126000e-05	-5.705841e-03	-6.784212e+00
2.127000e-05	-5.893041e-03	-6.585237e+00
2.128000e-05	-6.072270e-03	-6.385736e+00
2.129000e-05	-6.385762e-03	-6.223788e+00
2.130000e-05	-6.025406e-03	-5.934262e+00
2.131000e-05	-6.085550e-03	-5.754336e+00
2.132000e-05	-5.509911e-03	-5.533434e+00
2.133000e-05	-6.057007e-03	-5.331778e+00
2.134000e-05	-5.438364e-03	-5.070322e+00
2.135000e-05	-4.833007e-03	-4.806591e+00
2.136000e-05	-4.969043e-03	-4.596067e+00
2.137000e-05	-5.704024e-03	-4.396691e+00
2.138000e-05	-4.782888e-03	-4.157268e+00
2.139000e-05	-6.213158e-03	-3.998243e+00
2.140000e-05	-5.042821e-03	-3.735741e+00
2.141000e-05	-6.702924e-03	-3.554208e+00
2.142000e-05	-4.398947e-03	-3.324205e+00
2.143000e-05	-4.226485e-03	-3.093129e+00
2.144000e-05	-3.112519e-03	-2.839047e+00
2.145000e-05	-5.097620e-03	-2.578047e+00
2.146000e-05	-3.921666e-03	-2.379019e+00
2.147000e-05	-5.254208e-03	-2.177012e+00
2.148000e-05	-2.956927e-03	-1.924435e+00
2.149000e-05	-7.823731e-03	-1.713458e+00
2.150000e-05	-3.796931e-03	-1.450371e+00
2.151000e-05	-4.774403e-03	-1.178692e+00
2.152000e-05	-2.149409e-03	-9.566407e-01
2.153000e-05	-3.460858e-03	-7.146566e-01
2.154000e-05	-1.615955e-03	-4.340040e-01
2.155000e-05	-2.613190e-03	-2.121238e-01
2.156000e-05	3.907907e-04	-4.102514e-02
2.157000e-05	3.132055e-03	2.309591e-01
2.158000e-05	-2.709571e-03	3.924595e-01
2.159000e-05	5.547437e-04	6.619580e-01
2.160000e-05	-1.422293e-03	8.304819e-01
2.161000e-05	3.591975e-03	1.085566e+00
2.162000e-05	1.684506e-03	1.327043e+00
2.163000e-05	8.552861e-03	1.576675e+00
2.164000e-05	4.095108e-02	1.809305e+00
2.165000e-05	5.644392e-02	2.061809e+00
2.166000e-05	-3.976180e-02	2.286493e+00
2.167000e-05	-4.900772e-02	2.586954e+00
2.168000e-05	-3.322357e-02	2.789079e+00
2.169000e-05	-3.721062e-02	2.965452e+00
2.170000e-05	5.837931e-03	3.125268e+00
2.171000e-05	7.938789e-02	3.316838e+00
2.172000e-05	-9.095602e-02	3.559901e+00
2.173000e-05	6.454992e-02	3.735141e+00
2.174000e-05	5.670784e-02	3.968321e+00
2.175000e-05	-5.237175e-02	4.238879e+00
2.176000e-05	3.375329e-02	4.411358e+00
2.177000e-05	-6.907991e-02	4.672937e+00
2.178000e-05	1.955171e-02	4.872912e+00
2.179000e-05	4.190463e-02	5.196152e+00
2.180000e-05	-1.803501e-02	5.409106e+00
2.181000e-05	8.391831e-03	5.670480e+00
2.182000e-05	-1.102179e-02	5.860657e+00
2.183000e-05	4.091481e-03	6.061106e+00
2.184000e-05	5.525698e-03	6.280505e+00
2.185000e-05	-2.248314e-02	6.440984e+00
2.186000e-05	1.342303e-02	6.652534e+00
2.187000e-05	-1.910580e-03	6.921889e+00
2.188000e-05	4.032206e-02	7.061988e+00
2.189000e-05	-2.431649e-02	7.301962e+00
2.190000e-05	-2.237091e-02	7.460384e+00
2.191000e-05	2.297208e-02	7.673460e+00
2.192000e-05	-6.117346e-03	7.912859e+00
2.193000e-05	1.416350e-02	8.110970e+00
2.194000e-05	-1.581703e-02	8.281704e+00
2.195000e-05	1.690155e-02	8.449729e+00
2.196000e-05	1.557851e-03	8.576002e+00
2.197000e-05	1.486280e-03	8.755421e+00
2.198000e-05	-9.279519e-03	8.902235e+00
2.199000e-05	-6.452513e-03	9.080862e+00
2.200000e-05	1.836446e-02	9.280556e+00
2.201000e-05	1.079000e-03	9.437479e+00
2.202000e-05	8.050709e-04	9.584217e+00
2.203000e-05	-3.626301e-03	9.723114e+00
2.204000e-05	9.255038e-03	9.900057e+00
2.205000e-05	2.229540e-03	1.003783e+01
2.206000e-05	-4.512400e-03	1.017417e+01
2.207000e-05	-1.110963e-03	1.027256e+01
2.208000e-05	6.766929e-03	1.046987e+01
2.209000e-05	9.271278e-03	1.059551e+01
2.210000e-05	-2.765451e-03	1.068846e+01
2.211000e-05	-1.651909e-03	1.082820e+01
2.212000e-05	2.940252e-03	1.095249e+01
2.213000e-05	7.164813e-03	1.103770e+01
2.214000e-05	-2.526750e-04	1.116444e+01
2.215000e-05	-1.413487e-03	1.124820e+01
2.216000e-05	3.617907e-03	1.134454e+01
2.217000e-05	6.030128e-03	1.151916e+01
2.218000e-05	1.480835e-03	1.160539e+01
2.219000e-05	-3.127862e-03	1.169978e+01
2.220000e-05	2.194302e-03	1.179497e+01
2.221000e-05	6.408042e-03	1.187868e+01
2.222000e-05	3.413099e-03	1.191224e+01
2.223000e-05	-3.925061e-04	1.199492e+01
2.224000e-05	2.705762e-03	1.209068e+01
2.225000e-05	4.285187e-03	1.218332e+01
2.226000e-05	2.107882e-03	1.221742e+01
2.227000e-05	-1.497208e-03	1.228845e+01
2.228000e-05	1.315140e-04	1.233421e+01
2.229000e-05	3.732749e-03	1.238471e+01
2.230000e-05	3.575333e-03	1.242497e+01
2.231000e-05	8.642643e-04	1.246945e+01
2.232000e-05	1.571465e-03	1.250919e+01
2.233000e-05	4.518075e-03	1.253316e+01
2.234000e-05	3.503113e-03	1.253266e+01
2.235000e-05	-1.889412e-04	1.256274e+01
2.236000e-05	-8.191897e-04	1.256432e+01
2.237000e-05	2.292945e-03	1.259434e+01
2.238000e-05	2.654261e-03	1.256477e+01
2.239000e-05	7.399969e-04	1.258524e+01
2.240000e-05	1.857935e-05	1.259482e+01
2.241000e-05	3.895391e-03	1.257629e+01
2.242000e-05	4.277941e-03	1.255319e+01
2.243000e-05	2.156984e-03	1.253469e+01
2.244000e-05	-1.690127e-04	1.254314e+01
2.245000e-05	8.883638e-04	1.254214e+01
2.246000e-05	2.423872e-03	1.252964e+01
2.247000e-05	8.885022e-04	1.246795e+01
2.248000e-05	-4.904972e-04	1.238450e+01
2.249000e-05	8.389200e-04	1.234329e+01
2.250000e-05	3.320489e-03	1.231163e+01
2.251000e-05	2.209184e-03	1.224895e+01
2.252000e-05	8.906509e-04	1.218490e+01
2.253000e-05	6.354432e-04	1.215234e+01
2.254000e-05	1.459802e-03	1.209053e+01
2.255000e-05	1.092599e-03	1.198592e+01
2.256000e-05	-4.605020e-04	1.194181e+01
2.257000e-05	-2.945905e-04	1.182813e+01
2.258000e-05	2.304975e-03	1.177436e+01
2.259000e-05	2.578477e-03	1.168718e+01
2.260000e-05	4.349365e-05	1.161404e+01
2.261000e-05	7.823189e-05	1.146763e+01
2.262000e-05	6.516941e-04	1.136251e+01
2.263000e-05	1.732512e-03	1.123865e+01
2.264000e-05	-4.021269e-04	1.111291e+01
2.265000e-05	-6.989280e-04	1.100777e+01
2.266000e-05	-4.346453e-05	1.092391e+01
2.267000e-05	2.529986e-03	1.087625e+01
2.268000e-05	-4.984512e-04	1.074084e+01
2.269000e-05	-1.343349e-03	1.057409e+01
2.270000e-05	-7.784826e-05	1.048727e+01
2.271000e-05	9.832184e-04	1.029001e+01
2.272000e-05	-8.406665e-04	1.017617e+01
2.273000e-05	-1.275918e-03	1.002727e+01
2.274000e-05	-1.161316e-04	9.893029e+00
2.275000e-05	1.191380e-03	9.740638e+00
2.276000e-05	2.548580e-04	9.534187e+00
2.277000e-05	-1.967411e-03	9.387420e+00
2.278000e-05	-5.755763e-04	9.250629e+00
2.279000e-05	-3.092794e-04	9.153259e+00
2.280000e-05	1.479153e-04	8.953342e+00
2.281000e-05	-1.258551e-03	8.784918e+00
2.282000e-05	-9.096028e-04	8.617045e+00
2.283000e-05	-1.163284e-03	8.480229e+00
2.284000e-05	-5.925247e-04	8.300707e+00
2.285000e-05	-1.485385e-03	8.099806e+00
2.286000e-05	-1.710706e-03	7.891285e+00
2.287000e-05	-1.562154e-03	7.713410e+00
2.288000e-05	-1.337679e-03	7.582455e+00
2.289000e-05	-1.927988e-03	7.343983e+00
2.290000e-05	-1.736158e-03	7.123609e+00
2.291000e-05	-1.624808e-03	6.933117e+00
2.292000e-05	-9.491842e-04	6.743112e+00
2.293000e-05	-2.111779e-03	6.483009e+00
2.294000e-05	-1.903873e-03	6.303709e+00
2.295000e-05	-2.250509e-03	6.123713e+00
2.296000e-05	-1.965407e-03	5.964890e+00
2.297000e-05	-3.058996e-03	5.761733e+00
2.298000e-05	-2.642352e-03	5.513184e+00
2.299000e-05	-2.562067e-03	5.290255e+00
2.300000e-05	-2.464680e-03	5.007026e+00
2.301000e-05	-2.770860e-03	4.754543e+00
2.302000e-05	-2.493023e-03	4.565564e+00
2.303000e-05	-4.409188e-03	4.336591e+00
2.304000e-05	-3.980626e-03	4.112008e+00
2.305000e-05	-3.163304e-03	3.892459e+00
2.306000e-05	-2.920983e-03	3.693038e+00
2.307000e-05	-3.147476e-03	3.422013e+00
2.308000e-05	-4.639990e-03	3.197955e+00
2.309000e-05	-3.415856e-03	2.997472e+00
2.310000e-05	-3.912780e-03	2.817972e+00
2.311000e-05	-4.099583e-03	2.556968e+00
2.312000e-05	-4.756183e-03	2.273284e+00
2.313000e-05	-4.415946e-03	2.083360e+00
2.314000e-05	-3.745406e-03	1.865384e+00
2.315000e-05	-4.722231e-03	1.589251e+00
2.316000e-05	-4.653512e-03	1.378244e+00
2.317000e-05	-5.188989e-03	1.116571e+00
2.318000e-05	-4.548650e-03	8.420042e-01
2.319000e-05	-4.649978e-03	6.210039e-01
2.320000e-05	-4.660115e-03	4.209738e-01
2.321000e-05	-3.868228e-03	1.784736e-01
2.322000e-05	-1.908343e-03	-6.420925e-02
2.323000e-05	2.626632e-03	-2.836106e-01
2.324000e-05	-2.702656e-03	-4.336102e-01
2.325000e-05	-9.331403e-04	-7.266934e-01
2.326000e-05	-4.060486e-03	-9.251170e-01
2.327000e-05	-2.830884e-03	-1.116139e+00
2.328000e-05	-2.684645e-03	-1.397797e+00
2.329000e-05	1.594885e-02	-1.599701e+00
2.330000e-05	7.766735e-02	-1.778248e+00
2.331000e-05	-1.225058e-02	-2.052280e+00
2.332000e-05	-5.470192e-02	-2.370180e+00
2.333000e-05	-4.570906e-02	-2.693735e+00
2.334000e-05	-6.727103e-02	-2.883275e+00
2.335000e-05	3.384624e-02	-3.011629e+00
2.336000e-05	9.048495e-02	-3.179927e+00
2.337000e-05	-1.447713e-01	-3.450952e+00
2.338000e-05	9.583074e-02	-3.609426e+00
2.339000e-05	3.289585e-02	-3.768350e+00
2.340000e-05	-6.304190e-02	-4.104057e+00
2.341000e-05	7.479061e-02	-4.313536e+00
2.342000e-05	-1.439384e-01	-4.483562e+00
2.343000e-05	2.925124e-02	-4.765091e+00
2.344000e-05	7.039347e-02	-4.925539e+00
2.345000e-05	-5.832491e-02	-5.208170e+00
2.346000e-05	6.164173e-02	-5.440730e+00
2.347000e-05	-7.607521e-02	-5.671729e+00
2.348000e-05	3.219653e-02	-5.891734e+00
2.349000e-05	2.840508e-02	-6.061158e+00
2.350000e-05	-1.014910e-01	-6.333265e+00
2.351000e-05	6.223570e-02	-6.502134e+00
2.352000e-05	-3.808681e-02	-6.702558e+00
2.353000e-05	7.803309e-02	-6.933063e+00
2.354000e-05	-5.542411e-02	-7.124154e+00
2.355000e-05	-4.964026e-02	-7.335163e+00
2.356000e-05	6.161950e-02	-7.512987e+00
2.357000e-05	-4.995616e-02	-7.732634e+00
2.358000e-05	4.443870e-02	-7.934466e+00
2.359000e-05	-6.718246e-02	-8.143464e+00
2.360000e-05	3.987298e-02	-8.271783e+00
2.361000e-05	6.213177e-03	-8.430229e+00
2.362000e-05	-2.841568e-02	-8.648627e+00
2.363000e-05	-4.844897e-03	-8.849099e+00
2.364000e-05	-3.500583e-02	-8.987495e+00
2.365000e-05	5.062352e-02	-9.143737e+00
2.366000e-05	-3.656153e-02	-9.322734e+00
2.367000e-05	4.290111e-03	-9.462152e+00
2.368000e-05	-2.047915e-02	-9.629001e+00
2.369000e-05	1.624410e-02	-9.794318e+00
2.370000e-05	-6.067660e-03	-9.941058e+00
2.371000e-05	-3.124849e-02	-1.006903e+01
2.372000e-05	7.426350e-04	-1.020624e+01
2.373000e-05	-3.894798e-03	-1.041411e+01
2.374000e-05	1.526001e-02	-1.052241e+01
2.375000e-05	-3.125275e-02	-1.062625e+01
2.376000e-05	-1.821046e-04	-1.072101e+01
2.377000e-05	-5.768386e-03	-1.087875e+01
2.378000e-05	5.383089e-03	-1.093409e+01
2.379000e-05	-2.292941e-02	-1.110920e+01
2.380000e-05	-1.182585e-02	-1.120467e+01
2.381000e-05	2.381769e-03	-1.131183e+01
2.382000e-05	5.314463e-04	-1.145509e+01
2.383000e-05	-9.998418e-03	-1.155130e+01
2.384000e-05	-2.068922e-02	-1.164557e+01
2.385000e-05	3.399338e-03	-1.173234e+01
2.386000e-05	-5.373781e-03	-1.186702e+01
2.387000e-05	-6.230951e-03	-1.193078e+01
2.388000e-05	-1.981048e-02	-1.199649e+01
2.389000e-05	5.246579e-04	-1.208965e+01
2.390000e-05	-1.825007e-03	-1.213276e+01
2.391000e-05	-8.111146e-03	-1.220644e+01
2.392000e-05	-1.594982e-02	-1.225800e+01
2.393000e-05	-7.926679e-03	-1.232024e+01
2.394000e-05	1.537788e-03	-1.238221e+01
2.395000e-05	-8.737509e-03	-1.242437e+01
2.396000e-05	-1.141162e-02	-1.246900e+01
2.397000e-05	-9.883396e-03	-1.248110e+01
2.398000e-05	9.504769e-04	-1.254318e+01
2.399000e-05	-7.892598e-03	-1.256331e+01
2.400000e-05	-1.327022e-02	-1.257521e+01
2.401000e-05	-1.032648e-02	-1.258634e+01
2.402000e-05	-1.054978e-03	-1.263742e+01
2.403000e-05	-5.955907e-03	-1.262632e+01
2.404000e-05	-1.121825e-02	-1.261637e+01
2.405000e-05	-1.021745e-02	-1.268887e+01
2.406000e-05	-2.489641e-03	-1.263842e+01
2.407000e-05	-4.419047e-03	-1.263682e+01
2.408000e-05	-1.164625e-02	-1.259584e+01
2.409000e-05	-1.058422e-02	-1.261637e+01
2.410000e-05	-4.472094e-03	-1.257481e+01
2.411000e-05	-2.769679e-03	-1.259214e+01
2.412000e-05	-1.028384e-02	-1.253063e+01
2.413000e-05	-1.043932e-02	-1.247711e+01
2.414000e-05	-6.623184e-03	-1.244595e+01
2.415000e-05	-3.855109e-03	-1.243539e+01
2.416000e-05	-9.577764e-03	-1.234174e+01
2.417000e-05	-1.081396e-02	-1.228908e+01
2.418000e-05	-7.287495e-03	-1.227799e+01
2.419000e-05	-4.288640e-03	-1.218386e+01
2.420000e-05	-7.176364e-03	-1.215176e+01
2.421000e-05	-1.123999e-02	-1.204852e+01
2.422000e-05	-6.741740e-03	-1.202286e+01
2.423000e-05	-5.068492e-03	-1.192920e+01
2.424000e-05	-6.037347e-03	-1.182439e+01
2.425000e-05	-1.010234e-02	-1.173970e+01
2.426000e-05	-7.631531e-03	-1.163601e+01
2.427000e-05	-5.181378e-03	-1.147933e+01
2.428000e-05	-6.118210e-03	-1.140436e+01
2.429000e-05	-9.363392e-03	-1.129765e+01
2.430000e-05	-8.146484e-03	-1.116047e+01
2.431000e-05	-5.593919e-03	-1.101614e+01
2.432000e-05	-5.655173e-03	-1.091103e+01
2.433000e-05	-8.903561e-03	-1.080612e+01
2.434000e-05	-7.815445e-03	-1.072191e+01
2.435000e-05	-5.936447e-03	-1.060517e+01
2.436000e-05	-4.662225e-03	-1.043980e+01
2.437000e-05	-7.658659e-03	-1.033045e+01
2.438000e-05	-8.405885e-03	-1.017512e+01
2.439000e-05	-6.112173e-03	-9.996919e+00
2.440000e-05	-6.229709e-03	-9.910076e+00
2.441000e-05	-8.125765e-03	-9.763239e+00
2.442000e-05	-8.696659e-03	-9.636343e+00
2.443000e-05	-6.453075e-03	-9.478450e+00
2.444000e-05	-5.312720e-03	-9.290180e+00
2.445000e-05	-6.604087e-03	-9.123681e+00
2.446000e-05	-7.771404e-03	-8.992840e+00
2.447000e-05	-7.020935e-03	-8.806092e+00
2.448000e-05	-6.110413e-03	-8.607023e+00
2.449000e-05	-6.265991e-03	-8.457648e+00
2.450000e-05	-8.772133e-03	-8.300801e+00
2.451000e-05	-6.098523e-03	-8.131862e+00
2.452000e-05	-5.789340e-03	-7.943435e+00
2.453000e-05	-5.850383e-03	-7.721304e+00
2.454000e-05	-7.695812e-03	-7.511903e+00
2.455000e-05	-5.599038e-03	-7.304009e+00
2.456000e-05	-5.713366e-03	-7.134533e+00
2.457000e-05	-5.139631e-03	-6.902608e+00
2.458000e-05	-6.761839e-03	-6.724160e+00
2.459000e-05	-5.510830e-03	-6.554712e+00
2.460000e-05	-5.675789e-03	-6.384210e+00
2.461000e-05	-4.787792e-03	-6.122259e+00
2.462000e-05	-6.965484e-03	-5.902784e+00
2.463000e-05	-6.168533e-03	-5.713736e+00
2.464000e-05	-5.452862e-03	-5.542826e+00
2.465000e-05	-4.503736e-03	-5.289775e+00
2.466000e-05	-5.426969e-03	-5.045496e+00
2.467000e-05	-5.882480e-03	-4.796209e+00
2.468000e-05	-4.812157e-03	-4.563565e+00
2.469000e-05	-4.747832e-03	-4.375146e+00
2.470000e-05	-5.368388e-03	-4.165187e+00
2.471000e-05	-6.324668e-03	-3.974662e+00
2.472000e-05	-5.820958e-03	-3.711579e+00
2.473000e-05	-5.116576e-03	-3.503030e+00
2.474000e-05	-4.395899e-03	-3.293624e+00
2.475000e-05	-5.178048e-03	-3.031075e+00
2.476000e-05	-3.867217e-03	-2.797968e+00
2.477000e-05	-4.015084e-03	-2.555991e+00
2.478000e-05	-3.214675e-03	-2.346516e+00
2.479000e-05	-5.540896e-03	-2.123834e+00
2.480000e-05	-4.497054e-03	-1.883887e+00
2.481000e-05	-5.055628e-03	-1.694355e+00
2.482000e-05	-4.659381e-03	-1.441270e+00
2.483000e-05	-4.718079e-03	-1.165161e+00
2.484000e-05	-3.458867e-03	-9.241355e-01
2.485000e-05	-2.803172e-03	-7.034618e-01
2.486000e-05	-1.922870e-03	-4.809526e-01
2.487000e-05	-3.408268e-03	-2.431052e-01
2.488000e-05	4.238682e-04	2.408056e-02
2.489000e-05	4.280667e-03	2.516328e-01
2.490000e-05	-8.560116e-04	4.640593e-01
2.491000e-05	7.110165e-04	6.836856e-01
2.492000e-05	-1.920857e-03	8.031105e-01
2.493000e-05	1.252054e-03	1.095120e+00
2.494000e-05	2.237300e-03	1.336676e+00
2.495000e-05	9.249085e-03	1.630358e+00
2.496000e-05	4.795234e-02	1.861785e+00
2.497000e-05	4.818276e-02	2.084911e+00
2.498000e-05	-4.241259e-02	2.336447e+00
2.499000e-05	-4.607753e-02	2.629600e+00
2.500000e-05	-3.295394e-02	2.850630e+00
2.501000e-05	-4.172506e-02	2.978526e+00
2.502000e-05	2.200077e-02	3.135422e+00
2.503000e-05	6.693910e-02	3.365897e+00
2.504000e-05	-9.801754e-02	3.599878e+00
2.505000e-05	8.904975e-02	3.747672e+00
2.506000e-05	3.350344e-02	3.990376e+00
2.507000e-05	-4.145995e-02	4.311436e+00
2.508000e-05	2.844601e-02	4.472359e+00
2.509000e-05	-7.512737e-02	4.705488e+00
2.510000e-05	3.521354e-02	4.902966e+00
2.511000e-05	3.241578e-02	5.180201e+00
2.512000e-05	-1.681827e-02	5.461231e+00
2.513000e-05	9.587294e-03	5.643083e+00
2.514000e-05	-1.356980e-02	5.861757e+00
2.515000e-05	9.856923e-03	6.061635e+00
2.516000e-05	-2.629201e-04	6.252582e+00
2.517000e-05	-1.903737e-02	6.501612e+00
2.518000e-05	1.246940e-02	6.683563e+00
2.519000e-05	8.600348e-04	6.953488e+00
2.520000e-05	4.012928e-02	7.122988e+00
2.521000e-05	-3.441444e-02	7.363012e+00
2.522000e-05	-1.252070e-02	7.483335e+00
2.523000e-05	2.108807e-02	7.681984e+00
2.524000e-05	-4.023295e-03	7.922967e+00
2.525000e-05	1.311905e-02	8.142916e+00
2.526000e-05	-1.555857e-02	8.311762e+00
2.527000e-05	2.056472e-02	8.449208e+00
2.528000e-05	-1.782470e-03	8.606526e+00
2.529000e-05	1.702234e-03	8.754866e+00
2.530000e-05	-1.250951e-02	8.953337e+00
2.531000e-05	-2.794654e-03	9.122766e+00
2.532000e-05	1.879544e-02	9.262162e+00
2.533000e-05	-1.010293e-03	9.449030e+00
2.534000e-05	2.548416e-03	9.564796e+00
2.535000e-05	-3.125820e-03	9.714238e+00
2.536000e-05	1.143131e-02	9.849557e+00
2.537000e-05	-1.427673e-03	1.003835e+01
2.538000e-05	-3.986892e-03	1.017572e+01
2.539000e-05	-1.658688e-03	1.029201e+01
2.540000e-05	8.520721e-03	1.049190e+01
2.541000e-05	7.526828e-03	1.055514e+01
2.542000e-05	-2.466858e-03	1.074104e+01
2.543000e-05	4.452411e-04	1.084978e+01
2.544000e-05	2.908100e-03	1.095551e+01
2.545000e-05	5.898899e-03	1.104875e+01
2.546000e-05	-2.932209e-03	1.115344e+01
2.547000e-05	1.308837e-04	1.125083e+01
2.548000e-05	4.670982e-03	1.138504e+01
2.549000e-05	6.962803e-03	1.150033e+01
2.550000e-05	7.841825e-04	1.161602e+01
2.551000e-05	-2.383384e-03	1.173234e+01
2.552000e-05	2.903342e-03	1.183647e+01
2.553000e-05	4.960628e-03	1.185913e+01
2.554000e-05	1.660060e-03	1.192176e+01
2.555000e-05	-7.985857e-04	1.205352e+01
2.556000e-05	3.736155e-03	1.209266e+01
2.557000e-05	4.746434e-03	1.217232e+01
2.558000e-05	2.452358e-03	1.223640e+01
2.559000e-05	-4.964258e-04	1.227908e+01
2.560000e-05	2.615603e-03	1.237116e+01
2.561000e-05	4.755251e-03	1.235422e+01
2.562000e-05	2.405045e-03	1.245492e+01
2.563000e-05	-1.007063e-03	1.245863e+01
2.564000e-05	1.520871e-03	1.249061e+01
2.565000e-05	4.235422e-03	1.254058e+01
2.566000e-05	3.169907e-03	1.252171e+01
2.567000e-05	1.325750e-03	1.256424e+01
2.568000e-05	2.231516e-03	1.254429e+01
2.569000e-05	4.764176e-03	1.260482e+01
2.570000e-05	2.360206e-03	1.258582e+01
2.571000e-05	-1.229366e-03	1.260375e+01
2.572000e-05	-1.216759e-03	1.258532e+01
2.573000e-05	2.323880e-03	1.256477e+01
2.574000e-05	3.531382e-03	1.253424e+01
2.575000e-05	2.685523e-04	1.254266e+01
2.576000e-05	1.938943e-03	1.253416e+01
2.577000e-05	3.054582e-03	1.254059e+01
2.578000e-05	3.313763e-03	1.247953e+01
2.579000e-05	-6.779684e-04	1.244845e+01
2.580000e-05	-2.039004e-03	1.242684e+01
2.581000e-05	1.239155e-03	1.239174e+01
2.582000e-05	2.174569e-03	1.230913e+01
2.583000e-05	1.108546e-03	1.224840e+01
2.584000e-05	-4.573532e-04	1.217489e+01
2.585000e-05	2.745083e-03	1.214164e+01
2.586000e-05	2.950504e-03	1.206003e+01
2.587000e-05	1.261484e-03	1.200389e+01
2.588000e-05	-1.837266e-03	1.191273e+01
2.589000e-05	1.266015e-03	1.187758e+01
2.590000e-05	1.681780e-03	1.177289e+01
2.591000e-05	1.882010e-03	1.165805e+01
2.592000e-05	-1.196060e-03	1.156430e+01
2.593000e-05	1.051961e-03	1.146918e+01
2.594000e-05	1.799422e-03	1.136279e+01
2.595000e-05	1.418313e-03	1.119663e+01
2.596000e-05	-2.792351e-03	1.110194e+01
2.597000e-05	1.159990e-03	1.104570e+01
2.598000e-05	4.630369e-04	1.092436e+01
2.599000e-05	2.441809e-03	1.084499e+01
2.600000e-05	-1.263844e-03	1.070181e+01
2.601000e-05	-5.904755e-04	1.054454e+01
2.602000e-05	2.226431e-03	1.042675e+01
2.603000e-05	9.530360e-04	1.026003e+01
2.604000e-05	7.470284e-04	1.015512e+01
2.605000e-05	-1.712648e-03	1.001780e+01
2.606000e-05	9.763419e-05	9.829451e+00
2.607000e-05	-5.901097e-04	9.681933e+00
2.608000e-05	-1.082133e-03	9.554588e+00
2.609000e-05	-2.400421e-03	9.406345e+00
2.610000e-05	1.231505e-03	9.258576e+00
2.611000e-05	5.029934e-04	9.121156e+00
2.612000e-05	1.370610e-03	8.923759e+00
2.613000e-05	-1.718611e-03	8.753414e+00
2.614000e-05	-6.864763e-04	8.614970e+00
2.615000e-05	-1.446560e-03	8.427599e+00
2.616000e-05	-2.823702e-03	8.258779e+00
2.617000e-05	-2.204944e-03	8.068100e+00
2.618000e-05	-1.542512e-03	7.871906e+00
2.619000e-05	7.300462e-04	7.703959e+00
2.620000e-05	4.263267e-05	7.502925e+00
2.621000e-05	-1.440877e-03	7.272358e+00
2.622000e-05	-2.184232e-03	7.079481e+00
2.623000e-05	-1.890051e-03	6.883458e+00
2.624000e-05	-3.579771e-03	6.702535e+00
2.625000e-05	-2.831925e-03	6.491060e+00
2.626000e-05	-3.501646e-03	6.311136e+00
2.627000e-05	-1.128655e-03	6.063208e+00
2.628000e-05	-8.300459e-04	5.914634e+00
2.629000e-05	-2.601186e-03	5.701683e+00
2.630000e-05	-2.782153e-03	5.500654e+00
2.631000e-05	-3.017543e-03	5.229621e+00
2.632000e-05	-2.908921e-03	5.006517e+00
2.633000e-05	-3.517839e-03	4.724466e+00
2.634000e-05	-4.212066e-03	4.533964e+00
2.635000e-05	-2.679945e-03	4.313462e+00
2.636000e-05	-2.688425e-03	4.051988e+00
2.637000e-05	-2.843730e-03	3.891984e+00
2.638000e-05	-4.523333e-03	3.661601e+00
2.639000e-05	-4.124084e-03	3.448977e+00
2.640000e-05	-3.499548e-03	3.166897e+00
2.641000e-05	-4.084776e-03	2.987921e+00
2.642000e-05	-5.136984e-03	2.745896e+00
2.643000e-05	-3.618457e-03	2.524765e+00
2.644000e-05	-2.860234e-03	2.260806e+00
2.645000e-05	-4.182724e-03	2.061777e+00
2.646000e-05	-5.995118e-03	1.870707e+00
2.647000e-05	-5.554011e-03	1.587523e+00
2.648000e-05	-3.556273e-03	1.356571e+00
2.649000e-05	-3.215172e-03	1.084064e+00
2.650000e-05	-5.294760e-03	8.499776e-01
2.651000e-05	-4.729252e-03	6.294287e-01
2.652000e-05	-3.626175e-03	3.774273e-01
2.653000e-05	-3.974463e-03	1.486921e-01
2.654000e-05	-2.593517e-03	-9.478702e-02
2.655000e-05	1.938760e-03	-2.932144e-01
2.656000e-05	-2.178972e-03	-5.041344e-01
2.657000e-05	-5.196419e-04	-7.388434e-01
2.658000e-05	-4.237194e-03	-9.277146e-01
2.659000e-05	-2.081891e-03	-1.147693e+00
2.660000e-05	-3.309392e-03	-1.398746e+00
2.661000e-05	2.239377e-02	-1.640703e+00
2.662000e-05	7.712469e-02	-1.820278e+00
2.663000e-05	-2.699652e-02	-2.093837e+00
2.664000e-05	-5.156702e-02	-2.462254e+00
2.665000e-05	-4.717536e-02	-2.705837e+00
2.666000e-05	-6.677403e-02	-2.903259e+00
2.667000e-05	5.703035e-02	-3.083557e+00
2.668000e-05	6.433001e-02	-3.219976e+00
2.669000e-05	-1.427146e-01	-3.462582e+00
2.670000e-05	1.258898e-01	-3.631427e+00
2.671000e-05	-1.129113e-03	-3.829979e+00
2.672000e-05	-3.978606e-02	-4.117161e+00
2.673000e-05	5.970737e-02	-4.313513e+00
2.674000e-05	-1.516930e-01	-4.545591e+00
2.675000e-05	6.207309e-02	-4.754596e+00
2.676000e-05	4.346017e-02	-4.967435e+00
2.677000e-05	-4.504663e-02	-5.261249e+00
2.678000e-05	5.769933e-02	-5.423229e+00
2.679000e-05	-8.704531e-02	-5.732305e+00
2.680000e-05	5.431248e-02	-5.923234e+00
2.681000e-05	-5.290383e-04	-6.103634e+00
2.682000e-05	-8.334489e-02	-6.326337e+00
2.683000e-05	6.064466e-02	-6.514588e+00
2.684000e-05	-4.008965e-02	-6.724714e+00
2.685000e-05	8.689157e-02	-6.926610e+00
2.686000e-05	-8.089216e-02	-7.164217e+00
2.687000e-05	-2.149901e-02	-7.387192e+00
2.688000e-05	4.385087e-02	-7.535087e+00
2.689000e-05	-4.268136e-02	-7.765042e+00
2.690000e-05	4.211706e-02	-7.964541e+00
2.691000e-05	-7.022829e-02	-8.115514e+00
2.692000e-05	5.440156e-02	-8.312336e+00
2.693000e-05	-1.279201e-02	-8.471783e+00
2.694000e-05	-1.719882e-02	-8.700278e+00
2.695000e-05	-1.556648e-02	-8.859676e+00
2.696000e-05	-2.401846e-02	-9.038020e+00
2.697000e-05	4.669620e-02	-9.184313e+00
2.698000e-05	-4.080428e-02	-9.334260e+00
2.699000e-05	9.194148e-03	-9.510553e+00
2.700000e-05	-2.424548e-02	-9.639499e+00
2.701000e-05	2.209892e-02	-9.796318e+00
2.702000e-05	-1.509901e-02	-9.931059e+00
2.703000e-05	-2.340999e-02	-1.006088e+01
2.704000e-05	-6.820631e-04	-1.021732e+01
2.705000e-05	-2.479416e-04	-1.041516e+01
2.706000e-05	1.022515e-02	-1.052346e+01
2.707000e-05	-3.261676e-02	-1.064825e+01
2.708000e-05	1.770557e-03	-1.075549e+01
2.709000e-05	-7.410840e-03	-1.085785e+01
2.710000e-05	6.370147e-03	-1.095564e+01
2.711000e-05	-2.611607e-02	-1.110883e+01
2.712000e-05	-6.995561e-03	-1.122817e+01
2.713000e-05	8.153336e-04	-1.131073e+01
2.714000e-05	1.255594e-03	-1.144714e+01
2.715000e-05	-1.415646e-02	-1.155176e+01
2.716000e-05	-1.845432e-02	-1.166960e+01
2.717000e-05	2.820679e-03	-1.173139e+01
2.718000e-05	-5.291035e-03	-1.189567e+01
2.719000e-05	-7.242966e-03	-1.198826e+01
2.720000e-05	-1.867548e-02	-1.202797e+01
2.721000e-05	2.169824e-03	-1.208018e+01
2.722000e-05	-2.561942e-03	-1.215381e+01
2.723000e-05	-9.020806e-03	-1.221692e+01
2.724000e-05	-1.756183e-02	-1.228795e+01
2.725000e-05	-5.938433e-03	-1.234218e+01
2.726000e-05	-7.521253e-04	-1.237382e+01
2.727000e-05	-9.146435e-03	-1.240539e+01
2.728000e-05	-1.076463e-02	-1.246755e+01
2.729000e-05	-8.054513e-03	-1.254915e+01
2.730000e-05	-1.940443e-04	-1.250219e+01
2.731000e-05	-9.031447e-03	-1.255472e+01
2.732000e-05	-1.296268e-02	-1.259432e+01
2.733000e-05	-8.945055e-03	-1.258537e+01
2.734000e-05	-2.219271e-03	-1.266685e+01
2.735000e-05	-6.189395e-03	-1.263645e+01
2.736000e-05	-1.154847e-02	-1.263587e+01
2.737000e-05	-8.070537e-03	-1.264837e+01
2.738000e-05	-3.091633e-03	-1.263842e+01
2.739000e-05	-5.788034e-03	-1.260695e+01
2.740000e-05	-1.151110e-02	-1.263577e+01
2.741000e-05	-1.026748e-02	-1.261585e+01
2.742000e-05	-4.750258e-03	-1.260417e+01
2.743000e-05	-4.783275e-03	-1.256169e+01
2.744000e-05	-1.075685e-02	-1.253159e+01
2.745000e-05	-9.243058e-03	-1.247610e+01
2.746000e-05	-5.270898e-03	-1.243592e+01
2.747000e-05	-4.822918e-03	-1.241329e+01
2.748000e-05	-9.356655e-03	-1.234123e+01
2.749000e-05	-1.149279e-02	-1.228968e+01
2.750000e-05	-6.624069e-03	-1.220600e+01
2.751000e-05	-4.591894e-03	-1.217539e+01
2.752000e-05	-7.712488e-03	-1.213123e+01
2.753000e-05	-1.059735e-02	-1.203807e+01
2.754000e-05	-5.901455e-03	-1.199589e+01
2.755000e-05	-4.672057e-03	-1.191872e+01
2.756000e-05	-7.965782e-03	-1.178534e+01
2.757000e-05	-1.090460e-02	-1.174021e+01
2.758000e-05	-7.956710e-03	-1.159244e+01
2.759000e-05	-4.577086e-03	-1.145920e+01
2.760000e-05	-6.859416e-03	-1.140151e+01
2.761000e-05	-8.963947e-03	-1.126768e+01
2.762000e-05	-7.853324e-03	-1.117186e+01
2.763000e-05	-4.879255e-03	-1.103867e+01
2.764000e-05	-7.009940e-03	-1.088986e+01
2.765000e-05	-9.407573e-03	-1.081459e+01
2.766000e-05	-8.490564e-03	-1.070993e+01
2.767000e-05	-6.089209e-03	-1.058649e+01
2.768000e-05	-5.786964e-03	-1.045932e+01
2.769000e-05	-7.571264e-03	-1.031040e+01
2.770000e-05	-8.000974e-03	-1.016364e+01
2.771000e-05	-5.096248e-03	-1.001632e+01
2.772000e-05	-6.186383e-03	-9.909503e+00
2.773000e-05	-8.461683e-03	-9.762608e+00
2.774000e-05	-8.488360e-03	-9.584866e+00
2.775000e-05	-6.383842e-03	-9.447372e+00
2.776000e-05	-6.325246e-03	-9.229651e+00
2.777000e-05	-6.814942e-03	-9.132181e+00
2.778000e-05	-7.690692e-03	-8.974313e+00
2.779000e-05	-6.097903e-03	-8.773914e+00
2.780000e-05	-5.840504e-03	-8.647567e+00
2.781000e-05	-6.512655e-03	-8.438595e+00
2.782000e-05	-7.667271e-03	-8.271173e+00
2.783000e-05	-6.266062e-03	-8.152882e+00
2.784000e-05	-6.100452e-03	-7.923829e+00
2.785000e-05	-5.849092e-03	-7.689836e+00
2.786000e-05	-6.156736e-03	-7.481904e+00
2.787000e-05	-6.242653e-03	-7.252454e+00
2.788000e-05	-6.149097e-03	-7.132907e+00
2.789000e-05	-5.988920e-03	-6.911579e+00
2.790000e-05	-6.848473e-03	-6.712480e+00
2.791000e-05	-6.161019e-03	-6.542607e+00
2.792000e-05	-5.883419e-03	-6.322633e+00
2.793000e-05	-5.029156e-03	-6.091731e+00
2.794000e-05	-6.464038e-03	-5.901156e+00
2.795000e-05	-5.993692e-03	-5.683204e+00
2.796000e-05	-6.371524e-03	-5.470248e+00
2.797000e-05	-5.420266e-03	-5.269622e+00
2.798000e-05	-5.784242e-03	-4.997591e+00
2.799000e-05	-6.372351e-03	-4.735509e+00
2.800000e-05	-5.705758e-03	-4.525560e+00
2.801000e-05	-3.950034e-03	-4.325664e+00
2.802000e-05	-4.591630e-03	-4.145638e+00
2.803000e-05	-4.924865e-03	-3.954610e+00
2.804000e-05	-5.604109e-03	-3.693052e+00
2.805000e-05	-5.101349e-03	-3.452103e+00
2.806000e-05	-4.703336e-03	-3.262024e+00
2.807000e-05	-4.851924e-03	-3.010022e+00
2.808000e-05	-4.533859e-03	-2.775868e+00
2.809000e-05	-3.669142e-03	-2.566965e+00
2.810000e-05	-3.139953e-03	-2.334816e+00
2.811000e-05	-4.018747e-03	-2.122805e+00
2.812000e-05	-5.186510e-03	-1.862827e+00
2.813000e-05	-5.349608e-03	-1.660653e+00
2.814000e-05	-4.675159e-03	-1.378697e+00
2.815000e-05	-4.844999e-03	-1.104634e+00
2.816000e-05	-3.805681e-03	-8.945565e-01
2.817000e-05	-3.238791e-03	-6.919277e-01
2.818000e-05	-1.993236e-03	-4.493962e-01
2.819000e-05	-1.687425e-03	-1.880236e-01
2.820000e-05	1.748185e-03	3.107881e-02
2.821000e-05	3.394432e-03	2.251169e-01
2.822000e-05	-1.789074e-03	4.951657e-01
2.823000e-05	1.325157e-03	7.156370e-01
2.824000e-05	-1.704551e-03	8.556417e-01
2.825000e-05	9.242974e-04	1.167246e+00
2.826000e-05	1.245660e-03	1.359276e+00
2.827000e-05	1.205432e-02	1.623409e+00
2.828000e-05	5.540036e-02	1.873412e+00
2.829000e-05	3.778218e-02	2.117492e+00
2.830000e-05	-5.028473e-02	2.359144e+00
2.831000e-05	-4.546641e-02	2.639787e+00
2.832000e-05	-3.030182e-02	2.852158e+00
2.833000e-05	-4.207895e-02	2.968503e+00
2.834000e-05	3.756949e-02	3.147397e+00
2.835000e-05	4.553481e-02	3.389903e+00
2.836000e-05	-9.375491e-02	3.610454e+00
2.837000e-05	1.073751e-01	3.767801e+00
2.838000e-05	8.497227e-03	4.011134e+00
2.839000e-05	-2.826204e-02	4.282962e+00
2.840000e-05	2.108114e-02	4.494613e+00
2.841000e-05	-7.450876e-02	4.724516e+00
2.842000e-05	4.801430e-02	4.956642e+00
2.843000e-05	2.085787e-02	5.220179e+00
2.844000e-05	-1.362040e-02	5.453258e+00
2.845000e-05	9.626735e-03	5.662164e+00
2.846000e-05	-1.655338e-02	5.903243e+00
2.847000e-05	1.462268e-02	6.113285e+00
2.848000e-05	-6.800279e-03	6.282137e+00
2.849000e-05	-1.261190e-02	6.493213e+00
2.850000e-05	8.737905e-03	6.724766e+00
2.851000e-05	4.720960e-03	6.903618e+00
2.852000e-05	3.804419e-02	7.094714e+00
2.853000e-05	-4.047269e-02	7.353563e+00
2.854000e-05	-3.412198e-03	7.521541e+00
2.855000e-05	1.519341e-02	7.745112e+00
2.856000e-05	-1.496719e-03	7.975018e+00
2.857000e-05	1.081772e-02	8.116545e+00
2.858000e-05	-1.312202e-02	8.332942e+00
2.859000e-05	2.179799e-02	8.471763e+00
2.860000e-05	-2.378875e-03	8.640103e+00
2.861000e-05	3.378671e-03	8.778024e+00
2.862000e-05	-1.480753e-02	8.964394e+00
2.863000e-05	1.960992e-03	9.134862e+00
2.864000e-05	1.710346e-02	9.293737e+00
2.865000e-05	-8.837118e-04	9.471484e+00
2.866000e-05	2.170642e-03	9.575349e+00
2.867000e-05	-3.057465e-03	9.753316e+00
2.868000e-05	1.186606e-02	9.921187e+00
2.869000e-05	-2.043483e-03	1.007946e+01
2.870000e-05	-3.434327e-03	1.019772e+01
2.871000e-05	-1.274248e-03	1.037264e+01
2.872000e-05	8.520335e-03	1.047948e+01
2.873000e-05	8.320167e-03	1.061562e+01
2.874000e-05	-2.367680e-03	1.068201e+01
2.875000e-05	-9.232936e-05	1.088038e+01
2.876000e-05	3.281486e-03	1.097402e+01
2.877000e-05	5.263238e-03	1.106128e+01
2.878000e-05	-2.522457e-03	1.116494e+01
2.879000e-05	-1.699658e-04	1.131133e+01
2.880000e-05	4.031479e-03	1.142610e+01
2.881000e-05	6.464094e-03	1.151126e+01
2.882000e-05	1.294773e-03	1.165655e+01
2.883000e-05	-2.176428e-03	1.172229e+01
2.884000e-05	3.496677e-03	1.182702e+01
2.885000e-05	4.577495e-03	1.188973e+01
2.886000e-05	2.768982e-03	1.193236e+01
2.887000e-05	-7.501373e-04	1.202650e+01
2.888000e-05	3.449637e-03	1.208328e+01
2.889000e-05	3.194814e-03	1.217482e+01
2.890000e-05	1.951109e-03	1.219747e+01
2.891000e-05	-8.597822e-04	1.227956e+01
2.892000e-05	2.065298e-03	1.234216e+01
2.893000e-05	4.693815e-03	1.236484e+01
2.894000e-05	3.397524e-03	1.242648e+01
2.895000e-05	3.474736e-04	1.248963e+01
2.896000e-05	3.374681e-05	1.248168e+01
2.897000e-05	1.983985e-03	1.253069e+01
2.898000e-05	2.324165e-03	1.255121e+01
2.899000e-05	1.035310e-03	1.254377e+01
2.900000e-05	9.469439e-04	1.258477e+01
2.901000e-05	3.913342e-03	1.258430e+01
2.902000e-05	2.602684e-03	1.261477e+01
2.903000e-05	8.797546e-04	1.255629e+01
2.904000e-05	-9.182337e-04	1.255469e+01
2.905000e-05	1.947961e-03	1.259430e+01
2.906000e-05	2.291031e-03	1.255376e+01
2.907000e-05	9.783931e-04	1.253369e+01
2.908000e-05	5.978609e-04	1.255166e+01
2.909000e-05	1.169989e-03	1.252164e+01
2.910000e-05	1.912984e-03	1.246903e+01
2.911000e-05	1.823280e-03	1.247648e+01
2.912000e-05	4.795942e-04	1.242544e+01
2.913000e-05	1.020622e-03	1.237234e+01
2.914000e-05	3.131177e-03	1.228961e+01
2.915000e-05	1.235615e-03	1.225850e+01
2.916000e-05	7.893295e-05	1.217642e+01
2.917000e-05	3.267905e-04	1.212274e+01
2.918000e-05	2.174778e-03	1.204756e+01
2.919000e-05	2.532657e-04	1.199434e+01
2.920000e-05	6.042459e-04	1.194978e+01
2.921000e-05	1.428152e-04	1.181605e+01
2.922000e-05	1.704612e-03	1.178389e+01
2.923000e-05	1.721184e-03	1.166872e+01
2.924000e-05	4.412906e-04	1.159547e+01
2.925000e-05	3.419477e-04	1.146957e+01
2.926000e-05	5.724258e-04	1.135134e+01
2.927000e-05	1.286698e-03	1.121668e+01
2.928000e-05	-7.857027e-04	1.111133e+01
2.929000e-05	4.423005e-04	1.102820e+01
2.930000e-05	1.783055e-04	1.091139e+01
2.931000e-05	2.181660e-03	1.081615e+01
2.932000e-05	-4.503957e-04	1.068875e+01
2.933000e-05	1.228629e-03	1.056404e+01
2.934000e-05	-1.316508e-03	1.039622e+01
2.935000e-05	1.253345e-03	1.024945e+01
2.936000e-05	1.790927e-04	1.016314e+01
2.937000e-05	1.977968e-04	1.000582e+01
2.938000e-05	-8.936831e-04	9.848972e+00
2.939000e-05	7.171474e-04	9.698482e+00
2.940000e-05	4.674379e-04	9.511611e+00
2.941000e-05	2.312593e-04	9.366320e+00
2.942000e-05	-9.619382e-04	9.240001e+00
2.943000e-05	-4.889797e-04	9.112184e+00
2.944000e-05	-5.249905e-04	8.940181e+00
2.945000e-05	-1.709022e-03	8.742786e+00
2.946000e-05	-1.693328e-03	8.564419e+00
2.947000e-05	-1.418491e-03	8.437117e+00
2.948000e-05	-3.276015e-04	8.237649e+00
2.949000e-05	-1.234681e-03	8.049252e+00
2.950000e-05	-5.189386e-04	7.859251e+00
2.951000e-05	-1.958310e-03	7.680855e+00
2.952000e-05	-1.277537e-03	7.449826e+00
2.953000e-05	-1.868823e-03	7.229825e+00
2.954000e-05	-1.802789e-03	7.100355e+00
2.955000e-05	-2.062010e-03	6.880905e+00
2.956000e-05	-2.401062e-03	6.719530e+00
2.957000e-05	-1.693406e-03	6.450052e+00
2.958000e-05	-2.181531e-03	6.280130e+00
2.959000e-05	-2.577526e-03	6.061154e+00
2.960000e-05	-2.323353e-03	5.912685e+00
2.961000e-05	-2.346009e-03	5.611152e+00
2.962000e-05	-2.819566e-03	5.458601e+00
2.963000e-05	-3.413204e-03	5.248496e+00
2.964000e-05	-3.432541e-03	4.914044e+00
2.965000e-05	-3.278392e-03	4.711859e+00
2.966000e-05	-3.237488e-03	4.503438e+00
2.967000e-05	-3.550846e-03	4.362939e+00
2.968000e-05	-3.532892e-03	4.019854e+00
2.969000e-05	-3.491231e-03	3.859797e+00
2.970000e-05	-3.770409e-03	3.630450e+00
2.971000e-05	-3.453907e-03	3.388880e+00
2.972000e-05	-4.069717e-03	3.175769e+00
2.973000e-05	-3.417114e-03	2.956293e+00
2.974000e-05	-3.577416e-03	2.734814e+00
2.975000e-05	-4.105054e-03	2.521757e+00
2.976000e-05	-4.771540e-03	2.240155e+00
2.977000e-05	-4.704453e-03	2.030205e+00
2.978000e-05	-4.505110e-03	1.828726e+00
2.979000e-05	-4.280930e-03	1.586621e+00
2.980000e-05	-4.599636e-03	1.325063e+00
2.981000e-05	-5.054401e-03	1.060834e+00
2.982000e-05	-4.212577e-03	7.888286e-01
2.983000e-05	-4.304347e-03	5.882947e-01
2.984000e-05	-4.028806e-03	3.583459e-01
2.985000e-05	-4.424295e-03	1.041931e-01
2.986000e-05	1.034726e-04	-9.636446e-02
2.987000e-05	2.620825e-03	-3.042620e-01
2.988000e-05	-3.141437e-03	-5.452860e-01
2.989000e-05	-3.088542e-03	-7.978224e-01
2.990000e-05	-4.335408e-03	-9.577734e-01
2.991000e-05	-1.555624e-03	-1.186772e+00
2.992000e-05	-1.642431e-03	-1.401350e+00
2.993000e-05	3.139540e-02	-1.651833e+00
2.994000e-05	7.377837e-02	-1.851834e+00
2.995000e-05	-3.751631e-02	-2.126536e+00
2.996000e-05	-4.858240e-02	-2.454807e+00
2.997000e-05	-5.070337e-02	-2.725416e+00
2.998000e-05	-6.408515e-02	-2.914285e+00
2.999000e-05	7.866859e-02	-3.101587e+00
3.000000e-05	3.174320e-02	-3.261630e+00
3.001000e-05	-1.260630e-01	-3.514233e+00
3.002000e-05	1.489930e-01	-3.621981e+00
3.003000e-05	-3.422108e-02	-3.873104e+00
3.004000e-05	-1.265494e-02	-4.124816e+00
3.005000e-05	3.580458e-02	-4.316143e+00
3.006000e-05	-1.506607e-01	-4.577267e+00
3.007000e-05	8.991892e-02	-4.777646e+00
3.008000e-05	1.472232e-02	-5.007193e+00
3.009000e-05	-2.937771e-02	-5.311208e+00
3.010000e-05	4.856311e-02	-5.532859e+00
3.011000e-05	-9.018028e-02	-5.722810e+00
3.012000e-05	7.320683e-02	-5.923836e+00
3.013000e-05	-3.079855e-02	-6.114309e+00
3.014000e-05	-6.254008e-02	-6.336343e+00
3.015000e-05	5.348502e-02	-6.555737e+00
3.016000e-05	-3.431384e-02	-6.787738e+00
3.017000e-05	8.923028e-02	-6.965293e+00
3.018000e-05	-1.022171e-01	-7.155215e+00
3.019000e-05	5.492565e-03	-7.406196e+00
3.020000e-05	2.489052e-02	-7.576691e+00
3.021000e-05	-3.167516e-02	-7.796565e+00
3.022000e-05	3.417116e-02	-8.015047e+00
3.023000e-05	-6.743275e-02	-8.175564e+00
3.024000e-05	6.542801e-02	-8.344988e+00
3.025000e-05	-2.714265e-02	-8.502357e+00
3.026000e-05	-7.846275e-03	-8.722833e+00
3.027000e-05	-2.750036e-02	-8.870227e+00
3.028000e-05	-8.740817e-03	-9.039098e+00
3.029000e-05	3.882326e-02	-9.234841e+00
3.030000e-05	-4.032798e-02	-9.372365e+00
3.031000e-05	1.014717e-02	-9.529707e+00
3.032000e-05	-2.539037e-02	-9.679129e+00
3.033000e-05	2.640273e-02	-9.826846e+00
3.034000e-05	-2.479650e-02	-9.943712e+00
3.035000e-05	-1.861841e-02	-1.012103e+01
3.036000e-05	-3.875739e-03	-1.025685e+01
3.037000e-05	5.354522e-03	-1.042719e+01
3.038000e-05	3.627615e-03	-1.053349e+01
3.039000e-05	-3.123424e-02	-1.063727e+01
3.040000e-05	2.591770e-03	-1.076356e+01
3.041000e-05	-5.516241e-03	-1.087140e+01
3.042000e-05	6.129909e-03	-1.098670e+01
3.043000e-05	-2.920668e-02	-1.114040e+01
3.044000e-05	-3.344451e-03	-1.122920e+01
3.045000e-05	-5.620021e-05	-1.136289e+01
3.046000e-05	2.074116e-03	-1.143862e+01
3.047000e-05	-1.773650e-02	-1.154189e+01
3.048000e-05	-1.597667e-02	-1.168865e+01
3.049000e-05	3.991454e-03	-1.177439e+01
3.050000e-05	-5.201497e-03	-1.188010e+01
3.051000e-05	-9.653366e-03	-1.196328e+01
3.052000e-05	-1.753418e-02	-1.202697e+01
3.053000e-05	4.471082e-03	-1.213220e+01
3.054000e-05	-4.300802e-03	-1.218386e+01
3.055000e-05	-9.608815e-03	-1.222642e+01
3.056000e-05	-1.799472e-02	-1.222963e+01
3.057000e-05	-3.714145e-03	-1.232221e+01
3.058000e-05	-6.319187e-04	-1.238326e+01
3.059000e-05	-1.022028e-02	-1.241387e+01
3.060000e-05	-1.208439e-02	-1.244863e+01
3.061000e-05	-7.209933e-03	-1.254018e+01
3.062000e-05	5.954958e-04	-1.254169e+01
3.063000e-05	-9.912915e-03	-1.257174e+01
3.064000e-05	-1.302298e-02	-1.256437e+01
3.065000e-05	-7.736204e-03	-1.260582e+01
3.066000e-05	-1.040283e-03	-1.262695e+01
3.067000e-05	-6.796985e-03	-1.263692e+01
3.068000e-05	-1.306982e-02	-1.260585e+01
3.069000e-05	-9.029745e-03	-1.268692e+01
3.070000e-05	-2.601908e-03	-1.266692e+01
3.071000e-05	-6.430362e-03	-1.264637e+01
3.072000e-05	-1.153771e-02	-1.262535e+01
3.073000e-05	-9.177801e-03	-1.261632e+01
3.074000e-05	-2.506137e-03	-1.259481e+01
3.075000e-05	-4.410216e-03	-1.252319e+01
3.076000e-05	-1.191791e-02	-1.249918e+01
3.077000e-05	-9.706583e-03	-1.248860e+01
3.078000e-05	-5.210295e-03	-1.247537e+01
3.079000e-05	-3.857393e-03	-1.238334e+01
3.080000e-05	-1.017205e-02	-1.234116e+01
3.081000e-05	-1.063992e-02	-1.227058e+01
3.082000e-05	-4.972370e-03	-1.225644e+01
3.083000e-05	-4.184394e-03	-1.218331e+01
3.084000e-05	-9.227373e-03	-1.212170e+01
3.085000e-05	-1.046360e-02	-1.206557e+01
3.086000e-05	-5.688424e-03	-1.198279e+01
3.087000e-05	-4.167210e-03	-1.187858e+01
3.088000e-05	-8.059133e-03	-1.179379e+01
3.089000e-05	-1.127727e-02	-1.169912e+01
3.090000e-05	-6.876214e-03	-1.156399e+01
3.091000e-05	-4.645623e-03	-1.151813e+01
3.092000e-05	-7.645742e-03	-1.136441e+01
3.093000e-05	-1.033450e-02	-1.125768e+01
3.094000e-05	-7.692361e-03	-1.115081e+01
3.095000e-05	-4.223951e-03	-1.099607e+01
3.096000e-05	-6.674767e-03	-1.089131e+01
3.097000e-05	-9.055683e-03	-1.077464e+01
3.098000e-05	-8.239328e-03	-1.069077e+01
3.099000e-05	-5.089177e-03	-1.054359e+01
3.100000e-05	-6.572258e-03	-1.044833e+01
3.101000e-05	-8.688111e-03	-1.033943e+01
3.102000e-05	-7.712518e-03	-1.015271e+01
3.103000e-05	-4.661232e-03	-9.963291e+00
3.104000e-05	-5.826694e-03	-9.869301e+00
3.105000e-05	-7.751641e-03	-9.732583e+00
3.106000e-05	-8.313344e-03	-9.605761e+00
3.107000e-05	-5.012022e-03	-9.436919e+00
3.108000e-05	-5.981968e-03	-9.258572e+00
3.109000e-05	-7.855426e-03	-9.131604e+00
3.110000e-05	-8.405220e-03	-8.944711e+00
3.111000e-05	-5.706930e-03	-8.804467e+00
3.112000e-05	-4.952481e-03	-8.575917e+00
3.113000e-05	-6.687122e-03	-8.398519e+00
3.114000e-05	-8.008803e-03	-8.280123e+00
3.115000e-05	-5.557538e-03	-8.070752e+00
3.116000e-05	-4.753719e-03	-7.911851e+00
3.117000e-05	-6.433531e-03	-7.660378e+00
3.118000e-05	-7.192922e-03	-7.499847e+00
3.119000e-05	-5.880038e-03	-7.250949e+00
3.120000e-05	-4.633968e-03	-7.131900e+00
3.121000e-05	-5.408955e-03	-6.919526e+00
3.122000e-05	-7.311039e-03	-6.722004e+00
3.123000e-05	-5.683099e-03	-6.543104e+00
3.124000e-05	-4.760489e-03	-6.352159e+00
3.125000e-05	-5.066736e-03	-6.090704e+00
3.126000e-05	-7.552751e-03	-5.860054e+00
3.127000e-05	-5.136103e-03	-5.666704e+00
3.128000e-05	-6.266426e-03	-5.509677e+00
3.129000e-05	-4.212455e-03	-5.206070e+00
3.130000e-05	-7.549223e-03	-4.954492e+00
3.131000e-05	-3.180346e-03	-4.702386e+00
3.132000e-05	-5.643572e-03	-4.513929e+00
3.133000e-05	-8.710383e-04	-4.343587e+00
3.134000e-05	-8.139173e-03	-4.094027e+00
3.135000e-05	-5.187991e-03	-3.931505e+00
3.136000e-05	-7.840294e-03	-3.629929e+00
3.137000e-05	-4.291609e-03	-3.451926e+00
3.138000e-05	-5.880958e-03	-3.240475e+00
3.139000e-05	-3.994911e-03	-2.987361e+00
3.140000e-05	-2.296983e-03	-2.734839e+00
3.141000e-05	-2.441171e-03	-2.555391e+00
3.142000e-05	-3.080764e-03	-2.343884e+00
3.143000e-05	-7.900829e-03	-2.061221e+00
3.144000e-05	-4.846075e-03	-1.849725e+00
3.145000e-05	-6.117839e-03	-1.629721e+00
3.146000e-05	-3.200399e-03	-1.367092e+00
3.147000e-05	-6.457011e-03	-1.104005e+00
3.148000e-05	-1.072839e-03	-8.930014e-01
3.149000e-05	-2.405139e-03	-6.508773e-01
3.150000e-05	-1.855729e-04	-3.893421e-01
3.151000e-05	-4.135545e-03	-1.789460e-01
3.152000e-05	2.006340e-03	1.360414e-02
3.153000e-05	1.634915e-03	2.758432e-01
3.154000e-05	7.805569e-05	5.182447e-01
3.155000e-05	-1.455020e-03	7.361910e-01
3.156000e-05	-1.080573e-03	9.267985e-01
3.157000e-05	1.873971e-03	1.147300e+00
3.158000e-05	3.247936e-03	1.390331e+00
3.159000e-05	1.639145e-02	1.621414e+00
3.160000e-05	5.852316e-02	1.895466e+00
3.161000e-05	2.672075e-02	2.136093e+00
3.162000e-05	-5.516581e-02	2.401101e+00
3.163000e-05	-4.490199e-02	2.682762e+00
3.164000e-05	-3.327770e-02	2.862735e+00
3.165000e-05	-4.234706e-02	2.979529e+00
3.166000e-05	5.534206e-02	3.148476e+00
3.167000e-05	2.427650e-02	3.421625e+00
3.168000e-05	-8.216308e-02	3.642009e+00
3.169000e-05	1.190383e-01	3.817930e+00
3.170000e-05	-1.369192e-02	4.103512e+00
3.171000e-05	-1.445389e-02	4.293992e+00
3.172000e-05	5.686460e-03	4.526563e+00
3.173000e-05	-7.044673e-02	4.767644e+00
3.174000e-05	5.976917e-02	4.998227e+00
3.175000e-05	1.062991e-02	5.241785e+00
3.176000e-05	-9.297018e-03	5.494310e+00
3.177000e-05	9.451919e-03	5.736713e+00
3.178000e-05	-1.565095e-02	5.934888e+00
3.179000e-05	1.717947e-02	6.144361e+00
3.180000e-05	-1.665431e-02	6.343790e+00
3.181000e-05	-8.905279e-03	6.534219e+00
3.182000e-05	6.033459e-03	6.736344e+00
3.183000e-05	1.338612e-02	6.994746e+00
3.184000e-05	3.329142e-02	7.134093e+00
3.185000e-05	-4.436744e-02	7.383716e+00
3.186000e-05	7.794514e-03	7.542564e+00
3.187000e-05	1.097415e-02	7.777068e+00
3.188000e-05	-3.767707e-05	7.955095e+00
3.189000e-05	3.425623e-03	8.177120e+00
3.190000e-05	-1.019785e-02	8.353942e+00
3.191000e-05	2.352810e-02	8.512385e+00
3.192000e-05	-4.206872e-03	8.669105e+00
3.193000e-05	1.832942e-03	8.808525e+00
3.194000e-05	-1.483921e-02	9.034940e+00
3.195000e-05	6.715599e-03	9.164866e+00
3.196000e-05	1.589927e-02	9.343213e+00
3.197000e-05	-3.215671e-03	9.451608e+00
3.198000e-05	7.459270e-04	9.636873e+00
3.199000e-05	-2.809044e-04	9.784769e+00
3.200000e-05	1.269786e-02	9.963188e+00
3.201000e-05	-4.611368e-03	1.005101e+01
3.202000e-05	-3.960027e-03	1.020735e+01
3.203000e-05	1.390764e-03	1.032461e+01
3.204000e-05	1.008531e-02	1.048190e+01
3.205000e-05	5.531910e-03	1.060625e+01
3.206000e-05	-4.661883e-03	1.073004e+01
3.207000e-05	2.076349e-03	1.088083e+01
3.208000e-05	4.274701e-03	1.097512e+01
3.209000e-05	4.299445e-03	1.111028e+01
3.210000e-05	-3.663642e-03	1.117554e+01
3.211000e-05	1.379137e-03	1.132391e+01
3.212000e-05	6.401205e-03	1.143607e+01
3.213000e-05	5.590835e-03	1.150128e+01
3.214000e-05	-2.002697e-03	1.160557e+01
3.215000e-05	-1.650557e-03	1.178287e+01
3.216000e-05	4.893057e-03	1.182712e+01
3.217000e-05	4.524338e-03	1.188973e+01
3.218000e-05	4.667353e-04	1.196289e+01
3.219000e-05	4.140038e-05	1.201652e+01
3.220000e-05	4.741915e-03	1.212228e+01
3.221000e-05	3.974786e-03	1.217584e+01
3.222000e-05	-3.875972e-04	1.222595e+01
3.223000e-05	-2.469957e-03	1.229861e+01
3.224000e-05	2.488061e-03	1.237173e+01
3.225000e-05	4.318804e-03	1.237534e+01
3.226000e-05	1.112826e-03	1.243803e+01
3.227000e-05	-7.305714e-04	1.246003e+01
3.228000e-05	2.802335e-03	1.251969e+01
3.229000e-05	4.516980e-03	1.253166e+01
3.230000e-05	8.977961e-04	1.254219e+01
3.231000e-05	-1.825870e-03	1.255327e+01
3.232000e-05	1.356767e-03	1.258529e+01
3.233000e-05	3.856613e-03	1.259524e+01
3.234000e-05	2.059082e-03	1.259377e+01
3.235000e-05	-1.802719e-03	1.257579e+01
3.236000e-05	1.111901e-03	1.258477e+01
3.237000e-05	3.872871e-03	1.259429e+01
3.238000e-05	2.160437e-03	1.256419e+01
3.239000e-05	-4.302514e-04	1.255319e+01
3.240000e-05	5.531561e-04	1.256474e+01
3.241000e-05	3.454835e-03	1.250058e+01
3.242000e-05	2.327139e-03	1.247956e+01
3.243000e-05	-3.615238e-04	1.244497e+01
3.244000e-05	-6.822253e-04	1.239490e+01
3.245000e-05	3.331668e-03	1.235366e+01
3.246000e-05	2.531493e-03	1.228915e+01
3.247000e-05	6.647884e-04	1.221695e+01
3.248000e-05	-6.046933e-04	1.218440e+01
3.249000e-05	2.206394e-03	1.212271e+01
3.250000e-05	2.556371e-03	1.201753e+01
3.251000e-05	-1.497815e-04	1.197237e+01
3.252000e-05	-1.229187e-03	1.189226e+01
3.253000e-05	1.997020e-03	1.183847e+01
3.254000e-05	2.944921e-03	1.175337e+01
3.255000e-05	3.310560e-03	1.167913e+01
3.256000e-05	-9.252249e-05	1.156282e+01
3.257000e-05	3.044393e-03	1.146810e+01
3.258000e-05	1.430255e-03	1.134236e+01
3.259000e-05	4.695905e-04	1.124553e+01
3.260000e-05	-3.773417e-03	1.108073e+01
3.261000e-05	-2.336419e-04	1.100607e+01
3.262000e-05	1.370905e-03	1.089141e+01
3.263000e-05	3.588113e-03	1.080509e+01
3.264000e-05	-2.007482e-04	1.066935e+01
3.265000e-05	1.403153e-03	1.050989e+01
3.266000e-05	2.024726e-03	1.038477e+01
3.267000e-05	1.232911e-04	1.024780e+01
3.268000e-05	-3.603702e-03	1.009298e+01
3.269000e-05	-2.478544e-03	9.996292e+00
3.270000e-05	3.654676e-04	9.837922e+00
3.271000e-05	1.357041e-03	9.658479e+00
3.272000e-05	3.921519e-04	9.492109e+00
3.273000e-05	-1.028634e-03	9.384716e+00
3.274000e-05	2.146890e-03	9.247525e+00
3.275000e-05	-6.828544e-04	9.109530e+00
3.276000e-05	-1.237826e-03	8.879580e+00
3.277000e-05	-3.650503e-03	8.731735e+00
3.278000e-05	-4.099150e-04	8.574367e+00
3.279000e-05	-2.939961e-04	8.396017e+00
3.280000e-05	-7.358032e-04	8.216021e+00
3.281000e-05	-2.180142e-03	8.028073e+00
3.282000e-05	-2.897088e-04	7.868646e+00
3.283000e-05	-1.158378e-04	7.658677e+00
3.284000e-05	-2.101745e-03	7.459773e+00
3.285000e-05	-3.393021e-03	7.248222e+00
3.286000e-05	-2.684520e-03	7.039805e+00
3.287000e-05	-5.510534e-04	6.849929e+00
3.288000e-05	-1.768478e-03	6.698404e+00
3.289000e-05	-2.722263e-03	6.407949e+00
3.290000e-05	-3.152835e-03	6.238954e+00
3.291000e-05	-1.618642e-03	6.071581e+00
3.292000e-05	-2.386187e-03	5.850529e+00
3.293000e-05	-4.115086e-03	5.608047e+00
3.294000e-05	-3.834954e-03	5.378025e+00
3.295000e-05	-2.526213e-03	5.198472e+00
3.296000e-05	-2.904534e-03	4.891412e+00
3.297000e-05	-3.398235e-03	4.641953e+00
3.298000e-05	-3.708590e-03	4.512508e+00
3.299000e-05	-3.374827e-03	4.292807e+00
3.300000e-05	-3.326892e-03	4.038775e+00
3.301000e-05	-4.755017e-03	3.828297e+00
3.302000e-05	-4.368962e-03	3.606871e+00
3.303000e-05	-3.892554e-03	3.376846e+00
3.304000e-05	-2.264328e-03	3.125738e+00
3.305000e-05	-4.128581e-03	2.904764e+00
3.306000e-05	-3.810303e-03	2.744192e+00
3.307000e-05	-4.798747e-03	2.431630e+00
3.308000e-05	-3.166422e-03	2.190022e+00
3.309000e-05	-4.982752e-03	2.000675e+00
3.310000e-05	-4.626871e-03	1.780127e+00
3.311000e-05	-5.223255e-03	1.496065e+00
3.312000e-05	-3.320195e-03	1.293942e+00
3.313000e-05	-3.837366e-03	1.072333e+00
3.314000e-05	-5.245416e-03	7.583186e-01
3.315000e-05	-5.242500e-03	5.266948e-01
3.316000e-05	-3.203513e-03	3.567120e-01
3.317000e-05	-2.849597e-03	8.510674e-02
3.318000e-05	-5.484713e-04	-1.268933e-01
3.319000e-05	1.175703e-03	-3.468935e-01
3.320000e-05	-1.822916e-03	-5.279209e-01
3.321000e-05	-1.512724e-03	-8.093788e-01
3.322000e-05	-4.529390e-03	-9.998736e-01
3.323000e-05	-3.041759e-03	-1.220921e+00
3.324000e-05	-2.593649e-04	-1.442429e+00
3.325000e-05	4.132393e-02	-1.643909e+00
3.326000e-05	6.543505e-02	-1.902408e+00
3.327000e-05	-4.816335e-02	-2.160698e+00
3.328000e-05	-4.570599e-02	-2.525413e+00
3.329000e-05	-5.073285e-02	-2.736419e+00
3.330000e-05	-5.781018e-02	-2.915367e+00
3.331000e-05	9.699667e-02	-3.124767e+00
3.332000e-05	-6.565500e-03	-3.264082e+00
3.333000e-05	-1.016029e-01	-3.524212e+00
3.334000e-05	1.586269e-01	-3.641581e+00
3.335000e-05	-6.348319e-02	-3.933707e+00
3.336000e-05	1.508699e-02	-4.198297e+00
3.337000e-05	7.996374e-03	-4.367220e+00
3.338000e-05	-1.386949e-01	-4.607742e+00
3.339000e-05	1.088657e-01	-4.810306e+00
3.340000e-05	-1.367343e-02	-5.048744e+00
3.341000e-05	-9.845209e-03	-5.341359e+00
3.342000e-05	3.405939e-02	-5.535413e+00
3.343000e-05	-8.522123e-02	-5.756439e+00
3.344000e-05	8.705582e-02	-5.965316e+00
3.345000e-05	-6.059036e-02	-6.143364e+00
3.346000e-05	-3.653041e-02	-6.397398e+00
3.347000e-05	3.911280e-02	-6.565347e+00
3.348000e-05	-2.342053e-02	-6.787341e+00
3.349000e-05	8.255032e-02	-7.005720e+00
3.350000e-05	-1.139919e-01	-7.207796e+00
3.351000e-05	3.176937e-02	-7.367222e+00
3.352000e-05	2.936179e-03	-7.626645e+00
3.353000e-05	-1.799848e-02	-7.818347e+00
3.354000e-05	1.906829e-02	-8.018200e+00
3.355000e-05	-5.861348e-02	-8.177121e+00
3.356000e-05	6.935279e-02	-8.364546e+00
3.357000e-05	-3.867787e-02	-8.524834e+00
3.358000e-05	1.575442e-03	-8.720859e+00
3.359000e-05	-3.614646e-02	-8.900654e+00
3.360000e-05	3.374306e-03	-9.069624e+00
3.361000e-05	2.695188e-02	-9.196941e+00
3.362000e-05	-3.687364e-02	-9.395365e+00
3.363000e-05	1.004728e-02	-9.552658e+00
3.364000e-05	-2.465620e-02	-9.702132e+00
3.365000e-05	2.715984e-02	-9.848877e+00
3.366000e-05	-3.104039e-02	-9.944715e+00
3.367000e-05	-1.094747e-02	-1.013311e+01
3.368000e-05	-5.918514e-03	-1.025838e+01
3.369000e-05	8.142610e-03	-1.035623e+01
3.370000e-05	-2.888688e-03	-1.054301e+01
3.371000e-05	-2.679520e-02	-1.065788e+01
3.372000e-05	2.935718e-03	-1.076556e+01
3.373000e-05	-5.036888e-03	-1.090196e+01
3.374000e-05	2.530190e-03	-1.100767e+01
3.375000e-05	-2.829863e-02	-1.110991e+01
3.376000e-05	-9.759272e-05	-1.123817e+01
3.377000e-05	-1.123023e-03	-1.137296e+01
3.378000e-05	1.324106e-03	-1.150822e+01
3.379000e-05	-1.908837e-02	-1.158246e+01
3.380000e-05	-1.162390e-02	-1.169873e+01
3.381000e-05	1.671490e-03	-1.177292e+01
3.382000e-05	-5.847770e-03	-1.188813e+01
3.383000e-05	-1.191578e-02	-1.198231e+01
3.384000e-05	-1.535386e-02	-1.209702e+01
3.385000e-05	2.930595e-03	-1.213121e+01
3.386000e-05	-5.111394e-03	-1.218234e+01
3.387000e-05	-8.971226e-03	-1.223649e+01
3.388000e-05	-1.629585e-02	-1.229015e+01
3.389000e-05	-2.887105e-03	-1.236171e+01
3.390000e-05	-3.107261e-03	-1.240226e+01
3.391000e-05	-9.134913e-03	-1.243555e+01
3.392000e-05	-1.137122e-02	-1.248648e+01
3.393000e-05	-5.980321e-03	-1.254268e+01
3.394000e-05	-1.721622e-03	-1.255021e+01
3.395000e-05	-1.009592e-02	-1.260424e+01
3.396000e-05	-1.098397e-02	-1.258529e+01
3.397000e-05	-7.336631e-03	-1.260782e+01
3.398000e-05	-2.801251e-03	-1.267645e+01
3.399000e-05	-6.877097e-03	-1.261695e+01
3.400000e-05	-1.169502e-02	-1.268634e+01
3.401000e-05	-8.783427e-03	-1.262745e+01
3.402000e-05	-5.058538e-03	-1.263742e+01
3.403000e-05	-6.923048e-03	-1.263635e+01
3.404000e-05	-1.039326e-02	-1.262584e+01
3.405000e-05	-7.912748e-03	-1.260474e+01
3.406000e-05	-4.416415e-03	-1.256424e+01
3.407000e-05	-5.738157e-03	-1.255128e+01
3.408000e-05	-1.037171e-02	-1.254013e+01
3.409000e-05	-9.382984e-03	-1.250745e+01
3.410000e-05	-5.402394e-03	-1.245892e+01
3.411000e-05	-5.049082e-03	-1.240382e+01
3.412000e-05	-9.138063e-03	-1.233011e+01
3.413000e-05	-9.266034e-03	-1.223005e+01
3.414000e-05	-6.863860e-03	-1.222745e+01
3.415000e-05	-5.862025e-03	-1.215381e+01
3.416000e-05	-7.536264e-03	-1.212268e+01
3.417000e-05	-9.605011e-03	-1.205447e+01
3.418000e-05	-6.579100e-03	-1.197343e+01
3.419000e-05	-5.994455e-03	-1.189765e+01
3.420000e-05	-7.260558e-03	-1.180389e+01
3.421000e-05	-9.113079e-03	-1.167813e+01
3.422000e-05	-7.936727e-03	-1.159294e+01
3.423000e-05	-5.813974e-03	-1.146855e+01
3.424000e-05	-7.177916e-03	-1.135338e+01
3.425000e-05	-8.626073e-03	-1.119454e+01
3.426000e-05	-7.796293e-03	-1.108935e+01
3.427000e-05	-6.480150e-03	-1.097461e+01
3.428000e-05	-7.112803e-03	-1.087880e+01
3.429000e-05	-8.270232e-03	-1.078562e+01
3.430000e-05	-7.477380e-03	-1.067922e+01
3.431000e-05	-6.609812e-03	-1.055409e+01
3.432000e-05	-6.899534e-03	-1.041564e+01
3.433000e-05	-7.127233e-03	-1.025998e+01
3.434000e-05	-6.802594e-03	-1.016049e+01
3.435000e-05	-6.754858e-03	-9.954734e+00
3.436000e-05	-6.503417e-03	-9.857900e+00
3.437000e-05	-6.741341e-03	-9.710632e+00
3.438000e-05	-6.180292e-03	-9.563736e+00
3.439000e-05	-6.796297e-03	-9.406218e+00
3.440000e-05	-6.323326e-03	-9.237997e+00
3.441000e-05	-6.277076e-03	-9.081580e+00
3.442000e-05	-6.571828e-03	-8.933755e+00
3.443000e-05	-7.000868e-03	-8.783835e+00
3.444000e-05	-6.144010e-03	-8.565443e+00
3.445000e-05	-6.856736e-03	-8.385941e+00
3.446000e-05	-5.772077e-03	-8.246072e+00
3.447000e-05	-6.312601e-03	-8.066252e+00
3.448000e-05	-6.378662e-03	-7.848254e+00
3.449000e-05	-6.045405e-03	-7.617822e+00
3.450000e-05	-5.352769e-03	-7.448224e+00
3.451000e-05	-6.179327e-03	-7.259375e+00
3.452000e-05	-7.374158e-03	-7.049351e+00
3.453000e-05	-6.071879e-03	-6.829854e+00
3.454000e-05	-5.551418e-03	-6.690050e+00
3.455000e-05	-4.581189e-03	-6.490553e+00
3.456000e-05	-6.510486e-03	-6.280052e+00
3.457000e-05	-5.272438e-03	-6.039571e+00
3.458000e-05	-5.186912e-03	-5.829471e+00
3.459000e-05	-4.863326e-03	-5.629101e+00
3.460000e-05	-7.366381e-03	-5.456999e+00
3.461000e-05	-5.294072e-03	-5.154963e+00
3.462000e-05	-5.176321e-03	-4.952335e+00
3.463000e-05	-3.786055e-03	-4.649255e+00
3.464000e-05	-6.297636e-03	-4.492408e+00
3.465000e-05	-4.381425e-03	-4.302458e+00
3.466000e-05	-4.438080e-03	-4.090428e+00
3.467000e-05	-3.842496e-03	-3.872379e+00
3.468000e-05	-6.117510e-03	-3.620350e+00
3.469000e-05	-6.548581e-03	-3.429896e+00
3.470000e-05	-4.863178e-03	-3.238370e+00
3.471000e-05	-3.764125e-03	-2.955889e+00
3.472000e-05	-4.128908e-03	-2.725811e+00
3.473000e-05	-4.460360e-03	-2.493284e+00
3.474000e-05	-3.247539e-03	-2.282756e+00
3.475000e-05	-3.816301e-03	-2.019126e+00
3.476000e-05	-4.847841e-03	-1.848596e+00
3.477000e-05	-6.332621e-03	-1.596668e+00
3.478000e-05	-4.026851e-03	-1.355109e+00
3.479000e-05	-3.663998e-03	-1.043351e+00
3.480000e-05	-3.073462e-03	-8.624275e-01
3.481000e-05	-4.146459e-03	-5.698924e-01
3.482000e-05	-2.158166e-03	-3.358195e-01
3.483000e-05	-1.806203e-03	-1.267645e-01
3.484000e-05	3.548943e-03	6.560794e-02
3.485000e-05	5.897285e-04	3.272709e-01
3.486000e-05	-7.102630e-04	5.067709e-01
3.487000e-05	-3.491099e-05	7.573236e-01
3.488000e-05	-1.045324e-03	9.302211e-01
3.489000e-05	3.592407e-04	1.201830e+00
3.490000e-05	1.749347e-03	1.421856e+00
3.491000e-05	1.905913e-02	1.675571e+00
3.492000e-05	6.329179e-02	1.916017e+00
3.493000e-05	1.149243e-02	2.198647e+00
3.494000e-05	-5.648363e-02	2.413330e+00
3.495000e-05	-4.238301e-02	2.664336e+00
3.496000e-05	-3.077938e-02	2.893235e+00
3.497000e-05	-4.069931e-02	3.030603e+00
3.498000e-05	6.783872e-02	3.178505e+00
3.499000e-05	-3.528005e-03	3.432660e+00
3.500000e-05	-6.120381e-02	3.631987e+00
3.501000e-05	1.217759e-01	3.871951e+00
3.502000e-05	-3.262190e-02	4.125689e+00
3.503000e-05	1.764002e-03	4.295599e+00
3.504000e-05	-5.340319e-03	4.576215e+00
3.505000e-05	-5.924202e-02	4.809172e+00
3.506000e-05	6.282747e-02	5.029832e+00
3.507000e-05	-1.643480e-03	5.285342e+00
3.508000e-05	-6.487840e-03	5.503913e+00
3.509000e-05	8.133585e-03	5.725462e+00
3.510000e-05	-1.536985e-02	5.988443e+00
3.511000e-05	1.974454e-02	6.135942e+00
3.512000e-05	-1.974921e-02	6.347291e+00
3.513000e-05	-1.015433e-03	6.546316e+00
3.514000e-05	1.415604e-03	6.756350e+00
3.515000e-05	1.874220e-02	6.966322e+00
3.516000e-05	2.358258e-02	7.166845e+00
3.517000e-05	-4.395126e-02	7.374668e+00
3.518000e-05	1.497490e-02	7.585224e+00
3.519000e-05	5.923480e-03	7.788125e+00
3.520000e-05	5.458312e-03	7.976071e+00
3.521000e-05	4.814810e-05	8.198071e+00
3.522000e-05	-5.123595e-03	8.316467e+00
3.523000e-05	1.887648e-02	8.522340e+00
3.524000e-05	-5.038635e-03	8.641332e+00
3.525000e-05	1.207809e-03	8.860031e+00
3.526000e-05	-1.497425e-02	8.997071e+00
3.527000e-05	9.282913e-03	9.166397e+00
3.528000e-05	1.293196e-02	9.363387e+00
3.529000e-05	-2.010646e-03	9.491684e+00
3.530000e-05	1.268112e-03	9.619000e+00
3.531000e-05	-3.364078e-04	9.805344e+00
3.532000e-05	1.069795e-02	9.923744e+00
3.533000e-05	-5.038979e-03	1.010298e+01
3.534000e-05	-2.497393e-03	1.022935e+01
3.535000e-05	1.353022e-03	1.035314e+01
3.536000e-05	9.049682e-03	1.050351e+01
3.537000e-05	6.199933e-03	1.063723e+01
3.538000e-05	-3.219636e-03	1.078362e+01
3.539000e-05	1.853439e-03	1.089284e+01
3.540000e-05	3.568062e-03	1.099507e+01
3.541000e-05	4.014252e-03	1.109138e+01
3.542000e-05	-3.894676e-03	1.118659e+01
3.543000e-05	1.699907e-03	1.131193e+01
3.544000e-05	5.237336e-03	1.143707e+01
3.545000e-05	6.170328e-03	1.154041e+01
3.546000e-05	-4.808915e-04	1.163870e+01
3.547000e-05	-1.362660e-03	1.177589e+01
3.548000e-05	3.470631e-03	1.181755e+01
3.549000e-05	3.538784e-03	1.187124e+01
3.550000e-05	7.400263e-04	1.193289e+01
3.551000e-05	-6.718661e-05	1.205000e+01
3.552000e-05	3.441135e-03	1.212079e+01
3.553000e-05	3.401280e-03	1.216582e+01
3.554000e-05	9.714015e-04	1.224750e+01
3.555000e-05	-1.525618e-03	1.234054e+01
3.556000e-05	2.735548e-03	1.234229e+01
3.557000e-05	4.549523e-03	1.239540e+01
3.558000e-05	3.056294e-03	1.245848e+01
3.559000e-05	-2.969621e-04	1.245958e+01
3.560000e-05	1.450107e-03	1.251116e+01
3.561000e-05	2.204798e-03	1.252271e+01
3.562000e-05	1.754859e-03	1.255267e+01
3.563000e-05	-1.426641e-03	1.253372e+01
3.564000e-05	1.877147e-03	1.258422e+01
3.565000e-05	4.007429e-03	1.258577e+01
3.566000e-05	4.362990e-03	1.259274e+01
3.567000e-05	-1.324732e-04	1.258576e+01
3.568000e-05	-2.809880e-04	1.259527e+01
3.569000e-05	9.123177e-04	1.257422e+01
3.570000e-05	1.485461e-03	1.255324e+01
3.571000e-05	3.689264e-04	1.254474e+01
3.572000e-05	7.957948e-04	1.251363e+01
3.573000e-05	4.002263e-03	1.252206e+01
3.574000e-05	2.782129e-03	1.243748e+01
3.575000e-05	1.577441e-03	1.241645e+01
3.576000e-05	-1.291721e-03	1.240489e+01
3.577000e-05	2.474406e-03	1.232314e+01
3.578000e-05	1.335361e-03	1.232060e+01
3.579000e-05	7.808586e-04	1.220745e+01
3.580000e-05	-1.087342e-03	1.214479e+01
3.581000e-05	2.934748e-03	1.209076e+01
3.582000e-05	3.521903e-03	1.207763e+01
3.583000e-05	9.132087e-04	1.195332e+01
3.584000e-05	-2.351965e-04	1.190018e+01
3.585000e-05	9.479503e-04	1.183645e+01
3.586000e-05	1.441348e-03	1.174134e+01
3.587000e-05	6.217200e-05	1.163798e+01
3.588000e-05	-1.761611e-04	1.153292e+01
3.589000e-05	1.240238e-03	1.141665e+01
3.590000e-05	2.452666e-03	1.129131e+01
3.591000e-05	3.462425e-04	1.121564e+01
3.592000e-05	-3.196192e-04	1.109936e+01
3.593000e-05	-4.041367e-04	1.100609e+01
3.594000e-05	1.395549e-05	1.089028e+01
3.595000e-05	1.108472e-03	1.079299e+01
3.596000e-05	4.868494e-04	1.066820e+01
3.597000e-05	1.055998e-03	1.050046e+01
3.598000e-05	5.639201e-04	1.037562e+01
3.599000e-05	6.246919e-04	1.022833e+01
3.600000e-05	-7.943051e-04	1.010151e+01
3.601000e-05	1.390709e-04	9.982738e+00
3.602000e-05	-5.633886e-04	9.856249e+00
3.603000e-05	-3.146982e-04	9.648429e+00
3.604000e-05	-5.184799e-04	9.521530e+00
3.605000e-05	-5.256327e-04	9.365609e+00
3.606000e-05	-6.087484e-04	9.186948e+00
3.607000e-05	-8.024351e-04	9.057502e+00
3.608000e-05	-1.212799e-03	8.889681e+00
3.609000e-05	-4.985060e-04	8.710635e+00
3.610000e-05	-1.128832e-03	8.542837e+00
3.611000e-05	-1.094399e-03	8.364941e+00
3.612000e-05	-2.863596e-04	8.225992e+00
3.613000e-05	-1.185578e-03	8.005601e+00
3.614000e-05	-8.781814e-04	7.817096e+00
3.615000e-05	-1.926934e-03	7.638749e+00
3.616000e-05	-1.898452e-03	7.467223e+00
3.617000e-05	-3.006536e-03	7.186721e+00
3.618000e-05	-2.018375e-03	7.017852e+00
3.619000e-05	-1.445503e-03	6.837826e+00
3.620000e-05	-2.489120e-03	6.658855e+00
3.621000e-05	-1.523081e-03	6.405897e+00
3.622000e-05	-2.426496e-03	6.228872e+00
3.623000e-05	-2.385891e-03	6.018979e+00
3.624000e-05	-3.961776e-03	5.858560e+00
3.625000e-05	-2.440485e-03	5.586472e+00
3.626000e-05	-2.860830e-03	5.387500e+00
3.627000e-05	-2.696175e-03	5.155387e+00
3.628000e-05	-3.158339e-03	4.851255e+00
3.629000e-05	-2.629468e-03	4.640754e+00
3.630000e-05	-3.172307e-03	4.439857e+00
3.631000e-05	-3.548666e-03	4.242208e+00
3.632000e-05	-3.460790e-03	3.987121e+00
3.633000e-05	-3.848895e-03	3.766745e+00
3.634000e-05	-3.480665e-03	3.567749e+00
3.635000e-05	-4.194947e-03	3.364190e+00
3.636000e-05	-4.073899e-03	3.123684e+00
3.637000e-05	-4.191656e-03	2.904134e+00
3.638000e-05	-3.155048e-03	2.693533e+00
3.639000e-05	-3.933211e-03	2.399051e+00
3.640000e-05	-4.747690e-03	2.170501e+00
3.641000e-05	-4.476591e-03	1.968575e+00
3.642000e-05	-4.195327e-03	1.746496e+00
3.643000e-05	-4.567949e-03	1.515393e+00
3.644000e-05	-4.281049e-03	1.264359e+00
3.645000e-05	-4.426104e-03	9.702201e-01
3.646000e-05	-4.152129e-03	7.061158e-01
3.647000e-05	-4.071202e-03	5.151658e-01
3.648000e-05	-3.987252e-03	2.752157e-01
3.649000e-05	-3.343259e-03	1.245660e-02
3.650000e-05	1.473329e-03	-1.668660e-01
3.651000e-05	1.531072e-03	-3.774186e-01
3.652000e-05	-2.539727e-03	-6.093697e-01
3.653000e-05	-2.779107e-03	-8.400027e-01
3.654000e-05	-3.275453e-03	-1.001926e+00
3.655000e-05	-2.014400e-03	-1.242873e+00
3.656000e-05	1.182908e-03	-1.493963e+00
3.657000e-05	4.956314e-02	-1.694985e+00
3.658000e-05	5.582908e-02	-1.904486e+00
3.659000e-05	-5.440761e-02	-2.212249e+00
3.660000e-05	-4.394188e-02	-2.556466e+00
3.661000e-05	-5.486201e-02	-2.778018e+00
3.662000e-05	-4.873616e-02	-2.975992e+00
3.663000e-05	1.147123e-01	-3.094289e+00
3.664000e-05	-4.323926e-02	-3.305783e+00
3.665000e-05	-7.023576e-02	-3.535240e+00
3.666000e-05	1.527313e-01	-3.673638e+00
3.667000e-05	-8.320075e-02	-3.917261e+00
3.668000e-05	4.015392e-02	-4.219327e+00
3.669000e-05	-2.570999e-02	-4.358216e+00
3.670000e-05	-1.195222e-01	-4.620372e+00
3.671000e-05	1.240847e-01	-4.809824e+00
3.672000e-05	-3.523044e-02	-5.049850e+00
3.673000e-05	1.055201e-02	-5.325858e+00
3.674000e-05	1.103794e-02	-5.555543e+00
3.675000e-05	-7.365524e-02	-5.765564e+00
3.676000e-05	9.304206e-02	-5.958941e+00
3.677000e-05	-8.586794e-02	-6.207540e+00
3.678000e-05	-9.298353e-03	-6.418925e+00
3.679000e-05	2.301548e-02	-6.585471e+00
3.680000e-05	-3.767788e-03	-6.828922e+00
3.681000e-05	6.602901e-02	-7.028345e+00
3.682000e-05	-1.212146e-01	-7.239872e+00
3.683000e-05	5.124781e-02	-7.458820e+00
3.684000e-05	-1.578340e-02	-7.607293e+00
3.685000e-05	-2.459229e-03	-7.828801e+00
3.686000e-05	1.087797e-03	-8.030177e+00
3.687000e-05	-4.488371e-02	-8.218171e+00
3.688000e-05	6.959882e-02	-8.404946e+00
3.689000e-05	-4.539058e-02	-8.564916e+00
3.690000e-05	5.922262e-03	-8.775912e+00
3.691000e-05	-4.550743e-02	-8.902284e+00
3.692000e-05	1.927590e-02	-9.059656e+00
3.693000e-05	1.520786e-02	-9.228043e+00
3.694000e-05	-3.198376e-02	-9.425968e+00
3.695000e-05	6.520395e-03	-9.582287e+00
3.696000e-05	-1.957628e-02	-9.733682e+00
3.697000e-05	2.749235e-02	-9.850000e+00
3.698000e-05	-3.779573e-02	-1.000737e+01
3.699000e-05	-6.799787e-03	-1.013414e+01
3.700000e-05	-7.172526e-03	-1.027798e+01
3.701000e-05	1.453761e-02	-1.046987e+01
3.702000e-05	-9.966535e-03	-1.056259e+01
3.703000e-05	-2.370370e-02	-1.067040e+01
3.704000e-05	2.772392e-03	-1.081764e+01
3.705000e-05	-2.482278e-03	-1.092190e+01
3.706000e-05	-1.873500e-03	-1.104672e+01
3.707000e-05	-2.864013e-02	-1.118248e+01
3.708000e-05	2.320631e-03	-1.125020e+01
3.709000e-05	-1.096715e-03	-1.138254e+01
3.710000e-05	5.917295e-04	-1.147018e+01
3.711000e-05	-2.232291e-02	-1.157346e+01
3.712000e-05	-7.841658e-03	-1.169081e+01
3.713000e-05	2.434299e-03	-1.181439e+01
3.714000e-05	-5.067896e-03	-1.187810e+01
3.715000e-05	-1.415501e-02	-1.200384e+01
3.716000e-05	-1.336913e-02	-1.202807e+01
3.717000e-05	4.650743e-03	-1.211981e+01
3.718000e-05	-5.586074e-03	-1.218284e+01
3.719000e-05	-1.087276e-02	-1.225695e+01
3.720000e-05	-1.625538e-02	-1.225013e+01
3.721000e-05	3.734145e-04	-1.234323e+01
3.722000e-05	-3.822754e-03	-1.237334e+01
3.723000e-05	-1.112223e-02	-1.242687e+01
3.724000e-05	-1.272379e-02	-1.248953e+01
3.725000e-05	-3.585214e-03	-1.254166e+01
3.726000e-05	-1.475587e-03	-1.254268e+01
3.727000e-05	-1.204516e-02	-1.256384e+01
3.728000e-05	-1.345552e-02	-1.258384e+01
3.729000e-05	-4.634796e-03	-1.262592e+01
3.730000e-05	-1.779129e-03	-1.260737e+01
3.731000e-05	-8.401562e-03	-1.265634e+01
3.732000e-05	-1.381807e-02	-1.262692e+01
3.733000e-05	-6.611651e-03	-1.265835e+01
3.734000e-05	-2.901062e-03	-1.266687e+01
3.735000e-05	-7.571897e-03	-1.264587e+01
3.736000e-05	-1.206860e-02	-1.263687e+01
3.737000e-05	-7.351801e-03	-1.260522e+01
3.738000e-05	-2.687795e-03	-1.257326e+01
3.739000e-05	-6.309225e-03	-1.255271e+01
3.740000e-05	-1.212458e-02	-1.253911e+01
3.741000e-05	-8.405140e-03	-1.245845e+01
3.742000e-05	-4.255757e-03	-1.245749e+01
3.743000e-05	-4.965790e-03	-1.238324e+01
3.744000e-05	-1.175303e-02	-1.232966e+01
3.745000e-05	-9.525117e-03	-1.226950e+01
3.746000e-05	-4.953015e-03	-1.220640e+01
3.747000e-05	-5.582912e-03	-1.216176e+01
3.748000e-05	-1.086913e-02	-1.211066e+01
3.749000e-05	-9.470592e-03	-1.201500e+01
3.750000e-05	-4.894364e-03	-1.195123e+01
3.751000e-05	-4.816347e-03	-1.185858e+01
3.752000e-05	-9.001515e-03	-1.176429e+01
3.753000e-05	-1.028655e-02	-1.166709e+01
3.754000e-05	-6.022243e-03	-1.153238e+01
3.755000e-05	-5.140307e-03	-1.147562e+01
3.756000e-05	-7.949934e-03	-1.136128e+01
3.757000e-05	-9.939371e-03	-1.121757e+01
3.758000e-05	-5.950522e-03	-1.108025e+01
3.759000e-05	-4.222626e-03	-1.097302e+01
3.760000e-05	-7.254059e-03	-1.087935e+01
3.761000e-05	-9.354826e-03	-1.078449e+01
3.762000e-05	-7.436225e-03	-1.068782e+01
3.763000e-05	-5.043702e-03	-1.055356e+01
3.764000e-05	-6.401124e-03	-1.041369e+01
3.765000e-05	-9.234727e-03	-1.029829e+01
3.766000e-05	-6.620354e-03	-1.007895e+01
3.767000e-05	-4.821541e-03	-9.934190e+00
3.768000e-05	-6.499926e-03	-9.807821e+00
3.769000e-05	-7.997287e-03	-9.659054e+00
3.770000e-05	-8.055798e-03	-9.533704e+00
3.771000e-05	-4.935576e-03	-9.434788e+00
3.772000e-05	-5.404006e-03	-9.187871e+00
3.773000e-05	-7.116957e-03	-9.029052e+00
3.774000e-05	-8.044008e-03	-8.891706e+00
3.775000e-05	-5.796318e-03	-8.733259e+00
3.776000e-05	-4.858915e-03	-8.553288e+00
3.777000e-05	-7.072388e-03	-8.384491e+00
3.778000e-05	-7.707049e-03	-8.196620e+00
3.779000e-05	-5.781388e-03	-8.038170e+00
3.780000e-05	-4.939221e-03	-7.868650e+00
3.781000e-05	-5.972111e-03	-7.555122e+00
3.782000e-05	-6.706478e-03	-7.447250e+00
3.783000e-05	-5.273597e-03	-7.238300e+00
3.784000e-05	-4.119490e-03	-7.057326e+00
3.785000e-05	-5.104123e-03	-6.837324e+00
3.786000e-05	-6.985719e-03	-6.639845e+00
3.787000e-05	-6.631616e-03	-6.449977e+00
3.788000e-05	-5.630199e-03	-6.259951e+00
3.789000e-05	-5.303959e-03	-6.017895e+00
3.790000e-05	-6.856364e-03	-5.805996e+00
3.791000e-05	-4.697709e-03	-5.588172e+00
3.792000e-05	-4.396446e-03	-5.417471e+00
3.793000e-05	-3.280466e-03	-5.143387e+00
3.794000e-05	-6.072463e-03	-4.892205e+00
3.795000e-05	-5.746461e-03	-4.640824e+00
3.796000e-05	-5.776029e-03	-4.490350e+00
3.797000e-05	-4.252210e-03	-4.280904e+00
3.798000e-05	-5.819821e-03	-4.081874e+00
3.799000e-05	-5.703262e-03	-3.859852e+00
3.800000e-05	-4.436237e-03	-3.597821e+00
3.801000e-05	-3.893559e-03	-3.416798e+00
3.802000e-05	-5.398982e-03	-3.115795e+00
3.803000e-05	-4.694201e-03	-2.963756e+00
3.804000e-05	-4.183469e-03	-2.723305e+00
3.805000e-05	-3.605775e-03	-2.463703e+00
3.806000e-05	-5.145061e-03	-2.231073e+00
3.807000e-05	-5.526388e-03	-2.019096e+00
3.808000e-05	-4.949011e-03	-1.818674e+00
3.809000e-05	-4.146563e-03	-1.607593e+00
3.810000e-05	-3.642710e-03	-1.292927e+00
3.811000e-05	-3.955991e-03	-1.051850e+00
3.812000e-05	-3.235980e-03	-7.883240e-01
3.813000e-05	-3.569421e-03	-6.191921e-01
3.814000e-05	-3.322451e-03	-3.567669e-01
3.815000e-05	-2.859414e-03	-1.051845e-01
3.816000e-05	3.737821e-03	1.067643e-01
3.817000e-05	1.712060e-03	3.588237e-01
3.818000e-05	1.232077e-03	5.578209e-01
3.819000e-05	-9.279973e-04	7.778460e-01
3.820000e-05	-5.699441e-04	9.703524e-01
3.821000e-05	1.149343e-03	1.213432e+00
3.822000e-05	1.886646e-03	1.444061e+00
3.823000e-05	2.241737e-02	1.705522e+00
3.824000e-05	6.305822e-02	1.957620e+00
3.825000e-05	4.373030e-04	2.200253e+00
3.826000e-05	-5.557475e-02	2.453264e+00
3.827000e-05	-3.944964e-02	2.706399e+00
3.828000e-05	-3.160221e-02	2.904840e+00
3.829000e-05	-3.409323e-02	3.060634e+00
3.830000e-05	8.098768e-02	3.221104e+00
3.831000e-05	-3.116923e-02	3.494264e+00
3.832000e-05	-3.749734e-02	3.704587e+00
3.833000e-05	1.158250e-01	3.843083e+00
3.834000e-05	-4.622678e-02	4.164670e+00
3.835000e-05	1.513538e-02	4.337775e+00
3.836000e-05	-2.086999e-02	4.577673e+00
3.837000e-05	-4.318608e-02	4.819726e+00
3.838000e-05	6.634200e-02	5.052859e+00
3.839000e-05	-1.074116e-02	5.355967e+00
3.840000e-05	-3.960116e-03	5.516446e+00
3.841000e-05	3.297149e-03	5.737492e+00
3.842000e-05	-1.151073e-02	5.977945e+00
3.843000e-05	1.942272e-02	6.177422e+00
3.844000e-05	-2.361770e-02	6.327374e+00
3.845000e-05	6.222311e-03	6.588945e+00
3.846000e-05	-2.368931e-04	6.809374e+00
3.847000e-05	2.617413e-02	6.997296e+00
3.848000e-05	1.171100e-02	7.198772e+00
3.849000e-05	-4.376390e-02	7.378245e+00
3.850000e-05	2.217312e-02	7.587297e+00
3.851000e-05	1.510329e-03	7.838675e+00
3.852000e-05	7.203293e-03	8.009250e+00
3.853000e-05	-5.355788e-03	8.239698e+00
3.854000e-05	1.190663e-03	8.385547e+00
3.855000e-05	1.735926e-02	8.534438e+00
3.856000e-05	-4.137646e-03	8.671761e+00
3.857000e-05	-1.212254e-03	8.829734e+00
3.858000e-05	-1.415277e-02	9.009552e+00
3.859000e-05	1.252851e-02	9.215948e+00
3.860000e-05	9.569171e-03	9.344795e+00
3.861000e-05	-2.513976e-03	9.491212e+00
3.862000e-05	1.115739e-03	9.679403e+00
3.863000e-05	3.581556e-03	9.826525e+00
3.864000e-05	1.111129e-02	9.964770e+00
3.865000e-05	-6.474524e-03	1.011211e+01
3.866000e-05	-3.174661e-03	1.021890e+01
3.867000e-05	1.256277e-03	1.039669e+01
3.868000e-05	1.050231e-02	1.051406e+01
3.869000e-05	2.226740e-03	1.063828e+01
3.870000e-05	-3.251661e-03	1.076469e+01
3.871000e-05	4.050300e-03	1.088286e+01
3.872000e-05	5.654398e-03	1.101514e+01
3.873000e-05	3.312432e-03	1.109133e+01
3.874000e-05	-5.051792e-03	1.120517e+01
3.875000e-05	1.569308e-03	1.133342e+01
3.876000e-05	6.201361e-03	1.148707e+01
3.877000e-05	4.704289e-03	1.152089e+01
3.878000e-05	-2.771888e-03	1.166818e+01
3.879000e-05	-4.353475e-04	1.174339e+01
3.880000e-05	5.754158e-03	1.183758e+01
3.881000e-05	3.442329e-03	1.188971e+01
3.882000e-05	-8.051954e-04	1.199434e+01
3.883000e-05	-5.413903e-04	1.203803e+01
3.884000e-05	6.142291e-03	1.211371e+01
3.885000e-05	1.511055e-03	1.221589e+01
3.886000e-05	-3.288054e-04	1.224802e+01
3.887000e-05	-2.823556e-03	1.230958e+01
3.888000e-05	4.379191e-03	1.238329e+01
3.889000e-05	5.006875e-03	1.241577e+01
3.890000e-05	3.096212e-03	1.247700e+01
3.891000e-05	-3.923211e-04	1.249151e+01
3.892000e-05	3.667426e-03	1.249058e+01
3.893000e-05	1.740405e-03	1.255469e+01
3.894000e-05	-8.203926e-04	1.253116e+01
3.895000e-05	-2.713971e-03	1.254222e+01
3.896000e-05	3.049014e-03	1.258484e+01
3.897000e-05	5.845475e-03	1.259430e+01
3.898000e-05	3.903804e-03	1.258628e+01
3.899000e-05	1.306171e-03	1.259432e+01
3.900000e-05	3.125496e-04	1.259485e+01
3.901000e-05	2.475440e-03	1.259172e+01
3.902000e-05	-5.800262e-05	1.256526e+01
3.903000e-05	-1.159215e-03	1.254281e+01
3.904000e-05	1.892715e-03	1.252269e+01
3.905000e-05	4.756400e-03	1.254056e+01
3.906000e-05	4.378377e-03	1.244650e+01
3.907000e-05	1.220498e-03	1.243690e+01
3.908000e-05	-3.102541e-04	1.243280e+01
3.909000e-05	2.259262e-03	1.236314e+01
3.910000e-05	9.224864e-04	1.227901e+01
3.911000e-05	-1.644268e-03	1.223697e+01
3.912000e-05	-3.200995e-04	1.218527e+01
3.913000e-05	3.339738e-03	1.214066e+01
3.914000e-05	4.788562e-03	1.206795e+01
3.915000e-05	1.204240e-03	1.196081e+01
3.916000e-05	6.668402e-04	1.189965e+01
3.917000e-05	1.451430e-03	1.182695e+01
3.918000e-05	1.036948e-03	1.171239e+01
3.919000e-05	-1.942594e-03	1.167453e+01
3.920000e-05	-1.044910e-03	1.156084e+01
3.921000e-05	1.832937e-03	1.142647e+01
3.922000e-05	3.709862e-03	1.128928e+01
3.923000e-05	9.652189e-04	1.115399e+01
3.924000e-05	-1.082307e-03	1.106930e+01
3.925000e-05	1.807484e-04	1.097454e+01
3.926000e-05	9.323010e-04	1.087990e+01
3.927000e-05	-2.143135e-04	1.078347e+01
3.928000e-05	-1.707510e-03	1.061719e+01
3.929000e-05	1.389547e-03	1.047888e+01
3.930000e-05	1.177855e-03	1.033254e+01
3.931000e-05	8.251883e-04	1.021672e+01
3.932000e-05	-1.130000e-03	1.008141e+01
3.933000e-05	-7.498587e-04	9.935089e+00
3.934000e-05	8.447662e-04	9.774196e+00
3.935000e-05	-6.399816e-04	9.616852e+00
3.936000e-05	-1.412462e-03	9.458459e+00
3.937000e-05	-1.604751e-03	9.302659e+00
3.938000e-05	6.133203e-04	9.206369e+00
3.939000e-05	-4.504056e-04	9.026877e+00
3.940000e-05	-1.355095e-03	8.848051e+00
3.941000e-05	-2.415533e-03	8.659632e+00
3.942000e-05	8.406834e-05	8.551237e+00
3.943000e-05	-2.375638e-04	8.333911e+00
3.944000e-05	-1.552263e-03	8.196444e+00
3.945000e-05	-2.772005e-03	7.974442e+00
3.946000e-05	-1.308615e-03	7.786047e+00
3.947000e-05	-2.065889e-03	7.576500e+00
3.948000e-05	-2.528570e-03	7.385151e+00
3.949000e-05	-2.882181e-03	7.187671e+00
3.950000e-05	-1.337574e-03	6.996650e+00
3.951000e-05	-2.920148e-04	6.825772e+00
3.952000e-05	-1.888735e-03	6.567822e+00
3.953000e-05	-3.385348e-03	6.367250e+00
3.954000e-05	-3.113161e-03	6.206849e+00
3.955000e-05	-2.127102e-03	6.019880e+00
3.956000e-05	-2.532902e-03	5.766874e+00
3.957000e-05	-3.412802e-03	5.546394e+00
3.958000e-05	-3.011882e-03	5.375342e+00
3.959000e-05	-1.703152e-03	5.161285e+00
3.960000e-05	-2.431447e-03	4.821679e+00
3.961000e-05	-2.922514e-03	4.620203e+00
3.962000e-05	-3.954968e-03	4.448699e+00
3.963000e-05	-2.944705e-03	4.227159e+00
3.964000e-05	-2.674454e-03	3.945543e+00
3.965000e-05	-3.781630e-03	3.747169e+00
3.966000e-05	-4.232949e-03	3.556541e+00
3.967000e-05	-2.781807e-03	3.324615e+00
3.968000e-05	-2.837716e-03	3.083113e+00
3.969000e-05	-4.234435e-03	2.883105e+00
3.970000e-05	-4.274830e-03	2.691481e+00
3.971000e-05	-4.766669e-03	2.379421e+00
3.972000e-05	-2.659445e-03	2.158495e+00
3.973000e-05	-4.121769e-03	1.956043e+00
3.974000e-05	-4.548656e-03	1.744991e+00
3.975000e-05	-4.061164e-03	1.472934e+00
3.976000e-05	-3.622592e-03	1.261807e+00
3.977000e-05	-3.609198e-03	9.496475e-01
3.978000e-05	-5.508762e-03	7.555881e-01
3.979000e-05	-4.904734e-03	5.146356e-01
3.980000e-05	-3.351429e-03	2.635343e-01
3.981000e-05	-3.314862e-03	2.155376e-02
3.982000e-05	2.237892e-03	-1.799712e-01
3.983000e-05	2.808719e-04	-3.695222e-01
3.984000e-05	-4.817566e-04	-5.920462e-01
3.985000e-05	-2.151473e-03	-8.530053e-01
3.986000e-05	-3.726861e-03	-1.023451e+00
3.987000e-05	-3.198324e-03	-1.274005e+00
3.988000e-05	2.856924e-03	-1.516609e+00
3.989000e-05	6.058666e-02	-1.703963e+00
3.990000e-05	4.150270e-02	-1.935986e+00
3.991000e-05	-5.875233e-02	-2.282452e+00
3.992000e-05	-4.249447e-02	-2.578043e+00
3.993000e-05	-5.678131e-02	-2.798572e+00
3.994000e-05	-3.425047e-02	-2.996522e+00
3.995000e-05	1.204573e-01	-3.136237e+00
3.996000e-05	-7.813791e-02	-3.334412e+00
3.997000e-05	-3.083077e-02	-3.556815e+00
3.998000e-05	1.406762e-01	-3.714709e+00
3.999000e-05	-9.459174e-02	-4.026893e+00
4.000000e-05	6.151937e-02	-4.240455e+00
4.001000e-05	-5.778061e-02	-4.409897e+00
4.002000e-05	-9.077277e-02	-4.610001e+00
4.003000e-05	1.225280e-01	-4.851783e+00
4.004000e-05	-5.458876e-02	-5.084958e+00
4.005000e-05	3.024337e-02	-5.386542e+00
4.006000e-05	-1.000820e-02	-5.607567e+00
4.007000e-05	-5.439466e-02	-5.829122e+00
4.008000e-05	9.013287e-02	-5.986500e+00
4.009000e-05	-1.010004e-01	-6.206093e+00
4.010000e-05	1.579954e-02	-6.420501e+00
4.011000e-05	1.933500e-03	-6.618549e+00
4.012000e-05	1.387023e-02	-6.850400e+00
4.013000e-05	4.435262e-02	-7.056450e+00
4.014000e-05	-1.151180e-01	-7.290501e+00
4.015000e-05	6.706495e-02	-7.440401e+00
4.016000e-05	-3.443258e-02	-7.648446e+00
4.017000e-05	1.518808e-02	-7.891855e+00
4.018000e-05	-1.729028e-02	-8.091352e+00
4.019000e-05	-2.689858e-02	-8.239675e+00
4.020000e-05	6.046679e-02	-8.406068e+00
4.021000e-05	-4.797675e-02	-8.587984e+00
4.022000e-05	1.194480e-02	-8.795841e+00
4.023000e-05	-5.077099e-02	-8.952959e+00
4.024000e-05	3.120370e-02	-9.111704e+00
4.025000e-05	-1.478094e-03	-9.249675e+00
4.026000e-05	-2.148291e-02	-9.446920e+00
4.027000e-05	2.547826e-03	-9.596813e+00
4.028000e-05	-1.363011e-02	-9.733109e+00
4.029000e-05	2.259256e-02	-9.869527e+00
4.030000e-05	-3.983100e-02	-9.995792e+00
4.031000e-05	-2.622984e-04	-1.017264e+01
4.032000e-05	-1.038596e-02	-1.029958e+01
4.033000e-05	1.715747e-02	-1.047732e+01
4.034000e-05	-1.573276e-02	-1.057559e+01
4.035000e-05	-1.688754e-02	-1.069053e+01
4.036000e-05	-1.758890e-04	-1.080612e+01
4.037000e-05	-1.470343e-03	-1.095301e+01
4.038000e-05	-4.147976e-03	-1.099525e+01
4.039000e-05	-2.497657e-02	-1.118344e+01
4.040000e-05	3.680089e-03	-1.129988e+01
4.041000e-05	-3.208293e-03	-1.137346e+01
4.042000e-05	-1.235403e-04	-1.150035e+01
4.043000e-05	-2.245680e-02	-1.158401e+01
4.044000e-05	-3.988208e-03	-1.168118e+01
4.045000e-05	-1.335908e-03	-1.175452e+01
4.046000e-05	-4.803544e-03	-1.191972e+01
4.047000e-05	-1.423029e-02	-1.195434e+01
4.048000e-05	-9.175005e-03	-1.205810e+01
4.049000e-05	2.186144e-03	-1.213321e+01
4.050000e-05	-7.255827e-03	-1.217486e+01
4.051000e-05	-1.192683e-02	-1.225494e+01
4.052000e-05	-1.446782e-02	-1.233066e+01
4.053000e-05	-4.347910e-04	-1.235121e+01
4.054000e-05	-6.735324e-03	-1.240536e+01
4.055000e-05	-9.773318e-03	-1.244595e+01
4.056000e-05	-1.067708e-02	-1.249055e+01
4.057000e-05	-2.785720e-03	-1.254216e+01
4.058000e-05	-3.143949e-03	-1.257266e+01
4.059000e-05	-1.204273e-02	-1.258379e+01
4.060000e-05	-1.107641e-02	-1.257434e+01
4.061000e-05	-5.716605e-03	-1.263687e+01
4.062000e-05	-3.686170e-03	-1.260790e+01
4.063000e-05	-1.012927e-02	-1.258587e+01
4.064000e-05	-9.662002e-03	-1.263789e+01
4.065000e-05	-5.337580e-03	-1.266647e+01
4.066000e-05	-3.420898e-03	-1.264742e+01
4.067000e-05	-9.894974e-03	-1.261634e+01
4.068000e-05	-1.085252e-02	-1.263684e+01
4.069000e-05	-7.949702e-03	-1.259587e+01
4.070000e-05	-4.772345e-03	-1.261371e+01
4.071000e-05	-9.130876e-03	-1.251064e+01
4.072000e-05	-1.039045e-02	-1.251955e+01
4.073000e-05	-7.559641e-03	-1.242851e+01
4.074000e-05	-4.395919e-03	-1.247537e+01
4.075000e-05	-6.975672e-03	-1.239329e+01
4.076000e-05	-1.056817e-02	-1.236068e+01
4.077000e-05	-7.859970e-03	-1.224895e+01
4.078000e-05	-5.384445e-03	-1.222534e+01
4.079000e-05	-7.004523e-03	-1.217176e+01
4.080000e-05	-9.977351e-03	-1.209970e+01
4.081000e-05	-9.207751e-03	-1.204444e+01
4.082000e-05	-4.515008e-03	-1.193218e+01
4.083000e-05	-6.070998e-03	-1.186702e+01
4.084000e-05	-8.591444e-03	-1.175227e+01
4.085000e-05	-9.691157e-03	-1.167755e+01
4.086000e-05	-6.464080e-03	-1.156175e+01
4.087000e-05	-5.917484e-03	-1.144707e+01
4.088000e-05	-8.389683e-03	-1.129925e+01
4.089000e-05	-8.519647e-03	-1.122305e+01
4.090000e-05	-6.479531e-03	-1.106025e+01
4.091000e-05	-6.310861e-03	-1.095351e+01
4.092000e-05	-7.813891e-03	-1.085922e+01
4.093000e-05	-9.368118e-03	-1.076399e+01
4.094000e-05	-6.253471e-03	-1.062677e+01
4.095000e-05	-6.128860e-03	-1.051295e+01
4.096000e-05	-6.483908e-03	-1.043506e+01
4.097000e-05	-7.413229e-03	-1.027637e+01
4.098000e-05	-6.471140e-03	-1.006793e+01
4.099000e-05	-5.834031e-03	-9.942059e+00
4.100000e-05	-6.930485e-03	-9.848771e+00
4.101000e-05	-8.282058e-03	-9.680026e+00
4.102000e-05	-6.743935e-03	-9.491082e+00
4.103000e-05	-5.698917e-03	-9.372687e+00
4.104000e-05	-5.803163e-03	-9.205842e+00
4.105000e-05	-6.830477e-03	-9.059019e+00
4.106000e-05	-6.317014e-03	-8.889205e+00
4.107000e-05	-5.965146e-03	-8.690582e+00
4.108000e-05	-6.004011e-03	-8.511311e+00
4.109000e-05	-6.662339e-03	-8.363390e+00
4.110000e-05	-6.379395e-03	-8.196994e+00
4.111000e-05	-6.142458e-03	-8.027596e+00
4.112000e-05	-6.290869e-03	-7.786672e+00
4.113000e-05	-7.106033e-03	-7.614993e+00
4.114000e-05	-5.778057e-03	-7.445671e+00
4.115000e-05	-4.909113e-03	-7.218169e+00
4.116000e-05	-4.920832e-03	-7.036745e+00
4.117000e-05	-6.272448e-03	-6.817790e+00
4.118000e-05	-6.006546e-03	-6.617768e+00
4.119000e-05	-5.886955e-03	-6.439395e+00
4.120000e-05	-5.394917e-03	-6.228321e+00
4.121000e-05	-6.089794e-03	-6.015367e+00
4.122000e-05	-5.661192e-03	-5.826492e+00
4.123000e-05	-4.484931e-03	-5.607043e+00
4.124000e-05	-5.059029e-03	-5.384341e+00
4.125000e-05	-4.428176e-03	-5.123407e+00
4.126000e-05	-5.464307e-03	-4.881699e+00
4.127000e-05	-4.748623e-03	-4.617621e+00
4.128000e-05	-5.735768e-03	-4.469849e+00
4.129000e-05	-4.647602e-03	-4.258874e+00
4.130000e-05	-4.733542e-03	-4.059849e+00
4.131000e-05	-4.804845e-03	-3.867872e+00
4.132000e-05	-5.344341e-03	-3.567268e+00
4.133000e-05	-5.724621e-03	-3.375186e+00
4.134000e-05	-5.531887e-03	-3.146213e+00
4.135000e-05	-4.147032e-03	-2.922706e+00
4.136000e-05	-4.541853e-03	-2.712201e+00
4.137000e-05	-2.962829e-03	-2.501701e+00
4.138000e-05	-4.267455e-03	-2.247517e+00
4.139000e-05	-4.767931e-03	-1.947043e+00
4.140000e-05	-5.811212e-03	-1.747017e+00
4.141000e-05	-5.326416e-03	-1.503987e+00
4.142000e-05	-5.282439e-03	-1.232351e+00
4.143000e-05	-4.415936e-03	-1.008850e+00
4.144000e-05	-3.346830e-03	-8.188483e-01
4.145000e-05	-3.327812e-03	-5.675868e-01
4.146000e-05	-1.899559e-03	-3.146856e-01
4.147000e-05	-5.287757e-04	-1.036080e-01
4.148000e-05	4.161410e-03	1.367947e-01
4.149000e-05	-3.915087e-04	3.394236e-01
4.150000e-05	-1.718961e-04	5.610002e-01
4.151000e-05	-1.258184e-03	7.493788e-01
4.152000e-05	8.800497e-04	1.008950e+00
4.153000e-05	1.058374e-03	1.272463e+00
4.154000e-05	3.484265e-03	1.482516e+00
4.155000e-05	2.807735e-02	1.745672e+00
4.156000e-05	6.562628e-02	1.940226e+00
4.157000e-05	-1.435454e-02	2.253831e+00
4.158000e-05	-5.552615e-02	2.486042e+00
4.159000e-05	-3.811694e-02	2.737022e+00
4.160000e-05	-3.338825e-02	2.925416e+00
4.161000e-05	-2.714675e-02	3.072258e+00
4.162000e-05	8.685118e-02	3.252108e+00
4.163000e-05	-5.358376e-02	3.464767e+00
4.164000e-05	-5.450588e-03	3.684688e+00
4.165000e-05	1.050718e-01	3.874181e+00
4.166000e-05	-5.498427e-02	4.156275e+00
4.167000e-05	2.596097e-02	4.397801e+00
4.168000e-05	-3.863464e-02	4.609380e+00
4.169000e-05	-2.687849e-02	4.821279e+00
4.170000e-05	6.138567e-02	5.084034e+00
4.171000e-05	-1.610837e-02	5.386043e+00
4.172000e-05	2.061728e-03	5.516023e+00
4.173000e-05	-2.003815e-04	5.775070e+00
4.174000e-05	-8.767544e-03	6.000529e+00
4.175000e-05	1.719075e-02	6.177000e+00
4.176000e-05	-2.413418e-02	6.409472e+00
4.177000e-05	9.734906e-03	6.628394e+00
4.178000e-05	-3.883298e-03	6.799901e+00
4.179000e-05	3.296766e-02	7.018877e+00
4.180000e-05	1.564502e-03	7.198301e+00
4.181000e-05	-3.873443e-02	7.397771e+00
4.182000e-05	2.416672e-02	7.660905e+00
4.183000e-05	-2.357340e-03	7.828750e+00
4.184000e-05	1.181993e-02	8.030803e+00
4.185000e-05	-9.535895e-03	8.249205e+00
4.186000e-05	5.873074e-03	8.387572e+00
4.187000e-05	1.203466e-02	8.535044e+00
4.188000e-05	-2.220435e-03	8.693786e+00
4.189000e-05	-2.651060e-03	8.881231e+00
4.190000e-05	-1.479761e-02	9.047705e+00
4.191000e-05	1.460893e-02	9.208001e+00
4.192000e-05	6.486215e-03	9.362943e+00
4.193000e-05	1.309670e-03	9.512714e+00
4.194000e-05	-9.534730e-04	9.661133e+00
4.195000e-05	6.715204e-03	9.858054e+00
4.196000e-05	7.233357e-03	9.997347e+00
4.197000e-05	-5.717594e-03	1.014462e+01
4.198000e-05	-4.095739e-03	1.025945e+01
4.199000e-05	2.372052e-03	1.035672e+01
4.200000e-05	9.193831e-03	1.053301e+01
4.201000e-05	3.376761e-03	1.062788e+01
4.202000e-05	-8.531526e-04	1.078617e+01
4.203000e-05	2.929454e-03	1.092249e+01
4.204000e-05	4.439588e-03	1.101470e+01
4.205000e-05	-1.085104e-03	1.114246e+01
4.206000e-05	-3.672979e-03	1.120760e+01
4.207000e-05	1.566260e-03	1.135546e+01
4.208000e-05	5.885074e-03	1.145875e+01
4.209000e-05	3.239250e-03	1.153339e+01
4.210000e-05	8.892492e-05	1.168918e+01
4.211000e-05	1.736026e-03	1.178442e+01
4.212000e-05	5.640426e-03	1.187958e+01
4.213000e-05	1.512403e-03	1.192026e+01
4.214000e-05	-1.129987e-03	1.201442e+01
4.215000e-05	-1.431265e-04	1.204763e+01
4.216000e-05	4.355672e-03	1.211281e+01
4.217000e-05	2.249797e-03	1.218444e+01
4.218000e-05	5.815199e-04	1.226610e+01
4.219000e-05	1.139683e-03	1.231211e+01
4.220000e-05	3.439596e-03	1.234124e+01
4.221000e-05	2.556516e-03	1.241429e+01
4.222000e-05	-8.063133e-04	1.243908e+01
4.223000e-05	6.725717e-04	1.250059e+01
4.224000e-05	3.110627e-03	1.252061e+01
4.225000e-05	3.056606e-03	1.254216e+01
4.226000e-05	9.606244e-04	1.256221e+01
4.227000e-05	1.526660e-04	1.257282e+01
4.228000e-05	2.369108e-03	1.257584e+01
4.229000e-05	3.256693e-03	1.260474e+01
4.230000e-05	1.604889e-03	1.258285e+01
4.231000e-05	5.440708e-04	1.260577e+01
4.232000e-05	1.901358e-03	1.258684e+01
4.233000e-05	3.090040e-03	1.258381e+01
4.234000e-05	1.603676e-03	1.256424e+01
4.235000e-05	5.254065e-04	1.256171e+01
4.236000e-05	1.065104e-03	1.255211e+01
4.237000e-05	2.901253e-03	1.251016e+01
4.238000e-05	1.835974e-03	1.246851e+01
4.239000e-05	6.908422e-04	1.245640e+01
4.240000e-05	1.446463e-03	1.239324e+01
4.241000e-05	2.248128e-03	1.237213e+01
4.242000e-05	1.943632e-03	1.232003e+01
4.243000e-05	8.246056e-04	1.221592e+01
4.244000e-05	6.412682e-04	1.217434e+01
4.245000e-05	1.902698e-03	1.210164e+01
4.246000e-05	9.450201e-04	1.200592e+01
4.247000e-05	1.121915e-03	1.193336e+01
4.248000e-05	2.128818e-03	1.186963e+01
4.249000e-05	2.235407e-03	1.182492e+01
4.250000e-05	4.781975e-04	1.172228e+01
4.251000e-05	7.429545e-04	1.160594e+01
4.252000e-05	5.732765e-04	1.151126e+01
4.253000e-05	7.646655e-04	1.140544e+01
4.254000e-05	1.063389e-03	1.124970e+01
4.255000e-05	7.046583e-05	1.115537e+01
4.256000e-05	1.615356e-04	1.107823e+01
4.257000e-05	6.026167e-04	1.096499e+01
4.258000e-05	5.584925e-04	1.086123e+01
4.259000e-05	2.628321e-04	1.073349e+01
4.260000e-05	5.801111e-04	1.062820e+01
4.261000e-05	1.048083e-03	1.047770e+01
4.262000e-05	-7.376461e-04	1.034261e+01
4.263000e-05	-9.555290e-04	1.019567e+01
4.264000e-05	-1.046008e-03	1.003943e+01
4.265000e-05	-9.919536e-05	9.943010e+00
4.266000e-05	5.244008e-04	9.774592e+00
4.267000e-05	5.433056e-04	9.595246e+00
4.268000e-05	-1.133436e-03	9.458355e+00
4.269000e-05	-2.881463e-04	9.312210e+00
4.270000e-05	-7.039855e-04	9.185343e+00
4.271000e-05	-2.003371e-03	9.047846e+00
4.272000e-05	-1.791010e-03	8.798449e+00
4.273000e-05	-7.957604e-05	8.638153e+00
4.274000e-05	-1.607190e-03	8.503209e+00
4.275000e-05	-1.408280e-03	8.334391e+00
4.276000e-05	-1.577430e-03	8.182839e+00
4.277000e-05	-9.650685e-04	7.955915e+00
4.278000e-05	-6.860540e-04	7.775496e+00
4.279000e-05	-2.107225e-03	7.605021e+00
4.280000e-05	-3.000763e-03	7.394016e+00
4.281000e-05	-1.677968e-03	7.164620e+00
4.282000e-05	-2.282910e-03	6.966668e+00
4.283000e-05	-2.189029e-03	6.796192e+00
4.284000e-05	-3.011820e-03	6.606148e+00
4.285000e-05	-1.023216e-03	6.355167e+00
4.286000e-05	-1.929994e-03	6.175772e+00
4.287000e-05	-1.627991e-03	6.005891e+00
4.288000e-05	-3.511871e-03	5.756849e+00
4.289000e-05	-2.038292e-03	5.565318e+00
4.290000e-05	-2.676181e-03	5.374842e+00
4.291000e-05	-2.516135e-03	5.091633e+00
4.292000e-05	-3.314159e-03	4.827125e+00
4.293000e-05	-3.314257e-03	4.597647e+00
4.294000e-05	-2.588195e-03	4.409196e+00
4.295000e-05	-3.480811e-03	4.186025e+00
4.296000e-05	-3.038500e-03	3.935543e+00
4.297000e-05	-2.865116e-03	3.734163e+00
4.298000e-05	-3.051257e-03	3.523067e+00
4.299000e-05	-3.700835e-03	3.260979e+00
4.300000e-05	-4.083412e-03	3.012058e+00
4.301000e-05	-4.331155e-03	2.883081e+00
4.302000e-05	-3.079642e-03	2.618431e+00
4.303000e-05	-3.895464e-03	2.337320e+00
4.304000e-05	-4.442836e-03	2.125870e+00
4.305000e-05	-3.889339e-03	1.956392e+00
4.306000e-05	-3.472994e-03	1.694862e+00
4.307000e-05	-3.958580e-03	1.442260e+00
4.308000e-05	-4.789880e-03	1.230678e+00
4.309000e-05	-4.558003e-03	9.265193e-01
4.310000e-05	-3.501826e-03	6.940345e-01
4.311000e-05	-4.177122e-03	4.729867e-01
4.312000e-05	-3.573040e-03	2.319104e-01
4.313000e-05	-4.794595e-03	1.934996e-02
4.314000e-05	3.141944e-03	-2.290726e-01
4.315000e-05	-1.670960e-04	-4.221012e-01
4.316000e-05	-1.887672e-03	-6.331516e-01
4.317000e-05	-4.321158e-03	-8.535566e-01
4.318000e-05	-1.842432e-03	-1.074058e+00
4.319000e-05	-1.588020e-03	-1.285082e+00
4.320000e-05	5.227739e-03	-1.577693e+00
4.321000e-05	6.700355e-02	-1.735640e+00
4.322000e-05	2.617094e-02	-1.978241e+00
4.323000e-05	-5.929273e-02	-2.303908e+00
4.324000e-05	-4.340095e-02	-2.599622e+00
4.325000e-05	-6.160205e-02	-2.760077e+00
4.326000e-05	-1.695400e-02	-3.009170e+00
4.327000e-05	1.243148e-01	-3.166388e+00
4.328000e-05	-1.107315e-01	-3.367968e+00
4.329000e-05	7.212556e-03	-3.578395e+00
4.330000e-05	1.168854e-01	-3.735889e+00
4.331000e-05	-9.452271e-02	-4.041396e+00
4.332000e-05	7.609315e-02	-4.261978e+00
4.333000e-05	-9.165228e-02	-4.450529e+00
4.334000e-05	-5.808245e-02	-4.702907e+00
4.335000e-05	1.170146e-01	-4.852979e+00
4.336000e-05	-6.432636e-02	-5.136035e+00
4.337000e-05	4.398004e-02	-5.407666e+00
4.338000e-05	-3.360769e-02	-5.607696e+00
4.339000e-05	-3.076086e-02	-5.830174e+00
4.340000e-05	8.215276e-02	-6.040475e+00
4.341000e-05	-1.117988e-01	-6.220696e+00
4.342000e-05	3.677449e-02	-6.462004e+00
4.343000e-05	-1.434549e-02	-6.648521e+00
4.344000e-05	3.507988e-02	-6.890073e+00
4.345000e-05	1.637746e-02	-7.082500e+00
4.346000e-05	-1.044453e-01	-7.300631e+00
4.347000e-05	7.560605e-02	-7.479959e+00
4.348000e-05	-4.479544e-02	-7.681552e+00
4.349000e-05	2.950010e-02	-7.933326e+00
4.350000e-05	-3.758599e-02	-8.060381e+00
4.351000e-05	-7.509065e-03	-8.271324e+00
4.352000e-05	4.874171e-02	-8.408694e+00
4.353000e-05	-4.703215e-02	-8.627170e+00
4.354000e-05	9.581678e-03	-8.795488e+00
4.355000e-05	-5.197764e-02	-8.944384e+00
4.356000e-05	4.308379e-02	-9.090758e+00
4.357000e-05	-1.464541e-02	-9.251147e+00
4.358000e-05	-1.278859e-02	-9.428074e+00
4.359000e-05	-5.522552e-03	-9.584843e+00
4.360000e-05	-4.006089e-03	-9.763787e+00
4.361000e-05	1.724587e-02	-9.891029e+00
4.362000e-05	-4.019490e-02	-1.000939e+01
4.363000e-05	5.454347e-04	-1.015476e+01
4.364000e-05	-1.007140e-02	-1.031058e+01
4.365000e-05	1.886407e-02	-1.046946e+01
4.366000e-05	-2.311584e-02	-1.057669e+01
4.367000e-05	-1.067468e-02	-1.067001e+01
4.368000e-05	-1.525219e-03	-1.081629e+01
4.369000e-05	2.523488e-03	-1.091359e+01
4.370000e-05	-1.071370e-02	-1.102775e+01
4.371000e-05	-2.268885e-02	-1.117509e+01
4.372000e-05	4.356740e-03	-1.128978e+01
4.373000e-05	-2.026301e-03	-1.139464e+01
4.374000e-05	-2.470515e-03	-1.149838e+01
4.375000e-05	-2.339769e-02	-1.160551e+01
4.376000e-05	-4.731300e-04	-1.171031e+01
4.377000e-05	-1.143518e-03	-1.177497e+01
4.378000e-05	-5.992373e-03	-1.191920e+01
4.379000e-05	-1.663336e-02	-1.197437e+01
4.380000e-05	-6.720061e-03	-1.210013e+01
4.381000e-05	3.501034e-03	-1.215323e+01
4.382000e-05	-7.888030e-03	-1.218389e+01
4.383000e-05	-1.439972e-02	-1.222752e+01
4.384000e-05	-1.307336e-02	-1.229908e+01
4.385000e-05	1.540018e-03	-1.237226e+01
4.386000e-05	-7.260080e-03	-1.240392e+01
4.387000e-05	-1.093934e-02	-1.244640e+01
4.388000e-05	-1.081368e-02	-1.251903e+01
4.389000e-05	-2.324681e-04	-1.256274e+01
4.390000e-05	-3.624672e-03	-1.259121e+01
4.391000e-05	-1.272200e-02	-1.255529e+01
4.392000e-05	-1.160795e-02	-1.256534e+01
4.393000e-05	-4.148826e-03	-1.264679e+01
4.394000e-05	-3.202192e-03	-1.262742e+01
4.395000e-05	-1.166903e-02	-1.264632e+01
4.396000e-05	-1.156460e-02	-1.263690e+01
4.397000e-05	-5.682118e-03	-1.264640e+01
4.398000e-05	-3.079109e-03	-1.266688e+01
4.399000e-05	-9.967280e-03	-1.260537e+01
4.400000e-05	-1.123368e-02	-1.260684e+01
4.401000e-05	-6.845177e-03	-1.257532e+01
4.402000e-05	-2.309584e-03	-1.260284e+01
4.403000e-05	-9.143305e-03	-1.249164e+01
4.404000e-05	-1.155765e-02	-1.248108e+01
4.405000e-05	-8.773867e-03	-1.245795e+01
4.406000e-05	-3.822089e-03	-1.243444e+01
4.407000e-05	-7.650248e-03	-1.238279e+01
4.408000e-05	-1.126936e-02	-1.229013e+01
4.409000e-05	-7.791293e-03	-1.227750e+01
4.410000e-05	-4.586456e-03	-1.218687e+01
4.411000e-05	-6.184732e-03	-1.214076e+01
4.412000e-05	-1.083215e-02	-1.208855e+01
4.413000e-05	-9.134655e-03	-1.203242e+01
4.414000e-05	-4.729172e-03	-1.195020e+01
4.415000e-05	-6.799813e-03	-1.182695e+01
4.416000e-05	-9.682728e-03	-1.175179e+01
4.417000e-05	-9.627070e-03	-1.163752e+01
4.418000e-05	-4.788879e-03	-1.151983e+01
4.419000e-05	-5.293679e-03	-1.139350e+01
4.420000e-05	-8.212315e-03	-1.133820e+01
4.421000e-05	-8.745858e-03	-1.122499e+01
4.422000e-05	-6.319767e-03	-1.108825e+01
4.423000e-05	-5.194277e-03	-1.097391e+01
4.424000e-05	-8.283888e-03	-1.085715e+01
4.425000e-05	-9.627218e-03	-1.072258e+01
4.426000e-05	-6.416568e-03	-1.063767e+01
4.427000e-05	-4.863712e-03	-1.051046e+01
4.428000e-05	-6.265471e-03	-1.033354e+01
4.429000e-05	-8.410510e-03	-1.022572e+01
4.430000e-05	-6.443524e-03	-1.005835e+01
4.431000e-05	-5.063551e-03	-9.922583e+00
4.432000e-05	-6.442187e-03	-9.795738e+00
4.433000e-05	-8.239094e-03	-9.668476e+00
4.434000e-05	-7.791437e-03	-9.499552e+00
4.435000e-05	-4.921761e-03	-9.372711e+00
4.436000e-05	-6.309021e-03	-9.185288e+00
4.437000e-05	-7.801583e-03	-9.055948e+00
4.438000e-05	-7.879756e-03	-8.839152e+00
4.439000e-05	-4.707758e-03	-8.691153e+00
4.440000e-05	-4.974710e-03	-8.499729e+00
4.441000e-05	-6.474009e-03	-8.333284e+00
4.442000e-05	-7.377947e-03	-8.165468e+00
4.443000e-05	-5.084379e-03	-8.026488e+00
4.444000e-05	-5.286424e-03	-7.806518e+00
4.445000e-05	-6.853843e-03	-7.536465e+00
4.446000e-05	-7.495649e-03	-7.375663e+00
4.447000e-05	-5.436055e-03	-7.217166e+00
4.448000e-05	-3.745219e-03	-6.996190e+00
4.449000e-05	-5.820927e-03	-6.796241e+00
4.450000e-05	-6.393711e-03	-6.617293e+00
4.451000e-05	-4.852715e-03	-6.417896e+00
4.452000e-05	-3.829700e-03	-6.225797e+00
4.453000e-05	-5.807477e-03	-5.996364e+00
4.454000e-05	-7.455204e-03	-5.774912e+00
4.455000e-05	-6.053224e-03	-5.575442e+00
4.456000e-05	-3.900569e-03	-5.333810e+00
4.457000e-05	-4.248395e-03	-5.092683e+00
4.458000e-05	-6.352656e-03	-4.830645e+00
4.459000e-05	-5.237748e-03	-4.587147e+00
4.460000e-05	-4.069027e-03	-4.397722e+00
4.461000e-05	-4.506236e-03	-4.229750e+00
4.462000e-05	-5.811834e-03	-4.058297e+00
4.463000e-05	-4.991367e-03	-3.787175e+00
4.464000e-05	-4.654506e-03	-3.545592e+00
4.465000e-05	-5.134225e-03	-3.344764e+00
4.466000e-05	-6.763750e-03	-3.124184e+00
4.467000e-05	-4.577451e-03	-2.860654e+00
4.468000e-05	-3.736266e-03	-2.651100e+00
4.469000e-05	-3.149555e-03	-2.460598e+00
4.470000e-05	-4.152244e-03	-2.188445e+00
4.471000e-05	-4.596299e-03	-1.956416e+00
4.472000e-05	-4.730488e-03	-1.724363e+00
4.473000e-05	-5.401364e-03	-1.491858e+00
4.474000e-05	-5.341319e-03	-1.199320e+00
4.475000e-05	-5.224319e-03	-9.576435e-01
4.476000e-05	-3.638117e-03	-7.372448e-01
4.477000e-05	-2.770521e-03	-5.236106e-01
4.478000e-05	-1.534070e-03	-2.730832e-01
4.479000e-05	-3.470701e-04	-8.460309e-02
4.480000e-05	5.484120e-03	1.178947e-01
4.481000e-05	-2.522744e-04	3.899226e-01
4.482000e-05	8.806653e-04	6.195025e-01
4.483000e-05	-2.958041e-03	7.909275e-01
4.484000e-05	6.999534e-05	1.031982e+00
4.485000e-05	3.521994e-04	1.291587e+00
4.486000e-05	5.405654e-03	1.556147e+00
4.487000e-05	3.384956e-02	1.809800e+00
4.488000e-05	6.342684e-02	2.030780e+00
4.489000e-05	-2.484664e-02	2.283960e+00
4.490000e-05	-5.210218e-02	2.536417e+00
4.491000e-05	-3.607524e-02	2.789049e+00
4.492000e-05	-3.576908e-02	2.915892e+00
4.493000e-05	-1.537860e-02	3.113764e+00
4.494000e-05	8.976896e-02	3.263259e+00
4.495000e-05	-7.459208e-02	3.528293e+00
4.496000e-05	2.478777e-02	3.685166e+00
4.497000e-05	8.644930e-02	3.956312e+00
4.498000e-05	-5.746559e-02	4.199850e+00
4.499000e-05	3.279602e-02	4.408354e+00
4.500000e-05	-5.341551e-02	4.640976e+00
4.501000e-05	-8.128347e-03	4.841430e+00
4.502000e-05	5.589034e-02	5.105516e+00
4.503000e-05	-1.902741e-02	5.388597e+00
4.504000e-05	4.676266e-03	5.567048e+00
4.505000e-05	-6.256946e-03	5.849672e+00
4.506000e-05	-3.369766e-03	6.018580e+00
4.507000e-05	1.467884e-02	6.239075e+00
4.508000e-05	-2.464964e-02	6.428550e+00
4.509000e-05	1.223212e-02	6.599081e+00
4.510000e-05	-3.043077e-03	6.853003e+00
4.511000e-05	3.852508e-02	7.029031e+00
4.512000e-05	-9.914653e-03	7.219450e+00
4.513000e-05	-3.380614e-02	7.448927e+00
4.514000e-05	2.621758e-02	7.659331e+00
4.515000e-05	-3.926412e-03	7.850930e+00
4.516000e-05	1.410660e-02	8.110755e+00
4.517000e-05	-1.464974e-02	8.269258e+00
4.518000e-05	1.076987e-02	8.429203e+00
4.519000e-05	8.028665e-03	8.565995e+00
4.520000e-05	-1.419166e-03	8.744863e+00
4.521000e-05	-5.958536e-03	8.903784e+00
4.522000e-05	-1.011478e-02	9.059305e+00
4.523000e-05	1.842135e-02	9.260079e+00
4.524000e-05	3.992089e-03	9.376970e+00
4.525000e-05	-8.547956e-04	9.533291e+00
4.526000e-05	-2.848675e-03	9.691158e+00
4.527000e-05	7.129821e-03	9.858499e+00
4.528000e-05	4.834868e-03	1.000682e+01
4.529000e-05	-6.121201e-03	1.016424e+01
4.530000e-05	-1.788274e-03	1.029051e+01
4.531000e-05	5.062152e-03	1.040677e+01
4.532000e-05	1.115806e-02	1.052401e+01
4.533000e-05	-4.534261e-04	1.070785e+01
4.534000e-05	-2.733704e-03	1.081817e+01
4.535000e-05	2.267551e-03	1.092299e+01
4.536000e-05	5.537318e-03	1.099820e+01
4.537000e-05	-1.983595e-04	1.111291e+01
4.538000e-05	-3.677461e-03	1.127975e+01
4.539000e-05	3.238163e-03	1.135396e+01
4.540000e-05	7.626727e-03	1.147875e+01
4.541000e-05	2.388260e-03	1.156499e+01
4.542000e-05	-3.220145e-03	1.168028e+01
4.543000e-05	6.794314e-04	1.177437e+01
4.544000e-05	5.755257e-03	1.188862e+01
4.545000e-05	3.130517e-03	1.192131e+01
4.546000e-05	-1.690631e-03	1.198454e+01
4.547000e-05	7.844613e-04	1.209970e+01
4.548000e-05	4.431225e-03	1.216234e+01
4.549000e-05	3.202975e-03	1.217489e+01
4.550000e-05	-1.752996e-03	1.225758e+01
4.551000e-05	4.704848e-04	1.230063e+01
4.552000e-05	4.544711e-03	1.239291e+01
4.553000e-05	5.658855e-03	1.242595e+01
4.554000e-05	-1.376143e-03	1.249890e+01
4.555000e-05	1.318947e-04	1.252106e+01
4.556000e-05	3.122480e-03	1.252156e+01
4.557000e-05	3.543556e-03	1.252324e+01
4.558000e-05	-1.478572e-03	1.255422e+01
4.559000e-05	-5.777491e-04	1.259271e+01
4.560000e-05	4.364085e-03	1.259427e+01
4.561000e-05	4.828510e-03	1.258530e+01
4.562000e-05	2.466749e-03	1.259582e+01
4.563000e-05	-1.179253e-04	1.260629e+01
4.564000e-05	2.143023e-03	1.258430e+01
4.565000e-05	3.181298e-03	1.256479e+01
4.566000e-05	3.690784e-04	1.255222e+01
4.567000e-05	-1.666803e-03	1.253369e+01
4.568000e-05	1.492727e-03	1.254071e+01
4.569000e-05	3.769174e-03	1.250898e+01
4.570000e-05	3.288101e-03	1.244803e+01
4.571000e-05	1.436872e-03	1.242780e+01
4.572000e-05	1.187778e-03	1.240422e+01
4.573000e-05	2.764382e-03	1.234164e+01
4.574000e-05	1.398124e-03	1.230950e+01
4.575000e-05	-7.804159e-04	1.221790e+01
4.576000e-05	-5.015380e-04	1.215377e+01
4.577000e-05	9.247298e-04	1.211853e+01
4.578000e-05	2.598404e-03	1.201547e+01
4.579000e-05	8.931902e-04	1.194226e+01
4.580000e-05	9.598837e-04	1.188111e+01
4.581000e-05	2.597459e-03	1.181745e+01
4.582000e-05	2.703140e-03	1.169921e+01
4.583000e-05	6.075335e-04	1.160645e+01
4.584000e-05	-1.491602e-04	1.149076e+01
4.585000e-05	-2.739057e-04	1.140542e+01
4.586000e-05	1.936231e-03	1.126913e+01
4.587000e-05	8.860065e-04	1.114391e+01
4.588000e-05	2.235860e-04	1.107820e+01
4.589000e-05	2.079478e-04	1.097494e+01
4.590000e-05	1.993879e-03	1.085768e+01
4.591000e-05	9.489613e-04	1.074291e+01
4.592000e-05	1.899272e-04	1.059405e+01
4.593000e-05	-4.052022e-04	1.046773e+01
4.594000e-05	5.414936e-04	1.031199e+01
4.595000e-05	-4.664537e-04	1.018567e+01
4.596000e-05	-1.535115e-03	1.003881e+01
4.597000e-05	-1.819417e-03	9.933008e+00
4.598000e-05	5.327124e-04	9.774116e+00
4.599000e-05	2.340821e-04	9.606718e+00
4.600000e-05	4.823948e-04	9.448900e+00
4.601000e-05	-2.877091e-03	9.289087e+00
4.602000e-05	3.717311e-04	9.124739e+00
4.603000e-05	-9.804996e-04	8.974846e+00
4.604000e-05	-1.080616e-03	8.787871e+00
4.605000e-05	-1.343539e-03	8.629499e+00
4.606000e-05	-8.998245e-06	8.459103e+00
4.607000e-05	-9.121360e-04	8.291212e+00
4.608000e-05	-1.508343e-03	8.121335e+00
4.609000e-05	-2.946849e-03	7.973339e+00
4.610000e-05	-2.827980e-03	7.774937e+00
4.611000e-05	-5.038765e-04	7.555888e+00
4.612000e-05	-1.259038e-03	7.354544e+00
4.613000e-05	-9.246709e-04	7.164070e+00
4.614000e-05	-2.083273e-03	6.934591e+00
4.615000e-05	-2.008963e-04	6.776165e+00
4.616000e-05	-3.158497e-03	6.572567e+00
4.617000e-05	-3.375906e-03	6.355142e+00
4.618000e-05	-4.889996e-03	6.155217e+00
4.619000e-05	-1.712693e-03	5.986294e+00
4.620000e-05	-1.310477e-03	5.745266e+00
4.621000e-05	-1.517431e-03	5.544743e+00
4.622000e-05	-2.354401e-03	5.293286e+00
4.623000e-05	-1.251895e-03	5.021631e+00
4.624000e-05	-1.550200e-03	4.776522e+00
4.625000e-05	-3.641125e-03	4.558072e+00
4.626000e-05	-4.217307e-03	4.357147e+00
4.627000e-05	-3.755673e-03	4.185466e+00
4.628000e-05	-1.661116e-03	3.904464e+00
4.629000e-05	-3.770570e-03	3.714062e+00
4.630000e-05	-3.527201e-03	3.501436e+00
4.631000e-05	-3.354542e-03	3.219458e+00
4.632000e-05	-1.978335e-03	3.030429e+00
4.633000e-05	-3.514446e-03	2.828977e+00
4.634000e-05	-4.803490e-03	2.626376e+00
4.635000e-05	-3.556583e-03	2.324818e+00
4.636000e-05	-3.882240e-03	2.104792e+00
4.637000e-05	-3.981753e-03	1.904393e+00
4.638000e-05	-5.088649e-03	1.682184e+00
4.639000e-05	-4.885906e-03	1.420152e+00
4.640000e-05	-3.646161e-03	1.148146e+00
4.641000e-05	-3.051101e-03	9.039618e-01
4.642000e-05	-3.588485e-03	6.929842e-01
4.643000e-05	-3.803308e-03	4.824029e-01
4.644000e-05	-3.478055e-03	2.313539e-01
4.645000e-05	-1.792589e-03	-4.167881e-02
4.646000e-05	2.977217e-03	-2.411804e-01
4.647000e-05	-3.263026e-03	-4.305525e-01
4.648000e-05	-1.530778e-03	-7.036580e-01
4.649000e-05	-4.389719e-03	-9.241566e-01
4.650000e-05	-7.891568e-04	-1.094110e+00
4.651000e-05	-2.302556e-03	-1.345758e+00
4.652000e-05	9.771604e-03	-1.557245e+00
4.653000e-05	7.370110e-02	-1.757167e+00
4.654000e-05	1.045362e-02	-1.969320e+00
4.655000e-05	-5.985434e-02	-2.357136e+00
4.656000e-05	-4.400055e-02	-2.660224e+00
4.657000e-05	-6.565956e-02	-2.883152e+00
4.658000e-05	3.732386e-03	-3.029575e+00
4.659000e-05	1.164390e-01	-3.158470e+00
4.660000e-05	-1.325063e-01	-3.389566e+00
4.661000e-05	4.464558e-02	-3.597970e+00
4.662000e-05	8.348201e-02	-3.797392e+00
4.663000e-05	-8.755828e-02	-4.081554e+00
4.664000e-05	8.193624e-02	-4.271958e+00
4.665000e-05	-1.187566e-01	-4.473553e+00
4.666000e-05	-2.087876e-02	-4.718108e+00
4.667000e-05	1.013015e-01	-4.892009e+00
4.668000e-05	-6.704125e-02	-5.146158e+00
4.669000e-05	5.682872e-02	-5.437696e+00
4.670000e-05	-5.527684e-02	-5.660150e+00
4.671000e-05	-3.320023e-03	-5.880729e+00
4.672000e-05	6.398631e-02	-6.041652e+00
4.673000e-05	-1.113624e-01	-6.290826e+00
4.674000e-05	5.297023e-02	-6.492105e+00
4.675000e-05	-2.805215e-02	-6.680200e+00
4.676000e-05	5.487849e-02	-6.902050e+00
4.677000e-05	-1.464878e-02	-7.072579e+00
4.678000e-05	-8.476610e-02	-7.323083e+00
4.679000e-05	7.413337e-02	-7.521529e+00
4.680000e-05	-5.109415e-02	-7.701534e+00
4.681000e-05	3.863429e-02	-7.964465e+00
4.682000e-05	-5.221551e-02	-8.101905e+00
4.683000e-05	1.368720e-02	-8.299304e+00
4.684000e-05	3.332271e-02	-8.460695e+00
4.685000e-05	-4.125043e-02	-8.638699e+00
4.686000e-05	8.123163e-03	-8.816598e+00
4.687000e-05	-4.930630e-02	-8.955939e+00
4.688000e-05	4.903468e-02	-9.122360e+00
4.689000e-05	-2.909436e-02	-9.311154e+00
4.690000e-05	-4.552891e-03	-9.438603e+00
4.691000e-05	-1.127902e-02	-9.616920e+00
4.692000e-05	6.525948e-03	-9.785765e+00
4.693000e-05	8.736285e-03	-9.891604e+00
4.694000e-05	-3.689122e-02	-1.004847e+01
4.695000e-05	3.135931e-03	-1.021574e+01
4.696000e-05	-1.112971e-02	-1.040161e+01
4.697000e-05	1.661338e-02	-1.047043e+01
4.698000e-05	-2.879591e-02	-1.057574e+01
4.699000e-05	-5.050173e-03	-1.075151e+01
4.700000e-05	-2.336801e-03	-1.085779e+01
4.701000e-05	5.055670e-03	-1.097454e+01
4.702000e-05	-1.549915e-02	-1.111830e+01
4.703000e-05	-1.780071e-02	-1.120562e+01
4.704000e-05	2.971360e-03	-1.129235e+01
4.705000e-05	-2.833326e-03	-1.140469e+01
4.706000e-05	-6.370092e-03	-1.154185e+01
4.707000e-05	-2.333282e-02	-1.159557e+01
4.708000e-05	1.918327e-03	-1.175136e+01
4.709000e-05	-3.241592e-03	-1.183607e+01
4.710000e-05	-5.260270e-03	-1.193015e+01
4.711000e-05	-1.833033e-02	-1.202339e+01
4.712000e-05	-3.047362e-03	-1.206815e+01
4.713000e-05	-2.288536e-04	-1.214329e+01
4.714000e-05	-7.971874e-03	-1.218642e+01
4.715000e-05	-1.380499e-02	-1.226845e+01
4.716000e-05	-1.178520e-02	-1.232018e+01
4.717000e-05	2.088041e-03	-1.236126e+01
4.718000e-05	-8.943425e-03	-1.241387e+01
4.719000e-05	-1.027452e-02	-1.246747e+01
4.720000e-05	-1.199380e-02	-1.252016e+01
4.721000e-05	-5.134390e-04	-1.253266e+01
4.722000e-05	-6.688175e-03	-1.257374e+01
4.723000e-05	-1.105609e-02	-1.258431e+01
4.724000e-05	-1.022991e-02	-1.262729e+01
4.725000e-05	-2.630171e-03	-1.263694e+01
4.726000e-05	-5.119681e-03	-1.263737e+01
4.727000e-05	-1.094870e-02	-1.262692e+01
4.728000e-05	-1.243586e-02	-1.263677e+01
4.729000e-05	-5.296670e-03	-1.262787e+01
4.730000e-05	-5.255890e-03	-1.264640e+01
4.731000e-05	-1.022468e-02	-1.263542e+01
4.732000e-05	-9.985519e-03	-1.260579e+01
4.733000e-05	-5.754868e-03	-1.259476e+01
4.734000e-05	-2.839144e-03	-1.256576e+01
4.735000e-05	-1.013853e-02	-1.253216e+01
4.736000e-05	-1.099708e-02	-1.248956e+01
4.737000e-05	-6.937671e-03	-1.247550e+01
4.738000e-05	-4.559278e-03	-1.238584e+01
4.739000e-05	-9.319426e-03	-1.236379e+01
4.740000e-05	-1.139094e-02	-1.231916e+01
4.741000e-05	-7.082104e-03	-1.226902e+01
4.742000e-05	-4.569556e-03	-1.220484e+01
4.743000e-05	-7.118668e-03	-1.216121e+01
4.744000e-05	-1.058324e-02	-1.205805e+01
4.745000e-05	-6.813508e-03	-1.202592e+01
4.746000e-05	-4.452448e-03	-1.192955e+01
4.747000e-05	-7.533916e-03	-1.184542e+01
4.748000e-05	-1.089874e-02	-1.174084e+01
4.749000e-05	-8.275117e-03	-1.160507e+01
4.750000e-05	-4.876897e-03	-1.155978e+01
4.751000e-05	-6.581468e-03	-1.139501e+01
4.752000e-05	-9.020162e-03	-1.130916e+01
4.753000e-05	-7.175264e-03	-1.119239e+01
4.754000e-05	-4.937192e-03	-1.103764e+01
4.755000e-05	-6.667436e-03	-1.094341e+01
4.756000e-05	-8.344381e-03	-1.084870e+01
4.757000e-05	-7.979159e-03	-1.075239e+01
4.758000e-05	-5.817253e-03	-1.065715e+01
4.759000e-05	-6.518302e-03	-1.048093e+01
4.760000e-05	-7.435844e-03	-1.032194e+01
4.761000e-05	-7.516295e-03	-1.021462e+01
4.762000e-05	-6.053361e-03	-1.002732e+01
4.763000e-05	-5.490927e-03	-9.912133e+00
4.764000e-05	-7.241328e-03	-9.785166e+00
4.765000e-05	-6.809671e-03	-9.658397e+00
4.766000e-05	-5.364551e-03	-9.488933e+00
4.767000e-05	-6.295792e-03	-9.330185e+00
4.768000e-05	-7.860597e-03	-9.153838e+00
4.769000e-05	-8.207721e-03	-9.026367e+00
4.770000e-05	-5.756462e-03	-8.858527e+00
4.771000e-05	-4.970795e-03	-8.678625e+00
4.772000e-05	-6.138641e-03	-8.439178e+00
4.773000e-05	-7.503948e-03	-8.312702e+00
4.774000e-05	-6.001967e-03	-8.155389e+00
4.775000e-05	-4.496974e-03	-7.993888e+00
4.776000e-05	-6.013118e-03	-7.784922e+00
4.777000e-05	-7.204506e-03	-7.522484e+00
4.778000e-05	-5.678243e-03	-7.344069e+00
4.779000e-05	-4.487732e-03	-7.205089e+00
4.780000e-05	-6.402392e-03	-6.973662e+00
4.781000e-05	-7.554040e-03	-6.744613e+00
4.782000e-05	-6.319032e-03	-6.604718e+00
4.783000e-05	-4.562060e-03	-6.375772e+00
4.784000e-05	-5.425630e-03	-6.154816e+00
4.785000e-05	-5.809595e-03	-5.964789e+00
4.786000e-05	-5.336099e-03	-5.764262e+00
4.787000e-05	-5.449606e-03	-5.545365e+00
4.788000e-05	-6.603659e-03	-5.311759e+00
4.789000e-05	-6.702750e-03	-5.080226e+00
4.790000e-05	-5.923866e-03	-4.838046e+00
4.791000e-05	-5.311943e-03	-4.596593e+00
4.792000e-05	-3.723366e-03	-4.396270e+00
4.793000e-05	-5.037891e-03	-4.226692e+00
4.794000e-05	-5.117617e-03	-4.027719e+00
4.795000e-05	-5.186277e-03	-3.784642e+00
4.796000e-05	-5.063410e-03	-3.544613e+00
4.797000e-05	-5.820669e-03	-3.314111e+00
4.798000e-05	-5.860275e-03	-3.090484e+00
4.799000e-05	-3.478348e-03	-2.818526e+00
4.800000e-05	-3.814977e-03	-2.600028e+00
4.801000e-05	-2.786671e-03	-2.429069e+00
4.802000e-05	-4.515852e-03	-2.128313e+00
4.803000e-05	-4.517500e-03	-1.924862e+00
4.804000e-05	-4.867751e-03	-1.704963e+00
4.805000e-05	-4.627004e-03	-1.501805e+00
4.806000e-05	-3.858323e-03	-1.168720e+00
4.807000e-05	-5.948835e-03	-9.476632e-01
4.808000e-05	-3.052736e-03	-7.555908e-01
4.809000e-05	-3.600036e-03	-5.034578e-01
4.810000e-05	-9.281570e-04	-2.615066e-01
4.811000e-05	-1.091403e-04	-4.008146e-02
4.812000e-05	5.969570e-03	2.206277e-01
4.813000e-05	-1.153484e-03	4.325553e-01
4.814000e-05	2.019464e-03	6.020803e-01
4.815000e-05	-3.276170e-03	7.914562e-01
4.816000e-05	-7.901378e-05	1.085061e+00
4.817000e-05	-1.849834e-04	1.336170e+00
4.818000e-05	6.615839e-03	1.559251e+00
4.819000e-05	4.070998e-02	1.799325e+00
4.820000e-05	5.941527e-02	2.052879e+00
4.821000e-05	-3.242385e-02	2.296489e+00
4.822000e-05	-5.113664e-02	2.577593e+00
4.823000e-05	-3.344745e-02	2.790102e+00
4.824000e-05	-3.855771e-02	2.968596e+00
4.825000e-05	-8.461659e-04	3.064838e+00
4.826000e-05	8.405867e-02	3.335837e+00
4.827000e-05	-8.987512e-02	3.548900e+00
4.828000e-05	5.690523e-02	3.735270e+00
4.829000e-05	6.661708e-02	3.958869e+00
4.830000e-05	-5.347296e-02	4.288954e+00
4.831000e-05	3.369593e-02	4.413901e+00
4.832000e-05	-6.613412e-02	4.623531e+00
4.833000e-05	1.138070e-02	4.883511e+00
4.834000e-05	4.637107e-02	5.126620e+00
4.835000e-05	-2.093891e-02	5.418224e+00
4.836000e-05	9.235915e-03	5.609175e+00
4.837000e-05	-8.354406e-03	5.840728e+00
4.838000e-05	3.706236e-03	6.051733e+00
4.839000e-05	8.165591e-03	6.241155e+00
4.840000e-05	-2.320412e-02	6.459580e+00
4.841000e-05	1.353756e-02	6.640627e+00
4.842000e-05	-3.811502e-03	6.913006e+00
4.843000e-05	4.053214e-02	7.062480e+00
4.844000e-05	-2.103685e-02	7.252481e+00
4.845000e-05	-2.372524e-02	7.441528e+00
4.846000e-05	2.610419e-02	7.661431e+00
4.847000e-05	-6.522293e-03	7.912457e+00
4.848000e-05	1.484331e-02	8.093436e+00
4.849000e-05	-1.405158e-02	8.280783e+00
4.850000e-05	1.555918e-02	8.439178e+00
4.851000e-05	1.536035e-03	8.627121e+00
4.852000e-05	-6.764410e-04	8.773913e+00
4.853000e-05	-7.353432e-03	8.911932e+00
4.854000e-05	-6.739452e-03	9.080333e+00
4.855000e-05	1.825898e-02	9.270107e+00
4.856000e-05	1.185814e-03	9.438471e+00
4.857000e-05	2.153125e-03	9.573791e+00
4.858000e-05	-2.729340e-03	9.712783e+00
4.859000e-05	8.294550e-03	9.887504e+00
4.860000e-05	1.041896e-03	9.986922e+00
4.861000e-05	-4.817083e-03	1.018417e+01
4.862000e-05	-1.139932e-03	1.029008e+01
4.863000e-05	5.736299e-03	1.044835e+01
4.864000e-05	8.463872e-03	1.052566e+01
4.865000e-05	-3.754572e-04	1.068998e+01
4.866000e-05	7.320638e-05	1.079830e+01
4.867000e-05	2.282123e-03	1.093296e+01
4.868000e-05	5.178455e-03	1.104918e+01
4.869000e-05	-1.051583e-03	1.112299e+01
4.870000e-05	-1.289343e-03	1.126927e+01
4.871000e-05	3.022546e-03	1.134497e+01
4.872000e-05	5.710328e-03	1.147928e+01
4.873000e-05	1.691999e-03	1.159397e+01
4.874000e-05	-1.234435e-03	1.171078e+01
4.875000e-05	2.187192e-03	1.178497e+01
4.876000e-05	4.452967e-03	1.186758e+01
4.877000e-05	2.331901e-03	1.194081e+01
4.878000e-05	-1.199051e-04	1.200594e+01
4.879000e-05	2.878988e-03	1.207121e+01
4.880000e-05	3.059306e-03	1.213239e+01
4.881000e-05	1.686120e-03	1.217747e+01
4.882000e-05	-6.482054e-04	1.227848e+01
4.883000e-05	1.111492e-03	1.232218e+01
4.884000e-05	3.631798e-03	1.239229e+01
4.885000e-05	3.170400e-03	1.241490e+01
4.886000e-05	7.311986e-04	1.246955e+01
4.887000e-05	1.152351e-03	1.249023e+01
4.888000e-05	3.416817e-03	1.253318e+01
4.889000e-05	1.786980e-03	1.255219e+01
4.890000e-05	2.504130e-04	1.253474e+01
4.891000e-05	2.321615e-04	1.258379e+01
4.892000e-05	2.780994e-03	1.259279e+01
4.893000e-05	2.469081e-03	1.260572e+01
4.894000e-05	7.507306e-04	1.259427e+01
4.895000e-05	1.053021e-03	1.258382e+01
4.896000e-05	2.540573e-03	1.257384e+01
4.897000e-05	2.790283e-03	1.255421e+01
4.898000e-05	7.894987e-04	1.255372e+01
4.899000e-05	1.150282e-03	1.255269e+01
4.900000e-05	1.853947e-03	1.251314e+01
4.901000e-05	2.349809e-03	1.252061e+01
4.902000e-05	4.131786e-04	1.245003e+01
4.903000e-05	8.267414e-04	1.243590e+01
4.904000e-05	2.041283e-03	1.238424e+01
4.905000e-05	2.468916e-03	1.232059e+01
4.906000e-05	1.190441e-03	1.228041e+01
4.907000e-05	2.178531e-04	1.221642e+01
4.908000e-05	1.071202e-03	1.216229e+01
4.909000e-05	4.334686e-04	1.203003e+01
4.910000e-05	-4.948837e-04	1.200390e+01
4.911000e-05	-2.711986e-04	1.192181e+01
4.912000e-05	1.995844e-03	1.186955e+01
4.913000e-05	2.539183e-03	1.178381e+01
4.914000e-05	2.014758e-03	1.172018e+01
4.915000e-05	7.508597e-04	1.160599e+01
4.916000e-05	1.638167e-03	1.146961e+01
4.917000e-05	1.303500e-03	1.136354e+01
4.918000e-05	-7.448787e-04	1.122915e+01
4.919000e-05	-4.746937e-04	1.114292e+01
4.920000e-05	-2.286281e-04	1.104768e+01
4.921000e-05	1.320707e-03	1.097336e+01
4.922000e-05	-3.736821e-04	1.083722e+01
4.923000e-05	-5.610252e-04	1.070983e+01
4.924000e-05	7.800196e-04	1.059607e+01
4.925000e-05	1.795310e-03	1.041728e+01
4.926000e-05	-4.647077e-04	1.033191e+01
4.927000e-05	-1.125347e-03	1.016462e+01
4.928000e-05	-6.099108e-04	1.001840e+01
4.929000e-05	-1.217799e-04	9.922430e+00
4.930000e-05	-6.945905e-04	9.761513e+00
4.931000e-05	-1.205849e-03	9.564192e+00
4.932000e-05	-1.308968e-03	9.426427e+00
4.933000e-05	5.536236e-04	9.279058e+00
4.934000e-05	-8.919293e-04	9.144634e+00
4.935000e-05	-7.749680e-04	8.995214e+00
4.936000e-05	-1.649956e-03	8.775870e+00
4.937000e-05	9.228277e-06	8.607900e+00
4.938000e-05	-9.258226e-04	8.468631e+00
4.939000e-05	-2.058932e-03	8.302708e+00
4.940000e-05	-2.048541e-03	8.091158e+00
4.941000e-05	-3.311003e-04	7.932333e+00
4.942000e-05	-9.270975e-04	7.733463e+00
4.943000e-05	-1.891692e-03	7.542414e+00
4.944000e-05	-2.499147e-03	7.331463e+00
4.945000e-05	-1.815253e-03	7.132536e+00
4.946000e-05	-1.143918e-03	6.923042e+00
4.947000e-05	-2.453321e-03	6.744588e+00
4.948000e-05	-1.803411e-03	6.502558e+00
4.949000e-05	-2.387057e-03	6.343189e+00
4.950000e-05	-1.379757e-03	6.144712e+00
4.951000e-05	-3.118184e-03	5.956718e+00
4.952000e-05	-2.731388e-03	5.723667e+00
4.953000e-05	-3.241268e-03	5.544690e+00
4.954000e-05	-1.825263e-03	5.293653e+00
4.955000e-05	-2.593169e-03	5.008005e+00
4.956000e-05	-3.568577e-03	4.745495e+00
4.957000e-05	-1.702701e-03	4.534969e+00
4.958000e-05	-3.336619e-03	4.345992e+00
4.959000e-05	-3.383684e-03	4.142860e+00
4.960000e-05	-2.960092e-03	3.911960e+00
4.961000e-05	-2.744554e-03	3.703029e+00
4.962000e-05	-4.294507e-03	3.491509e+00
4.963000e-05	-3.870633e-03	3.228899e+00
4.964000e-05	-3.346760e-03	3.027875e+00
4.965000e-05	-2.967277e-03	2.758925e+00
4.966000e-05	-3.470131e-03	2.595796e+00
4.967000e-05	-4.794318e-03	2.303288e+00
4.968000e-05	-3.270357e-03	2.094286e+00
4.969000e-05	-3.345475e-03	1.894761e+00
4.970000e-05	-4.842162e-03	1.600156e+00
4.971000e-05	-4.849570e-03	1.398150e+00
4.972000e-05	-5.040066e-03	1.145569e+00
4.973000e-05	-3.829154e-03	8.729616e-01
4.974000e-05	-3.365472e-03	6.308367e-01
4.975000e-05	-4.001611e-03	4.323528e-01
4.976000e-05	-3.519829e-03	1.977764e-01
4.977000e-05	-1.527194e-03	-7.322801e-02
4.978000e-05	3.802617e-03	-2.637567e-01
4.979000e-05	-3.321450e-03	-4.822551e-01
4.980000e-05	-2.597956e-03	-6.937845e-01
4.981000e-05	-4.394812e-03	-9.047331e-01
4.982000e-05	-1.926177e-03	-1.085687e+00
4.983000e-05	-2.050659e-03	-1.358714e+00
4.984000e-05	1.344370e-02	-1.598174e+00
4.985000e-05	7.691214e-02	-1.758271e+00
4.986000e-05	-6.661961e-03	-2.031875e+00
4.987000e-05	-5.564580e-02	-2.399218e+00
4.988000e-05	-4.633533e-02	-2.672779e+00
4.989000e-05	-6.824498e-02	-2.822781e+00
4.990000e-05	2.569372e-02	-3.029629e+00
4.991000e-05	1.007149e-01	-3.137997e+00
4.992000e-05	-1.455798e-01	-3.430647e+00
4.993000e-05	8.344321e-02	-3.620401e+00
4.994000e-05	4.635638e-02	-3.789494e+00
4.995000e-05	-7.067752e-02	-4.102106e+00
4.996000e-05	7.933888e-02	-4.302059e+00
4.997000e-05	-1.394850e-01	-4.503629e+00
4.998000e-05	1.596337e-02	-4.766137e+00
4.999000e-05	8.040408e-02	-4.955609e+00
