# 260929_11:50:26.861285
t	CH1	CH2
0.000000e+00	3.950449e-03	-3.171934e-01
1.000000e-08	-3.498281e-03	-4.772832e-01
2.000000e-08	-2.391467e-03	-8.084223e-01
3.000000e-08	-4.149756e-03	-9.493748e-01
4.000000e-08	-1.451607e-03	-1.147875e+00
5.000000e-08	-2.910749e-03	-1.401108e+00
6.000000e-08	2.526155e-02	-1.652079e+00
7.000000e-08	7.264758e-02	-1.819958e+00
8.000000e-08	-2.304852e-02	-2.116666e+00
9.000000e-08	-5.707341e-02	-2.453013e+00
1.000000e-07	-5.222087e-02	-2.696213e+00
1.100000e-07	-6.002838e-02	-2.874664e+00
1.200000e-07	4.053758e-02	-3.123158e+00
1.300000e-07	8.058237e-02	-3.231954e+00
1.400000e-07	-1.377493e-01	-3.484686e+00
1.500000e-07	1.029882e-01	-3.671002e+00
1.600000e-07	1.871016e-02	-3.793525e+00
1.700000e-07	-6.766542e-02	-4.146793e+00
1.800000e-07	6.517018e-02	-4.286337e+00
1.900000e-07	-1.452835e-01	-4.547214e+00
2.000000e-07	4.347146e-02	-4.778925e+00
2.100000e-07	6.763304e-02	-4.957744e+00
2.200000e-07	-7.180948e-02	-5.229507e+00
2.300000e-07	6.064450e-02	-5.454057e+00
2.400000e-07	-7.306794e-02	-5.734113e+00
2.500000e-07	2.261722e-02	-5.894212e+00
2.600000e-07	1.962207e-02	-6.113058e+00
2.700000e-07	-1.031772e-01	-6.306695e+00
2.800000e-07	6.781433e-02	-6.494783e+00
2.900000e-07	-4.097349e-02	-6.715242e+00
3.000000e-07	6.643116e-02	-6.955267e+00
3.100000e-07	-6.022079e-02	-7.134643e+00
3.200000e-07	-4.887041e-02	-7.358295e+00
3.300000e-07	6.152198e-02	-7.506237e+00
3.400000e-07	-6.122750e-02	-7.765820e+00
3.500000e-07	3.697773e-02	-7.948693e+00
3.600000e-07	-6.175491e-02	-8.094691e+00
3.700000e-07	3.361542e-02	-8.283640e+00
3.800000e-07	2.009265e-03	-8.463057e+00
3.900000e-07	-4.569489e-02	-8.662506e+00
4.000000e-07	-2.978356e-03	-8.800979e+00
4.100000e-07	-3.629024e-02	-8.959847e+00
4.200000e-07	4.058355e-02	-9.135717e+00
4.300000e-07	-3.955773e-02	-9.293556e+00
4.400000e-07	-4.743441e-03	-9.434106e+00
4.500000e-07	-1.318186e-02	-9.580428e+00
4.600000e-07	-4.226181e-04	-9.758847e+00
4.700000e-07	-1.221044e-02	-9.904684e+00
4.800000e-07	-4.311570e-02	-1.003200e+01
4.900000e-07	1.410937e-03	-1.017790e+01
5.000000e-07	-9.888461e-03	-1.035779e+01
5.100000e-07	3.771794e-03	-1.051358e+01
5.200000e-07	-3.361689e-02	-1.056892e+01
5.300000e-07	-5.548169e-03	-1.070468e+01
5.400000e-07	-8.519290e-03	-1.082993e+01
5.500000e-07	-1.064148e-02	-1.095679e+01
5.600000e-07	-2.933287e-02	-1.104998e+01
5.700000e-07	-1.843226e-02	-1.117637e+01
5.800000e-07	-9.563109e-05	-1.127003e+01
5.900000e-07	-1.258413e-02	-1.136745e+01
6.000000e-07	-1.782244e-02	-1.146416e+01
6.100000e-07	-2.577979e-02	-1.158837e+01
6.200000e-07	-2.910438e-03	-1.166371e+01
6.300000e-07	-1.638499e-02	-1.178947e+01
6.400000e-07	-1.900182e-02	-1.186300e+01
6.500000e-07	-2.576518e-02	-1.195929e+01
6.600000e-07	-7.427637e-03	-1.206098e+01
6.700000e-07	-1.187515e-02	-1.209248e+01
6.800000e-07	-2.114535e-02	-1.215784e+01
6.900000e-07	-2.529059e-02	-1.219900e+01
7.000000e-07	-1.586687e-02	-1.224358e+01
7.100000e-07	-1.123932e-02	-1.233411e+01
7.200000e-07	-2.263960e-02	-1.236619e+01
7.300000e-07	-2.384081e-02	-1.238897e+01
7.400000e-07	-1.760872e-02	-1.245952e+01
7.500000e-07	-1.281429e-02	-1.247253e+01
7.600000e-07	-2.258238e-02	-1.250519e+01
7.700000e-07	-2.738725e-02	-1.252378e+01
7.800000e-07	-2.038915e-02	-1.254422e+01
7.900000e-07	-1.464012e-02	-1.252729e+01
8.000000e-07	-2.334421e-02	-1.254832e+01
8.100000e-07	-2.856057e-02	-1.257689e+01
8.200000e-07	-2.521891e-02	-1.256842e+01
8.300000e-07	-1.746206e-02	-1.254837e+01
8.400000e-07	-2.449230e-02	-1.254684e+01
8.500000e-07	-2.999285e-02	-1.251784e+01
8.600000e-07	-2.717600e-02	-1.253471e+01
8.700000e-07	-2.353480e-02	-1.249468e+01
8.800000e-07	-2.579007e-02	-1.247350e+01
8.900000e-07	-3.457884e-02	-1.245107e+01
9.000000e-07	-3.185996e-02	-1.239942e+01
9.100000e-07	-2.668575e-02	-1.231784e+01
9.200000e-07	-2.715723e-02	-1.227629e+01
9.300000e-07	-3.527471e-02	-1.226111e+01
9.400000e-07	-3.555499e-02	-1.221895e+01
9.500000e-07	-2.993082e-02	-1.210789e+01
9.600000e-07	-3.131078e-02	-1.213474e+01
9.700000e-07	-3.846110e-02	-1.207363e+01
9.800000e-07	-4.007568e-02	-1.201679e+01
9.900000e-07	-3.514854e-02	-1.186266e+01
1.000000e-06	-3.515774e-02	-1.178147e+01
1.010000e-06	-4.216868e-02	-1.170319e+01
1.020000e-06	-4.507803e-02	-1.164997e+01
1.030000e-06	-4.079391e-02	-1.148416e+01
1.040000e-06	-4.007970e-02	-1.139852e+01
1.050000e-06	-4.618849e-02	-1.130460e+01
1.060000e-06	-4.909097e-02	-1.113736e+01
1.070000e-06	-4.761440e-02	-1.108150e+01
1.080000e-06	-4.488679e-02	-1.092586e+01
1.090000e-06	-4.858123e-02	-1.084102e+01
1.100000e-06	-5.050262e-02	-1.071679e+01
1.110000e-06	-4.697724e-02	-1.061997e+01
1.120000e-06	-4.307403e-02	-1.049571e+01
1.130000e-06	-4.508308e-02	-1.037699e+01
1.140000e-06	-4.902722e-02	-1.023054e+01
1.150000e-06	-4.579780e-02	-1.007463e+01
1.160000e-06	-4.152164e-02	-9.905386e+00
1.170000e-06	-4.199324e-02	-9.809396e+00
1.180000e-06	-4.390568e-02	-9.652732e+00
1.190000e-06	-4.023643e-02	-9.544341e+00
1.200000e-06	-3.540227e-02	-9.348413e+00
1.210000e-06	-3.453482e-02	-9.188446e+00
1.220000e-06	-3.695100e-02	-9.040579e+00
1.230000e-06	-3.519243e-02	-8.875107e+00
1.240000e-06	-3.119022e-02	-8.662308e+00
1.250000e-06	-2.916774e-02	-8.557262e+00
1.260000e-06	-3.079149e-02	-8.357945e+00
1.270000e-06	-2.936383e-02	-8.208446e+00
1.280000e-06	-2.602316e-02	-8.022648e+00
1.290000e-06	-2.399212e-02	-7.820100e+00
1.300000e-06	-2.492226e-02	-7.599596e+00
1.310000e-06	-2.508902e-02	-7.412054e+00
1.320000e-06	-2.191684e-02	-7.232005e+00
1.330000e-06	-1.899153e-02	-7.051553e+00
1.340000e-06	-2.057959e-02	-6.800601e+00
1.350000e-06	-1.968581e-02	-6.632604e+00
1.360000e-06	-1.821977e-02	-6.431577e+00
1.370000e-06	-1.511302e-02	-6.263181e+00
1.380000e-06	-1.739666e-02	-6.032153e+00
1.390000e-06	-1.783958e-02	-5.831498e+00
1.400000e-06	-1.497945e-02	-5.603101e+00
1.410000e-06	-1.228673e-02	-5.450097e+00
1.420000e-06	-1.267899e-02	-5.187441e+00
1.430000e-06	-1.286695e-02	-4.954863e+00
1.440000e-06	-1.305396e-02	-4.661606e+00
1.450000e-06	-9.460813e-03	-4.453232e+00
1.460000e-06	-1.030156e-02	-4.282255e+00
1.470000e-06	-1.179764e-02	-4.053733e+00
1.480000e-06	-1.254336e-02	-3.892730e+00
1.490000e-06	-8.958275e-03	-3.631628e+00
1.500000e-06	-8.706782e-03	-3.420071e+00
1.510000e-06	-9.719731e-03	-3.190047e+00
1.520000e-06	-1.039519e-02	-2.957443e+00
1.530000e-06	-5.927203e-03	-2.706842e+00
1.540000e-06	-5.593907e-03	-2.514759e+00
1.550000e-06	-5.673068e-03	-2.313731e+00
1.560000e-06	-7.900959e-03	-2.011573e+00
1.570000e-06	-5.840577e-03	-1.820648e+00
1.580000e-06	-6.867909e-03	-1.630099e+00
1.590000e-06	-6.604862e-03	-1.344389e+00
1.600000e-06	-7.330821e-03	-1.062307e+00
1.610000e-06	-4.840015e-03	-8.216538e-01
1.620000e-06	-2.754926e-03	-5.800714e-01
1.630000e-06	-2.501950e-03	-3.594686e-01
1.640000e-06	-2.429094e-03	-1.984922e-01
1.650000e-06	1.633795e-03	6.156295e-02
1.660000e-06	5.075972e-03	3.052419e-01
1.670000e-06	-2.139689e-03	5.262658e-01
1.680000e-06	4.636613e-04	7.072434e-01
1.690000e-06	-2.890436e-03	9.272132e-01
1.700000e-06	3.139060e-03	1.199504e+00
1.710000e-06	1.956998e-03	1.451000e+00
1.720000e-06	1.396105e-02	1.693138e+00
1.730000e-06	5.160828e-02	1.874188e+00
1.740000e-06	4.280486e-02	2.137795e+00
1.750000e-06	-5.087182e-02	2.428429e+00
1.760000e-06	-4.423068e-02	2.632035e+00
1.770000e-06	-3.346469e-02	2.873134e+00
1.780000e-06	-3.354091e-02	3.040578e+00
1.790000e-06	1.951205e-02	3.149421e+00
1.800000e-06	6.933045e-02	3.412484e+00
1.810000e-06	-8.717481e-02	3.653080e+00
1.820000e-06	8.995582e-02	3.810477e+00
1.830000e-06	3.190374e-02	4.043063e+00
1.840000e-06	-4.573475e-02	4.266237e+00
1.850000e-06	3.254599e-02	4.505239e+00
1.860000e-06	-6.690698e-02	4.718245e+00
1.870000e-06	3.621970e-02	4.935770e+00
1.880000e-06	3.397657e-02	5.270929e+00
1.890000e-06	-1.781634e-02	5.465743e+00
1.900000e-06	1.392746e-02	5.673058e+00
1.910000e-06	-3.898539e-03	5.896167e+00
1.920000e-06	2.937234e-03	6.135162e+00
1.930000e-06	6.355984e-03	6.323713e+00
1.940000e-06	-1.283361e-02	6.495063e+00
1.950000e-06	2.038557e-02	6.736163e+00
1.960000e-06	-4.999678e-04	6.916817e+00
1.970000e-06	4.231670e-02	7.115618e+00
1.980000e-06	-2.881228e-02	7.333113e+00
1.990000e-06	-7.072094e-03	7.526113e+00
2.000000e-06	2.637108e-02	7.736741e+00
2.010000e-06	-4.326928e-03	7.956766e+00
2.020000e-06	1.784701e-02	8.147665e+00
2.030000e-06	-9.039824e-03	8.286665e+00
2.040000e-06	2.521431e-02	8.453582e+00
2.050000e-06	1.572662e-03	8.599403e+00
2.060000e-06	4.837580e-03	8.750769e+00
2.070000e-06	-5.614131e-03	8.915791e+00
2.080000e-06	5.313238e-03	9.117134e+00
2.090000e-06	2.058976e-02	9.274134e+00
2.100000e-06	4.265648e-03	9.441555e+00
2.110000e-06	6.850203e-03	9.580321e+00
2.120000e-06	5.479032e-03	9.715293e+00
2.130000e-06	1.318556e-02	9.864087e+00
2.140000e-06	4.981180e-03	1.003143e+01
2.150000e-06	9.823969e-04	1.015732e+01
2.160000e-06	8.410005e-03	1.030409e+01
2.170000e-06	1.329891e-02	1.041050e+01
2.180000e-06	1.317620e-02	1.056579e+01
2.190000e-06	4.240222e-03	1.071514e+01
2.200000e-06	7.397676e-03	1.081093e+01
2.210000e-06	9.977131e-03	1.092524e+01
2.220000e-06	9.501644e-03	1.099153e+01
2.230000e-06	5.509026e-03	1.117719e+01
2.240000e-06	9.103873e-03	1.122113e+01
2.250000e-06	1.365965e-02	1.134727e+01
2.260000e-06	1.355398e-02	1.144205e+01
2.270000e-06	8.044991e-03	1.155827e+01
2.280000e-06	6.296445e-03	1.168349e+01
2.290000e-06	1.191458e-02	1.176987e+01
2.300000e-06	1.150420e-02	1.186053e+01
2.310000e-06	9.749634e-03	1.194516e+01
2.320000e-06	9.966014e-03	1.199932e+01
2.330000e-06	1.497784e-02	1.209108e+01
2.340000e-06	1.517441e-02	1.210476e+01
2.350000e-06	1.117930e-02	1.217887e+01
2.360000e-06	9.681544e-03	1.223145e+01
2.370000e-06	1.253069e-02	1.228256e+01
2.380000e-06	1.410288e-02	1.234419e+01
2.390000e-06	1.180795e-02	1.235677e+01
2.400000e-06	1.247221e-02	1.238835e+01
2.410000e-06	1.452397e-02	1.244253e+01
2.420000e-06	1.736187e-02	1.249304e+01
2.430000e-06	1.546851e-02	1.249508e+01
2.440000e-06	1.476360e-02	1.254514e+01
2.450000e-06	1.563639e-02	1.249611e+01
2.460000e-06	1.808129e-02	1.252534e+01
2.470000e-06	1.606574e-02	1.252627e+01
2.480000e-06	1.464921e-02	1.254571e+01
2.490000e-06	1.662119e-02	1.252622e+01
2.500000e-06	2.069172e-02	1.252629e+01
2.510000e-06	2.053790e-02	1.251366e+01
2.520000e-06	1.940205e-02	1.251414e+01
2.530000e-06	2.129898e-02	1.247360e+01
2.540000e-06	2.312501e-02	1.247153e+01
2.550000e-06	2.377857e-02	1.245947e+01
2.560000e-06	2.056443e-02	1.236890e+01
2.570000e-06	2.155053e-02	1.231564e+01
2.580000e-06	2.550541e-02	1.231313e+01
2.590000e-06	2.718742e-02	1.223148e+01
2.600000e-06	2.477569e-02	1.220102e+01
2.610000e-06	2.519105e-02	1.214574e+01
2.620000e-06	2.883072e-02	1.206305e+01
2.630000e-06	2.988055e-02	1.201637e+01
2.640000e-06	2.992129e-02	1.195621e+01
2.650000e-06	2.982162e-02	1.185203e+01
2.660000e-06	3.415394e-02	1.179792e+01
2.670000e-06	3.392723e-02	1.167509e+01
2.680000e-06	3.374310e-02	1.161037e+01
2.690000e-06	3.507489e-02	1.147353e+01
2.700000e-06	3.702172e-02	1.136792e+01
2.710000e-06	4.003185e-02	1.126161e+01
2.720000e-06	3.841105e-02	1.115684e+01
2.730000e-06	4.015127e-02	1.104208e+01
2.740000e-06	3.976372e-02	1.094689e+01
2.750000e-06	4.232396e-02	1.085261e+01
2.760000e-06	3.984411e-02	1.071481e+01
2.770000e-06	3.920751e-02	1.062890e+01
2.780000e-06	3.904689e-02	1.050403e+01
2.790000e-06	3.989903e-02	1.032432e+01
2.800000e-06	3.770202e-02	1.019895e+01
2.810000e-06	3.767478e-02	1.010316e+01
2.820000e-06	3.576496e-02	9.945316e+00
2.830000e-06	3.621253e-02	9.799392e+00
2.840000e-06	3.446528e-02	9.619921e+00
2.850000e-06	3.103456e-02	9.413578e+00
2.860000e-06	2.839102e-02	9.316761e+00
2.870000e-06	2.845228e-02	9.178420e+00
2.880000e-06	2.711228e-02	9.029998e+00
2.890000e-06	2.568415e-02	8.782552e+00
2.900000e-06	2.452100e-02	8.672656e+00
2.910000e-06	2.446432e-02	8.516683e+00
2.920000e-06	2.311915e-02	8.377370e+00
2.930000e-06	2.001793e-02	8.167821e+00
2.940000e-06	1.825311e-02	7.965920e+00
2.950000e-06	1.726810e-02	7.808522e+00
2.960000e-06	1.558824e-02	7.631046e+00
2.970000e-06	1.394758e-02	7.389001e+00
2.980000e-06	1.329728e-02	7.197892e+00
2.990000e-06	1.233613e-02	7.009524e+00
3.000000e-06	1.262818e-02	6.829575e+00
3.010000e-06	1.144946e-02	6.641520e+00
3.020000e-06	1.094094e-02	6.409972e+00
3.030000e-06	8.560730e-03	6.200476e+00
3.040000e-06	7.828170e-03	5.993053e+00
3.050000e-06	7.559414e-03	5.831521e+00
3.060000e-06	6.637531e-03	5.577945e+00
3.070000e-06	4.772595e-03	5.409420e+00
3.080000e-06	4.167737e-03	5.166390e+00
3.090000e-06	4.945478e-03	4.873180e+00
3.100000e-06	4.030165e-03	4.612704e+00
3.110000e-06	3.458408e-03	4.463127e+00
3.120000e-06	2.431144e-03	4.310675e+00
3.130000e-06	3.252181e-03	3.958018e+00
3.140000e-06	1.893388e-03	3.808967e+00
3.150000e-06	-4.494819e-04	3.577501e+00
3.160000e-06	-6.917352e-04	3.306846e+00
3.170000e-06	-4.516707e-04	3.125288e+00
3.180000e-06	3.781431e-04	2.896259e+00
3.190000e-06	-9.276019e-04	2.727281e+00
3.200000e-06	-3.723259e-04	2.403023e+00
3.210000e-06	-6.804525e-04	2.229999e+00
3.220000e-06	7.680909e-06	1.969547e+00
3.230000e-06	-1.565117e-03	1.768519e+00
3.240000e-06	-3.831904e-03	1.525313e+00
3.250000e-06	-4.128835e-03	1.335258e+00
3.260000e-06	-3.124659e-03	1.030130e+00
3.270000e-06	-3.003199e-03	7.584697e-01
3.280000e-06	-3.386638e-03	5.068659e-01
3.290000e-06	-2.282804e-03	3.169421e-01
3.300000e-06	-2.129273e-03	9.270682e-02
3.310000e-06	1.292357e-03	-1.473182e-01
3.320000e-06	1.515111e-03	-3.183436e-01
3.330000e-06	-4.488913e-03	-5.752947e-01
3.340000e-06	-2.246575e-03	-7.883727e-01
3.350000e-06	-3.023895e-03	-9.778989e-01
3.360000e-06	-2.137913e-03	-1.189952e+00
3.370000e-06	-7.688215e-04	-1.482653e+00
3.380000e-06	3.203007e-02	-1.652185e+00
3.390000e-06	7.184960e-02	-1.843008e+00
3.400000e-06	-3.734610e-02	-2.128371e+00
3.410000e-06	-5.282957e-02	-2.443659e+00
3.420000e-06	-5.567964e-02	-2.724816e+00
3.430000e-06	-5.734812e-02	-2.907741e+00
3.440000e-06	5.891634e-02	-3.064837e+00
3.450000e-06	5.513760e-02	-3.252509e+00
3.460000e-06	-1.355727e-01	-3.485213e+00
3.470000e-06	1.313108e-01	-3.622577e+00
3.480000e-06	-1.265108e-02	-3.793138e+00
3.490000e-06	-4.470573e-02	-4.148848e+00
3.500000e-06	5.134642e-02	-4.356294e+00
3.510000e-06	-1.518399e-01	-4.578747e+00
3.520000e-06	7.431126e-02	-4.768424e+00
3.530000e-06	3.950037e-02	-4.949351e+00
3.540000e-06	-5.999027e-02	-5.273681e+00
3.550000e-06	5.865101e-02	-5.464633e+00
3.560000e-06	-8.349895e-02	-5.734186e+00
3.570000e-06	4.340463e-02	-5.936265e+00
3.580000e-06	-4.744327e-03	-6.096140e+00
3.590000e-06	-8.576587e-02	-6.318273e+00
3.600000e-06	6.924610e-02	-6.535670e+00
3.610000e-06	-4.637366e-02	-6.756743e+00
3.620000e-06	7.312005e-02	-6.936297e+00
3.630000e-06	-8.406381e-02	-7.129325e+00
3.640000e-06	-2.226302e-02	-7.338870e+00
3.650000e-06	4.590571e-02	-7.506742e+00
3.660000e-06	-5.669399e-02	-7.768748e+00
3.670000e-06	3.804844e-02	-7.966851e+00
3.680000e-06	-6.516435e-02	-8.154718e+00
3.690000e-06	4.886244e-02	-8.306713e+00
3.700000e-06	-1.517351e-02	-8.503637e+00
3.710000e-06	-3.363114e-02	-8.692432e+00
3.720000e-06	-1.052194e-02	-8.831030e+00
3.730000e-06	-2.896651e-02	-8.980975e+00
3.740000e-06	3.739921e-02	-9.148788e+00
3.750000e-06	-4.566361e-02	-9.314714e+00
3.760000e-06	3.085075e-03	-9.452608e+00
3.770000e-06	-1.828612e-02	-9.632452e+00
3.780000e-06	6.088197e-03	-9.797849e+00
3.790000e-06	-1.908061e-02	-9.904666e+00
3.800000e-06	-3.536093e-02	-1.007468e+01
3.810000e-06	2.245972e-03	-1.019690e+01
3.820000e-06	-8.673337e-03	-1.030790e+01
3.830000e-06	-1.993333e-04	-1.051356e+01
3.840000e-06	-3.525722e-02	-1.059945e+01
3.850000e-06	-2.121916e-03	-1.072419e+01
3.860000e-06	-9.122563e-03	-1.081151e+01
3.870000e-06	-1.037667e-02	-1.094677e+01
3.880000e-06	-2.999054e-02	-1.106265e+01
3.890000e-06	-1.308198e-02	-1.118777e+01
3.900000e-06	-1.478738e-03	-1.128513e+01
3.910000e-06	-1.513953e-02	-1.136800e+01
3.920000e-06	-2.072614e-02	-1.152404e+01
3.930000e-06	-2.397621e-02	-1.158892e+01
3.940000e-06	-8.696446e-04	-1.167371e+01
3.950000e-06	-1.682864e-02	-1.176192e+01
3.960000e-06	-1.808033e-02	-1.184251e+01
3.970000e-06	-2.342691e-02	-1.193629e+01
3.980000e-06	-6.517476e-03	-1.203303e+01
3.990000e-06	-1.641209e-02	-1.211474e+01
4.000000e-06	-2.583257e-02	-1.216739e+01
4.010000e-06	-2.529410e-02	-1.218100e+01
4.020000e-06	-1.264377e-02	-1.226363e+01
4.030000e-06	-1.101995e-02	-1.231466e+01
4.040000e-06	-2.160920e-02	-1.233729e+01
4.050000e-06	-2.053957e-02	-1.239937e+01
4.060000e-06	-1.736778e-02	-1.241058e+01
4.070000e-06	-1.581286e-02	-1.248258e+01
4.080000e-06	-2.743787e-02	-1.251471e+01
4.090000e-06	-2.740116e-02	-1.252478e+01
4.100000e-06	-1.905134e-02	-1.254577e+01
4.110000e-06	-1.367148e-02	-1.255736e+01
4.120000e-06	-2.180559e-02	-1.256932e+01
4.130000e-06	-2.640579e-02	-1.257837e+01
4.140000e-06	-2.328578e-02	-1.254787e+01
4.150000e-06	-1.950576e-02	-1.254840e+01
4.160000e-06	-2.665316e-02	-1.254634e+01
4.170000e-06	-3.209175e-02	-1.252581e+01
4.180000e-06	-2.636393e-02	-1.252676e+01
4.190000e-06	-2.299295e-02	-1.248416e+01
4.200000e-06	-2.507580e-02	-1.247164e+01
4.210000e-06	-3.356913e-02	-1.247102e+01
4.220000e-06	-2.862021e-02	-1.239945e+01
4.230000e-06	-2.669044e-02	-1.235729e+01
4.240000e-06	-3.002089e-02	-1.230469e+01
4.250000e-06	-3.603489e-02	-1.223110e+01
4.260000e-06	-3.434401e-02	-1.223097e+01
4.270000e-06	-2.889348e-02	-1.218734e+01
4.280000e-06	-3.292986e-02	-1.210576e+01
4.290000e-06	-3.800796e-02	-1.205008e+01
4.300000e-06	-3.914812e-02	-1.195724e+01
4.310000e-06	-3.434506e-02	-1.186305e+01
4.320000e-06	-3.821997e-02	-1.180795e+01
4.330000e-06	-4.419484e-02	-1.168423e+01
4.340000e-06	-4.475813e-02	-1.155792e+01
4.350000e-06	-4.032263e-02	-1.149328e+01
4.360000e-06	-4.102246e-02	-1.135630e+01
4.370000e-06	-4.579986e-02	-1.128213e+01
4.380000e-06	-4.839323e-02	-1.115529e+01
4.390000e-06	-4.427986e-02	-1.104057e+01
4.400000e-06	-4.481056e-02	-1.089581e+01
4.410000e-06	-4.959886e-02	-1.086008e+01
4.420000e-06	-5.197406e-02	-1.069426e+01
4.430000e-06	-4.764210e-02	-1.058953e+01
4.440000e-06	-4.523081e-02	-1.047421e+01
4.450000e-06	-4.678706e-02	-1.034689e+01
4.460000e-06	-4.617537e-02	-1.019899e+01
4.470000e-06	-4.185087e-02	-1.002210e+01
4.480000e-06	-3.945097e-02	-9.903779e+00
4.490000e-06	-4.218442e-02	-9.787395e+00
4.500000e-06	-4.446774e-02	-9.681178e+00
4.510000e-06	-4.166297e-02	-9.521741e+00
4.520000e-06	-3.738006e-02	-9.325812e+00
4.530000e-06	-3.652614e-02	-9.189344e+00
4.540000e-06	-3.633681e-02	-9.011122e+00
4.550000e-06	-3.291652e-02	-8.852581e+00
4.560000e-06	-2.853248e-02	-8.704258e+00
4.570000e-06	-2.915306e-02	-8.474337e+00
4.580000e-06	-3.266232e-02	-8.336938e+00
4.590000e-06	-3.007737e-02	-8.188944e+00
4.600000e-06	-2.590855e-02	-7.991076e+00
4.610000e-06	-2.401534e-02	-7.838491e+00
4.620000e-06	-2.626113e-02	-7.599468e+00
4.630000e-06	-2.333881e-02	-7.408497e+00
4.640000e-06	-2.008383e-02	-7.231600e+00
4.650000e-06	-1.936030e-02	-6.951548e+00
4.660000e-06	-2.242878e-02	-6.790550e+00
4.670000e-06	-2.075048e-02	-6.612598e+00
4.680000e-06	-1.767884e-02	-6.401079e+00
4.690000e-06	-1.607880e-02	-6.231104e+00
4.700000e-06	-1.721306e-02	-6.011122e+00
4.710000e-06	-1.709622e-02	-5.799071e+00
4.720000e-06	-1.351672e-02	-5.599572e+00
4.730000e-06	-1.271546e-02	-5.390020e+00
4.740000e-06	-1.400135e-02	-5.146313e+00
4.750000e-06	-1.448372e-02	-4.874155e+00
4.760000e-06	-1.324839e-02	-4.609551e+00
4.770000e-06	-1.026804e-02	-4.451657e+00
4.780000e-06	-1.133099e-02	-4.261182e+00
4.790000e-06	-1.154827e-02	-4.051205e+00
4.800000e-06	-1.035710e-02	-3.820703e+00
4.810000e-06	-7.625234e-03	-3.587974e+00
4.820000e-06	-1.027232e-02	-3.390021e+00
4.830000e-06	-1.098834e-02	-3.178495e+00
4.840000e-06	-1.018293e-02	-2.924313e+00
4.850000e-06	-5.986742e-03	-2.684263e+00
4.860000e-06	-6.719887e-03	-2.493312e+00
4.870000e-06	-7.386765e-03	-2.221705e+00
4.880000e-06	-6.774434e-03	-1.999024e+00
4.890000e-06	-5.035140e-03	-1.809519e+00
4.900000e-06	-6.028566e-03	-1.519943e+00
4.910000e-06	-8.076723e-03	-1.295707e+00
4.920000e-06	-6.490284e-03	-1.060629e+00
4.930000e-06	-4.863677e-03	-7.816263e-01
4.940000e-06	-2.458978e-03	-5.899998e-01
4.950000e-06	-4.696537e-03	-3.264409e-01
4.960000e-06	-3.019068e-03	-1.358634e-01
4.970000e-06	2.657612e-03	7.263784e-02
4.980000e-06	3.905021e-03	3.678198e-01
4.990000e-06	-2.158570e-03	5.462910e-01
5.000000e-06	-1.198112e-03	7.568434e-01
5.010000e-06	-1.972676e-03	9.168751e-01
5.020000e-06	3.666269e-03	1.219555e+00
5.030000e-06	2.048080e-03	1.451554e+00
5.040000e-06	1.529895e-02	1.723165e+00
5.050000e-06	5.674280e-02	1.927664e+00
5.060000e-06	3.428206e-02	2.168898e+00
5.070000e-06	-5.611442e-02	2.472481e+00
5.080000e-06	-4.356827e-02	2.726739e+00
5.090000e-06	-3.206977e-02	2.864184e+00
5.100000e-06	-3.416505e-02	3.041107e+00
5.110000e-06	3.348916e-02	3.238450e+00
5.120000e-06	5.307487e-02	3.432530e+00
5.130000e-06	-8.653396e-02	3.652582e+00
5.140000e-06	1.111781e-01	3.810950e+00
5.150000e-06	8.344292e-03	4.104566e+00
5.160000e-06	-3.550631e-02	4.309290e+00
5.170000e-06	2.642579e-02	4.515321e+00
5.180000e-06	-6.788637e-02	4.819797e+00
5.190000e-06	5.004303e-02	4.979423e+00
5.200000e-06	2.199117e-02	5.275067e+00
5.210000e-06	-1.631560e-02	5.504738e+00
5.220000e-06	1.715820e-02	5.724165e+00
5.230000e-06	-5.275991e-03	5.918772e+00
5.240000e-06	5.773207e-03	6.135738e+00
5.250000e-06	-1.408940e-03	6.325740e+00
5.260000e-06	-7.042227e-03	6.525638e+00
5.270000e-06	1.997496e-02	6.748245e+00
5.280000e-06	2.150683e-03	6.967295e+00
5.290000e-06	3.893097e-02	7.156767e+00
5.300000e-06	-3.524024e-02	7.336192e+00
5.310000e-06	3.963882e-03	7.515745e+00
5.320000e-06	2.063389e-02	7.758743e+00
5.330000e-06	-3.723984e-03	7.947350e+00
5.340000e-06	1.559210e-02	8.166347e+00
5.350000e-06	-6.357806e-03	8.347244e+00
5.360000e-06	2.742104e-02	8.494182e+00
5.370000e-06	-2.065993e-03	8.620453e+00
5.380000e-06	5.945578e-03	8.790300e+00
5.390000e-06	-5.807577e-03	8.956970e+00
5.400000e-06	8.951871e-03	9.136714e+00
5.410000e-06	1.799033e-02	9.296112e+00
5.420000e-06	3.390772e-03	9.423480e+00
5.430000e-06	9.341461e-03	9.619873e+00
5.440000e-06	5.934288e-03	9.746767e+00
5.450000e-06	1.259730e-02	9.894638e+00
5.460000e-06	2.218457e-03	1.008458e+01
5.470000e-06	2.254291e-03	1.019792e+01
5.480000e-06	9.709474e-03	1.036464e+01
5.490000e-06	1.318287e-02	1.044195e+01
5.500000e-06	1.186377e-02	1.057787e+01
5.510000e-06	5.438772e-03	1.071414e+01
5.520000e-06	8.408662e-03	1.084050e+01
5.530000e-06	9.977149e-03	1.093729e+01
5.540000e-06	6.682762e-03	1.105055e+01
5.550000e-06	5.860365e-03	1.117622e+01
5.560000e-06	9.405462e-03	1.127161e+01
5.570000e-06	1.421606e-02	1.136787e+01
5.580000e-06	1.309979e-02	1.141255e+01
5.590000e-06	9.291071e-03	1.155787e+01
5.600000e-06	9.657707e-03	1.171463e+01
5.610000e-06	1.182999e-02	1.178779e+01
5.620000e-06	9.077384e-03	1.188050e+01
5.630000e-06	7.632642e-03	1.191619e+01
5.640000e-06	9.729445e-03	1.198937e+01
5.650000e-06	1.520793e-02	1.206203e+01
5.660000e-06	1.369433e-02	1.212519e+01
5.670000e-06	1.260989e-02	1.218894e+01
5.680000e-06	1.229523e-02	1.221155e+01
5.690000e-06	1.363300e-02	1.226508e+01
5.700000e-06	1.394090e-02	1.234516e+01
5.710000e-06	9.885333e-03	1.239834e+01
5.720000e-06	1.285124e-02	1.240748e+01
5.730000e-06	1.471918e-02	1.245196e+01
5.740000e-06	1.729033e-02	1.248406e+01
5.750000e-06	1.506641e-02	1.249614e+01
5.760000e-06	1.565295e-02	1.250521e+01
5.770000e-06	1.807761e-02	1.251571e+01
5.780000e-06	1.769321e-02	1.253681e+01
5.790000e-06	1.613474e-02	1.253571e+01
5.800000e-06	1.490469e-02	1.254531e+01
5.810000e-06	1.884625e-02	1.253676e+01
5.820000e-06	2.033923e-02	1.252421e+01
5.830000e-06	2.060620e-02	1.252574e+01
5.840000e-06	1.948382e-02	1.252424e+01
5.850000e-06	2.269286e-02	1.248114e+01
5.860000e-06	2.320696e-02	1.247358e+01
5.870000e-06	2.213644e-02	1.240943e+01
5.880000e-06	2.082669e-02	1.239627e+01
5.890000e-06	2.351811e-02	1.231468e+01
5.900000e-06	2.645560e-02	1.223361e+01
5.910000e-06	2.448312e-02	1.222108e+01
5.920000e-06	2.498454e-02	1.215842e+01
5.930000e-06	2.657425e-02	1.212621e+01
5.940000e-06	2.929180e-02	1.208908e+01
5.950000e-06	2.888600e-02	1.196837e+01
5.960000e-06	2.973312e-02	1.190474e+01
5.970000e-06	3.067953e-02	1.189106e+01
5.980000e-06	3.468110e-02	1.175634e+01
5.990000e-06	3.487764e-02	1.170411e+01
6.000000e-06	3.420173e-02	1.159832e+01
6.010000e-06	3.560437e-02	1.147260e+01
6.020000e-06	3.780541e-02	1.138729e+01
6.030000e-06	4.048335e-02	1.129208e+01
6.040000e-06	3.769128e-02	1.117641e+01
6.050000e-06	3.963165e-02	1.104105e+01
6.060000e-06	4.042408e-02	1.094686e+01
6.070000e-06	4.250024e-02	1.086050e+01
6.080000e-06	4.029114e-02	1.074481e+01
6.090000e-06	3.995029e-02	1.060840e+01
6.100000e-06	4.059283e-02	1.047205e+01
6.110000e-06	3.973786e-02	1.029621e+01
6.120000e-06	3.628044e-02	1.021787e+01
6.130000e-06	3.496415e-02	1.004165e+01
6.140000e-06	3.631181e-02	9.923157e+00
6.150000e-06	3.623443e-02	9.746762e+00
6.160000e-06	3.322100e-02	9.617951e+00
6.170000e-06	3.075550e-02	9.442677e+00
6.180000e-06	3.029702e-02	9.304241e+00
6.190000e-06	2.907668e-02	9.146920e+00
6.200000e-06	2.696374e-02	9.029996e+00
6.210000e-06	2.347290e-02	8.800473e+00
6.220000e-06	2.318626e-02	8.652082e+00
6.230000e-06	2.370712e-02	8.454732e+00
6.240000e-06	2.197055e-02	8.365441e+00
6.250000e-06	1.885268e-02	8.155887e+00
6.260000e-06	1.882167e-02	7.948763e+00
6.270000e-06	1.850723e-02	7.766896e+00
6.280000e-06	1.678746e-02	7.576971e+00
6.290000e-06	1.299738e-02	7.378445e+00
6.300000e-06	1.335152e-02	7.165368e+00
6.310000e-06	1.328013e-02	6.988942e+00
6.320000e-06	1.228360e-02	6.780044e+00
6.330000e-06	9.808841e-03	6.600541e+00
6.340000e-06	8.825723e-03	6.375846e+00
6.350000e-06	9.658146e-03	6.180021e+00
6.360000e-06	9.371563e-03	6.009520e+00
6.370000e-06	5.865183e-03	5.830996e+00
6.380000e-06	4.778757e-03	5.616921e+00
6.390000e-06	6.620217e-03	5.358469e+00
6.400000e-06	7.430704e-03	5.123810e+00
6.410000e-06	3.561151e-03	4.852128e+00
6.420000e-06	2.948249e-03	4.631576e+00
6.430000e-06	3.639172e-03	4.422603e+00
6.440000e-06	3.950337e-03	4.229544e+00
6.450000e-06	1.678526e-03	3.977870e+00
6.460000e-06	-8.188536e-05	3.787915e+00
6.470000e-06	1.036562e-03	3.565920e+00
6.480000e-06	2.568356e-03	3.296812e+00
6.490000e-06	1.415518e-04	3.074234e+00
6.500000e-06	-1.633294e-03	2.902760e+00
6.510000e-06	-1.194755e-03	2.701233e+00
6.520000e-06	9.364865e-04	2.380521e+00
6.530000e-06	-9.520932e-04	2.189421e+00
6.540000e-06	-3.641734e-03	2.019496e+00
6.550000e-06	-2.677922e-03	1.747439e+00
6.560000e-06	-1.234367e-03	1.495286e+00
6.570000e-06	-2.501733e-03	1.273655e+00
6.580000e-06	-4.865731e-03	9.805474e-01
6.590000e-06	-4.018436e-03	7.663921e-01
6.600000e-06	-2.292022e-03	5.152607e-01
6.610000e-06	-1.434500e-03	3.058395e-01
6.620000e-06	-4.874256e-03	5.068294e-02
6.630000e-06	5.450884e-04	-1.673462e-01
6.640000e-06	2.033276e-03	-3.483984e-01
6.650000e-06	-2.136131e-03	-5.723448e-01
6.660000e-06	-4.201773e-03	-7.899763e-01
6.670000e-06	-6.171957e-03	-9.899775e-01
6.680000e-06	-1.725832e-03	-1.230928e+00
6.690000e-06	1.157540e-03	-1.465689e+00
6.700000e-06	3.887645e-02	-1.672058e+00
6.710000e-06	6.400811e-02	-1.894585e+00
6.720000e-06	-4.826566e-02	-2.171396e+00
6.730000e-06	-4.807617e-02	-2.527765e+00
6.740000e-06	-5.763922e-02	-2.788293e+00
6.750000e-06	-5.654365e-02	-2.918917e+00
6.760000e-06	7.777176e-02	-3.095764e+00
6.770000e-06	2.758787e-02	-3.272586e+00
6.780000e-06	-1.227391e-01	-3.525792e+00
6.790000e-06	1.498460e-01	-3.672558e+00
6.800000e-06	-4.431032e-02	-3.884712e+00
6.810000e-06	-1.657529e-02	-4.179949e+00
6.820000e-06	2.962489e-02	-4.367845e+00
6.830000e-06	-1.508815e-01	-4.589350e+00
6.840000e-06	9.939629e-02	-4.851527e+00
6.850000e-06	1.346521e-02	-4.979349e+00
6.860000e-06	-4.360940e-02	-5.325140e+00
6.870000e-06	5.035371e-02	-5.516288e+00
6.880000e-06	-8.954522e-02	-5.727790e+00
6.890000e-06	6.438653e-02	-5.897317e+00
6.900000e-06	-3.081699e-02	-6.114193e+00
6.910000e-06	-6.755517e-02	-6.411299e+00
6.920000e-06	5.979491e-02	-6.527816e+00
6.930000e-06	-4.214862e-02	-6.738343e+00
6.940000e-06	7.797843e-02	-6.985892e+00
6.950000e-06	-1.039312e-01	-7.149352e+00
6.960000e-06	2.306376e-03	-7.380445e+00
6.970000e-06	2.867191e-02	-7.548217e+00
6.980000e-06	-4.445482e-02	-7.789501e+00
6.990000e-06	3.161101e-02	-7.970879e+00
7.000000e-06	-6.803670e-02	-8.139817e+00
7.010000e-06	5.763188e-02	-8.305188e+00
7.020000e-06	-2.684591e-02	-8.494690e+00
7.030000e-06	-2.219860e-02	-8.684188e+00
7.040000e-06	-2.019845e-02	-8.871580e+00
7.050000e-06	-1.938774e-02	-9.039427e+00
7.060000e-06	3.490933e-02	-9.148292e+00
7.070000e-06	-4.594228e-02	-9.326240e+00
7.080000e-06	5.622531e-03	-9.504662e+00
7.090000e-06	-2.415806e-02	-9.652009e+00
7.100000e-06	1.331561e-02	-9.779899e+00
7.110000e-06	-2.562390e-02	-9.925238e+00
7.120000e-06	-3.032008e-02	-1.006319e+01
7.130000e-06	-7.179802e-04	-1.025897e+01
7.140000e-06	-6.425362e-03	-1.036837e+01
7.150000e-06	-1.353405e-03	-1.047566e+01
7.160000e-06	-3.568219e-02	-1.057100e+01
7.170000e-06	-2.210597e-03	-1.072729e+01
7.180000e-06	-1.125045e-02	-1.082256e+01
7.190000e-06	-6.810895e-03	-1.091687e+01
7.200000e-06	-3.126789e-02	-1.105263e+01
7.210000e-06	-1.144025e-02	-1.122945e+01
7.220000e-06	-4.301692e-03	-1.131409e+01
7.230000e-06	-1.120219e-02	-1.139050e+01
7.240000e-06	-2.306613e-02	-1.153363e+01
7.250000e-06	-2.250266e-02	-1.160947e+01
7.260000e-06	-3.778010e-03	-1.170476e+01
7.270000e-06	-1.668530e-02	-1.176095e+01
7.280000e-06	-1.867320e-02	-1.187413e+01
7.290000e-06	-2.389952e-02	-1.198627e+01
7.300000e-06	-6.875559e-03	-1.207363e+01
7.310000e-06	-1.445809e-02	-1.212526e+01
7.320000e-06	-2.174603e-02	-1.214689e+01
7.330000e-06	-2.483764e-02	-1.223240e+01
7.340000e-06	-1.468773e-02	-1.225166e+01
7.350000e-06	-1.311050e-02	-1.230671e+01
7.360000e-06	-2.282250e-02	-1.234784e+01
7.370000e-06	-2.306063e-02	-1.238842e+01
7.380000e-06	-1.752316e-02	-1.243003e+01
7.390000e-06	-1.392666e-02	-1.247263e+01
7.400000e-06	-2.315271e-02	-1.251366e+01
7.410000e-06	-2.590184e-02	-1.251531e+01
7.420000e-06	-2.049752e-02	-1.251676e+01
7.430000e-06	-1.638732e-02	-1.256834e+01
7.440000e-06	-2.346391e-02	-1.253877e+01
7.450000e-06	-2.753023e-02	-1.254692e+01
7.460000e-06	-2.507037e-02	-1.255837e+01
7.470000e-06	-1.900024e-02	-1.254687e+01
7.480000e-06	-2.445927e-02	-1.252634e+01
7.490000e-06	-2.938242e-02	-1.251631e+01
7.500000e-06	-2.660872e-02	-1.250426e+01
7.510000e-06	-2.359505e-02	-1.251379e+01
7.520000e-06	-2.670849e-02	-1.244305e+01
7.530000e-06	-3.287627e-02	-1.245051e+01
7.540000e-06	-3.038973e-02	-1.237842e+01
7.550000e-06	-2.780063e-02	-1.233681e+01
7.560000e-06	-2.837663e-02	-1.234421e+01
7.570000e-06	-3.449286e-02	-1.225310e+01
7.580000e-06	-3.434413e-02	-1.218894e+01
7.590000e-06	-3.117191e-02	-1.214791e+01
7.600000e-06	-3.273123e-02	-1.209474e+01
7.610000e-06	-3.730700e-02	-1.206253e+01
7.620000e-06	-3.887920e-02	-1.199574e+01
7.630000e-06	-3.570636e-02	-1.186161e+01
7.640000e-06	-3.638608e-02	-1.176784e+01
7.650000e-06	-4.212416e-02	-1.169468e+01
7.660000e-06	-4.442788e-02	-1.157894e+01
7.670000e-06	-4.219990e-02	-1.151308e+01
7.680000e-06	-4.258723e-02	-1.136644e+01
7.690000e-06	-4.554019e-02	-1.127995e+01
7.700000e-06	-4.760833e-02	-1.111519e+01
7.710000e-06	-4.611868e-02	-1.102052e+01
7.720000e-06	-4.477836e-02	-1.089429e+01
7.730000e-06	-4.668310e-02	-1.083895e+01
7.740000e-06	-4.941804e-02	-1.069521e+01
7.750000e-06	-4.732128e-02	-1.060944e+01
7.760000e-06	-4.559962e-02	-1.048466e+01
7.770000e-06	-4.534457e-02	-1.031684e+01
7.780000e-06	-4.637632e-02	-1.015937e+01
7.790000e-06	-4.477879e-02	-1.004063e+01
7.800000e-06	-4.182173e-02	-9.894707e+00
7.810000e-06	-4.093378e-02	-9.788316e+00
7.820000e-06	-4.163890e-02	-9.641999e+00
7.830000e-06	-3.957608e-02	-9.481632e+00
7.840000e-06	-3.714801e-02	-9.285742e+00
7.850000e-06	-3.495030e-02	-9.126469e+00
7.860000e-06	-3.515542e-02	-8.989044e+00
7.870000e-06	-3.353720e-02	-8.851578e+00
7.880000e-06	-3.141210e-02	-8.662679e+00
7.890000e-06	-3.002462e-02	-8.434334e+00
7.900000e-06	-3.049830e-02	-8.324265e+00
7.910000e-06	-2.867674e-02	-8.186941e+00
7.920000e-06	-2.575173e-02	-7.979468e+00
7.930000e-06	-2.426625e-02	-7.797891e+00
7.940000e-06	-2.452119e-02	-7.547417e+00
7.950000e-06	-2.294084e-02	-7.390445e+00
7.960000e-06	-2.121520e-02	-7.209020e+00
7.970000e-06	-2.078465e-02	-6.989041e+00
7.980000e-06	-2.086403e-02	-6.768445e+00
7.990000e-06	-2.012745e-02	-6.610471e+00
8.000000e-06	-1.828239e-02	-6.419101e+00
8.010000e-06	-1.711422e-02	-6.179593e+00
8.020000e-06	-1.600366e-02	-5.976967e+00
8.030000e-06	-1.626521e-02	-5.780442e+00
8.040000e-06	-1.392501e-02	-5.597997e+00
8.050000e-06	-1.386509e-02	-5.366241e+00
8.060000e-06	-1.305221e-02	-5.113687e+00
8.070000e-06	-1.347484e-02	-4.872250e+00
8.080000e-06	-1.406830e-02	-4.580001e+00
8.090000e-06	-1.246944e-02	-4.411079e+00
8.100000e-06	-1.054038e-02	-4.272674e+00
8.110000e-06	-1.014738e-02	-4.052030e+00
8.120000e-06	-9.970666e-03	-3.809120e+00
8.130000e-06	-9.335795e-03	-3.587497e+00
8.140000e-06	-9.430491e-03	-3.376967e+00
8.150000e-06	-9.394050e-03	-3.134943e+00
8.160000e-06	-9.988898e-03	-2.913233e+00
8.170000e-06	-6.907808e-03	-2.675182e+00
8.180000e-06	-6.573624e-03	-2.462607e+00
8.190000e-06	-6.513942e-03	-2.170598e+00
8.200000e-06	-7.367573e-03	-1.977921e+00
8.210000e-06	-7.091138e-03	-1.768493e+00
8.220000e-06	-6.299200e-03	-1.587442e+00
8.230000e-06	-6.683033e-03	-1.293603e+00
8.240000e-06	-5.719179e-03	-1.030100e+00
8.250000e-06	-5.326924e-03	-8.300011e-01
8.260000e-06	-3.526992e-03	-5.763961e-01
8.270000e-06	-3.655814e-03	-3.463120e-01
8.280000e-06	-1.215264e-03	-1.143118e-01
8.290000e-06	2.387790e-03	1.442169e-01
8.300000e-06	2.348643e-03	3.688499e-01
8.310000e-06	5.844323e-04	5.367934e-01
8.320000e-06	-3.399871e-04	7.584466e-01
8.330000e-06	-2.780889e-03	1.010374e+00
8.340000e-06	9.689873e-04	1.272084e+00
8.350000e-06	3.489734e-03	1.513540e+00
8.360000e-06	2.029760e-02	1.726295e+00
8.370000e-06	5.997716e-02	1.946296e+00
8.380000e-06	2.139055e-02	2.181453e+00
8.390000e-06	-5.832841e-02	2.514084e+00
8.400000e-06	-4.056811e-02	2.717767e+00
8.410000e-06	-2.977609e-02	2.894660e+00
8.420000e-06	-3.638646e-02	3.061558e+00
8.430000e-06	4.802539e-02	3.270425e+00
8.440000e-06	3.734687e-02	3.472611e+00
8.450000e-06	-7.898486e-02	3.661767e+00
8.460000e-06	1.215816e-01	3.851509e+00
8.470000e-06	-1.626055e-02	4.136217e+00
8.480000e-06	-2.033360e-02	4.339271e+00
8.490000e-06	1.844260e-02	4.568746e+00
8.500000e-06	-6.742015e-02	4.829898e+00
8.510000e-06	6.019061e-02	5.029032e+00
8.520000e-06	1.356453e-02	5.305641e+00
8.530000e-06	-1.199136e-02	5.537741e+00
8.540000e-06	1.491733e-02	5.736842e+00
8.550000e-06	-1.023884e-02	6.008270e+00
8.560000e-06	1.055968e-02	6.126693e+00
8.570000e-06	-5.353074e-03	6.326291e+00
8.580000e-06	-2.830855e-03	6.545742e+00
8.590000e-06	1.461419e-02	6.758296e+00
8.600000e-06	8.334012e-03	6.946020e+00
8.610000e-06	3.635183e-02	7.117295e+00
8.620000e-06	-3.920949e-02	7.327820e+00
8.630000e-06	1.056420e-02	7.536742e+00
8.640000e-06	1.643249e-02	7.788848e+00
8.650000e-06	4.979628e-04	7.988872e+00
8.660000e-06	1.250880e-02	8.177850e+00
8.670000e-06	-6.688462e-03	8.368769e+00
8.680000e-06	2.582868e-02	8.493639e+00
8.690000e-06	-2.219547e-03	8.682086e+00
8.700000e-06	6.244143e-03	8.788900e+00
8.710000e-06	-7.281155e-03	8.995900e+00
8.720000e-06	1.084514e-02	9.157302e+00
8.730000e-06	1.844436e-02	9.325212e+00
8.740000e-06	2.515698e-03	9.461530e+00
8.750000e-06	8.058765e-03	9.578374e+00
8.760000e-06	3.650604e-03	9.745345e+00
8.770000e-06	1.562657e-02	9.894141e+00
8.780000e-06	2.121611e-03	1.010358e+01
8.790000e-06	2.246785e-03	1.017993e+01
8.800000e-06	7.870214e-03	1.035516e+01
8.810000e-06	1.497671e-02	1.052148e+01
8.820000e-06	1.271878e-02	1.059885e+01
8.830000e-06	3.438414e-03	1.071522e+01
8.840000e-06	7.989291e-03	1.086148e+01
8.850000e-06	1.007891e-02	1.093729e+01
8.860000e-06	1.001372e-02	1.105198e+01
8.870000e-06	4.191742e-03	1.116829e+01
8.880000e-06	8.782225e-03	1.127203e+01
8.890000e-06	1.430363e-02	1.136979e+01
8.900000e-06	1.279860e-02	1.147308e+01
8.910000e-06	8.141499e-03	1.158985e+01
8.920000e-06	7.138705e-03	1.171309e+01
8.930000e-06	1.332972e-02	1.176837e+01
8.940000e-06	1.214221e-02	1.190156e+01
8.950000e-06	1.049741e-02	1.194616e+01
8.960000e-06	9.633753e-03	1.201882e+01
8.970000e-06	1.435389e-02	1.207161e+01
8.980000e-06	1.359089e-02	1.210627e+01
8.990000e-06	1.020893e-02	1.218937e+01
9.000000e-06	9.664164e-03	1.222150e+01
9.010000e-06	1.344821e-02	1.229464e+01
9.020000e-06	1.658045e-02	1.234516e+01
9.030000e-06	1.390055e-02	1.237729e+01
9.040000e-06	1.340220e-02	1.243945e+01
9.050000e-06	1.297631e-02	1.248206e+01
9.060000e-06	1.783715e-02	1.250361e+01
9.070000e-06	1.461453e-02	1.252261e+01
9.080000e-06	1.377325e-02	1.252569e+01
9.090000e-06	1.514457e-02	1.253579e+01
9.100000e-06	1.925887e-02	1.254629e+01
9.110000e-06	1.832235e-02	1.254572e+01
9.120000e-06	1.597270e-02	1.253634e+01
9.130000e-06	1.670502e-02	1.254624e+01
9.140000e-06	2.077247e-02	1.252421e+01
9.150000e-06	2.190859e-02	1.252619e+01
9.160000e-06	1.863119e-02	1.251468e+01
9.170000e-06	1.964510e-02	1.251308e+01
9.180000e-06	2.319532e-02	1.247108e+01
9.190000e-06	2.489134e-02	1.242892e+01
9.200000e-06	2.217556e-02	1.235682e+01
9.210000e-06	2.166766e-02	1.233429e+01
9.220000e-06	2.558830e-02	1.223306e+01
9.230000e-06	2.746366e-02	1.220095e+01
9.240000e-06	2.580275e-02	1.216735e+01
9.250000e-06	2.566622e-02	1.212429e+01
9.260000e-06	2.703298e-02	1.206005e+01
9.270000e-06	3.034336e-02	1.198744e+01
9.280000e-06	2.985247e-02	1.192466e+01
9.290000e-06	3.009960e-02	1.181010e+01
9.300000e-06	3.350527e-02	1.174684e+01
9.310000e-06	3.597216e-02	1.168308e+01
9.320000e-06	3.522245e-02	1.157732e+01
9.330000e-06	3.486812e-02	1.144156e+01
9.340000e-06	3.695229e-02	1.136639e+01
9.350000e-06	3.997813e-02	1.125852e+01
9.360000e-06	3.888636e-02	1.111473e+01
9.370000e-06	3.929213e-02	1.103007e+01
9.380000e-06	3.887282e-02	1.092686e+01
9.390000e-06	4.193952e-02	1.086110e+01
9.400000e-06	4.041999e-02	1.067268e+01
9.410000e-06	4.073421e-02	1.056689e+01
9.420000e-06	3.905422e-02	1.048145e+01
9.430000e-06	4.014881e-02	1.030463e+01
9.440000e-06	3.838962e-02	1.018834e+01
9.450000e-06	3.700535e-02	1.005210e+01
9.460000e-06	3.450893e-02	9.904108e+00
9.470000e-06	3.394905e-02	9.747288e+00
9.480000e-06	3.393232e-02	9.547895e+00
9.490000e-06	3.190749e-02	9.421499e+00
9.500000e-06	2.938294e-02	9.284661e+00
9.510000e-06	2.888024e-02	9.186338e+00
9.520000e-06	2.886791e-02	8.957790e+00
9.530000e-06	2.554046e-02	8.798919e+00
9.540000e-06	2.319026e-02	8.621095e+00
9.550000e-06	2.192737e-02	8.472160e+00
9.560000e-06	2.256558e-02	8.323817e+00
9.570000e-06	2.022189e-02	8.106811e+00
9.580000e-06	1.866732e-02	7.935712e+00
9.590000e-06	1.593858e-02	7.765821e+00
9.600000e-06	1.709129e-02	7.545795e+00
9.610000e-06	1.523609e-02	7.358316e+00
9.620000e-06	1.426795e-02	7.146342e+00
9.630000e-06	1.153109e-02	6.978341e+00
9.640000e-06	1.214577e-02	6.787446e+00
9.650000e-06	1.174795e-02	6.555917e+00
9.660000e-06	9.821668e-03	6.347414e+00
9.670000e-06	7.793374e-03	6.167794e+00
9.680000e-06	8.303659e-03	5.977997e+00
9.690000e-06	8.473940e-03	5.786346e+00
9.700000e-06	6.047761e-03	5.547396e+00
9.710000e-06	5.040678e-03	5.356842e+00
9.720000e-06	4.450570e-03	5.093186e+00
9.730000e-06	6.121547e-03	4.812002e+00
9.740000e-06	4.534625e-03	4.608474e+00
9.750000e-06	3.242931e-03	4.409071e+00
9.760000e-06	2.140013e-03	4.137891e+00
9.770000e-06	3.174499e-03	3.948392e+00
9.780000e-06	1.169751e-03	3.786437e+00
9.790000e-06	-2.975906e-04	3.525943e+00
9.800000e-06	-6.707971e-04	3.314188e+00
9.810000e-06	8.499714e-04	3.083734e+00
9.820000e-06	5.303915e-04	2.862684e+00
9.830000e-06	-1.266175e-03	2.630125e+00
9.840000e-06	-2.170533e-03	2.398520e+00
9.850000e-06	-6.539289e-04	2.187395e+00
9.860000e-06	-1.094400e-03	1.976968e+00
9.870000e-06	-2.808727e-03	1.743864e+00
9.880000e-06	-3.533260e-03	1.503155e+00
9.890000e-06	-2.329689e-03	1.243203e+00
9.900000e-06	-2.522267e-03	9.563632e-01
9.910000e-06	-4.718173e-03	7.259144e-01
9.920000e-06	-3.894877e-03	5.242344e-01
9.930000e-06	-3.514465e-03	2.932844e-01
9.940000e-06	-1.141748e-03	2.052631e-02
9.950000e-06	1.892294e-03	-1.889464e-01
9.960000e-06	5.582159e-04	-3.894476e-01
9.970000e-06	-4.328375e-03	-5.519752e-01
9.980000e-06	-2.980508e-03	-8.315314e-01
9.990000e-06	-4.856143e-03	-1.011559e+00
1.000000e-05	-3.570729e-03	-1.282059e+00
1.001000e-05	1.465517e-03	-1.445163e+00
1.002000e-05	4.703913e-02	-1.685712e+00
1.003000e-05	5.925216e-02	-1.886737e+00
1.004000e-05	-5.795874e-02	-2.234056e+00
1.005000e-05	-4.684018e-02	-2.557845e+00
1.006000e-05	-5.954805e-02	-2.749448e+00
1.007000e-05	-4.758483e-02	-2.968342e+00
1.008000e-05	9.570774e-02	-3.128768e+00
1.009000e-05	-6.426643e-03	-3.285617e+00
1.010000e-05	-1.047618e-01	-3.507870e+00
1.011000e-05	1.602882e-01	-3.671986e+00
1.012000e-05	-7.242479e-02	-3.967245e+00
1.013000e-05	7.815010e-03	-4.190499e+00
1.014000e-05	2.910528e-03	-4.349347e+00
1.015000e-05	-1.379989e-01	-4.629483e+00
1.016000e-05	1.192779e-01	-4.800526e+00
1.017000e-05	-1.585429e-02	-5.011480e+00
1.018000e-05	-2.551399e-02	-5.327263e+00
1.019000e-05	3.756679e-02	-5.507766e+00
1.020000e-05	-8.696498e-02	-5.759321e+00
1.021000e-05	7.618778e-02	-5.958321e+00
1.022000e-05	-5.801558e-02	-6.137742e+00
1.023000e-05	-4.150559e-02	-6.420901e+00
1.024000e-05	5.126917e-02	-6.557848e+00
1.025000e-05	-3.596022e-02	-6.779370e+00
1.026000e-05	7.234095e-02	-6.958371e+00
1.027000e-05	-1.164392e-01	-7.190901e+00
1.028000e-05	2.941161e-02	-7.371027e+00
1.029000e-05	7.672568e-03	-7.587796e+00
1.030000e-05	-3.436978e-02	-7.820981e+00
1.031000e-05	2.174053e-02	-7.990952e+00
1.032000e-05	-6.204569e-02	-8.158944e+00
1.033000e-05	6.450676e-02	-8.337265e+00
1.034000e-05	-4.300368e-02	-8.526216e+00
1.035000e-05	-1.153202e-02	-8.696135e+00
1.036000e-05	-2.594841e-02	-8.904609e+00
1.037000e-05	-8.435276e-03	-9.032529e+00
1.038000e-05	2.373452e-02	-9.158794e+00
1.039000e-05	-4.726472e-02	-9.356792e+00
1.040000e-05	9.625773e-03	-9.515113e+00
1.041000e-05	-2.433699e-02	-9.674133e+00
1.042000e-05	1.318390e-02	-9.820503e+00
1.043000e-05	-3.254179e-02	-9.975716e+00
1.044000e-05	-2.270993e-02	-1.009424e+01
1.045000e-05	-1.290884e-03	-1.018103e+01
1.046000e-05	-5.525877e-03	-1.042042e+01
1.047000e-05	-6.805705e-03	-1.049524e+01
1.048000e-05	-3.234367e-02	-1.061050e+01
1.049000e-05	1.700023e-04	-1.074779e+01
1.050000e-05	-1.468985e-02	-1.085166e+01
1.051000e-05	-1.045551e-02	-1.093734e+01
1.052000e-05	-3.213814e-02	-1.104403e+01
1.053000e-05	-5.620438e-03	-1.116192e+01
1.054000e-05	-7.494938e-03	-1.129514e+01
1.055000e-05	-1.164974e-02	-1.138188e+01
1.056000e-05	-2.342722e-02	-1.152568e+01
1.057000e-05	-1.754517e-02	-1.159342e+01
1.058000e-05	-5.693990e-03	-1.168371e+01
1.059000e-05	-1.989433e-02	-1.176102e+01
1.060000e-05	-2.013101e-02	-1.189564e+01
1.061000e-05	-2.198575e-02	-1.198032e+01
1.062000e-05	-5.711246e-03	-1.204356e+01
1.063000e-05	-1.718821e-02	-1.213471e+01
1.064000e-05	-2.144079e-02	-1.218889e+01
1.065000e-05	-2.247271e-02	-1.220058e+01
1.066000e-05	-1.335065e-02	-1.227304e+01
1.067000e-05	-1.557243e-02	-1.232578e+01
1.068000e-05	-2.571363e-02	-1.238734e+01
1.069000e-05	-2.145238e-02	-1.240842e+01
1.070000e-05	-1.708627e-02	-1.244208e+01
1.071000e-05	-1.616220e-02	-1.249256e+01
1.072000e-05	-2.542716e-02	-1.247465e+01
1.073000e-05	-2.515435e-02	-1.252634e+01
1.074000e-05	-1.685574e-02	-1.256833e+01
1.075000e-05	-1.806161e-02	-1.256637e+01
1.076000e-05	-2.532223e-02	-1.255629e+01
1.077000e-05	-2.719624e-02	-1.256987e+01
1.078000e-05	-2.237779e-02	-1.256782e+01
1.079000e-05	-2.064574e-02	-1.255796e+01
1.080000e-05	-2.776355e-02	-1.253777e+01
1.081000e-05	-2.947643e-02	-1.252429e+01
1.082000e-05	-2.589260e-02	-1.251564e+01
1.083000e-05	-2.339933e-02	-1.251331e+01
1.084000e-05	-2.894898e-02	-1.245408e+01
1.085000e-05	-3.287188e-02	-1.248047e+01
1.086000e-05	-2.807548e-02	-1.236842e+01
1.087000e-05	-2.682519e-02	-1.234529e+01
1.088000e-05	-3.090979e-02	-1.234523e+01
1.089000e-05	-3.533192e-02	-1.222096e+01
1.090000e-05	-3.275023e-02	-1.219787e+01
1.091000e-05	-3.055590e-02	-1.216634e+01
1.092000e-05	-3.464327e-02	-1.210516e+01
1.093000e-05	-3.860981e-02	-1.201005e+01
1.094000e-05	-3.602713e-02	-1.191826e+01
1.095000e-05	-3.462565e-02	-1.184208e+01
1.096000e-05	-3.806284e-02	-1.176887e+01
1.097000e-05	-4.247797e-02	-1.166311e+01
1.098000e-05	-4.301265e-02	-1.156742e+01
1.099000e-05	-4.062268e-02	-1.146358e+01
1.100000e-05	-4.406751e-02	-1.133487e+01
1.101000e-05	-4.786508e-02	-1.123095e+01
1.102000e-05	-4.692668e-02	-1.112722e+01
1.103000e-05	-4.443655e-02	-1.099852e+01
1.104000e-05	-4.568925e-02	-1.089521e+01
1.105000e-05	-4.911111e-02	-1.081002e+01
1.106000e-05	-4.842094e-02	-1.068176e+01
1.107000e-05	-4.607605e-02	-1.059894e+01
1.108000e-05	-4.614516e-02	-1.045316e+01
1.109000e-05	-4.743181e-02	-1.034533e+01
1.110000e-05	-4.668831e-02	-1.017789e+01
1.111000e-05	-4.289812e-02	-1.005052e+01
1.112000e-05	-4.190316e-02	-9.863708e+00
1.113000e-05	-4.339088e-02	-9.778344e+00
1.114000e-05	-4.141483e-02	-9.630446e+00
1.115000e-05	-3.794757e-02	-9.434051e+00
1.116000e-05	-3.664801e-02	-9.324257e+00
1.117000e-05	-3.717904e-02	-9.117365e+00
1.118000e-05	-3.548538e-02	-8.967922e+00
1.119000e-05	-3.228885e-02	-8.841102e+00
1.120000e-05	-3.097440e-02	-8.631653e+00
1.121000e-05	-3.065408e-02	-8.463209e+00
1.122000e-05	-3.028445e-02	-8.285314e+00
1.123000e-05	-2.703734e-02	-8.156940e+00
1.124000e-05	-2.528535e-02	-7.976443e+00
1.125000e-05	-2.505537e-02	-7.807442e+00
1.126000e-05	-2.491975e-02	-7.566812e+00
1.127000e-05	-2.312025e-02	-7.356913e+00
1.128000e-05	-2.046129e-02	-7.216393e+00
1.129000e-05	-2.102332e-02	-6.958412e+00
1.130000e-05	-2.093935e-02	-6.786888e+00
1.131000e-05	-1.887756e-02	-6.570442e+00
1.132000e-05	-1.557631e-02	-6.409018e+00
1.133000e-05	-1.748012e-02	-6.219392e+00
1.134000e-05	-1.739887e-02	-5.967441e+00
1.135000e-05	-1.666927e-02	-5.756941e+00
1.136000e-05	-1.319110e-02	-5.549016e+00
1.137000e-05	-1.401148e-02	-5.284840e+00
1.138000e-05	-1.414448e-02	-5.073707e+00
1.139000e-05	-1.328708e-02	-4.820097e+00
1.140000e-05	-1.144892e-02	-4.597922e+00
1.141000e-05	-1.177959e-02	-4.390525e+00
1.142000e-05	-1.158836e-02	-4.211075e+00
1.143000e-05	-1.048485e-02	-4.030525e+00
1.144000e-05	-8.853659e-03	-3.799091e+00
1.145000e-05	-8.674456e-03	-3.536390e+00
1.146000e-05	-1.134496e-02	-3.347862e+00
1.147000e-05	-9.629598e-03	-3.156763e+00
1.148000e-05	-8.603495e-03	-2.844108e+00
1.149000e-05	-6.252116e-03	-2.651754e+00
1.150000e-05	-7.152727e-03	-2.440626e+00
1.151000e-05	-7.198015e-03	-2.209546e+00
1.152000e-05	-6.009863e-03	-1.938991e+00
1.153000e-05	-5.936682e-03	-1.726943e+00
1.154000e-05	-7.122667e-03	-1.494916e+00
1.155000e-05	-6.882384e-03	-1.232149e+00
1.156000e-05	-4.998523e-03	-9.799462e-01
1.157000e-05	-3.322800e-03	-7.790435e-01
1.158000e-05	-3.439341e-03	-5.852881e-01
1.159000e-05	-3.694110e-03	-2.947620e-01
1.160000e-05	-2.108048e-03	-7.525797e-02
1.161000e-05	4.312437e-03	1.176684e-01
1.162000e-05	1.395984e-03	3.894289e-01
1.163000e-05	-6.072797e-04	6.383776e-01
1.164000e-05	-8.950325e-07	7.585825e-01
1.165000e-05	1.898345e-04	9.903753e-01
1.166000e-05	3.252106e-03	1.234110e+00
1.167000e-05	3.314472e-03	1.474161e+00
1.168000e-05	2.353077e-02	1.758399e+00
1.169000e-05	6.281793e-02	1.958372e+00
1.170000e-05	1.024977e-02	2.242509e+00
1.171000e-05	-5.966817e-02	2.493638e+00
1.172000e-05	-4.050238e-02	2.767245e+00
1.173000e-05	-2.864252e-02	2.945718e+00
1.174000e-05	-3.313164e-02	3.063560e+00
1.175000e-05	6.135977e-02	3.290558e+00
1.176000e-05	1.555617e-02	3.496588e+00
1.177000e-05	-6.397459e-02	3.664614e+00
1.178000e-05	1.286725e-01	3.922537e+00
1.179000e-05	-3.591124e-02	4.146322e+00
1.180000e-05	-8.827404e-03	4.348796e+00
1.181000e-05	6.671738e-03	4.568925e+00
1.182000e-05	-5.918989e-02	4.790453e+00
1.183000e-05	6.729334e-02	5.043555e+00
1.184000e-05	2.246429e-03	5.327743e+00
1.185000e-05	-8.696728e-03	5.547748e+00
1.186000e-05	1.571131e-02	5.766766e+00
1.187000e-05	-1.022147e-02	6.009824e+00
1.188000e-05	1.351977e-02	6.178773e+00
1.189000e-05	-1.198751e-02	6.368847e+00
1.190000e-05	3.651802e-03	6.568269e+00
1.191000e-05	1.241410e-02	6.800878e+00
1.192000e-05	1.217202e-02	7.009927e+00
1.193000e-05	2.796780e-02	7.169346e+00
1.194000e-05	-4.193646e-02	7.347350e+00
1.195000e-05	2.027331e-02	7.600474e+00
1.196000e-05	1.027294e-02	7.789922e+00
1.197000e-05	4.938227e-03	8.039826e+00
1.198000e-05	7.608098e-03	8.230428e+00
1.199000e-05	-2.421580e-03	8.368794e+00
1.200000e-05	2.401527e-02	8.513734e+00
1.201000e-05	-4.948921e-03	8.671538e+00
1.202000e-05	6.141761e-03	8.821405e+00
1.203000e-05	-6.803425e-03	8.978478e+00
1.204000e-05	1.476144e-02	9.179377e+00
1.205000e-05	1.557405e-02	9.326239e+00
1.206000e-05	2.888352e-03	9.515635e+00
1.207000e-05	8.820655e-03	9.611432e+00
1.208000e-05	6.280028e-03	9.807372e+00
1.209000e-05	1.347252e-02	9.958166e+00
1.210000e-05	2.930544e-04	1.007354e+01
1.211000e-05	2.936628e-03	1.017100e+01
1.212000e-05	9.533790e-03	1.032566e+01
1.213000e-05	1.330080e-02	1.045313e+01
1.214000e-05	1.075182e-02	1.059737e+01
1.215000e-05	3.959330e-03	1.070677e+01
1.216000e-05	1.072513e-02	1.089164e+01
1.217000e-05	1.011237e-02	1.097882e+01
1.218000e-05	9.354798e-03	1.105256e+01
1.219000e-05	3.139160e-03	1.120884e+01
1.220000e-05	1.053759e-02	1.131404e+01
1.221000e-05	1.353819e-02	1.138887e+01
1.222000e-05	1.282428e-02	1.148313e+01
1.223000e-05	7.620083e-03	1.161035e+01
1.224000e-05	8.520520e-03	1.174462e+01
1.225000e-05	1.412519e-02	1.179927e+01
1.226000e-05	1.105621e-02	1.186309e+01
1.227000e-05	1.091757e-02	1.194819e+01
1.228000e-05	1.082648e-02	1.197927e+01
1.229000e-05	1.566145e-02	1.212361e+01
1.230000e-05	1.233325e-02	1.216877e+01
1.231000e-05	1.087904e-02	1.220792e+01
1.232000e-05	1.084259e-02	1.223103e+01
1.233000e-05	1.373585e-02	1.226458e+01
1.234000e-05	1.487875e-02	1.233576e+01
1.235000e-05	1.305341e-02	1.235940e+01
1.236000e-05	1.456616e-02	1.247100e+01
1.237000e-05	1.470368e-02	1.247298e+01
1.238000e-05	1.664507e-02	1.250159e+01
1.239000e-05	1.411415e-02	1.251213e+01
1.240000e-05	1.398073e-02	1.250521e+01
1.241000e-05	1.585151e-02	1.254674e+01
1.242000e-05	1.753333e-02	1.253531e+01
1.243000e-05	1.695695e-02	1.255582e+01
1.244000e-05	1.612949e-02	1.254676e+01
1.245000e-05	1.861980e-02	1.252579e+01
1.246000e-05	1.956169e-02	1.252574e+01
1.247000e-05	2.059087e-02	1.252416e+01
1.248000e-05	2.009767e-02	1.250668e+01
1.249000e-05	2.095860e-02	1.249418e+01
1.250000e-05	2.284402e-02	1.245100e+01
1.251000e-05	2.190848e-02	1.244050e+01
1.252000e-05	2.236882e-02	1.235832e+01
1.253000e-05	2.407541e-02	1.232414e+01
1.254000e-05	2.529468e-02	1.229256e+01
1.255000e-05	2.601117e-02	1.222150e+01
1.256000e-05	2.529158e-02	1.220839e+01
1.257000e-05	2.691868e-02	1.212424e+01
1.258000e-05	2.858928e-02	1.209005e+01
1.259000e-05	2.950570e-02	1.197737e+01
1.260000e-05	2.853392e-02	1.192383e+01
1.261000e-05	3.101319e-02	1.183057e+01
1.262000e-05	3.407982e-02	1.178679e+01
1.263000e-05	3.425630e-02	1.164108e+01
1.264000e-05	3.439782e-02	1.161617e+01
1.265000e-05	3.563581e-02	1.143105e+01
1.266000e-05	3.864567e-02	1.133536e+01
1.267000e-05	3.937179e-02	1.123097e+01
1.268000e-05	3.786156e-02	1.114576e+01
1.269000e-05	3.919686e-02	1.100992e+01
1.270000e-05	4.072155e-02	1.092479e+01
1.271000e-05	4.151221e-02	1.084048e+01
1.272000e-05	3.982394e-02	1.067361e+01
1.273000e-05	3.939573e-02	1.056692e+01
1.274000e-05	3.947491e-02	1.044795e+01
1.275000e-05	3.969936e-02	1.029215e+01
1.276000e-05	3.687062e-02	1.018789e+01
1.277000e-05	3.753639e-02	1.004902e+01
1.278000e-05	3.601384e-02	9.831658e+00
1.279000e-05	3.651352e-02	9.716685e+00
1.280000e-05	3.213827e-02	9.545367e+00
1.281000e-05	3.042620e-02	9.450069e+00
1.282000e-05	2.917500e-02	9.292182e+00
1.283000e-05	2.899040e-02	9.135813e+00
1.284000e-05	2.676658e-02	8.986862e+00
1.285000e-05	2.470857e-02	8.807918e+00
1.286000e-05	2.477629e-02	8.589549e+00
1.287000e-05	2.400096e-02	8.462554e+00
1.288000e-05	2.105003e-02	8.283609e+00
1.289000e-05	1.962115e-02	8.164806e+00
1.290000e-05	1.789579e-02	7.945738e+00
1.291000e-05	1.786111e-02	7.755811e+00
1.292000e-05	1.557469e-02	7.546291e+00
1.293000e-05	1.372245e-02	7.334813e+00
1.294000e-05	1.410201e-02	7.105287e+00
1.295000e-05	1.334068e-02	6.956367e+00
1.296000e-05	1.218451e-02	6.785368e+00
1.297000e-05	1.003963e-02	6.555741e+00
1.298000e-05	9.988169e-03	6.357366e+00
1.299000e-05	1.058189e-02	6.176417e+00
1.300000e-05	7.900071e-03	5.956444e+00
1.301000e-05	7.160333e-03	5.726362e+00
1.302000e-05	4.879157e-03	5.545316e+00
1.303000e-05	6.787639e-03	5.316785e+00
1.304000e-05	4.997714e-03	5.071757e+00
1.305000e-05	3.737086e-03	4.790447e+00
1.306000e-05	3.153430e-03	4.588470e+00
1.307000e-05	4.751836e-03	4.408572e+00
1.308000e-05	3.902687e-03	4.155887e+00
1.309000e-05	1.391507e-03	3.946314e+00
1.310000e-05	3.557236e-04	3.743792e+00
1.311000e-05	8.092624e-04	3.523840e+00
1.312000e-05	5.980372e-04	3.250130e+00
1.313000e-05	-2.473934e-04	3.031129e+00
1.314000e-05	-1.483774e-03	2.811102e+00
1.315000e-05	-3.908109e-04	2.638022e+00
1.316000e-05	1.190280e-04	2.386366e+00
1.317000e-05	-2.030676e-03	2.166866e+00
1.318000e-05	-2.394047e-03	1.947422e+00
1.319000e-05	-2.777999e-03	1.663807e+00
1.320000e-05	-2.012680e-03	1.472676e+00
1.321000e-05	-3.673775e-03	1.210596e+00
1.322000e-05	-4.160908e-03	9.352869e-01
1.323000e-05	-3.497401e-03	7.247118e-01
1.324000e-05	-2.361558e-03	4.931591e-01
1.325000e-05	-4.326240e-03	2.637553e-01
1.326000e-05	-3.619406e-03	-3.997513e-02
1.327000e-05	3.096616e-03	-1.810276e-01
1.328000e-05	1.359472e-03	-4.004538e-01
1.329000e-05	-3.403135e-03	-6.125805e-01
1.330000e-05	-4.743841e-03	-8.436315e-01
1.331000e-05	-4.373463e-03	-1.034109e+00
1.332000e-05	-1.620291e-03	-1.253683e+00
1.333000e-05	4.125547e-03	-1.505817e+00
1.334000e-05	5.252554e-02	-1.714288e+00
1.335000e-05	4.815256e-02	-1.926815e+00
1.336000e-05	-6.333401e-02	-2.224608e+00
1.337000e-05	-4.409170e-02	-2.559400e+00
1.338000e-05	-6.213925e-02	-2.780499e+00
1.339000e-05	-4.178428e-02	-3.030441e+00
1.340000e-05	1.102749e-01	-3.156293e+00
1.341000e-05	-3.819465e-02	-3.315743e+00
1.342000e-05	-7.510342e-02	-3.548370e+00
1.343000e-05	1.528800e-01	-3.665162e+00
1.344000e-05	-9.253441e-02	-3.978923e+00
1.345000e-05	3.489275e-02	-4.223055e+00
1.346000e-05	-2.661520e-02	-4.359348e+00
1.347000e-05	-1.189265e-01	-4.621504e+00
1.348000e-05	1.315100e-01	-4.813030e+00
1.349000e-05	-3.837671e-02	-5.114135e+00
1.350000e-05	-4.649369e-03	-5.328241e+00
1.351000e-05	1.918747e-02	-5.570275e+00
1.352000e-05	-7.902504e-02	-5.768900e+00
1.353000e-05	8.596049e-02	-5.957899e+00
1.354000e-05	-8.094216e-02	-6.147891e+00
1.355000e-05	-1.767502e-02	-6.412054e+00
1.356000e-05	3.527897e-02	-6.569926e+00
1.357000e-05	-2.144457e-02	-6.831425e+00
1.358000e-05	6.194974e-02	-6.978972e+00
1.359000e-05	-1.230556e-01	-7.261556e+00
1.360000e-05	5.195871e-02	-7.421001e+00
1.361000e-05	-1.195493e-02	-7.598950e+00
1.362000e-05	-1.838970e-02	-7.864004e+00
1.363000e-05	6.775708e-03	-8.021477e+00
1.364000e-05	-5.332685e-02	-8.201452e+00
1.365000e-05	6.537173e-02	-8.366766e+00
1.366000e-05	-5.124614e-02	-8.545221e+00
1.367000e-05	-2.924928e-03	-8.696764e+00
1.368000e-05	-3.377998e-02	-8.935087e+00
1.369000e-05	5.111846e-03	-9.052083e+00
1.370000e-05	1.431258e-02	-9.208999e+00
1.371000e-05	-4.496911e-02	-9.357870e+00
1.372000e-05	8.597174e-03	-9.496280e+00
1.373000e-05	-2.436950e-02	-9.686661e+00
1.374000e-05	1.590222e-02	-9.841476e+00
1.375000e-05	-3.885820e-02	-9.947770e+00
1.376000e-05	-1.693450e-02	-1.008469e+01
1.377000e-05	-3.568267e-03	-1.023107e+01
1.378000e-05	-1.870885e-03	-1.041898e+01
1.379000e-05	-1.269021e-02	-1.053671e+01
1.380000e-05	-3.118547e-02	-1.061258e+01
1.381000e-05	1.914989e-03	-1.076672e+01
1.382000e-05	-1.312539e-02	-1.086324e+01
1.383000e-05	-1.178696e-02	-1.098889e+01
1.384000e-05	-3.368977e-02	-1.109361e+01
1.385000e-05	-4.061417e-03	-1.121145e+01
1.386000e-05	-8.163706e-03	-1.132469e+01
1.387000e-05	-1.265160e-02	-1.142000e+01
1.388000e-05	-2.651075e-02	-1.152522e+01
1.389000e-05	-1.475763e-02	-1.160202e+01
1.390000e-05	-5.341479e-03	-1.169618e+01
1.391000e-05	-1.980816e-02	-1.184147e+01
1.392000e-05	-2.162898e-02	-1.190366e+01
1.393000e-05	-2.034720e-02	-1.200938e+01
1.394000e-05	-5.592423e-03	-1.208368e+01
1.395000e-05	-1.835846e-02	-1.212619e+01
1.396000e-05	-2.385247e-02	-1.218842e+01
1.397000e-05	-2.246872e-02	-1.224097e+01
1.398000e-05	-1.182175e-02	-1.230563e+01
1.399000e-05	-1.553505e-02	-1.235674e+01
1.400000e-05	-2.400475e-02	-1.236777e+01
1.401000e-05	-2.130147e-02	-1.242845e+01
1.402000e-05	-1.536293e-02	-1.246155e+01
1.403000e-05	-1.692283e-02	-1.247251e+01
1.404000e-05	-2.638769e-02	-1.252616e+01
1.405000e-05	-2.551582e-02	-1.251377e+01
1.406000e-05	-1.797730e-02	-1.252624e+01
1.407000e-05	-1.777469e-02	-1.250737e+01
1.408000e-05	-2.525293e-02	-1.254887e+01
1.409000e-05	-2.670798e-02	-1.257834e+01
1.410000e-05	-2.134557e-02	-1.253892e+01
1.411000e-05	-2.026740e-02	-1.254637e+01
1.412000e-05	-2.771095e-02	-1.250734e+01
1.413000e-05	-2.887055e-02	-1.253634e+01
1.414000e-05	-2.610654e-02	-1.254474e+01
1.415000e-05	-2.263408e-02	-1.252318e+01
1.416000e-05	-2.978652e-02	-1.248203e+01
1.417000e-05	-3.310633e-02	-1.240897e+01
1.418000e-05	-2.923626e-02	-1.235847e+01
1.419000e-05	-2.642392e-02	-1.235771e+01
1.420000e-05	-3.090019e-02	-1.226369e+01
1.421000e-05	-3.610905e-02	-1.226308e+01
1.422000e-05	-3.254309e-02	-1.218997e+01
1.423000e-05	-3.025603e-02	-1.212734e+01
1.424000e-05	-3.450702e-02	-1.210409e+01
1.425000e-05	-3.864463e-02	-1.200948e+01
1.426000e-05	-3.726411e-02	-1.192634e+01
1.427000e-05	-3.511719e-02	-1.184108e+01
1.428000e-05	-3.905386e-02	-1.177731e+01
1.429000e-05	-4.293134e-02	-1.170213e+01
1.430000e-05	-4.299577e-02	-1.158744e+01
1.431000e-05	-3.991045e-02	-1.139055e+01
1.432000e-05	-4.349359e-02	-1.128626e+01
1.433000e-05	-4.566733e-02	-1.124055e+01
1.434000e-05	-4.857748e-02	-1.108578e+01
1.435000e-05	-4.426948e-02	-1.103840e+01
1.436000e-05	-4.743229e-02	-1.088568e+01
1.437000e-05	-4.831912e-02	-1.080095e+01
1.438000e-05	-4.826073e-02	-1.069421e+01
1.439000e-05	-4.300529e-02	-1.055740e+01
1.440000e-05	-4.617007e-02	-1.042303e+01
1.441000e-05	-4.580602e-02	-1.027321e+01
1.442000e-05	-4.915684e-02	-1.013592e+01
1.443000e-05	-4.408426e-02	-9.980446e+00
1.444000e-05	-4.306574e-02	-9.871156e+00
1.445000e-05	-4.141757e-02	-9.715841e+00
1.446000e-05	-3.987995e-02	-9.619474e+00
1.447000e-05	-3.682475e-02	-9.472580e+00
1.448000e-05	-3.521485e-02	-9.302731e+00
1.449000e-05	-3.859034e-02	-9.126309e+00
1.450000e-05	-3.669990e-02	-8.958893e+00
1.451000e-05	-3.560806e-02	-8.810075e+00
1.452000e-05	-3.123266e-02	-8.619552e+00
1.453000e-05	-3.087565e-02	-8.471704e+00
1.454000e-05	-2.800041e-02	-8.293212e+00
1.455000e-05	-2.636012e-02	-8.166388e+00
1.456000e-05	-2.445461e-02	-7.995365e+00
1.457000e-05	-2.628149e-02	-7.736286e+00
1.458000e-05	-2.634645e-02	-7.555864e+00
1.459000e-05	-2.428255e-02	-7.336813e+00
1.460000e-05	-2.141386e-02	-7.146842e+00
1.461000e-05	-2.033628e-02	-6.948363e+00
1.462000e-05	-2.059031e-02	-6.704343e+00
1.463000e-05	-1.814020e-02	-6.537941e+00
1.464000e-05	-1.725735e-02	-6.376497e+00
1.465000e-05	-1.732586e-02	-6.117390e+00
1.466000e-05	-1.801792e-02	-5.957888e+00
1.467000e-05	-1.644129e-02	-5.716340e+00
1.468000e-05	-1.346130e-02	-5.544913e+00
1.469000e-05	-1.454460e-02	-5.274833e+00
1.470000e-05	-1.301833e-02	-5.040704e+00
1.471000e-05	-1.265212e-02	-4.748995e+00
1.472000e-05	-1.029959e-02	-4.545467e+00
1.473000e-05	-1.346270e-02	-4.390496e+00
1.474000e-05	-1.115158e-02	-4.161118e+00
1.475000e-05	-1.201972e-02	-3.988525e+00
1.476000e-05	-8.655162e-03	-3.777440e+00
1.477000e-05	-1.042566e-02	-3.555865e+00
1.478000e-05	-9.781557e-03	-3.286364e+00
1.479000e-05	-9.541105e-03	-3.093836e+00
1.480000e-05	-6.711168e-03	-2.830603e+00
1.481000e-05	-6.714254e-03	-2.581146e+00
1.482000e-05	-7.780623e-03	-2.399000e+00
1.483000e-05	-7.477297e-03	-2.187945e+00
1.484000e-05	-6.326845e-03	-1.936416e+00
1.485000e-05	-6.460551e-03	-1.725363e+00
1.486000e-05	-7.453380e-03	-1.524727e+00
1.487000e-05	-5.858300e-03	-1.240995e+00
1.488000e-05	-5.015612e-03	-9.584948e-01
1.489000e-05	-3.342491e-03	-7.473648e-01
1.490000e-05	-3.571899e-03	-5.037842e-01
1.491000e-05	-2.760027e-03	-2.527068e-01
1.492000e-05	-7.217029e-04	-7.368303e-02
1.493000e-05	5.041539e-03	1.678773e-01
1.494000e-05	-6.909185e-04	4.314264e-01
1.495000e-05	-4.103229e-04	5.904538e-01
1.496000e-05	-9.091945e-04	8.229550e-01
1.497000e-05	1.625419e-03	1.032050e+00
1.498000e-05	2.479247e-03	1.305689e+00
1.499000e-05	3.841058e-03	1.507240e+00
1.500000e-05	2.881199e-02	1.788878e+00
1.501000e-05	6.444985e-02	2.019881e+00
1.502000e-05	-1.502698e-03	2.273560e+00
1.503000e-05	-5.836943e-02	2.545688e+00
1.504000e-05	-3.984896e-02	2.778398e+00
1.505000e-05	-2.823345e-02	2.937865e+00
1.506000e-05	-3.105033e-02	3.084158e+00
1.507000e-05	7.056448e-02	3.272058e+00
1.508000e-05	-6.962060e-03	3.516772e+00
1.509000e-05	-4.354224e-02	3.724664e+00
1.510000e-05	1.288022e-01	3.884638e+00
1.511000e-05	-5.088511e-02	4.209301e+00
1.512000e-05	4.164959e-03	4.398901e+00
1.513000e-05	-6.614370e-03	4.620004e+00
1.514000e-05	-4.725646e-02	4.852456e+00
1.515000e-05	6.914377e-02	5.094138e+00
1.516000e-05	-7.469784e-03	5.357874e+00
1.517000e-05	-3.994816e-03	5.579395e+00
1.518000e-05	1.381324e-02	5.758897e+00
1.519000e-05	-1.214123e-02	6.030924e+00
1.520000e-05	1.728307e-02	6.208854e+00
1.521000e-05	-1.591846e-02	6.380801e+00
1.522000e-05	9.899989e-03	6.609375e+00
1.523000e-05	7.700949e-03	6.842458e+00
1.524000e-05	1.900756e-02	7.020975e+00
1.525000e-05	1.976483e-02	7.208921e+00
1.526000e-05	-4.055024e-02	7.418872e+00
1.527000e-05	2.623245e-02	7.571874e+00
1.528000e-05	4.172394e-03	7.811951e+00
1.529000e-05	9.346278e-03	8.001480e+00
1.530000e-05	5.166029e-03	8.230603e+00
1.531000e-05	3.040050e-03	8.399299e+00
1.532000e-05	2.006902e-02	8.556741e+00
1.533000e-05	-4.126929e-03	8.674160e+00
1.534000e-05	5.462244e-03	8.860533e+00
1.535000e-05	-5.347527e-03	8.998500e+00
1.536000e-05	1.512465e-02	9.190927e+00
1.537000e-05	1.355518e-02	9.356774e+00
1.538000e-05	3.114266e-03	9.494110e+00
1.539000e-05	9.004101e-03	9.611483e+00
1.540000e-05	5.562345e-03	9.799950e+00
1.541000e-05	1.306540e-02	9.968147e+00
1.542000e-05	1.140676e-03	1.009511e+01
1.543000e-05	5.263048e-03	1.024152e+01
1.544000e-05	9.709973e-03	1.038572e+01
1.545000e-05	1.322007e-02	1.049261e+01
1.546000e-05	1.014317e-02	1.063990e+01
1.547000e-05	4.759289e-03	1.077872e+01
1.548000e-05	1.074638e-02	1.089413e+01
1.549000e-05	9.263427e-03	1.097789e+01
1.550000e-05	9.241336e-03	1.110458e+01
1.551000e-05	6.334210e-03	1.117782e+01
1.552000e-05	1.187739e-02	1.129518e+01
1.553000e-05	1.337411e-02	1.134992e+01
1.554000e-05	1.155958e-02	1.151409e+01
1.555000e-05	9.119744e-03	1.167993e+01
1.556000e-05	8.412105e-03	1.175519e+01
1.557000e-05	1.335387e-02	1.177887e+01
1.558000e-05	1.015575e-02	1.187213e+01
1.559000e-05	1.197199e-02	1.195677e+01
1.560000e-05	1.176360e-02	1.202940e+01
1.561000e-05	1.619116e-02	1.208221e+01
1.562000e-05	1.217835e-02	1.211484e+01
1.563000e-05	1.015048e-02	1.216797e+01
1.564000e-05	1.143127e-02	1.227348e+01
1.565000e-05	1.403624e-02	1.232416e+01
1.566000e-05	1.439240e-02	1.232577e+01
1.567000e-05	1.220138e-02	1.243735e+01
1.568000e-05	1.486243e-02	1.241900e+01
1.569000e-05	1.569019e-02	1.244358e+01
1.570000e-05	1.616025e-02	1.249308e+01
1.571000e-05	1.347730e-02	1.252419e+01
1.572000e-05	1.520886e-02	1.252421e+01
1.573000e-05	1.752682e-02	1.254622e+01
1.574000e-05	1.758409e-02	1.253574e+01
1.575000e-05	1.620448e-02	1.253579e+01
1.576000e-05	1.622205e-02	1.253577e+01
1.577000e-05	1.940649e-02	1.251624e+01
1.578000e-05	1.980506e-02	1.253516e+01
1.579000e-05	1.850635e-02	1.254576e+01
1.580000e-05	1.996994e-02	1.248409e+01
1.581000e-05	2.230974e-02	1.249261e+01
1.582000e-05	2.306150e-02	1.244153e+01
1.583000e-05	2.154222e-02	1.244840e+01
1.584000e-05	2.157745e-02	1.235524e+01
1.585000e-05	2.468574e-02	1.230516e+01
1.586000e-05	2.500321e-02	1.225353e+01
1.587000e-05	2.482556e-02	1.223050e+01
1.588000e-05	2.505943e-02	1.215786e+01
1.589000e-05	2.761306e-02	1.210368e+01
1.590000e-05	2.843469e-02	1.206050e+01
1.591000e-05	2.825064e-02	1.194579e+01
1.592000e-05	2.928776e-02	1.191311e+01
1.593000e-05	3.246028e-02	1.182845e+01
1.594000e-05	3.303549e-02	1.172631e+01
1.595000e-05	3.307403e-02	1.168005e+01
1.596000e-05	3.375228e-02	1.153574e+01
1.597000e-05	3.687153e-02	1.143252e+01
1.598000e-05	3.725942e-02	1.132671e+01
1.599000e-05	3.827258e-02	1.121047e+01
1.600000e-05	3.968194e-02	1.111526e+01
1.601000e-05	4.001945e-02	1.101897e+01
1.602000e-05	4.149996e-02	1.091529e+01
1.603000e-05	4.079103e-02	1.080847e+01
1.604000e-05	3.988273e-02	1.068208e+01
1.605000e-05	3.953486e-02	1.053531e+01
1.606000e-05	3.965845e-02	1.042890e+01
1.607000e-05	3.799994e-02	1.025118e+01
1.608000e-05	3.793280e-02	1.015679e+01
1.609000e-05	3.701727e-02	1.002047e+01
1.610000e-05	3.676022e-02	9.862054e+00
1.611000e-05	3.443831e-02	9.725259e+00
1.612000e-05	3.327610e-02	9.534391e+00
1.613000e-05	3.125247e-02	9.397970e+00
1.614000e-05	2.982733e-02	9.262202e+00
1.615000e-05	2.764429e-02	9.133712e+00
1.616000e-05	2.656960e-02	8.935786e+00
1.617000e-05	2.473471e-02	8.756267e+00
1.618000e-05	2.494175e-02	8.609418e+00
1.619000e-05	2.305092e-02	8.450053e+00
1.620000e-05	2.103611e-02	8.312682e+00
1.621000e-05	1.964689e-02	8.045154e+00
1.622000e-05	1.892495e-02	7.904184e+00
1.623000e-05	1.804022e-02	7.734288e+00
1.624000e-05	1.517603e-02	7.525783e+00
1.625000e-05	1.399749e-02	7.323733e+00
1.626000e-05	1.477359e-02	7.135234e+00
1.627000e-05	1.342034e-02	6.924241e+00
1.628000e-05	1.158036e-02	6.725916e+00
1.629000e-05	9.017315e-03	6.514738e+00
1.630000e-05	1.009945e-02	6.314259e+00
1.631000e-05	1.021811e-02	6.124860e+00
1.632000e-05	7.830336e-03	5.967041e+00
1.633000e-05	4.663917e-03	5.714739e+00
1.634000e-05	5.968013e-03	5.525210e+00
1.635000e-05	6.959465e-03	5.303684e+00
1.636000e-05	5.674935e-03	5.030455e+00
1.637000e-05	3.502352e-03	4.755867e+00
1.638000e-05	3.919318e-03	4.546416e+00
1.639000e-05	4.607846e-03	4.395970e+00
1.640000e-05	2.690538e-03	4.104857e+00
1.641000e-05	-8.834313e-04	3.896312e+00
1.642000e-05	1.961723e-05	3.704757e+00
1.643000e-05	1.321241e-03	3.532858e+00
1.644000e-05	1.139777e-03	3.231055e+00
1.645000e-05	-1.078801e-03	3.041047e+00
1.646000e-05	-5.314497e-04	2.799051e+00
1.647000e-05	3.186902e-04	2.578545e+00
1.648000e-05	-3.510020e-04	2.316821e+00
1.649000e-05	-3.937660e-03	2.145234e+00
1.650000e-05	-4.312528e-03	1.903365e+00
1.651000e-05	-2.158354e-03	1.642255e+00
1.652000e-05	-1.656324e-03	1.419101e+00
1.653000e-05	-3.892585e-03	1.179544e+00
1.654000e-05	-3.573097e-03	9.053367e-01
1.655000e-05	-7.762795e-04	6.917566e-01
1.656000e-05	-2.933255e-03	4.636740e-01
1.657000e-05	-5.421723e-03	2.221239e-01
1.658000e-05	-5.526196e-03	-3.043014e-02
1.659000e-05	3.336779e-03	-2.231340e-01
1.660000e-05	-1.707015e-04	-4.019764e-01
1.661000e-05	-2.723277e-03	-6.452057e-01
1.662000e-05	-4.668630e-03	-8.640605e-01
1.663000e-05	-9.120832e-04	-1.074638e+00
1.664000e-05	-1.824568e-03	-1.295683e+00
1.665000e-05	6.320906e-03	-1.526394e+00
1.666000e-05	5.637284e-02	-1.738294e+00
1.667000e-05	3.553693e-02	-1.968845e+00
1.668000e-05	-6.738936e-02	-2.267192e+00
1.669000e-05	-4.397737e-02	-2.603026e+00
1.670000e-05	-6.381206e-02	-2.820455e+00
1.671000e-05	-2.978800e-02	-2.982404e+00
1.672000e-05	1.216331e-01	-3.127849e+00
1.673000e-05	-6.765673e-02	-3.358296e+00
1.674000e-05	-4.229656e-02	-3.599396e+00
1.675000e-05	1.388777e-01	-3.727292e+00
1.676000e-05	-1.040844e-01	-4.042032e+00
1.677000e-05	5.507865e-02	-4.242532e+00
1.678000e-05	-5.873321e-02	-4.430478e+00
1.679000e-05	-9.483413e-02	-4.664636e+00
1.680000e-05	1.350640e-01	-4.834008e+00
1.681000e-05	-5.534932e-02	-5.113144e+00
1.682000e-05	1.570792e-02	-5.357428e+00
1.683000e-05	-9.747140e-04	-5.588795e+00
1.684000e-05	-6.591759e-02	-5.780577e+00
1.685000e-05	9.015603e-02	-5.948847e+00
1.686000e-05	-1.024717e-01	-6.180979e+00
1.687000e-05	8.807071e-03	-6.431954e+00
1.688000e-05	1.543999e-02	-6.618954e+00
1.689000e-05	-1.685041e-03	-6.861908e+00
1.690000e-05	4.307500e-02	-6.989506e+00
1.691000e-05	-1.230281e-01	-7.213513e+00
1.692000e-05	6.848483e-02	-7.431530e+00
1.693000e-05	-2.704996e-02	-7.589980e+00
1.694000e-05	-2.339702e-03	-7.875183e+00
1.695000e-05	-9.666898e-03	-8.013154e+00
1.696000e-05	-4.147198e-02	-8.230401e+00
1.697000e-05	5.989537e-02	-8.398346e+00
1.698000e-05	-5.758882e-02	-8.535945e+00
1.699000e-05	9.189840e-04	-8.749292e+00
1.700000e-05	-3.744002e-02	-8.904762e+00
1.701000e-05	1.766003e-02	-9.054157e+00
1.702000e-05	7.435667e-03	-9.191425e+00
1.703000e-05	-4.311000e-02	-9.368373e+00
1.704000e-05	6.370549e-03	-9.517289e+00
1.705000e-05	-2.549537e-02	-9.703115e+00
1.706000e-05	1.605428e-02	-9.851051e+00
1.707000e-05	-4.616608e-02	-9.960295e+00
1.708000e-05	-8.736907e-03	-1.010471e+01
1.709000e-05	-4.018574e-03	-1.026410e+01
1.710000e-05	2.716941e-03	-1.043093e+01
1.711000e-05	-1.791902e-02	-1.052529e+01
1.712000e-05	-3.121140e-02	-1.065311e+01
1.713000e-05	8.221519e-04	-1.074674e+01
1.714000e-05	-1.402156e-02	-1.087516e+01
1.715000e-05	-1.347440e-02	-1.100989e+01
1.716000e-05	-3.410404e-02	-1.108514e+01
1.717000e-05	1.051418e-03	-1.126300e+01
1.718000e-05	-8.738911e-03	-1.133576e+01
1.719000e-05	-1.182903e-02	-1.145050e+01
1.720000e-05	-3.107058e-02	-1.152624e+01
1.721000e-05	-1.291005e-02	-1.163111e+01
1.722000e-05	-7.329324e-03	-1.173822e+01
1.723000e-05	-1.913396e-02	-1.184150e+01
1.724000e-05	-2.321261e-02	-1.194566e+01
1.725000e-05	-1.770506e-02	-1.202947e+01
1.726000e-05	-3.541317e-03	-1.208361e+01
1.727000e-05	-1.834499e-02	-1.216722e+01
1.728000e-05	-2.407911e-02	-1.216848e+01
1.729000e-05	-2.282060e-02	-1.227253e+01
1.730000e-05	-1.121345e-02	-1.230411e+01
1.731000e-05	-1.719437e-02	-1.232371e+01
1.732000e-05	-2.504616e-02	-1.236739e+01
1.733000e-05	-2.180916e-02	-1.240950e+01
1.734000e-05	-1.420415e-02	-1.248148e+01
1.735000e-05	-1.531888e-02	-1.250366e+01
1.736000e-05	-2.633557e-02	-1.250471e+01
1.737000e-05	-2.556076e-02	-1.255719e+01
1.738000e-05	-1.786240e-02	-1.253727e+01
1.739000e-05	-1.819980e-02	-1.256735e+01
1.740000e-05	-2.529482e-02	-1.253887e+01
1.741000e-05	-2.840115e-02	-1.255939e+01
1.742000e-05	-2.170714e-02	-1.257739e+01
1.743000e-05	-1.953711e-02	-1.255934e+01
1.744000e-05	-2.704189e-02	-1.254827e+01
1.745000e-05	-2.858063e-02	-1.255636e+01
1.746000e-05	-2.511611e-02	-1.252626e+01
1.747000e-05	-2.338155e-02	-1.247413e+01
1.748000e-05	-2.915910e-02	-1.248355e+01
1.749000e-05	-3.418561e-02	-1.245850e+01
1.750000e-05	-2.959601e-02	-1.235939e+01
1.751000e-05	-2.576237e-02	-1.232729e+01
1.752000e-05	-2.959397e-02	-1.228463e+01
1.753000e-05	-3.442337e-02	-1.224208e+01
1.754000e-05	-3.325393e-02	-1.218984e+01
1.755000e-05	-3.168805e-02	-1.212629e+01
1.756000e-05	-3.425809e-02	-1.209218e+01
1.757000e-05	-3.954824e-02	-1.199895e+01
1.758000e-05	-3.860560e-02	-1.188676e+01
1.759000e-05	-3.580699e-02	-1.181155e+01
1.760000e-05	-3.706098e-02	-1.172881e+01
1.761000e-05	-4.248756e-02	-1.170260e+01
1.762000e-05	-4.368508e-02	-1.155589e+01
1.763000e-05	-4.046137e-02	-1.145100e+01
1.764000e-05	-4.221282e-02	-1.132574e+01
1.765000e-05	-4.710846e-02	-1.117950e+01
1.766000e-05	-4.847457e-02	-1.112469e+01
1.767000e-05	-4.516871e-02	-1.093639e+01
1.768000e-05	-4.577983e-02	-1.090373e+01
1.769000e-05	-4.792123e-02	-1.081790e+01
1.770000e-05	-4.977635e-02	-1.066271e+01
1.771000e-05	-4.631738e-02	-1.054734e+01
1.772000e-05	-4.533493e-02	-1.041058e+01
1.773000e-05	-4.466793e-02	-1.027263e+01
1.774000e-05	-4.572959e-02	-1.015731e+01
1.775000e-05	-4.335902e-02	-1.003052e+01
1.776000e-05	-4.126549e-02	-9.882681e+00
1.777000e-05	-4.203487e-02	-9.695844e+00
1.778000e-05	-4.306081e-02	-9.599995e+00
1.779000e-05	-3.971390e-02	-9.461004e+00
1.780000e-05	-3.613359e-02	-9.275153e+00
1.781000e-05	-3.470777e-02	-9.095259e+00
1.782000e-05	-3.494037e-02	-8.976820e+00
1.783000e-05	-3.329988e-02	-8.731521e+00
1.784000e-05	-3.088044e-02	-8.611450e+00
1.785000e-05	-2.989353e-02	-8.431549e+00
1.786000e-05	-3.095633e-02	-8.282633e+00
1.787000e-05	-2.892692e-02	-8.104336e+00
1.788000e-05	-2.493144e-02	-7.934810e+00
1.789000e-05	-2.373179e-02	-7.714812e+00
1.790000e-05	-2.380927e-02	-7.505236e+00
1.791000e-05	-2.409555e-02	-7.293762e+00
1.792000e-05	-2.219782e-02	-7.137390e+00
1.793000e-05	-2.033186e-02	-6.896312e+00
1.794000e-05	-2.029261e-02	-6.726286e+00
1.795000e-05	-2.019767e-02	-6.556387e+00
1.796000e-05	-1.716999e-02	-6.366917e+00
1.797000e-05	-1.618990e-02	-6.154885e+00
1.798000e-05	-1.562816e-02	-5.935234e+00
1.799000e-05	-1.754599e-02	-5.735287e+00
1.800000e-05	-1.510667e-02	-5.536363e+00
1.801000e-05	-1.422291e-02	-5.251680e+00
1.802000e-05	-1.232323e-02	-5.022126e+00
1.803000e-05	-1.353752e-02	-4.757967e+00
1.804000e-05	-1.136580e-02	-4.538866e+00
1.805000e-05	-1.149419e-02	-4.387942e+00
1.806000e-05	-8.883235e-03	-4.167945e+00
1.807000e-05	-1.168187e-02	-3.957442e+00
1.808000e-05	-1.085529e-02	-3.725436e+00
1.809000e-05	-1.024857e-02	-3.525787e+00
1.810000e-05	-8.857010e-03	-3.304258e+00
1.811000e-05	-9.417628e-03	-3.073253e+00
1.812000e-05	-8.147176e-03	-2.820025e+00
1.813000e-05	-7.021699e-03	-2.632121e+00
1.814000e-05	-5.009217e-03	-2.398549e+00
1.815000e-05	-5.811489e-03	-2.133915e+00
1.816000e-05	-6.773619e-03	-1.923813e+00
1.817000e-05	-7.404271e-03	-1.644784e+00
1.818000e-05	-6.544246e-03	-1.442325e+00
1.819000e-05	-6.272326e-03	-1.158991e+00
1.820000e-05	-5.849134e-03	-9.678171e-01
1.821000e-05	-4.923328e-03	-7.069870e-01
1.822000e-05	-3.216969e-03	-4.842541e-01
1.823000e-05	-1.705116e-03	-2.421766e-01
1.824000e-05	5.280567e-04	-4.160489e-02
1.825000e-05	3.903953e-03	2.003499e-01
1.826000e-05	-1.360128e-04	4.225591e-01
1.827000e-05	1.446338e-03	6.310090e-01
1.828000e-05	-2.085389e-03	8.306065e-01
1.829000e-05	-4.383350e-04	1.094642e+00
1.830000e-05	4.779851e-04	1.316791e+00
1.831000e-05	6.584457e-03	1.539220e+00
1.832000e-05	3.307716e-02	1.839952e+00
1.833000e-05	6.326381e-02	2.030980e+00
1.834000e-05	-1.459598e-02	2.266111e+00
1.835000e-05	-5.392741e-02	2.576769e+00
1.836000e-05	-3.795151e-02	2.849829e+00
1.837000e-05	-2.845512e-02	2.947897e+00
1.838000e-05	-2.681116e-02	3.105692e+00
1.839000e-05	8.195365e-02	3.302638e+00
1.840000e-05	-2.979982e-02	3.548846e+00
1.841000e-05	-1.971072e-02	3.752666e+00
1.842000e-05	1.182558e-01	3.916215e+00
1.843000e-05	-5.991532e-02	4.248928e+00
1.844000e-05	1.653935e-02	4.409501e+00
1.845000e-05	-2.160153e-02	4.632056e+00
1.846000e-05	-3.430034e-02	4.893032e+00
1.847000e-05	6.878402e-02	5.127745e+00
1.848000e-05	-1.185978e-02	5.378398e+00
1.849000e-05	1.587426e-05	5.598397e+00
1.850000e-05	8.156270e-03	5.789953e+00
1.851000e-05	-1.100385e-02	6.018932e+00
1.852000e-05	1.846635e-02	6.209928e+00
1.853000e-05	-1.982899e-02	6.451405e+00
1.854000e-05	1.432887e-02	6.580454e+00
1.855000e-05	4.072077e-03	6.852055e+00
1.856000e-05	2.795415e-02	7.062052e+00
1.857000e-05	1.043067e-02	7.251050e+00
1.858000e-05	-3.897898e-02	7.359899e+00
1.859000e-05	2.808104e-02	7.652453e+00
1.860000e-05	2.879215e-04	7.882955e+00
1.861000e-05	1.264674e-02	8.022454e+00
1.862000e-05	4.016528e-04	8.222553e+00
1.863000e-05	7.605527e-03	8.418875e+00
1.864000e-05	1.785647e-02	8.537267e+00
1.865000e-05	-2.139484e-03	8.703662e+00
1.866000e-05	3.678455e-03	8.922560e+00
1.867000e-05	-6.755876e-03	9.000529e+00
1.868000e-05	1.751568e-02	9.240481e+00
1.869000e-05	1.201006e-02	9.367272e+00
1.870000e-05	3.696646e-03	9.504664e+00
1.871000e-05	7.443607e-03	9.661560e+00
1.872000e-05	8.314838e-03	9.801001e+00
1.873000e-05	1.313293e-02	9.949277e+00
1.874000e-05	5.603423e-05	1.010419e+01
1.875000e-05	4.101944e-03	1.024201e+01
1.876000e-05	1.070531e-02	1.037834e+01
1.877000e-05	1.558351e-02	1.051319e+01
1.878000e-05	8.976805e-03	1.061990e+01
1.879000e-05	4.666060e-03	1.079827e+01
1.880000e-05	8.847490e-03	1.092258e+01
1.881000e-05	1.098240e-02	1.097838e+01
1.882000e-05	8.382473e-03	1.112363e+01
1.883000e-05	6.020355e-03	1.118837e+01
1.884000e-05	1.104942e-02	1.131669e+01
1.885000e-05	1.615136e-02	1.140038e+01
1.886000e-05	1.072439e-02	1.151513e+01
1.887000e-05	7.440916e-03	1.163185e+01
1.888000e-05	6.695248e-03	1.175562e+01
1.889000e-05	1.370381e-02	1.185795e+01
1.890000e-05	1.048456e-02	1.186414e+01
1.891000e-05	1.162611e-02	1.194677e+01
1.892000e-05	1.084824e-02	1.203948e+01
1.893000e-05	1.638686e-02	1.210266e+01
1.894000e-05	1.420269e-02	1.216732e+01
1.895000e-05	9.096510e-03	1.218942e+01
1.896000e-05	9.559063e-03	1.228250e+01
1.897000e-05	1.272449e-02	1.232464e+01
1.898000e-05	1.706003e-02	1.236624e+01
1.899000e-05	1.311827e-02	1.243638e+01
1.900000e-05	1.365180e-02	1.246245e+01
1.901000e-05	1.479588e-02	1.248308e+01
1.902000e-05	1.737927e-02	1.249164e+01
1.903000e-05	1.400282e-02	1.251516e+01
1.904000e-05	1.303875e-02	1.253668e+01
1.905000e-05	1.675815e-02	1.252521e+01
1.906000e-05	1.843094e-02	1.252576e+01
1.907000e-05	1.817971e-02	1.256687e+01
1.908000e-05	1.582665e-02	1.252634e+01
1.909000e-05	1.857864e-02	1.254574e+01
1.910000e-05	2.024327e-02	1.253479e+01
1.911000e-05	1.998752e-02	1.252514e+01
1.912000e-05	1.773753e-02	1.251413e+01
1.913000e-05	2.150418e-02	1.250263e+01
1.914000e-05	2.460258e-02	1.244945e+01
1.915000e-05	2.235689e-02	1.239735e+01
1.916000e-05	2.231755e-02	1.237577e+01
1.917000e-05	2.269678e-02	1.228516e+01
1.918000e-05	2.707694e-02	1.225253e+01
1.919000e-05	2.516647e-02	1.222950e+01
1.920000e-05	2.447394e-02	1.216526e+01
1.921000e-05	2.515873e-02	1.212263e+01
1.922000e-05	2.959819e-02	1.205047e+01
1.923000e-05	3.133793e-02	1.194469e+01
1.924000e-05	2.907848e-02	1.189260e+01
1.925000e-05	2.999576e-02	1.181047e+01
1.926000e-05	3.354123e-02	1.172469e+01
1.927000e-05	3.641715e-02	1.165795e+01
1.928000e-05	3.406499e-02	1.152576e+01
1.929000e-05	3.477584e-02	1.142905e+01
1.930000e-05	3.772560e-02	1.132566e+01
1.931000e-05	3.924335e-02	1.122847e+01
1.932000e-05	3.858386e-02	1.108313e+01
1.933000e-05	3.822691e-02	1.100787e+01
1.934000e-05	4.197376e-02	1.091421e+01
1.935000e-05	4.263572e-02	1.079745e+01
1.936000e-05	4.055833e-02	1.067056e+01
1.937000e-05	3.897020e-02	1.060371e+01
1.938000e-05	3.976445e-02	1.041840e+01
1.939000e-05	4.065105e-02	1.025058e+01
1.940000e-05	3.682619e-02	1.009629e+01
1.941000e-05	3.560491e-02	1.001850e+01
1.942000e-05	3.508611e-02	9.861553e+00
1.943000e-05	3.634134e-02	9.722076e+00
1.944000e-05	3.316105e-02	9.514838e+00
1.945000e-05	3.045334e-02	9.397494e+00
1.946000e-05	2.894583e-02	9.251554e+00
1.947000e-05	2.992870e-02	9.073183e+00
1.948000e-05	2.684123e-02	8.926787e+00
1.949000e-05	2.503834e-02	8.755816e+00
1.950000e-05	2.266279e-02	8.579344e+00
1.951000e-05	2.443219e-02	8.440578e+00
1.952000e-05	2.239671e-02	8.230655e+00
1.953000e-05	1.951929e-02	8.071153e+00
1.954000e-05	1.791464e-02	7.892660e+00
1.955000e-05	1.704260e-02	7.723285e+00
1.956000e-05	1.761917e-02	7.522758e+00
1.957000e-05	1.548045e-02	7.283630e+00
1.958000e-05	1.282853e-02	7.083137e+00
1.959000e-05	1.272759e-02	6.883711e+00
1.960000e-05	1.254292e-02	6.724735e+00
1.961000e-05	1.079628e-02	6.474208e+00
1.962000e-05	8.145627e-03	6.312757e+00
1.963000e-05	8.323829e-03	6.095284e+00
1.964000e-05	9.123092e-03	5.953832e+00
1.965000e-05	8.109517e-03	5.703132e+00
1.966000e-05	4.840012e-03	5.502733e+00
1.967000e-05	5.784498e-03	5.283205e+00
1.968000e-05	5.231526e-03	5.017973e+00
1.969000e-05	4.879813e-03	4.786892e+00
1.970000e-05	2.595678e-03	4.575889e+00
1.971000e-05	2.129056e-03	4.355917e+00
1.972000e-05	2.742237e-03	4.133713e+00
1.973000e-05	2.839446e-03	3.893706e+00
1.974000e-05	9.284688e-04	3.673282e+00
1.975000e-05	-2.976002e-04	3.482228e+00
1.976000e-05	1.349704e-03	3.179950e+00
1.977000e-05	7.886008e-04	3.010493e+00
1.978000e-05	-9.513802e-04	2.809472e+00
1.979000e-05	-2.950101e-03	2.577966e+00
1.980000e-05	-1.786826e-03	2.334287e+00
1.981000e-05	-6.929661e-04	2.093334e+00
1.982000e-05	-2.804407e-03	1.903813e+00
1.983000e-05	-4.390912e-03	1.651101e+00
1.984000e-05	-1.777533e-03	1.390072e+00
1.985000e-05	-1.603288e-03	1.158021e+00
1.986000e-05	-2.865328e-03	9.132078e-01
1.987000e-05	-4.555355e-03	6.517315e-01
1.988000e-05	-4.219175e-03	4.806488e-01
1.989000e-05	-2.672565e-03	2.014985e-01
1.990000e-05	-2.166310e-03	-6.305890e-02
1.991000e-05	2.135136e-03	-2.750342e-01
1.992000e-05	-1.821352e-03	-4.520516e-01
1.993000e-05	-1.321831e-03	-6.357144e-01
1.994000e-05	-4.400228e-03	-8.837381e-01
1.995000e-05	-4.076731e-03	-1.106215e+00
1.996000e-05	-3.859192e-03	-1.294668e+00
1.997000e-05	1.144553e-02	-1.587350e+00
1.998000e-05	6.654694e-02	-1.738844e+00
1.999000e-05	2.171805e-02	-1.978850e+00
2.000000e-05	-6.826854e-02	-2.267273e+00
2.001000e-05	-4.450589e-02	-2.612033e+00
2.002000e-05	-6.254424e-02	-2.841534e+00
2.003000e-05	-1.871640e-02	-3.031054e+00
2.004000e-05	1.207910e-01	-3.188421e+00
2.005000e-05	-9.563598e-02	-3.368848e+00
2.006000e-05	-1.233157e-03	-3.559500e+00
2.007000e-05	1.180206e-01	-3.714241e+00
2.008000e-05	-1.082753e-01	-4.001983e+00
2.009000e-05	7.187871e-02	-4.254659e+00
2.010000e-05	-8.600948e-02	-4.441482e+00
2.011000e-05	-6.293760e-02	-4.695213e+00
2.012000e-05	1.271714e-01	-4.853109e+00
2.013000e-05	-7.314616e-02	-5.117195e+00
2.014000e-05	3.638717e-02	-5.380024e+00
2.015000e-05	-2.232588e-02	-5.590923e+00
2.016000e-05	-4.787604e-02	-5.831485e+00
2.017000e-05	8.307005e-02	-5.961478e+00
2.018000e-05	-1.080601e-01	-6.202605e+00
2.019000e-05	3.414608e-02	-6.432580e+00
2.020000e-05	-3.959241e-03	-6.632052e+00
2.021000e-05	1.226033e-02	-6.863631e+00
2.022000e-05	2.004078e-02	-6.990578e+00
2.023000e-05	-1.158108e-01	-7.283538e+00
2.024000e-05	7.631934e-02	-7.453008e+00
2.025000e-05	-4.414699e-02	-7.684079e+00
2.026000e-05	1.818938e-02	-7.914612e+00
2.027000e-05	-2.111005e-02	-8.052434e+00
2.028000e-05	-2.313045e-02	-8.213608e+00
2.029000e-05	4.831622e-02	-8.378877e+00
2.030000e-05	-6.306106e-02	-8.590028e+00
2.031000e-05	6.701807e-03	-8.789249e+00
2.032000e-05	-4.531688e-02	-8.916695e+00
2.033000e-05	2.638828e-02	-9.084209e+00
2.034000e-05	-8.554598e-03	-9.221029e+00
2.035000e-05	-2.832580e-02	-9.399922e+00
2.036000e-05	3.773239e-03	-9.558369e+00
2.037000e-05	-1.975664e-02	-9.714115e+00
2.038000e-05	1.144445e-02	-9.843033e+00
2.039000e-05	-4.629759e-02	-9.999876e+00
2.040000e-05	-5.892841e-03	-1.013689e+01
2.041000e-05	-1.080760e-02	-1.026463e+01
2.042000e-05	1.726359e-03	-1.044260e+01
2.043000e-05	-2.231307e-02	-1.053629e+01
2.044000e-05	-2.039343e-02	-1.066311e+01
2.045000e-05	-1.655357e-03	-1.074687e+01
2.046000e-05	-1.476237e-02	-1.088621e+01
2.047000e-05	-1.647184e-02	-1.098945e+01
2.048000e-05	-2.989194e-02	-1.116516e+01
2.049000e-05	7.711547e-04	-1.124056e+01
2.050000e-05	-1.267862e-02	-1.131532e+01
2.051000e-05	-1.147486e-02	-1.144101e+01
2.052000e-05	-2.833928e-02	-1.156672e+01
2.053000e-05	-9.381594e-03	-1.165408e+01
2.054000e-05	-1.321319e-02	-1.173779e+01
2.055000e-05	-2.002927e-02	-1.184098e+01
2.056000e-05	-2.286672e-02	-1.196566e+01
2.057000e-05	-1.402123e-02	-1.201090e+01
2.058000e-05	-6.872444e-03	-1.210308e+01
2.059000e-05	-2.058490e-02	-1.213622e+01
2.060000e-05	-2.150072e-02	-1.218942e+01
2.061000e-05	-2.153003e-02	-1.223453e+01
2.062000e-05	-1.370718e-02	-1.229416e+01
2.063000e-05	-2.101325e-02	-1.235466e+01
2.064000e-05	-2.333186e-02	-1.238832e+01
2.065000e-05	-1.895804e-02	-1.242895e+01
2.066000e-05	-1.280298e-02	-1.246248e+01
2.067000e-05	-1.916609e-02	-1.250313e+01
2.068000e-05	-2.393667e-02	-1.246626e+01
2.069000e-05	-2.378223e-02	-1.251584e+01
2.070000e-05	-1.758739e-02	-1.253727e+01
2.071000e-05	-2.342997e-02	-1.257832e+01
2.072000e-05	-2.580885e-02	-1.258842e+01
2.073000e-05	-2.533024e-02	-1.254839e+01
2.074000e-05	-1.885965e-02	-1.255884e+01
2.075000e-05	-2.176286e-02	-1.253634e+01
2.076000e-05	-2.719547e-02	-1.255739e+01
2.077000e-05	-2.693320e-02	-1.250674e+01
2.078000e-05	-2.542837e-02	-1.251416e+01
2.079000e-05	-2.668633e-02	-1.247263e+01
2.080000e-05	-3.127457e-02	-1.246103e+01
2.081000e-05	-3.035122e-02	-1.240047e+01
2.082000e-05	-2.668576e-02	-1.242777e+01
2.083000e-05	-2.747508e-02	-1.234674e+01
2.084000e-05	-3.218409e-02	-1.229356e+01
2.085000e-05	-3.310316e-02	-1.221158e+01
2.086000e-05	-3.137530e-02	-1.216842e+01
2.087000e-05	-3.247717e-02	-1.212631e+01
2.088000e-05	-3.576156e-02	-1.208461e+01
2.089000e-05	-3.792322e-02	-1.201997e+01
2.090000e-05	-3.571300e-02	-1.192379e+01
2.091000e-05	-3.668978e-02	-1.180250e+01
2.092000e-05	-4.059091e-02	-1.172673e+01
2.093000e-05	-4.223151e-02	-1.165961e+01
2.094000e-05	-4.146679e-02	-1.154674e+01
2.095000e-05	-4.184528e-02	-1.139998e+01
2.096000e-05	-4.509187e-02	-1.130474e+01
2.097000e-05	-4.706447e-02	-1.123002e+01
2.098000e-05	-4.464288e-02	-1.103268e+01
2.099000e-05	-4.500197e-02	-1.099739e+01
2.100000e-05	-4.788887e-02	-1.087418e+01
2.101000e-05	-4.970010e-02	-1.076839e+01
2.102000e-05	-4.734136e-02	-1.063263e+01
2.103000e-05	-4.551835e-02	-1.055831e+01
2.104000e-05	-4.782335e-02	-1.043053e+01
2.105000e-05	-4.709167e-02	-1.028318e+01
2.106000e-05	-4.390884e-02	-1.012531e+01
2.107000e-05	-4.207357e-02	-9.966945e+00
2.108000e-05	-4.320382e-02	-9.872630e+00
2.109000e-05	-4.335557e-02	-9.705812e+00
2.110000e-05	-4.032818e-02	-9.588915e+00
2.111000e-05	-3.765146e-02	-9.389020e+00
2.112000e-05	-3.786008e-02	-9.242103e+00
2.113000e-05	-3.796613e-02	-9.093713e+00
2.114000e-05	-3.428353e-02	-8.926237e+00
2.115000e-05	-3.104370e-02	-8.788921e+00
2.116000e-05	-3.109800e-02	-8.599921e+00
2.117000e-05	-3.093440e-02	-8.400026e+00
2.118000e-05	-2.809804e-02	-8.272629e+00
2.119000e-05	-2.557953e-02	-8.123784e+00
2.120000e-05	-2.584046e-02	-7.882309e+00
2.121000e-05	-2.639736e-02	-7.675258e+00
2.122000e-05	-2.457100e-02	-7.503259e+00
2.123000e-05	-2.177297e-02	-7.294759e+00
2.124000e-05	-2.171312e-02	-7.113310e+00
2.125000e-05	-2.195691e-02	-6.904782e+00
2.126000e-05	-1.994439e-02	-6.694758e+00
2.127000e-05	-1.733756e-02	-6.555785e+00
2.128000e-05	-1.630716e-02	-6.366363e+00
2.129000e-05	-1.813707e-02	-6.144211e+00
2.130000e-05	-1.637020e-02	-5.874210e+00
2.131000e-05	-1.415636e-02	-5.693736e+00
2.132000e-05	-1.455383e-02	-5.494332e+00
2.133000e-05	-1.682801e-02	-5.233703e+00
2.134000e-05	-1.318791e-02	-4.969519e+00
2.135000e-05	-1.157373e-02	-4.745764e+00
2.136000e-05	-1.048232e-02	-4.565436e+00
2.137000e-05	-1.222671e-02	-4.366963e+00
2.138000e-05	-1.059986e-02	-4.106916e+00
2.139000e-05	-8.646964e-03	-3.967364e+00
2.140000e-05	-7.228004e-03	-3.714835e+00
2.141000e-05	-1.097018e-02	-3.483833e+00
2.142000e-05	-1.122815e-02	-3.283253e+00
2.143000e-05	-8.305111e-03	-3.072753e+00
2.144000e-05	-5.811863e-03	-2.818495e+00
2.145000e-05	-7.116163e-03	-2.609449e+00
2.146000e-05	-7.425993e-03	-2.360570e+00
2.147000e-05	-5.932467e-03	-2.114282e+00
2.148000e-05	-4.140724e-03	-1.883307e+00
2.149000e-05	-5.952516e-03	-1.663732e+00
2.150000e-05	-8.792778e-03	-1.442198e+00
2.151000e-05	-5.787327e-03	-1.127938e+00
2.152000e-05	-4.053974e-03	-9.458369e-01
2.153000e-05	-3.374640e-03	-7.149133e-01
2.154000e-05	-5.441035e-03	-4.311738e-01
2.155000e-05	-2.570217e-03	-2.421753e-01
2.156000e-05	1.517113e-03	-4.060269e-02
2.157000e-05	5.539474e-03	1.920852e-01
2.158000e-05	-2.649142e-03	4.531353e-01
2.159000e-05	1.543213e-03	6.420618e-01
2.160000e-05	-2.268323e-04	8.830313e-01
2.161000e-05	3.154584e-03	1.075664e+00
2.162000e-05	1.269997e-04	1.336270e+00
2.163000e-05	6.068510e-03	1.559353e+00
2.164000e-05	3.817998e-02	1.840583e+00
2.165000e-05	6.344252e-02	2.032584e+00
2.166000e-05	-2.583292e-02	2.306291e+00
2.167000e-05	-5.400231e-02	2.538952e+00
2.168000e-05	-3.609466e-02	2.841455e+00
2.169000e-05	-2.818995e-02	2.989896e+00
2.170000e-05	-1.784061e-02	3.095739e+00
2.171000e-05	8.391387e-02	3.313168e+00
2.172000e-05	-5.095996e-02	3.589379e+00
2.173000e-05	1.043183e-02	3.714236e+00
2.174000e-05	1.047489e-01	3.989252e+00
2.175000e-05	-6.688199e-02	4.259984e+00
2.176000e-05	2.592032e-02	4.442006e+00
2.177000e-05	-3.513342e-02	4.644587e+00
2.178000e-05	-1.673175e-02	4.892565e+00
2.179000e-05	6.267924e-02	5.177225e+00
2.180000e-05	-1.750426e-02	5.420001e+00
2.181000e-05	7.017317e-03	5.599926e+00
2.182000e-05	6.710950e-03	5.802530e+00
2.183000e-05	-1.022785e-02	6.052457e+00
2.184000e-05	1.557641e-02	6.210952e+00
2.185000e-05	-1.888061e-02	6.441104e+00
2.186000e-05	1.893761e-02	6.642583e+00
2.187000e-05	-7.093676e-04	6.873110e+00
2.188000e-05	3.175835e-02	7.031958e+00
2.189000e-05	2.452070e-03	7.261406e+00
2.190000e-05	-3.250106e-02	7.409983e+00
2.191000e-05	3.050674e-02	7.681559e+00
2.192000e-05	-4.784996e-03	7.872507e+00
2.193000e-05	1.737769e-02	8.085060e+00
2.194000e-05	-1.838616e-03	8.231084e+00
2.195000e-05	1.192679e-02	8.430925e+00
2.196000e-05	1.207957e-02	8.566345e+00
2.197000e-05	-1.508747e-04	8.735691e+00
2.198000e-05	4.121684e-03	8.883033e+00
2.199000e-05	-3.409825e-03	9.052104e+00
2.200000e-05	1.835141e-02	9.231930e+00
2.201000e-05	9.840408e-03	9.377898e+00
2.202000e-05	5.905645e-03	9.535716e+00
2.203000e-05	6.927353e-03	9.663158e+00
2.204000e-05	6.998464e-03	9.840479e+00
2.205000e-05	1.054833e-02	9.998326e+00
2.206000e-05	2.586431e-03	1.011567e+01
2.207000e-05	6.036355e-03	1.026356e+01
2.208000e-05	1.100203e-02	1.038773e+01
2.209000e-05	1.360051e-02	1.052626e+01
2.210000e-05	1.043046e-02	1.066103e+01
2.211000e-05	5.864255e-03	1.081932e+01
2.212000e-05	9.150580e-03	1.090411e+01
2.213000e-05	8.256284e-03	1.097945e+01
2.214000e-05	9.862414e-03	1.111464e+01
2.215000e-05	7.421551e-03	1.122935e+01
2.216000e-05	1.143362e-02	1.132526e+01
2.217000e-05	1.240393e-02	1.147037e+01
2.218000e-05	1.232609e-02	1.153619e+01
2.219000e-05	9.441948e-03	1.168146e+01
2.220000e-05	9.536194e-03	1.174726e+01
2.221000e-05	1.200446e-02	1.186845e+01
2.222000e-05	1.039308e-02	1.187508e+01
2.223000e-05	1.113493e-02	1.194587e+01
2.224000e-05	1.166353e-02	1.203940e+01
2.225000e-05	1.273153e-02	1.208266e+01
2.226000e-05	1.267577e-02	1.214727e+01
2.227000e-05	1.194029e-02	1.222948e+01
2.228000e-05	1.237871e-02	1.226255e+01
2.229000e-05	1.285645e-02	1.234469e+01
2.230000e-05	1.446300e-02	1.237675e+01
2.231000e-05	1.397166e-02	1.240932e+01
2.232000e-05	1.502753e-02	1.241140e+01
2.233000e-05	1.334818e-02	1.247458e+01
2.234000e-05	1.460481e-02	1.252413e+01
2.235000e-05	1.534630e-02	1.252458e+01
2.236000e-05	1.503454e-02	1.253621e+01
2.237000e-05	1.630490e-02	1.252627e+01
2.238000e-05	1.559298e-02	1.254474e+01
2.239000e-05	1.845719e-02	1.256531e+01
2.240000e-05	1.810974e-02	1.253581e+01
2.241000e-05	1.826764e-02	1.253671e+01
2.242000e-05	1.812090e-02	1.255519e+01
2.243000e-05	1.955363e-02	1.251624e+01
2.244000e-05	2.107066e-02	1.249471e+01
2.245000e-05	2.121724e-02	1.248308e+01
2.246000e-05	2.159248e-02	1.243995e+01
2.247000e-05	2.266670e-02	1.240038e+01
2.248000e-05	2.451521e-02	1.236672e+01
2.249000e-05	2.434793e-02	1.228311e+01
2.250000e-05	2.426709e-02	1.227205e+01
2.251000e-05	2.513704e-02	1.220049e+01
2.252000e-05	2.800553e-02	1.210686e+01
2.253000e-05	2.723002e-02	1.207366e+01
2.254000e-05	2.724708e-02	1.202787e+01
2.255000e-05	2.865234e-02	1.194634e+01
2.256000e-05	3.124111e-02	1.185156e+01
2.257000e-05	3.209884e-02	1.180842e+01
2.258000e-05	3.241327e-02	1.171526e+01
2.259000e-05	3.428498e-02	1.163898e+01
2.260000e-05	3.750207e-02	1.153368e+01
2.261000e-05	3.666424e-02	1.141097e+01
2.262000e-05	3.691066e-02	1.132471e+01
2.263000e-05	3.673517e-02	1.118840e+01
2.264000e-05	4.006701e-02	1.110318e+01
2.265000e-05	4.053229e-02	1.097787e+01
2.266000e-05	4.042977e-02	1.087323e+01
2.267000e-05	3.943023e-02	1.077887e+01
2.268000e-05	4.230398e-02	1.063100e+01
2.269000e-05	4.137351e-02	1.049386e+01
2.270000e-05	3.954375e-02	1.035686e+01
2.271000e-05	3.649051e-02	1.025158e+01
2.272000e-05	3.821318e-02	1.011378e+01
2.273000e-05	3.696985e-02	1.000837e+01
2.274000e-05	3.552056e-02	9.820519e+00
2.275000e-05	3.263157e-02	9.694650e+00
2.276000e-05	3.318977e-02	9.454211e+00
2.277000e-05	3.281587e-02	9.367915e+00
2.278000e-05	2.945881e-02	9.260024e+00
2.279000e-05	2.628145e-02	9.052700e+00
2.280000e-05	2.665528e-02	8.934678e+00
2.281000e-05	2.609690e-02	8.703764e+00
2.282000e-05	2.472423e-02	8.587915e+00
2.283000e-05	2.127686e-02	8.409002e+00
2.284000e-05	2.002531e-02	8.251054e+00
2.285000e-05	2.044369e-02	8.041153e+00
2.286000e-05	1.891180e-02	7.892608e+00
2.287000e-05	1.512209e-02	7.651708e+00
2.288000e-05	1.537018e-02	7.493681e+00
2.289000e-05	1.512401e-02	7.240103e+00
2.290000e-05	1.605405e-02	7.092681e+00
2.291000e-05	1.234143e-02	6.892634e+00
2.292000e-05	1.157712e-02	6.713235e+00
2.293000e-05	9.035570e-03	6.432628e+00
2.294000e-05	9.519669e-03	6.282710e+00
2.295000e-05	6.269538e-03	6.113683e+00
2.296000e-05	6.231352e-03	5.952232e+00
2.297000e-05	5.738549e-03	5.653704e+00
2.298000e-05	8.946546e-03	5.500655e+00
2.299000e-05	7.346056e-03	5.241051e+00
2.300000e-05	5.435839e-03	4.997943e+00
2.301000e-05	2.759150e-03	4.735337e+00
2.302000e-05	1.980430e-03	4.545288e+00
2.303000e-05	1.145522e-03	4.345411e+00
2.304000e-05	6.726220e-04	4.092105e+00
2.305000e-05	7.711631e-04	3.832131e+00
2.306000e-05	2.480090e-03	3.651630e+00
2.307000e-05	2.563538e-03	3.471075e+00
2.308000e-05	-5.871235e-04	3.167070e+00
2.309000e-05	-7.268442e-04	2.990493e+00
2.310000e-05	-1.250651e-03	2.768525e+00
2.311000e-05	-1.783280e-05	2.516659e+00
2.312000e-05	-2.950088e-03	2.291682e+00
2.313000e-05	-2.679426e-03	2.052734e+00
2.314000e-05	-2.916705e-03	1.854237e+00
2.315000e-05	-1.032636e-03	1.630048e+00
2.316000e-05	-3.533438e-03	1.337468e+00
2.317000e-05	-4.442110e-03	1.136363e+00
2.318000e-05	-2.909062e-03	8.225827e-01
2.319000e-05	-2.571681e-03	6.306536e-01
2.320000e-05	-3.612891e-03	3.905499e-01
2.321000e-05	-5.298147e-03	1.888672e-01
2.322000e-05	-7.279383e-04	-8.263415e-02
2.323000e-05	4.738741e-03	-2.541630e-01
2.324000e-05	-2.400308e-03	-4.630580e-01
2.325000e-05	-4.026456e-03	-7.358148e-01
2.326000e-05	-4.921495e-03	-9.067119e-01
2.327000e-05	-2.345057e-04	-1.127816e+00
2.328000e-05	-2.447894e-03	-1.335844e+00
2.329000e-05	1.263448e-02	-1.590005e+00
2.330000e-05	6.964424e-02	-1.759898e+00
2.331000e-05	9.228559e-03	-1.991450e+00
2.332000e-05	-6.491519e-02	-2.368852e+00
2.333000e-05	-4.791154e-02	-2.654084e+00
2.334000e-05	-6.469831e-02	-2.842106e+00
2.335000e-05	-1.426648e-04	-3.062105e+00
2.336000e-05	1.181177e-01	-3.218452e+00
2.337000e-05	-1.172083e-01	-3.411503e+00
2.338000e-05	3.378316e-02	-3.611473e+00
2.339000e-05	8.931779e-02	-3.728374e+00
2.340000e-05	-1.019481e-01	-4.084161e+00
2.341000e-05	7.971230e-02	-4.265236e+00
2.342000e-05	-1.140853e-01	-4.482560e+00
2.343000e-05	-2.803441e-02	-4.725797e+00
2.344000e-05	1.164037e-01	-4.883684e+00
2.345000e-05	-7.915337e-02	-5.168774e+00
2.346000e-05	4.832881e-02	-5.400447e+00
2.347000e-05	-4.288976e-02	-5.610479e+00
2.348000e-05	-2.463437e-02	-5.843085e+00
2.349000e-05	6.814566e-02	-6.071005e+00
2.350000e-05	-1.179765e-01	-6.265536e+00
2.351000e-05	5.038454e-02	-6.484182e+00
2.352000e-05	-1.764616e-02	-6.644155e+00
2.353000e-05	3.635854e-02	-6.904112e+00
2.354000e-05	-5.608677e-03	-7.063659e+00
2.355000e-05	-1.014520e-01	-7.314265e+00
2.356000e-05	8.033224e-02	-7.481129e+00
2.357000e-05	-5.552973e-02	-7.693110e+00
2.358000e-05	2.753657e-02	-7.913712e+00
2.359000e-05	-4.050743e-02	-8.102065e+00
2.360000e-05	-2.089358e-03	-8.244633e+00
2.361000e-05	3.938071e-02	-8.410928e+00
2.362000e-05	-5.987351e-02	-8.558575e+00
2.363000e-05	5.458402e-03	-8.800351e+00
2.364000e-05	-4.600070e-02	-8.936342e+00
2.365000e-05	3.775414e-02	-9.125162e+00
2.366000e-05	-2.237057e-02	-9.233051e+00
2.367000e-05	-2.404825e-02	-9.420052e+00
2.368000e-05	-3.338242e-03	-9.579794e+00
2.369000e-05	-1.059027e-02	-9.706337e+00
2.370000e-05	6.562738e-03	-9.873555e+00
2.371000e-05	-4.910761e-02	-1.000147e+01
2.372000e-05	-1.815267e-03	-1.013684e+01
2.373000e-05	-8.767921e-03	-1.032609e+01
2.374000e-05	3.668105e-03	-1.046301e+01
2.375000e-05	-3.146059e-02	-1.052775e+01
2.376000e-05	-1.735262e-02	-1.071365e+01
2.377000e-05	-7.645518e-04	-1.076939e+01
2.378000e-05	-9.929266e-03	-1.090574e+01
2.379000e-05	-2.202268e-02	-1.101898e+01
2.380000e-05	-2.781523e-02	-1.116729e+01
2.381000e-05	2.115060e-03	-1.120158e+01
2.382000e-05	-1.054101e-02	-1.135729e+01
2.383000e-05	-1.742741e-02	-1.147148e+01
2.384000e-05	-3.005606e-02	-1.157675e+01
2.385000e-05	-5.401435e-03	-1.169455e+01
2.386000e-05	-1.038442e-02	-1.179889e+01
2.387000e-05	-2.088898e-02	-1.183258e+01
2.388000e-05	-2.599047e-02	-1.192519e+01
2.389000e-05	-1.138878e-02	-1.206940e+01
2.390000e-05	-6.062049e-03	-1.209361e+01
2.391000e-05	-2.209581e-02	-1.215679e+01
2.392000e-05	-2.616554e-02	-1.217690e+01
2.393000e-05	-1.803831e-02	-1.225253e+01
2.394000e-05	-8.432336e-03	-1.228471e+01
2.395000e-05	-2.092790e-02	-1.236689e+01
2.396000e-05	-2.619044e-02	-1.236742e+01
2.397000e-05	-1.812936e-02	-1.244990e+01
2.398000e-05	-1.107036e-02	-1.241313e+01
2.399000e-05	-1.917855e-02	-1.250266e+01
2.400000e-05	-2.870401e-02	-1.249529e+01
2.401000e-05	-2.212368e-02	-1.251474e+01
2.402000e-05	-1.364168e-02	-1.253629e+01
2.403000e-05	-1.994764e-02	-1.254892e+01
2.404000e-05	-2.853347e-02	-1.254787e+01
2.405000e-05	-2.685374e-02	-1.253797e+01
2.406000e-05	-1.819766e-02	-1.256889e+01
2.407000e-05	-2.133521e-02	-1.255682e+01
2.408000e-05	-3.080064e-02	-1.252786e+01
2.409000e-05	-2.848918e-02	-1.253686e+01
2.410000e-05	-2.195406e-02	-1.253473e+01
2.411000e-05	-2.133120e-02	-1.250316e+01
2.412000e-05	-3.317302e-02	-1.249358e+01
2.413000e-05	-3.296036e-02	-1.237897e+01
2.414000e-05	-2.687897e-02	-1.234735e+01
2.415000e-05	-2.538149e-02	-1.233666e+01
2.416000e-05	-3.424300e-02	-1.228469e+01
2.417000e-05	-3.682894e-02	-1.221098e+01
2.418000e-05	-3.046790e-02	-1.215792e+01
2.419000e-05	-2.840121e-02	-1.212622e+01
2.420000e-05	-3.567517e-02	-1.206361e+01
2.421000e-05	-4.101189e-02	-1.199587e+01
2.422000e-05	-3.553884e-02	-1.192371e+01
2.423000e-05	-3.459663e-02	-1.180050e+01
2.424000e-05	-4.030842e-02	-1.172573e+01
2.425000e-05	-4.585859e-02	-1.163948e+01
2.426000e-05	-4.174906e-02	-1.158477e+01
2.427000e-05	-3.939514e-02	-1.143855e+01
2.428000e-05	-4.444682e-02	-1.130463e+01
2.429000e-05	-4.899041e-02	-1.115942e+01
2.430000e-05	-4.634072e-02	-1.110266e+01
2.431000e-05	-4.328927e-02	-1.097832e+01
2.432000e-05	-4.608819e-02	-1.086206e+01
2.433000e-05	-5.144331e-02	-1.077684e+01
2.434000e-05	-4.888269e-02	-1.063203e+01
2.435000e-05	-4.381222e-02	-1.053584e+01
2.436000e-05	-4.544723e-02	-1.043192e+01
2.437000e-05	-4.883873e-02	-1.024263e+01
2.438000e-05	-4.750621e-02	-1.012526e+01
2.439000e-05	-4.085134e-02	-9.957867e+00
2.440000e-05	-4.100397e-02	-9.812030e+00
2.441000e-05	-4.373229e-02	-9.704207e+00
2.442000e-05	-4.230726e-02	-9.587344e+00
2.443000e-05	-3.650792e-02	-9.368992e+00
2.444000e-05	-3.434936e-02	-9.231475e+00
2.445000e-05	-3.723630e-02	-9.043682e+00
2.446000e-05	-3.758865e-02	-8.926284e+00
2.447000e-05	-3.180470e-02	-8.775790e+00
2.448000e-05	-2.943118e-02	-8.556914e+00
2.449000e-05	-3.091178e-02	-8.379998e+00
2.450000e-05	-3.134137e-02	-8.252128e+00
2.451000e-05	-2.606109e-02	-8.081730e+00
2.452000e-05	-2.363921e-02	-7.904182e+00
2.453000e-05	-2.410755e-02	-7.673151e+00
2.454000e-05	-2.576429e-02	-7.443657e+00
2.455000e-05	-2.187476e-02	-7.263607e+00
2.456000e-05	-1.948677e-02	-7.123131e+00
2.457000e-05	-2.088338e-02	-6.894131e+00
2.458000e-05	-2.183155e-02	-6.663756e+00
2.459000e-05	-2.065780e-02	-6.504736e+00
2.460000e-05	-1.499329e-02	-6.313909e+00
2.461000e-05	-1.546780e-02	-6.063105e+00
2.462000e-05	-1.710349e-02	-5.863182e+00
2.463000e-05	-1.635995e-02	-5.694682e+00
2.464000e-05	-1.148726e-02	-5.520707e+00
2.465000e-05	-1.345254e-02	-5.228549e+00
2.466000e-05	-1.414506e-02	-4.989522e+00
2.467000e-05	-1.506494e-02	-4.677232e+00
2.468000e-05	-1.013994e-02	-4.504341e+00
2.469000e-05	-9.115340e-03	-4.306413e+00
2.470000e-05	-1.009045e-02	-4.115889e+00
2.471000e-05	-1.124559e-02	-3.956513e+00
2.472000e-05	-7.562214e-03	-3.642659e+00
2.473000e-05	-8.765970e-03	-3.463657e+00
2.474000e-05	-9.545377e-03	-3.232125e+00
2.475000e-05	-1.135993e-02	-2.990075e+00
2.476000e-05	-7.181880e-03	-2.757421e+00
2.477000e-05	-5.541920e-03	-2.568491e+00
2.478000e-05	-5.760896e-03	-2.326396e+00
2.479000e-05	-7.464351e-03	-2.073205e+00
2.480000e-05	-6.110545e-03	-1.844203e+00
2.481000e-05	-4.957381e-03	-1.682178e+00
2.482000e-05	-6.686513e-03	-1.421193e+00
2.483000e-05	-7.951213e-03	-1.146811e+00
2.484000e-05	-5.804189e-03	-8.953129e-01
2.485000e-05	-3.059847e-03	-6.837806e-01
2.486000e-05	-2.425381e-03	-4.210713e-01
2.487000e-05	-2.969080e-03	-2.410789e-01
2.488000e-05	4.973622e-04	4.103269e-02
2.489000e-05	5.539763e-03	2.646868e-01
2.490000e-05	-8.452999e-04	5.031105e-01
2.491000e-05	-1.547414e-04	6.756354e-01
2.492000e-05	-3.488771e-03	9.020341e-01
2.493000e-05	2.377790e-03	1.105870e+00
2.494000e-05	3.023432e-03	1.387296e+00
2.495000e-05	8.084857e-03	1.601500e+00
2.496000e-05	4.120201e-02	1.892084e+00
2.497000e-05	5.849782e-02	2.104162e+00
2.498000e-05	-3.433496e-02	2.387797e+00
2.499000e-05	-4.967942e-02	2.601925e+00
2.500000e-05	-3.753780e-02	2.842029e+00
2.501000e-05	-3.128961e-02	2.980428e+00
2.502000e-05	-6.370203e-03	3.116820e+00
2.503000e-05	8.714236e-02	3.357763e+00
2.504000e-05	-7.118792e-02	3.649428e+00
2.505000e-05	3.717796e-02	3.788268e+00
2.506000e-05	8.554758e-02	4.008909e+00
2.507000e-05	-6.307524e-02	4.252630e+00
2.508000e-05	3.008605e-02	4.472584e+00
2.509000e-05	-5.164386e-02	4.664692e+00
2.510000e-05	1.749938e-03	4.937194e+00
2.511000e-05	5.825148e-02	5.189854e+00
2.512000e-05	-2.048928e-02	5.451504e+00
2.513000e-05	8.008160e-03	5.611475e+00
2.514000e-05	3.595775e-03	5.823034e+00
2.515000e-05	-4.881381e-03	6.071660e+00
2.516000e-05	1.380921e-02	6.233032e+00
2.517000e-05	-2.239454e-02	6.481979e+00
2.518000e-05	2.032924e-02	6.693534e+00
2.519000e-05	-8.975194e-04	6.893590e+00
2.520000e-05	3.916855e-02	7.084613e+00
2.521000e-05	-1.052068e-02	7.262564e+00
2.522000e-05	-2.560825e-02	7.453053e+00
2.523000e-05	3.167185e-02	7.703013e+00
2.524000e-05	-5.106602e-03	7.903112e+00
2.525000e-05	1.695296e-02	8.103684e+00
2.526000e-05	-6.728958e-03	8.293133e+00
2.527000e-05	1.897116e-02	8.450006e+00
2.528000e-05	9.112261e-03	8.587351e+00
2.529000e-05	5.785102e-04	8.727689e+00
2.530000e-05	-8.308692e-04	8.943134e+00
2.531000e-05	-1.555234e-04	9.062005e+00
2.532000e-05	2.189700e-02	9.292582e+00
2.533000e-05	7.620366e-03	9.379478e+00
2.534000e-05	4.896495e-03	9.536719e+00
2.535000e-05	7.529984e-03	9.693214e+00
2.536000e-05	1.145757e-02	9.871483e+00
2.537000e-05	7.408103e-03	1.000038e+01
2.538000e-05	-1.107777e-03	1.015569e+01
2.539000e-05	6.862019e-03	1.026208e+01
2.540000e-05	1.510489e-02	1.038090e+01
2.541000e-05	1.407015e-02	1.051527e+01
2.542000e-05	6.689152e-03	1.068400e+01
2.543000e-05	6.421593e-03	1.081883e+01
2.544000e-05	1.191278e-02	1.092521e+01
2.545000e-05	1.071038e-02	1.100892e+01
2.546000e-05	5.350767e-03	1.113371e+01
2.547000e-05	6.917595e-03	1.123246e+01
2.548000e-05	1.402619e-02	1.135619e+01
2.549000e-05	1.398753e-02	1.143103e+01
2.550000e-05	8.551111e-03	1.155321e+01
2.551000e-05	7.916732e-03	1.166248e+01
2.552000e-05	1.228270e-02	1.177779e+01
2.553000e-05	1.338108e-02	1.183043e+01
2.554000e-05	9.092034e-03	1.189316e+01
2.555000e-05	1.030112e-02	1.195827e+01
2.556000e-05	1.469483e-02	1.206055e+01
2.557000e-05	1.495734e-02	1.211314e+01
2.558000e-05	9.742024e-03	1.213682e+01
2.559000e-05	8.847125e-03	1.222042e+01
2.560000e-05	1.332305e-02	1.228205e+01
2.561000e-05	1.617121e-02	1.230569e+01
2.562000e-05	1.329769e-02	1.238826e+01
2.563000e-05	1.191057e-02	1.241038e+01
2.564000e-05	1.555380e-02	1.245148e+01
2.565000e-05	1.646793e-02	1.248314e+01
2.566000e-05	1.479252e-02	1.250416e+01
2.567000e-05	1.134242e-02	1.252469e+01
2.568000e-05	1.531877e-02	1.251521e+01
2.569000e-05	1.963449e-02	1.252727e+01
2.570000e-05	1.697738e-02	1.254676e+01
2.571000e-05	1.489737e-02	1.253574e+01
2.572000e-05	1.703836e-02	1.254624e+01
2.573000e-05	2.093201e-02	1.253674e+01
2.574000e-05	1.945599e-02	1.252572e+01
2.575000e-05	1.823690e-02	1.249518e+01
2.576000e-05	2.023731e-02	1.251523e+01
2.577000e-05	2.280141e-02	1.248143e+01
2.578000e-05	2.331597e-02	1.245945e+01
2.579000e-05	2.037576e-02	1.239832e+01
2.580000e-05	2.140429e-02	1.235634e+01
2.581000e-05	2.625662e-02	1.227321e+01
2.582000e-05	2.688416e-02	1.225098e+01
2.583000e-05	2.395266e-02	1.218950e+01
2.584000e-05	2.499828e-02	1.215627e+01
2.585000e-05	2.945693e-02	1.206305e+01
2.586000e-05	2.990940e-02	1.201794e+01
2.587000e-05	2.870517e-02	1.191577e+01
2.588000e-05	2.809937e-02	1.188360e+01
2.589000e-05	3.284244e-02	1.179740e+01
2.590000e-05	3.423909e-02	1.170574e+01
2.591000e-05	3.468475e-02	1.160897e+01
2.592000e-05	3.431087e-02	1.151363e+01
2.593000e-05	3.709198e-02	1.138994e+01
2.594000e-05	4.006301e-02	1.135465e+01
2.595000e-05	3.816353e-02	1.117947e+01
2.596000e-05	3.689041e-02	1.108158e+01
2.597000e-05	3.964094e-02	1.096839e+01
2.598000e-05	4.386497e-02	1.092271e+01
2.599000e-05	4.225632e-02	1.077687e+01
2.600000e-05	3.870288e-02	1.060950e+01
2.601000e-05	3.942156e-02	1.050374e+01
2.602000e-05	4.189713e-02	1.036689e+01
2.603000e-05	3.986886e-02	1.021157e+01
2.604000e-05	3.673813e-02	1.015426e+01
2.605000e-05	3.538903e-02	1.002832e+01
2.606000e-05	3.802765e-02	9.788474e+00
2.607000e-05	3.524956e-02	9.671600e+00
2.608000e-05	3.110726e-02	9.485681e+00
2.609000e-05	2.928142e-02	9.367938e+00
2.610000e-05	3.007440e-02	9.190099e+00
2.611000e-05	2.955539e-02	9.063052e+00
2.612000e-05	2.588211e-02	8.873628e+00
2.613000e-05	2.396182e-02	8.714137e+00
2.614000e-05	2.529697e-02	8.566317e+00
2.615000e-05	2.408717e-02	8.419945e+00
2.616000e-05	1.993006e-02	8.239097e+00
2.617000e-05	1.737160e-02	8.038496e+00
2.618000e-05	1.778849e-02	7.840125e+00
2.619000e-05	1.873512e-02	7.630677e+00
2.620000e-05	1.579721e-02	7.491126e+00
2.621000e-05	1.306849e-02	7.222097e+00
2.622000e-05	1.353902e-02	7.050155e+00
2.623000e-05	1.444954e-02	6.871606e+00
2.624000e-05	1.170681e-02	6.704731e+00
2.625000e-05	8.434677e-03	6.442123e+00
2.626000e-05	7.811129e-03	6.223128e+00
2.627000e-05	1.030058e-02	6.103130e+00
2.628000e-05	7.929646e-03	5.894209e+00
2.629000e-05	5.043255e-03	5.631077e+00
2.630000e-05	4.595175e-03	5.421646e+00
2.631000e-05	6.860912e-03	5.200596e+00
2.632000e-05	5.116717e-03	4.946812e+00
2.633000e-05	2.742258e-03	4.704212e+00
2.634000e-05	2.819223e-03	4.525732e+00
2.635000e-05	4.465774e-03	4.334386e+00
2.636000e-05	2.968542e-03	4.003578e+00
2.637000e-05	1.041701e-03	3.841604e+00
2.638000e-05	-6.811096e-04	3.641050e+00
2.639000e-05	1.443746e-03	3.399095e+00
2.640000e-05	1.006052e-03	3.177893e+00
2.641000e-05	-9.089269e-04	2.976366e+00
2.642000e-05	-1.988392e-03	2.765914e+00
2.643000e-05	-1.512394e-04	2.474637e+00
2.644000e-05	-5.076630e-04	2.283128e+00
2.645000e-05	-1.590167e-03	2.053653e+00
2.646000e-05	-4.401743e-03	1.842704e+00
2.647000e-05	-3.365076e-03	1.609545e+00
2.648000e-05	-1.880417e-03	1.347390e+00
2.649000e-05	-3.408883e-03	1.103907e+00
2.650000e-05	-4.996258e-03	7.900738e-01
2.651000e-05	-3.284246e-03	6.200461e-01
2.652000e-05	-2.611624e-03	3.794961e-01
2.653000e-05	-2.442470e-03	1.658920e-01
2.654000e-05	-1.758020e-03	-7.418928e-02
2.655000e-05	3.276727e-03	-3.046894e-01
2.656000e-05	-2.654235e-03	-5.036842e-01
2.657000e-05	-9.436562e-04	-7.558437e-01
2.658000e-05	-7.212966e-03	-9.273236e-01
2.659000e-05	-3.380263e-03	-1.149365e+00
2.660000e-05	-2.606459e-03	-1.378496e+00
2.661000e-05	2.109487e-02	-1.621929e+00
2.662000e-05	7.275588e-02	-1.768953e+00
2.663000e-05	-8.405624e-03	-2.043087e+00
2.664000e-05	-6.128748e-02	-2.392003e+00
2.665000e-05	-4.790648e-02	-2.685113e+00
2.666000e-05	-6.304820e-02	-2.862108e+00
2.667000e-05	1.492002e-02	-3.064085e+00
2.668000e-05	1.041915e-01	-3.230379e+00
2.669000e-05	-1.325089e-01	-3.402532e+00
2.670000e-05	6.971882e-02	-3.660980e+00
2.671000e-05	5.518043e-02	-3.788903e+00
2.672000e-05	-9.112286e-02	-4.066171e+00
2.673000e-05	8.030449e-02	-4.293762e+00
2.674000e-05	-1.340989e-01	-4.453688e+00
2.675000e-05	5.852559e-03	-4.749321e+00
2.676000e-05	9.479331e-02	-4.905265e+00
2.677000e-05	-7.837642e-02	-5.188875e+00
2.678000e-05	6.000939e-02	-5.421479e+00
2.679000e-05	-6.202318e-02	-5.633589e+00
2.680000e-05	-3.870375e-03	-5.875686e+00
2.681000e-05	4.943664e-02	-6.041957e+00
2.682000e-05	-1.150552e-01	-6.274618e+00
2.683000e-05	6.460141e-02	-6.464108e+00
2.684000e-05	-3.425430e-02	-6.724113e+00
2.685000e-05	5.498768e-02	-6.883662e+00
2.686000e-05	-3.213218e-02	-7.056683e+00
2.687000e-05	-8.100473e-02	-7.296767e+00
2.688000e-05	7.375655e-02	-7.453635e+00
2.689000e-05	-6.142887e-02	-7.708167e+00
2.690000e-05	3.709150e-02	-7.954312e+00
2.691000e-05	-5.404221e-02	-8.106163e+00
2.692000e-05	1.429827e-02	-8.274709e+00
2.693000e-05	2.186058e-02	-8.420457e+00
2.694000e-05	-5.268707e-02	-8.610578e+00
2.695000e-05	2.763513e-03	-8.790455e+00
2.696000e-05	-4.408260e-02	-8.976396e+00
2.697000e-05	4.020752e-02	-9.106191e+00
2.698000e-05	-3.159264e-02	-9.242485e+00
2.699000e-05	-1.330202e-02	-9.432954e+00
2.700000e-05	-9.974677e-03	-9.619850e+00
2.701000e-05	-6.856256e-03	-9.745319e+00
2.702000e-05	2.943423e-04	-9.894086e+00
2.703000e-05	-4.444926e-02	-1.001043e+01
2.704000e-05	1.628912e-03	-1.015735e+01
2.705000e-05	-1.202735e-02	-1.033772e+01
2.706000e-05	4.194956e-03	-1.044356e+01
2.707000e-05	-3.251355e-02	-1.056932e+01
2.708000e-05	-1.290257e-02	-1.070464e+01
2.709000e-05	-5.818351e-03	-1.076893e+01
2.710000e-05	-9.408479e-03	-1.090522e+01
2.711000e-05	-2.354912e-02	-1.104050e+01
2.712000e-05	-2.388461e-02	-1.115587e+01
2.713000e-05	-9.729919e-04	-1.126446e+01
2.714000e-05	-1.241443e-02	-1.135871e+01
2.715000e-05	-1.612384e-02	-1.149366e+01
2.716000e-05	-2.744585e-02	-1.157875e+01
2.717000e-05	-6.109942e-03	-1.169371e+01
2.718000e-05	-1.258106e-02	-1.177879e+01
2.719000e-05	-1.923016e-02	-1.187258e+01
2.720000e-05	-2.422273e-02	-1.195674e+01
2.721000e-05	-1.202198e-02	-1.206208e+01
2.722000e-05	-9.922394e-03	-1.207461e+01
2.723000e-05	-2.121732e-02	-1.214637e+01
2.724000e-05	-2.284955e-02	-1.218047e+01
2.725000e-05	-1.816797e-02	-1.225298e+01
2.726000e-05	-1.154676e-02	-1.231469e+01
2.727000e-05	-2.050834e-02	-1.234621e+01
2.728000e-05	-2.469623e-02	-1.238889e+01
2.729000e-05	-1.920223e-02	-1.243995e+01
2.730000e-05	-1.399115e-02	-1.245205e+01
2.731000e-05	-2.052228e-02	-1.248410e+01
2.732000e-05	-2.650283e-02	-1.248374e+01
2.733000e-05	-2.184479e-02	-1.251674e+01
2.734000e-05	-1.463295e-02	-1.253784e+01
2.735000e-05	-2.177775e-02	-1.254784e+01
2.736000e-05	-2.607624e-02	-1.253890e+01
2.737000e-05	-2.554763e-02	-1.255887e+01
2.738000e-05	-1.955373e-02	-1.258782e+01
2.739000e-05	-2.423037e-02	-1.253777e+01
2.740000e-05	-2.865747e-02	-1.253637e+01
2.741000e-05	-2.780757e-02	-1.252779e+01
2.742000e-05	-2.420810e-02	-1.251518e+01
2.743000e-05	-2.487932e-02	-1.249360e+01
2.744000e-05	-3.032093e-02	-1.246312e+01
2.745000e-05	-3.072245e-02	-1.241838e+01
2.746000e-05	-2.833955e-02	-1.233582e+01
2.747000e-05	-2.780090e-02	-1.232571e+01
2.748000e-05	-3.175013e-02	-1.227311e+01
2.749000e-05	-3.499213e-02	-1.222152e+01
2.750000e-05	-3.228400e-02	-1.214789e+01
2.751000e-05	-3.254421e-02	-1.212524e+01
2.752000e-05	-3.584920e-02	-1.210160e+01
2.753000e-05	-3.836703e-02	-1.195837e+01
2.754000e-05	-3.667654e-02	-1.192223e+01
2.755000e-05	-3.669415e-02	-1.178945e+01
2.756000e-05	-3.912210e-02	-1.169616e+01
2.757000e-05	-4.356638e-02	-1.162157e+01
2.758000e-05	-4.262715e-02	-1.149529e+01
2.759000e-05	-4.180652e-02	-1.145040e+01
2.760000e-05	-4.408314e-02	-1.125368e+01
2.761000e-05	-4.732219e-02	-1.117996e+01
2.762000e-05	-4.669232e-02	-1.106123e+01
2.763000e-05	-4.581880e-02	-1.093582e+01
2.764000e-05	-4.661753e-02	-1.084153e+01
2.765000e-05	-4.918288e-02	-1.074732e+01
2.766000e-05	-4.766537e-02	-1.062105e+01
2.767000e-05	-4.569907e-02	-1.052471e+01
2.768000e-05	-4.505575e-02	-1.038900e+01
2.769000e-05	-4.654965e-02	-1.024007e+01
2.770000e-05	-4.642072e-02	-1.008478e+01
2.771000e-05	-4.363978e-02	-9.936365e+00
2.772000e-05	-4.154713e-02	-9.820949e+00
2.773000e-05	-4.189973e-02	-9.663258e+00
2.774000e-05	-4.060878e-02	-9.536888e+00
2.775000e-05	-3.821151e-02	-9.388441e+00
2.776000e-05	-3.496359e-02	-9.222549e+00
2.777000e-05	-3.554834e-02	-9.102580e+00
2.778000e-05	-3.584608e-02	-8.895287e+00
2.779000e-05	-3.317230e-02	-8.755839e+00
2.780000e-05	-2.960344e-02	-8.539412e+00
2.781000e-05	-2.849850e-02	-8.388394e+00
2.782000e-05	-2.896785e-02	-8.231999e+00
2.783000e-05	-2.747458e-02	-8.062630e+00
2.784000e-05	-2.409027e-02	-7.850604e+00
2.785000e-05	-2.363758e-02	-7.632552e+00
2.786000e-05	-2.426858e-02	-7.422624e+00
2.787000e-05	-2.281523e-02	-7.264205e+00
2.788000e-05	-2.094037e-02	-7.062229e+00
2.789000e-05	-1.973532e-02	-6.830103e+00
2.790000e-05	-1.980094e-02	-6.651679e+00
2.791000e-05	-1.843079e-02	-6.514181e+00
2.792000e-05	-1.645974e-02	-6.273105e+00
2.793000e-05	-1.608465e-02	-6.042103e+00
2.794000e-05	-1.563667e-02	-5.833101e+00
2.795000e-05	-1.514917e-02	-5.632679e+00
2.796000e-05	-1.331193e-02	-5.430600e+00
2.797000e-05	-1.406599e-02	-5.178494e+00
2.798000e-05	-1.225612e-02	-4.945486e+00
2.799000e-05	-1.401256e-02	-4.663682e+00
2.800000e-05	-1.187828e-02	-4.453838e+00
2.801000e-05	-1.048638e-02	-4.324861e+00
2.802000e-05	-8.939548e-03	-4.114708e+00
2.803000e-05	-1.016953e-02	-3.904785e+00
2.804000e-05	-8.467129e-03	-3.654153e+00
2.805000e-05	-9.084992e-03	-3.392527e+00
2.806000e-05	-7.036529e-03	-3.222078e+00
2.807000e-05	-1.012069e-02	-2.958922e+00
2.808000e-05	-7.930617e-03	-2.748891e+00
2.809000e-05	-8.594944e-03	-2.536365e+00
2.810000e-05	-5.106132e-03	-2.335359e+00
2.811000e-05	-6.566216e-03	-2.033604e+00
2.812000e-05	-5.057279e-03	-1.842153e+00
2.813000e-05	-6.288004e-03	-1.610601e+00
2.814000e-05	-3.962981e-03	-1.369943e+00
2.815000e-05	-7.514798e-03	-1.094784e+00
2.816000e-05	-5.283529e-03	-9.142365e-01
2.817000e-05	-6.484645e-03	-6.441269e-01
2.818000e-05	-2.524196e-03	-3.994474e-01
2.819000e-05	-1.689839e-03	-1.905449e-01
2.820000e-05	4.525731e-03	1.050263e-02
2.821000e-05	4.027192e-03	2.621882e-01
2.822000e-05	-3.681561e-04	4.857169e-01
2.823000e-05	4.457584e-04	7.161907e-01
2.824000e-05	-3.838086e-03	8.927853e-01
2.825000e-05	-6.278438e-04	1.187345e+00
2.826000e-05	8.055331e-04	1.418949e+00
2.827000e-05	1.297649e-02	1.619988e+00
2.828000e-05	4.903959e-02	1.863062e+00
2.829000e-05	5.322313e-02	2.115740e+00
2.830000e-05	-4.646373e-02	2.397828e+00
2.831000e-05	-4.573792e-02	2.602008e+00
2.832000e-05	-3.498090e-02	2.843559e+00
2.833000e-05	-3.417420e-02	3.009922e+00
2.834000e-05	2.981142e-03	3.138372e+00
2.835000e-05	8.332455e-02	3.379822e+00
2.836000e-05	-8.059701e-02	3.630481e+00
2.837000e-05	6.597002e-02	3.788799e+00
2.838000e-05	6.007222e-02	4.050502e+00
2.839000e-05	-5.763514e-02	4.254084e+00
2.840000e-05	3.440407e-02	4.502613e+00
2.841000e-05	-6.286138e-02	4.727191e+00
2.842000e-05	1.741365e-02	4.955821e+00
2.843000e-05	4.723388e-02	5.210881e+00
2.844000e-05	-1.783517e-02	5.450705e+00
2.845000e-05	1.188629e-02	5.652508e+00
2.846000e-05	-1.274869e-03	5.872611e+00
2.847000e-05	-1.855902e-03	6.082109e+00
2.848000e-05	1.272680e-02	6.273612e+00
2.849000e-05	-1.793859e-02	6.443560e+00
2.850000e-05	1.947816e-02	6.706736e+00
2.851000e-05	-2.507022e-03	6.964642e+00
2.852000e-05	4.194758e-02	7.084113e+00
2.853000e-05	-1.812186e-02	7.273688e+00
2.854000e-05	-1.995936e-02	7.464609e+00
2.855000e-05	3.061597e-02	7.713639e+00
2.856000e-05	-4.980509e-03	7.937164e+00
2.857000e-05	2.125300e-02	8.134689e+00
2.858000e-05	-9.226504e-03	8.293713e+00
2.859000e-05	2.261465e-02	8.462508e+00
2.860000e-05	5.147197e-03	8.580033e+00
2.861000e-05	4.923296e-03	8.768247e+00
2.862000e-05	-3.209574e-03	8.903222e+00
2.863000e-05	7.228178e-04	9.115188e+00
2.864000e-05	2.111436e-02	9.302029e+00
2.865000e-05	6.509717e-03	9.410527e+00
2.866000e-05	8.119609e-03	9.556768e+00
2.867000e-05	4.056204e-03	9.714238e+00
2.868000e-05	1.377344e-02	9.904080e+00
2.869000e-05	6.262546e-03	1.005988e+01
2.870000e-05	1.493208e-03	1.012682e+01
2.871000e-05	5.364117e-03	1.030411e+01
2.872000e-05	1.360694e-02	1.046040e+01
2.873000e-05	1.423175e-02	1.055532e+01
2.874000e-05	7.802013e-03	1.064155e+01
2.875000e-05	5.509726e-03	1.081943e+01
2.876000e-05	1.087176e-02	1.091519e+01
2.877000e-05	9.969200e-03	1.100050e+01
2.878000e-05	7.529885e-03	1.114669e+01
2.879000e-05	6.952323e-03	1.124052e+01
2.880000e-05	1.236689e-02	1.133637e+01
2.881000e-05	1.465042e-02	1.142156e+01
2.882000e-05	1.000681e-02	1.152734e+01
2.883000e-05	7.504286e-03	1.170054e+01
2.884000e-05	8.297177e-03	1.176730e+01
2.885000e-05	1.227553e-02	1.183053e+01
2.886000e-05	1.063763e-02	1.191511e+01
2.887000e-05	9.587983e-03	1.199735e+01
2.888000e-05	1.306840e-02	1.207008e+01
2.889000e-05	1.481092e-02	1.208566e+01
2.890000e-05	1.290985e-02	1.215782e+01
2.891000e-05	1.013246e-02	1.222948e+01
2.892000e-05	1.116423e-02	1.226258e+01
2.893000e-05	1.334792e-02	1.232424e+01
2.894000e-05	1.437119e-02	1.240575e+01
2.895000e-05	1.196287e-02	1.240781e+01
2.896000e-05	1.363066e-02	1.245993e+01
2.897000e-05	1.559390e-02	1.248304e+01
2.898000e-05	1.635498e-02	1.250371e+01
2.899000e-05	1.419449e-02	1.251373e+01
2.900000e-05	1.497643e-02	1.256519e+01
2.901000e-05	1.780017e-02	1.255624e+01
2.902000e-05	1.743828e-02	1.252632e+01
2.903000e-05	1.584653e-02	1.254626e+01
2.904000e-05	1.656644e-02	1.254624e+01
2.905000e-05	1.708740e-02	1.250682e+01
2.906000e-05	2.040297e-02	1.249574e+01
2.907000e-05	1.863380e-02	1.251469e+01
2.908000e-05	2.101141e-02	1.248366e+01
2.909000e-05	2.306768e-02	1.252160e+01
2.910000e-05	2.438398e-02	1.241693e+01
2.911000e-05	2.236122e-02	1.241837e+01
2.912000e-05	2.258840e-02	1.233626e+01
2.913000e-05	2.261478e-02	1.228313e+01
2.914000e-05	2.417238e-02	1.222200e+01
2.915000e-05	2.475426e-02	1.220894e+01
2.916000e-05	2.568497e-02	1.214626e+01
2.917000e-05	2.938745e-02	1.213358e+01
2.918000e-05	3.057334e-02	1.203042e+01
2.919000e-05	3.213347e-02	1.197631e+01
2.920000e-05	2.915613e-02	1.185955e+01
2.921000e-05	3.163999e-02	1.181844e+01
2.922000e-05	3.106671e-02	1.171519e+01
2.923000e-05	3.362754e-02	1.162935e+01
2.924000e-05	3.597446e-02	1.151510e+01
2.925000e-05	3.784796e-02	1.139947e+01
2.926000e-05	4.039113e-02	1.128258e+01
2.927000e-05	3.892939e-02	1.116739e+01
2.928000e-05	3.973822e-02	1.105356e+01
2.929000e-05	3.949449e-02	1.098684e+01
2.930000e-05	4.122019e-02	1.087216e+01
2.931000e-05	3.876121e-02	1.079579e+01
2.932000e-05	4.006438e-02	1.060945e+01
2.933000e-05	3.893582e-02	1.048313e+01
2.934000e-05	3.986863e-02	1.034535e+01
2.935000e-05	3.943397e-02	1.020107e+01
2.936000e-05	3.832782e-02	1.010216e+01
2.937000e-05	3.697924e-02	9.926745e+00
2.938000e-05	3.575341e-02	9.808945e+00
2.939000e-05	3.493629e-02	9.619553e+00
2.940000e-05	3.098154e-02	9.473657e+00
2.941000e-05	2.987424e-02	9.326816e+00
2.942000e-05	2.823547e-02	9.238498e+00
2.943000e-05	2.786528e-02	9.029504e+00
2.944000e-05	2.549082e-02	8.863156e+00
2.945000e-05	2.479560e-02	8.723085e+00
2.946000e-05	2.430187e-02	8.513816e+00
2.947000e-05	2.359707e-02	8.359393e+00
2.948000e-05	2.047949e-02	8.208995e+00
2.949000e-05	1.919651e-02	8.059596e+00
2.950000e-05	1.690961e-02	7.829522e+00
2.951000e-05	1.632173e-02	7.640151e+00
2.952000e-05	1.499578e-02	7.430051e+00
2.953000e-05	1.317438e-02	7.208672e+00
2.954000e-05	1.331026e-02	7.011079e+00
2.955000e-05	1.342675e-02	6.811081e+00
2.956000e-05	1.183184e-02	6.670602e+00
2.957000e-05	1.016748e-02	6.440549e+00
2.958000e-05	8.706648e-03	6.231103e+00
2.959000e-05	7.232481e-03	6.031605e+00
2.960000e-05	6.487454e-03	5.832135e+00
2.961000e-05	5.752112e-03	5.650475e+00
2.962000e-05	5.678361e-03	5.419549e+00
2.963000e-05	5.976936e-03	5.198521e+00
2.964000e-05	5.514483e-03	4.927213e+00
2.965000e-05	4.605352e-03	4.733660e+00
2.966000e-05	3.566488e-03	4.462184e+00
2.967000e-05	2.700668e-03	4.303711e+00
2.968000e-05	1.952153e-03	4.010527e+00
2.969000e-05	5.657556e-04	3.830522e+00
2.970000e-05	-1.172664e-04	3.599001e+00
2.971000e-05	8.521578e-04	3.389019e+00
2.972000e-05	1.070730e-03	3.174868e+00
2.973000e-05	-1.103702e-04	2.965418e+00
2.974000e-05	-5.131261e-04	2.724842e+00
2.975000e-05	-9.899778e-04	2.472207e+00
2.976000e-05	-8.994192e-04	2.250556e+00
2.977000e-05	-2.027686e-03	2.031053e+00
2.978000e-05	-2.969817e-03	1.830129e+00
2.979000e-05	-2.708217e-03	1.567395e+00
2.980000e-05	-2.501672e-03	1.324816e+00
2.981000e-05	-2.562194e-03	1.113704e+00
2.982000e-05	-3.304423e-03	7.900686e-01
2.983000e-05	-3.506271e-03	5.784697e-01
2.984000e-05	-2.890483e-03	3.795171e-01
2.985000e-05	-3.053469e-03	1.554117e-01
2.986000e-05	1.317828e-05	-1.267883e-01
2.987000e-05	3.150587e-03	-2.957895e-01
2.988000e-05	-2.813805e-03	-4.971917e-01
2.989000e-05	-1.395774e-03	-7.474438e-01
2.990000e-05	-5.380331e-03	-9.393248e-01
2.991000e-05	-1.536337e-03	-1.169821e+00
2.992000e-05	-2.444928e-03	-1.400026e+00
2.993000e-05	2.597753e-02	-1.621555e+00
2.994000e-05	7.392364e-02	-1.821004e+00
2.995000e-05	-2.303007e-02	-2.116136e+00
2.996000e-05	-5.672836e-02	-2.452535e+00
2.997000e-05	-5.078960e-02	-2.687741e+00
2.998000e-05	-6.178025e-02	-2.855088e+00
2.999000e-05	3.615533e-02	-3.095608e+00
3.000000e-05	8.532464e-02	-3.240557e+00
3.001000e-05	-1.411740e-01	-3.463658e+00
3.002000e-05	1.045893e-01	-3.651003e+00
3.003000e-05	2.377798e-02	-3.802080e+00
3.004000e-05	-7.073595e-02	-4.137793e+00
3.005000e-05	7.202980e-02	-4.295238e+00
3.006000e-05	-1.490061e-01	-4.544689e+00
3.007000e-05	4.164042e-02	-4.747896e+00
3.008000e-05	6.955446e-02	-4.935821e+00
3.009000e-05	-7.377011e-02	-5.201506e+00
3.010000e-05	6.455387e-02	-5.453133e+00
3.011000e-05	-7.584420e-02	-5.694109e+00
3.012000e-05	2.215583e-02	-5.874186e+00
3.013000e-05	2.470149e-02	-6.123484e+00
3.014000e-05	-1.071326e-01	-6.288766e+00
3.015000e-05	7.092071e-02	-6.534236e+00
3.016000e-05	-4.416435e-02	-6.706218e+00
3.017000e-05	6.834614e-02	-6.926287e+00
3.018000e-05	-5.930121e-02	-7.126214e+00
3.019000e-05	-5.297807e-02	-7.358819e+00
3.020000e-05	6.417836e-02	-7.512632e+00
3.021000e-05	-6.357399e-02	-7.718820e+00
3.022000e-05	4.031173e-02	-7.978816e+00
3.023000e-05	-6.328798e-02	-8.116717e+00
3.024000e-05	3.391626e-02	-8.295711e+00
3.025000e-05	3.373145e-03	-8.433485e+00
3.026000e-05	-4.505082e-02	-8.601507e+00
3.027000e-05	-1.573871e-03	-8.820951e+00
3.028000e-05	-3.799588e-02	-8.999371e+00
3.029000e-05	4.229215e-02	-9.166162e+00
3.030000e-05	-4.020275e-02	-9.263737e+00
3.031000e-05	-6.074366e-03	-9.441530e+00
3.032000e-05	-1.447351e-02	-9.620400e+00
3.033000e-05	1.513446e-04	-9.768894e+00
3.034000e-05	-8.342469e-03	-9.925686e+00
3.035000e-05	-4.218099e-02	-1.003293e+01
3.036000e-05	2.222214e-03	-1.018037e+01
3.037000e-05	-1.077278e-02	-1.029921e+01
3.038000e-05	3.382064e-03	-1.049266e+01
3.039000e-05	-3.650203e-02	-1.055839e+01
3.040000e-05	-7.072979e-03	-1.069566e+01
3.041000e-05	-6.954150e-03	-1.079940e+01
3.042000e-05	-8.582271e-03	-1.094579e+01
3.043000e-05	-2.774451e-02	-1.102090e+01
3.044000e-05	-1.950243e-02	-1.117782e+01
3.045000e-05	-1.231091e-03	-1.123361e+01
3.046000e-05	-1.238465e-02	-1.138897e+01
3.047000e-05	-1.905041e-02	-1.149409e+01
3.048000e-05	-2.582586e-02	-1.156782e+01
3.049000e-05	-3.059728e-03	-1.171561e+01
3.050000e-05	-1.453967e-02	-1.175739e+01
3.051000e-05	-1.884580e-02	-1.186410e+01
3.052000e-05	-2.476080e-02	-1.197777e+01
3.053000e-05	-8.963301e-03	-1.207206e+01
3.054000e-05	-1.177509e-02	-1.210458e+01
3.055000e-05	-2.240637e-02	-1.213789e+01
3.056000e-05	-2.510776e-02	-1.220047e+01
3.057000e-05	-1.613338e-02	-1.225311e+01
3.058000e-05	-1.055039e-02	-1.231481e+01
3.059000e-05	-2.204565e-02	-1.232784e+01
3.060000e-05	-2.308619e-02	-1.236885e+01
3.061000e-05	-1.792215e-02	-1.242302e+01
3.062000e-05	-1.352907e-02	-1.246411e+01
3.063000e-05	-2.232038e-02	-1.249408e+01
3.064000e-05	-2.751936e-02	-1.251521e+01
3.065000e-05	-2.086801e-02	-1.255577e+01
3.066000e-05	-1.510668e-02	-1.253537e+01
3.067000e-05	-2.272101e-02	-1.256842e+01
3.068000e-05	-2.683354e-02	-1.259791e+01
3.069000e-05	-2.482085e-02	-1.251740e+01
3.070000e-05	-1.829175e-02	-1.255739e+01
3.071000e-05	-2.383745e-02	-1.256679e+01
3.072000e-05	-2.984005e-02	-1.254735e+01
3.073000e-05	-2.758619e-02	-1.253631e+01
3.074000e-05	-2.293508e-02	-1.251666e+01
3.075000e-05	-2.519258e-02	-1.250364e+01
3.076000e-05	-3.308156e-02	-1.246950e+01
3.077000e-05	-3.164559e-02	-1.241792e+01
3.078000e-05	-2.689395e-02	-1.236827e+01
3.079000e-05	-2.753531e-02	-1.231524e+01
3.080000e-05	-3.424523e-02	-1.228260e+01
3.081000e-05	-3.510271e-02	-1.223903e+01
3.082000e-05	-2.993188e-02	-1.218799e+01
3.083000e-05	-3.249309e-02	-1.211421e+01
3.084000e-05	-3.743380e-02	-1.205101e+01
3.085000e-05	-3.967503e-02	-1.203834e+01
3.086000e-05	-3.628646e-02	-1.188316e+01
3.087000e-05	-3.604779e-02	-1.180000e+01
3.088000e-05	-4.140025e-02	-1.171581e+01
3.089000e-05	-4.418690e-02	-1.159800e+01
3.090000e-05	-4.106273e-02	-1.150703e+01
3.091000e-05	-4.049927e-02	-1.140842e+01
3.092000e-05	-4.603922e-02	-1.124411e+01
3.093000e-05	-4.791379e-02	-1.118721e+01
3.094000e-05	-4.574211e-02	-1.106255e+01
3.095000e-05	-4.528426e-02	-1.094579e+01
3.096000e-05	-4.846278e-02	-1.083005e+01
3.097000e-05	-5.025175e-02	-1.070684e+01
3.098000e-05	-4.783136e-02	-1.065045e+01
3.099000e-05	-4.490572e-02	-1.050581e+01
3.100000e-05	-4.665873e-02	-1.035595e+01
3.101000e-05	-4.650376e-02	-1.024800e+01
3.102000e-05	-4.496708e-02	-1.006363e+01
3.103000e-05	-4.209320e-02	-9.924812e+00
3.104000e-05	-4.288064e-02	-9.829972e+00
3.105000e-05	-4.253417e-02	-9.694159e+00
3.106000e-05	-4.037838e-02	-9.494289e+00
3.107000e-05	-3.672067e-02	-9.326860e+00
3.108000e-05	-3.615036e-02	-9.199495e+00
3.109000e-05	-3.604813e-02	-9.050572e+00
3.110000e-05	-3.462293e-02	-8.863682e+00
3.111000e-05	-3.087106e-02	-8.704241e+00
3.112000e-05	-3.063530e-02	-8.526285e+00
3.113000e-05	-2.971424e-02	-8.348416e+00
3.114000e-05	-2.876156e-02	-8.209545e+00
3.115000e-05	-2.589494e-02	-8.030149e+00
3.116000e-05	-2.467178e-02	-7.860550e+00
3.117000e-05	-2.465891e-02	-7.628527e+00
3.118000e-05	-2.373422e-02	-7.411044e+00
3.119000e-05	-2.212183e-02	-7.243054e+00
3.120000e-05	-2.020076e-02	-7.021654e+00
3.121000e-05	-2.074419e-02	-6.830550e+00
3.122000e-05	-1.964861e-02	-6.602575e+00
3.123000e-05	-1.849593e-02	-6.454229e+00
3.124000e-05	-1.551098e-02	-6.243255e+00
3.125000e-05	-1.631416e-02	-6.001626e+00
3.126000e-05	-1.605095e-02	-5.820149e+00
3.127000e-05	-1.462300e-02	-5.593127e+00
3.128000e-05	-1.356591e-02	-5.420628e+00
3.129000e-05	-1.338219e-02	-5.186446e+00
3.130000e-05	-1.157491e-02	-4.885911e+00
3.131000e-05	-1.316453e-02	-4.641154e+00
3.132000e-05	-1.075699e-02	-4.463233e+00
3.133000e-05	-1.143338e-02	-4.253761e+00
3.134000e-05	-1.012343e-02	-4.063729e+00
3.135000e-05	-1.152886e-02	-3.881780e+00
3.136000e-05	-8.773570e-03	-3.640498e+00
3.137000e-05	-9.662429e-03	-3.391075e+00
3.138000e-05	-8.253206e-03	-3.179047e+00
3.139000e-05	-9.683357e-03	-2.937387e+00
3.140000e-05	-6.842670e-03	-2.695865e+00
3.141000e-05	-6.641262e-03	-2.514836e+00
3.142000e-05	-5.790525e-03	-2.283185e+00
3.143000e-05	-6.744511e-03	-2.000075e+00
3.144000e-05	-6.722571e-03	-1.799601e+00
3.145000e-05	-6.541643e-03	-1.600096e+00
3.146000e-05	-7.172090e-03	-1.296311e+00
3.147000e-05	-6.602603e-03	-1.084183e+00
3.148000e-05	-5.540482e-03	-8.211052e-01
3.149000e-05	-2.711334e-03	-6.412577e-01
3.150000e-05	-2.438729e-03	-3.380436e-01
3.151000e-05	-2.538337e-03	-1.484699e-01
3.152000e-05	1.635670e-03	6.103777e-02
3.153000e-05	3.374629e-03	3.057422e-01
3.154000e-05	-2.372345e-03	5.447934e-01
3.155000e-05	4.381004e-04	6.973146e-01
3.156000e-05	-2.721627e-03	9.367157e-01
3.157000e-05	3.015916e-03	1.179853e+00
3.158000e-05	2.202518e-03	1.400984e+00
3.159000e-05	1.340586e-02	1.673064e+00
3.160000e-05	5.204285e-02	1.914137e+00
3.161000e-05	4.391358e-02	2.147217e+00
3.162000e-05	-5.119813e-02	2.400476e+00
3.163000e-05	-4.462195e-02	2.683009e+00
3.164000e-05	-3.308427e-02	2.874035e+00
3.165000e-05	-3.444918e-02	3.029930e+00
3.166000e-05	1.781133e-02	3.159846e+00
3.167000e-05	7.183767e-02	3.390401e+00
3.168000e-05	-8.900511e-02	3.643554e+00
3.169000e-05	9.040549e-02	3.778904e+00
3.170000e-05	3.488339e-02	4.122658e+00
3.171000e-05	-4.831607e-02	4.284738e+00
3.172000e-05	3.359154e-02	4.495265e+00
3.173000e-05	-6.846802e-02	4.726242e+00
3.174000e-05	3.543987e-02	4.946295e+00
3.175000e-05	3.642357e-02	5.252509e+00
3.176000e-05	-1.905419e-02	5.502112e+00
3.177000e-05	1.501183e-02	5.693132e+00
3.178000e-05	-4.251796e-03	5.886718e+00
3.179000e-05	2.734698e-03	6.105186e+00
3.180000e-05	6.021406e-03	6.294287e+00
3.181000e-05	-1.308848e-02	6.504242e+00
3.182000e-05	2.154857e-02	6.726290e+00
3.183000e-05	-1.564566e-03	6.934767e+00
3.184000e-05	4.287571e-02	7.115188e+00
3.185000e-05	-2.878709e-02	7.337619e+00
3.186000e-05	-8.355523e-03	7.516687e+00
3.187000e-05	2.701917e-02	7.735639e+00
3.188000e-05	-5.692725e-03	7.915266e+00
3.189000e-05	1.914032e-02	8.146718e+00
3.190000e-05	-7.783940e-03	8.336743e+00
3.191000e-05	2.641743e-02	8.482607e+00
3.192000e-05	1.270246e-03	8.619925e+00
3.193000e-05	5.425878e-03	8.798296e+00
3.194000e-05	-4.312316e-03	8.916247e+00
3.195000e-05	4.660893e-03	9.085211e+00
3.196000e-05	2.059519e-02	9.303112e+00
3.197000e-05	4.796704e-03	9.419982e+00
3.198000e-05	8.183262e-03	9.598795e+00
3.199000e-05	4.847442e-03	9.746246e+00
3.200000e-05	1.356586e-02	9.903085e+00
3.201000e-05	5.163359e-03	1.006195e+01
3.202000e-05	1.761122e-03	1.015737e+01
3.203000e-05	6.350661e-03	1.031456e+01
3.204000e-05	1.379694e-02	1.042098e+01
3.205000e-05	1.317778e-02	1.053579e+01
3.206000e-05	4.815939e-03	1.068406e+01
3.207000e-05	7.799664e-03	1.084150e+01
3.208000e-05	1.025495e-02	1.093577e+01
3.209000e-05	1.028549e-02	1.101998e+01
3.210000e-05	5.282791e-03	1.114674e+01
3.211000e-05	7.907127e-03	1.125040e+01
3.212000e-05	1.305491e-02	1.136674e+01
3.213000e-05	1.345718e-02	1.144146e+01
3.214000e-05	9.027254e-03	1.156629e+01
3.215000e-05	6.737900e-03	1.168268e+01
3.216000e-05	1.142648e-02	1.175834e+01
3.217000e-05	1.147248e-02	1.187200e+01
3.218000e-05	1.013673e-02	1.190619e+01
3.219000e-05	1.029816e-02	1.197837e+01
3.220000e-05	1.408292e-02	1.203000e+01
3.221000e-05	1.345821e-02	1.209579e+01
3.222000e-05	1.123512e-02	1.216680e+01
3.223000e-05	1.028051e-02	1.223097e+01
3.224000e-05	1.296910e-02	1.229261e+01
3.225000e-05	1.427191e-02	1.236511e+01
3.226000e-05	1.265583e-02	1.239677e+01
3.227000e-05	1.346709e-02	1.239838e+01
3.228000e-05	1.409447e-02	1.248098e+01
3.229000e-05	1.603657e-02	1.247259e+01
3.230000e-05	1.438926e-02	1.253464e+01
3.231000e-05	1.371839e-02	1.252523e+01
3.232000e-05	1.541594e-02	1.252419e+01
3.233000e-05	1.733087e-02	1.252624e+01
3.234000e-05	1.674080e-02	1.253719e+01
3.235000e-05	1.672907e-02	1.254531e+01
3.236000e-05	1.653948e-02	1.252629e+01
3.237000e-05	1.982900e-02	1.252469e+01
3.238000e-05	1.915158e-02	1.253476e+01
3.239000e-05	2.058545e-02	1.253513e+01
3.240000e-05	1.996734e-02	1.249364e+01
3.241000e-05	2.183182e-02	1.247090e+01
3.242000e-05	2.360704e-02	1.244145e+01
3.243000e-05	2.281745e-02	1.236732e+01
3.244000e-05	2.272814e-02	1.231479e+01
3.245000e-05	2.406713e-02	1.229313e+01
3.246000e-05	2.536766e-02	1.224150e+01
3.247000e-05	2.634911e-02	1.219895e+01
3.248000e-05	2.574815e-02	1.214484e+01
3.249000e-05	2.752199e-02	1.207110e+01
3.250000e-05	2.933233e-02	1.198747e+01
3.251000e-05	3.037498e-02	1.192629e+01
3.252000e-05	3.079346e-02	1.184106e+01
3.253000e-05	3.273960e-02	1.179787e+01
3.254000e-05	3.326104e-02	1.172321e+01
3.255000e-05	3.466196e-02	1.164784e+01
3.256000e-05	3.678321e-02	1.146263e+01
3.257000e-05	3.822970e-02	1.136787e+01
3.258000e-05	3.898699e-02	1.130261e+01
3.259000e-05	3.881911e-02	1.115684e+01
3.260000e-05	3.887293e-02	1.106158e+01
3.261000e-05	3.987923e-02	1.095784e+01
3.262000e-05	4.119128e-02	1.085116e+01
3.263000e-05	4.106591e-02	1.073524e+01
3.264000e-05	4.080591e-02	1.059905e+01
3.265000e-05	3.990995e-02	1.049315e+01
3.266000e-05	3.983175e-02	1.035524e+01
3.267000e-05	3.759632e-02	1.020890e+01
3.268000e-05	3.689176e-02	1.009565e+01
3.269000e-05	3.579057e-02	9.936759e+00
3.270000e-05	3.582232e-02	9.787391e+00
3.271000e-05	3.414790e-02	9.611475e+00
3.272000e-05	3.260718e-02	9.471636e+00
3.273000e-05	2.976633e-02	9.294313e+00
3.274000e-05	2.888396e-02	9.177375e+00
3.275000e-05	2.709038e-02	9.008472e+00
3.276000e-05	2.529759e-02	8.851028e+00
3.277000e-05	2.405862e-02	8.691629e+00
3.278000e-05	2.311896e-02	8.525761e+00
3.279000e-05	2.203428e-02	8.364891e+00
3.280000e-05	2.036868e-02	8.168795e+00
3.281000e-05	1.911316e-02	7.998919e+00
3.282000e-05	1.771713e-02	7.819524e+00
3.283000e-05	1.580488e-02	7.611050e+00
3.284000e-05	1.486070e-02	7.400124e+00
3.285000e-05	1.355598e-02	7.178896e+00
3.286000e-05	1.195287e-02	6.978945e+00
3.287000e-05	1.278139e-02	6.800575e+00
3.288000e-05	1.050579e-02	6.618999e+00
3.289000e-05	1.028726e-02	6.388946e+00
3.290000e-05	8.228049e-03	6.158999e+00
3.291000e-05	8.667173e-03	5.991626e+00
3.292000e-05	7.608363e-03	5.860552e+00
3.293000e-05	5.714521e-03	5.598469e+00
3.294000e-05	5.240762e-03	5.400500e+00
3.295000e-05	5.326901e-03	5.146465e+00
3.296000e-05	4.251958e-03	4.864760e+00
3.297000e-05	3.307804e-03	4.653134e+00
3.298000e-05	2.546426e-03	4.432634e+00
3.299000e-05	2.609418e-03	4.280633e+00
3.300000e-05	2.133685e-03	4.029046e+00
3.301000e-05	1.511257e-03	3.809000e+00
3.302000e-05	1.588196e-03	3.588997e+00
3.303000e-05	6.236409e-04	3.386818e+00
3.304000e-05	7.205913e-04	3.136313e+00
3.305000e-05	-7.979542e-04	2.924336e+00
3.306000e-05	-1.721068e-03	2.714867e+00
3.307000e-05	-1.873018e-03	2.441528e+00
3.308000e-05	-2.071687e-03	2.230097e+00
3.309000e-05	-1.948343e-03	1.990027e+00
3.310000e-05	-2.717223e-03	1.808542e+00
3.311000e-05	-2.339314e-03	1.525288e+00
3.312000e-05	-2.865864e-03	1.315263e+00
3.313000e-05	-2.589240e-03	1.039604e+00
3.314000e-05	-4.379019e-03	8.079924e-01
3.315000e-05	-3.390337e-03	5.368446e-01
3.316000e-05	-2.631693e-03	3.559420e-01
3.317000e-05	-2.972181e-03	1.026579e-01
3.318000e-05	4.155830e-04	-1.267447e-01
3.319000e-05	2.380523e-03	-3.487897e-01
3.320000e-05	-4.039379e-03	-5.496895e-01
3.321000e-05	-1.031335e-03	-8.194288e-01
3.322000e-05	-4.327668e-03	-9.589236e-01
3.323000e-05	-2.112933e-03	-1.179924e+00
3.324000e-05	-1.908618e-03	-1.433455e+00
3.325000e-05	3.222935e-02	-1.653607e+00
3.326000e-05	7.262787e-02	-1.832082e+00
3.327000e-05	-3.699514e-02	-2.116742e+00
3.328000e-05	-5.324466e-02	-2.485688e+00
3.329000e-05	-5.383270e-02	-2.726816e+00
3.330000e-05	-5.864931e-02	-2.935667e+00
3.331000e-05	5.657287e-02	-3.095684e+00
3.332000e-05	6.123950e-02	-3.261058e+00
3.333000e-05	-1.385270e-01	-3.476213e+00
3.334000e-05	1.334808e-01	-3.672605e+00
3.335000e-05	-1.034267e-02	-3.846007e+00
3.336000e-05	-4.777311e-02	-4.137324e+00
3.337000e-05	5.589496e-02	-4.327268e+00
3.338000e-05	-1.575946e-01	-4.528292e+00
3.339000e-05	7.214122e-02	-4.790398e+00
3.340000e-05	4.243770e-02	-4.976842e+00
3.341000e-05	-6.149307e-02	-5.211552e+00
3.342000e-05	6.267099e-02	-5.512136e+00
3.343000e-05	-8.599392e-02	-5.726691e+00
3.344000e-05	4.373144e-02	-5.915790e+00
3.345000e-05	-3.009461e-03	-6.143638e+00
3.346000e-05	-9.158735e-02	-6.388767e+00
3.347000e-05	6.949190e-02	-6.545291e+00
3.348000e-05	-4.786566e-02	-6.728667e+00
3.349000e-05	7.804568e-02	-6.946820e+00
3.350000e-05	-8.376737e-02	-7.167248e+00
3.351000e-05	-2.628671e-02	-7.368370e+00
3.352000e-05	4.940503e-02	-7.536195e+00
3.353000e-05	-5.818814e-02	-7.778897e+00
3.354000e-05	3.975940e-02	-7.987246e+00
3.355000e-05	-6.970784e-02	-8.135271e+00
3.356000e-05	4.852060e-02	-8.335638e+00
3.357000e-05	-1.377142e-02	-8.492034e+00
3.358000e-05	-3.503385e-02	-8.642086e+00
3.359000e-05	-1.041373e-02	-8.851580e+00
3.360000e-05	-2.968892e-02	-8.979951e+00
3.361000e-05	4.154942e-02	-9.137743e+00
3.362000e-05	-4.645146e-02	-9.335182e+00
3.363000e-05	1.291930e-03	-9.473557e+00
3.364000e-05	-2.042139e-02	-9.631930e+00
3.365000e-05	6.480471e-03	-9.769297e+00
3.366000e-05	-1.835395e-02	-9.905637e+00
3.367000e-05	-3.612975e-02	-1.004203e+01
3.368000e-05	2.008038e-03	-1.018892e+01
3.369000e-05	-8.074135e-03	-1.036734e+01
3.370000e-05	6.091569e-04	-1.047314e+01
3.371000e-05	-3.709244e-02	-1.055888e+01
3.372000e-05	-3.614916e-03	-1.073622e+01
3.373000e-05	-9.543216e-03	-1.082093e+01
3.374000e-05	-8.031121e-03	-1.096524e+01
3.375000e-05	-3.054923e-02	-1.105103e+01
3.376000e-05	-1.390076e-02	-1.114732e+01
3.377000e-05	-2.705692e-03	-1.128313e+01
3.378000e-05	-1.269987e-02	-1.142000e+01
3.379000e-05	-2.179417e-02	-1.148411e+01
3.380000e-05	-2.458875e-02	-1.158775e+01
3.381000e-05	-2.936529e-03	-1.167424e+01
3.382000e-05	-1.665387e-02	-1.176892e+01
3.383000e-05	-1.917759e-02	-1.187360e+01
3.384000e-05	-2.391382e-02	-1.196529e+01
3.385000e-05	-6.200568e-03	-1.200396e+01
3.386000e-05	-1.481802e-02	-1.211516e+01
3.387000e-05	-2.218920e-02	-1.212789e+01
3.388000e-05	-2.544408e-02	-1.222000e+01
3.389000e-05	-1.323195e-02	-1.226411e+01
3.390000e-05	-1.326919e-02	-1.232463e+01
3.391000e-05	-2.276752e-02	-1.235674e+01
3.392000e-05	-2.119447e-02	-1.239837e+01
3.393000e-05	-1.599488e-02	-1.243245e+01
3.394000e-05	-1.306335e-02	-1.246116e+01
3.395000e-05	-2.437850e-02	-1.250361e+01
3.396000e-05	-2.732473e-02	-1.251731e+01
3.397000e-05	-2.045168e-02	-1.251689e+01
3.398000e-05	-1.684931e-02	-1.256729e+01
3.399000e-05	-2.382268e-02	-1.255792e+01
3.400000e-05	-2.540596e-02	-1.255692e+01
3.401000e-05	-2.228552e-02	-1.254687e+01
3.402000e-05	-1.802609e-02	-1.254732e+01
3.403000e-05	-2.661588e-02	-1.255834e+01
3.404000e-05	-3.012357e-02	-1.253536e+01
3.405000e-05	-2.754117e-02	-1.254424e+01
3.406000e-05	-2.293000e-02	-1.249576e+01
3.407000e-05	-2.767212e-02	-1.249361e+01
3.408000e-05	-3.247613e-02	-1.245005e+01
3.409000e-05	-2.856364e-02	-1.239882e+01
3.410000e-05	-2.660505e-02	-1.231627e+01
3.411000e-05	-2.878273e-02	-1.233369e+01
3.412000e-05	-3.673637e-02	-1.226153e+01
3.413000e-05	-3.275346e-02	-1.218047e+01
3.414000e-05	-3.078505e-02	-1.212837e+01
3.415000e-05	-3.354652e-02	-1.209528e+01
3.416000e-05	-3.953026e-02	-1.205057e+01
3.417000e-05	-3.807408e-02	-1.195734e+01
3.418000e-05	-3.405811e-02	-1.184218e+01
3.419000e-05	-3.683852e-02	-1.175847e+01
3.420000e-05	-4.241868e-02	-1.170323e+01
3.421000e-05	-4.308019e-02	-1.160943e+01
3.422000e-05	-4.034002e-02	-1.153468e+01
3.423000e-05	-4.326326e-02	-1.138887e+01
3.424000e-05	-4.690667e-02	-1.123963e+01
3.425000e-05	-4.795366e-02	-1.117981e+01
3.426000e-05	-4.434046e-02	-1.101150e+01
3.427000e-05	-4.454965e-02	-1.091624e+01
3.428000e-05	-4.762291e-02	-1.082053e+01
3.429000e-05	-5.018421e-02	-1.071534e+01
3.430000e-05	-4.667456e-02	-1.059097e+01
3.431000e-05	-4.550668e-02	-1.050623e+01
3.432000e-05	-4.641159e-02	-1.038819e+01
3.433000e-05	-4.736823e-02	-1.018989e+01
3.434000e-05	-4.422457e-02	-1.003268e+01
3.435000e-05	-4.095913e-02	-9.916267e+00
3.436000e-05	-4.284380e-02	-9.799546e+00
3.437000e-05	-4.221724e-02	-9.663629e+00
3.438000e-05	-3.962391e-02	-9.524682e+00
3.439000e-05	-3.598164e-02	-9.336337e+00
3.440000e-05	-3.616988e-02	-9.186972e+00
3.441000e-05	-3.743140e-02	-9.022025e+00
3.442000e-05	-3.296471e-02	-8.882681e+00
3.443000e-05	-3.103474e-02	-8.702728e+00
3.444000e-05	-2.999582e-02	-8.524258e+00
3.445000e-05	-3.033492e-02	-8.356341e+00
3.446000e-05	-2.755973e-02	-8.188920e+00
3.447000e-05	-2.474757e-02	-8.011070e+00
3.448000e-05	-2.570718e-02	-7.820947e+00
3.449000e-05	-2.534256e-02	-7.608498e+00
3.450000e-05	-2.311952e-02	-7.389519e+00
3.451000e-05	-2.107933e-02	-7.230099e+00
3.452000e-05	-2.058055e-02	-7.039470e+00
3.453000e-05	-2.161346e-02	-6.810625e+00
3.454000e-05	-1.835141e-02	-6.622077e+00
3.455000e-05	-1.698853e-02	-6.451597e+00
3.456000e-05	-1.696325e-02	-6.211103e+00
3.457000e-05	-1.835436e-02	-6.011496e+00
3.458000e-05	-1.602231e-02	-5.819995e+00
3.459000e-05	-1.331279e-02	-5.599526e+00
3.460000e-05	-1.385881e-02	-5.418916e+00
3.461000e-05	-1.516282e-02	-5.106765e+00
3.462000e-05	-1.235230e-02	-4.923704e+00
3.463000e-05	-1.215098e-02	-4.623622e+00
3.464000e-05	-9.346698e-03	-4.462655e+00
3.465000e-05	-1.273064e-02	-4.252654e+00
3.466000e-05	-1.053504e-02	-4.024183e+00
3.467000e-05	-9.833282e-03	-3.863200e+00
3.468000e-05	-9.032964e-03	-3.600500e+00
3.469000e-05	-1.145652e-02	-3.391049e+00
3.470000e-05	-9.047846e-03	-3.180046e+00
3.471000e-05	-8.764095e-03	-2.914818e+00
3.472000e-05	-5.390641e-03	-2.715787e+00
3.473000e-05	-8.474895e-03	-2.493737e+00
3.474000e-05	-6.398220e-03	-2.252254e+00
3.475000e-05	-6.891896e-03	-2.040571e+00
3.476000e-05	-5.671587e-03	-1.768995e+00
3.477000e-05	-8.271958e-03	-1.569446e+00
3.478000e-05	-6.898155e-03	-1.313258e+00
3.479000e-05	-4.998233e-03	-1.021607e+00
3.480000e-05	-4.808881e-03	-8.012051e-01
3.481000e-05	-4.456554e-03	-6.200711e-01
3.482000e-05	-4.120594e-03	-3.384422e-01
3.483000e-05	-1.638180e-03	-1.358620e-01
3.484000e-05	4.355132e-03	8.463689e-02
3.485000e-05	2.223711e-03	3.278422e-01
3.486000e-05	-2.631343e-03	5.278672e-01
3.487000e-05	-2.270770e-04	7.678185e-01
3.488000e-05	-9.546353e-04	9.267898e-01
3.489000e-05	2.132924e-03	1.249930e+00
3.490000e-05	7.805589e-04	1.450489e+00
3.491000e-05	1.546899e-02	1.705767e+00
3.492000e-05	5.793181e-02	1.925665e+00
3.493000e-05	3.411020e-02	2.177400e+00
3.494000e-05	-5.794079e-02	2.420434e+00
3.495000e-05	-4.359750e-02	2.686688e+00
3.496000e-05	-2.995018e-02	2.893734e+00
3.497000e-05	-3.461032e-02	3.031000e+00
3.498000e-05	3.114561e-02	3.178871e+00
3.499000e-05	5.749995e-02	3.403554e+00
3.500000e-05	-8.877284e-02	3.682632e+00
3.501000e-05	1.111432e-01	3.839976e+00
3.502000e-05	7.724649e-03	4.113614e+00
3.503000e-05	-3.768918e-02	4.356141e+00
3.504000e-05	2.989466e-02	4.566189e+00
3.505000e-05	-6.933653e-02	4.777420e+00
3.506000e-05	4.919153e-02	5.019828e+00
3.507000e-05	2.349490e-02	5.284609e+00
3.508000e-05	-1.451274e-02	5.516187e+00
3.509000e-05	1.794352e-02	5.704237e+00
3.510000e-05	-8.390032e-03	5.957243e+00
3.511000e-05	4.156442e-03	6.113765e+00
3.512000e-05	7.223726e-04	6.305670e+00
3.513000e-05	-6.941126e-03	6.565188e+00
3.514000e-05	2.007315e-02	6.748645e+00
3.515000e-05	-9.340922e-04	6.995792e+00
3.516000e-05	4.152616e-02	7.194771e+00
3.517000e-05	-3.272414e-02	7.324718e+00
3.518000e-05	2.397798e-03	7.565669e+00
3.519000e-05	2.029309e-02	7.796766e+00
3.520000e-05	-4.020125e-03	7.925797e+00
3.521000e-05	1.866231e-02	8.187150e+00
3.522000e-05	-7.626405e-03	8.346265e+00
3.523000e-05	2.626613e-02	8.473637e+00
3.524000e-05	-2.837515e-03	8.680658e+00
3.525000e-05	6.959282e-03	8.778896e+00
3.526000e-05	-5.907714e-03	8.976847e+00
3.527000e-05	7.999636e-03	9.107667e+00
3.528000e-05	1.893057e-02	9.316137e+00
3.529000e-05	5.212375e-03	9.442056e+00
3.530000e-05	9.316679e-03	9.618873e+00
3.531000e-05	5.033477e-03	9.737366e+00
3.532000e-05	1.242628e-02	9.905059e+00
3.533000e-05	3.846668e-03	1.007205e+01
3.534000e-05	2.183043e-03	1.016795e+01
3.535000e-05	8.111591e-03	1.029616e+01
3.536000e-05	1.245251e-02	1.042198e+01
3.537000e-05	1.319029e-02	1.059834e+01
3.538000e-05	5.313233e-03	1.068563e+01
3.539000e-05	7.919585e-03	1.086000e+01
3.540000e-05	8.273352e-03	1.095627e+01
3.541000e-05	9.923367e-03	1.103945e+01
3.542000e-05	5.318076e-03	1.116769e+01
3.543000e-05	8.540739e-03	1.127198e+01
3.544000e-05	1.228811e-02	1.134877e+01
3.545000e-05	1.268118e-02	1.146204e+01
3.546000e-05	9.723763e-03	1.157833e+01
3.547000e-05	7.273910e-03	1.170321e+01
3.548000e-05	1.211923e-02	1.178787e+01
3.549000e-05	1.111689e-02	1.182245e+01
3.550000e-05	1.154196e-02	1.191569e+01
3.551000e-05	1.071933e-02	1.200735e+01
3.552000e-05	1.468080e-02	1.208063e+01
3.553000e-05	1.309816e-02	1.214524e+01
3.554000e-05	1.109315e-02	1.219887e+01
3.555000e-05	1.044231e-02	1.226150e+01
3.556000e-05	1.190077e-02	1.229309e+01
3.557000e-05	1.518141e-02	1.233616e+01
3.558000e-05	1.336337e-02	1.242729e+01
3.559000e-05	1.334117e-02	1.244998e+01
3.560000e-05	1.370720e-02	1.247061e+01
3.561000e-05	1.604910e-02	1.249356e+01
3.562000e-05	1.408681e-02	1.251506e+01
3.563000e-05	1.401729e-02	1.249572e+01
3.564000e-05	1.619102e-02	1.254622e+01
3.565000e-05	1.741128e-02	1.255529e+01
3.566000e-05	1.755029e-02	1.254681e+01
3.567000e-05	1.576867e-02	1.254729e+01
3.568000e-05	1.883670e-02	1.254579e+01
3.569000e-05	1.874361e-02	1.253474e+01
3.570000e-05	2.033089e-02	1.251574e+01
3.571000e-05	1.921598e-02	1.253571e+01
3.572000e-05	2.257310e-02	1.247258e+01
3.573000e-05	2.173930e-02	1.245305e+01
3.574000e-05	2.344844e-02	1.241892e+01
3.575000e-05	2.151393e-02	1.237680e+01
3.576000e-05	2.395040e-02	1.232574e+01
3.577000e-05	2.478687e-02	1.224216e+01
3.578000e-05	2.510976e-02	1.220050e+01
3.579000e-05	2.528398e-02	1.218790e+01
3.580000e-05	2.739077e-02	1.213516e+01
3.581000e-05	2.841427e-02	1.205055e+01
3.582000e-05	2.761257e-02	1.201889e+01
3.583000e-05	2.965681e-02	1.191429e+01
3.584000e-05	3.146809e-02	1.183143e+01
3.585000e-05	3.398108e-02	1.177679e+01
3.586000e-05	3.295378e-02	1.169119e+01
3.587000e-05	3.501191e-02	1.161889e+01
3.588000e-05	3.642644e-02	1.147161e+01
3.589000e-05	3.730804e-02	1.136692e+01
3.590000e-05	3.793678e-02	1.129060e+01
3.591000e-05	3.771305e-02	1.116734e+01
3.592000e-05	3.984873e-02	1.108208e+01
3.593000e-05	4.022400e-02	1.093831e+01
3.594000e-05	4.152542e-02	1.085205e+01
3.595000e-05	3.959523e-02	1.073524e+01
3.596000e-05	4.137301e-02	1.059839e+01
3.597000e-05	4.103508e-02	1.043053e+01
3.598000e-05	3.965308e-02	1.032578e+01
3.599000e-05	3.627517e-02	1.020942e+01
3.600000e-05	3.645796e-02	1.007165e+01
3.601000e-05	3.560650e-02	9.954262e+00
3.602000e-05	3.553835e-02	9.746362e+00
3.603000e-05	3.398096e-02	9.579420e+00
3.604000e-05	3.139082e-02	9.460628e+00
3.605000e-05	3.000461e-02	9.314259e+00
3.606000e-05	2.899665e-02	9.156396e+00
3.607000e-05	2.647119e-02	9.007347e+00
3.608000e-05	2.531521e-02	8.838476e+00
3.609000e-05	2.456618e-02	8.632178e+00
3.610000e-05	2.325076e-02	8.504181e+00
3.611000e-05	2.163770e-02	8.325286e+00
3.612000e-05	1.955503e-02	8.176865e+00
3.613000e-05	1.880205e-02	7.957545e+00
3.614000e-05	1.774167e-02	7.778869e+00
3.615000e-05	1.619406e-02	7.587046e+00
3.616000e-05	1.363937e-02	7.369917e+00
3.617000e-05	1.445632e-02	7.197920e+00
3.618000e-05	1.356600e-02	6.969574e+00
3.619000e-05	1.125094e-02	6.781074e+00
3.620000e-05	9.470489e-03	6.607975e+00
3.621000e-05	9.944128e-03	6.398447e+00
3.622000e-05	9.956415e-03	6.219445e+00
3.623000e-05	7.511495e-03	6.001476e+00
3.624000e-05	6.280433e-03	5.820019e+00
3.625000e-05	6.585123e-03	5.569972e+00
3.626000e-05	5.759015e-03	5.367942e+00
3.627000e-05	5.900012e-03	5.152918e+00
3.628000e-05	3.343568e-03	4.842101e+00
3.629000e-05	3.399861e-03	4.630624e+00
3.630000e-05	4.177787e-03	4.450153e+00
3.631000e-05	1.373673e-03	4.232126e+00
3.632000e-05	1.826092e-03	3.988493e+00
3.633000e-05	5.223105e-04	3.788446e+00
3.634000e-05	4.039306e-03	3.588896e+00
3.635000e-05	3.580343e-04	3.337313e+00
3.636000e-05	1.797899e-03	3.104233e+00
3.637000e-05	-2.455227e-03	2.922759e+00
3.638000e-05	-1.162828e-04	2.694707e+00
3.639000e-05	-2.340204e-03	2.379469e+00
3.640000e-05	-1.145269e-03	2.189020e+00
3.641000e-05	-3.280207e-03	1.989995e+00
3.642000e-05	-1.035692e-04	1.759416e+00
3.643000e-05	-9.121668e-04	1.484817e+00
3.644000e-05	-2.909954e-03	1.263333e+00
3.645000e-05	-4.165198e-03	1.018921e+00
3.646000e-05	-4.875855e-03	7.374196e-01
3.647000e-05	-3.398760e-03	5.353394e-01
3.648000e-05	-3.394066e-03	3.068907e-01
3.649000e-05	-3.124140e-03	9.172895e-02
3.650000e-05	2.068398e-03	-1.593211e-01
3.651000e-05	2.644912e-03	-3.383937e-01
3.652000e-05	-3.213731e-03	-5.279224e-01
3.653000e-05	-3.054130e-03	-8.110076e-01
3.654000e-05	-5.558181e-03	-1.010904e+00
3.655000e-05	-1.816256e-03	-1.238928e+00
3.656000e-05	-3.336738e-04	-1.465067e+00
3.657000e-05	3.886034e-02	-1.701584e+00
3.658000e-05	6.771605e-02	-1.865109e+00
3.659000e-05	-4.845318e-02	-2.158297e+00
3.660000e-05	-4.742014e-02	-2.517270e+00
3.661000e-05	-5.701858e-02	-2.747795e+00
3.662000e-05	-5.550126e-02	-2.938345e+00
3.663000e-05	7.735853e-02	-3.136316e+00
3.664000e-05	3.146203e-02	-3.283033e+00
3.665000e-05	-1.287197e-01	-3.516292e+00
3.666000e-05	1.545632e-01	-3.654134e+00
3.667000e-05	-4.309119e-02	-3.885216e+00
3.668000e-05	-2.021525e-02	-4.189420e+00
3.669000e-05	3.367436e-02	-4.357894e+00
3.670000e-05	-1.548487e-01	-4.549821e+00
3.671000e-05	1.008883e-01	-4.811423e+00
3.672000e-05	1.381339e-02	-4.968923e+00
3.673000e-05	-4.699461e-02	-5.304656e+00
3.674000e-05	5.225379e-02	-5.506688e+00
3.675000e-05	-8.971902e-02	-5.726817e+00
3.676000e-05	6.357111e-02	-5.938265e+00
3.677000e-05	-3.054790e-02	-6.127193e+00
3.678000e-05	-7.177477e-02	-6.331326e+00
3.679000e-05	6.489483e-02	-6.527817e+00
3.680000e-05	-4.486219e-02	-6.758824e+00
3.681000e-05	7.960700e-02	-6.936320e+00
3.682000e-05	-1.047145e-01	-7.180722e+00
3.683000e-05	2.537304e-03	-7.398396e+00
3.684000e-05	3.119618e-02	-7.557195e+00
3.685000e-05	-4.914559e-02	-7.802845e+00
3.686000e-05	3.319331e-02	-7.981872e+00
3.687000e-05	-7.019989e-02	-8.147371e+00
3.688000e-05	6.143933e-02	-8.336243e+00
3.689000e-05	-2.944975e-02	-8.505636e+00
3.690000e-05	-2.465058e-02	-8.674687e+00
3.691000e-05	-1.967970e-02	-8.872560e+00
3.692000e-05	-1.867790e-02	-9.001054e+00
3.693000e-05	3.605145e-02	-9.189842e+00
3.694000e-05	-4.863631e-02	-9.347293e+00
3.695000e-05	5.999543e-03	-9.515157e+00
3.696000e-05	-2.308314e-02	-9.652557e+00
3.697000e-05	1.166244e-02	-9.748948e+00
3.698000e-05	-2.746180e-02	-9.935193e+00
3.699000e-05	-3.113618e-02	-1.008264e+01
3.700000e-05	1.654168e-03	-1.020942e+01
3.701000e-05	-4.647632e-03	-1.034783e+01
3.702000e-05	-2.576692e-03	-1.051519e+01
3.703000e-05	-3.810580e-02	-1.058948e+01
3.704000e-05	-1.526808e-03	-1.075474e+01
3.705000e-05	-1.120059e-02	-1.084163e+01
3.706000e-05	-9.388846e-03	-1.095779e+01
3.707000e-05	-3.304105e-02	-1.104350e+01
3.708000e-05	-1.012743e-02	-1.119937e+01
3.709000e-05	-1.820028e-03	-1.130408e+01
3.710000e-05	-1.170958e-02	-1.140048e+01
3.711000e-05	-2.408529e-02	-1.149511e+01
3.712000e-05	-2.208755e-02	-1.161195e+01
3.713000e-05	-2.494087e-03	-1.169274e+01
3.714000e-05	-1.797077e-02	-1.179897e+01
3.715000e-05	-2.045471e-02	-1.189413e+01
3.716000e-05	-2.440993e-02	-1.195832e+01
3.717000e-05	-5.141404e-03	-1.206406e+01
3.718000e-05	-1.502790e-02	-1.211464e+01
3.719000e-05	-2.213096e-02	-1.218637e+01
3.720000e-05	-2.435197e-02	-1.220948e+01
3.721000e-05	-1.268545e-02	-1.226366e+01
3.722000e-05	-1.278357e-02	-1.234621e+01
3.723000e-05	-2.396200e-02	-1.235689e+01
3.724000e-05	-2.356038e-02	-1.244082e+01
3.725000e-05	-1.659758e-02	-1.244953e+01
3.726000e-05	-1.482472e-02	-1.246361e+01
3.727000e-05	-2.404764e-02	-1.251273e+01
3.728000e-05	-2.679316e-02	-1.252619e+01
3.729000e-05	-1.903633e-02	-1.252679e+01
3.730000e-05	-1.570910e-02	-1.252689e+01
3.731000e-05	-2.345636e-02	-1.255745e+01
3.732000e-05	-2.797550e-02	-1.253927e+01
3.733000e-05	-2.446235e-02	-1.256629e+01
3.734000e-05	-1.910894e-02	-1.257740e+01
3.735000e-05	-2.588728e-02	-1.257632e+01
3.736000e-05	-2.952267e-02	-1.252576e+01
3.737000e-05	-2.742842e-02	-1.253631e+01
3.738000e-05	-2.230724e-02	-1.252523e+01
3.739000e-05	-2.698004e-02	-1.249155e+01
3.740000e-05	-3.319910e-02	-1.244200e+01
3.741000e-05	-3.081147e-02	-1.240942e+01
3.742000e-05	-2.674971e-02	-1.235687e+01
3.743000e-05	-2.994635e-02	-1.232474e+01
3.744000e-05	-3.456401e-02	-1.222205e+01
3.745000e-05	-3.447116e-02	-1.225100e+01
3.746000e-05	-3.029637e-02	-1.215627e+01
3.747000e-05	-3.319674e-02	-1.213568e+01
3.748000e-05	-3.895080e-02	-1.206103e+01
3.749000e-05	-3.878762e-02	-1.198537e+01
3.750000e-05	-3.493785e-02	-1.187310e+01
3.751000e-05	-3.736738e-02	-1.173794e+01
3.752000e-05	-4.248845e-02	-1.170521e+01
3.753000e-05	-4.404007e-02	-1.161935e+01
3.754000e-05	-4.209631e-02	-1.151511e+01
3.755000e-05	-4.194762e-02	-1.139636e+01
3.756000e-05	-4.698143e-02	-1.121216e+01
3.757000e-05	-4.833113e-02	-1.118579e+01
3.758000e-05	-4.548474e-02	-1.103055e+01
3.759000e-05	-4.489102e-02	-1.091529e+01
3.760000e-05	-4.929942e-02	-1.082902e+01
3.761000e-05	-5.013749e-02	-1.072476e+01
3.762000e-05	-4.690234e-02	-1.060998e+01
3.763000e-05	-4.505372e-02	-1.047268e+01
3.764000e-05	-4.599679e-02	-1.033385e+01
3.765000e-05	-4.671189e-02	-1.016939e+01
3.766000e-05	-4.479084e-02	-1.005353e+01
3.767000e-05	-4.214180e-02	-9.893712e+00
3.768000e-05	-4.188356e-02	-9.768946e+00
3.769000e-05	-4.190550e-02	-9.672628e+00
3.770000e-05	-3.894693e-02	-9.492705e+00
3.771000e-05	-3.661309e-02	-9.335811e+00
3.772000e-05	-3.490719e-02	-9.137396e+00
3.773000e-05	-3.646568e-02	-9.018545e+00
3.774000e-05	-3.395616e-02	-8.862605e+00
3.775000e-05	-3.213443e-02	-8.663653e+00
3.776000e-05	-2.946119e-02	-8.533709e+00
3.777000e-05	-2.933513e-02	-8.315345e+00
3.778000e-05	-2.849839e-02	-8.167943e+00
3.779000e-05	-2.511209e-02	-8.001050e+00
3.780000e-05	-2.415549e-02	-7.778426e+00
3.781000e-05	-2.450903e-02	-7.595891e+00
3.782000e-05	-2.397152e-02	-7.359442e+00
3.783000e-05	-2.193969e-02	-7.189468e+00
3.784000e-05	-2.008755e-02	-6.997998e+00
3.785000e-05	-1.925941e-02	-6.768968e+00
3.786000e-05	-2.033279e-02	-6.620572e+00
3.787000e-05	-1.681405e-02	-6.430075e+00
3.788000e-05	-1.679029e-02	-6.239621e+00
3.789000e-05	-1.540383e-02	-6.009996e+00
3.790000e-05	-1.770250e-02	-5.768446e+00
3.791000e-05	-1.402697e-02	-5.599498e+00
3.792000e-05	-1.358865e-02	-5.339415e+00
3.793000e-05	-1.297126e-02	-5.114787e+00
3.794000e-05	-1.292351e-02	-4.863154e+00
3.795000e-05	-1.250552e-02	-4.619052e+00
3.796000e-05	-1.170403e-02	-4.421130e+00
3.797000e-05	-9.837452e-03	-4.253203e+00
3.798000e-05	-1.120092e-02	-4.061631e+00
3.799000e-05	-1.023819e-02	-3.861574e+00
3.800000e-05	-8.554778e-03	-3.578994e+00
3.801000e-05	-9.691791e-03	-3.377992e+00
3.802000e-05	-9.454615e-03	-3.137465e+00
3.803000e-05	-9.648801e-03	-2.925838e+00
3.804000e-05	-6.955253e-03	-2.691762e+00
3.805000e-05	-6.973800e-03	-2.503230e+00
3.806000e-05	-6.120643e-03	-2.270678e+00
3.807000e-05	-6.894828e-03	-1.948966e+00
3.808000e-05	-6.248702e-03	-1.779049e+00
3.809000e-05	-6.258866e-03	-1.567040e+00
3.810000e-05	-5.523627e-03	-1.212687e+00
3.811000e-05	-6.123868e-03	-1.030175e+00
3.812000e-05	-4.161714e-03	-8.305988e-01
3.813000e-05	-3.735381e-03	-6.074669e-01
3.814000e-05	-2.649927e-03	-3.363644e-01
3.815000e-05	-2.263237e-03	-1.063132e-01
3.816000e-05	2.365428e-03	8.266697e-02
3.817000e-05	2.009974e-03	3.479022e-01
3.818000e-05	-1.110036e-03	5.788424e-01
3.819000e-05	1.893436e-05	7.578961e-01
3.820000e-05	-9.765212e-04	9.907998e-01
3.821000e-05	2.965861e-03	1.212056e+00
3.822000e-05	3.443614e-03	1.472058e+00
3.823000e-05	1.937469e-02	1.707266e+00
3.824000e-05	6.026547e-02	1.946295e+00
3.825000e-05	2.322870e-02	2.181973e+00
3.826000e-05	-5.918741e-02	2.482058e+00
3.827000e-05	-4.142069e-02	2.727787e+00
3.828000e-05	-2.999635e-02	2.894193e+00
3.829000e-05	-3.607271e-02	3.073053e+00
3.830000e-05	4.662072e-02	3.190454e+00
3.831000e-05	3.935058e-02	3.466688e+00
3.832000e-05	-8.290661e-02	3.672610e+00
3.833000e-05	1.239246e-01	3.851583e+00
3.834000e-05	-1.389175e-02	4.146290e+00
3.835000e-05	-2.357596e-02	4.326867e+00
3.836000e-05	2.059306e-02	4.568393e+00
3.837000e-05	-6.885585e-02	4.809824e+00
3.838000e-05	6.105351e-02	5.020406e+00
3.839000e-05	1.375766e-02	5.283535e+00
3.840000e-05	-1.266268e-02	5.517267e+00
3.841000e-05	1.626539e-02	5.715716e+00
3.842000e-05	-1.012865e-02	5.968222e+00
3.843000e-05	1.103425e-02	6.137342e+00
3.844000e-05	-5.028323e-03	6.337770e+00
3.845000e-05	-2.288156e-03	6.576268e+00
3.846000e-05	1.682127e-02	6.808772e+00
3.847000e-05	6.287829e-03	7.007370e+00
3.848000e-05	3.629014e-02	7.168242e+00
3.849000e-05	-4.044662e-02	7.305272e+00
3.850000e-05	1.009477e-02	7.558819e+00
3.851000e-05	1.726774e-02	7.798220e+00
3.852000e-05	5.383604e-04	8.007396e+00
3.853000e-05	1.445441e-02	8.178346e+00
3.854000e-05	-5.553547e-03	8.316265e+00
3.855000e-05	2.626471e-02	8.505160e+00
3.856000e-05	-3.707079e-03	8.683054e+00
3.857000e-05	6.711486e-03	8.819949e+00
3.858000e-05	-7.251829e-03	8.967922e+00
3.859000e-05	1.006932e-02	9.167793e+00
3.860000e-05	1.857653e-02	9.336738e+00
3.861000e-05	2.964501e-03	9.493059e+00
3.862000e-05	9.363864e-03	9.589825e+00
3.863000e-05	4.508668e-03	9.767823e+00
3.864000e-05	1.432738e-02	9.915639e+00
3.865000e-05	8.548219e-04	1.008311e+01
3.866000e-05	3.018364e-03	1.016797e+01
3.867000e-05	8.403160e-03	1.031617e+01
3.868000e-05	1.375528e-02	1.045208e+01
3.869000e-05	1.227183e-02	1.059687e+01
3.870000e-05	3.445244e-03	1.069566e+01
3.871000e-05	9.330595e-03	1.087305e+01
3.872000e-05	9.689066e-03	1.094582e+01
3.873000e-05	1.038126e-02	1.108158e+01
3.874000e-05	4.281914e-03	1.116682e+01
3.875000e-05	9.216701e-03	1.126416e+01
3.876000e-05	1.416459e-02	1.138784e+01
3.877000e-05	1.263124e-02	1.149358e+01
3.878000e-05	8.824909e-03	1.157782e+01
3.879000e-05	7.386725e-03	1.170369e+01
3.880000e-05	1.340747e-02	1.180832e+01
3.881000e-05	1.177225e-02	1.187211e+01
3.882000e-05	1.027502e-02	1.192519e+01
3.883000e-05	1.029643e-02	1.199880e+01
3.884000e-05	1.496221e-02	1.206261e+01
3.885000e-05	1.325899e-02	1.210774e+01
3.886000e-05	1.040761e-02	1.215932e+01
3.887000e-05	9.704219e-03	1.224205e+01
3.888000e-05	1.289501e-02	1.229311e+01
3.889000e-05	1.530025e-02	1.232571e+01
3.890000e-05	1.232575e-02	1.239637e+01
3.891000e-05	1.371308e-02	1.245940e+01
3.892000e-05	1.411828e-02	1.249358e+01
3.893000e-05	1.709532e-02	1.249463e+01
3.894000e-05	1.377988e-02	1.249321e+01
3.895000e-05	1.348734e-02	1.251576e+01
3.896000e-05	1.608660e-02	1.253726e+01
3.897000e-05	1.880941e-02	1.254676e+01
3.898000e-05	1.755506e-02	1.253637e+01
3.899000e-05	1.547385e-02	1.254677e+01
3.900000e-05	1.878950e-02	1.252731e+01
3.901000e-05	2.061349e-02	1.254624e+01
3.902000e-05	2.040993e-02	1.252574e+01
3.903000e-05	1.908914e-02	1.249411e+01
3.904000e-05	2.174722e-02	1.249211e+01
3.905000e-05	2.318248e-02	1.248250e+01
3.906000e-05	2.285948e-02	1.244190e+01
3.907000e-05	2.074756e-02	1.241774e+01
3.908000e-05	2.244580e-02	1.234616e+01
3.909000e-05	2.604353e-02	1.225261e+01
3.910000e-05	2.631712e-02	1.223148e+01
3.911000e-05	2.584857e-02	1.215884e+01
3.912000e-05	2.619703e-02	1.213523e+01
3.913000e-05	2.872913e-02	1.206153e+01
3.914000e-05	2.919181e-02	1.199679e+01
3.915000e-05	2.946405e-02	1.189424e+01
3.916000e-05	2.958909e-02	1.180953e+01
3.917000e-05	3.383204e-02	1.176636e+01
3.918000e-05	3.481491e-02	1.167218e+01
3.919000e-05	3.491421e-02	1.160724e+01
3.920000e-05	3.544717e-02	1.142113e+01
3.921000e-05	3.713825e-02	1.133689e+01
3.922000e-05	3.962433e-02	1.125162e+01
3.923000e-05	3.925086e-02	1.114682e+01
3.924000e-05	3.858317e-02	1.101110e+01
3.925000e-05	3.921817e-02	1.094636e+01
3.926000e-05	4.187671e-02	1.081965e+01
3.927000e-05	4.054408e-02	1.070323e+01
3.928000e-05	3.979522e-02	1.055791e+01
3.929000e-05	3.804838e-02	1.047050e+01
3.930000e-05	3.943732e-02	1.031476e+01
3.931000e-05	3.810298e-02	1.016742e+01
3.932000e-05	3.701174e-02	1.005160e+01
3.933000e-05	3.507637e-02	9.861663e+00
3.934000e-05	3.615522e-02	9.754833e+00
3.935000e-05	3.333063e-02	9.577370e+00
3.936000e-05	3.152029e-02	9.439554e+00
3.937000e-05	2.844837e-02	9.294213e+00
3.938000e-05	2.818747e-02	9.166388e+00
3.939000e-05	2.704385e-02	8.997941e+00
3.940000e-05	2.561259e-02	8.798497e+00
3.941000e-05	2.416475e-02	8.632127e+00
3.942000e-05	2.342797e-02	8.463656e+00
3.943000e-05	2.180918e-02	8.313290e+00
3.944000e-05	2.031989e-02	8.166287e+00
3.945000e-05	1.795732e-02	7.917416e+00
3.946000e-05	1.738820e-02	7.755917e+00
3.947000e-05	1.669254e-02	7.597369e+00
3.948000e-05	1.459706e-02	7.369263e+00
3.949000e-05	1.291822e-02	7.135890e+00
3.950000e-05	1.248472e-02	6.998465e+00
3.951000e-05	1.214293e-02	6.765518e+00
3.952000e-05	1.133148e-02	6.537463e+00
3.953000e-05	1.027833e-02	6.338892e+00
3.954000e-05	8.959978e-03	6.188369e+00
3.955000e-05	8.506645e-03	6.039995e+00
3.956000e-05	8.217235e-03	5.765915e+00
3.957000e-05	5.473352e-03	5.556868e+00
3.958000e-05	5.042935e-03	5.345888e+00
3.959000e-05	5.286664e-03	5.122706e+00
3.960000e-05	4.905399e-03	4.822600e+00
3.961000e-05	3.313019e-03	4.610069e+00
3.962000e-05	2.602764e-03	4.412024e+00
3.963000e-05	3.289371e-03	4.208549e+00
3.964000e-05	2.453118e-03	3.945891e+00
3.965000e-05	2.207197e-03	3.736441e+00
3.966000e-05	3.153229e-04	3.576867e+00
3.967000e-05	1.050879e-03	3.283706e+00
3.968000e-05	7.341351e-04	3.081231e+00
3.969000e-05	3.331577e-04	2.831182e+00
3.970000e-05	-1.624164e-03	2.650248e+00
3.971000e-05	8.883917e-06	2.378947e+00
3.972000e-05	-3.583988e-04	2.177941e+00
3.973000e-05	-1.329075e-03	1.967420e+00
3.974000e-05	-2.264400e-03	1.754332e+00
3.975000e-05	-2.602914e-03	1.493133e+00
3.976000e-05	-2.537483e-03	1.231205e+00
3.977000e-05	-2.914010e-03	9.779670e-01
3.978000e-05	-4.037299e-03	7.263870e-01
3.979000e-05	-3.360140e-03	5.123609e-01
3.980000e-05	-2.356366e-03	2.943345e-01
3.981000e-05	-2.442679e-03	4.109875e-02
3.982000e-05	2.148792e-03	-1.899525e-01
3.983000e-05	2.482507e-04	-3.594274e-01
3.984000e-05	-2.893742e-03	-5.815278e-01
3.985000e-05	-2.055520e-03	-8.095050e-01
3.986000e-05	-4.363469e-03	-1.032005e+00
3.987000e-05	-2.531627e-03	-1.241505e+00
3.988000e-05	1.570341e-03	-1.516688e+00
3.989000e-05	4.616821e-02	-1.684691e+00
3.990000e-05	6.100756e-02	-1.883662e+00
3.991000e-05	-5.944404e-02	-2.212404e+00
3.992000e-05	-4.548369e-02	-2.558297e+00
3.993000e-05	-5.852127e-02	-2.738372e+00
3.994000e-05	-4.876492e-02	-2.947821e+00
3.995000e-05	9.435110e-02	-3.108341e+00
3.996000e-05	-4.117881e-03	-3.274117e+00
3.997000e-05	-1.093378e-01	-3.525816e+00
3.998000e-05	1.635401e-01	-3.734135e+00
3.999000e-05	-7.197222e-02	-3.929274e+00
4.000000e-05	6.305659e-03	-4.200554e+00
4.001000e-05	7.030506e-03	-4.388297e+00
4.002000e-05	-1.421294e-01	-4.634503e+00
4.003000e-05	1.209915e-01	-4.840955e+00
4.004000e-05	-1.316504e-02	-4.980952e+00
4.005000e-05	-2.766466e-02	-5.318667e+00
4.006000e-05	4.094543e-02	-5.565241e+00
4.007000e-05	-8.950222e-02	-5.729368e+00
4.008000e-05	7.790853e-02	-5.967817e+00
4.009000e-05	-5.868141e-02	-6.158370e+00
4.010000e-05	-4.561734e-02	-6.418928e+00
4.011000e-05	5.343809e-02	-6.538816e+00
4.012000e-05	-3.820218e-02	-6.789374e+00
4.013000e-05	7.565659e-02	-6.947346e+00
4.014000e-05	-1.176221e-01	-7.191874e+00
4.015000e-05	2.909373e-02	-7.408477e+00
4.016000e-05	9.108152e-03	-7.558397e+00
4.017000e-05	-3.669569e-02	-7.761528e+00
4.018000e-05	2.340934e-02	-8.060379e+00
4.019000e-05	-6.482703e-02	-8.198897e+00
4.020000e-05	6.592785e-02	-8.327293e+00
4.021000e-05	-4.294025e-02	-8.514190e+00
4.022000e-05	-1.231676e-02	-8.716119e+00
4.023000e-05	-2.576797e-02	-8.882558e+00
4.024000e-05	-8.111170e-03	-9.032056e+00
4.025000e-05	2.644945e-02	-9.197348e+00
4.026000e-05	-4.867450e-02	-9.346271e+00
4.027000e-05	1.093941e-02	-9.474714e+00
4.028000e-05	-2.500495e-02	-9.673008e+00
4.029000e-05	1.412111e-02	-9.790076e+00
4.030000e-05	-3.381228e-02	-9.937188e+00
4.031000e-05	-2.270688e-02	-1.008469e+01
4.032000e-05	-1.482774e-03	-1.024200e+01
4.033000e-05	-5.023310e-03	-1.042135e+01
4.034000e-05	-6.348120e-03	-1.050467e+01
4.035000e-05	-3.420850e-02	-1.061153e+01
4.036000e-05	1.611630e-03	-1.074622e+01
4.037000e-05	-1.351387e-02	-1.087356e+01
4.038000e-05	-9.825726e-03	-1.097834e+01
4.039000e-05	-3.213627e-02	-1.107368e+01
4.040000e-05	-6.775577e-03	-1.120285e+01
4.041000e-05	-6.478430e-03	-1.129416e+01
4.042000e-05	-1.272298e-02	-1.141842e+01
4.043000e-05	-2.436881e-02	-1.154504e+01
4.044000e-05	-1.827706e-02	-1.161098e+01
4.045000e-05	-3.963194e-03	-1.171471e+01
4.046000e-05	-1.934160e-02	-1.181093e+01
4.047000e-05	-1.934274e-02	-1.191518e+01
4.048000e-05	-2.177344e-02	-1.199785e+01
4.049000e-05	-5.058106e-03	-1.206211e+01
4.050000e-05	-1.808488e-02	-1.211574e+01
4.051000e-05	-2.257299e-02	-1.215784e+01
4.052000e-05	-2.352624e-02	-1.221145e+01
4.053000e-05	-1.204690e-02	-1.229519e+01
4.054000e-05	-1.515431e-02	-1.229714e+01
4.055000e-05	-2.415717e-02	-1.236736e+01
4.056000e-05	-2.124765e-02	-1.241950e+01
4.057000e-05	-1.643276e-02	-1.246205e+01
4.058000e-05	-1.695552e-02	-1.247269e+01
4.059000e-05	-2.618730e-02	-1.249524e+01
4.060000e-05	-2.510917e-02	-1.251721e+01
4.061000e-05	-1.800177e-02	-1.254781e+01
4.062000e-05	-1.768600e-02	-1.254689e+01
4.063000e-05	-2.465076e-02	-1.256891e+01
4.064000e-05	-2.741776e-02	-1.257887e+01
4.065000e-05	-2.192976e-02	-1.255794e+01
4.066000e-05	-2.052598e-02	-1.255877e+01
4.067000e-05	-2.753231e-02	-1.254727e+01
4.068000e-05	-2.875901e-02	-1.254721e+01
4.069000e-05	-2.538462e-02	-1.254671e+01
4.070000e-05	-2.248260e-02	-1.252411e+01
4.071000e-05	-2.948095e-02	-1.248213e+01
4.072000e-05	-3.338262e-02	-1.240842e+01
4.073000e-05	-2.863644e-02	-1.237684e+01
4.074000e-05	-2.766139e-02	-1.234629e+01
4.075000e-05	-3.043381e-02	-1.230621e+01
4.076000e-05	-3.593265e-02	-1.223360e+01
4.077000e-05	-3.183903e-02	-1.220892e+01
4.078000e-05	-3.099057e-02	-1.213689e+01
4.079000e-05	-3.481635e-02	-1.211561e+01
4.080000e-05	-3.936956e-02	-1.201905e+01
4.081000e-05	-3.696361e-02	-1.198629e+01
4.082000e-05	-3.535794e-02	-1.190213e+01
4.083000e-05	-3.922102e-02	-1.176832e+01
4.084000e-05	-4.321565e-02	-1.170358e+01
4.085000e-05	-4.250562e-02	-1.161844e+01
4.086000e-05	-4.149388e-02	-1.150408e+01
4.087000e-05	-4.320844e-02	-1.133881e+01
4.088000e-05	-4.742955e-02	-1.122010e+01
4.089000e-05	-4.633038e-02	-1.117718e+01
4.090000e-05	-4.483472e-02	-1.100995e+01
4.091000e-05	-4.610065e-02	-1.090421e+01
4.092000e-05	-4.851095e-02	-1.080990e+01
4.093000e-05	-4.934731e-02	-1.066426e+01
4.094000e-05	-4.675677e-02	-1.056947e+01
4.095000e-05	-4.633923e-02	-1.047263e+01
4.096000e-05	-4.580324e-02	-1.034474e+01
4.097000e-05	-4.582219e-02	-1.016689e+01
4.098000e-05	-4.263307e-02	-1.003102e+01
4.099000e-05	-4.162920e-02	-9.883659e+00
4.100000e-05	-4.259319e-02	-9.757894e+00
4.101000e-05	-4.214866e-02	-9.652076e+00
4.102000e-05	-3.971482e-02	-9.481604e+00
4.103000e-05	-3.708558e-02	-9.325786e+00
4.104000e-05	-3.672680e-02	-9.135868e+00
4.105000e-05	-3.461502e-02	-8.999449e+00
4.106000e-05	-3.171394e-02	-8.849578e+00
4.107000e-05	-3.044210e-02	-8.644205e+00
4.108000e-05	-2.995820e-02	-8.472229e+00
4.109000e-05	-3.019687e-02	-8.305786e+00
4.110000e-05	-2.817634e-02	-8.130370e+00
4.111000e-05	-2.707692e-02	-8.028470e+00
4.112000e-05	-2.559193e-02	-7.808369e+00
4.113000e-05	-2.500943e-02	-7.526317e+00
4.114000e-05	-2.095650e-02	-7.356418e+00
4.115000e-05	-1.982199e-02	-7.176997e+00
4.116000e-05	-1.992067e-02	-6.948912e+00
4.117000e-05	-1.986695e-02	-6.757465e+00
4.118000e-05	-1.870985e-02	-6.588418e+00
4.119000e-05	-1.813006e-02	-6.389547e+00
4.120000e-05	-1.962406e-02	-6.180042e+00
4.121000e-05	-1.788107e-02	-5.967493e+00
4.122000e-05	-1.540061e-02	-5.776970e+00
4.123000e-05	-1.276330e-02	-5.587422e+00
4.124000e-05	-1.325019e-02	-5.306908e+00
4.125000e-05	-1.385189e-02	-5.094213e+00
4.126000e-05	-1.172087e-02	-4.841099e+00
4.127000e-05	-1.274140e-02	-4.609469e+00
4.128000e-05	-1.306737e-02	-4.440551e+00
4.129000e-05	-1.323779e-02	-4.232129e+00
4.130000e-05	-8.993415e-03	-4.010578e+00
4.131000e-05	-9.247788e-03	-3.840096e+00
4.132000e-05	-8.323724e-03	-3.568917e+00
4.133000e-05	-1.127030e-02	-3.347890e+00
4.134000e-05	-7.657831e-03	-3.144338e+00
4.135000e-05	-8.259542e-03	-2.882230e+00
4.136000e-05	-6.667869e-03	-2.672682e+00
4.137000e-05	-9.073064e-03	-2.432154e+00
4.138000e-05	-6.046484e-03	-2.220570e+00
4.139000e-05	-6.008228e-03	-1.958443e+00
4.140000e-05	-6.006365e-03	-1.777866e+00
4.141000e-05	-8.366192e-03	-1.537917e+00
4.142000e-05	-6.107890e-03	-1.210676e+00
4.143000e-05	-4.533205e-03	-9.595236e-01
4.144000e-05	-4.693036e-03	-8.000473e-01
4.145000e-05	-4.497301e-03	-5.168906e-01
4.146000e-05	-2.871510e-03	-3.057844e-01
4.147000e-05	-2.506286e-04	-7.523566e-02
4.148000e-05	5.278067e-03	1.068146e-01
4.149000e-05	4.074463e-04	3.999226e-01
4.150000e-05	-1.302397e-03	6.083724e-01
4.151000e-05	-7.682370e-04	7.993499e-01
4.152000e-05	-5.956403e-04	9.994550e-01
4.153000e-05	1.801953e-03	1.262632e+00
4.154000e-05	4.265582e-03	1.483613e+00
4.155000e-05	2.417721e-02	1.776875e+00
4.156000e-05	6.325715e-02	1.979323e+00
4.157000e-05	1.103325e-02	2.221503e+00
4.158000e-05	-6.045918e-02	2.503585e+00
4.159000e-05	-3.963958e-02	2.756767e+00
4.160000e-05	-2.869509e-02	2.924342e+00
4.161000e-05	-3.557416e-02	3.082055e+00
4.162000e-05	5.959761e-02	3.250556e+00
4.163000e-05	1.880686e-02	3.524187e+00
4.164000e-05	-6.787687e-02	3.674187e+00
4.165000e-05	1.311159e-01	3.843609e+00
4.166000e-05	-3.543482e-02	4.127668e+00
4.167000e-05	-9.046502e-03	4.389246e+00
4.168000e-05	1.110725e-02	4.590394e+00
4.169000e-05	-6.153066e-02	4.790003e+00
4.170000e-05	6.762518e-02	5.071955e+00
4.171000e-05	1.967824e-03	5.325718e+00
4.172000e-05	-7.675896e-03	5.547267e+00
4.173000e-05	1.614601e-02	5.758320e+00
4.174000e-05	-1.155770e-02	5.998873e+00
4.175000e-05	1.317369e-02	6.157842e+00
4.176000e-05	-1.052083e-02	6.357270e+00
4.177000e-05	3.751460e-03	6.557792e+00
4.178000e-05	1.180627e-02	6.820374e+00
4.179000e-05	1.116991e-02	6.950424e+00
4.180000e-05	3.124003e-02	7.138292e+00
4.181000e-05	-4.154402e-02	7.376371e+00
4.182000e-05	1.985772e-02	7.559249e+00
4.183000e-05	1.035167e-02	7.808801e+00
4.184000e-05	4.152441e-03	7.998972e+00
4.185000e-05	9.061017e-03	8.209950e+00
4.186000e-05	-2.915887e-03	8.347821e+00
4.187000e-05	2.438194e-02	8.536212e+00
4.188000e-05	-3.507522e-03	8.683082e+00
4.189000e-05	8.063673e-03	8.851451e+00
4.190000e-05	-7.060936e-03	8.978376e+00
4.191000e-05	1.245999e-02	9.198722e+00
4.192000e-05	1.598259e-02	9.326191e+00
4.193000e-05	2.765705e-03	9.475633e+00
4.194000e-05	9.006977e-03	9.608955e+00
4.195000e-05	5.685400e-03	9.758871e+00
4.196000e-05	1.351013e-02	9.905166e+00
4.197000e-05	1.726786e-03	1.009464e+01
4.198000e-05	3.036473e-03	1.019948e+01
4.199000e-05	9.449938e-03	1.035674e+01
4.200000e-05	1.291303e-02	1.048208e+01
4.201000e-05	1.183240e-02	1.056834e+01
4.202000e-05	3.807925e-03	1.075666e+01
4.203000e-05	9.861006e-03	1.085303e+01
4.204000e-05	9.251732e-03	1.093677e+01
4.205000e-05	1.093510e-02	1.108213e+01
4.206000e-05	5.340362e-03	1.121527e+01
4.207000e-05	1.011384e-02	1.130309e+01
4.208000e-05	1.231030e-02	1.138987e+01
4.209000e-05	1.218716e-02	1.148411e+01
4.210000e-05	8.597927e-03	1.159935e+01
4.211000e-05	6.642565e-03	1.171516e+01
4.212000e-05	1.257303e-02	1.178890e+01
4.213000e-05	1.171654e-02	1.188255e+01
4.214000e-05	1.165910e-02	1.195569e+01
4.215000e-05	9.709705e-03	1.198887e+01
4.216000e-05	1.407480e-02	1.208165e+01
4.217000e-05	1.297542e-02	1.214672e+01
4.218000e-05	1.160329e-02	1.217932e+01
4.219000e-05	1.039784e-02	1.222203e+01
4.220000e-05	1.278099e-02	1.228361e+01
4.221000e-05	1.481768e-02	1.238722e+01
4.222000e-05	1.242641e-02	1.237735e+01
4.223000e-05	1.437040e-02	1.239037e+01
4.224000e-05	1.474727e-02	1.248248e+01
4.225000e-05	1.832064e-02	1.247253e+01
4.226000e-05	1.519098e-02	1.248361e+01
4.227000e-05	1.432582e-02	1.253474e+01
4.228000e-05	1.700451e-02	1.252479e+01
4.229000e-05	1.770472e-02	1.253574e+01
4.230000e-05	1.682818e-02	1.255474e+01
4.231000e-05	1.608966e-02	1.254629e+01
4.232000e-05	1.937634e-02	1.251621e+01
4.233000e-05	1.965128e-02	1.253624e+01
4.234000e-05	2.087483e-02	1.253519e+01
4.235000e-05	1.713138e-02	1.250423e+01
4.236000e-05	2.307257e-02	1.246263e+01
4.237000e-05	2.203258e-02	1.247100e+01
4.238000e-05	2.518060e-02	1.244037e+01
4.239000e-05	2.219013e-02	1.235530e+01
4.240000e-05	2.570791e-02	1.232366e+01
4.241000e-05	2.517137e-02	1.227208e+01
4.242000e-05	2.541730e-02	1.223150e+01
4.243000e-05	2.267740e-02	1.214784e+01
4.244000e-05	2.626749e-02	1.212368e+01
4.245000e-05	2.612437e-02	1.204148e+01
4.246000e-05	3.244622e-02	1.197884e+01
4.247000e-05	3.047466e-02	1.187368e+01
4.248000e-05	3.431834e-02	1.186103e+01
4.249000e-05	3.473209e-02	1.177582e+01
4.250000e-05	3.407085e-02	1.165111e+01
4.251000e-05	3.291025e-02	1.155724e+01
4.252000e-05	3.234398e-02	1.142058e+01
4.253000e-05	3.641757e-02	1.134584e+01
4.254000e-05	3.879290e-02	1.123110e+01
4.255000e-05	4.030783e-02	1.113424e+01
4.256000e-05	4.147487e-02	1.101900e+01
4.257000e-05	4.238650e-02	1.093574e+01
4.258000e-05	4.204653e-02	1.079852e+01
4.259000e-05	3.947109e-02	1.068376e+01
4.260000e-05	3.758599e-02	1.059879e+01
4.261000e-05	3.722891e-02	1.044153e+01
4.262000e-05	3.967531e-02	1.026463e+01
4.263000e-05	3.813460e-02	1.016787e+01
4.264000e-05	3.865367e-02	1.005150e+01
4.265000e-05	3.714452e-02	9.892530e+00
4.266000e-05	3.554701e-02	9.735756e+00
4.267000e-05	3.330664e-02	9.537344e+00
4.268000e-05	2.947141e-02	9.411018e+00
4.269000e-05	2.883493e-02	9.302102e+00
4.270000e-05	2.750969e-02	9.166413e+00
4.271000e-05	2.661044e-02	8.967312e+00
4.272000e-05	2.554927e-02	8.806945e+00
4.273000e-05	2.477319e-02	8.640501e+00
4.274000e-05	2.398184e-02	8.472606e+00
4.275000e-05	2.198422e-02	8.313208e+00
4.276000e-05	1.878102e-02	8.086735e+00
4.277000e-05	1.854437e-02	7.956289e+00
4.278000e-05	1.749375e-02	7.756363e+00
4.279000e-05	1.618226e-02	7.564417e+00
4.280000e-05	1.419720e-02	7.296287e+00
4.281000e-05	1.292562e-02	7.133790e+00
4.282000e-05	1.357161e-02	6.936363e+00
4.283000e-05	1.247477e-02	6.766863e+00
4.284000e-05	1.090923e-02	6.545842e+00
4.285000e-05	9.637611e-03	6.336287e+00
4.286000e-05	9.217846e-03	6.157466e+00
4.287000e-05	8.464130e-03	5.977396e+00
4.288000e-05	6.614429e-03	5.756291e+00
4.289000e-05	5.027097e-03	5.554866e+00
4.290000e-05	4.709255e-03	5.353813e+00
4.291000e-05	5.118524e-03	5.081202e+00
4.292000e-05	5.950676e-03	4.789026e+00
4.293000e-05	4.071611e-03	4.597969e+00
4.294000e-05	2.818236e-03	4.418547e+00
4.295000e-05	2.428667e-03	4.166916e+00
4.296000e-05	2.902197e-03	3.954866e+00
4.297000e-05	2.970536e-04	3.717237e+00
4.298000e-05	3.833825e-04	3.536891e+00
4.299000e-05	5.064305e-04	3.241628e+00
4.300000e-05	1.023032e-03	3.040676e+00
4.301000e-05	1.634100e-04	2.852625e+00
4.302000e-05	-1.520489e-03	2.669600e+00
4.303000e-05	-1.665411e-03	2.347967e+00
4.304000e-05	-1.251738e-03	2.126863e+00
4.305000e-05	-2.007945e-03	1.937441e+00
4.306000e-05	-2.789275e-03	1.695784e+00
4.307000e-05	-2.131395e-03	1.473225e+00
4.308000e-05	-2.800532e-03	1.220597e+00
4.309000e-05	-3.715763e-03	9.367892e-01
4.310000e-05	-4.039368e-03	6.952882e-01
4.311000e-05	-3.457692e-03	4.937368e-01
4.312000e-05	-2.520153e-03	2.832755e-01
4.313000e-05	-2.821376e-03	-1.147888e-02
4.314000e-05	2.231864e-03	-1.910002e-01
4.315000e-05	-9.917009e-04	-3.994038e-01
4.316000e-05	-2.183827e-03	-6.230853e-01
4.317000e-05	-3.485641e-03	-8.530353e-01
4.318000e-05	-3.832546e-03	-1.061631e+00
4.319000e-05	-2.939404e-03	-1.282038e+00
4.320000e-05	3.722201e-03	-1.557369e+00
4.321000e-05	5.281965e-02	-1.665667e+00
4.322000e-05	4.936495e-02	-1.896218e+00
4.323000e-05	-6.569043e-02	-2.284634e+00
4.324000e-05	-4.452801e-02	-2.580429e+00
4.325000e-05	-6.135232e-02	-2.749400e+00
4.326000e-05	-4.145595e-02	-2.979400e+00
4.327000e-05	1.110785e-01	-3.157313e+00
4.328000e-05	-3.630322e-02	-3.316189e+00
4.329000e-05	-8.075870e-02	-3.557871e+00
4.330000e-05	1.589941e-01	-3.732664e+00
4.331000e-05	-9.316162e-02	-3.988876e+00
4.332000e-05	3.172382e-02	-4.241055e+00
4.333000e-05	-2.352255e-02	-4.410275e+00
4.334000e-05	-1.234129e-01	-4.623054e+00
4.335000e-05	1.333926e-01	-4.821004e+00
4.336000e-05	-3.747605e-02	-5.081983e+00
4.337000e-05	-7.023987e-03	-5.367841e+00
4.338000e-05	2.101543e-02	-5.558293e+00
4.339000e-05	-8.221490e-02	-5.779298e+00
4.340000e-05	8.738509e-02	-5.988341e+00
4.341000e-05	-8.008897e-02	-6.138874e+00
4.342000e-05	-1.924848e-02	-6.419505e+00
4.343000e-05	3.787346e-02	-6.578876e+00
4.344000e-05	-2.552553e-02	-6.840399e+00
4.345000e-05	6.442997e-02	-6.987952e+00
4.346000e-05	-1.261308e-01	-7.221957e+00
4.347000e-05	5.121193e-02	-7.371431e+00
4.348000e-05	-1.044878e-02	-7.620374e+00
4.349000e-05	-1.932818e-02	-7.834107e+00
4.350000e-05	1.005139e-02	-8.040978e+00
4.351000e-05	-5.510824e-02	-8.190502e+00
4.352000e-05	6.724917e-02	-8.377842e+00
4.353000e-05	-5.262246e-02	-8.546792e+00
4.354000e-05	-3.902827e-03	-8.716242e+00
4.355000e-05	-3.451788e-02	-8.894113e+00
4.356000e-05	2.986595e-03	-9.032108e+00
4.357000e-05	1.556121e-02	-9.179421e+00
4.358000e-05	-4.571497e-02	-9.357397e+00
4.359000e-05	1.015423e-02	-9.485712e+00
4.360000e-05	-2.405427e-02	-9.703657e+00
4.361000e-05	1.607581e-02	-9.799975e+00
4.362000e-05	-3.983879e-02	-9.958265e+00
4.363000e-05	-1.683295e-02	-1.011522e+01
4.364000e-05	-3.767085e-03	-1.022250e+01
4.365000e-05	-2.927833e-03	-1.041140e+01
4.366000e-05	-1.147171e-02	-1.052574e+01
4.367000e-05	-3.107211e-02	-1.064061e+01
4.368000e-05	2.830135e-03	-1.075727e+01
4.369000e-05	-1.397500e-02	-1.087399e+01
4.370000e-05	-1.121521e-02	-1.099045e+01
4.371000e-05	-3.303656e-02	-1.105463e+01
4.372000e-05	-3.060246e-03	-1.120093e+01
4.373000e-05	-8.997723e-03	-1.133521e+01
4.374000e-05	-1.290900e-02	-1.145148e+01
4.375000e-05	-2.597255e-02	-1.155516e+01
4.376000e-05	-1.511811e-02	-1.167303e+01
4.377000e-05	-6.084026e-03	-1.174631e+01
4.378000e-05	-1.942647e-02	-1.183095e+01
4.379000e-05	-2.058494e-02	-1.194471e+01
4.380000e-05	-2.055929e-02	-1.201828e+01
4.381000e-05	-6.280538e-03	-1.209406e+01
4.382000e-05	-1.927809e-02	-1.214572e+01
4.383000e-05	-2.294345e-02	-1.214794e+01
4.384000e-05	-2.244423e-02	-1.220000e+01
4.385000e-05	-1.165424e-02	-1.230521e+01
4.386000e-05	-1.633103e-02	-1.236669e+01
4.387000e-05	-2.382263e-02	-1.233727e+01
4.388000e-05	-2.118884e-02	-1.243087e+01
4.389000e-05	-1.578050e-02	-1.244153e+01
4.390000e-05	-1.801417e-02	-1.250363e+01
4.391000e-05	-2.639390e-02	-1.252519e+01
4.392000e-05	-2.435002e-02	-1.254669e+01
4.393000e-05	-1.780416e-02	-1.253637e+01
4.394000e-05	-1.874406e-02	-1.255687e+01
4.395000e-05	-2.501995e-02	-1.254781e+01
4.396000e-05	-2.681286e-02	-1.254789e+01
4.397000e-05	-2.132737e-02	-1.251877e+01
4.398000e-05	-2.006347e-02	-1.254834e+01
4.399000e-05	-2.753054e-02	-1.253777e+01
4.400000e-05	-2.898917e-02	-1.251826e+01
4.401000e-05	-2.684618e-02	-1.249571e+01
4.402000e-05	-2.298102e-02	-1.250473e+01
4.403000e-05	-3.022553e-02	-1.244210e+01
4.404000e-05	-3.307551e-02	-1.243998e+01
4.405000e-05	-3.021346e-02	-1.236787e+01
4.406000e-05	-2.545991e-02	-1.234527e+01
4.407000e-05	-2.980121e-02	-1.230468e+01
4.408000e-05	-3.454092e-02	-1.225010e+01
4.409000e-05	-3.248873e-02	-1.214890e+01
4.410000e-05	-2.990316e-02	-1.213831e+01
4.411000e-05	-3.441952e-02	-1.209318e+01
4.412000e-05	-3.974064e-02	-1.202897e+01
4.413000e-05	-3.906075e-02	-1.192669e+01
4.414000e-05	-3.644820e-02	-1.182058e+01
4.415000e-05	-3.935282e-02	-1.175741e+01
4.416000e-05	-4.245298e-02	-1.170305e+01
4.417000e-05	-4.238926e-02	-1.156689e+01
4.418000e-05	-3.935122e-02	-1.146115e+01
4.419000e-05	-4.267359e-02	-1.129524e+01
4.420000e-05	-4.744599e-02	-1.120247e+01
4.421000e-05	-4.738460e-02	-1.114430e+01
4.422000e-05	-4.554300e-02	-1.099944e+01
4.423000e-05	-4.734834e-02	-1.089324e+01
4.424000e-05	-4.909839e-02	-1.080940e+01
4.425000e-05	-4.807550e-02	-1.067218e+01
4.426000e-05	-4.452433e-02	-1.059687e+01
4.427000e-05	-4.518979e-02	-1.045313e+01
4.428000e-05	-4.724032e-02	-1.025473e+01
4.429000e-05	-4.583687e-02	-1.015784e+01
4.430000e-05	-4.356497e-02	-1.000950e+01
4.431000e-05	-4.200275e-02	-9.893179e+00
4.432000e-05	-4.342609e-02	-9.757838e+00
4.433000e-05	-4.201277e-02	-9.600025e+00
4.434000e-05	-3.794696e-02	-9.442500e+00
4.435000e-05	-3.574316e-02	-9.265207e+00
4.436000e-05	-3.694131e-02	-9.125787e+00
4.437000e-05	-3.613862e-02	-8.987895e+00
4.438000e-05	-3.191197e-02	-8.851029e+00
4.439000e-05	-3.002582e-02	-8.660549e+00
4.440000e-05	-3.017322e-02	-8.463025e+00
4.441000e-05	-2.963131e-02	-8.283281e+00
4.442000e-05	-2.723870e-02	-8.117263e+00
4.443000e-05	-2.519165e-02	-7.957341e+00
4.444000e-05	-2.517663e-02	-7.725362e+00
4.445000e-05	-2.565842e-02	-7.548312e+00
4.446000e-05	-2.268196e-02	-7.345413e+00
4.447000e-05	-2.106063e-02	-7.168395e+00
4.448000e-05	-2.127012e-02	-6.966787e+00
4.449000e-05	-2.110184e-02	-6.746814e+00
4.450000e-05	-1.908807e-02	-6.587817e+00
4.451000e-05	-1.810561e-02	-6.388471e+00
4.452000e-05	-1.705840e-02	-6.157365e+00
4.453000e-05	-1.765688e-02	-5.926315e+00
4.454000e-05	-1.583714e-02	-5.756790e+00
4.455000e-05	-1.345011e-02	-5.547418e+00
4.456000e-05	-1.447077e-02	-5.315209e+00
4.457000e-05	-1.438089e-02	-5.081604e+00
4.458000e-05	-1.304147e-02	-4.750544e+00
4.459000e-05	-1.205596e-02	-4.577446e+00
4.460000e-05	-1.141872e-02	-4.409524e+00
4.461000e-05	-1.111128e-02	-4.188468e+00
4.462000e-05	-1.008839e-02	-3.979574e+00
4.463000e-05	-9.532082e-03	-3.767466e+00
4.464000e-05	-8.875579e-03	-3.526790e+00
4.465000e-05	-1.034690e-02	-3.325836e+00
4.466000e-05	-9.940425e-03	-3.113834e+00
4.467000e-05	-8.256508e-03	-2.820606e+00
4.468000e-05	-7.337078e-03	-2.611150e+00
4.469000e-05	-6.790035e-03	-2.421099e+00
4.470000e-05	-6.877682e-03	-2.168494e+00
4.471000e-05	-6.094824e-03	-1.886938e+00
4.472000e-05	-5.708810e-03	-1.725863e+00
4.473000e-05	-6.932802e-03	-1.495338e+00
4.474000e-05	-5.479468e-03	-1.180524e+00
4.475000e-05	-6.661997e-03	-9.679961e-01
4.476000e-05	-4.310060e-03	-7.484460e-01
4.477000e-05	-3.277961e-03	-5.162844e-01
4.478000e-05	-3.003349e-03	-2.937867e-01
4.479000e-05	-1.873551e-03	-6.418039e-02
4.480000e-05	5.422590e-03	1.568699e-01
4.481000e-05	1.556108e-03	4.404302e-01
4.482000e-05	2.762151e-04	6.104240e-01
4.483000e-05	-1.727253e-03	8.104512e-01
4.484000e-05	1.000769e-03	1.003502e+00
4.485000e-05	1.731287e-03	1.283116e+00
4.486000e-05	4.692186e-03	1.504198e+00
4.487000e-05	2.681147e-02	1.778323e+00
4.488000e-05	6.498544e-02	2.040355e+00
4.489000e-05	5.744015e-04	2.253138e+00
4.490000e-05	-5.868219e-02	2.516141e+00
4.491000e-05	-3.995509e-02	2.748896e+00
4.492000e-05	-2.815419e-02	2.976790e+00
4.493000e-05	-3.118948e-02	3.083160e+00
4.494000e-05	7.122780e-02	3.292010e+00
4.495000e-05	-5.421615e-03	3.507295e+00
4.496000e-05	-4.740971e-02	3.714637e+00
4.497000e-05	1.318090e-01	3.854642e+00
4.498000e-05	-5.062068e-02	4.208397e+00
4.499000e-05	3.311526e-03	4.398926e+00
4.500000e-05	-4.071669e-03	4.589454e+00
4.501000e-05	-5.076205e-02	4.879459e+00
4.502000e-05	7.095663e-02	5.065086e+00
4.503000e-05	-7.703597e-03	5.357771e+00
4.504000e-05	-3.810351e-03	5.588297e+00
4.505000e-05	1.389919e-02	5.766348e+00
4.506000e-05	-1.108150e-02	6.030930e+00
4.507000e-05	1.553774e-02	6.168894e+00
4.508000e-05	-1.625122e-02	6.409349e+00
4.509000e-05	9.556180e-03	6.617896e+00
4.510000e-05	9.389026e-03	6.820479e+00
4.511000e-05	1.840726e-02	7.029451e+00
4.512000e-05	2.183647e-02	7.168850e+00
4.513000e-05	-4.195838e-02	7.389023e+00
4.514000e-05	2.554972e-02	7.600822e+00
4.515000e-05	5.609183e-03	7.841000e+00
4.516000e-05	7.009329e-03	8.060978e+00
4.517000e-05	6.175242e-03	8.221858e+00
4.518000e-05	1.072798e-03	8.368874e+00
4.519000e-05	2.248998e-02	8.546716e+00
4.520000e-05	-3.961779e-03	8.693109e+00
4.521000e-05	6.593629e-03	8.831955e+00
4.522000e-05	-7.288739e-03	9.008974e+00
4.523000e-05	1.560022e-02	9.199851e+00
4.524000e-05	1.291415e-02	9.376216e+00
4.525000e-05	2.918833e-03	9.504562e+00
4.526000e-05	8.647573e-03	9.650957e+00
4.527000e-05	6.832404e-03	9.799447e+00
4.528000e-05	1.339299e-02	9.966245e+00
4.529000e-05	-1.646688e-04	1.010464e+01
4.530000e-05	4.711267e-03	1.026106e+01
4.531000e-05	9.688054e-03	1.033822e+01
4.532000e-05	1.409613e-02	1.049316e+01
4.533000e-05	1.034253e-02	1.061045e+01
4.534000e-05	4.177697e-03	1.081874e+01
4.535000e-05	1.023503e-02	1.088258e+01
4.536000e-05	8.898893e-03	1.097882e+01
4.537000e-05	9.272066e-03	1.106363e+01
4.538000e-05	4.616955e-03	1.119777e+01
4.539000e-05	1.120123e-02	1.131311e+01
4.540000e-05	1.402074e-02	1.138990e+01
4.541000e-05	1.169348e-02	1.146209e+01
4.542000e-05	8.909733e-03	1.162135e+01
4.543000e-05	7.422419e-03	1.169561e+01
4.544000e-05	1.349351e-02	1.178892e+01
4.545000e-05	9.921593e-03	1.189253e+01
4.546000e-05	1.092535e-02	1.194622e+01
4.547000e-05	1.100286e-02	1.200837e+01
4.548000e-05	1.541248e-02	1.208453e+01
4.549000e-05	1.234798e-02	1.211372e+01
4.550000e-05	1.126919e-02	1.219882e+01
4.551000e-05	1.094389e-02	1.225205e+01
4.552000e-05	1.420998e-02	1.226459e+01
4.553000e-05	1.445486e-02	1.237469e+01
4.554000e-05	1.289303e-02	1.240680e+01
4.555000e-05	1.491286e-02	1.245998e+01
4.556000e-05	1.411747e-02	1.247256e+01
4.557000e-05	1.628542e-02	1.249309e+01
4.558000e-05	1.347904e-02	1.250479e+01
4.559000e-05	1.526023e-02	1.252568e+01
4.560000e-05	1.748449e-02	1.250621e+01
4.561000e-05	1.820684e-02	1.253634e+01
4.562000e-05	1.568645e-02	1.254624e+01
4.563000e-05	1.736968e-02	1.252576e+01
4.564000e-05	1.844069e-02	1.254571e+01
4.565000e-05	1.942463e-02	1.251574e+01
4.566000e-05	1.926736e-02	1.250466e+01
4.567000e-05	2.016154e-02	1.251416e+01
4.568000e-05	2.217047e-02	1.248361e+01
4.569000e-05	2.289537e-02	1.245958e+01
4.570000e-05	2.239549e-02	1.242897e+01
4.571000e-05	2.287627e-02	1.239737e+01
4.572000e-05	2.412901e-02	1.230361e+01
4.573000e-05	2.532555e-02	1.227158e+01
4.574000e-05	2.496839e-02	1.219105e+01
4.575000e-05	2.561095e-02	1.218789e+01
4.576000e-05	2.742214e-02	1.211473e+01
4.577000e-05	2.865981e-02	1.205095e+01
4.578000e-05	2.856855e-02	1.197730e+01
4.579000e-05	2.993256e-02	1.190203e+01
4.580000e-05	3.158005e-02	1.181002e+01
4.581000e-05	3.454732e-02	1.176524e+01
4.582000e-05	3.482719e-02	1.164000e+01
4.583000e-05	3.479197e-02	1.154524e+01
4.584000e-05	3.656552e-02	1.142255e+01
4.585000e-05	3.813957e-02	1.131576e+01
4.586000e-05	3.803361e-02	1.121892e+01
4.587000e-05	3.812194e-02	1.112528e+01
4.588000e-05	4.076117e-02	1.101840e+01
4.589000e-05	4.002178e-02	1.092369e+01
4.590000e-05	4.137503e-02	1.084945e+01
4.591000e-05	3.976172e-02	1.064158e+01
4.592000e-05	4.173441e-02	1.057884e+01
4.593000e-05	3.940376e-02	1.042052e+01
4.594000e-05	3.727777e-02	1.025316e+01
4.595000e-05	3.649642e-02	1.013732e+01
4.596000e-05	3.782512e-02	1.003955e+01
4.597000e-05	3.573777e-02	9.854051e+00
4.598000e-05	3.436884e-02	9.714607e+00
4.599000e-05	3.149411e-02	9.546341e+00
4.600000e-05	3.240195e-02	9.407473e+00
4.601000e-05	3.000720e-02	9.272653e+00
4.602000e-05	2.722658e-02	9.063808e+00
4.603000e-05	2.550263e-02	8.955733e+00
4.604000e-05	2.508732e-02	8.736891e+00
4.605000e-05	2.497324e-02	8.630444e+00
4.606000e-05	2.219039e-02	8.432102e+00
4.607000e-05	2.086560e-02	8.253634e+00
4.608000e-05	2.043313e-02	8.076729e+00
4.609000e-05	1.729013e-02	7.942733e+00
4.610000e-05	1.805662e-02	7.734786e+00
4.611000e-05	1.524299e-02	7.524712e+00
4.612000e-05	1.576116e-02	7.264206e+00
4.613000e-05	1.340740e-02	7.114732e+00
4.614000e-05	1.427913e-02	6.905364e+00
4.615000e-05	9.524645e-03	6.714913e+00
4.616000e-05	1.051614e-02	6.535837e+00
4.617000e-05	8.727151e-03	6.326236e+00
4.618000e-05	9.045173e-03	6.134265e+00
4.619000e-05	7.120351e-03	5.946416e+00
4.620000e-05	8.748028e-03	5.694812e+00
4.621000e-05	7.470599e-03	5.524785e+00
4.622000e-05	6.592491e-03	5.313184e+00
4.623000e-05	4.421112e-03	5.020071e+00
4.624000e-05	2.105308e-03	4.778395e+00
4.625000e-05	3.522810e-03	4.577868e+00
4.626000e-05	1.475864e-03	4.348949e+00
4.627000e-05	3.162457e-03	4.127736e+00
4.628000e-05	1.523330e-03	3.913836e+00
4.629000e-05	2.817972e-03	3.724232e+00
4.630000e-05	1.834899e-03	3.493783e+00
4.631000e-05	1.179876e-03	3.208624e+00
4.632000e-05	-8.091406e-04	2.989500e+00
4.633000e-05	-6.872091e-04	2.820052e+00
4.634000e-05	-2.171417e-03	2.629397e+00
4.635000e-05	-1.907353e-03	2.326888e+00
4.636000e-05	-1.165342e-03	2.075212e+00
4.637000e-05	-2.171984e-03	1.924812e+00
4.638000e-05	-9.043170e-04	1.623658e+00
4.639000e-05	-3.905609e-03	1.450579e+00
4.640000e-05	-2.396154e-03	1.200620e+00
4.641000e-05	-3.803504e-03	8.718568e-01
4.642000e-05	-3.002356e-03	6.532104e-01
4.643000e-05	-4.349955e-03	4.621528e-01
4.644000e-05	-4.024782e-03	2.422051e-01
4.645000e-05	-2.488059e-03	-4.105390e-02
4.646000e-05	3.892265e-03	-2.115302e-01
4.647000e-05	-1.187936e-03	-4.310076e-01
4.648000e-05	-3.495717e-03	-6.341080e-01
4.649000e-05	-4.396402e-03	-8.830828e-01
4.650000e-05	-2.854757e-03	-1.093216e+00
4.651000e-05	-3.164965e-03	-1.295137e+00
4.652000e-05	5.609455e-03	-1.527919e+00
4.653000e-05	5.882703e-02	-1.756216e+00
4.654000e-05	3.855628e-02	-1.996851e+00
4.655000e-05	-6.743037e-02	-2.277789e+00
4.656000e-05	-4.377174e-02	-2.590431e+00
4.657000e-05	-6.302721e-02	-2.809976e+00
4.658000e-05	-3.039778e-02	-2.979929e+00
4.659000e-05	1.204775e-01	-3.157348e+00
4.660000e-05	-6.745838e-02	-3.366767e+00
4.661000e-05	-4.527113e-02	-3.548926e+00
4.662000e-05	1.437648e-01	-3.704742e+00
4.663000e-05	-1.049441e-01	-4.019429e+00
4.664000e-05	5.390460e-02	-4.262108e+00
4.665000e-05	-5.502429e-02	-4.420903e+00
4.666000e-05	-9.715572e-02	-4.645187e+00
4.667000e-05	1.364469e-01	-4.862007e+00
4.668000e-05	-5.781709e-02	-5.112639e+00
4.669000e-05	1.313375e-02	-5.346370e+00
4.670000e-05	1.890710e-03	-5.589925e+00
4.671000e-05	-6.836407e-02	-5.801500e+00
4.672000e-05	9.019292e-02	-5.999896e+00
4.673000e-05	-1.004909e-01	-6.170428e+00
4.674000e-05	7.688070e-03	-6.422556e+00
4.675000e-05	2.005737e-02	-6.620375e+00
4.676000e-05	-7.481905e-03	-6.842033e+00
4.677000e-05	4.661032e-02	-7.020445e+00
4.678000e-05	-1.258920e-01	-7.282535e+00
4.679000e-05	6.872019e-02	-7.461505e+00
4.680000e-05	-2.841507e-02	-7.650428e+00
4.681000e-05	-3.114938e-03	-7.843633e+00
4.682000e-05	-6.278885e-03	-8.052033e+00
4.683000e-05	-4.184798e-02	-8.230483e+00
4.684000e-05	6.415812e-02	-8.358345e+00
4.685000e-05	-5.917596e-02	-8.587349e+00
4.686000e-05	3.773714e-03	-8.758795e+00
4.687000e-05	-3.996514e-02	-8.894187e+00
4.688000e-05	1.553772e-02	-9.093633e+00
4.689000e-05	2.079649e-03	-9.220450e+00
4.690000e-05	-3.965298e-02	-9.377872e+00
4.691000e-05	9.102445e-03	-9.517216e+00
4.692000e-05	-2.089092e-02	-9.714161e+00
4.693000e-05	1.504524e-02	-9.829555e+00
4.694000e-05	-4.466330e-02	-9.987720e+00
4.695000e-05	-1.073036e-02	-1.011677e+01
4.696000e-05	-6.685023e-03	-1.029303e+01
4.697000e-05	-5.189894e-04	-1.040193e+01
4.698000e-05	-1.737651e-02	-1.053624e+01
4.699000e-05	-2.572197e-02	-1.065266e+01
4.700000e-05	2.773248e-03	-1.077832e+01
4.701000e-05	-1.352431e-02	-1.090411e+01
4.702000e-05	-1.483057e-02	-1.102992e+01
4.703000e-05	-3.239155e-02	-1.111614e+01
4.704000e-05	-1.316930e-03	-1.124303e+01
4.705000e-05	-1.054091e-02	-1.134564e+01
4.706000e-05	-1.351512e-02	-1.141311e+01
4.707000e-05	-2.797393e-02	-1.154569e+01
4.708000e-05	-1.224978e-02	-1.165257e+01
4.709000e-05	-8.174293e-03	-1.176629e+01
4.710000e-05	-2.001080e-02	-1.185245e+01
4.711000e-05	-2.229348e-02	-1.192514e+01
4.712000e-05	-1.720521e-02	-1.202092e+01
4.713000e-05	-4.603701e-03	-1.207408e+01
4.714000e-05	-2.017077e-02	-1.214724e+01
4.715000e-05	-2.437057e-02	-1.214697e+01
4.716000e-05	-2.185071e-02	-1.225248e+01
4.717000e-05	-1.109983e-02	-1.227563e+01
4.718000e-05	-1.858532e-02	-1.233624e+01
4.719000e-05	-2.448025e-02	-1.236679e+01
4.720000e-05	-2.017380e-02	-1.242995e+01
4.721000e-05	-1.344025e-02	-1.245198e+01
4.722000e-05	-1.797126e-02	-1.251111e+01
4.723000e-05	-2.753307e-02	-1.250564e+01
4.724000e-05	-2.397575e-02	-1.254581e+01
4.725000e-05	-1.640939e-02	-1.252789e+01
4.726000e-05	-2.016192e-02	-1.254835e+01
4.727000e-05	-2.570324e-02	-1.255787e+01
4.728000e-05	-2.695461e-02	-1.256689e+01
4.729000e-05	-2.051676e-02	-1.257884e+01
4.730000e-05	-2.235267e-02	-1.257889e+01
4.731000e-05	-2.904152e-02	-1.254729e+01
4.732000e-05	-2.846379e-02	-1.253676e+01
4.733000e-05	-2.395440e-02	-1.255466e+01
4.734000e-05	-2.375903e-02	-1.248366e+01
4.735000e-05	-3.127310e-02	-1.248150e+01
4.736000e-05	-3.214523e-02	-1.241895e+01
4.737000e-05	-2.759720e-02	-1.237944e+01
4.738000e-05	-2.754778e-02	-1.231571e+01
4.739000e-05	-3.327526e-02	-1.228411e+01
4.740000e-05	-3.472909e-02	-1.225153e+01
4.741000e-05	-3.046114e-02	-1.216939e+01
4.742000e-05	-3.076024e-02	-1.216534e+01
4.743000e-05	-3.564485e-02	-1.207371e+01
4.744000e-05	-3.831382e-02	-1.201945e+01
4.745000e-05	-3.544092e-02	-1.192579e+01
4.746000e-05	-3.499947e-02	-1.183148e+01
4.747000e-05	-4.074933e-02	-1.176786e+01
4.748000e-05	-4.345278e-02	-1.167210e+01
4.749000e-05	-4.152293e-02	-1.153737e+01
4.750000e-05	-4.084508e-02	-1.146007e+01
4.751000e-05	-4.407377e-02	-1.131719e+01
4.752000e-05	-4.742481e-02	-1.122014e+01
4.753000e-05	-4.641641e-02	-1.110519e+01
4.754000e-05	-4.428710e-02	-1.096894e+01
4.755000e-05	-4.734645e-02	-1.089426e+01
4.756000e-05	-5.045077e-02	-1.076790e+01
4.757000e-05	-4.787591e-02	-1.065223e+01
4.758000e-05	-4.519111e-02	-1.056639e+01
4.759000e-05	-4.552671e-02	-1.042155e+01
4.760000e-05	-4.690748e-02	-1.030363e+01
4.761000e-05	-4.556547e-02	-1.016629e+01
4.762000e-05	-4.216186e-02	-9.980046e+00
4.763000e-05	-4.255614e-02	-9.863203e+00
4.764000e-05	-4.311979e-02	-9.726383e+00
4.765000e-05	-4.195467e-02	-9.609470e+00
4.766000e-05	-3.822821e-02	-9.421124e+00
4.767000e-05	-3.615984e-02	-9.261685e+00
4.768000e-05	-3.624391e-02	-9.084785e+00
4.769000e-05	-3.625684e-02	-8.977914e+00
4.770000e-05	-3.330680e-02	-8.829020e+00
4.771000e-05	-3.106242e-02	-8.611047e+00
4.772000e-05	-3.029778e-02	-8.461627e+00
4.773000e-05	-3.014655e-02	-8.284710e+00
4.774000e-05	-2.735789e-02	-8.142811e+00
4.775000e-05	-2.497053e-02	-7.965915e+00
4.776000e-05	-2.548419e-02	-7.736762e+00
4.777000e-05	-2.571826e-02	-7.503313e+00
4.778000e-05	-2.344042e-02	-7.355762e+00
4.779000e-05	-2.096088e-02	-7.156438e+00
4.780000e-05	-2.125989e-02	-6.906288e+00
4.781000e-05	-2.038701e-02	-6.736264e+00
4.782000e-05	-1.865344e-02	-6.516883e+00
4.783000e-05	-1.624997e-02	-6.376916e+00
4.784000e-05	-1.837613e-02	-6.127386e+00
4.785000e-05	-1.772887e-02	-5.915332e+00
4.786000e-05	-1.589213e-02	-5.715887e+00
4.787000e-05	-1.307769e-02	-5.544443e+00
4.788000e-05	-1.474951e-02	-5.261182e+00
4.789000e-05	-1.301409e-02	-5.032153e+00
4.790000e-05	-1.375309e-02	-4.747943e+00
4.791000e-05	-1.087417e-02	-4.578867e+00
4.792000e-05	-1.224338e-02	-4.357991e+00
4.793000e-05	-1.056422e-02	-4.178395e+00
4.794000e-05	-1.138829e-02	-3.977465e+00
4.795000e-05	-8.570572e-03	-3.726311e+00
4.796000e-05	-9.039178e-03	-3.495788e+00
4.797000e-05	-1.026698e-02	-3.285287e+00
4.798000e-05	-1.052061e-02	-3.083714e+00
4.799000e-05	-6.254634e-03	-2.851526e+00
4.800000e-05	-6.373666e-03	-2.621071e+00
4.801000e-05	-7.123697e-03	-2.389546e+00
4.802000e-05	-6.665543e-03	-2.126864e+00
4.803000e-05	-5.357439e-03	-1.896361e+00
4.804000e-05	-5.440350e-03	-1.694865e+00
4.805000e-05	-7.865973e-03	-1.511330e+00
4.806000e-05	-6.957773e-03	-1.140069e+00
4.807000e-05	-4.617326e-03	-9.279185e-01
4.808000e-05	-3.938961e-03	-7.559671e-01
4.809000e-05	-3.904733e-03	-4.821816e-01
4.810000e-05	-3.653829e-03	-2.527290e-01
4.811000e-05	1.010085e-03	-4.170408e-02
4.812000e-05	4.572635e-03	2.178249e-01
4.813000e-05	-3.350585e-04	4.510314e-01
4.814000e-05	-7.321017e-05	6.209553e-01
4.815000e-05	-1.595995e-03	8.109776e-01
4.816000e-05	1.404560e-03	1.055034e+00
4.817000e-05	2.009472e-03	1.305242e+00
4.818000e-05	4.931487e-03	1.545795e+00
4.819000e-05	3.272435e-02	1.829950e+00
4.820000e-05	6.430407e-02	1.989505e+00
4.821000e-05	-1.193599e-02	2.254612e+00
4.822000e-05	-5.617992e-02	2.535820e+00
4.823000e-05	-3.718094e-02	2.820327e+00
4.824000e-05	-2.867478e-02	2.978846e+00
4.825000e-05	-2.596572e-02	3.075159e+00
4.826000e-05	8.070542e-02	3.314160e+00
4.827000e-05	-2.743922e-02	3.590273e+00
4.828000e-05	-2.307696e-02	3.755243e+00
4.829000e-05	1.232636e-01	3.926170e+00
4.830000e-05	-6.138774e-02	4.220449e+00
4.831000e-05	1.575898e-02	4.441476e+00
4.832000e-05	-1.931677e-02	4.633082e+00
4.833000e-05	-3.564457e-02	4.893504e+00
4.834000e-05	7.039926e-02	5.127088e+00
4.835000e-05	-1.353939e-02	5.388396e+00
4.836000e-05	-3.274959e-04	5.621373e+00
4.837000e-05	9.930003e-03	5.810428e+00
4.838000e-05	-1.131143e-02	6.050476e+00
4.839000e-05	1.749557e-02	6.199900e+00
4.840000e-05	-1.888467e-02	6.430973e+00
4.841000e-05	1.418777e-02	6.590430e+00
4.842000e-05	4.991037e-03	6.852029e+00
4.843000e-05	2.600405e-02	7.020552e+00
4.844000e-05	1.226936e-02	7.242425e+00
4.845000e-05	-3.927696e-02	7.408879e+00
4.846000e-05	2.995606e-02	7.690455e+00
4.847000e-05	8.711683e-04	7.861904e+00
4.848000e-05	1.185214e-02	8.051078e+00
4.849000e-05	5.104622e-04	8.251505e+00
4.850000e-05	6.864764e-03	8.389325e+00
4.851000e-05	1.878286e-02	8.526297e+00
4.852000e-05	-2.965699e-03	8.723163e+00
4.853000e-05	5.202474e-03	8.853026e+00
4.854000e-05	-5.395332e-03	9.062029e+00
4.855000e-05	1.777005e-02	9.211923e+00
4.856000e-05	1.098232e-02	9.387319e+00
4.857000e-05	3.795259e-03	9.535236e+00
4.858000e-05	8.286367e-03	9.701063e+00
4.859000e-05	7.601483e-03	9.811500e+00
4.860000e-05	1.195584e-02	9.979239e+00
4.861000e-05	-1.197576e-04	1.013466e+01
4.862000e-05	4.414643e-03	1.028001e+01
4.863000e-05	1.103293e-02	1.033792e+01
4.864000e-05	1.358360e-02	1.051266e+01
4.865000e-05	9.543960e-03	1.064895e+01
4.866000e-05	5.137796e-03	1.077682e+01
4.867000e-05	1.091852e-02	1.092511e+01
4.868000e-05	8.832994e-03	1.097840e+01
4.869000e-05	7.946613e-03	1.106556e+01
4.870000e-05	5.396336e-03	1.119772e+01
4.871000e-05	1.186293e-02	1.131314e+01
4.872000e-05	1.470027e-02	1.142942e+01
4.873000e-05	1.117375e-02	1.151416e+01
4.874000e-05	8.001536e-03	1.160041e+01
4.875000e-05	9.501100e-03	1.175522e+01
4.876000e-05	1.384925e-02	1.181000e+01
4.877000e-05	9.935666e-03	1.186208e+01
4.878000e-05	1.091463e-02	1.195724e+01
4.879000e-05	1.104031e-02	1.202142e+01
4.880000e-05	1.569876e-02	1.210203e+01
4.881000e-05	1.154120e-02	1.214679e+01
4.882000e-05	1.021158e-02	1.221092e+01
4.883000e-05	1.155440e-02	1.224205e+01
4.884000e-05	1.404498e-02	1.230361e+01
4.885000e-05	1.437876e-02	1.236476e+01
4.886000e-05	1.365299e-02	1.243780e+01
4.887000e-05	1.388456e-02	1.248045e+01
4.888000e-05	1.492622e-02	1.250206e+01
4.889000e-05	1.623752e-02	1.249211e+01
4.890000e-05	1.387276e-02	1.256366e+01
4.891000e-05	1.457718e-02	1.251621e+01
4.892000e-05	1.727017e-02	1.252626e+01
4.893000e-05	1.811250e-02	1.253518e+01
4.894000e-05	1.757624e-02	1.254726e+01
4.895000e-05	1.660973e-02	1.251677e+01
4.896000e-05	1.864268e-02	1.254524e+01
4.897000e-05	1.973508e-02	1.253571e+01
4.898000e-05	1.961422e-02	1.251416e+01
4.899000e-05	1.923204e-02	1.249416e+01
4.900000e-05	2.131324e-02	1.250216e+01
4.901000e-05	2.347931e-02	1.243993e+01
4.902000e-05	2.221000e-02	1.240842e+01
4.903000e-05	2.319177e-02	1.234634e+01
4.904000e-05	2.295830e-02	1.231469e+01
4.905000e-05	2.611909e-02	1.226110e+01
4.906000e-05	2.573213e-02	1.222942e+01
4.907000e-05	2.490241e-02	1.218734e+01
4.908000e-05	2.585444e-02	1.209316e+01
4.909000e-05	2.869325e-02	1.201897e+01
4.910000e-05	2.887641e-02	1.197789e+01
4.911000e-05	2.963798e-02	1.190316e+01
4.912000e-05	3.057601e-02	1.181087e+01
4.913000e-05	3.427387e-02	1.177524e+01
4.914000e-05	3.617097e-02	1.163203e+01
4.915000e-05	3.514436e-02	1.151332e+01
4.916000e-05	3.561394e-02	1.137950e+01
4.917000e-05	3.710218e-02	1.131516e+01
4.918000e-05	3.891793e-02	1.123895e+01
4.919000e-05	3.935344e-02	1.109576e+01
4.920000e-05	3.898299e-02	1.097892e+01
4.921000e-05	4.042321e-02	1.090266e+01
4.922000e-05	4.150499e-02	1.082797e+01
4.923000e-05	4.030548e-02	1.065258e+01
4.924000e-05	3.997820e-02	1.050716e+01
4.925000e-05	3.882340e-02	1.039994e+01
4.926000e-05	4.010130e-02	1.025208e+01
4.927000e-05	3.760638e-02	1.013679e+01
4.928000e-05	3.599313e-02	9.999443e+00
4.929000e-05	3.454973e-02	9.851025e+00
4.930000e-05	3.511705e-02	9.713600e+00
4.931000e-05	3.268144e-02	9.506334e+00
4.932000e-05	3.078328e-02	9.398370e+00
4.933000e-05	3.005245e-02	9.242601e+00
4.934000e-05	2.790889e-02	9.114707e+00
4.935000e-05	2.755405e-02	8.944207e+00
4.936000e-05	2.437845e-02	8.746317e+00
4.937000e-05	2.328532e-02	8.589470e+00
4.938000e-05	2.204708e-02	8.422049e+00
4.939000e-05	2.293745e-02	8.253078e+00
4.940000e-05	1.889529e-02	8.041204e+00
4.941000e-05	1.801295e-02	7.873754e+00
4.942000e-05	1.694770e-02	7.681632e+00
4.943000e-05	1.669905e-02	7.492178e+00
4.944000e-05	1.363630e-02	7.273682e+00
4.945000e-05	1.367317e-02	7.093655e+00
4.946000e-05	1.260101e-02	6.903205e+00
4.947000e-05	1.327297e-02	6.725236e+00
4.948000e-05	1.038179e-02	6.504680e+00
4.949000e-05	9.920163e-03	6.314234e+00
4.950000e-05	8.716103e-03	6.125212e+00
4.951000e-05	7.732497e-03	5.896785e+00
4.952000e-05	7.347284e-03	5.684709e+00
4.953000e-05	5.443932e-03	5.463182e+00
4.954000e-05	5.759676e-03	5.240654e+00
4.955000e-05	5.235809e-03	5.009971e+00
4.956000e-05	4.224873e-03	4.796417e+00
4.957000e-05	3.039357e-03	4.566367e+00
4.958000e-05	3.133250e-03	4.376442e+00
4.959000e-05	2.872402e-03	4.125237e+00
4.960000e-05	2.290210e-03	3.883705e+00
4.961000e-05	1.206501e-03	3.684708e+00
4.962000e-05	7.591747e-04	3.455228e+00
4.963000e-05	1.323439e-03	3.209125e+00
4.964000e-05	1.494322e-06	2.980970e+00
4.965000e-05	-1.364996e-03	2.798076e+00
4.966000e-05	-1.230740e-03	2.496418e+00
4.967000e-05	-1.611628e-03	2.315812e+00
4.968000e-05	-1.502504e-03	2.134258e+00
4.969000e-05	-3.196947e-03	1.915287e+00
4.970000e-05	-2.688884e-03	1.642200e+00
4.971000e-05	-2.867667e-03	1.428547e+00
4.972000e-05	-2.666700e-03	1.158021e+00
4.973000e-05	-4.662253e-03	8.916315e-01
4.974000e-05	-4.418326e-03	6.616552e-01
4.975000e-05	-3.750520e-03	4.411288e-01
4.976000e-05	-3.043530e-03	2.000015e-01
4.977000e-05	-2.705206e-03	-5.248021e-02
4.978000e-05	3.168390e-03	-2.431091e-01
4.979000e-05	-2.554945e-03	-4.630288e-01
4.980000e-05	-2.147725e-03	-7.047906e-01
4.981000e-05	-6.002253e-03	-9.041857e-01
4.982000e-05	-2.874436e-03	-1.094190e+00
4.983000e-05	-3.890208e-03	-1.306718e+00
4.984000e-05	1.056416e-02	-1.578424e+00
4.985000e-05	6.569228e-02	-1.735345e+00
4.986000e-05	2.414425e-02	-2.029428e+00
4.987000e-05	-6.887972e-02	-2.329770e+00
4.988000e-05	-4.435991e-02	-2.642033e+00
4.989000e-05	-6.445455e-02	-2.841004e+00
4.990000e-05	-1.910216e-02	-3.021631e+00
4.991000e-05	1.230146e-01	-3.208867e+00
4.992000e-05	-9.270511e-02	-3.389949e+00
4.993000e-05	-7.268273e-03	-3.619447e+00
4.994000e-05	1.199982e-01	-3.746790e+00
4.995000e-05	-1.095832e-01	-4.024434e+00
4.996000e-05	7.079328e-02	-4.274082e+00
4.997000e-05	-8.427760e-02	-4.482479e+00
4.998000e-05	-6.789806e-02	-4.687565e+00
4.999000e-05	1.311027e-01	-4.863135e+00
