# 260929_11:50:15.670724
t	CH1	CH2
0.000000e+00	4.478250e-03	-3.078638e-01
1.000000e-08	-4.046638e-03	-4.864225e-01
2.000000e-08	4.475024e-06	-7.579463e-01
3.000000e-08	-5.056938e-03	-9.384213e-01
4.000000e-08	-1.654675e-03	-1.139018e+00
5.000000e-08	-4.057625e-03	-1.402653e+00
6.000000e-08	1.518539e-02	-1.612705e+00
7.000000e-08	9.309710e-02	-1.831654e+00
8.000000e-08	-2.773740e-02	-2.054868e+00
9.000000e-08	-4.960879e-02	-2.443251e+00
1.000000e-07	-4.810329e-02	-2.686834e+00
1.100000e-07	-6.416831e-02	-2.862802e+00
1.200000e-07	2.599890e-02	-3.046805e+00
1.300000e-07	1.264654e-01	-3.180620e+00
1.400000e-07	-1.922650e-01	-3.445728e+00
1.500000e-07	1.360207e-01	-3.612644e+00
1.600000e-07	3.432488e-02	-3.801748e+00
1.700000e-07	-9.482888e-02	-4.097881e+00
1.800000e-07	1.130224e-01	-4.307826e+00
1.900000e-07	-1.769089e-01	-4.447955e+00
2.000000e-07	5.055204e-02	-4.740983e+00
2.100000e-07	8.768132e-02	-4.900484e+00
2.200000e-07	-9.749650e-02	-5.215709e+00
2.300000e-07	9.544382e-02	-5.436623e+00
2.400000e-07	-9.488354e-02	-5.655945e+00
2.500000e-07	3.554901e-02	-5.857276e+00
2.600000e-07	4.531628e-02	-6.033768e+00
2.700000e-07	-1.363762e-01	-6.278896e+00
2.800000e-07	1.111260e-01	-6.457896e+00
2.900000e-07	-7.470527e-02	-6.667224e+00
3.000000e-07	9.877374e-02	-6.819896e+00
3.100000e-07	-6.427328e-02	-7.068923e+00
3.200000e-07	-5.554325e-02	-7.289973e+00
3.300000e-07	9.698309e-02	-7.447794e+00
3.400000e-07	-8.781068e-02	-7.711894e+00
3.500000e-07	7.346307e-02	-7.899920e+00
3.600000e-07	-8.556703e-02	-8.079395e+00
3.700000e-07	5.800332e-02	-8.267764e+00
3.800000e-07	5.365637e-03	-8.415734e+00
3.900000e-07	-4.387548e-02	-8.605280e+00
4.000000e-07	1.822719e-02	-8.783150e+00
4.100000e-07	-4.910873e-02	-8.922100e+00
4.200000e-07	7.226648e-02	-9.119442e+00
4.300000e-07	-5.816025e-02	-9.249657e+00
4.400000e-07	1.898510e-02	-9.417732e+00
4.500000e-07	-1.733120e-02	-9.575072e+00
4.600000e-07	1.603436e-02	-9.710997e+00
4.700000e-07	-2.517875e-03	-9.807259e+00
4.800000e-07	-3.851283e-02	-1.000525e+01
4.900000e-07	2.077673e-02	-1.010404e+01
5.000000e-07	-1.265635e-02	-1.030152e+01
5.100000e-07	2.292341e-02	-1.041718e+01
5.200000e-07	-3.986453e-02	-1.051409e+01
5.300000e-07	1.288725e-02	-1.064736e+01
5.400000e-07	-3.838388e-03	-1.077562e+01
5.500000e-07	4.823900e-03	-1.085031e+01
5.600000e-07	-2.217385e-02	-1.098627e+01
5.700000e-07	-6.201325e-03	-1.111097e+01
5.800000e-07	1.290230e-02	-1.117732e+01
5.900000e-07	-6.118150e-03	-1.129409e+01
6.000000e-07	-7.041675e-03	-1.143677e+01
6.100000e-07	-1.883440e-02	-1.152402e+01
6.200000e-07	1.328480e-02	-1.164935e+01
6.300000e-07	-7.286363e-03	-1.173312e+01
6.400000e-07	-6.443175e-03	-1.180925e+01
6.500000e-07	-1.418890e-02	-1.193094e+01
6.600000e-07	8.685688e-03	-1.199560e+01
6.700000e-07	-7.472626e-04	-1.204828e+01
6.800000e-07	-1.113679e-02	-1.211253e+01
6.900000e-07	-1.129381e-02	-1.212359e+01
7.000000e-07	-1.137313e-03	-1.221765e+01
7.100000e-07	3.928463e-03	-1.222630e+01
7.200000e-07	-1.202043e-02	-1.228038e+01
7.300000e-07	-8.163050e-03	-1.233444e+01
7.400000e-07	-2.534988e-03	-1.241817e+01
7.500000e-07	2.786613e-03	-1.240772e+01
7.600000e-07	-9.749888e-03	-1.243927e+01
7.700000e-07	-1.147263e-02	-1.245993e+01
7.800000e-07	-1.835587e-03	-1.247241e+01
7.900000e-07	2.228113e-03	-1.251403e+01
8.000000e-07	-6.869963e-03	-1.249338e+01
8.100000e-07	-1.231524e-02	-1.248251e+01
8.200000e-07	-4.610213e-03	-1.249251e+01
8.300000e-07	1.177363e-03	-1.249256e+01
8.400000e-07	-5.293738e-03	-1.248250e+01
8.500000e-07	-1.057153e-02	-1.245138e+01
8.600000e-07	-3.801738e-03	-1.248191e+01
8.700000e-07	1.311550e-03	-1.247980e+01
8.800000e-07	-3.445700e-03	-1.241872e+01
8.900000e-07	-1.218065e-02	-1.235724e+01
9.000000e-07	-5.393350e-03	-1.235356e+01
9.100000e-07	-1.393624e-04	-1.234196e+01
9.200000e-07	-2.465475e-03	-1.225090e+01
9.300000e-07	-9.172838e-03	-1.221722e+01
9.400000e-07	-6.768138e-03	-1.216462e+01
9.500000e-07	3.485003e-05	-1.213399e+01
9.600000e-07	-3.526788e-03	-1.204880e+01
9.700000e-07	-8.093975e-03	-1.199710e+01
9.800000e-07	-7.707525e-03	-1.192204e+01
9.900000e-07	-3.362125e-04	-1.188925e+01
1.000000e-06	-1.856913e-03	-1.170514e+01
1.010000e-06	-6.931725e-03	-1.164326e+01
1.020000e-06	-7.817513e-03	-1.153509e+01
1.030000e-06	-2.511813e-03	-1.146983e+01
1.040000e-06	-1.413225e-03	-1.136451e+01
1.050000e-06	-6.850300e-03	-1.124927e+01
1.060000e-06	-7.848400e-03	-1.110049e+01
1.070000e-06	-3.396325e-03	-1.098825e+01
1.080000e-06	-1.772363e-03	-1.092039e+01
1.090000e-06	-5.188488e-03	-1.083607e+01
1.100000e-06	-8.518088e-03	-1.072084e+01
1.110000e-06	-3.020713e-03	-1.060515e+01
1.120000e-06	-1.420613e-03	-1.048933e+01
1.130000e-06	-4.175613e-03	-1.032392e+01
1.140000e-06	-6.712125e-03	-1.018699e+01
1.150000e-06	-4.509013e-03	-1.004731e+01
1.160000e-06	-2.142650e-03	-9.910885e+00
1.170000e-06	-4.781338e-03	-9.784019e+00
1.180000e-06	-7.126488e-03	-9.637655e+00
1.190000e-06	-4.783863e-03	-9.500337e+00
1.200000e-06	-1.456500e-03	-9.334041e+00
1.210000e-06	-2.807275e-03	-9.182471e+00
1.220000e-06	-6.700238e-03	-9.017649e+00
1.230000e-06	-5.098638e-03	-8.868313e+00
1.240000e-06	-2.354438e-03	-8.679765e+00
1.250000e-06	-4.457800e-03	-8.480414e+00
1.260000e-06	-6.004763e-03	-8.359468e+00
1.270000e-06	-6.286125e-03	-8.204505e+00
1.280000e-06	-2.688938e-03	-7.995132e+00
1.290000e-06	-3.481838e-03	-7.796051e+00
1.300000e-06	-5.196438e-03	-7.592974e+00
1.310000e-06	-4.773963e-03	-7.393528e+00
1.320000e-06	-2.664688e-03	-7.266083e+00
1.330000e-06	-4.095663e-03	-7.056589e+00
1.340000e-06	-5.607688e-03	-6.813531e+00
1.350000e-06	-5.845300e-03	-6.635136e+00
1.360000e-06	-4.161263e-03	-6.436190e+00
1.370000e-06	-3.887288e-03	-6.287110e+00
1.380000e-06	-5.098600e-03	-6.003611e+00
1.390000e-06	-5.734263e-03	-5.834110e+00
1.400000e-06	-4.151100e-03	-5.651511e+00
1.410000e-06	-3.256763e-03	-5.434506e+00
1.420000e-06	-4.718350e-03	-5.181330e+00
1.430000e-06	-4.583675e-03	-4.898216e+00
1.440000e-06	-3.914363e-03	-4.644644e+00
1.450000e-06	-2.273313e-03	-4.496246e+00
1.460000e-06	-4.346688e-03	-4.306246e+00
1.470000e-06	-4.641038e-03	-4.046146e+00
1.480000e-06	-5.293313e-03	-3.926717e+00
1.490000e-06	-2.356425e-03	-3.611540e+00
1.500000e-06	-6.175825e-03	-3.392065e+00
1.510000e-06	-3.700650e-03	-3.231061e+00
1.520000e-06	-5.771088e-03	-2.949290e+00
1.530000e-06	-1.713338e-03	-2.747760e+00
1.540000e-06	-3.519088e-03	-2.534705e+00
1.550000e-06	-3.341988e-03	-2.356678e+00
1.560000e-06	-4.956913e-03	-2.031545e+00
1.570000e-06	-3.334638e-03	-1.822524e+00
1.580000e-06	-4.899875e-03	-1.610990e+00
1.590000e-06	-5.189650e-03	-1.346766e+00
1.600000e-06	-4.523138e-03	-1.073554e+00
1.610000e-06	-3.376663e-03	-8.336050e-01
1.620000e-06	-2.505825e-03	-6.735025e-01
1.630000e-06	-2.543313e-03	-3.689463e-01
1.640000e-06	-2.042825e-03	-1.778463e-01
1.650000e-06	2.549638e-03	4.115625e-02
1.660000e-06	5.577788e-03	2.953363e-01
1.670000e-06	-3.370575e-03	4.853400e-01
1.680000e-06	5.426250e-04	6.653188e-01
1.690000e-06	-3.794975e-03	8.759175e-01
1.700000e-06	2.048388e-03	1.159970e+00
1.710000e-06	5.712500e-05	1.400575e+00
1.720000e-06	8.413550e-03	1.663783e+00
1.730000e-06	4.818081e-02	1.835759e+00
1.740000e-06	5.829688e-02	2.106334e+00
1.750000e-06	-6.107758e-02	2.369168e+00
1.760000e-06	-4.599117e-02	2.615624e+00
1.770000e-06	-3.238593e-02	2.824722e+00
1.780000e-06	-4.086749e-02	2.980517e+00
1.790000e-06	4.351000e-03	3.156990e+00
1.800000e-06	1.026609e-01	3.333121e+00
1.810000e-06	-1.324668e-01	3.603166e+00
1.820000e-06	1.087717e-01	3.730490e+00
1.830000e-06	3.379324e-02	4.025723e+00
1.840000e-06	-6.844647e-02	4.225301e+00
1.850000e-06	5.623275e-02	4.447246e+00
1.860000e-06	-9.216942e-02	4.718926e+00
1.870000e-06	4.159480e-02	4.900980e+00
1.880000e-06	3.050161e-02	5.204111e+00
1.890000e-06	-2.796191e-02	5.456270e+00
1.900000e-06	1.631963e-02	5.594192e+00
1.910000e-06	-1.256594e-02	5.876246e+00
1.920000e-06	5.485625e-04	6.035819e+00
1.930000e-06	3.163738e-03	6.267318e+00
1.940000e-06	-2.335254e-02	6.416893e+00
1.950000e-06	2.478950e-02	6.688421e+00
1.960000e-06	-1.938674e-02	6.877445e+00
1.970000e-06	4.675314e-02	7.056891e+00
1.980000e-06	-3.916610e-02	7.256815e+00
1.990000e-06	-1.261708e-02	7.498415e+00
2.000000e-06	2.722183e-02	7.627941e+00
2.010000e-06	-1.879028e-02	7.879918e+00
2.020000e-06	1.895913e-02	8.088991e+00
2.030000e-06	-2.392928e-02	8.237466e+00
2.040000e-06	2.359219e-02	8.434759e+00
2.050000e-06	-1.056874e-02	8.584208e+00
2.060000e-06	2.833963e-03	8.709417e+00
2.070000e-06	-1.019869e-02	8.880438e+00
2.080000e-06	-6.410213e-03	9.047410e+00
2.090000e-06	1.610116e-02	9.207779e+00
2.100000e-06	-7.808650e-03	9.395677e+00
2.110000e-06	2.765325e-03	9.500068e+00
2.120000e-06	-5.598325e-03	9.651907e+00
2.130000e-06	7.784188e-03	9.806784e+00
2.140000e-06	-4.133525e-03	9.964175e+00
2.150000e-06	-4.628988e-03	1.009154e+01
2.160000e-06	-1.957125e-03	1.023678e+01
2.170000e-06	1.507025e-03	1.034517e+01
2.180000e-06	4.520525e-03	1.047244e+01
2.190000e-06	-6.277038e-03	1.060726e+01
2.200000e-06	-4.944125e-04	1.072362e+01
2.210000e-06	-7.673125e-04	1.084086e+01
2.220000e-06	3.162275e-03	1.095322e+01
2.230000e-06	-4.921375e-03	1.105935e+01
2.240000e-06	-1.480838e-03	1.115667e+01
2.250000e-06	2.167263e-03	1.127148e+01
2.260000e-06	2.744250e-03	1.136725e+01
2.270000e-06	-2.399275e-03	1.147311e+01
2.280000e-06	-5.542200e-03	1.160822e+01
2.290000e-06	3.211375e-04	1.171149e+01
2.300000e-06	2.887875e-04	1.174514e+01
2.310000e-06	-3.180500e-04	1.180835e+01
2.320000e-06	-2.637063e-03	1.189201e+01
2.330000e-06	2.544688e-03	1.198472e+01
2.340000e-06	-8.262488e-06	1.204185e+01
2.350000e-06	-1.933325e-03	1.207408e+01
2.360000e-06	-5.457288e-03	1.212611e+01
2.370000e-06	-1.648838e-03	1.220837e+01
2.380000e-06	5.231625e-04	1.225983e+01
2.390000e-06	-1.720975e-03	1.229348e+01
2.400000e-06	-1.820438e-03	1.233259e+01
2.410000e-06	-1.775775e-03	1.239670e+01
2.420000e-06	2.008613e-03	1.240882e+01
2.430000e-06	-2.485863e-03	1.245925e+01
2.440000e-06	-3.062450e-03	1.243935e+01
2.450000e-06	-6.252625e-04	1.243032e+01
2.460000e-06	1.452063e-03	1.246188e+01
2.470000e-06	-1.603150e-03	1.246193e+01
2.480000e-06	-4.500200e-03	1.246938e+01
2.490000e-06	-2.474488e-03	1.248840e+01
2.500000e-06	-1.124763e-03	1.245140e+01
2.510000e-06	-1.091375e-03	1.243985e+01
2.520000e-06	-3.327500e-03	1.243877e+01
2.530000e-06	-1.111213e-03	1.244767e+01
2.540000e-06	9.387500e-05	1.239619e+01
2.550000e-06	-1.100325e-03	1.237614e+01
2.560000e-06	-4.279238e-03	1.233253e+01
2.570000e-06	-2.972025e-03	1.229146e+01
2.580000e-06	-5.060625e-04	1.223879e+01
2.590000e-06	-1.299038e-03	1.215624e+01
2.600000e-06	-2.416850e-03	1.209361e+01
2.610000e-06	-3.279450e-03	1.205288e+01
2.620000e-06	-6.289250e-04	1.200875e+01
2.630000e-06	-2.133138e-03	1.194399e+01
2.640000e-06	-1.836188e-03	1.187030e+01
2.650000e-06	-3.598375e-03	1.177657e+01
2.660000e-06	-1.093275e-03	1.173348e+01
2.670000e-06	-1.748375e-03	1.163780e+01
2.680000e-06	-3.409963e-03	1.153501e+01
2.690000e-06	-3.091975e-03	1.138822e+01
2.700000e-06	-3.344213e-03	1.132349e+01
2.710000e-06	-1.058350e-03	1.116764e+01
2.720000e-06	-4.191900e-03	1.112136e+01
2.730000e-06	-2.238713e-03	1.101565e+01
2.740000e-06	-3.173788e-03	1.088993e+01
2.750000e-06	-5.763125e-04	1.083617e+01
2.760000e-06	-3.680813e-03	1.068836e+01
2.770000e-06	-2.896138e-03	1.053659e+01
2.780000e-06	-3.850125e-03	1.040565e+01
2.790000e-06	-1.962838e-03	1.029999e+01
2.800000e-06	-3.858600e-03	1.016506e+01
2.810000e-06	-2.416800e-03	1.003678e+01
2.820000e-06	-3.667588e-03	9.859861e+00
2.830000e-06	-1.371638e-03	9.703462e+00
2.840000e-06	-2.659613e-03	9.574024e+00
2.850000e-06	-3.720913e-03	9.426123e+00
2.860000e-06	-3.745275e-03	9.277834e+00
2.870000e-06	-2.787288e-03	9.163024e+00
2.880000e-06	-2.836275e-03	8.973571e+00
2.890000e-06	-4.634163e-03	8.774098e+00
2.900000e-06	-2.702738e-03	8.637158e+00
2.910000e-06	-2.824050e-03	8.457759e+00
2.920000e-06	-2.215875e-03	8.350388e+00
2.930000e-06	-3.548000e-03	8.134419e+00
2.940000e-06	-2.668650e-03	7.982018e+00
2.950000e-06	-2.883375e-03	7.751970e+00
2.960000e-06	-3.176813e-03	7.604075e+00
2.970000e-06	-5.292700e-03	7.363051e+00
2.980000e-06	-3.721575e-03	7.201428e+00
2.990000e-06	-4.044300e-03	6.973976e+00
3.000000e-06	-2.286525e-03	6.774079e+00
3.010000e-06	-4.152850e-03	6.604979e+00
3.020000e-06	-3.505663e-03	6.381103e+00
3.030000e-06	-2.931350e-03	6.172954e+00
3.040000e-06	-2.789200e-03	5.994160e+00
3.050000e-06	-4.411713e-03	5.763009e+00
3.060000e-06	-4.662900e-03	5.591977e+00
3.070000e-06	-4.736788e-03	5.371481e+00
3.080000e-06	-3.348563e-03	5.151396e+00
3.090000e-06	-4.024150e-03	4.825696e+00
3.100000e-06	-4.706238e-03	4.653139e+00
3.110000e-06	-3.162450e-03	4.432691e+00
3.120000e-06	-3.636563e-03	4.293614e+00
3.130000e-06	-4.227038e-03	3.979981e+00
3.140000e-06	-5.194888e-03	3.748908e+00
3.150000e-06	-3.561838e-03	3.601961e+00
3.160000e-06	-4.372600e-03	3.317355e+00
3.170000e-06	-4.367988e-03	3.106200e+00
3.180000e-06	-5.095588e-03	2.897226e+00
3.190000e-06	-5.176313e-03	2.717124e+00
3.200000e-06	-3.132313e-03	2.432541e+00
3.210000e-06	-4.865175e-03	2.202491e+00
3.220000e-06	-4.614088e-03	2.021044e+00
3.230000e-06	-4.674000e-03	1.768914e+00
3.240000e-06	-3.623675e-03	1.546311e+00
3.250000e-06	-4.504800e-03	1.325203e+00
3.260000e-06	-5.084275e-03	1.001576e+00
3.270000e-06	-5.047588e-03	7.678900e-01
3.280000e-06	-4.288500e-03	5.888388e-01
3.290000e-06	-3.566300e-03	3.672425e-01
3.300000e-06	-5.212038e-03	1.141038e-01
3.310000e-06	-1.556875e-04	-1.373663e-01
3.320000e-06	3.898750e-03	-3.368963e-01
3.330000e-06	-3.405025e-03	-5.083963e-01
3.340000e-06	-1.827288e-03	-8.000788e-01
3.350000e-06	-4.799563e-03	-9.506463e-01
3.360000e-06	-8.767125e-04	-1.169029e+00
3.370000e-06	-3.050613e-03	-1.453204e+00
3.380000e-06	2.127489e-02	-1.623180e+00
3.390000e-06	9.429659e-02	-1.834229e+00
3.400000e-06	-4.640353e-02	-2.118416e+00
3.410000e-06	-4.483931e-02	-2.484253e+00
3.420000e-06	-5.117526e-02	-2.707435e+00
3.430000e-06	-6.764019e-02	-2.885832e+00
3.440000e-06	6.127557e-02	-3.065884e+00
3.450000e-06	9.234304e-02	-3.212721e+00
3.460000e-06	-1.964866e-01	-3.475834e+00
3.470000e-06	1.763469e-01	-3.633674e+00
3.480000e-06	-1.816919e-02	-3.823235e+00
3.490000e-06	-5.841442e-02	-4.149860e+00
3.500000e-06	9.215629e-02	-4.307410e+00
3.510000e-06	-1.907268e-01	-4.521483e+00
3.520000e-06	9.704244e-02	-4.760584e+00
3.530000e-06	4.892890e-02	-4.931510e+00
3.540000e-06	-7.792244e-02	-5.207294e+00
3.550000e-06	9.122529e-02	-5.475250e+00
3.560000e-06	-1.109475e-01	-5.666823e+00
3.570000e-06	7.313653e-02	-5.889325e+00
3.580000e-06	2.667251e-03	-6.056348e+00
3.590000e-06	-1.095048e-01	-6.340080e+00
3.600000e-06	1.088505e-01	-6.477446e+00
3.610000e-06	-8.096843e-02	-6.729054e+00
3.620000e-06	1.162631e-01	-6.859926e+00
3.630000e-06	-1.045671e-01	-7.120976e+00
3.640000e-06	-1.197808e-02	-7.353554e+00
3.650000e-06	7.075493e-02	-7.478821e+00
3.660000e-06	-7.543420e-02	-7.702102e+00
3.670000e-06	7.021800e-02	-7.871499e+00
3.680000e-06	-9.432680e-02	-8.099922e+00
3.690000e-06	8.116852e-02	-8.257894e+00
3.700000e-06	-2.081394e-02	-8.407235e+00
3.710000e-06	-2.359258e-02	-8.597757e+00
3.720000e-06	3.420263e-03	-8.766179e+00
3.730000e-06	-3.541999e-02	-8.933124e+00
3.740000e-06	6.789450e-02	-9.100441e+00
3.750000e-06	-6.475927e-02	-9.259811e+00
3.760000e-06	2.966211e-02	-9.366905e+00
3.770000e-06	-2.667224e-02	-9.614550e+00
3.780000e-06	2.741493e-02	-9.743520e+00
3.790000e-06	-1.679561e-02	-9.848285e+00
3.800000e-06	-2.986643e-02	-1.001618e+01
3.810000e-06	1.705209e-02	-1.009415e+01
3.820000e-06	-8.741213e-03	-1.033094e+01
3.830000e-06	1.743428e-02	-1.043833e+01
3.840000e-06	-3.759304e-02	-1.057407e+01
3.850000e-06	2.078851e-02	-1.067983e+01
3.860000e-06	-7.600913e-03	-1.077667e+01
3.870000e-06	4.981400e-03	-1.090048e+01
3.880000e-06	-2.894790e-02	-1.096718e+01
3.890000e-06	-2.454100e-03	-1.112462e+01
3.900000e-06	8.354800e-03	-1.124670e+01
3.910000e-06	-3.840525e-03	-1.132415e+01
3.920000e-06	-7.779263e-03	-1.140921e+01
3.930000e-06	-1.262018e-02	-1.151262e+01
3.940000e-06	1.543005e-02	-1.165933e+01
3.950000e-06	-1.104483e-02	-1.171565e+01
3.960000e-06	-9.370238e-03	-1.182635e+01
3.970000e-06	-1.661338e-02	-1.191351e+01
3.980000e-06	9.485738e-03	-1.204567e+01
3.990000e-06	-3.806175e-03	-1.204983e+01
4.000000e-06	-9.221800e-03	-1.209246e+01
4.010000e-06	-8.864975e-03	-1.216459e+01
4.020000e-06	2.529088e-03	-1.227675e+01
4.030000e-06	2.445088e-03	-1.228928e+01
4.040000e-06	-1.338953e-02	-1.228188e+01
4.050000e-06	-7.108000e-03	-1.232306e+01
4.060000e-06	-3.596938e-03	-1.243724e+01
4.070000e-06	1.410450e-03	-1.238677e+01
4.080000e-06	-1.125934e-02	-1.244932e+01
4.090000e-06	-8.664313e-03	-1.246090e+01
4.100000e-06	5.058876e-04	-1.249298e+01
4.110000e-06	1.363250e-03	-1.248443e+01
4.120000e-06	-8.410850e-03	-1.248349e+01
4.130000e-06	-1.143923e-02	-1.250601e+01
4.140000e-06	-3.745713e-03	-1.251414e+01
4.150000e-06	1.325625e-03	-1.250383e+01
4.160000e-06	-6.265275e-03	-1.249393e+01
4.170000e-06	-9.740575e-03	-1.247490e+01
4.180000e-06	-3.248200e-03	-1.247938e+01
4.190000e-06	1.109575e-03	-1.245030e+01
4.200000e-06	-5.164113e-03	-1.241873e+01
4.210000e-06	-1.261645e-02	-1.237572e+01
4.220000e-06	-4.834550e-03	-1.236409e+01
4.230000e-06	1.675000e-04	-1.229201e+01
4.240000e-06	-3.154588e-03	-1.225035e+01
4.250000e-06	-8.827650e-03	-1.218725e+01
4.260000e-06	-5.660613e-03	-1.219511e+01
4.270000e-06	1.322275e-03	-1.212401e+01
4.280000e-06	-5.107388e-03	-1.207935e+01
4.290000e-06	-9.132938e-03	-1.197419e+01
4.300000e-06	-8.881063e-03	-1.192199e+01
4.310000e-06	-9.124250e-04	-1.181883e+01
4.320000e-06	-2.462738e-03	-1.173261e+01
4.330000e-06	-7.169613e-03	-1.162181e+01
4.340000e-06	-6.634200e-03	-1.154506e+01
4.350000e-06	-1.610138e-03	-1.142828e+01
4.360000e-06	-2.021175e-03	-1.131397e+01
4.370000e-06	-7.468388e-03	-1.116982e+01
4.380000e-06	-6.796900e-03	-1.110233e+01
4.390000e-06	-3.460363e-03	-1.099315e+01
4.400000e-06	-2.936188e-03	-1.090988e+01
4.410000e-06	-6.346325e-03	-1.081555e+01
4.420000e-06	-7.026750e-03	-1.066938e+01
4.430000e-06	-2.925813e-03	-1.060352e+01
4.440000e-06	-1.333275e-03	-1.046978e+01
4.450000e-06	-5.403963e-03	-1.029184e+01
4.460000e-06	-7.142988e-03	-1.015399e+01
4.470000e-06	-4.908138e-03	-1.002920e+01
4.480000e-06	-2.128488e-03	-9.879764e+00
4.490000e-06	-5.382500e-03	-9.783445e+00
4.500000e-06	-7.135638e-03	-9.645104e+00
4.510000e-06	-4.186950e-03	-9.488805e+00
4.520000e-06	-1.332325e-03	-9.252891e+00
4.530000e-06	-4.046850e-03	-9.162017e+00
4.540000e-06	-7.133550e-03	-9.036546e+00
4.550000e-06	-5.116775e-03	-8.856684e+00
4.560000e-06	-2.061050e-03	-8.720190e+00
4.570000e-06	-3.035638e-03	-8.510814e+00
4.580000e-06	-7.088713e-03	-8.338820e+00
4.590000e-06	-5.302425e-03	-8.201525e+00
4.600000e-06	-3.134788e-03	-8.024555e+00
4.610000e-06	-3.406563e-03	-7.754978e+00
4.620000e-06	-6.267988e-03	-7.562926e+00
4.630000e-06	-6.208025e-03	-7.392525e+00
4.640000e-06	-2.267200e-03	-7.234056e+00
4.650000e-06	-2.993950e-03	-7.036078e+00
4.660000e-06	-6.085838e-03	-6.812476e+00
4.670000e-06	-6.431063e-03	-6.614535e+00
4.680000e-06	-3.367863e-03	-6.404036e+00
4.690000e-06	-2.990538e-03	-6.224986e+00
4.700000e-06	-5.265250e-03	-6.002960e+00
4.710000e-06	-6.556800e-03	-5.812534e+00
4.720000e-06	-3.857013e-03	-5.563833e+00
4.730000e-06	-3.983438e-03	-5.382961e+00
4.740000e-06	-5.064725e-03	-5.138349e+00
4.750000e-06	-6.222063e-03	-4.898620e+00
4.760000e-06	-3.736175e-03	-4.602091e+00
4.770000e-06	-2.482188e-03	-4.444148e+00
4.780000e-06	-4.639213e-03	-4.285173e+00
4.790000e-06	-5.103638e-03	-4.064150e+00
4.800000e-06	-4.810825e-03	-3.875120e+00
4.810000e-06	-3.233825e-03	-3.610889e+00
4.820000e-06	-5.805425e-03	-3.401434e+00
4.830000e-06	-5.836375e-03	-3.199889e+00
4.840000e-06	-4.757925e-03	-2.898735e+00
4.850000e-06	-1.084325e-03	-2.708180e+00
4.860000e-06	-3.348675e-03	-2.483603e+00
4.870000e-06	-4.491788e-03	-2.325450e+00
4.880000e-06	-5.702313e-03	-1.991445e+00
4.890000e-06	-3.268575e-03	-1.810944e+00
4.900000e-06	-5.376113e-03	-1.558966e+00
4.910000e-06	-6.042650e-03	-1.254206e+00
4.920000e-06	-4.692175e-03	-1.083549e+00
4.930000e-06	-2.332538e-03	-8.516000e-01
4.940000e-06	-1.763938e-03	-6.299425e-01
4.950000e-06	-3.138988e-03	-3.752925e-01
4.960000e-06	-2.992538e-03	-1.382863e-01
4.970000e-06	3.211088e-03	3.326000e-02
4.980000e-06	3.704525e-03	2.974200e-01
4.990000e-06	-3.132713e-03	4.963613e-01
5.000000e-06	-3.609750e-04	7.168175e-01
5.010000e-06	-1.335875e-03	8.584688e-01
5.020000e-06	3.083613e-03	1.139599e+00
5.030000e-06	-1.251625e-04	1.393200e+00
5.040000e-06	1.000993e-02	1.666308e+00
5.050000e-06	5.558471e-02	1.876908e+00
5.060000e-06	4.534296e-02	2.128965e+00
5.070000e-06	-6.409901e-02	2.410119e+00
5.080000e-06	-4.493944e-02	2.645128e+00
5.090000e-06	-2.798376e-02	2.855251e+00
5.100000e-06	-4.596814e-02	2.992199e+00
5.110000e-06	2.527131e-02	3.129040e+00
5.120000e-06	8.077450e-02	3.393219e+00
5.130000e-06	-1.344883e-01	3.602168e+00
5.140000e-06	1.404301e-01	3.762540e+00
5.150000e-06	-1.637388e-03	4.016876e+00
5.160000e-06	-5.104285e-02	4.265426e+00
5.170000e-06	4.838240e-02	4.476404e+00
5.180000e-06	-9.635720e-02	4.719984e+00
5.190000e-06	6.015448e-02	4.912633e+00
5.200000e-06	1.426501e-02	5.236766e+00
5.210000e-06	-2.482223e-02	5.487270e+00
5.220000e-06	1.824681e-02	5.647301e+00
5.230000e-06	-1.763501e-02	5.887928e+00
5.240000e-06	9.451688e-03	6.055821e+00
5.250000e-06	-8.041051e-03	6.266869e+00
5.260000e-06	-1.435863e-02	6.447248e+00
5.270000e-06	1.975829e-02	6.728446e+00
5.280000e-06	-1.425559e-02	6.880998e+00
5.290000e-06	4.672945e-02	7.078346e+00
5.300000e-06	-5.119769e-02	7.269866e+00
5.310000e-06	-7.597123e-04	7.448440e+00
5.320000e-06	1.890353e-02	7.678523e+00
5.330000e-06	-1.253460e-02	7.911970e+00
5.340000e-06	1.715113e-02	8.130475e+00
5.350000e-06	-2.350406e-02	8.287414e+00
5.360000e-06	2.502560e-02	8.406760e+00
5.370000e-06	-1.435424e-02	8.554675e+00
5.380000e-06	4.249713e-03	8.720593e+00
5.390000e-06	-1.484698e-02	8.920943e+00
5.400000e-06	-1.604737e-03	9.039939e+00
5.410000e-06	1.684825e-02	9.226808e+00
5.420000e-06	-8.828438e-03	9.365178e+00
5.430000e-06	3.181638e-03	9.523019e+00
5.440000e-06	-7.470425e-03	9.722488e+00
5.450000e-06	9.832225e-03	9.818280e+00
5.460000e-06	-7.191363e-03	9.994176e+00
5.470000e-06	-4.215525e-03	1.011161e+01
5.480000e-06	-1.593125e-04	1.024731e+01
5.490000e-06	2.805263e-03	1.037572e+01
5.500000e-06	3.977388e-03	1.049151e+01
5.510000e-06	-6.695950e-03	1.062778e+01
5.520000e-06	1.562425e-03	1.078610e+01
5.530000e-06	-2.135450e-03	1.088996e+01
5.540000e-06	2.025550e-03	1.099562e+01
5.550000e-06	-6.277663e-03	1.104088e+01
5.560000e-06	1.873000e-04	1.119572e+01
5.570000e-06	1.634200e-03	1.127247e+01
5.580000e-06	1.713888e-03	1.134729e+01
5.590000e-06	-2.389938e-03	1.149447e+01
5.600000e-06	-4.012613e-03	1.163878e+01
5.610000e-06	4.980625e-04	1.172359e+01
5.620000e-06	-2.112213e-03	1.175520e+01
5.630000e-06	-3.496248e-05	1.185927e+01
5.640000e-06	-1.952250e-03	1.191256e+01
5.650000e-06	3.014450e-03	1.204625e+01
5.660000e-06	-1.800438e-03	1.203133e+01
5.670000e-06	-2.039350e-03	1.209400e+01
5.680000e-06	-2.824100e-03	1.215674e+01
5.690000e-06	-5.952625e-04	1.220933e+01
5.700000e-06	1.439750e-04	1.228140e+01
5.710000e-06	-2.323550e-03	1.231104e+01
5.720000e-06	-8.049750e-04	1.232559e+01
5.730000e-06	-1.487650e-03	1.239572e+01
5.740000e-06	3.185250e-04	1.241777e+01
5.750000e-06	-3.462263e-03	1.239735e+01
5.760000e-06	-2.338813e-03	1.247037e+01
5.770000e-06	-4.506250e-05	1.247838e+01
5.780000e-06	5.341249e-05	1.247098e+01
5.790000e-06	-1.989925e-03	1.245945e+01
5.800000e-06	-3.842963e-03	1.248145e+01
5.810000e-06	-8.564000e-04	1.246993e+01
5.820000e-06	-7.553875e-04	1.246880e+01
5.830000e-06	-1.069088e-03	1.246937e+01
5.840000e-06	-2.839300e-03	1.243785e+01
5.850000e-06	-1.753625e-04	1.243822e+01
5.860000e-06	-9.934250e-04	1.241762e+01
5.870000e-06	-1.970350e-03	1.238409e+01
5.880000e-06	-4.351813e-03	1.233104e+01
5.890000e-06	-1.713388e-03	1.224993e+01
5.900000e-06	-5.639000e-04	1.224925e+01
5.910000e-06	-1.994725e-03	1.213674e+01
5.920000e-06	-2.617038e-03	1.210401e+01
5.930000e-06	-2.126850e-03	1.202293e+01
5.940000e-06	-7.344500e-04	1.197520e+01
5.950000e-06	-3.527825e-03	1.193146e+01
5.960000e-06	-3.131050e-03	1.187035e+01
5.970000e-06	-3.094825e-03	1.179711e+01
5.980000e-06	-8.635625e-04	1.170251e+01
5.990000e-06	-2.445500e-03	1.159767e+01
6.000000e-06	-3.580463e-03	1.148296e+01
6.010000e-06	-2.300750e-03	1.143827e+01
6.020000e-06	-1.923438e-03	1.130396e+01
6.030000e-06	-1.080663e-03	1.116720e+01
6.040000e-06	-3.785125e-03	1.105990e+01
6.050000e-06	-1.914888e-03	1.102409e+01
6.060000e-06	-2.414563e-03	1.090881e+01
6.070000e-06	-1.269800e-03	1.080612e+01
6.080000e-06	-4.065613e-03	1.066780e+01
6.090000e-06	-2.848300e-03	1.051354e+01
6.100000e-06	-2.582313e-03	1.038665e+01
6.110000e-06	-1.944113e-03	1.026828e+01
6.120000e-06	-4.038000e-03	1.014196e+01
6.130000e-06	-3.321050e-03	1.003715e+01
6.140000e-06	-2.350588e-03	9.868653e+00
6.150000e-06	-1.543850e-03	9.651415e+00
6.160000e-06	-2.530988e-03	9.561438e+00
6.170000e-06	-3.053925e-03	9.414620e+00
6.180000e-06	-2.272400e-03	9.268783e+00
6.190000e-06	-3.088438e-03	9.162839e+00
6.200000e-06	-3.071163e-03	8.973445e+00
6.210000e-06	-4.880063e-03	8.802596e+00
6.220000e-06	-3.245338e-03	8.605575e+00
6.230000e-06	-3.481413e-03	8.436235e+00
6.240000e-06	-1.489488e-03	8.308340e+00
6.250000e-06	-3.767675e-03	8.109389e+00
6.260000e-06	-2.626988e-03	7.960894e+00
6.270000e-06	-2.933425e-03	7.710043e+00
6.280000e-06	-2.780425e-03	7.590922e+00
6.290000e-06	-4.935213e-03	7.350873e+00
6.300000e-06	-3.673750e-03	7.150896e+00
6.310000e-06	-3.995750e-03	6.970370e+00
6.320000e-06	-2.875600e-03	6.799926e+00
6.330000e-06	-4.471750e-03	6.501458e+00
6.340000e-06	-4.378888e-03	6.339525e+00
6.350000e-06	-3.882363e-03	6.172551e+00
6.360000e-06	-2.921775e-03	5.993033e+00
6.370000e-06	-4.092825e-03	5.781376e+00
6.380000e-06	-3.143850e-03	5.549475e+00
6.390000e-06	-2.171238e-03	5.359353e+00
6.400000e-06	-3.334788e-03	5.128369e+00
6.410000e-06	-5.002800e-03	4.833613e+00
6.420000e-06	-4.815913e-03	4.614589e+00
6.430000e-06	-5.922800e-03	4.413936e+00
6.440000e-06	-3.660100e-03	4.182483e+00
6.450000e-06	-3.925513e-03	3.959428e+00
6.460000e-06	-3.087975e-03	3.778855e+00
6.470000e-06	-2.682763e-03	3.580386e+00
6.480000e-06	-3.744138e-03	3.277751e+00
6.490000e-06	-4.443600e-03	3.104775e+00
6.500000e-06	-5.038763e-03	2.894147e+00
6.510000e-06	-6.240988e-03	2.674644e+00
6.520000e-06	-5.142750e-03	2.401368e+00
6.530000e-06	-4.739013e-03	2.188908e+00
6.540000e-06	-3.904775e-03	1.989439e+00
6.550000e-06	-4.504163e-03	1.750285e+00
6.560000e-06	-3.823613e-03	1.494654e+00
6.570000e-06	-4.171800e-03	1.254153e+00
6.580000e-06	-5.463000e-03	9.893188e-01
6.590000e-06	-5.414413e-03	7.678375e-01
6.600000e-06	-4.988538e-03	4.952838e-01
6.610000e-06	-5.140688e-03	3.467663e-01
6.620000e-06	-4.250188e-03	5.360375e-02
6.630000e-06	1.142750e-03	-1.289500e-01
6.640000e-06	3.488275e-03	-3.478688e-01
6.650000e-06	-3.110800e-03	-5.675263e-01
6.660000e-06	-2.525600e-03	-8.011000e-01
6.670000e-06	-4.547638e-03	-1.042104e+00
6.680000e-06	-6.785251e-04	-1.232153e+00
6.690000e-06	-2.001600e-03	-1.476880e+00
6.700000e-06	3.006860e-02	-1.656180e+00
6.710000e-06	8.829268e-02	-1.864754e+00
6.720000e-06	-5.828110e-02	-2.192074e+00
6.730000e-06	-4.069006e-02	-2.487880e+00
6.740000e-06	-5.295216e-02	-2.728415e+00
6.750000e-06	-7.181837e-02	-2.899337e+00
6.760000e-06	9.543727e-02	-3.107331e+00
6.770000e-06	5.040829e-02	-3.244780e+00
6.780000e-06	-1.771934e-01	-3.508359e+00
6.790000e-06	2.004650e-01	-3.625208e+00
6.800000e-06	-6.447852e-02	-3.898901e+00
6.810000e-06	-1.509983e-02	-4.180490e+00
6.820000e-06	6.121733e-02	-4.308510e+00
6.830000e-06	-1.895774e-01	-4.532088e+00
6.840000e-06	1.332361e-01	-4.753938e+00
6.850000e-06	7.638464e-03	-4.943140e+00
6.860000e-06	-5.042469e-02	-5.235271e+00
6.870000e-06	7.717578e-02	-5.487855e+00
6.880000e-06	-1.180515e-01	-5.689429e+00
6.890000e-06	1.037019e-01	-5.928929e+00
6.900000e-06	-4.121250e-02	-6.089824e+00
6.910000e-06	-7.438788e-02	-6.351980e+00
6.920000e-06	9.222514e-02	-6.519453e+00
6.930000e-06	-7.409263e-02	-6.720079e+00
6.940000e-06	1.210828e-01	-6.859530e+00
6.950000e-06	-1.342125e-01	-7.111075e+00
6.960000e-06	3.007234e-02	-7.341529e+00
6.970000e-06	3.915014e-02	-7.499976e+00
6.980000e-06	-5.615685e-02	-7.753581e+00
6.990000e-06	5.941554e-02	-7.921553e+00
7.000000e-06	-9.472348e-02	-8.122975e+00
7.010000e-06	9.642934e-02	-8.288493e+00
7.020000e-06	-4.673213e-02	-8.478414e+00
7.030000e-06	-2.729513e-03	-8.668339e+00
7.040000e-06	-1.500381e-02	-8.837281e+00
7.050000e-06	-1.448463e-02	-8.945104e+00
7.060000e-06	5.502230e-02	-9.132449e+00
7.070000e-06	-6.489215e-02	-9.271491e+00
7.080000e-06	3.436209e-02	-9.408810e+00
7.090000e-06	-3.219565e-02	-9.596227e+00
7.100000e-06	3.761909e-02	-9.752019e+00
7.110000e-06	-3.132836e-02	-9.859910e+00
7.120000e-06	-1.601935e-02	-1.005138e+01
7.130000e-06	9.233763e-03	-1.013662e+01
7.140000e-06	-2.522763e-03	-1.033452e+01
7.150000e-06	1.124636e-02	-1.047931e+01
7.160000e-06	-3.708728e-02	-1.057457e+01
7.170000e-06	2.209518e-02	-1.068036e+01
7.180000e-06	-1.134555e-02	-1.078575e+01
7.190000e-06	7.484625e-03	-1.090252e+01
7.200000e-06	-3.132708e-02	-1.097717e+01
7.210000e-06	6.233250e-03	-1.112554e+01
7.220000e-06	3.945113e-03	-1.120085e+01
7.230000e-06	-2.150013e-03	-1.131610e+01
7.240000e-06	-1.292764e-02	-1.145983e+01
7.250000e-06	-1.098850e-02	-1.154462e+01
7.260000e-06	1.243123e-02	-1.164048e+01
7.270000e-06	-1.094771e-02	-1.174504e+01
7.280000e-06	-6.972113e-03	-1.178928e+01
7.290000e-06	-1.302375e-02	-1.192449e+01
7.300000e-06	1.184231e-02	-1.198722e+01
7.310000e-06	-6.764050e-03	-1.205940e+01
7.320000e-06	-8.393600e-03	-1.212351e+01
7.330000e-06	-1.235565e-02	-1.218719e+01
7.340000e-06	3.206988e-03	-1.223028e+01
7.350000e-06	-2.845375e-04	-1.225033e+01
7.360000e-06	-1.182946e-02	-1.230243e+01
7.370000e-06	-6.332275e-03	-1.235459e+01
7.380000e-06	-1.866013e-03	-1.235619e+01
7.390000e-06	1.792675e-03	-1.242680e+01
7.400000e-06	-1.153843e-02	-1.241983e+01
7.410000e-06	-8.144438e-03	-1.246193e+01
7.420000e-06	1.071250e-05	-1.250408e+01
7.430000e-06	4.598625e-04	-1.249293e+01
7.440000e-06	-8.760775e-03	-1.250401e+01
7.450000e-06	-1.070420e-02	-1.251253e+01
7.460000e-06	-2.873063e-03	-1.252503e+01
7.470000e-06	9.725003e-05	-1.246493e+01
7.480000e-06	-7.175025e-03	-1.250348e+01
7.490000e-06	-8.132000e-03	-1.246098e+01
7.500000e-06	-2.778163e-03	-1.248238e+01
7.510000e-06	5.671250e-04	-1.244088e+01
7.520000e-06	-6.342925e-03	-1.239675e+01
7.530000e-06	-9.406838e-03	-1.240504e+01
7.540000e-06	-4.282938e-03	-1.233409e+01
7.550000e-06	-1.157763e-03	-1.234348e+01
7.560000e-06	-4.897525e-03	-1.224880e+01
7.570000e-06	-8.165038e-03	-1.219512e+01
7.580000e-06	-4.471213e-03	-1.213502e+01
7.590000e-06	-1.443538e-03	-1.212246e+01
7.600000e-06	-4.201475e-03	-1.204990e+01
7.610000e-06	-7.668513e-03	-1.194512e+01
7.620000e-06	-5.800038e-03	-1.192138e+01
7.630000e-06	-9.791000e-04	-1.179927e+01
7.640000e-06	-3.535825e-03	-1.171509e+01
7.650000e-06	-7.216463e-03	-1.162875e+01
7.660000e-06	-5.847400e-03	-1.150604e+01
7.670000e-06	-2.981588e-03	-1.143070e+01
7.680000e-06	-3.412775e-03	-1.131449e+01
7.690000e-06	-7.474900e-03	-1.117819e+01
7.700000e-06	-5.254275e-03	-1.109231e+01
7.710000e-06	-3.537488e-03	-1.099462e+01
7.720000e-06	-2.478413e-03	-1.088030e+01
7.730000e-06	-5.930300e-03	-1.078512e+01
7.740000e-06	-6.691300e-03	-1.065973e+01
7.750000e-06	-3.022713e-03	-1.057359e+01
7.760000e-06	-3.281225e-03	-1.044763e+01
7.770000e-06	-5.292713e-03	-1.034093e+01
7.780000e-06	-6.246325e-03	-1.015602e+01
7.790000e-06	-3.804900e-03	-1.001768e+01
7.800000e-06	-2.409263e-03	-9.868280e+00
7.810000e-06	-5.297200e-03	-9.750916e+00
7.820000e-06	-5.832675e-03	-9.615104e+00
7.830000e-06	-4.218975e-03	-9.467707e+00
7.840000e-06	-3.392800e-03	-9.270364e+00
7.850000e-06	-4.516475e-03	-9.151439e+00
7.860000e-06	-6.821513e-03	-8.964523e+00
7.870000e-06	-4.731238e-03	-8.835108e+00
7.880000e-06	-3.224788e-03	-8.657137e+00
7.890000e-06	-3.311525e-03	-8.468208e+00
7.900000e-06	-6.035238e-03	-8.267788e+00
7.910000e-06	-4.455025e-03	-8.151921e+00
7.920000e-06	-3.684738e-03	-7.973001e+00
7.930000e-06	-3.089563e-03	-7.752449e+00
7.940000e-06	-6.178713e-03	-7.518919e+00
7.950000e-06	-5.123338e-03	-7.370426e+00
7.960000e-06	-3.190463e-03	-7.182380e+00
7.970000e-06	-3.660213e-03	-6.982478e+00
7.980000e-06	-4.861400e-03	-6.781001e+00
7.990000e-06	-5.948900e-03	-6.582530e+00
8.000000e-06	-3.574863e-03	-6.424059e+00
8.010000e-06	-3.940688e-03	-6.212954e+00
8.020000e-06	-5.322125e-03	-5.969951e+00
8.030000e-06	-6.100950e-03	-5.799456e+00
8.040000e-06	-3.674000e-03	-5.580529e+00
8.050000e-06	-3.611750e-03	-5.321454e+00
8.060000e-06	-4.580850e-03	-5.096775e+00
8.070000e-06	-4.759213e-03	-4.813545e+00
8.080000e-06	-3.865313e-03	-4.600911e+00
8.090000e-06	-4.100713e-03	-4.463044e+00
8.100000e-06	-3.994300e-03	-4.234165e+00
8.110000e-06	-4.709000e-03	-4.051064e+00
8.120000e-06	-4.214938e-03	-3.760485e+00
8.130000e-06	-3.436400e-03	-3.569383e+00
8.140000e-06	-5.628513e-03	-3.350811e+00
8.150000e-06	-4.952963e-03	-3.199435e+00
8.160000e-06	-4.536738e-03	-2.874704e+00
8.170000e-06	-2.478313e-03	-2.715149e+00
8.180000e-06	-3.914275e-03	-2.464519e+00
8.190000e-06	-3.280275e-03	-2.242921e+00
8.200000e-06	-3.831225e-03	-1.991416e+00
8.210000e-06	-3.585475e-03	-1.790413e+00
8.220000e-06	-5.962638e-03	-1.589261e+00
8.230000e-06	-4.848188e-03	-1.273575e+00
8.240000e-06	-4.081313e-03	-1.042523e+00
8.250000e-06	-2.617075e-03	-8.305238e-01
8.260000e-06	-2.813788e-03	-5.812138e-01
8.270000e-06	-2.090238e-03	-3.352888e-01
8.280000e-06	-1.324088e-03	-1.342150e-01
8.290000e-06	4.518938e-03	4.431125e-02
8.300000e-06	6.244000e-04	3.399450e-01
8.310000e-06	-1.293850e-03	5.164475e-01
8.320000e-06	-2.145475e-03	7.578938e-01
8.330000e-06	-8.194750e-04	9.285450e-01
8.340000e-06	1.273450e-03	1.172678e+00
8.350000e-06	2.243375e-04	1.411755e+00
8.360000e-06	1.429968e-02	1.758418e+00
8.370000e-06	6.266052e-02	1.906861e+00
8.380000e-06	2.821320e-02	2.191071e+00
8.390000e-06	-6.391274e-02	2.393675e+00
8.400000e-06	-4.462052e-02	2.706830e+00
8.410000e-06	-2.406633e-02	2.896255e+00
8.420000e-06	-5.055881e-02	3.014648e+00
8.430000e-06	4.961854e-02	3.170516e+00
8.440000e-06	5.264710e-02	3.464753e+00
8.450000e-06	-1.232169e-01	3.624273e+00
8.460000e-06	1.582962e-01	3.802721e+00
8.470000e-06	-3.328630e-02	4.077953e+00
8.480000e-06	-3.037705e-02	4.288375e+00
8.490000e-06	3.480136e-02	4.517983e+00
8.500000e-06	-9.227170e-02	4.740009e+00
8.510000e-06	7.327280e-02	4.943266e+00
8.520000e-06	9.741227e-05	5.267345e+00
8.530000e-06	-1.954156e-02	5.468328e+00
8.540000e-06	1.615844e-02	5.638877e+00
8.550000e-06	-2.186691e-02	5.918956e+00
8.560000e-06	1.741558e-02	6.088403e+00
8.570000e-06	-1.826473e-02	6.288950e+00
8.580000e-06	-5.268963e-03	6.498901e+00
8.590000e-06	1.126565e-02	6.699026e+00
8.600000e-06	-4.390175e-03	6.889426e+00
8.610000e-06	4.112155e-02	7.108473e+00
8.620000e-06	-5.700085e-02	7.248023e+00
8.630000e-06	1.332774e-02	7.488424e+00
8.640000e-06	1.010968e-02	7.752071e+00
8.650000e-06	-7.189425e-03	7.902579e+00
8.660000e-06	9.914163e-03	8.142600e+00
8.670000e-06	-1.819720e-02	8.300490e+00
8.680000e-06	2.348809e-02	8.436188e+00
8.690000e-06	-1.655394e-02	8.635733e+00
8.700000e-06	4.683438e-03	8.742046e+00
8.710000e-06	-1.619720e-02	8.901594e+00
8.720000e-06	3.746063e-03	9.112472e+00
8.730000e-06	1.302321e-02	9.246385e+00
8.740000e-06	-1.000689e-02	9.418180e+00
8.750000e-06	3.871738e-03	9.532097e+00
8.760000e-06	-6.686313e-03	9.701013e+00
8.770000e-06	9.967613e-03	9.866840e+00
8.780000e-06	-9.601088e-03	1.003722e+01
8.790000e-06	-3.478025e-03	1.016302e+01
8.800000e-06	-6.509625e-04	1.026936e+01
8.810000e-06	3.833550e-03	1.039573e+01
8.820000e-06	3.743875e-03	1.051304e+01
8.830000e-06	-6.278800e-03	1.066038e+01
8.840000e-06	1.697650e-03	1.079469e+01
8.850000e-06	-2.247163e-03	1.089304e+01
8.860000e-06	1.777825e-03	1.097470e+01
8.870000e-06	-7.335375e-03	1.109101e+01
8.880000e-06	3.959250e-04	1.121832e+01
8.890000e-06	1.671700e-03	1.131164e+01
8.900000e-06	2.549663e-03	1.141933e+01
8.910000e-06	-3.292588e-03	1.152404e+01
8.920000e-06	-4.398463e-03	1.164930e+01
8.930000e-06	1.094288e-03	1.174204e+01
8.940000e-06	-1.413088e-03	1.178622e+01
8.950000e-06	-1.002288e-03	1.183780e+01
8.960000e-06	-2.983525e-03	1.190449e+01
8.970000e-06	2.649550e-03	1.197924e+01
8.980000e-06	-4.307250e-04	1.208186e+01
8.990000e-06	-2.343925e-03	1.210507e+01
9.000000e-06	-3.987538e-03	1.213659e+01
9.010000e-06	-1.206175e-03	1.220933e+01
9.020000e-06	3.322375e-04	1.227191e+01
9.030000e-06	-2.495088e-03	1.227303e+01
9.040000e-06	-6.588750e-04	1.234404e+01
9.050000e-06	-2.179263e-03	1.241679e+01
9.060000e-06	1.330250e-03	1.239682e+01
9.070000e-06	-3.795438e-03	1.243827e+01
9.080000e-06	-1.417375e-03	1.248888e+01
9.090000e-06	-9.947499e-05	1.247975e+01
9.100000e-06	4.902000e-04	1.246040e+01
9.110000e-06	-2.760775e-03	1.248140e+01
9.120000e-06	-3.538650e-03	1.248185e+01
9.130000e-06	-1.406463e-03	1.248188e+01
9.140000e-06	-1.121500e-03	1.246890e+01
9.150000e-06	-1.702563e-03	1.242877e+01
9.160000e-06	-2.961913e-03	1.243733e+01
9.170000e-06	-7.437250e-04	1.239672e+01
9.180000e-06	-1.200163e-03	1.241617e+01
9.190000e-06	-2.759688e-03	1.233357e+01
9.200000e-06	-3.692125e-03	1.232246e+01
9.210000e-06	-1.610875e-03	1.229985e+01
9.220000e-06	-9.741125e-04	1.218933e+01
9.230000e-06	-2.418963e-03	1.214612e+01
9.240000e-06	-3.457125e-03	1.208213e+01
9.250000e-06	-2.640700e-03	1.204982e+01
9.260000e-06	-1.239363e-03	1.199619e+01
9.270000e-06	-2.836900e-03	1.196151e+01
9.280000e-06	-3.762050e-03	1.184875e+01
9.290000e-06	-2.610413e-03	1.178562e+01
9.300000e-06	-5.669750e-04	1.169051e+01
9.310000e-06	-1.596750e-03	1.162767e+01
9.320000e-06	-3.147125e-03	1.151291e+01
9.330000e-06	-1.941763e-03	1.140725e+01
9.340000e-06	-1.940375e-03	1.128344e+01
9.350000e-06	-1.751725e-03	1.115464e+01
9.360000e-06	-4.057750e-03	1.106992e+01
9.370000e-06	-2.573350e-03	1.099360e+01
9.380000e-06	-2.613688e-03	1.086986e+01
9.390000e-06	-5.780000e-04	1.080407e+01
9.400000e-06	-3.419613e-03	1.061833e+01
9.410000e-06	-2.345013e-03	1.051451e+01
9.420000e-06	-1.742538e-03	1.034407e+01
9.430000e-06	-1.689938e-03	1.026818e+01
9.440000e-06	-4.351925e-03	1.010151e+01
9.450000e-06	-2.487025e-03	1.000660e+01
9.460000e-06	-2.200588e-03	9.836653e+00
9.470000e-06	-1.593850e-03	9.700860e+00
9.480000e-06	-3.023200e-03	9.529964e+00
9.490000e-06	-2.992350e-03	9.393074e+00
9.500000e-06	-2.857375e-03	9.237281e+00
9.510000e-06	-2.744488e-03	9.151936e+00
9.520000e-06	-3.838288e-03	8.911966e+00
9.530000e-06	-4.089175e-03	8.761941e+00
9.540000e-06	-2.242463e-03	8.593500e+00
9.550000e-06	-2.136963e-03	8.416687e+00
9.560000e-06	-3.043225e-03	8.288239e+00
9.570000e-06	-3.883350e-03	8.078766e+00
9.580000e-06	-2.251938e-03	7.909364e+00
9.590000e-06	-3.224300e-03	7.740920e+00
9.600000e-06	-3.643513e-03	7.549414e+00
9.610000e-06	-4.409313e-03	7.262820e+00
9.620000e-06	-3.666000e-03	7.130368e+00
9.630000e-06	-2.977400e-03	6.949844e+00
9.640000e-06	-3.608125e-03	6.771921e+00
9.650000e-06	-4.013363e-03	6.550871e+00
9.660000e-06	-2.897538e-03	6.308295e+00
9.670000e-06	-3.616100e-03	6.128448e+00
9.680000e-06	-3.643963e-03	6.000955e+00
9.690000e-06	-4.135250e-03	5.740449e+00
9.700000e-06	-4.116050e-03	5.537874e+00
9.710000e-06	-4.165225e-03	5.298375e+00
9.720000e-06	-3.800188e-03	5.115268e+00
9.730000e-06	-2.292875e-03	4.822549e+00
9.740000e-06	-4.255288e-03	4.582457e+00
9.750000e-06	-2.101625e-03	4.380515e+00
9.760000e-06	-5.187725e-03	4.160283e+00
9.770000e-06	-4.029238e-03	3.917806e+00
9.780000e-06	-5.971575e-03	3.748250e+00
9.790000e-06	-3.991338e-03	3.526853e+00
9.800000e-06	-5.376963e-03	3.255599e+00
9.810000e-06	-3.154025e-03	3.043545e+00
9.820000e-06	-3.481313e-03	2.803649e+00
9.830000e-06	-3.657575e-03	2.633045e+00
9.840000e-06	-5.577025e-03	2.368438e+00
9.850000e-06	-4.621500e-03	2.177833e+00
9.860000e-06	-5.140138e-03	1.959809e+00
9.870000e-06	-4.548888e-03	1.705781e+00
9.880000e-06	-4.955325e-03	1.433526e+00
9.890000e-06	-4.871550e-03	1.241998e+00
9.900000e-06	-2.795863e-03	9.773363e-01
9.910000e-06	-4.073363e-03	7.257288e-01
9.920000e-06	-4.051000e-03	4.822075e-01
9.930000e-06	-5.603663e-03	3.252325e-01
9.940000e-06	-2.934438e-03	2.055000e-02
9.950000e-06	3.082900e-03	-1.595288e-01
9.960000e-06	1.077163e-03	-3.794975e-01
9.970000e-06	-4.508713e-03	-6.115538e-01
9.980000e-06	-2.375450e-03	-8.621300e-01
9.990000e-06	-2.475150e-03	-1.031653e+00
1.000000e-05	-2.712475e-03	-1.234609e+00
1.001000e-05	-2.096600e-03	-1.547835e+00
1.002000e-05	4.185380e-02	-1.674785e+00
1.003000e-05	8.095517e-02	-1.877256e+00
1.004000e-05	-6.880869e-02	-2.234653e+00
1.005000e-05	-3.997966e-02	-2.510441e+00
1.006000e-05	-5.361093e-02	-2.757017e+00
1.007000e-05	-7.008164e-02	-2.932565e+00
1.008000e-05	1.255425e-01	-3.118410e+00
1.009000e-05	1.095975e-03	-3.276805e+00
1.010000e-05	-1.434294e-01	-3.569460e+00
1.011000e-05	2.105594e-01	-3.623251e+00
1.012000e-05	-1.052351e-01	-3.877460e+00
1.013000e-05	2.714283e-02	-4.191068e+00
1.014000e-05	2.145078e-02	-4.349036e+00
1.015000e-05	-1.735912e-01	-4.595146e+00
1.016000e-05	1.585866e-01	-4.781615e+00
1.017000e-05	-3.176196e-02	-5.022716e+00
1.018000e-05	-1.822629e-02	-5.239983e+00
1.019000e-05	5.533753e-02	-5.467929e+00
1.020000e-05	-1.143001e-01	-5.701059e+00
1.021000e-05	1.236815e-01	-5.960480e+00
1.022000e-05	-8.205280e-02	-6.110554e+00
1.023000e-05	-3.265529e-02	-6.383630e+00
1.024000e-05	6.824319e-02	-6.481053e+00
1.025000e-05	-5.495990e-02	-6.771083e+00
1.026000e-05	1.139271e-01	-6.924054e+00
1.027000e-05	-1.543177e-01	-7.184110e+00
1.028000e-05	6.719235e-02	-7.383133e+00
1.029000e-05	3.491400e-03	-7.533055e+00
1.030000e-05	-3.027776e-02	-7.785683e+00
1.031000e-05	4.070731e-02	-7.982556e+00
1.032000e-05	-8.350668e-02	-8.163550e+00
1.033000e-05	1.025047e-01	-8.319950e+00
1.034000e-05	-6.553906e-02	-8.449942e+00
1.035000e-05	1.573469e-02	-8.649942e+00
1.036000e-05	-3.336718e-02	-8.826384e+00
1.037000e-05	6.044475e-03	-9.014705e+00
1.038000e-05	3.832474e-02	-9.142100e+00
1.039000e-05	-5.821814e-02	-9.314046e+00
1.040000e-05	3.356544e-02	-9.407389e+00
1.041000e-05	-3.339773e-02	-9.617754e+00
1.042000e-05	4.167359e-02	-9.783650e+00
1.043000e-05	-4.350365e-02	-9.890394e+00
1.044000e-05	-4.213450e-03	-1.003926e+01
1.045000e-05	2.002012e-03	-1.016625e+01
1.046000e-05	5.593163e-03	-1.036400e+01
1.047000e-05	1.761075e-03	-1.041779e+01
1.048000e-05	-3.245749e-02	-1.058515e+01
1.049000e-05	2.104254e-02	-1.069991e+01
1.050000e-05	-1.182980e-02	-1.081677e+01
1.051000e-05	5.231913e-03	-1.086252e+01
1.052000e-05	-3.378590e-02	-1.103675e+01
1.053000e-05	1.107286e-02	-1.113417e+01
1.054000e-05	-1.996251e-04	-1.120986e+01
1.055000e-05	-1.865000e-04	-1.135622e+01
1.056000e-05	-1.709511e-02	-1.146891e+01
1.057000e-05	-5.478700e-03	-1.154770e+01
1.058000e-05	9.659951e-03	-1.166238e+01
1.059000e-05	-1.067173e-02	-1.175772e+01
1.060000e-05	-9.723013e-03	-1.180990e+01
1.061000e-05	-1.173334e-02	-1.192457e+01
1.062000e-05	1.078166e-02	-1.199772e+01
1.063000e-05	-8.299625e-03	-1.209093e+01
1.064000e-05	-9.837425e-03	-1.210399e+01
1.065000e-05	-1.055684e-02	-1.219675e+01
1.066000e-05	5.045038e-03	-1.222935e+01
1.067000e-05	-1.745575e-03	-1.226940e+01
1.068000e-05	-1.143744e-02	-1.231146e+01
1.069000e-05	-7.284675e-03	-1.232409e+01
1.070000e-05	-2.040388e-03	-1.237673e+01
1.071000e-05	-4.493125e-04	-1.241730e+01
1.072000e-05	-1.178741e-02	-1.244035e+01
1.073000e-05	-7.126100e-03	-1.246140e+01
1.074000e-05	6.115500e-04	-1.250304e+01
1.075000e-05	-3.219500e-04	-1.249404e+01
1.076000e-05	-7.946075e-03	-1.251293e+01
1.077000e-05	-1.041226e-02	-1.250493e+01
1.078000e-05	-2.218863e-03	-1.251356e+01
1.079000e-05	-1.020013e-03	-1.250398e+01
1.080000e-05	-7.919825e-03	-1.249353e+01
1.081000e-05	-7.856300e-03	-1.245083e+01
1.082000e-05	-3.721275e-03	-1.247293e+01
1.083000e-05	4.030875e-04	-1.241037e+01
1.084000e-05	-6.898938e-03	-1.238920e+01
1.085000e-05	-9.558325e-03	-1.236507e+01
1.086000e-05	-4.039350e-03	-1.233254e+01
1.087000e-05	-1.021650e-03	-1.228289e+01
1.088000e-05	-5.162863e-03	-1.227937e+01
1.089000e-05	-9.623338e-03	-1.217564e+01
1.090000e-05	-3.756350e-03	-1.215559e+01
1.091000e-05	-6.763626e-04	-1.210100e+01
1.092000e-05	-4.172500e-03	-1.202880e+01
1.093000e-05	-8.648275e-03	-1.199552e+01
1.094000e-05	-6.439338e-03	-1.190993e+01
1.095000e-05	-1.665050e-03	-1.186812e+01
1.096000e-05	-4.403863e-03	-1.173449e+01
1.097000e-05	-8.500538e-03	-1.163868e+01
1.098000e-05	-6.152675e-03	-1.151246e+01
1.099000e-05	-1.983463e-03	-1.144830e+01
1.100000e-05	-2.332500e-03	-1.128183e+01
1.101000e-05	-6.401625e-03	-1.115714e+01
1.102000e-05	-6.880475e-03	-1.105088e+01
1.103000e-05	-3.502850e-03	-1.096315e+01
1.104000e-05	-3.780463e-03	-1.086818e+01
1.105000e-05	-7.269238e-03	-1.078354e+01
1.106000e-05	-7.720413e-03	-1.067820e+01
1.107000e-05	-3.003350e-03	-1.052349e+01
1.108000e-05	-2.044638e-03	-1.041563e+01
1.109000e-05	-4.866750e-03	-1.022821e+01
1.110000e-05	-5.270300e-03	-1.015447e+01
1.111000e-05	-3.269550e-03	-1.000420e+01
1.112000e-05	-3.426588e-03	-9.876730e+00
1.113000e-05	-7.847663e-03	-9.710865e+00
1.114000e-05	-7.246963e-03	-9.615125e+00
1.115000e-05	-4.061963e-03	-9.428705e+00
1.116000e-05	-2.493575e-03	-9.279713e+00
1.117000e-05	-3.734825e-03	-9.129314e+00
1.118000e-05	-6.708225e-03	-8.953524e+00
1.119000e-05	-3.718063e-03	-8.815005e+00
1.120000e-05	-3.039713e-03	-8.616557e+00
1.121000e-05	-5.745288e-03	-8.404679e+00
1.122000e-05	-7.617738e-03	-8.278763e+00
1.123000e-05	-4.024838e-03	-8.170370e+00
1.124000e-05	-2.034438e-03	-7.990971e+00
1.125000e-05	-4.077988e-03	-7.700867e+00
1.126000e-05	-6.807088e-03	-7.509316e+00
1.127000e-05	-4.026788e-03	-7.370875e+00
1.128000e-05	-2.750400e-03	-7.159978e+00
1.129000e-05	-4.872488e-03	-6.931450e+00
1.130000e-05	-6.697338e-03	-6.769924e+00
1.131000e-05	-5.470738e-03	-6.571876e+00
1.132000e-05	-1.318463e-03	-6.371551e+00
1.133000e-05	-3.771088e-03	-6.130400e+00
1.134000e-05	-6.358775e-03	-5.969849e+00
1.135000e-05	-5.082575e-03	-5.748855e+00
1.136000e-05	-2.189113e-03	-5.582429e+00
1.137000e-05	-4.311488e-03	-5.297273e+00
1.138000e-05	-5.543525e-03	-5.056093e+00
1.139000e-05	-6.092863e-03	-4.834583e+00
1.140000e-05	-2.151938e-03	-4.560459e+00
1.141000e-05	-3.569638e-03	-4.420985e+00
1.142000e-05	-4.182038e-03	-4.212539e+00
1.143000e-05	-6.025400e-03	-3.982469e+00
1.144000e-05	-2.861713e-03	-3.772435e+00
1.145000e-05	-3.743513e-03	-3.577810e+00
1.146000e-05	-5.519063e-03	-3.370759e+00
1.147000e-05	-5.718013e-03	-3.109304e+00
1.148000e-05	-3.423138e-03	-2.862671e+00
1.149000e-05	-1.611613e-03	-2.683996e+00
1.150000e-05	-3.344163e-03	-2.444573e+00
1.151000e-05	-3.993325e-03	-2.212964e+00
1.152000e-05	-4.137700e-03	-1.957839e+00
1.153000e-05	-3.459025e-03	-1.737864e+00
1.154000e-05	-5.612688e-03	-1.538315e+00
1.155000e-05	-5.111350e-03	-1.230524e+00
1.156000e-05	-4.086950e-03	-1.028466e+00
1.157000e-05	-8.119750e-04	-7.884150e-01
1.158000e-05	-2.503400e-03	-5.152363e-01
1.159000e-05	-2.593975e-03	-3.256838e-01
1.160000e-05	-2.448950e-03	-1.131600e-01
1.161000e-05	5.944175e-03	9.594000e-02
1.162000e-05	-1.482500e-03	3.985213e-01
1.163000e-05	-4.304999e-05	5.569988e-01
1.164000e-05	-2.537738e-03	7.894700e-01
1.165000e-05	1.100288e-03	9.725975e-01
1.166000e-05	1.593813e-03	1.223751e+00
1.167000e-05	1.780575e-03	1.485779e+00
1.168000e-05	1.854744e-02	1.748521e+00
1.169000e-05	6.941372e-02	1.919415e+00
1.170000e-05	1.010538e-02	2.193724e+00
1.171000e-05	-6.315523e-02	2.453806e+00
1.172000e-05	-4.619158e-02	2.706914e+00
1.173000e-05	-2.182130e-02	2.897859e+00
1.174000e-05	-5.056873e-02	3.014671e+00
1.175000e-05	7.216895e-02	3.190073e+00
1.176000e-05	1.897366e-02	3.498385e+00
1.177000e-05	-9.965100e-02	3.677249e+00
1.178000e-05	1.648760e-01	3.814771e+00
1.179000e-05	-5.953119e-02	4.099383e+00
1.180000e-05	-1.060108e-02	4.309511e+00
1.181000e-05	1.315966e-02	4.564607e+00
1.182000e-05	-7.961088e-02	4.782191e+00
1.183000e-05	8.035083e-02	4.995269e+00
1.184000e-05	-9.014301e-03	5.287926e+00
1.185000e-05	-1.245551e-02	5.509499e+00
1.186000e-05	1.412833e-02	5.648951e+00
1.187000e-05	-2.428560e-02	5.950508e+00
1.188000e-05	2.254133e-02	6.099055e+00
1.189000e-05	-2.738145e-02	6.329051e+00
1.190000e-05	3.853150e-03	6.491503e+00
1.191000e-05	5.809238e-03	6.742108e+00
1.192000e-05	7.052463e-03	6.911574e+00
1.193000e-05	3.252574e-02	7.133550e+00
1.194000e-05	-6.095978e-02	7.280469e+00
1.195000e-05	2.370130e-02	7.531596e+00
1.196000e-05	2.609625e-04	7.723650e+00
1.197000e-05	-9.605375e-04	7.942655e+00
1.198000e-05	3.458975e-03	8.132527e+00
1.199000e-05	-1.054633e-02	8.319522e+00
1.200000e-05	2.191763e-02	8.449837e+00
1.201000e-05	-1.465570e-02	8.605210e+00
1.202000e-05	3.604588e-03	8.753178e+00
1.203000e-05	-1.623748e-02	8.942600e+00
1.204000e-05	8.597488e-03	9.101495e+00
1.205000e-05	8.539813e-03	9.269389e+00
1.206000e-05	-9.509688e-03	9.446782e+00
1.207000e-05	3.940775e-03	9.523199e+00
1.208000e-05	-3.341400e-03	9.692520e+00
1.209000e-05	8.690050e-03	9.848885e+00
1.210000e-05	-1.041073e-02	1.000733e+01
1.211000e-05	-2.029038e-03	1.012407e+01
1.212000e-05	4.865375e-04	1.027039e+01
1.213000e-05	3.755175e-03	1.043673e+01
1.214000e-05	1.819313e-03	1.051411e+01
1.215000e-05	-6.549313e-03	1.065093e+01
1.216000e-05	2.963338e-03	1.078625e+01
1.217000e-05	-2.113100e-03	1.092144e+01
1.218000e-05	8.191625e-04	1.099625e+01
1.219000e-05	-6.689363e-03	1.109196e+01
1.220000e-05	2.075113e-03	1.121940e+01
1.221000e-05	2.174875e-03	1.130509e+01
1.222000e-05	1.515000e-04	1.142883e+01
1.223000e-05	-3.233113e-03	1.153307e+01
1.224000e-05	-3.576263e-03	1.167031e+01
1.225000e-05	2.963338e-03	1.173209e+01
1.226000e-05	-2.610638e-03	1.181570e+01
1.227000e-05	-5.890875e-04	1.186041e+01
1.228000e-05	-1.285050e-03	1.192357e+01
1.229000e-05	2.694188e-03	1.203682e+01
1.230000e-05	-1.235663e-03	1.204088e+01
1.231000e-05	-4.229800e-03	1.210312e+01
1.232000e-05	-2.624075e-03	1.218724e+01
1.233000e-05	-4.744375e-04	1.224987e+01
1.234000e-05	9.222375e-04	1.229096e+01
1.235000e-05	-2.956200e-03	1.230354e+01
1.236000e-05	-4.450625e-04	1.234562e+01
1.237000e-05	-1.009350e-03	1.241774e+01
1.238000e-05	1.862125e-04	1.242667e+01
1.239000e-05	-4.448563e-03	1.244837e+01
1.240000e-05	-3.485488e-03	1.244093e+01
1.241000e-05	8.122375e-04	1.247888e+01
1.242000e-05	-5.684750e-04	1.246043e+01
1.243000e-05	-2.488263e-03	1.248083e+01
1.244000e-05	-2.765775e-03	1.247933e+01
1.245000e-05	-2.378375e-04	1.244035e+01
1.246000e-05	-1.573650e-03	1.244085e+01
1.247000e-05	-2.573000e-03	1.245935e+01
1.248000e-05	-4.009188e-03	1.246717e+01
1.249000e-05	-4.471248e-05	1.242871e+01
1.250000e-05	-1.031375e-03	1.239567e+01
1.251000e-05	-2.004713e-03	1.234506e+01
1.252000e-05	-3.351313e-03	1.231243e+01
1.253000e-05	-8.416500e-04	1.228038e+01
1.254000e-05	8.576000e-04	1.220777e+01
1.255000e-05	-3.228063e-03	1.213554e+01
1.256000e-05	-3.942800e-03	1.209251e+01
1.257000e-05	-3.298475e-03	1.203990e+01
1.258000e-05	-2.065438e-03	1.199364e+01
1.259000e-05	-2.432263e-03	1.187148e+01
1.260000e-05	-2.919800e-03	1.182717e+01
1.261000e-05	-1.460963e-03	1.177304e+01
1.262000e-05	-3.457375e-04	1.169141e+01
1.263000e-05	-2.049538e-03	1.161512e+01
1.264000e-05	-3.742038e-03	1.151336e+01
1.265000e-05	-3.660613e-03	1.139817e+01
1.266000e-05	-2.742463e-03	1.130143e+01
1.267000e-05	-2.732325e-03	1.115557e+01
1.268000e-05	-3.771788e-03	1.102925e+01
1.269000e-05	-1.490138e-03	1.094407e+01
1.270000e-05	-4.822496e-05	1.085830e+01
1.271000e-05	-9.344375e-04	1.078307e+01
1.272000e-05	-3.434638e-03	1.065773e+01
1.273000e-05	-4.325525e-03	1.048181e+01
1.274000e-05	-3.598113e-03	1.039457e+01
1.275000e-05	-2.883025e-03	1.024875e+01
1.276000e-05	-3.758575e-03	1.012141e+01
1.277000e-05	-2.911688e-03	9.995669e+00
1.278000e-05	-7.753500e-04	9.816176e+00
1.279000e-05	-1.373275e-03	9.629384e+00
1.280000e-05	-3.275638e-03	9.499462e+00
1.281000e-05	-3.323788e-03	9.362493e+00
1.282000e-05	-3.108900e-03	9.246654e+00
1.283000e-05	-3.757638e-03	9.089307e+00
1.284000e-05	-4.299138e-03	8.910489e+00
1.285000e-05	-3.298988e-03	8.752445e+00
1.286000e-05	-1.731538e-03	8.583943e+00
1.287000e-05	-2.721300e-03	8.445132e+00
1.288000e-05	-3.138725e-03	8.267236e+00
1.289000e-05	-4.500338e-03	8.098784e+00
1.290000e-05	-3.153113e-03	7.909291e+00
1.291000e-05	-3.757738e-03	7.728814e+00
1.292000e-05	-3.879300e-03	7.519339e+00
1.293000e-05	-4.227075e-03	7.288294e+00
1.294000e-05	-2.518175e-03	7.087813e+00
1.295000e-05	-3.262363e-03	6.897816e+00
1.296000e-05	-3.873463e-03	6.759870e+00
1.297000e-05	-4.709588e-03	6.527821e+00
1.298000e-05	-4.020863e-03	6.317266e+00
1.299000e-05	-3.678613e-03	6.150295e+00
1.300000e-05	-3.669800e-03	5.950948e+00
1.301000e-05	-3.440175e-03	5.707420e+00
1.302000e-05	-3.969063e-03	5.527744e+00
1.303000e-05	-3.440700e-03	5.298268e+00
1.304000e-05	-4.329763e-03	5.085531e+00
1.305000e-05	-4.299325e-03	4.741926e+00
1.306000e-05	-4.101475e-03	4.580406e+00
1.307000e-05	-4.433613e-03	4.400360e+00
1.308000e-05	-4.432513e-03	4.140871e+00
1.309000e-05	-4.056075e-03	3.946721e+00
1.310000e-05	-4.132325e-03	3.686750e+00
1.311000e-05	-4.274513e-03	3.527175e+00
1.312000e-05	-5.165063e-03	3.242569e+00
1.313000e-05	-4.766425e-03	3.032048e+00
1.314000e-05	-3.868900e-03	2.822495e+00
1.315000e-05	-4.075438e-03	2.630935e+00
1.316000e-05	-5.504150e-03	2.396860e+00
1.317000e-05	-4.747275e-03	2.117281e+00
1.318000e-05	-4.118075e-03	1.937726e+00
1.319000e-05	-4.747063e-03	1.684130e+00
1.320000e-05	-5.364800e-03	1.431544e+00
1.321000e-05	-4.970413e-03	1.218945e+00
1.322000e-05	-4.224850e-03	9.342113e-01
1.323000e-05	-4.240813e-03	7.051588e-01
1.324000e-05	-4.659713e-03	4.531013e-01
1.325000e-05	-4.703488e-03	2.635250e-01
1.326000e-05	-4.048400e-03	-1.260375e-02
1.327000e-05	3.744750e-03	-2.216038e-01
1.328000e-05	-1.536750e-04	-3.996000e-01
1.329000e-05	-1.848738e-03	-6.522088e-01
1.330000e-05	-4.778613e-03	-8.736088e-01
1.331000e-05	-2.277288e-03	-1.053230e+00
1.332000e-05	-1.407550e-03	-1.253740e+00
1.333000e-05	5.181750e-04	-1.497966e+00
1.334000e-05	5.333310e-02	-1.707864e+00
1.335000e-05	6.319300e-02	-1.917890e+00
1.336000e-05	-7.005724e-02	-2.254780e+00
1.337000e-05	-3.898805e-02	-2.541545e+00
1.338000e-05	-5.469846e-02	-2.779596e+00
1.339000e-05	-6.460436e-02	-2.970071e+00
1.340000e-05	1.468932e-01	-3.108436e+00
1.341000e-05	-4.823258e-02	-3.297433e+00
1.342000e-05	-1.001878e-01	-3.570015e+00
1.343000e-05	1.966473e-01	-3.655881e+00
1.344000e-05	-1.312898e-01	-3.939161e+00
1.345000e-05	6.599026e-02	-4.234148e+00
1.346000e-05	-2.440825e-02	-4.341090e+00
1.347000e-05	-1.444159e-01	-4.625191e+00
1.348000e-05	1.680525e-01	-4.763645e+00
1.349000e-05	-6.577849e-02	-5.036844e+00
1.350000e-05	1.500480e-02	-5.321533e+00
1.351000e-05	2.893483e-02	-5.499983e+00
1.352000e-05	-9.634137e-02	-5.762588e+00
1.353000e-05	1.338931e-01	-5.982006e+00
1.354000e-05	-1.152087e-01	-6.132658e+00
1.355000e-05	6.632799e-03	-6.403661e+00
1.356000e-05	3.753303e-02	-6.554081e+00
1.357000e-05	-3.151564e-02	-6.814089e+00
1.358000e-05	9.385825e-02	-6.955090e+00
1.359000e-05	-1.600143e-01	-7.166085e+00
1.360000e-05	9.871705e-02	-7.383686e+00
1.361000e-05	-2.771880e-02	-7.553731e+00
1.362000e-05	-2.191400e-03	-7.796734e+00
1.363000e-05	1.549728e-02	-7.994155e+00
1.364000e-05	-6.376645e-02	-8.184080e+00
1.365000e-05	9.618974e-02	-8.309550e+00
1.366000e-05	-7.809003e-02	-8.483445e+00
1.367000e-05	2.882469e-02	-8.699848e+00
1.368000e-05	-4.517855e-02	-8.858888e+00
1.369000e-05	3.011044e-02	-9.025732e+00
1.370000e-05	1.723259e-02	-9.175599e+00
1.371000e-05	-4.582396e-02	-9.293119e+00
1.372000e-05	2.897828e-02	-9.488842e+00
1.373000e-05	-3.055913e-02	-9.628255e+00
1.374000e-05	3.918973e-02	-9.784199e+00
1.375000e-05	-5.131329e-02	-9.899915e+00
1.376000e-05	8.238300e-03	-1.003993e+01
1.377000e-05	-3.416063e-03	-1.021737e+01
1.378000e-05	1.110671e-02	-1.039555e+01
1.379000e-05	-8.487701e-03	-1.049031e+01
1.380000e-05	-2.331233e-02	-1.058570e+01
1.381000e-05	1.921396e-02	-1.069194e+01
1.382000e-05	-1.081663e-02	-1.079766e+01
1.383000e-05	1.597537e-03	-1.091304e+01
1.384000e-05	-3.086220e-02	-1.099891e+01
1.385000e-05	1.591108e-02	-1.121657e+01
1.386000e-05	-3.224450e-03	-1.121983e+01
1.387000e-05	-1.524763e-03	-1.140720e+01
1.388000e-05	-1.885703e-02	-1.149139e+01
1.389000e-05	-2.432374e-04	-1.157635e+01
1.390000e-05	6.802550e-03	-1.166141e+01
1.391000e-05	-1.158168e-02	-1.174675e+01
1.392000e-05	-9.874838e-03	-1.184988e+01
1.393000e-05	-6.636075e-03	-1.196509e+01
1.394000e-05	1.168779e-02	-1.199625e+01
1.395000e-05	-1.004773e-02	-1.207985e+01
1.396000e-05	-9.470750e-03	-1.212259e+01
1.397000e-05	-9.766025e-03	-1.218623e+01
1.398000e-05	6.348450e-03	-1.223833e+01
1.399000e-05	-5.355175e-03	-1.225091e+01
1.400000e-05	-1.125835e-02	-1.228359e+01
1.401000e-05	-5.354250e-03	-1.236465e+01
1.402000e-05	1.536963e-03	-1.239924e+01
1.403000e-05	-1.739888e-03	-1.240830e+01
1.404000e-05	-1.253221e-02	-1.243833e+01
1.405000e-05	-6.500375e-03	-1.244933e+01
1.406000e-05	2.063488e-03	-1.247246e+01
1.407000e-05	-1.616438e-03	-1.248158e+01
1.408000e-05	-1.049014e-02	-1.249301e+01
1.409000e-05	-9.959275e-03	-1.248356e+01
1.410000e-05	4.327625e-04	-1.251559e+01
1.411000e-05	-1.051662e-03	-1.246348e+01
1.412000e-05	-8.842438e-03	-1.244353e+01
1.413000e-05	-6.551850e-03	-1.244088e+01
1.414000e-05	-6.767250e-04	-1.249238e+01
1.415000e-05	3.305500e-04	-1.241878e+01
1.416000e-05	-8.715688e-03	-1.240872e+01
1.417000e-05	-8.828488e-03	-1.236607e+01
1.418000e-05	-2.438025e-03	-1.234154e+01
1.419000e-05	-5.019875e-04	-1.225191e+01
1.420000e-05	-7.117063e-03	-1.225827e+01
1.421000e-05	-8.746275e-03	-1.216659e+01
1.422000e-05	-2.874575e-03	-1.214314e+01
1.423000e-05	-7.521625e-04	-1.209238e+01
1.424000e-05	-6.673613e-03	-1.201620e+01
1.425000e-05	-9.242475e-03	-1.199352e+01
1.426000e-05	-3.920338e-03	-1.187078e+01
1.427000e-05	2.987500e-04	-1.180665e+01
1.428000e-05	-5.745513e-03	-1.168189e+01
1.429000e-05	-8.438500e-03	-1.162715e+01
1.430000e-05	-4.688763e-03	-1.153233e+01
1.431000e-05	-6.501625e-04	-1.142818e+01
1.432000e-05	-5.105200e-03	-1.132086e+01
1.433000e-05	-7.348550e-03	-1.111654e+01
1.434000e-05	-5.686600e-03	-1.107936e+01
1.435000e-05	-1.662388e-03	-1.097417e+01
1.436000e-05	-4.692925e-03	-1.083810e+01
1.437000e-05	-8.054350e-03	-1.075157e+01
1.438000e-05	-6.629338e-03	-1.065773e+01
1.439000e-05	-1.908013e-03	-1.056101e+01
1.440000e-05	-3.753038e-03	-1.043573e+01
1.441000e-05	-6.609475e-03	-1.027833e+01
1.442000e-05	-6.989375e-03	-1.011436e+01
1.443000e-05	-1.234988e-03	-9.981998e+00
1.444000e-05	-5.557088e-03	-9.857176e+00
1.445000e-05	-5.600738e-03	-9.650514e+00
1.446000e-05	-7.514563e-03	-9.583497e+00
1.447000e-05	-1.799488e-03	-9.386603e+00
1.448000e-05	-2.957013e-03	-9.267208e+00
1.449000e-05	-4.237325e-03	-9.148761e+00
1.450000e-05	-8.515038e-03	-8.954514e+00
1.451000e-05	-2.625313e-03	-8.784074e+00
1.452000e-05	-7.040825e-03	-8.604504e+00
1.453000e-05	-6.329563e-03	-8.415078e+00
1.454000e-05	-7.990563e-03	-8.276734e+00
1.455000e-05	-1.721337e-03	-8.138364e+00
1.456000e-05	-1.405124e-04	-7.951441e+00
1.457000e-05	-3.022675e-03	-7.689240e+00
1.458000e-05	-6.267563e-03	-7.468788e+00
1.459000e-05	-7.336775e-03	-7.308371e+00
1.460000e-05	-3.854475e-03	-7.150369e+00
1.461000e-05	-7.413488e-03	-6.937346e+00
1.462000e-05	-5.319713e-03	-6.718271e+00
1.463000e-05	-3.960288e-03	-6.529321e+00
1.464000e-05	1.960775e-03	-6.369926e+00
1.465000e-05	-3.844863e-03	-6.099348e+00
1.466000e-05	-5.458200e-03	-5.928448e+00
1.467000e-05	-8.390788e-03	-5.718825e+00
1.468000e-05	-3.308375e-03	-5.568871e+00
1.469000e-05	-6.119425e-03	-5.286773e+00
1.470000e-05	-4.810375e-03	-5.024569e+00
1.471000e-05	-4.436838e-03	-4.779028e+00
1.472000e-05	-2.081013e-03	-4.588909e+00
1.473000e-05	-1.624825e-03	-4.399961e+00
1.474000e-05	-5.072913e-03	-4.170979e+00
1.475000e-05	-5.524075e-03	-3.999916e+00
1.476000e-05	-4.690050e-03	-3.779256e+00
1.477000e-05	-4.406463e-03	-3.567726e+00
1.478000e-05	-6.601700e-03	-3.337729e+00
1.479000e-05	-5.174838e-03	-3.087105e+00
1.480000e-05	-2.286488e-03	-2.792047e+00
1.481000e-05	-5.478625e-04	-2.625045e+00
1.482000e-05	-3.377450e-03	-2.411496e+00
1.483000e-05	-4.175813e-03	-2.178909e+00
1.484000e-05	-4.596888e-03	-1.927740e+00
1.485000e-05	-4.494400e-03	-1.715158e+00
1.486000e-05	-6.059363e-03	-1.526578e+00
1.487000e-05	-6.248413e-03	-1.190443e+00
1.488000e-05	-3.739363e-03	-9.674413e-01
1.489000e-05	-1.261100e-03	-7.693400e-01
1.490000e-05	-3.026313e-03	-5.246600e-01
1.491000e-05	-3.440388e-03	-2.726113e-01
1.492000e-05	-1.184950e-03	-4.310625e-02
1.493000e-05	7.634425e-03	1.069713e-01
1.494000e-05	-2.100863e-03	4.000763e-01
1.495000e-05	1.850750e-04	5.791000e-01
1.496000e-05	-2.963888e-03	8.010500e-01
1.497000e-05	2.888050e-03	9.926950e-01
1.498000e-05	2.169250e-04	1.265281e+00
1.499000e-05	1.065538e-03	1.456960e+00
1.500000e-05	2.197424e-02	1.780524e+00
1.501000e-05	7.461918e-02	1.992618e+00
1.502000e-05	-8.046213e-03	2.243700e+00
1.503000e-05	-5.934967e-02	2.436884e+00
1.504000e-05	-4.433189e-02	2.758465e+00
1.505000e-05	-2.186398e-02	2.907365e+00
1.506000e-05	-4.970378e-02	3.074725e+00
1.507000e-05	9.038333e-02	3.181146e+00
1.508000e-05	-2.003850e-02	3.518061e+00
1.509000e-05	-6.382446e-02	3.684801e+00
1.510000e-05	1.578510e-01	3.865332e+00
1.511000e-05	-7.745334e-02	4.140059e+00
1.512000e-05	1.151299e-02	4.331034e+00
1.513000e-05	-1.126503e-02	4.590164e+00
1.514000e-05	-5.944980e-02	4.757240e+00
1.515000e-05	7.855663e-02	5.066323e+00
1.516000e-05	-1.989475e-02	5.338979e+00
1.517000e-05	-4.995250e-03	5.519004e+00
1.518000e-05	1.191234e-02	5.721658e+00
1.519000e-05	-2.401150e-02	5.991683e+00
1.520000e-05	2.469300e-02	6.150056e+00
1.521000e-05	-3.306694e-02	6.330683e+00
1.522000e-05	1.329013e-02	6.502079e+00
1.523000e-05	-4.328713e-03	6.762129e+00
1.524000e-05	1.634650e-02	6.941154e+00
1.525000e-05	1.993833e-02	7.160656e+00
1.526000e-05	-5.728354e-02	7.342951e+00
1.527000e-05	3.220350e-02	7.583180e+00
1.528000e-05	-9.433976e-03	7.773680e+00
1.529000e-05	7.021825e-03	7.994706e+00
1.530000e-05	-4.745825e-03	8.184704e+00
1.531000e-05	-2.540150e-03	8.340520e+00
1.532000e-05	1.500801e-02	8.449440e+00
1.533000e-05	-1.219149e-02	8.646305e+00
1.534000e-05	2.542075e-03	8.804654e+00
1.535000e-05	-1.599274e-02	8.966628e+00
1.536000e-05	1.091481e-02	9.143049e+00
1.537000e-05	5.884825e-03	9.300018e+00
1.538000e-05	-6.635150e-03	9.447782e+00
1.539000e-05	2.669850e-03	9.614644e+00
1.540000e-05	-2.729788e-03	9.714098e+00
1.541000e-05	7.213750e-03	9.901464e+00
1.542000e-05	-9.740463e-03	1.001636e+01
1.543000e-05	-1.170088e-03	1.016412e+01
1.544000e-05	8.100626e-04	1.028101e+01
1.545000e-05	4.852663e-03	1.043638e+01
1.546000e-05	5.996375e-04	1.054465e+01
1.547000e-05	-5.743613e-03	1.072096e+01
1.548000e-05	2.576275e-03	1.083778e+01
1.549000e-05	-2.274513e-03	1.093252e+01
1.550000e-05	2.814125e-04	1.101825e+01
1.551000e-05	-5.979450e-03	1.110252e+01
1.552000e-05	2.807675e-03	1.121993e+01
1.553000e-05	2.182763e-03	1.128612e+01
1.554000e-05	1.944375e-04	1.146140e+01
1.555000e-05	-4.110075e-03	1.156520e+01
1.556000e-05	-2.802650e-03	1.168190e+01
1.557000e-05	1.491325e-03	1.174353e+01
1.558000e-05	-2.041013e-03	1.181672e+01
1.559000e-05	-2.300000e-03	1.185090e+01
1.560000e-05	-1.077163e-03	1.198319e+01
1.561000e-05	2.473225e-03	1.199832e+01
1.562000e-05	-8.742500e-04	1.204193e+01
1.563000e-05	-4.630463e-03	1.210611e+01
1.564000e-05	-2.377138e-03	1.215827e+01
1.565000e-05	1.096938e-03	1.222883e+01
1.566000e-05	-2.161250e-04	1.223100e+01
1.567000e-05	-3.231338e-03	1.230153e+01
1.568000e-05	-1.660050e-03	1.235419e+01
1.569000e-05	-9.631250e-04	1.238672e+01
1.570000e-05	-5.113375e-04	1.242867e+01
1.571000e-05	-2.954463e-03	1.245780e+01
1.572000e-05	-2.789225e-03	1.242830e+01
1.573000e-05	1.720650e-03	1.246985e+01
1.574000e-05	-6.228375e-04	1.247193e+01
1.575000e-05	-1.922975e-03	1.243083e+01
1.576000e-05	-4.046813e-03	1.249040e+01
1.577000e-05	3.100875e-04	1.247040e+01
1.578000e-05	-2.830975e-03	1.243990e+01
1.579000e-05	-1.456338e-03	1.241028e+01
1.580000e-05	-2.735613e-03	1.239919e+01
1.581000e-05	-2.781375e-04	1.241619e+01
1.582000e-05	-3.255500e-04	1.241319e+01
1.583000e-05	-2.803363e-03	1.236304e+01
1.584000e-05	-4.352588e-03	1.229138e+01
1.585000e-05	-1.342500e-03	1.224092e+01
1.586000e-05	-5.764500e-04	1.217880e+01
1.587000e-05	-2.437613e-03	1.210514e+01
1.588000e-05	-3.398925e-03	1.207103e+01
1.589000e-05	-1.988388e-03	1.200680e+01
1.590000e-05	-1.775213e-03	1.195666e+01
1.591000e-05	-3.007363e-03	1.191243e+01
1.592000e-05	-2.991175e-03	1.182722e+01
1.593000e-05	-1.439300e-03	1.174459e+01
1.594000e-05	-6.268250e-04	1.166090e+01
1.595000e-05	-2.024350e-03	1.153607e+01
1.596000e-05	-2.753400e-03	1.147140e+01
1.597000e-05	-2.927963e-03	1.132667e+01
1.598000e-05	-1.792250e-03	1.127083e+01
1.599000e-05	-2.560838e-03	1.117264e+01
1.600000e-05	-3.560738e-03	1.106975e+01
1.601000e-05	-3.410600e-03	1.097151e+01
1.602000e-05	-8.901000e-04	1.087981e+01
1.603000e-05	-1.745400e-03	1.074302e+01
1.604000e-05	-3.128425e-03	1.064775e+01
1.605000e-05	-3.079438e-03	1.048091e+01
1.606000e-05	-1.337963e-03	1.034349e+01
1.607000e-05	-1.867700e-03	1.021710e+01
1.608000e-05	-3.911000e-03	1.007936e+01
1.609000e-05	-3.061388e-03	9.973593e+00
1.610000e-05	-1.077250e-03	9.796598e+00
1.611000e-05	-1.915475e-03	9.618332e+00
1.612000e-05	-3.092013e-03	9.489383e+00
1.613000e-05	-3.371225e-03	9.383443e+00
1.614000e-05	-2.730888e-03	9.237125e+00
1.615000e-05	-2.014788e-03	9.088304e+00
1.616000e-05	-4.041775e-03	8.851966e+00
1.617000e-05	-4.347200e-03	8.729888e+00
1.618000e-05	-2.485525e-03	8.552467e+00
1.619000e-05	-1.402975e-03	8.394073e+00
1.620000e-05	-2.838500e-03	8.216754e+00
1.621000e-05	-4.004825e-03	8.026211e+00
1.622000e-05	-2.548675e-03	7.868731e+00
1.623000e-05	-2.655913e-03	7.677315e+00
1.624000e-05	-3.372513e-03	7.447810e+00
1.625000e-05	-5.209788e-03	7.245685e+00
1.626000e-05	-3.190588e-03	7.116213e+00
1.627000e-05	-3.205013e-03	6.838715e+00
1.628000e-05	-3.095713e-03	6.738765e+00
1.629000e-05	-4.816550e-03	6.476744e+00
1.630000e-05	-3.397200e-03	6.297791e+00
1.631000e-05	-3.671900e-03	6.106769e+00
1.632000e-05	-3.227575e-03	5.947765e+00
1.633000e-05	-4.457138e-03	5.708113e+00
1.634000e-05	-5.544950e-03	5.477269e+00
1.635000e-05	-3.754813e-03	5.296666e+00
1.636000e-05	-3.435688e-03	5.022005e+00
1.637000e-05	-5.402500e-03	4.728849e+00
1.638000e-05	-4.197200e-03	4.537801e+00
1.639000e-05	-3.642213e-03	4.339481e+00
1.640000e-05	-3.086538e-03	4.126223e+00
1.641000e-05	-4.817900e-03	3.866197e+00
1.642000e-05	-4.443025e-03	3.695146e+00
1.643000e-05	-3.221963e-03	3.485173e+00
1.644000e-05	-3.491013e-03	3.222543e+00
1.645000e-05	-4.589325e-03	3.011015e+00
1.646000e-05	-5.539463e-03	2.812939e+00
1.647000e-05	-4.755475e-03	2.578959e+00
1.648000e-05	-4.034488e-03	2.316181e+00
1.649000e-05	-4.932100e-03	2.084701e+00
1.650000e-05	-5.233638e-03	1.935704e+00
1.651000e-05	-4.327725e-03	1.623569e+00
1.652000e-05	-3.501550e-03	1.408964e+00
1.653000e-05	-4.720975e-03	1.199341e+00
1.654000e-05	-5.085725e-03	9.036538e-01
1.655000e-05	-3.531300e-03	6.736250e-01
1.656000e-05	-4.910888e-03	4.511050e-01
1.657000e-05	-4.666675e-03	2.314238e-01
1.658000e-05	-4.280813e-03	-5.315875e-02
1.659000e-05	5.294950e-03	-2.417100e-01
1.660000e-05	-1.952688e-03	-4.130263e-01
1.661000e-05	-5.634625e-04	-6.642638e-01
1.662000e-05	-5.614325e-03	-8.747638e-01
1.663000e-05	-9.554750e-04	-1.094236e+00
1.664000e-05	-2.210425e-03	-1.305365e+00
1.665000e-05	2.586525e-03	-1.569945e+00
1.666000e-05	6.476668e-02	-1.727439e+00
1.667000e-05	4.299209e-02	-1.938996e+00
1.668000e-05	-6.941264e-02	-2.296893e+00
1.669000e-05	-3.982088e-02	-2.613249e+00
1.670000e-05	-5.486025e-02	-2.801596e+00
1.671000e-05	-5.387883e-02	-2.973169e+00
1.672000e-05	1.614660e-01	-3.168989e+00
1.673000e-05	-9.690879e-02	-3.367964e+00
1.674000e-05	-3.944436e-02	-3.590991e+00
1.675000e-05	1.730982e-01	-3.700013e+00
1.676000e-05	-1.455853e-01	-4.012248e+00
1.677000e-05	9.640958e-02	-4.224221e+00
1.678000e-05	-6.955645e-02	-4.391139e+00
1.679000e-05	-1.049820e-01	-4.676300e+00
1.680000e-05	1.674374e-01	-4.835216e+00
1.681000e-05	-8.933204e-02	-5.067904e+00
1.682000e-05	4.648814e-02	-5.372535e+00
1.683000e-05	-5.413275e-03	-5.551057e+00
1.684000e-05	-7.592530e-02	-5.803135e+00
1.685000e-05	1.298381e-01	-5.962110e+00
1.686000e-05	-1.397977e-01	-6.194711e+00
1.687000e-05	4.710546e-02	-6.415636e+00
1.688000e-05	2.734975e-03	-6.583235e+00
1.689000e-05	2.709276e-03	-6.847688e+00
1.690000e-05	6.446277e-02	-6.996138e+00
1.691000e-05	-1.528233e-01	-7.226289e+00
1.692000e-05	1.148586e-01	-7.424660e+00
1.693000e-05	-5.804331e-02	-7.584234e+00
1.694000e-05	2.649616e-02	-7.807238e+00
1.695000e-05	-1.302083e-02	-7.994182e+00
1.696000e-05	-3.462670e-02	-8.204206e+00
1.697000e-05	8.180333e-02	-8.332602e+00
1.698000e-05	-7.939873e-02	-8.513000e+00
1.699000e-05	3.507854e-02	-8.709972e+00
1.700000e-05	-5.603301e-02	-8.848893e+00
1.701000e-05	4.719686e-02	-9.037286e+00
1.702000e-05	-4.723750e-03	-9.142677e+00
1.703000e-05	-3.141855e-02	-9.346148e+00
1.704000e-05	2.048639e-02	-9.501468e+00
1.705000e-05	-2.291139e-02	-9.668383e+00
1.706000e-05	3.656881e-02	-9.784653e+00
1.707000e-05	-5.409685e-02	-9.933071e+00
1.708000e-05	1.588295e-02	-1.007244e+01
1.709000e-05	-1.014750e-02	-1.019738e+01
1.710000e-05	1.717884e-02	-1.040415e+01
1.711000e-05	-1.888656e-02	-1.050044e+01
1.712000e-05	-1.453150e-02	-1.061568e+01
1.713000e-05	1.484878e-02	-1.071094e+01
1.714000e-05	-8.285963e-03	-1.085778e+01
1.715000e-05	-2.162838e-03	-1.094502e+01
1.716000e-05	-2.741856e-02	-1.107898e+01
1.717000e-05	1.867218e-02	-1.117574e+01
1.718000e-05	-6.629750e-03	-1.132098e+01
1.719000e-05	-4.400250e-04	-1.139667e+01
1.720000e-05	-2.066629e-02	-1.149201e+01
1.721000e-05	5.269850e-03	-1.159777e+01
1.722000e-05	2.628563e-03	-1.167196e+01
1.723000e-05	-9.278450e-03	-1.177765e+01
1.724000e-05	-1.074623e-02	-1.187001e+01
1.725000e-05	-3.148325e-03	-1.194367e+01
1.726000e-05	7.623425e-03	-1.201772e+01
1.727000e-05	-1.097544e-02	-1.205943e+01
1.728000e-05	-8.542050e-03	-1.215402e+01
1.729000e-05	-8.240575e-03	-1.218872e+01
1.730000e-05	6.272288e-03	-1.222883e+01
1.731000e-05	-7.822500e-03	-1.221083e+01
1.732000e-05	-9.441800e-03	-1.232046e+01
1.733000e-05	-4.657100e-03	-1.234462e+01
1.734000e-05	1.577963e-03	-1.238765e+01
1.735000e-05	-3.391375e-03	-1.239930e+01
1.736000e-05	-1.188160e-02	-1.244183e+01
1.737000e-05	-5.284238e-03	-1.246140e+01
1.738000e-05	1.514675e-03	-1.248448e+01
1.739000e-05	-2.485488e-03	-1.250346e+01
1.740000e-05	-9.606250e-03	-1.248401e+01
1.741000e-05	-8.245513e-03	-1.251454e+01
1.742000e-05	1.128475e-03	-1.248258e+01
1.743000e-05	-1.608588e-03	-1.247298e+01
1.744000e-05	-9.570588e-03	-1.247298e+01
1.745000e-05	-7.305000e-03	-1.247243e+01
1.746000e-05	-6.410751e-04	-1.243146e+01
1.747000e-05	-6.174125e-04	-1.245013e+01
1.748000e-05	-9.231113e-03	-1.237620e+01
1.749000e-05	-8.526125e-03	-1.235612e+01
1.750000e-05	-2.142050e-03	-1.231551e+01
1.751000e-05	-8.679125e-04	-1.224938e+01
1.752000e-05	-6.329688e-03	-1.223763e+01
1.753000e-05	-8.665350e-03	-1.219612e+01
1.754000e-05	-2.189338e-03	-1.217458e+01
1.755000e-05	-1.759500e-03	-1.212183e+01
1.756000e-05	-5.643188e-03	-1.204780e+01
1.757000e-05	-9.040713e-03	-1.198359e+01
1.758000e-05	-2.183588e-03	-1.184990e+01
1.759000e-05	-9.422751e-04	-1.175667e+01
1.760000e-05	-5.270463e-03	-1.170390e+01
1.761000e-05	-9.035200e-03	-1.159772e+01
1.762000e-05	-4.606600e-03	-1.150101e+01
1.763000e-05	-4.274125e-04	-1.141762e+01
1.764000e-05	-3.788600e-03	-1.126035e+01
1.765000e-05	-8.055913e-03	-1.110562e+01
1.766000e-05	-5.155300e-03	-1.105728e+01
1.767000e-05	-1.190213e-03	-1.093399e+01
1.768000e-05	-4.601988e-03	-1.085623e+01
1.769000e-05	-8.359863e-03	-1.075194e+01
1.770000e-05	-6.432088e-03	-1.061773e+01
1.771000e-05	-1.776075e-03	-1.053196e+01
1.772000e-05	-3.099438e-03	-1.040702e+01
1.773000e-05	-7.054050e-03	-1.021523e+01
1.774000e-05	-6.109988e-03	-1.008291e+01
1.775000e-05	-2.531913e-03	-1.000154e+01
1.776000e-05	-2.690425e-03	-9.828151e+00
1.777000e-05	-7.113088e-03	-9.679835e+00
1.778000e-05	-6.499788e-03	-9.583472e+00
1.779000e-05	-3.503613e-03	-9.377575e+00
1.780000e-05	-3.371213e-03	-9.204129e+00
1.781000e-05	-5.471125e-03	-9.088786e+00
1.782000e-05	-6.580325e-03	-8.940444e+00
1.783000e-05	-3.802188e-03	-8.783050e+00
1.784000e-05	-1.764025e-03	-8.573599e+00
1.785000e-05	-5.302925e-03	-8.415503e+00
1.786000e-05	-6.285950e-03	-8.226660e+00
1.787000e-05	-4.208938e-03	-8.076744e+00
1.788000e-05	-2.550700e-03	-7.907868e+00
1.789000e-05	-5.013850e-03	-7.641736e+00
1.790000e-05	-6.125125e-03	-7.466716e+00
1.791000e-05	-4.751688e-03	-7.307818e+00
1.792000e-05	-2.686025e-03	-7.140891e+00
1.793000e-05	-4.528850e-03	-6.888845e+00
1.794000e-05	-5.251638e-03	-6.756790e+00
1.795000e-05	-4.863338e-03	-6.518803e+00
1.796000e-05	-2.273575e-03	-6.358846e+00
1.797000e-05	-4.523213e-03	-6.098345e+00
1.798000e-05	-5.184125e-03	-5.897744e+00
1.799000e-05	-5.976550e-03	-5.706820e+00
1.800000e-05	-2.874238e-03	-5.538247e+00
1.801000e-05	-4.523013e-03	-5.234090e+00
1.802000e-05	-3.798475e-03	-5.033565e+00
1.803000e-05	-5.604875e-03	-4.707352e+00
1.804000e-05	-2.267488e-03	-4.558275e+00
1.805000e-05	-4.447125e-03	-4.368955e+00
1.806000e-05	-3.449775e-03	-4.169830e+00
1.807000e-05	-4.742600e-03	-3.979509e+00
1.808000e-05	-3.270638e-03	-3.716775e+00
1.809000e-05	-4.316850e-03	-3.517774e+00
1.810000e-05	-4.202788e-03	-3.293076e+00
1.811000e-05	-6.091763e-03	-3.064674e+00
1.812000e-05	-3.367175e-03	-2.809489e+00
1.813000e-05	-3.088675e-03	-2.601413e+00
1.814000e-05	-2.427725e-03	-2.409416e+00
1.815000e-05	-4.085938e-03	-2.137206e+00
1.816000e-05	-4.029500e-03	-1.906284e+00
1.817000e-05	-3.919600e-03	-1.735256e+00
1.818000e-05	-4.717425e-03	-1.463524e+00
1.819000e-05	-5.022588e-03	-1.178339e+00
1.820000e-05	-4.421038e-03	-9.392900e-01
1.821000e-05	-2.150575e-03	-7.772863e-01
1.822000e-05	-2.530900e-03	-4.716075e-01
1.823000e-05	-1.906013e-03	-2.510788e-01
1.824000e-05	-1.442950e-03	-3.050625e-02
1.825000e-05	6.717888e-03	1.790725e-01
1.826000e-05	-2.970500e-03	4.026288e-01
1.827000e-05	1.009113e-03	6.326788e-01
1.828000e-05	-4.405263e-03	8.206800e-01
1.829000e-05	1.584088e-03	1.085263e+00
1.830000e-05	8.315000e-04	1.296860e+00
1.831000e-05	2.513375e-03	1.528071e+00
1.832000e-05	2.718156e-02	1.772073e+00
1.833000e-05	7.499662e-02	1.983671e+00
1.834000e-05	-2.499076e-02	2.295811e+00
1.835000e-05	-5.336199e-02	2.487990e+00
1.836000e-05	-4.305855e-02	2.770569e+00
1.837000e-05	-2.487660e-02	2.909511e+00
1.838000e-05	-4.403001e-02	3.076304e+00
1.839000e-05	1.063284e-01	3.235758e+00
1.840000e-05	-5.827902e-02	3.559539e+00
1.841000e-05	-2.360758e-02	3.667358e+00
1.842000e-05	1.369441e-01	3.877357e+00
1.843000e-05	-8.445979e-02	4.182166e+00
1.844000e-05	3.166209e-02	4.371038e+00
1.845000e-05	-3.650636e-02	4.623718e+00
1.846000e-05	-3.740385e-02	4.822819e+00
1.847000e-05	7.307702e-02	5.076508e+00
1.848000e-05	-2.536765e-02	5.351564e+00
1.849000e-05	1.143912e-03	5.539537e+00
1.850000e-05	5.507850e-03	5.753608e+00
1.851000e-05	-2.041979e-02	6.004138e+00
1.852000e-05	2.542904e-02	6.171109e+00
1.853000e-05	-3.540103e-02	6.362155e+00
1.854000e-05	1.863278e-02	6.594608e+00
1.855000e-05	-1.096455e-02	6.794663e+00
1.856000e-05	2.914658e-02	7.024183e+00
1.857000e-05	5.758388e-03	7.162179e+00
1.858000e-05	-5.199639e-02	7.324608e+00
1.859000e-05	3.579745e-02	7.596208e+00
1.860000e-05	-1.458133e-02	7.816781e+00
1.861000e-05	1.255793e-02	7.995133e+00
1.862000e-05	-1.258214e-02	8.214184e+00
1.863000e-05	5.098100e-03	8.362050e+00
1.864000e-05	1.001936e-02	8.522468e+00
1.865000e-05	-9.676451e-03	8.647812e+00
1.866000e-05	-1.596075e-03	8.786754e+00
1.867000e-05	-1.603768e-02	8.985754e+00
1.868000e-05	1.658123e-02	9.173120e+00
1.869000e-05	1.817000e-03	9.310996e+00
1.870000e-05	-5.052550e-03	9.437860e+00
1.871000e-05	-1.118225e-03	9.566729e+00
1.872000e-05	1.325550e-03	9.785624e+00
1.873000e-05	4.505338e-03	9.890438e+00
1.874000e-05	-9.843300e-03	1.007888e+01
1.875000e-05	-3.025988e-03	1.018607e+01
1.876000e-05	1.966200e-03	1.033059e+01
1.877000e-05	6.592350e-03	1.045034e+01
1.878000e-05	-1.318913e-03	1.055520e+01
1.879000e-05	-6.188850e-03	1.071101e+01
1.880000e-05	8.412501e-04	1.080833e+01
1.881000e-05	-5.115000e-04	1.092209e+01
1.882000e-05	-1.526925e-03	1.099733e+01
1.883000e-05	-5.758663e-03	1.115259e+01
1.884000e-05	1.877288e-03	1.121940e+01
1.885000e-05	3.958263e-03	1.133572e+01
1.886000e-05	3.706750e-04	1.142096e+01
1.887000e-05	-4.864688e-03	1.153464e+01
1.888000e-05	-2.647675e-03	1.166040e+01
1.889000e-05	2.559163e-03	1.176459e+01
1.890000e-05	-2.079188e-03	1.182575e+01
1.891000e-05	-3.092025e-03	1.189096e+01
1.892000e-05	-1.717625e-04	1.191462e+01
1.893000e-05	2.338638e-03	1.205935e+01
1.894000e-05	-1.031838e-03	1.205243e+01
1.895000e-05	-5.855575e-03	1.213419e+01
1.896000e-05	-1.963488e-03	1.219887e+01
1.897000e-05	1.090788e-03	1.225988e+01
1.898000e-05	7.174000e-04	1.229091e+01
1.899000e-05	-4.445950e-03	1.235193e+01
1.900000e-05	-2.163100e-03	1.239407e+01
1.901000e-05	-1.887250e-04	1.238674e+01
1.902000e-05	2.874625e-04	1.243774e+01
1.903000e-05	-4.424863e-03	1.242927e+01
1.904000e-05	-3.026450e-03	1.242933e+01
1.905000e-05	1.231975e-03	1.245938e+01
1.906000e-05	-6.981750e-04	1.244143e+01
1.907000e-05	-3.178300e-03	1.250046e+01
1.908000e-05	-5.326500e-03	1.245993e+01
1.909000e-05	-7.920500e-04	1.248040e+01
1.910000e-05	-2.323750e-04	1.247975e+01
1.911000e-05	-2.911988e-03	1.243933e+01
1.912000e-05	-2.589450e-03	1.243530e+01
1.913000e-05	-3.304500e-04	1.242822e+01
1.914000e-05	8.334000e-04	1.238512e+01
1.915000e-05	-3.491600e-03	1.235406e+01
1.916000e-05	-3.613975e-03	1.234240e+01
1.917000e-05	-1.446925e-03	1.229940e+01
1.918000e-05	7.816375e-04	1.216730e+01
1.919000e-05	-2.145225e-03	1.213559e+01
1.920000e-05	-4.435013e-03	1.208338e+01
1.921000e-05	-2.156513e-03	1.204885e+01
1.922000e-05	-5.855250e-04	1.196459e+01
1.923000e-05	-1.140275e-03	1.191990e+01
1.924000e-05	-4.598325e-03	1.179814e+01
1.925000e-05	-1.333663e-03	1.178356e+01
1.926000e-05	-2.287000e-04	1.165945e+01
1.927000e-05	-1.625975e-03	1.157467e+01
1.928000e-05	-3.148750e-03	1.147086e+01
1.929000e-05	-4.107313e-03	1.132506e+01
1.930000e-05	-2.776000e-04	1.123932e+01
1.931000e-05	-2.594600e-03	1.113204e+01
1.932000e-05	-2.291550e-03	1.105723e+01
1.933000e-05	-3.886838e-03	1.091301e+01
1.934000e-05	-3.194750e-04	1.085723e+01
1.935000e-05	-1.381575e-03	1.075299e+01
1.936000e-05	-3.027475e-03	1.063625e+01
1.937000e-05	-2.569400e-03	1.045931e+01
1.938000e-05	-2.218375e-03	1.035301e+01
1.939000e-05	-1.323525e-03	1.023564e+01
1.940000e-05	-4.466025e-03	1.006880e+01
1.941000e-05	-3.958063e-03	9.961388e+00
1.942000e-05	-3.823875e-03	9.745595e+00
1.943000e-05	-1.195613e-03	9.638132e+00
1.944000e-05	-3.462125e-03	9.479827e+00
1.945000e-05	-2.119388e-03	9.352465e+00
1.946000e-05	-1.446650e-03	9.194621e+00
1.947000e-05	-1.119150e-03	9.094751e+00
1.948000e-05	-3.328213e-03	8.817754e+00
1.949000e-05	-5.356600e-03	8.718834e+00
1.950000e-05	-4.113950e-03	8.531494e+00
1.951000e-05	-3.179113e-03	8.383050e+00
1.952000e-05	-2.787150e-03	8.253629e+00
1.953000e-05	-4.217563e-03	8.034153e+00
1.954000e-05	-1.470638e-03	7.855131e+00
1.955000e-05	-1.902650e-03	7.647161e+00
1.956000e-05	-2.415013e-03	7.477658e+00
1.957000e-05	-5.224800e-03	7.225156e+00
1.958000e-05	-4.302113e-03	7.057211e+00
1.959000e-05	-4.302350e-03	6.845715e+00
1.960000e-05	-3.093163e-03	6.688111e+00
1.961000e-05	-4.110163e-03	6.426190e+00
1.962000e-05	-3.971863e-03	6.257688e+00
1.963000e-05	-3.035925e-03	6.056245e+00
1.964000e-05	-3.583563e-03	5.936843e+00
1.965000e-05	-3.491888e-03	5.635139e+00
1.966000e-05	-4.385738e-03	5.476193e+00
1.967000e-05	-3.719563e-03	5.223085e+00
1.968000e-05	-4.349813e-03	5.010449e+00
1.969000e-05	-4.214450e-03	4.737823e+00
1.970000e-05	-4.146825e-03	4.497274e+00
1.971000e-05	-4.470188e-03	4.368375e+00
1.972000e-05	-3.783700e-03	4.086148e+00
1.973000e-05	-3.800813e-03	3.804699e+00
1.974000e-05	-4.149000e-03	3.645120e+00
1.975000e-05	-3.675875e-03	3.445568e+00
1.976000e-05	-4.571063e-03	3.198511e+00
1.977000e-05	-4.430088e-03	2.980507e+00
1.978000e-05	-5.624200e-03	2.790859e+00
1.979000e-05	-3.765413e-03	2.496284e+00
1.980000e-05	-4.469188e-03	2.305200e+00
1.981000e-05	-3.847038e-03	2.064150e+00
1.982000e-05	-4.798400e-03	1.874175e+00
1.983000e-05	-4.112513e-03	1.631113e+00
1.984000e-05	-4.523725e-03	1.378387e+00
1.985000e-05	-4.913150e-03	1.176808e+00
1.986000e-05	-4.935413e-03	8.610500e-01
1.987000e-05	-4.305925e-03	6.315450e-01
1.988000e-05	-4.143963e-03	3.999713e-01
1.989000e-05	-3.315950e-03	2.193938e-01
1.990000e-05	-3.026475e-03	-2.216125e-02
1.991000e-05	6.124050e-03	-2.527350e-01
1.992000e-05	-4.659650e-03	-4.527563e-01
1.993000e-05	2.228125e-04	-7.062675e-01
1.994000e-05	-4.681163e-03	-9.162663e-01
1.995000e-05	-1.009463e-03	-1.106864e+00
1.996000e-05	-2.905325e-03	-1.308893e+00
1.997000e-05	5.087988e-03	-1.620473e+00
1.998000e-05	7.833438e-02	-1.737945e+00
1.999000e-05	2.026683e-02	-1.992129e+00
2.000000e-05	-6.509393e-02	-2.340068e+00
2.001000e-05	-4.346273e-02	-2.634175e+00
2.002000e-05	-5.585733e-02	-2.824247e+00
2.003000e-05	-3.389565e-02	-3.023594e+00
2.004000e-05	1.631943e-01	-3.138995e+00
2.005000e-05	-1.404240e-01	-3.382589e+00
2.006000e-05	2.431599e-02	-3.601620e+00
2.007000e-05	1.401913e-01	-3.721020e+00
2.008000e-05	-1.440114e-01	-4.035778e+00
2.009000e-05	1.136100e-01	-4.255271e+00
2.010000e-05	-1.129582e-01	-4.414274e+00
2.011000e-05	-5.548700e-02	-4.707330e+00
2.012000e-05	1.519355e-01	-4.845255e+00
2.013000e-05	-1.041900e-01	-5.090583e+00
2.014000e-05	7.147077e-02	-5.384536e+00
2.015000e-05	-3.602628e-02	-5.571663e+00
2.016000e-05	-4.331421e-02	-5.844694e+00
2.017000e-05	1.132896e-01	-5.951638e+00
2.018000e-05	-1.529171e-01	-6.195743e+00
2.019000e-05	8.042055e-02	-6.423689e+00
2.020000e-05	-2.902948e-02	-6.596684e+00
2.021000e-05	3.643930e-02	-6.827741e+00
2.022000e-05	2.534145e-02	-7.016715e+00
2.023000e-05	-1.312170e-01	-7.276294e+00
2.024000e-05	1.227135e-01	-7.435740e+00
2.025000e-05	-7.822657e-02	-7.627866e+00
2.026000e-05	4.903989e-02	-7.858293e+00
2.027000e-05	-4.085601e-02	-8.006789e+00
2.028000e-05	-3.342726e-03	-8.195259e+00
2.029000e-05	6.071584e-02	-8.382080e+00
2.030000e-05	-7.484263e-02	-8.514180e+00
2.031000e-05	3.601796e-02	-8.721570e+00
2.032000e-05	-6.028204e-02	-8.921495e+00
2.033000e-05	6.277383e-02	-9.038812e+00
2.034000e-05	-2.684054e-02	-9.183706e+00
2.035000e-05	-1.303050e-02	-9.336151e+00
2.036000e-05	8.136338e-03	-9.501994e+00
2.037000e-05	-1.160811e-02	-9.648914e+00
2.038000e-05	2.502788e-02	-9.796230e+00
2.039000e-05	-5.253243e-02	-9.982598e+00
2.040000e-05	2.151698e-02	-1.006349e+01
2.041000e-05	-1.284849e-02	-1.026031e+01
2.042000e-05	2.206258e-02	-1.040763e+01
2.043000e-05	-2.892611e-02	-1.046996e+01
2.044000e-05	-3.915613e-03	-1.064726e+01
2.045000e-05	8.419900e-03	-1.073255e+01
2.046000e-05	-3.721050e-03	-1.085933e+01
2.047000e-05	-8.468538e-03	-1.091459e+01
2.048000e-05	-2.164996e-02	-1.106089e+01
2.049000e-05	1.777070e-02	-1.116574e+01
2.050000e-05	-7.941125e-03	-1.128249e+01
2.051000e-05	-1.615050e-03	-1.141720e+01
2.052000e-05	-2.231053e-02	-1.149138e+01
2.053000e-05	9.458925e-03	-1.160580e+01
2.054000e-05	-7.806125e-04	-1.169502e+01
2.055000e-05	-7.667388e-03	-1.181703e+01
2.056000e-05	-1.211791e-02	-1.185188e+01
2.057000e-05	1.725950e-03	-1.199760e+01
2.058000e-05	5.651363e-03	-1.200728e+01
2.059000e-05	-1.140828e-02	-1.206091e+01
2.060000e-05	-1.037185e-02	-1.214401e+01
2.061000e-05	-6.000838e-03	-1.219577e+01
2.062000e-05	5.608713e-03	-1.227980e+01
2.063000e-05	-9.097188e-03	-1.228993e+01
2.064000e-05	-7.522838e-03	-1.231251e+01
2.065000e-05	-5.049188e-03	-1.235462e+01
2.066000e-05	4.008963e-03	-1.242667e+01
2.067000e-05	-5.758638e-03	-1.240925e+01
2.068000e-05	-1.101613e-02	-1.241973e+01
2.069000e-05	-4.499113e-03	-1.247298e+01
2.070000e-05	2.096375e-03	-1.247296e+01
2.071000e-05	-4.462538e-03	-1.248248e+01
2.072000e-05	-1.052788e-02	-1.251356e+01
2.073000e-05	-6.893138e-03	-1.250556e+01
2.074000e-05	1.037700e-03	-1.253506e+01
2.075000e-05	-2.740700e-03	-1.247193e+01
2.076000e-05	-9.190450e-03	-1.248193e+01
2.077000e-05	-6.823625e-03	-1.248191e+01
2.078000e-05	-2.576500e-04	-1.245188e+01
2.079000e-05	-1.432063e-03	-1.242777e+01
2.080000e-05	-1.033305e-02	-1.238769e+01
2.081000e-05	-7.504188e-03	-1.235404e+01
2.082000e-05	-1.373388e-03	-1.235147e+01
2.083000e-05	-1.255188e-03	-1.225138e+01
2.084000e-05	-7.457450e-03	-1.219767e+01
2.085000e-05	-8.566388e-03	-1.219507e+01
2.086000e-05	-1.680813e-03	-1.213504e+01
2.087000e-05	-2.027113e-03	-1.206138e+01
2.088000e-05	-6.828875e-03	-1.202722e+01
2.089000e-05	-9.137925e-03	-1.194396e+01
2.090000e-05	-2.491500e-03	-1.191031e+01
2.091000e-05	-1.951488e-03	-1.179712e+01
2.092000e-05	-6.614800e-03	-1.170183e+01
2.093000e-05	-9.142363e-03	-1.159620e+01
2.094000e-05	-3.529988e-03	-1.151144e+01
2.095000e-05	-2.926288e-03	-1.136657e+01
2.096000e-05	-4.503450e-03	-1.126128e+01
2.097000e-05	-9.251875e-03	-1.106447e+01
2.098000e-05	-2.265388e-03	-1.103528e+01
2.099000e-05	-3.098588e-03	-1.097191e+01
2.100000e-05	-3.313763e-03	-1.082615e+01
2.101000e-05	-1.042573e-02	-1.072949e+01
2.102000e-05	-4.911238e-03	-1.062667e+01
2.103000e-05	-4.771900e-03	-1.046094e+01
2.104000e-05	-3.467013e-03	-1.039450e+01
2.105000e-05	-8.040450e-03	-1.022617e+01
2.106000e-05	-3.537663e-03	-1.010186e+01
2.107000e-05	-1.508975e-03	-9.972989e+00
2.108000e-05	-2.788288e-03	-9.794573e+00
2.109000e-05	-7.224350e-03	-9.657834e+00
2.110000e-05	-8.007488e-03	-9.552469e+00
2.111000e-05	-3.575050e-03	-9.413043e+00
2.112000e-05	-5.526100e-03	-9.195599e+00
2.113000e-05	-5.613913e-03	-9.067232e+00
2.114000e-05	-6.081313e-03	-8.899891e+00
2.115000e-05	-4.601499e-04	-8.741945e+00
2.116000e-05	-2.875175e-03	-8.532369e+00
2.117000e-05	-5.089213e-03	-8.371050e+00
2.118000e-05	-7.327763e-03	-8.226556e+00
2.119000e-05	-3.476813e-03	-8.066740e+00
2.120000e-05	-3.977338e-03	-7.836660e+00
2.121000e-05	-6.992225e-03	-7.647185e+00
2.122000e-05	-6.668450e-03	-7.436184e+00
2.123000e-05	-3.399313e-03	-7.287761e+00
2.124000e-05	-1.857050e-03	-7.097659e+00
2.125000e-05	-4.840763e-03	-6.847266e+00
2.126000e-05	-4.945200e-03	-6.687211e+00
2.127000e-05	-3.301413e-03	-6.457266e+00
2.128000e-05	-3.304800e-03	-6.357190e+00
2.129000e-05	-6.397425e-03	-6.088240e+00
2.130000e-05	-6.066700e-03	-5.886695e+00
2.131000e-05	-5.018500e-03	-5.666169e+00
2.132000e-05	-2.556763e-03	-5.487670e+00
2.133000e-05	-5.704525e-03	-5.203461e+00
2.134000e-05	-3.909050e-03	-4.961878e+00
2.135000e-05	-4.936663e-03	-4.697276e+00
2.136000e-05	-2.153425e-03	-4.526800e+00
2.137000e-05	-5.946125e-03	-4.359356e+00
2.138000e-05	-4.196788e-03	-4.178380e+00
2.139000e-05	-5.152688e-03	-3.978279e+00
2.140000e-05	-1.803038e-03	-3.674148e+00
2.141000e-05	-6.337350e-03	-3.495150e+00
2.142000e-05	-5.436513e-03	-3.212594e+00
2.143000e-05	-6.273850e-03	-3.045491e+00
2.144000e-05	-1.290063e-03	-2.819939e+00
2.145000e-05	-4.092925e-03	-2.598363e+00
2.146000e-05	-2.876700e-03	-2.379864e+00
2.147000e-05	-3.208663e-03	-2.084733e+00
2.148000e-05	-3.018863e-03	-1.896179e+00
2.149000e-05	-4.455800e-03	-1.685080e+00
2.150000e-05	-6.360538e-03	-1.442964e+00
2.151000e-05	-4.344900e-03	-1.148188e+00
2.152000e-05	-4.379588e-03	-9.466600e-01
2.153000e-05	-2.035100e-03	-7.271350e-01
2.154000e-05	-3.813063e-03	-4.310463e-01
2.155000e-05	-2.004625e-03	-2.315475e-01
2.156000e-05	5.584999e-05	-2.150250e-02
2.157000e-05	6.666888e-03	2.116300e-01
2.158000e-05	-4.439513e-03	4.436825e-01
2.159000e-05	1.904388e-03	6.437325e-01
2.160000e-05	-3.067788e-03	8.447075e-01
2.161000e-05	1.804225e-03	1.125889e+00
2.162000e-05	-6.794750e-04	1.357390e+00
2.163000e-05	4.135025e-03	1.559094e+00
2.164000e-05	3.380683e-02	1.772199e+00
2.165000e-05	7.413037e-02	2.023250e+00
2.166000e-05	-4.139506e-02	2.287436e+00
2.167000e-05	-5.037887e-02	2.520116e+00
2.168000e-05	-3.920468e-02	2.821120e+00
2.169000e-05	-2.862314e-02	2.969510e+00
2.170000e-05	-3.368850e-02	3.147855e+00
2.171000e-05	1.135028e-01	3.264906e+00
2.172000e-05	-9.042320e-02	3.562588e+00
2.173000e-05	2.285576e-02	3.668478e+00
2.174000e-05	1.087783e-01	3.889009e+00
2.175000e-05	-8.735889e-02	4.173274e+00
2.176000e-05	4.608595e-02	4.422743e+00
2.177000e-05	-6.000000e-02	4.635201e+00
2.178000e-05	-1.145393e-02	4.845320e+00
2.179000e-05	6.094077e-02	5.111508e+00
2.180000e-05	-2.821704e-02	5.412584e+00
2.181000e-05	8.557363e-03	5.571660e+00
2.182000e-05	7.035251e-04	5.825164e+00
2.183000e-05	-1.609703e-02	6.014191e+00
2.184000e-05	2.139343e-02	6.213660e+00
2.185000e-05	-3.435753e-02	6.384764e+00
2.186000e-05	2.295086e-02	6.564241e+00
2.187000e-05	-1.817734e-02	6.825738e+00
2.188000e-05	3.825748e-02	6.986210e+00
2.189000e-05	-7.738088e-03	7.184684e+00
2.190000e-05	-4.093235e-02	7.383683e+00
2.191000e-05	3.727246e-02	7.575786e+00
2.192000e-05	-1.896595e-02	7.824261e+00
2.193000e-05	1.860771e-02	8.046309e+00
2.194000e-05	-1.963219e-02	8.215732e+00
2.195000e-05	1.300828e-02	8.364149e+00
2.196000e-05	2.082713e-03	8.512073e+00
2.197000e-05	-3.959788e-03	8.657435e+00
2.198000e-05	-3.168225e-03	8.817358e+00
2.199000e-05	-1.278641e-02	9.015283e+00
2.200000e-05	1.741801e-02	9.215228e+00
2.201000e-05	-1.038162e-03	9.321519e+00
2.202000e-05	-2.497163e-03	9.477939e+00
2.203000e-05	-4.123313e-03	9.588754e+00
2.204000e-05	2.749525e-03	9.727282e+00
2.205000e-05	2.357975e-03	9.922464e+00
2.206000e-05	-7.232050e-03	1.010101e+01
2.207000e-05	-1.493263e-03	1.019570e+01
2.208000e-05	1.607825e-03	1.037262e+01
2.209000e-05	6.940988e-03	1.045991e+01
2.210000e-05	-2.280388e-03	1.058633e+01
2.211000e-05	-4.694988e-03	1.072151e+01
2.212000e-05	-5.655875e-04	1.086686e+01
2.213000e-05	1.434800e-03	1.094262e+01
2.214000e-05	-1.688975e-03	1.108775e+01
2.215000e-05	-4.336800e-03	1.113261e+01
2.216000e-05	1.495538e-03	1.126998e+01
2.217000e-05	3.201750e-03	1.130722e+01
2.218000e-05	-8.092375e-04	1.143048e+01
2.219000e-05	-3.871713e-03	1.157527e+01
2.220000e-05	-1.324663e-03	1.168093e+01
2.221000e-05	8.026126e-04	1.177364e+01
2.222000e-05	-2.798000e-03	1.181985e+01
2.223000e-05	-2.390488e-03	1.190093e+01
2.224000e-05	4.534125e-04	1.200517e+01
2.225000e-05	1.306838e-03	1.200835e+01
2.226000e-05	-1.178313e-03	1.208396e+01
2.227000e-05	-3.504425e-03	1.214716e+01
2.228000e-05	-1.653988e-03	1.220632e+01
2.229000e-05	4.926250e-04	1.224038e+01
2.230000e-05	-1.583513e-03	1.232053e+01
2.231000e-05	-2.205975e-03	1.234506e+01
2.232000e-05	-2.293600e-03	1.237470e+01
2.233000e-05	-2.071625e-04	1.241627e+01
2.234000e-05	-7.762500e-04	1.242832e+01
2.235000e-05	-2.744113e-03	1.247877e+01
2.236000e-05	-2.484925e-03	1.243793e+01
2.237000e-05	2.755375e-04	1.247190e+01
2.238000e-05	-6.103875e-04	1.247945e+01
2.239000e-05	-2.365213e-03	1.245983e+01
2.240000e-05	-2.426475e-03	1.251145e+01
2.241000e-05	-1.622275e-03	1.247838e+01
2.242000e-05	-1.739613e-03	1.245735e+01
2.243000e-05	-2.817125e-03	1.243728e+01
2.244000e-05	-1.981038e-03	1.243727e+01
2.245000e-05	-1.588150e-03	1.240517e+01
2.246000e-05	5.036251e-05	1.240509e+01
2.247000e-05	-2.292900e-03	1.232246e+01
2.248000e-05	-2.712488e-03	1.231098e+01
2.249000e-05	-9.688250e-04	1.225830e+01
2.250000e-05	-1.332350e-03	1.219579e+01
2.251000e-05	-1.931375e-03	1.210503e+01
2.252000e-05	-2.852613e-03	1.205093e+01
2.253000e-05	-2.474950e-03	1.201018e+01
2.254000e-05	-2.611488e-03	1.196599e+01
2.255000e-05	-2.077575e-03	1.185988e+01
2.256000e-05	-3.174413e-03	1.182572e+01
2.257000e-05	-5.406125e-04	1.175349e+01
2.258000e-05	-1.072275e-03	1.167983e+01
2.259000e-05	-1.818300e-03	1.154399e+01
2.260000e-05	-2.264575e-03	1.143042e+01
2.261000e-05	-2.859113e-03	1.132456e+01
2.262000e-05	-1.604988e-03	1.122033e+01
2.263000e-05	-3.671038e-03	1.116093e+01
2.264000e-05	-2.511713e-03	1.103770e+01
2.265000e-05	-3.714775e-03	1.090149e+01
2.266000e-05	-6.470375e-04	1.085875e+01
2.267000e-05	-3.277938e-03	1.072044e+01
2.268000e-05	-1.586613e-03	1.057465e+01
2.269000e-05	-3.909913e-03	1.040838e+01
2.270000e-05	-1.936338e-03	1.031094e+01
2.271000e-05	-3.290588e-03	1.021417e+01
2.272000e-05	-3.105863e-03	1.003887e+01
2.273000e-05	-3.171900e-03	9.940464e+00
2.274000e-05	-2.114575e-03	9.773994e+00
2.275000e-05	-2.643125e-03	9.586597e+00
2.276000e-05	-3.542900e-03	9.487254e+00
2.277000e-05	-2.780138e-03	9.340012e+00
2.278000e-05	-3.260838e-03	9.203547e+00
2.279000e-05	-3.070388e-03	9.025651e+00
2.280000e-05	-3.872463e-03	8.816180e+00
2.281000e-05	-2.943975e-03	8.647259e+00
2.282000e-05	-3.564863e-03	8.528888e+00
2.283000e-05	-3.058750e-03	8.390993e+00
2.284000e-05	-3.638625e-03	8.183552e+00
2.285000e-05	-3.152875e-03	8.015100e+00
2.286000e-05	-3.646675e-03	7.844654e+00
2.287000e-05	-3.296875e-03	7.665660e+00
2.288000e-05	-3.378763e-03	7.464628e+00
2.289000e-05	-3.378975e-03	7.204080e+00
2.290000e-05	-4.399763e-03	7.036181e+00
2.291000e-05	-4.118588e-03	6.835684e+00
2.292000e-05	-3.478063e-03	6.685630e+00
2.293000e-05	-3.989475e-03	6.422581e+00
2.294000e-05	-4.371338e-03	6.225134e+00
2.295000e-05	-4.384388e-03	6.056215e+00
2.296000e-05	-3.861363e-03	5.895710e+00
2.297000e-05	-3.246000e-03	5.664137e+00
2.298000e-05	-3.903375e-03	5.454109e+00
2.299000e-05	-4.046263e-03	5.203581e+00
2.300000e-05	-4.465163e-03	4.877451e+00
2.301000e-05	-4.530738e-03	4.706170e+00
2.302000e-05	-4.616063e-03	4.484720e+00
2.303000e-05	-5.252713e-03	4.346700e+00
2.304000e-05	-3.989650e-03	4.024116e+00
2.305000e-05	-4.534775e-03	3.793989e+00
2.306000e-05	-4.156375e-03	3.624563e+00
2.307000e-05	-4.212125e-03	3.433544e+00
2.308000e-05	-4.175938e-03	3.180405e+00
2.309000e-05	-4.145800e-03	2.927930e+00
2.310000e-05	-4.276788e-03	2.788457e+00
2.311000e-05	-4.632650e-03	2.504675e+00
2.312000e-05	-4.847275e-03	2.274146e+00
2.313000e-05	-5.065075e-03	2.042623e+00
2.314000e-05	-4.883100e-03	1.853000e+00
2.315000e-05	-4.393125e-03	1.619466e+00
2.316000e-05	-4.732813e-03	1.377362e+00
2.317000e-05	-4.650875e-03	1.107200e+00
2.318000e-05	-4.566813e-03	8.715200e-01
2.319000e-05	-4.631625e-03	5.899713e-01
2.320000e-05	-4.255675e-03	3.994450e-01
2.321000e-05	-3.789900e-03	1.858125e-01
2.322000e-05	-2.193138e-03	-9.681375e-02
2.323000e-05	5.196750e-03	-2.862913e-01
2.324000e-05	-4.860325e-03	-4.542838e-01
2.325000e-05	4.509500e-04	-7.190000e-01
2.326000e-05	-5.680613e-03	-9.483675e-01
2.327000e-05	-3.073125e-04	-1.138866e+00
2.328000e-05	-3.203588e-03	-1.370596e+00
2.329000e-05	9.725825e-03	-1.590623e+00
2.330000e-05	8.723243e-02	-1.771048e+00
2.331000e-05	-4.219225e-03	-2.002756e+00
2.332000e-05	-5.860994e-02	-2.361128e+00
2.333000e-05	-4.555493e-02	-2.665779e+00
2.334000e-05	-5.958594e-02	-2.853729e+00
2.335000e-05	-8.362063e-03	-3.055759e+00
2.336000e-05	1.523497e-01	-3.170094e+00
2.337000e-05	-1.724472e-01	-3.403173e+00
2.338000e-05	8.169860e-02	-3.631519e+00
2.339000e-05	9.327053e-02	-3.733095e+00
2.340000e-05	-1.274622e-01	-4.049300e+00
2.341000e-05	1.203350e-01	-4.275750e+00
2.342000e-05	-1.497687e-01	-4.446825e+00
2.343000e-05	-4.746599e-03	-4.710960e+00
2.344000e-05	1.260724e-01	-4.856878e+00
2.345000e-05	-1.064771e-01	-5.172060e+00
2.346000e-05	8.870774e-02	-5.395720e+00
2.347000e-05	-6.732010e-02	-5.614716e+00
2.348000e-05	-6.173812e-03	-5.867270e+00
2.349000e-05	8.535048e-02	-6.003666e+00
2.350000e-05	-1.523117e-01	-6.265846e+00
2.351000e-05	1.017890e-01	-6.416190e+00
2.352000e-05	-5.664815e-02	-6.617269e+00
2.353000e-05	7.040065e-02	-6.848845e+00
2.354000e-05	-1.780165e-02	-7.046344e+00
2.355000e-05	-9.931626e-02	-7.258869e+00
2.356000e-05	1.170130e-01	-7.436315e+00
2.357000e-05	-8.893977e-02	-7.670944e+00
2.358000e-05	6.609044e-02	-7.859393e+00
2.359000e-05	-6.633217e-02	-8.037789e+00
2.360000e-05	2.751358e-02	-8.235786e+00
2.361000e-05	3.529630e-02	-8.394133e+00
2.362000e-05	-6.259670e-02	-8.555758e+00
2.363000e-05	3.008946e-02	-8.761625e+00
2.364000e-05	-5.911518e-02	-8.931971e+00
2.365000e-05	7.172637e-02	-9.058416e+00
2.366000e-05	-4.490790e-02	-9.208234e+00
2.367000e-05	4.838925e-03	-9.405783e+00
2.368000e-05	-5.675325e-03	-9.552595e+00
2.369000e-05	2.870550e-03	-9.720462e+00
2.370000e-05	1.253499e-02	-9.796705e+00
2.371000e-05	-4.699918e-02	-9.967174e+00
2.372000e-05	2.213878e-02	-1.012246e+01
2.373000e-05	-1.379044e-02	-1.026139e+01
2.374000e-05	2.396355e-02	-1.041618e+01
2.375000e-05	-3.557448e-02	-1.051202e+01
2.376000e-05	5.140000e-03	-1.064823e+01
2.377000e-05	1.817150e-03	-1.070244e+01
2.378000e-05	1.774213e-03	-1.086188e+01
2.379000e-05	-1.512853e-02	-1.096615e+01
2.380000e-05	-1.519270e-02	-1.105247e+01
2.381000e-05	1.611445e-02	-1.121769e+01
2.382000e-05	-5.914813e-03	-1.135259e+01
2.383000e-05	-3.257925e-03	-1.139778e+01
2.384000e-05	-2.150960e-02	-1.152254e+01
2.385000e-05	1.198021e-02	-1.160980e+01
2.386000e-05	-4.190250e-03	-1.170409e+01
2.387000e-05	-5.805688e-03	-1.178870e+01
2.388000e-05	-1.486933e-02	-1.186101e+01
2.389000e-05	5.114488e-03	-1.198917e+01
2.390000e-05	3.243438e-03	-1.203980e+01
2.391000e-05	-1.034964e-02	-1.210199e+01
2.392000e-05	-1.134245e-02	-1.215364e+01
2.393000e-05	-4.696000e-03	-1.223675e+01
2.394000e-05	6.544063e-03	-1.224838e+01
2.395000e-05	-1.062435e-02	-1.228093e+01
2.396000e-05	-7.375625e-03	-1.233498e+01
2.397000e-05	-4.866450e-03	-1.234617e+01
2.398000e-05	4.722075e-03	-1.238779e+01
2.399000e-05	-6.912050e-03	-1.242877e+01
2.400000e-05	-1.110481e-02	-1.247130e+01
2.401000e-05	-3.945600e-03	-1.246543e+01
2.402000e-05	2.489350e-03	-1.250396e+01
2.403000e-05	-4.274725e-03	-1.244249e+01
2.404000e-05	-1.075515e-02	-1.247299e+01
2.405000e-05	-6.510075e-03	-1.248444e+01
2.406000e-05	9.332501e-04	-1.252499e+01
2.407000e-05	-4.211713e-03	-1.248346e+01
2.408000e-05	-9.496163e-03	-1.247236e+01
2.409000e-05	-5.590000e-03	-1.248290e+01
2.410000e-05	2.637000e-04	-1.248143e+01
2.411000e-05	-1.470013e-03	-1.242670e+01
2.412000e-05	-1.068541e-02	-1.240719e+01
2.413000e-05	-7.042875e-03	-1.233519e+01
2.414000e-05	-2.132863e-03	-1.235344e+01
2.415000e-05	-1.922188e-03	-1.224938e+01
2.416000e-05	-8.297888e-03	-1.220722e+01
2.417000e-05	-7.095588e-03	-1.218562e+01
2.418000e-05	-1.263513e-03	-1.207453e+01
2.419000e-05	-2.391775e-03	-1.206040e+01
2.420000e-05	-7.317675e-03	-1.201702e+01
2.421000e-05	-8.767725e-03	-1.196349e+01
2.422000e-05	-2.967763e-03	-1.187831e+01
2.423000e-05	-1.400513e-03	-1.173702e+01
2.424000e-05	-6.051788e-03	-1.167991e+01
2.425000e-05	-7.826550e-03	-1.155762e+01
2.426000e-05	-4.661325e-03	-1.145041e+01
2.427000e-05	-8.360250e-04	-1.139402e+01
2.428000e-05	-5.540725e-03	-1.122933e+01
2.429000e-05	-7.075788e-03	-1.108444e+01
2.430000e-05	-4.403888e-03	-1.100673e+01
2.431000e-05	-2.689275e-03	-1.088293e+01
2.432000e-05	-4.670663e-03	-1.084520e+01
2.433000e-05	-7.602875e-03	-1.072141e+01
2.434000e-05	-5.339725e-03	-1.062657e+01
2.435000e-05	-1.071300e-03	-1.053039e+01
2.436000e-05	-4.462288e-03	-1.034399e+01
2.437000e-05	-6.420563e-03	-1.020725e+01
2.438000e-05	-5.845813e-03	-1.007071e+01
2.439000e-05	-2.803338e-03	-9.941886e+00
2.440000e-05	-2.812613e-03	-9.815599e+00
2.441000e-05	-8.372913e-03	-9.608709e+00
2.442000e-05	-5.112850e-03	-9.551440e+00
2.443000e-05	-3.828038e-03	-9.354443e+00
2.444000e-05	-2.761288e-03	-9.242602e+00
2.445000e-05	-5.804575e-03	-9.027231e+00
2.446000e-05	-3.902225e-03	-8.857836e+00
2.447000e-05	-4.519613e-03	-8.728345e+00
2.448000e-05	-2.976763e-03	-8.534393e+00
2.449000e-05	-7.519113e-03	-8.321996e+00
2.450000e-05	-6.219188e-03	-8.204105e+00
2.451000e-05	-5.377113e-03	-8.036686e+00
2.452000e-05	-2.245475e-03	-7.847131e+00
2.453000e-05	-3.893250e-03	-7.603010e+00
2.454000e-05	-3.414212e-03	-7.426109e+00
2.455000e-05	-2.682713e-03	-7.255739e+00
2.456000e-05	-5.018625e-03	-7.069663e+00
2.457000e-05	-5.132950e-03	-6.814160e+00
2.458000e-05	-7.124463e-03	-6.636186e+00
2.459000e-05	-4.738463e-03	-6.446165e+00
2.460000e-05	-3.019175e-03	-6.267216e+00
2.461000e-05	-3.628838e-03	-6.047190e+00
2.462000e-05	-3.134988e-03	-5.844614e+00
2.463000e-05	-3.210913e-03	-5.625118e+00
2.464000e-05	-3.635838e-03	-5.456138e+00
2.465000e-05	-6.482100e-03	-5.199505e+00
2.466000e-05	-4.446813e-03	-4.947783e+00
2.467000e-05	-6.186300e-03	-4.644595e+00
2.468000e-05	-3.091388e-03	-4.476273e+00
2.469000e-05	-5.926400e-03	-4.347199e+00
2.470000e-05	-1.501125e-03	-4.108776e+00
2.471000e-05	-4.652313e-03	-3.907226e+00
2.472000e-05	-2.721563e-03	-3.673594e+00
2.473000e-05	-7.060513e-03	-3.446595e+00
2.474000e-05	-4.151825e-03	-3.213641e+00
2.475000e-05	-6.617850e-03	-3.011491e+00
2.476000e-05	-3.052925e-03	-2.779385e+00
2.477000e-05	-3.760275e-03	-2.547833e+00
2.478000e-05	-1.983925e-03	-2.367783e+00
2.479000e-05	-4.004063e-03	-2.055075e+00
2.480000e-05	-3.733125e-03	-1.863028e+00
2.481000e-05	-4.898813e-03	-1.662095e+00
2.482000e-05	-5.689750e-03	-1.398918e+00
2.483000e-05	-5.642900e-03	-1.105133e+00
2.484000e-05	-4.752350e-03	-8.846775e-01
2.485000e-05	-1.802688e-03	-7.240488e-01
2.486000e-05	-2.161925e-03	-4.009275e-01
2.487000e-05	-2.254713e-03	-2.220525e-01
2.488000e-05	7.888500e-04	1.265375e-02
2.489000e-05	6.089075e-03	2.348363e-01
2.490000e-05	-4.676388e-03	4.947825e-01
2.491000e-05	7.879751e-04	6.443100e-01
2.492000e-05	-3.514500e-03	8.552363e-01
2.493000e-05	2.233575e-03	1.115415e+00
2.494000e-05	-7.543753e-05	1.359446e+00
2.495000e-05	5.478213e-03	1.553228e+00
2.496000e-05	3.953045e-02	1.844279e+00
2.497000e-05	6.790944e-02	2.074281e+00
2.498000e-05	-5.406945e-02	2.339013e+00
2.499000e-05	-4.744478e-02	2.612093e+00
2.500000e-05	-3.603610e-02	2.802195e+00
2.501000e-05	-3.275483e-02	2.979570e+00
2.502000e-05	-1.659521e-02	3.117906e+00
2.503000e-05	1.137609e-01	3.328011e+00
2.504000e-05	-1.170460e-01	3.602139e+00
2.505000e-05	6.651694e-02	3.738459e+00
2.506000e-05	7.444659e-02	3.970191e+00
2.507000e-05	-8.251675e-02	4.215275e+00
2.508000e-05	5.503825e-02	4.424724e+00
2.509000e-05	-7.965603e-02	4.677899e+00
2.510000e-05	1.689443e-02	4.847953e+00
2.511000e-05	4.740423e-02	5.145061e+00
2.512000e-05	-2.955060e-02	5.425666e+00
2.513000e-05	1.224849e-02	5.644719e+00
2.514000e-05	-6.499500e-03	5.786191e+00
2.515000e-05	-8.588613e-03	6.005765e+00
2.516000e-05	1.313428e-02	6.264266e+00
2.517000e-05	-3.149864e-02	6.414240e+00
2.518000e-05	2.531171e-02	6.636293e+00
2.519000e-05	-1.882808e-02	6.886269e+00
2.520000e-05	4.523251e-02	7.026315e+00
2.521000e-05	-2.466539e-02	7.245663e+00
2.522000e-05	-2.934849e-02	7.438364e+00
2.523000e-05	3.457083e-02	7.645889e+00
2.524000e-05	-2.091679e-02	7.819366e+00
2.525000e-05	2.063859e-02	8.077446e+00
2.526000e-05	-2.317588e-02	8.256261e+00
2.527000e-05	2.048956e-02	8.393709e+00
2.528000e-05	-4.657250e-03	8.542102e+00
2.529000e-05	-9.693750e-04	8.709489e+00
2.530000e-05	-7.650475e-03	8.858386e+00
2.531000e-05	-9.778926e-03	9.038283e+00
2.532000e-05	1.874523e-02	9.195706e+00
2.533000e-05	-4.346788e-03	9.353095e+00
2.534000e-05	6.164625e-04	9.470988e+00
2.535000e-05	-4.804938e-03	9.647387e+00
2.536000e-05	5.609613e-03	9.814803e+00
2.537000e-05	-2.423413e-03	9.963546e+00
2.538000e-05	-6.477388e-03	1.007104e+01
2.539000e-05	-8.906125e-04	1.024625e+01
2.540000e-05	2.974613e-03	1.034312e+01
2.541000e-05	6.155563e-03	1.046996e+01
2.542000e-05	-3.914425e-03	1.057783e+01
2.543000e-05	-2.060075e-03	1.072167e+01
2.544000e-05	-9.475750e-04	1.087931e+01
2.545000e-05	2.330625e-04	1.093412e+01
2.546000e-05	-4.748938e-03	1.104888e+01
2.547000e-05	-2.804200e-03	1.113412e+01
2.548000e-05	2.295263e-03	1.127293e+01
2.549000e-05	2.711975e-03	1.140870e+01
2.550000e-05	-1.724388e-03	1.146146e+01
2.551000e-05	-4.866100e-03	1.160623e+01
2.552000e-05	-3.977125e-04	1.170244e+01
2.553000e-05	8.477500e-05	1.178462e+01
2.554000e-05	-1.671425e-03	1.183777e+01
2.555000e-05	-2.884500e-03	1.190056e+01
2.556000e-05	1.497600e-03	1.198569e+01
2.557000e-05	5.485750e-04	1.203983e+01
2.558000e-05	-2.012713e-03	1.209298e+01
2.559000e-05	-4.011588e-03	1.216564e+01
2.560000e-05	-2.109650e-03	1.218925e+01
2.561000e-05	5.843750e-04	1.231985e+01
2.562000e-05	-2.137225e-03	1.233096e+01
2.563000e-05	-1.768388e-03	1.232304e+01
2.564000e-05	-2.437438e-03	1.234569e+01
2.565000e-05	5.853500e-04	1.243022e+01
2.566000e-05	-1.830988e-03	1.242827e+01
2.567000e-05	-3.303025e-03	1.242932e+01
2.568000e-05	-1.918938e-03	1.248240e+01
2.569000e-05	1.125063e-03	1.248138e+01
2.570000e-05	-1.536250e-03	1.250145e+01
2.571000e-05	-2.705413e-03	1.248095e+01
2.572000e-05	-2.354250e-03	1.248035e+01
2.573000e-05	2.262501e-05	1.247133e+01
2.574000e-05	-1.849375e-03	1.244877e+01
2.575000e-05	-3.068050e-03	1.245977e+01
2.576000e-05	-1.745875e-03	1.243722e+01
2.577000e-05	-6.366875e-04	1.243519e+01
2.578000e-05	1.661875e-04	1.239561e+01
2.579000e-05	-3.809638e-03	1.232196e+01
2.580000e-05	-2.379588e-03	1.228188e+01
2.581000e-05	-1.146513e-03	1.226030e+01
2.582000e-05	-1.428250e-04	1.219826e+01
2.583000e-05	-2.234300e-03	1.207457e+01
2.584000e-05	-3.056413e-03	1.206090e+01
2.585000e-05	-1.452738e-03	1.199775e+01
2.586000e-05	-2.129238e-03	1.193263e+01
2.587000e-05	-2.127175e-03	1.188943e+01
2.588000e-05	-2.981413e-03	1.180667e+01
2.589000e-05	-1.591975e-03	1.172154e+01
2.590000e-05	-8.726000e-04	1.166930e+01
2.591000e-05	-2.343200e-03	1.155444e+01
2.592000e-05	-2.473038e-03	1.143977e+01
2.593000e-05	-3.417400e-03	1.134409e+01
2.594000e-05	-8.487875e-04	1.120770e+01
2.595000e-05	-3.461550e-03	1.112291e+01
2.596000e-05	-2.700988e-03	1.101565e+01
2.597000e-05	-4.650800e-03	1.091088e+01
2.598000e-05	-3.001250e-04	1.081667e+01
2.599000e-05	-2.592363e-03	1.070948e+01
2.600000e-05	-1.716763e-03	1.054564e+01
2.601000e-05	-3.567150e-03	1.041835e+01
2.602000e-05	-1.870488e-03	1.029043e+01
2.603000e-05	-2.830225e-03	1.017352e+01
2.604000e-05	-3.444788e-03	1.005778e+01
2.605000e-05	-3.419800e-03	9.949260e+00
2.606000e-05	-2.449400e-03	9.743991e+00
2.607000e-05	-2.281800e-03	9.604073e+00
2.608000e-05	-2.647863e-03	9.447704e+00
2.609000e-05	-3.585300e-03	9.289388e+00
2.610000e-05	-3.522538e-03	9.164070e+00
2.611000e-05	-2.711250e-03	9.044573e+00
2.612000e-05	-3.081000e-03	8.795679e+00
2.613000e-05	-3.281588e-03	8.636229e+00
2.614000e-05	-3.568425e-03	8.478312e+00
2.615000e-05	-2.320938e-03	8.351443e+00
2.616000e-05	-3.670063e-03	8.164044e+00
2.617000e-05	-3.771613e-03	7.974976e+00
2.618000e-05	-3.847350e-03	7.824575e+00
2.619000e-05	-3.390788e-03	7.642977e+00
2.620000e-05	-3.876175e-03	7.355574e+00
2.621000e-05	-3.125463e-03	7.202078e+00
2.622000e-05	-4.664450e-03	7.035033e+00
2.623000e-05	-3.334963e-03	6.812081e+00
2.624000e-05	-3.425688e-03	6.656083e+00
2.625000e-05	-3.585950e-03	6.401028e+00
2.626000e-05	-4.817650e-03	6.214008e+00
2.627000e-05	-3.875438e-03	6.044113e+00
2.628000e-05	-3.736038e-03	5.814556e+00
2.629000e-05	-4.207188e-03	5.592530e+00
2.630000e-05	-4.404263e-03	5.404536e+00
2.631000e-05	-3.501263e-03	5.181934e+00
2.632000e-05	-3.160863e-03	4.866790e+00
2.633000e-05	-3.597238e-03	4.665196e+00
2.634000e-05	-3.449563e-03	4.435696e+00
2.635000e-05	-4.855500e-03	4.296095e+00
2.636000e-05	-3.256100e-03	4.011114e+00
2.637000e-05	-3.756488e-03	3.832011e+00
2.638000e-05	-5.058513e-03	3.581043e+00
2.639000e-05	-5.330275e-03	3.398959e+00
2.640000e-05	-3.487138e-03	3.148879e+00
2.641000e-05	-2.391963e-03	2.946755e+00
2.642000e-05	-5.056288e-03	2.747256e+00
2.643000e-05	-2.550838e-03	2.494196e+00
2.644000e-05	-5.519638e-03	2.241619e+00
2.645000e-05	-4.771038e-03	2.022069e+00
2.646000e-05	-7.171600e-03	1.781519e+00
2.647000e-05	-5.470038e-03	1.567385e+00
2.648000e-05	-5.097675e-03	1.337760e+00
2.649000e-05	-2.507600e-03	1.105153e+00
2.650000e-05	-3.387063e-03	8.214188e-01
2.651000e-05	-2.816563e-03	6.084913e-01
2.652000e-05	-3.722025e-03	4.083450e-01
2.653000e-05	-4.540800e-03	1.727113e-01
2.654000e-05	-1.818263e-03	-1.158150e-01
2.655000e-05	3.879888e-03	-3.163125e-01
2.656000e-05	-5.489413e-03	-4.663163e-01
2.657000e-05	3.564375e-04	-7.785275e-01
2.658000e-05	-4.868063e-03	-9.294688e-01
2.659000e-05	8.246248e-05	-1.169448e+00
2.660000e-05	-1.934137e-03	-1.402126e+00
2.661000e-05	1.527943e-02	-1.622153e+00
2.662000e-05	9.295684e-02	-1.791075e+00
2.663000e-05	-2.664874e-02	-2.063835e+00
2.664000e-05	-5.229115e-02	-2.391748e+00
2.665000e-05	-4.809023e-02	-2.695858e+00
2.666000e-05	-6.366757e-02	-2.875781e+00
2.667000e-05	2.369921e-02	-3.086283e+00
2.668000e-05	1.296004e-01	-3.160141e+00
2.669000e-05	-1.924851e-01	-3.464749e+00
2.670000e-05	1.333873e-01	-3.613596e+00
2.671000e-05	3.896365e-02	-3.792626e+00
2.672000e-05	-1.009258e-01	-4.138910e+00
2.673000e-05	1.146700e-01	-4.277280e+00
2.674000e-05	-1.773363e-01	-4.448433e+00
2.675000e-05	4.710198e-02	-4.759489e+00
2.676000e-05	9.067887e-02	-4.848951e+00
2.677000e-05	-9.758929e-02	-5.193741e+00
2.678000e-05	9.542567e-02	-5.404320e+00
2.679000e-05	-9.220379e-02	-5.646745e+00
2.680000e-05	3.286819e-02	-5.887825e+00
2.681000e-05	4.826610e-02	-6.016791e+00
2.682000e-05	-1.378794e-01	-6.289496e+00
2.683000e-05	1.114578e-01	-6.457374e+00
2.684000e-05	-7.393032e-02	-6.697423e+00
2.685000e-05	9.681917e-02	-6.878923e+00
2.686000e-05	-5.967303e-02	-7.058849e+00
2.687000e-05	-6.092078e-02	-7.319944e+00
2.688000e-05	9.928584e-02	-7.417894e+00
2.689000e-05	-8.933507e-02	-7.661475e+00
2.690000e-05	7.523189e-02	-7.930394e+00
2.691000e-05	-8.475061e-02	-8.069392e+00
2.692000e-05	5.745538e-02	-8.247289e+00
2.693000e-05	6.678638e-03	-8.404704e+00
2.694000e-05	-4.473651e-02	-8.615187e+00
2.695000e-05	1.856690e-02	-8.775155e+00
2.696000e-05	-5.096785e-02	-8.932073e+00
2.697000e-05	7.306483e-02	-9.058836e+00
2.698000e-05	-5.796320e-02	-9.228839e+00
2.699000e-05	1.898881e-02	-9.397255e+00
2.700000e-05	-1.730321e-02	-9.564074e+00
2.701000e-05	1.534488e-02	-9.712467e+00
2.702000e-05	-2.339862e-03	-9.827759e+00
2.703000e-05	-3.887419e-02	-9.986704e+00
2.704000e-05	2.094413e-02	-1.012252e+01
2.705000e-05	-1.165118e-02	-1.025102e+01
2.706000e-05	2.181598e-02	-1.041725e+01
2.707000e-05	-3.879746e-02	-1.053297e+01
2.708000e-05	1.277528e-02	-1.066738e+01
2.709000e-05	-3.788013e-03	-1.074409e+01
2.710000e-05	3.672038e-03	-1.086044e+01
2.711000e-05	-2.169025e-02	-1.097670e+01
2.712000e-05	-7.563163e-03	-1.107352e+01
2.713000e-05	1.326020e-02	-1.121768e+01
2.714000e-05	-5.834688e-03	-1.133409e+01
2.715000e-05	-6.256538e-03	-1.137873e+01
2.716000e-05	-1.848059e-02	-1.147502e+01
2.717000e-05	1.399806e-02	-1.166876e+01
2.718000e-05	-7.673013e-03	-1.170559e+01
2.719000e-05	-5.619588e-03	-1.179828e+01
2.720000e-05	-1.485420e-02	-1.196094e+01
2.721000e-05	8.231838e-03	-1.201669e+01
2.722000e-05	-9.383249e-04	-1.204833e+01
2.723000e-05	-1.017573e-02	-1.208353e+01
2.724000e-05	-1.141458e-02	-1.214517e+01
2.725000e-05	-1.107475e-03	-1.218820e+01
2.726000e-05	4.391825e-03	-1.225977e+01
2.727000e-05	-1.154401e-02	-1.229336e+01
2.728000e-05	-6.334438e-03	-1.232401e+01
2.729000e-05	-3.268813e-03	-1.237760e+01
2.730000e-05	3.805550e-03	-1.238822e+01
2.731000e-05	-8.966963e-03	-1.242080e+01
2.732000e-05	-1.052496e-02	-1.245190e+01
2.733000e-05	-2.017688e-03	-1.246398e+01
2.734000e-05	2.194050e-03	-1.248448e+01
2.735000e-05	-6.102150e-03	-1.250398e+01
2.736000e-05	-1.073405e-02	-1.249351e+01
2.737000e-05	-5.406238e-03	-1.251259e+01
2.738000e-05	1.176650e-03	-1.250598e+01
2.739000e-05	-5.154138e-03	-1.246251e+01
2.740000e-05	-9.827363e-03	-1.249295e+01
2.741000e-05	-5.114875e-03	-1.248143e+01
2.742000e-05	8.588000e-04	-1.251245e+01
2.743000e-05	-3.731525e-03	-1.241617e+01
2.744000e-05	-1.041249e-02	-1.241517e+01
2.745000e-05	-5.885438e-03	-1.233214e+01
2.746000e-05	-5.453250e-04	-1.235302e+01
2.747000e-05	-2.948800e-03	-1.227183e+01
2.748000e-05	-9.126513e-03	-1.220715e+01
2.749000e-05	-7.360750e-03	-1.216561e+01
2.750000e-05	-1.205388e-03	-1.212301e+01
2.751000e-05	-3.736613e-03	-1.203938e+01
2.752000e-05	-8.112763e-03	-1.203615e+01
2.753000e-05	-7.132775e-03	-1.192246e+01
2.754000e-05	-6.597625e-04	-1.185028e+01
2.755000e-05	-2.952038e-03	-1.175612e+01
2.756000e-05	-7.743575e-03	-1.166183e+01
2.757000e-05	-7.899138e-03	-1.155657e+01
2.758000e-05	-1.959613e-03	-1.146991e+01
2.759000e-05	-2.193188e-03	-1.135497e+01
2.760000e-05	-5.920538e-03	-1.121882e+01
2.761000e-05	-7.324975e-03	-1.108441e+01
2.762000e-05	-3.361275e-03	-1.102473e+01
2.763000e-05	-2.531438e-03	-1.091088e+01
2.764000e-05	-5.786463e-03	-1.082505e+01
2.765000e-05	-7.761550e-03	-1.068831e+01
2.766000e-05	-3.686763e-03	-1.059655e+01
2.767000e-05	-2.122913e-03	-1.046031e+01
2.768000e-05	-5.415050e-03	-1.037194e+01
2.769000e-05	-7.024888e-03	-1.017705e+01
2.770000e-05	-4.714575e-03	-1.003916e+01
2.771000e-05	-2.114425e-03	-9.960336e+00
2.772000e-05	-5.151700e-03	-9.794574e+00
2.773000e-05	-6.522100e-03	-9.635229e+00
2.774000e-05	-5.374013e-03	-9.549365e+00
2.775000e-05	-2.492163e-03	-9.322016e+00
2.776000e-05	-3.728563e-03	-9.162500e+00
2.777000e-05	-6.471425e-03	-9.046105e+00
2.778000e-05	-4.260988e-03	-8.857706e+00
2.779000e-05	-3.674650e-03	-8.719787e+00
2.780000e-05	-2.601900e-03	-8.541914e+00
2.781000e-05	-7.978238e-03	-8.360924e+00
2.782000e-05	-4.573438e-03	-8.224526e+00
2.783000e-05	-5.280113e-03	-8.035082e+00
2.784000e-05	-2.164388e-03	-7.836504e+00
2.785000e-05	-4.619700e-03	-7.623080e+00
2.786000e-05	-4.172963e-03	-7.405129e+00
2.787000e-05	-2.113475e-03	-7.226603e+00
2.788000e-05	-3.766888e-03	-7.047559e+00
2.789000e-05	-6.341888e-03	-6.792659e+00
2.790000e-05	-7.699175e-03	-6.666107e+00
2.791000e-05	-5.803838e-03	-6.436665e+00
2.792000e-05	-4.254100e-03	-6.206539e+00
2.793000e-05	-3.384125e-03	-6.025560e+00
2.794000e-05	-3.216638e-03	-5.824538e+00
2.795000e-05	-1.663450e-03	-5.645089e+00
2.796000e-05	-2.685188e-03	-5.435011e+00
2.797000e-05	-5.286350e-03	-5.149876e+00
2.798000e-05	-7.200775e-03	-4.918648e+00
2.799000e-05	-7.606063e-03	-4.652644e+00
2.800000e-05	-4.418900e-03	-4.506173e+00
2.801000e-05	-4.277438e-03	-4.307171e+00
2.802000e-05	-2.255488e-03	-4.095721e+00
2.803000e-05	-3.004350e-03	-3.917147e+00
2.804000e-05	-2.909250e-04	-3.602540e+00
2.805000e-05	-6.807938e-03	-3.444393e+00
2.806000e-05	-4.708125e-03	-3.213044e+00
2.807000e-05	-9.173675e-03	-2.980906e+00
2.808000e-05	-3.675388e-03	-2.748729e+00
2.809000e-05	-4.855925e-03	-2.506281e+00
2.810000e-05	-1.815038e-03	-2.336626e+00
2.811000e-05	-4.213050e-03	-2.031573e+00
2.812000e-05	-1.710450e-03	-1.823490e+00
2.813000e-05	-4.156913e-03	-1.621973e+00
2.814000e-05	-5.074563e-03	-1.348711e+00
2.815000e-05	-5.000150e-03	-1.105106e+00
2.816000e-05	-4.887938e-03	-8.726263e-01
2.817000e-05	-3.114075e-03	-6.439988e-01
2.818000e-05	-3.142513e-03	-3.793700e-01
2.819000e-05	-1.755725e-03	-1.873425e-01
2.820000e-05	1.748213e-03	3.167875e-02
2.821000e-05	6.324913e-03	2.868350e-01
2.822000e-05	-2.962900e-03	4.847913e-01
2.823000e-05	1.093725e-03	7.053888e-01
2.824000e-05	-3.618750e-03	8.937625e-01
2.825000e-05	1.144750e-03	1.139469e+00
2.826000e-05	-1.049250e-03	1.371017e+00
2.827000e-05	7.544525e-03	1.655233e+00
2.828000e-05	4.789983e-02	1.853780e+00
2.829000e-05	5.980334e-02	2.087384e+00
2.830000e-05	-5.975056e-02	2.359595e+00
2.831000e-05	-4.563557e-02	2.584698e+00
2.832000e-05	-3.214020e-02	2.813226e+00
2.833000e-05	-4.112444e-02	2.982091e+00
2.834000e-05	1.519475e-03	3.149493e+00
2.835000e-05	1.030140e-01	3.332591e+00
2.836000e-05	-1.316442e-01	3.623619e+00
2.837000e-05	1.071391e-01	3.720588e+00
2.838000e-05	3.850368e-02	4.033771e+00
2.839000e-05	-6.917017e-02	4.246803e+00
2.840000e-05	5.581543e-02	4.455778e+00
2.841000e-05	-9.249648e-02	4.718404e+00
2.842000e-05	3.948673e-02	4.912005e+00
2.843000e-05	3.147556e-02	5.185163e+00
2.844000e-05	-2.843073e-02	5.465741e+00
2.845000e-05	1.719129e-02	5.614270e+00
2.846000e-05	-1.091584e-02	5.857394e+00
2.847000e-05	-3.547126e-04	6.025365e+00
2.848000e-05	3.270488e-03	6.246871e+00
2.849000e-05	-2.384221e-02	6.437291e+00
2.850000e-05	2.434890e-02	6.668373e+00
2.851000e-05	-1.896423e-02	6.878416e+00
2.852000e-05	4.775765e-02	7.056791e+00
2.853000e-05	-3.785873e-02	7.258273e+00
2.854000e-05	-1.495955e-02	7.407940e+00
2.855000e-05	2.878910e-02	7.657842e+00
2.856000e-05	-1.926544e-02	7.868940e+00
2.857000e-05	1.995290e-02	8.089447e+00
2.858000e-05	-2.481820e-02	8.278864e+00
2.859000e-05	2.380565e-02	8.414205e+00
2.860000e-05	-1.056109e-02	8.574623e+00
2.861000e-05	2.122538e-03	8.741016e+00
2.862000e-05	-1.075338e-02	8.870384e+00
2.863000e-05	-5.665750e-03	9.017909e+00
2.864000e-05	1.701000e-02	9.226680e+00
2.865000e-05	-7.539388e-03	9.333749e+00
2.866000e-05	3.135238e-03	9.531492e+00
2.867000e-05	-4.996900e-03	9.639960e+00
2.868000e-05	6.837488e-03	9.786335e+00
2.869000e-05	-5.639450e-03	9.963578e+00
2.870000e-05	-5.169463e-03	1.008249e+01
2.871000e-05	-1.083525e-03	1.022878e+01
2.872000e-05	2.039475e-03	1.035422e+01
2.873000e-05	4.754475e-03	1.046101e+01
2.874000e-05	-4.742325e-03	1.061835e+01
2.875000e-05	3.338000e-04	1.071462e+01
2.876000e-05	-8.475625e-04	1.089149e+01
2.877000e-05	5.791001e-04	1.097464e+01
2.878000e-05	-6.357038e-03	1.104986e+01
2.879000e-05	-5.707375e-04	1.121779e+01
2.880000e-05	1.887200e-03	1.129203e+01
2.881000e-05	1.660138e-03	1.133972e+01
2.882000e-05	-1.628563e-03	1.149207e+01
2.883000e-05	-3.110788e-03	1.157832e+01
2.884000e-05	4.424750e-04	1.170254e+01
2.885000e-05	-1.754075e-03	1.179667e+01
2.886000e-05	-1.650788e-03	1.182778e+01
2.887000e-05	-2.748375e-03	1.190944e+01
2.888000e-05	2.099388e-03	1.198627e+01
2.889000e-05	-1.195925e-03	1.201090e+01
2.890000e-05	-1.539225e-03	1.207261e+01
2.891000e-05	-3.339050e-03	1.213669e+01
2.892000e-05	-2.904500e-04	1.218880e+01
2.893000e-05	4.105125e-04	1.226986e+01
2.894000e-05	-2.689963e-03	1.230241e+01
2.895000e-05	-1.161575e-03	1.238362e+01
2.896000e-05	-1.045238e-03	1.239474e+01
2.897000e-05	6.018500e-04	1.242777e+01
2.898000e-05	-3.319788e-03	1.239972e+01
2.899000e-05	-2.315613e-03	1.242875e+01
2.900000e-05	-7.358375e-04	1.248038e+01
2.901000e-05	8.755126e-04	1.248190e+01
2.902000e-05	-2.764238e-03	1.247043e+01
2.903000e-05	-3.213963e-03	1.249193e+01
2.904000e-05	-1.763113e-03	1.247090e+01
2.905000e-05	-7.125625e-04	1.247985e+01
2.906000e-05	-1.386650e-03	1.244037e+01
2.907000e-05	-2.526800e-03	1.244882e+01
2.908000e-05	-2.373000e-04	1.244917e+01
2.909000e-05	1.366375e-04	1.240669e+01
2.910000e-05	-2.571338e-03	1.234512e+01
2.911000e-05	-4.049100e-03	1.230249e+01
2.912000e-05	-2.242600e-03	1.230183e+01
2.913000e-05	5.433375e-04	1.221988e+01
2.914000e-05	-1.271100e-03	1.216672e+01
2.915000e-05	-2.141863e-03	1.212516e+01
2.916000e-05	-2.168688e-03	1.206236e+01
2.917000e-05	4.610500e-04	1.200074e+01
2.918000e-05	-3.161025e-03	1.193308e+01
2.919000e-05	-3.549300e-03	1.188980e+01
2.920000e-05	-3.383900e-03	1.177575e+01
2.921000e-05	-8.866250e-05	1.173251e+01
2.922000e-05	-1.422538e-03	1.169932e+01
2.923000e-05	-2.851063e-03	1.152504e+01
2.924000e-05	-2.443338e-03	1.140874e+01
2.925000e-05	-2.578063e-03	1.133346e+01
2.926000e-05	-1.413200e-03	1.121825e+01
2.927000e-05	-3.396963e-03	1.117039e+01
2.928000e-05	-2.847713e-03	1.101620e+01
2.929000e-05	-3.269025e-03	1.093146e+01
2.930000e-05	8.050000e-04	1.081677e+01
2.931000e-05	-3.088575e-03	1.070928e+01
2.932000e-05	-2.814563e-03	1.056560e+01
2.933000e-05	-3.485863e-03	1.040465e+01
2.934000e-05	-1.439375e-03	1.030994e+01
2.935000e-05	-3.749200e-03	1.017449e+01
2.936000e-05	-3.420975e-03	1.002665e+01
2.937000e-05	-3.288400e-03	9.899785e+00
2.938000e-05	-1.804250e-03	9.703493e+00
2.939000e-05	-3.037375e-03	9.553993e+00
2.940000e-05	-3.672438e-03	9.415100e+00
2.941000e-05	-3.352213e-03	9.308808e+00
2.942000e-05	-2.658750e-03	9.171395e+00
2.943000e-05	-3.716575e-03	8.936574e+00
2.944000e-05	-3.754150e-03	8.834525e+00
2.945000e-05	-2.954650e-03	8.626179e+00
2.946000e-05	-2.359338e-03	8.457759e+00
2.947000e-05	-2.756263e-03	8.300945e+00
2.948000e-05	-5.278963e-03	8.181568e+00
2.949000e-05	-2.789338e-03	7.970448e+00
2.950000e-05	-2.894625e-03	7.753473e+00
2.951000e-05	-3.302263e-03	7.593100e+00
2.952000e-05	-5.054638e-03	7.344876e+00
2.953000e-05	-4.165238e-03	7.140525e+00
2.954000e-05	-3.631950e-03	6.993451e+00
2.955000e-05	-2.954200e-03	6.823529e+00
2.956000e-05	-5.194575e-03	6.665480e+00
2.957000e-05	-3.391950e-03	6.381026e+00
2.958000e-05	-2.745925e-03	6.203556e+00
2.959000e-05	-2.975213e-03	6.033110e+00
2.960000e-05	-5.136413e-03	5.823580e+00
2.961000e-05	-5.396175e-03	5.601455e+00
2.962000e-05	-3.321175e-03	5.379954e+00
2.963000e-05	-3.410075e-03	5.188824e+00
2.964000e-05	-4.665775e-03	4.867371e+00
2.965000e-05	-5.327225e-03	4.644615e+00
2.966000e-05	-3.644975e-03	4.434141e+00
2.967000e-05	-3.706525e-03	4.225664e+00
2.968000e-05	-4.596538e-03	3.999583e+00
2.969000e-05	-5.416188e-03	3.779512e+00
2.970000e-05	-3.956775e-03	3.589959e+00
2.971000e-05	-3.596950e-03	3.329833e+00
2.972000e-05	-4.376688e-03	3.146751e+00
2.973000e-05	-5.647688e-03	2.925699e+00
2.974000e-05	-4.471363e-03	2.737248e+00
2.975000e-05	-3.818075e-03	2.450566e+00
2.976000e-05	-4.222288e-03	2.232466e+00
2.977000e-05	-6.012125e-03	2.020039e+00
2.978000e-05	-4.563588e-03	1.777960e+00
2.979000e-05	-3.563275e-03	1.517805e+00
2.980000e-05	-4.275225e-03	1.325154e+00
2.981000e-05	-6.237650e-03	1.063549e+00
2.982000e-05	-4.947663e-03	7.879150e-01
2.983000e-05	-3.148050e-03	5.463125e-01
2.984000e-05	-3.564013e-03	3.578363e-01
2.985000e-05	-4.884038e-03	5.608375e-02
2.986000e-05	-6.073625e-04	-1.263488e-01
2.987000e-05	4.662550e-03	-3.388925e-01
2.988000e-05	-4.311163e-03	-5.159163e-01
2.989000e-05	-1.539850e-03	-7.890988e-01
2.990000e-05	-5.019025e-03	-9.695225e-01
2.991000e-05	-6.999743e-07	-1.189423e+00
2.992000e-05	-2.475888e-03	-1.422674e+00
2.993000e-05	2.127511e-02	-1.663184e+00
2.994000e-05	9.446267e-02	-1.843675e+00
2.995000e-05	-4.503650e-02	-2.107470e+00
2.996000e-05	-4.470493e-02	-2.436208e+00
2.997000e-05	-5.054151e-02	-2.738363e+00
2.998000e-05	-6.832089e-02	-2.868360e+00
2.999000e-05	5.828268e-02	-3.067854e+00
3.000000e-05	9.632559e-02	-3.242726e+00
3.001000e-05	-1.963024e-01	-3.486778e+00
3.002000e-05	1.734884e-01	-3.633571e+00
3.003000e-05	-1.249960e-02	-3.825281e+00
3.004000e-05	-6.160222e-02	-4.138911e+00
3.005000e-05	9.555613e-02	-4.307880e+00
3.006000e-05	-1.916094e-01	-4.530454e+00
3.007000e-05	9.239178e-02	-4.762063e+00
3.008000e-05	5.253908e-02	-4.890934e+00
3.009000e-05	-7.899628e-02	-5.224725e+00
3.010000e-05	9.176440e-02	-5.427399e+00
3.011000e-05	-1.110677e-01	-5.667779e+00
3.012000e-05	7.064338e-02	-5.897850e+00
3.013000e-05	7.607738e-03	-6.026849e+00
3.014000e-05	-1.142933e-01	-6.289971e+00
3.015000e-05	1.080696e-01	-6.498373e+00
3.016000e-05	-7.982098e-02	-6.700074e+00
3.017000e-05	1.172196e-01	-6.889376e+00
3.018000e-05	-1.011469e-01	-7.059949e+00
3.019000e-05	-1.700495e-02	-7.321549e+00
3.020000e-05	7.412604e-02	-7.468400e+00
3.021000e-05	-7.660848e-02	-7.711876e+00
3.022000e-05	7.292199e-02	-7.931025e+00
3.023000e-05	-9.671344e-02	-8.109995e+00
3.024000e-05	8.055640e-02	-8.267840e+00
3.025000e-05	-1.932371e-02	-8.388310e+00
3.026000e-05	-2.413756e-02	-8.638810e+00
3.027000e-05	4.061638e-03	-8.775630e+00
3.028000e-05	-3.598168e-02	-8.964099e+00
3.029000e-05	6.859917e-02	-9.110440e+00
3.030000e-05	-6.401560e-02	-9.259788e+00
3.031000e-05	2.897685e-02	-9.438787e+00
3.032000e-05	-2.588710e-02	-9.565155e+00
3.033000e-05	2.718973e-02	-9.724519e+00
3.034000e-05	-1.598219e-02	-9.848889e+00
3.035000e-05	-2.937763e-02	-1.000778e+01
3.036000e-05	1.749233e-02	-1.014260e+01
3.037000e-05	-8.872826e-03	-1.031244e+01
3.038000e-05	1.969336e-02	-1.041776e+01
3.039000e-05	-4.037658e-02	-1.054360e+01
3.040000e-05	1.844308e-02	-1.063839e+01
3.041000e-05	-8.533963e-03	-1.077268e+01
3.042000e-05	7.663325e-03	-1.089396e+01
3.043000e-05	-2.660905e-02	-1.099630e+01
3.044000e-05	-1.183750e-03	-1.112364e+01
3.045000e-05	9.113750e-03	-1.122768e+01
3.046000e-05	-3.151550e-03	-1.130507e+01
3.047000e-05	-8.703513e-03	-1.142770e+01
3.048000e-05	-1.675063e-02	-1.151416e+01
3.049000e-05	1.330789e-02	-1.164991e+01
3.050000e-05	-8.838425e-03	-1.175672e+01
3.051000e-05	-5.148913e-03	-1.183880e+01
3.052000e-05	-1.480405e-02	-1.189106e+01
3.053000e-05	1.036330e-02	-1.202672e+01
3.054000e-05	-3.201913e-03	-1.205035e+01
3.055000e-05	-8.873638e-03	-1.213348e+01
3.056000e-05	-1.324085e-02	-1.216512e+01
3.057000e-05	2.886126e-04	-1.224780e+01
3.058000e-05	2.766200e-03	-1.222884e+01
3.059000e-05	-9.478200e-03	-1.231093e+01
3.060000e-05	-6.925813e-03	-1.233252e+01
3.061000e-05	-2.865400e-03	-1.239830e+01
3.062000e-05	2.787588e-03	-1.241832e+01
3.063000e-05	-9.672725e-03	-1.241028e+01
3.064000e-05	-1.038829e-02	-1.246233e+01
3.065000e-05	-1.944075e-03	-1.247301e+01
3.066000e-05	1.612038e-03	-1.248346e+01
3.067000e-05	-5.415263e-03	-1.251496e+01
3.068000e-05	-1.093670e-02	-1.249246e+01
3.069000e-05	-5.259550e-03	-1.249398e+01
3.070000e-05	3.327250e-04	-1.253454e+01
3.071000e-05	-5.606650e-03	-1.248298e+01
3.072000e-05	-9.156063e-03	-1.247298e+01
3.073000e-05	-5.156388e-03	-1.249193e+01
3.074000e-05	1.147763e-03	-1.244188e+01
3.075000e-05	-3.355925e-03	-1.239828e+01
3.076000e-05	-1.082789e-02	-1.239659e+01
3.077000e-05	-6.323788e-03	-1.234309e+01
3.078000e-05	-1.706788e-03	-1.233136e+01
3.079000e-05	-2.754838e-03	-1.229030e+01
3.080000e-05	-8.173125e-03	-1.223672e+01
3.081000e-05	-6.315275e-03	-1.214504e+01
3.082000e-05	-1.953088e-03	-1.212191e+01
3.083000e-05	-3.536475e-03	-1.207935e+01
3.084000e-05	-8.052038e-03	-1.199362e+01
3.085000e-05	-7.663788e-03	-1.192293e+01
3.086000e-05	-2.392413e-03	-1.184927e+01
3.087000e-05	-1.969975e-03	-1.170554e+01
3.088000e-05	-6.207438e-03	-1.162933e+01
3.089000e-05	-7.341138e-03	-1.154554e+01
3.090000e-05	-3.456250e-03	-1.144135e+01
3.091000e-05	-2.127713e-03	-1.136394e+01
3.092000e-05	-5.563063e-03	-1.118916e+01
3.093000e-05	-6.601375e-03	-1.109098e+01
3.094000e-05	-4.066300e-03	-1.099625e+01
3.095000e-05	-2.218375e-03	-1.086936e+01
3.096000e-05	-5.270913e-03	-1.080355e+01
3.097000e-05	-7.054188e-03	-1.069831e+01
3.098000e-05	-4.605975e-03	-1.059557e+01
3.099000e-05	-2.711375e-03	-1.048826e+01
3.100000e-05	-4.610175e-03	-1.033243e+01
3.101000e-05	-6.032300e-03	-1.013454e+01
3.102000e-05	-5.553238e-03	-1.004826e+01
3.103000e-05	-3.021400e-03	-9.888884e+00
3.104000e-05	-4.478563e-03	-9.743969e+00
3.105000e-05	-5.951688e-03	-9.626603e+00
3.106000e-05	-5.375863e-03	-9.450863e+00
3.107000e-05	-2.816475e-03	-9.303340e+00
3.108000e-05	-4.216675e-03	-9.181966e+00
3.109000e-05	-6.026663e-03	-9.006004e+00
3.110000e-05	-5.326538e-03	-8.837163e+00
3.111000e-05	-3.891363e-03	-8.708738e+00
3.112000e-05	-4.071738e-03	-8.470388e+00
3.113000e-05	-5.514550e-03	-8.300891e+00
3.114000e-05	-5.520650e-03	-8.142972e+00
3.115000e-05	-4.441838e-03	-8.014029e+00
3.116000e-05	-3.830863e-03	-7.774501e+00
3.117000e-05	-5.416425e-03	-7.592475e+00
3.118000e-05	-5.088325e-03	-7.433078e+00
3.119000e-05	-4.508425e-03	-7.194030e+00
3.120000e-05	-4.035000e-03	-7.014078e+00
3.121000e-05	-4.998788e-03	-6.803005e+00
3.122000e-05	-4.957513e-03	-6.613106e+00
3.123000e-05	-4.309638e-03	-6.425586e+00
3.124000e-05	-3.783763e-03	-6.236058e+00
3.125000e-05	-4.284400e-03	-5.983108e+00
3.126000e-05	-5.605213e-03	-5.792034e+00
3.127000e-05	-4.521350e-03	-5.629537e+00
3.128000e-05	-4.584863e-03	-5.333885e+00
3.129000e-05	-4.708213e-03	-5.117850e+00
3.130000e-05	-4.738388e-03	-4.896618e+00
3.131000e-05	-5.290063e-03	-4.573617e+00
3.132000e-05	-3.637975e-03	-4.444643e+00
3.133000e-05	-3.507500e-03	-4.295594e+00
3.134000e-05	-4.402150e-03	-4.054095e+00
3.135000e-05	-5.635275e-03	-3.864493e+00
3.136000e-05	-3.941763e-03	-3.610043e+00
3.137000e-05	-6.315125e-03	-3.431410e+00
3.138000e-05	-4.134375e-03	-3.200515e+00
3.139000e-05	-6.180688e-03	-2.897206e+00
3.140000e-05	-1.941563e-03	-2.716730e+00
3.141000e-05	-4.210050e-03	-2.497230e+00
3.142000e-05	-2.852563e-03	-2.246150e+00
3.143000e-05	-5.222588e-03	-2.000520e+00
3.144000e-05	-3.708513e-03	-1.780015e+00
3.145000e-05	-5.863475e-03	-1.620895e+00
3.146000e-05	-3.859488e-03	-1.335154e+00
3.147000e-05	-5.663063e-03	-1.083078e+00
3.148000e-05	-4.035888e-03	-8.625750e-01
3.149000e-05	-3.043313e-03	-6.204213e-01
3.150000e-05	-1.653675e-03	-3.687913e-01
3.151000e-05	-2.024275e-03	-1.182425e-01
3.152000e-05	2.193775e-03	5.118750e-02
3.153000e-05	3.472300e-03	3.273900e-01
3.154000e-05	-2.134838e-03	4.949163e-01
3.155000e-05	-7.403875e-04	6.968850e-01
3.156000e-05	-2.400563e-03	8.949963e-01
3.157000e-05	1.789700e-03	1.199548e+00
3.158000e-05	9.198000e-04	1.391666e+00
3.159000e-05	1.067683e-02	1.677284e+00
3.160000e-05	5.467151e-02	1.895859e+00
3.161000e-05	4.546483e-02	2.118440e+00
3.162000e-05	-6.360163e-02	2.370144e+00
3.163000e-05	-4.472045e-02	2.646254e+00
3.164000e-05	-2.852594e-02	2.822725e+00
3.165000e-05	-4.636444e-02	3.013641e+00
3.166000e-05	2.416928e-02	3.159016e+00
3.167000e-05	8.415419e-02	3.443670e+00
3.168000e-05	-1.350057e-01	3.593744e+00
3.169000e-05	1.369651e-01	3.791539e+00
3.170000e-05	2.078400e-03	4.036878e+00
3.171000e-05	-5.255589e-02	4.237429e+00
3.172000e-05	5.021355e-02	4.466429e+00
3.173000e-05	-9.748417e-02	4.718481e+00
3.174000e-05	5.914920e-02	4.893086e+00
3.175000e-05	1.764705e-02	5.215295e+00
3.176000e-05	-2.460384e-02	5.478320e+00
3.177000e-05	1.667779e-02	5.625317e+00
3.178000e-05	-1.725329e-02	5.897476e+00
3.179000e-05	9.967801e-03	6.067871e+00
3.180000e-05	-6.149200e-03	6.267321e+00
3.181000e-05	-1.658031e-02	6.436944e+00
3.182000e-05	1.920906e-02	6.710025e+00
3.183000e-05	-1.301509e-02	6.910448e+00
3.184000e-05	4.763971e-02	7.058345e+00
3.185000e-05	-5.006941e-02	7.267895e+00
3.186000e-05	-8.167750e-04	7.459416e+00
3.187000e-05	2.162954e-02	7.691043e+00
3.188000e-05	-1.353513e-02	7.901016e+00
3.189000e-05	1.645909e-02	8.131996e+00
3.190000e-05	-2.398073e-02	8.288391e+00
3.191000e-05	2.760159e-02	8.437182e+00
3.192000e-05	-1.316736e-02	8.566677e+00
3.193000e-05	3.799525e-03	8.710644e+00
3.194000e-05	-1.411271e-02	8.900995e+00
3.195000e-05	-1.443438e-03	9.059911e+00
3.196000e-05	1.533850e-02	9.227257e+00
3.197000e-05	-9.711150e-03	9.404200e+00
3.198000e-05	3.953400e-03	9.500068e+00
3.199000e-05	-5.783188e-03	9.691963e+00
3.200000e-05	1.141528e-02	9.858858e+00
3.201000e-05	-8.219850e-03	9.964150e+00
3.202000e-05	-5.414175e-03	1.013355e+01
3.203000e-05	-1.417750e-03	1.024938e+01
3.204000e-05	3.555325e-03	1.038515e+01
3.205000e-05	4.813838e-03	1.049312e+01
3.206000e-05	-6.511888e-03	1.058678e+01
3.207000e-05	1.317225e-03	1.079370e+01
3.208000e-05	-7.840750e-04	1.089248e+01
3.209000e-05	1.818425e-03	1.098470e+01
3.210000e-05	-6.370350e-03	1.108043e+01
3.211000e-05	-1.554000e-03	1.121568e+01
3.212000e-05	2.996363e-03	1.127306e+01
3.213000e-05	1.420450e-03	1.138835e+01
3.214000e-05	-2.221325e-03	1.150404e+01
3.215000e-05	-4.526538e-03	1.161975e+01
3.216000e-05	1.682563e-03	1.168151e+01
3.217000e-05	-6.152750e-04	1.176477e+01
3.218000e-05	-1.949188e-03	1.186830e+01
3.219000e-05	-3.223200e-03	1.190156e+01
3.220000e-05	3.310738e-03	1.198777e+01
3.221000e-05	-8.844998e-05	1.204985e+01
3.222000e-05	-9.837250e-04	1.209403e+01
3.223000e-05	-4.720263e-03	1.213675e+01
3.224000e-05	-1.588250e-04	1.216733e+01
3.225000e-05	1.525438e-03	1.224096e+01
3.226000e-05	-2.262788e-03	1.233193e+01
3.227000e-05	-2.345975e-03	1.235359e+01
3.228000e-05	-1.653150e-03	1.241720e+01
3.229000e-05	1.862497e-05	1.240917e+01
3.230000e-05	-1.884075e-03	1.245787e+01
3.231000e-05	-4.499625e-03	1.245032e+01
3.232000e-05	-4.838625e-04	1.244885e+01
3.233000e-05	2.763550e-03	1.249038e+01
3.234000e-05	-3.358625e-04	1.244145e+01
3.235000e-05	-2.954163e-03	1.248045e+01
3.236000e-05	-1.905800e-03	1.249103e+01
3.237000e-05	-1.163400e-03	1.244990e+01
3.238000e-05	-2.889350e-03	1.247937e+01
3.239000e-05	-3.360513e-03	1.243834e+01
3.240000e-05	-1.696275e-03	1.243930e+01
3.241000e-05	2.601613e-03	1.239464e+01
3.242000e-05	1.062000e-03	1.238301e+01
3.243000e-05	-2.202475e-03	1.237296e+01
3.244000e-05	-2.551563e-03	1.224196e+01
3.245000e-05	-1.110875e-03	1.219925e+01
3.246000e-05	-2.985363e-03	1.223572e+01
3.247000e-05	-3.443800e-03	1.211414e+01
3.248000e-05	-3.508613e-03	1.207086e+01
3.249000e-05	-1.437500e-04	1.201724e+01
3.250000e-05	-5.878374e-04	1.190354e+01
3.251000e-05	-2.081400e-03	1.189678e+01
3.252000e-05	-2.813638e-03	1.179556e+01
3.253000e-05	-1.269963e-03	1.170303e+01
3.254000e-05	-4.961500e-04	1.163875e+01
3.255000e-05	-4.731950e-03	1.152346e+01
3.256000e-05	-4.419025e-03	1.136783e+01
3.257000e-05	-2.908925e-03	1.132203e+01
3.258000e-05	1.810376e-04	1.120564e+01
3.259000e-05	-3.388225e-03	1.107978e+01
3.260000e-05	-2.218763e-03	1.099610e+01
3.261000e-05	-2.804900e-03	1.086885e+01
3.262000e-05	-1.734000e-04	1.076523e+01
3.263000e-05	-3.773738e-03	1.071927e+01
3.264000e-05	-4.087938e-03	1.050256e+01
3.265000e-05	-4.220638e-03	1.041757e+01
3.266000e-05	-1.288238e-03	1.027938e+01
3.267000e-05	-3.570700e-03	1.016101e+01
3.268000e-05	-2.740400e-03	1.003715e+01
3.269000e-05	-3.090038e-03	9.907734e+00
3.270000e-05	-1.316813e-03	9.691434e+00
3.271000e-05	-2.657413e-03	9.562517e+00
3.272000e-05	-4.176525e-03	9.405698e+00
3.273000e-05	-4.957550e-03	9.267281e+00
3.274000e-05	-4.295975e-03	9.129889e+00
3.275000e-05	-3.418663e-03	8.913043e+00
3.276000e-05	-3.343475e-03	8.774544e+00
3.277000e-05	-2.663825e-03	8.624627e+00
3.278000e-05	-3.334488e-03	8.456183e+00
3.279000e-05	-1.860938e-03	8.288362e+00
3.280000e-05	-3.654525e-03	8.119971e+00
3.281000e-05	-4.436900e-03	7.910419e+00
3.282000e-05	-4.569600e-03	7.771495e+00
3.283000e-05	-2.576450e-03	7.600946e+00
3.284000e-05	-4.864688e-03	7.302369e+00
3.285000e-05	-3.617888e-03	7.180420e+00
3.286000e-05	-4.405413e-03	6.971448e+00
3.287000e-05	-2.178825e-03	6.772479e+00
3.288000e-05	-3.370538e-03	6.511978e+00
3.289000e-05	-4.359638e-03	6.359374e+00
3.290000e-05	-4.081613e-03	6.181950e+00
3.291000e-05	-3.941750e-03	5.991055e+00
3.292000e-05	-4.071563e-03	5.781525e+00
3.293000e-05	-4.631475e-03	5.570430e+00
3.294000e-05	-4.356700e-03	5.359504e+00
3.295000e-05	-4.181825e-03	5.150743e+00
3.296000e-05	-3.500075e-03	4.843565e+00
3.297000e-05	-4.616763e-03	4.613536e+00
3.298000e-05	-4.475950e-03	4.433111e+00
3.299000e-05	-4.394288e-03	4.231909e+00
3.300000e-05	-3.803838e-03	3.989428e+00
3.301000e-05	-4.159413e-03	3.760356e+00
3.302000e-05	-4.341975e-03	3.589383e+00
3.303000e-05	-3.438475e-03	3.276729e+00
3.304000e-05	-3.620113e-03	3.085724e+00
3.305000e-05	-4.159225e-03	2.916250e+00
3.306000e-05	-5.825575e-03	2.705671e+00
3.307000e-05	-3.911825e-03	2.389941e+00
3.308000e-05	-5.344088e-03	2.189864e+00
3.309000e-05	-4.083400e-03	1.999389e+00
3.310000e-05	-5.995750e-03	1.786808e+00
3.311000e-05	-3.973750e-03	1.496129e+00
3.312000e-05	-1.932663e-03	1.283128e+00
3.313000e-05	-4.377225e-03	1.038941e+00
3.314000e-05	-3.863150e-03	7.668113e-01
3.315000e-05	-5.468200e-03	5.077400e-01
3.316000e-05	-4.422038e-03	3.578613e-01
3.317000e-05	-5.821088e-03	8.259875e-02
3.318000e-05	4.573251e-04	-1.489225e-01
3.319000e-05	2.608413e-03	-3.584463e-01
3.320000e-05	-2.064338e-03	-5.199225e-01
3.321000e-05	-2.087251e-04	-7.905825e-01
3.322000e-05	-3.598475e-03	-9.706000e-01
3.323000e-05	-1.323863e-03	-1.201576e+00
3.324000e-05	-1.937863e-03	-1.465838e+00
3.325000e-05	2.960590e-02	-1.644704e+00
3.326000e-05	8.937778e-02	-1.855233e+00
3.327000e-05	-6.019999e-02	-2.161396e+00
3.328000e-05	-4.096924e-02	-2.499018e+00
3.329000e-05	-5.124581e-02	-2.761436e+00
3.330000e-05	-7.030727e-02	-2.928962e+00
3.331000e-05	9.327278e-02	-3.117784e+00
3.332000e-05	5.433620e-02	-3.224808e+00
3.333000e-05	-1.804856e-01	-3.496861e+00
3.334000e-05	2.002417e-01	-3.613221e+00
3.335000e-05	-6.129140e-02	-3.858380e+00
3.336000e-05	-1.976441e-02	-4.150086e+00
3.337000e-05	6.550408e-02	-4.319508e+00
3.338000e-05	-1.914600e-01	-4.542068e+00
3.339000e-05	1.315283e-01	-4.762638e+00
3.340000e-05	1.118836e-02	-4.970636e+00
3.341000e-05	-5.369799e-02	-5.248849e+00
3.342000e-05	7.919565e-02	-5.486876e+00
3.343000e-05	-1.185340e-01	-5.721026e+00
3.344000e-05	1.016076e-01	-5.918925e+00
3.345000e-05	-3.756489e-02	-6.058473e+00
3.346000e-05	-7.769327e-02	-6.353051e+00
3.347000e-05	9.490029e-02	-6.488901e+00
3.348000e-05	-7.464254e-02	-6.712029e+00
3.349000e-05	1.219226e-01	-6.900500e+00
3.350000e-05	-1.327542e-01	-7.111606e+00
3.351000e-05	2.596589e-02	-7.342104e+00
3.352000e-05	4.231295e-02	-7.482971e+00
3.353000e-05	-5.791796e-02	-7.723703e+00
3.354000e-05	6.148482e-02	-7.912054e+00
3.355000e-05	-9.440702e-02	-8.102595e+00
3.356000e-05	9.581512e-02	-8.278893e+00
3.357000e-05	-4.479684e-02	-8.418818e+00
3.358000e-05	-5.123813e-03	-8.627915e+00
3.359000e-05	-1.222050e-02	-8.806809e+00
3.360000e-05	-1.710636e-02	-8.954629e+00
3.361000e-05	5.775192e-02	-9.102027e+00
3.362000e-05	-6.508974e-02	-9.301418e+00
3.363000e-05	3.471385e-02	-9.448362e+00
3.364000e-05	-3.289858e-02	-9.615225e+00
3.365000e-05	3.598755e-02	-9.733023e+00
3.366000e-05	-2.920959e-02	-9.869363e+00
3.367000e-05	-1.696755e-02	-1.000975e+01
3.368000e-05	1.119283e-02	-1.015512e+01
3.369000e-05	-2.769138e-03	-1.031254e+01
3.370000e-05	1.276246e-02	-1.045786e+01
3.371000e-05	-3.825534e-02	-1.057364e+01
3.372000e-05	2.210751e-02	-1.071986e+01
3.373000e-05	-1.110590e-02	-1.077707e+01
3.374000e-05	8.193500e-03	-1.091254e+01
3.375000e-05	-3.091921e-02	-1.101830e+01
3.376000e-05	6.514025e-03	-1.111601e+01
3.377000e-05	4.475988e-03	-1.120826e+01
3.378000e-05	-2.578288e-03	-1.131514e+01
3.379000e-05	-1.327659e-02	-1.146821e+01
3.380000e-05	-1.057924e-02	-1.155572e+01
3.381000e-05	1.276264e-02	-1.164095e+01
3.382000e-05	-1.128464e-02	-1.175664e+01
3.383000e-05	-6.458075e-03	-1.184188e+01
3.384000e-05	-1.257868e-02	-1.190311e+01
3.385000e-05	1.244596e-02	-1.199825e+01
3.386000e-05	-6.081188e-03	-1.204035e+01
3.387000e-05	-9.763050e-03	-1.210299e+01
3.388000e-05	-1.185966e-02	-1.217612e+01
3.389000e-05	2.940825e-03	-1.221827e+01
3.390000e-05	4.322125e-04	-1.225088e+01
3.391000e-05	-1.231031e-02	-1.233196e+01
3.392000e-05	-5.736275e-03	-1.235457e+01
3.393000e-05	-9.786750e-04	-1.239774e+01
3.394000e-05	2.012675e-03	-1.242883e+01
3.395000e-05	-1.217998e-02	-1.244035e+01
3.396000e-05	-9.719500e-03	-1.247190e+01
3.397000e-05	-5.490000e-04	-1.250340e+01
3.398000e-05	7.966249e-05	-1.247453e+01
3.399000e-05	-8.077025e-03	-1.247446e+01
3.400000e-05	-1.080380e-02	-1.250504e+01
3.401000e-05	-2.424600e-03	-1.250357e+01
3.402000e-05	1.114763e-03	-1.251499e+01
3.403000e-05	-6.916975e-03	-1.250246e+01
3.404000e-05	-9.322938e-03	-1.247238e+01
3.405000e-05	-4.008163e-03	-1.246243e+01
3.406000e-05	1.190563e-03	-1.244993e+01
3.407000e-05	-6.187525e-03	-1.241722e+01
3.408000e-05	-1.045786e-02	-1.234716e+01
3.409000e-05	-4.658938e-03	-1.233309e+01
3.410000e-05	3.741750e-04	-1.233346e+01
3.411000e-05	-4.177225e-03	-1.223040e+01
3.412000e-05	-8.972650e-03	-1.220820e+01
3.413000e-05	-5.787538e-03	-1.217404e+01
3.414000e-05	-3.761375e-04	-1.210298e+01
3.415000e-05	-4.271525e-03	-1.205825e+01
3.416000e-05	-9.103788e-03	-1.197512e+01
3.417000e-05	-6.099625e-03	-1.190186e+01
3.418000e-05	-5.783500e-04	-1.182878e+01
3.419000e-05	-2.924013e-03	-1.172551e+01
3.420000e-05	-7.764775e-03	-1.164925e+01
3.421000e-05	-7.654788e-03	-1.154352e+01
3.422000e-05	-2.548988e-03	-1.140773e+01
3.423000e-05	-2.031700e-03	-1.134249e+01
3.424000e-05	-6.202488e-03	-1.118775e+01
3.425000e-05	-6.740938e-03	-1.108288e+01
3.426000e-05	-3.272563e-03	-1.096362e+01
3.427000e-05	-2.738688e-03	-1.092138e+01
3.428000e-05	-6.476313e-03	-1.078502e+01
3.429000e-05	-7.652588e-03	-1.066978e+01
3.430000e-05	-3.681825e-03	-1.056502e+01
3.431000e-05	-2.252750e-03	-1.043826e+01
3.432000e-05	-4.632725e-03	-1.029091e+01
3.433000e-05	-6.361313e-03	-1.012249e+01
3.434000e-05	-4.024588e-03	-1.000673e+01
3.435000e-05	-2.342463e-03	-9.889208e+00
3.436000e-05	-5.194000e-03	-9.751965e+00
3.437000e-05	-7.326550e-03	-9.605595e+00
3.438000e-05	-4.939725e-03	-9.458333e+00
3.439000e-05	-2.447538e-03	-9.301338e+00
3.440000e-05	-4.225275e-03	-9.160867e+00
3.441000e-05	-5.991263e-03	-8.985048e+00
3.442000e-05	-5.140025e-03	-8.795083e+00
3.443000e-05	-2.677013e-03	-8.688310e+00
3.444000e-05	-3.800400e-03	-8.488234e+00
3.445000e-05	-6.209238e-03	-8.299839e+00
3.446000e-05	-6.522263e-03	-8.150892e+00
3.447000e-05	-3.383188e-03	-7.974106e+00
3.448000e-05	-3.289000e-03	-7.723467e+00
3.449000e-05	-4.989213e-03	-7.550899e+00
3.450000e-05	-6.898850e-03	-7.351876e+00
3.451000e-05	-3.802463e-03	-7.193056e+00
3.452000e-05	-2.368588e-03	-6.993449e+00
3.453000e-05	-4.642400e-03	-6.760506e+00
3.454000e-05	-5.944563e-03	-6.573031e+00
3.455000e-05	-4.545875e-03	-6.404084e+00
3.456000e-05	-3.313525e-03	-6.192980e+00
3.457000e-05	-4.647675e-03	-5.971453e+00
3.458000e-05	-6.962125e-03	-5.802431e+00
3.459000e-05	-4.998438e-03	-5.612457e+00
3.460000e-05	-3.167050e-03	-5.329905e+00
3.461000e-05	-3.771663e-03	-5.116800e+00
3.462000e-05	-4.918563e-03	-4.835088e+00
3.463000e-05	-5.114175e-03	-4.591062e+00
3.464000e-05	-2.597500e-03	-4.442616e+00
3.465000e-05	-4.829575e-03	-4.233094e+00
3.466000e-05	-4.998625e-03	-4.043568e+00
3.467000e-05	-5.301963e-03	-3.824390e+00
3.468000e-05	-3.433488e-03	-3.579959e+00
3.469000e-05	-5.113438e-03	-3.389936e+00
3.470000e-05	-4.794588e-03	-3.178859e+00
3.471000e-05	-5.822200e-03	-2.885201e+00
3.472000e-05	-2.817188e-03	-2.706676e+00
3.473000e-05	-3.522688e-03	-2.455101e+00
3.474000e-05	-3.770400e-03	-2.252070e+00
3.475000e-05	-5.311675e-03	-1.980391e+00
3.476000e-05	-3.503963e-03	-1.828440e+00
3.477000e-05	-4.772813e-03	-1.589388e+00
3.478000e-05	-5.196150e-03	-1.271550e+00
3.479000e-05	-5.111300e-03	-1.042546e+00
3.480000e-05	-4.156375e-03	-8.204750e-01
3.481000e-05	-1.761200e-03	-6.083438e-01
3.482000e-05	-1.820650e-03	-3.577388e-01
3.483000e-05	-2.670138e-03	-9.681125e-02
3.484000e-05	4.032350e-03	5.326375e-02
3.485000e-05	2.425175e-03	3.585200e-01
3.486000e-05	-1.109588e-03	5.179463e-01
3.487000e-05	-1.468200e-03	7.389688e-01
3.488000e-05	-2.331388e-03	9.309925e-01
3.489000e-05	1.505763e-03	1.233178e+00
3.490000e-05	1.248900e-03	1.443235e+00
3.491000e-05	1.392029e-02	1.707940e+00
3.492000e-05	6.141007e-02	1.895914e+00
3.493000e-05	3.051695e-02	2.161069e+00
3.494000e-05	-6.410025e-02	2.432199e+00
3.495000e-05	-4.520657e-02	2.677881e+00
3.496000e-05	-2.506218e-02	2.864779e+00
3.497000e-05	-5.012544e-02	3.034121e+00
3.498000e-05	4.844873e-02	3.170118e+00
3.499000e-05	5.595327e-02	3.446753e+00
3.500000e-05	-1.244254e-01	3.613245e+00
3.501000e-05	1.568301e-01	3.812195e+00
3.502000e-05	-2.878670e-02	4.077476e+00
3.503000e-05	-3.455006e-02	4.308929e+00
3.504000e-05	3.595143e-02	4.479035e+00
3.505000e-05	-9.249793e-02	4.780559e+00
3.506000e-05	7.334865e-02	4.973136e+00
3.507000e-05	2.091537e-03	5.237348e+00
3.508000e-05	-2.042009e-02	5.476396e+00
3.509000e-05	1.669055e-02	5.650421e+00
3.510000e-05	-2.090570e-02	5.910523e+00
3.511000e-05	1.601038e-02	6.099375e+00
3.512000e-05	-1.730363e-02	6.337920e+00
3.513000e-05	-6.705875e-03	6.460918e+00
3.514000e-05	1.421988e-02	6.699603e+00
3.515000e-05	-5.362838e-03	6.929498e+00
3.516000e-05	4.121679e-02	7.127516e+00
3.517000e-05	-5.631138e-02	7.270020e+00
3.518000e-05	1.253910e-02	7.511099e+00
3.519000e-05	1.150348e-02	7.720599e+00
3.520000e-05	-8.219450e-03	7.902600e+00
3.521000e-05	1.121223e-02	8.151599e+00
3.522000e-05	-1.918145e-02	8.329465e+00
3.523000e-05	2.342241e-02	8.425737e+00
3.524000e-05	-1.497918e-02	8.594702e+00
3.525000e-05	5.116513e-03	8.762176e+00
3.526000e-05	-1.437574e-02	8.912576e+00
3.527000e-05	3.692975e-03	9.090991e+00
3.528000e-05	1.440423e-02	9.248939e+00
3.529000e-05	-1.037954e-02	9.434705e+00
3.530000e-05	3.414875e-03	9.552570e+00
3.531000e-05	-6.941525e-03	9.680489e+00
3.532000e-05	9.870950e-03	9.836885e+00
3.533000e-05	-9.236938e-03	1.001525e+01
3.534000e-05	-3.194775e-03	1.012301e+01
3.535000e-05	-5.829750e-04	1.023884e+01
3.536000e-05	3.696138e-03	1.042632e+01
3.537000e-05	4.090838e-03	1.050314e+01
3.538000e-05	-6.903188e-03	1.064091e+01
3.539000e-05	2.532413e-03	1.082523e+01
3.540000e-05	-1.933663e-03	1.089094e+01
3.541000e-05	1.272688e-03	1.101570e+01
3.542000e-05	-7.403950e-03	1.109100e+01
3.543000e-05	3.168500e-04	1.120830e+01
3.544000e-05	2.325838e-03	1.133507e+01
3.545000e-05	1.876788e-03	1.138937e+01
3.546000e-05	-2.315400e-03	1.150454e+01
3.547000e-05	-3.438450e-03	1.162978e+01
3.548000e-05	1.722725e-03	1.175356e+01
3.549000e-05	-1.428863e-03	1.183664e+01
3.550000e-05	-1.534200e-03	1.183938e+01
3.551000e-05	-1.867238e-03	1.194161e+01
3.552000e-05	2.564438e-03	1.196670e+01
3.553000e-05	-1.203013e-03	1.211088e+01
3.554000e-05	-3.402338e-03	1.213461e+01
3.555000e-05	-3.248988e-03	1.218675e+01
3.556000e-05	5.544625e-04	1.223082e+01
3.557000e-05	1.210575e-03	1.229148e+01
3.558000e-05	-3.441538e-03	1.235353e+01
3.559000e-05	-1.046750e-04	1.236519e+01
3.560000e-05	-2.451250e-03	1.237627e+01
3.561000e-05	1.423413e-03	1.243820e+01
3.562000e-05	-3.659638e-03	1.238785e+01
3.563000e-05	-1.861463e-03	1.245837e+01
3.564000e-05	-3.653625e-04	1.245838e+01
3.565000e-05	1.019738e-03	1.249133e+01
3.566000e-05	-2.512713e-03	1.246993e+01
3.567000e-05	-3.630038e-03	1.249993e+01
3.568000e-05	-8.571875e-04	1.244850e+01
3.569000e-05	-1.037750e-04	1.243993e+01
3.570000e-05	-1.851663e-03	1.244983e+01
3.571000e-05	-2.786438e-03	1.245877e+01
3.572000e-05	-2.796625e-04	1.240727e+01
3.573000e-05	2.919750e-04	1.236621e+01
3.574000e-05	-2.830950e-03	1.236409e+01
3.575000e-05	-3.239975e-03	1.231203e+01
3.576000e-05	-1.059763e-03	1.228191e+01
3.577000e-05	-2.655875e-04	1.218935e+01
3.578000e-05	-1.818388e-03	1.217716e+01
3.579000e-05	-2.107875e-03	1.208299e+01
3.580000e-05	-1.918388e-03	1.204843e+01
3.581000e-05	-1.398938e-03	1.199629e+01
3.582000e-05	-3.159475e-03	1.193106e+01
3.583000e-05	-2.448575e-03	1.183887e+01
3.584000e-05	-2.168813e-03	1.178559e+01
3.585000e-05	-6.579250e-04	1.169198e+01
3.586000e-05	-1.861138e-03	1.163880e+01
3.587000e-05	-3.002275e-03	1.150296e+01
3.588000e-05	-2.203188e-03	1.133924e+01
3.589000e-05	-2.748063e-03	1.127306e+01
3.590000e-05	-2.889313e-03	1.116517e+01
3.591000e-05	-3.627813e-03	1.106238e+01
3.592000e-05	-1.304663e-03	1.098512e+01
3.593000e-05	-2.516100e-03	1.088988e+01
3.594000e-05	-1.757638e-03	1.082402e+01
3.595000e-05	-3.551313e-03	1.066880e+01
3.596000e-05	-1.594400e-03	1.049301e+01
3.597000e-05	-3.049538e-03	1.040464e+01
3.598000e-05	-1.764913e-03	1.023780e+01
3.599000e-05	-3.797613e-03	1.013296e+01
3.600000e-05	-2.706363e-03	1.000460e+01
3.601000e-05	-2.716088e-03	9.898278e+00
3.602000e-05	-3.622713e-03	9.720438e+00
3.603000e-05	-3.367613e-03	9.571512e+00
3.604000e-05	-4.847825e-03	9.395123e+00
3.605000e-05	-8.681625e-04	9.246778e+00
3.606000e-05	-3.375763e-03	9.119460e+00
3.607000e-05	-2.367075e-03	8.953044e+00
3.608000e-05	-2.755475e-03	8.772041e+00
3.609000e-05	-1.494550e-03	8.614502e+00
3.610000e-05	-4.278350e-03	8.425707e+00
3.611000e-05	-3.328300e-03	8.268309e+00
3.612000e-05	-5.804375e-03	8.109838e+00
3.613000e-05	-2.628188e-03	7.889889e+00
3.614000e-05	-3.868050e-03	7.720891e+00
3.615000e-05	-2.773263e-03	7.561845e+00
3.616000e-05	-2.327213e-03	7.291386e+00
3.617000e-05	-2.001175e-03	7.141368e+00
3.618000e-05	-3.469488e-03	6.920443e+00
3.619000e-05	-4.612775e-03	6.792368e+00
3.620000e-05	-4.096613e-03	6.538845e+00
3.621000e-05	-4.731275e-03	6.340395e+00
3.622000e-05	-4.357775e-03	6.150274e+00
3.623000e-05	-4.117125e-03	6.001376e+00
3.624000e-05	-3.352788e-03	5.708871e+00
3.625000e-05	-2.598025e-03	5.568321e+00
3.626000e-05	-4.118788e-03	5.338776e+00
3.627000e-05	-4.152438e-03	5.057765e+00
3.628000e-05	-4.745263e-03	4.792634e+00
3.629000e-05	-4.262813e-03	4.591007e+00
3.630000e-05	-4.865988e-03	4.410965e+00
3.631000e-05	-3.434450e-03	4.171956e+00
3.632000e-05	-3.811988e-03	3.896874e+00
3.633000e-05	-3.097363e-03	3.758701e+00
3.634000e-05	-4.394038e-03	3.548303e+00
3.635000e-05	-4.574550e-03	3.286121e+00
3.636000e-05	-5.169500e-03	3.073071e+00
3.637000e-05	-4.505375e-03	2.892624e+00
3.638000e-05	-4.246550e-03	2.666015e+00
3.639000e-05	-4.676338e-03	2.358958e+00
3.640000e-05	-4.239950e-03	2.119834e+00
3.641000e-05	-3.933425e-03	1.987340e+00
3.642000e-05	-4.696313e-03	1.725253e+00
3.643000e-05	-5.364863e-03	1.452676e+00
3.644000e-05	-4.984763e-03	1.243551e+00
3.645000e-05	-4.711950e-03	9.589163e-01
3.646000e-05	-3.912288e-03	7.167838e-01
3.647000e-05	-4.835563e-03	4.946838e-01
3.648000e-05	-4.404825e-03	3.052313e-01
3.649000e-05	-3.183163e-03	3.094500e-02
3.650000e-05	2.176763e-03	-1.794763e-01
3.651000e-05	5.487125e-04	-3.790750e-01
3.652000e-05	-3.298688e-03	-5.895813e-01
3.653000e-05	-2.605438e-03	-8.527038e-01
3.654000e-05	-3.760650e-03	-1.041154e+00
3.655000e-05	-2.183175e-03	-1.222756e+00
3.656000e-05	-1.771675e-03	-1.497260e+00
3.657000e-05	4.145668e-02	-1.675811e+00
3.658000e-05	8.069935e-02	-1.876363e+00
3.659000e-05	-6.824225e-02	-2.200625e+00
3.660000e-05	-3.872776e-02	-2.478938e+00
3.661000e-05	-5.332741e-02	-2.778992e+00
3.662000e-05	-7.114432e-02	-2.910496e+00
3.663000e-05	1.221733e-01	-3.087858e+00
3.664000e-05	6.244137e-03	-3.267303e+00
3.665000e-05	-1.474618e-01	-3.507886e+00
3.666000e-05	2.101454e-01	-3.653799e+00
3.667000e-05	-1.018168e-01	-3.898459e+00
3.668000e-05	2.453319e-02	-4.184066e+00
3.669000e-05	2.536284e-02	-4.328464e+00
3.670000e-05	-1.765093e-01	-4.571196e+00
3.671000e-05	1.563707e-01	-4.762189e+00
3.672000e-05	-2.797011e-02	-5.022716e+00
3.673000e-05	-2.095486e-02	-5.296930e+00
3.674000e-05	5.748059e-02	-5.518029e+00
3.675000e-05	-1.162234e-01	-5.710008e+00
3.676000e-05	1.234965e-01	-5.950033e+00
3.677000e-05	-7.799512e-02	-6.100980e+00
3.678000e-05	-3.752416e-02	-6.383011e+00
3.679000e-05	7.020783e-02	-6.510031e+00
3.680000e-05	-5.758500e-02	-6.781708e+00
3.681000e-05	1.150661e-01	-6.962658e+00
3.682000e-05	-1.536678e-01	-7.192133e+00
3.683000e-05	6.492510e-02	-7.382555e+00
3.684000e-05	7.570062e-03	-7.532030e+00
3.685000e-05	-3.265748e-02	-7.776181e+00
3.686000e-05	4.230426e-02	-7.982077e+00
3.687000e-05	-8.261289e-02	-8.142050e+00
3.688000e-05	1.001998e-01	-8.318370e+00
3.689000e-05	-6.382138e-02	-8.490417e+00
3.690000e-05	1.174089e-02	-8.669365e+00
3.691000e-05	-2.755576e-02	-8.826211e+00
3.692000e-05	4.769251e-03	-9.005629e+00
3.693000e-05	4.153091e-02	-9.114025e+00
3.694000e-05	-5.928001e-02	-9.273949e+00
3.695000e-05	3.583643e-02	-9.470435e+00
3.696000e-05	-3.509151e-02	-9.608257e+00
3.697000e-05	3.915781e-02	-9.745076e+00
3.698000e-05	-4.236988e-02	-9.858989e+00
3.699000e-05	-3.052113e-03	-1.005831e+01
3.700000e-05	6.493038e-03	-1.014575e+01
3.701000e-05	4.500825e-03	-1.037455e+01
3.702000e-05	3.833588e-03	-1.045936e+01
3.703000e-05	-3.375214e-02	-1.056515e+01
3.704000e-05	2.121734e-02	-1.070989e+01
3.705000e-05	-1.429034e-02	-1.078723e+01
3.706000e-05	6.014800e-03	-1.092302e+01
3.707000e-05	-3.237126e-02	-1.102833e+01
3.708000e-05	1.406594e-02	-1.112457e+01
3.709000e-05	2.389313e-03	-1.120938e+01
3.710000e-05	9.092509e-05	-1.137612e+01
3.711000e-05	-1.651488e-02	-1.142936e+01
3.712000e-05	-7.492101e-03	-1.154562e+01
3.713000e-05	9.586613e-03	-1.165996e+01
3.714000e-05	-1.193321e-02	-1.173757e+01
3.715000e-05	-8.162225e-03	-1.183933e+01
3.716000e-05	-1.031074e-02	-1.192512e+01
3.717000e-05	1.392476e-02	-1.199720e+01
3.718000e-05	-7.393900e-03	-1.210138e+01
3.719000e-05	-8.547363e-03	-1.210341e+01
3.720000e-05	-1.167183e-02	-1.216667e+01
3.721000e-05	3.972463e-03	-1.223780e+01
3.722000e-05	-2.072313e-03	-1.225033e+01
3.723000e-05	-1.295328e-02	-1.230401e+01
3.724000e-05	-5.730113e-03	-1.233507e+01
3.725000e-05	1.950500e-04	-1.239782e+01
3.726000e-05	1.624700e-03	-1.237973e+01
3.727000e-05	-1.236163e-02	-1.244030e+01
3.728000e-05	-8.291450e-03	-1.245225e+01
3.729000e-05	6.922751e-04	-1.248294e+01
3.730000e-05	5.195875e-04	-1.248653e+01
3.731000e-05	-8.833950e-03	-1.248498e+01
3.732000e-05	-1.193788e-02	-1.248446e+01
3.733000e-05	-1.672963e-03	-1.250657e+01
3.734000e-05	2.221000e-04	-1.251301e+01
3.735000e-05	-8.082088e-03	-1.247196e+01
3.736000e-05	-9.311638e-03	-1.248040e+01
3.737000e-05	-2.233688e-03	-1.247100e+01
3.738000e-05	2.056788e-03	-1.242970e+01
3.739000e-05	-5.374613e-03	-1.238930e+01
3.740000e-05	-1.015499e-02	-1.235459e+01
3.741000e-05	-3.404450e-03	-1.235306e+01
3.742000e-05	2.563500e-04	-1.231389e+01
3.743000e-05	-5.672238e-03	-1.223935e+01
3.744000e-05	-1.083219e-02	-1.219604e+01
3.745000e-05	-4.410150e-03	-1.214307e+01
3.746000e-05	1.589625e-04	-1.214244e+01
3.747000e-05	-4.335063e-03	-1.203777e+01
3.748000e-05	-7.641625e-03	-1.201499e+01
3.749000e-05	-3.977125e-03	-1.187286e+01
3.750000e-05	-3.163125e-04	-1.184775e+01
3.751000e-05	-4.434538e-03	-1.167386e+01
3.752000e-05	-9.642700e-03	-1.160827e+01
3.753000e-05	-6.499900e-03	-1.153197e+01
3.754000e-05	-1.369100e-03	-1.139825e+01
3.755000e-05	-2.342013e-03	-1.133294e+01
3.756000e-05	-6.633875e-03	-1.117817e+01
3.757000e-05	-5.882675e-03	-1.107923e+01
3.758000e-05	-3.331250e-04	-1.094352e+01
3.759000e-05	-5.017500e-03	-1.083873e+01
3.760000e-05	-7.685763e-03	-1.078297e+01
3.761000e-05	-8.661275e-03	-1.063863e+01
3.762000e-05	-9.028125e-04	-1.054149e+01
3.763000e-05	-1.260513e-03	-1.042763e+01
3.764000e-05	-4.501000e-03	-1.029983e+01
3.765000e-05	-6.003175e-03	-1.012339e+01
3.766000e-05	-2.603450e-03	-1.000605e+01
3.767000e-05	-5.268188e-03	-9.889158e+00
3.768000e-05	-7.884950e-03	-9.700437e+00
3.769000e-05	-7.864950e-03	-9.603123e+00
3.770000e-05	-2.896175e-03	-9.438155e+00
3.771000e-05	-2.899929e-06	-9.259810e+00
3.772000e-05	-3.119650e-03	-9.119866e+00
3.773000e-05	-5.742013e-03	-8.992443e+00
3.774000e-05	-5.524413e-03	-8.824553e+00
3.775000e-05	-2.688388e-03	-8.656607e+00
3.776000e-05	-7.321550e-03	-8.437233e+00
3.777000e-05	-7.276125e-03	-8.287711e+00
3.778000e-05	-4.851475e-03	-8.141342e+00
3.779000e-05	-1.900425e-03	-7.983421e+00
3.780000e-05	-1.949600e-03	-7.712917e+00
3.781000e-05	-4.987438e-03	-7.519319e+00
3.782000e-05	-4.859513e-03	-7.340818e+00
3.783000e-05	-5.280925e-03	-7.172954e+00
3.784000e-05	-4.896713e-03	-6.932875e+00
3.785000e-05	-7.169663e-03	-6.749849e+00
3.786000e-05	-5.690525e-03	-6.561429e+00
3.787000e-05	-3.127888e-03	-6.393979e+00
3.788000e-05	-9.597876e-04	-6.140894e+00
3.789000e-05	-4.351163e-03	-5.949429e+00
3.790000e-05	-5.437400e-03	-5.748926e+00
3.791000e-05	-3.651475e-03	-5.569880e+00
3.792000e-05	-5.582775e-03	-5.257301e+00
3.793000e-05	-6.123325e-03	-5.056144e+00
3.794000e-05	-6.778013e-03	-4.833485e+00
3.795000e-05	-3.469963e-03	-4.580861e+00
3.796000e-05	-3.299450e-03	-4.391539e+00
3.797000e-05	-3.092413e-03	-4.224068e+00
3.798000e-05	-5.366725e-03	-4.022039e+00
3.799000e-05	-3.767138e-03	-3.791310e+00
3.800000e-05	-4.240738e-03	-3.569330e+00
3.801000e-05	-5.277738e-03	-3.348779e+00
3.802000e-05	-7.114313e-03	-3.157234e+00
3.803000e-05	-4.541050e-03	-2.844097e+00
3.804000e-05	-2.521838e-03	-2.655078e+00
3.805000e-05	-2.878213e-03	-2.442599e+00
3.806000e-05	-4.005400e-03	-2.230393e+00
3.807000e-05	-4.529775e-03	-1.978839e+00
3.808000e-05	-3.671413e-03	-1.759335e+00
3.809000e-05	-4.858625e-03	-1.496789e+00
3.810000e-05	-5.086663e-03	-1.223024e+00
3.811000e-05	-4.867050e-03	-9.908713e-01
3.812000e-05	-2.895950e-03	-8.209463e-01
3.813000e-05	-2.706988e-03	-5.557113e-01
3.814000e-05	-3.004838e-03	-3.247113e-01
3.815000e-05	-1.721500e-03	-9.516000e-02
3.816000e-05	5.704663e-03	9.389000e-02
3.817000e-05	2.615006e-05	3.695725e-01
3.818000e-05	-1.821750e-04	5.489750e-01
3.819000e-05	-2.192625e-03	7.485188e-01
3.820000e-05	3.436875e-04	9.697213e-01
3.821000e-05	2.658375e-04	1.263358e+00
3.822000e-05	9.779250e-04	1.493906e+00
3.823000e-05	1.722021e-02	1.749493e+00
3.824000e-05	6.865694e-02	1.958994e+00
3.825000e-05	1.258809e-02	2.194224e+00
3.826000e-05	-6.286402e-02	2.422278e+00
3.827000e-05	-4.463224e-02	2.709410e+00
3.828000e-05	-2.321451e-02	2.886809e+00
3.829000e-05	-5.145716e-02	3.055223e+00
3.830000e-05	6.923883e-02	3.201243e+00
3.831000e-05	2.202988e-02	3.477406e+00
3.832000e-05	-1.011378e-01	3.655798e+00
3.833000e-05	1.646865e-01	3.825750e+00
3.834000e-05	-5.633497e-02	4.109561e+00
3.835000e-05	-1.152390e-02	4.339929e+00
3.836000e-05	1.516918e-02	4.511034e+00
3.837000e-05	-8.129678e-02	4.751589e+00
3.838000e-05	7.830170e-02	5.004744e+00
3.839000e-05	-9.343413e-03	5.269403e+00
3.840000e-05	-1.293394e-02	5.526895e+00
3.841000e-05	1.806541e-02	5.730503e+00
3.842000e-05	-2.352113e-02	5.939080e+00
3.843000e-05	2.398968e-02	6.109009e+00
3.844000e-05	-2.772819e-02	6.349001e+00
3.845000e-05	3.018150e-03	6.511630e+00
3.846000e-05	2.257363e-03	6.752103e+00
3.847000e-05	4.950988e-03	6.930054e+00
3.848000e-05	3.237803e-02	7.130023e+00
3.849000e-05	-5.658543e-02	7.292573e+00
3.850000e-05	2.369654e-02	7.541072e+00
3.851000e-05	2.039800e-03	7.742128e+00
3.852000e-05	-9.013252e-04	7.953180e+00
3.853000e-05	3.024288e-03	8.172122e+00
3.854000e-05	-1.316989e-02	8.307544e+00
3.855000e-05	2.031234e-02	8.447388e+00
3.856000e-05	-1.519373e-02	8.625783e+00
3.857000e-05	4.519550e-03	8.781650e+00
3.858000e-05	-1.552500e-02	8.913621e+00
3.859000e-05	6.844838e-03	9.131045e+00
3.860000e-05	1.201486e-02	9.257961e+00
3.861000e-05	-9.100525e-03	9.447254e+00
3.862000e-05	3.507300e-03	9.554175e+00
3.863000e-05	-7.301725e-03	9.713594e+00
3.864000e-05	9.580350e-03	9.859460e+00
3.865000e-05	-8.411288e-03	1.001580e+01
3.866000e-05	-1.728325e-03	1.015417e+01
3.867000e-05	-2.377125e-04	1.028036e+01
3.868000e-05	3.459075e-03	1.042875e+01
3.869000e-05	2.397763e-03	1.053361e+01
3.870000e-05	-7.462363e-03	1.067143e+01
3.871000e-05	2.170463e-03	1.080575e+01
3.872000e-05	-1.966875e-03	1.092204e+01
3.873000e-05	2.547588e-03	1.101675e+01
3.874000e-05	-5.587600e-03	1.109144e+01
3.875000e-05	1.093213e-03	1.119885e+01
3.876000e-05	1.227325e-03	1.130459e+01
3.877000e-05	2.414375e-04	1.144087e+01
3.878000e-05	-3.787825e-03	1.149561e+01
3.879000e-05	-3.435488e-03	1.164090e+01
3.880000e-05	3.372700e-03	1.171359e+01
3.881000e-05	-6.902875e-04	1.180575e+01
3.882000e-05	-7.022250e-04	1.186840e+01
3.883000e-05	-1.578825e-03	1.196461e+01
3.884000e-05	2.179238e-03	1.198775e+01
3.885000e-05	-3.034000e-03	1.206050e+01
3.886000e-05	-4.642150e-03	1.211359e+01
3.887000e-05	-3.235163e-03	1.217717e+01
3.888000e-05	1.203863e-03	1.226035e+01
3.889000e-05	2.405075e-03	1.230286e+01
3.890000e-05	-1.271350e-03	1.233261e+01
3.891000e-05	-4.601000e-04	1.240469e+01
3.892000e-05	-1.789588e-03	1.238575e+01
3.893000e-05	-5.674998e-05	1.243680e+01
3.894000e-05	-4.541438e-03	1.244780e+01
3.895000e-05	-3.034988e-03	1.244892e+01
3.896000e-05	7.928625e-04	1.246948e+01
3.897000e-05	1.446000e-03	1.249240e+01
3.898000e-05	-1.038675e-03	1.247141e+01
3.899000e-05	-3.604938e-03	1.246037e+01
3.900000e-05	-1.417375e-04	1.246040e+01
3.901000e-05	-2.158388e-03	1.245040e+01
3.902000e-05	-1.875700e-03	1.243877e+01
3.903000e-05	-3.429888e-03	1.242832e+01
3.904000e-05	-9.481625e-04	1.239730e+01
3.905000e-05	-4.342250e-04	1.236719e+01
3.906000e-05	-1.309850e-03	1.238411e+01
3.907000e-05	-3.581588e-03	1.231146e+01
3.908000e-05	-1.877563e-03	1.224033e+01
3.909000e-05	-1.282625e-04	1.222777e+01
3.910000e-05	-2.284200e-03	1.215717e+01
3.911000e-05	-3.019913e-03	1.209346e+01
3.912000e-05	-2.424750e-03	1.201880e+01
3.913000e-05	-1.501500e-04	1.196567e+01
3.914000e-05	-2.411525e-03	1.192248e+01
3.915000e-05	-2.652313e-03	1.185830e+01
3.916000e-05	-4.092300e-03	1.178454e+01
3.917000e-05	-1.170850e-03	1.172096e+01
3.918000e-05	-1.676838e-03	1.159512e+01
3.919000e-05	-2.429925e-03	1.148096e+01
3.920000e-05	-2.072338e-03	1.135722e+01
3.921000e-05	-1.759175e-03	1.127940e+01
3.922000e-05	-2.324500e-04	1.119707e+01
3.923000e-05	-4.064375e-03	1.106781e+01
3.924000e-05	-3.329038e-03	1.099554e+01
3.925000e-05	-2.735600e-03	1.087938e+01
3.926000e-05	-1.187988e-03	1.076504e+01
3.927000e-05	-3.856450e-03	1.064822e+01
3.928000e-05	-3.277600e-03	1.050241e+01
3.929000e-05	-3.015675e-03	1.034349e+01
3.930000e-05	-1.203825e-03	1.023770e+01
3.931000e-05	-3.577238e-03	1.013091e+01
3.932000e-05	-2.990150e-03	1.001460e+01
3.933000e-05	-1.878713e-03	9.826670e+00
3.934000e-05	-1.477550e-03	9.668909e+00
3.935000e-05	-3.377663e-03	9.508889e+00
3.936000e-05	-3.794375e-03	9.393020e+00
3.937000e-05	-3.721050e-03	9.236207e+00
3.938000e-05	-3.130363e-03	9.087859e+00
3.939000e-05	-3.220125e-03	8.920339e+00
3.940000e-05	-3.300038e-03	8.731442e+00
3.941000e-05	-2.664925e-03	8.564047e+00
3.942000e-05	-2.109263e-03	8.426602e+00
3.943000e-05	-2.986850e-03	8.257711e+00
3.944000e-05	-4.319113e-03	8.040305e+00
3.945000e-05	-2.955788e-03	7.858815e+00
3.946000e-05	-3.351338e-03	7.739336e+00
3.947000e-05	-3.249325e-03	7.488818e+00
3.948000e-05	-4.223950e-03	7.219794e+00
3.949000e-05	-3.721225e-03	7.075763e+00
3.950000e-05	-3.615850e-03	6.887841e+00
3.951000e-05	-2.878700e-03	6.758776e+00
3.952000e-05	-3.987263e-03	6.508215e+00
3.953000e-05	-2.571350e-03	6.328294e+00
3.954000e-05	-3.588875e-03	6.106921e+00
3.955000e-05	-3.380738e-03	5.940974e+00
3.956000e-05	-4.410713e-03	5.679269e+00
3.957000e-05	-3.912350e-03	5.547772e+00
3.958000e-05	-3.914938e-03	5.317248e+00
3.959000e-05	-3.788500e-03	5.024111e+00
3.960000e-05	-5.155313e-03	4.790983e+00
3.961000e-05	-2.908013e-03	4.551459e+00
3.962000e-05	-4.190225e-03	4.390436e+00
3.963000e-05	-3.975775e-03	4.160829e+00
3.964000e-05	-4.514863e-03	3.916276e+00
3.965000e-05	-4.242338e-03	3.696274e+00
3.966000e-05	-4.507475e-03	3.526828e+00
3.967000e-05	-4.091825e-03	3.232519e+00
3.968000e-05	-4.574950e-03	3.053120e+00
3.969000e-05	-4.392813e-03	2.822542e+00
3.970000e-05	-3.636300e-03	2.661484e+00
3.971000e-05	-4.168563e-03	2.358808e+00
3.972000e-05	-5.040038e-03	2.147285e+00
3.973000e-05	-5.204888e-03	1.937309e+00
3.974000e-05	-4.535100e-03	1.705126e+00
3.975000e-05	-4.279313e-03	1.453097e+00
3.976000e-05	-4.599100e-03	1.230489e+00
3.977000e-05	-4.386550e-03	9.362088e-01
3.978000e-05	-5.031075e-03	6.946775e-01
3.979000e-05	-4.500238e-03	5.031050e-01
3.980000e-05	-3.623413e-03	2.925463e-01
3.981000e-05	-4.033938e-03	-1.007875e-02
3.982000e-05	3.762463e-03	-2.006300e-01
3.983000e-05	-9.564997e-05	-3.915238e-01
3.984000e-05	-2.311688e-03	-6.126088e-01
3.985000e-05	-4.929888e-03	-8.426825e-01
3.986000e-05	-2.556188e-03	-1.063205e+00
3.987000e-05	-1.965625e-03	-1.233263e+00
3.988000e-05	2.035125e-04	-1.507891e+00
3.989000e-05	5.223199e-02	-1.695836e+00
3.990000e-05	6.535088e-02	-1.917786e+00
3.991000e-05	-7.152295e-02	-2.286231e+00
3.992000e-05	-3.827571e-02	-2.550519e+00
3.993000e-05	-5.477183e-02	-2.779045e+00
3.994000e-05	-6.559390e-02	-2.970614e+00
3.995000e-05	1.451805e-01	-3.128938e+00
3.996000e-05	-4.477160e-02	-3.295861e+00
3.997000e-05	-1.037123e-01	-3.569989e+00
3.998000e-05	1.984534e-01	-3.647305e+00
3.999000e-05	-1.298301e-01	-3.951068e+00
4.000000e-05	6.203709e-02	-4.223145e+00
4.001000e-05	-1.887948e-02	-4.319611e+00
4.002000e-05	-1.480297e-01	-4.636173e+00
4.003000e-05	1.694715e-01	-4.825694e+00
4.004000e-05	-6.293025e-02	-5.076401e+00
4.005000e-05	1.198534e-02	-5.324006e+00
4.006000e-05	2.904236e-02	-5.538481e+00
4.007000e-05	-1.018472e-01	-5.743088e+00
4.008000e-05	1.330732e-01	-5.959536e+00
4.009000e-05	-1.129410e-01	-6.153511e+00
4.010000e-05	4.363912e-03	-6.423638e+00
4.011000e-05	4.063876e-02	-6.551606e+00
4.012000e-05	-3.125825e-02	-6.781739e+00
4.013000e-05	9.665939e-02	-6.976109e+00
4.014000e-05	-1.602578e-01	-7.215136e+00
4.015000e-05	9.359648e-02	-7.385134e+00
4.016000e-05	-2.597233e-02	-7.566630e+00
4.017000e-05	-4.487687e-03	-7.776741e+00
4.018000e-05	1.819314e-02	-7.965135e+00
4.019000e-05	-6.557809e-02	-8.173104e+00
4.020000e-05	9.731293e-02	-8.341000e+00
4.021000e-05	-7.562887e-02	-8.512948e+00
4.022000e-05	2.749669e-02	-8.711444e+00
4.023000e-05	-4.407273e-02	-8.827810e+00
4.024000e-05	2.607696e-02	-9.005731e+00
4.025000e-05	1.959030e-02	-9.143026e+00
4.026000e-05	-4.834719e-02	-9.303025e+00
4.027000e-05	2.868771e-02	-9.470417e+00
4.028000e-05	-3.040905e-02	-9.578230e+00
4.029000e-05	4.111453e-02	-9.765653e+00
4.030000e-05	-4.955373e-02	-9.920569e+00
4.031000e-05	7.142513e-03	-1.005188e+01
4.032000e-05	-2.394787e-03	-1.016733e+01
4.033000e-05	1.112630e-02	-1.038417e+01
4.034000e-05	-8.069575e-03	-1.047091e+01
4.035000e-05	-2.508021e-02	-1.059570e+01
4.036000e-05	1.945379e-02	-1.068991e+01
4.037000e-05	-1.110574e-02	-1.081723e+01
4.038000e-05	3.339213e-03	-1.092209e+01
4.039000e-05	-3.070563e-02	-1.104936e+01
4.040000e-05	1.555254e-02	-1.115562e+01
4.041000e-05	-2.510763e-03	-1.124943e+01
4.042000e-05	-6.618000e-04	-1.138568e+01
4.043000e-05	-1.893729e-02	-1.147138e+01
4.044000e-05	-7.985874e-04	-1.156827e+01
4.045000e-05	7.657051e-03	-1.169236e+01
4.046000e-05	-1.032445e-02	-1.175712e+01
4.047000e-05	-9.283463e-03	-1.185028e+01
4.048000e-05	-7.661488e-03	-1.195462e+01
4.049000e-05	1.025479e-02	-1.199825e+01
4.050000e-05	-1.048801e-02	-1.210088e+01
4.051000e-05	-8.719875e-03	-1.213351e+01
4.052000e-05	-8.826863e-03	-1.217520e+01
4.053000e-05	5.950063e-03	-1.224730e+01
4.054000e-05	-4.481488e-03	-1.227036e+01
4.055000e-05	-1.126218e-02	-1.227953e+01
4.056000e-05	-5.103100e-03	-1.235614e+01
4.057000e-05	2.655376e-04	-1.240975e+01
4.058000e-05	-1.540088e-03	-1.240735e+01
4.059000e-05	-1.279360e-02	-1.245885e+01
4.060000e-05	-6.919375e-03	-1.247096e+01
4.061000e-05	2.008175e-03	-1.244441e+01
4.062000e-05	-7.930000e-04	-1.247251e+01
4.063000e-05	-9.688488e-03	-1.251453e+01
4.064000e-05	-9.965000e-03	-1.251301e+01
4.065000e-05	8.897625e-04	-1.251456e+01
4.066000e-05	-1.216138e-03	-1.248491e+01
4.067000e-05	-9.211825e-03	-1.250441e+01
4.068000e-05	-8.826163e-03	-1.249240e+01
4.069000e-05	-1.417400e-03	-1.245198e+01
4.070000e-05	1.283388e-03	-1.243835e+01
4.071000e-05	-8.600588e-03	-1.241862e+01
4.072000e-05	-8.189525e-03	-1.239402e+01
4.073000e-05	-2.952650e-03	-1.238599e+01
4.074000e-05	5.071248e-05	-1.231043e+01
4.075000e-05	-7.558000e-03	-1.224785e+01
4.076000e-05	-9.081025e-03	-1.220607e+01
4.077000e-05	-3.032338e-03	-1.214352e+01
4.078000e-05	-2.130000e-04	-1.209143e+01
4.079000e-05	-5.679713e-03	-1.205032e+01
4.080000e-05	-9.799575e-03	-1.198454e+01
4.081000e-05	-4.016788e-03	-1.190295e+01
4.082000e-05	8.418000e-04	-1.179615e+01
4.083000e-05	-4.862288e-03	-1.171303e+01
4.084000e-05	-8.270938e-03	-1.159865e+01
4.085000e-05	-4.758613e-03	-1.155206e+01
4.086000e-05	-2.252000e-04	-1.142722e+01
4.087000e-05	-3.317975e-03	-1.126093e+01
4.088000e-05	-9.430400e-03	-1.110712e+01
4.089000e-05	-5.919550e-03	-1.110931e+01
4.090000e-05	-1.039575e-03	-1.097402e+01
4.091000e-05	-2.495938e-03	-1.085826e+01
4.092000e-05	-7.543163e-03	-1.076349e+01
4.093000e-05	-6.977813e-03	-1.063825e+01
4.094000e-05	-1.501963e-03	-1.053249e+01
4.095000e-05	-3.365500e-03	-1.039570e+01
4.096000e-05	-6.985050e-03	-1.028076e+01
4.097000e-05	-7.088325e-03	-1.011349e+01
4.098000e-05	-2.841950e-03	-9.993000e+00
4.099000e-05	-2.163338e-03	-9.816628e+00
4.100000e-05	-6.623313e-03	-9.701462e+00
4.101000e-05	-6.937588e-03	-9.593548e+00
4.102000e-05	-3.259138e-03	-9.426203e+00
4.103000e-05	-1.754300e-03	-9.246706e+00
4.104000e-05	-5.822738e-03	-9.068861e+00
4.105000e-05	-6.843050e-03	-8.943448e+00
4.106000e-05	-4.880988e-03	-8.833080e+00
4.107000e-05	-3.474350e-03	-8.635522e+00
4.108000e-05	-5.576550e-03	-8.404633e+00
4.109000e-05	-6.972150e-03	-8.257736e+00
4.110000e-05	-4.108713e-03	-8.110366e+00
4.111000e-05	-2.166500e-03	-7.950346e+00
4.112000e-05	-4.557613e-03	-7.712216e+00
4.113000e-05	-5.958438e-03	-7.509265e+00
4.114000e-05	-4.409763e-03	-7.329345e+00
4.115000e-05	-3.303825e-03	-7.168823e+00
4.116000e-05	-4.532213e-03	-6.889945e+00
4.117000e-05	-5.928913e-03	-6.758371e+00
4.118000e-05	-6.119800e-03	-6.548802e+00
4.119000e-05	-2.392125e-03	-6.379879e+00
4.120000e-05	-4.532175e-03	-6.130799e+00
4.121000e-05	-5.343613e-03	-5.948299e+00
4.122000e-05	-5.529400e-03	-5.738774e+00
4.123000e-05	-2.560313e-03	-5.580322e+00
4.124000e-05	-4.420825e-03	-5.274173e+00
4.125000e-05	-4.597050e-03	-5.056618e+00
4.126000e-05	-5.718425e-03	-4.762455e+00
4.127000e-05	-3.365613e-03	-4.590829e+00
4.128000e-05	-4.547288e-03	-4.421460e+00
4.129000e-05	-4.102450e-03	-4.169959e+00
4.130000e-05	-5.294638e-03	-3.999910e+00
4.131000e-05	-3.378963e-03	-3.729808e+00
4.132000e-05	-2.906588e-03	-3.518309e+00
4.133000e-05	-5.591175e-03	-3.317280e+00
4.134000e-05	-5.746675e-03	-3.125753e+00
4.135000e-05	-4.090738e-03	-2.843565e+00
4.136000e-05	-2.973588e-03	-2.632570e+00
4.137000e-05	-3.402938e-03	-2.422521e+00
4.138000e-05	-4.267488e-03	-2.160311e+00
4.139000e-05	-3.855263e-03	-1.957260e+00
4.140000e-05	-4.100538e-03	-1.736209e+00
4.141000e-05	-6.492700e-03	-1.557009e+00
4.142000e-05	-4.844863e-03	-1.220944e+00
4.143000e-05	-4.322313e-03	-9.803713e-01
4.144000e-05	-2.355650e-03	-8.078413e-01
4.145000e-05	-2.886600e-03	-4.746838e-01
4.146000e-05	-1.208325e-03	-3.136313e-01
4.147000e-05	-1.131800e-03	-8.360625e-02
4.148000e-05	5.429713e-03	1.169725e-01
4.149000e-05	-3.047988e-03	3.805238e-01
4.150000e-05	1.360725e-03	6.006025e-01
4.151000e-05	-2.814400e-03	7.490238e-01
4.152000e-05	9.575750e-04	1.023303e+00
4.153000e-05	7.795750e-04	1.243780e+00
4.154000e-05	1.968188e-03	1.452964e+00
4.155000e-05	2.198770e-02	1.758466e+00
4.156000e-05	7.297940e-02	1.970544e+00
4.157000e-05	-7.701613e-03	2.242328e+00
4.158000e-05	-5.905593e-02	2.484808e+00
4.159000e-05	-4.274142e-02	2.768512e+00
4.160000e-05	-2.206911e-02	2.877910e+00
4.161000e-05	-5.010519e-02	3.025251e+00
4.162000e-05	9.015748e-02	3.181823e+00
4.163000e-05	-1.607920e-02	3.538910e+00
4.164000e-05	-6.823636e-02	3.656353e+00
4.165000e-05	1.571612e-01	3.866305e+00
4.166000e-05	-7.441943e-02	4.101086e+00
4.167000e-05	1.033779e-02	4.340541e+00
4.168000e-05	-7.940175e-03	4.552141e+00
4.169000e-05	-6.361813e-02	4.793615e+00
4.170000e-05	7.884803e-02	5.057425e+00
4.171000e-05	-1.812525e-02	5.329505e+00
4.172000e-05	-6.005538e-03	5.478463e+00
4.173000e-05	1.033333e-02	5.720509e+00
4.174000e-05	-2.309224e-02	5.973106e+00
4.175000e-05	2.553198e-02	6.131531e+00
4.176000e-05	-3.137861e-02	6.370056e+00
4.177000e-05	1.100930e-02	6.521200e+00
4.178000e-05	-3.936825e-03	6.772659e+00
4.179000e-05	1.579406e-02	6.982106e+00
4.180000e-05	2.146443e-02	7.161553e+00
4.181000e-05	-5.790263e-02	7.343504e+00
4.182000e-05	3.003261e-02	7.583678e+00
4.183000e-05	-6.388463e-03	7.754150e+00
4.184000e-05	7.483988e-03	7.996206e+00
4.185000e-05	-3.497525e-03	8.184230e+00
4.186000e-05	-5.245638e-03	8.321549e+00
4.187000e-05	1.685768e-02	8.509390e+00
4.188000e-05	-1.248213e-02	8.636309e+00
4.189000e-05	1.190113e-03	8.773655e+00
4.190000e-05	-1.750110e-02	8.934149e+00
4.191000e-05	1.218124e-02	9.122620e+00
4.192000e-05	9.242800e-03	9.300394e+00
4.193000e-05	-7.396888e-03	9.447232e+00
4.194000e-05	9.419376e-04	9.566228e+00
4.195000e-05	-4.192150e-03	9.733518e+00
4.196000e-05	8.198813e-03	9.870963e+00
4.197000e-05	-1.045684e-02	1.003833e+01
4.198000e-05	-3.353200e-03	1.019375e+01
4.199000e-05	1.719125e-04	1.029149e+01
4.200000e-05	6.626288e-03	1.043730e+01
4.201000e-05	1.765375e-03	1.050417e+01
4.202000e-05	-6.947275e-03	1.070046e+01
4.203000e-05	2.971400e-03	1.080680e+01
4.204000e-05	1.923125e-04	1.091199e+01
4.205000e-05	1.556250e-04	1.100525e+01
4.206000e-05	-6.869350e-03	1.111106e+01
4.207000e-05	2.376838e-03	1.126841e+01
4.208000e-05	2.530825e-03	1.135614e+01
4.209000e-05	5.351750e-04	1.142201e+01
4.210000e-05	-2.993575e-03	1.154514e+01
4.211000e-05	-2.169575e-03	1.166091e+01
4.212000e-05	2.947550e-03	1.175409e+01
4.213000e-05	-1.398400e-03	1.180570e+01
4.214000e-05	-1.695700e-03	1.189001e+01
4.215000e-05	-1.492913e-03	1.194354e+01
4.216000e-05	2.564600e-03	1.202773e+01
4.217000e-05	-5.141500e-04	1.206246e+01
4.218000e-05	-3.466000e-03	1.213561e+01
4.219000e-05	-2.909750e-03	1.217577e+01
4.220000e-05	9.443000e-04	1.223035e+01
4.221000e-05	9.025875e-04	1.227135e+01
4.222000e-05	-2.268100e-03	1.233306e+01
4.223000e-05	-1.371600e-03	1.237514e+01
4.224000e-05	-7.741375e-04	1.240627e+01
4.225000e-05	4.060500e-04	1.242830e+01
4.226000e-05	-2.854725e-03	1.244729e+01
4.227000e-05	-2.901875e-03	1.248835e+01
4.228000e-05	4.828750e-04	1.244943e+01
4.229000e-05	-1.669000e-04	1.250040e+01
4.230000e-05	-2.412138e-03	1.246995e+01
4.231000e-05	-4.088563e-03	1.248135e+01
4.232000e-05	-3.756625e-04	1.248990e+01
4.233000e-05	5.258750e-05	1.249885e+01
4.234000e-05	-3.669750e-04	1.241980e+01
4.235000e-05	-2.889700e-03	1.242775e+01
4.236000e-05	-1.490013e-03	1.240575e+01
4.237000e-05	-1.091125e-04	1.238572e+01
4.238000e-05	-2.733250e-03	1.234406e+01
4.239000e-05	-4.328588e-03	1.230246e+01
4.240000e-05	-2.068875e-03	1.222988e+01
4.241000e-05	-2.401625e-04	1.219924e+01
4.242000e-05	-1.082450e-03	1.214609e+01
4.243000e-05	-3.411050e-03	1.207196e+01
4.244000e-05	-2.353775e-03	1.201882e+01
4.245000e-05	-1.701275e-03	1.197509e+01
4.246000e-05	-1.572263e-03	1.191341e+01
4.247000e-05	-3.432800e-03	1.182777e+01
4.248000e-05	-2.181100e-03	1.175504e+01
4.249000e-05	-1.774963e-03	1.167990e+01
4.250000e-05	-1.275025e-03	1.159757e+01
4.251000e-05	-2.690613e-03	1.146086e+01
4.252000e-05	-3.671838e-03	1.139672e+01
4.253000e-05	-2.184113e-03	1.130159e+01
4.254000e-05	-2.409650e-03	1.116256e+01
4.255000e-05	-2.656775e-03	1.103825e+01
4.256000e-05	-3.101263e-03	1.096202e+01
4.257000e-05	-8.855875e-04	1.086781e+01
4.258000e-05	-2.158038e-03	1.078247e+01
4.259000e-05	-2.851463e-03	1.060867e+01
4.260000e-05	-3.804563e-03	1.046239e+01
4.261000e-05	-2.733850e-03	1.033249e+01
4.262000e-05	-1.753175e-03	1.023722e+01
4.263000e-05	-2.560675e-03	1.007946e+01
4.264000e-05	-3.003075e-03	9.932045e+00
4.265000e-05	-2.479650e-03	9.777145e+00
4.266000e-05	-2.458500e-03	9.637205e+00
4.267000e-05	-2.662913e-03	9.489837e+00
4.268000e-05	-3.346288e-03	9.342994e+00
4.269000e-05	-2.618575e-03	9.214177e+00
4.270000e-05	-3.235438e-03	9.089226e+00
4.271000e-05	-3.559700e-03	8.849909e+00
4.272000e-05	-3.840950e-03	8.709837e+00
4.273000e-05	-2.765963e-03	8.550469e+00
4.274000e-05	-4.112213e-03	8.413602e+00
4.275000e-05	-2.779738e-03	8.256631e+00
4.276000e-05	-3.452250e-03	8.058236e+00
4.277000e-05	-2.091813e-03	7.866784e+00
4.278000e-05	-3.646400e-03	7.667713e+00
4.279000e-05	-3.956388e-03	7.516760e+00
4.280000e-05	-5.019675e-03	7.265265e+00
4.281000e-05	-3.231500e-03	7.097289e+00
4.282000e-05	-2.337038e-03	6.887791e+00
4.283000e-05	-3.537575e-03	6.738265e+00
4.284000e-05	-3.771925e-03	6.447213e+00
4.285000e-05	-4.283875e-03	6.285316e+00
4.286000e-05	-2.196413e-03	6.128721e+00
4.287000e-05	-4.178338e-03	5.947873e+00
4.288000e-05	-4.212488e-03	5.686720e+00
4.289000e-05	-5.524438e-03	5.485715e+00
4.290000e-05	-3.437263e-03	5.265140e+00
4.291000e-05	-3.672113e-03	5.019459e+00
4.292000e-05	-4.138300e-03	4.769901e+00
4.293000e-05	-4.226400e-03	4.547299e+00
4.294000e-05	-4.145750e-03	4.399358e+00
4.295000e-05	-3.498863e-03	4.097253e+00
4.296000e-05	-3.743338e-03	3.886249e+00
4.297000e-05	-4.167188e-03	3.684199e+00
4.298000e-05	-5.009663e-03	3.485174e+00
4.299000e-05	-4.918513e-03	3.211988e+00
4.300000e-05	-4.018875e-03	3.012466e+00
4.301000e-05	-4.530063e-03	2.780461e+00
4.302000e-05	-5.334375e-03	2.548334e+00
4.303000e-05	-4.873600e-03	2.316784e+00
4.304000e-05	-4.550938e-03	2.085700e+00
4.305000e-05	-4.418275e-03	1.935704e+00
4.306000e-05	-5.319738e-03	1.652474e+00
4.307000e-05	-5.103550e-03	1.390470e+00
4.308000e-05	-4.681100e-03	1.208839e+00
4.309000e-05	-4.572863e-03	8.741538e-01
4.310000e-05	-5.100238e-03	6.836275e-01
4.311000e-05	-5.256238e-03	4.425250e-01
4.312000e-05	-3.466075e-03	2.114213e-01
4.313000e-05	-3.339625e-03	-1.168375e-02
4.314000e-05	4.261388e-03	-2.416863e-01
4.315000e-05	-2.303288e-03	-4.006513e-01
4.316000e-05	-1.387000e-04	-7.137650e-01
4.317000e-05	-4.531763e-03	-8.857600e-01
4.318000e-05	-3.029800e-03	-1.074289e+00
4.319000e-05	-4.366775e-03	-1.286488e+00
4.320000e-05	2.510188e-03	-1.558466e+00
4.321000e-05	6.509449e-02	-1.723838e+00
4.322000e-05	4.488519e-02	-1.949519e+00
4.323000e-05	-7.105629e-02	-2.299888e+00
4.324000e-05	-3.965015e-02	-2.583620e+00
4.325000e-05	-5.460834e-02	-2.792171e+00
4.326000e-05	-5.404602e-02	-3.004098e+00
4.327000e-05	1.588891e-01	-3.118914e+00
4.328000e-05	-9.327589e-02	-3.327991e+00
4.329000e-05	-4.428110e-02	-3.560489e+00
4.330000e-05	1.765650e-01	-3.687883e+00
4.331000e-05	-1.453128e-01	-4.012694e+00
4.332000e-05	9.217105e-02	-4.254223e+00
4.333000e-05	-6.472049e-02	-4.371716e+00
4.334000e-05	-1.075382e-01	-4.646278e+00
4.335000e-05	1.680096e-01	-4.814195e+00
4.336000e-05	-8.844663e-02	-5.057906e+00
4.337000e-05	4.282558e-02	-5.324536e+00
4.338000e-05	-1.199537e-03	-5.571586e+00
4.339000e-05	-7.816165e-02	-5.773615e+00
4.340000e-05	1.294991e-01	-5.962589e+00
4.341000e-05	-1.387876e-01	-6.182718e+00
4.342000e-05	4.421307e-02	-6.405213e+00
4.343000e-05	6.348625e-03	-6.595111e+00
4.344000e-05	2.601367e-04	-6.802663e+00
4.345000e-05	6.685488e-02	-6.985134e+00
4.346000e-05	-1.527612e-01	-7.256763e+00
4.347000e-05	1.139226e-01	-7.414761e+00
4.348000e-05	-5.560283e-02	-7.555240e+00
4.349000e-05	2.291674e-02	-7.828815e+00
4.350000e-05	-9.857064e-03	-8.044710e+00
4.351000e-05	-3.799169e-02	-8.213685e+00
4.352000e-05	8.393927e-02	-8.331627e+00
4.353000e-05	-7.858137e-02	-8.493049e+00
4.354000e-05	3.514013e-02	-8.710998e+00
4.355000e-05	-5.427540e-02	-8.858490e+00
4.356000e-05	4.558106e-02	-9.047809e+00
4.357000e-05	-2.753287e-03	-9.193101e+00
4.358000e-05	-3.223305e-02	-9.325128e+00
4.359000e-05	2.080444e-02	-9.520472e+00
4.360000e-05	-2.345135e-02	-9.659384e+00
4.361000e-05	3.607525e-02	-9.775176e+00
4.362000e-05	-5.330334e-02	-9.912576e+00
4.363000e-05	1.672964e-02	-1.005997e+01
4.364000e-05	-8.023463e-03	-1.024741e+01
4.365000e-05	1.715024e-02	-1.038558e+01
4.366000e-05	-1.842081e-02	-1.049902e+01
4.367000e-05	-1.538233e-02	-1.059725e+01
4.368000e-05	1.487465e-02	-1.072257e+01
4.369000e-05	-8.585801e-03	-1.084826e+01
4.370000e-05	-1.344500e-03	-1.094307e+01
4.371000e-05	-2.737391e-02	-1.103041e+01
4.372000e-05	1.878680e-02	-1.118715e+01
4.373000e-05	-6.210200e-03	-1.127043e+01
4.374000e-05	6.621249e-05	-1.143665e+01
4.375000e-05	-2.071594e-02	-1.148139e+01
4.376000e-05	5.010025e-03	-1.158827e+01
4.377000e-05	3.351675e-03	-1.167207e+01
4.378000e-05	-9.428738e-03	-1.176717e+01
4.379000e-05	-1.142591e-02	-1.184046e+01
4.380000e-05	-3.409138e-03	-1.193517e+01
4.381000e-05	8.468550e-03	-1.201675e+01
4.382000e-05	-1.110943e-02	-1.208346e+01
4.383000e-05	-9.001513e-03	-1.214401e+01
4.384000e-05	-7.669088e-03	-1.221570e+01
4.385000e-05	6.830225e-03	-1.223930e+01
4.386000e-05	-7.581950e-03	-1.227331e+01
4.387000e-05	-9.688813e-03	-1.230346e+01
4.388000e-05	-4.527250e-03	-1.234664e+01
4.389000e-05	2.467025e-03	-1.240867e+01
4.390000e-05	-2.910175e-03	-1.243782e+01
4.391000e-05	-1.201340e-02	-1.243133e+01
4.392000e-05	-5.573413e-03	-1.247200e+01
4.393000e-05	1.760363e-03	-1.250503e+01
4.394000e-05	-2.031975e-03	-1.247291e+01
4.395000e-05	-9.516000e-03	-1.247403e+01
4.396000e-05	-8.355425e-03	-1.252264e+01
4.397000e-05	6.785500e-04	-1.252346e+01
4.398000e-05	-1.858375e-03	-1.248394e+01
4.399000e-05	-9.671288e-03	-1.251195e+01
4.400000e-05	-7.222688e-03	-1.247240e+01
4.401000e-05	-1.305038e-03	-1.249148e+01
4.402000e-05	-3.419500e-04	-1.242827e+01
4.403000e-05	-9.301725e-03	-1.236672e+01
4.404000e-05	-7.616950e-03	-1.238416e+01
4.405000e-05	-2.328225e-03	-1.231404e+01
4.406000e-05	3.048125e-04	-1.228993e+01
4.407000e-05	-6.869963e-03	-1.223928e+01
4.408000e-05	-8.648488e-03	-1.216614e+01
4.409000e-05	-2.886025e-03	-1.215349e+01
4.410000e-05	-2.133738e-03	-1.209141e+01
4.411000e-05	-6.119338e-03	-1.202670e+01
4.412000e-05	-8.463075e-03	-1.194247e+01
4.413000e-05	-2.769163e-03	-1.187041e+01
4.414000e-05	-5.048750e-04	-1.180772e+01
4.415000e-05	-5.174575e-03	-1.167491e+01
4.416000e-05	-8.035463e-03	-1.160817e+01
4.417000e-05	-5.056775e-03	-1.148198e+01
4.418000e-05	-4.396625e-04	-1.141612e+01
4.419000e-05	-4.715125e-03	-1.124136e+01
4.420000e-05	-7.716200e-03	-1.117559e+01
4.421000e-05	-4.985850e-03	-1.104678e+01
4.422000e-05	-1.025700e-03	-1.094299e+01
4.423000e-05	-4.302125e-03	-1.085878e+01
4.424000e-05	-7.967275e-03	-1.076296e+01
4.425000e-05	-5.818450e-03	-1.062620e+01
4.426000e-05	-1.491713e-03	-1.049099e+01
4.427000e-05	-3.577938e-03	-1.040710e+01
4.428000e-05	-6.454113e-03	-1.019778e+01
4.429000e-05	-5.803838e-03	-1.012284e+01
4.430000e-05	-2.387750e-03	-1.000347e+01
4.431000e-05	-3.586863e-03	-9.827676e+00
4.432000e-05	-7.159825e-03	-9.699310e+00
4.433000e-05	-6.854475e-03	-9.574520e+00
4.434000e-05	-2.804425e-03	-9.396650e+00
4.435000e-05	-3.750938e-03	-9.246706e+00
4.436000e-05	-5.612063e-03	-9.077836e+00
4.437000e-05	-6.549800e-03	-8.900919e+00
4.438000e-05	-2.682600e-03	-8.743501e+00
4.439000e-05	-3.616775e-03	-8.565628e+00
4.440000e-05	-5.400338e-03	-8.402682e+00
4.441000e-05	-6.901200e-03	-8.236635e+00
4.442000e-05	-3.846100e-03	-8.078264e+00
4.443000e-05	-3.977863e-03	-7.900870e+00
4.444000e-05	-5.016488e-03	-7.666737e+00
4.445000e-05	-6.282575e-03	-7.489760e+00
4.446000e-05	-3.782025e-03	-7.287265e+00
4.447000e-05	-3.086400e-03	-7.099818e+00
4.448000e-05	-5.359650e-03	-6.868721e+00
4.449000e-05	-5.956150e-03	-6.708743e+00
4.450000e-05	-4.911013e-03	-6.538299e+00
4.451000e-05	-3.298213e-03	-6.339819e+00
4.452000e-05	-5.249775e-03	-6.086874e+00
4.453000e-05	-5.172288e-03	-5.927270e+00
4.454000e-05	-4.778700e-03	-5.667295e+00
4.455000e-05	-2.500688e-03	-5.548249e+00
4.456000e-05	-5.637700e-03	-5.216140e+00
4.457000e-05	-4.447350e-03	-5.034508e+00
4.458000e-05	-5.478925e-03	-4.702307e+00
4.459000e-05	-2.439938e-03	-4.548329e+00
4.460000e-05	-5.078688e-03	-4.389356e+00
4.461000e-05	-3.927925e-03	-4.180329e+00
4.462000e-05	-4.701700e-03	-3.970380e+00
4.463000e-05	-3.064225e-03	-3.727254e+00
4.464000e-05	-5.077150e-03	-3.517280e+00
4.465000e-05	-5.421388e-03	-3.314671e+00
4.466000e-05	-5.713088e-03	-3.074149e+00
4.467000e-05	-3.009288e-03	-2.813466e+00
4.468000e-05	-3.538138e-03	-2.590966e+00
4.469000e-05	-3.482925e-03	-2.420416e+00
4.470000e-05	-4.515350e-03	-2.109285e+00
4.471000e-05	-3.152163e-03	-1.967705e+00
4.472000e-05	-3.960300e-03	-1.716655e+00
4.473000e-05	-6.021163e-03	-1.492056e+00
4.474000e-05	-5.536675e-03	-1.168891e+00
4.475000e-05	-4.271738e-03	-9.683400e-01
4.476000e-05	-2.342863e-03	-7.572863e-01
4.477000e-05	-3.641963e-03	-4.625800e-01
4.478000e-05	-3.412075e-03	-2.814800e-01
4.479000e-05	1.397750e-04	-2.207875e-02
4.480000e-05	7.021800e-03	1.300488e-01
4.481000e-05	-4.165988e-03	4.226313e-01
4.482000e-05	1.047238e-03	6.131538e-01
4.483000e-05	-4.045613e-03	8.011275e-01
4.484000e-05	1.357138e-03	1.034810e+00
4.485000e-05	-9.178748e-05	1.276834e+00
4.486000e-05	2.134488e-03	1.478548e+00
4.487000e-05	2.736920e-02	1.791045e+00
4.488000e-05	7.554259e-02	2.010223e+00
4.489000e-05	-2.459865e-02	2.265330e+00
4.490000e-05	-5.461279e-02	2.506914e+00
4.491000e-05	-4.171007e-02	2.770020e+00
4.492000e-05	-2.503375e-02	2.949436e+00
4.493000e-05	-4.451163e-02	3.065783e+00
4.494000e-05	1.036286e-01	3.223779e+00
4.495000e-05	-5.387189e-02	3.550514e+00
4.496000e-05	-2.594795e-02	3.677780e+00
4.497000e-05	1.395924e-01	3.897439e+00
4.498000e-05	-8.314497e-02	4.192566e+00
4.499000e-05	2.972843e-02	4.380591e+00
4.500000e-05	-3.367081e-02	4.633270e+00
4.501000e-05	-4.080829e-02	4.834773e+00
4.502000e-05	7.140537e-02	5.066878e+00
4.503000e-05	-2.654914e-02	5.331133e+00
4.504000e-05	8.377750e-04	5.550032e+00
4.505000e-05	6.081688e-03	5.803660e+00
4.506000e-05	-2.000601e-02	5.993661e+00
4.507000e-05	2.577143e-02	6.194208e+00
4.508000e-05	-3.426884e-02	6.371610e+00
4.509000e-05	1.752960e-02	6.584158e+00
4.510000e-05	-1.215093e-02	6.823765e+00
4.511000e-05	2.619206e-02	6.963660e+00
4.512000e-05	6.612838e-03	7.171504e+00
4.513000e-05	-5.240473e-02	7.374161e+00
4.514000e-05	3.522268e-02	7.593185e+00
4.515000e-05	-1.377681e-02	7.794834e+00
4.516000e-05	1.296191e-02	8.025257e+00
4.517000e-05	-1.114358e-02	8.215204e+00
4.518000e-05	4.460088e-03	8.362123e+00
4.519000e-05	9.335750e-03	8.530470e+00
4.520000e-05	-1.036688e-02	8.657883e+00
4.521000e-05	-5.783375e-04	8.814780e+00
4.522000e-05	-1.573773e-02	8.976231e+00
4.523000e-05	1.542238e-02	9.154100e+00
4.524000e-05	3.347813e-03	9.302095e+00
4.525000e-05	-4.077675e-03	9.469434e+00
4.526000e-05	3.944001e-04	9.594727e+00
4.527000e-05	-2.190125e-04	9.753149e+00
4.528000e-05	3.864638e-03	9.881569e+00
4.529000e-05	-9.642900e-03	1.001938e+01
4.530000e-05	-2.141013e-03	1.021412e+01
4.531000e-05	1.611288e-03	1.027159e+01
4.532000e-05	5.521038e-03	1.042938e+01
4.533000e-05	-3.179875e-04	1.053578e+01
4.534000e-05	-4.871650e-03	1.073162e+01
4.535000e-05	1.909500e-03	1.082833e+01
4.536000e-05	-8.159500e-04	1.092249e+01
4.537000e-05	-1.449825e-03	1.101728e+01
4.538000e-05	-4.656363e-03	1.113501e+01
4.539000e-05	3.021500e-03	1.123035e+01
4.540000e-05	2.942263e-03	1.130419e+01
4.541000e-05	2.932501e-05	1.146095e+01
4.542000e-05	-4.182175e-03	1.153557e+01
4.543000e-05	-1.576300e-03	1.165936e+01
4.544000e-05	1.792163e-03	1.174411e+01
4.545000e-05	-2.454975e-03	1.181620e+01
4.546000e-05	-1.726700e-03	1.185100e+01
4.547000e-05	-3.873875e-04	1.193467e+01
4.548000e-05	2.511988e-03	1.202830e+01
4.549000e-05	-1.081938e-03	1.206143e+01
4.550000e-05	-4.111050e-03	1.211459e+01
4.551000e-05	-1.132050e-03	1.221877e+01
4.552000e-05	2.088125e-04	1.226880e+01
4.553000e-05	-2.210375e-04	1.224996e+01
4.554000e-05	-3.271400e-03	1.232249e+01
4.555000e-05	-2.483000e-04	1.236512e+01
4.556000e-05	6.269125e-04	1.240677e+01
4.557000e-05	-5.402000e-04	1.241482e+01
4.558000e-05	-3.402963e-03	1.243935e+01
4.559000e-05	-2.068275e-03	1.246935e+01
4.560000e-05	1.860000e-03	1.246890e+01
4.561000e-05	-1.851525e-03	1.246030e+01
4.562000e-05	-2.517125e-03	1.246990e+01
4.563000e-05	-3.335538e-03	1.245138e+01
4.564000e-05	5.869375e-04	1.247093e+01
4.565000e-05	-1.152188e-03	1.245987e+01
4.566000e-05	-1.350075e-03	1.243723e+01
4.567000e-05	-2.267538e-03	1.241832e+01
4.568000e-05	-7.435375e-04	1.242720e+01
4.569000e-05	7.411249e-05	1.236464e+01
4.570000e-05	-3.709663e-03	1.234251e+01
4.571000e-05	-4.018063e-03	1.228243e+01
4.572000e-05	2.791875e-04	1.222887e+01
4.573000e-05	4.093500e-04	1.220872e+01
4.574000e-05	-2.134425e-03	1.210314e+01
4.575000e-05	-3.230788e-03	1.210188e+01
4.576000e-05	-3.052900e-03	1.203775e+01
4.577000e-05	-1.600788e-03	1.196454e+01
4.578000e-05	-2.921463e-03	1.187143e+01
4.579000e-05	-3.332913e-03	1.180757e+01
4.580000e-05	-4.416750e-04	1.173304e+01
4.581000e-05	-4.480500e-04	1.166938e+01
4.582000e-05	-2.195000e-03	1.154557e+01
4.583000e-05	-4.120425e-03	1.144983e+01
4.584000e-05	-3.272350e-03	1.132757e+01
4.585000e-05	-1.858663e-03	1.124985e+01
4.586000e-05	-2.787350e-03	1.117401e+01
4.587000e-05	-3.519663e-03	1.101725e+01
4.588000e-05	-2.692700e-03	1.094394e+01
4.589000e-05	2.358375e-04	1.085835e+01
4.590000e-05	-2.252475e-03	1.076096e+01
4.591000e-05	-3.720575e-03	1.065762e+01
4.592000e-05	-3.141913e-03	1.044878e+01
4.593000e-05	-1.960863e-03	1.034344e+01
4.594000e-05	-2.483025e-03	1.022559e+01
4.595000e-05	-3.876388e-03	1.005841e+01
4.596000e-05	-3.078688e-03	9.961916e+00
4.597000e-05	-6.606125e-04	9.783593e+00
4.598000e-05	-1.843225e-03	9.617653e+00
4.599000e-05	-4.021100e-03	9.497333e+00
4.600000e-05	-3.405163e-03	9.299989e+00
4.601000e-05	-1.750363e-03	9.224151e+00
4.602000e-05	-2.525075e-03	9.027104e+00
4.603000e-05	-3.794900e-03	8.848758e+00
4.604000e-05	-3.575713e-03	8.698762e+00
4.605000e-05	-2.565988e-03	8.551313e+00
4.606000e-05	-3.525113e-03	8.402079e+00
4.607000e-05	-4.222888e-03	8.194602e+00
4.608000e-05	-3.796913e-03	8.015102e+00
4.609000e-05	-1.467450e-03	7.826103e+00
4.610000e-05	-2.811838e-03	7.666736e+00
4.611000e-05	-4.281625e-03	7.406234e+00
4.612000e-05	-4.813550e-03	7.234635e+00
4.613000e-05	-2.918325e-03	7.046711e+00
4.614000e-05	-3.149113e-03	6.857211e+00
4.615000e-05	-4.764200e-03	6.678241e+00
4.616000e-05	-4.916738e-03	6.425586e+00
4.617000e-05	-3.232313e-03	6.256189e+00
4.618000e-05	-2.541475e-03	6.077716e+00
4.619000e-05	-4.581900e-03	5.919194e+00
4.620000e-05	-4.858988e-03	5.645289e+00
4.621000e-05	-4.043788e-03	5.445163e+00
4.622000e-05	-2.766425e-03	5.282614e+00
4.623000e-05	-4.333338e-03	4.930948e+00
4.624000e-05	-5.068788e-03	4.707751e+00
4.625000e-05	-4.434288e-03	4.507322e+00
4.626000e-05	-3.392225e-03	4.336826e+00
4.627000e-05	-4.301825e-03	4.036645e+00
4.628000e-05	-5.978500e-03	3.854620e+00
4.629000e-05	-4.883575e-03	3.653644e+00
4.630000e-05	-2.904250e-03	3.433013e+00
4.631000e-05	-4.185638e-03	3.189409e+00
4.632000e-05	-5.014763e-03	2.979884e+00
4.633000e-05	-5.886588e-03	2.788987e+00
4.634000e-05	-3.316038e-03	2.546804e+00
4.635000e-05	-4.284225e-03	2.265225e+00
4.636000e-05	-5.545775e-03	2.102179e+00
4.637000e-05	-5.710688e-03	1.902628e+00
4.638000e-05	-4.136325e-03	1.642561e+00
4.639000e-05	-3.905963e-03	1.359839e+00
4.640000e-05	-5.411038e-03	1.197360e+00
4.641000e-05	-5.964613e-03	8.440538e-01
4.642000e-05	-4.637575e-03	6.315463e-01
4.643000e-05	-3.361175e-03	4.099700e-01
4.644000e-05	-4.068713e-03	1.893913e-01
4.645000e-05	-5.397200e-03	-4.365875e-02
4.646000e-05	5.154963e-03	-2.957613e-01
4.647000e-05	-2.195063e-03	-4.527075e-01
4.648000e-05	-6.468375e-04	-7.058688e-01
4.649000e-05	-6.878925e-03	-8.953888e-01
4.650000e-05	-9.604750e-04	-1.087838e+00
4.651000e-05	-2.232250e-03	-1.338970e+00
4.652000e-05	5.460313e-03	-1.579496e+00
4.653000e-05	7.429125e-02	-1.759466e+00
4.654000e-05	2.139460e-02	-1.971629e+00
4.655000e-05	-6.554870e-02	-2.320519e+00
4.656000e-05	-4.230983e-02	-2.634204e+00
4.657000e-05	-5.771991e-02	-2.834225e+00
4.658000e-05	-3.573990e-02	-2.995700e+00
4.659000e-05	1.630808e-01	-3.139541e+00
4.660000e-05	-1.354845e-01	-3.370545e+00
4.661000e-05	1.642896e-02	-3.602019e+00
4.662000e-05	1.413202e-01	-3.709538e+00
4.663000e-05	-1.431116e-01	-4.044804e+00
4.664000e-05	1.138031e-01	-4.266174e+00
4.665000e-05	-1.103233e-01	-4.444250e+00
4.666000e-05	-6.094658e-02	-4.739405e+00
4.667000e-05	1.545329e-01	-4.864679e+00
4.668000e-05	-1.019851e-01	-5.109433e+00
4.669000e-05	6.830081e-02	-5.404113e+00
4.670000e-05	-3.578743e-02	-5.581639e+00
4.671000e-05	-4.624244e-02	-5.844193e+00
4.672000e-05	1.154506e-01	-5.972663e+00
4.673000e-05	-1.516111e-01	-6.205240e+00
4.674000e-05	7.551890e-02	-6.417694e+00
4.675000e-05	-2.596013e-02	-6.594216e+00
4.676000e-05	3.550881e-02	-6.837665e+00
4.677000e-05	2.909933e-02	-7.026290e+00
4.678000e-05	-1.350693e-01	-7.247868e+00
4.679000e-05	1.206765e-01	-7.394763e+00
4.680000e-05	-7.580845e-02	-7.637868e+00
4.681000e-05	4.717851e-02	-7.877841e+00
4.682000e-05	-3.896008e-02	-8.025741e+00
4.683000e-05	-8.052938e-03	-8.207164e+00
4.684000e-05	6.402190e-02	-8.372155e+00
4.685000e-05	-7.461737e-02	-8.555157e+00
4.686000e-05	3.432430e-02	-8.732000e+00
4.687000e-05	-6.075567e-02	-8.879994e+00
4.688000e-05	6.067130e-02	-9.077360e+00
4.689000e-05	-2.211866e-02	-9.185731e+00
4.690000e-05	-1.448593e-02	-9.355655e+00
4.691000e-05	8.417775e-03	-9.521999e+00
4.692000e-05	-1.240310e-02	-9.669917e+00
4.693000e-05	2.670104e-02	-9.785233e+00
4.694000e-05	-5.321685e-02	-9.974170e+00
4.695000e-05	1.895494e-02	-1.010309e+01
4.696000e-05	-1.346834e-02	-1.024984e+01
4.697000e-05	2.275291e-02	-1.039615e+01
4.698000e-05	-2.665829e-02	-1.045104e+01
4.699000e-05	-5.369375e-03	-1.062825e+01
4.700000e-05	8.837000e-03	-1.072207e+01
4.701000e-05	-3.515050e-03	-1.088091e+01
4.702000e-05	-7.663550e-03	-1.092357e+01
4.703000e-05	-2.365561e-02	-1.107136e+01
4.704000e-05	1.696441e-02	-1.118612e+01
4.705000e-05	-6.189650e-03	-1.126114e+01
4.706000e-05	-6.510751e-04	-1.140820e+01
4.707000e-05	-2.245176e-02	-1.148299e+01
4.708000e-05	7.657775e-03	-1.158123e+01
4.709000e-05	-2.871249e-04	-1.168449e+01
4.710000e-05	-7.936763e-03	-1.179868e+01
4.711000e-05	-1.336296e-02	-1.185141e+01
4.712000e-05	6.464625e-04	-1.195614e+01
4.713000e-05	6.802400e-03	-1.206878e+01
4.714000e-05	-1.033893e-02	-1.210296e+01
4.715000e-05	-1.073715e-02	-1.217349e+01
4.716000e-05	-7.470038e-03	-1.216677e+01
4.717000e-05	7.258438e-03	-1.225983e+01
4.718000e-05	-8.554588e-03	-1.229891e+01
4.719000e-05	-8.793775e-03	-1.235294e+01
4.720000e-05	-5.678288e-03	-1.237569e+01
4.721000e-05	3.798538e-03	-1.243935e+01
4.722000e-05	-4.860463e-03	-1.241870e+01
4.723000e-05	-1.205174e-02	-1.240938e+01
4.724000e-05	-5.731188e-03	-1.247188e+01
4.725000e-05	2.725800e-03	-1.248251e+01
4.726000e-05	-2.739163e-03	-1.248351e+01
4.727000e-05	-1.071830e-02	-1.251246e+01
4.728000e-05	-8.877575e-03	-1.250496e+01
4.729000e-05	1.114125e-03	-1.248509e+01
4.730000e-05	-2.419038e-03	-1.250449e+01
4.731000e-05	-7.717388e-03	-1.246991e+01
4.732000e-05	-7.202850e-03	-1.246291e+01
4.733000e-05	9.420003e-05	-1.249138e+01
4.734000e-05	-3.335750e-04	-1.241942e+01
4.735000e-05	-9.125413e-03	-1.239675e+01
4.736000e-05	-8.930125e-03	-1.233559e+01
4.737000e-05	-1.218013e-03	-1.236346e+01
4.738000e-05	2.997876e-04	-1.231348e+01
4.739000e-05	-6.556338e-03	-1.221882e+01
4.740000e-05	-8.776863e-03	-1.218469e+01
4.741000e-05	-2.338875e-03	-1.212501e+01
4.742000e-05	-1.264925e-03	-1.206238e+01
4.743000e-05	-6.377588e-03	-1.202683e+01
4.744000e-05	-9.422413e-03	-1.198299e+01
4.745000e-05	-2.930238e-03	-1.189043e+01
4.746000e-05	2.248750e-05	-1.175720e+01
4.747000e-05	-5.983450e-03	-1.168233e+01
4.748000e-05	-7.994213e-03	-1.161818e+01
4.749000e-05	-5.432250e-03	-1.147093e+01
4.750000e-05	-4.818750e-04	-1.141704e+01
4.751000e-05	-4.716363e-03	-1.121940e+01
4.752000e-05	-7.435725e-03	-1.113504e+01
4.753000e-05	-4.731813e-03	-1.104835e+01
4.754000e-05	-9.910500e-04	-1.093338e+01
4.755000e-05	-4.299400e-03	-1.084618e+01
4.756000e-05	-7.958688e-03	-1.074241e+01
4.757000e-05	-5.762063e-03	-1.061708e+01
4.758000e-05	-1.836588e-03	-1.052199e+01
4.759000e-05	-3.263488e-03	-1.035455e+01
4.760000e-05	-6.283788e-03	-1.019668e+01
4.761000e-05	-6.866788e-03	-1.007886e+01
4.762000e-05	-2.563438e-03	-9.991918e+00
4.763000e-05	-2.557700e-03	-9.836524e+00
4.764000e-05	-5.804538e-03	-9.688260e+00
4.765000e-05	-8.783513e-03	-9.562443e+00
4.766000e-05	-2.451750e-03	-9.354550e+00
4.767000e-05	-2.979438e-03	-9.226627e+00
4.768000e-05	-4.283263e-03	-9.076660e+00
4.769000e-05	-7.592125e-03	-8.919364e+00
4.770000e-05	-1.589388e-03	-8.790945e+00
4.771000e-05	-4.384225e-03	-8.544500e+00
4.772000e-05	-3.548650e-03	-8.383428e+00
4.773000e-05	-1.009040e-02	-8.233106e+00
4.774000e-05	-4.488700e-03	-8.057214e+00
4.775000e-05	-4.064263e-03	-7.888235e+00
4.776000e-05	-2.249638e-03	-7.638265e+00
4.777000e-05	-5.194913e-03	-7.436714e+00
4.778000e-05	-4.339250e-03	-7.258213e+00
4.779000e-05	-2.398788e-03	-7.087318e+00
4.780000e-05	-6.740100e-03	-6.836741e+00
4.781000e-05	-6.843675e-03	-6.687218e+00
4.782000e-05	-6.828425e-03	-6.517767e+00
4.783000e-05	-1.667775e-03	-6.349243e+00
4.784000e-05	-4.082838e-03	-6.066218e+00
4.785000e-05	-3.539150e-03	-5.877191e+00
4.786000e-05	-6.351075e-03	-5.656717e+00
4.787000e-05	-2.253000e-03	-5.496214e+00
4.788000e-05	-6.188725e-03	-5.223585e+00
4.789000e-05	-4.497363e-03	-5.004411e+00
4.790000e-05	-6.781888e-03	-4.708779e+00
4.791000e-05	-2.742088e-03	-4.518227e+00
4.792000e-05	-3.872063e-03	-4.358828e+00
4.793000e-05	-3.882275e-03	-4.148378e+00
4.794000e-05	-4.722575e-03	-3.977305e+00
4.795000e-05	-3.548375e-03	-3.634650e+00
4.796000e-05	-4.469500e-03	-3.516196e+00
4.797000e-05	-5.427963e-03	-3.284620e+00
4.798000e-05	-6.447263e-03	-2.994026e+00
4.799000e-05	-2.949750e-03	-2.787989e+00
4.800000e-05	-3.235013e-03	-2.579439e+00
4.801000e-05	-2.054775e-03	-2.388439e+00
4.802000e-05	-4.086200e-03	-2.125755e+00
4.803000e-05	-3.389313e-03	-1.924653e+00
4.804000e-05	-4.577400e-03	-1.665579e+00
4.805000e-05	-5.269025e-03	-1.492998e+00
4.806000e-05	-5.710625e-03	-1.137839e+00
4.807000e-05	-4.912188e-03	-9.361863e-01
4.808000e-05	-2.551188e-03	-7.467363e-01
4.809000e-05	-2.162700e-03	-4.325538e-01
4.810000e-05	-2.791075e-03	-2.425038e-01
4.811000e-05	-5.704375e-04	-4.094875e-02
4.812000e-05	7.085688e-03	2.106800e-01
4.813000e-05	-2.947338e-03	4.332288e-01
4.814000e-05	1.386038e-03	6.227313e-01
4.815000e-05	-5.544463e-03	8.126500e-01
4.816000e-05	2.430188e-03	1.046813e+00
4.817000e-05	5.058875e-04	1.316469e+00
4.818000e-05	3.454275e-03	1.550669e+00
4.819000e-05	3.168859e-02	1.823096e+00
4.820000e-05	7.373650e-02	2.014256e+00
4.821000e-05	-3.912908e-02	2.336411e+00
4.822000e-05	-5.096218e-02	2.520595e+00
4.823000e-05	-4.098820e-02	2.813646e+00
4.824000e-05	-2.856990e-02	2.960535e+00
4.825000e-05	-3.277686e-02	3.107830e+00
4.826000e-05	1.117529e-01	3.267858e+00
4.827000e-05	-8.872857e-02	3.571141e+00
4.828000e-05	1.799396e-02	3.708381e+00
4.829000e-05	1.119774e-01	3.939510e+00
4.830000e-05	-8.648253e-02	4.224740e+00
4.831000e-05	4.349446e-02	4.403166e+00
4.832000e-05	-5.773095e-02	4.634746e+00
4.833000e-05	-1.322586e-02	4.836794e+00
4.834000e-05	6.351305e-02	5.090033e+00
4.835000e-05	-3.020505e-02	5.382210e+00
4.836000e-05	5.518975e-03	5.542082e+00
4.837000e-05	1.007138e-03	5.775138e+00
4.838000e-05	-1.574519e-02	6.005209e+00
4.839000e-05	1.975429e-02	6.184660e+00
4.840000e-05	-3.535591e-02	6.415739e+00
4.841000e-05	2.351065e-02	6.595690e+00
4.842000e-05	-1.568820e-02	6.825791e+00
4.843000e-05	3.769848e-02	6.984836e+00
4.844000e-05	-8.549475e-03	7.215209e+00
4.845000e-05	-4.173079e-02	7.347181e+00
4.846000e-05	3.666171e-02	7.617236e+00
4.847000e-05	-1.963425e-02	7.859864e+00
4.848000e-05	1.616070e-02	8.035787e+00
4.849000e-05	-1.758889e-02	8.206735e+00
4.850000e-05	1.346583e-02	8.363629e+00
4.851000e-05	3.322063e-03	8.501018e+00
4.852000e-05	-6.406513e-03	8.689364e+00
4.853000e-05	-3.129313e-03	8.807336e+00
4.854000e-05	-1.239800e-02	8.976809e+00
4.855000e-05	1.689081e-02	9.195627e+00
4.856000e-05	-1.621263e-03	9.332021e+00
4.857000e-05	-3.790725e-03	9.459312e+00
4.858000e-05	-2.123125e-03	9.656809e+00
4.859000e-05	3.116700e-03	9.805726e+00
4.860000e-05	1.405200e-03	9.932019e+00
4.861000e-05	-8.870413e-03	1.005991e+01
4.862000e-05	-4.980250e-04	1.019625e+01
4.863000e-05	1.806363e-03	1.032314e+01
4.864000e-05	6.300750e-03	1.044783e+01
4.865000e-05	-3.423750e-03	1.061615e+01
4.866000e-05	-3.417388e-03	1.069899e+01
4.867000e-05	5.846375e-04	1.083683e+01
4.868000e-05	4.644375e-04	1.093364e+01
4.869000e-05	-3.686475e-03	1.106678e+01
4.870000e-05	-4.265325e-03	1.115409e+01
4.871000e-05	2.254950e-03	1.124143e+01
4.872000e-05	3.899538e-03	1.131525e+01
4.873000e-05	-1.215625e-03	1.147046e+01
4.874000e-05	-4.273963e-03	1.158570e+01
4.875000e-05	-4.343625e-04	1.170048e+01
4.876000e-05	1.323825e-03	1.174509e+01
4.877000e-05	-1.806263e-03	1.182675e+01
4.878000e-05	-3.404113e-03	1.189193e+01
4.879000e-05	5.007750e-04	1.194459e+01
4.880000e-05	2.453275e-03	1.202083e+01
4.881000e-05	-1.561950e-03	1.205395e+01
4.882000e-05	-3.710413e-03	1.212511e+01
4.883000e-05	-1.261713e-03	1.219882e+01
4.884000e-05	1.177163e-03	1.226090e+01
4.885000e-05	-1.344663e-03	1.227201e+01
4.886000e-05	-2.937913e-03	1.234254e+01
4.887000e-05	-1.431263e-03	1.238574e+01
4.888000e-05	5.063125e-04	1.242772e+01
4.889000e-05	-2.672025e-03	1.243830e+01
4.890000e-05	-3.763238e-03	1.244880e+01
4.891000e-05	-2.047238e-03	1.248938e+01
4.892000e-05	1.749888e-03	1.245992e+01
4.893000e-05	-4.786875e-04	1.246986e+01
4.894000e-05	-3.224063e-03	1.247095e+01
4.895000e-05	-3.141300e-03	1.245043e+01
4.896000e-05	-4.515875e-04	1.246983e+01
4.897000e-05	-1.525388e-03	1.246138e+01
4.898000e-05	-3.156313e-03	1.243880e+01
4.899000e-05	-1.976050e-03	1.243725e+01
4.900000e-05	-4.627250e-04	1.243767e+01
4.901000e-05	1.510375e-04	1.238561e+01
4.902000e-05	-3.446588e-03	1.228397e+01
4.903000e-05	-3.003175e-03	1.229143e+01
4.904000e-05	-8.153250e-04	1.227930e+01
4.905000e-05	-8.187875e-04	1.218720e+01
4.906000e-05	-3.342575e-03	1.213399e+01
4.907000e-05	-3.435425e-03	1.206093e+01
4.908000e-05	-1.224000e-03	1.203875e+01
4.909000e-05	-1.473088e-03	1.195508e+01
4.910000e-05	-1.353075e-03	1.186990e+01
4.911000e-05	-3.529900e-03	1.179662e+01
4.912000e-05	-1.179088e-03	1.173411e+01
4.913000e-05	-9.160250e-04	1.165735e+01
4.914000e-05	-2.886963e-03	1.155404e+01
4.915000e-05	-2.603025e-03	1.147883e+01
4.916000e-05	-2.449888e-03	1.132415e+01
4.917000e-05	-1.061175e-03	1.122925e+01
4.918000e-05	-3.558213e-03	1.110261e+01
4.919000e-05	-2.619313e-03	1.100669e+01
4.920000e-05	-3.641988e-03	1.094246e+01
4.921000e-05	-1.208150e-03	1.085723e+01
4.922000e-05	-1.546688e-03	1.072143e+01
4.923000e-05	-2.439425e-03	1.057714e+01
4.924000e-05	-2.547750e-03	1.042683e+01
4.925000e-05	-3.612463e-03	1.035101e+01
4.926000e-05	-2.306663e-03	1.019606e+01
4.927000e-05	-1.902100e-03	1.008831e+01
4.928000e-05	-2.024263e-03	9.952911e+00
4.929000e-05	-1.818813e-03	9.762920e+00
4.930000e-05	-2.465900e-03	9.606173e+00
4.931000e-05	-3.940400e-03	9.457808e+00
4.932000e-05	-4.411325e-03	9.311360e+00
4.933000e-05	-3.263663e-03	9.213525e+00
4.934000e-05	-2.188338e-03	9.046601e+00
4.935000e-05	-1.266862e-03	8.829208e+00
4.936000e-05	-2.222188e-03	8.647183e+00
4.937000e-05	-2.240675e-03	8.549864e+00
4.938000e-05	-4.469625e-03	8.382424e+00
4.939000e-05	-3.504325e-03	8.163478e+00
4.940000e-05	-5.528925e-03	8.013004e+00
4.941000e-05	-2.591675e-03	7.844705e+00
4.942000e-05	-3.601425e-03	7.616676e+00
4.943000e-05	-2.299475e-03	7.398631e+00
4.944000e-05	-2.624663e-03	7.205578e+00
4.945000e-05	-3.387700e-03	7.065686e+00
4.946000e-05	-3.696900e-03	6.846736e+00
4.947000e-05	-5.175925e-03	6.666235e+00
4.948000e-05	-3.492063e-03	6.415604e+00
4.949000e-05	-4.884425e-03	6.265089e+00
4.950000e-05	-2.942663e-03	6.094613e+00
4.951000e-05	-4.721375e-03	5.895636e+00
4.952000e-05	-2.691813e-03	5.591661e+00
4.953000e-05	-4.652513e-03	5.443584e+00
4.954000e-05	-3.630225e-03	5.193413e+00
4.955000e-05	-4.088700e-03	4.897301e+00
4.956000e-05	-3.689988e-03	4.696294e+00
4.957000e-05	-4.857938e-03	4.476173e+00
4.958000e-05	-5.557050e-03	4.317169e+00
4.959000e-05	-4.962788e-03	4.013114e+00
4.960000e-05	-4.507588e-03	3.823591e+00
4.961000e-05	-3.791113e-03	3.642543e+00
4.962000e-05	-4.617825e-03	3.434088e+00
4.963000e-05	-4.039563e-03	3.168459e+00
4.964000e-05	-4.301950e-03	2.968835e+00
4.965000e-05	-4.773000e-03	2.770410e+00
4.966000e-05	-5.825450e-03	2.465153e+00
4.967000e-05	-5.775138e-03	2.263599e+00
4.968000e-05	-4.434813e-03	2.052620e+00
4.969000e-05	-4.713063e-03	1.863050e+00
4.970000e-05	-5.137538e-03	1.600436e+00
4.971000e-05	-5.152600e-03	1.316835e+00
4.972000e-05	-4.177775e-03	1.136683e+00
4.973000e-05	-4.597388e-03	8.395000e-01
4.974000e-05	-4.872900e-03	5.809450e-01
4.975000e-05	-4.940750e-03	4.199175e-01
4.976000e-05	-3.689138e-03	1.577638e-01
4.977000e-05	-2.275225e-03	-7.421375e-02
4.978000e-05	4.718650e-03	-2.953400e-01
4.979000e-05	-4.961688e-03	-4.033125e-01
4.980000e-05	6.749625e-04	-7.058938e-01
4.981000e-05	-5.276838e-03	-9.167963e-01
4.982000e-05	-7.195625e-04	-1.139341e+00
4.983000e-05	-3.087363e-03	-1.338524e+00
4.984000e-05	9.822050e-03	-1.580073e+00
4.985000e-05	8.572899e-02	-1.739524e+00
4.986000e-05	-2.237626e-03	-2.013780e+00
4.987000e-05	-5.988307e-02	-2.391618e+00
4.988000e-05	-4.647245e-02	-2.656754e+00
4.989000e-05	-5.971446e-02	-2.804732e+00
4.990000e-05	-1.020180e-02	-3.014730e+00
4.991000e-05	1.521425e-01	-3.120119e+00
4.992000e-05	-1.702748e-01	-3.393574e+00
4.993000e-05	7.375470e-02	-3.601671e+00
4.994000e-05	9.639634e-02	-3.791491e+00
4.995000e-05	-1.289242e-01	-4.057379e+00
4.996000e-05	1.197372e-01	-4.278278e+00
4.997000e-05	-1.458772e-01	-4.484199e+00
4.998000e-05	-7.830877e-03	-4.690959e+00
4.999000e-05	1.279368e-01	-4.837880e+00
